Cluster,Step,Reward,Latency_P90,Latency_Avg,Replicas,CPU_Pct,RAM_Pct,Requests,Total_CPU,Total_RAM,Success,HPA_Target,Throughput,Enhancement,Forecast
C1,1,-0.04202904670702376,189.0,107.5,1,23.2,17.1875,148.0,58.0,22.0,1.0,50,2.0,0,0.0
C1,2,0.08295950684128203,138.9,83.3,1,21.6,17.1875,83.0,54.0,22.0,1.0,50,3.0,0,0.0
C1,3,0.006494573459556757,173.1,100.1,1,24.8,17.1875,104.0,62.0,22.0,1.0,50,3.0,0,0.0
C1,4,0.08243319105180835,139.1,81.0,1,21.6,17.1875,84.0,54.0,22.0,1.0,50,3.0,2,0.0
C1,5,0.05991040202116049,119.4,67.5,1,4.8,17.1875,67.0,12.0,22.0,1.0,50,1.0,2,0.0
C1,6,0.005804438334197554,157.4,92.39999999999999,1,15.2,17.1875,94.0,38.0,22.0,1.0,50,2.0,2,0.0
C1,7,0.060121525541479315,125.2,68.0,1,8.4,17.1875,79.0,21.0,22.0,1.0,50,1.0,0,0.0
C1,8,0.11407354656023724,122.39999999999999,73.5,1,18.8,17.1875,77.0,47.0,22.0,1.0,50,3.0,0,0.0
C1,9,-0.0704905165637264,175.5,94.8,1,8.8,17.1875,94.0,22.0,22.0,1.0,50,1.0,0,0.0
C1,10,0.4909858056206518,50.0,17.4,1,1.2,17.1875,8.0,3.0,22.0,1.0,50,1.0,1,0.0
C1,11,0.15204230150284906,98.4,54.699999999999996,1,13.2,17.1875,53.0,33.0,22.0,1.0,50,3.0,1,0.0
C1,12,0.757337347487159,17.8,17.4,1,2.0,17.1875,15.0,5.0,22.0,1.0,50,1.0,2,0.0
C1,13,-0.07283059567283282,181.79999999999998,101.8,1,12.0,17.1875,134.0,30.0,22.0,1.0,50,1.0,0,0.0
C1,14,0.05873383680261621,124.39999999999999,71.4,1,7.6,17.1875,78.0,19.0,22.0,1.0,50,1.0,1,0.0
C1,15,0.6485654176625977,32.4,25.6,1,2.0,17.1875,20.0,5.0,22.0,1.0,50,1.0,2,0.0
C1,16,-0.006491185876123767,160.70000000000002,92.0,1,14.4,17.1875,95.0,36.0,22.0,1.0,50,2.0,2,0.0
C1,17,-0.02037891903216324,191.5,107.7,1,30.4,17.1875,132.0,76.0,22.0,1.0,50,3.0,0,0.0
C1,18,0.10024099035144043,126.3,72.1,1,18.0,17.1875,72.0,45.0,22.0,1.0,50,3.0,0,0.0
C1,19,0.24179268369298584,55.5,42.7,1,8.0,17.1875,44.0,20.0,22.0,1.0,50,2.0,1,0.0
C1,20,0.06289975719749966,145.2,82.69999999999999,1,20.8,17.1875,83.0,52.0,22.0,1.0,50,3.0,0,0.0
C1,21,0.5686368980173747,43.6,34.3,1,6.4,17.1875,37.0,16.0,22.0,1.0,50,2.0,0,0.0
C1,22,0.10256861729232278,117.2,71.7,1,13.2,17.1875,77.0,33.0,22.0,1.0,50,2.0,2,0.0
C1,23,0.06904241682341539,142.2,84.2,1,20.4,17.1875,81.0,51.0,22.0,1.0,50,3.0,1,0.0
C1,24,0.15760876888260794,95.60000000000001,53.699999999999996,1,12.8,17.1875,59.0,32.0,22.0,1.0,50,3.0,0,0.0
C1,25,-0.07471962353231576,171.2,96.8,1,5.2,17.1875,91.0,13.0,22.0,1.0,50,1.0,1,0.0
C1,26,-0.02458097736238929,155.4,93.5,1,7.2,17.1875,91.0,18.0,22.0,1.0,50,1.0,2,0.0
C1,27,0.6987104359868719,17.7,17.4,1,4.0,17.1875,18.0,10.0,22.0,1.0,70,2.0,0,0.0
C1,28,-0.12193122081937852,186.6,104.6,1,23.6,17.1875,104.0,59.0,22.0,1.0,70,3.0,2,0.0
C1,29,-0.04153607330855802,141.8,81.60000000000001,1,13.6,17.1875,81.0,34.0,22.0,1.0,70,2.0,1,0.0
C1,30,-0.08243137840935755,187.5,104.7,1,33.2,17.1875,137.0,83.0,22.0,1.0,70,3.0,0,0.0
C1,31,-0.19358330765183446,197.6,112.3,1,12.0,17.1875,154.0,30.0,22.0,1.0,70,1.0,1,0.0
C1,32,0.49072702398422885,43.6,33.6,1,3.6,17.1875,30.0,9.0,22.0,1.0,70,1.0,0,0.0
C1,33,-0.09285186278224222,161.3,104.4,1,13.6,17.1875,90.0,34.0,22.0,1.0,70,2.0,1,0.0
C1,34,-0.020593138913186954,144.4,84.2,1,21.2,17.1875,89.0,53.0,22.0,1.0,70,3.0,0,0.0
C1,35,-0.12909575857981698,180.4,95.10000000000001,1,17.6,17.1875,91.0,44.0,22.0,1.0,70,2.0,0,0.0
C1,36,-0.22905817556326574,210.60000000000002,117.5,1,11.6,17.1875,162.0,29.0,22.0,1.0,70,1.0,0,0.0
C1,37,-0.002665606310466695,131.8,75.89999999999999,1,17.2,17.1875,75.0,43.0,22.0,1.0,70,3.0,0,0.0
C1,38,0.039165310480560156,113.19999999999999,63.0,1,15.2,17.1875,62.0,38.0,22.0,1.0,70,3.0,2,0.0
C1,39,-0.0009002808264235718,123.89999999999999,69.7,1,11.6,17.1875,79.0,29.0,22.0,1.0,70,2.0,2,0.0
C1,40,-0.037529985511859904,141.3,81.5,1,14.4,17.1875,88.0,36.0,22.0,1.0,70,2.0,1,0.0
C1,41,-0.07555738935494616,166.5,93.7,1,22.0,17.1875,97.0,55.0,22.0,1.0,70,3.0,2,0.0
C1,42,0.1693845328821231,54.699999999999996,43.1,1,7.6,17.1875,44.0,19.0,22.0,1.0,70,2.0,2,0.0
C1,43,-0.16252440320315814,183.0,105.89999999999999,1,9.6,17.1875,111.0,24.0,22.0,1.0,70,1.0,1,0.0
C1,44,-0.18951816684386508,195.1,102.7,1,11.2,17.96875,134.0,28.0,23.0,1.0,70,1.0,2,0.0
C1,45,0.031405229468958795,105.1,69.8,1,5.6,17.1875,75.0,14.0,22.0,1.0,70,1.0,2,0.0
C1,46,-0.11039335216128404,164.1,95.10000000000001,1,10.4,17.1875,125.0,26.0,22.0,1.0,70,1.0,0,0.0
C1,47,-0.15757829691380287,193.5,102.2,1,19.2,17.1875,124.0,48.0,22.0,1.0,70,2.0,0,0.0
C1,48,0.5992968135838774,32.4,25.4,1,7.6,17.1875,29.0,19.0,22.0,1.0,70,3.0,2,0.0
C1,49,-0.11960366295861175,188.9,107.30000000000001,1,25.6,17.1875,104.0,64.0,22.0,1.0,70,3.0,0,0.0
C1,50,0.16988919285778692,59.0,44.4,1,11.6,17.1875,45.0,29.0,22.0,1.0,70,3.0,0,0.0
C1,51,-0.11787751423896409,187.6,102.5,1,25.2,17.1875,107.0,63.0,22.0,1.0,70,3.0,1,0.0
C1,52,-0.018344563477503073,124.39999999999999,74.80000000000001,1,6.0,17.1875,71.0,15.0,22.0,1.0,70,1.0,1,0.0
C1,53,-0.17451816684386506,189.4,104.1,1,11.2,17.1875,148.0,28.0,22.0,1.0,70,1.0,0,0.0
C1,54,0.06460664783871588,97.60000000000001,65.10000000000001,1,10.4,17.1875,70.0,26.0,22.0,1.0,70,2.0,1,0.0
C1,55,-0.13408335667105387,169.6,95.5,1,7.2,17.1875,109.0,18.0,22.0,1.0,70,1.0,1,0.0
C1,56,-0.13837118398033404,191.6,109.3,1,22.8,17.1875,134.0,57.0,22.0,1.0,70,2.0,2,0.0
C1,57,0.15583903107139147,60.699999999999996,42.2,1,8.4,17.1875,45.0,21.0,22.0,1.0,70,2.0,0,0.0
C1,58,0.5037512802635942,41.9,33.2,1,2.8,17.1875,31.0,7.0,22.0,1.0,70,1.0,0,0.0
C1,59,-0.1334550799946772,181.5,103.8,1,17.2,17.1875,103.0,43.0,22.0,1.0,70,2.0,1,0.0
C1,60,-0.10140539146056796,180.7,98.19999999999999,1,24.8,17.1875,104.0,62.0,22.0,1.0,70,3.0,1,0.0
C1,61,-0.015792780702183373,186.4,103.5,1,48.0,17.1875,611.0,120.0,22.0,1.0,70,1.0,2,0.0
C1,62,-0.031129924349070914,176.9,102.9,1,38.4,17.1875,258.0,96.0,22.0,1.0,70,2.0,1,0.0
C1,63,0.12792096230266142,66.9,46.6,1,4.0,17.1875,43.0,10.0,22.0,1.0,70,1.0,1,0.0
C1,64,-0.131502770249167,191.5,108.7,1,24.4,17.1875,106.0,61.0,22.0,1.0,70,3.0,0,0.0
C1,65,0.04219917824515111,114.2,63.1,1,16.8,17.1875,69.0,42.0,22.0,1.0,70,3.0,1,0.0
C1,66,-0.03540196256861319,171.0,91.6,1,14.0,17.1875,93.0,35.0,22.0,1.0,50,2.0,1,0.0
C1,67,0.1788085637471763,89.6,52.8,1,14.0,17.1875,56.0,35.0,22.0,1.0,50,3.0,0,0.0
C1,68,0.050614077281770975,139.0,78.60000000000001,1,14.4,17.1875,83.0,36.0,22.0,1.0,50,2.0,2,0.0
C1,69,-0.08962503646849701,187.5,103.3,1,11.6,17.1875,137.0,29.0,22.0,1.0,50,1.0,1,0.0
C1,70,-0.05675221342236411,193.3,106.0,1,22.4,17.1875,140.0,56.0,22.0,1.0,50,2.0,0,0.0
C1,71,0.17206144598095136,84.0,53.3,1,9.2,17.1875,50.0,23.0,22.0,1.0,50,2.0,0,0.0
C1,72,0.563313759479716,44.6,34.5,1,7.2,17.1875,39.0,18.0,22.0,1.0,50,2.0,1,0.0
C1,73,0.1601740403697824,79.39999999999999,55.9,1,3.6,17.1875,60.0,9.0,22.0,1.0,50,1.0,1,0.0
C1,74,0.12820935013641752,110.2,62.7,1,14.8,17.1875,61.0,37.0,22.0,1.0,50,3.0,2,0.0
C1,75,-0.08573984740791007,179.29999999999998,102.5,1,7.6,17.1875,120.0,19.0,22.0,1.0,50,1.0,2,0.0
C1,76,-0.12626616112371475,194.70000000000002,106.0,1,27.6,17.1875,113.0,69.0,22.0,1.0,70,3.0,0,0.0
C1,77,-0.09205563480792528,181.7,103.2,1,27.6,17.1875,110.0,69.0,22.0,1.0,70,3.0,0,0.0
C1,78,0.06743270866276403,98.9,53.699999999999996,1,12.4,17.1875,51.0,31.0,22.0,1.0,70,3.0,1,0.0
C1,79,-0.0910981855710774,186.70000000000002,103.8,1,30.8,17.1875,134.0,77.0,22.0,1.0,70,3.0,0,0.0
C1,80,-0.10812209970605802,189.79999999999998,105.1,1,28.8,17.1875,132.0,72.0,22.0,1.0,70,3.0,2,0.0
C1,81,-0.20460387847707345,199.9,104.6,1,10.4,17.1875,124.0,26.0,22.0,1.0,70,1.0,0,0.0
C1,82,0.5844079336985093,32.599999999999994,26.0,1,2.4,17.1875,27.0,6.0,22.0,1.0,70,1.0,1,0.0
C1,83,0.15701611182949152,59.4,43.3,1,7.6,17.1875,43.0,19.0,22.0,1.0,70,2.0,1,0.0
C1,84,0.5980320135275318,32.800000000000004,26.1,1,8.4,17.1875,28.0,21.0,22.0,1.0,70,3.0,2,0.0
C1,85,0.08011298889650958,84.7,47.5,1,3.6,17.1875,44.0,9.0,22.0,1.0,70,1.0,2,0.0
C1,86,0.49919151544266366,44.6,34.8,1,10.0,17.1875,36.0,25.0,22.0,1.0,70,3.0,0,0.0
C1,87,0.14353404152808852,60.6,41.7,1,3.6,17.1875,44.0,9.0,22.0,1.0,70,1.0,0,0.0
C1,88,0.5835000194107378,32.599999999999994,26.0,1,2.0,17.1875,26.0,5.0,22.0,1.0,70,1.0,0,0.0
C1,89,0.18302770047029485,52.6,40.300000000000004,1,10.4,17.1875,42.0,26.0,22.0,1.0,70,3.0,0,0.0
C1,90,0.594288964802379,32.599999999999994,26.4,1,6.4,17.1875,29.0,16.0,22.0,1.0,70,2.0,2,0.0
C1,91,0.07355401625976853,94.2,53.8,1,10.4,17.1875,56.0,26.0,22.0,1.0,70,2.0,0,0.0
C1,92,0.5940336556891406,33.0,26.5,1,7.6,17.1875,26.0,19.0,22.0,1.0,70,3.0,0,0.0
C1,93,0.110289383355293,73.6,44.2,1,4.0,17.1875,41.0,10.0,22.0,1.0,70,1.0,0,0.0
C1,94,0.5888389995618397,32.2,25.3,1,2.8,17.1875,29.0,7.0,22.0,1.0,70,1.0,1,0.0
C1,95,0.1656216383712497,55.300000000000004,41.0,1,6.8,17.1875,42.0,17.0,22.0,1.0,70,2.0,0,0.0
C1,96,0.4991765411530191,44.2,35.1,1,8.8,17.1875,33.0,22.0,22.0,1.0,70,3.0,1,0.0
C1,97,0.16153306462054923,54.5,40.4,1,4.4,17.1875,44.0,11.0,22.0,1.0,70,1.0,2,0.0
C1,98,0.5885383040909031,32.9,25.4,1,5.2,17.1875,26.0,13.0,22.0,1.0,70,2.0,0,0.0
C1,99,0.1729442942292862,54.199999999999996,41.099999999999994,1,8.4,17.1875,45.0,21.0,22.0,1.0,70,2.0,2,0.0
C1,100,0.5058966494284207,43.7,34.8,1,9.6,17.1875,31.0,24.0,22.0,1.0,70,3.0,1,0.0
C1,101,0.07799563971658661,94.39999999999999,54.699999999999996,1,12.0,17.1875,52.0,30.0,22.0,1.0,70,3.0,0,0.0
C1,102,0.5853302276320151,32.599999999999994,27.5,1,2.8,17.1875,28.0,7.0,22.0,1.0,70,1.0,1,0.0
C1,103,0.15432351521229903,56.5,41.0,1,3.6,17.1875,44.0,9.0,22.0,1.0,70,1.0,0,0.0
C1,104,0.502805585513702,43.4,33.300000000000004,1,7.6,17.1875,31.0,19.0,22.0,1.0,70,3.0,1,0.0
C1,105,0.16625003896166718,50.9,42.3,1,2.4,17.1875,43.0,6.0,22.0,1.0,70,1.0,2,0.0
C1,106,0.1453761467912464,59.9,41.7,1,3.6,17.1875,41.0,9.0,22.0,1.0,70,1.0,0,0.0
C1,107,0.14827088363335167,58.8,43.4,1,3.6,17.1875,46.0,9.0,22.0,1.0,70,1.0,1,0.0
C1,108,0.5852851266809654,32.5,25.8,1,2.4,17.1875,27.0,6.0,22.0,1.0,70,1.0,1,0.0
C1,109,0.0649108486715968,94.39999999999999,52.6,1,7.6,17.1875,51.0,19.0,22.0,1.0,70,2.0,1,0.0
C1,110,0.5809442627197345,33.099999999999994,27.0,1,2.8,17.1875,27.0,7.0,22.0,1.0,70,1.0,0,0.0
C1,111,0.04161571228106202,106.80000000000001,62.6,1,10.8,17.1875,68.0,27.0,22.0,1.0,70,2.0,0,0.0
C1,112,0.48107790117721133,44.699999999999996,34.0,1,3.6,17.1875,36.0,9.0,22.0,1.0,70,1.0,2,0.0
C1,113,0.16442920157718757,60.6,43.5,1,11.2,17.1875,44.0,28.0,22.0,1.0,70,3.0,0,0.0
C1,114,0.48020070819475513,44.8,32.5,1,3.6,17.1875,31.0,9.0,22.0,1.0,70,1.0,1,0.0
C1,115,0.15932351521229904,54.6,41.0,1,3.6,17.1875,48.0,9.0,22.0,1.0,70,1.0,0,0.0
C1,116,0.473493213682936,45.900000000000006,36.5,1,4.8,17.1875,36.0,12.0,22.0,1.0,70,1.0,2,0.0
C1,117,0.14831777508644478,59.9,41.4,1,4.8,17.1875,45.0,12.0,22.0,1.0,70,1.0,0,0.0
C1,118,0.5056592794176633,44.0,34.4,1,10.4,17.1875,36.0,26.0,22.0,1.0,70,3.0,2,0.0
C1,119,0.136226638145281,67.3,48.099999999999994,1,7.6,17.1875,45.0,19.0,22.0,1.0,70,2.0,2,0.0
C1,120,0.584453034649559,32.7,25.2,1,2.8,17.1875,25.0,7.0,22.0,1.0,70,1.0,0,0.0
C1,121,-0.014236738160049861,189.70000000000002,106.6,1,50.8,17.1875,659.0,127.0,22.0,1.0,70,1.0,0,0.0
C1,122,-0.13943935709310334,181.60000000000002,103.0,1,15.6,17.1875,102.0,39.0,22.0,1.0,70,2.0,2,0.0
C1,123,0.16964769077685993,54.6,42.3,1,7.6,17.1875,43.0,19.0,22.0,1.0,70,2.0,0,0.0
C1,124,0.4862074206144713,43.9,33.9,1,2.8,17.1875,32.0,7.0,22.0,1.0,70,1.0,1,0.0
C1,125,0.1590603573175622,54.699999999999996,43.2,1,3.6,17.1875,42.0,9.0,22.0,1.0,70,1.0,0,0.0
C1,126,0.4949887698558302,43.8,34.2,1,6.0,17.1875,32.0,15.0,22.0,1.0,70,2.0,1,0.0
C1,127,0.10060475427606325,79.60000000000001,53.900000000000006,1,6.4,17.1875,50.0,16.0,22.0,1.0,70,2.0,2,0.0
C1,128,0.5791447758037724,33.2,25.6,1,2.4,17.1875,26.0,6.0,22.0,1.0,70,1.0,2,0.0
C1,129,0.15021727514686503,58.8,41.6,1,4.4,17.1875,42.0,11.0,22.0,1.0,70,1.0,2,0.0
C1,130,0.49072702398422885,43.6,32.4,1,3.6,17.1875,38.0,9.0,22.0,1.0,70,1.0,1,0.0
C1,131,0.07820034919210267,95.3,53.900000000000006,1,12.8,17.1875,52.0,32.0,22.0,1.0,70,3.0,1,0.0
C1,132,0.49668863545289527,42.6,32.800000000000004,1,2.4,17.1875,32.0,6.0,22.0,1.0,70,1.0,1,0.0
C1,133,0.05622663814528102,97.69999999999999,53.6,1,7.6,17.1875,55.0,19.0,22.0,1.0,70,2.0,2,0.0
C1,134,0.4921947031531693,44.0,33.300000000000004,1,5.6,17.1875,31.0,14.0,22.0,1.0,70,2.0,0,0.0
C1,135,0.18220616603237608,54.800000000000004,42.3,1,12.0,17.1875,46.0,30.0,22.0,1.0,70,3.0,1,0.0
C1,136,0.17214771761315528,59.6,42.8,1,12.8,17.1875,48.0,32.0,22.0,1.0,70,3.0,0,0.0
C1,137,0.19457458708500766,50.1,40.0,1,12.0,17.1875,48.0,30.0,22.0,1.0,70,3.0,0,0.0
C1,138,0.4828322871421236,44.5,35.4,1,3.6,17.1875,30.0,9.0,22.0,1.0,70,1.0,2,0.0
C1,139,0.06351049262685352,92.89999999999999,52.900000000000006,1,5.6,17.1875,53.0,14.0,22.0,1.0,70,1.0,0,0.0
C1,140,0.451179257867448,48.0,34.7,1,3.2,17.1875,31.0,8.0,22.0,1.0,70,1.0,0,0.0
C1,141,0.056457242907405114,98.9,54.6,1,8.8,17.1875,54.0,22.0,22.0,1.0,70,2.0,0,0.0
C1,142,0.48204376932020526,44.699999999999996,32.099999999999994,1,4.0,17.1875,39.0,10.0,22.0,1.0,70,1.0,2,0.0
C1,143,0.16646814022620798,60.3,43.1,1,11.6,17.1875,44.0,29.0,22.0,1.0,70,3.0,1,0.0
C1,144,0.4969025177146154,44.2,34.7,1,8.0,17.1875,31.0,20.0,22.0,1.0,70,3.0,2,0.0
C1,145,0.09115422501445591,92.39999999999999,52.2,1,14.4,17.1875,53.0,36.0,22.0,1.0,70,3.0,2,0.0
C1,146,0.49323438389091795,44.0,35.5,1,6.0,17.1875,32.0,15.0,22.0,1.0,70,2.0,0,0.0
C1,147,0.44257008510967893,49.2,39.199999999999996,1,4.0,17.1875,43.0,10.0,22.0,1.0,70,1.0,1,0.0
C1,148,0.4590739947095533,47.1,34.8,1,3.2,17.1875,34.0,8.0,22.0,1.0,70,1.0,1,0.0
C1,149,0.16670611701315668,55.300000000000004,40.5,1,7.2,17.1875,45.0,18.0,22.0,1.0,70,2.0,1,0.0
C1,150,0.6015407854573565,32.4,25.7,1,8.4,17.1875,29.0,21.0,22.0,1.0,70,3.0,1,0.0
C1,151,0.09614207157422192,80.5,56.7,1,5.6,17.1875,61.0,14.0,22.0,1.0,70,1.0,0,0.0
C1,152,0.5910370733320589,32.5,24.2,1,4.8,17.1875,28.0,12.0,22.0,1.0,70,2.0,2,0.0
C1,153,0.1621314886184509,53.900000000000006,39.300000000000004,1,4.0,17.1875,46.0,10.0,22.0,1.0,70,1.0,1,0.0
C1,154,0.5039200615742645,43.4,33.300000000000004,1,8.0,17.1875,34.0,20.0,22.0,1.0,70,3.0,0,0.0
C1,155,0.16094935403381322,55.1,40.599999999999994,1,4.8,17.1875,45.0,12.0,22.0,1.0,70,1.0,0,0.0
C1,156,0.5275691292473867,39.4,32.0,1,3.6,17.1875,37.0,9.0,22.0,1.0,70,1.0,0,0.0
C1,157,0.05741087550789216,103.2,56.599999999999994,1,12.8,17.1875,54.0,32.0,22.0,1.0,70,3.0,1,0.0
C1,158,0.6006635924749002,32.5,26.200000000000003,1,8.4,17.1875,28.0,21.0,22.0,1.0,70,3.0,1,0.0
C1,159,0.08274456784387801,83.7,47.4,1,3.6,17.1875,42.0,9.0,22.0,1.0,70,1.0,1,0.0
C1,160,0.5015106845161401,44.2,35.0,1,9.6,17.1875,35.0,24.0,22.0,1.0,70,3.0,2,0.0
C1,161,0.12793719129736583,76.39999999999999,45.0,1,12.8,17.1875,47.0,32.0,22.0,1.0,70,3.0,1,0.0
C1,162,0.5881841201973983,32.599999999999994,26.3,1,4.0,17.1875,24.0,10.0,22.0,1.0,70,2.0,2,0.0
C1,163,0.07747559679684186,91.80000000000001,52.699999999999996,1,9.6,17.1875,54.0,24.0,22.0,1.0,70,2.0,0,0.0
C1,164,0.4844079336985093,44.0,33.0,1,2.4,17.1875,30.0,6.0,22.0,1.0,70,1.0,1,0.0
C1,165,0.1579209623026614,55.5,41.4,1,4.0,17.1875,45.0,10.0,22.0,1.0,70,1.0,0,0.0
C1,166,0.1864487531018738,51.3,39.9,1,10.4,17.1875,40.0,26.0,22.0,1.0,70,3.0,2,0.0
C1,167,0.1088440908759185,74.89999999999999,43.3,1,4.8,17.1875,43.0,12.0,22.0,1.0,70,1.0,2,0.0
C1,168,0.5010511995487897,43.6,33.8,1,7.6,17.1875,30.0,19.0,22.0,1.0,70,3.0,1,0.0
C1,169,0.14148979604001785,65.3,51.0,1,7.6,17.1875,50.0,19.0,22.0,1.0,70,2.0,0,0.0
C1,170,0.5870846135969274,32.4,26.599999999999998,1,2.8,17.1875,27.0,7.0,22.0,1.0,70,1.0,0,0.0
C1,171,0.09425340037565251,90.2,52.5,1,13.6,17.1875,51.0,34.0,22.0,1.0,70,3.0,2,0.0
C1,172,0.5931564627066845,33.099999999999994,26.200000000000003,1,7.6,17.1875,27.0,19.0,22.0,1.0,70,3.0,1,0.0
C1,173,0.24765098918402895,60.699999999999996,41.6,1,12.4,17.1875,48.0,31.0,22.0,1.0,50,3.0,1,0.0
C1,174,0.5422845722142164,44.699999999999996,34.3,1,2.4,17.1875,30.0,6.0,22.0,1.0,50,1.0,1,0.0
C1,175,0.11870142909926311,97.69999999999999,56.800000000000004,1,5.2,17.1875,51.0,13.0,22.0,1.0,50,1.0,1,0.0
C1,176,0.24612958527448642,57.2,43.0,1,10.0,17.1875,43.0,25.0,22.0,1.0,50,3.0,1,0.0
C1,177,0.26370362076297627,54.6,43.7,1,12.4,17.1875,49.0,31.0,22.0,1.0,50,3.0,2,0.0
C1,178,0.5527962519411531,47.199999999999996,34.9,1,10.0,17.1875,35.0,25.0,22.0,1.0,50,3.0,2,0.0
C1,179,0.5074542616702833,49.8,38.800000000000004,1,4.8,17.1875,48.0,12.0,22.0,1.0,50,1.0,0,0.0
C1,180,0.5722979203273333,42.6,33.300000000000004,1,5.2,17.1875,31.0,13.0,22.0,1.0,50,2.0,2,0.0
C1,181,0.0271052631578948,187.70000000000002,104.89999999999999,1,41.2,17.1875,258.0,103.0,22.0,1.0,50,2.0,2,0.0
C1,182,-0.01603310431543789,180.4,103.9,1,24.0,17.1875,168.0,60.0,22.0,1.0,50,2.0,1,0.0
C1,183,0.21662857364472143,64.4,46.6,1,7.6,17.1875,50.0,19.0,22.0,1.0,50,2.0,0,0.0
C1,184,0.5711899771534934,43.9,34.0,1,7.6,17.1875,33.0,19.0,22.0,1.0,50,2.0,0,0.0
C1,185,0.2343320518572688,59.0,44.2,1,8.4,17.1875,46.0,21.0,22.0,1.0,50,2.0,1,0.0
C1,186,0.5756562046503171,45.0,34.3,1,10.8,17.1875,38.0,27.0,22.0,1.0,50,3.0,1,0.0
C1,187,0.1823456109878711,86.2,52.5,1,12.8,17.1875,51.0,32.0,22.0,1.0,50,3.0,2,0.0
C1,188,0.5799804261463827,42.7,33.6,1,7.2,17.1875,33.0,18.0,22.0,1.0,50,2.0,0,0.0
C1,189,0.24389794685088056,54.699999999999996,41.4,1,8.0,17.1875,45.0,20.0,22.0,1.0,50,2.0,2,0.0
C1,190,0.5320937229715001,46.800000000000004,35.8,1,4.4,17.1875,34.0,11.0,22.0,1.0,50,1.0,2,0.0
C1,191,0.1870037878873092,85.8,50.6,1,13.6,17.1875,55.0,34.0,22.0,1.0,50,3.0,2,0.0
C1,192,0.5860147838473206,39.9,33.7,1,2.8,17.1875,31.0,7.0,22.0,1.0,50,1.0,1,0.0
C1,193,0.25791414707876575,56.800000000000004,42.8,1,12.4,17.1875,48.0,31.0,22.0,1.0,50,3.0,2,0.0
C1,194,0.5669246367221492,43.6,33.9,1,6.0,17.1875,32.0,15.0,22.0,1.0,50,2.0,2,0.0
C1,195,0.2632220359061145,54.1,41.7,1,12.0,17.1875,47.0,30.0,22.0,1.0,50,3.0,2,0.0
C1,196,0.13563299734935805,88.1,45.5,1,3.2,17.1875,49.0,8.0,22.0,1.0,50,1.0,2,0.0
C1,197,0.14333193510662445,85.8,50.3,1,3.6,17.1875,55.0,9.0,22.0,1.0,50,1.0,2,0.0
C1,198,0.5994314227348745,39.699999999999996,32.2,1,5.6,17.1875,33.0,14.0,22.0,1.0,50,2.0,1,0.0
C1,199,0.1426673781731157,94.5,53.900000000000006,1,8.8,17.1875,53.0,22.0,22.0,1.0,50,2.0,0,0.0
C1,200,0.5525628219107614,43.9,33.2,1,3.2,17.1875,34.0,8.0,22.0,1.0,50,1.0,1,0.0
C1,201,0.13574565650726717,97.8,61.1,1,9.2,17.1875,61.0,23.0,22.0,1.0,50,2.0,2,0.0
C1,202,0.563313759479716,44.6,34.5,1,7.2,17.1875,38.0,18.0,22.0,1.0,50,2.0,0,0.0
C1,203,0.2493223319525556,58.7,43.8,1,11.6,17.1875,49.0,29.0,22.0,1.0,50,3.0,1,0.0
C1,204,0.5226301807206595,47.5,34.5,1,3.6,17.1875,35.0,9.0,22.0,1.0,50,1.0,2,0.0
C1,205,0.14108843080469463,95.10000000000001,56.5,1,8.8,17.1875,54.0,22.0,22.0,1.0,50,2.0,2,0.0
C1,206,0.21612881069079848,59.4,43.4,1,4.4,17.1875,47.0,11.0,22.0,1.0,50,1.0,0,0.0
C1,207,0.16964724412642362,77.7,50.6,1,4.8,17.1875,52.0,12.0,22.0,1.0,50,1.0,2,0.0
C1,208,0.5860884308046946,42.8,33.2,1,8.8,17.1875,35.0,22.0,22.0,1.0,50,3.0,0,0.0
C1,209,0.1274802266893977,105.0,61.3,1,11.6,17.1875,50.0,29.0,22.0,1.0,50,3.0,2,0.0
C1,210,0.4573936906508956,47.4,34.7,1,3.6,17.1875,33.0,9.0,22.0,1.0,70,1.0,1,0.0
C1,211,0.018011988301429444,109.8,62.7,1,5.2,17.1875,66.0,13.0,22.0,1.0,70,1.0,2,0.0
C1,212,0.5099852202656581,43.1,33.8,1,9.2,17.1875,35.0,23.0,22.0,1.0,70,3.0,2,0.0
C1,213,0.12327514619616625,69.8,50.7,1,5.2,17.1875,50.0,13.0,22.0,1.0,70,1.0,1,0.0
C1,214,0.4913175101707132,44.1,33.099999999999994,1,5.6,17.1875,35.0,14.0,22.0,1.0,70,2.0,2,0.0
C1,215,0.0916218214282841,91.2,52.8,1,13.6,17.1875,54.0,34.0,22.0,1.0,70,3.0,1,0.0
C1,216,0.1721406000662274,60.1,42.6,1,13.2,17.1875,46.0,33.0,22.0,1.0,70,3.0,0,0.0
C1,217,0.07093092711793145,93.39999999999999,52.5,1,8.8,17.1875,57.0,22.0,22.0,1.0,70,2.0,0,0.0
C1,218,0.5112648350880795,43.5,33.5,1,10.8,17.1875,39.0,27.0,22.0,1.0,70,3.0,2,0.0
C1,219,0.158463926691442,65.8,48.099999999999994,1,13.6,17.1875,50.0,34.0,22.0,1.0,70,3.0,1,0.0
C1,220,0.13053972656575227,101.8,46.9,1,10.4,17.1875,40.0,26.0,22.0,1.0,50,3.0,1,0.0
C1,221,0.08043671781063416,111.60000000000001,62.5,1,4.8,17.1875,62.0,12.0,22.0,1.0,50,1.0,0,0.0
C1,222,0.549054049980937,44.3,34.0,1,3.2,17.1875,35.0,8.0,22.0,1.0,50,1.0,0,0.0
C1,223,-0.018467206289716487,110.5,58.9,1,4.8,17.1875,56.0,12.0,22.0,1.0,90,1.0,1,0.0
C1,224,0.4129236402990513,48.800000000000004,36.4,1,3.2,17.1875,30.0,8.0,22.0,1.0,90,1.0,1,0.0
C1,225,0.009828067230028714,99.6,54.1,1,4.4,17.1875,54.0,11.0,22.0,1.0,90,1.0,0,0.0
C1,226,0.03715447775915054,93.10000000000001,53.5,1,12.8,17.1875,55.0,32.0,22.0,1.0,90,3.0,1,0.0
C1,227,0.03219605096413422,93.89999999999999,55.199999999999996,1,10.8,17.1875,52.0,27.0,22.0,1.0,90,3.0,2,0.0
C1,228,0.434073279918627,46.9,34.1,1,7.6,17.1875,39.0,19.0,22.0,1.0,90,2.0,1,0.0
C1,229,0.020638843797717327,98.5,62.300000000000004,1,11.2,17.1875,62.0,28.0,22.0,1.0,90,2.0,1,0.0
C1,230,0.14703170257362957,50.9,40.7,1,12.0,17.1875,47.0,30.0,22.0,1.0,90,3.0,0,0.0
C1,231,-0.02570097103859148,113.4,61.5,1,5.2,17.1875,69.0,13.0,22.0,1.0,90,1.0,2,0.0
C1,232,0.10956447201676578,64.5,43.2,1,10.8,17.1875,43.0,27.0,22.0,1.0,90,3.0,0,0.0
C1,233,-0.020644054625232167,114.4,63.0,1,11.6,17.1875,62.0,29.0,22.0,1.0,90,2.0,1,0.0
C1,234,0.022848583183967763,94.8,53.6,1,4.8,17.1875,52.0,12.0,22.0,1.0,90,1.0,2,0.0
C1,235,-0.01992955636924043,117.3,65.60000000000001,1,16.8,17.1875,62.0,42.0,22.0,1.0,90,3.0,0,0.0
C1,236,0.12302282034993284,60.699999999999996,44.3,1,13.2,17.1875,49.0,33.0,22.0,1.0,90,3.0,2,0.0
C1,237,0.02760576152731721,92.7,55.4,1,4.0,17.1875,53.0,10.0,22.0,1.0,90,1.0,2,0.0
C1,238,0.12035394570097631,60.400000000000006,44.0,1,10.8,17.1875,41.0,27.0,22.0,1.0,90,3.0,2,0.0
C1,239,0.03430158817637101,92.5,54.1,1,9.6,17.1875,57.0,24.0,22.0,1.0,90,2.0,1,0.0
C1,240,0.4497657455622092,44.6,33.4,1,3.2,17.1875,39.0,8.0,22.0,1.0,90,1.0,1,0.0
C1,241,-0.0785964404236153,188.1,104.4,1,54.4,17.1875,694.0,136.0,22.0,1.0,90,1.0,2,0.0
C1,242,-0.10834486754193634,182.7,103.3,1,44.4,17.1875,281.0,111.0,22.0,1.0,90,2.0,0,0.0
C1,243,-0.03538190307794423,118.6,62.7,1,8.8,17.1875,61.0,22.0,22.0,1.0,90,2.0,1,0.0
C1,244,0.11223415705378664,60.400000000000006,43.2,1,3.6,17.1875,43.0,9.0,22.0,1.0,90,1.0,0,0.0
C1,245,0.03363805686817828,90.7,54.800000000000004,1,4.8,17.1875,58.0,12.0,22.0,1.0,90,1.0,2,0.0
C1,246,0.011933330387923435,98.8,52.400000000000006,1,4.4,17.1875,52.0,11.0,22.0,1.0,90,1.0,2,0.0
C1,247,-0.015090079787852373,113.9,62.7,1,14.4,17.1875,62.0,36.0,22.0,1.0,90,3.0,2,0.0
C1,248,0.1188296295852941,61.400000000000006,44.6,1,11.6,17.1875,45.0,29.0,22.0,1.0,90,3.0,1,0.0
C1,249,0.0339842966535744,95.5,54.6,1,14.8,17.1875,58.0,37.0,22.0,1.0,90,3.0,1,0.0
C1,250,0.08377543565108135,71.5,43.1,1,4.4,17.1875,41.0,11.0,22.0,1.0,90,1.0,2,0.0
C1,251,-0.002025068304394806,106.5,60.199999999999996,1,10.0,17.1875,65.0,25.0,22.0,1.0,90,2.0,0,0.0
C1,252,0.5488481750909842,44.699999999999996,33.8,1,4.0,17.1875,36.0,10.0,22.0,1.0,50,1.0,2,0.0
C1,253,0.17455063790606537,84.4,53.400000000000006,1,10.0,17.1875,55.0,25.0,22.0,1.0,50,2.0,1,0.0
C1,254,0.23701614563294027,50.2,40.9,1,3.6,17.1875,40.0,9.0,22.0,1.0,50,1.0,1,0.0
C1,255,0.17756861729232276,88.7,52.2,1,13.2,17.1875,55.0,33.0,22.0,1.0,50,3.0,1,0.0
C1,256,0.1950496262763004,72.6,45.699999999999996,1,7.6,17.1875,46.0,19.0,22.0,1.0,50,2.0,1,0.0
C1,257,0.11013317712083943,101.6,52.3,1,5.6,17.1875,54.0,14.0,22.0,1.0,50,1.0,2,0.0
C1,258,0.5300764891540758,39.800000000000004,33.6,1,6.0,17.1875,35.0,15.0,22.0,1.0,70,2.0,1,0.0
C1,259,0.06577469394986861,95.8,59.3,1,9.2,17.1875,61.0,23.0,22.0,1.0,70,2.0,1,0.0
C1,260,0.49411157687337404,43.9,34.2,1,6.0,17.1875,35.0,15.0,22.0,1.0,70,2.0,0,0.0
C1,261,-0.03285797192946427,135.1,82.19999999999999,1,10.8,17.1875,70.0,27.0,22.0,1.0,70,2.0,0,0.0
C1,262,0.4901071757442103,45.5,33.4,1,9.6,17.1875,36.0,24.0,22.0,1.0,70,3.0,1,0.0
C1,263,0.08265780440792458,84.1,49.8,1,4.0,17.1875,54.0,10.0,22.0,1.0,70,1.0,0,0.0
C1,264,0.16799005942388132,54.4,41.8,1,6.8,17.1875,43.0,17.0,22.0,1.0,70,2.0,2,0.0
C1,265,0.06603785184460545,95.69999999999999,53.5,1,9.2,17.1875,56.0,23.0,22.0,1.0,70,2.0,0,0.0
C1,266,0.049260083702970414,101.2,55.300000000000004,1,8.4,17.1875,51.0,21.0,22.0,1.0,70,2.0,1,0.0
C1,267,0.042060780524556,107.1,62.300000000000004,1,11.2,17.1875,65.0,28.0,22.0,1.0,70,2.0,2,0.0
C1,268,0.6740779347219537,43.6,34.6,1,11.2,17.1875,36.0,28.0,22.0,1.0,30,3.0,0,0.0
C1,269,0.20160242016075297,100.2,56.099999999999994,1,5.6,17.1875,64.0,14.0,22.0,1.0,30,1.0,1,0.0
C1,270,0.6648479808069576,43.5,33.5,1,8.4,17.1875,34.0,21.0,22.0,1.0,30,3.0,1,0.0
C1,271,0.1334445254239109,126.1,76.5,1,5.6,17.1875,79.0,14.0,22.0,1.0,30,1.0,0,0.0
C1,272,0.24366045034502032,83.6,48.599999999999994,1,5.2,17.1875,56.0,13.0,22.0,1.0,30,1.0,2,0.0
C1,273,0.1640649314078767,123.5,77.89999999999999,1,12.0,17.1875,75.0,30.0,22.0,1.0,30,2.0,2,0.0
C1,274,0.08665465637088757,145.1,83.3,1,6.4,17.1875,87.0,16.0,22.0,1.0,30,1.0,0,0.0
C1,275,0.1370331039024131,137.1,82.69999999999999,1,14.8,17.1875,87.0,37.0,22.0,1.0,30,2.0,1,0.0
C1,276,0.1250796689723314,131.1,73.1,1,6.8,17.1875,74.0,17.0,22.0,1.0,30,1.0,0,0.0
C1,277,0.07661962317632356,150.7,90.2,1,7.6,17.1875,94.0,19.0,22.0,1.0,30,1.0,1,0.0
C1,278,0.2828074768634058,80.8,55.300000000000004,1,14.0,17.1875,60.0,35.0,22.0,1.0,30,3.0,0,0.0
C1,279,0.10689890858330175,136.8,79.69999999999999,1,6.0,17.1875,85.0,15.0,22.0,1.0,30,1.0,1,0.0
C1,280,0.16143335246050827,124.5,72.9,1,12.0,17.1875,71.0,30.0,22.0,1.0,30,2.0,0,0.0
C1,281,0.00736842105263158,195.20000000000002,106.80000000000001,1,24.4,17.1875,105.0,61.0,22.0,1.0,30,3.0,1,0.0
C1,282,0.19552660307516634,113.5,63.5,1,13.6,17.1875,65.0,34.0,22.0,1.0,30,3.0,2,0.0
C1,283,0.12559040798031185,139.6,82.10000000000001,1,13.2,17.1875,81.0,33.0,22.0,1.0,30,2.0,0,0.0
C1,284,0.22439561367364574,88.4,54.6,1,3.6,17.1875,50.0,9.0,22.0,1.0,30,1.0,0,0.0
C1,285,0.12760781876607294,127.7,70.6,1,5.2,17.1875,73.0,13.0,22.0,1.0,30,1.0,2,0.0
C1,286,0.24650678811293938,95.5,53.3,1,14.8,17.1875,59.0,37.0,22.0,1.0,30,3.0,1,0.0
C1,287,0.135441945805154,124.10000000000001,74.0,1,4.8,17.1875,74.0,12.0,22.0,1.0,30,1.0,1,0.0
C1,288,0.17517192136220536,116.1,65.9,1,9.6,17.1875,63.0,24.0,22.0,1.0,30,2.0,2,0.0
C1,289,0.10052631578947374,159.8,93.3,1,23.2,17.1875,98.0,58.0,22.0,1.0,30,3.0,0,0.0
C1,290,0.20824978628779442,112.9,63.3,1,17.6,17.1875,69.0,44.0,22.0,1.0,30,3.0,2,0.0
C1,291,0.00736842105263158,195.20000000000002,107.0,1,25.2,17.96875,103.0,63.0,23.0,1.0,30,3.0,1,0.0
C1,292,0.23748598403945562,95.60000000000001,52.699999999999996,1,12.0,17.1875,51.0,30.0,22.0,1.0,30,3.0,0,0.0
C1,293,0.2205458430529832,90.5,58.2,1,4.0,17.1875,50.0,10.0,22.0,1.0,30,1.0,1,0.0
C1,294,0.6651992569616476,43.8,34.1,1,9.2,17.1875,34.0,23.0,22.0,1.0,30,3.0,0,0.0
C1,295,0.2467577352788382,81.8,48.800000000000004,1,4.8,17.1875,51.0,12.0,22.0,1.0,30,1.0,2,0.0
C1,296,0.34962108096783673,50.9,42.6,1,10.4,17.1875,41.0,26.0,22.0,1.0,30,3.0,0,0.0
C1,297,0.16128848262689616,58.2,42.9,1,8.0,17.1875,49.0,20.0,22.0,1.0,70,2.0,1,0.0
C1,298,0.5130192210529918,43.3,33.099999999999994,1,10.8,17.1875,38.0,27.0,22.0,1.0,70,3.0,2,0.0
C1,299,0.09938453288212311,81.3,45.6,1,7.6,17.1875,48.0,19.0,22.0,1.0,70,2.0,2,0.0
C1,300,0.4958659628382863,43.7,33.300000000000004,1,6.0,17.1875,33.0,15.0,22.0,1.0,70,2.0,0,0.0
C1,301,0.02308409893938504,123.7,72.2,1,18.4,17.96875,71.0,46.0,23.0,1.0,70,3.0,1,0.0
C1,302,0.49251655280233475,44.699999999999996,33.4,1,8.0,17.1875,33.0,20.0,22.0,1.0,70,3.0,0,0.0
C1,303,0.042657804407924604,99.3,49.8,1,4.0,17.1875,46.0,10.0,22.0,1.0,70,1.0,0,0.0
C1,304,0.5108624132481143,43.0,33.099999999999994,1,9.2,17.1875,38.0,23.0,22.0,1.0,70,3.0,1,0.0
C1,305,0.17451655827038934,59.7,44.3,1,13.6,17.1875,49.0,34.0,22.0,1.0,70,3.0,0,0.0
C1,306,0.09109508603420793,90.39999999999999,53.3,1,12.8,17.1875,52.0,32.0,22.0,1.0,70,3.0,1,0.0
C1,307,0.06122663814528102,95.8,56.2,1,7.6,17.1875,53.0,19.0,22.0,1.0,70,2.0,0,0.0
C1,308,0.5015407854573564,43.8,33.5,1,8.4,17.1875,31.0,21.0,22.0,1.0,70,3.0,1,0.0
C1,309,0.14442986703358296,94.5,46.1,1,9.2,17.1875,48.0,23.0,22.0,1.0,50,2.0,1,0.0
C1,310,0.1801558647428739,77.60000000000001,45.400000000000006,1,7.2,17.1875,40.0,18.0,22.0,1.0,50,2.0,2,0.0
C1,311,0.12060326948501279,104.89999999999999,61.800000000000004,1,10.0,17.1875,61.0,25.0,22.0,1.0,50,2.0,2,0.0
C1,312,0.5919284263346947,39.6,33.8,1,3.6,17.1875,33.0,9.0,22.0,1.0,50,1.0,1,0.0
C1,313,0.145647841330953,92.7,54.199999999999996,1,8.4,17.1875,54.0,21.0,22.0,1.0,50,2.0,1,0.0
C1,314,0.5569487868230423,43.4,34.7,1,3.2,17.1875,33.0,8.0,22.0,1.0,50,1.0,1,0.0
C1,315,0.24591099922568985,54.6,42.1,1,8.4,17.1875,48.0,21.0,22.0,1.0,50,2.0,1,0.0
C1,316,0.24043671781063417,50.8,37.3,1,4.8,17.1875,48.0,12.0,22.0,1.0,50,1.0,1,0.0
C1,317,0.13432233195255558,102.4,64.69999999999999,1,11.6,17.1875,50.0,29.0,22.0,1.0,50,3.0,0,0.0
C1,318,0.5731156332611903,42.7,32.7,1,5.6,17.1875,31.0,14.0,22.0,1.0,50,2.0,0,0.0
C1,319,0.15524034782997637,96.5,53.1,1,12.8,17.1875,54.0,32.0,22.0,1.0,50,3.0,0,0.0
C1,320,0.5217529877382034,47.6,36.5,1,3.6,17.1875,33.0,9.0,22.0,1.0,50,1.0,1,0.0
C1,321,0.10184858724172302,106.7,70.6,1,6.8,17.1875,75.0,17.0,22.0,1.0,50,1.0,2,0.0
C1,322,0.25147860976179065,57.2,42.7,1,11.2,17.1875,41.0,28.0,22.0,1.0,50,3.0,1,0.0
C1,323,0.22648934938958154,56.099999999999994,41.0,1,4.8,17.1875,47.0,12.0,22.0,1.0,50,1.0,2,0.0
C1,324,0.5565084466431227,44.4,34.9,1,5.2,17.1875,31.0,13.0,22.0,1.0,50,2.0,2,0.0
C1,325,0.1111858086997868,101.2,53.400000000000006,1,5.6,17.1875,56.0,14.0,22.0,1.0,50,1.0,2,0.0
C1,326,0.26139274316922323,51.4,41.6,1,10.0,17.1875,41.0,25.0,22.0,1.0,50,3.0,1,0.0
C1,327,0.2582220359061145,56.0,41.8,1,12.0,17.1875,46.0,30.0,22.0,1.0,50,3.0,1,0.0
C1,328,0.5738158319458637,44.4,35.4,1,9.2,17.1875,36.0,23.0,22.0,1.0,50,3.0,0,0.0
C1,329,0.2306381214262398,65.8,44.2,1,11.6,17.1875,47.0,29.0,22.0,1.0,50,3.0,1,0.0
C1,330,0.5584972978980016,43.6,33.6,1,4.0,17.1875,32.0,10.0,22.0,1.0,50,1.0,1,0.0
C1,331,0.12687102785127105,115.5,63.5,1,17.6,17.1875,68.0,44.0,22.0,1.0,50,3.0,2,0.0
C1,332,0.5538768676957544,44.699999999999996,34.1,1,5.2,17.1875,32.0,13.0,22.0,1.0,50,2.0,0,0.0
C1,333,0.23971403204050268,64.4,44.1,1,12.8,17.1875,48.0,32.0,22.0,1.0,50,3.0,0,0.0
C1,334,0.5650496262763004,44.6,34.4,1,7.6,17.1875,37.0,19.0,22.0,1.0,50,2.0,2,0.0
C1,335,0.18885777044221308,70.4,45.199999999999996,1,4.8,17.1875,47.0,12.0,22.0,1.0,50,1.0,1,0.0
C1,336,0.5800134107762787,44.3,33.7,1,10.4,17.1875,39.0,26.0,22.0,1.0,50,3.0,2,0.0
C1,337,0.13512152554147933,96.69999999999999,54.5,1,8.4,17.1875,54.0,21.0,22.0,1.0,50,2.0,2,0.0
C1,338,0.5782017968581443,43.9,33.8,1,9.2,17.1875,33.0,23.0,22.0,1.0,50,3.0,1,0.0
C1,339,0.22100321000877532,63.4,44.8,1,8.0,17.1875,47.0,20.0,22.0,1.0,50,2.0,2,0.0
C1,340,0.5694197711555145,44.5,33.5,1,8.4,17.1875,38.0,21.0,22.0,1.0,50,2.0,1,0.0
C1,341,0.16888440676600697,92.0,53.199999999999996,1,13.2,17.1875,55.0,33.0,22.0,1.0,50,3.0,0,0.0
C1,342,0.5669752823839973,43.4,32.9,1,5.6,17.1875,31.0,14.0,22.0,1.0,50,2.0,0,0.0
C1,343,0.16585361485348288,91.1,53.8,1,12.0,17.1875,54.0,30.0,22.0,1.0,50,3.0,1,0.0
C1,344,0.5678018297046052,43.5,33.9,1,6.0,17.1875,30.0,15.0,22.0,1.0,50,2.0,1,0.0
C1,345,0.14133300804663151,89.1,44.8,1,5.2,17.1875,47.0,13.0,22.0,1.0,50,1.0,2,0.0
C1,346,0.2619062464324302,54.6,41.8,1,12.0,17.1875,47.0,30.0,22.0,1.0,50,3.0,1,0.0
C1,347,0.2555457260261342,57.7,43.1,1,12.4,17.1875,49.0,31.0,22.0,1.0,50,3.0,2,0.0
C1,348,0.55519440085813,43.6,32.7,1,3.2,17.1875,32.0,8.0,22.0,1.0,50,1.0,0,0.0
C1,349,0.12718221685343378,102.4,53.199999999999996,1,10.0,17.1875,55.0,25.0,22.0,1.0,50,2.0,0,0.0
C1,350,0.5651281260875503,44.0,34.8,1,6.4,17.1875,34.0,16.0,22.0,1.0,50,2.0,0,0.0
C1,351,0.14543719826451917,85.0,51.7,1,3.6,17.1875,54.0,9.0,22.0,1.0,50,1.0,2,0.0
C1,352,0.5616193541577257,44.4,34.1,1,6.4,17.1875,39.0,16.0,22.0,1.0,50,2.0,2,0.0
C1,353,0.21446221017870343,59.4,43.6,1,4.0,17.1875,47.0,10.0,22.0,1.0,50,1.0,2,0.0
C1,354,0.5476882246801416,43.9,31.9,1,2.0,17.1875,32.0,5.0,22.0,1.0,50,1.0,0,0.0
C1,355,0.13604744373969307,92.39999999999999,56.599999999999994,1,6.0,17.1875,57.0,15.0,22.0,1.0,50,1.0,2,0.0
C1,356,0.2308390999605109,59.0,41.4,1,7.6,17.1875,47.0,19.0,22.0,1.0,50,2.0,2,0.0
C1,357,0.264187716251029,55.1,42.4,1,12.8,17.1875,47.0,32.0,22.0,1.0,50,3.0,1,0.0
C1,358,0.5641909524621722,44.5,35.3,1,7.2,17.1875,38.0,18.0,22.0,1.0,50,2.0,2,0.0
C1,359,0.06671212448926046,118.1,63.4,1,5.6,17.1875,62.0,14.0,22.0,1.0,50,1.0,0,0.0
C1,360,0.557385639625579,44.3,33.2,1,5.2,17.1875,30.0,13.0,22.0,1.0,50,2.0,0,0.0
C1,361,-0.14731879477633114,202.7,109.3,1,7.6,17.1875,109.0,19.0,22.0,1.0,50,1.0,0,0.0
C1,362,0.5834788025625445,43.5,34.6,1,9.6,17.1875,33.0,24.0,22.0,1.0,50,3.0,0,0.0
C1,363,0.21148982984346656,59.9,40.7,1,3.6,17.1875,47.0,9.0,22.0,1.0,50,1.0,0,0.0
C1,364,0.2522507323871059,54.199999999999996,39.199999999999996,1,9.6,17.1875,42.0,24.0,22.0,1.0,50,3.0,2,0.0
C1,365,0.22094533842708441,62.1,40.099999999999994,1,7.2,17.1875,48.0,18.0,22.0,1.0,50,2.0,0,0.0
C1,366,0.583522182706103,43.9,34.3,1,10.4,17.1875,39.0,26.0,22.0,1.0,50,3.0,1,0.0
C1,367,0.12064784133095302,102.2,57.6,1,8.4,17.1875,59.0,21.0,22.0,1.0,50,2.0,1,0.0
C1,368,0.5515775491417121,44.2,35.2,1,3.6,17.1875,32.0,9.0,22.0,1.0,50,1.0,0,0.0
C1,369,0.2677943992354749,51.0,42.1,1,11.2,17.1875,47.0,28.0,22.0,1.0,50,3.0,1,0.0
C1,370,0.5617716045378596,43.8,33.9,1,5.2,17.1875,35.0,13.0,22.0,1.0,50,2.0,1,0.0
C1,371,0.11400882733939799,123.1,71.1,1,19.2,17.96875,77.0,48.0,23.0,1.0,50,3.0,2,0.0
C1,372,0.5218610675247967,47.4,34.0,1,3.2,17.1875,31.0,8.0,22.0,1.0,50,1.0,1,0.0
C1,373,0.5040235475329038,50.0,38.9,1,4.4,17.1875,49.0,11.0,22.0,1.0,50,1.0,2,0.0
C1,374,0.14747510261251595,83.6,43.6,1,3.2,17.1875,42.0,8.0,22.0,1.0,50,1.0,0,0.0
C1,375,0.24179268369298584,55.5,40.4,1,8.0,17.1875,47.0,20.0,22.0,1.0,50,2.0,1,0.0
C1,376,0.054217008294354635,124.8,73.2,1,6.8,17.1875,77.0,17.0,22.0,1.0,50,1.0,1,0.0
C1,377,-0.032979914191833826,180.29999999999998,103.1,1,20.0,17.1875,149.0,50.0,22.0,1.0,50,2.0,0,0.0
C1,378,-0.0014579974065332124,162.89999999999998,92.8,1,16.8,17.1875,99.0,42.0,22.0,1.0,50,2.0,0,0.0
C1,379,0.03795887801137768,139.7,77.5,1,12.0,17.1875,85.0,30.0,22.0,1.0,50,2.0,0,0.0
C1,380,0.24495057842982793,54.300000000000004,41.4,1,8.0,17.1875,45.0,20.0,22.0,1.0,50,2.0,0,0.0
C1,381,0.08427529631496625,138.4,83.7,1,21.6,17.1875,85.0,54.0,22.0,1.0,50,3.0,1,0.0
C1,382,-0.033036369195362764,160.6,87.3,1,8.4,17.1875,90.0,21.0,22.0,1.0,50,1.0,0,0.0
C1,383,-0.12295769849715085,202.9,108.60000000000001,1,13.2,17.1875,154.0,33.0,22.0,1.0,50,1.0,2,0.0
C1,384,0.05802286292965543,122.7,73.2,1,6.4,17.1875,74.0,16.0,22.0,1.0,50,1.0,1,0.0
C1,385,0.14411024778998727,106.89999999999999,62.1,1,16.4,17.1875,63.0,41.0,22.0,1.0,50,3.0,0,0.0
C1,386,0.0518199362730801,140.6,84.9,1,15.6,17.1875,88.0,39.0,22.0,1.0,50,2.0,2,0.0
C1,387,-0.008559857305455248,160.8,94.89999999999999,1,14.0,17.1875,98.0,35.0,22.0,1.0,50,2.0,1,0.0
C1,388,0.17125282781863854,91.1,53.400000000000006,1,13.2,17.1875,54.0,33.0,22.0,1.0,50,3.0,2,0.0
C1,389,-0.047062808702634185,142.9,83.0,1,12.8,17.1875,82.0,32.0,22.0,1.0,70,2.0,2,0.0
C1,390,0.17484401784947345,54.800000000000004,44.5,1,9.6,17.1875,49.0,24.0,22.0,1.0,70,2.0,0,0.0
C1,391,-0.06837859817631836,151.0,92.89999999999999,1,12.8,17.1875,90.0,32.0,22.0,1.0,70,2.0,0,0.0
C1,392,-0.18818546177757817,201.2,106.89999999999999,1,16.4,17.1875,107.0,41.0,22.0,1.0,70,2.0,0,0.0
C1,393,-0.06432821498131513,174.5,100.9,1,29.6,17.1875,129.0,74.0,22.0,1.0,70,3.0,2,0.0
C1,394,-0.185110807142213,193.89999999999998,108.2,1,11.6,17.1875,137.0,29.0,22.0,1.0,70,1.0,2,0.0
C1,395,-0.1494926950836521,178.5,100.9,1,10.0,17.1875,128.0,25.0,22.0,1.0,70,1.0,2,0.0
C1,396,-0.05700994057611869,139.9,70.4,1,6.8,17.1875,80.0,17.0,22.0,1.0,70,1.0,2,0.0
C1,397,-0.10043099320769769,156.4,88.1,1,6.8,17.1875,90.0,17.0,22.0,1.0,70,1.0,1,0.0
C1,398,-0.23922953718891532,212.60000000000002,111.3,1,10.0,17.1875,111.0,25.0,22.0,1.0,70,1.0,0,0.0
C1,399,-0.09162276033626623,184.2,105.89999999999999,1,29.2,17.1875,129.0,73.0,22.0,1.0,70,3.0,0,0.0
C1,400,-0.12268629444386223,183.79999999999998,105.30000000000001,1,21.6,17.1875,138.0,54.0,22.0,1.0,70,2.0,1,0.0
C1,401,-0.13905791343472024,180.4,96.10000000000001,1,14.8,17.1875,200.0,37.0,22.0,1.0,70,1.0,0,0.0
C1,402,-0.14942412682334527,176.7,100.1,1,8.4,17.1875,121.0,21.0,22.0,1.0,70,1.0,2,0.0
C1,403,-0.1820709360404718,197.8,107.80000000000001,1,15.6,17.1875,111.0,39.0,22.0,1.0,70,2.0,1,0.0
C1,404,-0.015449826635397845,123.30000000000001,69.0,1,6.0,17.1875,76.0,15.0,22.0,1.0,70,1.0,2,0.0
C1,405,0.09493282219763707,99.9,67.5,1,20.8,17.1875,80.0,52.0,22.0,1.0,70,3.0,0,0.0
C1,406,-0.05713257000468275,141.2,82.5,1,8.0,17.1875,82.0,20.0,22.0,1.0,70,1.0,0,0.0
C1,407,0.09767403340262897,87.9,52.900000000000006,1,12.8,17.1875,53.0,32.0,22.0,1.0,70,3.0,0,0.0
C1,408,-0.008288089003389343,125.3,69.6,1,10.4,17.1875,78.0,26.0,22.0,1.0,70,2.0,0,0.0
C1,409,-0.1746352486697545,193.39999999999998,104.89999999999999,1,14.4,17.1875,107.0,36.0,22.0,1.0,70,2.0,0,0.0
C1,410,-0.16777996910613274,195.1,108.8,1,17.6,17.1875,113.0,44.0,22.0,1.0,70,2.0,0,0.0
C1,411,0.014023857575128473,112.10000000000001,63.8,1,6.0,17.1875,68.0,15.0,22.0,1.0,70,1.0,0,0.0
C1,412,-0.04306845474156751,133.39999999999998,71.7,1,5.6,17.1875,71.0,14.0,22.0,1.0,70,1.0,1,0.0
C1,413,-0.02923269385908589,175.5,101.5,1,38.0,17.1875,165.0,95.0,22.0,1.0,70,3.0,0,0.0
C1,414,0.037394646513187774,101.3,54.800000000000004,1,4.0,17.1875,52.0,10.0,22.0,1.0,70,1.0,1,0.0
C1,415,0.1693114291902708,59.7,42.9,1,12.0,17.1875,48.0,30.0,22.0,1.0,70,3.0,1,0.0
C1,416,0.4548507868640649,47.800000000000004,32.7,1,4.0,17.1875,38.0,10.0,22.0,1.0,70,1.0,2,0.0
C1,417,0.02536406076921821,114.4,63.8,1,12.0,17.1875,64.0,30.0,22.0,1.0,70,2.0,0,0.0
C1,418,0.4916928921272228,43.6,32.599999999999994,1,4.0,17.1875,32.0,10.0,22.0,1.0,70,1.0,1,0.0
C1,419,0.18004245445526057,56.599999999999994,43.0,1,12.8,17.1875,47.0,32.0,22.0,1.0,70,3.0,0,0.0
C1,420,0.4580921442248251,47.0,33.0,1,2.4,17.1875,32.0,6.0,22.0,1.0,70,1.0,0,0.0
C1,421,-0.02631130413691668,144.2,82.69999999999999,1,19.6,17.1875,83.0,49.0,22.0,1.0,70,3.0,2,0.0
C1,422,0.485463866089492,44.2,32.2,1,3.6,17.1875,31.0,9.0,22.0,1.0,70,1.0,0,0.0
C1,423,0.11486492561309074,63.8,44.3,1,13.2,17.1875,48.0,33.0,22.0,1.0,90,3.0,2,0.0
C1,424,0.45353356696539215,44.900000000000006,34.8,1,9.2,17.1875,34.0,23.0,22.0,1.0,90,3.0,0,0.0
C1,425,0.050880698808976055,84.0,44.900000000000006,1,4.4,17.1875,47.0,11.0,22.0,1.0,90,1.0,1,0.0
C1,426,0.011891319864413705,102.7,55.5,1,12.8,17.1875,53.0,32.0,22.0,1.0,90,3.0,1,0.0
C1,427,0.11077151803275782,64.9,46.5,1,12.4,17.1875,50.0,31.0,22.0,1.0,90,3.0,1,0.0
C1,428,0.4537968784239945,44.1,32.4,1,2.8,17.1875,32.0,7.0,22.0,1.0,90,1.0,1,0.0
C1,429,0.10471102468521196,63.4,46.0,1,4.0,17.1875,50.0,10.0,22.0,1.0,90,1.0,2,0.0
C1,430,0.4564243493128037,44.2,32.7,1,6.4,17.1875,33.0,16.0,22.0,1.0,90,2.0,2,0.0
C1,431,-0.04483475508616011,128.20000000000002,72.2,1,18.8,17.1875,77.0,47.0,22.0,1.0,90,3.0,1,0.0
C1,432,0.42895087424757256,47.1,35.0,1,4.4,17.1875,30.0,11.0,22.0,1.0,90,2.0,0,0.0
C1,433,0.13382862323784522,54.300000000000004,41.4,1,8.8,17.1875,46.0,22.0,22.0,1.0,90,2.0,0,0.0
C1,434,0.5590986220645726,32.7,26.200000000000003,1,8.0,17.1875,28.0,20.0,22.0,1.0,90,3.0,1,0.0
C1,435,0.13692216131779528,53.900000000000006,41.7,1,10.4,17.1875,44.0,26.0,22.0,1.0,90,3.0,2,0.0
C1,436,0.45400927029924704,44.2,33.2,1,4.0,17.1875,37.0,10.0,22.0,1.0,90,1.0,2,0.0
C1,437,0.13492643941573484,55.5,43.1,1,12.0,17.1875,43.0,30.0,22.0,1.0,90,3.0,1,0.0
C1,438,0.557305650353819,32.300000000000004,25.7,1,2.8,17.1875,26.0,7.0,22.0,1.0,90,1.0,0,0.0
C1,439,0.12169147537666469,60.1,43.4,1,11.2,17.1875,46.0,28.0,22.0,1.0,90,3.0,0,0.0
C1,440,0.4622041561908448,43.8,34.9,1,8.4,17.96875,31.0,21.0,23.0,1.0,90,3.0,2,0.0
C1,441,0.03667000922900257,91.6,54.5,1,9.6,17.1875,54.0,24.0,22.0,1.0,90,2.0,1,0.0
C1,442,0.45255503338382724,44.900000000000006,34.2,1,8.4,17.1875,30.0,21.0,22.0,1.0,90,3.0,1,0.0
C1,443,0.06839523521152774,77.2,48.300000000000004,1,4.0,17.1875,44.0,10.0,22.0,1.0,90,1.0,1,0.0
C1,444,0.45871338222063884,43.5,33.5,1,2.4,17.1875,30.0,6.0,22.0,1.0,90,1.0,1,0.0
C1,445,0.12169147537666469,60.1,44.1,1,11.2,17.1875,46.0,28.0,22.0,1.0,90,3.0,0,0.0
C1,446,0.6610904707805818,44.6,34.8,1,10.0,17.1875,36.0,25.0,22.0,1.0,30,3.0,1,0.0
C1,447,0.3224062602542661,60.699999999999996,45.400000000000006,1,10.0,17.1875,43.0,25.0,22.0,1.0,30,3.0,2,0.0
C1,448,0.6511094348990913,44.0,33.8,1,6.0,17.1875,32.0,15.0,22.0,1.0,30,2.0,0,0.0
C1,449,0.3400909314660515,56.099999999999994,42.8,1,11.6,17.1875,47.0,29.0,22.0,1.0,30,3.0,0,0.0
C1,450,0.6661810266850956,43.0,33.6,1,7.6,17.1875,33.0,19.0,22.0,1.0,30,3.0,2,0.0
C1,451,0.11110943489909131,135.2,78.8,1,6.0,17.1875,81.0,15.0,22.0,1.0,30,1.0,1,0.0
C1,452,0.7299565871492317,33.5,26.1,1,2.8,17.1875,28.0,7.0,22.0,1.0,30,1.0,0,0.0
C1,453,0.21413245577890894,92.3,50.8,1,3.6,17.1875,48.0,9.0,22.0,1.0,30,1.0,2,0.0
C1,454,0.6747936454254071,41.300000000000004,33.2,1,6.0,17.1875,32.0,15.0,22.0,1.0,30,2.0,0,0.0
C1,455,0.2958576359999663,66.8,44.0,1,7.2,17.1875,43.0,18.0,22.0,1.0,30,2.0,1,0.0
C1,456,0.6395498976335676,44.0,32.9,1,3.2,17.1875,37.0,8.0,22.0,1.0,30,1.0,0,0.0
C1,457,0.1323442360996604,54.5,41.0,1,8.0,17.1875,48.0,20.0,22.0,1.0,90,2.0,2,0.0
C1,458,0.5582214290821165,32.800000000000004,26.200000000000003,1,8.0,17.1875,28.0,20.0,22.0,1.0,90,3.0,1,0.0
C1,459,0.11198651797468732,62.6,44.1,1,8.8,17.1875,45.0,22.0,22.0,1.0,90,2.0,0,0.0
C1,460,0.4538286698663821,44.4,34.5,1,5.6,17.1875,30.0,14.0,22.0,1.0,90,2.0,2,0.0
C1,461,-0.037016760512275704,117.7,66.9,1,5.2,17.1875,62.0,13.0,22.0,1.0,90,1.0,0,0.0
C1,462,0.4542990289614085,44.3,33.0,1,5.2,17.1875,31.0,13.0,22.0,1.0,90,2.0,0,0.0
C1,463,0.11834450706803781,60.0,43.9,1,8.4,17.1875,49.0,21.0,22.0,1.0,90,2.0,2,0.0
C1,464,0.45239732450957765,44.3,35.2,1,3.2,17.1875,33.0,8.0,22.0,1.0,90,1.0,2,0.0
C1,465,0.01644468336957615,96.8,43.5,1,3.6,17.1875,45.0,9.0,22.0,1.0,90,1.0,1,0.0
C1,466,0.46286471730459233,44.2,35.1,1,11.6,17.1875,38.0,29.0,22.0,1.0,90,3.0,1,0.0
C1,467,0.061880297462486605,81.10000000000001,47.300000000000004,1,7.6,17.1875,44.0,19.0,22.0,1.0,90,2.0,2,0.0
C1,468,0.5522548843343347,33.0,26.9,1,4.0,17.1875,29.0,10.0,22.0,1.0,90,1.0,2,0.0
C1,469,0.02898556062038135,93.60000000000001,46.699999999999996,1,7.6,17.1875,45.0,19.0,22.0,1.0,90,2.0,2,0.0
C1,470,0.45188327986080423,44.4,32.7,1,3.6,17.1875,31.0,9.0,22.0,1.0,90,1.0,0,0.0
C1,471,0.023216198683911407,99.1,53.900000000000006,1,14.0,17.1875,53.0,35.0,22.0,1.0,90,3.0,1,0.0
C1,472,0.45742511446591544,44.4,34.4,1,8.8,17.1875,30.0,22.0,22.0,1.0,90,3.0,1,0.0
C1,473,0.1212978338222315,60.900000000000006,44.8,1,12.4,17.1875,46.0,31.0,22.0,1.0,90,3.0,2,0.0
C1,474,0.45161308595815,44.699999999999996,36.4,1,6.0,17.1875,32.0,15.0,22.0,1.0,90,2.0,2,0.0
C1,475,0.09129783382223149,72.3,50.9,1,12.4,17.1875,50.0,31.0,22.0,1.0,90,3.0,1,0.0
C1,476,0.44450258766747236,45.199999999999996,33.9,1,3.2,17.1875,39.0,8.0,22.0,1.0,90,1.0,1,0.0
C1,477,0.18525168386291396,70.5,40.300000000000004,1,4.0,17.1875,47.0,10.0,22.0,1.0,50,1.0,1,0.0
C1,478,0.567669876675442,44.5,34.4,1,8.0,17.1875,33.0,20.0,22.0,1.0,50,3.0,0,0.0
C1,479,0.2570037878873092,59.2,42.0,1,13.6,17.1875,47.0,34.0,22.0,1.0,50,3.0,1,0.0
C1,480,0.5201066815598843,47.6,35.6,1,3.2,17.1875,30.0,8.0,22.0,1.0,50,1.0,1,0.0
C1,481,-0.00048564550083474156,176.8,91.5,2,72.4,16.796875,646.0,362.0,43.0,1.0,50,2.0,2,0.0
C1,482,0.0889965502333169,122.7,64.69999999999999,2,13.4,16.796875,312.0,67.0,43.0,1.0,50,1.0,2,0.0
C1,483,0.6011594019912014,39.6,30.8,2,5.8,16.796875,45.0,29.0,43.0,1.0,50,3.0,1,0.0
C1,484,0.5616857177806751,44.1,30.4,2,5.8,16.796875,45.0,29.0,43.0,1.0,50,3.0,2,0.0
C1,485,0.5295975585076174,46.800000000000004,32.0,2,3.8,16.796875,42.0,19.0,43.0,1.0,50,2.0,2,0.0
C1,486,0.6531463545504474,33.0,24.9,2,4.4,16.796875,37.0,22.0,43.0,1.0,50,2.0,1,0.0
C1,487,0.1898009832745355,78.8,47.0,1,12.0,17.1875,51.0,30.0,22.0,1.0,50,3.0,0,0.0
C1,488,0.5960507528983534,39.699999999999996,32.099999999999994,1,4.8,17.1875,30.0,12.0,22.0,1.0,50,2.0,2,0.0
C1,489,0.24241804732893196,54.6,41.2,1,7.6,17.1875,42.0,19.0,22.0,1.0,50,2.0,2,0.0
C1,490,0.5790789898406005,43.8,34.1,1,9.2,17.1875,34.0,23.0,22.0,1.0,50,3.0,2,0.0
C1,491,0.12369762130259435,104.4,65.4,1,10.4,17.1875,50.0,26.0,22.0,1.0,50,3.0,1,0.0
C1,492,0.6746930249283198,32.9,26.5,1,9.2,17.1875,29.0,23.0,22.0,1.0,50,3.0,2,0.0
C1,493,0.3074446344756728,56.2,40.9,1,3.2,17.1875,49.0,8.0,22.0,1.0,30,1.0,0,0.0
C1,494,0.6593664079297907,43.6,34.8,1,7.2,17.1875,30.0,18.0,22.0,1.0,30,3.0,1,0.0
C1,495,0.33007570900246647,52.6,42.3,1,6.4,17.1875,41.0,16.0,22.0,1.0,30,2.0,1,0.0
C1,496,0.260441945805154,76.6,42.2,1,4.8,17.1875,40.0,12.0,22.0,1.0,30,2.0,1,0.0
C1,497,0.33707905463998766,56.2,42.0,1,10.8,17.1875,45.0,27.0,22.0,1.0,30,3.0,2,0.0
C1,498,0.7546182068289158,32.2,26.8,1,6.0,17.1875,28.0,15.0,22.0,1.0,30,2.0,1,0.0
C1,499,0.3417012222823812,56.5,44.0,1,12.4,17.1875,49.0,31.0,22.0,1.0,30,3.0,1,0.0
C1,500,0.7335109465153065,32.9,26.1,1,2.4,17.1875,27.0,6.0,22.0,1.0,30,1.0,1,0.0
C1,501,0.023421052631578884,185.9,94.0,2,24.0,16.796875,207.0,120.0,43.0,1.0,30,2.0,0,0.0
C1,502,0.21815789473684213,115.1,61.199999999999996,2,23.2,16.796875,183.0,116.0,43.0,1.0,30,3.0,2,0.0
C1,503,0.2307274339793736,97.4,50.0,2,11.4,16.796875,85.0,57.0,43.0,1.0,30,3.0,1,0.0
C1,504,-0.013513866786082074,115.0,60.1,2,17.0,16.796875,125.0,85.0,43.0,1.0,90,3.0,2,0.0
C1,505,0.06218955932506662,82.0,42.2,2,9.8,16.796875,65.0,49.0,43.0,1.0,90,3.0,0,0.0
C1,506,-0.02145708948044653,112.10000000000001,58.5,2,6.0,16.796875,151.0,30.0,43.0,1.0,90,1.0,0,0.0
C1,507,-0.007912692493557971,110.0,56.0,2,12.4,16.796875,90.0,62.0,43.0,1.0,90,3.0,0,0.0
C1,508,-0.21709491681176585,189.29999999999998,105.6,1,17.2,17.1875,110.0,43.0,22.0,1.0,90,2.0,0,0.0
C1,509,-0.11997377453944377,161.1,94.39999999999999,1,24.0,17.1875,97.0,60.0,22.0,1.0,90,3.0,1,0.0
C1,510,0.11229486046836643,64.10000000000001,43.9,1,12.0,17.1875,48.0,30.0,22.0,1.0,90,3.0,0,0.0
C1,511,0.46124505857699066,43.7,33.300000000000004,1,6.8,17.1875,37.0,17.0,22.0,1.0,90,2.0,2,0.0
C1,512,0.036374093420753484,94.10000000000001,54.199999999999996,1,14.0,17.1875,54.0,35.0,22.0,1.0,90,3.0,2,0.0
C1,513,0.2231817131019985,97.3,51.9,1,9.2,17.1875,59.0,23.0,22.0,1.0,30,2.0,2,0.0
C1,514,0.18451653121318184,114.7,63.5,1,11.2,17.1875,64.0,28.0,22.0,1.0,30,2.0,2,0.0
C1,515,0.26747374305284316,73.3,51.8,1,4.4,17.1875,55.0,11.0,22.0,1.0,30,1.0,2,0.0
C1,516,0.1537410138464597,119.0,72.3,1,6.0,17.1875,72.0,15.0,22.0,1.0,30,1.0,2,0.0
C1,517,0.1124730271663277,144.1,83.6,1,12.8,17.1875,82.0,32.0,22.0,1.0,30,2.0,2,0.0
C1,518,0.22823360373930857,91.30000000000001,57.8,1,6.4,17.1875,62.0,16.0,22.0,1.0,30,1.0,1,0.0
C1,519,0.11218097216036124,135.4,76.89999999999999,1,6.4,17.1875,88.0,16.0,22.0,1.0,30,1.0,0,0.0
C1,520,0.24964698365206717,98.9,67.4,1,19.6,17.1875,80.0,49.0,22.0,1.0,30,3.0,2,0.0
C1,521,0.0368421052631579,184.0,102.9,1,26.4,17.1875,324.0,66.0,22.0,1.0,30,1.0,2,0.0
C1,522,0.04377474816189114,128.3,60.0,4,41.4,16.601562,543.0,414.0,85.0,1.0,30,3.0,0,0.0
C1,523,0.33245257253711297,54.5,37.699999999999996,4,8.3,16.601562,353.0,83.0,85.0,1.0,30,1.0,1,0.0
C1,524,0.35431922705617785,57.3,36.1,4,17.5,16.796875,402.0,175.0,86.0,1.0,30,2.0,0,0.0
C1,525,0.6134554553408151,48.7,33.300000000000004,4,6.9,16.601562,86.0,69.0,85.0,1.0,30,3.0,1,0.0
C1,526,0.3173861324045252,52.1,37.5,4,3.0,16.601562,123.0,30.0,85.0,1.0,30,1.0,1,0.0
C1,527,0.6036645821360314,49.5,31.9,4,6.2,16.601562,82.0,62.0,85.0,1.0,30,3.0,2,0.0
C1,528,0.638395637460138,43.3,29.6,3,3.4666667,16.666666,62.0,26.0,64.0,1.0,30,2.0,1,0.0
C1,529,0.3234991209591598,51.8,36.7,3,4.266667,16.666666,71.0,32.0,64.0,1.0,30,2.0,2,0.0
C1,530,0.15210526315789474,133.8,76.1,1,20.8,17.1875,86.0,52.0,22.0,1.0,30,3.0,0,0.0
C1,531,0.07018067075074927,164.20000000000002,93.8,1,16.4,17.1875,99.0,41.0,22.0,1.0,30,2.0,1,0.0
C1,532,0.011315789473684279,193.70000000000002,107.5,1,28.0,17.1875,112.0,70.0,22.0,1.0,30,3.0,1,0.0
C1,533,-0.02040596431630462,189.29999999999998,105.0,1,8.8,17.1875,144.0,22.0,22.0,1.0,30,1.0,1,0.0
C1,534,-0.06535230922314006,143.9,81.19999999999999,1,7.6,17.1875,84.0,19.0,22.0,1.0,70,1.0,0,0.0
C1,535,-0.10059349359183656,174.2,104.3,1,20.8,17.1875,101.0,52.0,22.0,1.0,70,3.0,2,0.0
C1,536,-0.1279402908342353,200.7,107.30000000000001,1,30.8,17.1875,131.0,77.0,22.0,1.0,70,3.0,1,0.0
C1,537,-0.041902531210262384,176.9,102.9,1,36.0,17.1875,152.0,90.0,22.0,1.0,70,3.0,0,0.0
C1,538,-0.09603540897580615,179.29999999999998,102.6,1,25.2,17.1875,110.0,63.0,22.0,1.0,70,3.0,0,0.0
C1,539,-0.10512997874808544,183.4,103.2,1,25.6,17.1875,114.0,64.0,22.0,1.0,70,3.0,2,0.0
C1,540,-0.003830116961728469,118.1,64.0,1,5.2,17.1875,62.0,13.0,22.0,1.0,70,1.0,2,0.0
C1,541,0.02526315789473682,188.4,103.4,1,72.8,17.1875,317.0,182.0,22.0,1.0,70,3.0,1,0.0
C1,542,-0.1360716424520732,173.4,97.60000000000001,1,10.0,17.1875,144.0,25.0,22.0,1.0,70,1.0,0,0.0
C1,543,0.02707123579479649,120.5,70.0,1,17.2,17.1875,77.0,43.0,22.0,1.0,70,3.0,0,0.0
C1,544,-0.06667921730497203,187.0,105.7,1,36.4,17.1875,158.0,91.0,22.0,1.0,70,3.0,1,0.0
C1,545,0.0258262385968515,112.8,65.5,1,10.8,17.1875,63.0,27.0,22.0,1.0,70,2.0,0,0.0
C1,546,0.011146546666203752,126.0,73.89999999999999,1,16.8,17.1875,74.0,42.0,22.0,1.0,70,3.0,0,0.0
C1,547,-0.01901454622341553,143.2,83.3,1,20.8,17.1875,81.0,52.0,22.0,1.0,70,3.0,0,0.0
C1,548,0.48613891884703536,45.3,34.7,1,7.6,17.1875,38.0,19.0,22.0,1.0,70,2.0,2,0.0
C1,549,0.06983843554077168,100.5,54.4,1,14.4,17.1875,55.0,36.0,22.0,1.0,70,3.0,0,0.0
C1,550,0.04132963348801112,116.2,65.60000000000001,1,18.0,17.1875,68.0,45.0,22.0,1.0,70,3.0,2,0.0
C1,551,-0.11814405072251527,176.8,101.7,1,18.0,17.1875,124.0,45.0,22.0,1.0,70,2.0,1,0.0
C1,552,-0.18549097888114108,196.0,106.0,1,13.2,17.1875,141.0,33.0,22.0,1.0,70,1.0,2,0.0
C1,553,-0.1275100534058891,196.5,108.60000000000001,1,28.4,17.1875,195.0,71.0,22.0,1.0,70,2.0,0,0.0
C1,554,-0.14355624319805066,183.7,101.8,1,16.0,17.1875,210.0,40.0,22.0,1.0,70,1.0,2,0.0
C1,555,0.06973684210526315,168.3,91.0,2,39.2,17.1875,173.0,98.0,22.0,1.0,30,3.0,1,0.0
C1,556,0.18550010727156663,113.8,60.199999999999996,2,10.8,16.796875,230.0,54.0,43.0,1.0,30,1.0,1,0.0
C1,557,0.19833856548759138,115.5,62.0,2,16.4,16.796875,129.0,82.0,43.0,1.0,30,3.0,0,0.0
C1,558,0.19756953924253148,110.0,57.5,2,11.4,16.796875,92.0,57.0,43.0,1.0,30,3.0,0,0.0
C1,559,0.254700351645022,86.7,48.5,2,10.2,16.796875,84.0,51.0,43.0,1.0,30,3.0,0,0.0
C1,560,0.14741033055823732,121.1,62.0,2,5.8,16.796875,115.0,29.0,43.0,1.0,30,1.0,0,0.0
C1,561,0.16363178501879078,113.69999999999999,59.7,2,5.0,16.796875,103.0,25.0,43.0,1.0,30,1.0,1,0.0
C1,562,0.1764876602804675,123.60000000000001,68.1,2,16.2,16.796875,129.0,81.0,43.0,1.0,30,3.0,2,0.0
C1,563,0.1722372908239451,107.89999999999999,48.300000000000004,2,3.4,16.796875,70.0,17.0,43.0,1.0,30,1.0,0,0.0
C1,564,0.1761207224869087,110.8,59.0,2,6.2,16.796875,118.0,31.0,43.0,1.0,30,1.0,1,0.0
C1,565,0.18946518995373288,116.5,61.6,2,14.2,16.796875,157.0,71.0,43.0,1.0,30,2.0,1,0.0
C1,566,0.30891600450837925,65.0,40.0,2,9.4,16.796875,69.0,47.0,43.0,1.0,30,3.0,0,0.0
C1,567,0.8321940299305151,18.0,17.2,1,1.0,16.796875,16.0,5.0,43.0,1.0,30,1.0,0,0.0
C1,568,0.8466688412521486,17.9,17.4,1,2.4,17.1875,18.0,6.0,22.0,1.0,30,1.0,1,0.0
C1,569,0.24465247212094346,82.60000000000001,57.0,1,4.8,17.1875,61.0,12.0,22.0,1.0,30,1.0,2,0.0
C1,570,0.1555263157894737,138.9,82.60000000000001,1,20.8,17.1875,83.0,52.0,22.0,1.0,30,3.0,0,0.0
C1,571,-0.018001443484155055,197.3,105.89999999999999,1,16.0,17.1875,115.0,40.0,22.0,1.0,30,2.0,1,0.0
C1,572,0.18745935251868312,114.1,65.0,1,11.6,17.1875,68.0,29.0,22.0,1.0,30,2.0,1,0.0
C1,573,0.27114356304499887,82.3,51.1,1,11.6,17.1875,52.0,29.0,22.0,1.0,30,3.0,0,0.0
C1,574,0.09505680332014385,141.3,85.5,1,6.0,17.1875,82.0,15.0,22.0,1.0,30,1.0,1,0.0
C1,575,0.0200378392016346,175.6,105.80000000000001,1,10.0,17.1875,117.0,25.0,22.0,1.0,30,1.0,2,0.0
C1,576,0.7383366826472593,33.5,26.0,1,4.8,17.1875,23.0,12.0,22.0,1.0,30,2.0,1,0.0
C1,577,0.18667083891937336,121.1,71.7,1,17.6,17.1875,78.0,44.0,22.0,1.0,30,3.0,2,0.0
C1,578,0.8583972924502834,17.6,17.5,1,5.2,17.1875,15.0,13.0,22.0,1.0,30,3.0,0,0.0
C1,579,0.021496460224433606,182.7,102.3,1,16.4,17.1875,109.0,41.0,22.0,1.0,30,2.0,2,0.0
C1,580,0.2490696433350128,91.7,53.3,1,12.4,17.1875,53.0,31.0,22.0,1.0,30,3.0,1,0.0
C1,581,0.2634213399172716,87.7,54.300000000000004,1,13.6,17.1875,56.0,34.0,22.0,1.0,30,3.0,1,0.0
C1,582,0.5361389188470354,39.6,33.2,1,7.6,17.1875,33.0,19.0,22.0,1.0,70,3.0,1,0.0
C1,583,0.07744685953922115,88.4,62.8,1,6.4,17.1875,70.0,16.0,22.0,1.0,70,1.0,2,0.0
C1,584,0.5969205437497473,32.300000000000004,25.6,1,6.4,17.1875,25.0,16.0,22.0,1.0,70,3.0,1,0.0
C1,585,-0.01255314046077885,122.6,71.9,1,6.4,17.1875,78.0,16.0,22.0,1.0,70,1.0,2,0.0
C1,586,-0.1198668208533486,189.0,104.5,1,25.6,17.1875,165.0,64.0,22.0,1.0,70,2.0,2,0.0
C1,587,-0.2145181668438651,204.6,112.5,1,11.2,17.1875,143.0,28.0,22.0,1.0,70,1.0,2,0.0
C1,588,-0.16042541291499235,185.0,101.7,1,12.0,17.1875,146.0,30.0,22.0,1.0,70,1.0,2,0.0
C1,589,0.5992968135838774,32.4,26.200000000000003,1,7.6,17.1875,26.0,19.0,22.0,1.0,70,3.0,0,0.0
C1,590,0.11390148567318081,72.6,51.4,1,4.4,17.1875,50.0,11.0,22.0,1.0,70,1.0,1,0.0
C1,591,0.017142028070535706,116.1,75.89999999999999,1,10.8,17.1875,70.0,27.0,22.0,1.0,70,2.0,1,0.0
C1,592,0.7016961988277453,17.5,17.3,1,5.2,17.1875,15.0,13.0,22.0,1.0,70,3.0,1,0.0
C1,593,-0.04824704606524527,137.4,80.9,1,7.6,17.1875,87.0,19.0,22.0,1.0,70,1.0,0,0.0
C1,594,0.7027210189426429,17.9,17.5,1,5.6,17.1875,17.0,14.0,22.0,1.0,70,3.0,0,0.0
C1,595,-0.08274212396103597,159.0,93.3,1,14.8,17.1875,96.0,37.0,22.0,1.0,70,2.0,0,0.0
C1,596,-0.16147177162421072,182.60000000000002,98.8,1,9.6,17.1875,128.0,24.0,22.0,1.0,70,1.0,1,0.0
C1,597,0.05608695869637026,107.30000000000001,61.5,1,15.6,17.1875,67.0,39.0,22.0,1.0,70,3.0,1,0.0
C1,598,0.007585696199496603,113.0,62.0,1,4.4,17.1875,63.0,11.0,22.0,1.0,70,1.0,2,0.0
C1,599,0.7006861961390762,17.9,17.5,1,4.8,17.1875,13.0,12.0,22.0,1.0,70,3.0,2,0.0
C1,600,0.6940263352002114,17.7,17.4,1,2.0,17.1875,12.0,5.0,22.0,1.0,70,1.0,2,0.0
C1,601,0.0052984948030695145,123.5,73.1,1,13.2,17.1875,79.0,33.0,22.0,1.0,70,2.0,1,0.0
C1,602,0.5800670697372783,33.2,25.3,1,2.8,17.1875,27.0,7.0,22.0,1.0,70,1.0,1,0.0
C1,603,-0.09312356761941917,164.0,94.0,1,15.6,17.1875,99.0,39.0,22.0,1.0,70,2.0,2,0.0
C1,604,0.587306927214942,32.7,27.0,1,4.0,17.1875,21.0,10.0,22.0,1.0,70,2.0,2,0.0
C1,605,0.16331024548936587,61.5,43.7,1,11.6,17.1875,46.0,29.0,22.0,1.0,70,3.0,2,0.0
C1,606,0.5826228264282816,32.7,27.0,1,2.0,17.1875,21.0,5.0,22.0,1.0,70,1.0,0,0.0
C1,607,0.1589014856731808,55.5,41.0,1,4.4,17.1875,49.0,11.0,22.0,1.0,70,1.0,0,0.0
C1,608,0.08644295911841984,85.8,49.0,1,7.2,17.1875,40.0,18.0,22.0,1.0,70,2.0,1,0.0
C1,609,-0.14634686303915656,193.39999999999998,104.1,1,22.0,17.1875,276.0,55.0,22.0,1.0,70,1.0,2,0.0
C1,610,-0.09277321130062585,183.29999999999998,103.4,1,28.4,17.1875,186.0,71.0,22.0,1.0,70,2.0,1,0.0
C1,611,-0.0647596564639222,180.10000000000002,102.5,1,32.8,17.1875,206.0,82.0,22.0,1.0,70,2.0,1,0.0
C1,612,-0.12867972518954834,183.10000000000002,103.3,1,19.6,17.1875,125.0,49.0,22.0,1.0,70,2.0,2,0.0
C1,613,-0.0448401196503973,133.3,77.0,1,4.8,17.1875,79.0,12.0,22.0,1.0,70,1.0,2,0.0
C1,614,-0.12654361046008838,173.6,95.2,1,13.2,17.1875,92.0,33.0,22.0,1.0,70,2.0,2,0.0
C1,615,-0.12104814624217983,180.2,91.6,1,19.6,17.1875,90.0,49.0,22.0,1.0,70,3.0,0,0.0
C1,616,-0.006612974731519339,133.3,91.30000000000001,1,17.2,17.1875,80.0,43.0,22.0,1.0,70,3.0,2,0.0
C1,617,-0.06725357776818236,158.6,83.8,1,18.8,17.1875,90.0,47.0,22.0,1.0,70,3.0,2,0.0
C1,618,0.6931327226609154,18.0,17.4,1,1.6,17.1875,14.0,4.0,22.0,1.0,70,1.0,1,0.0
C1,619,0.022764542575558003,113.5,61.9,1,10.4,17.1875,63.0,26.0,22.0,1.0,70,2.0,2,0.0
C1,620,0.6987104359868719,17.8,17.4,1,4.0,17.1875,12.0,10.0,22.0,1.0,70,3.0,2,0.0
C1,621,0.5919142663145149,32.4,25.0,1,4.8,17.1875,25.0,12.0,22.0,1.0,70,2.0,0,0.0
C1,622,0.594288964802379,32.599999999999994,26.5,1,6.4,17.1875,25.0,16.0,22.0,1.0,70,3.0,2,0.0
C1,623,-0.07550689697593874,183.5,101.5,1,32.4,17.1875,136.0,81.0,22.0,1.0,70,3.0,0,0.0
C1,624,0.7037606996803916,17.7,17.4,1,6.0,17.1875,17.0,15.0,22.0,1.0,70,3.0,2,0.0
C1,625,0.4290954344073689,50.0,17.4,1,1.2,17.1875,9.0,3.0,22.0,1.0,70,1.0,0,0.0
C1,626,-0.10053778982129655,179.10000000000002,99.4,1,24.0,17.96875,111.0,60.0,23.0,1.0,70,3.0,1,0.0
C1,627,0.2293840862316868,55.0,41.7,1,4.8,17.1875,49.0,12.0,22.0,1.0,50,1.0,1,0.0
C1,628,0.7605761873560926,17.9,17.6,1,2.8,17.1875,7.0,7.0,22.0,1.0,50,3.0,0,0.0
C1,629,0.7671814422697458,17.9,17.6,1,4.4,17.1875,12.0,11.0,22.0,1.0,50,3.0,0,0.0
C1,630,0.7541437003574938,17.6,17.4,1,1.2,17.1875,12.0,3.0,22.0,1.0,50,1.0,0,0.0
C1,631,-0.12363458425001533,193.70000000000002,105.39999999999999,1,7.6,17.1875,93.0,19.0,22.0,1.0,50,1.0,1,0.0
C1,632,0.16963536683467764,92.39999999999999,52.5,1,13.6,17.1875,55.0,34.0,22.0,1.0,50,3.0,0,0.0
C1,633,0.11507617911185113,97.8,54.199999999999996,1,4.4,17.1875,54.0,11.0,22.0,1.0,50,1.0,2,0.0
C1,634,0.5720533430853965,44.4,33.7,1,8.8,17.1875,33.0,22.0,22.0,1.0,50,3.0,2,0.0
C1,635,0.575562115015221,44.0,33.7,1,8.8,17.1875,35.0,22.0,22.0,1.0,50,3.0,2,0.0
C1,636,0.09706144598095137,112.5,63.4,1,9.2,17.1875,65.0,23.0,22.0,1.0,50,2.0,2,0.0
C1,637,0.12770775805921955,93.0,51.8,1,4.4,17.1875,59.0,11.0,22.0,1.0,50,1.0,1,0.0
C1,638,0.26374835169558813,53.900000000000006,41.8,1,12.0,17.1875,48.0,30.0,22.0,1.0,50,3.0,1,0.0
C1,639,0.032568617292322743,143.8,84.1,1,13.2,17.1875,85.0,33.0,22.0,1.0,50,2.0,2,0.0
C1,640,0.020913826905071015,149.60000000000002,85.7,1,14.0,17.1875,87.0,35.0,22.0,1.0,50,2.0,0,0.0
C1,641,0.14362124887127015,101.6,55.599999999999994,1,13.2,17.1875,55.0,33.0,22.0,1.0,50,3.0,2,0.0
C1,642,0.7739421805817983,17.6,17.3,1,6.0,17.1875,17.0,15.0,22.0,1.0,50,3.0,0,0.0
C1,643,0.5396556047855827,47.1,34.9,1,6.8,17.1875,34.0,17.0,22.0,1.0,50,2.0,2,0.0
C1,644,0.5755601220327073,43.8,33.7,1,8.4,17.1875,31.0,21.0,22.0,1.0,50,3.0,0,0.0
C1,645,0.7557347567600108,17.8,17.4,1,1.6,17.1875,8.0,4.0,22.0,1.0,50,2.0,2,0.0
C1,646,0.763858250896098,17.7,17.4,1,3.6,17.1875,16.0,9.0,22.0,1.0,50,2.0,1,0.0
C1,647,0.757337347487159,18.0,17.5,1,2.0,17.1875,17.0,5.0,22.0,1.0,50,1.0,0,0.0
C1,648,0.05684210526315796,173.2,91.5,2,42.8,16.796875,309.0,214.0,43.0,1.0,50,3.0,0,0.0
C1,649,0.5051218578879745,38.6,26.700000000000003,2,6.0,16.796875,39.0,30.0,43.0,1.0,90,3.0,0,0.0
C1,650,-0.016488159562181554,112.4,60.900000000000006,2,10.8,16.796875,113.0,54.0,43.0,1.0,90,2.0,2,0.0
C1,651,0.5557636562641594,32.599999999999994,21.5,2,4.0,16.796875,23.0,20.0,43.0,1.0,90,2.0,2,0.0
C1,652,0.6641844064673916,17.8,17.3,2,1.6,16.796875,11.0,8.0,43.0,1.0,90,2.0,0,0.0
C1,653,0.6552818045929953,17.9,17.3,1,1.0,16.796875,10.0,5.0,43.0,1.0,90,1.0,2,0.0
C1,654,0.5568762438528867,32.7,26.4,1,6.0,17.1875,29.0,15.0,22.0,1.0,90,2.0,2,0.0
C1,655,-0.016098785237084856,109.60000000000001,59.3,1,4.8,17.1875,63.0,12.0,22.0,1.0,90,1.0,0,0.0
C1,656,-0.004550229774067438,106.7,54.800000000000004,1,8.4,17.1875,51.0,21.0,22.0,1.0,90,2.0,2,0.0
C1,657,0.5559060964394023,32.5,25.9,1,3.2,17.1875,28.0,8.0,22.0,1.0,90,1.0,2,0.0
C1,658,0.6652003871959242,17.8,17.5,1,2.8,17.1875,11.0,7.0,22.0,1.0,90,2.0,0,0.0
C1,659,0.695856543421489,17.9,17.5,1,2.8,17.1875,13.0,7.0,22.0,1.0,70,2.0,0,0.0
C1,660,0.6977445678438781,17.7,17.3,1,3.6,17.1875,10.0,9.0,22.0,1.0,70,3.0,1,0.0
C1,661,-0.254366508466316,217.9,112.19999999999999,1,9.6,17.1875,103.0,24.0,22.0,1.0,70,1.0,0,0.0
C1,662,0.6940263352002114,19.599999999999998,17.7,1,2.0,17.1875,15.0,5.0,22.0,1.0,70,1.0,0,0.0
C1,663,0.692253329144211,18.1,17.5,1,1.2,17.1875,13.0,3.0,22.0,1.0,70,1.0,2,0.0
C1,664,0.695856543421489,17.5,17.3,1,2.8,17.1875,10.0,7.0,22.0,1.0,70,2.0,1,0.0
C1,665,0.692253329144211,17.5,17.3,1,1.2,17.1875,11.0,3.0,22.0,1.0,70,1.0,2,0.0
C1,666,0.5949887698558303,32.4,25.4,1,6.0,17.1875,21.0,15.0,22.0,1.0,70,3.0,2,0.0
C1,667,0.6949342494879829,18.599999999999998,17.4,1,2.4,17.1875,17.0,6.0,22.0,1.0,70,1.0,2,0.0
C1,668,0.6987104359868719,17.8,17.4,1,4.0,17.1875,10.0,10.0,22.0,1.0,70,3.0,1,0.0
C1,669,0.6949342494879829,18.1,17.5,1,2.4,17.1875,9.0,6.0,22.0,1.0,70,2.0,0,0.0
C1,670,0.695856543421489,17.8,17.4,1,2.8,17.1875,13.0,7.0,22.0,1.0,70,2.0,2,0.0
C1,671,0.5829209623026614,33.2,27.599999999999998,1,4.0,17.1875,24.0,10.0,22.0,1.0,70,2.0,0,0.0
C1,672,0.4290954344073689,50.0,17.3,1,1.2,17.1875,9.0,3.0,22.0,1.0,70,1.0,2,0.0
C1,673,0.7016961988277453,17.5,17.3,1,5.2,17.1875,14.0,13.0,22.0,1.0,70,3.0,0,0.0
C1,674,0.4290954344073689,50.0,17.4,1,1.2,17.1875,9.0,3.0,22.0,1.0,70,1.0,0,0.0
C1,675,0.6931327226609154,17.9,17.3,1,1.6,17.1875,12.0,4.0,22.0,1.0,70,1.0,0,0.0
C1,676,0.5957034750829938,32.2,26.200000000000003,1,5.6,17.1875,28.0,14.0,22.0,1.0,70,2.0,2,0.0
C1,677,0.6931327226609154,17.6,17.3,1,1.6,17.1875,11.0,4.0,22.0,1.0,70,1.0,1,0.0
C1,678,0.6996909593573912,17.7,17.3,1,4.4,17.1875,12.0,11.0,22.0,1.0,70,3.0,2,0.0
C1,679,0.4290954344073689,50.0,17.4,1,1.2,17.1875,9.0,3.0,22.0,1.0,70,1.0,1,0.0
C1,680,0.6940263352002114,17.9,17.3,1,2.0,17.1875,6.0,5.0,22.0,1.0,70,2.0,2,0.0
C1,681,0.6996909593573912,17.8,17.4,1,4.4,17.1875,18.0,11.0,22.0,1.0,70,2.0,2,0.0
C1,682,0.6931327226609154,18.1,17.4,1,1.6,17.1875,6.0,4.0,22.0,1.0,70,2.0,1,0.0
C1,683,0.6996909593573912,18.0,17.5,1,4.4,17.1875,13.0,11.0,22.0,1.0,70,3.0,2,0.0
C1,684,0.6949342494879829,18.0,17.3,1,2.4,17.1875,8.0,6.0,22.0,1.0,70,2.0,2,0.0
C1,685,0.6967932929551672,17.7,17.4,1,3.2,17.1875,13.0,8.0,22.0,1.0,70,2.0,1,0.0
C1,686,0.6967932929551672,17.6,17.4,1,3.2,17.1875,16.0,8.0,22.0,1.0,70,2.0,1,0.0
C1,687,0.6977445678438781,17.5,17.3,1,3.6,17.1875,10.0,9.0,22.0,1.0,70,3.0,0,0.0
C1,688,0.6931327226609154,18.0,17.3,1,1.6,17.1875,11.0,4.0,22.0,1.0,70,1.0,2,0.0
C1,689,0.8534405798950884,17.8,17.4,1,4.0,17.1875,12.0,10.0,22.0,1.0,30,3.0,2,0.0
C1,690,0.843222663187408,17.6,17.3,1,1.6,17.1875,7.0,4.0,22.0,1.0,30,2.0,1,0.0
C1,691,0.7442339991081213,33.2,26.599999999999998,1,5.6,17.1875,22.0,14.0,22.0,1.0,30,3.0,1,0.0
C1,692,0.8500762134230411,17.9,17.4,1,3.2,17.1875,9.0,8.0,22.0,1.0,30,3.0,0,0.0
C1,693,0.5783284365275949,50.0,17.3,1,1.2,17.1875,8.0,3.0,22.0,1.0,30,1.0,0,0.0
C1,694,0.8551053220002116,17.8,17.6,1,4.4,17.1875,11.0,11.0,22.0,1.0,30,3.0,1,0.0
C1,695,0.5765839711106497,50.0,17.4,1,0.8,17.1875,6.0,2.0,22.0,1.0,30,1.0,0,0.0
C1,696,0.843222663187408,17.8,17.4,1,1.6,17.1875,13.0,4.0,22.0,1.0,30,1.0,2,0.0
C1,697,0.8500762134230411,17.7,17.4,1,3.2,17.1875,13.0,8.0,22.0,1.0,30,2.0,1,0.0
C1,698,0.8449503405842116,17.9,17.5,1,2.0,17.1875,6.0,5.0,22.0,1.0,30,2.0,2,0.0
C1,699,0.8449503405842116,18.3,17.3,1,2.0,17.1875,8.0,5.0,22.0,1.0,30,2.0,2,0.0
C1,700,0.8483776397808107,17.7,17.3,1,2.8,17.1875,13.0,7.0,22.0,1.0,30,2.0,1,0.0
C1,701,0.7602436009122469,32.099999999999994,25.1,1,7.2,17.1875,25.0,18.0,22.0,1.0,30,3.0,1,0.0
C1,702,0.8449503405842116,18.8,17.5,1,2.0,17.1875,7.0,5.0,22.0,1.0,30,2.0,1,0.0
C1,703,0.8466688412521486,17.7,17.4,1,2.4,17.1875,11.0,6.0,22.0,1.0,30,2.0,1,0.0
C1,704,0.841486331264437,17.5,17.3,1,1.2,17.1875,10.0,3.0,22.0,1.0,30,1.0,2,0.0
C1,705,0.8551053220002116,17.6,17.3,1,4.4,17.1875,13.0,11.0,22.0,1.0,30,3.0,0,0.0
C1,706,0.7537410138464595,32.300000000000004,24.7,1,6.0,17.1875,20.0,15.0,22.0,1.0,30,3.0,1,0.0
C1,707,0.8517640347262774,17.6,17.4,1,3.6,17.1875,10.0,9.0,22.0,1.0,30,3.0,0,0.0
C1,708,0.5783284365275949,50.0,17.5,1,1.2,17.1875,7.0,3.0,22.0,1.0,30,1.0,0,0.0
C1,709,0.843222663187408,17.8,17.5,1,1.6,17.1875,12.0,4.0,22.0,1.0,30,1.0,0,0.0
C1,710,0.5765839711106497,50.0,17.5,1,0.8,17.1875,5.0,2.0,22.0,1.0,30,1.0,0,0.0
C1,711,0.8534405798950884,17.8,17.3,1,4.0,17.1875,18.0,10.0,22.0,1.0,30,2.0,1,0.0
C1,712,0.8449503405842116,18.4,17.6,1,2.0,17.1875,13.0,5.0,22.0,1.0,30,1.0,2,0.0
C1,713,0.5783284365275949,50.0,17.3,1,1.2,17.1875,7.0,3.0,22.0,1.0,30,1.0,1,0.0
C1,714,0.841486331264437,19.599999999999998,17.7,1,1.2,17.1875,6.0,3.0,22.0,1.0,30,2.0,2,0.0
C1,715,0.8483776397808107,17.6,17.4,1,2.8,17.1875,13.0,7.0,22.0,1.0,30,2.0,1,0.0
C1,716,0.8567577352788383,17.6,17.4,1,4.8,17.1875,15.0,12.0,22.0,1.0,30,3.0,1,0.0
C1,717,0.8449503405842116,17.7,17.4,1,2.0,17.1875,8.0,5.0,22.0,1.0,30,2.0,1,0.0
C1,718,0.8517640347262774,17.9,17.5,1,3.6,17.1875,10.0,9.0,22.0,1.0,30,3.0,2,0.0
C1,719,0.8466688412521486,18.2,17.6,1,2.4,17.1875,6.0,6.0,22.0,1.0,30,3.0,0,0.0
C1,720,0.8466688412521486,17.6,17.3,1,2.4,17.1875,7.0,6.0,22.0,1.0,30,3.0,1,0.0
C1,721,0.33722561463106376,53.400000000000006,41.2,1,8.8,17.1875,47.0,22.0,22.0,1.0,30,2.0,2,0.0
C1,722,0.8483776397808107,17.5,17.4,1,2.8,17.1875,10.0,7.0,22.0,1.0,30,2.0,0,0.0
C1,723,0.7401930412984572,33.099999999999994,26.200000000000003,1,4.4,17.1875,24.0,11.0,22.0,1.0,30,2.0,0,0.0
C1,724,0.8466688412521486,17.6,17.3,1,2.4,17.1875,6.0,6.0,22.0,1.0,30,3.0,0,0.0
C1,725,0.7622119447177791,17.8,17.4,1,3.2,17.1875,14.0,8.0,22.0,1.0,50,2.0,1,0.0
C1,726,0.7557347567600108,17.8,17.5,1,1.6,17.1875,12.0,4.0,22.0,1.0,50,1.0,0,0.0
C1,727,0.7557347567600108,17.7,17.4,1,1.6,17.1875,14.0,4.0,22.0,1.0,50,1.0,0,0.0
C1,728,0.7541437003574938,17.6,17.3,1,1.2,17.1875,5.0,3.0,22.0,1.0,50,2.0,0,0.0
C1,729,0.4909858056206518,50.0,17.4,1,1.2,17.1875,7.0,3.0,22.0,1.0,50,1.0,0,0.0
C1,730,0.758951238880883,17.9,17.5,1,2.4,17.1875,9.0,6.0,22.0,1.0,50,2.0,2,0.0
C1,731,0.7622119447177791,17.8,17.5,1,3.2,17.1875,13.0,8.0,22.0,1.0,50,2.0,0,0.0
C1,732,0.7605761873560926,17.8,17.5,1,2.8,17.1875,7.0,7.0,22.0,1.0,50,3.0,2,0.0
C1,733,0.758951238880883,17.9,17.4,1,2.4,17.1875,10.0,6.0,22.0,1.0,50,2.0,0,0.0
C1,734,0.4894065094559651,50.0,17.5,1,0.8,17.1875,7.0,2.0,22.0,1.0,50,1.0,0,0.0
C1,735,0.757337347487159,17.9,17.5,1,2.0,17.1875,5.0,5.0,22.0,1.0,50,3.0,1,0.0
C1,736,0.7655148417576507,17.6,17.3,1,4.0,17.1875,18.0,10.0,22.0,1.0,50,2.0,1,0.0
C1,737,0.763858250896098,17.9,17.4,1,3.6,17.1875,14.0,9.0,22.0,1.0,50,2.0,0,0.0
C1,738,0.09018585661409692,130.8,76.7,1,18.4,17.1875,73.0,46.0,22.0,1.0,50,3.0,2,0.0
C1,739,0.7655148417576507,18.1,17.6,1,4.0,17.1875,11.0,10.0,22.0,1.0,50,3.0,1,0.0
C1,740,0.1372507323871059,97.9,52.8,1,9.6,17.1875,57.0,24.0,22.0,1.0,50,2.0,2,0.0
C1,741,0.23525168386291395,51.5,43.8,1,4.0,17.1875,49.0,10.0,22.0,1.0,50,1.0,2,0.0
C1,742,0.7605761873560926,17.7,17.4,1,2.8,17.1875,12.0,7.0,22.0,1.0,50,2.0,0,0.0
C1,743,0.4894065094559651,50.0,17.6,1,0.8,17.1875,6.0,2.0,22.0,1.0,50,1.0,0,0.0
C1,744,0.6474182926192504,32.9,25.4,1,2.8,17.1875,29.0,7.0,22.0,1.0,50,1.0,1,0.0
C1,745,0.2180687772118876,57.4,42.0,1,3.6,17.1875,42.0,9.0,22.0,1.0,50,1.0,2,0.0
C1,746,-0.07123883577814519,177.8,106.6,1,10.0,17.1875,110.0,25.0,22.0,1.0,50,1.0,2,0.0
C1,747,0.757337347487159,18.1,17.5,1,2.0,17.1875,6.0,5.0,22.0,1.0,50,3.0,1,0.0
C1,748,0.7605761873560926,17.7,17.5,1,2.8,17.1875,8.0,7.0,22.0,1.0,50,3.0,0,0.0
C1,749,0.7739421805817983,17.9,17.5,1,6.0,17.1875,18.0,15.0,22.0,1.0,50,3.0,2,0.0
C1,750,0.7622119447177791,18.9,17.5,1,3.2,17.1875,9.0,8.0,22.0,1.0,50,3.0,1,0.0
C1,751,0.7739421805817983,17.9,17.6,1,6.0,17.1875,17.0,15.0,22.0,1.0,50,3.0,0,0.0
C1,752,0.09546588984236923,124.7,71.0,1,16.0,17.1875,71.0,40.0,22.0,1.0,50,3.0,0,0.0
C1,753,0.758951238880883,17.9,17.4,1,2.4,17.1875,10.0,6.0,22.0,1.0,50,2.0,1,0.0
C1,754,0.6482954856017067,32.800000000000004,27.599999999999998,1,2.8,17.1875,22.0,7.0,22.0,1.0,50,1.0,1,0.0
C1,755,0.757337347487159,17.8,17.5,1,2.0,17.1875,18.0,5.0,22.0,1.0,50,1.0,2,0.0
C1,756,0.7722384402787341,18.0,17.5,1,5.6,17.1875,16.0,14.0,22.0,1.0,50,3.0,2,0.0
C1,757,-0.08820731630701417,180.9,97.8,1,8.0,17.1875,99.0,20.0,22.0,1.0,50,1.0,0,0.0
C1,758,-0.15444745874997012,174.2,99.1,1,24.0,17.1875,98.0,60.0,22.0,1.0,90,3.0,0,0.0
C1,759,0.6645151185065423,18.2,17.6,1,2.0,17.1875,18.0,5.0,22.0,1.0,90,1.0,0,0.0
C1,760,0.6648537330978317,17.8,17.4,1,2.4,17.1875,11.0,6.0,22.0,1.0,90,2.0,0,0.0
C1,761,0.553828669866382,33.0,26.599999999999998,1,5.6,17.1875,20.0,14.0,22.0,1.0,90,3.0,2,0.0
C1,762,0.6645151185065423,17.9,17.4,1,2.0,17.1875,7.0,5.0,22.0,1.0,90,2.0,2,0.0
C1,763,0.6652003871959242,17.7,17.4,1,2.8,17.1875,12.0,7.0,22.0,1.0,90,2.0,0,0.0
C1,764,0.6652003871959242,17.9,17.3,1,2.8,17.1875,8.0,7.0,22.0,1.0,90,2.0,1,0.0
C1,765,0.40070356569969146,50.0,17.4,1,1.2,17.1875,9.0,3.0,22.0,1.0,90,1.0,0,0.0
C1,766,-0.21414552838450257,190.29999999999998,106.2,1,15.6,17.1875,190.0,39.0,22.0,1.0,90,1.0,2,0.0
C1,767,0.5487256448223319,33.2,26.3,1,2.0,17.1875,23.0,5.0,22.0,1.0,90,1.0,1,0.0
C1,768,0.6645151185065423,17.5,17.3,1,2.0,17.1875,6.0,5.0,22.0,1.0,90,2.0,1,0.0
C1,769,-0.1644367559780045,170.9,96.60000000000001,1,14.8,17.1875,91.0,37.0,22.0,1.0,90,2.0,0,0.0
C1,770,0.40070356569969146,50.0,17.4,1,1.2,17.1875,1.0,3.0,22.0,1.0,90,2.0,2,0.0
C1,771,0.6682797526248165,17.7,17.4,1,6.0,17.1875,17.0,15.0,22.0,1.0,90,3.0,1,0.0
C1,772,0.6641844064673916,17.4,17.2,1,1.6,17.1875,10.0,4.0,22.0,1.0,90,1.0,2,0.0
C1,773,0.6641844064673916,17.4,17.2,1,1.6,17.1875,5.0,4.0,22.0,1.0,90,2.0,2,0.0
C1,774,0.6645151185065423,17.6,17.2,1,2.0,17.1875,5.0,5.0,22.0,1.0,90,2.0,0,0.0
C1,775,0.4003882500542819,50.0,17.2,1,0.8,17.1875,5.0,2.0,22.0,1.0,90,1.0,0,0.0
C1,776,0.6641844064673916,18.0,17.5,1,1.6,17.1875,15.0,4.0,22.0,1.0,90,1.0,2,0.0
C1,777,0.6648537330978317,18.4,17.5,1,2.4,17.1875,7.0,6.0,22.0,1.0,90,3.0,0,0.0
C1,778,0.6638614604365336,17.5,17.3,1,1.2,17.1875,11.0,3.0,22.0,1.0,90,1.0,1,0.0
C1,779,0.4003882500542819,50.0,17.4,1,0.8,17.1875,3.0,2.0,22.0,1.0,90,2.0,1,0.0
C1,780,0.6652003871959242,18.2,17.4,1,2.8,17.1875,6.0,7.0,22.0,1.0,90,3.0,2,0.0
C1,781,0.02772008159298743,93.10000000000001,51.1,1,5.2,17.1875,57.0,13.0,22.0,1.0,90,1.0,1,0.0
C1,782,0.6659183675801024,18.2,17.5,1,3.6,17.1875,9.0,9.0,22.0,1.0,90,3.0,2,0.0
C1,783,0.6666701724931865,17.7,17.4,1,4.4,17.1875,13.0,11.0,22.0,1.0,90,3.0,0,0.0
C1,784,0.6655552192464198,18.0,17.7,1,3.2,17.1875,8.0,8.0,22.0,1.0,90,3.0,1,0.0
C1,785,0.6638614604365336,18.0,17.6,1,1.2,17.1875,10.0,3.0,22.0,1.0,90,1.0,1,0.0
C1,786,0.6666701724931865,17.7,17.5,1,4.4,17.1875,17.0,11.0,22.0,1.0,90,2.0,2,0.0
C1,787,0.6638614604365336,18.1,17.5,1,1.2,17.1875,6.0,3.0,22.0,1.0,90,2.0,1,0.0
C1,788,0.6641844064673916,17.5,17.3,1,1.6,17.1875,5.0,4.0,22.0,1.0,90,2.0,0,0.0
C1,789,0.40070356569969146,50.0,17.3,1,1.2,17.1875,8.0,3.0,22.0,1.0,90,1.0,0,0.0
C1,790,0.6645151185065423,17.8,17.3,1,2.0,17.1875,14.0,5.0,22.0,1.0,90,1.0,0,0.0
C1,791,0.5529514768839259,33.099999999999994,26.5,1,5.6,17.1875,20.0,14.0,22.0,1.0,90,3.0,2,0.0
C1,792,0.6645151185065423,17.6,17.4,1,2.0,17.1875,7.0,5.0,22.0,1.0,90,2.0,1,0.0
C1,793,0.6659183675801024,17.8,17.5,1,3.6,17.1875,14.0,9.0,22.0,1.0,90,2.0,0,0.0
C1,794,0.6652003871959242,17.9,17.4,1,2.8,17.1875,7.0,7.0,22.0,1.0,90,3.0,2,0.0
C1,795,0.6645151185065423,17.7,17.4,1,2.0,17.1875,8.0,5.0,22.0,1.0,90,2.0,0,0.0
C1,796,0.4213407380731173,47.800000000000004,34.8,1,2.8,17.1875,32.0,7.0,22.0,1.0,90,1.0,1,0.0
C1,797,0.6648537330978317,17.7,17.3,1,2.4,17.1875,6.0,6.0,22.0,1.0,90,3.0,0,0.0
C1,798,0.6641844064673916,17.9,17.4,1,1.6,17.1875,5.0,4.0,22.0,1.0,90,3.0,1,0.0
C1,799,0.763858250896098,17.8,17.6,1,3.6,17.1875,15.0,9.0,22.0,1.0,50,2.0,2,0.0
C1,800,0.7557347567600108,17.8,17.4,1,1.6,17.1875,4.0,4.0,22.0,1.0,50,3.0,2,0.0
C1,801,0.758951238880883,17.7,17.5,1,2.4,17.1875,19.0,6.0,22.0,1.0,50,1.0,1,0.0
C1,802,0.7655148417576507,17.8,17.4,1,4.0,17.1875,12.0,10.0,22.0,1.0,50,3.0,2,0.0
C1,803,0.7605761873560926,18.0,17.5,1,2.8,17.1875,7.0,7.0,22.0,1.0,50,3.0,1,0.0
C1,804,0.7541437003574938,17.4,17.3,1,1.2,17.1875,5.0,3.0,22.0,1.0,50,2.0,2,0.0
C1,805,0.7622119447177791,17.8,17.5,1,3.2,17.1875,14.0,8.0,22.0,1.0,50,2.0,1,0.0
C1,806,0.768857770442213,17.7,17.5,1,4.8,17.1875,19.0,12.0,22.0,1.0,50,2.0,0,0.0
C1,807,0.758951238880883,17.9,17.5,1,2.4,17.1875,7.0,6.0,22.0,1.0,50,3.0,0,0.0
C1,808,0.768857770442213,17.6,17.4,1,4.8,17.1875,14.0,12.0,22.0,1.0,50,3.0,2,0.0
C1,809,0.4909858056206518,50.0,17.4,1,1.2,17.1875,6.0,3.0,22.0,1.0,50,1.0,0,0.0
C1,810,0.7605761873560926,17.6,17.4,1,2.8,17.1875,6.0,7.0,22.0,1.0,50,3.0,1,0.0
C1,811,0.5627174195650202,43.5,33.099999999999994,1,4.8,17.1875,30.0,12.0,22.0,1.0,50,2.0,2,0.0
C1,812,0.7622119447177791,17.6,17.3,1,3.2,17.1875,10.0,8.0,22.0,1.0,50,3.0,0,0.0
C1,813,0.4909858056206518,50.0,17.3,1,1.2,17.1875,8.0,3.0,22.0,1.0,50,1.0,1,0.0
C1,814,0.757337347487159,18.3,17.6,1,2.0,17.1875,15.0,5.0,22.0,1.0,50,1.0,1,0.0
C1,815,0.758951238880883,17.9,17.4,1,2.4,17.1875,9.0,6.0,22.0,1.0,50,2.0,0,0.0
C1,816,0.7739421805817983,17.7,17.4,1,6.0,17.1875,18.0,15.0,22.0,1.0,50,3.0,0,0.0
C1,817,0.768857770442213,17.7,17.4,1,4.8,17.1875,14.0,12.0,22.0,1.0,50,3.0,1,0.0
C1,818,0.4894065094559651,50.0,17.3,1,0.8,17.1875,5.0,2.0,22.0,1.0,50,1.0,0,0.0
C1,819,0.758951238880883,17.9,17.4,1,2.4,17.1875,7.0,6.0,22.0,1.0,50,3.0,0,0.0
C1,820,0.7671814422697458,17.7,17.3,1,4.4,17.1875,12.0,11.0,22.0,1.0,50,3.0,0,0.0
C1,821,0.6460856339529932,32.5,25.4,1,1.6,17.1875,23.0,4.0,22.0,1.0,50,1.0,2,0.0
C1,822,0.49257686202316864,50.0,17.3,1,1.6,17.1875,5.0,4.0,22.0,1.0,50,1.0,2,0.0
C1,823,0.763858250896098,17.9,17.4,1,3.6,17.1875,16.0,9.0,22.0,1.0,50,2.0,1,0.0
C1,824,0.4909858056206518,50.0,17.5,1,1.2,17.1875,7.0,3.0,22.0,1.0,50,1.0,0,0.0
C1,825,0.4909858056206518,50.0,17.3,1,1.2,17.1875,9.0,3.0,22.0,1.0,50,1.0,0,0.0
C1,826,0.6573261595769797,33.099999999999994,26.599999999999998,1,5.6,17.1875,26.0,14.0,22.0,1.0,50,2.0,0,0.0
C1,827,0.7541437003574938,17.7,17.4,1,1.2,17.1875,5.0,3.0,22.0,1.0,50,2.0,2,0.0
C1,828,0.4909858056206518,50.0,17.4,1,1.2,17.1875,8.0,3.0,22.0,1.0,50,1.0,1,0.0
C1,829,0.768857770442213,17.8,17.4,1,4.8,17.1875,14.0,12.0,22.0,1.0,50,3.0,1,0.0
C1,830,0.757337347487159,18.0,17.4,1,2.0,17.1875,6.0,5.0,22.0,1.0,50,2.0,0,0.0
C1,831,0.7722384402787341,19.099999999999998,17.9,1,5.6,17.1875,16.0,14.0,22.0,1.0,50,3.0,2,0.0
C1,832,0.7655148417576507,17.8,17.5,1,4.0,17.1875,14.0,10.0,22.0,1.0,50,2.0,2,0.0
C1,833,0.7605761873560926,18.1,17.5,1,2.8,17.1875,7.0,7.0,22.0,1.0,50,3.0,0,0.0
C1,834,0.758951238880883,17.9,17.4,1,2.4,17.1875,5.0,6.0,22.0,1.0,50,3.0,1,0.0
C1,835,0.7671814422697458,18.0,17.5,1,4.4,17.1875,12.0,11.0,22.0,1.0,50,3.0,1,0.0
C1,836,0.7557347567600108,19.099999999999998,17.6,1,1.6,17.1875,14.0,4.0,22.0,1.0,50,1.0,1,0.0
C1,837,0.4894065094559651,50.0,17.7,1,0.8,17.1875,8.0,2.0,22.0,1.0,50,1.0,2,0.0
C1,838,0.7016961988277453,17.8,17.5,1,5.2,17.1875,15.0,13.0,22.0,1.0,70,3.0,2,0.0
C1,839,0.4290954344073689,50.0,17.4,1,1.2,17.1875,8.0,3.0,22.0,1.0,70,1.0,0,0.0
C1,840,0.4282301737168955,50.0,17.6,1,0.8,17.1875,4.0,2.0,22.0,1.0,70,1.0,1,0.0
C1,841,0.036315789473684246,184.2,102.7,1,63.6,17.96875,281.0,159.0,23.0,1.0,70,3.0,0,0.0
C1,842,-0.1213468630391567,183.9,104.5,1,22.0,17.1875,145.0,55.0,22.0,1.0,70,2.0,0,0.0
C1,843,0.4290954344073689,50.0,17.6,1,1.2,17.1875,8.0,3.0,22.0,1.0,70,1.0,1,0.0
C1,844,0.6977445678438781,17.8,17.4,1,3.6,17.1875,11.0,9.0,22.0,1.0,70,3.0,2,0.0
C1,845,0.4282301737168955,50.0,17.6,1,0.8,17.1875,6.0,2.0,22.0,1.0,70,1.0,2,0.0
C1,846,0.7037606996803916,17.7,17.4,1,6.0,17.1875,17.0,15.0,22.0,1.0,70,3.0,0,0.0
C1,847,0.6940263352002114,17.6,17.3,1,2.0,17.1875,11.0,5.0,22.0,1.0,70,1.0,0,0.0
C1,848,0.4290954344073689,50.0,17.3,1,1.2,17.1875,3.0,3.0,22.0,1.0,70,3.0,1,0.0
C1,849,0.4282301737168955,50.0,17.3,1,0.8,17.1875,5.0,2.0,22.0,1.0,70,1.0,0,0.0
C1,850,0.7016961988277453,17.7,17.4,1,5.2,17.1875,14.0,13.0,22.0,1.0,70,3.0,2,0.0
C1,851,0.7037606996803916,17.8,17.5,1,6.0,17.1875,17.0,15.0,22.0,1.0,70,3.0,2,0.0
C1,852,0.6931327226609154,18.599999999999998,17.6,1,1.6,17.1875,5.0,4.0,22.0,1.0,70,2.0,1,0.0
C1,853,0.695856543421489,17.9,17.5,1,2.8,17.1875,11.0,7.0,22.0,1.0,70,2.0,1,0.0
C1,854,0.6940263352002114,18.8,17.5,1,2.0,17.1875,5.0,5.0,22.0,1.0,70,3.0,1,0.0
C1,855,0.6931327226609154,17.8,17.5,1,1.6,17.1875,5.0,4.0,22.0,1.0,70,3.0,0,0.0
C1,856,0.7058847962659864,18.0,17.5,1,6.8,17.1875,19.0,17.0,22.0,1.0,70,3.0,1,0.0
C1,857,0.695856543421489,17.7,17.4,1,2.8,17.1875,8.0,7.0,22.0,1.0,70,3.0,2,0.0
C1,858,0.4290954344073689,50.0,17.3,1,1.2,17.1875,8.0,3.0,22.0,1.0,70,1.0,0,0.0
C1,859,0.6931327226609154,17.6,17.3,1,1.6,17.1875,10.0,4.0,22.0,1.0,70,1.0,1,0.0
C1,860,0.4282301737168955,50.0,17.4,1,0.8,17.1875,4.0,2.0,22.0,1.0,70,1.0,0,0.0
C1,861,0.6987104359868719,17.5,17.3,1,4.0,17.1875,17.0,10.0,22.0,1.0,70,2.0,1,0.0
C1,862,0.6931327226609154,18.2,17.5,1,1.6,17.1875,6.0,4.0,22.0,1.0,70,2.0,0,0.0
C1,863,0.6931327226609154,17.8,17.3,1,1.6,17.1875,7.0,4.0,22.0,1.0,70,2.0,0,0.0
C1,864,0.6940263352002114,17.8,17.4,1,2.0,17.1875,4.0,5.0,22.0,1.0,70,3.0,2,0.0
C1,865,0.695856543421489,17.7,17.4,1,2.8,17.1875,7.0,7.0,22.0,1.0,70,3.0,0,0.0
C1,866,0.7048152805918526,17.8,17.4,1,6.4,17.1875,18.0,16.0,22.0,1.0,70,3.0,2,0.0
C1,867,0.6931327226609154,17.7,17.4,1,1.6,17.1875,7.0,4.0,22.0,1.0,70,2.0,0,0.0
C1,868,0.4290954344073689,50.0,17.4,1,1.2,17.1875,9.0,3.0,22.0,1.0,70,1.0,2,0.0
C1,869,0.6949342494879829,17.9,17.3,1,2.4,17.1875,6.0,6.0,22.0,1.0,70,3.0,1,0.0
C1,870,0.4282301737168955,50.0,17.4,1,0.8,17.1875,3.0,2.0,22.0,1.0,70,1.0,0,0.0
C1,871,0.5992968135838774,32.4,26.200000000000003,1,7.6,17.1875,24.0,19.0,22.0,1.0,70,3.0,1,0.0
C1,872,0.4290954344073689,50.0,17.4,1,1.2,17.1875,6.0,3.0,22.0,1.0,70,1.0,2,0.0
C1,873,0.6949342494879829,17.6,17.3,1,2.4,17.1875,6.0,6.0,22.0,1.0,70,3.0,1,0.0
C1,874,0.695856543421489,17.7,17.4,1,2.8,17.1875,8.0,7.0,22.0,1.0,70,3.0,1,0.0
C1,875,0.692253329144211,17.7,17.3,1,1.2,17.1875,6.0,3.0,22.0,1.0,70,2.0,0,0.0
C1,876,0.6940263352002114,17.5,17.3,1,2.0,17.1875,13.0,5.0,22.0,1.0,70,1.0,1,0.0
C1,877,0.6931327226609154,17.4,17.3,1,1.6,17.1875,10.0,4.0,22.0,1.0,70,1.0,0,0.0
C1,878,0.4290954344073689,50.0,17.4,1,1.2,17.1875,9.0,3.0,22.0,1.0,70,1.0,1,0.0
C1,879,0.692253329144211,17.6,17.3,1,1.2,17.1875,5.0,3.0,22.0,1.0,70,2.0,2,0.0
C1,880,0.6931327226609154,19.0,17.5,1,1.6,17.1875,6.0,4.0,22.0,1.0,70,2.0,0,0.0
C1,881,0.6987104359868719,17.7,17.5,1,4.0,17.1875,17.0,10.0,22.0,1.0,70,2.0,0,0.0
C1,882,0.6931327226609154,17.8,17.5,1,1.6,17.1875,6.0,4.0,22.0,1.0,70,2.0,0,0.0
C1,883,0.6987104359868719,18.3,17.5,1,4.0,17.1875,12.0,10.0,22.0,1.0,70,3.0,2,0.0
C1,884,0.8483776397808107,17.9,17.5,1,2.8,17.1875,11.0,7.0,22.0,1.0,30,2.0,0,0.0
C1,885,0.6491990204405851,42.9,32.9,1,3.2,17.1875,33.0,8.0,22.0,1.0,30,1.0,1,0.0
C1,886,0.6586580020084087,45.199999999999996,34.9,1,10.8,17.1875,37.0,27.0,22.0,1.0,30,3.0,2,0.0
C1,887,0.3218849522658134,62.5,43.7,1,11.2,17.1875,42.0,28.0,22.0,1.0,30,3.0,1,0.0
C1,888,0.2595143600184288,81.19999999999999,45.900000000000006,1,7.6,17.1875,40.0,19.0,22.0,1.0,30,2.0,2,0.0
C1,889,0.7396512973924994,32.2,25.6,1,2.4,17.1875,22.0,6.0,22.0,1.0,30,1.0,2,0.0
C1,890,0.5765839711106497,50.0,17.4,1,0.8,17.1875,4.0,2.0,22.0,1.0,30,1.0,2,0.0
C1,891,0.8449503405842116,18.8,17.7,1,2.0,17.1875,12.0,5.0,22.0,1.0,30,1.0,2,0.0
C1,892,0.8449503405842116,17.8,17.4,1,2.0,17.1875,5.0,5.0,22.0,1.0,30,3.0,2,0.0
C1,893,0.8466688412521486,17.8,17.3,1,2.4,17.1875,6.0,6.0,22.0,1.0,30,3.0,1,0.0
C1,894,0.5765839711106497,50.0,17.3,1,0.8,17.1875,3.0,2.0,22.0,1.0,30,2.0,0,0.0
C1,895,0.8449503405842116,17.6,17.4,1,2.0,17.1875,6.0,5.0,22.0,1.0,30,3.0,2,0.0
C1,896,0.7525644041928072,17.6,17.2,1,0.8,17.1875,10.0,2.0,22.0,1.0,50,1.0,2,0.0
C1,897,0.7605761873560926,17.9,17.3,1,2.8,17.1875,12.0,7.0,22.0,1.0,50,2.0,2,0.0
C1,898,0.4894065094559651,50.0,17.3,1,0.8,17.1875,9.0,2.0,22.0,1.0,50,1.0,0,0.0
C1,899,0.7557347567600108,17.5,17.3,1,1.6,17.1875,6.0,4.0,22.0,1.0,50,2.0,2,0.0
C1,900,0.4909858056206518,50.0,17.3,1,1.2,17.1875,4.0,3.0,22.0,1.0,50,2.0,2,0.0
C1,901,0.15928748001132853,90.2,52.400000000000006,1,10.0,17.1875,54.0,25.0,22.0,1.0,50,2.0,0,0.0
C1,902,0.6669246367221491,32.2,25.9,1,6.0,17.1875,20.0,15.0,22.0,1.0,50,3.0,1,0.0
C1,903,0.763858250896098,17.6,17.3,1,3.6,17.1875,10.0,9.0,22.0,1.0,50,3.0,2,0.0
C1,904,0.7541437003574938,17.8,17.5,1,1.2,17.1875,5.0,3.0,22.0,1.0,50,2.0,2,0.0
C1,905,0.7557347567600108,17.6,17.3,1,1.6,17.1875,5.0,4.0,22.0,1.0,50,2.0,1,0.0
C1,906,0.770543534362421,17.6,17.3,1,5.2,17.1875,15.0,13.0,22.0,1.0,50,3.0,0,0.0
C1,907,0.757337347487159,18.0,17.4,1,2.0,17.1875,7.0,5.0,22.0,1.0,50,2.0,0,0.0
C1,908,0.758951238880883,17.9,17.5,1,2.4,17.1875,6.0,6.0,22.0,1.0,50,3.0,0,0.0
C1,909,0.7655148417576507,17.8,17.5,1,4.0,17.1875,16.0,10.0,22.0,1.0,50,2.0,2,0.0
C1,910,0.757337347487159,17.6,17.3,1,2.0,17.1875,5.0,5.0,22.0,1.0,50,3.0,2,0.0
C1,911,0.65031980362751,32.2,25.4,1,2.0,17.1875,21.0,5.0,22.0,1.0,50,1.0,2,0.0
C1,912,0.7541437003574938,17.6,17.3,1,1.2,17.1875,5.0,3.0,22.0,1.0,50,2.0,0,0.0
C1,913,0.7655148417576507,17.7,17.3,1,4.0,17.96875,8.0,10.0,23.0,1.0,50,3.0,2,0.0
C1,914,0.7557347567600108,17.9,17.3,1,1.6,17.1875,12.0,4.0,22.0,1.0,50,1.0,0,0.0
C1,915,0.49257686202316864,50.0,17.3,1,1.6,17.1875,8.0,4.0,22.0,1.0,50,1.0,0,0.0
C1,916,0.7557347567600108,17.8,17.3,1,1.6,17.1875,13.0,4.0,22.0,1.0,50,1.0,1,0.0
C1,917,0.7655148417576507,17.7,17.4,1,4.0,17.1875,10.0,10.0,22.0,1.0,50,3.0,0,0.0
C1,918,0.7557347567600108,18.1,17.4,1,1.6,17.1875,9.0,4.0,22.0,1.0,50,2.0,0,0.0
C1,919,0.7622119447177791,17.9,17.4,1,3.2,17.1875,7.0,8.0,22.0,1.0,50,3.0,1,0.0
C1,920,0.4909858056206518,50.0,17.5,1,1.2,17.1875,4.0,3.0,22.0,1.0,50,2.0,0,0.0
C1,921,0.757337347487159,19.900000000000002,17.5,1,2.0,17.1875,13.0,5.0,22.0,1.0,50,1.0,0,0.0
C1,922,0.758951238880883,19.2,17.4,1,2.4,17.1875,6.0,6.0,22.0,1.0,50,3.0,0,0.0
C1,923,0.4878391920465357,50.0,17.4,1,0.4,17.1875,4.0,1.0,22.0,1.0,50,1.0,1,0.0
C1,924,0.7541437003574938,18.2,17.6,1,1.2,17.1875,5.0,3.0,22.0,1.0,50,2.0,0,0.0
C1,925,0.4290954344073689,50.0,17.7,1,1.2,17.1875,8.0,3.0,22.0,1.0,70,1.0,0,0.0
C1,926,0.695856543421489,17.9,17.4,1,2.8,17.1875,13.0,7.0,22.0,1.0,70,2.0,2,0.0
C1,927,0.4282301737168955,50.0,17.5,1,0.8,17.1875,7.0,2.0,22.0,1.0,70,1.0,1,0.0
C1,928,0.6967932929551672,18.2,17.6,1,3.2,17.1875,9.0,8.0,22.0,1.0,70,3.0,2,0.0
C1,929,0.6967932929551672,17.8,17.4,1,3.2,17.1875,9.0,8.0,22.0,1.0,70,3.0,1,0.0
C1,930,0.4282301737168955,50.0,17.4,1,0.8,17.1875,4.0,2.0,22.0,1.0,70,1.0,0,0.0
C1,931,0.5899029998900983,33.099999999999994,25.7,1,6.4,17.1875,21.0,16.0,22.0,1.0,70,3.0,2,0.0
C1,932,0.7006861961390762,17.6,17.4,1,4.8,17.1875,14.0,12.0,22.0,1.0,70,3.0,2,0.0
C1,933,0.5962356734589691,32.5,25.9,1,6.8,17.1875,23.0,17.0,22.0,1.0,70,3.0,0,0.0
C1,934,0.5920470760207277,32.5,26.0,1,5.2,17.1875,27.0,13.0,22.0,1.0,70,2.0,0,0.0
C1,935,0.594111576873374,32.5,26.200000000000003,1,6.0,17.1875,23.0,15.0,22.0,1.0,70,3.0,1,0.0
C1,936,0.49410215745657665,43.0,34.0,1,2.8,17.1875,30.0,7.0,22.0,1.0,70,1.0,1,0.0
C1,937,0.6940263352002114,18.1,17.5,1,2.0,17.1875,7.0,5.0,22.0,1.0,70,2.0,2,0.0
C1,938,0.4290954344073689,50.0,17.6,1,1.2,17.1875,4.0,3.0,22.0,1.0,70,2.0,0,0.0
C1,939,0.6977445678438781,17.6,17.3,1,3.6,17.1875,16.0,9.0,22.0,1.0,70,2.0,1,0.0
C1,940,0.6996909593573912,17.7,17.2,1,4.4,17.1875,13.0,11.0,22.0,1.0,70,3.0,2,0.0
C1,941,0.5886859312233447,33.0,26.0,1,5.6,17.1875,26.0,14.0,22.0,1.0,70,2.0,2,0.0
C1,942,0.4282301737168955,50.0,17.3,1,0.8,17.1875,9.0,2.0,22.0,1.0,70,1.0,2,0.0
C1,943,0.6977445678438781,17.8,17.4,1,3.6,17.1875,11.0,9.0,22.0,1.0,70,3.0,2,0.0
C1,944,0.692253329144211,18.2,17.5,1,1.2,17.1875,5.0,3.0,22.0,1.0,70,2.0,1,0.0
C1,945,0.6977445678438781,17.7,17.4,1,3.6,17.1875,10.0,9.0,22.0,1.0,70,3.0,1,0.0
C1,946,0.5887938986107899,32.099999999999994,25.7,1,2.4,17.1875,28.0,6.0,22.0,1.0,70,1.0,0,0.0
C1,947,0.6949342494879829,19.400000000000002,17.7,1,2.4,17.1875,7.0,6.0,22.0,1.0,70,3.0,2,0.0
C1,948,0.695856543421489,17.6,17.3,1,2.8,17.1875,11.0,7.0,22.0,1.0,70,2.0,1,0.0
C1,949,0.6977445678438781,17.6,17.3,1,3.6,17.1875,10.0,9.0,22.0,1.0,70,3.0,1,0.0
C1,950,0.4299748279240733,50.0,17.5,1,1.6,17.1875,6.0,4.0,22.0,1.0,70,1.0,0,0.0
C1,951,0.4997562985512279,44.4,34.1,1,9.6,17.1875,35.0,24.0,22.0,1.0,70,3.0,1,0.0
C1,952,0.6940263352002114,17.9,17.4,1,2.0,17.1875,12.0,5.0,22.0,1.0,70,1.0,0,0.0
C1,953,0.6987104359868719,17.7,17.4,1,4.0,17.1875,11.0,10.0,22.0,1.0,70,3.0,1,0.0
C1,954,0.6931327226609154,17.6,17.4,1,1.6,17.1875,12.0,4.0,22.0,1.0,70,1.0,0,0.0
C1,955,0.6940263352002114,19.0,17.4,1,2.0,17.1875,9.0,5.0,22.0,1.0,70,2.0,2,0.0
C1,956,0.695856543421489,17.4,17.2,1,2.8,17.1875,19.0,7.0,22.0,1.0,70,1.0,0,0.0
C1,957,0.4290954344073689,50.0,17.3,1,1.2,17.1875,9.0,3.0,22.0,1.0,70,1.0,1,0.0
C1,958,0.6987104359868719,17.6,17.4,1,4.0,17.1875,12.0,10.0,22.0,1.0,70,3.0,1,0.0
C1,959,0.6967932929551672,17.5,17.3,1,3.2,17.1875,14.0,8.0,22.0,1.0,70,2.0,1,0.0
C1,960,0.695856543421489,18.0,17.4,1,2.8,17.1875,9.0,7.0,22.0,1.0,70,2.0,2,0.0
C1,961,0.5387704977944038,39.300000000000004,31.8,1,7.6,17.1875,33.0,19.0,22.0,1.0,70,3.0,1,0.0
C1,962,0.5969205437497473,32.300000000000004,26.5,1,6.4,17.1875,22.0,16.0,22.0,1.0,70,3.0,2,0.0
C1,963,0.594111576873374,32.5,26.200000000000003,1,6.0,17.1875,28.0,15.0,22.0,1.0,70,2.0,2,0.0
C1,964,0.7557347567600108,17.5,17.2,1,1.6,17.1875,11.0,4.0,22.0,1.0,50,1.0,0,0.0
C1,965,0.4894065094559651,50.0,17.4,1,0.8,17.1875,5.0,2.0,22.0,1.0,50,1.0,1,0.0
C1,966,0.6600858406176517,32.4,26.200000000000003,1,4.8,17.1875,22.0,12.0,22.0,1.0,50,2.0,1,0.0
C1,967,0.7557347567600108,17.8,17.4,1,1.6,17.1875,13.0,4.0,22.0,1.0,50,1.0,1,0.0
C1,968,0.6703313033393652,32.4,26.5,1,7.2,17.1875,23.0,18.0,22.0,1.0,50,3.0,2,0.0
C1,969,0.14600321000877534,91.89999999999999,53.6,1,8.0,17.1875,51.0,20.0,22.0,1.0,50,2.0,0,0.0
C1,970,0.08744488773732287,129.8,72.1,1,17.2,17.1875,71.0,43.0,22.0,1.0,50,3.0,1,0.0
C1,971,0.08660276573357747,149.2,87.0,1,9.2,17.1875,99.0,23.0,22.0,1.0,30,1.0,1,0.0
C1,972,0.8551053220002116,17.6,17.3,1,4.4,17.1875,12.0,11.0,22.0,1.0,30,3.0,1,0.0
C1,973,0.09850072160391035,141.2,84.4,1,6.8,17.1875,83.0,17.0,22.0,1.0,30,1.0,1,0.0
C1,974,0.8466688412521486,17.4,17.2,1,2.4,17.1875,11.0,6.0,22.0,1.0,30,2.0,0,0.0
C1,975,0.8449503405842116,17.8,17.4,1,2.0,17.1875,13.0,5.0,22.0,1.0,30,1.0,0,0.0
C1,976,0.7518300949673786,32.7,25.4,1,6.4,17.1875,20.0,16.0,22.0,1.0,30,3.0,1,0.0
C1,977,0.7387285169737932,32.5,25.1,1,2.8,17.1875,29.0,7.0,22.0,1.0,30,1.0,2,0.0
C1,978,0.8449503405842116,17.7,17.3,1,2.0,17.1875,14.0,5.0,22.0,1.0,30,1.0,1,0.0
C1,979,0.7569217742354892,32.300000000000004,26.0,1,6.8,17.1875,24.0,17.0,22.0,1.0,30,3.0,2,0.0
C1,980,0.8600234727923319,18.0,17.5,1,5.6,17.1875,16.0,14.0,22.0,1.0,30,3.0,2,0.0
C1,981,0.2796587715683826,67.4,43.4,1,3.6,17.1875,40.0,9.0,22.0,1.0,30,1.0,1,0.0
C1,982,0.8551053220002116,17.8,17.4,1,4.4,17.1875,10.0,11.0,22.0,1.0,30,3.0,1,0.0
C1,983,0.8449503405842116,18.599999999999998,17.4,1,2.0,17.1875,9.0,5.0,22.0,1.0,30,2.0,1,0.0
C1,984,0.8600234727923319,17.6,17.3,1,5.6,17.1875,16.0,14.0,22.0,1.0,30,3.0,0,0.0
C1,985,0.6790235818440937,39.5,34.3,1,3.2,17.1875,33.0,8.0,22.0,1.0,30,1.0,0,0.0
C1,986,0.750232241916635,32.7,26.9,1,6.0,17.1875,20.0,15.0,22.0,1.0,30,3.0,2,0.0
C1,987,0.8500762134230411,17.8,17.4,1,3.2,17.1875,14.0,8.0,22.0,1.0,30,2.0,2,0.0
C1,988,0.8483776397808107,17.7,17.4,1,2.8,17.1875,11.0,7.0,22.0,1.0,30,2.0,1,0.0
C1,989,0.843222663187408,17.8,17.5,1,1.6,17.1875,10.0,4.0,22.0,1.0,30,1.0,2,0.0
C1,990,0.8517640347262774,17.7,17.4,1,3.6,17.1875,10.0,9.0,22.0,1.0,30,3.0,0,0.0
C1,991,0.7344507333628467,32.4,26.700000000000003,1,1.6,17.1875,21.0,4.0,22.0,1.0,30,1.0,0,0.0
C1,992,0.5783284365275949,50.0,17.3,1,1.2,17.1875,9.0,3.0,22.0,1.0,30,1.0,0,0.0
C1,993,0.5783284365275949,50.0,17.4,1,1.2,17.1875,9.0,3.0,22.0,1.0,30,1.0,2,0.0
C1,994,0.8500762134230411,17.7,17.3,1,3.2,17.1875,9.0,8.0,22.0,1.0,30,3.0,0,0.0
C1,995,0.843222663187408,17.8,17.3,1,1.6,17.1875,10.0,4.0,22.0,1.0,30,1.0,2,0.0
C1,996,0.8567577352788383,17.6,17.3,1,4.8,17.1875,13.0,12.0,22.0,1.0,30,3.0,1,0.0
C1,997,0.8616357506885648,17.8,17.4,1,6.0,17.1875,17.0,15.0,22.0,1.0,30,3.0,0,0.0
C1,998,0.8466688412521486,17.7,17.2,1,2.4,17.1875,8.0,6.0,22.0,1.0,30,2.0,0,0.0
C1,999,0.8500762134230411,17.6,17.3,1,3.2,17.1875,9.0,8.0,22.0,1.0,30,3.0,0,0.0
C1,1000,0.8483776397808107,17.5,17.3,1,2.8,17.1875,10.0,7.0,22.0,1.0,30,2.0,1,0.0
C1,1001,0.2019474272633695,98.19999999999999,55.9,1,4.4,17.1875,51.0,11.0,22.0,1.0,30,1.0,2,0.0
C1,1002,0.10923399910812137,135.3,74.2,1,5.6,17.1875,72.0,14.0,22.0,1.0,30,1.0,0,0.0
C1,1003,0.08236842105263165,166.7,95.4,1,22.4,17.1875,97.0,56.0,22.0,1.0,30,3.0,0,0.0
C1,1004,0.032631578947368456,185.6,103.3,1,29.2,17.1875,122.0,73.0,22.0,1.0,30,3.0,2,0.0
C1,1005,0.029736842105263228,186.70000000000002,102.3,1,24.0,17.1875,109.0,60.0,22.0,1.0,30,3.0,1,0.0
C1,1006,0.04664710968417682,161.5,90.5,1,7.2,17.1875,100.0,18.0,22.0,1.0,30,1.0,2,0.0
C1,1007,0.6431144818860739,43.4,33.0,1,2.8,17.1875,37.0,7.0,22.0,1.0,30,1.0,2,0.0
C1,1008,0.6483213230375542,44.5,33.5,1,6.4,17.1875,33.0,16.0,22.0,1.0,30,2.0,1,0.0
C1,1009,-0.00014280642156774825,181.60000000000002,99.4,1,8.8,17.1875,95.0,22.0,22.0,1.0,30,1.0,1,0.0
C1,1010,0.13591174859817076,134.7,79.39999999999999,1,12.4,17.1875,83.0,31.0,22.0,1.0,30,2.0,1,0.0
C1,1011,-0.25883485408723933,203.7,110.5,1,9.2,17.1875,140.0,23.0,22.0,1.0,90,1.0,1,0.0
C1,1012,0.5594906726120784,32.5,26.8,1,6.8,17.1875,23.0,17.0,22.0,1.0,90,3.0,2,0.0
C1,1013,-0.20956376399837862,187.79999999999998,106.30000000000001,1,14.4,17.1875,115.0,36.0,22.0,1.0,90,2.0,2,0.0
C1,1014,-0.09619393158570969,140.5,82.3,1,6.0,17.1875,89.0,15.0,22.0,1.0,90,1.0,0,0.0
C1,1015,-0.013092896805555254,113.9,64.9,1,15.6,17.1875,63.0,39.0,22.0,1.0,90,3.0,1,0.0
C1,1016,0.027848583183967754,92.89999999999999,49.9,1,4.8,17.1875,52.0,12.0,22.0,1.0,90,1.0,0,0.0
C1,1017,0.46394815176842596,43.2,33.4,1,5.2,17.1875,30.0,13.0,22.0,1.0,90,2.0,1,0.0
C1,1018,-0.010964128933328349,107.80000000000001,64.19999999999999,1,5.2,17.1875,64.0,13.0,22.0,1.0,90,1.0,1,0.0
C1,1019,-0.13590721251996907,158.20000000000002,93.2,1,11.6,17.1875,92.0,29.0,22.0,1.0,90,2.0,2,0.0
C1,1020,0.02701518337004233,97.9,55.599999999999994,1,14.4,17.1875,56.0,36.0,22.0,1.0,90,3.0,0,0.0
C1,1021,-0.09355612701848817,143.0,81.69999999999999,1,13.2,17.1875,88.0,33.0,22.0,1.0,90,2.0,0,0.0
C1,1022,-0.19592545933075156,193.1,107.1,1,27.2,17.1875,161.0,68.0,22.0,1.0,90,2.0,0,0.0
C1,1023,-0.23517371666893244,206.4,112.0,1,25.6,17.1875,111.0,64.0,22.0,1.0,90,3.0,2,0.0
C1,1024,0.5626882723606523,32.4,26.1,1,8.8,17.1875,28.0,22.0,22.0,1.0,90,3.0,1,0.0
C1,1025,0.46055111082504135,44.1,33.6,1,9.2,17.1875,37.0,23.0,22.0,1.0,90,3.0,1,0.0
C1,1026,-0.014781211024497587,113.3,70.4,1,13.6,17.1875,60.0,34.0,22.0,1.0,90,3.0,1,0.0
C1,1027,0.02572670298539799,93.0,50.9,1,2.8,17.1875,40.0,7.0,22.0,1.0,90,1.0,0,0.0
C1,1028,-0.043452031888003895,120.3,73.1,1,5.6,17.1875,71.0,14.0,22.0,1.0,90,1.0,1,0.0
C1,1029,0.5582146347786627,32.5,26.599999999999998,1,5.6,17.1875,21.0,14.0,22.0,1.0,90,3.0,0,0.0
C1,1030,-0.16676191040965788,169.1,95.5,1,10.0,17.1875,93.0,25.0,22.0,1.0,90,1.0,1,0.0
C1,1031,-0.181668097377214,188.1,107.0,1,27.6,17.1875,119.0,69.0,22.0,1.0,90,3.0,0,0.0
C1,1032,-0.09013507438690924,141.7,86.0,1,13.2,17.1875,88.0,33.0,22.0,1.0,90,2.0,0,0.0
C1,1033,0.12466029654172203,57.6,44.8,1,8.4,17.1875,41.0,21.0,22.0,1.0,90,2.0,1,0.0
C1,1034,-0.11597419435841128,161.89999999999998,95.3,1,26.4,17.1875,98.0,66.0,22.0,1.0,90,3.0,2,0.0
C1,1035,0.010217004236599339,99.6,62.0,1,4.8,17.1875,67.0,12.0,22.0,1.0,90,1.0,0,0.0
C1,1036,-0.148730094451821,172.4,95.69999999999999,1,24.4,17.1875,98.0,61.0,22.0,1.0,90,3.0,1,0.0
C1,1037,-0.23017209603415534,193.0,103.9,1,9.6,17.1875,131.0,24.0,22.0,1.0,90,1.0,0,0.0
C1,1038,-0.19317267168866642,194.20000000000002,107.80000000000001,1,29.2,17.1875,121.0,73.0,22.0,1.0,90,3.0,0,0.0
C1,1039,-0.21195984409891638,187.1,104.1,1,11.6,17.1875,127.0,29.0,22.0,1.0,90,1.0,1,0.0
C1,1040,-0.1929980167776515,189.6,106.39999999999999,1,24.8,17.1875,119.0,62.0,22.0,1.0,90,3.0,1,0.0
C1,1041,-0.18732555333768952,197.2,105.39999999999999,1,33.6,17.1875,144.0,84.0,22.0,1.0,90,3.0,1,0.0
C1,1042,-0.19044612093597368,178.1,101.5,1,10.0,17.1875,122.0,25.0,22.0,1.0,90,1.0,0,0.0
C1,1043,-0.17809082666165643,182.10000000000002,103.3,1,22.8,17.1875,142.0,57.0,22.0,1.0,90,2.0,2,0.0
C1,1044,-0.19141370245458117,183.9,102.6,1,18.8,17.1875,115.0,47.0,22.0,1.0,90,2.0,2,0.0
C1,1045,-0.043775106511916906,127.5,71.9,1,18.4,17.1875,76.0,46.0,22.0,1.0,90,3.0,1,0.0
C1,1046,-0.04597257552430992,123.39999999999999,74.5,1,10.4,17.1875,73.0,26.0,22.0,1.0,90,2.0,2,0.0
C1,1047,0.44398854301869894,45.3,36.1,1,3.6,17.1875,36.0,9.0,22.0,1.0,90,1.0,2,0.0
C1,1048,-0.1799350020687132,177.3,102.9,1,15.6,17.1875,102.0,39.0,22.0,1.0,90,2.0,0,0.0
C1,1049,-0.21875777111058098,189.9,103.0,1,12.0,17.1875,124.0,30.0,22.0,1.0,90,1.0,2,0.0
C1,1050,-0.16734219559207542,179.10000000000002,101.1,1,24.0,17.1875,109.0,60.0,22.0,1.0,90,3.0,1,0.0
C1,1051,-0.17126623208650327,185.0,102.6,1,28.4,17.1875,128.0,71.0,22.0,1.0,90,3.0,0,0.0
C1,1052,-0.1843936281558889,176.0,100.4,1,10.4,17.1875,132.0,26.0,22.0,1.0,90,1.0,2,0.0
C1,1053,-0.24438262234994473,198.4,105.6,1,9.6,17.1875,114.0,24.0,22.0,1.0,90,1.0,0,0.0
C1,1054,-0.18410008268719452,174.4,99.8,1,7.2,17.1875,113.0,18.0,22.0,1.0,90,1.0,1,0.0
C1,1055,-0.24533970345827794,198.2,107.80000000000001,1,8.4,17.1875,134.0,21.0,22.0,1.0,90,1.0,1,0.0
C1,1056,-0.16806683287626056,169.4,93.60000000000001,1,9.6,17.1875,125.0,24.0,22.0,1.0,90,1.0,0,0.0
C1,1057,-0.18825580771773892,182.7,106.5,1,18.8,17.1875,123.0,47.0,22.0,1.0,90,2.0,1,0.0
C1,1058,-0.1578052956163009,177.0,101.7,1,25.6,17.96875,117.0,64.0,23.0,1.0,90,3.0,2,0.0
C1,1059,0.8534405798950884,17.5,17.2,1,4.0,17.1875,12.0,10.0,22.0,1.0,30,3.0,0,0.0
C1,1060,0.2600641726947699,89.89999999999999,52.2,1,14.4,17.96875,58.0,36.0,23.0,1.0,30,3.0,0,0.0
C1,1061,0.02657894736842098,187.9,104.4,1,28.4,17.1875,132.0,71.0,22.0,1.0,30,3.0,1,0.0
C1,1062,-0.013526614244027513,197.9,106.2,1,18.4,17.1875,117.0,46.0,22.0,1.0,30,2.0,0,0.0
C1,1063,0.2813920028967254,66.10000000000001,42.4,1,3.2,17.1875,41.0,8.0,22.0,1.0,30,1.0,0,0.0
C1,1064,0.007809816631940386,188.29999999999998,102.5,1,16.8,17.1875,112.0,42.0,22.0,1.0,30,2.0,2,0.0
C1,1065,0.0032220674316119913,187.5,106.0,1,14.4,17.1875,100.0,36.0,22.0,1.0,30,2.0,1,0.0
C1,1066,0.0990041717411965,139.8,93.60000000000001,1,6.0,17.1875,80.0,15.0,22.0,1.0,30,1.0,2,0.0
C1,1067,0.2029744058144366,101.5,64.69999999999999,1,6.8,17.1875,70.0,17.0,22.0,1.0,30,1.0,1,0.0
C1,1068,0.6497401914191892,43.6,33.300000000000004,1,4.8,17.1875,32.0,12.0,22.0,1.0,30,2.0,2,0.0
C1,1069,0.6755646135175473,32.2,25.9,1,8.0,17.1875,27.0,20.0,22.0,1.0,50,3.0,1,0.0
C1,1070,0.7739421805817983,17.6,17.3,1,6.0,17.1875,17.0,15.0,22.0,1.0,50,3.0,1,0.0
C1,1071,-0.134437884984779,199.8,108.0,1,8.8,17.1875,112.0,22.0,22.0,1.0,50,1.0,2,0.0
C1,1072,0.012227544315501465,181.7,101.2,1,32.4,17.1875,137.0,81.0,22.0,1.0,50,3.0,0,0.0
C1,1073,0.09112881069079852,106.89999999999999,63.6,1,4.4,17.1875,65.0,11.0,22.0,1.0,50,1.0,2,0.0
C1,1074,0.07611740157812416,141.5,82.60000000000001,1,21.6,17.1875,89.0,54.0,22.0,1.0,50,3.0,0,0.0
C1,1075,0.026598357605081613,144.7,83.9,1,12.4,17.1875,82.0,31.0,22.0,1.0,50,2.0,1,0.0
C1,1076,0.12486119532612366,110.10000000000001,71.9,1,14.0,17.1875,80.0,35.0,22.0,1.0,50,2.0,1,0.0
C1,1077,-0.027029046707023635,183.29999999999998,102.8,1,23.2,17.1875,101.0,58.0,22.0,1.0,50,3.0,1,0.0
C1,1078,0.12028037646768412,97.10000000000001,53.0,1,5.2,17.1875,56.0,13.0,22.0,1.0,50,1.0,2,0.0
C1,1079,-0.0436435328786588,196.39999999999998,109.5,1,27.6,17.1875,115.0,69.0,22.0,1.0,50,3.0,2,0.0
C1,1080,-0.0001422079328490533,162.39999999999998,94.60000000000001,1,16.8,17.1875,97.0,42.0,22.0,1.0,50,2.0,0,0.0
C1,1081,-0.08267712868301619,183.5,100.9,1,10.8,17.1875,132.0,27.0,22.0,1.0,50,1.0,1,0.0
C1,1082,0.2518615154998184,59.1,43.4,1,12.4,17.1875,42.0,31.0,22.0,1.0,50,3.0,1,0.0
C1,1083,-0.07160111491171745,191.6,104.5,1,18.0,17.1875,104.0,45.0,22.0,1.0,50,2.0,1,0.0
C1,1084,0.7739421805817983,17.5,17.2,1,6.0,17.96875,16.0,15.0,23.0,1.0,50,3.0,2,0.0
C1,1085,0.174187716251029,89.30000000000001,52.900000000000006,1,12.8,17.1875,56.0,32.0,22.0,1.0,50,3.0,0,0.0
C1,1086,0.576471654216558,43.1,33.099999999999994,1,7.2,17.1875,30.0,18.0,22.0,1.0,50,3.0,0,0.0
C1,1087,0.24222678869937406,56.0,43.7,1,8.4,17.1875,49.0,21.0,22.0,1.0,50,2.0,0,0.0
C1,1088,0.1898435236651475,67.5,43.8,1,3.2,17.1875,42.0,8.0,22.0,1.0,50,1.0,1,0.0
C1,1089,0.6472996640160247,33.099999999999994,25.8,1,3.2,17.1875,26.0,8.0,22.0,1.0,50,1.0,2,0.0
C1,1090,0.7655148417576507,17.7,17.4,1,4.0,17.1875,16.0,10.0,22.0,1.0,50,2.0,2,0.0
C1,1091,0.5642930577747807,43.9,33.6,1,6.0,17.1875,33.0,15.0,22.0,1.0,50,2.0,0,0.0
C1,1092,0.666289972053633,17.8,17.4,1,4.0,17.1875,11.0,10.0,22.0,1.0,90,3.0,2,0.0
C1,1093,0.6670591094997571,17.7,17.3,1,4.8,17.1875,13.0,12.0,22.0,1.0,90,3.0,1,0.0
C1,1094,0.6652003871959242,17.9,17.4,1,2.8,17.1875,8.0,7.0,22.0,1.0,90,3.0,0,0.0
C1,1095,0.6648537330978317,17.9,17.4,1,2.4,17.1875,8.0,6.0,22.0,1.0,90,2.0,1,0.0
C1,1096,0.5452168728925073,33.6,25.2,1,2.0,17.1875,28.0,5.0,22.0,1.0,90,1.0,1,0.0
C1,1097,0.6674569236982506,17.8,17.4,1,5.2,17.1875,15.0,13.0,22.0,1.0,90,3.0,0,0.0
C1,1098,0.6652003871959242,17.7,17.3,1,2.8,17.1875,8.0,7.0,22.0,1.0,90,3.0,2,0.0
C1,1099,0.6645151185065423,18.0,17.5,1,2.0,17.1875,19.0,5.0,22.0,1.0,90,1.0,1,0.0
C1,1100,0.6659183675801024,17.8,17.4,1,3.6,17.1875,14.0,9.0,22.0,1.0,90,2.0,0,0.0
C1,1101,0.5494109135117138,33.2,27.0,1,2.8,17.1875,28.0,7.0,22.0,1.0,90,1.0,2,0.0
C1,1102,0.6645151185065423,17.9,17.3,1,2.0,17.1875,17.0,5.0,22.0,1.0,90,1.0,2,0.0
C1,1103,0.5564262331022791,32.9,26.700000000000003,1,7.2,17.1875,24.0,18.0,22.0,1.0,90,3.0,0,0.0
C1,1104,0.46256658397947215,43.6,33.4,1,7.2,17.1875,33.0,18.0,22.0,1.0,90,2.0,1,0.0
C1,1105,0.45161308595815,44.699999999999996,34.2,1,6.0,17.1875,31.0,15.0,22.0,1.0,90,2.0,1,0.0
C1,1106,0.10392155100100142,63.70000000000001,43.0,1,4.0,17.1875,41.0,10.0,22.0,1.0,90,1.0,0,0.0
C1,1107,0.5643617799593095,32.099999999999994,25.6,1,8.0,17.1875,29.0,20.0,22.0,1.0,90,3.0,1,0.0
C1,1108,0.7593308777889585,32.9,27.0,1,8.8,17.1875,29.0,22.0,22.0,1.0,30,3.0,0,0.0
C1,1109,0.7282477886205696,33.5,27.3,1,2.4,17.1875,21.0,6.0,22.0,1.0,30,1.0,0,0.0
C1,1110,0.7350973680596107,33.300000000000004,26.700000000000003,1,3.6,17.1875,27.0,9.0,22.0,1.0,30,1.0,0,0.0
C1,1111,0.311552738850514,65.9,45.0,1,10.8,17.1875,43.0,27.0,22.0,1.0,30,3.0,0,0.0
C1,1112,0.8500762134230411,17.8,17.5,1,3.2,17.1875,14.0,8.0,22.0,1.0,30,2.0,2,0.0
C1,1113,0.8517640347262774,17.8,17.4,1,3.6,17.1875,15.0,9.0,22.0,1.0,30,2.0,2,0.0
C1,1114,0.7489649711230186,32.099999999999994,25.5,1,4.4,17.1875,23.0,11.0,22.0,1.0,30,2.0,1,0.0
C1,1115,0.7530231319482534,33.099999999999994,27.099999999999998,1,7.6,17.1875,26.0,19.0,22.0,1.0,30,3.0,1,0.0
C1,1116,0.5502881064941699,33.099999999999994,25.5,1,2.8,17.1875,28.0,7.0,22.0,1.0,90,1.0,2,0.0
C1,1117,0.5520424924590822,32.9,27.400000000000002,1,2.8,17.1875,23.0,7.0,22.0,1.0,90,1.0,1,0.0
C1,1118,0.6641844064673916,17.6,17.5,1,1.6,17.1875,10.0,4.0,22.0,1.0,90,1.0,0,0.0
C1,1119,0.6648537330978317,17.7,17.5,1,2.4,17.1875,7.0,6.0,22.0,1.0,90,3.0,1,0.0
C1,1120,0.6655552192464198,18.0,17.5,1,3.2,17.1875,14.0,8.0,22.0,1.0,90,2.0,2,0.0
C1,1121,0.6645151185065423,18.0,17.5,1,2.0,17.1875,19.0,5.0,22.0,1.0,90,1.0,2,0.0
C1,1122,0.6949342494879829,17.8,17.4,1,2.4,17.1875,11.0,6.0,22.0,1.0,70,2.0,1,0.0
C1,1123,0.6940263352002114,17.9,17.4,1,2.0,17.1875,18.0,5.0,22.0,1.0,70,1.0,2,0.0
C1,1124,0.695856543421489,17.8,17.4,1,2.8,17.1875,8.0,7.0,22.0,1.0,70,3.0,2,0.0
C1,1125,0.692253329144211,17.9,17.7,1,1.2,17.1875,11.0,3.0,22.0,1.0,70,1.0,2,0.0
C1,1126,0.5953584804765129,32.599999999999994,25.6,1,6.8,17.1875,24.0,17.0,22.0,1.0,70,3.0,0,0.0
C1,1127,0.6949342494879829,17.6,17.4,1,2.4,17.1875,10.0,6.0,22.0,1.0,70,2.0,1,0.0
C1,1128,0.692253329144211,17.7,17.3,1,1.2,17.1875,10.0,3.0,22.0,1.0,70,1.0,2,0.0
C1,1129,0.7006861961390762,17.9,17.4,1,4.8,17.1875,19.0,12.0,22.0,1.0,70,2.0,2,0.0
C1,1130,0.6940263352002114,17.8,17.5,1,2.0,17.1875,6.0,5.0,22.0,1.0,70,3.0,1,0.0
C1,1131,0.7048152805918526,17.8,17.5,1,6.4,17.1875,19.0,16.0,22.0,1.0,70,3.0,0,0.0
C1,1132,0.6996909593573912,18.2,17.6,1,4.4,17.1875,17.0,11.0,22.0,1.0,70,2.0,2,0.0
C1,1133,0.4290954344073689,50.0,17.3,1,1.2,17.1875,9.0,3.0,22.0,1.0,70,1.0,0,0.0
C1,1134,0.4290954344073689,50.0,17.4,1,1.2,17.1875,8.0,3.0,22.0,1.0,70,1.0,2,0.0
C1,1135,0.6987104359868719,17.7,17.3,1,4.0,17.1875,19.0,10.0,22.0,1.0,70,2.0,2,0.0
C1,1136,0.7027210189426429,17.8,17.5,1,5.6,17.1875,16.0,14.0,22.0,1.0,70,3.0,0,0.0
C1,1137,0.6977445678438781,17.5,17.3,1,3.6,17.1875,10.0,9.0,22.0,1.0,70,3.0,1,0.0
C1,1138,0.6931327226609154,18.0,17.4,1,1.6,17.1875,14.0,4.0,22.0,1.0,70,1.0,0,0.0
C1,1139,0.5929242690031837,32.4,25.9,1,5.2,17.1875,25.0,13.0,22.0,1.0,70,2.0,0,0.0
C1,1140,0.6949342494879829,17.7,17.4,1,2.4,17.1875,10.0,6.0,22.0,1.0,70,2.0,0,0.0
C1,1141,0.5862669771656936,32.599999999999994,25.6,1,3.2,17.1875,20.0,8.0,22.0,1.0,70,1.0,0,0.0
C1,1142,0.6940263352002114,19.5,17.5,1,2.0,17.1875,9.0,5.0,22.0,1.0,70,2.0,2,0.0
C1,1143,0.588898556113062,32.300000000000004,26.0,1,3.2,17.1875,20.0,8.0,22.0,1.0,70,2.0,1,0.0
C1,1144,0.6967932929551672,18.1,17.6,1,3.2,17.1875,8.0,8.0,22.0,1.0,70,3.0,0,0.0
C1,1145,0.4290954344073689,50.0,17.4,1,1.2,17.1875,8.0,3.0,22.0,1.0,70,1.0,2,0.0
C1,1146,0.7557347567600108,17.8,17.5,1,1.6,17.1875,12.0,4.0,22.0,1.0,50,1.0,1,0.0
C1,1147,0.768857770442213,17.7,17.4,1,4.8,17.1875,12.0,12.0,22.0,1.0,50,3.0,1,0.0
C1,1148,0.7605761873560926,17.6,17.3,1,2.8,17.1875,7.0,7.0,22.0,1.0,50,3.0,1,0.0
C1,1149,0.7557347567600108,17.7,17.4,1,1.6,17.1875,6.0,4.0,22.0,1.0,50,2.0,0,0.0
C1,1150,0.758951238880883,17.7,17.4,1,2.4,17.1875,6.0,6.0,22.0,1.0,50,3.0,0,0.0
C1,1151,0.6687050510671897,17.6,17.3,1,6.4,17.1875,17.0,16.0,22.0,1.0,90,3.0,1,0.0
C1,1152,0.6652003871959242,17.7,17.3,1,2.8,17.1875,8.0,7.0,22.0,1.0,90,3.0,0,0.0
C1,1153,0.666289972053633,17.7,17.4,1,4.0,17.1875,12.0,10.0,22.0,1.0,90,3.0,1,0.0
C1,1154,0.6648537330978317,17.6,17.3,1,2.4,17.1875,8.0,6.0,22.0,1.0,90,2.0,1,0.0
C1,1155,0.40102651173054954,50.0,17.4,1,1.6,17.1875,6.0,4.0,22.0,1.0,90,1.0,0,0.0
C1,1156,0.6645151185065423,17.9,17.4,1,2.0,17.1875,16.0,5.0,22.0,1.0,90,1.0,2,0.0
C1,1157,0.6652003871959242,18.0,17.6,1,2.8,17.1875,8.0,7.0,22.0,1.0,90,3.0,2,0.0
C1,1158,0.6645151185065423,17.8,17.4,1,2.0,17.1875,8.0,5.0,22.0,1.0,90,2.0,0,0.0
C1,1159,0.6666701724931865,17.9,17.5,1,4.4,17.1875,10.0,11.0,22.0,1.0,90,3.0,1,0.0
C1,1160,0.6652003871959242,17.9,17.4,1,2.8,17.1875,8.0,7.0,22.0,1.0,90,3.0,0,0.0
C1,1161,0.547309873448709,33.4,26.3,1,2.4,17.1875,20.0,6.0,22.0,1.0,90,1.0,0,0.0
C1,1162,0.4003882500542819,50.0,17.5,1,0.8,17.1875,8.0,2.0,22.0,1.0,90,1.0,0,0.0
C1,1163,0.6641844064673916,17.7,17.4,1,1.6,17.1875,10.0,4.0,22.0,1.0,90,1.0,1,0.0
C1,1164,0.4290954344073689,50.0,17.4,1,1.2,17.1875,6.0,3.0,22.0,1.0,70,1.0,0,0.0
C1,1165,0.6987104359868719,17.7,17.4,1,4.0,17.1875,10.0,10.0,22.0,1.0,70,3.0,2,0.0
C1,1166,0.6931327226609154,17.7,17.4,1,1.6,17.1875,12.0,4.0,22.0,1.0,70,1.0,2,0.0
C1,1167,0.6949342494879829,17.9,17.4,1,2.4,17.1875,8.0,6.0,22.0,1.0,70,2.0,0,0.0
C1,1168,0.6949342494879829,18.3,17.5,1,2.4,17.1875,7.0,6.0,22.0,1.0,70,3.0,2,0.0
C1,1169,0.695856543421489,17.8,17.4,1,2.8,17.1875,5.0,7.0,22.0,1.0,70,3.0,0,0.0
C1,1170,0.6940263352002114,17.6,17.3,1,2.0,17.1875,9.0,5.0,22.0,1.0,70,2.0,1,0.0
C1,1171,0.6996909593573912,17.8,17.3,1,4.4,17.1875,19.0,11.0,22.0,1.0,70,2.0,2,0.0
C1,1172,0.6940263352002114,17.7,17.3,1,2.0,17.1875,8.0,5.0,22.0,1.0,70,2.0,2,0.0
C1,1173,0.6967932929551672,17.9,17.4,1,3.2,17.1875,7.0,8.0,22.0,1.0,70,3.0,2,0.0
C1,1174,0.4299748279240733,50.0,17.5,1,1.6,17.1875,8.0,4.0,22.0,1.0,70,1.0,2,0.0
C1,1175,0.4290954344073689,50.0,17.5,1,1.2,17.1875,5.0,3.0,22.0,1.0,70,1.0,0,0.0
C1,1176,0.6967932929551672,17.6,17.3,1,3.2,17.1875,14.0,8.0,22.0,1.0,70,2.0,2,0.0
C1,1177,0.695856543421489,17.5,17.3,1,2.8,17.1875,10.0,7.0,22.0,1.0,70,2.0,0,0.0
C1,1178,0.4282301737168955,50.0,17.4,1,0.8,17.1875,4.0,2.0,22.0,1.0,70,1.0,1,0.0
C1,1179,0.6940263352002114,17.7,17.4,1,2.0,17.1875,8.0,5.0,22.0,1.0,70,2.0,0,0.0
C1,1180,0.6940263352002114,17.6,17.2,1,2.0,17.1875,9.0,5.0,22.0,1.0,70,2.0,2,0.0
C1,1181,0.6949342494879829,17.9,17.5,1,2.4,17.1875,12.0,6.0,22.0,1.0,70,1.0,1,0.0
C1,1182,0.6940263352002114,17.8,17.3,1,2.0,17.1875,8.0,5.0,22.0,1.0,70,2.0,1,0.0
C1,1183,0.6940263352002114,17.5,17.2,1,2.0,17.1875,11.0,5.0,22.0,1.0,70,1.0,2,0.0
C1,1184,0.4290954344073689,50.0,17.3,1,1.2,17.1875,6.0,3.0,22.0,1.0,70,1.0,1,0.0
C1,1185,0.6940263352002114,17.8,17.4,1,2.0,17.1875,7.0,5.0,22.0,1.0,70,2.0,1,0.0
C1,1186,0.6967932929551672,18.0,17.4,1,3.2,17.1875,14.0,8.0,22.0,1.0,70,2.0,2,0.0
C1,1187,0.6967932929551672,17.7,17.4,1,3.2,17.1875,11.0,8.0,22.0,1.0,70,2.0,0,0.0
C1,1188,0.6931327226609154,17.5,17.3,1,1.6,17.1875,5.0,4.0,22.0,1.0,70,2.0,0,0.0
C1,1189,0.6940263352002114,17.9,17.4,1,2.0,17.1875,8.0,5.0,22.0,1.0,70,2.0,0,0.0
C1,1190,0.4282301737168955,50.0,17.2,1,0.8,17.1875,4.0,2.0,22.0,1.0,70,1.0,0,0.0
C1,1191,0.6711761501029403,33.099999999999994,26.5,1,8.8,17.1875,29.0,22.0,22.0,1.0,50,3.0,0,0.0
C1,1192,0.757337347487159,18.1,17.5,1,2.0,17.1875,7.0,5.0,22.0,1.0,50,2.0,2,0.0
C1,1193,0.757337347487159,17.5,17.3,1,2.0,17.1875,6.0,5.0,22.0,1.0,50,2.0,0,0.0
C1,1194,0.4909858056206518,50.0,17.5,1,1.2,17.1875,3.0,3.0,22.0,1.0,50,2.0,0,0.0
C1,1195,0.7622119447177791,17.6,17.4,1,3.2,17.1875,10.0,8.0,22.0,1.0,50,3.0,0,0.0
C1,1196,0.7541437003574938,18.1,17.6,1,1.2,17.1875,10.0,3.0,22.0,1.0,50,1.0,0,0.0
C1,1197,0.7541437003574938,17.8,17.4,1,1.2,17.1875,10.0,3.0,22.0,1.0,50,1.0,1,0.0
C1,1198,0.757337347487159,17.9,17.4,1,2.0,17.1875,7.0,5.0,22.0,1.0,50,2.0,0,0.0
C1,1199,0.7557347567600108,18.3,17.6,1,1.6,17.1875,7.0,4.0,22.0,1.0,50,2.0,0,0.0
C1,1200,0.757337347487159,18.599999999999998,17.5,1,2.0,17.1875,6.0,5.0,22.0,1.0,50,3.0,2,0.0
C1,1201,0.6652208964190849,32.2,26.0,1,5.6,17.1875,28.0,14.0,22.0,1.0,50,2.0,1,0.0
C1,1202,0.5651702507572369,43.8,34.1,1,6.0,17.1875,32.0,15.0,22.0,1.0,50,2.0,0,0.0
C1,1203,0.06577799965238765,115.9,66.3,1,4.0,17.1875,62.0,10.0,22.0,1.0,50,1.0,1,0.0
C1,1204,0.13226814252682936,111.4,65.19999999999999,1,16.4,17.1875,68.0,41.0,22.0,1.0,50,3.0,1,0.0
C1,1205,0.014950578429827999,141.7,83.6,1,8.0,17.1875,85.0,20.0,22.0,1.0,50,1.0,1,0.0
C1,1206,0.668558398206125,32.800000000000004,26.3,1,7.6,17.1875,24.0,19.0,22.0,1.0,50,3.0,2,0.0
C1,1207,0.06552112795021939,119.2,69.7,1,6.0,17.1875,77.0,15.0,22.0,1.0,50,1.0,1,0.0
C1,1208,0.26159835760508154,55.4,43.0,1,12.4,17.1875,47.0,31.0,22.0,1.0,50,3.0,2,0.0
C1,1209,-0.14212427403102046,175.7,102.3,1,10.0,17.1875,121.0,25.0,22.0,1.0,70,1.0,2,0.0
C1,1210,-0.023904494361189577,135.1,77.39999999999999,1,13.6,17.1875,79.0,34.0,22.0,1.0,70,2.0,0,0.0
C1,1211,-0.0255218304527062,143.9,82.8,1,19.6,17.1875,81.0,49.0,22.0,1.0,70,3.0,1,0.0
C1,1212,0.008047349723174543,124.5,73.6,1,14.8,17.1875,79.0,37.0,22.0,1.0,70,2.0,0,0.0
C1,1213,0.6967932929551672,17.9,17.4,1,3.2,17.1875,9.0,8.0,22.0,1.0,70,3.0,0,0.0
C1,1214,0.6940263352002114,17.9,17.3,1,2.0,17.1875,5.0,5.0,22.0,1.0,70,3.0,0,0.0
C1,1215,0.695856543421489,17.6,17.3,1,2.8,17.1875,7.0,7.0,22.0,1.0,70,3.0,1,0.0
C1,1216,0.6931327226609154,17.6,17.2,1,1.6,17.1875,14.0,4.0,22.0,1.0,70,1.0,2,0.0
C1,1217,0.4290954344073689,50.0,17.4,1,1.2,17.1875,8.0,3.0,22.0,1.0,70,1.0,2,0.0
C1,1218,0.4282301737168955,50.0,17.4,1,0.8,17.1875,6.0,2.0,22.0,1.0,70,1.0,2,0.0
C1,1219,0.4290954344073689,50.0,17.3,1,1.2,17.1875,8.0,3.0,22.0,1.0,70,1.0,1,0.0
C1,1220,0.4282301737168955,50.0,17.4,1,0.8,17.1875,7.0,2.0,22.0,1.0,70,1.0,0,0.0
C1,1221,0.6940263352002114,17.7,17.2,1,2.0,17.1875,17.0,5.0,22.0,1.0,70,1.0,0,0.0
C1,1222,0.6967932929551672,18.3,17.5,1,3.2,17.1875,8.0,8.0,22.0,1.0,70,3.0,0,0.0
C1,1223,0.6940263352002114,17.8,17.3,1,2.0,17.1875,7.0,5.0,22.0,1.0,70,2.0,2,0.0
C1,1224,0.692253329144211,17.7,17.4,1,1.2,17.1875,6.0,3.0,22.0,1.0,70,2.0,0,0.0
C1,1225,0.692253329144211,20.0,17.5,1,1.2,17.1875,6.0,3.0,22.0,1.0,70,2.0,0,0.0
C1,1226,0.6987104359868719,18.3,17.5,1,4.0,17.1875,12.0,10.0,22.0,1.0,70,3.0,0,0.0
C1,1227,0.6967932929551672,17.8,17.3,1,3.2,17.1875,9.0,8.0,22.0,1.0,70,3.0,2,0.0
C1,1228,0.4290954344073689,50.0,17.3,1,1.2,17.1875,9.0,3.0,22.0,1.0,70,1.0,2,0.0
C1,1229,0.4290954344073689,50.0,17.3,1,1.2,17.1875,8.0,3.0,22.0,1.0,70,1.0,2,0.0
C1,1230,0.4290954344073689,50.0,17.2,1,1.2,17.1875,6.0,3.0,22.0,1.0,70,1.0,1,0.0
C1,1231,0.7027210189426429,17.6,17.3,1,5.6,17.1875,17.0,14.0,22.0,1.0,70,3.0,1,0.0
C1,1232,0.6940263352002114,17.4,17.2,1,2.0,17.1875,7.0,5.0,22.0,1.0,70,2.0,2,0.0
C1,1233,0.4290954344073689,50.0,17.3,1,1.2,17.1875,7.0,3.0,22.0,1.0,70,1.0,2,0.0
C1,1234,0.4290954344073689,50.0,17.3,1,1.2,17.1875,9.0,3.0,22.0,1.0,70,1.0,0,0.0
C1,1235,0.4282301737168955,50.0,17.3,1,0.8,17.1875,3.0,2.0,22.0,1.0,70,2.0,0,0.0
C1,1236,0.6987104359868719,17.7,17.4,1,4.0,17.1875,10.0,10.0,22.0,1.0,70,3.0,2,0.0
C1,1237,0.6949342494879829,17.8,17.4,1,2.4,17.1875,10.0,6.0,22.0,1.0,70,2.0,2,0.0
C1,1238,0.6940263352002114,18.3,17.4,1,2.0,17.1875,8.0,5.0,22.0,1.0,70,2.0,2,0.0
C1,1239,0.4290954344073689,50.0,17.4,1,1.2,17.1875,7.0,3.0,22.0,1.0,70,1.0,2,0.0
C1,1240,0.6931327226609154,17.5,17.3,1,1.6,17.1875,6.0,4.0,22.0,1.0,70,2.0,1,0.0
C1,1241,0.6977445678438781,17.9,17.5,1,3.6,17.1875,16.0,9.0,22.0,1.0,70,2.0,1,0.0
C1,1242,0.6949342494879829,17.7,17.4,1,2.4,17.1875,7.0,6.0,22.0,1.0,70,3.0,2,0.0
C1,1243,0.6977445678438781,18.1,17.6,1,3.6,17.1875,10.0,9.0,22.0,1.0,70,3.0,1,0.0
C1,1244,0.5920470760207277,32.5,25.3,1,5.2,17.1875,27.0,13.0,22.0,1.0,70,2.0,0,0.0
C1,1245,0.4863410590719482,44.1,34.5,1,3.6,17.1875,39.0,9.0,22.0,1.0,70,1.0,2,0.0
C1,1246,-0.12263676678662269,190.70000000000002,105.7,1,26.0,17.1875,112.0,65.0,22.0,1.0,70,3.0,1,0.0
C1,1247,0.04628822243294815,112.10000000000001,61.9,1,16.4,17.1875,64.0,41.0,22.0,1.0,70,3.0,0,0.0
C1,1248,0.5909190295328299,32.4,26.599999999999998,1,4.4,17.1875,22.0,11.0,22.0,1.0,70,2.0,2,0.0
C1,1249,-0.16093786384297487,192.5,108.5,1,17.6,17.1875,118.0,44.0,22.0,1.0,70,2.0,0,0.0
C1,1250,0.12765780440792457,67.0,43.9,1,4.0,17.1875,49.0,10.0,22.0,1.0,70,1.0,0,0.0
C1,1251,0.6967932929551672,17.8,17.3,1,3.2,17.1875,14.0,8.0,22.0,1.0,70,2.0,2,0.0
C1,1252,0.43889855611306205,49.4,38.6,1,3.2,17.1875,45.0,8.0,22.0,1.0,70,1.0,0,0.0
C1,1253,-0.11403697040793645,185.5,100.8,1,24.8,17.1875,112.0,62.0,22.0,1.0,70,3.0,0,0.0
C1,1254,0.1589014856731808,55.5,43.4,1,4.4,17.1875,44.0,11.0,22.0,1.0,70,1.0,2,0.0
C1,1255,0.4906028049435495,44.3,34.0,1,6.0,17.1875,37.0,15.0,22.0,1.0,70,2.0,1,0.0
C1,1256,0.6987104359868719,17.5,17.3,1,4.0,17.1875,11.0,10.0,22.0,1.0,70,3.0,2,0.0
C1,1257,-0.10706946812711077,189.4,106.39999999999999,1,28.8,17.1875,116.0,72.0,22.0,1.0,70,3.0,0,0.0
C1,1258,0.021906392873290367,116.2,63.6,1,12.4,17.1875,63.0,31.0,22.0,1.0,70,2.0,1,0.0
C1,1259,0.008801461985639969,113.3,63.3,1,5.2,17.1875,66.0,13.0,22.0,1.0,70,1.0,1,0.0
C1,1260,0.4981973450833321,43.8,33.4,1,7.2,17.1875,35.0,18.0,22.0,1.0,70,2.0,0,0.0
C1,1261,-0.0983560670901828,163.89999999999998,95.3,1,14.0,17.1875,92.0,35.0,22.0,1.0,70,2.0,0,0.0
C1,1262,0.037894736842105314,183.60000000000002,100.4,1,23.6,17.1875,107.0,59.0,22.0,1.0,30,3.0,2,0.0
C1,1263,0.015566991597376206,173.9,97.5,1,7.6,17.1875,100.0,19.0,22.0,1.0,30,1.0,0,0.0
C1,1264,0.6412377189368037,44.0,32.599999999999994,1,3.6,17.1875,33.0,9.0,22.0,1.0,30,1.0,1,0.0
C1,1265,0.7342867397388306,33.2,26.200000000000003,1,3.2,17.1875,27.0,8.0,22.0,1.0,30,1.0,2,0.0
C1,1266,0.05824978628779448,169.9,90.0,1,17.6,17.1875,120.0,44.0,22.0,1.0,30,2.0,1,0.0
C1,1267,0.09289473684210525,162.70000000000002,93.7,1,20.8,17.1875,95.0,52.0,22.0,1.0,30,3.0,0,0.0
C1,1268,0.06664710968417684,153.9,80.8,1,7.2,17.1875,90.0,18.0,22.0,1.0,30,1.0,1,0.0
C1,1269,0.3423422125347245,54.199999999999996,41.2,1,10.8,17.1875,44.0,27.0,22.0,1.0,30,3.0,2,0.0
C1,1270,0.5783284365275949,50.0,17.3,1,1.2,17.1875,8.0,3.0,22.0,1.0,30,1.0,2,0.0
C1,1271,0.21139200289672538,92.7,51.7,1,3.2,17.1875,57.0,8.0,22.0,1.0,30,1.0,1,0.0
C1,1272,0.6626722547552708,43.4,33.0,1,7.6,17.1875,32.0,19.0,22.0,1.0,30,3.0,2,0.0
C1,1273,0.23924015640973437,98.7,56.4,1,15.2,17.1875,58.0,38.0,22.0,1.0,30,3.0,2,0.0
C1,1274,0.11428623531825599,134.6,78.39999999999999,1,6.4,17.1875,86.0,16.0,22.0,1.0,30,1.0,1,0.0
C1,1275,0.3423422125347245,54.199999999999996,41.9,1,10.8,17.1875,42.0,27.0,22.0,1.0,30,3.0,2,0.0
C1,1276,0.3221290815230511,59.7,43.5,1,9.2,17.1875,45.0,23.0,22.0,1.0,30,2.0,2,0.0
C1,1277,0.16667083891937334,128.70000000000002,71.2,1,17.6,17.1875,78.0,44.0,22.0,1.0,30,3.0,2,0.0
C1,1278,0.1569178142656244,118.4,70.2,1,6.4,17.1875,72.0,16.0,22.0,1.0,30,1.0,2,0.0
C1,1279,0.3264631862309947,59.7,43.9,1,10.4,17.1875,41.0,26.0,22.0,1.0,30,3.0,0,0.0
C1,1280,0.10642111147389582,134.5,89.39999999999999,1,4.4,17.1875,70.0,11.0,22.0,1.0,30,1.0,0,0.0
C1,1281,0.11297440581443668,135.7,77.39999999999999,1,6.8,17.1875,81.0,17.0,22.0,1.0,30,1.0,1,0.0
C1,1282,0.5783284365275949,50.0,17.6,1,1.2,17.1875,7.0,3.0,22.0,1.0,30,1.0,2,0.0
C1,1283,0.8648165110775945,18.0,17.5,1,6.8,17.1875,19.0,17.0,22.0,1.0,30,3.0,0,0.0
C1,1284,0.841486331264437,18.0,17.6,1,1.2,17.1875,13.0,3.0,22.0,1.0,30,1.0,0,0.0
C1,1285,0.8534405798950884,17.7,17.4,1,4.0,17.1875,11.0,10.0,22.0,1.0,30,3.0,0,0.0
C1,1286,0.8600234727923319,17.8,17.5,1,5.6,17.1875,16.0,14.0,22.0,1.0,30,3.0,1,0.0
C1,1287,0.8632336037393085,17.8,17.5,1,6.4,17.1875,17.0,16.0,22.0,1.0,30,3.0,2,0.0
C1,1288,0.5783284365275949,50.0,17.5,1,1.2,17.1875,9.0,3.0,22.0,1.0,30,1.0,0,0.0
C1,1289,0.8500762134230411,17.7,17.4,1,3.2,17.1875,9.0,8.0,22.0,1.0,30,3.0,0,0.0
C1,1290,0.843222663187408,17.8,17.4,1,1.6,17.1875,6.0,4.0,22.0,1.0,30,2.0,2,0.0
C1,1291,0.3322275380718549,60.1,43.0,1,12.4,17.1875,45.0,31.0,22.0,1.0,30,3.0,1,0.0
C1,1292,0.8483776397808107,17.6,17.2,1,2.8,17.1875,10.0,7.0,22.0,1.0,30,2.0,0,0.0
C1,1293,0.843222663187408,17.9,17.5,1,1.6,17.1875,8.0,4.0,22.0,1.0,30,2.0,2,0.0
C1,1294,0.843222663187408,18.0,17.5,1,1.6,17.1875,10.0,4.0,22.0,1.0,30,1.0,1,0.0
C1,1295,0.5765839711106497,50.0,17.4,1,0.8,17.1875,7.0,2.0,22.0,1.0,30,1.0,1,0.0
C1,1296,0.8500762134230411,17.7,17.5,1,3.2,17.1875,10.0,8.0,22.0,1.0,30,3.0,0,0.0
C1,1297,0.8517640347262774,17.6,17.3,1,3.6,17.1875,10.0,9.0,22.0,1.0,30,3.0,0,0.0
C1,1298,0.5783284365275949,50.0,17.6,1,1.2,17.1875,6.0,3.0,22.0,1.0,30,1.0,1,0.0
C1,1299,0.843222663187408,17.9,17.5,1,1.6,17.1875,7.0,4.0,22.0,1.0,30,2.0,0,0.0
C1,1300,0.8483776397808107,17.5,17.3,1,2.8,17.1875,12.0,7.0,22.0,1.0,30,2.0,1,0.0
C1,1301,0.8517640347262774,17.8,17.5,1,3.6,17.1875,15.0,9.0,22.0,1.0,30,2.0,0,0.0
C1,1302,0.8500762134230411,17.7,17.4,1,3.2,17.1875,13.0,8.0,22.0,1.0,30,2.0,1,0.0
C1,1303,0.843222663187408,17.7,17.3,1,1.6,17.1875,7.0,4.0,22.0,1.0,30,2.0,1,0.0
C1,1304,0.843222663187408,17.7,17.3,1,1.6,17.1875,5.0,4.0,22.0,1.0,30,2.0,0,0.0
C1,1305,0.8483776397808107,17.6,17.3,1,2.8,17.1875,8.0,7.0,22.0,1.0,30,3.0,1,0.0
C1,1306,0.8567577352788383,17.6,17.4,1,4.8,17.1875,18.0,12.0,22.0,1.0,30,2.0,1,0.0
C1,1307,0.8500762134230411,17.6,17.3,1,3.2,17.1875,9.0,8.0,22.0,1.0,30,3.0,0,0.0
C1,1308,0.841486331264437,18.0,17.5,1,1.2,17.1875,5.0,3.0,22.0,1.0,30,2.0,1,0.0
C1,1309,0.8483776397808107,17.8,17.6,1,2.8,17.1875,7.0,7.0,22.0,1.0,30,3.0,0,0.0
C1,1310,0.8466688412521486,18.2,17.4,1,2.4,17.1875,6.0,6.0,22.0,1.0,30,3.0,1,0.0
C1,1311,0.843222663187408,17.6,17.3,1,1.6,17.1875,12.0,4.0,22.0,1.0,30,1.0,0,0.0
C1,1312,0.8500762134230411,17.9,17.4,1,3.2,17.1875,9.0,8.0,22.0,1.0,30,3.0,0,0.0
C1,1313,0.8449503405842116,18.0,17.5,1,2.0,17.1875,6.0,5.0,22.0,1.0,30,3.0,1,0.0
C1,1314,0.4894065094559651,50.0,17.6,1,0.8,17.1875,6.0,2.0,22.0,1.0,50,1.0,1,0.0
C1,1315,0.758951238880883,17.6,17.4,1,2.4,17.1875,7.0,6.0,22.0,1.0,50,3.0,2,0.0
C1,1316,0.758951238880883,17.6,17.3,1,2.4,17.1875,11.0,6.0,22.0,1.0,50,2.0,1,0.0
C1,1317,0.757337347487159,17.8,17.5,1,2.0,17.1875,9.0,5.0,22.0,1.0,50,2.0,0,0.0
C1,1318,0.7605761873560926,18.0,17.5,1,2.8,17.1875,8.0,7.0,22.0,1.0,50,3.0,2,0.0
C1,1319,0.7557347567600108,17.9,17.5,1,1.6,17.1875,6.0,4.0,22.0,1.0,50,2.0,0,0.0
C1,1320,0.7557347567600108,17.7,17.3,1,1.6,17.1875,5.0,4.0,22.0,1.0,50,2.0,2,0.0
C1,1321,0.7739421805817983,17.5,17.2,1,6.0,17.1875,17.0,15.0,22.0,1.0,50,3.0,1,0.0
C1,1322,0.659080545541892,32.9,25.6,1,5.6,17.1875,26.0,14.0,22.0,1.0,50,2.0,2,0.0
C1,1323,0.7564601545047029,20.1,17.7,1,2.0,17.1875,8.0,5.0,22.0,1.0,50,2.0,2,0.0
C1,1324,0.09586565279606167,105.1,53.0,1,4.4,17.1875,52.0,11.0,22.0,1.0,50,1.0,2,0.0
C1,1325,0.6592086476351955,32.5,26.4,1,4.8,17.1875,22.0,12.0,22.0,1.0,50,2.0,0,0.0
C1,1326,0.7622119447177791,17.7,17.4,1,3.2,17.1875,15.0,8.0,22.0,1.0,50,2.0,1,0.0
C1,1327,0.12691828437500904,93.3,52.1,1,4.4,17.1875,55.0,11.0,22.0,1.0,50,1.0,1,0.0
C1,1328,0.03132080982907856,157.20000000000002,92.7,1,20.8,17.1875,97.0,52.0,22.0,1.0,50,3.0,2,0.0
C1,1329,0.2382075210131425,56.2,43.0,1,7.6,17.1875,49.0,19.0,22.0,1.0,50,2.0,1,0.0
C1,1330,0.5219796961280224,47.199999999999996,36.4,1,2.8,17.1875,31.0,7.0,22.0,1.0,50,1.0,1,0.0
C1,1331,0.7622119447177791,18.700000000000003,17.5,1,3.2,17.1875,14.0,8.0,22.0,1.0,50,2.0,2,0.0
C1,1332,0.4909858056206518,50.0,17.3,1,1.2,17.1875,9.0,3.0,22.0,1.0,50,1.0,2,0.0
C1,1333,0.170699875705371,77.3,50.2,1,4.8,17.1875,59.0,12.0,22.0,1.0,50,1.0,0,0.0
C1,1334,-0.09028532688481464,194.6,109.2,1,15.6,17.1875,100.0,39.0,22.0,1.0,50,2.0,1,0.0
C1,1335,0.02585424368338729,160.6,93.89999999999999,1,21.6,17.1875,92.0,54.0,22.0,1.0,50,3.0,1,0.0
C1,1336,-0.08803354151598167,191.0,102.6,1,14.0,17.1875,104.0,35.0,22.0,1.0,50,2.0,1,0.0
C1,1337,0.0904766563736853,136.7,79.10000000000001,1,22.0,17.1875,88.0,55.0,22.0,1.0,50,3.0,1,0.0
C1,1338,-0.014467202231961185,150.9,83.6,1,6.8,17.1875,99.0,17.0,22.0,1.0,50,1.0,2,0.0
C1,1339,0.7655148417576507,17.7,17.3,1,4.0,17.1875,19.0,10.0,22.0,1.0,50,2.0,1,0.0
C1,1340,0.01604744373969305,138.0,77.5,1,6.0,17.1875,82.0,15.0,22.0,1.0,50,1.0,0,0.0
C1,1341,0.09884703081442225,115.2,64.60000000000001,1,11.2,17.1875,64.0,28.0,22.0,1.0,50,2.0,1,0.0
C1,1342,-0.030961700112895868,197.1,108.0,1,31.6,17.1875,119.0,79.0,22.0,1.0,50,3.0,2,0.0
C1,1343,0.07986119532612365,127.2,73.1,1,14.0,17.1875,77.0,35.0,22.0,1.0,50,2.0,1,0.0
C1,1344,-0.07932821498131509,180.2,99.9,1,9.6,17.1875,102.0,24.0,22.0,1.0,50,1.0,1,0.0
C1,1345,0.13978646838156356,93.60000000000001,54.699999999999996,1,7.6,17.1875,51.0,19.0,22.0,1.0,50,2.0,2,0.0
C1,1346,-0.0028432814425298214,160.0,92.3,1,14.8,17.96875,96.0,37.0,23.0,1.0,50,2.0,2,0.0
C1,1347,0.649054049980937,32.9,26.0,1,3.2,17.1875,27.0,8.0,22.0,1.0,50,1.0,1,0.0
C1,1348,0.4894065094559651,50.0,17.5,1,0.8,17.1875,7.0,2.0,22.0,1.0,50,1.0,2,0.0
C1,1349,0.7655148417576507,17.9,17.4,1,4.0,17.1875,9.0,10.0,22.0,1.0,50,3.0,2,0.0
C1,1350,0.7671814422697458,17.8,17.5,1,4.4,17.1875,17.0,11.0,22.0,1.0,50,2.0,2,0.0
C1,1351,0.01716935836163938,180.79999999999998,105.80000000000001,1,33.2,17.1875,141.0,83.0,22.0,1.0,50,3.0,0,0.0
C1,1352,0.758951238880883,18.0,17.5,1,2.4,17.1875,9.0,6.0,22.0,1.0,50,2.0,1,0.0
C1,1353,0.757337347487159,17.8,17.6,1,2.0,17.1875,4.0,5.0,22.0,1.0,50,3.0,2,0.0
C1,1354,0.10533933700658794,101.5,52.2,1,4.4,17.1875,55.0,11.0,22.0,1.0,50,1.0,2,0.0
C1,1355,0.10242987997097697,127.5,76.6,1,19.2,17.1875,78.0,48.0,22.0,1.0,50,3.0,0,0.0
C1,1356,0.6512452887483859,33.6,27.0,1,5.2,17.1875,24.0,13.0,22.0,1.0,50,2.0,2,0.0
C1,1357,0.13201614563294026,90.1,52.8,1,3.6,17.1875,54.0,9.0,22.0,1.0,50,1.0,2,0.0
C1,1358,0.757337347487159,17.8,17.5,1,2.0,17.1875,5.0,5.0,22.0,1.0,50,3.0,2,0.0
C1,1359,0.758951238880883,18.0,17.4,1,2.4,17.96875,6.0,6.0,23.0,1.0,50,3.0,0,0.0
C1,1360,0.757337347487159,18.1,17.4,1,2.0,17.1875,8.0,5.0,22.0,1.0,50,2.0,0,0.0
C1,1361,0.5595803657704106,43.1,33.8,1,3.2,17.1875,39.0,8.0,22.0,1.0,50,1.0,2,0.0
C1,1362,0.4894065094559651,50.0,17.4,1,0.8,17.1875,5.0,2.0,22.0,1.0,50,1.0,0,0.0
C1,1363,0.4909858056206518,50.0,17.4,1,1.2,17.1875,9.0,3.0,22.0,1.0,50,1.0,0,0.0
C1,1364,0.7622119447177791,18.0,17.4,1,3.2,17.1875,8.0,8.0,22.0,1.0,50,3.0,0,0.0
C1,1365,0.4894065094559651,50.0,17.4,1,0.8,17.1875,6.0,2.0,22.0,1.0,50,1.0,2,0.0
C1,1366,0.763858250896098,17.9,17.6,1,3.6,17.1875,14.0,9.0,22.0,1.0,50,2.0,0,0.0
C1,1367,0.4909858056206518,50.0,17.7,1,1.2,17.1875,6.0,3.0,22.0,1.0,50,1.0,1,0.0
C1,1368,0.757337347487159,18.3,17.3,1,2.0,17.1875,5.0,5.0,22.0,1.0,50,3.0,0,0.0
C1,1369,0.763858250896098,17.3,17.1,1,3.6,17.1875,10.0,9.0,22.0,1.0,50,3.0,0,0.0
C1,1370,0.4894065094559651,50.0,17.3,1,0.8,17.1875,6.0,2.0,22.0,1.0,50,1.0,1,0.0
C1,1371,0.768857770442213,17.6,17.3,1,4.8,17.1875,19.0,12.0,22.0,1.0,50,2.0,0,0.0
C1,1372,0.757337347487159,17.7,17.3,1,2.0,17.1875,6.0,5.0,22.0,1.0,50,3.0,2,0.0
C1,1373,0.7557347567600108,17.8,17.5,1,1.6,17.1875,5.0,4.0,22.0,1.0,50,2.0,1,0.0
C1,1374,0.4894065094559651,50.0,17.4,1,0.8,17.1875,2.0,2.0,22.0,1.0,50,2.0,2,0.0
C1,1375,0.7557347567600108,17.5,17.2,1,1.6,17.1875,7.0,4.0,22.0,1.0,50,2.0,1,0.0
C1,1376,0.763858250896098,17.5,17.3,1,3.6,17.1875,10.0,9.0,22.0,1.0,50,3.0,0,0.0
C1,1377,0.4909858056206518,50.0,17.1,1,1.2,17.1875,3.0,3.0,22.0,1.0,50,2.0,2,0.0
C1,1378,0.4894065094559651,50.0,17.4,1,0.8,17.1875,3.0,2.0,22.0,1.0,50,1.0,0,0.0
C1,1379,0.7605761873560926,17.5,17.4,1,2.8,17.1875,7.0,7.0,22.0,1.0,50,3.0,2,0.0
C1,1380,0.7557347567600108,18.9,17.4,1,1.6,17.1875,5.0,4.0,22.0,1.0,50,2.0,1,0.0
C1,1381,0.763858250896098,17.6,17.3,1,3.6,17.1875,16.0,9.0,22.0,1.0,50,2.0,0,0.0
C1,1382,0.7605761873560926,17.8,17.5,1,2.8,17.1875,8.0,7.0,22.0,1.0,50,3.0,2,0.0
C1,1383,0.4909858056206518,50.0,17.5,1,1.2,17.1875,8.0,3.0,22.0,1.0,50,1.0,1,0.0
C1,1384,0.4909858056206518,50.0,17.4,1,1.2,17.1875,8.0,3.0,22.0,1.0,50,1.0,1,0.0
C1,1385,0.7605761873560926,17.8,17.4,1,2.8,17.1875,8.0,7.0,22.0,1.0,50,3.0,2,0.0
C1,1386,0.7722384402787341,17.6,17.4,1,5.6,17.1875,16.0,14.0,22.0,1.0,50,3.0,1,0.0
C1,1387,0.758951238880883,17.3,17.1,1,2.4,17.1875,10.0,6.0,22.0,1.0,50,2.0,1,0.0
C1,1388,0.4894065094559651,50.0,17.2,1,0.8,17.1875,3.0,2.0,22.0,1.0,50,3.0,0,0.0
C1,1389,0.757337347487159,18.599999999999998,17.5,1,2.0,17.1875,6.0,5.0,22.0,1.0,50,3.0,1,0.0
C1,1390,0.4909858056206518,50.0,17.2,1,1.2,17.1875,8.0,3.0,22.0,1.0,50,1.0,1,0.0
C1,1391,0.5624965471401817,44.3,34.6,1,6.4,17.1875,34.0,16.0,22.0,1.0,50,2.0,0,0.0
C1,1392,0.4909858056206518,50.0,17.3,1,1.2,17.1875,3.0,3.0,22.0,1.0,50,2.0,1,0.0
C1,1393,0.4894065094559651,50.0,17.4,1,0.8,17.1875,5.0,2.0,22.0,1.0,50,1.0,1,0.0
C1,1394,0.4909858056206518,50.0,17.4,1,1.2,17.1875,3.0,3.0,22.0,1.0,50,3.0,1,0.0
C1,1395,0.4894065094559651,50.0,17.3,1,0.8,17.1875,7.0,2.0,22.0,1.0,50,1.0,0,0.0
C1,1396,0.768857770442213,17.9,17.4,1,4.8,17.1875,14.0,12.0,22.0,1.0,50,3.0,2,0.0
C1,1397,0.4909858056206518,50.0,17.3,1,1.2,17.1875,8.0,3.0,22.0,1.0,50,1.0,0,0.0
C1,1398,0.757337347487159,17.7,17.4,1,2.0,17.1875,6.0,5.0,22.0,1.0,50,3.0,1,0.0
C1,1399,0.757337347487159,17.8,17.5,1,2.0,17.1875,5.0,5.0,22.0,1.0,50,3.0,0,0.0
C1,1400,0.4894065094559651,50.0,17.3,1,0.8,17.1875,5.0,2.0,22.0,1.0,50,1.0,2,0.0
C1,1401,0.5870597134222469,43.7,35.1,1,10.8,17.1875,39.0,27.0,22.0,1.0,50,3.0,0,0.0
C1,1402,0.7557347567600108,20.0,17.6,1,1.6,17.1875,7.0,4.0,22.0,1.0,50,2.0,2,0.0
C1,1403,0.7541437003574938,18.5,17.5,1,1.2,17.1875,4.0,3.0,22.0,1.0,50,3.0,2,0.0
C1,1404,0.4894065094559651,50.0,17.4,1,0.8,17.1875,2.0,2.0,22.0,1.0,50,2.0,1,0.0
C1,1405,0.7541437003574938,17.5,17.2,1,1.2,17.1875,10.0,3.0,22.0,1.0,50,1.0,2,0.0
C1,1406,0.7671814422697458,17.8,17.5,1,4.4,17.1875,12.0,11.0,22.0,1.0,50,3.0,1,0.0
C1,1407,0.4909858056206518,50.0,17.3,1,1.2,17.1875,8.0,3.0,22.0,1.0,50,1.0,0,0.0
C1,1408,0.4282301737168955,50.0,17.5,1,0.8,17.1875,8.0,2.0,22.0,1.0,70,1.0,2,0.0
C1,1409,0.695856543421489,17.5,17.2,1,2.8,17.1875,7.0,7.0,22.0,1.0,70,3.0,1,0.0
C1,1410,0.695856543421489,17.6,17.3,1,2.8,17.1875,8.0,7.0,22.0,1.0,70,3.0,2,0.0
C1,1411,0.1457003223558073,63.70000000000001,42.8,1,7.6,17.1875,44.0,19.0,22.0,1.0,70,2.0,2,0.0
C1,1412,0.6949342494879829,17.5,17.3,1,2.4,17.1875,7.0,6.0,22.0,1.0,70,3.0,1,0.0
C1,1413,0.4290954344073689,50.0,17.4,1,1.2,17.1875,8.0,3.0,22.0,1.0,70,1.0,0,0.0
C1,1414,0.6940263352002114,17.6,17.3,1,2.0,17.1875,8.0,5.0,22.0,1.0,70,2.0,1,0.0
C1,1415,0.4282301737168955,50.0,17.4,1,0.8,17.1875,6.0,2.0,22.0,1.0,70,1.0,2,0.0
C1,1416,0.48708461359692745,43.8,33.8,1,2.8,17.1875,32.0,7.0,22.0,1.0,70,1.0,1,0.0
C1,1417,0.45213053275615867,48.0,34.6,1,3.6,17.1875,32.0,9.0,22.0,1.0,70,1.0,1,0.0
C1,1418,-0.10065651005602089,160.39999999999998,93.60000000000001,1,10.4,17.1875,99.0,26.0,22.0,1.0,70,1.0,1,0.0
C1,1419,0.09325948817235064,91.6,53.1,1,14.4,17.1875,57.0,36.0,22.0,1.0,70,3.0,1,0.0
C1,1420,0.022668343860009363,114.0,62.5,1,10.8,17.1875,62.0,27.0,22.0,1.0,70,2.0,1,0.0
C1,1421,0.034786056706518964,94.0,53.699999999999996,1,12.8,17.1875,58.0,32.0,22.0,1.0,90,3.0,2,0.0
C1,1422,0.6666701724931865,17.8,17.4,1,4.4,17.1875,11.0,11.0,22.0,1.0,90,3.0,2,0.0
C1,1423,-0.20056297019834846,186.5,105.30000000000001,1,17.6,17.1875,103.0,44.0,22.0,1.0,90,2.0,2,0.0
C1,1424,0.4003882500542819,50.0,17.3,1,0.8,17.1875,4.0,2.0,22.0,1.0,90,1.0,1,0.0
C1,1425,0.12879465415491073,55.5,42.2,1,7.2,17.1875,41.0,18.0,22.0,1.0,90,2.0,1,0.0
C1,1426,0.6645151185065423,18.4,17.4,1,2.0,17.1875,16.0,5.0,22.0,1.0,90,1.0,1,0.0
C1,1427,0.6645151185065423,18.1,17.4,1,2.0,17.1875,5.0,5.0,22.0,1.0,90,3.0,1,0.0
C1,1428,0.001912548893917454,109.0,64.60000000000001,1,16.8,17.1875,67.0,42.0,22.0,1.0,90,3.0,1,0.0
C1,1429,-0.1878685113815492,186.9,104.5,1,24.0,17.1875,110.0,60.0,22.0,1.0,90,3.0,2,0.0
C1,1430,-0.12413155953663052,160.89999999999998,93.39999999999999,1,22.0,17.1875,91.0,55.0,22.0,1.0,90,3.0,1,0.0
C1,1431,0.6659183675801024,17.8,17.5,1,3.6,17.1875,14.0,9.0,22.0,1.0,90,2.0,0,0.0
C1,1432,0.45567072850100315,44.6,33.7,1,8.8,17.1875,35.0,22.0,22.0,1.0,90,3.0,2,0.0
C1,1433,-0.05507043958041369,131.5,75.5,1,18.0,17.1875,73.0,45.0,22.0,1.0,90,3.0,1,0.0
C1,1434,0.40102651173054954,50.0,17.4,1,1.6,17.1875,2.0,4.0,22.0,1.0,90,3.0,1,0.0
C1,1435,-0.07801247567786374,136.2,66.69999999999999,1,11.6,17.1875,70.0,29.0,22.0,1.0,90,2.0,2,0.0
C1,1436,-0.10778429321351032,145.4,86.7,1,7.2,17.1875,81.0,18.0,22.0,1.0,90,1.0,1,0.0
C1,1437,0.6641844064673916,17.9,17.4,1,1.6,17.1875,6.0,4.0,22.0,1.0,90,2.0,1,0.0
C1,1438,0.6655552192464198,17.8,17.4,1,3.2,17.1875,9.0,8.0,22.0,1.0,90,3.0,0,0.0
C1,1439,-0.16476201338860685,176.0,99.3,1,21.6,17.1875,105.0,54.0,22.0,1.0,90,3.0,1,0.0
C1,1440,0.0007451047649761067,107.39999999999999,61.199999999999996,1,13.6,17.1875,63.0,34.0,22.0,1.0,90,3.0,2,0.0
C1,1441,0.011291604520713011,100.5,54.5,1,8.0,17.1875,55.0,20.0,22.0,1.0,90,2.0,2,0.0
C1,1442,0.005351660540355879,101.6,50.7,1,5.2,17.1875,59.0,13.0,22.0,1.0,90,1.0,0,0.0
C1,1443,-0.21386731236641515,187.20000000000002,108.0,1,10.4,17.1875,113.0,26.0,22.0,1.0,90,1.0,1,0.0
C1,1444,0.666289972053633,18.0,17.5,1,4.0,17.1875,11.0,10.0,22.0,1.0,90,3.0,0,0.0
C1,1445,0.6645151185065423,18.700000000000003,17.5,1,2.0,17.1875,8.0,5.0,22.0,1.0,90,2.0,2,0.0
C1,1446,0.6666701724931865,17.8,17.5,1,4.4,17.1875,12.0,11.0,22.0,1.0,90,3.0,0,0.0
C1,1447,0.843222663187408,17.7,17.5,1,1.6,17.1875,10.0,4.0,22.0,1.0,30,1.0,0,0.0
C1,1448,0.5783284365275949,50.0,17.6,1,1.2,17.1875,6.0,3.0,22.0,1.0,30,1.0,0,0.0
C1,1449,0.5765839711106497,50.0,17.6,1,0.8,17.1875,3.0,2.0,22.0,1.0,30,2.0,0,0.0
C1,1450,0.841486331264437,18.4,17.5,1,1.2,17.1875,5.0,3.0,22.0,1.0,30,2.0,2,0.0
C1,1451,0.8483776397808107,17.6,17.4,1,2.8,17.1875,11.0,7.0,22.0,1.0,30,2.0,0,0.0
C1,1452,0.5765839711106497,50.0,17.5,1,0.8,17.1875,2.0,2.0,22.0,1.0,30,2.0,2,0.0
C1,1453,0.8466688412521486,18.2,17.4,1,2.4,17.1875,8.0,6.0,22.0,1.0,30,2.0,1,0.0
C1,1454,0.843222663187408,17.8,17.5,1,1.6,17.1875,5.0,4.0,22.0,1.0,30,3.0,2,0.0
C1,1455,0.5783284365275949,50.0,17.4,1,1.2,17.1875,3.0,3.0,22.0,1.0,30,3.0,0,0.0
C1,1456,0.7456236838490844,32.099999999999994,25.7,1,3.6,17.1875,20.0,9.0,22.0,1.0,30,2.0,0,0.0
C1,1457,0.5765839711106497,50.0,17.3,1,0.8,17.1875,3.0,2.0,22.0,1.0,30,1.0,0,0.0
C1,1458,0.841486331264437,17.7,17.4,1,1.2,17.1875,5.0,3.0,22.0,1.0,30,2.0,1,0.0
C1,1459,0.5765839711106497,50.0,17.5,1,0.8,17.1875,6.0,2.0,22.0,1.0,30,1.0,2,0.0
C1,1460,0.8449503405842116,17.9,17.4,1,2.0,17.1875,6.0,5.0,22.0,1.0,30,3.0,0,0.0
C1,1461,0.8551053220002116,17.7,17.4,1,4.4,17.1875,13.0,11.0,22.0,1.0,30,3.0,1,0.0
C1,1462,0.8483776397808107,17.8,17.5,1,2.8,17.1875,7.0,7.0,22.0,1.0,30,3.0,1,0.0
C1,1463,0.5765839711106497,50.0,17.4,1,0.8,17.1875,7.0,2.0,22.0,1.0,30,1.0,1,0.0
C1,1464,0.5765839711106497,50.0,17.6,1,0.8,17.1875,3.0,2.0,22.0,1.0,30,2.0,1,0.0
C1,1465,0.8466688412521486,17.7,17.4,1,2.4,17.1875,6.0,6.0,22.0,1.0,30,3.0,1,0.0
C1,1466,0.4909858056206518,50.0,17.3,1,1.2,17.1875,8.0,3.0,22.0,1.0,50,1.0,2,0.0
C1,1467,0.7557347567600108,19.400000000000002,17.7,1,1.6,17.1875,6.0,4.0,22.0,1.0,50,2.0,1,0.0
C1,1468,0.4894065094559651,50.0,17.4,1,0.8,17.1875,5.0,2.0,22.0,1.0,50,1.0,0,0.0
C1,1469,0.4003882500542819,50.0,17.7,1,0.8,17.1875,4.0,2.0,22.0,1.0,90,1.0,0,0.0
C1,1470,0.40070356569969146,50.0,17.5,1,1.2,17.1875,4.0,3.0,22.0,1.0,90,2.0,0,0.0
C1,1471,0.6674569236982506,17.8,17.5,1,5.2,17.1875,16.0,13.0,22.0,1.0,90,3.0,2,0.0
C1,1472,0.6641844064673916,18.0,17.5,1,1.6,17.1875,5.0,4.0,22.0,1.0,90,3.0,2,0.0
C1,1473,0.40070356569969146,50.0,17.5,1,1.2,17.1875,4.0,3.0,22.0,1.0,90,2.0,2,0.0
C1,1474,0.40070356569969146,50.0,17.5,1,1.2,17.1875,3.0,3.0,22.0,1.0,90,3.0,1,0.0
C1,1475,0.6641844064673916,17.9,17.5,1,1.6,17.1875,5.0,4.0,22.0,1.0,90,2.0,2,0.0
C1,1476,0.6666701724931865,17.7,17.4,1,4.4,17.1875,12.0,11.0,22.0,1.0,90,3.0,2,0.0
C1,1477,0.6666701724931865,17.8,17.5,1,4.4,17.1875,11.0,11.0,22.0,1.0,90,3.0,1,0.0
C1,1478,0.6652003871959242,17.8,17.4,1,2.8,17.1875,8.0,7.0,22.0,1.0,90,3.0,1,0.0
C1,1479,0.6641844064673916,19.3,17.6,1,1.6,17.1875,11.0,4.0,22.0,1.0,90,1.0,1,0.0
C1,1480,0.5478484518398756,33.300000000000004,26.700000000000003,1,2.0,17.1875,21.0,5.0,22.0,1.0,90,1.0,0,0.0
C1,1481,0.4524902789406061,44.6,32.800000000000004,1,6.0,17.1875,30.0,15.0,22.0,1.0,90,2.0,1,0.0
C1,1482,0.6655552192464198,18.0,17.5,1,3.2,17.1875,14.0,8.0,22.0,1.0,90,2.0,1,0.0
C1,1483,0.5596526286335375,32.2,25.9,1,4.4,17.1875,24.0,11.0,22.0,1.0,90,2.0,2,0.0
C1,1484,0.6666701724931865,17.7,17.5,1,4.4,17.1875,19.0,11.0,22.0,1.0,90,2.0,1,0.0
C1,1485,0.5626882723606523,32.4,25.5,1,8.8,17.1875,25.0,22.0,22.0,1.0,90,3.0,1,0.0
C1,1486,0.5594906726120784,32.5,27.0,1,6.8,17.1875,25.0,17.0,22.0,1.0,90,3.0,0,0.0
C1,1487,0.6674569236982506,17.7,17.4,1,5.2,17.1875,14.0,13.0,22.0,1.0,90,3.0,0,0.0
C1,1488,0.6687050510671897,17.9,17.6,1,6.4,17.1875,17.0,16.0,22.0,1.0,90,3.0,0,0.0
C1,1489,0.4586134796296223,44.0,33.5,1,6.8,17.1875,37.0,17.0,22.0,1.0,90,2.0,2,0.0
C1,1490,0.4542487185151182,44.6,33.300000000000004,1,7.6,17.1875,32.0,19.0,22.0,1.0,90,3.0,1,0.0
C1,1491,0.5595725772434763,32.7,26.3,1,8.4,17.1875,27.0,21.0,22.0,1.0,90,3.0,0,0.0
C1,1492,0.6666701724931865,17.8,17.5,1,4.4,17.1875,19.0,11.0,22.0,1.0,90,2.0,2,0.0
C1,1493,0.5525730313434458,32.800000000000004,28.299999999999997,1,2.4,17.1875,20.0,6.0,22.0,1.0,90,1.0,1,0.0
C1,1494,0.6648537330978317,18.3,17.5,1,2.4,17.1875,17.0,6.0,22.0,1.0,90,1.0,1,0.0
C1,1495,0.456940998296108,44.4,34.0,1,8.4,17.1875,31.0,21.0,22.0,1.0,90,3.0,2,0.0
C1,1496,0.45733744179620667,44.0,32.2,1,5.6,17.1875,31.0,14.0,22.0,1.0,90,2.0,2,0.0
C1,1497,0.6687050510671897,17.9,17.5,1,6.4,17.1875,17.0,16.0,22.0,1.0,90,3.0,1,0.0
C1,1498,0.6645151185065423,17.8,17.4,1,2.0,17.1875,15.0,5.0,22.0,1.0,90,1.0,0,0.0
C1,1499,0.6648537330978317,19.599999999999998,17.6,1,2.4,17.1875,18.0,6.0,22.0,1.0,90,1.0,0,0.0
C1,1500,0.6674569236982506,17.9,17.6,1,5.2,17.1875,16.0,13.0,22.0,1.0,90,3.0,2,0.0
C1,1501,-0.17690785686604876,181.29999999999998,102.1,1,22.4,17.1875,136.0,56.0,22.0,1.0,90,2.0,1,0.0
C1,1502,0.002145933446533743,179.0,102.1,1,67.6,17.96875,301.0,169.0,23.0,1.0,90,3.0,0,0.0
C1,1503,-0.18152938998124013,188.9,105.89999999999999,1,28.4,17.1875,123.0,71.0,22.0,1.0,90,3.0,1,0.0
C1,1504,-0.1848401220408094,186.5,102.4,1,24.8,17.1875,110.0,62.0,22.0,1.0,90,3.0,2,0.0
C1,1505,-0.24876075608985693,199.5,106.5,1,8.4,17.1875,90.0,21.0,22.0,1.0,90,1.0,0,0.0
C1,1506,-0.05333026482533948,126.4,81.9,1,10.8,17.1875,70.0,27.0,22.0,1.0,90,2.0,2,0.0
C1,1507,-0.17704096941289704,191.8,105.39999999999999,1,32.4,17.1875,133.0,81.0,22.0,1.0,90,3.0,1,0.0
C1,1508,-0.05875777111058089,129.1,72.3,1,12.0,17.1875,78.0,30.0,22.0,1.0,90,2.0,1,0.0
C1,1509,-0.043574824630428,210.0,118.3,1,19.2,17.1875,120.0,48.0,22.0,1.0,30,2.0,2,0.0
C1,1510,0.34146318623099464,54.0,40.800000000000004,1,10.4,17.1875,42.0,26.0,22.0,1.0,30,3.0,2,0.0
C1,1511,-0.019088251401829293,193.6,106.5,1,12.4,17.1875,159.0,31.0,22.0,1.0,30,1.0,1,0.0
C1,1512,0.19052631578947374,125.6,73.2,1,20.4,17.1875,79.0,51.0,22.0,1.0,30,3.0,1,0.0
C1,1513,0.8567577352788383,18.3,17.5,1,4.8,17.1875,19.0,12.0,22.0,1.0,30,2.0,0,0.0
C1,1514,0.8466688412521486,17.9,17.5,1,2.4,17.1875,19.0,6.0,22.0,1.0,30,1.0,1,0.0
C1,1515,0.7496253626257221,32.4,26.9,1,5.2,17.1875,27.0,13.0,22.0,1.0,30,2.0,1,0.0
C1,1516,0.7378969114275873,32.4,26.3,1,2.4,17.1875,23.0,6.0,22.0,1.0,30,1.0,2,0.0
C1,1517,0.8600234727923319,17.7,17.4,1,5.6,17.1875,16.0,14.0,22.0,1.0,30,3.0,2,0.0
C1,1518,0.8466688412521486,18.0,17.4,1,2.4,17.1875,9.0,6.0,22.0,1.0,30,2.0,2,0.0
C1,1519,0.8449503405842116,18.2,17.6,1,2.0,17.1875,14.0,5.0,22.0,1.0,30,1.0,2,0.0
C1,1520,0.843222663187408,17.8,17.5,1,1.6,17.1875,5.0,4.0,22.0,1.0,30,3.0,2,0.0
C1,1521,0.6755148099142694,39.9,33.300000000000004,1,3.2,17.1875,39.0,8.0,22.0,1.0,30,1.0,0,0.0
C1,1522,0.841486331264437,17.4,17.2,1,1.2,17.1875,10.0,3.0,22.0,1.0,30,1.0,2,0.0
C1,1523,0.8466688412521486,17.9,17.5,1,2.4,17.1875,14.0,6.0,22.0,1.0,30,1.0,2,0.0
C1,1524,0.5783284365275949,50.0,17.3,1,1.2,17.1875,8.0,3.0,22.0,1.0,30,1.0,1,0.0
C1,1525,0.2174112680552871,102.2,59.4,1,11.2,17.1875,65.0,28.0,22.0,1.0,30,2.0,1,0.0
C1,1526,0.19541193082046576,117.4,62.8,1,17.2,17.1875,67.0,43.0,22.0,1.0,30,3.0,0,0.0
C1,1527,0.13629202929238876,124.39999999999999,72.0,1,5.2,17.1875,79.0,13.0,22.0,1.0,30,1.0,1,0.0
C1,1528,0.13166987883447256,135.3,73.1,1,11.6,17.1875,73.0,29.0,22.0,1.0,30,2.0,2,0.0
C1,1529,0.053421052631579036,177.7,103.1,1,25.2,17.1875,112.0,63.0,22.0,1.0,30,3.0,1,0.0
C1,1530,0.8616357506885648,17.6,17.4,1,6.0,17.1875,19.0,15.0,22.0,1.0,30,3.0,0,0.0
C1,1531,0.7521287359502264,32.300000000000004,25.4,1,5.6,17.1875,29.0,14.0,22.0,1.0,30,2.0,0,0.0
C1,1532,0.6808337801316877,39.1,30.5,1,2.8,17.1875,32.0,7.0,22.0,1.0,30,1.0,1,0.0
C1,1533,-0.040172226428685315,200.6,104.6,1,11.6,17.1875,111.0,29.0,22.0,1.0,30,1.0,2,0.0
C1,1534,0.04210526315789476,182.0,105.1,1,25.2,17.1875,114.0,63.0,22.0,1.0,30,3.0,1,0.0
C1,1535,0.011391498476150758,173.7,98.10000000000001,1,6.4,17.1875,102.0,16.0,22.0,1.0,30,1.0,2,0.0
C1,1536,-0.011933341795689334,187.20000000000002,106.2,1,9.6,17.1875,124.0,24.0,22.0,1.0,30,1.0,1,0.0
C1,1537,0.005947069966498686,190.5,104.2,1,18.4,17.1875,123.0,46.0,22.0,1.0,30,2.0,2,0.0
C1,1538,-0.012459657585163098,187.4,105.0,1,9.6,17.1875,121.0,24.0,22.0,1.0,30,1.0,1,0.0
C1,1539,-0.043841396744146055,206.7,112.9,1,15.6,17.96875,111.0,39.0,23.0,1.0,30,2.0,0,0.0
C1,1540,0.01375237284207162,174.0,100.5,1,7.2,17.1875,113.0,18.0,22.0,1.0,30,1.0,2,0.0
C1,1541,0.04488561503099209,174.6,96.10000000000001,1,17.2,17.1875,125.0,43.0,22.0,1.0,30,2.0,1,0.0
C1,1542,0.030000000000000027,186.6,105.5,1,28.0,17.1875,118.0,70.0,22.0,1.0,30,3.0,0,0.0
C1,1543,0.06684210526315792,172.6,103.2,1,27.2,17.1875,111.0,68.0,22.0,1.0,30,3.0,2,0.0
C1,1544,0.01236842105263164,193.3,108.0,1,27.2,17.1875,112.0,68.0,22.0,1.0,30,3.0,2,0.0
C1,1545,-0.01830348964475484,192.8,109.10000000000001,1,12.0,17.1875,117.0,30.0,22.0,1.0,30,1.0,0,0.0
C1,1546,0.035526315789473684,184.5,102.8,1,28.8,17.1875,124.0,72.0,22.0,1.0,30,3.0,2,0.0
C1,1547,0.0457894736842106,180.60000000000002,104.4,1,28.0,17.1875,126.0,70.0,22.0,1.0,30,3.0,2,0.0
C1,1548,0.03767225475527089,165.5,94.10000000000001,1,7.6,17.1875,97.0,19.0,22.0,1.0,30,1.0,1,0.0
C1,1549,0.03202277601390727,178.7,100.4,1,16.4,17.1875,104.0,41.0,22.0,1.0,30,2.0,1,0.0
C1,1550,0.06342105263157899,173.9,99.5,1,21.2,17.1875,111.0,53.0,22.0,1.0,30,2.0,0,0.0
C1,1551,0.015786166666237667,174.4,99.4,1,8.0,17.1875,133.0,20.0,22.0,1.0,30,1.0,2,0.0
C1,1552,0.012803500309573723,177.8,105.39999999999999,1,9.6,17.1875,127.0,24.0,22.0,1.0,30,1.0,0,0.0
C1,1553,-0.0008961803262602652,190.8,105.2,1,16.0,17.1875,110.0,40.0,22.0,1.0,30,2.0,2,0.0
C1,1554,0.01489329335795031,184.79999999999998,105.30000000000001,1,16.0,17.1875,106.0,40.0,22.0,1.0,30,2.0,1,0.0
C1,1555,-0.02752219305148068,203.9,114.9,1,19.2,17.1875,125.0,48.0,22.0,1.0,30,2.0,2,0.0
C1,1556,0.005961395046415852,180.4,102.4,1,9.6,17.1875,119.0,24.0,22.0,1.0,30,1.0,2,0.0
C1,1557,0.01359297399378434,177.5,105.80000000000001,1,9.6,17.1875,122.0,24.0,22.0,1.0,30,1.0,0,0.0
C1,1558,0.10131578947368425,159.5,96.10000000000001,1,20.8,17.1875,98.0,52.0,22.0,1.0,30,3.0,2,0.0
C1,1559,0.01578947368421052,192.0,106.5,1,29.6,17.1875,132.0,74.0,22.0,1.0,30,3.0,2,0.0
C1,1560,-0.13332573004980286,168.9,96.0,1,6.8,17.1875,95.0,17.0,22.0,1.0,70,1.0,1,0.0
C1,1561,-0.18233308414429883,194.8,106.0,1,13.2,17.1875,185.0,33.0,22.0,1.0,70,1.0,2,0.0
C1,1562,-0.0763008205193576,188.6,104.5,1,35.2,17.1875,144.0,88.0,22.0,1.0,70,3.0,0,0.0
C1,1563,-0.06176563857846659,186.5,106.0,1,37.2,17.96875,159.0,93.0,23.0,1.0,70,3.0,1,0.0
C1,1564,0.5906028049435494,32.9,25.8,1,6.0,17.1875,29.0,15.0,22.0,1.0,70,2.0,2,0.0
C1,1565,0.1126125680742426,78.89999999999999,52.1,1,10.0,17.1875,58.0,25.0,22.0,1.0,70,2.0,0,0.0
C1,1566,0.5821470997082685,33.4,27.400000000000002,1,4.4,17.1875,21.0,11.0,22.0,1.0,70,2.0,0,0.0
C1,1567,0.6967932929551672,17.9,17.5,1,3.2,17.1875,9.0,8.0,22.0,1.0,70,3.0,2,0.0
C1,1568,0.5808684404633694,32.9,26.5,1,2.0,17.1875,24.0,5.0,22.0,1.0,70,1.0,1,0.0
C1,1569,0.04696927490789354,100.8,55.0,1,7.2,17.1875,52.0,18.0,22.0,1.0,70,2.0,0,0.0
C1,1570,0.5791898767548223,33.300000000000004,26.9,1,2.8,17.1875,24.0,7.0,22.0,1.0,70,1.0,0,0.0
C1,1571,0.5853302276320151,32.599999999999994,25.9,1,2.8,17.1875,24.0,7.0,22.0,1.0,70,1.0,0,0.0
C1,1572,0.6931327226609154,17.9,17.5,1,1.6,17.1875,6.0,4.0,22.0,1.0,70,2.0,1,0.0
C1,1573,0.7048152805918526,17.8,17.5,1,6.4,17.1875,18.0,16.0,22.0,1.0,70,3.0,0,0.0
C1,1574,0.6949342494879829,17.8,17.4,1,2.4,17.1875,19.0,6.0,22.0,1.0,70,1.0,1,0.0
C1,1575,0.6931327226609154,17.8,17.5,1,1.6,17.1875,10.0,4.0,22.0,1.0,70,1.0,0,0.0
C1,1576,0.6977445678438781,18.0,17.5,1,3.6,17.1875,14.0,9.0,22.0,1.0,70,2.0,2,0.0
C1,1577,0.4290954344073689,50.0,17.5,1,1.2,17.1875,8.0,3.0,22.0,1.0,70,1.0,2,0.0
C1,1578,0.5318308751189881,39.6,34.2,1,6.0,17.1875,31.0,15.0,22.0,1.0,70,2.0,0,0.0
C1,1579,0.12214813721775777,79.60000000000001,51.3,1,13.6,17.1875,56.0,34.0,22.0,1.0,70,3.0,0,0.0
C1,1580,0.519600310499027,40.2,32.4,1,3.2,17.1875,32.0,8.0,22.0,1.0,70,1.0,2,0.0
C1,1581,0.5862669771656936,32.599999999999994,24.9,1,3.2,17.1875,29.0,8.0,22.0,1.0,70,1.0,1,0.0
C1,1582,0.12116562047545695,69.1,46.199999999999996,1,3.6,17.1875,41.0,9.0,22.0,1.0,70,1.0,1,0.0
C1,1583,0.5878087382408885,33.099999999999994,26.9,1,5.6,17.1875,25.0,14.0,22.0,1.0,70,2.0,0,0.0
C1,1584,0.4282301737168955,50.0,17.6,1,0.8,17.1875,5.0,2.0,22.0,1.0,70,1.0,2,0.0
C1,1585,0.695856543421489,17.7,17.4,1,2.8,17.1875,7.0,7.0,22.0,1.0,70,3.0,1,0.0
C1,1586,0.8567577352788383,17.9,17.5,1,4.8,17.1875,13.0,12.0,22.0,1.0,30,3.0,0,0.0
C1,1587,0.580064768450566,50.0,17.4,1,1.6,17.1875,4.0,4.0,22.0,1.0,30,1.0,0,0.0
C1,1588,0.8449503405842116,17.8,17.5,1,2.0,17.1875,8.0,5.0,22.0,1.0,30,2.0,2,0.0
C1,1589,0.5765839711106497,50.0,17.6,1,0.8,17.1875,3.0,2.0,22.0,1.0,30,1.0,2,0.0
C1,1590,0.843222663187408,17.9,17.5,1,1.6,17.1875,7.0,4.0,22.0,1.0,30,2.0,1,0.0
C1,1591,0.7428866865161909,33.9,27.5,1,6.8,17.1875,20.0,17.0,22.0,1.0,30,3.0,2,0.0
C1,1592,0.5765839711106497,50.0,17.7,1,0.8,17.1875,8.0,2.0,22.0,1.0,30,1.0,1,0.0
C1,1593,0.8466688412521486,17.7,17.4,1,2.4,17.1875,10.0,6.0,22.0,1.0,30,2.0,0,0.0
C1,1594,0.8449503405842116,18.1,17.5,1,2.0,17.1875,5.0,5.0,22.0,1.0,30,3.0,0,0.0
C1,1595,0.8500762134230411,17.7,17.4,1,3.2,17.1875,8.0,8.0,22.0,1.0,30,3.0,1,0.0
C1,1596,0.8517640347262774,18.0,17.5,1,3.6,17.1875,10.0,9.0,22.0,1.0,30,3.0,0,0.0
C1,1597,0.843222663187408,17.8,17.4,1,1.6,17.1875,12.0,4.0,22.0,1.0,30,1.0,0,0.0
C1,1598,0.5783284365275949,50.0,17.6,1,1.2,17.1875,9.0,3.0,22.0,1.0,30,1.0,2,0.0
C1,1599,0.8483776397808107,18.700000000000003,17.6,1,2.8,17.1875,5.0,7.0,22.0,1.0,30,3.0,2,0.0
C1,1600,0.8483776397808107,19.0,17.5,1,2.8,17.1875,9.0,7.0,22.0,1.0,30,2.0,0,0.0
C1,1601,0.6659183675801024,17.7,17.3,1,3.6,17.1875,9.0,9.0,22.0,1.0,90,3.0,0,0.0
C1,1602,0.40070356569969146,50.0,17.4,1,1.2,17.1875,8.0,3.0,22.0,1.0,90,1.0,1,0.0
C1,1603,0.6678637575856803,17.8,17.4,1,5.6,17.1875,14.0,14.0,22.0,1.0,90,3.0,2,0.0
C1,1604,0.6641844064673916,18.0,17.3,1,1.6,17.1875,6.0,4.0,22.0,1.0,90,2.0,1,0.0
C1,1605,0.40135722376970023,50.0,17.6,1,2.0,17.1875,3.0,5.0,22.0,1.0,90,3.0,0,0.0
C1,1606,0.6655552192464198,17.7,17.5,1,3.2,17.1875,14.0,8.0,22.0,1.0,90,2.0,1,0.0
C1,1607,0.666289972053633,17.7,17.5,1,4.0,17.1875,10.0,10.0,22.0,1.0,90,3.0,1,0.0
C1,1608,0.03438360442267391,95.10000000000001,55.1,1,14.4,17.1875,57.0,36.0,22.0,1.0,90,3.0,0,0.0
C1,1609,0.030901988018023796,93.60000000000001,55.4,1,9.2,17.1875,54.0,23.0,22.0,1.0,90,2.0,0,0.0
C1,1610,-0.19267746287287363,189.1,104.1,1,24.4,17.1875,108.0,61.0,22.0,1.0,90,3.0,2,0.0
C1,1611,-0.12153649601575964,171.2,95.8,1,32.8,17.1875,125.0,82.0,22.0,1.0,90,3.0,1,0.0
C1,1612,-0.15923471126876065,165.3,99.0,1,8.0,17.1875,109.0,20.0,22.0,1.0,90,1.0,2,0.0
C1,1613,-0.1590342298691964,169.1,97.60000000000001,1,15.2,17.1875,98.0,38.0,22.0,1.0,90,2.0,0,0.0
C1,1614,-0.18298481662995758,177.7,105.39999999999999,1,14.4,17.1875,105.0,36.0,22.0,1.0,90,2.0,2,0.0
C1,1615,-0.1850458839255052,186.20000000000002,100.9,1,24.4,17.1875,117.0,61.0,22.0,1.0,90,3.0,2,0.0
C1,1616,-0.07293199449446183,139.8,81.3,1,20.0,17.1875,86.0,50.0,22.0,1.0,90,3.0,0,0.0
C1,1617,0.01535166054035586,97.8,55.199999999999996,1,5.2,17.1875,63.0,13.0,22.0,1.0,90,1.0,1,0.0
C1,1618,0.561689390997016,32.300000000000004,25.6,1,7.2,17.1875,26.0,18.0,22.0,1.0,90,3.0,0,0.0
C1,1619,-0.1930360368488676,177.3,99.6,1,6.0,17.1875,101.0,15.0,22.0,1.0,90,1.0,0,0.0
C1,1620,-0.09252113531877346,139.6,78.0,1,7.2,17.1875,81.0,18.0,22.0,1.0,90,1.0,2,0.0
C1,1621,-0.16590028082642355,186.6,106.39999999999999,1,31.6,17.1875,409.0,79.0,22.0,1.0,90,1.0,2,0.0
C1,1622,0.037631578947368516,183.7,103.9,1,84.4,17.1875,367.0,211.0,22.0,1.0,90,3.0,1,0.0
C1,1623,-0.08246633403352849,142.5,84.5,1,18.8,17.1875,80.0,47.0,22.0,1.0,90,3.0,2,0.0
C1,1624,0.5535122777563445,32.9,26.5,1,4.4,17.1875,23.0,11.0,22.0,1.0,90,2.0,1,0.0
C1,1625,-0.2179313912509801,193.1,107.1,1,17.6,17.1875,109.0,44.0,22.0,1.0,90,2.0,0,0.0
C1,1626,-0.07798563282770637,140.5,81.8,1,18.4,17.1875,83.0,46.0,22.0,1.0,90,3.0,2,0.0
C1,1627,-0.06457159719142319,135.7,83.8,1,18.8,17.1875,89.0,47.0,22.0,1.0,90,3.0,1,0.0
C1,1628,0.11771163500200583,61.199999999999996,43.3,1,10.4,17.1875,42.0,26.0,22.0,1.0,90,3.0,2,0.0
C1,1629,0.4595621868561453,43.7,32.599999999999994,1,5.2,17.1875,31.0,13.0,22.0,1.0,90,2.0,1,0.0
C1,1630,0.12239732450957766,56.4,41.5,1,3.2,17.1875,40.0,8.0,22.0,1.0,90,1.0,0,0.0
C1,1631,0.46351184043781846,44.0,34.1,1,10.8,17.1875,39.0,27.0,22.0,1.0,90,3.0,1,0.0
C1,1632,0.5487256448223319,33.2,26.3,1,2.0,17.1875,21.0,5.0,22.0,1.0,90,1.0,0,0.0
C1,1633,0.555743188681981,32.4,25.8,1,2.0,17.1875,25.0,5.0,22.0,1.0,90,1.0,2,0.0
C1,1634,-0.18696381247085542,191.39999999999998,106.39999999999999,1,28.8,17.1875,116.0,72.0,22.0,1.0,90,3.0,1,0.0
C1,1635,-0.08537824824334109,145.5,80.4,1,21.2,17.1875,89.0,53.0,22.0,1.0,90,3.0,0,0.0
C1,1636,0.4639585421557571,43.6,33.099999999999994,1,8.4,17.1875,32.0,21.0,22.0,1.0,90,3.0,0,0.0
C1,1637,0.5559060964394023,32.5,26.1,1,3.2,17.1875,27.0,8.0,22.0,1.0,90,1.0,2,0.0
C1,1638,-0.03583562734234802,117.1,64.60000000000001,1,4.8,17.1875,63.0,12.0,22.0,1.0,90,1.0,0,0.0
C1,1639,-0.02845770704045375,121.1,70.2,1,17.6,17.1875,76.0,44.0,22.0,1.0,90,3.0,0,0.0
C1,1640,0.6641844064673916,18.0,17.5,1,1.6,17.1875,4.0,4.0,22.0,1.0,90,3.0,2,0.0
C1,1641,0.6645151185065423,18.0,17.5,1,2.0,17.1875,17.0,5.0,22.0,1.0,90,1.0,2,0.0
C1,1642,0.14193289306939735,52.2,40.2,1,10.8,17.1875,44.0,27.0,22.0,1.0,90,3.0,2,0.0
C1,1643,0.45599905087043063,44.2,34.8,1,6.0,17.1875,33.0,15.0,22.0,1.0,90,2.0,2,0.0
C1,1644,0.0655755303907295,82.3,47.0,1,12.8,17.1875,43.0,32.0,22.0,1.0,90,3.0,1,0.0
C1,1645,-0.20388906447398336,185.4,108.2,1,14.0,17.1875,135.0,35.0,22.0,1.0,90,1.0,1,0.0
C1,1646,-0.1864517751202252,189.5,107.5,1,27.2,17.1875,120.0,68.0,22.0,1.0,90,3.0,2,0.0
C1,1647,-0.20591117814522641,198.6,109.60000000000001,1,8.8,17.1875,135.0,22.0,22.0,1.0,70,1.0,0,0.0
C1,1648,-0.1364717716242107,173.1,99.1,1,9.6,17.1875,116.0,24.0,22.0,1.0,70,1.0,2,0.0
C1,1649,-0.1821200428922367,190.0,107.30000000000001,1,9.2,17.1875,144.0,23.0,22.0,1.0,70,1.0,0,0.0
C1,1650,-0.15367972518954826,192.6,110.10000000000001,1,19.6,17.1875,126.0,49.0,22.0,1.0,70,2.0,2,0.0
C1,1651,-0.11829292859015486,189.70000000000002,106.0,1,26.4,17.1875,171.0,66.0,22.0,1.0,70,2.0,2,0.0
C1,1652,-0.10899678999122459,188.79999999999998,102.9,1,28.0,17.1875,107.0,70.0,22.0,1.0,70,3.0,2,0.0
C1,1653,-0.13830620934712973,185.6,103.0,1,18.8,17.1875,137.0,47.0,22.0,1.0,70,2.0,2,0.0
C1,1654,-0.18996323508735896,194.8,107.7,1,10.8,17.1875,121.0,27.0,22.0,1.0,70,1.0,1,0.0
C1,1655,-0.055926453439762824,187.0,104.5,1,38.8,17.1875,153.0,97.0,22.0,1.0,70,3.0,1,0.0
C1,1656,-0.10299622071606337,196.0,106.6,1,33.6,17.1875,137.0,84.0,22.0,1.0,70,3.0,1,0.0
C1,1657,-0.17529423146020923,204.4,108.0,1,22.0,17.1875,130.0,55.0,22.0,1.0,70,2.0,2,0.0
C1,1658,-0.12514163235325754,195.6,106.5,1,28.4,17.96875,120.0,71.0,23.0,1.0,70,3.0,1,0.0
C1,1659,-0.11785797192946429,167.4,96.10000000000001,1,10.8,17.1875,136.0,27.0,22.0,1.0,70,1.0,2,0.0
C1,1660,-0.1819638097241738,189.5,111.4,1,8.8,17.1875,124.0,22.0,22.0,1.0,70,1.0,0,0.0
C1,1661,-0.12329292859015487,191.6,106.5,1,26.4,17.1875,158.0,66.0,22.0,1.0,70,2.0,2,0.0
C1,1662,-0.09683562739600593,182.2,104.2,1,26.8,17.1875,123.0,67.0,22.0,1.0,70,3.0,0,0.0
C1,1663,-0.05855985730545518,179.79999999999998,104.2,1,34.0,17.1875,142.0,85.0,22.0,1.0,70,3.0,1,0.0
C1,1664,-0.1235283416536607,193.0,106.80000000000001,1,27.2,17.1875,121.0,68.0,22.0,1.0,70,3.0,0,0.0
C1,1665,-0.1062963792370237,195.20000000000002,107.0,1,12.4,17.1875,134.0,31.0,22.0,1.0,50,1.0,2,0.0
C1,1666,-0.10897017848581297,196.9,106.89999999999999,1,12.8,17.1875,130.0,32.0,22.0,1.0,50,1.0,2,0.0
C1,1667,0.013306667662571048,186.6,106.89999999999999,1,37.2,17.1875,153.0,93.0,22.0,1.0,50,3.0,1,0.0
C1,1668,-0.16408900077431016,210.4,111.69999999999999,1,8.4,17.1875,131.0,21.0,22.0,1.0,50,1.0,0,0.0
C1,1669,-0.0587070205910763,177.8,100.4,1,12.8,17.1875,149.0,32.0,22.0,1.0,50,1.0,2,0.0
C1,1670,-0.10340764185530035,190.70000000000002,103.3,1,10.4,17.1875,126.0,26.0,22.0,1.0,50,1.0,2,0.0
C1,1671,-0.05530870763038459,173.1,100.1,1,10.8,17.1875,136.0,27.0,22.0,1.0,50,1.0,0,0.0
C1,1672,-0.13320344447248983,202.7,112.10000000000001,1,10.8,17.1875,138.0,27.0,22.0,1.0,50,1.0,0,0.0
C1,1673,-0.06647362734549209,200.2,112.5,1,24.4,17.96875,147.0,61.0,23.0,1.0,50,2.0,1,0.0
C1,1674,-0.04603322134228685,172.3,96.9,1,12.4,17.1875,125.0,31.0,22.0,1.0,50,1.0,2,0.0
C1,1675,-0.020633022431523484,198.3,110.2,1,36.0,17.1875,150.0,90.0,22.0,1.0,50,3.0,2,0.0
C1,1676,-0.06062665339610415,175.8,99.6,1,11.2,17.96875,133.0,28.0,23.0,1.0,50,1.0,0,0.0
C1,1677,-0.10972343132898463,193.1,107.6,1,10.4,17.1875,148.0,26.0,22.0,1.0,50,1.0,2,0.0
C1,1678,-0.05631076911828983,190.5,108.3,1,20.8,17.1875,134.0,52.0,22.0,1.0,50,2.0,2,0.0
C1,1679,-0.07750540080818386,195.20000000000002,105.89999999999999,1,18.8,17.1875,126.0,47.0,22.0,1.0,50,2.0,0,0.0
C1,1680,-0.013950675439025395,185.70000000000002,102.2,1,28.0,17.1875,119.0,70.0,22.0,1.0,50,3.0,1,0.0
C1,1681,-0.017567483743623907,194.0,106.0,1,33.2,17.1875,159.0,83.0,22.0,1.0,50,3.0,1,0.0
C1,1682,-0.015751634482575938,189.20000000000002,106.0,1,30.0,17.1875,130.0,75.0,22.0,1.0,50,3.0,0,0.0
C1,1683,-0.0006318729880581131,193.0,105.6,1,38.4,17.1875,164.0,96.0,22.0,1.0,50,3.0,0,0.0
C1,1684,-0.05846486980852228,171.6,100.4,1,9.2,17.1875,132.0,23.0,22.0,1.0,50,1.0,1,0.0
C1,1685,0.018463902911151908,177.8,102.3,1,31.2,17.1875,139.0,78.0,22.0,1.0,50,3.0,1,0.0
C1,1686,-0.24702506830439475,199.6,107.5,1,10.0,17.1875,130.0,25.0,22.0,1.0,90,1.0,2,0.0
C1,1687,-0.1391434582406038,167.3,98.6,1,22.8,17.96875,99.0,57.0,23.0,1.0,90,3.0,2,0.0
C1,1688,-0.19954412379094,186.4,102.2,1,18.0,17.1875,121.0,45.0,22.0,1.0,90,2.0,1,0.0
C1,1689,-0.1494093904655286,181.29999999999998,103.0,1,32.4,17.1875,139.0,81.0,22.0,1.0,90,3.0,0,0.0
C1,1690,-0.19652064342135173,182.60000000000002,101.9,1,14.0,17.1875,199.0,35.0,22.0,1.0,90,1.0,0,0.0
C1,1691,-0.034280965896203164,123.60000000000001,71.3,1,18.0,17.1875,79.0,45.0,22.0,1.0,90,3.0,0,0.0
C1,1692,-0.17061721177507472,175.7,102.6,1,18.4,17.1875,128.0,46.0,22.0,1.0,90,2.0,1,0.0
C1,1693,-0.15827960194453966,180.5,105.6,1,28.8,17.1875,124.0,72.0,22.0,1.0,90,3.0,1,0.0
C1,1694,0.7655148417576507,17.9,17.5,1,4.0,17.1875,18.0,10.0,22.0,1.0,50,2.0,1,0.0
C1,1695,0.5773189994824595,43.4,33.8,1,8.0,17.1875,31.0,20.0,22.0,1.0,50,3.0,1,0.0
C1,1696,-0.04109604747630047,188.0,105.0,1,22.8,17.1875,101.0,57.0,22.0,1.0,50,3.0,0,0.0
C1,1697,0.036578947368421044,184.10000000000002,103.0,1,45.6,17.1875,201.0,114.0,22.0,1.0,50,3.0,2,0.0
C1,1698,-0.02050249391184797,189.9,105.89999999999999,1,29.2,17.1875,125.0,73.0,22.0,1.0,50,3.0,2,0.0
C1,1699,-0.03013697975555224,177.2,104.3,1,18.8,17.1875,122.0,47.0,22.0,1.0,50,2.0,1,0.0
C1,1700,-0.03609644875589069,163.1,90.7,1,9.2,17.1875,150.0,23.0,22.0,1.0,50,1.0,2,0.0
C1,1701,-0.019895396954211275,194.39999999999998,106.7,1,32.8,17.1875,207.0,82.0,22.0,1.0,50,2.0,0,0.0
C1,1702,-0.028470712047367425,181.9,104.0,1,22.0,17.1875,151.0,55.0,22.0,1.0,50,2.0,1,0.0
C1,1703,-0.09299507444873564,188.1,106.1,1,11.2,17.1875,155.0,28.0,22.0,1.0,50,1.0,1,0.0
C1,1704,0.008748388904183058,185.4,105.6,1,34.4,17.1875,144.0,86.0,22.0,1.0,50,3.0,0,0.0
C1,1705,0.07306528174508847,142.0,82.9,1,21.2,17.1875,88.0,53.0,22.0,1.0,50,3.0,2,0.0
C1,1706,0.06264654359735544,135.8,84.7,1,15.2,17.1875,89.0,38.0,22.0,1.0,50,2.0,1,0.0
C1,1707,-0.041737502217369216,202.7,111.10000000000001,1,32.8,17.1875,143.0,82.0,22.0,1.0,50,3.0,0,0.0
C1,1708,0.09448864886051334,123.7,72.2,1,15.2,17.1875,71.0,38.0,22.0,1.0,50,3.0,1,0.0
C1,1709,-0.049024669701692475,183.7,105.6,1,18.4,17.96875,211.0,46.0,23.0,1.0,50,1.0,2,0.0
C1,1710,-0.10057186552512137,190.29999999999998,107.5,1,10.8,17.1875,140.0,27.0,22.0,1.0,50,1.0,2,0.0
C1,1711,-0.12860725683077673,199.6,108.60000000000001,1,10.0,17.1875,148.0,25.0,22.0,1.0,50,1.0,2,0.0
C1,1712,0.018157894736842095,191.1,108.0,1,40.8,17.1875,176.0,102.0,22.0,1.0,50,3.0,1,0.0
C1,1713,-0.03059847782732167,200.8,110.5,1,34.8,17.1875,154.0,87.0,22.0,1.0,50,3.0,1,0.0
C1,1714,-0.05102915685624049,196.20000000000002,109.2,1,25.6,17.1875,154.0,64.0,22.0,1.0,50,2.0,2,0.0
C1,1715,-0.02143155061111049,191.89999999999998,110.60000000000001,1,10.4,17.1875,121.0,26.0,22.0,1.0,30,1.0,0,0.0
C1,1716,0.07526315789473692,166.2,89.39999999999999,2,26.0,16.40625,146.0,130.0,42.0,1.0,30,3.0,0,0.0
C1,1717,0.1771068255361975,109.2,59.2,2,5.4,16.796875,119.0,27.0,43.0,1.0,30,1.0,2,0.0
C1,1718,0.7374594896648032,33.6,25.2,2,4.8,16.796875,31.0,24.0,43.0,1.0,30,3.0,1,0.0
C1,1719,0.190385432808697,114.0,60.0,2,12.4,16.796875,153.0,62.0,43.0,1.0,30,2.0,2,0.0
C1,1720,0.1749948121607457,77.60000000000001,43.2,2,6.0,16.796875,69.0,30.0,43.0,1.0,50,2.0,1,0.0
C1,1721,0.10540221707087734,99.9,48.599999999999994,2,3.4,16.796875,74.0,17.0,43.0,1.0,50,1.0,2,0.0
C1,1722,-0.07645799740653322,188.20000000000002,98.4,1,16.8,17.1875,114.0,42.0,22.0,1.0,50,2.0,0,0.0
C1,1723,-0.024294900224653665,184.79999999999998,103.3,1,24.8,17.1875,104.0,62.0,22.0,1.0,50,3.0,1,0.0
C1,1724,0.1323878312892921,104.5,60.400000000000006,1,12.4,17.1875,62.0,31.0,22.0,1.0,50,2.0,2,0.0
C1,1725,0.5730228629296554,43.1,34.6,1,6.4,17.1875,36.0,16.0,22.0,1.0,50,2.0,1,0.0
C1,1726,0.12084092908378594,113.0,66.0,1,14.8,17.1875,63.0,37.0,22.0,1.0,50,3.0,2,0.0
C1,1727,-0.018512289164110407,189.70000000000002,107.5,1,29.6,17.1875,123.0,74.0,22.0,1.0,50,3.0,2,0.0
C1,1728,-0.036061457163757527,180.79999999999998,102.8,1,19.6,17.1875,107.0,49.0,22.0,1.0,50,2.0,0,0.0
C1,1729,0.1530564194662566,98.7,67.7,1,13.6,17.1875,75.0,34.0,22.0,1.0,50,2.0,2,0.0
C1,1730,0.04328602082439227,128.3,71.3,1,6.4,17.1875,74.0,16.0,22.0,1.0,50,1.0,2,0.0
C1,1731,0.02258191953157998,162.5,92.89999999999999,1,22.0,17.1875,94.0,55.0,22.0,1.0,50,3.0,0,0.0
C1,1732,0.04789473684210538,179.79999999999998,100.4,1,52.0,17.1875,224.0,130.0,22.0,1.0,50,3.0,0,0.0
C1,1733,0.01341586479232465,139.0,79.39999999999999,1,6.0,17.1875,82.0,15.0,22.0,1.0,50,1.0,1,0.0
C1,1734,0.23849723174343007,50.9,40.300000000000004,1,4.4,17.1875,46.0,11.0,22.0,1.0,50,1.0,0,0.0
C1,1735,0.00585365206207783,186.5,106.30000000000001,1,34.4,17.1875,147.0,86.0,22.0,1.0,50,3.0,1,0.0
C1,1736,0.1196912923696154,106.6,62.199999999999996,1,10.8,17.1875,67.0,27.0,22.0,1.0,50,2.0,1,0.0
C1,1737,0.1385665218607901,97.4,55.199999999999996,1,9.6,17.1875,55.0,24.0,22.0,1.0,50,2.0,2,0.0
C1,1738,0.0057022137055111055,186.1,106.0,1,34.0,17.1875,136.0,85.0,22.0,1.0,50,3.0,1,0.0
C1,1739,0.10754198096852893,101.3,51.7,1,4.8,17.1875,59.0,12.0,22.0,1.0,50,1.0,0,0.0
C1,1740,0.757337347487159,17.9,17.5,1,2.0,17.1875,13.0,5.0,22.0,1.0,50,1.0,0,0.0
C1,1741,0.026052631578947383,188.1,104.1,1,51.6,17.1875,689.0,129.0,22.0,1.0,50,1.0,0,0.0
C1,1742,-0.0033164495857903042,188.1,103.5,1,32.8,17.1875,217.0,82.0,22.0,1.0,50,2.0,0,0.0
C1,1743,0.6573856396255788,32.9,25.6,1,5.2,17.1875,24.0,13.0,22.0,1.0,50,2.0,0,0.0
C1,1744,0.7671814422697458,18.0,17.5,1,4.4,17.1875,17.0,11.0,22.0,1.0,50,2.0,1,0.0
C1,1745,0.08011180563676615,123.0,70.6,1,11.6,17.1875,74.0,29.0,22.0,1.0,50,2.0,0,0.0
C1,1746,0.07787192677734478,125.9,71.2,1,12.8,17.1875,78.0,32.0,22.0,1.0,50,2.0,0,0.0
C1,1747,0.6755621150152209,32.599999999999994,26.200000000000003,1,8.8,17.1875,26.0,22.0,22.0,1.0,50,3.0,1,0.0
C1,1748,0.07528037646768417,114.2,67.3,1,5.2,17.1875,72.0,13.0,22.0,1.0,50,1.0,0,0.0
C1,1749,0.05204483721079034,141.2,83.1,1,16.0,17.1875,86.0,40.0,22.0,1.0,50,2.0,2,0.0
C1,1750,-0.052363400697237245,189.0,101.5,1,20.8,17.1875,140.0,52.0,22.0,1.0,50,2.0,1,0.0
C1,1751,-0.057768558702920636,187.70000000000002,102.6,1,18.8,17.1875,131.0,47.0,22.0,1.0,50,2.0,0,0.0
C1,1752,0.045257970055482544,126.9,70.8,1,6.0,17.1875,74.0,15.0,22.0,1.0,50,1.0,2,0.0
C1,1753,-0.04668624052028397,163.8,94.7,1,7.2,17.1875,91.0,18.0,22.0,1.0,50,1.0,1,0.0
C1,1754,-0.07220560076452506,180.2,103.8,1,11.2,17.1875,135.0,28.0,22.0,1.0,50,1.0,2,0.0
C1,1755,-0.09100300530264688,181.29999999999998,101.4,1,7.6,17.1875,115.0,19.0,22.0,1.0,50,1.0,2,0.0
C1,1756,0.10001941023666053,116.8,69.7,1,12.4,17.1875,74.0,31.0,22.0,1.0,50,2.0,0,0.0
C1,1757,0.5860965337002497,43.0,32.9,1,9.2,17.1875,33.0,23.0,22.0,1.0,50,3.0,2,0.0
C1,1758,-0.03815141275827694,159.89999999999998,97.3,1,6.8,17.1875,95.0,17.0,22.0,1.0,50,1.0,1,0.0
C1,1759,0.20183063123133502,64.19999999999999,45.1,1,4.0,17.1875,49.0,10.0,22.0,1.0,50,1.0,2,0.0
C1,1760,0.2527085326429075,54.699999999999996,43.4,1,10.0,17.1875,41.0,25.0,22.0,1.0,50,3.0,1,0.0
C1,1761,-0.0378709149644795,196.5,105.1,1,29.2,17.1875,123.0,73.0,22.0,1.0,50,3.0,2,0.0
C1,1762,0.1195980374313868,112.10000000000001,61.699999999999996,1,14.0,17.1875,62.0,35.0,22.0,1.0,50,3.0,0,0.0
C1,1763,0.6600858406176517,32.4,26.1,1,4.8,17.1875,26.0,12.0,22.0,1.0,50,2.0,1,0.0
C1,1764,0.21495057842982795,65.69999999999999,47.800000000000004,1,8.0,17.1875,50.0,20.0,22.0,1.0,50,2.0,2,0.0
C1,1765,-0.1164671417316549,197.7,105.7,1,11.6,17.1875,137.0,29.0,22.0,1.0,50,1.0,1,0.0
C1,1766,0.23021373632456477,59.9,43.9,1,8.0,17.1875,47.0,20.0,22.0,1.0,50,2.0,2,0.0
C1,1767,0.04745618254492892,140.2,78.60000000000001,1,14.4,17.1875,81.0,36.0,22.0,1.0,50,2.0,0,0.0
C1,1768,0.03063570168536145,181.79999999999998,102.5,1,19.2,17.1875,127.0,48.0,22.0,1.0,30,2.0,1,0.0
C1,1769,0.16344452542391086,114.7,64.10000000000001,1,5.6,17.1875,62.0,14.0,22.0,1.0,30,1.0,2,0.0
C1,1770,0.04342105263157897,181.5,102.1,1,32.4,17.1875,141.0,81.0,22.0,1.0,30,3.0,0,0.0
C1,1771,0.03394736842105267,185.1,104.2,1,28.0,17.1875,121.0,70.0,22.0,1.0,30,3.0,0,0.0
C1,1772,0.03605263157894745,184.29999999999998,105.0,1,20.4,17.1875,140.0,51.0,22.0,1.0,30,2.0,0,0.0
C1,1773,-0.02837820562892343,195.6,106.30000000000001,1,11.2,17.1875,132.0,28.0,22.0,1.0,30,1.0,1,0.0
C1,1774,0.15663575068856495,117.9,66.5,1,6.0,17.1875,64.0,15.0,22.0,1.0,30,1.0,1,0.0
C1,1775,0.030000000000000027,186.6,105.2,1,22.4,17.1875,147.0,56.0,22.0,1.0,30,2.0,2,0.0
C1,1776,-0.00851228916411051,185.9,103.4,1,9.6,17.1875,145.0,24.0,22.0,1.0,30,1.0,2,0.0
C1,1777,0.052409096860534105,159.89999999999998,90.1,1,7.6,17.1875,93.0,19.0,22.0,1.0,30,1.0,1,0.0
C1,1778,0.028421052631579014,187.20000000000002,103.6,1,29.2,17.1875,116.0,73.0,22.0,1.0,30,3.0,1,0.0
C1,1779,-0.17428172198558922,178.0,103.7,1,19.6,17.1875,129.0,49.0,22.0,1.0,90,2.0,2,0.0
C1,1780,0.023303313795820443,97.69999999999999,59.7,1,11.6,17.1875,64.0,29.0,22.0,1.0,90,2.0,1,0.0
C1,1781,0.02432305432403309,97.10000000000001,61.699999999999996,1,11.2,17.1875,61.0,28.0,22.0,1.0,90,2.0,0,0.0
C1,1782,-0.1060970004981818,148.0,84.9,1,13.6,17.1875,82.0,34.0,22.0,1.0,90,2.0,0,0.0
C1,1783,0.02584777763127978,98.10000000000001,55.1,1,14.0,17.1875,51.0,35.0,22.0,1.0,90,3.0,1,0.0
C1,1784,0.11444949925755513,61.3,42.9,1,8.0,17.1875,43.0,20.0,22.0,1.0,90,2.0,0,0.0
C1,1785,-0.18769733055025933,185.4,102.4,1,22.4,17.1875,90.0,56.0,22.0,1.0,90,3.0,1,0.0
C1,1786,-0.0006131772376174738,108.89999999999999,61.9,1,15.2,17.1875,66.0,38.0,22.0,1.0,90,3.0,2,0.0
C1,1787,-0.13083384260344494,157.4,93.39999999999999,1,13.6,17.1875,96.0,34.0,22.0,1.0,90,2.0,0,0.0
C1,1788,0.11956474607110783,60.1,42.2,1,9.6,17.1875,49.0,24.0,22.0,1.0,90,2.0,1,0.0
C1,1789,-0.25490921219376056,203.0,107.5,1,10.8,17.1875,147.0,27.0,22.0,1.0,90,1.0,2,0.0
C1,1790,-0.20436115620228268,184.0,102.1,1,11.2,17.1875,129.0,28.0,22.0,1.0,90,1.0,2,0.0
C1,1791,-0.23669857877963058,199.4,107.6,1,16.4,17.1875,103.0,41.0,22.0,1.0,90,2.0,1,0.0
C1,1792,0.01997418257994879,95.60000000000001,55.199999999999996,1,4.0,17.1875,56.0,10.0,22.0,1.0,90,1.0,2,0.0
C1,1793,0.4691569456072728,42.7,33.7,1,6.0,17.1875,36.0,15.0,22.0,1.0,90,2.0,1,0.0
C1,1794,0.4339762718779987,46.4,34.5,1,3.2,17.1875,33.0,8.0,22.0,1.0,90,1.0,2,0.0
C1,1795,-0.07135304712604071,139.2,80.19999999999999,1,20.0,17.1875,85.0,50.0,22.0,1.0,90,3.0,0,0.0
C1,1796,0.045385015782711396,86.7,59.3,1,6.0,17.1875,70.0,15.0,22.0,1.0,90,1.0,1,0.0
C1,1797,-0.1714459837402314,187.29999999999998,104.80000000000001,1,30.4,17.1875,210.0,76.0,22.0,1.0,90,2.0,0,0.0
C1,1798,-0.1769312552719508,186.29999999999998,104.5,1,27.6,17.96875,166.0,69.0,23.0,1.0,90,2.0,2,0.0
C1,1799,0.023315495432994493,183.9,103.0,1,78.4,17.1875,332.0,196.0,22.0,1.0,90,3.0,1,0.0
C1,1800,0.666289972053633,17.8,17.5,1,4.0,17.1875,11.0,10.0,22.0,1.0,90,3.0,0,0.0
C1,1801,-0.11357752603195956,182.79999999999998,106.7,1,43.2,17.1875,191.0,108.0,22.0,1.0,90,3.0,1,0.0
C1,1802,-0.12264305297919129,187.5,105.39999999999999,1,44.0,17.96875,519.0,110.0,23.0,1.0,90,1.0,1,0.0
C1,1803,-0.056650143038220746,133.3,79.9,1,19.6,17.1875,82.0,49.0,22.0,1.0,90,3.0,0,0.0
C1,1804,0.6606756345375671,20.400000000000002,17.8,1,1.6,17.1875,11.0,4.0,22.0,1.0,90,1.0,0,0.0
C1,1805,0.5539012147629151,32.9,25.5,1,4.8,17.1875,24.0,12.0,22.0,1.0,90,2.0,0,0.0
C1,1806,0.6648537330978317,17.8,17.4,1,2.4,17.1875,17.0,6.0,22.0,1.0,90,1.0,2,0.0
C1,1807,0.01953198815759559,100.5,57.9,1,14.0,17.1875,54.0,35.0,22.0,1.0,90,3.0,0,0.0
C1,1808,0.56081219801456,32.4,25.9,1,7.2,17.1875,25.0,18.0,22.0,1.0,90,3.0,0,0.0
C1,1809,0.5577574904449427,32.800000000000004,26.700000000000003,1,7.6,17.1875,26.0,19.0,22.0,1.0,90,3.0,1,0.0
C1,1810,-0.03880194936207432,121.30000000000001,71.2,1,11.6,17.1875,71.0,29.0,22.0,1.0,90,2.0,1,0.0
C1,1811,0.0232859782446697,98.6,54.800000000000004,1,13.2,17.1875,54.0,33.0,22.0,1.0,90,3.0,1,0.0
C1,1812,0.40102651173054954,50.0,17.5,1,1.6,17.1875,9.0,4.0,22.0,1.0,90,1.0,2,0.0
C1,1813,-0.19597614242487144,191.89999999999998,105.30000000000001,1,26.0,17.1875,109.0,65.0,22.0,1.0,90,3.0,1,0.0
C1,1814,0.46038906939231117,43.9,34.8,1,7.6,17.1875,30.0,19.0,22.0,1.0,90,3.0,1,0.0
C1,1815,0.456940998296108,44.4,34.7,1,8.4,17.1875,30.0,21.0,22.0,1.0,90,3.0,0,0.0
C1,1816,-0.008092896805555277,112.0,63.70000000000001,1,15.6,17.1875,69.0,39.0,22.0,1.0,90,3.0,2,0.0
C1,1817,0.4665294202695041,43.2,33.2,1,7.6,17.1875,31.0,19.0,22.0,1.0,90,3.0,2,0.0
C1,1818,0.11304015590108357,63.6,43.3,1,11.6,17.96875,46.0,29.0,23.0,1.0,90,3.0,1,0.0
C1,1819,0.5608530080294849,32.5,26.1,1,8.0,17.1875,26.0,20.0,22.0,1.0,90,3.0,2,0.0
C1,1820,0.40102651173054954,50.0,17.6,1,1.6,17.1875,8.0,4.0,22.0,1.0,90,1.0,0,0.0
C1,1821,-0.2192817219855892,195.1,106.0,1,19.6,17.1875,124.0,49.0,22.0,1.0,90,2.0,2,0.0
C1,1822,0.666289972053633,17.8,17.5,1,4.0,17.1875,12.0,10.0,22.0,1.0,90,3.0,1,0.0
C1,1823,-0.1782283343172557,178.29999999999998,103.2,1,18.0,17.1875,130.0,45.0,22.0,1.0,90,2.0,1,0.0
C1,1824,0.6648537330978317,17.8,17.5,1,2.4,17.1875,16.0,6.0,22.0,1.0,90,1.0,0,0.0
C1,1825,0.09535438301950237,67.10000000000001,46.6,1,4.4,17.1875,50.0,11.0,22.0,1.0,90,1.0,0,0.0
C1,1826,0.12958412783912127,55.199999999999996,41.9,1,7.2,17.1875,48.0,18.0,22.0,1.0,90,2.0,0,0.0
C1,1827,0.4590559282601721,43.9,34.4,1,6.4,17.1875,30.0,16.0,22.0,1.0,90,2.0,0,0.0
C1,1828,0.6655552192464198,17.7,17.4,1,3.2,17.1875,13.0,8.0,22.0,1.0,90,2.0,0,0.0
C1,1829,0.56081219801456,32.4,26.200000000000003,1,7.2,17.1875,26.0,18.0,22.0,1.0,90,3.0,1,0.0
C1,1830,0.6645151185065423,17.6,17.3,1,2.0,17.1875,14.0,5.0,22.0,1.0,90,1.0,0,0.0
C1,1831,0.08760739399439725,71.5,45.6,1,8.0,17.1875,42.0,20.0,22.0,1.0,90,2.0,2,0.0
C1,1832,0.6666701724931865,17.7,17.4,1,4.4,17.1875,12.0,11.0,22.0,1.0,90,3.0,1,0.0
C1,1833,0.5586134796296223,32.599999999999994,25.7,1,6.8,17.1875,26.0,17.0,22.0,1.0,90,3.0,0,0.0
C1,1834,0.6666701724931865,17.8,17.4,1,4.4,17.1875,12.0,11.0,22.0,1.0,90,3.0,1,0.0
C1,1835,0.5567832894218583,32.4,26.5,1,3.2,17.1875,29.0,8.0,22.0,1.0,90,1.0,1,0.0
C1,1836,0.666289972053633,17.7,17.4,1,4.0,17.1875,17.0,10.0,22.0,1.0,90,2.0,1,0.0
C1,1837,0.45590609643940216,43.9,34.4,1,3.2,17.1875,36.0,8.0,22.0,1.0,90,1.0,1,0.0
C1,1838,0.6670591094997571,17.6,17.5,1,4.8,17.1875,14.0,12.0,22.0,1.0,90,3.0,0,0.0
C1,1839,0.5573034260847353,32.800000000000004,25.9,1,7.2,17.1875,26.0,18.0,22.0,1.0,90,3.0,0,0.0
C1,1840,0.6641844064673916,18.0,17.5,1,1.6,17.1875,11.0,4.0,22.0,1.0,90,1.0,2,0.0
C1,1841,0.4601787811588271,44.2,34.5,1,9.6,17.1875,37.0,24.0,22.0,1.0,90,3.0,2,0.0
C1,1842,0.6659183675801024,17.7,17.4,1,3.6,17.1875,11.0,9.0,22.0,1.0,90,3.0,2,0.0
C1,1843,0.45685909366470995,44.2,33.4,1,6.8,17.1875,34.0,17.0,22.0,1.0,90,2.0,2,0.0
C1,1844,0.6655552192464198,17.7,17.4,1,3.2,17.1875,9.0,8.0,22.0,1.0,90,3.0,2,0.0
C1,1845,0.5560534149263208,32.7,25.7,1,5.2,17.1875,29.0,13.0,22.0,1.0,90,2.0,1,0.0
C1,1846,0.5573015422952599,32.7,26.1,1,6.4,17.1875,22.0,16.0,22.0,1.0,90,3.0,0,0.0
C1,1847,0.45345022432590204,44.1,33.5,1,2.4,17.1875,30.0,6.0,22.0,1.0,90,1.0,1,0.0
C1,1848,0.6666701724931865,17.7,17.4,1,4.4,17.1875,11.0,11.0,22.0,1.0,90,3.0,2,0.0
C1,1849,0.5603678655945346,32.4,25.3,1,6.8,17.1875,27.0,17.0,22.0,1.0,90,3.0,0,0.0
C1,1850,0.6655552192464198,17.6,17.3,1,3.2,17.1875,12.0,8.0,22.0,1.0,90,2.0,2,0.0
C1,1851,0.46438903342027454,43.9,34.3,1,10.8,17.1875,37.0,27.0,22.0,1.0,90,3.0,0,0.0
C1,1852,0.8583972924502834,17.7,17.4,1,5.2,17.1875,14.0,13.0,22.0,1.0,30,3.0,1,0.0
C1,1853,0.7576120219648785,32.4,26.0,1,7.2,17.1875,24.0,18.0,22.0,1.0,30,3.0,1,0.0
C1,1854,0.8483776397808107,17.6,17.3,1,2.8,17.1875,13.0,7.0,22.0,1.0,30,2.0,2,0.0
C1,1855,0.7486199640204021,32.7,25.5,1,5.6,17.1875,29.0,14.0,22.0,1.0,30,2.0,0,0.0
C1,1856,0.7500757090024666,32.9,26.5,1,6.4,17.1875,22.0,16.0,22.0,1.0,30,3.0,2,0.0
C1,1857,0.7622164018595892,32.4,25.0,1,8.4,17.1875,28.0,21.0,22.0,1.0,30,3.0,0,0.0
C1,1858,0.8551053220002116,17.7,17.4,1,4.4,17.1875,10.0,11.0,22.0,1.0,30,3.0,2,0.0
C1,1859,0.7571896754381675,32.800000000000004,26.599999999999998,1,8.0,17.1875,26.0,20.0,22.0,1.0,30,3.0,2,0.0
C1,1860,0.8534405798950884,17.8,17.5,1,4.0,17.1875,10.0,10.0,22.0,1.0,30,3.0,1,0.0
C1,1861,0.23239223941778797,93.8,51.1,1,9.2,17.1875,57.0,23.0,22.0,1.0,30,2.0,1,0.0
C1,1862,0.666289972053633,17.8,17.5,1,4.0,17.1875,10.0,10.0,22.0,1.0,90,3.0,0,0.0
C1,1863,0.46088026149045,44.3,34.8,1,10.8,17.1875,34.0,27.0,22.0,1.0,90,3.0,1,0.0
C1,1864,0.6645151185065423,17.7,17.4,1,2.0,17.1875,14.0,5.0,22.0,1.0,90,1.0,1,0.0
C1,1865,0.5556556007278273,32.7,26.9,1,4.8,17.1875,25.0,12.0,22.0,1.0,90,2.0,0,0.0
C1,1866,0.5537946541549108,33.2,26.9,1,7.2,17.1875,24.0,18.0,22.0,1.0,90,3.0,2,0.0
C1,1867,0.5544107599478483,33.4,26.599999999999998,1,9.2,17.1875,29.0,23.0,22.0,1.0,90,3.0,0,0.0
C1,1868,0.6655552192464198,17.7,17.4,1,3.2,17.1875,12.0,8.0,22.0,1.0,90,2.0,1,0.0
C1,1869,0.5543274173083581,32.599999999999994,26.5,1,2.4,17.1875,29.0,6.0,22.0,1.0,90,1.0,0,0.0
C1,1870,0.8449503405842116,17.7,17.4,1,2.0,17.1875,13.0,5.0,22.0,1.0,30,1.0,0,0.0
C1,1871,0.2780798241999615,68.0,43.9,1,3.6,17.1875,43.0,9.0,22.0,1.0,30,1.0,0,0.0
C1,1872,0.8483776397808107,17.7,17.4,1,2.8,17.1875,9.0,7.0,22.0,1.0,30,2.0,2,0.0
C1,1873,0.6494971570028583,44.0,34.6,1,5.6,17.1875,31.0,14.0,22.0,1.0,30,2.0,2,0.0
C1,1874,0.843222663187408,17.6,17.4,1,1.6,17.1875,14.0,4.0,22.0,1.0,30,1.0,0,0.0
C1,1875,0.7476006629692666,33.0,27.599999999999998,1,6.0,17.1875,29.0,15.0,22.0,1.0,30,2.0,2,0.0
C1,1876,0.3324859840394556,59.5,43.1,1,12.0,17.1875,42.0,30.0,22.0,1.0,30,3.0,2,0.0
C1,1877,0.20272251041341996,108.3,63.5,1,11.6,17.1875,50.0,29.0,22.0,1.0,30,3.0,2,0.0
C1,1878,0.6625676780142793,44.1,33.7,1,9.2,17.1875,34.0,23.0,22.0,1.0,30,3.0,1,0.0
C1,1879,0.18377514199236727,115.5,63.2,1,11.6,17.1875,69.0,29.0,22.0,1.0,30,2.0,0,0.0
C1,1880,0.6273651140346588,47.6,34.5,1,8.0,17.1875,39.0,20.0,22.0,1.0,30,2.0,2,0.0
C1,1881,0.19293758384476078,111.5,65.3,1,11.2,17.1875,65.0,28.0,22.0,1.0,30,2.0,0,0.0
C1,1882,0.26924836551742404,80.9,45.3,1,10.0,17.1875,42.0,25.0,22.0,1.0,30,3.0,0,0.0
C1,1883,0.3321734254736505,53.0,41.9,1,7.2,17.1875,41.0,18.0,22.0,1.0,30,2.0,1,0.0
C1,1884,0.7565319038780778,32.7,26.8,1,7.6,17.1875,24.0,19.0,22.0,1.0,30,3.0,2,0.0
C1,1885,0.3123879483161411,55.599999999999994,40.599999999999994,1,4.0,17.1875,47.0,10.0,22.0,1.0,30,1.0,0,0.0
C1,1886,0.02043645733627769,186.0,105.89999999999999,1,19.6,17.1875,132.0,49.0,22.0,1.0,30,2.0,1,0.0
C1,1887,-0.02429778629448892,149.5,71.1,4,46.0,16.601562,520.0,460.0,85.0,1.0,30,3.0,1,0.0
C1,1888,0.3330706347581427,61.699999999999996,37.8,4,14.0,16.601562,216.0,140.0,85.0,1.0,30,3.0,1,0.0
C1,1889,0.7208685651046276,33.8,23.099999999999998,4,1.3,16.601562,50.0,13.0,85.0,1.0,30,1.0,2,0.0
C1,1890,0.8142485861982467,23.5,18.599999999999998,4,2.0,16.601562,22.0,20.0,85.0,1.0,30,3.0,2,0.0
C1,1891,0.727722732350349,33.9,24.299999999999997,4,3.1,16.601562,55.0,31.0,85.0,1.0,30,2.0,2,0.0
C1,1892,0.8155963885939106,23.099999999999998,18.1,4,1.5,16.601562,23.0,15.0,85.0,1.0,30,2.0,1,0.0
C1,1893,0.6725714728778096,37.6,24.7,2,1.7333333,16.666666,45.0,13.0,64.0,1.0,30,1.0,1,0.0
C1,1894,0.7447130819239676,32.0,23.8,1,5.2,17.1875,20.0,13.0,22.0,1.0,30,3.0,0,0.0
C1,1895,0.659821254385536,43.9,33.0,1,8.0,17.1875,30.0,20.0,22.0,1.0,30,3.0,2,0.0
C1,1896,0.7387285169737932,32.5,27.0,1,2.8,17.1875,24.0,7.0,22.0,1.0,30,1.0,2,0.0
C1,1897,0.6462085131929487,45.1,33.7,1,7.2,17.1875,37.0,18.0,22.0,1.0,30,2.0,1,0.0
C1,1898,0.8534405798950884,17.8,17.5,1,4.0,17.1875,18.0,10.0,22.0,1.0,30,2.0,2,0.0
C1,1899,0.6413042835984797,43.8,33.8,1,3.2,17.1875,36.0,8.0,22.0,1.0,30,1.0,0,0.0
C1,1900,0.8583972924502834,18.0,17.5,1,5.2,17.1875,15.0,13.0,22.0,1.0,30,3.0,1,0.0
C1,1901,0.2972771845201001,69.7,42.8,1,9.6,17.1875,40.0,24.0,22.0,1.0,30,3.0,0,0.0
C1,1902,0.8466688412521486,17.7,17.5,1,2.4,17.1875,10.0,6.0,22.0,1.0,30,2.0,0,0.0
C1,1903,0.068421052631579,168.8,94.8,2,32.8,17.1875,150.0,82.0,22.0,1.0,30,3.0,2,0.0
C1,1904,0.11344997521969213,120.6,63.1,2,17.6,16.796875,435.0,88.0,43.0,1.0,50,1.0,0,0.0
C1,1905,0.11916497658014172,106.80000000000001,58.0,2,10.8,16.796875,94.0,54.0,43.0,1.0,50,3.0,1,0.0
C1,1906,0.6000498715666189,38.3,25.4,2,2.8,16.796875,30.0,14.0,43.0,1.0,50,2.0,1,0.0
C1,1907,0.660251683862914,32.0,20.6,2,4.0,16.796875,27.0,20.0,43.0,1.0,50,2.0,2,0.0
C1,1908,0.6417582564247426,32.4,21.5,1,2.4,16.796875,24.0,12.0,43.0,1.0,50,2.0,2,0.0
C1,1909,0.23826970037360823,62.9,43.7,1,11.6,17.1875,45.0,29.0,22.0,1.0,50,3.0,0,0.0
C1,1910,0.7557347567600108,17.9,17.4,1,1.6,17.1875,14.0,4.0,22.0,1.0,50,1.0,2,0.0
C1,1911,0.19642247103356855,65.0,44.3,1,3.2,17.1875,41.0,8.0,22.0,1.0,50,1.0,1,0.0
C1,1912,0.7655148417576507,17.9,17.5,1,4.0,17.1875,17.0,10.0,22.0,1.0,50,2.0,1,0.0
C1,1913,0.0060526315789474205,195.70000000000002,107.2,1,41.2,17.1875,237.0,103.0,22.0,1.0,50,2.0,0,0.0
C1,1914,0.5923558027442468,43.3,34.0,1,11.2,17.1875,38.0,28.0,22.0,1.0,50,3.0,1,0.0
C1,1915,0.5472996640160247,44.5,34.1,1,3.2,17.1875,30.0,8.0,22.0,1.0,50,1.0,2,0.0
C1,1916,0.763858250896098,17.9,17.5,1,3.6,17.1875,16.0,9.0,22.0,1.0,50,2.0,1,0.0
C1,1917,0.5079446084087242,48.800000000000004,37.1,1,2.8,17.1875,32.0,7.0,22.0,1.0,50,1.0,1,0.0
C1,1918,0.763858250896098,17.7,17.5,1,3.6,17.1875,10.0,9.0,22.0,1.0,50,3.0,2,0.0
C1,1919,0.6608944115554034,32.5,26.5,1,5.2,17.1875,27.0,13.0,22.0,1.0,50,2.0,2,0.0
C1,1920,0.6677257802241792,32.5,25.7,1,6.8,17.1875,26.0,17.0,22.0,1.0,50,3.0,0,0.0
C1,1921,0.068421052631579,168.8,89.0,2,49.4,17.1875,327.0,247.0,44.0,1.0,50,3.0,2,0.0
C1,1922,0.23526315789473684,108.60000000000001,60.900000000000006,2,40.2,16.796875,333.0,201.0,43.0,1.0,50,3.0,1,0.0
C1,1923,0.6116193541577256,38.699999999999996,25.5,2,6.4,16.796875,39.0,32.0,43.0,1.0,50,3.0,2,0.0
C1,1924,0.7541437003574938,18.0,17.2,2,1.2,16.796875,17.0,6.0,43.0,1.0,50,1.0,1,0.0
C1,1925,0.5907451508563806,38.9,26.200000000000003,2,1.8,16.796875,31.0,9.0,43.0,1.0,50,1.0,2,0.0
C1,1926,0.08091759977176068,114.0,57.3,2,6.4,16.796875,129.0,32.0,43.0,1.0,50,1.0,2,0.0
C1,1927,0.5998759012814037,38.6,26.0,2,3.4,16.796875,30.0,17.0,43.0,1.0,50,2.0,0,0.0
C1,1928,0.7505301862493039,17.7,17.3,1,2.4,17.1875,13.0,6.0,22.0,1.0,50,2.0,1,0.0
C1,1929,0.6738158319458636,33.0,26.4,1,9.2,17.1875,29.0,23.0,22.0,1.0,50,3.0,1,0.0
C1,1930,0.7671814422697458,17.7,17.4,1,4.4,17.1875,17.0,11.0,22.0,1.0,50,2.0,0,0.0
C1,1931,0.17501721857294728,76.30000000000001,51.3,1,5.2,17.1875,56.0,13.0,22.0,1.0,50,1.0,1,0.0
C1,1932,0.5895235557771452,39.5,31.3,1,2.8,17.1875,32.0,7.0,22.0,1.0,50,1.0,0,0.0
C1,1933,0.2032697003736082,76.2,44.900000000000006,1,11.6,17.1875,45.0,29.0,22.0,1.0,50,3.0,2,0.0
C1,1934,0.6685769173744529,32.599999999999994,26.700000000000003,1,7.2,17.1875,22.0,18.0,22.0,1.0,50,3.0,1,0.0
C1,1935,0.5738057360677951,44.0,34.2,1,8.4,17.1875,38.0,21.0,22.0,1.0,50,3.0,0,0.0
C1,1936,0.5817105687879689,43.5,32.7,1,9.2,17.1875,34.0,23.0,22.0,1.0,50,3.0,0,0.0
C1,1937,0.5677597050349186,43.7,34.3,1,6.4,17.1875,34.0,16.0,22.0,1.0,50,2.0,0,0.0
C1,1938,0.7655148417576507,17.8,17.5,1,4.0,17.1875,17.0,10.0,22.0,1.0,50,2.0,0,0.0
C1,1939,0.5685470696578981,44.4,34.9,1,8.0,17.1875,32.0,20.0,22.0,1.0,50,3.0,2,0.0
C1,1940,0.763858250896098,17.7,17.4,1,3.6,17.1875,14.0,9.0,22.0,1.0,50,2.0,0,0.0
C1,1941,0.2401558647428739,54.800000000000004,41.9,1,7.2,17.1875,41.0,18.0,22.0,1.0,50,2.0,2,0.0
C1,1942,0.758951238880883,18.0,17.5,1,2.4,17.1875,17.0,6.0,22.0,1.0,50,1.0,0,0.0
C1,1943,0.575562115015221,44.0,34.9,1,8.8,17.1875,33.0,22.0,22.0,1.0,50,3.0,1,0.0
C1,1944,0.7541437003574938,17.8,17.6,1,1.2,17.1875,10.0,3.0,22.0,1.0,50,1.0,0,0.0
C1,1945,0.5483691325590806,47.1,34.5,1,8.8,17.1875,32.0,22.0,22.0,1.0,50,3.0,2,0.0
C1,1946,0.6491726785841627,32.7,26.3,1,2.8,17.1875,22.0,7.0,22.0,1.0,50,1.0,1,0.0
C1,1947,0.4643617799593095,43.5,33.9,1,8.0,17.1875,30.0,20.0,22.0,1.0,90,3.0,2,0.0
C1,1948,0.6674569236982506,17.8,17.5,1,5.2,17.1875,15.0,13.0,22.0,1.0,90,3.0,1,0.0
C1,1949,0.45214682879800283,44.5,35.0,1,4.8,17.1875,32.0,12.0,22.0,1.0,90,2.0,2,0.0
C1,1950,0.6645151185065423,17.9,17.5,1,2.0,17.1875,15.0,5.0,22.0,1.0,90,1.0,1,0.0
C1,1951,0.024184708895738274,94.0,43.1,1,4.0,17.1875,41.0,10.0,22.0,1.0,90,1.0,0,0.0
C1,1952,0.666289972053633,17.6,17.4,1,4.0,17.1875,18.0,10.0,22.0,1.0,90,2.0,1,0.0
C1,1953,0.45957257724347644,44.1,34.5,1,8.4,17.1875,31.0,21.0,22.0,1.0,90,3.0,0,0.0
C1,1954,0.6655552192464198,18.0,17.4,1,3.2,17.1875,14.0,8.0,22.0,1.0,90,2.0,1,0.0
C1,1955,0.4595078228002552,43.8,33.6,1,6.0,17.1875,30.0,15.0,22.0,1.0,90,2.0,2,0.0
C1,1956,0.5574099866927397,32.5,24.5,1,4.8,17.1875,25.0,12.0,22.0,1.0,90,2.0,2,0.0
C1,1957,0.5565479214834592,33.099999999999994,26.8,1,8.8,17.1875,28.0,22.0,22.0,1.0,90,3.0,1,0.0
C1,1958,0.6659183675801024,18.0,17.6,1,3.6,17.1875,14.0,9.0,22.0,1.0,90,2.0,1,0.0
C1,1959,0.5524943325502059,33.4,26.5,1,7.6,17.1875,26.0,19.0,22.0,1.0,90,3.0,0,0.0
C1,1960,0.6645151185065423,18.2,17.5,1,2.0,17.1875,14.0,5.0,22.0,1.0,90,1.0,1,0.0
C1,1961,0.45451485880817266,44.1,33.8,1,3.6,17.1875,39.0,9.0,22.0,1.0,90,1.0,0,0.0
C1,1962,0.6641844064673916,17.8,17.4,1,1.6,17.1875,11.0,4.0,22.0,1.0,90,1.0,1,0.0
C1,1963,0.49765430327771776,39.6,33.2,1,7.2,17.1875,37.0,18.0,22.0,1.0,90,2.0,1,0.0
C1,1964,0.6987104359868719,17.8,17.4,1,4.0,17.1875,10.0,10.0,22.0,1.0,70,3.0,0,0.0
C1,1965,0.49323438389091795,44.0,34.9,1,6.0,17.1875,32.0,15.0,22.0,1.0,70,2.0,1,0.0
C1,1966,0.5977977367322036,32.2,25.1,1,6.4,17.1875,23.0,16.0,22.0,1.0,70,3.0,0,0.0
C1,1967,0.528312683772366,39.1,32.800000000000004,1,2.8,17.1875,30.0,7.0,22.0,1.0,70,1.0,0,0.0
C1,1968,0.695856543421489,17.7,17.4,1,2.8,17.1875,13.0,7.0,22.0,1.0,70,2.0,1,0.0
C1,1969,0.5988791055687717,33.099999999999994,26.9,1,9.6,17.1875,29.0,24.0,22.0,1.0,70,3.0,2,0.0
C1,1970,0.6940263352002114,17.6,17.4,1,2.0,17.1875,15.0,5.0,22.0,1.0,70,1.0,1,0.0
C1,1971,0.5060016771933427,44.1,34.4,1,10.8,17.1875,35.0,27.0,22.0,1.0,70,3.0,0,0.0
C1,1972,0.6967932929551672,18.2,17.6,1,3.2,17.1875,14.0,8.0,22.0,1.0,70,2.0,2,0.0
C1,1973,0.4879712259961811,44.6,32.599999999999994,1,6.0,17.1875,30.0,15.0,22.0,1.0,70,2.0,2,0.0
C1,1974,0.6940263352002114,18.1,17.6,1,2.0,17.1875,16.0,5.0,22.0,1.0,70,1.0,1,0.0
C1,1975,0.5886859312233447,33.0,26.9,1,5.6,17.1875,27.0,14.0,22.0,1.0,70,2.0,0,0.0
C1,1976,0.5934117718199228,32.7,26.5,1,6.4,17.1875,21.0,16.0,22.0,1.0,70,3.0,0,0.0
C1,1977,0.5885383040909031,32.9,26.4,1,5.2,17.1875,26.0,13.0,22.0,1.0,70,2.0,1,0.0
C1,1978,0.6940263352002114,17.7,17.4,1,2.0,17.1875,13.0,5.0,22.0,1.0,70,1.0,1,0.0
C1,1979,0.5931564627066845,33.099999999999994,26.8,1,7.6,17.1875,25.0,19.0,22.0,1.0,70,3.0,0,0.0
C1,1980,0.695856543421489,17.8,17.4,1,2.8,17.1875,8.0,7.0,22.0,1.0,70,3.0,0,0.0
C1,1981,0.13555254125002983,64.0,44.1,1,4.0,17.1875,43.0,10.0,22.0,1.0,70,1.0,0,0.0
C1,1982,0.6967932929551672,17.7,17.3,1,3.2,17.1875,9.0,8.0,22.0,1.0,70,3.0,0,0.0
C1,1983,0.49570347508299384,43.6,34.2,1,5.6,17.1875,30.0,14.0,22.0,1.0,70,2.0,1,0.0
C1,1984,0.5949887698558303,32.4,24.9,1,6.0,17.1875,20.0,15.0,22.0,1.0,70,3.0,0,0.0
C1,1985,0.5800670697372783,33.2,27.099999999999998,1,2.8,17.1875,27.0,7.0,22.0,1.0,70,1.0,2,0.0
C1,1986,0.5984196206014214,32.5,27.400000000000002,1,7.6,17.1875,25.0,19.0,22.0,1.0,70,3.0,0,0.0
C1,1987,0.5980320135275318,32.800000000000004,26.3,1,8.4,17.1875,27.0,21.0,22.0,1.0,70,3.0,2,0.0
C1,1988,0.6996909593573912,17.7,17.4,1,4.4,17.1875,13.0,11.0,22.0,1.0,70,3.0,1,0.0
C1,1989,0.5929341871885951,33.0,26.700000000000003,1,7.2,17.1875,24.0,18.0,22.0,1.0,70,3.0,2,0.0
C1,1990,0.695856543421489,17.7,17.4,1,2.8,17.1875,12.0,7.0,22.0,1.0,70,2.0,0,0.0
C1,1991,0.49081569914476664,43.7,34.0,1,4.0,17.1875,33.0,10.0,22.0,1.0,70,1.0,2,0.0
C1,1992,0.16047750348148312,53.8,41.6,1,3.2,17.1875,48.0,8.0,22.0,1.0,70,1.0,2,0.0
C1,1993,0.01793150175474624,115.8,69.2,1,10.8,17.1875,65.0,27.0,22.0,1.0,70,2.0,0,0.0
C1,1994,0.6977445678438781,17.9,17.5,1,3.6,17.1875,15.0,9.0,22.0,1.0,70,2.0,2,0.0
C1,1995,0.6001740065663335,32.300000000000004,26.0,1,7.6,17.1875,24.0,19.0,22.0,1.0,70,3.0,1,0.0
C1,1996,0.5964429591184198,32.599999999999994,25.9,1,7.2,17.1875,24.0,18.0,22.0,1.0,70,3.0,1,0.0
C1,1997,0.5867839181259908,33.099999999999994,25.5,1,5.2,17.1875,27.0,13.0,22.0,1.0,70,2.0,0,0.0
C1,1998,0.6977445678438781,17.7,17.4,1,3.6,17.1875,10.0,9.0,22.0,1.0,70,3.0,2,0.0
C1,1999,0.5862074206144714,32.5,27.099999999999998,1,2.8,17.1875,27.0,7.0,22.0,1.0,70,1.0,1,0.0
C1,2000,0.6949342494879829,17.9,17.6,1,2.4,17.1875,9.0,6.0,22.0,1.0,70,2.0,2,0.0
C1,2001,0.17825879761132343,56.300000000000004,42.3,1,12.0,17.1875,49.0,30.0,22.0,1.0,70,3.0,1,0.0
C1,2002,0.4816798502429024,47.300000000000004,34.9,1,12.0,17.1875,39.0,30.0,22.0,1.0,70,3.0,1,0.0
C1,2003,0.07916464356791765,85.8,44.5,1,4.4,17.1875,42.0,11.0,22.0,1.0,70,1.0,0,0.0
C1,2004,0.4946885731535075,44.2,34.3,1,7.2,17.1875,38.0,18.0,22.0,1.0,70,2.0,2,0.0
C1,2005,0.04989672245486586,97.3,53.8,1,4.8,17.1875,58.0,12.0,22.0,1.0,70,1.0,0,0.0
C1,2006,0.17962603496305007,55.300000000000004,42.2,1,11.6,17.1875,44.0,29.0,22.0,1.0,70,3.0,0,0.0
C1,2007,0.5916928921272228,32.2,26.599999999999998,1,4.0,17.1875,21.0,10.0,22.0,1.0,70,2.0,0,0.0
C1,2008,-0.027471698597765715,126.7,79.0,1,4.8,17.1875,70.0,12.0,22.0,1.0,70,1.0,0,0.0
C1,2009,-0.12394349989177028,185.5,104.4,1,22.4,17.1875,146.0,56.0,22.0,1.0,70,2.0,2,0.0
C1,2010,0.08280747686340584,156.79999999999998,94.39999999999999,1,14.0,17.1875,91.0,35.0,22.0,1.0,30,2.0,1,0.0
C1,2011,0.1620815029765993,114.6,63.2,1,5.2,17.1875,67.0,13.0,22.0,1.0,30,1.0,2,0.0
C1,2012,0.2126957516421383,107.89999999999999,60.900000000000006,1,14.4,17.1875,65.0,36.0,22.0,1.0,30,3.0,1,0.0
C1,2013,0.27909476517836307,77.7,50.5,1,10.4,17.1875,59.0,26.0,22.0,1.0,30,2.0,2,0.0
C1,2014,0.8500762134230411,17.6,17.3,1,3.2,17.1875,10.0,8.0,22.0,1.0,30,3.0,0,0.0
C1,2015,0.6421149119192597,43.9,34.3,1,3.6,17.1875,30.0,9.0,22.0,1.0,30,1.0,0,0.0
C1,2016,0.01236842105263164,193.3,105.39999999999999,1,26.4,17.1875,114.0,66.0,22.0,1.0,30,3.0,2,0.0
C1,2017,0.12796289915786105,130.6,71.9,1,7.2,17.1875,76.0,18.0,22.0,1.0,30,1.0,0,0.0
C1,2018,0.238541404104748,90.89999999999999,51.6,1,8.8,17.1875,55.0,22.0,22.0,1.0,30,2.0,0,0.0
C1,2019,0.7580668684206235,32.7,25.8,1,8.0,17.1875,25.0,20.0,22.0,1.0,30,3.0,0,0.0
C1,2020,0.05754431896866902,166.4,94.10000000000001,1,14.0,17.1875,92.0,35.0,22.0,1.0,30,2.0,1,0.0
C1,2021,0.05842105263157897,172.6,91.1,2,36.8,17.1875,155.0,92.0,22.0,1.0,30,3.0,1,0.0
C1,2022,0.7414415686543869,31.8,22.1,2,2.0,16.796875,23.0,10.0,43.0,1.0,30,2.0,2,0.0
C1,2023,0.25743154834552695,86.2,45.3,2,10.6,16.796875,74.0,53.0,43.0,1.0,30,3.0,2,0.0
C1,2024,0.13317285938682913,109.0,59.3,2,15.2,16.796875,126.0,76.0,43.0,1.0,50,3.0,2,0.0
C1,2025,0.2397679598842801,50.1,35.9,2,4.2,16.796875,50.0,21.0,43.0,1.0,50,2.0,2,0.0
C1,2026,0.5083692845258749,49.6,33.7,2,4.6,16.796875,51.0,23.0,43.0,1.0,50,2.0,1,0.0
C1,2027,0.08582527290995781,112.9,63.3,1,8.8,17.1875,63.0,22.0,22.0,1.0,50,2.0,2,0.0
C1,2028,-0.1109756778834082,192.89999999999998,102.7,1,10.0,17.1875,119.0,25.0,22.0,1.0,50,1.0,1,0.0
C1,2029,0.1251454692292112,102.5,61.9,1,9.6,17.1875,61.0,24.0,22.0,1.0,50,2.0,0,0.0
C1,2030,0.757337347487159,17.8,17.4,1,2.0,17.1875,6.0,5.0,22.0,1.0,50,3.0,0,0.0
C1,2031,0.7739421805817983,17.7,17.4,1,6.0,17.1875,17.0,15.0,22.0,1.0,50,3.0,1,0.0
C1,2032,0.4909858056206518,50.0,17.5,1,1.2,17.1875,6.0,3.0,22.0,1.0,50,1.0,2,0.0
C1,2033,0.24275310448884774,55.800000000000004,42.8,1,8.4,17.1875,47.0,21.0,22.0,1.0,50,2.0,1,0.0
C1,2034,0.010090931466051528,181.5,105.0,1,31.6,17.1875,178.0,79.0,22.0,1.0,50,2.0,2,0.0
C1,2035,0.044999999999999984,180.9,103.8,1,49.2,17.1875,209.0,123.0,22.0,1.0,50,3.0,1,0.0
C1,2036,0.040526315789473744,182.60000000000002,105.30000000000001,1,50.0,17.1875,216.0,125.0,22.0,1.0,50,3.0,2,0.0
C1,2037,0.022418047328932017,138.2,75.30000000000001,1,7.6,17.1875,89.0,19.0,22.0,1.0,50,1.0,0,0.0
C1,2038,0.056157951601876394,153.6,84.2,1,24.4,17.1875,90.0,61.0,22.0,1.0,50,3.0,1,0.0
C1,2039,0.029736842105263228,186.70000000000002,103.3,1,42.8,17.96875,175.0,107.0,23.0,1.0,50,3.0,1,0.0
C1,2040,-0.14227450596537516,184.29999999999998,104.80000000000001,1,36.8,17.1875,155.0,92.0,22.0,1.0,90,3.0,1,0.0
C1,2041,-0.24240210766578202,201.3,104.5,1,16.0,17.1875,104.0,40.0,22.0,1.0,90,2.0,1,0.0
C1,2042,0.014564746071107831,100.0,53.900000000000006,1,9.6,17.1875,55.0,24.0,22.0,1.0,90,2.0,2,0.0
C1,2043,0.07819608693617085,74.89999999999999,41.7,1,7.6,17.1875,48.0,19.0,22.0,1.0,90,2.0,1,0.0
C1,2044,0.12153339763277332,105.89999999999999,62.199999999999996,1,10.8,17.1875,67.0,27.0,22.0,1.0,50,2.0,0,0.0
C1,2045,0.17306877721188763,74.5,40.800000000000004,1,3.6,17.1875,48.0,9.0,22.0,1.0,50,1.0,1,0.0
C1,2046,-0.040327457789533644,196.3,106.39999999999999,1,28.4,17.1875,122.0,71.0,22.0,1.0,50,3.0,0,0.0
C1,2047,-0.111279990247937,191.0,104.7,1,8.8,17.1875,124.0,22.0,22.0,1.0,50,1.0,0,0.0
C1,2048,-0.010405967872344518,185.5,102.7,1,28.8,17.1875,184.0,72.0,22.0,1.0,50,2.0,0,0.0
C1,2049,-0.111279990247937,191.0,103.9,1,8.8,17.1875,162.0,22.0,22.0,1.0,50,1.0,0,0.0
C1,2050,-0.0397173148417537,189.4,110.3,1,24.0,17.1875,135.0,60.0,22.0,1.0,50,2.0,1,0.0
C1,2051,0.08307982620538484,142.1,83.1,1,23.6,17.1875,88.0,59.0,22.0,1.0,50,3.0,0,0.0
C1,2052,0.6573856396255788,32.9,26.599999999999998,1,5.2,17.1875,25.0,13.0,22.0,1.0,50,2.0,1,0.0
C1,2053,0.7605761873560926,18.4,17.5,1,2.8,17.1875,19.0,7.0,22.0,1.0,50,1.0,2,0.0
C1,2054,0.2569062464324302,56.5,42.8,1,12.0,17.1875,42.0,30.0,22.0,1.0,50,3.0,1,0.0
C1,2055,0.06629297940892376,130.3,88.9,1,12.8,17.1875,80.0,32.0,22.0,1.0,50,2.0,2,0.0
C1,2056,0.05695391089992402,131.8,73.3,1,11.6,17.1875,75.0,29.0,22.0,1.0,50,2.0,1,0.0
C1,2057,0.763858250896098,17.8,17.5,1,3.6,17.1875,15.0,9.0,22.0,1.0,50,2.0,2,0.0
C1,2058,0.768857770442213,17.7,17.5,1,4.8,17.1875,17.0,12.0,22.0,1.0,50,2.0,0,0.0
C1,2059,0.6466705371264969,32.800000000000004,26.8,1,2.4,17.1875,21.0,6.0,22.0,1.0,50,1.0,2,0.0
C1,2060,0.5949948121607456,40.4,34.5,1,6.0,17.1875,36.0,15.0,22.0,1.0,50,2.0,1,0.0
C1,2061,0.10447870456592073,129.39999999999998,75.0,1,20.8,17.1875,77.0,52.0,22.0,1.0,50,3.0,2,0.0
C1,2062,0.7622119447177791,18.0,17.5,1,3.2,17.1875,13.0,8.0,22.0,1.0,50,2.0,1,0.0
C1,2063,-0.03045060868299096,189.6,104.89999999999999,1,26.4,17.1875,102.0,66.0,22.0,1.0,50,3.0,2,0.0
C1,2064,-0.01390669077339568,185.1,104.4,1,27.6,17.1875,127.0,69.0,22.0,1.0,50,3.0,1,0.0
C1,2065,-0.02245279496149591,184.10000000000002,101.7,1,24.8,17.1875,169.0,62.0,22.0,1.0,50,2.0,0,0.0
C1,2066,-0.034994979644605656,182.4,102.3,1,20.8,17.1875,140.0,52.0,22.0,1.0,50,2.0,0,0.0
C1,2067,-0.15000518783925437,201.1,108.7,1,6.0,17.1875,103.0,15.0,22.0,1.0,50,1.0,2,0.0
C1,2068,0.022033101120046805,180.79999999999998,104.0,1,34.8,17.1875,151.0,87.0,22.0,1.0,50,3.0,2,0.0
C1,2069,0.006740629992572411,154.29999999999998,90.7,1,13.6,17.1875,95.0,34.0,22.0,1.0,50,2.0,0,0.0
C1,2070,0.13191857194784917,112.9,62.7,1,17.2,17.1875,67.0,43.0,22.0,1.0,50,3.0,1,0.0
C1,2071,-0.08688765499880563,185.1,105.7,1,10.8,17.1875,115.0,27.0,22.0,1.0,50,1.0,1,0.0
C1,2072,0.11491088247504551,96.60000000000001,53.0,1,3.6,17.1875,58.0,9.0,22.0,1.0,50,1.0,1,0.0
C1,2073,-0.02864637132468123,194.1,105.89999999999999,1,30.0,17.1875,174.0,75.0,22.0,1.0,50,2.0,1,0.0
C1,2074,0.10612909826363864,122.7,72.5,1,17.2,17.1875,75.0,43.0,22.0,1.0,50,3.0,2,0.0
C1,2075,0.19981379580080222,74.80000000000001,46.199999999999996,1,10.0,17.1875,43.0,25.0,22.0,1.0,50,3.0,2,0.0
C1,2076,0.640530186249304,33.5,25.4,1,2.4,17.1875,28.0,6.0,22.0,1.0,50,1.0,2,0.0
C1,2077,0.20981302121711426,61.800000000000004,43.5,1,4.4,17.1875,48.0,11.0,22.0,1.0,50,1.0,0,0.0
C1,2078,0.04418835732571172,143.5,87.3,1,15.6,17.1875,88.0,39.0,22.0,1.0,50,2.0,2,0.0
C1,2079,-0.05102915685624049,196.20000000000002,106.89999999999999,1,25.6,17.1875,109.0,64.0,22.0,1.0,50,3.0,1,0.0
C1,2080,-0.07140840246543775,196.9,106.6,1,21.2,17.1875,143.0,53.0,22.0,1.0,50,2.0,0,0.0
C1,2081,-0.08682269502649728,187.79999999999998,104.80000000000001,1,12.4,17.1875,142.0,31.0,22.0,1.0,50,1.0,0,0.0
C1,2082,0.17993703834495434,87.8,62.0,1,13.2,17.1875,70.0,33.0,22.0,1.0,50,2.0,2,0.0
C1,2083,0.1257290477371061,113.19999999999999,65.5,1,16.0,17.1875,65.0,40.0,22.0,1.0,50,3.0,0,0.0
C1,2084,0.06769572011664082,128.39999999999998,73.80000000000001,1,12.0,17.1875,76.0,30.0,22.0,1.0,50,2.0,2,0.0
C1,2085,0.12133075412367123,113.5,62.199999999999996,1,15.2,17.1875,67.0,38.0,22.0,1.0,50,3.0,2,0.0
C1,2086,0.594560005282063,39.300000000000004,32.300000000000004,1,3.6,17.1875,31.0,9.0,22.0,1.0,50,1.0,2,0.0
C1,2087,0.6703127841710372,32.599999999999994,26.1,1,7.6,17.1875,23.0,19.0,22.0,1.0,50,3.0,1,0.0
C1,2088,0.1372262131197825,110.2,63.1,1,16.8,17.1875,69.0,42.0,22.0,1.0,50,3.0,0,0.0
C1,2089,-0.015874651033939202,173.8,104.89999999999999,1,20.0,17.1875,111.0,50.0,22.0,1.0,50,2.0,0,0.0
C1,2090,0.019736842105263164,190.5,105.39999999999999,1,41.6,17.1875,165.0,104.0,22.0,1.0,50,3.0,0,0.0
C1,2091,-0.04571325723333955,190.4,109.2,1,23.2,17.1875,132.0,58.0,22.0,1.0,50,2.0,1,0.0
C1,2092,-0.07198431319600693,189.70000000000002,107.1,1,16.8,17.1875,113.0,42.0,22.0,1.0,50,2.0,0,0.0
C1,2093,0.1828509196651619,79.9,56.800000000000004,1,9.2,17.1875,60.0,23.0,22.0,1.0,50,2.0,1,0.0
C1,2094,0.2581773049735026,56.7,42.9,1,12.4,17.1875,44.0,31.0,22.0,1.0,50,3.0,0,0.0
C1,2095,0.022385639625578893,134.3,75.5,1,5.2,17.1875,82.0,13.0,22.0,1.0,50,1.0,1,0.0
C1,2096,0.06341222704676874,143.0,84.3,1,19.6,17.1875,81.0,49.0,22.0,1.0,50,3.0,2,0.0
C1,2097,-0.00878568579690131,160.20000000000002,93.2,1,13.6,17.1875,91.0,34.0,22.0,1.0,50,2.0,1,0.0
C1,2098,0.1845251396101017,88.8,53.199999999999996,1,14.8,17.1875,58.0,37.0,22.0,1.0,50,3.0,1,0.0
C1,2099,0.10922393709206807,109.89999999999999,59.8,1,10.4,17.1875,67.0,26.0,22.0,1.0,50,2.0,0,0.0
C1,2100,0.05723844027873416,121.7,68.5,1,5.6,17.1875,71.0,14.0,22.0,1.0,50,1.0,0,0.0
C1,2101,-0.008856436955001074,188.70000000000002,104.0,1,31.6,17.1875,134.0,79.0,22.0,1.0,50,3.0,1,0.0
C1,2102,0.027588163050015435,161.89999999999998,97.3,1,22.8,17.1875,93.0,57.0,22.0,1.0,50,3.0,2,0.0
C1,2103,-0.20588085243451965,189.70000000000002,104.6,1,19.2,17.1875,131.0,48.0,22.0,1.0,90,2.0,2,0.0
C1,2104,0.04847935657864824,89.5,54.199999999999996,1,14.0,17.1875,58.0,35.0,22.0,1.0,90,3.0,1,0.0
C1,2105,-0.046992735149651105,124.2,71.0,1,11.2,17.1875,77.0,28.0,22.0,1.0,90,2.0,1,0.0
C1,2106,-0.2001506435609236,181.4,100.0,1,9.2,17.1875,103.0,23.0,22.0,1.0,90,1.0,0,0.0
C1,2107,-0.20167686034931787,187.79999999999998,105.6,1,18.8,17.1875,127.0,47.0,22.0,1.0,90,2.0,1,0.0
C1,2108,-0.20701582193209034,195.70000000000002,104.80000000000001,1,25.6,17.1875,114.0,64.0,22.0,1.0,90,3.0,0,0.0
C1,2109,-0.05418968577491562,124.7,76.6,1,6.4,17.1875,73.0,16.0,22.0,1.0,90,1.0,1,0.0
C1,2110,-0.21581678053099862,201.5,110.2,1,28.0,17.1875,111.0,70.0,22.0,1.0,90,3.0,0,0.0
C1,2111,-0.20588085243451965,189.70000000000002,107.5,1,19.2,17.1875,118.0,48.0,22.0,1.0,90,2.0,2,0.0
C1,2112,-0.15848680423446987,174.3,97.60000000000001,1,22.4,17.1875,93.0,56.0,22.0,1.0,90,3.0,2,0.0
C1,2113,-0.2646876275040073,207.8,111.5,1,12.8,17.1875,136.0,32.0,22.0,1.0,90,1.0,0,0.0
C1,2114,-0.12766526556051888,157.70000000000002,93.8,1,16.0,17.1875,97.0,40.0,22.0,1.0,90,2.0,0,0.0
C1,2115,-0.15398462607340918,170.6,95.10000000000001,1,20.0,17.1875,120.0,50.0,22.0,1.0,90,2.0,2,0.0
C1,2116,-0.21119393158570965,184.2,104.89999999999999,1,6.0,17.1875,105.0,15.0,22.0,1.0,90,1.0,2,0.0
C1,2117,-0.045860204580904035,121.7,73.89999999999999,1,6.8,17.1875,73.0,17.0,22.0,1.0,90,1.0,0,0.0
C1,2118,-0.0066099266248459965,106.30000000000001,71.6,1,5.6,17.1875,70.0,14.0,22.0,1.0,90,1.0,0,0.0
C1,2119,0.046933330387923425,85.5,51.9,1,4.4,17.1875,56.0,11.0,22.0,1.0,90,1.0,1,0.0
C1,2120,-0.1694241268233453,184.29999999999998,104.5,1,28.4,17.1875,117.0,71.0,22.0,1.0,90,3.0,0,0.0
C1,2121,-0.04893702207492373,128.6,73.4,1,17.2,17.1875,73.0,43.0,22.0,1.0,90,3.0,1,0.0
C1,2122,-0.2334105180160056,201.1,110.8,1,20.4,17.1875,107.0,51.0,22.0,1.0,90,2.0,1,0.0
C1,2123,-0.18044734901031473,182.29999999999998,102.9,1,22.0,17.1875,137.0,55.0,22.0,1.0,90,2.0,0,0.0
C1,2124,-0.08298159829024904,140.2,82.3,1,15.2,17.1875,87.0,38.0,22.0,1.0,90,2.0,1,0.0
C1,2125,-0.14017371666893252,170.3,94.5,1,25.6,17.96875,97.0,64.0,23.0,1.0,90,3.0,1,0.0
C1,2126,-0.08871518978274073,137.5,79.39999999999999,1,5.6,17.1875,85.0,14.0,22.0,1.0,90,1.0,0,0.0
C1,2127,-0.14702877400381892,173.3,99.9,1,26.0,17.1875,127.0,65.0,22.0,1.0,90,3.0,1,0.0
C1,2128,-0.012749317783126934,111.4,62.1,1,11.6,17.1875,69.0,29.0,22.0,1.0,90,2.0,1,0.0
C1,2129,-0.04871518978274075,122.30000000000001,68.1,1,5.6,17.1875,76.0,14.0,22.0,1.0,90,1.0,0,0.0
C1,2130,-0.0854881235901449,137.1,78.5,1,7.6,17.1875,82.0,19.0,22.0,1.0,90,1.0,0,0.0
C1,2131,-0.13627886124116245,160.20000000000002,92.2,1,14.8,17.1875,94.0,37.0,22.0,1.0,90,2.0,0,0.0
C1,2132,-0.20176191040965796,182.4,104.89999999999999,1,10.0,17.1875,168.0,25.0,22.0,1.0,90,1.0,0,0.0
C1,2133,0.4431113500362428,45.400000000000006,33.9,1,3.6,17.1875,37.0,9.0,22.0,1.0,90,1.0,2,0.0
C1,2134,-0.1336137668955562,160.5,91.0,1,16.8,17.1875,98.0,42.0,22.0,1.0,90,2.0,2,0.0
C1,2135,-0.20068857080972913,200.3,106.5,1,32.0,17.1875,138.0,80.0,22.0,1.0,90,3.0,1,0.0
C1,2136,-0.07098035426140273,139.7,84.1,1,20.8,17.1875,86.0,52.0,22.0,1.0,90,3.0,2,0.0
C1,2137,-0.20122500166744467,182.60000000000002,98.8,1,10.8,17.1875,112.0,27.0,22.0,1.0,90,1.0,2,0.0
C1,2138,-0.03805630130133353,141.5,84.3,1,14.4,17.1875,84.0,36.0,22.0,1.0,70,2.0,1,0.0
C1,2139,-0.08330924699481279,185.1,103.3,1,31.6,17.1875,140.0,79.0,22.0,1.0,70,3.0,2,0.0
C1,2140,0.1677839296998922,59.8,43.3,1,11.6,17.1875,46.0,29.0,22.0,1.0,70,3.0,1,0.0
C1,2141,-0.10482644409214695,182.0,106.2,1,24.8,17.1875,115.0,62.0,22.0,1.0,70,3.0,2,0.0
C1,2142,-0.09566134964278647,181.10000000000002,105.5,1,26.4,17.1875,107.0,66.0,22.0,1.0,70,3.0,1,0.0
C1,2143,0.003719547434648446,124.10000000000001,69.9,1,13.2,17.1875,78.0,33.0,22.0,1.0,70,2.0,2,0.0
C1,2144,0.01966304630780613,125.0,70.5,1,18.4,17.1875,73.0,46.0,22.0,1.0,70,3.0,1,0.0
C1,2145,-0.12585629680792382,184.4,106.2,1,21.2,17.96875,133.0,53.0,23.0,1.0,70,2.0,2,0.0
C1,2146,-0.17522782098640421,192.1,106.39999999999999,1,13.2,17.1875,172.0,33.0,22.0,1.0,70,1.0,1,0.0
C1,2147,-0.2180507189926318,204.1,109.7,1,9.6,17.1875,117.0,24.0,22.0,1.0,70,1.0,1,0.0
C1,2148,0.004705116097748013,133.0,75.80000000000001,1,20.0,17.1875,76.0,50.0,22.0,1.0,70,3.0,1,0.0
C1,2149,-0.11904770176172594,198.0,108.39999999999999,1,31.2,17.1875,138.0,78.0,22.0,1.0,70,3.0,1,0.0
C1,2150,-0.1656154671178769,182.0,97.19999999999999,1,7.6,17.1875,98.0,19.0,22.0,1.0,70,1.0,2,0.0
C1,2151,-0.029608874776998084,140.4,86.8,1,16.0,17.1875,85.0,40.0,22.0,1.0,70,2.0,2,0.0
C1,2152,-0.11792204368889331,164.3,92.2,1,8.0,17.1875,120.0,20.0,22.0,1.0,70,1.0,2,0.0
C1,2153,-0.041281462356261345,144.3,86.5,1,15.6,17.1875,87.0,39.0,22.0,1.0,70,2.0,2,0.0
C1,2154,0.5216742699501971,41.0,32.800000000000004,1,6.8,17.1875,37.0,17.0,22.0,1.0,70,2.0,2,0.0
C1,2155,-0.015220283834873782,131.8,73.1,1,13.6,17.1875,77.0,34.0,22.0,1.0,70,2.0,2,0.0
C1,2156,-0.0876543933060274,188.79999999999998,104.1,1,32.8,17.1875,147.0,82.0,22.0,1.0,70,3.0,0,0.0
C1,2157,-0.1566457704921343,196.1,106.0,1,21.2,17.1875,143.0,53.0,22.0,1.0,70,2.0,2,0.0
C1,2158,0.016018604215849067,124.7,73.5,1,17.2,17.1875,74.0,43.0,22.0,1.0,70,3.0,0,0.0
C1,2159,0.059508011327949195,106.0,71.1,1,15.6,17.1875,60.0,39.0,22.0,1.0,70,3.0,2,0.0
C1,2160,0.024080332049242217,113.0,65.8,1,10.4,17.1875,65.0,26.0,22.0,1.0,70,2.0,1,0.0
C1,2161,0.021777812565177787,169.5,85.0,2,48.4,16.796875,372.0,242.0,43.0,1.0,70,3.0,1,0.0
C1,2162,0.21806803228437804,107.7,55.199999999999996,3,80.4,16.666666,753.0,603.0,64.0,1.0,70,3.0,0,0.0
C1,2163,0.10631577578259076,80.10000000000001,43.7,3,8.933333,16.666666,107.0,67.0,64.0,1.0,70,3.0,0,0.0
C1,2164,0.44112124529033003,48.9,29.5,3,2.2666667,16.666666,67.0,17.0,64.0,1.0,70,1.0,2,0.0
C1,2165,0.05200574813818912,94.89999999999999,44.8,3,3.0666666,16.666666,94.0,23.0,64.0,1.0,70,1.0,2,0.0
C1,2166,0.09938068897006563,77.5,45.199999999999996,3,3.7333333,16.666666,109.0,28.0,64.0,1.0,70,1.0,2,0.0
C1,2167,0.07049900894268563,92.7,46.1,3,8.0,16.666666,121.0,60.0,64.0,1.0,70,2.0,1,0.0
C1,2168,-0.14452839970702008,185.70000000000002,103.1,1,21.6,17.1875,130.0,54.0,22.0,1.0,70,2.0,0,0.0
C1,2169,-0.19245757238103478,192.20000000000002,104.2,1,7.6,17.1875,110.0,19.0,22.0,1.0,70,1.0,2,0.0
C1,2170,-0.09873363209648789,184.9,102.7,1,28.0,17.1875,129.0,70.0,22.0,1.0,70,3.0,1,0.0
C1,2171,-0.22125150186355175,208.6,105.89999999999999,1,12.4,17.1875,129.0,31.0,22.0,1.0,70,1.0,0,0.0
C1,2172,-0.14879501766852882,180.10000000000002,105.2,1,11.6,17.1875,140.0,29.0,22.0,1.0,70,1.0,2,0.0
C1,2173,-0.03083468951943988,139.8,78.3,1,15.2,17.1875,81.0,38.0,22.0,1.0,70,2.0,1,0.0
C1,2174,-0.0280814055827662,128.1,70.6,1,6.0,17.1875,77.0,15.0,22.0,1.0,70,1.0,2,0.0
C1,2175,0.040380409354061036,101.3,55.9,1,5.2,17.1875,59.0,13.0,22.0,1.0,70,1.0,0,0.0
C1,2176,-0.14129856687054304,196.5,105.30000000000001,1,25.2,17.1875,112.0,63.0,22.0,1.0,70,3.0,2,0.0
C1,2177,-0.029145764575869926,181.5,103.9,1,41.6,17.1875,174.0,104.0,22.0,1.0,70,3.0,0,0.0
C1,2178,-0.1722745059653752,195.70000000000002,108.3,1,16.8,17.1875,184.0,42.0,22.0,1.0,70,1.0,2,0.0
C1,2179,-0.12932821498131514,199.2,109.0,1,29.6,17.1875,203.0,74.0,22.0,1.0,70,2.0,2,0.0
C1,2180,-0.12789025150533767,182.79999999999998,101.8,1,19.6,17.1875,237.0,49.0,22.0,1.0,70,1.0,1,0.0
C1,2181,-0.040008834019459344,182.29999999999998,100.9,1,39.6,17.1875,173.0,99.0,22.0,1.0,70,3.0,2,0.0
C1,2182,0.019041283508309012,123.0,71.4,1,16.8,17.1875,76.0,42.0,22.0,1.0,70,3.0,1,0.0
C1,2183,-0.12459538867154218,167.7,93.2,1,8.8,17.1875,98.0,22.0,22.0,1.0,70,1.0,2,0.0
C1,2184,-0.11074701922894992,167.1,98.0,1,12.8,17.1875,157.0,32.0,22.0,1.0,70,1.0,1,0.0
C1,2185,-0.1332073163070142,198.0,106.0,1,28.0,17.1875,118.0,70.0,22.0,1.0,70,3.0,0,0.0
C1,2186,-0.09303636919536282,183.4,102.0,1,28.4,17.1875,188.0,71.0,22.0,1.0,70,2.0,1,0.0
C1,2187,-0.1300737957974571,181.9,103.2,1,18.4,17.1875,227.0,46.0,22.0,1.0,70,1.0,0,0.0
C1,2188,-0.07150248068372975,190.20000000000002,103.6,1,37.2,17.1875,252.0,93.0,22.0,1.0,70,2.0,0,0.0
C1,2189,-0.06554913014813277,180.4,105.6,1,32.8,17.1875,211.0,82.0,22.0,1.0,70,2.0,2,0.0
C1,2190,-0.16280082175484895,192.1,103.8,1,16.8,17.96875,113.0,42.0,23.0,1.0,70,2.0,2,0.0
C1,2191,-0.06333328252887838,182.29999999999998,104.89999999999999,1,34.4,17.1875,150.0,86.0,22.0,1.0,70,3.0,0,0.0
C1,2192,-0.03362740720617188,190.20000000000002,107.89999999999999,1,46.0,17.1875,193.0,115.0,22.0,1.0,70,3.0,2,0.0
C1,2193,-0.07208573589438519,201.7,113.69999999999999,1,44.0,17.1875,200.0,110.0,22.0,1.0,70,3.0,0,0.0
C1,2194,-0.15980366522897643,197.3,104.80000000000001,1,21.2,17.1875,137.0,53.0,22.0,1.0,70,2.0,1,0.0
C1,2195,-0.06519839615481732,195.20000000000002,108.0,1,41.6,17.1875,166.0,104.0,22.0,1.0,70,3.0,2,0.0
C1,2196,-0.07002281435865906,182.10000000000002,100.5,1,32.8,17.1875,200.0,82.0,22.0,1.0,70,2.0,1,0.0
C1,2197,-0.10862006935704335,195.39999999999998,107.7,1,32.0,17.1875,139.0,80.0,22.0,1.0,70,3.0,2,0.0
C1,2198,0.04529992280737784,105.39999999999999,63.5,1,10.8,17.1875,65.0,27.0,22.0,1.0,70,2.0,0,0.0
C1,2199,-0.05956629720227988,192.39999999999998,105.7,1,41.2,17.1875,173.0,103.0,22.0,1.0,70,3.0,2,0.0
C1,2200,-0.15286040972468234,186.70000000000002,105.30000000000001,1,15.6,17.1875,203.0,39.0,22.0,1.0,70,1.0,2,0.0
C1,2201,-0.023344836180707956,181.9,104.7,1,43.2,17.1875,184.0,108.0,22.0,1.0,70,3.0,2,0.0
C1,2202,-0.14235457703830467,186.0,108.5,1,18.0,17.1875,216.0,45.0,22.0,1.0,70,1.0,1,0.0
C1,2203,-0.03344322017487533,177.1,100.3,1,38.0,17.1875,166.0,95.0,22.0,1.0,70,3.0,2,0.0
C1,2204,-0.07777038362124475,187.1,104.3,1,34.0,17.1875,234.0,85.0,22.0,1.0,70,2.0,0,0.0
C1,2205,-0.04571300699951927,180.4,104.1,1,37.2,17.96875,161.0,93.0,23.0,1.0,70,3.0,0,0.0
C1,2206,-0.05016810112048242,187.5,105.7,1,40.4,17.1875,172.0,101.0,22.0,1.0,70,3.0,2,0.0
C1,2207,-0.12022736286395275,194.39999999999998,107.1,1,28.8,17.1875,120.0,72.0,22.0,1.0,70,3.0,2,0.0
C1,2208,-0.07660112496297095,189.4,104.0,1,35.6,17.1875,213.0,89.0,22.0,1.0,70,2.0,1,0.0
C1,2209,-0.1126367667866228,186.9,105.80000000000001,1,26.0,17.1875,164.0,65.0,22.0,1.0,70,2.0,0,0.0
C1,2210,-0.13541154805350103,182.79999999999998,104.6,1,17.6,17.1875,230.0,44.0,22.0,1.0,70,1.0,1,0.0
C1,2211,-0.03966037542057185,178.1,102.0,1,37.2,17.1875,165.0,93.0,22.0,1.0,70,3.0,2,0.0
C1,2212,-0.12152907871717616,185.20000000000002,106.39999999999999,1,22.8,17.1875,147.0,57.0,22.0,1.0,70,2.0,2,0.0
C1,2213,-0.09625164830441182,190.70000000000002,106.5,1,32.0,17.1875,128.0,80.0,22.0,1.0,70,3.0,2,0.0
C1,2214,-0.12541963129511752,187.29999999999998,105.5,1,23.2,17.1875,153.0,58.0,22.0,1.0,70,2.0,1,0.0
C1,2215,-0.11669663603394664,194.39999999999998,107.7,1,29.6,17.1875,193.0,74.0,22.0,1.0,70,2.0,1,0.0
C1,2216,-0.159872032671735,189.9,104.89999999999999,1,16.0,17.1875,216.0,40.0,22.0,1.0,70,1.0,1,0.0
C1,2217,-0.04127795027204956,198.9,109.3,1,50.0,17.1875,210.0,125.0,22.0,1.0,70,3.0,0,0.0
C1,2218,-0.042418080468419966,187.20000000000002,105.2,1,42.0,17.1875,181.0,105.0,22.0,1.0,70,3.0,0,0.0
C1,2219,-0.0016511094062690024,189.79999999999998,104.7,1,54.8,17.1875,242.0,137.0,22.0,1.0,70,3.0,1,0.0
C1,2220,-0.17425574215101874,194.3,107.6,1,15.2,17.1875,175.0,38.0,22.0,1.0,70,1.0,1,0.0
C1,2221,-0.12219437871411531,186.70000000000002,103.6,1,23.6,17.1875,308.0,59.0,22.0,1.0,70,1.0,1,0.0
C1,2222,0.05013447700701516,164.8,84.2,3,84.2,16.796875,861.0,421.0,43.0,1.0,70,2.0,2,0.0
C1,2223,0.14843769723172756,84.7,44.900000000000006,3,24.133333,16.666666,288.0,181.0,64.0,1.0,70,3.0,0,0.0
C1,2224,0.12969775150002144,76.89999999999999,43.4,3,13.733334,16.666666,153.0,103.0,64.0,1.0,70,3.0,2,0.0
C1,2225,0.11394028875743163,78.7,43.6,3,10.266666,16.666666,118.0,77.0,64.0,1.0,70,3.0,0,0.0
C1,2226,0.08274349996709186,89.5,44.5,3,9.333333,16.666666,139.0,70.0,64.0,1.0,70,2.0,0,0.0
C1,2227,0.038573012899173975,101.1,47.5,3,4.266667,16.666666,140.0,32.0,64.0,1.0,70,1.0,0,0.0
C1,2228,0.02241797843981251,108.2,54.9,2,8.4,16.796875,94.0,42.0,43.0,1.0,70,2.0,0,0.0
C1,2229,-0.210940117245134,182.29999999999998,95.60000000000001,1,9.2,17.1875,150.0,23.0,22.0,1.0,90,1.0,0,0.0
C1,2230,-0.1991382489982449,188.4,105.5,1,20.8,17.1875,130.0,52.0,22.0,1.0,90,2.0,0,0.0
C1,2231,-0.16214963207712918,169.3,100.3,1,13.6,17.1875,105.0,34.0,22.0,1.0,90,2.0,2,0.0
C1,2232,-0.1602202901797949,186.9,104.5,1,33.6,17.1875,138.0,84.0,22.0,1.0,90,3.0,2,0.0
C1,2233,-0.1506722197992062,173.9,102.4,1,25.2,17.96875,118.0,63.0,23.0,1.0,90,3.0,2,0.0
C1,2234,-0.1733828604322502,170.5,98.3,1,7.6,17.1875,91.0,19.0,22.0,1.0,90,1.0,1,0.0
C1,2235,-0.1819771796500671,176.6,99.4,1,13.2,17.1875,162.0,33.0,22.0,1.0,90,1.0,0,0.0
C1,2236,-0.22863499592505998,194.1,105.0,1,12.8,17.1875,159.0,32.0,22.0,1.0,90,1.0,2,0.0
C1,2237,-0.22697717965006708,193.70000000000002,112.0,1,13.2,17.1875,155.0,33.0,22.0,1.0,90,1.0,1,0.0
C1,2238,-0.22955022977406742,192.20000000000002,109.10000000000001,1,8.4,17.1875,114.0,21.0,22.0,1.0,90,1.0,0,0.0
C1,2239,-0.17807769988334216,173.4,102.1,1,10.0,17.1875,106.0,25.0,22.0,1.0,90,1.0,1,0.0
C1,2240,-0.23359314866573422,194.3,108.10000000000001,1,9.6,17.1875,132.0,24.0,22.0,1.0,90,1.0,0,0.0
C1,2241,-0.07671775204229733,186.70000000000002,103.0,1,14.0,17.1875,171.0,35.0,22.0,1.0,50,1.0,1,0.0
C1,2242,-0.09844322162165672,197.7,107.80000000000001,1,15.6,17.1875,109.0,39.0,22.0,1.0,50,2.0,1,0.0
C1,2243,-0.06162449710406881,175.5,103.8,1,10.8,17.1875,140.0,27.0,22.0,1.0,50,1.0,2,0.0
C1,2244,-0.022169563052691604,189.4,101.7,1,28.4,17.1875,127.0,71.0,22.0,1.0,50,3.0,2,0.0
C1,2245,-0.05251062898548056,182.29999999999998,101.8,1,16.8,17.1875,116.0,42.0,22.0,1.0,50,2.0,0,0.0
C1,2246,-0.10156553659214254,190.0,106.0,1,10.4,17.1875,146.0,26.0,22.0,1.0,50,1.0,1,0.0
C1,2247,0.010426037263671473,157.70000000000002,93.7,1,16.4,17.1875,96.0,41.0,22.0,1.0,50,2.0,0,0.0
C1,2248,-0.022041084780027476,197.1,105.0,1,34.4,17.1875,154.0,86.0,22.0,1.0,50,3.0,1,0.0
C1,2249,0.15862378457921136,100.7,56.099999999999994,1,16.0,17.1875,59.0,40.0,22.0,1.0,50,3.0,0,0.0
C1,2250,0.0780575571302117,123.1,70.4,1,11.2,17.1875,78.0,28.0,22.0,1.0,50,2.0,2,0.0
C1,2251,-0.03886770320443597,193.39999999999998,106.80000000000001,1,26.8,17.1875,164.0,67.0,22.0,1.0,50,2.0,2,0.0
C1,2252,-0.054759652170023654,176.3,102.0,1,12.8,17.1875,170.0,32.0,22.0,1.0,50,1.0,0,0.0
C1,2253,0.016578947368421137,191.70000000000002,106.39999999999999,1,45.2,17.1875,189.0,113.0,22.0,1.0,50,3.0,1,0.0
C1,2254,-0.09145742182694164,182.79999999999998,107.5,1,8.4,17.1875,124.0,21.0,22.0,1.0,50,1.0,2,0.0
C1,2255,-0.04734889378912202,192.3,106.89999999999999,1,24.0,17.96875,145.0,60.0,23.0,1.0,50,2.0,1,0.0
C1,2256,0.053684210526315834,177.6,101.2,1,42.0,17.1875,179.0,105.0,22.0,1.0,50,3.0,0,0.0
C1,2257,-0.03399702783684108,184.0,102.4,1,22.0,17.1875,145.0,55.0,22.0,1.0,50,2.0,0,0.0
C1,2258,-0.09957396273632857,199.5,107.39999999999999,1,16.4,17.1875,105.0,41.0,22.0,1.0,50,2.0,2,0.0
C1,2259,-0.10194358053374342,195.6,105.80000000000001,1,13.6,17.1875,157.0,34.0,22.0,1.0,50,1.0,1,0.0
C1,2260,-0.07109644875589072,176.4,108.5,1,9.2,17.1875,106.0,23.0,22.0,1.0,50,1.0,0,0.0
C1,2261,-0.07736340069723721,198.5,110.60000000000001,1,20.8,17.1875,144.0,52.0,22.0,1.0,50,2.0,0,0.0
C1,2262,-0.07592645343976279,194.6,107.30000000000001,1,18.8,17.1875,134.0,47.0,22.0,1.0,50,2.0,0,0.0
C1,2263,-0.11603322134228675,198.9,108.2,1,12.4,17.1875,150.0,31.0,22.0,1.0,50,1.0,2,0.0
C1,2264,-0.02351228916411041,191.6,106.89999999999999,1,29.6,17.1875,127.0,74.0,22.0,1.0,50,3.0,1,0.0
C1,2265,-0.06478065928220644,174.0,102.1,1,9.2,17.1875,138.0,23.0,22.0,1.0,50,1.0,0,0.0
C1,2266,-0.08047486038989826,189.5,106.6,1,14.8,17.1875,191.0,37.0,22.0,1.0,50,1.0,1,0.0
C1,2267,-0.06518669121004547,187.79999999999998,105.89999999999999,1,17.2,17.1875,221.0,43.0,22.0,1.0,50,1.0,2,0.0
C1,2268,-0.044031742329916884,192.3,104.3,1,24.8,17.1875,106.0,62.0,22.0,1.0,50,3.0,0,0.0
C1,2269,0.1285420025934667,113.5,66.19999999999999,1,16.8,17.1875,64.0,42.0,22.0,1.0,50,3.0,0,0.0
C1,2270,-0.043821190281868094,182.4,105.80000000000001,1,18.8,17.1875,105.0,47.0,22.0,1.0,50,2.0,0,0.0
C1,2271,0.1640717216419131,95.2,55.0,1,14.0,17.1875,55.0,35.0,22.0,1.0,50,3.0,0,0.0
C1,2272,0.0064733901698367236,190.29999999999998,105.80000000000001,1,38.4,17.1875,163.0,96.0,22.0,1.0,50,3.0,0,0.0
C1,2273,0.01921052631578951,190.70000000000002,106.7,1,44.0,17.1875,183.0,110.0,22.0,1.0,50,3.0,2,0.0
C1,2274,0.030853652062077797,177.0,101.8,1,34.4,17.1875,214.0,86.0,22.0,1.0,50,2.0,0,0.0
C1,2275,0.05105263157894739,175.4,97.60000000000001,2,60.0,17.96875,259.0,150.0,23.0,1.0,50,3.0,1,0.0
C1,2276,0.16344046286823943,92.7,47.800000000000004,2,12.4,16.796875,87.0,62.0,43.0,1.0,50,3.0,1,0.0
C1,2277,0.04476795988428009,124.2,66.0,2,4.2,16.796875,110.0,21.0,43.0,1.0,50,1.0,2,0.0
C1,2278,0.1314716542165581,96.10000000000001,57.6,2,7.2,16.796875,182.0,36.0,43.0,1.0,50,1.0,1,0.0
C1,2279,0.002122481730842077,142.0,64.10000000000001,2,5.2,16.796875,133.0,26.0,43.0,1.0,50,1.0,0,0.0
C1,2280,-0.039346517386779856,120.2,63.9,2,9.0,16.796875,199.0,45.0,43.0,1.0,90,1.0,2,0.0
C1,2281,0.043947368421052665,178.1,94.8,1,85.2,17.96875,568.0,213.0,23.0,1.0,90,2.0,2,0.0
C1,2282,-0.14654374053464408,197.0,95.10000000000001,3,131.8,17.1875,887.0,659.0,44.0,1.0,90,3.0,2,0.0
C1,2283,0.05665525482985667,82.8,44.1,3,6.9333334,16.666666,244.0,52.0,64.0,1.0,90,1.0,2,0.0
C1,2284,0.05275071550968044,86.8,44.3,3,12.133333,16.666666,211.0,91.0,64.0,1.0,90,2.0,2,0.0
C1,2285,0.48234200435924446,40.9,28.9,3,3.3333333,16.666666,57.0,25.0,64.0,1.0,90,2.0,0,0.0
C1,2286,0.5474092349473314,33.300000000000004,23.3,3,1.4666667,16.666666,38.0,11.0,64.0,1.0,90,1.0,2,0.0
C1,2287,0.05131892236118736,83.1,42.8,3,2.2666667,16.666666,98.0,17.0,64.0,1.0,90,1.0,1,0.0
C1,2288,-0.1746872847180822,179.9,101.4,1,28.4,17.1875,111.0,71.0,22.0,1.0,90,3.0,2,0.0
C1,2289,-0.18179254787597698,189.0,106.39999999999999,1,28.4,17.96875,119.0,71.0,23.0,1.0,90,3.0,0,0.0
C1,2290,-0.23758236434611263,197.5,106.30000000000001,1,12.8,17.1875,177.0,32.0,22.0,1.0,90,1.0,2,0.0
C1,2291,-0.17145098004015596,194.3,105.80000000000001,1,36.0,17.96875,222.0,90.0,23.0,1.0,90,2.0,1,0.0
C1,2292,-0.2138708792669768,198.7,107.39999999999999,1,26.0,17.1875,152.0,65.0,22.0,1.0,90,2.0,1,0.0
C1,2293,-0.24714963207712914,201.6,111.8,1,13.6,17.1875,143.0,34.0,22.0,1.0,90,1.0,0,0.0
C1,2294,-0.19936324058193128,180.2,101.4,1,7.2,17.1875,111.0,18.0,22.0,1.0,90,1.0,2,0.0
C1,2295,-0.18200994314387026,187.4,103.5,1,26.8,17.1875,186.0,67.0,22.0,1.0,90,2.0,1,0.0
C1,2296,-0.002601957019968154,190.6,105.89999999999999,1,75.2,17.1875,314.0,188.0,22.0,1.0,90,3.0,1,0.0
C1,2297,-0.15055804179698884,192.0,107.30000000000001,1,40.0,17.1875,260.0,100.0,22.0,1.0,90,2.0,2,0.0
C1,2298,-0.1483786012789176,181.4,104.7,1,32.8,17.1875,142.0,82.0,22.0,1.0,90,3.0,2,0.0
C1,2299,-0.13753766386011207,182.5,103.0,1,36.8,17.1875,172.0,92.0,22.0,1.0,90,3.0,2,0.0
C1,2300,-0.23691566584742296,196.8,112.69999999999999,1,12.0,17.1875,154.0,30.0,22.0,1.0,90,1.0,0,0.0
C1,2301,-0.0953087118868669,188.29999999999998,106.5,1,50.8,17.1875,215.0,127.0,22.0,1.0,90,3.0,1,0.0
C1,2302,-0.2460034169776915,200.7,107.2,1,12.8,17.1875,191.0,32.0,22.0,1.0,90,1.0,1,0.0
C1,2303,-0.06750540080818379,191.39999999999998,106.39999999999999,1,58.8,17.1875,247.0,147.0,22.0,1.0,90,3.0,0,0.0
C1,2304,-0.17537370618422787,194.20000000000002,107.89999999999999,1,34.8,17.96875,147.0,87.0,23.0,1.0,90,3.0,2,0.0
C1,2305,-0.19172957725491419,179.2,101.3,1,11.2,17.1875,126.0,28.0,22.0,1.0,90,1.0,1,0.0
C1,2306,-0.1521720862816079,194.39999999999998,105.0,1,41.2,17.1875,175.0,103.0,22.0,1.0,90,3.0,1,0.0
C1,2307,-0.26559987637373883,207.7,116.4,1,12.0,17.1875,131.0,30.0,22.0,1.0,90,1.0,2,0.0
C1,2308,-0.2038019493620743,184.0,103.0,1,11.6,17.1875,133.0,29.0,22.0,1.0,90,1.0,0,0.0
C1,2309,-0.2294086862792395,196.1,107.5,1,15.6,17.1875,187.0,39.0,22.0,1.0,90,1.0,0,0.0
C1,2310,-0.1175553938577259,186.20000000000002,106.39999999999999,1,44.4,17.1875,194.0,111.0,22.0,1.0,90,3.0,2,0.0
C1,2311,-0.1492220003476124,197.6,107.80000000000001,1,44.0,17.1875,185.0,110.0,22.0,1.0,90,3.0,0,0.0
C1,2312,-0.19956376399837872,184.0,107.7,1,14.4,17.96875,198.0,36.0,23.0,1.0,90,1.0,1,0.0
C1,2313,-0.16713929052099297,194.3,105.2,1,37.2,17.1875,165.0,93.0,22.0,1.0,90,3.0,1,0.0
C1,2314,-0.1806822979400003,189.9,105.1,1,29.6,17.1875,191.0,74.0,22.0,1.0,90,2.0,0,0.0
C1,2315,-0.16701582193209036,180.5,104.2,1,25.6,17.1875,165.0,64.0,22.0,1.0,90,2.0,0,0.0
C1,2316,-0.15989909712551853,184.79999999999998,104.6,1,32.0,17.1875,205.0,80.0,22.0,1.0,90,2.0,2,0.0
C1,2317,-0.14502756022022362,184.79999999999998,103.5,1,36.4,17.1875,166.0,91.0,22.0,1.0,90,3.0,0,0.0
C1,2318,-0.17066230143601469,183.5,104.7,1,27.2,17.1875,180.0,68.0,22.0,1.0,90,2.0,2,0.0
C1,2319,-0.197836432895036,183.10000000000002,106.5,1,14.0,17.1875,184.0,35.0,22.0,1.0,90,1.0,0,0.0
C1,2320,-0.20166809737721397,195.70000000000002,104.80000000000001,1,27.6,17.1875,159.0,69.0,22.0,1.0,90,2.0,2,0.0
C1,2321,-0.2166041186517647,195.70000000000002,106.6,1,21.6,17.1875,130.0,54.0,22.0,1.0,90,2.0,1,0.0
C1,2322,-0.20664938694883472,189.1,106.80000000000001,1,18.0,17.1875,118.0,45.0,22.0,1.0,90,2.0,0,0.0
C1,2323,-0.1864517751202252,189.5,106.5,1,27.2,17.1875,185.0,68.0,22.0,1.0,90,2.0,2,0.0
C1,2324,-0.22199227311869163,199.5,110.2,1,23.6,17.1875,156.0,59.0,22.0,1.0,90,2.0,1,0.0
C1,2325,-0.21061639557732603,188.20000000000002,103.6,1,14.4,17.1875,177.0,36.0,22.0,1.0,90,1.0,0,0.0
C1,2326,-0.17027793484656123,185.5,105.30000000000001,1,29.2,17.96875,198.0,73.0,23.0,1.0,90,2.0,0,0.0
C1,2327,-0.17414345824060373,180.60000000000002,102.9,1,22.8,17.1875,153.0,57.0,22.0,1.0,90,2.0,0,0.0
C1,2328,-0.18117037041470585,175.4,100.4,1,11.6,17.1875,159.0,29.0,22.0,1.0,90,1.0,1,0.0
C1,2329,-0.08770513953163356,140.1,80.8,1,12.0,17.1875,83.0,30.0,22.0,1.0,90,2.0,2,0.0
C1,2330,-0.19774931778312688,181.7,101.7,1,11.6,17.1875,166.0,29.0,22.0,1.0,90,1.0,0,0.0
C1,2331,-0.18714191756676957,181.4,106.39999999999999,1,17.6,17.1875,108.0,44.0,22.0,1.0,90,2.0,0,0.0
C1,2332,0.028237950791479505,95.2,55.0,1,10.4,17.1875,55.0,26.0,22.0,1.0,90,2.0,0,0.0
C1,2333,0.7468655780554898,32.9,26.4,1,5.6,17.1875,28.0,14.0,22.0,1.0,30,2.0,2,0.0
C1,2334,0.09217342547365054,144.2,79.39999999999999,1,7.2,17.1875,86.0,18.0,22.0,1.0,30,1.0,2,0.0
C1,2335,0.02313168621893505,175.5,98.5,1,10.8,17.1875,128.0,27.0,22.0,1.0,30,1.0,1,0.0
C1,2336,0.010263157894736863,194.1,107.0,1,20.0,17.1875,236.0,50.0,22.0,1.0,30,1.0,1,0.0
C1,2337,-0.10372762642366884,211.79999999999998,109.60000000000001,1,22.8,17.1875,158.0,57.0,22.0,1.0,50,2.0,2,0.0
C1,2338,0.03199970595931033,177.4,96.19999999999999,2,61.6,17.1875,271.0,154.0,22.0,1.0,50,3.0,0,0.0
C1,2339,0.08929073664774895,111.8,59.4,2,7.0,16.796875,186.0,35.0,43.0,1.0,50,1.0,0,0.0
C1,2340,0.14031233970700113,103.2,58.0,2,13.4,16.796875,101.0,67.0,43.0,1.0,50,3.0,2,0.0
C1,2341,0.17271124416398498,113.0,62.0,2,26.8,16.796875,316.0,134.0,43.0,1.0,50,2.0,1,0.0
C1,2342,0.16049849965731616,106.6,55.9,4,76.2,16.796875,950.0,381.0,43.0,1.0,50,2.0,1,0.0
C1,2343,0.23910101234603126,72.0,37.699999999999996,4,17.1,16.601562,250.0,171.0,85.0,1.0,50,3.0,2,0.0
C1,2344,0.5652803764676841,43.4,29.5,4,5.2,16.601562,72.0,52.0,85.0,1.0,50,3.0,0,0.0
C1,2345,0.6547057685397906,31.7,20.299999999999997,4,2.0,16.601562,32.0,20.0,85.0,1.0,50,2.0,1,0.0
C1,2346,0.18759962303505845,70.4,38.699999999999996,4,4.5,16.601562,100.0,45.0,85.0,1.0,50,2.0,2,0.0
C1,2347,0.20365225461400585,64.3,37.5,4,4.5,16.601562,174.0,45.0,85.0,1.0,50,1.0,1,0.0
C1,2348,0.19574565650726716,68.6,40.300000000000004,2,9.2,16.796875,76.0,46.0,43.0,1.0,50,3.0,2,0.0
C1,2349,0.006684913723303307,184.29999999999998,90.5,1,35.6,17.1875,144.0,89.0,22.0,1.0,50,3.0,0,0.0
C1,2350,-0.018250507728595683,176.7,94.7,1,21.2,17.1875,150.0,53.0,22.0,1.0,50,2.0,1,0.0
C1,2351,-0.010172226428685288,189.20000000000002,104.3,1,31.6,17.1875,204.0,79.0,22.0,1.0,50,2.0,2,0.0
C1,2352,0.012911056934836407,188.20000000000002,103.5,1,38.8,17.1875,168.0,97.0,22.0,1.0,50,3.0,1,0.0
C1,2353,0.019999999999999962,190.4,106.6,1,54.0,17.1875,224.0,135.0,22.0,1.0,50,3.0,0,0.0
C1,2354,0.002638811294167348,191.39999999999998,106.6,1,38.0,17.1875,162.0,95.0,22.0,1.0,50,3.0,0,0.0
C1,2355,0.001906200466902458,186.6,105.7,1,33.2,17.1875,139.0,83.0,22.0,1.0,50,3.0,1,0.0
C1,2356,0.02552631578947373,188.29999999999998,106.2,1,49.2,17.1875,207.0,123.0,22.0,1.0,50,3.0,2,0.0
C1,2357,0.003954600767851618,190.89999999999998,107.39999999999999,1,38.0,17.1875,237.0,95.0,22.0,1.0,50,2.0,2,0.0
C1,2358,-0.05219787614964835,189.6,107.6,1,21.2,17.1875,147.0,53.0,22.0,1.0,50,2.0,1,0.0
C1,2359,-0.0012729391941111445,185.29999999999998,105.80000000000001,1,31.2,17.1875,203.0,78.0,22.0,1.0,50,2.0,2,0.0
C1,2360,-0.042570120029022995,182.60000000000002,103.1,1,19.2,17.1875,253.0,48.0,22.0,1.0,50,1.0,1,0.0
C1,2361,-0.07227337265026879,195.89999999999998,108.60000000000001,1,20.4,17.1875,255.0,51.0,22.0,1.0,50,1.0,2,0.0
C1,2362,-0.09513880467387628,193.70000000000002,108.0,1,14.0,17.1875,184.0,35.0,22.0,1.0,50,1.0,1,0.0
C1,2363,0.001494027158256167,190.70000000000002,106.7,1,36.8,17.96875,163.0,92.0,23.0,1.0,50,3.0,2,0.0
C1,2364,-0.06850622998130756,193.8,105.6,1,20.0,17.1875,267.0,50.0,22.0,1.0,50,1.0,1,0.0
C1,2365,-0.025725295306343265,198.5,109.10000000000001,1,34.4,17.1875,203.0,86.0,22.0,1.0,50,2.0,2,0.0
C1,2366,-0.028249131269373506,193.39999999999998,107.7,1,29.6,17.1875,186.0,74.0,22.0,1.0,50,2.0,1,0.0
C1,2367,0.06552631578947377,169.9,86.2,2,44.8,16.796875,256.0,224.0,43.0,1.0,50,3.0,0,0.0
C1,2368,0.1821617112318439,110.3,60.1,2,27.4,16.796875,321.0,137.0,43.0,1.0,50,2.0,0,0.0
C1,2369,0.16708150686987142,112.69999999999999,61.199999999999996,2,25.2,16.796875,312.0,126.0,43.0,1.0,50,2.0,0,0.0
C1,2370,0.07709378912607184,111.60000000000001,59.3,2,24.0,16.796875,187.0,120.0,43.0,1.0,70,3.0,2,0.0
C1,2371,0.1381357271935457,111.9,61.6,2,38.0,16.796875,304.0,190.0,43.0,1.0,70,3.0,1,0.0
C1,2372,0.030694954620178155,113.60000000000001,61.9,2,13.0,16.796875,165.0,65.0,43.0,1.0,70,2.0,0,0.0
C1,2373,0.025213061725848834,117.2,64.3,2,14.2,16.796875,134.0,71.0,43.0,1.0,70,3.0,1,0.0
C1,2374,0.07657375952916673,115.0,60.699999999999996,2,26.0,16.796875,209.0,130.0,43.0,1.0,70,3.0,0,0.0
C1,2375,0.01589664942842084,115.2,63.3,2,9.6,16.796875,258.0,48.0,43.0,1.0,70,1.0,0,0.0
C1,2376,0.01969167322860356,124.39999999999999,66.4,1,20.2,16.796875,265.0,101.0,43.0,1.0,70,2.0,2,0.0
C1,2377,-0.02818410658110257,195.0,109.89999999999999,1,50.8,17.1875,210.0,127.0,22.0,1.0,70,3.0,1,0.0
C1,2378,-0.05481413487538672,185.9,107.2,1,38.4,17.1875,257.0,96.0,22.0,1.0,70,2.0,1,0.0
C1,2379,-0.17029423146020933,202.5,110.10000000000001,1,22.0,17.1875,279.0,55.0,22.0,1.0,70,1.0,1,0.0
C1,2380,-0.11989331550564383,185.20000000000002,104.80000000000001,1,23.2,17.1875,308.0,58.0,22.0,1.0,70,1.0,2,0.0
C1,2381,-0.02517223288136944,191.70000000000002,103.4,2,88.4,17.1875,371.0,221.0,22.0,1.0,70,3.0,1,0.0
C1,2382,0.06303379405568195,116.0,61.6,2,23.4,16.796875,270.0,117.0,43.0,1.0,70,2.0,0,0.0
C1,2383,0.11731471926068912,103.8,57.2,2,28.6,16.796875,237.0,143.0,43.0,1.0,70,3.0,0,0.0
C1,2384,0.04732325217597197,117.1,62.5,2,20.2,16.796875,224.0,101.0,43.0,1.0,70,2.0,1,0.0
C1,2385,0.0356411590739229,119.5,61.1,2,18.8,16.796875,155.0,94.0,43.0,1.0,70,3.0,1,0.0
C1,2386,0.07668563186277719,110.5,60.0,2,23.2,16.796875,199.0,116.0,43.0,1.0,70,3.0,0,0.0
C1,2387,-0.03842435964955171,191.8,104.3,1,48.0,17.1875,312.0,120.0,22.0,1.0,70,2.0,2,0.0
C1,2388,0.12657894736842112,146.7,75.2,2,76.2,16.796875,906.0,381.0,43.0,1.0,70,2.0,1,0.0
C1,2389,0.18004727845264185,102.4,47.0,4,94.13333,16.666666,1000.0,706.0,64.0,1.0,70,3.0,1,0.0
C1,2390,0.37921052631578944,53.900000000000006,36.4,4,66.9,16.601562,1032.0,669.0,85.0,1.0,70,3.0,1,0.0
C1,2391,0.302789371050051,55.199999999999996,36.900000000000006,4,41.5,16.601562,939.0,415.0,85.0,1.0,70,2.0,0,0.0
C1,2392,0.3070364910123672,62.7,37.8,4,47.3,16.601562,1046.0,473.0,85.0,1.0,70,2.0,0,0.0
C1,2393,0.3513157894736842,64.5,37.8,4,65.1,16.601562,1004.0,651.0,85.0,1.0,70,3.0,1,0.0
C1,2394,0.281070342930841,65.9,38.1,4,43.0,16.601562,990.0,430.0,85.0,1.0,70,2.0,0,0.0
C1,2395,0.30887168045123176,54.199999999999996,37.0,4,42.3,16.601562,1005.0,423.0,85.0,1.0,70,2.0,1,0.0
C1,2396,0.3149407811517778,58.2,37.1,4,46.3,16.601562,1063.0,463.0,85.0,1.0,70,2.0,2,0.0
C1,2397,0.2193954444883646,58.0,36.6,4,24.3,16.601562,1082.0,243.0,85.0,1.0,70,1.0,0,0.0
C1,2398,0.20772510325956983,58.7,36.900000000000006,4,21.9,16.601562,996.0,219.0,85.0,1.0,70,1.0,1,0.0
C1,2399,0.22306528174508844,81.8,42.3,3,41.2,16.666666,758.0,309.0,64.0,1.0,70,2.0,0,0.0
C1,2400,0.12680975862990196,76.5,43.0,3,12.533334,16.666666,215.0,94.0,64.0,1.0,70,2.0,0,0.0
C1,2401,0.10051153605513173,82.60000000000001,44.3,3,9.2,16.666666,325.0,69.0,64.0,1.0,70,1.0,1,0.0
C1,2402,0.09371943404854538,108.89999999999999,55.800000000000004,2,28.2,16.796875,230.0,141.0,43.0,1.0,70,3.0,1,0.0
C1,2403,0.08019598009237391,105.5,58.0,2,20.8,16.796875,544.0,104.0,43.0,1.0,70,1.0,2,0.0
C1,2404,0.22453744150854027,100.5,51.3,3,85.333336,16.666666,917.0,640.0,64.0,1.0,70,3.0,2,0.0
C1,2405,0.12951655827038935,73.6,39.800000000000004,4,13.6,16.601562,295.0,136.0,85.0,1.0,70,2.0,2,0.0
C1,2406,0.1802694236364793,55.9,36.900000000000006,4,12.3,16.601562,193.0,123.0,85.0,1.0,70,3.0,2,0.0
C1,2407,0.19777316850160223,54.4,36.6,4,16.3,16.601562,244.0,163.0,85.0,1.0,70,3.0,1,0.0
C1,2408,0.20346951587360476,52.1,36.4,4,16.2,16.601562,366.0,162.0,85.0,1.0,70,2.0,0,0.0
C1,2409,0.4673766739216263,49.6,35.4,4,13.8,16.601562,301.0,138.0,85.0,1.0,70,2.0,2,0.0
C1,2410,-0.21225904711098315,151.10000000000002,68.8,1,7.0,16.796875,270.0,35.0,43.0,1.0,70,1.0,0,0.0
C1,2411,-0.15928432211324656,193.0,105.2,1,18.4,17.1875,237.0,46.0,22.0,1.0,70,1.0,2,0.0
C1,2412,0.015327336272604172,179.7,100.0,2,85.6,17.1875,376.0,214.0,22.0,1.0,70,3.0,2,0.0
C1,2413,0.16258191953158,109.3,57.9,2,42.0,16.796875,332.0,210.0,43.0,1.0,70,3.0,0,0.0
C1,2414,-0.0013225987746197099,124.3,66.60000000000001,2,11.8,16.796875,285.0,59.0,43.0,1.0,70,1.0,0,0.0
C1,2415,0.03253705988333608,112.9,58.5,2,13.0,16.796875,302.0,65.0,43.0,1.0,70,1.0,2,0.0
C1,2416,0.14936915259300926,110.0,60.3,2,39.4,16.796875,308.0,197.0,43.0,1.0,70,3.0,0,0.0
C1,2417,0.025738639096370267,114.5,61.0,2,12.2,16.796875,276.0,61.0,43.0,1.0,70,1.0,2,0.0
C1,2418,0.13551748177001427,115.6,61.0,2,39.6,16.796875,342.0,198.0,43.0,1.0,70,3.0,1,0.0
C1,2419,0.12386890068991319,116.3,61.1,2,37.4,17.1875,305.0,187.0,44.0,1.0,70,3.0,0,0.0
C1,2420,0.10316318125037793,113.9,59.6,2,31.4,16.796875,252.0,157.0,43.0,1.0,70,3.0,2,0.0
C1,2421,0.022273901988599243,116.8,60.8,2,13.0,16.796875,324.0,65.0,43.0,1.0,70,1.0,1,0.0
C1,2422,0.08178738976666403,106.1,58.5,2,21.6,16.796875,268.0,108.0,43.0,1.0,70,2.0,2,0.0
C1,2423,0.1555476159701723,112.3,60.400000000000006,2,42.2,16.796875,313.0,211.0,43.0,1.0,70,3.0,1,0.0
C1,2424,0.09814642070501922,103.6,56.800000000000004,2,24.0,16.796875,268.0,120.0,43.0,1.0,70,2.0,1,0.0
C1,2425,0.18607340733028807,109.39999999999999,58.5,2,47.8,16.796875,388.0,239.0,43.0,1.0,70,3.0,2,0.0
C1,2426,0.0863222673408361,112.60000000000001,59.1,2,26.8,16.796875,312.0,134.0,43.0,1.0,70,2.0,2,0.0
C1,2427,0.11106760053327397,117.4,62.6,2,35.2,16.796875,286.0,176.0,43.0,1.0,70,3.0,0,0.0
C1,2428,0.025064985541396093,117.0,60.1,2,14.0,16.796875,332.0,70.0,43.0,1.0,70,1.0,2,0.0
C1,2429,0.1061107700855809,112.10000000000001,58.6,2,31.0,16.796875,360.0,155.0,43.0,1.0,70,2.0,0,0.0
C1,2430,0.15986887580751327,112.60000000000001,60.0,2,43.4,17.1875,332.0,217.0,44.0,1.0,70,3.0,2,0.0
C1,2431,0.03181048243824898,120.1,61.800000000000004,2,18.2,17.1875,408.0,91.0,44.0,1.0,70,1.0,0,0.0
C1,2432,0.20484280846014538,112.19999999999999,59.3,2,55.6,17.1875,447.0,278.0,44.0,1.0,70,3.0,2,0.0
C1,2433,0.06854541593842964,102.3,57.9,2,15.4,16.796875,385.0,77.0,43.0,1.0,70,1.0,0,0.0
C1,2434,0.20277182352035777,93.7,55.4,2,41.8,16.796875,333.0,209.0,43.0,1.0,70,3.0,2,0.0
C1,2435,0.1406849420666935,113.3,60.3,2,39.4,16.796875,318.0,197.0,43.0,1.0,70,3.0,1,0.0
C1,2436,0.13249459919181616,115.4,60.5,2,38.8,16.796875,322.0,194.0,43.0,1.0,70,3.0,1,0.0
C1,2437,0.10268971745400199,113.4,58.8,2,31.0,16.796875,353.0,155.0,43.0,1.0,70,2.0,0,0.0
C1,2438,0.07270775606662248,113.9,60.1,2,24.4,16.796875,305.0,122.0,43.0,1.0,70,2.0,2,0.0
C1,2439,0.022273901988599243,116.8,60.199999999999996,2,13.0,16.796875,306.0,65.0,43.0,1.0,70,1.0,2,0.0
C1,2440,0.13281410739230629,118.3,61.0,2,40.6,16.796875,331.0,203.0,43.0,1.0,70,3.0,1,0.0
C1,2441,0.03957458708500766,109.0,57.4,2,12.0,16.796875,273.0,60.0,43.0,1.0,70,1.0,1,0.0
C1,2442,0.10997898232439626,108.60000000000001,58.4,2,29.8,16.796875,235.0,149.0,43.0,1.0,70,3.0,2,0.0
C1,2443,0.12739733509166257,115.3,62.199999999999996,2,37.6,17.1875,300.0,188.0,44.0,1.0,70,3.0,0,0.0
C1,2444,0.15156607920883416,112.5,60.199999999999996,2,41.4,16.796875,337.0,207.0,43.0,1.0,70,3.0,0,0.0
C1,2445,0.020168638830704494,117.6,59.7,2,13.0,17.1875,330.0,65.0,44.0,1.0,70,1.0,0,0.0
C1,2446,0.1027085326429075,111.69999999999999,60.3,2,30.0,16.796875,360.0,150.0,43.0,1.0,70,2.0,1,0.0
C1,2447,0.005867910904746559,115.6,60.6,2,26.4,16.796875,309.0,132.0,43.0,1.0,90,2.0,0,0.0
C1,2448,0.06419553007117818,113.69999999999999,61.699999999999996,2,42.2,16.796875,340.0,211.0,43.0,1.0,90,3.0,1,0.0
C1,2449,0.02895184643132924,120.0,62.300000000000004,1,39.6,16.796875,315.0,198.0,43.0,1.0,90,3.0,1,0.0
C1,2450,-0.10300202586418697,185.20000000000002,105.30000000000001,1,47.2,17.1875,295.0,118.0,22.0,1.0,90,2.0,2,0.0
C1,2451,-0.12093787085882635,177.3,102.5,1,37.6,17.1875,240.0,94.0,22.0,1.0,90,2.0,1,0.0
C1,2452,-0.15702877400381887,177.1,102.6,1,26.0,17.96875,335.0,65.0,23.0,1.0,90,1.0,1,0.0
C1,2453,0.035109377617841886,180.10000000000002,102.0,1,79.2,17.96875,352.0,198.0,23.0,1.0,90,3.0,1,0.0
C1,2454,-0.019894672067940544,182.5,103.4,1,64.4,17.1875,283.0,161.0,22.0,1.0,90,3.0,2,0.0
C1,2455,-0.05260266490833737,183.7,104.5,1,57.6,17.1875,243.0,144.0,22.0,1.0,90,3.0,0,0.0
C1,2456,-0.0800438129678451,179.79999999999998,101.4,1,49.2,17.1875,323.0,123.0,22.0,1.0,90,2.0,2,0.0
C1,2457,-0.14751432506236412,172.7,102.1,1,25.2,17.1875,337.0,63.0,22.0,1.0,90,1.0,1,0.0
C1,2458,-0.20293183444949348,236.8,123.8,3,121.0,17.1875,1543.0,605.0,44.0,1.0,90,2.0,2,0.0
C1,2459,0.32109978869451006,60.5,38.5,4,71.9,16.601562,1500.0,719.0,85.0,1.0,90,2.0,2,0.0
C1,2460,0.3440207053085909,58.2,36.6,5,102.3,16.601562,1200.0,1023.0,85.0,1.0,90,3.0,0,0.0
C1,2461,0.6675438596491228,48.300000000000004,33.0,5,86.8,16.5625,1200.0,1085.0,106.0,1.0,90,3.0,0,0.0
C1,2462,0.4383135229487608,48.0,33.6,5,17.04,16.5625,956.0,213.0,106.0,1.0,90,1.0,0,0.0
C1,2463,0.49557518971202125,48.800000000000004,33.099999999999994,5,39.68,16.5625,752.0,496.0,106.0,1.0,90,3.0,0,0.0
C1,2464,0.532983112042242,47.9,32.9,5,46.88,16.5625,861.0,586.0,106.0,1.0,90,3.0,1,0.0
C1,2465,0.43089799618674185,47.199999999999996,32.2,5,7.12,16.5625,392.0,89.0,106.0,1.0,90,1.0,0,0.0
C1,2466,0.41736387350933674,49.4,33.2,5,11.68,16.5625,312.0,146.0,106.0,1.0,90,2.0,2,0.0
C1,2467,0.04075073229437205,82.5,44.6,3,7.0666666,16.666666,268.0,53.0,64.0,1.0,90,1.0,2,0.0
C1,2468,0.08889855780106705,81.0,44.0,3,23.2,16.666666,276.0,174.0,64.0,1.0,90,3.0,1,0.0
C1,2469,0.05966611120856963,81.60000000000001,44.1,3,6.8,16.666666,242.0,51.0,64.0,1.0,90,1.0,1,0.0
C1,2470,-0.07967270093599083,178.0,91.80000000000001,1,52.0,17.1875,329.0,130.0,22.0,1.0,90,2.0,1,0.0
C1,2471,-0.07299622071606329,184.6,105.0,1,53.6,17.1875,243.0,134.0,22.0,1.0,90,3.0,2,0.0
C1,2472,-0.08445426539699144,186.9,106.2,1,52.4,17.1875,339.0,131.0,22.0,1.0,90,2.0,1,0.0
C1,2473,-0.15877558927662494,171.8,94.5,1,19.2,17.1875,240.0,48.0,22.0,1.0,90,1.0,0,0.0
C1,2474,-0.17188798918866305,181.2,103.0,1,24.4,17.96875,163.0,61.0,23.0,1.0,90,2.0,0,0.0
C1,2475,-0.20266823335624318,187.29999999999998,107.39999999999999,1,17.6,17.1875,220.0,44.0,22.0,1.0,90,1.0,0,0.0
C1,2476,-0.18272072895616137,188.5,105.5,1,27.6,17.1875,181.0,69.0,22.0,1.0,90,2.0,2,0.0
C1,2477,-0.1631440507225151,193.89999999999998,104.7,1,38.0,17.1875,244.0,95.0,22.0,1.0,90,2.0,2,0.0
C1,2478,-0.16770277461716815,175.5,101.4,1,19.6,17.1875,256.0,49.0,22.0,1.0,90,1.0,2,0.0
C1,2479,-0.14304313401672097,185.70000000000002,104.1,1,37.6,17.1875,253.0,94.0,22.0,1.0,90,2.0,1,0.0
C1,2480,-0.010590608487453801,185.0,102.7,1,68.4,17.96875,300.0,171.0,23.0,1.0,90,3.0,0,0.0
C1,2481,-0.1846645647877186,182.9,104.1,1,20.8,17.96875,257.0,52.0,23.0,1.0,90,1.0,1,0.0
C1,2482,-0.18334208585242012,183.4,101.8,1,22.0,17.1875,267.0,55.0,22.0,1.0,90,1.0,2,0.0
C1,2483,-0.10851065461846279,183.4,102.8,1,44.8,17.1875,286.0,112.0,22.0,1.0,90,2.0,2,0.0
C1,2484,0.04368421052631577,181.4,103.3,1,95.2,17.1875,603.0,238.0,22.0,1.0,90,2.0,1,0.0
C1,2485,0.02526315789473682,188.4,106.0,1,80.0,17.1875,996.0,200.0,22.0,1.0,90,1.0,2,0.0
C1,2486,-0.24152884271780467,235.1,117.5,3,130.6,16.796875,964.0,653.0,43.0,1.0,90,3.0,2,0.0
C1,2487,0.18524034353607777,85.1,44.5,3,52.8,16.666666,909.0,396.0,64.0,1.0,90,2.0,2,0.0
C1,2488,0.29668957898678283,79.9,43.7,3,78.26667,16.666666,923.0,587.0,64.0,1.0,90,3.0,1,0.0
C1,2489,0.2918209795438113,82.10000000000001,43.7,3,78.666664,16.666666,915.0,590.0,64.0,1.0,90,3.0,2,0.0
C1,2490,0.07351070506755292,88.2,45.8,3,24.666666,16.666666,872.0,185.0,64.0,1.0,90,1.0,2,0.0
C1,2491,0.14314642070501923,86.5,45.0,3,44.0,16.927084,812.0,330.0,65.0,1.0,90,2.0,0,0.0
C1,2492,0.07311091506545665,80.8,43.6,3,15.066667,16.666666,275.0,113.0,64.0,1.0,90,2.0,1,0.0
C1,2493,0.07150020249499812,83.5,44.900000000000006,3,18.133333,16.666666,301.0,136.0,64.0,1.0,90,2.0,2,0.0
C1,2494,0.06074008351306798,87.3,44.900000000000006,3,17.733334,16.666666,313.0,133.0,64.0,1.0,90,2.0,0,0.0
C1,2495,0.06118059890721239,102.7,56.9,2,36.0,16.796875,291.0,180.0,43.0,1.0,90,3.0,1,0.0
C1,2496,0.03115353445342875,112.19999999999999,58.5,2,32.0,16.796875,390.0,160.0,43.0,1.0,90,2.0,0,0.0
C1,2497,-0.13482599211405605,167.1,90.30000000000001,1,27.6,17.1875,384.0,69.0,22.0,1.0,90,1.0,2,0.0
C1,2498,-0.027363400697237167,179.5,102.7,1,60.8,17.1875,389.0,152.0,22.0,1.0,90,2.0,0,0.0
C1,2499,0.04868421052631583,179.5,97.3,1,92.8,17.96875,400.0,232.0,23.0,1.0,90,3.0,2,0.0
C1,2500,0.02815789473684216,187.29999999999998,103.8,1,30.0,40.0,100.0,1500.0,2000.0,1.0,50,1.0,0,0.0
C1,2501,0.0247070891992084,133.8,68.1,2,7.4,16.40625,148.0,37.0,42.0,1.0,50,1.0,2,0.0
C1,2502,0.12231685675323137,94.10000000000001,51.7,2,3.8,16.796875,83.0,19.0,43.0,1.0,50,1.0,1,0.0
C1,2503,0.11114109286077475,113.60000000000001,61.9,2,13.0,16.796875,104.0,65.0,43.0,1.0,50,3.0,0,0.0
C1,2504,0.11705584158772267,102.9,51.7,2,8.0,16.796875,84.0,40.0,43.0,1.0,50,2.0,0,0.0
C1,2505,0.058534667083682684,80.60000000000001,40.800000000000004,2,3.0,16.796875,67.0,15.0,43.0,1.0,90,1.0,0,0.0
C1,2506,-0.1432286256335356,155.5,85.6,1,6.8,17.1875,94.0,17.0,22.0,1.0,90,1.0,1,0.0
C1,2507,-0.05513507438690923,128.39999999999998,76.30000000000001,1,13.2,17.1875,79.0,33.0,22.0,1.0,90,2.0,0,0.0
C1,2508,-0.06436324058193132,128.89999999999998,72.3,1,7.2,17.1875,77.0,18.0,22.0,1.0,90,1.0,1,0.0
C1,2509,-0.12587955347206287,156.0,89.7,1,14.4,17.1875,94.0,36.0,22.0,1.0,90,2.0,1,0.0
C1,2510,0.4003882500542819,50.0,17.4,1,0.8,17.1875,8.0,2.0,22.0,1.0,90,1.0,1,0.0
C1,2511,0.04571292812066939,87.6,52.3,1,8.4,17.1875,53.0,21.0,22.0,1.0,90,2.0,2,0.0
C1,2512,0.6674569236982506,17.8,17.5,1,5.2,17.1875,15.0,13.0,22.0,1.0,90,3.0,2,0.0
C1,2513,-0.1725672852023708,190.1,106.30000000000001,1,32.4,17.1875,134.0,81.0,22.0,1.0,90,3.0,0,0.0
C1,2514,-0.02901856409085235,122.80000000000001,73.2,1,19.6,17.1875,78.0,49.0,22.0,1.0,90,3.0,2,0.0
C1,2515,0.5545148588081725,32.7,26.8,1,3.6,17.1875,20.0,9.0,22.0,1.0,90,2.0,2,0.0
C1,2516,-0.14699481952929977,160.3,88.2,1,7.2,17.1875,95.0,18.0,22.0,1.0,90,1.0,2,0.0
C1,2517,-0.18475161905708753,191.0,104.4,1,29.2,17.1875,132.0,73.0,22.0,1.0,90,3.0,2,0.0
C1,2518,-0.03231920645137576,119.5,68.8,1,12.8,17.1875,72.0,32.0,22.0,1.0,90,2.0,0,0.0
C1,2519,0.10563884379771735,66.19999999999999,45.5,1,11.2,17.1875,44.0,28.0,22.0,1.0,90,3.0,1,0.0
C1,2520,-0.10857376689772083,145.7,81.69999999999999,1,7.2,17.1875,83.0,18.0,22.0,1.0,90,1.0,1,0.0
C1,2521,0.45379465415491077,44.6,34.5,1,7.2,17.1875,37.0,18.0,22.0,1.0,90,2.0,0,0.0
C1,2522,-0.051873084519582835,123.5,72.9,1,5.6,17.1875,77.0,14.0,22.0,1.0,90,1.0,1,0.0
C1,2523,-0.09003725765235657,146.3,82.9,1,20.0,17.1875,81.0,50.0,22.0,1.0,90,3.0,2,0.0
C1,2524,0.043742514473385063,91.30000000000001,54.199999999999996,1,14.0,17.1875,59.0,35.0,22.0,1.0,90,3.0,1,0.0
C1,2525,-0.13834877531403433,165.3,95.60000000000001,1,20.8,17.1875,91.0,52.0,22.0,1.0,90,3.0,0,0.0
C1,2526,-0.11669403771702533,157.4,91.5,1,21.2,17.1875,91.0,53.0,22.0,1.0,90,3.0,0,0.0
C1,2527,0.666289972053633,17.7,17.4,1,4.0,17.1875,18.0,10.0,22.0,1.0,90,2.0,1,0.0
C1,2528,-0.21562959572501994,198.2,106.89999999999999,1,24.8,17.1875,104.0,62.0,22.0,1.0,90,3.0,1,0.0
C1,2529,-0.05511054501366758,148.5,85.3,1,14.8,17.1875,81.0,37.0,22.0,1.0,70,2.0,1,0.0
C1,2530,-0.19864175607105528,200.5,109.60000000000001,1,12.8,17.1875,137.0,32.0,22.0,1.0,70,1.0,1,0.0
C1,2531,-0.14050909318633253,196.20000000000002,109.5,1,25.2,17.1875,154.0,63.0,22.0,1.0,70,2.0,2,0.0
C1,2532,0.4880954450368604,43.9,32.300000000000004,1,3.6,17.1875,30.0,9.0,22.0,1.0,70,1.0,0,0.0
C1,2533,-0.08011054501366754,158.0,104.6,1,14.8,17.1875,90.0,37.0,22.0,1.0,70,2.0,2,0.0
C1,2534,-0.028819401092787578,140.1,88.1,1,16.0,17.1875,89.0,40.0,22.0,1.0,70,2.0,1,0.0
C1,2535,-0.12521360050755592,167.5,99.0,1,8.4,17.1875,91.0,21.0,22.0,1.0,70,1.0,1,0.0
C1,2536,-0.15256729133723596,182.5,105.1,1,12.4,17.1875,162.0,31.0,22.0,1.0,70,1.0,1,0.0
C1,2537,0.07928896480237904,87.7,59.3,1,6.4,17.1875,75.0,16.0,22.0,1.0,70,1.0,0,0.0
C1,2538,-0.0016822249135551859,116.9,63.8,1,4.8,17.1875,62.0,12.0,22.0,1.0,70,1.0,1,0.0
C1,2539,-0.02245757238103474,127.6,75.89999999999999,1,7.6,17.1875,79.0,19.0,22.0,1.0,70,1.0,0,0.0
C1,2540,-0.011107347075441226,141.4,85.5,1,21.6,17.1875,88.0,54.0,22.0,1.0,70,3.0,0,0.0
C1,2541,-0.126402650921828,156.70000000000002,92.39999999999999,1,15.2,17.1875,97.0,38.0,22.0,1.0,90,2.0,1,0.0
C1,2542,0.1280236307379972,54.4,40.4,1,3.6,17.1875,44.0,9.0,22.0,1.0,90,1.0,0,0.0
C1,2543,-0.22329388038338305,203.5,111.8,1,27.2,17.96875,111.0,68.0,23.0,1.0,90,3.0,2,0.0
C1,2544,-0.20949885549387004,193.0,103.4,1,21.6,17.1875,134.0,54.0,22.0,1.0,90,2.0,0,0.0
C1,2545,0.03366002557334463,92.0,61.800000000000004,1,8.0,17.1875,75.0,20.0,22.0,1.0,90,1.0,0,0.0
C1,2546,-0.12363465313913483,166.9,98.10000000000001,1,28.4,17.1875,125.0,71.0,22.0,1.0,90,3.0,2,0.0
C1,2547,-0.15318520158363008,177.7,101.5,1,28.0,17.96875,124.0,70.0,23.0,1.0,90,3.0,1,0.0
C1,2548,0.5582146347786627,32.5,25.4,1,5.6,17.1875,29.0,14.0,22.0,1.0,90,2.0,0,0.0
C1,2549,-0.16713624241431968,167.3,97.69999999999999,1,5.6,17.1875,104.0,14.0,22.0,1.0,90,1.0,1,0.0
C1,2550,0.11669147537666469,62.0,43.9,1,11.2,17.1875,45.0,28.0,22.0,1.0,90,3.0,1,0.0
C1,2551,-0.18623930031960834,188.20000000000002,106.2,1,26.0,17.1875,107.0,65.0,22.0,1.0,90,3.0,0,0.0
C1,2552,-0.05424150557221441,124.39999999999999,70.2,1,5.6,17.1875,71.0,14.0,22.0,1.0,90,1.0,2,0.0
C1,2553,-0.18255261216820956,183.10000000000002,105.2,1,22.0,17.1875,148.0,55.0,22.0,1.0,90,2.0,0,0.0
C1,2554,0.05891071401217782,87.9,60.900000000000006,1,17.6,17.1875,70.0,44.0,22.0,1.0,90,3.0,2,0.0
C1,2555,-0.16357168251807214,168.5,103.6,1,11.2,17.1875,109.0,28.0,22.0,1.0,90,1.0,2,0.0
C1,2556,-0.18156841275284769,181.4,103.8,1,20.4,17.1875,134.0,51.0,22.0,1.0,90,2.0,0,0.0
C1,2557,0.11651617666960849,58.5,41.300000000000004,1,2.8,17.1875,45.0,7.0,22.0,1.0,90,1.0,0,0.0
C1,2558,0.49681112600673294,39.5,34.8,1,5.6,17.1875,31.0,14.0,22.0,1.0,90,2.0,0,0.0
C1,2559,-0.20101443937961866,181.0,98.4,1,7.6,17.1875,103.0,19.0,22.0,1.0,90,1.0,2,0.0
C1,2560,-0.17747170098817777,183.7,104.89999999999999,1,24.8,17.1875,104.0,62.0,22.0,1.0,90,3.0,2,0.0
