Cluster,Step,Reward,Latency_P90,Latency_Avg,Replicas,CPU_Pct,Requests,Success,HPA_Target,Throughput,Forecast
C2,1,-2.8435489860844303,2049.4,847.9,64,3.799999952316284,26.0,1.0,50,1.0,63.0
C2,2,-1.513951168685608,11200.8,763.9,92,0.4193548262119293,15.0,1.0,70,3.0,34.0
C2,3,0.43102294609761116,50.0,17.8,92,0.40645161271095276,6.0,1.0,70,2.0,24.933332443237305
C2,4,0.7060358869817475,18.9,18.2,92,0.41290321946144104,11.0,1.0,70,1.0,17.49333381652832
C2,5,-0.4399096035803705,19.0,18.2,64,0.4193548262119293,10.0,1.0,90,2.0,13.029333114624023
C2,6,-1.8398722227580213,18.9,18.0,1,0.47096773982048035,45.0,1.0,90,3.0,11.950933456420898
C2,7,0.8510615300280377,18.2,17.8,1,1.600000023841858,14.0,1.0,30,1.0,11.703893661499023
C2,8,0.40507640868882416,50.0,17.8,1,0.4000000059604645,2.0,1.0,90,1.0,11.155669212341309
C2,9,0.40597518614402206,50.0,17.7,1,1.600000023841858,9.0,1.0,90,3.0,9.22673511505127
C2,10,0.6819403678361281,18.1,17.7,1,2.799999952316284,24.0,1.0,90,2.0,7.802707672119141
C2,11,0.709325018440201,18.0,17.6,1,2.0,13.0,1.0,70,1.0,8.414958000183105
C2,12,0.8494120147012151,18.1,17.6,1,1.2000000476837158,10.0,1.0,30,2.0,9.048974990844727
C2,13,0.6840840775133381,18.2,17.7,1,5.199999809265137,42.0,1.0,90,3.0,9.696051597595215
C2,14,0.43181866503105076,50.0,17.6,1,0.800000011920929,3.0,1.0,70,1.0,8.750964164733887
C2,15,0.6812893625812153,17.7,17.5,1,2.0,16.0,1.0,90,2.0,8.583911895751953
C2,16,0.5634557825344307,33.0,26.599999999999998,1,3.5999999046325684,21.0,1.0,90,1.0,9.417014122009277
C2,17,0.7084760865278696,17.8,17.5,1,1.600000023841858,10.0,1.0,70,2.0,10.183541297912598
C2,18,0.7651980189220102,20.299999999999997,17.6,1,1.600000023841858,14.0,1.0,50,1.0,11.443458557128906
C2,19,0.7033681355598175,32.599999999999994,25.6,1,14.0,78.0,1.0,50,3.0,12.866074562072754
C2,20,0.7679480189220103,18.0,17.6,1,1.600000023841858,11.0,1.0,50,1.0,14.519644737243652
C2,21,0.706000040084349,32.5,26.0,1,14.399999618530273,72.0,1.0,50,3.0,16.84511947631836
C2,22,0.6812893625812153,17.8,17.5,1,2.0,16.0,1.0,90,1.0,16.907072067260742
C2,23,0.6819403678361281,18.2,17.8,1,2.799999952316284,21.0,1.0,90,3.0,16.41090965270996
C2,24,0.8559587577917702,17.8,17.6,1,2.799999952316284,24.0,1.0,30,3.0,13.979879379272461
C2,25,0.593735219665456,33.300000000000004,26.0,1,4.800000190734863,23.0,1.0,70,1.0,13.454594612121582
C2,26,0.7084760865278696,17.8,17.4,1,1.600000023841858,14.0,1.0,70,1.0,14.07275676727295
C2,27,0.8591758329899635,17.9,17.7,1,3.5999999046325684,33.0,1.0,30,3.0,14.843653678894043
C2,28,0.590941580854195,33.4,26.4,1,4.0,20.0,1.0,70,1.0,14.906192779541016
C2,29,0.270975,83.1,43.5,2,37.400001525878906,147.0,1.0,30,3.0,19.610382080078125
C2,30,0.852702823555001,18.2,17.6,2,2.0,26.0,1.0,30,2.0,22.699562072753906
C2,31,0.20191009837007146,78.39999999999999,42.1,2,16.600000381469727,64.0,1.0,50,1.0,30.419736862182617
C2,32,0.7334827963178071,38.0,25.8,2,15.0,108.0,1.0,30,3.0,33.31850814819336
C2,33,0.6415833333333333,49.5,35.3,3,29.33333396911621,150.0,1.0,30,3.0,39.99110412597656
C2,34,0.5188800872045263,39.0,26.4,3,12.800000190734863,96.0,1.0,90,2.0,41.861328125
C2,35,0.5971698447865791,49.099999999999994,33.9,3,24.799999237060547,130.0,1.0,50,2.0,46.85013198852539
C2,36,0.22450144555364251,85.2,43.2,5,88.72000122070312,393.0,1.0,70,3.0,60.64341354370117
C2,37,0.44540599802970543,49.8,34.3,5,26.0,133.0,1.0,90,1.0,80.25271606445312
C2,38,0.6993184862897599,39.4,27.099999999999998,5,8.319999694824219,68.0,1.0,30,1.0,92.41829681396484
C2,39,0.6406481233708401,38.1,25.9,5,11.119999885559082,110.0,1.0,50,2.0,89.58431243896484
C2,40,0.6734745902483337,23.8,19.099999999999998,5,1.5199999809265137,27.0,1.0,70,1.0,73.7505874633789
C2,41,0.5585415410590083,34.3,24.8,5,10.239999771118164,106.0,1.0,90,2.0,62.25035095214844
C2,42,0.7652353463116929,18.4,17.8,5,0.8799999952316284,26.0,1.0,50,2.0,49.75020980834961
C2,43,0.44751714270539306,32.4,20.5,2,1.8666666746139526,26.0,1.0,90,1.0,42.11679458618164
C2,44,0.7080566910051945,18.2,17.8,2,1.399999976158142,16.0,1.0,70,1.0,32.60340881347656
C2,45,0.5703927164260761,32.599999999999994,22.700000000000003,2,7.0,63.0,1.0,90,3.0,27.962045669555664
C2,46,0.7063206508060584,38.9,26.9,2,9.0,64.0,1.0,30,2.0,25.97722816467285
C2,47,0.6694583736819039,33.2,25.1,1,9.199999809265137,48.0,1.0,50,2.0,25.853002548217773
C2,48,0.7820163576443,18.1,17.8,1,5.199999809265137,45.0,1.0,50,3.0,24.97846794128418
C2,49,0.7475539631541367,33.2,26.8,1,6.0,29.0,1.0,30,1.0,24.053747177124023
C2,50,0.7441000559002011,32.9,27.2,1,4.400000095367432,22.0,1.0,30,1.0,23.232248306274414
C2,51,0.2622216420312266,79.8,46.699999999999996,2,43.599998474121094,126.0,1.0,30,3.0,26.3393497467041
C2,52,0.43426346734552224,48.2,34.6,2,12.600000381469727,54.0,1.0,90,1.0,31.536943435668945
C2,53,-0.16653005519484387,98.0,48.599999999999994,8,81.80000305175781,297.0,1.0,30,3.0,44.92216491699219
C2,54,0.6515626202554395,39.699999999999996,27.3,8,37.099998474121094,303.0,1.0,70,3.0,60.81996536254883
C2,55,0.5593599557752789,33.5,22.700000000000003,8,4.150000095367432,58.0,1.0,90,1.0,70.89198303222656
C2,56,0.6146067721925762,42.4,28.400000000000002,8,14.25,124.0,1.0,50,1.0,80.26852416992188
C2,57,0.5781269452177589,32.4,21.9,8,11.899999618530273,174.0,1.0,90,3.0,80.1611099243164
C2,58,0.6809760865278697,23.0,18.599999999999998,8,1.600000023841858,46.0,1.0,70,2.0,75.43000030517578
C2,59,0.5205177143633456,18.0,17.5,4,1.0,28.0,1.0,90,2.0,57.92466735839844
C2,60,0.7010405353321001,17.8,17.4,3,1.8666666746139526,45.0,1.0,70,3.0,41.688133239746094
C2,61,0.64513729648747,43.5,28.299999999999997,2,6.0,45.0,1.0,30,1.0,34.879547119140625
C2,62,0.6741217197831726,32.300000000000004,22.1,2,6.400000095367432,54.0,1.0,50,2.0,32.52772903442383
C2,63,0.6322531781199122,44.4,34.2,1,24.799999237060547,90.0,1.0,50,3.0,33.11663818359375
C2,64,0.5974447222196914,33.0,26.3,1,5.199999809265137,25.0,1.0,70,1.0,30.803316116333008
C2,65,0.6809751861440221,18.0,17.7,1,1.600000023841858,13.0,1.0,90,1.0,27.548656463623047
C2,66,0.766163325294095,32.599999999999994,26.3,1,9.600000381469727,46.0,1.0,30,2.0,24.662527084350586
C2,67,0.11502500000000004,136.9,69.8,3,36.599998474121094,95.0,1.0,30,1.0,32.264183044433594
C2,68,0.08017015709204162,81.19999999999999,43.4,3,24.933332443237305,95.0,1.0,90,1.0,47.75851058959961
C2,69,0.5921852175670006,49.3,33.9,3,24.0,126.0,1.0,50,2.0,62.3884391784668
C2,70,0.07329937206679897,90.80000000000001,47.5,3,32.13333511352539,111.0,1.0,90,1.0,73.29972839355469
C2,71,0.21448863677420704,84.2,42.4,5,92.4000015258789,372.0,1.0,70,3.0,83.71317291259766
C2,72,0.4840062262602754,34.7,24.8,12,15.100000381469727,190.0,1.0,30,2.0,94.2279052734375
C2,73,0.8314830420196937,22.3,18.4,12,1.9666666984558105,64.0,1.0,30,2.0,90.00341033935547
C2,74,0.7405222991527153,33.8,23.5,12,5.599999904632568,83.0,1.0,30,1.0,82.00204467773438
C2,75,0.742785075235405,35.1,25.0,12,9.466666221618652,108.0,1.0,30,1.0,78.93456268310547
C2,76,0.6967993180875807,27.900000000000002,20.400000000000002,12,1.9333332777023315,46.0,1.0,50,1.0,78.96073913574219
C2,77,0.39329477900040777,38.6,26.4,6,10.466666221618652,82.0,1.0,50,1.0,78.84310913085938
C2,78,0.6081092938555892,45.6,31.5,4,23.5,140.0,1.0,50,2.0,73.70586395263672
C2,79,0.14604956211427575,50.4,35.0,4,15.5,84.0,1.0,90,1.0,75.690185546875
C2,80,0.6506116848374829,45.199999999999996,31.4,3,12.0,71.0,1.0,30,1.0,75.41410827636719
C2,81,0.4312569514430966,49.7,36.5,2,23.0,100.0,1.0,90,2.0,72.58180236816406
C2,82,0.6360016346621775,28.9,20.9,2,5.599999904632568,40.0,1.0,70,2.0,62.34907913208008
C2,83,0.8477547725551173,18.2,17.8,2,0.800000011920929,10.0,1.0,30,2.0,47.409446716308594
C2,84,0.7088988588710868,18.2,17.7,2,1.7999999523162842,24.0,1.0,70,2.0,33.37900161743164
C2,85,0.6996406626870005,18.5,17.7,1,1.2000000476837158,16.0,1.0,70,1.0,24.427400588989258
C2,86,0.7147064113895217,18.3,17.7,1,4.400000095367432,36.0,1.0,70,2.0,20.78977394104004
C2,87,0.7101875370135838,18.0,17.6,1,2.4000000953674316,20.0,1.0,70,2.0,18.340530395507812
C2,88,0.7694704801128012,18.2,17.8,1,2.0,15.0,1.0,50,1.0,16.737651824951172
C2,89,0.6809751861440221,18.2,17.7,1,1.600000023841858,14.0,1.0,90,1.0,15.24259090423584
C2,90,0.6819403678361281,18.0,17.7,1,2.799999952316284,24.0,1.0,90,2.0,14.612221717834473
C2,91,0.7091925953502508,32.9,27.3,1,16.0,81.0,1.0,50,3.0,15.833999633789062
C2,92,0.8510615300280377,18.3,17.8,1,1.600000023841858,11.0,1.0,30,1.0,16.16706657409668
C2,93,0.8559587577917702,18.1,17.6,1,2.799999952316284,22.0,1.0,30,2.0,16.23357391357422
C2,94,0.7147064113895217,17.8,17.6,1,4.400000095367432,36.0,1.0,70,2.0,15.073476791381836
C2,95,0.7756653383512933,17.9,17.5,1,3.5999999046325684,32.0,1.0,50,2.0,15.044086456298828
C2,96,0.5722214814393628,33.0,26.599999999999998,1,11.600000381469727,60.0,1.0,90,3.0,16.226451873779297
C2,97,0.7679480189220103,18.4,17.7,1,1.600000023841858,14.0,1.0,50,1.0,16.402538299560547
C2,98,0.709325018440201,18.1,17.7,1,2.0,14.0,1.0,70,1.0,16.24152183532715
C2,99,0.5710902975977581,50.0,17.5,1,0.4000000059604645,4.0,1.0,30,1.0,14.011580467224121
C2,100,0.49143651533961924,50.0,17.5,1,1.2000000476837158,8.0,1.0,50,2.0,11.34028148651123
C2,101,0.7756653383512933,17.9,17.5,1,3.5999999046325684,32.0,1.0,50,2.0,10.004168510437012
C2,102,0.5744120147012152,50.0,17.7,1,1.2000000476837158,5.0,1.0,30,1.0,9.335834503173828
C2,103,0.43101000866160666,50.0,18.0,1,0.4000000059604645,4.0,1.0,70,1.0,8.934834480285645
C2,104,0.4326406626870005,50.0,17.4,1,1.2000000476837158,4.0,1.0,70,2.0,6.827567100524902
C2,105,0.7084760865278696,17.7,17.5,1,1.600000023841858,12.0,1.0,70,3.0,5.429873466491699
C2,106,0.788506157879637,17.8,17.5,1,6.800000190734863,54.0,1.0,50,3.0,6.4579243659973145
C2,107,0.7741013474818902,18.0,17.5,1,3.200000047683716,24.0,1.0,50,2.0,8.408087730407715
C2,108,0.48993618398316685,50.0,17.8,1,0.800000011920929,4.0,1.0,50,2.0,9.311519622802734
C2,109,0.7084760865278696,18.1,17.7,1,1.600000023841858,14.0,1.0,70,2.0,8.386911392211914
C2,110,0.43101000866160666,50.0,18.0,1,0.4000000059604645,2.0,1.0,70,2.0,6.365480422973633
C2,111,0.6840840775133381,18.2,18.0,1,5.199999809265137,42.0,1.0,90,3.0,6.752621650695801
C2,112,0.5727547725551173,50.0,17.5,1,0.800000011920929,6.0,1.0,30,1.0,6.8515729904174805
C2,113,0.5727547725551173,50.0,17.3,1,0.800000011920929,6.0,1.0,30,2.0,7.177610397338867
C2,114,0.40536883755156783,50.0,17.9,1,0.800000011920929,6.0,1.0,90,3.0,5.773232936859131
C2,115,0.8543353991895412,19.099999999999998,17.8,1,2.4000000953674316,18.0,1.0,30,3.0,4.930606365203857
C2,116,0.7137749141875284,17.9,17.6,1,4.0,36.0,1.0,70,3.0,5.625030517578125
C2,117,0.40536883755156783,50.0,17.7,1,0.800000011920929,4.0,1.0,90,1.0,6.308351516723633
C2,118,0.40566838741470695,50.0,17.5,1,1.2000000476837158,8.0,1.0,90,2.0,6.4516777992248535
C2,119,0.4326406626870005,50.0,17.7,1,1.2000000476837158,6.0,1.0,70,3.0,5.204339981079102
C2,120,0.49143651533961924,50.0,18.0,1,1.2000000476837158,9.0,1.0,50,3.0,4.322604179382324
C2,121,0.6018073918288847,33.300000000000004,27.3,1,8.0,42.0,1.0,70,2.0,6.0602288246154785
C2,122,0.852702823555001,18.1,17.7,1,2.0,16.0,1.0,30,2.0,7.902803897857666
C2,123,0.5744120147012152,50.0,17.6,1,1.2000000476837158,8.0,1.0,30,1.0,9.675015449523926
C2,124,0.7679480189220103,17.9,17.7,1,1.600000023841858,10.0,1.0,50,2.0,8.605009078979492
C2,125,0.772547377988288,18.2,17.7,1,2.799999952316284,20.0,1.0,50,2.0,8.2296724319458
C2,126,0.7804148819201024,17.9,17.5,1,4.800000190734863,39.0,1.0,50,3.0,8.671136856079102
C2,127,0.7756653383512933,18.0,17.5,1,3.5999999046325684,33.0,1.0,50,3.0,9.736015319824219
C2,128,0.7128573394516842,18.3,17.8,1,3.5999999046325684,27.0,1.0,70,3.0,10.241609573364258
C2,129,0.7147064113895217,18.1,17.8,1,4.400000095367432,36.0,1.0,70,3.0,10.411632537841797
C2,130,0.6809751861440221,18.3,17.7,1,1.600000023841858,10.0,1.0,90,1.0,10.3803129196167
C2,131,0.7788223701562585,18.2,17.7,1,4.400000095367432,36.0,1.0,50,2.0,11.56152057647705
C2,132,0.8510615300280377,18.2,17.7,1,1.600000023841858,11.0,1.0,30,1.0,12.13691234588623
C2,133,0.8639198485148963,18.0,17.7,1,4.800000190734863,39.0,1.0,30,3.0,12.882147789001465
C2,134,0.5727547725551173,50.0,17.7,1,0.800000011920929,4.0,1.0,30,1.0,11.462621688842773
C2,135,0.7710036769368389,18.0,17.7,1,2.4000000953674316,21.0,1.0,50,3.0,10.0775728225708
C2,136,0.5719402219504559,32.7,27.400000000000002,1,9.199999809265137,48.0,1.0,90,2.0,10.713210105895996
C2,137,0.7664365153396193,18.4,17.5,1,1.2000000476837158,11.0,1.0,50,1.0,12.027926445007324
C2,138,0.5744120147012152,50.0,17.6,1,1.2000000476837158,8.0,1.0,30,1.0,12.950089454650879
C2,139,0.7084760865278696,17.9,17.6,1,1.600000023841858,13.0,1.0,70,1.0,12.036720275878906
C2,140,0.5744120147012152,50.0,17.6,1,1.2000000476837158,7.0,1.0,30,1.0,10.955365180969238
C2,141,0.7175849679955109,18.0,17.7,1,5.599999904632568,48.0,1.0,70,3.0,11.37321949005127
C2,142,0.8510615300280377,18.0,17.6,1,1.600000023841858,12.0,1.0,30,2.0,10.690598487854004
C2,143,0.6840840775133381,18.1,17.8,1,5.199999809265137,45.0,1.0,90,3.0,11.347692489624023
C2,144,0.4334760865278697,50.0,17.5,1,1.600000023841858,9.0,1.0,70,3.0,10.008615493774414
C2,145,0.7741013474818902,17.8,17.7,1,3.200000047683716,24.0,1.0,50,2.0,10.005168914794922
C2,146,0.7128573394516842,17.9,17.7,1,3.5999999046325684,24.0,1.0,70,2.0,9.60310173034668
C2,147,0.5744120147012152,50.0,17.9,1,1.2000000476837158,7.0,1.0,30,1.0,9.895194053649902
C2,148,0.8543353991895412,18.2,17.9,1,2.4000000953674316,21.0,1.0,30,3.0,9.403782844543457
C2,149,0.7084760865278696,18.1,17.5,1,1.600000023841858,14.0,1.0,70,1.0,9.375603675842285
C2,150,0.7101875370135838,18.0,17.6,1,2.4000000953674316,18.0,1.0,70,3.0,9.225361824035645
C2,151,0.6759487825977387,33.0,26.3,1,8.399999618530273,44.0,1.0,50,2.0,11.13521671295166
C2,152,0.7110637162504144,18.2,17.8,1,2.799999952316284,24.0,1.0,70,3.0,11.481130599975586
C2,153,0.7741013474818902,18.3,17.7,1,3.200000047683716,26.0,1.0,50,2.0,12.622011184692383
C2,154,0.6812893625812153,18.1,17.8,1,2.0,14.0,1.0,90,2.0,11.306540489196777
C2,155,0.772547377988288,18.0,17.8,1,2.799999952316284,20.0,1.0,50,2.0,10.783924102783203
C2,156,0.7147064113895217,18.0,17.9,1,4.400000095367432,36.0,1.0,70,3.0,10.337020874023438
C2,157,0.6833366638685273,18.0,17.6,1,4.400000095367432,36.0,1.0,90,3.0,10.735546112060547
C2,158,0.7084760865278696,18.3,17.7,1,1.600000023841858,11.0,1.0,70,1.0,11.107994079589844
C2,159,0.43181866503105076,50.0,17.9,1,0.800000011920929,8.0,1.0,70,1.0,10.79813003540039
C2,160,0.6840840775133381,17.9,17.7,1,5.199999809265137,42.0,1.0,90,3.0,10.878877639770508
C2,161,0.772547377988288,18.1,17.6,1,2.799999952316284,19.0,1.0,50,1.0,11.993993759155273
C2,162,0.7101875370135838,17.8,17.6,1,2.4000000953674316,14.0,1.0,70,1.0,13.463062286376953
C2,163,0.709325018440201,18.1,17.7,1,2.0,19.0,1.0,70,1.0,15.011171340942383
C2,164,0.48993618398316685,50.0,17.7,1,0.800000011920929,4.0,1.0,50,1.0,13.940035820007324
C2,165,0.7084760865278696,18.0,17.8,1,1.600000023841858,12.0,1.0,70,3.0,11.964021682739258
C2,166,0.6277558859995603,33.4,27.2,1,16.799999237060547,81.0,1.0,70,3.0,11.84507942199707
C2,167,0.4326406626870005,50.0,17.8,1,1.2000000476837158,9.0,1.0,70,1.0,12.440381050109863
C2,168,0.7128573394516842,18.0,17.8,1,3.5999999046325684,30.0,1.0,70,3.0,13.597561836242676
C2,169,0.7175849679955109,17.8,17.6,1,5.599999904632568,51.0,1.0,70,3.0,12.958537101745605
C2,170,0.5727547725551173,50.0,17.7,1,0.800000011920929,4.0,1.0,30,1.0,11.908455848693848
C2,171,0.709325018440201,17.9,17.5,1,2.0,17.0,1.0,70,1.0,12.211740493774414
C2,172,0.7694704801128012,18.3,17.7,1,2.0,17.0,1.0,50,1.0,12.39371109008789
C2,173,0.7587813522553436,21.0,18.1,1,1.600000023841858,10.0,1.0,50,1.0,13.302892684936523
C2,174,0.709325018440201,19.8,17.8,1,2.0,18.0,1.0,70,3.0,12.381735801696777
C2,175,0.7804148819201024,18.2,17.8,1,4.800000190734863,39.0,1.0,50,3.0,11.295707702636719
C2,176,0.7710036769368389,18.599999999999998,17.9,1,2.4000000953674316,18.0,1.0,50,1.0,11.710758209228516
C2,177,0.7694704801128012,18.2,17.8,1,2.0,16.0,1.0,50,2.0,12.226454734802246
C2,178,0.7147064113895217,18.0,17.7,1,4.400000095367432,36.0,1.0,70,2.0,13.202539443969727
C2,179,0.6663085194773554,21.6,18.1,1,1.600000023841858,12.0,1.0,90,1.0,12.988190650939941
C2,180,0.6809751861440221,18.3,17.8,1,1.600000023841858,12.0,1.0,90,2.0,12.592914581298828
C2,181,0.5555996948063174,44.699999999999996,35.1,1,25.200000762939453,93.0,1.0,70,3.0,14.089081764221191
C2,182,0.5727547725551173,50.0,17.7,1,0.800000011920929,8.0,1.0,30,1.0,14.453449249267578
C2,183,0.11590000000000002,142.4,92.2,1,56.79999923706055,82.0,1.0,50,1.0,24.805402755737305
C2,184,-0.013375000000000005,186.5,95.2,2,64.0,109.0,1.0,70,1.0,41.41657638549805
C2,185,0.0531295656649028,113.60000000000001,61.0,2,44.20000076293945,108.0,1.0,90,1.0,64.71661376953125
C2,186,0.6100573918288846,32.4,23.3,2,8.0,75.0,1.0,70,3.0,71.09663391113281
C2,187,0.707268591455126,39.1,27.099999999999998,2,9.800000190734863,66.0,1.0,30,2.0,64.79131317138672
C2,188,0.6458519247884593,45.8,33.5,2,9.800000190734863,48.0,1.0,30,1.0,53.008121490478516
C2,189,0.34380665757389767,54.6,37.0,2,38.20000076293945,177.0,1.0,50,3.0,50.47153854370117
C2,190,0.2849169331832667,72.3,41.099999999999994,2,54.20000076293945,204.0,1.0,70,3.0,53.61625671386719
C2,191,0.6738864465243061,38.9,25.4,4,4.599999904632568,42.0,1.0,30,1.0,54.703086853027344
C2,192,0.6596666666666667,48.4,33.4,4,45.0,252.0,1.0,50,3.0,58.68851852416992
C2,193,0.8114334924509656,23.2,18.9,6,3.0,78.0,1.0,30,3.0,55.47977828979492
C2,194,0.774142204707229,28.6,19.8,6,2.066666603088379,56.0,1.0,30,2.0,51.6878662109375
C2,195,0.504686060762826,40.300000000000004,28.8,6,11.133333206176758,83.0,1.0,90,1.0,49.279388427734375
C2,196,0.5197161331023794,43.3,28.5,6,31.399999618530273,252.0,1.0,90,3.0,55.567630767822266
C2,197,0.6114981833276129,32.7,22.1,6,9.533333778381348,144.0,1.0,70,3.0,62.00724411010742
C2,198,0.4882250526390947,45.400000000000006,31.0,3,39.20000076293945,207.0,1.0,70,3.0,64.00434875488281
C2,199,0.8401697802472762,18.4,17.8,4,0.8999999761581421,22.0,1.0,30,2.0,55.469276428222656
C2,200,0.7224171030202355,38.9,25.5,4,14.0,132.0,1.0,30,3.0,49.81489944458008
C2,201,0.6808731150855396,34.4,24.400000000000002,4,12.600000381469727,123.0,1.0,50,3.0,42.68893814086914
C2,202,0.6105239070795697,27.799999999999997,20.1,4,2.9000000953674316,46.0,1.0,90,2.0,40.013362884521484
C2,203,0.7811602877916956,28.9,20.400000000000002,4,4.5,84.0,1.0,30,3.0,36.27468490600586
C2,204,0.6269103831115543,28.2,20.9,2,5.800000190734863,56.0,1.0,70,2.0,32.29814529418945
C2,205,0.569557144644634,39.6,27.7,2,16.399999618530273,102.0,1.0,70,3.0,31.378887176513672
C2,206,0.48537988099824736,44.3,29.9,1,5.0,39.0,1.0,70,1.0,32.29399871826172
C2,207,0.6767526591336767,44.699999999999996,35.0,1,16.799999237060547,60.0,1.0,30,2.0,33.10973358154297
C2,208,0.6880833333333334,45.3,35.3,1,21.200000762939453,76.0,1.0,30,2.0,34.13250732421875
C2,209,0.5544598535226523,45.0,35.5,1,25.600000381469727,90.0,1.0,70,3.0,33.54616928100586
C2,210,0.6635431849314641,33.099999999999994,27.400000000000002,1,5.599999904632568,28.0,1.0,50,1.0,32.927703857421875
C2,211,0.0936972936511465,128.3,60.8,2,54.400001525878906,150.0,1.0,30,2.0,37.48995590209961
C2,212,0.638327049778221,28.7,21.2,2,5.800000190734863,56.0,1.0,70,2.0,39.96063995361328
C2,213,0.6829583736819038,32.599999999999994,22.599999999999998,2,9.199999809265137,87.0,1.0,50,3.0,41.576385498046875
C2,214,0.7141320007294376,38.5,26.0,2,10.199999809265137,70.0,1.0,30,2.0,37.21249771118164
C2,215,0.5135121160367845,39.1,26.5,2,9.399999618530273,60.0,1.0,90,2.0,34.86083221435547
C2,216,0.6089379834769801,39.5,27.099999999999998,2,6.599999904632568,38.0,1.0,50,1.0,34.64983367919922
C2,217,0.20775,109.0,57.5,2,58.79999923706055,122.0,1.0,50,2.0,37.989898681640625
C2,218,0.657823094442586,32.599999999999994,23.2,2,3.0,28.0,1.0,50,1.0,39.727272033691406
C2,219,0.7565646863625632,32.300000000000004,22.9,2,6.199999809265137,58.0,1.0,30,2.0,39.569698333740234
C2,220,0.6080407303568699,34.4,25.9,2,13.600000381469727,90.0,1.0,70,3.0,35.341819763183594
C2,221,0.21751550408809453,101.0,52.6,2,58.79999923706055,166.0,1.0,70,2.0,40.138423919677734
C2,222,0.20458421860822024,74.0,40.0,3,16.266666412353516,74.0,1.0,50,1.0,49.016387939453125
C2,223,0.1570974975991718,59.6,37.3,3,31.46666717529297,144.0,1.0,90,2.0,59.94316482543945
C2,224,0.18785000000000002,72.6,39.6,6,38.733333587646484,226.0,1.0,30,2.0,70.49922943115234
C2,225,0.6679166666666667,47.5,31.5,6,48.53333282470703,310.0,1.0,50,2.0,87.63287353515625
C2,226,0.6406440573164799,44.1,30.200000000000003,6,64.19999694824219,423.0,1.0,90,3.0,107.1130599975586
C2,227,0.5113523445894657,47.800000000000004,32.2,6,21.133333206176758,133.0,1.0,70,1.0,121.46783447265625
C2,228,0.5111245572578388,48.099999999999994,32.2,6,21.799999237060547,137.0,1.0,70,1.0,127.68070220947266
C2,229,0.6821666666666667,44.2,30.0,8,33.82857131958008,246.0,1.0,30,2.0,129.0084228515625
C2,230,0.7265833333333334,41.099999999999994,27.799999999999997,8,40.95000076293945,345.0,1.0,50,3.0,127.4050521850586
C2,231,0.4883048629185166,43.3,28.400000000000002,8,18.25,144.0,1.0,90,1.0,127.3763656616211
C2,232,0.7206666666666667,40.0,27.2,10,35.04999923706055,304.0,1.0,30,2.0,131.22581481933594
C2,233,0.7568333333333334,37.8,25.4,10,30.239999771118164,318.0,1.0,30,2.0,139.40216064453125
C2,234,0.7476666666666667,38.800000000000004,26.0,10,25.079999923706055,262.0,1.0,30,2.0,142.5746307373047
C2,235,0.6214120398571721,38.3,25.8,10,26.959999084472656,270.0,1.0,70,2.0,142.21144104003906
C2,236,0.6486468541753083,39.0,26.1,10,14.920000076293945,155.0,1.0,50,1.0,141.460205078125
C2,237,0.5434508827119284,36.900000000000006,25.6,10,16.239999771118164,157.0,1.0,90,1.0,144.4761199951172
C2,238,0.6551666666666668,35.8,25.0,13,39.08000183105469,408.0,1.0,30,3.0,146.41900634765625
C2,239,0.6827611961668826,33.6,23.7,13,31.323076248168945,411.0,1.0,70,3.0,145.1847381591797
C2,240,0.6041182600003422,33.9,24.0,13,10.800000190734863,133.0,1.0,70,1.0,141.24417114257812
C2,241,0.6675514782981192,34.0,24.0,13,28.58461570739746,381.0,1.0,70,3.0,137.67984008789062
C2,242,0.7744800185527754,34.7,24.400000000000002,13,19.507692337036133,244.0,1.0,30,2.0,133.54122924804688
C2,243,0.7396726336694697,34.2,24.299999999999997,13,26.33846092224121,351.0,1.0,50,3.0,128.92474365234375
C2,244,0.6643804802658043,33.9,23.7,13,27.600000381469727,354.0,1.0,70,3.0,124.95484161376953
C2,245,0.7577972225877626,33.9,23.900000000000002,13,10.646153450012207,134.0,1.0,30,1.0,124.17290496826172
C2,246,0.7962499999999999,33.5,23.8,13,30.0,396.0,1.0,30,3.0,125.70374298095703
C2,247,0.6914448084820367,33.8,23.599999999999998,13,13.784615516662598,198.0,1.0,50,2.0,124.08891296386719
C2,248,0.840846821709746,20.6,17.9,13,0.4615384638309479,14.0,1.0,30,1.0,107.1200180053711
C2,249,0.7640185465792946,19.8,17.9,13,0.5538461804389954,19.0,1.0,50,1.0,81.87200927734375
C2,250,0.7537562937639627,32.599999999999994,21.3,13,6.184615612030029,132.0,1.0,30,2.0,62.323204040527344
C2,251,0.39063077639802435,34.7,24.6,8,8.615385055541992,114.0,1.0,70,1.0,63.9272575378418
C2,252,0.6812647909017152,44.4,29.4,8,42.46666717529297,286.0,1.0,30,2.0,81.42301940917969
C2,253,0.7325833333333334,38.699999999999996,26.5,10,23.079999923706055,230.0,1.0,30,2.0,98.45381164550781
C2,254,0.7449166666666667,39.1,26.599999999999998,10,26.200000762939453,260.0,1.0,30,2.0,110.80561828613281
C2,255,0.565008348021292,33.6,23.099999999999998,10,10.279999732971191,140.0,1.0,90,2.0,108.4833755493164
C2,256,0.7458333333333333,39.0,25.9,10,28.399999618530273,300.0,1.0,30,3.0,105.09002685546875
C2,257,0.7634099370591926,33.300000000000004,23.400000000000002,10,10.680000305175781,146.0,1.0,30,2.0,95.45401763916016
C2,258,0.679452823555001,38.9,26.3,10,22.0,226.0,1.0,50,2.0,95.4057388305664
C2,259,0.6311083522744134,34.1,24.299999999999997,10,19.559999465942383,243.0,1.0,70,3.0,92.84344482421875
C2,260,0.5932131258402148,33.6,23.599999999999998,10,5.71999979019165,79.0,1.0,70,1.0,92.10606384277344
C2,261,0.5208992804729553,38.699999999999996,26.1,10,12.279999732971191,124.0,1.0,90,1.0,93.13031005859375
C2,262,0.26500244997541583,45.400000000000006,30.200000000000003,5,15.920000076293945,92.0,1.0,90,1.0,95.21151733398438
C2,263,0.6642281089300076,32.4,21.4,4,6.159999847412109,93.0,1.0,50,3.0,90.06024169921875
C2,264,0.25586207577996883,80.3,42.3,3,74.53333282470703,282.0,1.0,90,3.0,82.969482421875
C2,265,0.5620315149118666,29.6,20.1,8,1.350000023841858,60.0,1.0,30,3.0,69.11502075195312
C2,266,0.6810140520449827,18.5,18.599999999999998,8,1.649999976158142,48.0,1.0,90,2.0,59.86901092529297
C2,267,0.6801852431090386,18.0,17.6,8,0.550000011920929,12.0,1.0,90,2.0,42.58807373046875
C2,268,0.7265757756360945,34.4,23.5,8,3.450000047683716,51.0,1.0,30,1.0,36.35284423828125
C2,269,0.6003156493832613,32.7,22.5,8,5.25,65.0,1.0,70,1.0,38.078372955322266
C2,270,-0.1534226529366437,83.9,39.9,2,10.199999809265137,90.0,1.0,70,1.0,50.313690185546875
C2,271,0.1392217406368416,87.0,45.199999999999996,2,47.400001525878906,154.0,1.0,90,2.0,61.12154769897461
C2,272,0.193225,56.099999999999994,37.1,6,37.279998779296875,196.0,1.0,30,2.0,72.00626373291016
C2,273,0.5384160329500335,41.5,27.900000000000002,6,12.133333206176758,88.0,1.0,70,1.0,78.27042388916016
C2,274,0.6083925241631739,47.300000000000004,31.4,6,43.46666717529297,278.0,1.0,70,2.0,90.29558563232422
C2,275,0.6577912266468949,32.099999999999994,21.3,6,1.7999999523162842,31.0,1.0,50,1.0,88.57735443115234
C2,276,0.7736466013400985,34.6,24.8,6,18.66666603088379,189.0,1.0,30,3.0,84.21308135986328
C2,277,0.5807293428025462,43.6,27.2,6,8.866666793823242,70.0,1.0,50,1.0,72.39451599121094
C2,278,-0.8533089124348539,53.699999999999996,30.099999999999998,32,84.30000305175781,1188.0,1.0,30,3.0,113.97003936767578
C2,279,0.4419161977849327,28.2,20.2,40,18.260000228881836,718.0,1.0,50,1.0,226.24868774414062
C2,280,0.6876830822015274,28.1,20.299999999999997,40,39.9900016784668,1578.0,1.0,90,1.0,494.68255615234375
C2,281,-1.3078865680372975,28.0,20.8,93,49.283870697021484,3600.0,1.0,30,3.0,846.2761840820312
C2,282,0.719173563217351,27.0,20.5,93,45.52903366088867,3600.0,1.0,90,3.0,1378.9656982421875
C2,283,0.8341422276312488,26.9,20.5,93,45.39354705810547,3600.0,1.0,30,3.0,1936.179443359375
C2,284,0.7163255018410594,27.0,20.5,93,44.81935501098633,3600.0,1.0,90,3.0,2363.17431640625
C2,285,0.7415040083340293,23.599999999999998,19.5,93,3.3032257556915283,184.0,1.0,50,1.0,2226.43798828125
C2,286,0.8352585664989717,23.599999999999998,19.400000000000002,93,5.922580718994141,342.0,1.0,30,2.0,1719.196044921875
C2,287,0.7422065613716837,23.400000000000002,19.3,93,3.0129032135009766,164.0,1.0,50,1.0,1100.7176513671875
C2,288,-0.6932490379260375,23.3,19.3,55,3.0580644607543945,167.0,1.0,30,1.0,727.3639526367188
C2,289,0.8208595688959339,25.2,19.7,55,5.992727279663086,302.0,1.0,30,2.0,500.6850280761719
C2,290,-1.0583508656174434,32.800000000000004,22.0,11,14.026666641235352,246.0,1.0,50,3.0,353.7443542480469
C2,291,0.7361114845086532,36.900000000000006,25.2,10,55.20000076293945,612.0,1.0,70,3.0,270.5132751464844
C2,292,0.7133719681352342,38.1,25.8,10,48.91999816894531,504.0,1.0,70,3.0,222.84129333496094
C2,293,0.5165226274468986,33.5,23.3,16,9.199999809265137,140.0,1.0,30,1.0,201.97145080566406
C2,294,0.670221867871573,33.5,22.9,16,8.125,130.0,1.0,50,1.0,179.58287048339844
C2,295,0.6293322118314298,33.2,22.8,16,16.725000381469727,262.0,1.0,70,2.0,161.2163848876953
C2,296,0.7550874639900688,33.2,22.9,16,28.024999618530273,456.0,1.0,50,3.0,151.79649353027344
C2,297,0.5829454148174112,33.7,23.2,16,21.625,342.0,1.0,90,2.0,151.61123657226562
C2,298,0.37771640054525407,38.1,25.8,9,35.11111068725586,324.0,1.0,70,2.0,155.63340759277344
C2,299,0.74675,38.9,26.4,9,46.53333282470703,434.0,1.0,50,2.0,166.71337890625
C2,300,0.36266666666666664,32.800000000000004,22.5,20,39.060001373291016,666.0,1.0,30,3.0,180.16136169433594
C2,301,0.6035217437213316,32.599999999999994,21.9,20,6.179999828338623,114.0,1.0,70,1.0,181.8301544189453
C2,302,0.7827078675191387,32.599999999999994,21.9,20,14.899999618530273,300.0,1.0,30,3.0,167.23143005371094
C2,303,0.8054166666666667,32.5,22.0,20,27.6200008392334,555.0,1.0,30,3.0,153.53884887695312
C2,304,0.8063333333333333,32.4,21.7,20,20.3799991607666,399.0,1.0,30,3.0,147.8566436767578
C2,305,0.7920108121530581,28.400000000000002,20.0,20,6.119999885559082,180.0,1.0,30,3.0,139.11398315429688
C2,306,0.617384888512461,32.599999999999994,21.9,20,11.260000228881836,226.0,1.0,70,1.0,139.33505249023438
C2,307,0.8063333333333333,32.4,21.7,20,24.979999542236328,500.0,1.0,30,2.0,155.0677032470703
C2,308,0.6644420690385862,32.4,21.7,20,24.219999313354492,477.0,1.0,70,3.0,177.70729064941406
C2,309,0.6453814239933612,33.0,22.599999999999998,17,10.44705867767334,176.0,1.0,30,1.0,184.62437438964844
C2,310,0.8008333333333334,33.0,22.700000000000003,17,21.717647552490234,362.0,1.0,30,2.0,179.5746307373047
C2,311,0.7718068474435698,32.9,22.5,17,32.141178131103516,552.0,1.0,50,3.0,179.87811279296875
C2,312,0.7873676224124219,32.800000000000004,22.5,17,17.435293197631836,286.0,1.0,30,2.0,175.6602020263672
C2,313,0.799,33.2,22.700000000000003,17,22.070589065551758,384.0,1.0,30,2.0,174.5961151123047
C2,314,0.6767057205499282,32.800000000000004,22.5,17,28.141176223754883,483.0,1.0,70,3.0,170.89100646972656
C2,315,0.8008333333333334,33.0,22.599999999999998,17,20.023529052734375,354.0,1.0,30,2.0,173.20126342773438
C2,316,0.5665884945011138,33.2,23.0,17,8.541176795959473,142.0,1.0,90,1.0,167.92076110839844
C2,317,0.5779924149121981,33.0,22.9,17,15.505882263183594,262.0,1.0,90,2.0,160.75245666503906
C2,318,0.6391903197624674,32.9,22.4,17,18.752941131591797,318.0,1.0,70,3.0,146.98480224609375
C2,319,0.7644646262813818,32.9,22.4,17,29.905881881713867,519.0,1.0,50,3.0,142.8575439453125
C2,320,0.7999166666666667,33.099999999999994,22.8,17,20.776470184326172,342.0,1.0,30,3.0,138.11453247070312
C2,321,0.8017500000000001,32.9,22.5,17,24.188236236572266,406.0,1.0,30,2.0,148.20205688476562
C2,322,0.8008333333333334,33.0,22.700000000000003,17,20.141176223754883,340.0,1.0,30,2.0,153.8545684814453
C2,323,0.8008333333333334,33.0,22.700000000000003,17,27.31764793395996,466.0,1.0,30,2.0,173.11273193359375
C2,324,0.7905952516521485,32.9,22.700000000000003,17,19.31764793395996,330.0,1.0,30,2.0,179.60098266601562
C2,325,0.7900597168633654,33.0,22.700000000000003,17,19.505882263183594,328.0,1.0,30,2.0,182.6939239501953
C2,326,0.776958672688934,32.800000000000004,22.4,17,33.52941131591797,549.0,1.0,50,3.0,177.8830108642578
C2,327,0.7179718638541092,33.2,23.0,17,18.705883026123047,316.0,1.0,50,2.0,174.06314086914062
C2,328,0.7729082596695117,32.9,22.5,17,12.494117736816406,212.0,1.0,30,2.0,164.0378875732422
C2,329,0.5032162118757331,33.099999999999994,23.3,12,15.033333778381348,198.0,1.0,50,2.0,146.82273864746094
C2,330,0.6804879743142809,32.9,22.599999999999998,12,9.266666412353516,146.0,1.0,50,2.0,125.16030883789062
C2,331,0.712650776096664,35.3,24.400000000000002,11,44.03333282470703,555.0,1.0,70,3.0,122.69618225097656
C2,332,0.7151972006789015,37.0,25.0,11,26.654544830322266,300.0,1.0,50,2.0,128.01771545410156
C2,333,0.7414999999999999,38.6,25.9,10,30.719999313354492,298.0,1.0,30,2.0,141.34396362304688
C2,334,0.5622803810338133,38.800000000000004,26.4,10,11.84000015258789,121.0,1.0,70,1.0,140.80638122558594
C2,335,0.7451666666666668,38.199999999999996,25.6,11,35.52000045776367,366.0,1.0,30,3.0,136.75048828125
C2,336,0.6316666666666666,34.0,24.1,15,33.7066650390625,462.0,1.0,30,3.0,134.98362731933594
C2,337,0.582381271896928,33.4,23.5,15,20.0,286.0,1.0,90,2.0,136.85684204101562
C2,338,0.7621176075169847,32.2,21.2,15,7.440000057220459,154.0,1.0,30,2.0,131.98077392578125
C2,339,0.5703449561762153,32.300000000000004,21.0,15,4.133333206176758,74.0,1.0,90,1.0,118.38846588134766
C2,340,0.5692138741297198,32.4,21.6,15,3.8933334350585938,75.0,1.0,90,1.0,101.16641235351562
C2,341,0.4895531018536092,33.0,22.599999999999998,10,11.626667022705078,190.0,1.0,50,2.0,93.2331771850586
C2,342,0.6439044727487657,34.0,23.8,10,22.719999313354492,267.0,1.0,70,3.0,90.4732437133789
C2,343,0.4663466627788098,32.9,23.3,5,5.840000152587891,56.0,1.0,50,1.0,86.28394317626953
C2,344,0.7263372969734048,39.5,27.5,5,17.600000381469727,138.0,1.0,30,2.0,80.30370330810547
C2,345,0.746656461324331,35.2,25.2,5,10.880000114440918,102.0,1.0,30,2.0,71.64888763427734
C2,346,0.5229235373961256,48.7,32.599999999999994,8,62.0,417.0,1.0,50,3.0,77.52266693115234
C2,347,0.7155833333333333,42.3,27.900000000000002,8,48.599998474121094,405.0,1.0,50,3.0,89.84693145751953
C2,348,0.612614828155905,39.300000000000004,27.400000000000002,8,27.049999237060547,224.0,1.0,70,2.0,105.37482452392578
C2,349,0.7394166666666667,39.699999999999996,27.400000000000002,8,32.349998474121094,272.0,1.0,30,2.0,114.29156494140625
C2,350,0.7070359472415529,39.199999999999996,26.5,8,10.0,90.0,1.0,30,1.0,113.6416015625
C2,351,0.7649046839066235,32.0,20.9,8,7.699999809265137,138.0,1.0,30,3.0,104.45162963867188
C2,352,0.74675,38.9,26.5,8,20.299999237060547,198.0,1.0,30,2.0,94.00431060791016
C2,353,0.7430833333333333,39.300000000000004,27.7,8,25.350000381469727,210.0,1.0,30,2.0,89.73591613769531
C2,354,0.7384999999999999,39.800000000000004,27.5,8,44.75,375.0,1.0,50,3.0,97.70822143554688
C2,355,0.6078333333333333,36.6,25.1,12,22.266666412353516,272.0,1.0,30,2.0,107.42493438720703
C2,356,0.5572380969258296,34.8,24.6,12,12.699999809265137,153.0,1.0,90,1.0,119.65496063232422
C2,357,0.7889166666666667,34.3,24.299999999999997,12,28.933332443237305,344.0,1.0,30,2.0,133.2596435546875
C2,358,0.7091984968404224,27.900000000000002,19.8,12,5.099999904632568,147.0,1.0,50,3.0,129.82244873046875
C2,359,0.7021355312362833,34.4,24.6,12,17.566667556762695,210.0,1.0,50,2.0,121.36013793945312
C2,360,0.8491363306867856,18.0,18.3,12,1.1333333253860474,48.0,1.0,30,2.0,96.5494155883789
C2,361,0.5650774005169078,33.0,22.599999999999998,12,5.366666793823242,81.0,1.0,90,1.0,85.92964935302734
C2,362,0.3603144292710988,38.5,25.4,7,10.233333587646484,120.0,1.0,70,1.0,81.55779266357422
C2,363,0.5906136500009401,44.1,29.4,7,32.28571319580078,248.0,1.0,70,2.0,92.26800537109375
C2,364,0.74125,39.5,27.2,7,20.05714225769043,176.0,1.0,30,2.0,99.62747192382812
C2,365,0.652078931837364,34.1,23.900000000000002,7,5.028571605682373,60.0,1.0,50,1.0,96.04315185546875
C2,366,0.6981666666666667,44.2,29.7,7,31.08571434020996,226.0,1.0,30,2.0,92.42588806152344
C2,367,0.6802008715690696,18.2,17.7,7,0.5714285969734192,15.0,1.0,90,1.0,80.52220153808594
C2,368,0.5492444657266076,43.6,29.0,7,20.97142791748047,152.0,1.0,70,1.0,85.64665222167969
C2,369,0.5653480423514079,44.1,29.1,10,41.88571548461914,308.0,1.0,30,2.0,94.18799591064453
C2,370,0.74675,38.9,26.3,10,21.31999969482422,206.0,1.0,30,2.0,111.04612731933594
C2,371,0.7106219748671139,38.4,26.0,10,28.920000076293945,292.0,1.0,50,2.0,120.36100769042969
C2,372,0.6936813541745372,33.9,24.2,10,14.520000457763672,176.0,1.0,50,2.0,117.14994049072266
C2,373,0.7550000000000001,38.0,25.7,10,24.399999618530273,246.0,1.0,30,2.0,117.88996124267578
C2,374,0.7655993758080114,33.8,24.0,10,12.800000190734863,160.0,1.0,30,2.0,109.53398132324219
C2,375,0.7360000000000001,39.199999999999996,26.8,9,26.22222137451172,238.0,1.0,30,2.0,108.65371704101562
C2,376,0.560146855290283,39.1,27.0,9,32.0444450378418,303.0,1.0,90,3.0,105.19223022460938
C2,377,0.7797928993209338,33.6,23.7,9,17.33333396911621,222.0,1.0,30,3.0,102.31533813476562
C2,378,0.694284347053991,38.9,26.599999999999998,9,45.733333587646484,423.0,1.0,70,3.0,103.52253723144531
C2,379,0.5721444485935256,34.0,24.1,14,15.742856979370117,218.0,1.0,30,2.0,105.31352233886719
C2,380,0.7793383038798786,33.4,23.400000000000002,14,16.399999618530273,232.0,1.0,30,2.0,111.98811340332031
C2,381,0.7935,33.8,23.599999999999998,14,22.342857360839844,312.0,1.0,30,2.0,117.99286651611328
C2,382,0.6299429914507283,34.3,23.900000000000002,14,19.742856979370117,266.0,1.0,70,2.0,124.79572296142578
C2,383,0.7700870673329193,34.1,24.0,14,15.314285278320312,218.0,1.0,30,2.0,127.94409942626953
C2,384,0.44243616292625865,34.2,24.2,11,12.485713958740234,188.0,1.0,90,2.0,121.56645965576172
C2,385,0.6504238916563975,36.6,25.3,11,30.18181800842285,333.0,1.0,70,3.0,114.8065414428711
C2,386,0.6818580244171256,38.5,25.5,9,25.709091186523438,292.0,1.0,50,2.0,115.68392181396484
C2,387,0.7346270049479886,38.0,26.1,9,15.422222137451172,145.0,1.0,30,1.0,123.0103530883789
C2,388,0.6708436551100582,39.699999999999996,26.8,9,21.688888549804688,200.0,1.0,50,2.0,125.93954467773438
C2,389,0.7430833333333333,39.300000000000004,26.8,9,54.31111145019531,513.0,1.0,50,3.0,131.0303955078125
C2,390,0.5202821360572836,39.4,27.3,9,16.08888816833496,145.0,1.0,90,1.0,134.08489990234375
C2,391,0.3803206232784928,38.5,25.6,17,53.64444351196289,514.0,1.0,30,2.0,156.85093688964844
C2,392,0.7646546071330441,32.800000000000004,22.4,17,29.69411849975586,495.0,1.0,50,3.0,169.7105712890625
C2,393,0.6445,32.599999999999994,22.0,21,35.38823699951172,609.0,1.0,30,3.0,185.15966796875
C2,394,0.6114321774641145,32.300000000000004,21.6,21,8.171428680419922,176.0,1.0,70,1.0,183.62913513183594
C2,395,0.5818117480347225,32.599999999999994,22.1,21,15.600000381469727,326.0,1.0,90,1.0,204.17747497558594
C2,396,0.7952980313101112,32.300000000000004,21.6,21,18.933332443237305,387.0,1.0,30,3.0,206.6398162841797
C2,397,0.6529133197718009,32.4,21.7,21,21.238094329833984,435.0,1.0,70,3.0,203.98388671875
C2,398,0.5437659550645576,32.800000000000004,22.1,15,15.980952262878418,334.0,1.0,30,2.0,181.19033813476562
C2,399,0.5737793967897787,33.7,23.7,15,16.8266658782959,258.0,1.0,90,2.0,167.5142059326172
C2,400,0.7999166666666667,33.099999999999994,23.0,15,25.386667251586914,380.0,1.0,30,2.0,165.3085174560547
C2,401,0.6902276007774755,33.099999999999994,23.0,15,12.0,177.0,1.0,50,1.0,165.31845092773438
C2,402,0.7560715045375708,33.6,23.099999999999998,15,9.333333015441895,141.0,1.0,30,1.0,166.92440795898438
C2,403,0.6861632782903861,32.300000000000004,21.8,13,13.076923370361328,231.0,1.0,50,3.0,152.82130432128906
C2,404,0.7113102241217824,33.7,23.7,13,18.21538543701172,236.0,1.0,50,2.0,136.49278259277344
C2,405,0.38271880358180654,36.900000000000006,25.0,8,12.830769538879395,167.0,1.0,70,1.0,130.16233825683594
C2,406,0.5957437841265335,39.4,27.3,11,46.71111297607422,374.0,1.0,30,2.0,141.03073120117188
C2,407,0.6870610247391051,37.0,25.3,11,39.6363639831543,434.0,1.0,70,2.0,160.75177001953125
C2,408,0.6192179982813297,33.6,23.3,15,17.093334197998047,254.0,1.0,30,1.0,184.1844024658203
C2,409,0.573605123838713,33.5,23.400000000000002,15,15.626667022705078,222.0,1.0,90,2.0,188.1106414794922
C2,410,0.7971666666666668,33.4,23.400000000000002,15,21.893333435058594,344.0,1.0,30,2.0,184.4663848876953
C2,411,0.7763367924112913,33.2,23.0,15,14.58666706085205,220.0,1.0,30,2.0,163.079833984375
C2,412,0.7800453926163221,33.6,23.599999999999998,15,17.440000534057617,260.0,1.0,30,2.0,152.78123474121094
C2,413,0.4368019175037271,34.4,24.299999999999997,12,9.571428298950195,150.0,1.0,90,1.0,143.66873168945312
C2,414,0.7574163525640621,34.2,24.299999999999997,12,11.366666793823242,132.0,1.0,30,1.0,141.13458251953125
C2,415,0.7729166666666667,34.3,24.299999999999997,14,35.96666717529297,434.0,1.0,30,2.0,151.21408081054688
C2,416,0.7832750676007121,33.5,23.400000000000002,14,18.457143783569336,264.0,1.0,30,2.0,154.86178588867188
C2,417,0.777241012614603,28.6,19.900000000000002,14,2.828571319580078,88.0,1.0,30,2.0,145.3170623779297
C2,418,0.7646804272643718,32.2,21.3,14,8.142857551574707,152.0,1.0,30,2.0,120.79023742675781
C2,419,0.7944166666666667,33.7,23.900000000000002,14,20.257143020629883,288.0,1.0,30,2.0,107.67414093017578
C2,420,0.5760341734880731,33.2,23.099999999999998,14,15.428571701049805,215.0,1.0,90,1.0,122.60448455810547
C2,421,0.617,35.6,24.8,10,23.31999969482422,234.0,1.0,30,2.0,137.02935791015625
C2,422,0.7405880541094791,38.4,25.6,10,19.520000457763672,200.0,1.0,30,2.0,139.81761169433594
C2,423,0.6174780665482309,32.7,22.2,10,11.600000381469727,195.0,1.0,70,3.0,121.49057006835938
C2,424,0.7269353862330061,38.0,25.9,8,18.8799991607666,204.0,1.0,30,2.0,108.49433898925781
C2,425,0.73075,38.9,26.5,10,32.08000183105469,314.0,1.0,30,2.0,108.2966079711914
C2,426,0.5624031102408118,38.4,26.200000000000003,10,10.640000343322754,107.0,1.0,70,1.0,113.77796173095703
C2,427,0.7665703419148523,33.8,23.900000000000002,10,13.119999885559082,162.0,1.0,30,2.0,114.26677703857422
C2,428,0.6691025788705823,35.2,25.1,10,11.5600004196167,113.0,1.0,50,1.0,108.69339752197266
C2,429,0.7540833333333333,38.1,25.8,10,27.1200008392334,271.0,1.0,30,1.0,127.2160415649414
C2,430,0.7494999999999999,38.6,25.7,10,28.8799991607666,296.0,1.0,30,2.0,147.26295471191406
C2,431,0.5870833333333333,34.5,24.400000000000002,15,32.31999969482422,466.0,1.0,30,2.0,175.29110717773438
C2,432,0.7980833333333334,33.300000000000004,23.2,15,28.426666259765625,424.0,1.0,30,2.0,184.2413330078125
C2,433,0.7531471179191143,33.2,23.3,15,7.493333339691162,109.0,1.0,30,1.0,184.41146850585938
C2,434,0.7018608092101722,27.7,19.400000000000002,15,2.7733333110809326,94.0,1.0,50,2.0,159.7135467529297
C2,435,0.5768290599064422,32.0,21.0,15,7.866666793823242,186.0,1.0,90,3.0,124.89479064941406
C2,436,0.7781004065925823,33.2,23.0,15,15.226666450500488,230.0,1.0,30,2.0,104.80354309082031
C2,437,0.6358086782465124,33.300000000000004,23.5,12,8.479999542236328,121.0,1.0,30,1.0,102.6154556274414
C2,438,0.4223031936261939,39.6,27.099999999999998,8,40.0,324.0,1.0,90,3.0,107.43594360351562
C2,439,0.7384999999999999,39.800000000000004,27.5,8,71.94999694824219,612.0,1.0,70,3.0,122.19490051269531
C2,440,0.5755734202749836,37.900000000000006,25.2,12,35.43333435058594,434.0,1.0,50,2.0,143.8502655029297
C2,441,0.7775,33.8,23.599999999999998,14,22.799999237060547,318.0,1.0,30,2.0,163.64349365234375
C2,442,0.7962499999999999,33.5,23.5,14,24.485713958740234,350.0,1.0,30,2.0,171.65277099609375
C2,443,0.7446480233150444,33.6,23.599999999999998,14,26.200000762939453,369.0,1.0,50,3.0,163.92498779296875
C2,444,0.7435719217511586,33.8,23.5,14,26.399999618530273,360.0,1.0,50,3.0,154.0883331298828
C2,445,0.7425187510394232,23.3,19.099999999999998,14,2.857142925262451,99.0,1.0,50,3.0,129.25299072265625
C2,446,0.688175676044352,28.1,19.900000000000002,12,4.300000190734863,129.0,1.0,50,3.0,103.68513488769531
C2,447,0.5238588245639375,23.0,18.8,8,2.933333396911621,102.0,1.0,70,3.0,76.87774658203125
C2,448,0.713643304261584,38.699999999999996,26.700000000000003,8,30.600000381469727,282.0,1.0,50,3.0,68.92665100097656
C2,449,0.5936240636902033,35.1,24.6,7,13.600000381469727,156.0,1.0,70,2.0,68.8226547241211
C2,450,0.6544166666666666,48.099999999999994,32.599999999999994,6,53.599998474121094,303.0,1.0,50,3.0,77.69359588623047
C2,451,0.6844413348378753,44.3,29.6,6,38.53333282470703,273.0,1.0,50,3.0,82.61615753173828
C2,452,0.6940833333333334,42.9,28.5,8,26.950000762939453,224.0,1.0,30,2.0,90.10302734375
C2,453,0.6958035442477423,40.2,27.599999999999998,8,69.4000015258789,579.0,1.0,90,3.0,106.86181640625
C2,454,0.5548110732296259,39.800000000000004,27.5,8,12.399999618530273,102.0,1.0,70,1.0,118.38375854492188
C2,455,0.5858333333333333,39.0,26.700000000000003,12,36.43333435058594,386.0,1.0,30,2.0,136.096923828125
C2,456,0.7487912044919105,35.7,25.1,12,13.0,146.0,1.0,30,1.0,140.45814514160156
C2,457,0.7907500000000001,34.1,24.299999999999997,12,24.83333396911621,300.0,1.0,30,2.0,149.47488403320312
C2,458,0.6363673425977933,37.5,25.0,12,8.800000190734863,114.0,1.0,50,1.0,144.3516082763672
C2,459,0.788,34.4,24.400000000000002,12,28.03333282470703,344.0,1.0,30,2.0,144.74429321289062
C2,460,0.7843333333333333,34.8,24.400000000000002,12,28.5,352.0,1.0,30,2.0,148.4465789794922
C2,461,0.7678333333333334,36.6,24.7,12,24.133333206176758,298.0,1.0,30,2.0,155.33460998535156
C2,462,0.6650574017261361,33.2,22.8,12,6.199999809265137,87.0,1.0,50,1.0,148.13409423828125
C2,463,0.6777974687326491,35.0,24.400000000000002,12,13.166666984558105,158.0,1.0,50,1.0,141.41378784179688
C2,464,0.7907500000000001,34.1,24.2,12,28.066667556762695,344.0,1.0,30,2.0,140.44827270507812
C2,465,0.7191961994055904,34.1,24.5,12,20.96666717529297,260.0,1.0,50,2.0,145.602294921875
C2,466,0.6104356351667378,34.5,24.299999999999997,12,34.63333511352539,426.0,1.0,90,3.0,146.56138610839844
C2,467,0.77475,34.1,24.0,14,22.714284896850586,330.0,1.0,30,2.0,146.2034912109375
C2,468,0.7962499999999999,33.5,23.5,14,25.714284896850586,366.0,1.0,30,2.0,153.05543518066406
C2,469,0.7916666666666666,34.0,24.1,14,20.314285278320312,280.0,1.0,30,2.0,156.89991760253906
C2,470,0.7962499999999999,33.5,23.5,14,29.571428298950195,410.0,1.0,30,2.0,164.53994750976562
C2,471,0.634670310153933,33.300000000000004,23.0,14,18.514286041259766,276.0,1.0,70,3.0,156.9906463623047
C2,472,0.8102813316879152,24.5,19.0,14,1.7142857313156128,76.0,1.0,30,2.0,138.86105346679688
C2,473,0.6641715536935406,33.5,23.2,14,6.657142639160156,94.0,1.0,50,1.0,113.18329620361328
C2,474,0.6922953986964591,28.9,20.8,14,3.142857074737549,64.0,1.0,50,1.0,94.0433120727539
C2,475,0.32207268915599546,33.7,23.900000000000002,8,8.600000381469727,122.0,1.0,90,1.0,93.75932312011719
C2,476,0.7270833333333333,39.300000000000004,27.3,10,36.849998474121094,326.0,1.0,30,2.0,102.78892517089844
C2,477,0.7177404435152295,38.9,25.9,10,32.439998626708984,327.0,1.0,50,3.0,114.2066879272461
C2,478,0.6019064277759194,38.699999999999996,25.6,10,23.0,236.0,1.0,70,2.0,120.52400970458984
C2,479,0.7375543143553983,38.800000000000004,26.200000000000003,10,19.84000015258789,202.0,1.0,30,2.0,116.04774475097656
C2,480,0.7522500000000001,38.3,25.8,10,29.360000610351562,304.0,1.0,30,2.0,119.0953140258789
C2,481,0.7568333333333334,37.8,25.7,10,28.479999542236328,293.0,1.0,30,1.0,144.25718688964844
C2,482,-0.28099683700365724,33.7,23.400000000000002,35,59.959999084472656,1280.0,1.0,30,2.0,231.22097778320312
C2,483,0.6099007963514763,28.400000000000002,20.2,35,7.9314284324646,274.0,1.0,90,2.0,281.3992614746094
C2,484,0.7994628621981488,28.6,20.400000000000002,35,8.640000343322754,292.0,1.0,30,2.0,291.9062194824219
C2,485,0.6571517943103486,28.1,20.299999999999997,35,10.75428581237793,366.0,1.0,70,2.0,237.27706909179688
C2,486,0.8036359306937958,28.7,20.299999999999997,35,10.10285758972168,340.0,1.0,30,2.0,208.89956665039062
C2,487,-0.3075172546785709,32.099999999999994,21.3,13,4.468571662902832,143.0,1.0,90,1.0,191.47308349609375
C2,488,0.6542705014967076,35.8,24.6,13,9.353846549987793,121.0,1.0,50,1.0,172.75051879882812
C2,489,0.7888224027518891,27.5,19.400000000000002,13,3.200000047683716,90.0,1.0,30,2.0,144.85031127929688
C2,490,0.6349803829170813,28.299999999999997,19.8,13,2.799999952316284,80.0,1.0,70,2.0,114.3768539428711
C2,491,0.43191635256406213,34.8,24.299999999999997,5,11.366666793823242,168.0,1.0,30,2.0,91.1594467163086
C2,492,0.8470898228402338,18.599999999999998,17.6,5,0.6399999856948853,14.0,1.0,30,2.0,72.1623306274414
C2,493,0.6031897156417626,44.8,31.4,5,16.719999313354492,99.0,1.0,50,1.0,68.63072967529297
C2,494,0.6523333333333334,49.2,33.6,5,46.0,254.0,1.0,50,2.0,72.24510955810547
C2,495,0.45112795796203314,43.6,28.8,10,74.28571319580078,564.0,1.0,50,3.0,98.54706573486328
C2,496,0.698873938869249,33.0,22.8,11,15.672727584838867,237.0,1.0,50,3.0,111.66157531738281
C2,497,0.7300947814606074,37.900000000000006,25.1,11,33.490909576416016,375.0,1.0,50,3.0,119.26361083984375
C2,498,0.7256449041956551,34.2,24.299999999999997,11,22.763635635375977,276.0,1.0,50,3.0,111.02483367919922
C2,499,0.7788333333333334,35.4,24.9,11,44.727272033691406,513.0,1.0,50,3.0,118.34823608398438
C2,500,0.5470244449856471,33.300000000000004,23.0,17,19.36470603942871,340.0,1.0,30,2.0,128.74227905273438
C2,501,0.65584897981733,22.8,18.700000000000003,17,2.282352924346924,108.0,1.0,90,3.0,127.51203155517578
C2,502,0.8463845322791665,17.8,17.5,17,0.47058823704719543,16.0,1.0,30,2.0,105.0405502319336
C2,503,0.571286477543666,50.0,17.5,17,0.4470588266849518,6.0,1.0,30,1.0,69.69099426269531
C2,504,0.8397717326165488,20.7,17.8,17,0.42352941632270813,10.0,1.0,30,2.0,44.347930908203125
C2,505,0.32664589592674625,17.9,17.6,4,0.5333333611488342,22.0,1.0,30,2.0,29.54209327697754
C2,506,0.8334120147012151,18.1,17.7,2,1.2000000476837158,22.0,1.0,30,2.0,21.32525634765625
C2,507,0.8414120147012151,17.9,17.6,1,1.2000000476837158,12.0,1.0,30,2.0,16.528486251831055
C2,508,0.852702823555001,17.9,17.6,1,2.0,16.0,1.0,30,2.0,13.250425338745117
C2,509,0.7679480189220103,18.2,17.8,1,1.600000023841858,12.0,1.0,50,2.0,10.616921424865723
C2,510,0.6816110464429402,18.1,17.7,1,2.4000000953674316,18.0,1.0,90,2.0,9.436820030212402
C2,511,0.5013010474287015,44.5,34.6,1,8.800000190734863,36.0,1.0,70,1.0,12.462091445922852
C2,512,0.6809751861440221,18.1,17.6,1,1.600000023841858,12.0,1.0,90,2.0,14.277255058288574
C2,513,0.8559587577917702,18.0,17.7,1,2.799999952316284,20.0,1.0,30,2.0,15.499686241149902
C2,514,-0.12920325936315835,181.7,90.2,2,112.5999984741211,208.0,1.0,70,2.0,25.29981231689453
C2,515,0.5179090188570481,32.4,21.8,8,6.800000190734863,126.0,1.0,30,3.0,35.979888916015625
C2,516,0.6712814987394097,32.9,22.0,8,7.050000190734863,110.0,1.0,50,2.0,48.38793182373047
C2,517,0.71375,42.5,28.5,8,31.100000381469727,256.0,1.0,30,2.0,59.03276062011719
C2,518,0.7559164978542636,32.800000000000004,22.4,8,7.25,104.0,1.0,30,2.0,66.75299072265625
C2,519,0.7610081918579185,33.2,23.2,8,9.699999809265137,120.0,1.0,30,2.0,72.05179595947266
C2,520,0.7403333333333333,39.6,26.8,8,22.049999237060547,194.0,1.0,30,2.0,71.09774017333984
C2,521,0.5749808240836614,39.0,26.200000000000003,12,60.53333282470703,690.0,1.0,50,2.0,109.59197998046875
C2,522,0.08061183272561138,44.5,26.3,26,94.87272644042969,2010.0,1.0,70,3.0,214.0218505859375
C2,523,0.4034896141302999,18.700000000000003,18.0,35,0.4114285707473755,10.0,1.0,50,1.0,265.07977294921875
C2,524,0.8463285038881723,18.700000000000003,17.7,35,0.4571428596973419,28.0,1.0,30,2.0,251.58120727539062
C2,525,0.8464237475143213,18.599999999999998,17.7,35,0.47999998927116394,33.0,1.0,30,3.0,155.61538696289062
C2,526,0.8463761284870088,18.2,17.8,35,0.46857142448425293,24.0,1.0,30,2.0,98.30256652832031
C2,527,0.8468520663987852,17.9,17.7,35,0.5828571319580078,46.0,1.0,30,2.0,65.11487579345703
C2,528,-0.7526926081711154,32.7,22.9,1,8.0,75.0,1.0,70,3.0,47.06892395019531
C2,529,0.40566838741470695,50.0,17.7,1,1.2000000476837158,6.0,1.0,90,1.0,35.44135284423828
C2,530,0.5744120147012152,50.0,17.8,1,1.2000000476837158,7.0,1.0,30,1.0,26.331480026245117
C2,531,0.5035184836236665,44.5,35.6,1,9.600000381469727,35.0,1.0,70,1.0,22.19888687133789
C2,532,0.7664365153396193,17.9,17.6,1,1.2000000476837158,10.0,1.0,50,1.0,20.252666473388672
C2,533,0.7656892941135652,32.5,26.200000000000003,1,9.199999809265137,46.0,1.0,30,2.0,21.218265533447266
C2,534,0.852702823555001,18.1,17.8,1,2.0,14.0,1.0,30,2.0,18.064292907714844
C2,535,0.8481194902216677,20.5,17.9,1,2.0,16.0,1.0,30,2.0,15.905242919921875
C2,536,0.7447531818482297,33.0,27.099999999999998,1,4.800000190734863,26.0,1.0,30,1.0,15.009812355041504
C2,537,0.7741013474818902,17.9,17.7,1,3.200000047683716,26.0,1.0,50,2.0,15.272554397583008
C2,538,0.8543353991895412,18.2,17.9,1,2.4000000953674316,18.0,1.0,30,2.0,15.563532829284668
C2,539,0.43181866503105076,50.0,17.7,1,0.800000011920929,8.0,1.0,70,1.0,13.338119506835938
C2,540,0.852702823555001,18.599999999999998,17.9,1,2.0,14.0,1.0,30,2.0,11.202871322631836
C2,541,0.22845476933762462,75.2,48.7,1,40.79999923706055,120.0,1.0,70,3.0,14.05505657196045
C2,542,0.711953628307409,18.1,17.7,1,3.200000047683716,26.0,1.0,70,2.0,16.433032989501953
C2,543,0.8543353991895412,18.1,17.8,1,2.4000000953674316,21.0,1.0,30,3.0,17.859819412231445
C2,544,0.6812893625812153,17.8,17.5,1,2.0,14.0,1.0,90,2.0,14.315892219543457
C2,545,0.7679480189220103,18.599999999999998,17.7,1,1.600000023841858,12.0,1.0,50,1.0,12.056201934814453
C2,546,0.7756653383512933,18.0,17.7,1,3.5999999046325684,26.0,1.0,50,2.0,11.500388145446777
C2,547,0.8543353991895412,18.2,17.8,1,2.4000000953674316,18.0,1.0,30,2.0,11.433566093444824
C2,548,0.6734557825344307,21.0,18.4,1,3.5999999046325684,30.0,1.0,90,3.0,11.126806259155273
C2,549,0.8510615300280377,18.1,17.7,1,1.600000023841858,12.0,1.0,30,2.0,10.009417533874512
C2,550,0.8543353991895412,17.9,17.6,1,2.4000000953674316,16.0,1.0,30,2.0,9.205650329589844
C2,551,0.7629392941135652,32.800000000000004,26.599999999999998,1,9.199999809265137,48.0,1.0,30,2.0,10.590056419372559
C2,552,0.4326406626870005,50.0,17.7,1,1.2000000476837158,9.0,1.0,70,1.0,11.820700645446777
C2,553,0.7710036769368389,18.4,17.8,1,2.4000000953674316,18.0,1.0,50,3.0,12.292420387268066
C2,554,0.7137749141875284,18.0,17.7,1,4.0,33.0,1.0,70,3.0,10.842119216918945
C2,555,0.6809751861440221,18.2,17.7,1,1.600000023841858,14.0,1.0,90,2.0,9.70527172088623
C2,556,0.8670222991527153,18.2,17.8,1,5.599999904632568,48.0,1.0,30,3.0,10.35649585723877
C2,557,0.8639198485148963,18.1,17.8,1,4.800000190734863,42.0,1.0,30,3.0,11.147231101989746
C2,558,0.7724573713191895,32.5,25.3,1,11.199999809265137,60.0,1.0,30,3.0,13.355005264282227
C2,559,0.7816948152559142,32.800000000000004,26.3,1,15.199999809265137,84.0,1.0,30,3.0,16.27967071533203
C2,560,0.7577468583329259,32.9,26.1,1,8.0,42.0,1.0,30,2.0,18.967802047729492
C2,561,0.10586532878502827,79.69999999999999,48.0,1,32.79999923706055,96.0,1.0,90,2.0,24.314014434814453
C2,562,0.7422531818482296,32.4,22.5,2,4.800000190734863,50.0,1.0,30,2.0,27.121742248535156
C2,563,0.6885163576443,30.200000000000003,21.5,2,5.199999809265137,50.0,1.0,50,2.0,29.339712142944336
C2,564,0.7492001957678512,32.599999999999994,22.4,2,5.0,48.0,1.0,30,2.0,27.47049331665039
C2,565,-0.1880029153315736,109.2,57.1,7,91.5999984741211,228.0,1.0,30,2.0,38.21562957763672
C2,566,0.71975,40.099999999999994,27.599999999999998,9,22.53333282470703,210.0,1.0,30,2.0,55.329376220703125
C2,567,0.73575,40.099999999999994,27.2,9,30.9777774810791,282.0,1.0,30,2.0,81.19762420654297
C2,568,0.6829683968650266,39.300000000000004,26.8,9,43.77777862548828,414.0,1.0,70,3.0,99.9185791015625
C2,569,0.6847774737407453,32.300000000000004,21.5,9,8.977777481079102,156.0,1.0,50,3.0,104.08448028564453
C2,570,0.8208127825920389,23.2,18.700000000000003,9,1.3777778148651123,44.0,1.0,30,2.0,90.71735382080078
C2,571,0.6501452298892757,39.300000000000004,27.099999999999998,9,15.911110877990723,149.0,1.0,50,1.0,84.16374206542969
C2,572,0.5250568861026543,38.800000000000004,26.3,8,20.08888816833496,194.0,1.0,90,2.0,86.23158264160156
C2,573,0.6668314389772155,32.5,21.4,8,5.050000190734863,88.0,1.0,50,2.0,90.4056167602539
C2,574,0.4107060292478819,27.7,19.8,3,2.0,26.0,1.0,90,1.0,76.5100326538086
C2,575,0.1935916027007216,72.2,37.8,3,30.66666603088379,146.0,1.0,70,2.0,64.97268676757812
C2,576,0.05372886720147341,56.099999999999994,35.3,9,56.06666564941406,302.0,1.0,30,2.0,72.31694793701172
C2,577,0.7572615303785125,35.0,24.6,9,13.688888549804688,160.0,1.0,30,2.0,83.92350006103516
C2,578,0.7430833333333333,39.300000000000004,27.3,9,22.577777862548828,204.0,1.0,30,2.0,94.75409698486328
C2,579,0.7652221110390629,34.3,24.5,9,14.222222328186035,160.0,1.0,30,2.0,91.78579711914062
C2,580,0.6567478759066356,35.5,25.7,9,9.288888931274414,93.0,1.0,50,1.0,91.73814392089844
C2,581,0.6434527038467096,38.699999999999996,26.5,9,53.06666564941406,507.0,1.0,90,3.0,100.64288330078125
C2,582,0.49769397903139884,33.6,23.599999999999998,16,16.475000381469727,264.0,1.0,30,2.0,112.9190673828125
C2,583,0.6975465940041687,33.2,22.9,16,13.925000190734863,224.0,1.0,50,2.0,122.81810760498047
C2,584,0.7129938354103852,28.8,20.2,16,8.050000190734863,201.0,1.0,50,3.0,115.15753173828125
C2,585,0.7911787380325689,27.099999999999998,19.3,16,2.875,88.0,1.0,30,2.0,98.82785034179688
C2,586,0.6841631630550397,32.4,21.6,16,9.050000190734863,176.0,1.0,50,2.0,85.83004760742188
C2,587,0.1846005834160071,31.0,20.9,6,6.559999942779541,118.0,1.0,90,2.0,76.96469116210938
C2,588,0.7479571707956659,33.0,23.0,5,7.760000228881836,90.0,1.0,30,2.0,71.77881622314453
C2,589,0.6014710830378135,46.1,30.900000000000002,5,39.119998931884766,255.0,1.0,70,3.0,68.26728820800781
C2,590,0.7100837696869022,38.5,26.4,7,14.0,140.0,1.0,30,2.0,67.62703704833984
C2,591,0.6451354469830105,43.3,29.2,7,23.485713958740234,167.0,1.0,50,1.0,83.50955963134766
C2,592,0.7365035336351955,38.9,26.4,7,19.77142906188965,176.0,1.0,30,2.0,93.43907165527344
C2,593,0.6111666666666667,40.599999999999994,27.599999999999998,10,37.68000030517578,342.0,1.0,30,3.0,105.26344299316406
C2,594,0.6242957555263372,37.699999999999996,25.6,10,46.31999969482422,471.0,1.0,90,3.0,111.02473449707031
C2,595,0.5336058295394785,33.300000000000004,23.3,16,13.949999809265137,226.0,1.0,30,2.0,117.8148422241211
C2,596,0.6469186992459117,33.099999999999994,23.0,16,21.350000381469727,339.0,1.0,70,3.0,121.75556945800781
C2,597,0.6145948010007884,32.0,20.400000000000002,16,8.324999809265137,204.0,1.0,70,3.0,112.25334167480469
C2,598,0.7846523021512533,33.099999999999994,23.0,16,17.450000762939453,264.0,1.0,30,2.0,109.08533477783203
C2,599,0.7605654587080481,32.099999999999994,21.4,16,6.775000095367432,140.0,1.0,30,2.0,101.45120239257812
C2,600,0.4139580465431846,33.9,24.1,10,25.040000915527344,285.0,1.0,70,3.0,100.47071838378906
C2,601,0.7449166666666667,39.1,26.200000000000003,10,28.479999542236328,306.0,1.0,30,3.0,95.88243103027344
C2,602,0.7589532444923656,32.800000000000004,22.3,10,8.079999923706055,128.0,1.0,30,2.0,92.32946014404297
C2,603,0.5989254973341024,32.599999999999994,22.3,10,4.28000020980835,65.0,1.0,70,1.0,86.19767761230469
C2,604,0.7244850815604345,38.0,25.6,10,31.959999084472656,330.0,1.0,50,2.0,90.9186019897461
C2,605,0.7462735161189794,32.800000000000004,22.3,10,4.71999979019165,68.0,1.0,30,1.0,94.28450012207031
C2,606,0.7107778825133007,28.0,19.900000000000002,10,5.71999979019165,120.0,1.0,50,3.0,92.97069549560547
C2,607,0.7607626042491563,20.9,18.599999999999998,10,1.8799999952316284,72.0,1.0,50,3.0,73.38241577148438
C2,608,0.782509604825276,27.799999999999997,19.2,10,2.319999933242798,66.0,1.0,30,2.0,56.96278381347656
C2,609,0.6495320722743166,23.400000000000002,18.8,10,1.2400000095367432,54.0,1.0,90,2.0,45.37767028808594
C2,610,0.319268550900334,39.800000000000004,26.4,1,4.0,66.0,1.0,30,2.0,39.62660217285156
C2,611,-0.02780301880483568,136.7,66.19999999999999,4,70.69999694824219,249.0,1.0,50,3.0,42.842628479003906
C2,612,0.1940833902747032,51.5,34.6,4,16.100000381469727,83.0,1.0,70,1.0,52.23891067504883
C2,613,0.6871666666666667,45.400000000000006,31.7,4,23.899999618530273,140.0,1.0,30,2.0,62.81001281738281
C2,614,0.6798333333333334,46.199999999999996,31.4,4,25.299999237060547,152.0,1.0,30,2.0,68.2193374633789
C2,615,0.6926666666666667,44.8,31.3,4,25.0,154.0,1.0,30,2.0,70.6649398803711
C2,616,0.34085000000000004,60.6,37.699999999999996,4,20.799999237060547,93.0,1.0,30,1.0,75.19895935058594
C2,617,0.7378107352950982,33.5,23.900000000000002,4,4.199999809265137,40.0,1.0,30,1.0,73.11937713623047
C2,618,0.5713607916174323,32.099999999999994,21.1,4,3.200000047683716,36.0,1.0,90,1.0,66.40496063232422
C2,619,0.7516681509260542,32.5,21.5,4,5.400000095367432,66.0,1.0,30,2.0,54.37630844116211
C2,620,0.6055017207480403,28.2,20.0,4,1.2000000476837158,21.0,1.0,90,1.0,44.62578582763672
C2,621,0.7506635249995924,32.800000000000004,22.5,3,8.0,78.0,1.0,30,2.0,39.175472259521484
C2,622,0.15923863677420705,107.2,56.5,4,52.400001525878906,127.0,1.0,30,1.0,48.43861770629883
C2,623,0.49783333333333335,48.599999999999994,32.9,8,36.25,256.0,1.0,30,2.0,68.26316833496094
C2,624,0.7222500000000001,40.7,28.1,9,32.25,268.0,1.0,30,2.0,92.82456970214844
C2,625,0.7449166666666667,39.1,26.8,9,24.755556106567383,224.0,1.0,30,2.0,105.56140899658203
C2,626,0.7311666666666667,40.599999999999994,27.599999999999998,9,23.688888549804688,214.0,1.0,30,2.0,110.40351104736328
C2,627,0.713185257572332,40.300000000000004,27.2,9,15.288888931274414,144.0,1.0,30,1.0,114.64210510253906
C2,628,0.5132632984300873,40.0,27.400000000000002,9,15.155555725097656,137.0,1.0,90,1.0,120.51860046386719
C2,629,0.6730138598534754,32.5,21.8,9,6.577777862548828,110.0,1.0,50,2.0,117.11116027832031
C2,630,0.6795488826295966,34.7,24.8,8,14.800000190734863,158.0,1.0,50,2.0,106.40003204345703
C2,631,0.6601246734394343,43.8,29.5,7,30.97142791748047,224.0,1.0,50,2.0,96.6400146484375
C2,632,0.5168153260727024,39.0,27.099999999999998,5,20.8799991607666,150.0,1.0,90,2.0,93.45067596435547
C2,633,0.6435996909776333,35.1,25.7,5,5.199999809265137,58.0,1.0,50,1.0,88.73707580566406
C2,634,0.5702529150825941,33.099999999999994,22.700000000000003,5,10.800000190734863,138.0,1.0,90,3.0,77.1089096069336
C2,635,0.6719822706055674,39.5,26.599999999999998,5,21.520000457763672,183.0,1.0,50,3.0,68.26534271240234
C2,636,0.6405251057723316,33.099999999999994,22.5,3,3.8399999141693115,48.0,1.0,50,1.0,61.62587356567383
C2,637,0.5992920882308479,48.0,33.300000000000004,3,22.799999237060547,120.0,1.0,50,2.0,59.50885772705078
C2,638,0.257775,87.9,45.199999999999996,4,55.599998474121094,200.0,1.0,50,2.0,63.43864822387695
C2,639,0.6170915284747649,48.9,33.8,4,29.700000762939453,164.0,1.0,50,2.0,70.3298568725586
C2,640,0.7222908221346539,39.1,27.099999999999998,4,14.600000381469727,118.0,1.0,30,2.0,74.33124542236328
C2,641,-0.6300649136979681,70.4,36.3,22,105.19999694824219,800.0,1.0,30,2.0,116.7320785522461
C2,642,0.1745833333333333,31.5,20.7,38,39.47096633911133,1206.0,1.0,30,2.0,211.63925170898438
C2,643,0.8462658314273891,18.3,17.7,38,0.4421052634716034,24.0,1.0,30,2.0,262.31689453125
C2,644,0.7853006192771409,29.2,20.5,38,6.284210681915283,226.0,1.0,30,2.0,254.45680236816406
C2,645,0.8500206561375282,19.900000000000002,18.4,38,1.3473684787750244,92.0,1.0,30,2.0,175.4740753173828
C2,646,0.7535591564755661,21.1,17.9,38,0.4526315927505493,19.0,1.0,50,1.0,129.0177764892578
C2,647,0.8469234084714489,18.1,18.2,38,0.6000000238418579,54.0,1.0,30,2.0,89.67733764648438
C2,648,-0.5438522001758803,22.700000000000003,18.599999999999998,8,1.5,52.0,1.0,90,2.0,63.406402587890625
C2,649,0.7653102077737585,18.0,17.8,8,0.8999999761581421,24.0,1.0,50,1.0,48.310508728027344
C2,650,0.45747062982080333,34.3,23.7,1,6.0,72.0,1.0,30,2.0,40.452972412109375
C2,651,0.6890000000000001,45.199999999999996,35.3,1,20.399999618530273,68.0,1.0,30,2.0,36.80511474609375
C2,652,0.8575724027518892,18.3,18.0,1,3.200000047683716,22.0,1.0,30,2.0,32.8830680847168
C2,653,0.8559587577917702,19.5,18.1,1,2.799999952316284,24.0,1.0,30,2.0,27.32984161376953
C2,654,0.6809751861440221,18.3,17.8,1,1.600000023841858,13.0,1.0,90,1.0,21.197904586791992
C2,655,0.7788223701562585,18.700000000000003,18.0,1,4.400000095367432,39.0,1.0,50,3.0,17.785409927368164
C2,656,-0.44876914754897834,213.2,120.2,4,200.0,297.0,1.0,50,3.0,27.33791160583496
C2,657,0.6625782101840576,39.699999999999996,27.0,4,19.700000762939453,153.0,1.0,50,3.0,38.13608169555664
C2,658,0.6946302315495001,33.6,23.5,4,14.100000381469727,141.0,1.0,50,3.0,49.1483154296875
C2,659,0.6551980189220101,32.300000000000004,20.7,4,1.600000023841858,21.0,1.0,50,1.0,45.355655670166016
C2,660,0.7932057586510576,27.5,19.400000000000002,4,4.300000190734863,69.0,1.0,30,3.0,39.34672546386719
C2,661,0.14685453618877478,51.2,35.3,7,85.69999694824219,387.0,1.0,50,3.0,46.67470169067383
C2,662,0.6793253112847671,38.4,25.7,7,20.85714340209961,213.0,1.0,50,3.0,57.738155364990234
C2,663,0.6773065019091589,32.800000000000004,21.6,7,8.285714149475098,123.0,1.0,50,3.0,66.77622985839844
C2,664,0.7086370029309877,33.6,23.900000000000002,7,17.371429443359375,192.0,1.0,50,3.0,63.53240203857422
C2,665,0.7549812053426419,21.7,18.700000000000003,7,2.2857143878936768,66.0,1.0,50,3.0,55.05277633666992
C2,666,0.6526922555894203,23.099999999999998,18.9,7,1.7714285850524902,52.0,1.0,90,2.0,47.964996337890625
C2,667,0.5659756248669321,32.5,21.8,4,9.699999809265137,117.0,1.0,50,3.0,40.378997802734375
C2,668,-0.12175937860401026,78.10000000000001,40.7,11,73.93333435058594,396.0,1.0,30,3.0,50.49406433105469
C2,669,0.5627092960465915,38.199999999999996,25.4,11,30.10909080505371,351.0,1.0,90,3.0,68.69644165039062
C2,670,0.7590178691556536,33.2,23.099999999999998,11,9.127272605895996,140.0,1.0,30,2.0,83.7511978149414
C2,671,0.712161442503963,29.0,20.6,11,8.290908813476562,165.0,1.0,50,3.0,82.51738739013672
C2,672,0.7641226048624613,17.7,17.4,11,0.581818163394928,21.0,1.0,50,3.0,67.11042785644531
C2,673,0.6801554630607075,17.9,17.5,11,0.5090909004211426,15.0,1.0,90,1.0,50.53292465209961
C2,674,0.7499253152251908,35.4,24.9,11,32.47272872924805,372.0,1.0,50,3.0,49.78642272949219
C2,675,0.851211085593372,18.0,18.4,11,1.6363636255264282,66.0,1.0,30,3.0,51.33852005004883
C2,676,0.6801819305849983,18.3,17.6,11,0.5454545617103577,13.0,1.0,90,1.0,52.00311279296875
C2,677,0.7642519530722574,33.6,23.3,11,11.781818389892578,160.0,1.0,30,2.0,46.53520202636719
C2,678,0.8466963670404812,19.7,17.6,11,0.5454545617103577,17.0,1.0,30,1.0,42.58778762817383
C2,679,0.7256843739166624,37.3,25.6,11,10.363636016845703,107.0,1.0,30,1.0,52.75267028808594
C2,680,0.5049166666666667,39.1,26.5,5,21.280000686645508,156.0,1.0,30,2.0,58.584938049316406
C2,681,0.6372500000000001,49.099999999999994,32.9,7,38.85714340209961,248.0,1.0,30,2.0,76.35095977783203
C2,682,0.6170744370552529,32.800000000000004,22.2,7,11.771428108215332,156.0,1.0,70,3.0,79.67724609375
C2,683,0.6618719701075403,43.2,29.0,7,47.599998474121094,348.0,1.0,70,3.0,86.73967742919922
C2,684,0.58675,38.9,25.9,11,20.545454025268555,232.0,1.0,30,2.0,89.91047668457031
C2,685,0.5454977921462835,37.3,25.2,11,19.418182373046875,224.0,1.0,90,2.0,99.81295013427734
C2,686,0.7861666666666668,34.6,24.9,11,23.454545974731445,258.0,1.0,30,2.0,107.4877700805664
C2,687,0.669552239364201,33.5,23.599999999999998,11,7.96363639831543,99.0,1.0,50,1.0,109.82599639892578
C2,688,0.7826112945299336,28.400000000000002,20.2,11,3.7090909481048584,94.0,1.0,30,2.0,102.56226348876953
C2,689,0.5830208444296472,36.0,25.0,9,15.345454216003418,194.0,1.0,70,2.0,93.9373550415039
C2,690,0.5362533302842603,39.199999999999996,26.599999999999998,9,23.33333396911621,210.0,1.0,90,2.0,89.56241607666016
C2,691,0.74125,39.5,26.8,9,27.066667556762695,260.0,1.0,30,2.0,98.00411224365234
C2,692,0.8479392767395442,18.0,17.5,9,0.8444444537162781,38.0,1.0,30,2.0,92.66913604736328
C2,693,0.7422915528009921,33.7,23.7,9,5.8222222328186035,76.0,1.0,30,1.0,85.60147857666016
C2,694,0.6489057663364348,34.0,24.400000000000002,9,24.0,267.0,1.0,70,3.0,75.89422607421875
C2,695,0.6956019479819984,27.599999999999998,19.0,9,0.8888888955116272,27.0,1.0,50,1.0,71.13653564453125
C2,696,0.7070001751576468,18.0,17.6,9,0.8888888955116272,39.0,1.0,70,3.0,59.881919860839844
C2,697,0.5858285835271154,32.4,21.6,5,3.680000066757202,64.0,1.0,30,2.0,45.529151916503906
C2,698,0.8474224405069449,17.7,17.4,5,0.7200000286102295,12.0,1.0,30,2.0,34.11749267578125
C2,699,0.7646374768668834,18.8,17.6,5,0.7200000286102295,14.0,1.0,50,2.0,26.470495223999023
C2,700,0.612547377988288,18.700000000000003,17.8,1,2.799999952316284,18.0,1.0,50,3.0,18.415630340576172
C2,701,-0.5499976149592818,263.90000000000003,172.6,4,200.0,476.0,1.0,30,2.0,44.51604461669922
C2,702,-0.8733515400252447,66.8,33.0,28,116.14286041259766,1390.0,1.0,30,2.0,151.9096221923828
C2,703,0.08848626782631927,50.0,18.0,38,0.410526305437088,7.0,1.0,50,1.0,216.47911071777344
C2,704,0.8462658314273891,18.700000000000003,17.7,38,0.4421052634716034,14.0,1.0,30,2.0,224.42079162597656
C2,705,0.8462658314273891,18.2,17.7,38,0.4421052634716034,14.0,1.0,30,2.0,137.45248413085938
C2,706,0.8462658314273891,18.5,17.7,38,0.4421052634716034,16.0,1.0,30,2.0,85.40482330322266
C2,707,0.8463097032091795,18.0,17.6,38,0.4526315927505493,22.0,1.0,30,2.0,54.70956039428711
C2,708,-0.632577559493055,19.7,17.8,1,0.7200000286102295,16.0,1.0,30,2.0,36.42573547363281
C2,709,0.7601055817666096,32.800000000000004,26.0,1,8.399999618530273,42.0,1.0,30,2.0,27.18877410888672
C2,710,0.5640007441800048,33.099999999999994,26.700000000000003,1,5.199999809265137,22.0,1.0,90,1.0,23.113264083862305
C2,711,0.8543353991895412,18.2,17.8,1,2.4000000953674316,22.0,1.0,30,2.0,21.06795883178711
C2,712,0.8559587577917702,17.7,17.5,1,2.799999952316284,16.0,1.0,30,2.0,18.10744285583496
C2,713,0.8510615300280377,17.8,17.5,1,1.600000023841858,12.0,1.0,30,2.0,14.197798728942871
C2,714,0.8510615300280377,17.9,17.6,1,1.600000023841858,10.0,1.0,30,2.0,11.05201244354248
C2,715,0.8543353991895412,17.9,17.5,1,2.4000000953674316,20.0,1.0,30,2.0,9.431207656860352
C2,716,0.8623500559002011,18.1,17.7,1,4.400000095367432,36.0,1.0,30,2.0,10.058724403381348
C2,717,0.8575724027518892,18.2,17.8,1,3.200000047683716,26.0,1.0,30,2.0,11.501901626586914
C2,718,0.6833366638685273,17.9,17.6,1,4.400000095367432,32.0,1.0,90,2.0,13.167807579040527
C2,719,0.49143651533961924,50.0,17.9,1,1.2000000476837158,8.0,1.0,50,1.0,12.834017753601074
C2,720,0.7694704801128012,18.1,17.9,1,2.0,14.0,1.0,50,1.0,12.767077445983887
C2,721,0.6532390368229252,33.7,26.8,1,4.400000095367432,22.0,1.0,50,1.0,13.526912689208984
C2,722,0.7710036769368389,17.9,17.7,1,2.4000000953674316,13.0,1.0,50,1.0,14.649480819702148
C2,723,0.7664365153396193,18.0,17.7,1,1.2000000476837158,10.0,1.0,50,1.0,14.789689064025879
C2,724,0.6819403678361281,18.0,17.6,1,2.799999952316284,18.0,1.0,90,2.0,13.140480041503906
C2,725,0.7694704801128012,18.1,17.8,1,2.0,13.0,1.0,50,1.0,12.150954246520996
C2,726,0.8575724027518892,18.5,17.9,1,3.200000047683716,24.0,1.0,30,2.0,11.823905944824219
C2,727,-0.01854509922217978,125.9,72.2,3,81.5999984741211,148.0,1.0,30,2.0,20.294343948364258
C2,728,0.6627289408338684,38.9,26.9,3,18.0,144.0,1.0,50,3.0,30.043272018432617
C2,729,0.14588918716719934,78.5,40.800000000000004,6,46.47999954223633,214.0,1.0,30,2.0,48.559295654296875
C2,730,0.5901059544294303,44.8,30.200000000000003,6,13.666666984558105,94.0,1.0,50,1.0,62.33557891845703
C2,731,0.5472020170715208,35.9,24.6,6,12.733333587646484,124.0,1.0,90,2.0,72.46800994873047
C2,732,0.6743333333333332,46.800000000000004,31.3,6,52.93333435058594,348.0,1.0,50,3.0,79.74747467041016
C2,733,0.5579356430594713,34.2,24.0,11,11.527273178100586,160.0,1.0,30,2.0,82.24848175048828
C2,734,0.7136089965159823,33.4,23.400000000000002,11,18.10909080505371,240.0,1.0,50,3.0,86.14909362792969
C2,735,0.7666504214619572,33.6,23.400000000000002,11,12.545454978942871,162.0,1.0,30,2.0,83.82278442382812
C2,736,0.7488479152646388,32.800000000000004,22.3,11,5.3818182945251465,76.0,1.0,30,1.0,81.89366912841797
C2,737,0.7783638352145188,28.8,20.2,11,3.563636302947998,92.0,1.0,30,2.0,76.20287322998047
C2,738,0.5631840064263945,39.300000000000004,26.4,7,15.600000381469727,188.0,1.0,30,2.0,74.52172088623047
C2,739,0.7594171172835168,30.099999999999998,19.3,7,1.8285714387893677,35.0,1.0,30,1.0,68.0463638305664
C2,740,0.8394778490641532,18.1,17.5,6,0.7333333492279053,12.0,1.0,30,2.0,58.82781982421875
C2,741,0.7394294206912717,38.5,26.1,6,19.399999618530273,156.0,1.0,30,2.0,51.16335678100586
C2,742,0.753644094494436,32.2,21.3,6,5.199999809265137,78.0,1.0,30,2.0,47.09801483154297
C2,743,0.8499627360767531,17.9,17.6,6,1.3333333730697632,51.0,1.0,30,3.0,46.1254768371582
C2,744,0.5552524148510911,49.8,34.4,8,60.0,264.0,1.0,30,2.0,52.74195098876953
C2,745,0.7366666666666667,40.0,27.799999999999997,8,25.350000381469727,204.0,1.0,30,2.0,65.1118392944336
C2,746,0.7176666666666667,41.2,28.0,9,33.79999923706055,276.0,1.0,30,2.0,88.66709899902344
C2,747,0.7048910975564362,38.4,25.8,9,27.33333396911621,276.0,1.0,50,3.0,97.46692657470703
C2,748,0.763083575166466,34.0,24.2,9,12.577777862548828,156.0,1.0,30,2.0,99.54682159423828
C2,749,0.7550747789359765,32.599999999999994,21.8,9,6.5333333015441895,114.0,1.0,30,2.0,89.99475860595703
C2,750,0.7066715389289145,33.9,23.900000000000002,9,17.55555534362793,216.0,1.0,50,3.0,81.59685516357422
C2,751,0.559627306115897,33.5,23.0,9,4.44444465637207,64.0,1.0,90,1.0,74.69144439697266
C2,752,0.7458333333333333,39.0,26.599999999999998,9,41.11111068725586,378.0,1.0,50,3.0,79.74819946289062
C2,753,0.7007778302255063,37.199999999999996,25.4,8,25.450000762939453,258.0,1.0,50,3.0,84.64891815185547
C2,754,0.7029890996697682,28.1,20.0,8,4.0,99.0,1.0,50,3.0,83.45601654052734
C2,755,0.6921088971706342,32.5,22.2,8,11.149999618530273,168.0,1.0,50,3.0,73.40694427490234
C2,756,0.6974625910006719,40.300000000000004,27.0,8,30.149999618530273,276.0,1.0,50,3.0,68.17749786376953
C2,757,0.7049065985461042,32.9,23.0,8,15.0,189.0,1.0,50,3.0,69.03983306884766
C2,758,0.6299757547678344,22.700000000000003,18.5,5,3.359999895095825,66.0,1.0,50,3.0,65.0239028930664
C2,759,0.7022053086841741,38.800000000000004,26.5,5,7.599999904632568,66.0,1.0,30,1.0,59.147674560546875
C2,760,0.5145613591743794,48.5,32.300000000000004,8,65.94999694824219,432.0,1.0,50,3.0,66.42193603515625
C2,761,0.31125173400370465,35.6,24.5,19,46.48421096801758,702.0,1.0,30,2.0,114.65316009521484
C2,762,-0.08849922753784603,32.0,21.3,41,43.8634147644043,1396.0,1.0,30,2.0,227.8585662841797
C2,763,0.8470248889913856,18.9,18.2,41,0.6243902444839478,34.0,1.0,30,1.0,281.1151428222656
C2,764,0.8494523406835116,18.5,18.1,41,1.2097561359405518,94.0,1.0,30,2.0,272.5357360839844
C2,765,0.827463124284657,23.099999999999998,18.9,41,2.7804877758026123,142.0,1.0,30,2.0,183.78811645507812
C2,766,0.8025282486342294,27.599999999999998,19.900000000000002,41,6.965853691101074,262.0,1.0,30,2.0,143.47286987304688
C2,767,0.7916737622326777,27.3,19.8,41,3.4536585807800293,160.0,1.0,30,2.0,123.68372344970703
C2,768,-0.4883333333333334,34.0,23.400000000000002,9,38.66666793823242,411.0,1.0,30,3.0,120.6102294921875
C2,769,0.4510902975977581,50.0,17.7,12,0.4000000059604645,8.0,1.0,30,1.0,102.36614227294922
C2,770,0.846368191461169,18.3,17.7,12,0.46666666865348816,10.0,1.0,30,2.0,81.41968536376953
C2,771,0.6406782597003736,27.799999999999997,19.2,12,3.299999952316284,117.0,1.0,70,3.0,55.7851448059082
C2,772,0.763942272804311,17.6,17.5,12,0.5333333611488342,12.0,1.0,50,3.0,39.87108612060547
C2,773,0.8469234084714489,18.0,17.6,12,0.6000000238418579,22.0,1.0,30,2.0,31.122652053833008
C2,774,0.4110615300280377,18.2,17.7,1,1.600000023841858,38.0,1.0,30,2.0,23.206924438476562
C2,775,0.8231687325228745,23.400000000000002,18.1,1,2.4000000953674316,18.0,1.0,30,2.0,19.124155044555664
C2,776,0.8575724027518892,18.1,17.7,1,3.200000047683716,20.0,1.0,30,2.0,16.54115867614746
C2,777,0.852702823555001,18.2,17.7,1,2.0,18.0,1.0,30,2.0,13.658028602600098
C2,778,0.8510615300280377,18.700000000000003,18.0,1,1.600000023841858,12.0,1.0,30,2.0,11.52815055847168
C2,779,0.8510615300280377,19.2,17.9,1,1.600000023841858,12.0,1.0,30,2.0,9.716890335083008
C2,780,0.852702823555001,18.2,17.7,1,2.0,10.0,1.0,30,2.0,8.096800804138184
C2,781,0.8575724027518892,18.1,17.6,1,3.200000047683716,30.0,1.0,30,2.0,8.324747085571289
C2,782,0.8510615300280377,17.8,17.4,1,1.600000023841858,12.0,1.0,30,2.0,8.461515426635742
C2,783,0.5727547725551173,50.0,17.7,1,0.800000011920929,8.0,1.0,30,2.0,8.410242080688477
C2,784,0.8494120147012151,18.1,17.8,1,1.2000000476837158,12.0,1.0,30,2.0,7.179478645324707
C2,785,0.6822774582840988,18.1,17.7,1,3.200000047683716,24.0,1.0,90,3.0,6.7076873779296875
C2,786,0.18347387853953875,82.3,48.599999999999994,1,34.79999923706055,96.0,1.0,70,2.0,12.291278839111328
C2,787,-0.007749403448038043,130.89999999999998,63.8,4,69.5,252.0,1.0,50,3.0,26.041433334350586
C2,788,0.48094158085419497,45.400000000000006,31.5,4,24.0,140.0,1.0,90,2.0,42.55819320678711
C2,789,0.2788930294722627,68.3,39.5,4,28.899999618530273,128.0,1.0,50,1.0,63.13491439819336
C2,790,0.7091115146734283,18.0,17.5,4,1.899999976158142,39.0,1.0,70,3.0,66.0142822265625
C2,791,0.6486666666666667,49.6,34.4,4,29.799999237060547,162.0,1.0,30,2.0,69.20857238769531
C2,792,0.7439057360852225,32.4,20.6,4,3.200000047683716,48.0,1.0,30,2.0,57.25847625732422
C2,793,0.6397499999999999,49.7,34.8,5,35.279998779296875,184.0,1.0,30,2.0,60.62175369262695
C2,794,0.7055039636400713,40.9,27.7,6,17.600000381469727,154.0,1.0,30,2.0,62.10638427734375
C2,795,0.7394066698738302,32.300000000000004,21.2,6,1.8666666746139526,30.0,1.0,30,1.0,63.79716491699219
C2,796,0.69175,44.900000000000006,30.099999999999998,6,25.266666412353516,182.0,1.0,30,2.0,64.67829895019531
C2,797,0.6990833333333334,44.1,29.0,6,22.33333396911621,164.0,1.0,30,2.0,65.87364196777344
C2,798,0.6743389788261563,43.8,29.4,6,12.933333396911621,93.0,1.0,30,1.0,74.99085235595703
C2,799,0.642016622380896,36.1,25.6,6,7.066666603088379,66.0,1.0,50,1.0,77.12784576416016
C2,800,0.4910042610699291,49.4,32.4,6,19.600000381469727,126.0,1.0,70,1.0,84.2767105102539
C2,801,0.7614391189371191,20.6,18.4,6,1.3333333730697632,27.0,1.0,50,1.0,79.76602172851562
C2,802,0.6378383017873974,33.6,22.8,4,4.320000171661377,49.0,1.0,50,1.0,74.7929458618164
C2,803,0.2669039394594261,50.3,35.1,3,15.600000381469727,71.0,1.0,50,1.0,64.47576904296875
C2,804,0.5497131907456596,49.3,35.0,3,13.866666793823242,69.0,1.0,50,1.0,63.885459899902344
C2,805,0.12315432168275522,63.4,36.1,8,40.099998474121094,262.0,1.0,30,2.0,74.46460723876953
C2,806,0.4922361930881412,42.6,28.6,8,16.850000381469727,135.0,1.0,90,1.0,89.3454360961914
C2,807,0.6551900816386447,33.099999999999994,22.0,8,3.5,55.0,1.0,50,1.0,96.40725708007812
C2,808,0.6292788919348388,38.800000000000004,26.5,8,9.949999809265137,90.0,1.0,50,1.0,95.17768859863281
C2,809,0.6231163100233085,38.9,26.3,8,8.699999809265137,85.0,1.0,50,1.0,87.77327728271484
C2,810,0.4765916823901969,20.400000000000002,17.7,3,0.6499999761581421,14.0,1.0,90,2.0,76.93063354492188
C2,811,0.6877876326349797,28.8,19.5,3,1.7333333492279053,22.0,1.0,50,1.0,61.35837936401367
C2,812,0.8414120147012151,18.599999999999998,17.8,2,1.2000000476837158,12.0,1.0,30,2.0,41.48169708251953
C2,813,0.8477547725551173,17.8,17.6,2,0.800000011920929,10.0,1.0,30,2.0,29.289016723632812
C2,814,0.8405843284339894,18.4,17.6,1,1.0,12.0,1.0,30,2.0,19.840076446533203
C2,815,0.8543353991895412,18.0,17.6,1,2.4000000953674316,18.0,1.0,30,2.0,14.57071304321289
C2,816,0.852702823555001,18.0,17.5,1,2.0,16.0,1.0,30,2.0,11.809094429016113
C2,817,0.48993618398316685,50.0,17.6,1,0.800000011920929,7.0,1.0,50,1.0,10.285456657409668
C2,818,0.7694704801128012,17.9,17.5,1,2.0,12.0,1.0,50,2.0,8.971274375915527
C2,819,0.5744120147012152,50.0,18.1,1,1.2000000476837158,8.0,1.0,30,2.0,7.649431228637695
C2,820,0.8494120147012151,18.599999999999998,17.7,1,1.2000000476837158,12.0,1.0,30,2.0,6.722991943359375
C2,821,0.210175,102.3,51.0,3,35.400001525878906,128.0,1.0,30,2.0,13.90046215057373
C2,822,0.6816110464429402,18.2,17.7,3,2.4000000953674316,57.0,1.0,90,3.0,20.20694351196289
C2,823,0.8483080145228291,18.1,17.8,3,0.9333333373069763,16.0,1.0,30,2.0,24.25749969482422
C2,824,0.680567738376431,17.9,17.6,3,1.0666667222976685,16.0,1.0,90,2.0,19.221166610717773
C2,825,0.8477547725551173,18.4,17.7,3,0.800000011920929,10.0,1.0,30,2.0,14.3326997756958
C2,826,0.8339627360767531,18.0,17.6,1,1.3333333730697632,24.0,1.0,30,2.0,11.932952880859375
C2,827,0.6812893625812153,17.9,17.5,1,2.0,15.0,1.0,90,1.0,11.426438331604004
C2,828,0.4669705254092863,44.1,33.9,1,8.800000190734863,35.0,1.0,90,1.0,15.122529983520508
C2,829,0.7147064113895217,18.5,17.8,1,4.400000095367432,36.0,1.0,70,3.0,17.340185165405273
C2,830,0.5777028235550009,50.0,17.8,1,2.0,8.0,1.0,30,2.0,17.204111099243164
C2,831,0.6180024148510912,44.699999999999996,35.4,1,20.0,72.0,1.0,50,2.0,17.255800247192383
C2,832,0.8510615300280377,18.2,17.7,1,1.600000023841858,12.0,1.0,30,2.0,16.486812591552734
C2,833,0.852702823555001,17.8,17.6,1,2.0,12.0,1.0,30,2.0,16.29208755493164
C2,834,0.5777028235550009,50.0,17.3,1,2.0,6.0,1.0,30,2.0,11.775252342224121
C2,835,0.852702823555001,18.5,17.6,1,2.0,14.0,1.0,30,2.0,9.198485374450684
C2,836,0.6826224492010974,18.0,17.6,1,3.5999999046325684,24.0,1.0,90,2.0,8.452424049377441
C2,837,0.5744120147012152,50.0,17.7,1,1.2000000476837158,8.0,1.0,30,2.0,8.138121604919434
C2,838,0.5744120147012152,50.0,17.8,1,1.2000000476837158,8.0,1.0,30,2.0,7.549539566040039
C2,839,0.8575724027518892,18.1,17.7,1,3.200000047683716,24.0,1.0,30,3.0,6.66305685043335
C2,840,0.5727547725551173,50.0,17.8,1,0.800000011920929,8.0,1.0,30,2.0,6.131167411804199
C2,841,0.6565584352413216,45.0,36.3,1,10.800000190734863,38.0,1.0,30,1.0,10.345367431640625
C2,842,0.8543353991895412,18.1,17.6,1,2.4000000953674316,18.0,1.0,30,2.0,13.007220268249512
C2,843,0.40566838741470695,50.0,17.8,1,1.2000000476837158,5.0,1.0,90,1.0,14.737665176391602
C2,844,0.5744120147012152,50.0,17.7,1,1.2000000476837158,7.0,1.0,30,1.0,11.642599105834961
C2,845,0.5744120147012152,50.0,17.7,1,1.2000000476837158,5.0,1.0,30,1.0,9.252225875854492
C2,846,0.8510615300280377,18.2,17.6,1,1.600000023841858,11.0,1.0,30,1.0,8.618002891540527
C2,847,0.7694704801128012,18.2,17.9,1,2.0,14.0,1.0,50,2.0,8.237467765808105
C2,848,0.48993618398316685,50.0,17.8,1,0.800000011920929,8.0,1.0,50,2.0,7.875814437866211
C2,849,0.7694704801128012,18.2,17.9,1,2.0,16.0,1.0,50,2.0,7.258821964263916
C2,850,0.7772390996697683,18.3,18.0,1,4.0,34.0,1.0,50,2.0,8.221960067749023
C2,851,-0.13898449591190548,187.0,82.5,4,61.20000076293945,236.0,1.0,50,2.0,23.999841690063477
C2,852,0.6334737968590981,42.9,28.299999999999997,5,21.68000030517578,158.0,1.0,50,2.0,42.9332389831543
C2,853,0.8510615300280377,18.2,17.7,5,1.600000023841858,57.0,1.0,30,3.0,54.55994415283203
C2,854,0.4844166666666667,45.699999999999996,31.0,10,33.08000183105469,321.0,1.0,30,3.0,60.069297790527344
C2,855,0.7935,33.8,23.900000000000002,10,20.280000686645508,258.0,1.0,30,3.0,64.30824279785156
C2,856,0.7822682852233037,33.8,24.1,10,19.280000686645508,249.0,1.0,30,3.0,75.38494873046875
C2,857,0.7644166666666666,36.1,25.4,11,32.63999938964844,339.0,1.0,30,3.0,82.83097076416016
C2,858,0.6803151427503005,17.9,17.5,11,0.7272727489471436,33.0,1.0,90,3.0,77.298583984375
C2,859,0.8463934451534713,18.1,17.7,11,0.4727272689342499,16.0,1.0,30,2.0,63.979148864746094
C2,860,0.8473015213715362,18.1,17.8,11,0.6909090876579285,33.0,1.0,30,3.0,42.387489318847656
C2,861,0.7563216931464687,32.0,20.7,11,5.418181896209717,110.0,1.0,30,2.0,35.29916000366211
C2,862,0.7362500000000001,38.3,25.6,9,22.799999237060547,250.0,1.0,30,2.0,46.64616394042969
C2,863,0.7422781485892478,37.1,24.7,9,15.199999809265137,174.0,1.0,30,2.0,63.58769607543945
C2,864,0.5714607807452889,50.0,17.5,9,0.4888888895511627,8.0,1.0,30,2.0,66.95262145996094
C2,865,0.8468309257411047,19.3,17.9,9,0.5777778029441833,10.0,1.0,30,2.0,52.97157287597656
C2,866,0.8470158696381417,17.9,17.6,9,0.6222222447395325,20.0,1.0,30,2.0,34.31627655029297
C2,867,0.8390158696381417,18.1,17.5,8,0.6222222447395325,16.0,1.0,30,2.0,23.65643310546875
C2,868,0.4114237475143212,50.0,17.5,4,0.47999998927116394,8.0,1.0,30,2.0,17.127193450927734
C2,869,0.7310615300280378,18.2,17.7,1,1.600000023841858,14.0,1.0,30,2.0,12.809648513793945
C2,870,0.5727547725551173,50.0,18.1,1,0.800000011920929,3.0,1.0,30,1.0,9.55245590209961
C2,871,0.7756653383512933,17.9,17.6,1,3.5999999046325684,30.0,1.0,50,2.0,9.064806938171387
C2,872,0.7679480189220103,18.1,17.7,1,1.600000023841858,14.0,1.0,50,2.0,8.772217750549316
C2,873,0.49143651533961924,50.0,17.7,1,1.2000000476837158,8.0,1.0,50,2.0,8.729997634887695
C2,874,0.7664365153396193,18.2,17.9,1,1.2000000476837158,10.0,1.0,50,2.0,7.371331691741943
C2,875,0.7679480189220103,18.2,17.7,1,1.600000023841858,14.0,1.0,50,2.0,6.5561323165893555
C2,876,0.7710036769368389,18.2,17.8,1,2.4000000953674316,18.0,1.0,50,2.0,6.733679294586182
C2,877,0.5727547725551173,50.0,18.0,1,0.800000011920929,8.0,1.0,30,1.0,7.240207672119141
C2,878,0.7685538134461346,20.1,17.9,1,2.0,16.0,1.0,50,2.0,7.677457809448242
C2,879,0.7664365153396193,18.2,17.6,1,1.2000000476837158,10.0,1.0,50,2.0,7.406474590301514
C2,880,0.7664365153396193,18.4,17.8,1,1.2000000476837158,10.0,1.0,50,2.0,6.8438849449157715
C2,881,-0.6188125890738656,220.29999999999998,93.7,8,140.39999389648438,586.0,1.0,50,2.0,44.50633239746094
C2,882,0.07076293726991127,38.5,25.2,24,70.77894592285156,1268.0,1.0,50,2.0,150.970458984375
C2,883,0.6801367503898038,18.0,17.7,24,0.4833333194255829,16.0,1.0,90,2.0,215.2489471435547
C2,884,0.7635708721657507,17.8,17.6,24,0.4333333373069763,16.0,1.0,50,2.0,215.8160400390625
C2,885,0.7635708721657507,17.9,17.5,24,0.4333333373069763,12.0,1.0,50,2.0,132.42295837402344
C2,886,0.7638183924045019,18.0,17.6,24,0.5,24.0,1.0,50,2.0,82.92044067382812
C2,887,0.5636945921904866,18.4,17.7,19,0.46666666865348816,18.0,1.0,50,2.0,53.352264404296875
C2,888,0.045803813446134524,20.400000000000002,18.1,1,2.0,14.0,1.0,50,2.0,35.74468994140625
C2,889,0.772547377988288,18.1,17.6,1,2.799999952316284,24.0,1.0,50,2.0,25.18014907836914
C2,890,0.7679480189220103,18.0,17.6,1,1.600000023841858,10.0,1.0,50,2.0,18.308088302612305
C2,891,0.8623500559002011,18.2,17.9,1,4.400000095367432,34.0,1.0,30,2.0,15.518186569213867
C2,892,0.8510615300280377,18.599999999999998,17.9,1,1.600000023841858,10.0,1.0,30,2.0,12.910911560058594
C2,893,0.8510615300280377,18.1,17.8,1,1.600000023841858,10.0,1.0,30,2.0,11.34654712677002
C2,894,0.8494120147012151,17.9,17.6,1,1.2000000476837158,10.0,1.0,30,2.0,8.807928085327148
C2,895,0.8494120147012151,18.3,17.8,1,1.2000000476837158,10.0,1.0,30,2.0,7.284757137298584
C2,896,0.8559587577917702,18.2,17.6,1,2.799999952316284,24.0,1.0,30,2.0,7.304187297821045
C2,897,0.852702823555001,18.2,17.8,1,2.0,16.0,1.0,30,2.0,7.715846061706543
C2,898,0.7084760865278696,18.3,17.9,1,1.600000023841858,12.0,1.0,70,3.0,7.829507350921631
C2,899,0.8510615300280377,18.2,17.7,1,1.600000023841858,12.0,1.0,30,2.0,7.0977044105529785
C2,900,0.49143651533961924,50.0,17.6,1,1.2000000476837158,8.0,1.0,50,2.0,6.125289440155029
C2,901,0.7756653383512933,18.0,17.7,1,3.5999999046325684,28.0,1.0,50,2.0,6.875173568725586
C2,902,0.7694704801128012,17.8,17.6,1,2.0,14.0,1.0,50,2.0,7.458437442779541
C2,903,0.7679480189220103,18.1,17.8,1,1.600000023841858,12.0,1.0,50,2.0,8.07506275177002
C2,904,0.7633646855886769,20.5,18.3,1,1.600000023841858,12.0,1.0,50,2.0,7.378370761871338
C2,905,0.7694704801128012,18.1,17.6,1,2.0,16.0,1.0,50,2.0,7.09368896484375
C2,906,0.7694704801128012,17.9,17.6,1,2.0,16.0,1.0,50,2.0,7.189547061920166
C2,907,0.7694704801128012,18.1,17.5,1,2.0,16.0,1.0,50,2.0,7.513728141784668
C2,908,0.7694704801128012,17.9,17.6,1,2.0,14.0,1.0,50,2.0,7.57490348815918
C2,909,0.7694704801128012,18.2,17.8,1,2.0,16.0,1.0,50,2.0,7.611608982086182
C2,910,0.7679480189220103,18.5,17.8,1,1.600000023841858,10.0,1.0,50,2.0,7.2336320877075195
C2,911,0.7772390996697683,18.2,17.8,1,4.0,32.0,1.0,50,2.0,8.206846237182617
C2,912,0.7664365153396193,17.9,17.6,1,1.2000000476837158,10.0,1.0,50,2.0,8.39077377319336
C2,913,0.8559587577917702,18.0,17.7,1,2.799999952316284,21.0,1.0,30,3.0,8.767797470092773
C2,914,0.852702823555001,18.700000000000003,17.6,1,2.0,18.0,1.0,30,3.0,7.660678863525391
C2,915,0.8488353991895411,20.6,17.9,1,2.4000000953674316,18.0,1.0,30,3.0,7.1297407150268555
C2,916,0.8639198485148963,18.0,17.6,1,4.800000190734863,39.0,1.0,30,3.0,7.611177444458008
C2,917,0.8559587577917702,18.1,17.7,1,2.799999952316284,21.0,1.0,30,3.0,8.03337287902832
C2,918,0.8510615300280377,18.4,17.9,1,1.600000023841858,10.0,1.0,30,2.0,8.15335750579834
C2,919,0.8494120147012151,17.9,17.6,1,1.2000000476837158,10.0,1.0,30,2.0,7.1586809158325195
C2,920,0.8510615300280377,18.4,17.7,1,1.600000023841858,12.0,1.0,30,2.0,6.428542137145996
C2,921,0.8623500559002011,18.2,17.7,1,4.400000095367432,36.0,1.0,30,2.0,7.72379207611084
C2,922,0.6227073970235365,32.800000000000004,26.5,1,13.600000381469727,72.0,1.0,70,3.0,11.03427505493164
C2,923,0.8510615300280377,18.0,17.6,1,1.600000023841858,14.0,1.0,30,2.0,13.153898239135742
C2,924,0.8543353991895412,19.7,17.8,1,2.4000000953674316,18.0,1.0,30,2.0,13.225672721862793
C2,925,0.8543353991895412,17.9,17.7,1,2.4000000953674316,20.0,1.0,30,2.0,11.402070045471191
C2,926,0.8607685509003341,18.3,17.9,1,4.0,32.0,1.0,30,2.0,11.507908821105957
C2,927,0.8543353991895412,18.4,17.8,1,2.4000000953674316,18.0,1.0,30,2.0,11.571412086486816
C2,928,0.8559587577917702,18.1,17.7,1,2.799999952316284,20.0,1.0,30,2.0,11.609514236450195
C2,929,0.8543353991895412,18.0,17.8,1,2.4000000953674316,20.0,1.0,30,2.0,10.832374572753906
C2,930,0.852702823555001,17.8,17.5,1,2.0,12.0,1.0,30,2.0,9.966092109680176
C2,931,0.6268381026709581,44.1,34.9,1,20.799999237060547,76.0,1.0,50,2.0,13.179655075073242
C2,932,0.8559587577917702,18.0,17.6,1,2.799999952316284,22.0,1.0,30,2.0,15.24112606048584
C2,933,0.8543353991895412,18.3,17.7,1,2.4000000953674316,18.0,1.0,30,2.0,16.878009796142578
C2,934,0.8559587577917702,17.8,17.5,1,2.799999952316284,22.0,1.0,30,2.0,14.260138511657715
C2,935,0.8543353991895412,18.3,17.6,1,2.4000000953674316,18.0,1.0,30,2.0,12.422749519348145
C2,936,0.8591758329899635,18.0,17.9,1,3.5999999046325684,30.0,1.0,30,2.0,12.120316505432129
C2,937,0.7741013474818902,18.1,17.7,1,3.200000047683716,22.0,1.0,50,2.0,11.938857078552246
C2,938,0.7772390996697683,17.9,17.7,1,4.0,33.0,1.0,50,3.0,12.096647262573242
C2,939,0.772547377988288,18.1,17.7,1,2.799999952316284,21.0,1.0,50,3.0,11.124654769897461
C2,940,0.7694704801128012,18.1,17.6,1,2.0,18.0,1.0,50,2.0,10.274792671203613
C2,941,0.22755000000000003,101.8,60.5,1,43.20000076293945,104.0,1.0,50,2.0,15.231542587280273
C2,942,0.8430615300280377,19.599999999999998,17.8,2,1.600000023841858,27.0,1.0,30,3.0,18.472259521484375
C2,943,0.8551482611556787,18.3,17.7,2,2.5999999046325684,33.0,1.0,30,3.0,20.6833553314209
C2,944,0.8535202322523546,18.3,17.8,2,2.200000047683716,39.0,1.0,30,3.0,16.810012817382812
C2,945,0.8535202322523546,18.2,17.8,2,2.200000047683716,39.0,1.0,30,3.0,15.019341468811035
C2,946,0.7531635249995925,33.4,23.599999999999998,2,8.0,72.0,1.0,30,3.0,15.678271293640137
C2,947,0.06779831228592852,80.9,41.300000000000004,7,43.36000061035156,261.0,1.0,30,3.0,25.940296173095703
C2,948,0.7536117994196627,32.300000000000004,21.8,7,5.4285712242126465,96.0,1.0,30,2.0,36.76417922973633
C2,949,0.8242659772173418,23.0,18.700000000000003,7,1.7714285850524902,56.0,1.0,30,2.0,43.791839599609375
C2,950,0.684,44.0,29.2,9,32.17777633666992,260.0,1.0,30,2.0,53.74177169799805
C2,951,0.7602017419020718,33.2,22.9,9,9.466666221618652,124.0,1.0,30,2.0,61.57839584350586
C2,952,0.7578247789359767,32.300000000000004,21.5,9,6.5333333015441895,106.0,1.0,30,2.0,69.61370086669922
C2,953,0.752006870729459,36.8,25.4,9,18.0,180.0,1.0,30,2.0,69.10155487060547
C2,954,0.7294992761388152,39.199999999999996,26.4,9,17.77777862548828,184.0,1.0,30,2.0,72.79426574707031
C2,955,0.847200726943179,18.1,17.7,9,0.6666666865348816,24.0,1.0,30,2.0,69.54322814941406
C2,956,0.6196729322821267,37.8,26.1,6,16.66666603088379,146.0,1.0,30,2.0,65.32593536376953
C2,957,0.6782500000000001,45.5,31.2,7,32.46666717529297,208.0,1.0,30,2.0,64.39556121826172
C2,958,0.6972500000000001,44.3,29.7,7,28.0,206.0,1.0,30,2.0,75.97067260742188
C2,959,0.8477547725551173,18.2,17.7,7,0.800000011920929,32.0,1.0,30,2.0,75.31573486328125
C2,960,0.7497556832985952,32.599999999999994,22.0,7,5.142857074737549,90.0,1.0,30,2.0,67.05610656738281
C2,961,0.7557835627616584,34.4,24.0,7,11.428571701049805,122.0,1.0,30,2.0,56.50033187866211
C2,962,0.7064166666666667,43.3,29.2,7,28.742856979370117,210.0,1.0,30,2.0,62.033531188964844
C2,963,0.7366666666666667,40.0,27.2,7,20.114286422729492,178.0,1.0,30,2.0,71.2201156616211
C2,964,0.5649982114457938,43.5,28.7,7,44.79999923706055,333.0,1.0,90,3.0,83.39873504638672
C2,965,0.5918793828992692,32.300000000000004,21.2,11,4.981818199157715,110.0,1.0,30,2.0,84.03924560546875
C2,966,0.7619372499344266,36.0,25.4,11,19.200000762939453,210.0,1.0,30,2.0,86.55687713623047
C2,967,0.7378704900376237,38.5,25.7,11,18.654544830322266,212.0,1.0,30,2.0,87.40079498291016
C2,968,0.7839627162326025,28.8,20.6,11,4.981818199157715,110.0,1.0,30,2.0,87.90714263916016
C2,969,0.7641226048624613,18.2,17.7,11,0.581818163394928,24.0,1.0,50,2.0,75.81095123291016
C2,970,0.5781708121780542,32.9,22.5,7,2.914285659790039,45.0,1.0,30,1.0,60.41990661621094
C2,971,0.6681436999102908,43.9,28.400000000000002,7,11.257143020629883,94.0,1.0,30,1.0,56.385276794433594
C2,972,0.5734370529773902,32.5,21.7,7,8.914285659790039,141.0,1.0,90,3.0,58.63116455078125
C2,973,0.10440000000000002,88.4,43.9,3,33.46666717529297,117.0,1.0,30,1.0,69.57869720458984
C2,974,0.29325,75.0,40.5,4,21.399999618530273,102.0,1.0,30,1.0,77.2138900756836
C2,975,0.8477547725551173,18.3,17.8,4,0.800000011920929,14.0,1.0,30,1.0,77.3949966430664
C2,976,0.8321714392217839,21.7,18.0,4,0.800000011920929,16.0,1.0,30,1.0,64.03700256347656
C2,977,0.7387226437023218,32.300000000000004,20.8,4,1.7000000476837158,26.0,1.0,30,1.0,45.88886642456055
C2,978,0.3560592010966105,51.0,36.2,4,19.299999237060547,92.0,1.0,30,1.0,45.399986267089844
C2,979,0.7470398140303256,32.300000000000004,21.7,3,5.800000190734863,74.0,1.0,30,2.0,47.90665817260742
C2,980,0.847200726943179,18.1,17.6,3,0.6666666865348816,10.0,1.0,30,1.0,47.27732849121094
C2,981,0.1193866848374828,71.9,39.9,7,48.0,230.0,1.0,30,2.0,49.96639633178711
C2,982,0.6931666666666667,43.0,28.6,9,34.400001525878906,286.0,1.0,30,2.0,65.71317291259766
C2,983,0.6150683328121266,39.0,26.8,9,46.977779388427734,429.0,1.0,90,3.0,92.89456939697266
C2,984,0.5841133170018926,33.6,23.7,14,19.285715103149414,274.0,1.0,30,2.0,112.1367416381836
C2,985,0.7795299836685594,34.1,24.1,14,19.285715103149414,264.0,1.0,30,2.0,122.21537780761719
C2,986,0.799,33.2,23.2,14,20.685714721679688,292.0,1.0,30,2.0,128.66256713867188
C2,987,0.799,33.2,23.3,14,21.885713577270508,298.0,1.0,30,2.0,134.13087463378906
C2,988,0.7944166666666667,33.7,23.5,14,20.628570556640625,292.0,1.0,30,2.0,139.2785186767578
C2,989,0.6050833333333333,36.900000000000006,24.9,10,21.628570556640625,294.0,1.0,30,2.0,142.5004425048828
C2,990,0.7623333333333333,37.199999999999996,25.6,10,28.760000228881836,284.0,1.0,30,2.0,143.50027465820312
C2,991,0.5815833333333333,35.1,24.8,15,34.3466682434082,501.0,1.0,30,3.0,146.90016174316406
C2,992,0.783,33.2,22.8,17,26.63529396057129,450.0,1.0,30,3.0,149.34010314941406
C2,993,0.799,33.2,22.599999999999998,17,25.15294075012207,420.0,1.0,30,3.0,150.53738403320312
C2,994,0.7971666666666668,33.4,22.9,17,23.200000762939453,387.0,1.0,30,3.0,146.18910217285156
C2,995,0.6016209315491226,33.5,23.2,17,8.611764907836914,148.0,1.0,70,1.0,143.31346130371094
C2,996,0.799,33.2,22.599999999999998,17,26.352941513061523,435.0,1.0,30,3.0,142.25474548339844
C2,997,0.7802499999999999,33.5,23.2,15,24.799999237060547,408.0,1.0,30,3.0,142.55284118652344
C2,998,0.7971666666666668,33.4,23.400000000000002,15,28.479999542236328,423.0,1.0,30,3.0,141.79837036132812
C2,999,0.7152815765024181,33.5,23.3,15,18.719999313354492,284.0,1.0,50,2.0,140.94569396972656
C2,1000,0.7953333333333333,33.6,23.2,15,25.600000381469727,378.0,1.0,30,3.0,139.1007537841797
C2,1001,0.7907500000000001,34.1,24.0,15,20.959999084472656,308.0,1.0,30,2.0,139.72711181640625
C2,1002,0.7668481153739591,34.3,24.0,15,14.800000190734863,216.0,1.0,30,2.0,135.56959533691406
C2,1003,0.763191557846981,33.7,23.5,13,17.46666717529297,252.0,1.0,30,2.0,133.07508850097656
C2,1004,0.770382743270756,34.3,24.400000000000002,13,16.123077392578125,212.0,1.0,30,2.0,125.17839050292969
C2,1005,0.7594093060598627,32.9,22.3,13,8.461538314819336,148.0,1.0,30,2.0,115.90703582763672
C2,1006,0.8057790680406066,23.599999999999998,19.2,11,2.5090909004211426,76.0,1.0,30,2.0,98.61088562011719
C2,1007,0.7378319156654818,35.8,25.0,9,15.066666603088379,172.0,1.0,30,2.0,85.56653594970703
C2,1008,0.7343180229173581,38.1,26.0,8,19.0222225189209,194.0,1.0,30,2.0,80.80658721923828
C2,1009,0.7064166666666667,43.3,28.5,8,35.94285583496094,272.0,1.0,30,2.0,91.01728820800781
C2,1010,0.5458333333333334,39.0,25.9,13,38.68000030517578,398.0,1.0,30,2.0,112.21037292480469
C2,1011,0.7765833333333334,33.9,23.8,15,22.906665802001953,354.0,1.0,30,2.0,135.5928955078125
C2,1012,0.7962499999999999,33.5,23.400000000000002,15,23.200000762939453,342.0,1.0,30,2.0,154.2890625
C2,1013,0.7944166666666667,33.7,23.2,15,28.02666664123535,429.0,1.0,30,3.0,158.04010009765625
C2,1014,0.7962499999999999,33.5,23.2,15,27.040000915527344,408.0,1.0,30,2.0,163.89073181152344
C2,1015,0.7953333333333333,33.6,23.5,15,23.520000457763672,342.0,1.0,30,2.0,167.40110778808594
C2,1016,0.7971666666666668,33.4,23.3,15,31.1733341217041,460.0,1.0,30,2.0,181.10733032226562
C2,1017,0.7849067617628919,33.6,23.400000000000002,15,19.68000030517578,290.0,1.0,30,2.0,181.4644012451172
C2,1018,0.695351203879506,33.300000000000004,23.0,15,13.626667022705078,201.0,1.0,50,1.0,185.6786346435547
C2,1019,0.7836724567612667,33.5,23.599999999999998,15,18.639999389648438,272.0,1.0,30,2.0,175.67384338378906
C2,1020,0.7483689398604462,33.099999999999994,22.9,15,25.97333335876465,390.0,1.0,50,3.0,167.6709747314453
C2,1021,0.7739697291529752,33.2,23.0,15,33.7599983215332,507.0,1.0,50,3.0,158.6025848388672
C2,1022,0.628,34.4,24.299999999999997,11,43.563636779785156,522.0,1.0,50,3.0,158.2282257080078
C2,1023,0.5191071081352513,34.6,24.299999999999997,17,66.92308044433594,837.0,1.0,50,3.0,177.87026977539062
C2,1024,0.7625268982748127,32.800000000000004,22.4,17,29.082353591918945,492.0,1.0,50,3.0,188.98883056640625
C2,1025,0.6971319971475947,31.0,20.8,17,9.082352638244629,213.0,1.0,50,3.0,181.9266357421875
C2,1026,0.721210249496369,25.7,19.3,17,3.0352940559387207,123.0,1.0,50,3.0,145.9559783935547
C2,1027,0.7120657062589947,27.900000000000002,19.7,17,5.811764717102051,177.0,1.0,50,3.0,110.37358856201172
C2,1028,0.6965869831207394,28.0,19.3,17,2.117647171020508,96.0,1.0,50,3.0,83.82415008544922
C2,1029,0.4752629151555585,35.0,24.6,10,33.01818084716797,423.0,1.0,50,3.0,81.22782135009766
C2,1030,0.7243333333333333,39.6,27.3,8,51.95000076293945,432.0,1.0,50,3.0,91.00336456298828
C2,1031,0.7289166666666667,39.1,27.0,10,59.0,495.0,1.0,50,3.0,114.60202026367188
C2,1032,0.5153333333333333,33.6,23.400000000000002,17,24.84705924987793,408.0,1.0,30,3.0,128.09454345703125
C2,1033,0.7085680147600695,33.099999999999994,22.599999999999998,17,16.282352447509766,278.0,1.0,50,2.0,135.5233917236328
C2,1034,0.7018867860095932,28.2,20.0,17,3.9529411792755127,118.0,1.0,50,2.0,125.84736633300781
C2,1035,0.7164606782025222,26.599999999999998,19.7,17,3.9294116497039795,114.0,1.0,50,2.0,109.5084228515625
C2,1036,0.7999166666666667,33.099999999999994,22.599999999999998,17,21.15294075012207,360.0,1.0,30,2.0,105.17172241210938
C2,1037,0.6399166666666667,33.099999999999994,22.9,13,22.188236236572266,372.0,1.0,30,2.0,119.5030288696289
C2,1038,0.7916666666666666,34.0,23.900000000000002,13,33.13846206665039,438.0,1.0,30,2.0,149.70181274414062
C2,1039,0.7775,33.8,23.599999999999998,15,29.920000076293945,452.0,1.0,30,2.0,173.9544219970703
C2,1040,0.5631248743923416,33.8,23.5,15,10.239999771118164,152.0,1.0,90,1.0,183.97265625
C2,1041,0.7962499999999999,33.5,23.400000000000002,15,23.920000076293945,356.0,1.0,30,2.0,184.5169219970703
C2,1042,0.7759261328599526,33.6,23.400000000000002,15,15.786666870117188,234.0,1.0,30,2.0,170.31015014648438
C2,1043,0.772068762840049,33.6,23.599999999999998,15,14.373332977294922,214.0,1.0,30,2.0,155.7860870361328
C2,1044,0.6519716950178746,33.9,23.599999999999998,12,15.333333015441895,226.0,1.0,30,2.0,138.4049835205078
C2,1045,0.7618731009643711,35.9,25.0,12,18.733333587646484,219.0,1.0,30,1.0,141.57632446289062
C2,1046,0.759579532063131,35.7,25.1,12,16.933332443237305,202.0,1.0,30,2.0,142.6791229248047
C2,1047,0.5840000000000001,39.199999999999996,26.599999999999998,8,36.79999923706055,298.0,1.0,30,2.0,148.14080810546875
C2,1048,0.54675,38.9,26.200000000000003,13,35.23636245727539,376.0,1.0,30,2.0,147.28448486328125
C2,1049,0.7925833333333334,33.9,24.2,13,27.169231414794922,350.0,1.0,30,2.0,156.63735961914062
C2,1050,0.7944166666666667,33.7,23.8,13,29.076923370361328,382.0,1.0,30,2.0,167.8490753173828
C2,1051,0.7592640160385469,32.599999999999994,21.9,13,7.661538600921631,142.0,1.0,30,2.0,158.9761199951172
C2,1052,0.7661612574356045,33.8,23.8,13,12.984615325927734,186.0,1.0,30,2.0,142.71900939941406
C2,1053,0.7898333333333334,34.2,24.299999999999997,13,28.86153793334961,384.0,1.0,30,2.0,133.0980682373047
C2,1054,0.7830977596034251,33.8,23.900000000000002,13,19.69230842590332,252.0,1.0,30,2.0,134.65884399414062
C2,1055,0.763970873769703,31.6,20.8,13,6.461538314819336,128.0,1.0,30,2.0,131.7286376953125
C2,1056,0.7310882381723518,34.0,23.900000000000002,13,43.661537170410156,558.0,1.0,70,3.0,129.17051696777344
C2,1057,0.6698819278051253,33.9,23.8,13,28.923076629638672,384.0,1.0,70,3.0,127.90231323242188
C2,1058,0.6794414222128156,23.8,19.2,13,4.215384483337402,123.0,1.0,70,3.0,124.07472229003906
C2,1059,0.46074787082205343,32.099999999999994,20.8,9,10.844444274902344,177.0,1.0,70,3.0,104.84483337402344
C2,1060,0.6261925969477057,33.7,24.2,8,19.399999618530273,219.0,1.0,70,3.0,85.97356414794922
C2,1061,0.6881875370135839,22.4,18.5,8,2.4000000953674316,72.0,1.0,70,3.0,72.38414001464844
C2,1062,0.7609303670307065,33.300000000000004,23.7,6,15.133333206176758,177.0,1.0,30,3.0,64.23048400878906
C2,1063,0.48131227416720174,45.6,30.3,3,38.0,198.0,1.0,70,3.0,58.40495681762695
C2,1064,0.1554822217009279,57.2,36.8,7,49.33333206176758,264.0,1.0,30,2.0,69.30963897705078
C2,1065,0.7206666666666667,40.0,27.2,9,25.64444351196289,244.0,1.0,30,2.0,84.25244903564453
C2,1066,0.6313333333333333,38.4,25.9,12,33.43333435058594,352.0,1.0,30,2.0,107.88480377197266
C2,1067,0.7661693482155947,35.4,25.0,12,18.600000381469727,224.0,1.0,30,2.0,119.39755249023438
C2,1068,0.7806666666666666,35.2,25.2,12,22.766666412353516,278.0,1.0,30,2.0,128.57186889648438
C2,1069,0.7595795282800206,33.0,22.2,12,8.766666412353516,144.0,1.0,30,2.0,120.20978546142578
C2,1070,0.7005999288583385,35.2,24.9,12,18.933332443237305,232.0,1.0,50,2.0,115.72586822509766
C2,1071,0.7170460718700568,34.5,24.6,12,21.33333396911621,256.0,1.0,50,2.0,111.56885528564453
C2,1072,0.5730614964402447,39.199999999999996,26.3,9,26.133333206176758,236.0,1.0,50,2.0,115.20797729492188
C2,1073,0.7449166666666667,39.1,26.700000000000003,9,45.06666564941406,420.0,1.0,50,2.0,129.92478942871094
C2,1074,0.7243050257844028,39.1,26.9,9,35.33333206176758,320.0,1.0,50,2.0,143.02154541015625
C2,1075,0.7440000000000001,39.199999999999996,26.8,9,44.977779388427734,420.0,1.0,50,2.0,163.14625549316406
C2,1076,0.7338843365015657,39.1,26.8,9,39.377777099609375,374.0,1.0,50,2.0,172.1544189453125
C2,1077,0.6768577811353046,32.800000000000004,22.8,9,8.177778244018555,124.0,1.0,50,2.0,164.49264526367188
C2,1078,0.6726148984478805,38.6,25.9,9,19.688888549804688,194.0,1.0,50,2.0,144.82891845703125
C2,1079,0.7268333333333333,40.2,27.599999999999998,8,48.75,414.0,1.0,50,2.0,135.69735717773438
C2,1080,0.7110000000000001,42.8,28.1,8,41.95000076293945,342.0,1.0,50,2.0,144.75173950195312
C2,1081,0.7384999999999999,39.800000000000004,27.599999999999998,8,51.150001525878906,440.0,1.0,50,2.0,166.58438110351562
C2,1082,0.6807506892280645,33.300000000000004,23.0,8,10.199999809265137,128.0,1.0,50,2.0,160.61729431152344
C2,1083,0.6801926539988435,36.6,25.6,8,17.149999618530273,174.0,1.0,50,2.0,145.83705139160156
C2,1084,0.7339166666666667,40.300000000000004,27.5,8,46.95000076293945,394.0,1.0,50,2.0,133.9022216796875
C2,1085,0.7106446815162245,40.2,27.5,8,34.04999923706055,284.0,1.0,50,2.0,137.14134216308594
C2,1086,0.662046106645627,43.0,28.299999999999997,8,27.149999618530273,226.0,1.0,50,2.0,142.5514678955078
C2,1087,0.7048014013764506,40.9,27.7,8,34.25,288.0,1.0,50,2.0,138.7308807373047
C2,1088,0.5931666666666667,38.199999999999996,25.6,12,32.439998626708984,342.0,1.0,30,2.0,140.30519104003906
C2,1089,0.788,34.4,24.5,12,28.600000381469727,356.0,1.0,30,2.0,149.91644287109375
C2,1090,0.7825,35.0,24.6,12,22.0,272.0,1.0,30,2.0,154.6165313720703
C2,1091,0.5423641496876129,33.7,23.8,18,41.11428451538086,530.0,1.0,30,2.0,169.9699249267578
C2,1092,0.8035833333333333,32.7,22.4,18,24.133333206176758,434.0,1.0,30,2.0,184.3819580078125
C2,1093,0.8026666666666666,32.800000000000004,22.3,18,23.177778244018555,416.0,1.0,30,2.0,202.62916564941406
C2,1094,0.8035833333333333,32.7,22.0,18,22.711111068725586,422.0,1.0,30,2.0,206.37750244140625
C2,1095,0.7807704117941393,32.7,22.2,18,14.533333778381348,268.0,1.0,30,2.0,197.55982971191406
C2,1096,0.7883056952546925,32.9,22.599999999999998,18,18.244443893432617,330.0,1.0,30,2.0,186.53590393066406
C2,1097,0.6808333333333334,33.0,22.9,15,27.440000534057617,412.0,1.0,30,2.0,179.25486755371094
C2,1098,0.799,33.2,23.2,15,32.026668548583984,486.0,1.0,30,3.0,178.61959838867188
C2,1099,0.7962499999999999,33.5,23.400000000000002,15,25.093334197998047,381.0,1.0,30,3.0,173.1717529296875
C2,1100,0.7980833333333334,33.300000000000004,23.2,15,33.7066650390625,510.0,1.0,30,3.0,165.10305786132812
C2,1101,0.7857500000000001,32.9,22.700000000000003,17,22.964706420898438,378.0,1.0,30,3.0,155.4618377685547
C2,1102,0.8026666666666666,32.800000000000004,22.5,17,24.658823013305664,417.0,1.0,30,3.0,151.277099609375
C2,1103,0.8017500000000001,32.9,22.5,17,26.282352447509766,438.0,1.0,30,3.0,145.56625366210938
C2,1104,0.8017500000000001,32.9,22.3,17,27.95294189453125,471.0,1.0,30,3.0,146.27308654785156
C2,1105,0.7999166666666667,33.099999999999994,22.8,17,24.776470184326172,432.0,1.0,30,3.0,147.3638458251953
C2,1106,0.8026666666666666,32.800000000000004,22.3,17,32.188236236572266,546.0,1.0,30,3.0,152.8183135986328
C2,1107,0.7875833333333333,32.7,22.4,19,33.66315841674805,579.0,1.0,30,3.0,160.8909912109375
C2,1108,0.8035833333333333,32.7,22.2,19,23.11578941345215,441.0,1.0,30,3.0,166.1345977783203
C2,1109,0.8045,32.599999999999994,22.0,19,29.473684310913086,561.0,1.0,30,3.0,169.94741821289062
C2,1110,0.8026666666666666,32.800000000000004,22.2,19,26.463157653808594,492.0,1.0,30,3.0,168.3684539794922
C2,1111,0.8045,32.599999999999994,22.0,19,28.084211349487305,531.0,1.0,30,3.0,171.4210662841797
C2,1112,0.8026666666666666,32.800000000000004,22.2,19,26.25263214111328,510.0,1.0,30,3.0,170.98597717285156
C2,1113,0.8035833333333333,32.7,22.2,19,23.621051788330078,441.0,1.0,30,3.0,168.458251953125
C2,1114,0.79017969853526,32.9,22.2,19,19.11578941345215,363.0,1.0,30,3.0,159.47494506835938
C2,1115,0.7888664269442673,32.7,22.2,19,17.6842098236084,345.0,1.0,30,3.0,146.7516326904297
C2,1116,0.7953347432579253,28.299999999999997,19.900000000000002,19,6.757894515991211,198.0,1.0,30,3.0,128.31764221191406
C2,1117,0.7729507467743386,33.099999999999994,22.599999999999998,17,19.410526275634766,357.0,1.0,30,3.0,116.99059295654297
C2,1118,0.2682909168593166,32.9,22.4,29,54.525001525878906,906.0,1.0,30,3.0,135.127685546875
C2,1119,0.8025652890164668,29.6,20.7,29,12.303448677062988,351.0,1.0,30,3.0,152.80995178222656
C2,1120,0.7466002598199816,32.099999999999994,20.7,29,3.186206817626953,92.0,1.0,30,1.0,159.81930541992188
C2,1121,0.7829258171634308,28.7,20.7,29,4.482758522033691,131.0,1.0,30,1.0,141.22491455078125
C2,1122,0.7785092667831952,28.1,19.900000000000002,29,2.0137929916381836,79.0,1.0,30,1.0,125.00161743164062
C2,1123,0.7644728682679918,18.2,17.7,29,0.6758620738983154,32.0,1.0,50,1.0,107.26763916015625
C2,1124,0.015574979016805823,28.0,19.7,12,1.8526315689086914,59.0,1.0,50,1.0,87.0272445678711
C2,1125,0.25540643934409557,44.699999999999996,30.200000000000003,4,10.0,91.0,1.0,50,1.0,76.48301696777344
C2,1126,0.35069999999999996,51.2,35.2,6,36.900001525878906,184.0,1.0,30,2.0,78.15647888183594
C2,1127,0.7540674905553217,32.599999999999994,22.2,6,6.266666889190674,86.0,1.0,30,2.0,77.0272216796875
C2,1128,0.756289121164823,33.5,23.7,6,9.133333206176758,106.0,1.0,30,2.0,71.28299713134766
C2,1129,0.6844166666666667,45.699999999999996,31.9,6,31.66666603088379,204.0,1.0,30,2.0,69.1697998046875
C2,1130,0.7103333333333333,42.0,28.0,7,33.599998474121094,252.0,1.0,30,3.0,73.36854553222656
C2,1131,0.3235860049237973,39.800000000000004,27.7,15,64.55000305175781,498.0,1.0,30,3.0,90.95446014404297
C2,1132,0.7907500000000001,34.1,23.599999999999998,15,24.746665954589844,369.0,1.0,30,3.0,104.3060073852539
C2,1133,0.5935751951529632,33.6,23.599999999999998,15,25.866666793823242,375.0,1.0,90,3.0,117.78360748291016
C2,1134,0.7935,33.8,23.5,15,25.093334197998047,375.0,1.0,30,3.0,120.40349578857422
C2,1135,0.7953333333333333,33.6,23.3,15,28.15999984741211,423.0,1.0,30,3.0,124.37543487548828
C2,1136,0.7962499999999999,33.5,23.5,15,22.639999389648438,345.0,1.0,30,3.0,125.42526245117188
C2,1137,0.7971666666666668,33.4,23.099999999999998,15,29.30666732788086,438.0,1.0,30,3.0,128.8551483154297
C2,1138,0.7953333333333333,33.6,23.400000000000002,15,32.13333511352539,474.0,1.0,30,3.0,133.1797637939453
C2,1139,0.5999166666666667,33.099999999999994,22.700000000000003,20,35.5,627.0,1.0,30,3.0,148.307861328125
C2,1140,0.8035833333333333,32.7,22.0,20,28.200000762939453,537.0,1.0,30,3.0,161.7847137451172
C2,1141,0.8035833333333333,32.7,21.9,20,20.81999969482422,414.0,1.0,30,3.0,167.20416259765625
C2,1142,0.8026666666666666,32.800000000000004,22.0,20,25.1200008392334,498.0,1.0,30,3.0,164.72250366210938
C2,1143,0.6854166666666667,32.5,21.8,23,34.64347839355469,699.0,1.0,30,3.0,170.43350219726562
C2,1144,0.8063333333333333,32.4,21.4,23,24.57391357421875,552.0,1.0,30,3.0,179.99343872070312
C2,1145,0.8090833333333334,32.099999999999994,21.4,23,20.95652198791504,477.0,1.0,30,3.0,184.7960662841797
C2,1146,0.8090833333333334,32.099999999999994,21.3,23,20.747825622558594,468.0,1.0,30,3.0,177.4109649658203
C2,1147,0.8081666666666668,32.2,21.4,23,20.83478355407715,483.0,1.0,30,3.0,169.9132537841797
C2,1148,0.8081666666666668,32.2,21.5,23,21.07826042175293,474.0,1.0,30,3.0,165.28128051757812
C2,1149,0.6454166666666666,32.5,21.9,19,26.3799991607666,519.0,1.0,30,3.0,164.76876831054688
C2,1150,0.7626341864902342,33.0,22.3,17,14.752941131591797,276.0,1.0,30,3.0,155.26126098632812
C2,1151,0.7811366118055086,33.300000000000004,22.9,17,16.752941131591797,270.0,1.0,30,2.0,146.49009704589844
C2,1152,0.7769966217623138,33.2,23.0,17,14.823529243469238,242.0,1.0,30,2.0,134.29405212402344
C2,1153,0.7894372499344267,33.0,22.5,17,19.200000762939453,334.0,1.0,30,2.0,136.97642517089844
C2,1154,0.7750734623808273,33.2,22.9,17,14.141176223754883,232.0,1.0,30,2.0,136.05252075195312
C2,1155,0.5944166666666667,33.7,23.900000000000002,12,22.633333206176758,290.0,1.0,30,2.0,138.69818115234375
C2,1156,0.7898333333333334,34.2,24.6,12,24.366666793823242,292.0,1.0,30,2.0,137.48558044433594
C2,1157,0.7944166666666667,33.7,24.1,12,29.03333282470703,351.0,1.0,30,3.0,136.89134216308594
C2,1158,0.5953333333333333,33.6,23.7,17,33.599998474121094,552.0,1.0,30,3.0,141.73480224609375
C2,1159,0.7859953315977511,32.4,21.9,17,15.435294151306152,279.0,1.0,30,3.0,137.57421875
C2,1160,0.7799222289658356,32.300000000000004,21.4,17,12.988235473632812,264.0,1.0,30,3.0,131.21119689941406
C2,1161,0.8017500000000001,32.9,22.5,17,22.0,369.0,1.0,30,3.0,119.26005554199219
C2,1162,0.7855481082413791,33.099999999999994,23.0,17,17.835294723510742,306.0,1.0,30,3.0,113.28936767578125
C2,1163,0.6799166666666667,33.099999999999994,22.599999999999998,20,34.619998931884766,603.0,1.0,30,3.0,124.77362060546875
C2,1164,0.8054166666666667,32.5,21.9,20,22.600000381469727,456.0,1.0,30,3.0,135.5308380126953
C2,1165,0.6229937464099785,32.7,22.0,20,13.399999618530273,270.0,1.0,70,2.0,146.38516235351562
C2,1166,0.7954751324452333,28.8,20.400000000000002,20,8.039999961853027,216.0,1.0,30,3.0,135.69776916503906
C2,1167,0.8473819574749432,20.5,18.2,20,1.8200000524520874,102.0,1.0,30,3.0,113.55199432373047
C2,1168,0.7821676567103041,32.9,22.3,20,15.720000267028809,312.0,1.0,30,3.0,96.13119506835938
C2,1169,0.42437623265426716,33.099999999999994,22.700000000000003,11,17.33333396911621,288.0,1.0,30,3.0,88.87871551513672
C2,1170,0.628,34.4,24.6,15,36.3466682434082,438.0,1.0,30,3.0,99.46056365966797
C2,1171,0.7962499999999999,33.5,23.2,15,32.93333435058594,489.0,1.0,30,3.0,113.67633819580078
C2,1172,0.7971666666666668,33.4,23.3,15,29.360000610351562,456.0,1.0,30,3.0,129.67247009277344
C2,1173,0.7944166666666667,33.7,23.5,15,24.0,360.0,1.0,30,3.0,135.80348205566406
C2,1174,0.8264009257962817,23.0,18.599999999999998,15,2.2933332920074463,93.0,1.0,30,3.0,121.88208770751953
C2,1175,0.8500727756219187,17.9,17.8,15,1.3600000143051147,87.0,1.0,30,3.0,97.12925720214844
C2,1176,0.7999166666666667,33.099999999999994,23.0,15,27.14666748046875,414.0,1.0,30,3.0,84.67755126953125
C2,1177,0.799,33.2,23.099999999999998,15,28.8799991607666,447.0,1.0,30,3.0,92.93986511230469
C2,1178,0.7971666666666668,33.4,23.3,15,24.613332748413086,372.0,1.0,30,3.0,110.56391906738281
C2,1179,0.799,33.2,23.2,15,23.413333892822266,351.0,1.0,30,3.0,118.33834838867188
C2,1180,0.7999166666666667,33.099999999999994,23.099999999999998,15,31.14666748046875,489.0,1.0,30,3.0,124.86967468261719
C2,1181,0.7971666666666668,33.4,23.3,15,26.986665725708008,408.0,1.0,30,3.0,130.3884735107422
C2,1182,0.7799355612864002,32.599999999999994,21.8,15,13.920000076293945,252.0,1.0,30,3.0,129.29974365234375
C2,1183,0.7798325964772395,30.700000000000003,20.6,15,8.533333778381348,201.0,1.0,30,3.0,115.84651947021484
C2,1184,0.7766742786985972,32.2,21.2,15,11.65333366394043,237.0,1.0,30,3.0,100.17457580566406
C2,1185,0.7797107601680643,32.7,22.0,15,14.15999984741211,264.0,1.0,30,3.0,91.30474853515625
C2,1186,0.7747337354632572,28.299999999999997,20.400000000000002,13,5.546666622161865,162.0,1.0,30,3.0,84.24951171875
C2,1187,0.5704674069378715,39.300000000000004,26.9,9,41.377777099609375,330.0,1.0,30,3.0,84.14971160888672
C2,1188,0.7679047905602049,31.4,20.5,9,7.02222204208374,141.0,1.0,30,3.0,78.62316131591797
C2,1189,0.7334999999999999,38.6,26.0,11,31.155555725097656,312.0,1.0,30,3.0,81.97389221191406
C2,1190,0.7796064269552712,30.8,20.8,11,8.727272987365723,171.0,1.0,30,3.0,76.91767120361328
C2,1191,0.7710833333333333,34.5,24.5,13,32.0363655090332,381.0,1.0,30,3.0,84.55060577392578
C2,1192,0.7881508330655721,28.2,19.7,13,4.646153926849365,129.0,1.0,30,3.0,80.99702453613281
C2,1193,0.7930957901050059,27.7,19.3,13,4.738461494445801,126.0,1.0,30,3.0,76.86488342285156
C2,1194,0.8226743195193846,23.0,18.5,13,1.384615421295166,69.0,1.0,30,3.0,60.51892852783203
C2,1195,0.7617889880749174,31.8,20.8,13,6.3692307472229,162.0,1.0,30,3.0,52.17802429199219
C2,1196,0.768347679447733,32.5,21.7,13,9.969230651855469,207.0,1.0,30,3.0,50.77348327636719
C2,1197,0.46273944474777007,44.8,30.4,9,58.63999938964844,330.0,1.0,30,3.0,61.53075408935547
C2,1198,0.7735867716918157,34.3,24.299999999999997,9,17.422222137451172,216.0,1.0,30,3.0,70.38511657714844
C2,1199,0.7371666666666667,38.199999999999996,25.6,11,37.33333206176758,345.0,1.0,30,3.0,81.83106994628906
C2,1200,0.7623048734315212,32.2,20.9,11,7.490909099578857,162.0,1.0,30,3.0,81.23197937011719
C2,1201,0.7806666666666666,35.2,25.0,11,31.600000381469727,351.0,1.0,30,3.0,86.87252044677734
C2,1202,0.7671840064263946,34.5,24.6,11,15.600000381469727,188.0,1.0,30,2.0,87.45684814453125
C2,1203,0.7332472121783875,38.9,25.9,11,18.218181610107422,208.0,1.0,30,2.0,94.47410583496094
C2,1204,0.76875,36.5,25.4,11,21.81818199157715,244.0,1.0,30,2.0,99.35112762451172
C2,1205,0.7634471764822064,33.099999999999994,22.8,11,10.145454406738281,156.0,1.0,30,2.0,100.14401245117188
C2,1206,0.7745846367486732,33.300000000000004,23.099999999999998,11,14.290908813476562,219.0,1.0,30,3.0,96.48640441894531
C2,1207,0.7380833333333333,38.1,26.0,9,31.511110305786133,290.0,1.0,30,2.0,97.35851287841797
C2,1208,0.5708795305916871,38.5,26.200000000000003,9,33.733333587646484,312.0,1.0,90,2.0,108.28177642822266
C2,1209,0.50525,34.7,24.299999999999997,16,38.21538543701172,483.0,1.0,30,3.0,126.56906127929688
C2,1210,0.7980833333333334,33.300000000000004,23.099999999999998,16,23.299999237060547,366.0,1.0,30,3.0,134.4747772216797
C2,1211,0.7649115331859402,33.9,23.599999999999998,16,12.875,202.0,1.0,30,2.0,131.88485717773438
C2,1212,0.787794785615237,33.300000000000004,23.0,16,19.75,312.0,1.0,30,3.0,122.73091888427734
C2,1213,0.7852154234537159,32.800000000000004,22.5,16,16.549999237060547,285.0,1.0,30,3.0,113.6385498046875
C2,1214,0.7999166666666667,33.099999999999994,22.8,16,25.875,405.0,1.0,30,3.0,112.71646118164062
C2,1215,0.7595685607444851,32.5,21.8,14,12.171428680419922,234.0,1.0,30,3.0,108.69654846191406
C2,1216,0.778170261112807,32.4,21.5,14,12.714285850524902,237.0,1.0,30,3.0,104.15126037597656
C2,1217,0.7730140957293097,32.7,21.7,14,11.942856788635254,222.0,1.0,30,3.0,93.29075622558594
C2,1218,0.7856524959882399,33.4,22.9,14,19.14285659790039,294.0,1.0,30,3.0,89.44112396240234
C2,1219,0.7873333333333333,33.6,23.599999999999998,13,25.314285278320312,348.0,1.0,30,3.0,92.0646743774414
C2,1220,0.6689166666666667,34.3,24.1,16,39.70000076293945,498.0,1.0,30,3.0,105.90547180175781
C2,1221,0.7857500000000001,32.9,22.4,18,33.11111068725586,576.0,1.0,30,3.0,126.74327850341797
C2,1222,0.8026666666666666,32.800000000000004,22.2,18,21.08888816833496,366.0,1.0,30,3.0,140.0459747314453
C2,1223,0.7864857488755967,33.0,22.599999999999998,18,17.844444274902344,315.0,1.0,30,3.0,139.8942413330078
C2,1224,0.8017500000000001,32.9,22.3,18,25.55555534362793,471.0,1.0,30,3.0,135.1365509033203
C2,1225,0.7887740699318565,32.800000000000004,22.3,18,18.044445037841797,330.0,1.0,30,2.0,138.0152587890625
C2,1226,0.7875873211109143,33.099999999999994,22.5,18,18.755556106567383,342.0,1.0,30,2.0,148.54249572753906
C2,1227,0.7737615303785126,33.2,22.8,18,13.688888549804688,248.0,1.0,30,2.0,150.45883178710938
C2,1228,0.7763075485726947,33.0,22.4,18,13.933333396911621,252.0,1.0,30,2.0,146.40863037109375
C2,1229,0.7825348704072059,33.099999999999994,22.700000000000003,18,16.577777862548828,308.0,1.0,30,2.0,141.7118377685547
C2,1230,0.5544166666666667,33.7,24.0,12,30.100000381469727,363.0,1.0,30,3.0,138.4937744140625
C2,1231,0.63625,33.5,23.7,16,31.0,480.0,1.0,30,3.0,141.0962677001953
C2,1232,0.783,33.2,22.8,18,31.725000381469727,522.0,1.0,30,3.0,145.32443237304688
C2,1233,0.8017500000000001,32.9,22.599999999999998,18,22.08888816833496,387.0,1.0,30,3.0,148.92799377441406
C2,1234,0.8017500000000001,32.9,22.4,18,22.133333206176758,381.0,1.0,30,3.0,146.69012451171875
C2,1235,0.8017500000000001,32.9,22.5,18,25.35555648803711,447.0,1.0,30,3.0,142.01406860351562
C2,1236,0.7999166666666667,33.099999999999994,22.5,18,25.88888931274414,468.0,1.0,30,3.0,142.80844116210938
C2,1237,0.799,33.2,22.599999999999998,18,21.66666603088379,384.0,1.0,30,3.0,143.41839599609375
C2,1238,0.7683331362394268,33.5,23.0,16,18.950000762939453,300.0,1.0,30,3.0,137.25103759765625
C2,1239,0.7962499999999999,33.5,23.400000000000002,16,24.424999237060547,393.0,1.0,30,3.0,130.21728515625
C2,1240,0.7971666666666668,33.4,23.099999999999998,16,31.549999237060547,498.0,1.0,30,3.0,131.06370544433594
C2,1241,0.60175,32.9,22.2,21,32.19047546386719,624.0,1.0,30,3.0,145.9715576171875
C2,1242,0.8054166666666667,32.5,21.8,21,20.419048309326172,426.0,1.0,30,3.0,156.3829345703125
C2,1243,0.7828707968142382,32.5,21.6,21,14.628571510314941,306.0,1.0,30,3.0,154.09642028808594
C2,1244,0.8063333333333333,32.4,21.8,21,23.75238037109375,480.0,1.0,30,3.0,146.32452392578125
C2,1245,0.6872499999999999,32.300000000000004,21.5,24,32.66666793823242,696.0,1.0,30,3.0,153.661376953125
C2,1246,0.7977299745494709,32.0,21.0,24,18.78333282470703,435.0,1.0,30,3.0,163.7968292236328
C2,1247,0.8090833333333334,32.099999999999994,21.3,24,21.08333396911621,486.0,1.0,30,3.0,170.14476013183594
C2,1248,0.7981804380217477,31.9,21.1,24,18.566667556762695,441.0,1.0,30,3.0,162.6201934814453
C2,1249,0.5821300872045264,32.099999999999994,21.3,24,12.800000190734863,315.0,1.0,90,3.0,152.77210998535156
C2,1250,0.7930644635739921,32.099999999999994,21.3,24,17.133333206176758,405.0,1.0,30,3.0,143.26327514648438
C2,1251,0.6445,32.599999999999994,22.1,20,35.599998474121094,618.0,1.0,30,3.0,145.42462158203125
C2,1252,0.7881099287109234,32.599999999999994,22.1,20,16.979999542236328,333.0,1.0,30,3.0,147.5214385986328
C2,1253,0.80725,32.300000000000004,21.9,20,26.079999923706055,513.0,1.0,30,3.0,153.57952880859375
C2,1254,0.8045,32.599999999999994,22.0,20,21.760000228881836,432.0,1.0,30,3.0,148.94772338867188
C2,1255,0.7917492966697434,32.599999999999994,22.1,20,18.559999465942383,369.0,1.0,30,3.0,147.7686309814453
C2,1256,0.7903333333333333,32.4,21.9,22,32.63999938964844,657.0,1.0,30,3.0,153.461181640625
C2,1257,0.80725,32.300000000000004,21.4,22,30.472726821899414,669.0,1.0,30,3.0,167.4100341796875
C2,1258,0.80725,32.300000000000004,21.7,22,25.236364364624023,561.0,1.0,30,3.0,184.3126983642578
C2,1259,0.7721788468906892,32.4,21.6,22,10.836363792419434,238.0,1.0,30,2.0,181.12094116210938
C2,1260,0.7784573366491685,32.7,22.0,22,13.727272987365723,298.0,1.0,30,2.0,169.3392333984375
C2,1261,0.7835178038080363,32.2,21.4,22,13.890909194946289,306.0,1.0,30,2.0,157.73687744140625
C2,1262,0.7758267707015261,32.099999999999994,21.4,22,11.109090805053711,246.0,1.0,30,2.0,151.3087921142578
C2,1263,0.5710168291646512,32.599999999999994,22.1,17,11.039999961853027,224.0,1.0,30,2.0,142.51861572265625
C2,1264,0.5259691782772407,33.4,23.2,11,11.745454788208008,166.0,1.0,30,2.0,127.91116333007812
C2,1265,0.7675670881286238,33.5,23.5,11,12.545454978942871,164.0,1.0,30,2.0,113.6800308227539
C2,1266,0.7671666666666668,35.8,25.0,10,25.672727584838867,284.0,1.0,30,2.0,109.14134979248047
C2,1267,0.7504166666666667,38.5,26.1,10,30.15999984741211,310.0,1.0,30,2.0,116.01814270019531
C2,1268,0.74675,38.9,26.5,10,29.040000915527344,292.0,1.0,30,2.0,128.67755126953125
C2,1269,0.7390000000000001,38.0,25.1,12,30.933332443237305,364.0,1.0,30,2.0,141.60653686523438
C2,1270,0.7843333333333333,34.8,24.5,12,22.266666412353516,276.0,1.0,30,2.0,147.09725952148438
C2,1271,0.7898333333333334,34.2,24.400000000000002,12,26.633333206176758,326.0,1.0,30,2.0,152.65835571289062
C2,1272,0.7779166666666667,35.5,24.7,12,25.133333206176758,308.0,1.0,30,2.0,152.2616729736328
C2,1273,0.7715,36.2,25.0,12,21.299999237060547,256.0,1.0,30,2.0,150.69033813476562
C2,1274,0.7898333333333334,34.2,24.6,12,23.83333396911621,296.0,1.0,30,2.0,147.74754333496094
C2,1275,0.7907500000000001,34.1,24.2,12,28.399999618530273,344.0,1.0,30,2.0,148.38185119628906
C2,1276,0.6344166666666666,33.7,24.0,16,35.85714340209961,492.0,1.0,30,3.0,153.5624542236328
C2,1277,0.799,33.2,23.0,16,29.049999237060547,480.0,1.0,30,3.0,158.2707977294922
C2,1278,0.8017500000000001,32.9,22.9,16,22.200000762939453,354.0,1.0,30,3.0,153.89581298828125
C2,1279,0.8026666666666666,32.800000000000004,22.599999999999998,16,27.325000762939453,444.0,1.0,30,3.0,149.13748168945312
C2,1280,0.8017500000000001,32.9,22.700000000000003,16,24.950000762939453,402.0,1.0,30,3.0,142.81582641601562
C2,1281,0.799,33.2,22.9,16,29.424999237060547,477.0,1.0,30,3.0,144.489501953125
C2,1282,0.799,33.2,23.0,16,24.200000762939453,390.0,1.0,30,3.0,143.0937042236328
C2,1283,0.623989014581018,32.599999999999994,22.0,16,13.425000190734863,267.0,1.0,70,3.0,136.2562255859375
C2,1284,0.7477064806969922,33.099999999999994,23.0,16,5.800000190734863,102.0,1.0,30,1.0,124.5537338256836
C2,1285,0.7847118067414212,32.800000000000004,22.2,16,16.350000381469727,279.0,1.0,30,3.0,112.59890747070312
C2,1286,0.64175,32.9,22.5,20,35.95000076293945,603.0,1.0,30,3.0,120.35934448242188
C2,1287,0.8054166666666667,32.5,22.0,20,25.139999389648438,486.0,1.0,30,3.0,133.01560974121094
C2,1288,0.8045,32.599999999999994,21.9,20,22.219999313354492,423.0,1.0,30,3.0,147.00936889648438
C2,1289,0.8045,32.599999999999994,21.9,20,27.219999313354492,540.0,1.0,30,3.0,152.60562133789062
C2,1290,0.8063333333333333,32.4,21.9,20,27.860000610351562,555.0,1.0,30,3.0,159.03004455566406
C2,1291,0.8054166666666667,32.5,21.8,20,29.34000015258789,588.0,1.0,30,3.0,170.218017578125
C2,1292,0.8063333333333333,32.4,21.8,20,26.6200008392334,525.0,1.0,30,3.0,176.26414489746094
C2,1293,0.8035833333333333,32.7,22.0,20,26.780000686645508,543.0,1.0,30,3.0,179.35848999023438
C2,1294,0.7736077304337426,32.099999999999994,21.1,20,10.4399995803833,261.0,1.0,30,3.0,166.6817626953125
C2,1295,0.7852514960582962,32.5,22.0,20,15.5,318.0,1.0,30,3.0,149.87571716308594
C2,1296,0.7896501094315006,32.4,21.8,20,16.860000610351562,330.0,1.0,30,3.0,130.325439453125
C2,1297,0.782188485277508,30.5,20.400000000000002,20,8.680000305175781,237.0,1.0,30,3.0,117.52859497070312
C2,1298,0.7687229277680646,33.099999999999994,22.4,18,17.479999542236328,357.0,1.0,30,3.0,111.58382415771484
C2,1299,0.5339096760179629,34.5,24.400000000000002,12,18.366666793823242,212.0,1.0,30,2.0,107.48362731933594
C2,1300,0.7834166666666667,34.9,24.6,12,28.066667556762695,342.0,1.0,30,3.0,109.69017791748047
C2,1301,0.7559166666666667,37.900000000000006,25.1,12,27.366666793823242,345.0,1.0,30,3.0,110.48077392578125
C2,1302,0.7861666666666668,34.6,24.5,12,31.933332443237305,405.0,1.0,30,3.0,114.8218002319336
C2,1303,0.5610942373366481,34.4,24.400000000000002,12,12.833333015441895,154.0,1.0,90,1.0,122.7597427368164
C2,1304,0.7834166666666667,34.9,24.7,12,31.83333396911621,381.0,1.0,30,3.0,129.1225128173828
C2,1305,0.77475,34.1,24.299999999999997,14,33.16666793823242,399.0,1.0,30,3.0,132.6735076904297
C2,1306,0.7833692035373709,32.800000000000004,22.2,14,15.828571319580078,258.0,1.0,30,3.0,125.73743438720703
C2,1307,0.7915490180287988,28.8,20.0,14,6.971428394317627,171.0,1.0,30,3.0,112.24246215820312
C2,1308,0.7761029946478862,32.0,21.2,14,10.914285659790039,210.0,1.0,30,3.0,95.74547576904297
C2,1309,0.7916666666666666,34.0,23.7,14,23.257143020629883,339.0,1.0,30,3.0,89.4472885131836
C2,1310,0.7896974789855822,32.9,22.599999999999998,14,18.885713577270508,288.0,1.0,30,3.0,90.86837005615234
C2,1311,0.6597500000000001,35.3,24.8,11,32.3636360168457,354.0,1.0,30,3.0,98.12102508544922
C2,1312,0.777700137852573,32.800000000000004,22.3,11,13.781818389892578,225.0,1.0,30,3.0,97.40594482421875
C2,1313,0.7600833333333333,35.7,24.8,13,35.490909576416016,408.0,1.0,30,3.0,102.31023406982422
C2,1314,0.7907500000000001,34.1,24.2,13,27.69230842590332,372.0,1.0,30,3.0,106.05281066894531
C2,1315,0.7971666666666668,33.4,23.7,13,28.5230770111084,372.0,1.0,30,3.0,114.8316879272461
C2,1316,0.796525388875091,27.599999999999998,19.400000000000002,13,5.384615421295166,147.0,1.0,30,3.0,108.49900817871094
C2,1317,0.7636334579168991,32.0,20.7,13,7.353846073150635,177.0,1.0,30,3.0,96.0327377319336
C2,1318,0.7694814208666346,31.3,20.6,13,7.199999809265137,162.0,1.0,30,3.0,79.21964263916016
C2,1319,0.7616907558973413,32.0,21.0,13,6.830769062042236,162.0,1.0,30,3.0,69.79845428466797
C2,1320,0.7756230889504843,32.0,20.9,13,10.769230842590332,204.0,1.0,30,3.0,65.34574127197266
C2,1321,0.4218333333333334,43.8,28.5,6,35.7599983215332,240.0,1.0,30,3.0,66.14077758789062
C2,1322,0.7458333333333333,39.0,26.4,6,25.133333206176758,213.0,1.0,30,3.0,68.88446807861328
C2,1323,0.7697825610003645,34.0,23.8,6,14.866666793823242,171.0,1.0,30,3.0,69.06401062011719
C2,1324,0.7735026815489282,34.6,25.1,6,18.600000381469727,183.0,1.0,30,3.0,66.6384048461914
C2,1325,0.773437078460806,33.5,23.3,6,14.533333778381348,168.0,1.0,30,3.0,63.18304443359375
C2,1326,0.7540833333333333,38.1,26.0,6,24.866666793823242,225.0,1.0,30,3.0,63.50982666015625
C2,1327,0.7568333333333334,37.8,25.6,6,21.200000762939453,207.0,1.0,30,3.0,64.7725601196289
C2,1328,0.765692686089939,34.2,24.0,6,14.066666603088379,162.0,1.0,30,3.0,65.26353454589844
C2,1329,0.7494999999999999,38.6,26.599999999999998,6,27.600000381469727,231.0,1.0,30,3.0,65.82479095458984
C2,1330,0.7793050283512079,33.099999999999994,23.099999999999998,6,15.333333015441895,168.0,1.0,30,3.0,64.42820739746094
C2,1331,0.7750981153739591,33.4,23.7,6,14.800000190734863,168.0,1.0,30,3.0,63.85692596435547
C2,1332,0.7695509625372237,33.8,23.7,6,14.133333206176758,168.0,1.0,30,3.0,60.71415328979492
C2,1333,0.7304999999999999,39.800000000000004,27.3,7,32.342857360839844,261.0,1.0,30,3.0,62.96182632446289
C2,1334,0.5775833333333333,39.9,27.2,11,37.52727127075195,345.0,1.0,30,3.0,72.17709350585938
C2,1335,0.7432854485282783,32.300000000000004,20.9,13,6.92307710647583,159.0,1.0,30,3.0,77.30625915527344
C2,1336,0.7944166666666667,33.7,23.7,13,20.984615325927734,297.0,1.0,30,3.0,81.98375701904297
C2,1337,0.7866237358587634,33.300000000000004,23.400000000000002,13,19.169231414794922,276.0,1.0,30,3.0,81.72358703613281
C2,1338,0.7824572447474792,33.0,22.8,13,16.184616088867188,258.0,1.0,30,3.0,85.96748352050781
C2,1339,0.7877161886587389,28.299999999999997,20.0,13,4.769230842590332,126.0,1.0,30,3.0,80.91382598876953
C2,1340,0.633742044253054,28.400000000000002,19.8,9,6.577777862548828,138.0,1.0,30,3.0,71.748291015625
C2,1341,0.7316666666666667,38.800000000000004,26.1,11,32.54545593261719,342.0,1.0,30,3.0,69.98230743408203
C2,1342,0.7619340787972717,32.4,21.2,11,7.890909194946289,174.0,1.0,30,3.0,71.0560531616211
C2,1343,0.7760164389005191,33.2,23.0,11,14.472726821899414,219.0,1.0,30,3.0,75.30030059814453
C2,1344,0.6047604826106879,32.800000000000004,22.2,11,7.3818182945251465,124.0,1.0,70,2.0,70.91351318359375
C2,1345,0.852256041676356,19.099999999999998,18.4,11,1.8909090757369995,87.0,1.0,30,3.0,64.4147720336914
C2,1346,0.8450717069026399,20.8,18.5,11,1.9272726774215698,84.0,1.0,30,3.0,54.51552963256836
C2,1347,0.5874404230725082,28.400000000000002,20.1,6,4.933333396911621,99.0,1.0,30,3.0,44.709320068359375
C2,1348,0.6468099709282507,32.9,23.5,3,10.600000381469727,147.0,1.0,30,3.0,41.49225616455078
C2,1349,-0.024509662708802275,63.9,36.8,11,49.79999923706055,312.0,1.0,30,3.0,49.69535446166992
C2,1350,0.7655979568713267,32.300000000000004,21.1,11,8.654545783996582,177.0,1.0,30,3.0,58.08388137817383
C2,1351,0.7752579999691659,32.5,21.5,11,12.07272720336914,207.0,1.0,30,3.0,65.78366088867188
C2,1352,0.7614166666666666,37.3,25.4,11,29.563636779785156,330.0,1.0,30,3.0,71.20352935791016
C2,1353,0.7608851091343475,32.5,21.6,11,7.854545593261719,168.0,1.0,30,3.0,74.05545043945312
C2,1354,0.78155520415172,33.7,23.7,11,18.509090423583984,246.0,1.0,30,3.0,77.49993896484375
C2,1355,0.7742821374268409,33.5,22.8,11,14.836363792419434,219.0,1.0,30,3.0,74.63329315185547
C2,1356,0.7788843627654798,34.0,23.900000000000002,11,18.545454025268555,243.0,1.0,30,3.0,76.24664306640625
C2,1357,0.6441681586203334,24.0,19.7,11,1.4181817770004272,38.0,1.0,90,1.0,71.34798431396484
C2,1358,0.6252499999999999,34.7,25.2,7,22.05714225769043,219.0,1.0,30,3.0,68.4087905883789
C2,1359,0.7814409543797545,28.9,20.5,7,4.5714287757873535,105.0,1.0,30,3.0,60.511940002441406
C2,1360,0.5919166666666666,42.7,28.2,10,37.022220611572266,315.0,1.0,30,3.0,64.70716857910156
C2,1361,0.7796608685874218,28.9,20.1,10,4.119999885559082,82.0,1.0,30,2.0,62.95763397216797
C2,1362,0.7566366033982826,33.099999999999994,22.599999999999998,10,8.199999809265137,130.0,1.0,30,2.0,65.90791320800781
C2,1363,0.7643370382965925,33.300000000000004,23.3,10,10.960000038146973,148.0,1.0,30,2.0,63.54474639892578
C2,1364,0.7580874251367115,32.2,21.3,10,6.360000133514404,114.0,1.0,30,2.0,64.26018524169922
C2,1365,0.7632249281850284,33.099999999999994,22.8,10,10.079999923706055,142.0,1.0,30,2.0,65.48944091796875
C2,1366,0.45671828132950404,43.0,27.3,4,18.700000762939453,124.0,1.0,30,2.0,64.62699890136719
C2,1367,0.6726986932433785,33.4,23.7,4,8.5,84.0,1.0,50,2.0,62.10953140258789
C2,1368,0.6993575618671903,27.900000000000002,19.8,4,2.5999999046325684,48.0,1.0,50,2.0,54.3323860168457
C2,1369,0.6680644212249023,32.300000000000004,21.4,4,4.900000095367432,60.0,1.0,50,2.0,45.39943313598633
C2,1370,0.7680328278349289,33.4,23.8,4,12.399999618530273,123.0,1.0,30,3.0,39.90632629394531
C2,1371,0.30410148063278114,54.699999999999996,36.3,3,52.266666412353516,219.0,1.0,30,3.0,43.143795013427734
C2,1372,0.7695642339177898,28.1,19.599999999999998,5,3.759999990463257,81.0,1.0,30,3.0,44.686275482177734
C2,1373,0.8487500170535267,18.1,17.6,5,1.0399999618530273,32.0,1.0,30,2.0,42.27843475341797
C2,1374,0.7792735161189794,29.2,20.299999999999997,5,4.71999979019165,64.0,1.0,30,2.0,35.367061614990234
C2,1375,0.7459025256715568,32.599999999999994,21.7,5,4.159999847412109,62.0,1.0,30,2.0,31.753568649291992
C2,1376,0.7527110402055796,32.2,21.2,5,4.960000038146973,78.0,1.0,30,2.0,32.65214157104492
C2,1377,0.6599166666666667,47.5,32.0,4,28.31999969482422,178.0,1.0,30,2.0,40.79128646850586
C2,1378,0.7102397946576644,38.3,25.5,5,10.880000114440918,104.0,1.0,30,2.0,48.474769592285156
C2,1379,0.7512041029587238,32.5,21.6,5,5.28000020980835,78.0,1.0,30,2.0,53.084861755371094
C2,1380,0.8477547725551173,17.9,17.5,5,0.800000011920929,30.0,1.0,30,3.0,45.31758499145508
C2,1381,0.7597584924228389,32.099999999999994,21.1,5,6.559999942779541,96.0,1.0,30,3.0,37.99055099487305
C2,1382,0.8474224405069449,20.0,17.7,5,0.7200000286102295,15.0,1.0,30,3.0,29.060997009277344
C2,1383,0.7294120147012151,17.9,17.6,2,1.2000000476837158,36.0,1.0,30,3.0,23.96993064880371
C2,1384,0.8511758329899635,17.8,17.6,1,3.5999999046325684,27.0,1.0,30,3.0,17.84862518310547
C2,1385,0.8543353991895412,17.9,17.6,1,2.4000000953674316,21.0,1.0,30,3.0,14.442508697509766
C2,1386,0.7801671030202355,32.599999999999994,26.0,1,14.0,72.0,1.0,30,3.0,13.998838424682617
C2,1387,0.8639198485148963,17.8,17.6,1,4.800000190734863,36.0,1.0,30,3.0,14.132636070251465
C2,1388,0.8670222991527153,18.0,17.7,1,5.599999904632568,48.0,1.0,30,3.0,15.412915229797363
C2,1389,0.8670222991527153,18.0,17.6,1,5.599999904632568,45.0,1.0,30,3.0,14.981082916259766
C2,1390,0.8623500559002011,17.9,17.6,1,4.400000095367432,36.0,1.0,30,3.0,14.721982955932617
C2,1391,0.6963333333333332,44.4,34.6,1,29.200000762939453,108.0,1.0,30,3.0,17.233190536499023
C2,1392,0.8654774278277694,17.9,17.7,1,5.199999809265137,45.0,1.0,30,3.0,18.739913940429688
C2,1393,0.7110637162504144,17.8,17.5,1,2.799999952316284,24.0,1.0,70,3.0,19.110614776611328
C2,1394,0.8654774278277694,18.1,17.7,1,5.199999809265137,48.0,1.0,30,3.0,16.66636848449707
C2,1395,0.8654774278277694,17.8,17.6,1,5.199999809265137,39.0,1.0,30,3.0,14.933155059814453
C2,1396,0.23575,93.0,45.3,3,35.33333206176758,159.0,1.0,30,3.0,19.893226623535156
C2,1397,0.7283403649164193,39.0,26.5,3,16.53333282470703,126.0,1.0,30,3.0,26.335935592651367
C2,1398,0.7860031818482297,28.5,20.6,3,4.800000190734863,66.0,1.0,30,3.0,31.401561737060547
C2,1399,0.6963333333333332,44.4,30.200000000000003,3,29.46666717529297,174.0,1.0,30,3.0,35.10760498046875
C2,1400,0.7872722991527152,28.7,20.6,3,5.599999904632568,81.0,1.0,30,3.0,35.33123016357422
C2,1401,0.15713456687972274,58.9,37.400000000000006,6,58.266666412353516,243.0,1.0,30,3.0,43.332069396972656
C2,1402,0.69475,43.7,29.4,7,37.31428527832031,270.0,1.0,30,3.0,52.39924240112305
C2,1403,0.7570801916662593,32.099999999999994,21.2,8,8.0,141.0,1.0,30,3.0,60.50621032714844
C2,1404,0.7869198485148964,28.400000000000002,19.8,8,4.800000190734863,114.0,1.0,30,3.0,59.637062072753906
C2,1405,0.8481697802472762,18.0,17.7,8,0.8999999761581421,36.0,1.0,30,3.0,48.71556854248047
C2,1406,0.7657136557997728,33.2,23.0,8,11.100000381469727,162.0,1.0,30,3.0,43.09600830078125
C2,1407,0.7605040027036332,32.5,21.9,8,7.75,114.0,1.0,30,2.0,42.257606506347656
C2,1408,0.4868488374214278,44.1,28.9,3,18.799999237060547,130.0,1.0,30,2.0,48.82122802734375
C2,1409,0.347425,55.300000000000004,35.6,4,32.66666793823242,154.0,1.0,30,2.0,55.826072692871094
C2,1410,0.6935833333333333,44.699999999999996,30.8,4,24.200000762939453,142.0,1.0,30,2.0,61.8956413269043
C2,1411,0.2150031511753198,55.1,35.7,7,44.79999923706055,234.0,1.0,30,2.0,72.47071838378906
C2,1412,0.7549062361462271,33.300000000000004,23.7,7,8.228571891784668,100.0,1.0,30,2.0,75.21576690673828
C2,1413,0.7742483975559781,33.099999999999994,22.9,7,13.54285717010498,174.0,1.0,30,3.0,75.12945556640625
C2,1414,0.7743021278219798,32.5,22.5,7,11.771428108215332,159.0,1.0,30,3.0,66.54434204101562
C2,1415,0.7428812226240215,35.5,24.7,7,10.571428298950195,122.0,1.0,30,2.0,62.85993957519531
C2,1416,0.7018333333333334,43.8,29.3,7,23.485713958740234,188.0,1.0,30,2.0,65.44929504394531
C2,1417,0.7528724544981564,33.0,22.700000000000003,6,9.133333206176758,114.0,1.0,30,2.0,67.53624725341797
C2,1418,0.7293580015045419,39.4,27.099999999999998,6,18.53333282470703,158.0,1.0,30,2.0,71.18841552734375
C2,1419,0.7315217582319238,39.1,27.2,6,18.266666412353516,154.0,1.0,30,2.0,71.11304473876953
C2,1420,0.84886043483079,18.0,17.6,6,1.0666667222976685,34.0,1.0,30,2.0,65.7344970703125
C2,1421,0.7523912546065054,32.7,21.8,6,6.066666603088379,88.0,1.0,30,2.0,57.8406982421875
C2,1422,0.6390833333333334,48.9,32.7,4,31.399999618530273,162.0,1.0,30,2.0,53.637752532958984
C2,1423,0.7821130997481585,28.1,19.7,4,2.9000000953674316,50.0,1.0,30,2.0,52.18265151977539
C2,1424,0.777231594489012,28.5,20.2,4,2.5999999046325684,52.0,1.0,30,2.0,48.90959167480469
C2,1425,0.8494120147012151,17.9,17.5,4,1.2000000476837158,30.0,1.0,30,2.0,38.145755767822266
C2,1426,0.6865,44.6,30.4,5,39.70000076293945,234.0,1.0,30,3.0,38.754119873046875
C2,1427,0.7499197182260823,35.1,24.8,5,11.600000381469727,112.0,1.0,30,2.0,43.119136810302734
C2,1428,0.8260838076389294,23.400000000000002,18.9,5,3.119999885559082,58.0,1.0,30,2.0,47.60481643676758
C2,1429,0.7678489752515401,33.2,24.5,5,11.760000228881836,112.0,1.0,30,2.0,47.36288833618164
C2,1430,0.7527110402055796,32.2,21.1,5,4.960000038146973,76.0,1.0,30,2.0,44.81773376464844
C2,1431,0.7685934279809814,33.5,24.1,5,12.880000114440918,116.0,1.0,30,2.0,47.15730667114258
C2,1432,0.211775,63.9,37.5,2,32.13333511352539,142.0,1.0,30,2.0,50.56105041503906
C2,1433,0.6379166666666667,49.9,34.8,3,28.66666603088379,138.0,1.0,30,2.0,56.736629486083984
C2,1434,0.7133081667353002,39.0,26.3,3,11.333333015441895,86.0,1.0,30,2.0,58.441978454589844
C2,1435,0.8483080145228291,18.2,17.7,3,0.9333333373069763,24.0,1.0,30,2.0,51.5985221862793
C2,1436,0.8499627360767531,18.3,17.8,3,1.3333333730697632,38.0,1.0,30,2.0,40.82577896118164
C2,1437,0.8499627360767531,18.1,17.8,3,1.3333333730697632,33.0,1.0,30,3.0,30.09546661376953
C2,1438,0.765435040027858,18.1,17.6,3,0.9333333373069763,14.0,1.0,50,2.0,22.99061393737793
C2,1439,0.8422377688575918,18.0,17.7,2,1.399999976158142,21.0,1.0,30,3.0,17.127700805664062
C2,1440,0.8511758329899635,18.8,17.9,1,3.5999999046325684,27.0,1.0,30,3.0,13.343287467956543
C2,1441,0.8685539631541367,18.1,17.8,1,6.0,48.0,1.0,30,3.0,12.272639274597168
C2,1442,0.8543353991895412,18.3,17.6,1,2.4000000953674316,18.0,1.0,30,3.0,11.496916770935059
C2,1443,0.8700719235523432,18.0,17.7,1,6.400000095367432,51.0,1.0,30,3.0,12.098150253295898
C2,1444,0.8559587577917702,18.2,17.7,1,2.799999952316284,24.0,1.0,30,3.0,11.392223358154297
C2,1445,0.8591758329899635,17.9,17.6,1,3.5999999046325684,30.0,1.0,30,3.0,11.50200080871582
C2,1446,0.8670222991527153,18.0,17.6,1,5.599999904632568,48.0,1.0,30,3.0,11.434534072875977
C2,1447,0.8591758329899635,18.3,17.9,1,3.5999999046325684,27.0,1.0,30,3.0,11.527386665344238
C2,1448,0.8591758329899635,17.9,17.7,1,3.5999999046325684,30.0,1.0,30,3.0,11.583098411560059
C2,1449,0.7836840064263946,32.7,26.8,1,15.600000381469727,78.0,1.0,30,3.0,12.949859619140625
C2,1450,0.7735328278349288,32.800000000000004,26.200000000000003,1,12.399999618530273,63.0,1.0,30,3.0,15.369915962219238
C2,1451,0.7787275542479629,32.5,26.0,1,13.199999809265137,72.0,1.0,30,3.0,18.688615798950195
C2,1452,0.8543353991895412,18.0,17.7,1,2.4000000953674316,21.0,1.0,30,3.0,18.146503448486328
C2,1453,0.8575724027518892,18.2,17.8,1,3.200000047683716,24.0,1.0,30,3.0,16.087902069091797
C2,1454,0.8607685509003341,18.1,17.7,1,4.0,33.0,1.0,30,3.0,13.119407653808594
C2,1455,0.8607685509003341,18.0,17.6,1,4.0,36.0,1.0,30,3.0,12.00497817993164
C2,1456,0.8654774278277694,18.1,17.6,1,5.199999809265137,42.0,1.0,30,3.0,12.136320114135742
C2,1457,0.8607685509003341,18.1,17.6,1,4.0,33.0,1.0,30,3.0,12.21512508392334
C2,1458,0.8591758329899635,17.9,17.6,1,3.5999999046325684,33.0,1.0,30,3.0,12.129075050354004
C2,1459,0.8591758329899635,18.0,17.7,1,3.5999999046325684,33.0,1.0,30,3.0,11.677445411682129
C2,1460,0.8559587577917702,17.8,17.6,1,2.799999952316284,24.0,1.0,30,3.0,11.00646686553955
C2,1461,0.6963333333333332,44.4,35.1,1,25.200000762939453,90.0,1.0,30,3.0,13.137213706970215
C2,1462,0.7693084352413216,32.7,26.4,1,10.800000190734863,54.0,1.0,30,2.0,16.548994064331055
C2,1463,0.7628555817666097,32.5,26.9,1,8.399999618530273,44.0,1.0,30,2.0,20.462730407714844
C2,1464,0.8607685509003341,18.0,17.6,1,4.0,34.0,1.0,30,2.0,21.077638626098633
C2,1465,0.8591758329899635,18.1,17.7,1,3.5999999046325684,28.0,1.0,30,2.0,19.71324920654297
C2,1466,0.7586635249995924,32.800000000000004,27.0,1,8.0,40.0,1.0,30,2.0,18.62795066833496
C2,1467,0.8607685509003341,18.0,17.6,1,4.0,36.0,1.0,30,2.0,18.110103607177734
C2,1468,0.8575724027518892,17.9,17.7,1,3.200000047683716,22.0,1.0,30,2.0,17.399394989013672
C2,1469,0.772547377988288,18.1,17.7,1,2.799999952316284,24.0,1.0,50,2.0,15.906303405761719
C2,1470,0.8639198485148963,18.3,17.9,1,4.800000190734863,39.0,1.0,30,3.0,14.343782424926758
C2,1471,0.7731950181708162,32.7,26.3,1,12.0,60.0,1.0,30,3.0,14.606269836425781
C2,1472,0.7679480189220103,18.5,17.9,1,1.600000023841858,12.0,1.0,50,1.0,14.763761520385742
C2,1473,0.8623500559002011,18.0,17.8,1,4.400000095367432,36.0,1.0,30,3.0,14.724924087524414
C2,1474,0.8623500559002011,18.3,17.8,1,4.400000095367432,36.0,1.0,30,3.0,13.634954452514648
C2,1475,0.8591758329899635,18.2,17.8,1,3.5999999046325684,30.0,1.0,30,3.0,12.714305877685547
C2,1476,0.27895000000000003,80.19999999999999,43.1,2,35.0,120.0,1.0,30,3.0,15.89525032043457
C2,1477,0.6770833333333334,46.5,32.0,2,25.799999237060547,132.0,1.0,30,3.0,22.070484161376953
C2,1478,-0.23503907322633316,105.0,52.2,8,99.5,315.0,1.0,30,3.0,38.442291259765625
C2,1479,0.7514906696285796,32.099999999999994,21.2,9,6.488888740539551,144.0,1.0,30,3.0,49.33203887939453
C2,1480,0.8523388275976125,18.2,18.3,9,1.9111111164093018,78.0,1.0,30,3.0,53.46589279174805
C2,1481,0.6212500000000001,39.5,26.9,12,39.11111068725586,363.0,1.0,30,3.0,58.07953643798828
C2,1482,0.7833257322179298,33.300000000000004,23.0,12,17.66666603088379,264.0,1.0,30,3.0,66.1810531616211
C2,1483,0.7666763993474552,31.7,20.5,12,7.433333396911621,150.0,1.0,30,3.0,74.2419662475586
C2,1484,0.7699357622729801,32.4,21.5,12,10.166666984558105,198.0,1.0,30,3.0,71.74517822265625
C2,1485,0.7953333333333333,33.6,23.8,12,21.83333396911621,297.0,1.0,30,3.0,71.71377563476562
C2,1486,0.7915990579917518,28.2,19.900000000000002,12,5.5333333015441895,144.0,1.0,30,3.0,71.42826080322266
C2,1487,0.7100200069256538,23.2,19.0,9,3.644444465637207,102.0,1.0,30,3.0,66.99029541015625
C2,1488,0.8468309257411047,19.2,17.7,9,0.5777778029441833,24.0,1.0,30,3.0,52.194175720214844
C2,1489,0.847385496981244,18.0,17.6,9,0.7111111283302307,36.0,1.0,30,3.0,38.51650619506836
C2,1490,0.8475701790770732,17.7,17.5,9,0.7555555701255798,30.0,1.0,30,3.0,27.10990333557129
C2,1491,0.5434704763064981,23.5,19.3,2,2.700000047683716,60.0,1.0,30,3.0,21.865942001342773
C2,1492,0.8527685509003341,18.1,17.7,1,4.0,33.0,1.0,30,3.0,18.586231231689453
C2,1493,0.8591758329899635,17.8,17.7,1,3.5999999046325684,30.0,1.0,30,3.0,16.618406295776367
C2,1494,0.8607685509003341,18.2,17.7,1,4.0,33.0,1.0,30,3.0,14.237709999084473
C2,1495,0.8607685509003341,18.1,17.8,1,4.0,33.0,1.0,30,3.0,12.809292793273926
C2,1496,0.8654774278277694,18.0,17.7,1,5.199999809265137,45.0,1.0,30,3.0,12.618908882141113
C2,1497,0.8639198485148963,18.3,17.8,1,4.800000190734863,36.0,1.0,30,3.0,12.638011932373047
C2,1498,0.8559587577917702,18.599999999999998,17.8,1,2.799999952316284,24.0,1.0,30,3.0,12.249473571777344
C2,1499,0.8591758329899635,18.1,17.6,1,3.5999999046325684,27.0,1.0,30,3.0,11.216350555419922
C2,1500,0.8670222991527153,17.9,17.7,1,5.599999904632568,48.0,1.0,30,3.0,11.129810333251953
C2,1501,-0.5528183986503183,207.4,92.60000000000001,7,179.8000030517578,999.0,1.0,30,3.0,54.41122055053711
C2,1502,0.43441666666666673,33.7,23.900000000000002,16,25.375,404.0,1.0,30,2.0,106.11339569091797
C2,1503,0.6408333333333334,33.0,22.700000000000003,20,35.67499923706055,572.0,1.0,30,2.0,173.13470458984375
C2,1504,0.8045,32.599999999999994,21.9,20,25.899999618530273,514.0,1.0,30,2.0,203.2141571044922
C2,1505,0.80725,32.300000000000004,21.7,20,22.0,428.0,1.0,30,2.0,222.86183166503906
C2,1506,0.8063333333333333,32.4,21.8,20,25.139999389648438,498.0,1.0,30,2.0,229.71710205078125
C2,1507,0.6463333333333333,32.4,21.8,24,35.86000061035156,710.0,1.0,30,2.0,246.8969268798828
C2,1508,0.8081666666666668,32.2,21.3,24,30.799999237060547,724.0,1.0,30,2.0,276.9381408691406
C2,1509,0.8090833333333334,32.099999999999994,21.3,24,23.950000762939453,568.0,1.0,30,2.0,299.6295471191406
C2,1510,0.81,32.0,21.2,24,21.149999618530273,500.0,1.0,30,2.0,299.2444152832031
C2,1511,0.8090833333333334,32.099999999999994,21.3,24,28.53333282470703,690.0,1.0,30,2.0,296.74664306640625
C2,1512,0.8090833333333334,32.099999999999994,21.2,24,31.0,738.0,1.0,30,2.0,306.5813293457031
C2,1513,0.8081666666666668,32.2,21.3,24,32.11666488647461,748.0,1.0,30,2.0,329.0154724121094
C2,1514,0.35971221402868786,31.8,20.9,35,41.14666748046875,1059.0,1.0,30,3.0,343.5426025390625
C2,1515,0.8439166666666668,28.299999999999997,20.2,35,31.097143173217773,1077.0,1.0,30,3.0,350.9255676269531
C2,1516,0.8430000000000001,28.400000000000002,20.1,35,25.520000457763672,861.0,1.0,30,3.0,343.7553405761719
C2,1517,0.8411666666666666,28.6,20.299999999999997,35,24.37714195251465,840.0,1.0,30,3.0,329.7198791503906
C2,1518,0.8244852599252405,28.5,20.299999999999997,35,16.49142837524414,574.0,1.0,30,2.0,311.6985778808594
C2,1519,0.8221828565398458,28.400000000000002,20.2,35,15.257143020629883,528.0,1.0,30,2.0,297.81915283203125
C2,1520,0.8229124165208845,28.9,20.400000000000002,35,17.34857177734375,590.0,1.0,30,2.0,291.4914855957031
C2,1521,0.6112346502206993,29.2,20.6,30,13.965714454650879,476.0,1.0,30,2.0,281.16156005859375
C2,1522,0.7922115268752092,30.900000000000002,21.0,28,18.97142791748047,512.0,1.0,30,2.0,273.8969421386719
C2,1523,0.46442208244880656,32.300000000000004,21.5,20,14.527999877929688,370.0,1.0,30,2.0,254.87149047851562
C2,1524,0.8054166666666667,32.5,22.0,20,28.100000381469727,562.0,1.0,30,2.0,249.18955993652344
C2,1525,0.8054166666666667,32.5,21.9,20,41.65999984741211,846.0,1.0,50,3.0,249.2470703125
C2,1526,0.4826813799696761,31.3,20.9,28,18.114286422729492,504.0,1.0,30,2.0,258.21490478515625
C2,1527,0.7886894921094733,31.9,21.0,28,14.742856979370117,406.0,1.0,30,2.0,253.19561767578125
C2,1528,0.8052569680954587,30.4,20.8,28,15.785714149475098,438.0,1.0,30,2.0,241.78402709960938
C2,1529,0.8310833333333334,29.7,20.7,28,22.91428565979004,632.0,1.0,30,2.0,243.4704132080078
C2,1530,0.8167524655798625,29.6,20.7,28,17.457143783569336,484.0,1.0,30,2.0,249.6822509765625
C2,1531,0.43422210668389344,32.2,21.4,21,35.67618942260742,753.0,1.0,70,3.0,257.676025390625
C2,1532,0.7227977174077784,32.4,21.6,21,38.11428451538086,792.0,1.0,70,3.0,255.5389404296875
C2,1533,0.8081666666666668,32.2,21.7,21,62.152381896972656,1329.0,1.0,70,3.0,281.05670166015625
C2,1534,0.5165539799540216,31.7,21.0,27,24.770370483398438,670.0,1.0,50,2.0,307.5673522949219
C2,1535,0.735729227026265,32.099999999999994,21.2,27,20.53333282470703,548.0,1.0,50,2.0,324.80706787109375
C2,1536,0.7566555334358066,31.3,20.8,27,23.866666793823242,610.0,1.0,50,2.0,316.75091552734375
C2,1537,0.7301556021781567,29.2,20.7,27,12.977777481079102,354.0,1.0,50,2.0,290.8505554199219
C2,1538,0.7218837472056182,30.4,21.0,27,13.614814758300781,364.0,1.0,50,2.0,263.0436706542969
C2,1539,0.22803976483539576,33.2,22.9,13,39.413333892822266,642.0,1.0,50,2.0,248.49285888671875
C2,1540,0.7780983464319122,33.9,24.5,13,37.78461456298828,500.0,1.0,50,2.0,249.49571228027344
C2,1541,0.7925833333333334,33.9,24.0,13,45.20000076293945,602.0,1.0,50,2.0,265.964111328125
C2,1542,0.7935,33.8,23.900000000000002,13,50.738460540771484,672.0,1.0,50,2.0,277.8451232910156
C2,1543,0.7907500000000001,34.1,24.2,13,47.72307586669922,642.0,1.0,50,2.0,294.4403991699219
C2,1544,0.782482975058056,33.9,24.1,13,39.846153259277344,530.0,1.0,50,2.0,299.5975646972656
C2,1545,0.7889166666666667,34.3,24.2,13,46.61538314819336,630.0,1.0,50,2.0,299.8918762207031
C2,1546,0.764588608236226,33.9,24.0,13,32.769229888916016,444.0,1.0,50,2.0,286.86846923828125
C2,1547,0.752582118534791,33.8,24.1,13,28.86153793334961,368.0,1.0,50,2.0,268.2544250488281
C2,1548,0.7784166666666666,33.7,23.7,15,31.97333335876465,462.0,1.0,30,3.0,235.6193084716797
C2,1549,0.7925833333333334,33.9,23.8,15,24.02666664123535,363.0,1.0,30,3.0,202.57159423828125
C2,1550,0.5999166666666667,33.099999999999994,22.700000000000003,20,32.65999984741211,627.0,1.0,30,3.0,186.07627868652344
C2,1551,0.5663333333333334,32.4,21.6,26,33.015384674072266,789.0,1.0,30,3.0,190.71243286132812
C2,1552,0.5355,31.4,20.8,33,31.11515235900879,960.0,1.0,30,3.0,220.0274658203125
C2,1553,0.8318334689981884,28.5,20.299999999999997,33,19.769697189331055,636.0,1.0,30,3.0,238.0164794921875
C2,1554,0.8411666666666666,28.6,20.299999999999997,33,22.412120819091797,726.0,1.0,30,3.0,246.0098876953125
C2,1555,0.8420833333333334,28.5,20.400000000000002,33,23.745454788208008,753.0,1.0,30,3.0,241.60592651367188
C2,1556,0.6020833333333334,28.5,20.2,39,33.79393768310547,1143.0,1.0,30,3.0,261.49688720703125
C2,1557,0.832762235768013,28.1,20.1,39,18.451282501220703,690.0,1.0,30,3.0,271.83148193359375
C2,1558,0.8475833333333334,27.900000000000002,20.0,39,22.58461570739746,861.0,1.0,30,3.0,282.83221435546875
C2,1559,0.835205455376962,28.1,20.1,39,19.620512008666992,768.0,1.0,30,3.0,272.7659912109375
C2,1560,0.8466666666666667,28.0,20.0,39,27.620512008666992,1053.0,1.0,30,3.0,282.8595886230469
C2,1561,0.8485,27.799999999999997,19.900000000000002,39,23.117948532104492,864.0,1.0,30,3.0,289.0491027832031
C2,1562,0.7860615193903686,27.900000000000002,20.0,39,23.425640106201172,882.0,1.0,50,3.0,297.8294677734375
C2,1563,0.7791086442598991,27.900000000000002,20.0,39,21.712820053100586,834.0,1.0,50,3.0,293.3643493652344
C2,1564,0.833896770590099,27.799999999999997,20.0,39,17.733333587646484,670.0,1.0,30,2.0,296.9519348144531
C2,1565,0.6279135206755104,27.7,19.900000000000002,34,15.005127906799316,566.0,1.0,30,2.0,297.6378173828125
C2,1566,0.5956666666666667,29.2,20.5,28,24.760000228881836,744.0,1.0,30,2.0,310.58270263671875
C2,1567,0.8265,30.200000000000003,20.7,28,20.242856979370117,558.0,1.0,30,2.0,310.8829650878906
C2,1568,0.8118333333333333,31.8,20.9,28,27.700000762939453,750.0,1.0,30,2.0,323.32977294921875
C2,1569,0.8200833333333334,30.900000000000002,20.8,28,27.55714225769043,762.0,1.0,30,2.0,331.99786376953125
C2,1570,0.79827782335651,32.0,21.0,28,19.042856216430664,516.0,1.0,30,2.0,334.3987121582031
C2,1571,0.804674751826145,31.099999999999998,21.0,28,18.185714721679688,500.0,1.0,30,2.0,319.1725769042969
C2,1572,0.8191666666666666,31.0,20.8,28,26.114286422729492,716.0,1.0,30,2.0,306.97021484375
C2,1573,0.8164166666666667,31.3,20.9,28,27.757143020629883,780.0,1.0,30,2.0,317.248779296875
C2,1574,0.8182499999999999,31.099999999999998,20.8,28,24.628570556640625,674.0,1.0,30,2.0,335.01593017578125
C2,1575,0.8191666666666666,31.0,20.8,28,22.257143020629883,610.0,1.0,30,2.0,338.60955810546875
C2,1576,0.46925,29.9,20.6,37,35.125,1113.0,1.0,30,3.0,338.2323913574219
C2,1577,0.8466666666666667,28.0,20.1,37,29.524324417114258,1089.0,1.0,30,3.0,341.4727783203125
C2,1578,0.84575,28.1,20.1,37,31.891891479492188,1155.0,1.0,30,3.0,354.08367919921875
C2,1579,0.8466666666666667,28.0,20.0,37,27.37297248840332,987.0,1.0,30,3.0,356.0502014160156
C2,1580,0.84575,28.1,20.0,37,25.7297306060791,939.0,1.0,30,3.0,350.5634460449219
C2,1581,0.44758333333333333,27.900000000000002,20.0,47,34.095237731933594,1407.0,1.0,30,3.0,358.4714050292969
C2,1582,0.8258254293433941,27.5,19.900000000000002,47,13.625532150268555,618.0,1.0,30,3.0,346.816162109375
C2,1583,0.8351744267029062,26.9,19.7,47,14.978723526000977,696.0,1.0,30,3.0,329.0230407714844
C2,1584,0.8349498768615592,27.2,19.7,47,15.923404693603516,726.0,1.0,30,3.0,288.08050537109375
C2,1585,0.8590336327995985,25.4,19.599999999999998,47,19.165956497192383,849.0,1.0,30,3.0,273.7816162109375
C2,1586,0.8454336779521342,27.0,19.7,47,19.69361686706543,903.0,1.0,30,3.0,274.4023132324219
C2,1587,0.16024999999999995,28.7,20.400000000000002,30,25.040000915527344,756.0,1.0,30,3.0,276.1080627441406
C2,1588,0.8301666666666667,29.8,20.7,30,24.706666946411133,732.0,1.0,30,3.0,271.9314880371094
C2,1589,0.8301666666666667,29.8,20.6,30,29.8266658782959,879.0,1.0,30,3.0,268.35888671875
C2,1590,0.5547500000000001,29.3,20.400000000000002,37,33.68484878540039,1092.0,1.0,30,3.0,281.148681640625
C2,1591,0.6866666666666666,28.0,20.0,41,33.1121940612793,1302.0,1.0,30,3.0,314.1558837890625
C2,1592,0.8286654261173575,28.0,20.1,41,16.331707000732422,648.0,1.0,30,2.0,338.0935363769531
C2,1593,0.8244495007535976,27.900000000000002,20.0,41,14.419511795043945,572.0,1.0,30,2.0,342.0561218261719
C2,1594,0.8149716902949145,28.0,20.1,41,11.59024429321289,446.0,1.0,30,2.0,316.3003234863281
C2,1595,0.8257730242167067,28.1,20.0,41,15.570732116699219,624.0,1.0,30,2.0,299.2468566894531
C2,1596,0.7210686090022368,28.1,19.900000000000002,41,28.448780059814453,1134.0,1.0,70,3.0,301.2814636230469
C2,1597,0.8249102462745427,28.1,20.1,41,15.248780250549316,606.0,1.0,30,2.0,313.16888427734375
C2,1598,0.8243666748480617,27.900000000000002,20.0,41,14.390243530273438,562.0,1.0,30,2.0,316.1679992675781
C2,1599,0.8176361943320506,28.299999999999997,20.1,41,13.33658504486084,530.0,1.0,30,2.0,302.9007873535156
C2,1600,0.8263379817673601,27.7,19.900000000000002,41,14.439023971557617,574.0,1.0,30,2.0,292.80712890625
C2,1601,0.8360149226959951,27.799999999999997,19.900000000000002,41,18.682926177978516,753.0,1.0,30,3.0,282.7509460449219
C2,1602,0.17,32.0,21.1,25,28.31999969482422,714.0,1.0,30,3.0,273.11724853515625
C2,1603,0.8109166666666667,31.9,21.0,25,24.128000259399414,600.0,1.0,30,3.0,255.7370147705078
C2,1604,0.8081666666666668,32.2,21.2,25,24.91200065612793,633.0,1.0,30,3.0,239.9755401611328
C2,1605,0.8109166666666667,31.9,21.1,25,28.959999084472656,726.0,1.0,30,3.0,231.05198669433594
C2,1606,0.8090833333333334,32.099999999999994,21.2,25,22.799999237060547,567.0,1.0,30,3.0,224.231201171875
C2,1607,0.81,32.0,21.3,25,30.799999237060547,768.0,1.0,30,3.0,226.1387176513672
C2,1608,0.8109166666666667,31.9,21.1,25,28.576000213623047,699.0,1.0,30,3.0,226.08323669433594
C2,1609,0.8090833333333334,32.099999999999994,21.2,25,25.711999893188477,648.0,1.0,30,3.0,229.64993286132812
C2,1610,0.8090833333333334,32.099999999999994,21.1,25,28.97599983215332,729.0,1.0,30,3.0,230.05662536621094
C2,1611,0.81,32.0,21.2,25,23.823999404907227,570.0,1.0,30,3.0,224.5673065185547
C2,1612,0.8081666666666668,32.2,21.3,25,22.143999099731445,552.0,1.0,30,3.0,217.00704956054688
C2,1613,0.8081666666666668,32.2,21.3,25,21.93600082397461,528.0,1.0,30,3.0,203.53756713867188
C2,1614,0.7955935144751878,32.099999999999994,21.3,25,18.224000930786133,450.0,1.0,30,3.0,190.12254333496094
C2,1615,0.786586384892749,31.099999999999998,20.7,25,11.600000381469727,294.0,1.0,30,3.0,170.6068572998047
C2,1616,0.5654166666666667,32.5,21.8,19,23.540000915527344,474.0,1.0,30,3.0,156.49745178222656
C2,1617,0.8035833333333333,32.7,22.2,19,24.56842041015625,464.0,1.0,30,2.0,158.9651336669922
C2,1618,0.7946666666666666,32.800000000000004,22.2,18,28.600000381469727,512.0,1.0,30,2.0,181.51242065429688
C2,1619,0.8008333333333334,33.0,22.5,18,20.933332443237305,374.0,1.0,30,2.0,198.90745544433594
C2,1620,0.8035833333333333,32.7,22.3,18,26.133333206176758,458.0,1.0,30,2.0,208.94447326660156
C2,1621,0.8008333333333334,33.0,22.5,18,28.0,490.0,1.0,30,2.0,213.50001525878906
C2,1622,0.8008333333333334,33.0,22.3,18,26.55555534362793,472.0,1.0,30,2.0,222.7666778564453
C2,1623,0.3507928947893463,32.4,21.7,29,42.66666793823242,909.0,1.0,30,3.0,238.19334411621094
C2,1624,0.8118333333333333,31.8,20.8,29,27.86206817626953,810.0,1.0,30,3.0,250.7826690673828
C2,1625,0.8274166666666667,30.099999999999998,20.7,29,20.12413787841797,582.0,1.0,30,3.0,252.73626708984375
C2,1626,0.8255833333333333,30.3,20.8,29,25.737930297851562,732.0,1.0,30,3.0,246.04176330566406
C2,1627,0.8155,31.4,20.8,29,23.420690536499023,657.0,1.0,30,3.0,235.2250518798828
C2,1628,0.8255833333333333,30.3,20.8,29,21.034482955932617,612.0,1.0,30,3.0,230.06837463378906
C2,1629,0.8228333333333334,30.599999999999998,20.7,29,24.317241668701172,672.0,1.0,30,3.0,224.3076934814453
C2,1630,0.65,32.0,21.1,25,30.304000854492188,750.0,1.0,30,3.0,224.984619140625
C2,1631,0.81,32.0,21.1,25,21.520000457763672,549.0,1.0,30,3.0,222.5907745361328
C2,1632,0.8090833333333334,32.099999999999994,21.2,25,28.27199935913086,669.0,1.0,30,3.0,221.02113342285156
C2,1633,0.8090833333333334,32.099999999999994,21.3,25,23.29599952697754,576.0,1.0,30,3.0,212.34600830078125
C2,1634,0.8109166666666667,31.9,21.1,25,32.784000396728516,804.0,1.0,30,3.0,218.47427368164062
C2,1635,0.8118333333333333,31.8,21.1,25,23.663999557495117,582.0,1.0,30,3.0,218.28456115722656
C2,1636,0.8090833333333334,32.099999999999994,21.2,25,31.743999481201172,768.0,1.0,30,3.0,226.70407104492188
C2,1637,0.8136666666666666,31.6,20.9,25,32.65599822998047,813.0,1.0,30,3.0,232.15577697753906
C2,1638,0.8109166666666667,31.9,21.1,25,20.496000289916992,501.0,1.0,30,3.0,231.82679748535156
C2,1639,0.7880973766000028,32.2,21.3,25,15.53600025177002,375.0,1.0,30,3.0,214.16275024414062
C2,1640,0.7835310005661772,30.4,20.9,25,8.800000190734863,218.0,1.0,30,2.0,181.9643096923828
C2,1641,0.7730395339683104,32.2,21.3,25,10.543999671936035,256.0,1.0,30,2.0,157.44525146484375
C2,1642,0.7818053683105699,32.0,21.2,25,12.704000473022461,308.0,1.0,30,2.0,146.60047912597656
C2,1643,0.4808333333333334,33.0,22.3,17,22.77777862548828,400.0,1.0,30,2.0,152.22695922851562
C2,1644,0.6780833333333334,33.300000000000004,23.099999999999998,14,22.85714340209961,340.0,1.0,30,2.0,161.2028350830078
C2,1645,0.7674932737528984,33.8,24.2,14,13.428571701049805,188.0,1.0,30,1.0,171.1217041015625
C2,1646,0.7781445953521735,33.7,24.2,14,17.02857208251953,240.0,1.0,30,2.0,166.40635681152344
C2,1647,0.7925833333333334,33.9,23.8,14,24.114286422729492,340.0,1.0,30,2.0,163.5771484375
C2,1648,0.7953333333333333,33.6,23.7,14,22.742856979370117,324.0,1.0,30,2.0,158.41294860839844
C2,1649,0.7655833333333334,35.1,24.6,12,26.700000762939453,324.0,1.0,30,2.0,160.91444396972656
C2,1650,0.7710833333333333,34.5,24.400000000000002,14,31.866666793823242,408.0,1.0,30,2.0,166.94866943359375
C2,1651,0.7820833333333334,33.300000000000004,23.2,16,32.20000076293945,486.0,1.0,30,2.0,181.36920166015625
C2,1652,0.6026666666666666,32.800000000000004,22.3,21,33.0476188659668,648.0,1.0,30,3.0,197.2215118408203
C2,1653,0.8081666666666668,32.2,21.7,21,27.16190528869629,570.0,1.0,30,3.0,204.86624145507812
C2,1654,0.7927732872564331,32.5,21.8,21,18.60952377319336,399.0,1.0,30,3.0,194.78640747070312
C2,1655,0.7165677018491732,32.300000000000004,21.8,21,16.438095092773438,334.0,1.0,50,2.0,182.20518493652344
C2,1656,0.6948834928321959,32.300000000000004,21.7,21,11.371428489685059,242.0,1.0,50,2.0,165.45643615722656
C2,1657,0.6893556230402814,32.7,21.9,21,10.933333396911621,232.0,1.0,50,2.0,153.14053344726562
C2,1658,0.6940343245678602,32.800000000000004,22.1,21,12.247618675231934,242.0,1.0,50,2.0,139.61764526367188
C2,1659,0.1713083663397265,35.1,24.5,8,16.53333282470703,238.0,1.0,50,2.0,131.2372589111328
C2,1660,0.6573956383474854,43.7,29.2,7,29.885713577270508,230.0,1.0,50,2.0,126.07569122314453
C2,1661,0.6773333333333332,45.6,31.099999999999998,6,46.733333587646484,300.0,1.0,50,2.0,126.84541320800781
C2,1662,0.6675147909017153,45.900000000000006,31.3,6,37.53333282470703,234.0,1.0,50,2.0,127.04058074951172
C2,1663,0.43133333333333335,38.4,25.8,14,36.485713958740234,477.0,1.0,30,3.0,133.02435302734375
C2,1664,0.6426666666666666,32.800000000000004,22.5,18,31.844444274902344,564.0,1.0,30,3.0,141.6812744140625
C2,1665,0.8026666666666666,32.800000000000004,22.2,18,32.06666564941406,570.0,1.0,30,3.0,156.6087646484375
C2,1666,0.8054166666666667,32.5,22.1,18,30.711111068725586,546.0,1.0,30,3.0,168.63192749023438
C2,1667,0.8017500000000001,32.9,22.5,18,20.66666603088379,378.0,1.0,30,3.0,167.57916259765625
C2,1668,0.8008333333333334,33.0,22.3,18,25.311111450195312,453.0,1.0,30,3.0,161.74749755859375
C2,1669,0.7866666666666666,32.800000000000004,22.3,20,33.266666412353516,591.0,1.0,30,3.0,160.2484893798828
C2,1670,-1.4083391632981468,33.300000000000004,23.0,72,71.97000122070312,2604.0,1.0,30,3.0,258.2824401855469
C2,1671,0.4510506931479735,26.0,20.299999999999997,82,41.98064422607422,2709.0,1.0,30,3.0,417.36944580078125
C2,1672,0.8705,25.4,20.2,82,38.129032135009766,2436.0,1.0,30,3.0,594.8216552734375
C2,1673,0.8475546274746295,26.200000000000003,20.299999999999997,82,42.696773529052734,2769.0,1.0,30,3.0,708.6263427734375
C2,1674,0.8502972615403805,26.0,20.299999999999997,82,42.30967712402344,2685.0,1.0,30,3.0,775.8424682617188
C2,1675,0.8501474857729902,23.7,19.400000000000002,82,10.30322551727295,627.0,1.0,30,3.0,735.7721557617188
C2,1676,0.8437896954388107,23.599999999999998,19.400000000000002,82,8.219354629516602,477.0,1.0,30,3.0,609.86328125
C2,1677,0.815716889862042,24.6,19.7,82,3.277419328689575,185.0,1.0,30,1.0,439.65130615234375
C2,1678,0.8292349531734796,23.3,19.3,82,3.677419424057007,208.0,1.0,30,1.0,337.3907775878906
C2,1679,0.8084612847648539,25.4,19.7,82,3.29677414894104,190.0,1.0,30,1.0,280.1678161621094
C2,1680,-1.7117294449615719,30.900000000000002,20.8,21,16.173913955688477,440.0,1.0,50,2.0,250.5006866455078
C2,1681,0.535423161372109,33.4,22.700000000000003,15,14.917647361755371,250.0,1.0,30,1.0,238.3004150390625
C2,1682,0.7450038299496141,34.1,23.8,14,9.771428108215332,138.0,1.0,30,1.0,224.04690551757812
C2,1683,0.7925833333333334,33.9,23.900000000000002,14,24.08571434020996,336.0,1.0,30,2.0,208.5614776611328
C2,1684,0.43991666666666673,33.099999999999994,22.700000000000003,23,38.266666412353516,642.0,1.0,30,3.0,194.47021484375
C2,1685,0.796768322404698,32.300000000000004,21.5,23,19.65217399597168,435.0,1.0,30,3.0,186.9488067626953
C2,1686,0.8081666666666668,32.2,21.4,23,21.80869483947754,510.0,1.0,30,3.0,182.70260620117188
C2,1687,0.80725,32.300000000000004,21.3,23,31.582609176635742,702.0,1.0,30,3.0,182.82156372070312
C2,1688,0.6881666666666668,32.2,21.4,26,33.58260726928711,741.0,1.0,30,3.0,196.49293518066406
C2,1689,0.8109166666666667,31.9,21.0,26,25.72307777404785,654.0,1.0,30,3.0,211.09576416015625
C2,1690,0.8109166666666667,31.9,21.0,26,24.615385055541992,621.0,1.0,30,3.0,216.25746154785156
C2,1691,0.8182499999999999,31.099999999999998,20.9,26,20.0,513.0,1.0,30,3.0,209.2211456298828
C2,1692,0.7893607502740055,32.0,21.2,26,15.323077201843262,390.0,1.0,30,3.0,193.26602172851562
C2,1693,0.8109166666666667,31.9,21.1,26,24.046154022216797,633.0,1.0,30,3.0,184.2262725830078
C2,1694,0.6490833333333333,32.099999999999994,21.3,22,24.452173233032227,588.0,1.0,30,3.0,182.13577270507812
C2,1695,0.7903333333333333,32.4,21.6,24,35.371429443359375,741.0,1.0,30,3.0,196.48146057128906
C2,1696,0.7922204849416561,32.300000000000004,21.5,24,17.549999237060547,406.0,1.0,30,2.0,204.022216796875
C2,1697,0.7836245378252439,31.9,21.2,24,13.0,300.0,1.0,30,2.0,202.413330078125
C2,1698,0.7895734022042367,32.2,21.3,24,16.100000381469727,370.0,1.0,30,2.0,193.18133544921875
C2,1699,0.7809100963905924,32.300000000000004,21.4,24,13.316666603088379,318.0,1.0,30,2.0,181.7754669189453
C2,1700,0.81,32.0,21.2,24,26.433332443237305,645.0,1.0,30,3.0,183.59861755371094
C2,1701,0.5718333333333333,31.8,21.0,30,35.007408142089844,891.0,1.0,30,3.0,199.62583923339844
C2,1702,0.8075497025127616,31.0,20.6,30,19.093334197998047,555.0,1.0,30,3.0,212.70883178710938
C2,1703,0.8145833333333333,31.5,20.7,30,24.0,693.0,1.0,30,3.0,222.6919708251953
C2,1704,0.8129410212646438,29.6,20.6,30,15.920000076293945,465.0,1.0,30,3.0,209.74851989746094
C2,1705,0.8384166666666667,28.9,20.5,30,21.413333892822266,648.0,1.0,30,3.0,206.1157684326172
C2,1706,0.8089778135806571,29.7,20.8,30,14.786666870117188,429.0,1.0,30,3.0,192.2028045654297
C2,1707,0.5506612676947242,32.099999999999994,21.5,24,16.16666603088379,375.0,1.0,30,3.0,179.85501098632812
C2,1708,0.8001666666666668,32.2,21.4,23,26.71666717529297,636.0,1.0,30,3.0,171.9130096435547
C2,1709,0.7921666666666668,32.2,21.5,21,29.46666717529297,609.0,1.0,30,3.0,175.14781188964844
C2,1710,0.7901368797112056,32.300000000000004,21.7,21,16.685714721679688,354.0,1.0,30,3.0,176.1553497314453
C2,1711,0.8054166666666667,32.5,21.7,21,30.91428565979004,648.0,1.0,30,3.0,177.293212890625
C2,1712,0.8063333333333333,32.4,21.8,21,23.961904525756836,504.0,1.0,30,3.0,173.30926513671875
C2,1713,0.6945824013787879,32.9,22.1,21,12.590476036071777,246.0,1.0,50,2.0,171.58555603027344
C2,1714,0.7923582296491251,32.5,21.8,21,18.419048309326172,369.0,1.0,30,3.0,158.15133666992188
C2,1715,0.7921062434638684,32.5,21.8,21,18.30476188659668,381.0,1.0,30,3.0,144.62413024902344
C2,1716,0.7914271471751183,32.800000000000004,22.2,21,19.27618980407715,390.0,1.0,30,3.0,137.44114685058594
C2,1717,0.5226666666666666,32.800000000000004,22.2,14,22.04705810546875,405.0,1.0,30,3.0,134.73135375976562
C2,1718,0.41860467759909314,33.099999999999994,22.700000000000003,23,44.92499923706055,696.0,1.0,30,3.0,147.10548400878906
C2,1719,0.80725,32.300000000000004,21.5,23,26.83478355407715,612.0,1.0,30,3.0,164.39662170410156
C2,1720,0.60377341189145,32.5,21.6,23,5.91304349899292,137.0,1.0,70,1.0,175.03797912597656
C2,1721,0.7945875078289193,32.5,21.6,23,19.478260040283203,444.0,1.0,30,3.0,170.2227783203125
C2,1722,0.7917033085537157,32.4,21.7,23,17.721738815307617,399.0,1.0,30,3.0,157.86700439453125
C2,1723,0.8081666666666668,32.2,21.3,23,24.92173957824707,558.0,1.0,30,3.0,156.9868621826172
C2,1724,0.6463333333333333,32.4,21.7,19,25.68695640563965,573.0,1.0,30,3.0,162.19212341308594
C2,1725,0.8035833333333333,32.7,22.3,19,30.273683547973633,582.0,1.0,30,3.0,173.4486083984375
C2,1726,0.8035833333333333,32.7,22.2,19,31.43157958984375,576.0,1.0,30,3.0,181.00250244140625
C2,1727,0.8026666666666666,32.800000000000004,22.3,19,25.789474487304688,486.0,1.0,30,3.0,181.6681671142578
C2,1728,0.7578129697161311,32.7,22.2,19,7.51578950881958,144.0,1.0,30,1.0,175.40089416503906
C2,1729,0.8054166666666667,32.5,21.8,19,30.210525512695312,549.0,1.0,30,3.0,170.44053649902344
C2,1730,0.6426666666666666,32.800000000000004,22.1,23,34.38261032104492,714.0,1.0,30,3.0,177.59765625
C2,1731,0.80725,32.300000000000004,21.4,23,27.42608642578125,621.0,1.0,30,3.0,190.29193115234375
C2,1732,0.7962269151988175,32.2,21.4,23,18.939130783081055,426.0,1.0,30,3.0,192.4418182373047
C2,1733,0.7833137212655342,32.7,21.8,23,15.460869789123535,348.0,1.0,30,2.0,185.19842529296875
C2,1734,0.7836844305600446,32.5,21.5,23,14.92173957824707,330.0,1.0,30,2.0,175.2523956298828
C2,1735,0.7774628729284573,32.5,21.7,23,12.782608985900879,294.0,1.0,30,2.0,169.95143127441406
C2,1736,0.8081666666666668,32.2,21.4,23,25.443477630615234,573.0,1.0,30,3.0,169.0375213623047
C2,1737,0.6854166666666667,32.5,21.9,20,25.260000228881836,507.0,1.0,30,3.0,169.02252197265625
C2,1738,0.8026666666666666,32.800000000000004,22.1,20,24.84000015258789,489.0,1.0,30,3.0,171.1468505859375
C2,1739,0.8026666666666666,32.800000000000004,22.1,20,25.84000015258789,498.0,1.0,30,3.0,169.08810424804688
C2,1740,0.8054166666666667,32.5,22.0,20,22.959999084472656,453.0,1.0,30,3.0,165.45286560058594
C2,1741,0.8045,32.599999999999994,21.8,20,30.8799991607666,597.0,1.0,30,3.0,168.07171630859375
C2,1742,0.8054166666666667,32.5,21.9,20,24.6200008392334,495.0,1.0,30,3.0,169.50970458984375
C2,1743,0.7949900950962251,32.5,22.0,20,19.68000030517578,393.0,1.0,30,3.0,167.70582580566406
C2,1744,0.80725,32.300000000000004,21.7,20,31.299999237060547,624.0,1.0,30,3.0,167.823486328125
C2,1745,0.8045,32.599999999999994,21.9,20,25.68000030517578,510.0,1.0,30,3.0,168.56076049804688
C2,1746,0.8045,32.599999999999994,21.9,20,29.780000686645508,606.0,1.0,30,3.0,178.46978759765625
C2,1747,0.5897328249241182,32.5,22.0,20,19.540000915527344,400.0,1.0,90,2.0,183.34854125976562
C2,1748,0.8045,32.599999999999994,21.9,20,30.34000015258789,594.0,1.0,30,3.0,190.00912475585938
C2,1749,0.7936885255237488,32.5,21.9,20,19.040000915527344,376.0,1.0,30,2.0,192.13880920410156
C2,1750,0.7839542701241223,32.5,21.8,20,15.020000457763672,304.0,1.0,30,2.0,187.01661682128906
C2,1751,0.7836840064263946,32.7,22.2,20,15.600000381469727,314.0,1.0,30,2.0,178.4766387939453
C2,1752,0.7861632772664441,32.599999999999994,21.9,20,16.200000762939453,308.0,1.0,30,2.0,168.81932067871094
C2,1753,0.7819438427101909,32.5,21.9,20,14.300000190734863,272.0,1.0,30,2.0,160.89158630371094
C2,1754,0.5180833333333333,33.300000000000004,23.099999999999998,13,37.514286041259766,552.0,1.0,30,3.0,159.73495483398438
C2,1755,0.48266666666666663,32.800000000000004,22.4,21,36.380950927734375,705.0,1.0,30,3.0,169.84097290039062
C2,1756,0.8054166666666667,32.5,21.9,21,30.266666412353516,639.0,1.0,30,3.0,186.17124938964844
C2,1757,0.8045,32.599999999999994,21.9,21,30.095237731933594,627.0,1.0,30,3.0,199.30274963378906
C2,1758,0.8063333333333333,32.4,21.8,21,27.77142906188965,567.0,1.0,30,3.0,201.04830932617188
C2,1759,0.80725,32.300000000000004,21.6,21,28.399999618530273,600.0,1.0,30,3.0,200.36231994628906
C2,1760,0.8045,32.599999999999994,21.9,21,23.123809814453125,480.0,1.0,30,3.0,193.41738891601562
C2,1761,0.8045,32.599999999999994,21.8,21,26.685714721679688,549.0,1.0,30,3.0,188.450439453125
C2,1762,0.6370943542823954,32.800000000000004,22.1,21,17.904762268066406,386.0,1.0,70,2.0,184.53692626953125
C2,1763,0.6454166666666666,32.5,21.7,25,35.980953216552734,744.0,1.0,30,3.0,193.92214965820312
C2,1764,0.8081666666666668,32.2,21.3,25,27.743999481201172,690.0,1.0,30,3.0,205.81996154785156
C2,1765,0.81,32.0,21.2,25,20.75200080871582,508.0,1.0,30,2.0,221.09197998046875
C2,1766,0.7978516185566371,32.099999999999994,21.4,25,19.280000686645508,466.0,1.0,30,2.0,228.25518798828125
C2,1767,0.7843976480080199,32.4,21.7,25,14.847999572753906,364.0,1.0,30,2.0,226.15310668945312
C2,1768,-0.8391830895257382,30.599999999999998,21.6,65,56.69767379760742,2036.0,1.0,30,2.0,326.758544921875
C2,1769,0.8778333333333334,24.6,19.8,65,29.103225708007812,1788.0,1.0,30,2.0,475.255126953125
C2,1770,0.8760000000000001,24.8,19.900000000000002,65,32.18064498901367,1996.0,1.0,30,2.0,673.153076171875
C2,1771,0.8750833333333334,24.9,19.8,65,29.954837799072266,1826.0,1.0,30,2.0,777.891845703125
C2,1772,0.88425,23.900000000000002,19.599999999999998,65,25.94193458557129,1576.0,1.0,30,2.0,826.6017456054688
C2,1773,0.8397289539291481,23.8,19.400000000000002,65,7.606451511383057,444.0,1.0,30,2.0,752.361083984375
C2,1774,0.8383437734721129,23.400000000000002,19.400000000000002,65,6.251613140106201,368.0,1.0,30,2.0,610.6166381835938
C2,1775,0.8450157121403968,23.599999999999998,19.5,65,8.561290740966797,507.0,1.0,30,3.0,443.0366516113281
C2,1776,0.21567548192694205,25.8,20.299999999999997,81,40.68387222290039,2586.0,1.0,30,3.0,427.8219909667969
C2,1777,0.48231733864538834,27.3,20.7,90,40.49032211303711,3600.0,1.0,30,3.0,696.8265380859375
C2,1778,0.8461002858259815,26.9,20.6,90,40.43225860595703,3600.0,1.0,30,3.0,1123.42919921875
C2,1779,0.8432210529061971,26.9,20.5,90,41.793548583984375,3600.0,1.0,30,3.0,1529.9241943359375
C2,1780,0.8417770459851152,26.8,20.5,90,42.812904357910156,3600.0,1.0,30,3.0,1768.22119140625
C2,1781,0.83690430182842,26.8,20.5,90,44.72257995605469,3600.0,1.0,30,3.0,1968.3994140625
C2,1782,0.8349831236617635,27.099999999999998,20.5,90,44.41290283203125,3600.0,1.0,30,3.0,1994.6396484375
C2,1783,0.8666977317280955,23.8,19.5,90,16.148387908935547,966.0,1.0,30,3.0,1756.25048828125
C2,1784,0.8621635812326308,23.400000000000002,19.2,90,13.206451416015625,789.0,1.0,30,3.0,1303.3502197265625
C2,1785,0.851453293952112,24.6,19.5,90,13.30322551727295,783.0,1.0,30,3.0,894.8101806640625
C2,1786,0.6881117107544874,23.900000000000002,19.5,90,8.051612854003906,484.0,1.0,70,2.0,639.0194091796875
C2,1787,0.8243217695198523,23.400000000000002,19.2,90,22.683870315551758,1374.0,1.0,50,2.0,542.0783081054688
C2,1788,-1.3988333333333336,28.6,21.0,34,42.624000549316406,2228.0,1.0,50,2.0,597.64697265625
C2,1789,0.6573333333333333,31.2,21.6,30,65.6933364868164,2026.0,1.0,70,2.0,733.7882080078125
C2,1790,0.8118333333333333,31.8,21.9,30,69.16000366210938,2110.0,1.0,70,2.0,864.5396118164062
C2,1791,-1.2158701858757015,27.799999999999997,20.9,81,46.01290512084961,3339.0,1.0,30,3.0,942.8570556640625
C2,1792,0.31600000000000006,24.8,20.1,95,34.296775817871094,2118.0,1.0,30,3.0,948.9142456054688
C2,1793,0.852849919426297,24.5,19.599999999999998,95,13.464515686035156,810.0,1.0,30,3.0,847.8818969726562
C2,1794,0.8536430700244251,24.1,19.400000000000002,95,12.516129493713379,750.0,1.0,30,3.0,672.19580078125
C2,1795,0.815473060828025,24.7,19.599999999999998,95,3.4451613426208496,197.0,1.0,30,1.0,498.91748046875
C2,1796,0.827178985319893,23.599999999999998,19.400000000000002,95,3.8516128063201904,217.0,1.0,30,1.0,387.8838195800781
C2,1797,0.830078833744437,23.7,19.400000000000002,95,4.819355010986328,278.0,1.0,30,1.0,324.9969482421875
C2,1798,-1.932783428362595,28.299999999999997,20.5,27,4.641666889190674,203.0,1.0,30,1.0,288.0648498535156
C2,1799,0.7482100547309318,32.300000000000004,21.4,25,8.266666412353516,218.0,1.0,30,1.0,266.0389099121094
C2,1800,0.148,34.4,24.1,9,28.541175842285156,477.0,1.0,30,1.0,279.356689453125
C2,1801,-0.09594613071364347,33.2,22.9,30,54.90909194946289,1018.0,1.0,30,1.0,396.0140075683594
C2,1802,-0.40486762329744097,29.1,20.9,60,51.28888702392578,1900.0,1.0,30,2.0,563.6083984375
C2,1803,0.8760000000000001,24.8,19.8,60,28.600000381469727,1720.0,1.0,30,2.0,715.231689453125
C2,1804,0.8723333333333333,25.2,19.7,60,27.84666633605957,1630.0,1.0,30,2.0,779.1390380859375
C2,1805,0.8833333333333333,24.0,19.400000000000002,60,23.106666564941406,1364.0,1.0,30,2.0,781.7500610351562
C2,1806,0.8058476386854787,23.7,19.3,60,18.893333435058594,1113.0,1.0,50,3.0,718.11669921875
C2,1807,0.8456279407491812,23.599999999999998,19.2,60,8.733333587646484,496.0,1.0,30,2.0,604.336669921875
C2,1808,0.8286124241129842,23.900000000000002,19.5,60,4.913333415985107,279.0,1.0,30,1.0,482.3353576660156
C2,1809,0.8219071754849323,23.7,19.599999999999998,60,2.7666666507720947,156.0,1.0,30,1.0,380.4678649902344
C2,1810,-0.1644072766554338,26.3,20.0,36,2.156521797180176,104.0,1.0,30,1.0,300.14739990234375
C2,1811,0.7914094264199516,28.7,20.5,36,6.688889026641846,224.0,1.0,30,1.0,244.62176513671875
C2,1812,-0.033836222935122326,32.7,21.9,16,9.866666793823242,206.0,1.0,30,1.0,217.9730682373047
C2,1813,0.45425000000000004,35.9,25.2,8,20.31999969482422,262.0,1.0,30,1.0,223.05050659179688
C2,1814,0.4266549995071072,38.5,25.8,15,51.93333435058594,510.0,1.0,30,2.0,230.2303009033203
C2,1815,0.4161140191178859,33.0,22.5,24,46.13333511352539,729.0,1.0,30,3.0,239.4715118408203
C2,1816,0.8081666666666668,32.2,21.3,24,25.200000762939453,603.0,1.0,30,3.0,236.88290405273438
C2,1817,0.8090833333333334,32.099999999999994,21.4,24,29.183332443237305,699.0,1.0,30,3.0,232.3964080810547
C2,1818,0.8090833333333334,32.099999999999994,21.3,24,29.100000381469727,684.0,1.0,30,3.0,227.7045135498047
C2,1819,0.81,32.0,21.3,24,31.21666717529297,744.0,1.0,30,3.0,231.15603637695312
C2,1820,0.7914594745677168,32.4,21.7,24,17.616666793823242,423.0,1.0,30,3.0,220.96029663085938
C2,1821,0.6881666666666668,32.2,21.4,27,33.016666412353516,768.0,1.0,30,3.0,218.576171875
C2,1822,0.8136666666666666,31.6,20.9,27,24.148147583007812,633.0,1.0,30,3.0,212.21237182617188
C2,1823,0.7953575534044743,32.099999999999994,21.0,27,18.118518829345703,477.0,1.0,30,3.0,210.79408264160156
C2,1824,0.802889851462133,31.3,20.9,27,18.207406997680664,462.0,1.0,30,3.0,196.34312438964844
C2,1825,0.8118333333333333,31.8,20.8,27,27.955554962158203,738.0,1.0,30,3.0,192.33920288085938
C2,1826,0.799116780675703,30.5,20.9,27,13.896296501159668,360.0,1.0,30,3.0,184.7368621826172
C2,1827,0.8047977078179245,29.8,20.9,27,13.644444465637207,348.0,1.0,30,3.0,175.10877990722656
C2,1828,0.7973567835387965,31.9,21.2,27,18.19259262084961,471.0,1.0,30,3.0,157.46527099609375
C2,1829,0.81,32.0,20.9,27,26.903703689575195,702.0,1.0,30,3.0,162.07916259765625
C2,1830,0.8118333333333333,31.8,21.0,27,22.1629638671875,585.0,1.0,30,3.0,175.38082885742188
C2,1831,0.669972295930352,32.099999999999994,21.3,24,15.899999618530273,363.0,1.0,30,3.0,178.56182861328125
C2,1832,0.7881923271516494,30.700000000000003,20.9,24,10.966666221618652,279.0,1.0,30,3.0,161.67042541503906
C2,1833,0.8081666666666668,32.2,21.4,24,25.266666412353516,588.0,1.0,30,3.0,151.66893005371094
C2,1834,-1.2933702040045956,32.099999999999994,22.5,75,56.80644989013672,2799.0,1.0,30,3.0,253.9346923828125
C2,1835,0.5404166666666667,26.5,20.400000000000002,83,39.477420806884766,2934.0,1.0,30,3.0,433.2941589355469
C2,1836,0.8585830055037796,25.5,20.299999999999997,83,40.60645294189453,2616.0,1.0,30,3.0,631.0431518554688
C2,1837,0.8760000000000001,24.8,19.900000000000002,83,31.774192810058594,1988.0,1.0,30,2.0,757.8258666992188
C2,1838,0.8750833333333334,24.9,20.0,83,33.35483932495117,2118.0,1.0,30,2.0,844.695556640625
C2,1839,0.8778333333333334,24.6,20.0,83,33.58709716796875,2106.0,1.0,30,2.0,920.95068359375
C2,1840,0.8760000000000001,24.8,20.0,83,31.464515686035156,1974.0,1.0,30,2.0,965.7703857421875
C2,1841,0.797684264614553,23.8,19.599999999999998,83,17.187097549438477,1029.0,1.0,50,1.0,988.6622314453125
C2,1842,0.7935979301955702,23.900000000000002,19.400000000000002,83,16.445161819458008,994.0,1.0,50,1.0,994.5307006835938
C2,1843,0.7937745740557923,23.7,19.3,83,16.05806541442871,989.0,1.0,50,1.0,998.3184204101562
C2,1844,0.8007920013150881,23.5,19.3,83,17.270967483520508,1037.0,1.0,50,1.0,1001.65771484375
C2,1845,-0.9585389809306152,23.400000000000002,19.2,39,17.21290397644043,1019.0,1.0,50,1.0,1006.99462890625
C2,1846,0.13641666666666666,31.3,20.8,22,40.31666564941406,968.0,1.0,50,1.0,1007.3967895507812
C2,1847,0.8081666666666668,32.2,21.6,22,45.745452880859375,993.0,1.0,50,1.0,1001.7714233398438
C2,1848,-1.2847422174146217,30.900000000000002,22.1,73,57.39354705810547,3156.0,1.0,30,3.0,1002.796142578125
C2,1849,0.44153500993503114,26.9,20.400000000000002,83,42.52903366088867,3120.0,1.0,30,3.0,1013.0110473632812
C2,1850,0.4874424454831276,26.3,20.400000000000002,92,42.35483932495117,2868.0,1.0,30,3.0,1014.2066040039062
C2,1851,0.8494355232162272,26.200000000000003,20.299999999999997,92,41.88386917114258,2790.0,1.0,30,3.0,998.6572875976562
C2,1852,0.8513280468768261,26.3,20.299999999999997,92,40.56774139404297,2844.0,1.0,30,3.0,977.06103515625
C2,1853,0.8510652838306865,26.0,20.400000000000002,92,41.97419357299805,2643.0,1.0,30,3.0,954.103271484375
C2,1854,0.8458548191174694,26.8,20.5,92,41.0,2928.0,1.0,30,3.0,946.4619750976562
C2,1855,0.8445238033573944,26.8,20.400000000000002,92,41.619354248046875,3084.0,1.0,30,3.0,952.5438232421875
C2,1856,0.8495338030329774,26.5,20.400000000000002,92,40.54838562011719,3174.0,1.0,30,3.0,979.79296875
C2,1857,0.87325,25.1,20.2,92,37.935482025146484,2376.0,1.0,30,3.0,971.609130859375
C2,1858,0.8458910368655053,23.900000000000002,19.400000000000002,92,9.593548774719238,564.0,1.0,30,3.0,854.6987915039062
C2,1859,0.8468299919607618,23.8,19.400000000000002,92,9.600000381469727,585.0,1.0,30,3.0,669.4859619140625
C2,1860,0.7413748859191528,23.3,19.400000000000002,92,2.5612902641296387,142.0,1.0,50,1.0,471.6915588378906
C2,1861,0.861892013548725,23.400000000000002,19.2,92,13.116128921508789,774.0,1.0,30,3.0,362.3482666015625
C2,1862,0.8412352841030433,24.1,19.5,92,8.787096977233887,510.0,1.0,30,3.0,293.4089660644531
C2,1863,-1.7634166666666666,29.1,20.6,27,20.177778244018555,537.0,1.0,30,3.0,256.97869873046875
C2,1864,0.6821731442098615,32.2,21.3,27,8.133333206176758,216.0,1.0,50,1.0,229.5205535888672
C2,1865,0.7770407046525228,32.0,21.1,27,11.199999809265137,285.0,1.0,30,1.0,228.37899780273438
C2,1866,0.7896660646776801,31.099999999999998,20.9,25,18.63703727722168,490.0,1.0,30,2.0,236.4940643310547
C2,1867,0.5245,32.599999999999994,22.1,18,32.86666488647461,592.0,1.0,30,2.0,252.02976989746094
C2,1868,0.8017500000000001,32.9,22.4,18,31.266666412353516,562.0,1.0,30,2.0,260.81787109375
C2,1869,0.7857527811861986,33.2,22.700000000000003,18,18.33333396911621,320.0,1.0,30,2.0,254.75738525390625
C2,1870,0.40724999999999995,32.300000000000004,21.7,28,37.05714416503906,885.0,1.0,30,3.0,250.98776245117188
C2,1871,0.8136666666666666,31.6,20.7,28,31.871429443359375,888.0,1.0,30,3.0,250.7259979248047
C2,1872,0.8200833333333334,30.900000000000002,20.8,28,23.828571319580078,669.0,1.0,30,3.0,258.96893310546875
C2,1873,0.8164166666666667,31.3,20.9,28,21.55714225769043,594.0,1.0,30,3.0,250.98135375976562
C2,1874,0.801646652517932,31.7,20.9,28,19.342857360839844,531.0,1.0,30,3.0,230.3221435546875
C2,1875,0.8130032233283191,30.599999999999998,20.9,28,19.985713958740234,540.0,1.0,30,3.0,212.1932830810547
C2,1876,0.8274166666666667,30.099999999999998,20.7,28,21.171428680419922,585.0,1.0,30,3.0,200.9159698486328
C2,1877,0.6100000000000001,32.0,21.2,23,31.80869483947754,735.0,1.0,30,3.0,203.21624755859375
C2,1878,0.80725,32.300000000000004,21.6,23,22.15652084350586,516.0,1.0,30,3.0,203.52975463867188
C2,1879,0.80725,32.300000000000004,21.5,23,30.799999237060547,699.0,1.0,30,3.0,208.78451538085938
C2,1880,0.8054166666666667,32.5,21.8,23,23.87826156616211,543.0,1.0,30,3.0,203.40403747558594
C2,1881,0.3327500000000001,31.7,20.8,35,39.01818084716797,1137.0,1.0,30,3.0,227.7757568359375
C2,1882,-0.9001930324381859,28.299999999999997,21.0,78,45.92258071899414,2757.0,1.0,30,3.0,333.8654479980469
C2,1883,0.5416479324559229,23.8,19.400000000000002,86,14.283870697021484,843.0,1.0,30,3.0,410.85260009765625
C2,1884,0.8529975851698762,23.7,19.400000000000002,86,11.161290168762207,669.0,1.0,30,3.0,436.2449035644531
C2,1885,0.8683836214955745,23.8,19.3,86,16.819355010986328,999.0,1.0,30,3.0,373.346923828125
C2,1886,0.8712457701042651,23.7,19.3,86,17.63225746154785,1065.0,1.0,30,3.0,345.4748229980469
C2,1887,0.8638174562681157,23.900000000000002,19.3,86,15.399999618530273,936.0,1.0,30,3.0,340.61822509765625
C2,1888,-1.1717541261946223,27.799999999999997,20.0,36,15.466666221618652,567.0,1.0,30,3.0,318.5042724609375
C2,1889,0.8120430888875918,28.7,20.400000000000002,36,12.699999809265137,450.0,1.0,30,3.0,277.9025573730469
C2,1890,0.8207885724644689,28.2,20.2,36,14.100000381469727,477.0,1.0,30,3.0,233.14154052734375
C2,1891,0.84575,28.1,20.0,36,20.46666717529297,711.0,1.0,30,3.0,212.68492126464844
C2,1892,0.6136119063309066,29.7,20.5,31,16.541934967041016,504.0,1.0,30,3.0,202.8109588623047
C2,1893,0.6927500000000001,31.7,20.9,28,35.63333511352539,885.0,1.0,30,3.0,215.01991271972656
C2,1894,0.8118333333333333,31.8,20.9,28,26.828571319580078,720.0,1.0,30,3.0,222.74526977539062
C2,1895,0.7980939104133423,30.900000000000002,20.9,28,14.828571319580078,417.0,1.0,30,3.0,223.5138397216797
C2,1896,0.8015868669685288,31.8,21.0,28,19.77142906188965,549.0,1.0,30,3.0,209.0416259765625
C2,1897,0.8182499999999999,31.099999999999998,20.9,28,20.671428680419922,588.0,1.0,30,3.0,194.4916534423828
C2,1898,0.810586837951881,30.5,20.8,28,18.371429443359375,504.0,1.0,30,3.0,189.62832641601562
C2,1899,0.6555,31.4,20.7,32,39.95199966430664,1044.0,1.0,30,3.0,208.7103271484375
C2,1900,0.8365833333333333,29.1,20.5,32,21.325000762939453,672.0,1.0,30,3.0,223.8928680419922
C2,1901,0.8375,29.0,20.5,32,20.487499237060547,632.0,1.0,30,2.0,252.7357177734375
C2,1902,0.8254807910079536,28.9,20.400000000000002,32,18.475000381469727,568.0,1.0,30,2.0,261.5080871582031
C2,1903,0.7903044271755764,31.0,20.8,32,12.487500190734863,384.0,1.0,30,2.0,262.5048522949219
C2,1904,0.7691118576319741,30.3,20.9,32,4.699999809265137,145.0,1.0,30,1.0,240.30291748046875
C2,1905,0.4225212849412986,30.599999999999998,21.0,23,9.033333778381348,224.0,1.0,30,2.0,204.0484161376953
C2,1906,0.7671432619531218,32.5,21.9,22,12.03636360168457,252.0,1.0,30,2.0,173.49571228027344
C2,1907,0.762160197960076,32.800000000000004,22.3,20,13.9399995803833,268.0,1.0,30,2.0,153.6974334716797
C2,1908,0.5162499999999999,33.5,23.3,13,27.75384521484375,376.0,1.0,30,2.0,151.95179748535156
C2,1909,0.7935,33.8,23.7,13,25.076923370361328,324.0,1.0,30,3.0,148.50440979003906
C2,1910,0.788,34.4,24.299999999999997,13,25.938461303710938,330.0,1.0,30,3.0,143.23597717285156
C2,1911,0.6276843087125965,34.6,24.299999999999997,13,19.876922607421875,258.0,1.0,70,2.0,132.208251953125
C2,1912,0.788,34.4,24.2,13,27.907691955566406,375.0,1.0,30,3.0,127.85828399658203
C2,1913,0.5980833333333333,33.300000000000004,23.2,18,38.37333297729492,579.0,1.0,30,3.0,136.31497192382812
C2,1914,0.6159769618294283,32.9,22.4,18,11.711111068725586,212.0,1.0,70,1.0,152.4556427001953
C2,1915,0.6835833333333333,32.7,22.0,21,32.20000076293945,594.0,1.0,30,3.0,171.87338256835938
C2,1916,0.6872499999999999,32.300000000000004,21.5,24,30.316667556762695,714.0,1.0,30,3.0,189.52403259277344
C2,1917,0.81,32.0,21.2,24,23.483333587646484,561.0,1.0,30,3.0,196.7810821533203
C2,1918,0.5718349300734773,32.300000000000004,21.5,24,5.7166666984558105,133.0,1.0,90,1.0,192.46865844726562
C2,1919,0.7815775219797102,32.2,21.5,24,13.233333587646484,303.0,1.0,30,3.0,171.61451721191406
C2,1920,0.8081666666666668,32.2,21.3,24,21.200000762939453,501.0,1.0,30,3.0,156.4353790283203
C2,1921,0.8109166666666667,31.9,21.1,24,28.616666793823242,678.0,1.0,30,3.0,159.72789001464844
C2,1922,0.8081666666666668,32.2,21.3,24,24.049999237060547,564.0,1.0,30,3.0,173.30340576171875
C2,1923,0.8090833333333334,32.099999999999994,21.4,24,24.78333282470703,600.0,1.0,30,3.0,185.8487091064453
C2,1924,0.8090833333333334,32.099999999999994,21.2,24,24.733333587646484,576.0,1.0,30,3.0,188.84255981445312
C2,1925,0.8109166666666667,31.9,21.2,24,26.46666717529297,621.0,1.0,30,3.0,193.1721954345703
C2,1926,0.6077486012846436,32.0,21.1,24,25.66666603088379,618.0,1.0,90,3.0,196.5699920654297
C2,1927,0.6711950309864196,32.2,21.7,21,16.742856979370117,352.0,1.0,30,2.0,196.47532653808594
C2,1928,0.7919930211474573,32.4,21.8,21,17.847618103027344,370.0,1.0,30,2.0,193.48519897460938
C2,1929,0.7660914058621983,32.800000000000004,22.1,21,10.114285469055176,200.0,1.0,30,2.0,177.5577850341797
C2,1930,0.7839505150848474,32.7,22.2,20,19.08571434020996,408.0,1.0,30,2.0,171.7346649169922
C2,1931,0.8008333333333334,33.0,22.3,20,20.299999237060547,398.0,1.0,30,2.0,170.1074676513672
C2,1932,0.5562499999999999,33.5,23.5,14,21.85714340209961,306.0,1.0,30,2.0,176.19781494140625
C2,1933,0.7953333333333333,33.6,23.5,14,30.0,418.0,1.0,30,2.0,180.51869201660156
C2,1934,0.7944166666666667,33.7,23.599999999999998,14,25.685714721679688,360.0,1.0,30,2.0,180.577880859375
C2,1935,0.6780833333333334,33.300000000000004,23.099999999999998,17,33.20000076293945,543.0,1.0,30,3.0,184.3467254638672
C2,1936,0.7754921307562053,32.599999999999994,22.1,19,18.44210433959961,360.0,1.0,30,3.0,174.74136352539062
C2,1937,0.779678582075104,32.599999999999994,21.7,19,13.831579208374023,282.0,1.0,30,3.0,157.51148986816406
C2,1938,0.8026666666666666,32.800000000000004,22.2,19,22.484210968017578,429.0,1.0,30,3.0,142.1068878173828
C2,1939,0.8045,32.599999999999994,22.2,19,21.726316452026367,423.0,1.0,30,3.0,135.6641387939453
C2,1940,0.8035833333333333,32.7,22.1,19,21.621051788330078,408.0,1.0,30,3.0,137.3984832763672
C2,1941,0.799,33.2,22.9,19,39.30666732788086,597.0,1.0,30,3.0,145.90576171875
C2,1942,0.7266601880797798,33.0,22.5,19,20.336841583251953,381.0,1.0,50,3.0,149.14344787597656
C2,1943,0.7690866481806182,32.800000000000004,22.3,19,31.010526657104492,585.0,1.0,50,3.0,158.95274353027344
C2,1944,0.7378576483885821,32.800000000000004,22.1,19,22.61052703857422,429.0,1.0,50,3.0,157.37164306640625
C2,1945,0.7500933362569775,32.800000000000004,22.2,19,25.705263137817383,483.0,1.0,50,3.0,160.95631408691406
C2,1946,0.8035833333333333,32.7,22.1,19,27.663158416748047,534.0,1.0,30,3.0,160.8404541015625
C2,1947,0.7885,32.599999999999994,21.9,21,33.14285659790039,669.0,1.0,30,3.0,171.43760681152344
C2,1948,0.7938234589229464,32.5,21.7,21,19.104761123657227,393.0,1.0,30,3.0,173.7958984375
C2,1949,0.783977737921237,32.5,21.9,21,15.028571128845215,303.0,1.0,30,3.0,164.94419860839844
C2,1950,0.770352265060032,31.6,20.8,21,8.190476417541504,228.0,1.0,30,3.0,140.03318786621094
C2,1951,0.8054166666666667,32.5,21.9,21,24.495237350463867,504.0,1.0,30,3.0,130.01991271972656
C2,1952,0.7837107977459992,30.8,20.8,21,9.904762268066406,252.0,1.0,30,3.0,121.74528503417969
C2,1953,0.6271037358282892,28.400000000000002,20.0,17,4.8470587730407715,150.0,1.0,30,3.0,113.31383514404297
C2,1954,0.7843649248205962,32.7,22.1,17,15.858823776245117,291.0,1.0,30,3.0,98.78829956054688
C2,1955,0.7735159986845629,32.0,20.8,17,10.141176223754883,225.0,1.0,30,3.0,88.87297821044922
C2,1956,0.6707971449624854,33.2,22.8,17,7.599999904632568,132.0,1.0,50,1.0,93.85712432861328
C2,1957,0.4744166666666667,33.7,23.599999999999998,9,20.799999237060547,240.0,1.0,30,3.0,94.58094024658203
C2,1958,0.7369166666666667,39.1,26.599999999999998,10,31.55555534362793,304.0,1.0,30,2.0,105.28189849853516
C2,1959,0.7683207091529416,34.7,24.9,10,16.760000228881836,190.0,1.0,30,2.0,106.76913452148438
C2,1960,0.6304166666666667,38.5,25.9,13,34.599998474121094,368.0,1.0,30,2.0,121.52815246582031
C2,1961,0.7811666666666668,33.4,23.5,15,31.893333435058594,468.0,1.0,30,3.0,130.91688537597656
C2,1962,0.7980833333333334,33.300000000000004,22.9,15,32.61333465576172,474.0,1.0,30,3.0,144.95013427734375
C2,1963,0.6008333333333334,33.0,22.8,20,34.070587158203125,555.0,1.0,30,3.0,153.50341796875
C2,1964,0.8063333333333333,32.4,21.8,20,23.520000457763672,465.0,1.0,30,3.0,158.50204467773438
C2,1965,0.8054166666666667,32.5,21.7,20,25.0,498.0,1.0,30,3.0,162.56790161132812
C2,1966,0.8063333333333333,32.4,21.8,20,27.219999313354492,546.0,1.0,30,3.0,164.60740661621094
C2,1967,0.785038572464469,32.099999999999994,21.3,20,14.100000381469727,291.0,1.0,30,3.0,158.0977783203125
C2,1968,0.7921701093529251,29.2,20.400000000000002,20,8.140000343322754,210.0,1.0,30,3.0,141.39199829101562
C2,1969,0.8300473246115403,22.4,18.599999999999998,20,1.840000033378601,93.0,1.0,30,3.0,111.23519897460938
C2,1970,0.7913467440584442,27.900000000000002,19.7,20,4.760000228881836,177.0,1.0,30,3.0,88.07445526123047
C2,1971,0.8245724027518893,23.599999999999998,19.099999999999998,20,3.200000047683716,144.0,1.0,30,3.0,71.24467468261719
C2,1972,0.6054122506908374,33.9,24.0,16,46.959999084472656,513.0,1.0,30,3.0,79.81346893310547
C2,1973,0.7334344417146242,33.300000000000004,23.0,16,22.649999618530273,354.0,1.0,50,2.0,100.68807983398438
C2,1974,0.7041809703490733,33.4,23.0,16,15.899999618530273,250.0,1.0,50,2.0,123.4795150756836
C2,1975,0.7345474191769621,33.300000000000004,22.9,16,22.924999237060547,362.0,1.0,50,2.0,138.4877166748047
C2,1976,0.7962499999999999,33.5,23.099999999999998,16,23.825000762939453,374.0,1.0,30,2.0,148.82595825195312
C2,1977,0.799,33.2,23.0,16,29.649999618530273,462.0,1.0,30,2.0,169.16224670410156
C2,1978,0.7821045811663858,33.300000000000004,23.3,16,17.149999618530273,280.0,1.0,30,2.0,175.8973388671875
C2,1979,0.7755839915312289,32.9,22.700000000000003,16,13.375,216.0,1.0,30,2.0,169.4050750732422
C2,1980,0.791566960958079,28.2,20.0,16,5.525000095367432,134.0,1.0,30,2.0,143.64305114746094
C2,1981,0.7980833333333334,33.300000000000004,23.2,16,24.100000381469727,384.0,1.0,30,2.0,135.11915588378906
C2,1982,0.7980833333333334,33.300000000000004,23.099999999999998,16,20.5,324.0,1.0,30,2.0,137.204833984375
C2,1983,0.6579595192931497,34.4,24.400000000000002,13,19.876922607421875,258.0,1.0,30,2.0,146.722900390625
C2,1984,0.6707500000000001,34.1,23.900000000000002,16,36.79999923706055,486.0,1.0,30,3.0,148.43373107910156
C2,1985,0.791899265817136,32.9,22.599999999999998,16,19.975000381469727,318.0,1.0,30,3.0,141.9935760498047
C2,1986,0.6408333333333334,33.0,22.599999999999998,20,36.625,585.0,1.0,30,3.0,146.92947387695312
C2,1987,0.7750731279909977,32.099999999999994,21.1,20,10.880000114440918,261.0,1.0,30,3.0,139.89102172851562
C2,1988,0.8269681237125053,23.400000000000002,19.2,20,3.3399999141693115,141.0,1.0,30,3.0,127.80127716064453
C2,1989,0.7792830715357975,32.4,21.8,20,13.079999923706055,291.0,1.0,30,3.0,107.48076629638672
C2,1990,0.781361494338896,32.4,21.6,20,13.779999732971191,288.0,1.0,30,3.0,96.48845672607422
C2,1991,0.8045,32.599999999999994,21.8,20,27.5,546.0,1.0,30,3.0,107.89307403564453
C2,1992,0.7079269875123155,28.1,20.2,20,5.239999771118164,142.0,1.0,50,2.0,111.26918029785156
C2,1993,0.8045,32.599999999999994,22.0,20,22.719999313354492,447.0,1.0,30,3.0,120.36151123046875
C2,1994,0.8035833333333333,32.7,22.0,20,28.959999084472656,579.0,1.0,30,3.0,127.2835693359375
C2,1995,0.8045,32.599999999999994,21.9,20,29.6200008392334,597.0,1.0,30,3.0,148.50347900390625
C2,1996,0.8063333333333333,32.4,21.7,20,30.139999389648438,597.0,1.0,30,3.0,167.90208435058594
C2,1997,0.671010975715868,32.4,22.0,20,5.860000133514404,117.0,1.0,50,1.0,169.4079132080078
C2,1998,0.6709271727671458,32.800000000000004,22.700000000000003,20,6.739999771118164,134.0,1.0,50,1.0,161.64474487304688
C2,1999,0.8054166666666667,32.5,21.7,20,23.780000686645508,492.0,1.0,30,3.0,152.3201904296875
C2,2000,0.8035833333333333,32.7,22.0,20,28.0,558.0,1.0,30,3.0,155.92544555664062
C2,2001,0.6854166666666667,32.5,21.8,23,35.18000030517578,699.0,1.0,30,3.0,171.28860473632812
C2,2002,0.7798526735102591,32.4,21.6,23,13.26956558227539,302.0,1.0,30,2.0,178.77316284179688
C2,2003,0.8081666666666668,32.2,21.4,23,22.069564819335938,510.0,1.0,30,3.0,181.1305694580078
C2,2004,0.8081666666666668,32.2,21.3,23,22.626087188720703,510.0,1.0,30,3.0,174.14500427246094
C2,2005,0.6890833333333334,32.099999999999994,21.3,26,33.895652770996094,777.0,1.0,30,3.0,184.35366821289062
C2,2006,0.8109166666666667,31.9,21.1,26,28.953845977783203,744.0,1.0,30,3.0,200.87887573242188
C2,2007,0.81,32.0,21.0,26,24.5230770111084,630.0,1.0,30,3.0,216.1273193359375
C2,2008,0.6389822666017485,31.8,21.0,26,15.784615516662598,406.0,1.0,70,2.0,217.80972290039062
C2,2009,0.8127500000000001,31.7,20.8,26,30.676923751831055,783.0,1.0,30,3.0,220.55250549316406
C2,2010,0.8109166666666667,31.9,21.0,26,28.399999618530273,720.0,1.0,30,3.0,226.1981658935547
C2,2011,0.5745833333333333,31.5,20.7,32,32.67499923706055,993.0,1.0,30,3.0,246.65223693847656
C2,2012,0.8329166666666667,29.5,20.6,32,21.587499618530273,681.0,1.0,30,3.0,254.39134216308594
C2,2013,0.8393333333333334,28.8,20.299999999999997,32,22.25,723.0,1.0,30,3.0,259.16815185546875
C2,2014,0.8375,29.0,20.299999999999997,32,32.462501525878906,1014.0,1.0,30,3.0,262.9675598144531
C2,2015,0.8175463984801428,28.9,20.400000000000002,32,15.237500190734863,474.0,1.0,30,2.0,266.5805358886719
C2,2016,0.8199847427378929,28.7,20.400000000000002,32,15.462499618530273,484.0,1.0,30,2.0,268.88165283203125
C2,2017,0.8255833333333333,30.3,20.7,32,20.299999237060547,640.0,1.0,30,2.0,267.8623352050781
C2,2018,0.8189132219679942,28.9,20.400000000000002,32,15.75,496.0,1.0,30,2.0,268.7174072265625
C2,2019,0.8018445518713915,29.8,20.6,32,12.662500381469727,392.0,1.0,30,2.0,263.09710693359375
C2,2020,0.3981886058315282,32.2,21.4,22,19.909090042114258,428.0,1.0,30,2.0,245.5915985107422
C2,2021,0.80725,32.300000000000004,21.4,22,24.85454559326172,550.0,1.0,30,2.0,238.68829345703125
C2,2022,0.7900360547200977,32.4,21.6,22,17.0181827545166,366.0,1.0,30,2.0,232.81297302246094
C2,2023,0.6454166666666666,32.5,22.1,18,20.55555534362793,368.0,1.0,30,2.0,225.28778076171875
C2,2024,0.793737947154801,32.7,22.3,18,19.9777774810791,358.0,1.0,30,2.0,207.97267150878906
C2,2025,0.7872316616246431,32.800000000000004,22.4,18,17.377777099609375,328.0,1.0,30,2.0,195.05026245117188
C2,2026,0.5949116550670983,32.9,22.4,18,23.733333587646484,420.0,1.0,90,2.0,190.76348876953125
C2,2027,0.6177172560972617,33.2,23.599999999999998,14,15.085714340209961,213.0,1.0,30,1.0,192.72476196289062
C2,2028,0.7754925435755113,33.4,23.5,14,14.942856788635254,208.0,1.0,30,1.0,199.7681884765625
C2,2029,0.7761105349595768,33.6,23.8,14,15.857142448425293,219.0,1.0,30,1.0,205.19424438476562
C2,2030,0.7725928203694571,34.0,23.900000000000002,14,15.914285659790039,224.0,1.0,30,1.0,209.9165496826172
C2,2031,0.7731431011120956,34.2,23.900000000000002,14,16.85714340209961,227.0,1.0,30,1.0,215.28326416015625
C2,2032,0.48996441019815884,38.800000000000004,26.700000000000003,8,16.450000762939453,146.0,1.0,30,1.0,208.76995849609375
C2,2033,0.7145110092459126,40.7,27.799999999999997,8,17.25,149.0,1.0,30,1.0,194.86196899414062
C2,2034,0.7193614819225809,39.6,27.799999999999997,8,15.199999809265137,122.0,1.0,30,1.0,172.51718139648438
C2,2035,0.7366666666666667,40.0,27.900000000000002,8,21.799999237060547,172.0,1.0,30,1.0,162.5769805908203
C2,2036,0.7036666666666667,43.6,28.5,8,21.0,176.0,1.0,30,1.0,160.21286010742188
C2,2037,0.6675,45.8,31.8,6,27.33333396911621,176.0,1.0,30,1.0,165.994384765625
C2,2038,0.6853333333333332,45.6,31.2,6,32.0,199.0,1.0,30,1.0,173.06329345703125
C2,2039,0.11688311043979698,43.2,27.599999999999998,19,58.766666412353516,612.0,1.0,30,3.0,181.03797912597656
C2,2040,0.6881666666666668,32.2,21.4,22,23.945453643798828,504.0,1.0,30,3.0,184.75611877441406
C2,2041,0.6357425673677236,32.4,21.8,22,16.454545974731445,358.0,1.0,70,2.0,184.32034301757812
C2,2042,0.80725,32.300000000000004,21.6,22,24.454545974731445,507.0,1.0,30,3.0,179.39219665527344
C2,2043,0.786337513788917,32.4,21.7,22,15.563636779785156,327.0,1.0,30,3.0,168.5686492919922
C2,2044,0.5690833333333334,32.099999999999994,21.3,28,36.31999969482422,855.0,1.0,30,3.0,176.20785522460938
C2,2045,0.8237500000000001,30.5,20.7,28,24.299999237060547,681.0,1.0,30,3.0,188.52471923828125
C2,2046,0.7997505739761935,31.8,20.9,28,18.871429443359375,522.0,1.0,30,3.0,204.5814971923828
C2,2047,0.7996442973933648,30.599999999999998,20.7,28,14.399999618530273,387.0,1.0,30,3.0,193.41555786132812
C2,2048,0.7863467462958632,30.5,20.5,28,9.871428489685059,285.0,1.0,30,3.0,169.1160125732422
C2,2049,0.801988476272444,28.0,19.900000000000002,28,7.814285755157471,249.0,1.0,30,3.0,142.40293884277344
C2,2050,0.5976325967696307,31.9,21.0,23,18.316667556762695,426.0,1.0,30,3.0,128.10842895507812
C2,2051,0.5479497602776007,32.800000000000004,22.2,17,17.6842098236084,330.0,1.0,30,3.0,121.53172302246094
C2,2052,0.6771666666666668,33.4,23.3,14,28.542856216430664,408.0,1.0,30,3.0,124.6523666381836
C2,2053,0.7853288288948432,33.2,22.9,14,18.14285659790039,282.0,1.0,30,3.0,120.124755859375
C2,2054,0.7773769810032649,32.4,21.6,14,12.45714282989502,231.0,1.0,30,3.0,113.00818634033203
C2,2055,0.7971666666666668,33.4,23.400000000000002,14,28.171428680419922,399.0,1.0,30,3.0,108.33824157714844
C2,2056,0.7714976127035525,34.5,24.299999999999997,14,17.314285278320312,228.0,1.0,30,2.0,108.20294952392578
C2,2057,0.7944166666666667,33.7,23.5,14,21.97142791748047,310.0,1.0,30,2.0,118.52176666259766
C2,2058,0.7769475459517028,33.7,23.8,14,16.542856216430664,238.0,1.0,30,2.0,122.84639739990234
C2,2059,0.6752312331014283,33.6,23.5,14,9.54285717010498,128.0,1.0,50,1.0,127.3078384399414
C2,2060,0.6619801171900739,32.5,21.4,14,3.828571319580078,70.0,1.0,50,1.0,118.6513671875
C2,2061,0.7484996853275946,34.6,24.299999999999997,16,45.05454635620117,492.0,1.0,30,3.0,119.45748901367188
C2,2062,0.7566177684572539,32.5,21.3,16,6.699999809265137,144.0,1.0,30,2.0,112.47449493408203
C2,2063,0.7695220058302815,32.9,22.2,16,11.425000190734863,198.0,1.0,30,2.0,112.15135955810547
C2,2064,0.799,33.2,22.8,16,20.674999237060547,324.0,1.0,30,2.0,111.6908187866211
C2,2065,0.7999166666666667,33.099999999999994,22.8,16,20.774999618530273,320.0,1.0,30,2.0,123.1478271484375
C2,2066,0.7766535408380094,33.2,22.700000000000003,16,14.699999809265137,234.0,1.0,30,2.0,132.42202758789062
C2,2067,0.6289166666666667,34.3,24.299999999999997,12,27.733333587646484,338.0,1.0,30,2.0,138.9198760986328
C2,2068,0.7678333333333334,36.6,24.8,12,24.399999618530273,298.0,1.0,30,2.0,141.3519287109375
C2,2069,0.7564052568856765,32.4,21.0,12,6.400000095367432,120.0,1.0,30,2.0,135.21115112304688
C2,2070,0.7642441396259652,35.2,24.6,12,16.96666717529297,206.0,1.0,30,2.0,122.72669219970703
C2,2071,0.7870833333333334,34.5,24.6,12,26.799999237060547,324.0,1.0,30,2.0,116.96935272216797
C2,2072,0.7587794592242179,32.4,21.7,12,7.0333333015441895,128.0,1.0,30,2.0,114.04827880859375
C2,2073,0.76925,34.7,24.6,14,39.45454406738281,435.0,1.0,30,3.0,117.8956298828125
C2,2074,0.7820833333333334,33.300000000000004,23.099999999999998,16,31.850000381469727,507.0,1.0,30,3.0,121.13738250732422
C2,2075,0.7790343546152161,33.2,22.599999999999998,16,15.574999809265137,285.0,1.0,30,3.0,127.21575927734375
C2,2076,0.7980833333333334,33.300000000000004,23.0,16,27.475000381469727,447.0,1.0,30,3.0,131.3961181640625
C2,2077,0.799,33.2,23.099999999999998,16,26.350000381469727,414.0,1.0,30,3.0,129.77101135253906
C2,2078,0.7811666666666668,33.4,23.099999999999998,18,33.150001525878906,525.0,1.0,30,3.0,139.4626007080078
C2,2079,0.8008333333333334,33.0,22.5,18,23.066667556762695,399.0,1.0,30,3.0,143.14422607421875
C2,2080,0.7897105810659413,33.0,22.599999999999998,18,19.33333396911621,348.0,1.0,30,3.0,142.4198760986328
C2,2081,0.8026666666666666,32.800000000000004,22.2,18,26.066667556762695,486.0,1.0,30,3.0,140.25192260742188
C2,2082,0.799,33.2,22.599999999999998,18,24.64444351196289,429.0,1.0,30,3.0,140.28448486328125
C2,2083,0.8035833333333333,32.7,22.2,18,32.68888854980469,579.0,1.0,30,3.0,150.57069396972656
C2,2084,0.7843878184299278,32.4,21.7,18,14.844444274902344,288.0,1.0,30,3.0,147.94241333007812
C2,2085,0.7887031452891909,33.099999999999994,22.700000000000003,18,19.288888931274414,342.0,1.0,30,3.0,142.498779296875
C2,2086,0.8026666666666666,32.800000000000004,22.3,18,20.822221755981445,381.0,1.0,30,3.0,130.43260192871094
C2,2087,0.8026666666666666,32.800000000000004,22.3,18,30.311111450195312,543.0,1.0,30,3.0,134.52622985839844
C2,2088,0.6907049021507197,33.4,22.8,18,12.755555152893066,228.0,1.0,50,2.0,136.98240661621094
C2,2089,0.6809950035723028,32.5,21.8,18,8.51111125946045,174.0,1.0,50,2.0,133.12277221679688
C2,2090,0.6859482588605403,32.599999999999994,22.0,18,9.911110877990723,186.0,1.0,50,2.0,119.07366180419922
C2,2091,0.7499926037897023,33.2,22.700000000000003,18,26.64444351196289,478.0,1.0,50,2.0,127.31086730957031
C2,2092,0.4038159835877832,33.5,23.099999999999998,11,11.355555534362793,206.0,1.0,50,2.0,134.3865203857422
C2,2093,0.6705811718817088,38.6,25.8,10,21.1200008392334,214.0,1.0,50,2.0,140.4985809326172
C2,2094,0.6854025408021449,38.5,25.8,10,22.559999465942383,232.0,1.0,50,2.0,127.76581573486328
C2,2095,0.6352515510018011,38.800000000000004,25.9,10,11.359999656677246,113.0,1.0,50,1.0,121.45948791503906
C2,2096,0.6489308830841544,39.1,26.4,10,15.199999809265137,154.0,1.0,50,1.0,123.9423599243164
C2,2097,0.40348944474777015,46.9,31.099999999999998,5,21.360000610351562,135.0,1.0,50,1.0,127.96541595458984
C2,2098,0.3413858904435573,50.7,34.8,5,33.20000076293945,182.0,1.0,50,1.0,139.57925415039062
C2,2099,0.5652980353298841,44.3,29.4,8,41.06666564941406,270.0,1.0,30,3.0,138.01422119140625
C2,2100,0.7440000000000001,39.199999999999996,26.8,8,32.25,291.0,1.0,30,3.0,132.00852966308594
C2,2101,0.24388330541018172,38.9,43.8,19,56.90909194946289,543.0,1.0,30,3.0,128.27178955078125
C2,2102,0.8017500000000001,32.9,22.2,19,28.336841583251953,519.0,1.0,30,3.0,137.09640502929688
C2,2103,0.8008333333333334,33.0,22.3,19,27.831579208374023,522.0,1.0,30,3.0,152.6578369140625
C2,2104,0.8026666666666666,32.800000000000004,22.2,19,32.04210662841797,597.0,1.0,30,3.0,164.3946990966797
C2,2105,0.40724999999999995,32.300000000000004,21.6,29,33.68275833129883,879.0,1.0,30,3.0,187.43682861328125
C2,2106,0.7184158702184485,29.5,20.7,29,10.868965148925781,298.0,1.0,50,2.0,197.9287567138672
C2,2107,0.7971932759163234,29.1,20.5,29,9.296551704406738,285.0,1.0,30,3.0,190.3572540283203
C2,2108,0.8080891645166788,29.7,20.6,29,14.468965530395508,414.0,1.0,30,3.0,165.14768981933594
C2,2109,0.8177088399853816,29.7,20.6,29,18.275861740112305,507.0,1.0,30,3.0,152.68861389160156
C2,2110,0.35424778263651174,29.3,20.5,18,8.979310035705566,279.0,1.0,30,3.0,144.94650268554688
C2,2111,0.8026666666666666,32.800000000000004,22.1,18,25.55555534362793,459.0,1.0,30,3.0,142.30123901367188
C2,2112,0.7885,32.599999999999994,22.1,20,32.2599983215332,612.0,1.0,30,3.0,145.3807373046875
C2,2113,0.8054166666666667,32.5,21.9,20,30.31999969482422,594.0,1.0,30,3.0,161.2284393310547
C2,2114,0.80725,32.300000000000004,21.6,20,24.860000610351562,492.0,1.0,30,3.0,172.2037353515625
C2,2115,0.7875707091529416,32.599999999999994,22.0,20,16.760000228881836,339.0,1.0,30,3.0,166.65557861328125
C2,2116,0.7891292719268103,32.9,22.2,20,18.6200008392334,363.0,1.0,30,3.0,153.0600128173828
C2,2117,0.8045,32.599999999999994,22.0,20,24.84000015258789,474.0,1.0,30,3.0,144.10267639160156
C2,2118,0.7919624735314262,32.5,22.0,20,18.239999771118164,363.0,1.0,30,3.0,139.79493713378906
C2,2119,0.6826666666666666,32.800000000000004,22.2,17,31.764705657958984,531.0,1.0,30,3.0,144.6769561767578
C2,2120,0.7857500000000001,32.9,22.5,19,32.65262985229492,579.0,1.0,30,3.0,152.27284240722656
C2,2121,0.8045,32.599999999999994,21.9,19,26.3157901763916,504.0,1.0,30,3.0,163.0970458984375
C2,2122,0.7489790967853222,32.7,22.1,19,25.17894744873047,477.0,1.0,50,3.0,167.19155883789062
C2,2123,0.7641317532211561,32.5,22.0,19,28.75789451599121,549.0,1.0,50,3.0,168.31494140625
C2,2124,0.793619187646151,32.599999999999994,22.1,19,19.4526309967041,363.0,1.0,30,3.0,162.7222900390625
C2,2125,0.8045,32.599999999999994,22.1,19,22.421052932739258,426.0,1.0,30,3.0,157.10003662109375
C2,2126,0.8035833333333333,32.7,22.1,19,25.052631378173828,462.0,1.0,30,3.0,149.8600311279297
C2,2127,0.7301511374982621,32.599999999999994,22.0,19,20.294736862182617,378.0,1.0,50,3.0,146.18267822265625
C2,2128,0.8017500000000001,32.9,22.3,19,20.589473724365234,396.0,1.0,30,3.0,142.6429443359375
C2,2129,0.63625,33.5,23.0,15,24.453332901000977,354.0,1.0,30,3.0,135.71910095214844
C2,2130,0.7962499999999999,33.5,23.5,15,23.360000610351562,342.0,1.0,30,3.0,129.9647979736328
C2,2131,0.7873333333333333,33.6,23.400000000000002,14,26.399999618530273,390.0,1.0,30,3.0,126.24554443359375
C2,2132,0.7953333333333333,33.6,23.8,14,24.428571701049805,342.0,1.0,30,3.0,123.48065948486328
C2,2133,0.7864166666666667,33.7,23.7,13,23.485713958740234,321.0,1.0,30,3.0,120.88839721679688
C2,2134,0.7935,33.8,23.900000000000002,13,24.676923751831055,327.0,1.0,30,3.0,116.53303527832031
C2,2135,0.7925833333333334,33.9,24.0,13,24.830768585205078,330.0,1.0,30,3.0,113.38648986816406
C2,2136,0.7916666666666666,34.0,24.299999999999997,13,28.830768585205078,375.0,1.0,30,3.0,113.8985595703125
C2,2137,0.6753333333333333,33.6,23.599999999999998,16,36.400001525878906,501.0,1.0,30,3.0,121.93913269042969
C2,2138,0.679,33.2,22.700000000000003,19,34.48421096801758,582.0,1.0,30,3.0,137.96348571777344
C2,2139,0.8026666666666666,32.800000000000004,22.2,19,31.726316452026367,600.0,1.0,30,3.0,157.57809448242188
C2,2140,0.7891579263021817,32.7,22.4,19,17.81052589416504,340.0,1.0,30,2.0,169.74685668945312
C2,2141,0.6155122043327618,33.2,23.0,23,85.70526123046875,1698.0,1.0,70,2.0,264.3814392089844
C2,2142,-1.1482620982427507,29.0,21.0,72,46.488887786865234,2552.0,1.0,30,2.0,464.6288757324219
C2,2143,0.09858333333333337,26.700000000000003,20.400000000000002,91,39.68387222290039,3600.0,1.0,30,3.0,745.1773071289062
C2,2144,0.8448704503007483,26.9,20.5,91,41.032257080078125,3600.0,1.0,30,3.0,960.9730834960938
C2,2145,0.8376064295892585,27.099999999999998,20.6,91,43.39354705810547,3600.0,1.0,30,3.0,1104.183837890625
C2,2146,0.8361317735072946,26.8,20.5,91,45.00645065307617,3600.0,1.0,30,3.0,1184.9102783203125
C2,2147,0.8391711360922759,26.599999999999998,20.5,91,44.5612907409668,3600.0,1.0,30,3.0,1247.7462158203125
C2,2148,0.8361788666130932,26.9,20.6,91,44.651611328125,3600.0,1.0,30,3.0,1285.3143310546875
C2,2149,0.8410610789615205,26.9,20.6,91,42.72903060913086,3600.0,1.0,30,3.0,1321.721923828125
C2,2150,0.7060644828878808,26.200000000000003,20.400000000000002,91,40.25161361694336,2580.0,1.0,90,2.0,1340.4998779296875
C2,2151,0.8549166666666668,27.099999999999998,20.6,91,39.890323638916016,3600.0,1.0,30,3.0,1348.033203125
C2,2152,0.8441563606381705,27.0,20.7,91,40.935482025146484,3600.0,1.0,30,3.0,1333.486572265625
C2,2153,0.8493730901510841,24.1,19.5,91,11.174193382263184,678.0,1.0,30,1.0,1243.15869140625
C2,2154,0.8512380902200039,23.599999999999998,19.400000000000002,91,10.354838371276855,608.0,1.0,30,1.0,1090.028564453125
C2,2155,0.8606392285824487,23.599999999999998,19.3,91,13.309677124023438,786.0,1.0,30,1.0,930.2837524414062
C2,2156,0.8604269630723016,23.599999999999998,19.3,91,13.238709449768066,775.0,1.0,30,1.0,847.3702392578125
C2,2157,0.8618142161545779,23.400000000000002,19.3,91,13.090322494506836,780.0,1.0,30,1.0,820.5554809570312
C2,2158,-1.7273373267755496,28.2,20.2,27,18.829999923706055,738.0,1.0,30,1.0,798.066650390625
C2,2159,0.7922860735123947,31.8,21.2,27,55.733333587646484,1486.0,1.0,70,2.0,780.306640625
C2,2160,-0.07045310990937984,25.8,19.7,50,16.615999221801758,819.0,1.0,30,1.0,774.8506469726562
C2,2161,0.8640833333333334,26.1,19.8,50,30.399999618530273,1506.0,1.0,30,2.0,773.5770874023438
C2,2162,0.86225,26.3,19.8,50,30.968000411987305,1510.0,1.0,30,2.0,774.4129028320312
C2,2163,0.8613333333333334,26.4,19.8,50,30.304000854492188,1480.0,1.0,30,2.0,764.381103515625
C2,2164,0.8640833333333334,26.1,19.7,50,27.68000030517578,1356.0,1.0,30,2.0,748.3619995117188
C2,2165,0.8604166666666666,26.5,19.7,50,27.76799964904785,1352.0,1.0,30,2.0,728.2171630859375
C2,2166,0.86225,26.3,19.900000000000002,50,31.13599967956543,1530.0,1.0,30,2.0,719.463623046875
C2,2167,0.8613333333333334,26.4,20.0,50,31.280000686645508,1554.0,1.0,30,2.0,727.4114990234375
C2,2168,0.6286666666666667,25.6,20.0,56,34.485713958740234,1728.0,1.0,30,2.0,757.2468872070312
C2,2169,0.8714166666666666,25.3,19.7,56,27.921428680419922,1538.0,1.0,30,2.0,775.6814575195312
C2,2170,0.8723333333333333,25.2,19.8,56,28.592857360839844,1590.0,1.0,30,2.0,789.1422119140625
C2,2171,0.8659166666666668,25.9,19.900000000000002,56,29.60714340209961,1624.0,1.0,30,2.0,790.2853393554688
C2,2172,0.87325,25.1,19.8,56,29.242856979370117,1602.0,1.0,30,2.0,795.2378540039062
C2,2173,0.790528239915494,23.8,19.400000000000002,56,15.514286041259766,863.0,1.0,50,1.0,807.2760620117188
C2,2174,0.8851666666666667,23.8,19.3,56,24.985713958740234,1366.0,1.0,30,2.0,797.2989501953125
C2,2175,0.3068333333333333,25.8,20.299999999999997,70,36.878570556640625,2106.0,1.0,30,3.0,778.1127319335938
C2,2176,0.87325,25.1,20.1,70,35.41935348510742,2220.0,1.0,30,3.0,750.2009887695312
C2,2177,0.8723333333333333,25.2,20.1,70,36.62580490112305,2280.0,1.0,30,3.0,743.7205810546875
C2,2178,0.87325,25.1,20.2,70,36.935482025146484,2328.0,1.0,30,3.0,749.6990356445312
C2,2179,0.5788267996978826,25.6,20.299999999999997,77,40.01935577392578,2571.0,1.0,30,3.0,768.8860473632812
C2,2180,0.5262306481957535,26.8,20.6,85,40.81935501098633,3600.0,1.0,30,3.0,872.79833984375
C2,2181,0.841011119608743,27.099999999999998,20.6,85,41.96128845214844,3600.0,1.0,30,3.0,1025.1456298828125
C2,2182,0.8373974857452539,27.0,20.6,85,43.83871078491211,3600.0,1.0,30,3.0,1204.5540771484375
C2,2183,0.8351796987122138,26.9,20.6,85,45.01935577392578,3600.0,1.0,30,3.0,1308.732421875
C2,2184,0.8361898089057597,27.0,20.6,85,44.303226470947266,3600.0,1.0,30,3.0,1364.8394775390625
C2,2185,0.8401751817775668,27.0,20.6,85,42.716129302978516,3600.0,1.0,30,3.0,1378.370361328125
C2,2186,0.8427096493025428,27.099999999999998,20.6,85,41.187095642089844,3600.0,1.0,30,3.0,1363.822265625
C2,2187,0.8695833333333334,25.5,20.299999999999997,85,39.303226470947266,2493.0,1.0,30,3.0,1278.82666015625
C2,2188,0.8495207753211921,26.5,20.5,85,40.554840087890625,2592.0,1.0,30,3.0,1160.89599609375
C2,2189,0.8571335072459606,23.900000000000002,19.400000000000002,85,13.058064460754395,795.0,1.0,30,1.0,1028.53759765625
C2,2190,0.8561583466096478,24.0,19.400000000000002,85,13.03870964050293,785.0,1.0,30,1.0,942.9891967773438
C2,2191,0.8597962249722414,24.0,19.400000000000002,85,14.277419090270996,847.0,1.0,30,1.0,889.3935546875
C2,2192,0.8609467277169143,23.599999999999998,19.2,85,13.41290283203125,801.0,1.0,30,1.0,858.0361328125
C2,2193,0.8605372490310295,23.400000000000002,19.3,85,12.670968055725098,761.0,1.0,30,1.0,836.0216674804688
C2,2194,-1.4121525056714228,26.8,19.900000000000002,29,12.180644989013672,762.0,1.0,30,1.0,811.4796752929688
C2,2195,0.8200833333333334,30.900000000000002,20.9,29,21.751724243164062,607.0,1.0,30,1.0,770.8878173828125
C2,2196,0.8274166666666667,30.099999999999998,20.6,29,27.710344314575195,795.0,1.0,30,1.0,751.0660400390625
C2,2197,0.7738531437432903,30.700000000000003,20.8,29,26.89655113220215,768.0,1.0,50,1.0,739.9729614257812
C2,2198,0.08208333333333336,28.5,20.400000000000002,48,33.43333435058594,1532.0,1.0,30,2.0,754.51708984375
C2,2199,0.85125,27.5,19.900000000000002,48,31.924999237060547,1508.0,1.0,30,2.0,757.7769165039062
C2,2200,0.8604166666666666,26.5,19.8,48,30.566667556762695,1436.0,1.0,30,2.0,753.066162109375
C2,2201,0.6604166666666665,26.5,20.0,53,31.20754623413086,1598.0,1.0,30,2.0,754.6397094726562
C2,2202,0.06866666666666665,25.6,20.299999999999997,73,38.16774368286133,2394.0,1.0,30,3.0,761.4505004882812
C2,2203,0.8750833333333334,24.9,20.0,73,32.8258056640625,2010.0,1.0,30,3.0,759.136962890625
C2,2204,0.8741666666666668,25.0,20.1,73,38.27742004394531,2436.0,1.0,30,3.0,759.482177734375
C2,2205,0.8778333333333334,24.6,19.8,73,30.13548469543457,1842.0,1.0,30,3.0,735.1559448242188
C2,2206,0.8723333333333333,25.2,20.1,73,35.34193420410156,2178.0,1.0,30,3.0,728.0269165039062
C2,2207,0.8750833333333334,24.9,20.1,73,36.0,2274.0,1.0,30,3.0,716.5494995117188
C2,2208,0.5541666666666667,25.0,20.1,81,38.858062744140625,2460.0,1.0,30,3.0,737.1296997070312
C2,2209,0.87325,25.1,20.1,81,36.88386917114258,2298.0,1.0,30,3.0,754.8111572265625
C2,2210,0.87325,25.1,20.1,81,37.400001525878906,2349.0,1.0,30,3.0,768.7533569335938
C2,2211,0.8381409925003914,23.7,19.400000000000002,81,6.929032325744629,417.0,1.0,30,3.0,686.3186645507812
C2,2212,0.8362849416378113,22.5,18.8,81,3.6064515113830566,267.0,1.0,30,3.0,546.5911865234375
C2,2213,0.8335186398245709,22.9,19.099999999999998,81,3.8322579860687256,264.0,1.0,30,3.0,370.0880432128906
C2,2214,0.736180381256717,24.2,19.5,81,3.3483870029449463,200.0,1.0,50,2.0,258.9861755371094
C2,2215,0.8280021844747562,24.299999999999997,19.599999999999998,81,5.703225612640381,327.0,1.0,30,3.0,194.99169921875
C2,2216,-1.91825,32.9,22.2,13,22.133333206176758,342.0,1.0,30,3.0,160.0616912841797
C2,2217,0.7582500000000001,35.9,25.3,11,29.85454559326172,324.0,1.0,30,3.0,140.17034912109375
C2,2218,0.7733333333333333,36.0,25.2,11,29.0181827545166,327.0,1.0,30,3.0,128.23553466796875
C2,2219,0.777,35.6,25.3,11,20.909090042114258,230.0,1.0,30,2.0,121.20799255371094
C2,2220,0.751161113861355,37.199999999999996,25.6,11,19.309091567993164,214.0,1.0,30,2.0,116.8581314086914
C2,2221,0.7476666666666667,38.800000000000004,25.6,11,20.03636360168457,224.0,1.0,30,2.0,114.64820861816406
C2,2222,0.7666801209374297,34.7,24.8,11,16.10909080505371,196.0,1.0,30,2.0,111.05559539794922
C2,2223,0.749043048981261,36.5,25.0,11,15.672727584838867,188.0,1.0,30,2.0,107.16668701171875
C2,2224,0.61575,40.099999999999994,28.0,8,26.950000762939453,216.0,1.0,30,2.0,104.30001068115234
C2,2225,0.7110000000000001,42.8,28.2,8,25.899999618530273,206.0,1.0,30,2.0,103.24667358398438
C2,2226,0.7256666666666667,41.2,28.299999999999997,8,27.100000381469727,220.0,1.0,30,2.0,104.74800109863281
C2,2227,0.7091666666666667,43.0,28.299999999999997,8,24.850000381469727,200.0,1.0,30,2.0,104.58213806152344
C2,2228,0.7458333333333333,39.0,26.700000000000003,8,20.850000381469727,182.0,1.0,30,2.0,102.88261413574219
C2,2229,0.7366666666666667,40.0,27.2,8,31.75,288.0,1.0,30,3.0,99.9962387084961
C2,2230,0.6249166666666667,39.1,26.200000000000003,11,33.09090805053711,357.0,1.0,30,3.0,100.79774475097656
C2,2231,0.7674166666666666,34.9,24.8,13,32.18461608886719,408.0,1.0,30,3.0,107.27864837646484
C2,2232,0.7020148553384145,34.6,24.5,13,17.96923065185547,230.0,1.0,50,2.0,113.70052337646484
C2,2233,0.7124332387262983,34.3,24.5,13,19.78461456298828,254.0,1.0,50,2.0,118.62031555175781
C2,2234,0.703710316159871,35.7,25.0,13,20.769229888916016,268.0,1.0,50,2.0,121.3055191040039
C2,2235,0.7756666666666666,34.0,24.2,15,33.96923065185547,435.0,1.0,30,3.0,126.9166488647461
C2,2236,0.7962499999999999,33.5,23.099999999999998,15,32.31999969482422,483.0,1.0,30,3.0,134.816650390625
C2,2237,0.7999166666666667,33.099999999999994,22.9,15,28.053333282470703,426.0,1.0,30,3.0,140.62332153320312
C2,2238,0.7999166666666667,33.099999999999994,23.099999999999998,15,27.46666717529297,408.0,1.0,30,3.0,142.90733337402344
C2,2239,0.7962499999999999,33.5,23.400000000000002,15,27.33333396911621,411.0,1.0,30,3.0,141.07772827148438
C2,2240,0.7980833333333334,33.300000000000004,23.2,15,25.520000457763672,381.0,1.0,30,3.0,137.97996520996094
C2,2241,0.7935,33.8,23.599999999999998,15,27.066667556762695,402.0,1.0,30,3.0,135.85464477539062
C2,2242,0.7962499999999999,33.5,23.400000000000002,15,24.133333206176758,369.0,1.0,30,3.0,132.71278381347656
C2,2243,0.7953333333333333,33.6,23.5,15,22.986665725708008,348.0,1.0,30,3.0,129.3610076904297
C2,2244,0.7962499999999999,33.5,23.400000000000002,15,27.33333396911621,414.0,1.0,30,3.0,127.88327026367188
C2,2245,0.52175,32.9,22.4,22,36.589473724365234,672.0,1.0,30,3.0,140.4633026123047
C2,2246,0.6881666666666668,32.2,21.4,25,34.599998474121094,750.0,1.0,30,3.0,165.8779754638672
C2,2247,0.81,32.0,21.2,25,24.191999435424805,600.0,1.0,30,3.0,189.39344787597656
C2,2248,0.8090833333333334,32.099999999999994,21.1,25,23.280000686645508,573.0,1.0,30,3.0,199.1027374267578
C2,2249,0.8090833333333334,32.099999999999994,21.3,25,24.447999954223633,606.0,1.0,30,3.0,198.52830505371094
C2,2250,0.81,32.0,21.1,25,26.54400062561035,639.0,1.0,30,3.0,199.9169921875
C2,2251,0.8090833333333334,32.099999999999994,21.2,25,29.312000274658203,738.0,1.0,30,3.0,208.08352661132812
C2,2252,0.8090833333333334,32.099999999999994,21.2,25,25.13599967956543,609.0,1.0,30,3.0,213.1167755126953
C2,2253,0.8001051921904155,31.8,21.1,25,19.040000915527344,462.0,1.0,30,3.0,208.2700653076172
C2,2254,0.81,32.0,21.2,25,22.719999313354492,558.0,1.0,30,3.0,197.36204528808594
C2,2255,0.81,32.0,21.0,25,22.799999237060547,549.0,1.0,30,3.0,188.1505584716797
C2,2256,0.80725,32.300000000000004,21.4,25,24.20800018310547,597.0,1.0,30,3.0,188.62367248535156
C2,2257,0.6454166666666666,32.5,21.7,21,31.619047164916992,663.0,1.0,30,3.0,193.57420349121094
C2,2258,0.8045,32.599999999999994,21.9,21,24.24761962890625,507.0,1.0,30,3.0,194.6778564453125
C2,2259,0.8054166666666667,32.5,21.8,21,24.266666412353516,528.0,1.0,30,3.0,192.27337646484375
C2,2260,0.80725,32.300000000000004,21.7,21,28.419048309326172,594.0,1.0,30,3.0,187.76402282714844
C2,2261,0.8045,32.599999999999994,22.0,21,28.685714721679688,588.0,1.0,30,3.0,188.65841674804688
C2,2262,0.8063333333333333,32.4,21.8,21,22.761905670166016,472.0,1.0,30,2.0,197.19505310058594
C2,2263,0.7724363279812195,32.4,21.7,21,30.91428565979004,636.0,1.0,50,3.0,204.18370056152344
C2,2264,0.7362960718700567,32.4,21.8,21,21.33333396911621,450.0,1.0,50,3.0,202.24354553222656
C2,2265,0.7609483118340261,32.300000000000004,21.7,21,27.371429443359375,576.0,1.0,50,3.0,195.21279907226562
C2,2266,0.7748311118193791,32.599999999999994,21.9,21,32.228572845458984,684.0,1.0,50,3.0,193.127685546875
C2,2267,0.5033600058103824,33.0,22.700000000000003,14,36.541175842285156,612.0,1.0,50,3.0,199.0766143798828
C2,2268,0.5635833333333333,32.7,22.2,20,33.06666564941406,585.0,1.0,30,3.0,203.04595947265625
C2,2269,-0.24617623803234276,31.3,21.0,46,45.38823699951172,1452.0,1.0,30,3.0,239.5609130859375
C2,2270,-0.5659798956404557,27.5,20.6,81,43.361289978027344,2640.0,1.0,30,3.0,351.60321044921875
C2,2271,0.8542808336362421,25.8,20.299999999999997,81,41.348388671875,2667.0,1.0,30,3.0,511.3619384765625
C2,2272,0.8501230645999964,26.200000000000003,20.400000000000002,81,41.57419204711914,2757.0,1.0,30,3.0,665.2171630859375
C2,2273,0.854720547551578,25.7,20.299999999999997,81,41.56774139404297,2670.0,1.0,30,3.0,758.8636474609375
C2,2274,0.8550755201710807,25.8,20.299999999999997,81,40.97419357299805,2646.0,1.0,30,3.0,814.1181640625
C2,2275,0.87875,24.5,19.8,81,31.07741928100586,1902.0,1.0,30,2.0,851.53759765625
C2,2276,0.8769166666666668,24.7,19.7,81,29.37419319152832,1808.0,1.0,30,2.0,875.8558959960938
C2,2277,0.8495945040704804,26.200000000000003,20.400000000000002,81,41.812904357910156,2661.0,1.0,30,3.0,891.113525390625
C2,2278,0.8576766478533682,25.5,20.2,81,41.045162200927734,2625.0,1.0,30,3.0,890.134765625
C2,2279,0.8705,25.4,20.2,81,39.86451721191406,2550.0,1.0,30,3.0,882.3475341796875
C2,2280,0.86775,25.7,20.299999999999997,81,39.50967788696289,2517.0,1.0,30,3.0,871.2752075195312
C2,2281,0.8418928914701668,23.599999999999998,19.400000000000002,81,7.696774005889893,444.0,1.0,30,1.0,807.1651000976562
C2,2282,0.8354631993329023,23.900000000000002,19.400000000000002,81,6.703225612640381,390.0,1.0,30,3.0,672.6990966796875
C2,2283,0.851636870949627,23.2,19.2,81,9.399999618530273,555.0,1.0,30,3.0,504.8194274902344
C2,2284,0.8489989672848617,23.5,19.3,81,9.432257652282715,558.0,1.0,30,3.0,369.691650390625
C2,2285,0.8321268095345112,23.599999999999998,19.5,81,5.109677314758301,300.0,1.0,30,3.0,284.614990234375
C2,2286,-1.6908232261634442,31.0,20.8,19,12.12631607055664,285.0,1.0,30,3.0,221.56900024414062
C2,2287,0.7648241960571008,32.4,21.6,19,8.69473648071289,184.0,1.0,30,2.0,171.20806884765625
C2,2288,0.7630865216004958,32.800000000000004,22.0,19,9.242105484008789,190.0,1.0,30,2.0,140.32484436035156
C2,2289,0.7871095523861171,32.800000000000004,22.2,19,17.32631492614746,308.0,1.0,30,2.0,129.6615753173828
C2,2290,0.4468896433803162,33.5,23.0,11,12.327272415161133,166.0,1.0,30,2.0,122.06360626220703
C2,2291,0.7705334144401368,34.3,24.5,11,16.18181800842285,196.0,1.0,30,2.0,117.90483093261719
C2,2292,0.7489114921500047,37.199999999999996,25.5,11,18.254545211791992,200.0,1.0,30,2.0,108.20956420898438
C2,2293,0.7600833333333333,35.7,24.8,13,29.353845596313477,381.0,1.0,30,3.0,108.25907135009766
C2,2294,0.7925833333333334,33.9,24.400000000000002,13,25.600000381469727,333.0,1.0,30,3.0,110.02210998535156
C2,2295,0.7775,33.8,23.8,15,32.0533332824707,462.0,1.0,30,3.0,118.2799301147461
C2,2296,0.7953333333333333,33.6,23.3,15,25.440000534057617,378.0,1.0,30,3.0,123.1012954711914
C2,2297,0.7962499999999999,33.5,23.099999999999998,15,28.613332748413086,417.0,1.0,30,3.0,129.72744750976562
C2,2298,0.7582248334019668,34.1,24.0,15,11.333333015441895,161.0,1.0,30,1.0,134.63645935058594
C2,2299,0.5990000000000001,33.2,22.9,20,32.880001068115234,618.0,1.0,30,3.0,148.24855041503906
C2,2300,0.8026666666666666,32.800000000000004,22.0,20,23.3799991607666,459.0,1.0,30,3.0,158.28245544433594
C2,2301,0.8035833333333333,32.7,22.1,20,23.559999465942383,468.0,1.0,30,3.0,163.63613891601562
C2,2302,0.8054166666666667,32.5,21.8,20,29.260000228881836,573.0,1.0,30,3.0,164.84835815429688
C2,2303,0.7818679777149837,32.300000000000004,21.3,20,13.640000343322754,279.0,1.0,30,3.0,157.57568359375
C2,2304,0.7826080011857744,32.2,21.4,20,13.579999923706055,294.0,1.0,30,3.0,145.47874450683594
C2,2305,0.7887595374335381,32.300000000000004,21.7,20,16.139999389648438,321.0,1.0,30,3.0,127.02057647705078
C2,2306,0.8063333333333333,32.4,22.0,20,23.84000015258789,486.0,1.0,30,3.0,125.14568328857422
C2,2307,0.7789199420179381,32.4,21.4,20,12.960000038146973,276.0,1.0,30,3.0,123.22074127197266
C2,2308,0.6278974576746202,33.0,23.0,16,18.475000381469727,300.0,1.0,30,3.0,121.1324462890625
C2,2309,0.7999166666666667,33.099999999999994,22.599999999999998,16,32.07500076293945,513.0,1.0,30,3.0,121.0794677734375
C2,2310,0.6236485944261765,33.099999999999994,22.9,16,14.75,236.0,1.0,70,2.0,124.51434326171875
C2,2311,0.8008333333333334,33.0,22.8,16,25.274999618530273,405.0,1.0,30,3.0,131.241943359375
C2,2312,0.799,33.2,23.0,16,22.25,351.0,1.0,30,3.0,128.0784912109375
C2,2313,0.8035833333333333,32.7,22.4,16,23.325000762939453,375.0,1.0,30,3.0,127.11376190185547
C2,2314,0.7784166666666666,33.7,23.2,14,21.399999618530273,333.0,1.0,30,3.0,123.33492279052734
C2,2315,0.7962499999999999,33.5,23.599999999999998,14,24.22857093811035,360.0,1.0,30,3.0,121.46762084960938
C2,2316,0.7935,33.8,23.7,14,26.200000762939453,369.0,1.0,30,3.0,120.08057403564453
C2,2317,0.7864166666666667,33.7,23.8,13,24.676923751831055,321.0,1.0,30,3.0,118.71501159667969
C2,2318,0.7788776057569977,32.300000000000004,21.6,13,12.646153450012207,225.0,1.0,30,3.0,111.89567565917969
C2,2319,0.7700423504172744,32.2,21.0,13,9.661538124084473,201.0,1.0,30,3.0,100.33740234375
C2,2320,0.7870833333333334,34.5,24.5,13,24.55384635925293,303.0,1.0,30,3.0,92.6024398803711
C2,2321,0.67625,33.5,23.599999999999998,16,36.5538444519043,477.0,1.0,30,3.0,99.16146850585938
C2,2322,0.7999166666666667,33.099999999999994,22.8,16,23.975000381469727,378.0,1.0,30,3.0,110.96354675292969
C2,2323,0.7895632669852806,29.3,20.299999999999997,16,7.675000190734863,201.0,1.0,30,3.0,113.51145935058594
C2,2324,0.7985448110577108,28.2,20.2,16,7.375,183.0,1.0,30,3.0,101.97354125976562
C2,2325,0.7758148683386038,32.5,21.8,16,12.25,240.0,1.0,30,3.0,88.9174575805664
C2,2326,0.7776402059719113,32.7,21.9,16,13.449999809265137,264.0,1.0,30,3.0,83.8838119506836
C2,2327,0.6625788188439821,32.9,22.3,13,15.876922607421875,252.0,1.0,30,3.0,83.93028259277344
C2,2328,0.675419327639876,39.699999999999996,27.099999999999998,11,53.08571243286133,399.0,1.0,30,3.0,91.02484130859375
C2,2329,0.763000272921408,32.599999999999994,21.8,13,13.600000381469727,234.0,1.0,30,3.0,93.94823455810547
C2,2330,0.5971666666666667,33.4,23.2,18,37.38666534423828,540.0,1.0,30,3.0,108.50227355957031
C2,2331,0.8045,32.599999999999994,22.1,18,26.688888549804688,477.0,1.0,30,3.0,120.70136260986328
C2,2332,0.7902869679206052,32.7,22.5,18,18.311111450195312,321.0,1.0,30,3.0,131.88748168945312
C2,2333,0.8045,32.599999999999994,22.2,18,25.53333282470703,456.0,1.0,30,3.0,134.86582946777344
C2,2334,0.8026666666666666,32.800000000000004,22.4,18,28.66666603088379,519.0,1.0,30,3.0,138.51950073242188
C2,2335,0.7822786027660412,33.2,22.599999999999998,18,16.844444274902344,296.0,1.0,30,2.0,146.17835998535156
C2,2336,0.7850286027660413,32.9,22.3,18,16.844444274902344,294.0,1.0,30,2.0,150.10702514648438
C2,2337,0.7753935114646625,32.9,22.4,18,13.311111450195312,234.0,1.0,30,2.0,144.99754333496094
C2,2338,0.7769160122430908,33.099999999999994,22.599999999999998,18,14.466666221618652,258.0,1.0,30,2.0,139.39852905273438
C2,2339,0.6895341726398954,33.0,22.599999999999998,18,11.622221946716309,204.0,1.0,50,2.0,130.03912353515625
C2,2340,0.46524999999999994,34.7,24.5,10,43.79999923706055,480.0,1.0,50,3.0,130.15679931640625
C2,2341,0.6381716888545257,38.5,25.8,10,31.399999618530273,322.0,1.0,70,2.0,134.49407958984375
C2,2342,0.7238619360993745,38.699999999999996,26.3,9,36.844444274902344,342.0,1.0,50,3.0,138.69644165039062
C2,2343,0.7359451139338123,39.0,26.4,9,39.9555549621582,369.0,1.0,50,3.0,136.28453063964844
C2,2344,0.7151398444791277,33.099999999999994,23.099999999999998,9,17.822221755981445,234.0,1.0,50,3.0,123.77072143554688
C2,2345,0.616649628589729,38.9,25.9,8,9.066666603088379,92.0,1.0,50,1.0,113.3291015625
C2,2346,0.44281089044355726,38.6,25.9,15,46.79999923706055,474.0,1.0,30,3.0,111.73079681396484
C2,2347,0.60175,32.9,22.599999999999998,20,35.27058792114258,579.0,1.0,30,3.0,126.10514068603516
C2,2348,0.7874223010306087,32.599999999999994,21.9,20,16.700000762939453,330.0,1.0,30,3.0,137.12974548339844
C2,2349,0.7672180752021329,32.5,21.7,20,9.640000343322754,196.0,1.0,30,2.0,135.74452209472656
C2,2350,0.7821612488616452,32.300000000000004,21.7,20,13.739999771118164,268.0,1.0,30,2.0,127.04670715332031
C2,2351,0.80725,32.300000000000004,21.6,20,20.3799991607666,402.0,1.0,30,2.0,133.96136474609375
C2,2352,0.8063333333333333,32.4,21.8,20,27.459999084472656,540.0,1.0,30,3.0,149.04348754882812
C2,2353,0.80725,32.300000000000004,21.7,20,26.84000015258789,537.0,1.0,30,3.0,164.09275817871094
C2,2354,0.80725,32.300000000000004,21.6,20,25.700000762939453,498.0,1.0,30,3.0,168.45565795898438
C2,2355,0.7886843569571156,32.5,21.7,20,16.84000015258789,330.0,1.0,30,3.0,161.74005126953125
C2,2356,0.80725,32.300000000000004,21.6,20,24.979999542236328,495.0,1.0,30,3.0,155.8440399169922
C2,2357,0.7956281383324697,32.4,21.9,20,19.540000915527344,381.0,1.0,30,3.0,147.10641479492188
C2,2358,0.7909385255237489,32.800000000000004,22.1,20,19.040000915527344,387.0,1.0,30,3.0,144.39718627929688
C2,2359,0.6817500000000001,32.9,22.599999999999998,17,27.57647132873535,456.0,1.0,30,3.0,141.03831481933594
C2,2360,0.8017500000000001,32.9,22.700000000000003,17,26.776470184326172,456.0,1.0,30,3.0,142.3563232421875
C2,2361,0.6817500000000001,32.9,22.3,20,34.541175842285156,597.0,1.0,30,3.0,152.48045349121094
C2,2362,0.7898159353710733,32.7,22.0,20,18.100000381469727,357.0,1.0,30,3.0,154.15493774414062
C2,2363,0.8045,32.599999999999994,21.8,20,21.739999771118164,429.0,1.0,30,3.0,153.95962524414062
C2,2364,0.8063333333333333,32.4,21.7,20,30.34000015258789,588.0,1.0,30,3.0,153.44244384765625
C2,2365,0.80725,32.300000000000004,21.7,20,32.060001373291016,651.0,1.0,30,3.0,166.1988067626953
C2,2366,0.8063333333333333,32.4,21.7,20,25.15999984741211,510.0,1.0,30,3.0,177.45260620117188
C2,2367,0.7849702703711446,32.599999999999994,21.8,20,15.739999771118164,318.0,1.0,30,2.0,179.2715606689453
C2,2368,0.787131060052262,32.5,22.0,20,16.219999313354492,322.0,1.0,30,2.0,172.89627075195312
C2,2369,0.7726530057966221,32.5,22.1,20,11.260000228881836,212.0,1.0,30,2.0,160.5377655029297
C2,2370,0.7798972658439787,32.300000000000004,21.8,20,12.979999542236328,254.0,1.0,30,2.0,148.85598754882812
C2,2371,0.7875833333333333,32.7,22.3,18,21.377777099609375,398.0,1.0,30,2.0,146.91358947753906
C2,2372,0.6069573713191894,33.099999999999994,22.700000000000003,14,11.199999809265137,180.0,1.0,30,2.0,143.6148223876953
C2,2373,0.7724356739071693,34.2,23.7,14,16.571428298950195,236.0,1.0,30,2.0,140.43556213378906
C2,2374,0.7684307623959764,33.2,22.9,14,11.942856788635254,182.0,1.0,30,2.0,124.12800598144531
C2,2375,0.7962499999999999,33.5,23.400000000000002,14,23.514286041259766,340.0,1.0,30,2.0,125.0101318359375
C2,2376,0.783524101060517,33.5,23.599999999999998,14,18.571428298950195,252.0,1.0,30,2.0,126.6060791015625
C2,2377,0.7497170287542438,33.4,23.2,12,11.666666984558105,170.0,1.0,30,2.0,126.7636489868164
C2,2378,0.788,34.4,24.8,12,26.46666717529297,318.0,1.0,30,2.0,125.39152526855469
C2,2379,0.77975,35.3,24.8,12,24.633333206176758,302.0,1.0,30,2.0,127.90158081054688
C2,2380,0.7898333333333334,34.2,24.400000000000002,12,27.799999237060547,340.0,1.0,30,2.0,140.74095153808594
C2,2381,0.7751666666666668,35.8,24.7,12,29.066667556762695,354.0,1.0,30,3.0,142.9779052734375
C2,2382,0.7756666666666666,34.0,24.1,14,35.599998474121094,438.0,1.0,30,3.0,143.65341186523438
C2,2383,0.7848333333333334,33.0,23.0,16,27.399999618530273,441.0,1.0,30,3.0,140.99205017089844
C2,2384,0.8008333333333334,33.0,22.9,16,21.149999618530273,351.0,1.0,30,3.0,139.2618865966797
C2,2385,0.7659061878302781,32.0,20.8,16,7.974999904632568,195.0,1.0,30,3.0,127.4238052368164
C2,2386,0.7999166666666667,33.099999999999994,22.8,16,27.149999618530273,438.0,1.0,30,3.0,120.18761444091797
C2,2387,0.7893480150270021,28.400000000000002,20.299999999999997,16,5.425000190734863,156.0,1.0,30,3.0,107.17923736572266
C2,2388,0.7933482477993482,28.1,19.900000000000002,16,5.75,156.0,1.0,30,3.0,97.64087677001953
C2,2389,0.7875053976407806,28.400000000000002,20.2,16,4.949999809265137,126.0,1.0,30,2.0,80.85118865966797
C2,2390,0.7735002729214081,33.2,22.9,16,13.600000381469727,216.0,1.0,30,2.0,78.24404907226562
C2,2391,0.7839621919624185,33.5,23.400000000000002,16,18.774999618530273,296.0,1.0,30,2.0,89.4797592163086
C2,2392,0.5716121307431472,33.300000000000004,23.3,11,13.272727012634277,174.0,1.0,30,2.0,99.42118835449219
C2,2393,0.768571277379096,33.5,23.599999999999998,11,12.872727394104004,168.0,1.0,30,2.0,102.18605041503906
C2,2394,0.7655178427597081,33.6,23.5,11,12.181818008422852,166.0,1.0,30,2.0,95.17829895019531
C2,2395,0.7559040740622055,33.0,22.5,11,7.74545431137085,134.0,1.0,30,2.0,88.30697631835938
C2,2396,0.7405833333333334,38.699999999999996,25.7,10,22.18181800842285,246.0,1.0,30,2.0,89.38418579101562
C2,2397,0.702706230616512,38.699999999999996,26.5,9,29.733333587646484,284.0,1.0,50,2.0,97.89717864990234
C2,2398,0.6545124824921956,38.199999999999996,25.5,9,14.577777862548828,164.0,1.0,50,2.0,105.00497436523438
C2,2399,0.7485833333333334,38.699999999999996,26.4,9,29.200000762939453,266.0,1.0,30,2.0,110.60298156738281
C2,2400,0.74675,38.9,26.8,9,21.377777099609375,202.0,1.0,30,2.0,108.49512481689453
C2,2401,0.7458333333333333,39.0,26.700000000000003,9,24.22222137451172,226.0,1.0,30,2.0,111.36373901367188
C2,2402,0.7498259303437189,37.400000000000006,25.3,9,19.55555534362793,196.0,1.0,30,2.0,108.41824340820312
C2,2403,0.6313333333333333,38.4,25.8,12,33.93333435058594,388.0,1.0,30,2.0,119.05094909667969
C2,2404,0.7775,33.8,23.900000000000002,14,31.885713577270508,442.0,1.0,30,2.0,139.83056640625
C2,2405,0.7860595128252517,33.5,23.7,14,19.799999237060547,272.0,1.0,30,2.0,157.36500549316406
C2,2406,0.7653123082774083,32.800000000000004,22.2,14,9.885714530944824,160.0,1.0,30,2.0,152.6856689453125
C2,2407,0.7801207968142382,32.800000000000004,22.2,14,14.628571510314941,243.0,1.0,30,3.0,131.21139526367188
C2,2408,0.7761255156254666,32.4,21.9,14,12.057143211364746,237.0,1.0,30,3.0,110.72684478759766
C2,2409,0.7836304110162997,29.3,20.5,14,6.085714340209961,156.0,1.0,30,3.0,94.70277404785156
C2,2410,0.5657488801221824,32.2,20.7,9,8.4399995803833,150.0,1.0,30,3.0,80.95499420166016
C2,2411,0.7613986286900527,33.5,23.599999999999998,7,16.0,186.0,1.0,30,3.0,70.43966674804688
C2,2412,0.769614421446568,33.4,23.5,7,12.914285659790039,174.0,1.0,30,3.0,64.93046569824219
C2,2413,0.7697404840585349,34.2,25.1,6,18.866666793823242,192.0,1.0,30,3.0,63.49161148071289
C2,2414,0.754776992558446,33.4,23.8,4,13.300000190734863,129.0,1.0,30,3.0,60.094966888427734
C2,2415,0.7485833333333334,38.699999999999996,26.599999999999998,4,21.700000762939453,171.0,1.0,30,3.0,57.923648834228516
C2,2416,0.5051666666666667,47.800000000000004,32.4,8,34.20000076293945,276.0,1.0,30,3.0,60.35418701171875
C2,2417,0.01576246605835846,38.3,35.7,26,43.060001373291016,711.0,1.0,30,3.0,87.6791763305664
C2,2418,0.8109166666666667,31.9,21.0,26,27.89230728149414,723.0,1.0,30,3.0,128.60751342773438
C2,2419,0.8127500000000001,31.7,20.9,26,28.353845596313477,732.0,1.0,30,3.0,173.43116760253906
C2,2420,0.8200833333333334,30.900000000000002,20.8,26,28.13846206665039,717.0,1.0,30,3.0,200.592041015625
C2,2421,0.8109166666666667,31.9,20.9,26,29.123077392578125,762.0,1.0,30,3.0,218.62188720703125
C2,2422,0.8109166666666667,31.9,21.0,26,28.4769229888916,720.0,1.0,30,3.0,228.90646362304688
C2,2423,0.81,32.0,21.0,26,20.261537551879883,510.0,1.0,30,2.0,237.21054077148438
C2,2424,0.8118333333333333,31.8,21.1,26,30.923076629638672,796.0,1.0,30,2.0,261.39300537109375
C2,2425,0.8127500000000001,31.7,20.8,26,51.0461540222168,1326.0,1.0,50,3.0,302.8357849121094
C2,2426,0.07404018312440444,27.799999999999997,19.900000000000002,45,17.795555114746094,794.0,1.0,30,2.0,346.6347961425781
C2,2427,0.85675,26.9,19.7,45,24.711111068725586,1098.0,1.0,30,3.0,368.6475524902344
C2,2428,0.85125,27.5,19.7,45,21.61777687072754,948.0,1.0,30,3.0,365.0552062988281
C2,2429,0.8345198606634776,27.099999999999998,19.8,45,15.41333293914795,693.0,1.0,30,3.0,340.7664489746094
C2,2430,0.8344776307266981,26.8,19.7,45,14.399999618530273,624.0,1.0,30,3.0,305.12652587890625
C2,2431,0.4532641892864303,28.1,20.1,36,11.345454216003418,489.0,1.0,30,3.0,263.34259033203125
C2,2432,0.8226414493929255,28.2,20.2,36,14.755555152893066,525.0,1.0,30,3.0,230.80555725097656
C2,2433,0.6775,29.0,20.400000000000002,32,21.4375,684.0,1.0,30,3.0,213.9499969482422
C2,2434,0.47561430138091,32.099999999999994,21.1,24,18.233333587646484,450.0,1.0,30,3.0,202.10333251953125
C2,2435,0.7904471604123917,32.099999999999994,21.3,24,16.08333396911621,384.0,1.0,30,3.0,188.72866821289062
C2,2436,0.58538048013587,32.099999999999994,21.3,24,14.966666221618652,348.0,1.0,90,3.0,165.77053833007812
C2,2437,0.7889687300790298,32.2,21.5,24,15.866666793823242,372.0,1.0,30,3.0,148.52899169921875
C2,2438,0.7853537451274727,32.2,21.4,24,14.533333778381348,351.0,1.0,30,3.0,136.71739196777344
C2,2439,0.48266666666666663,32.800000000000004,22.4,16,20.825000762939453,336.0,1.0,30,3.0,129.09710693359375
C2,2440,0.799,33.2,23.2,16,35.846153259277344,483.0,1.0,30,3.0,129.45826721191406
C2,2441,0.8008333333333334,33.0,22.599999999999998,16,32.275001525878906,510.0,1.0,30,3.0,136.7416229248047
C2,2442,0.799,33.2,22.9,16,22.600000381469727,375.0,1.0,30,3.0,142.844970703125
C2,2443,0.6026666666666666,32.800000000000004,22.5,21,37.599998474121094,615.0,1.0,30,3.0,152.3736572265625
C2,2444,0.7875229101305351,33.0,22.2,21,18.30476188659668,384.0,1.0,30,3.0,152.49085998535156
C2,2445,0.8026666666666666,32.800000000000004,22.0,21,21.561904907226562,444.0,1.0,30,3.0,155.6278533935547
C2,2446,0.7953653817449287,32.4,21.8,21,19.409523010253906,393.0,1.0,30,3.0,147.64337158203125
C2,2447,0.7793493758080114,32.300000000000004,21.7,21,12.800000190734863,285.0,1.0,30,3.0,138.45269775390625
C2,2448,0.782586049070662,32.300000000000004,21.3,21,13.885714530944824,297.0,1.0,30,3.0,126.40494537353516
C2,2449,0.5889071373984524,33.2,22.9,16,19.850000381469727,321.0,1.0,30,3.0,115.97630310058594
C2,2450,0.7882499999999999,33.5,23.3,15,21.5,345.0,1.0,30,3.0,112.38578033447266
C2,2451,0.7802499999999999,33.5,23.2,17,37.57143020629883,531.0,1.0,30,3.0,120.6314697265625
C2,2452,0.7887403392265877,33.2,22.8,17,19.764705657958984,336.0,1.0,30,3.0,126.24554443359375
C2,2453,0.8017500000000001,32.9,22.4,17,26.494117736816406,450.0,1.0,30,3.0,134.28065490722656
C2,2454,0.8008333333333334,33.0,22.599999999999998,17,30.870588302612305,519.0,1.0,30,3.0,138.56838989257812
C2,2455,0.8008333333333334,33.0,22.599999999999998,17,26.84705924987793,465.0,1.0,30,3.0,146.87437438964844
C2,2456,0.7999166666666667,33.099999999999994,22.700000000000003,17,20.023529052734375,336.0,1.0,30,3.0,146.79129028320312
C2,2457,0.7809879217501592,32.800000000000004,22.3,17,14.941176414489746,273.0,1.0,30,3.0,135.80810546875
C2,2458,0.7766117742515373,32.4,21.6,17,12.211764335632324,252.0,1.0,30,3.0,119.75153350830078
C2,2459,0.7585613680261261,32.300000000000004,20.9,17,6.729411602020264,144.0,1.0,30,2.0,104.78424835205078
C2,2460,0.7837564235922833,33.2,22.8,17,17.458824157714844,294.0,1.0,30,2.0,103.27055358886719
C2,2461,0.5421962859580807,33.9,24.0,11,19.700000762939453,236.0,1.0,30,2.0,106.89566040039062
C2,2462,0.7542266375949174,33.4,23.400000000000002,10,10.600000381469727,146.0,1.0,30,2.0,109.20406341552734
C2,2463,0.7704736215283493,34.4,24.6,10,16.520000457763672,184.0,1.0,30,2.0,103.25577545166016
C2,2464,0.7430833333333333,39.300000000000004,26.599999999999998,10,30.200000762939453,310.0,1.0,30,2.0,104.62013244628906
C2,2465,0.7494999999999999,38.6,26.4,10,29.079999923706055,292.0,1.0,30,2.0,115.17208099365234
C2,2466,0.29987304725849273,34.1,23.900000000000002,22,40.54545593261719,696.0,1.0,30,2.0,155.63658142089844
C2,2467,-0.09166666666666662,30.0,20.8,45,39.64444351196289,1440.0,1.0,30,2.0,255.2486114501953
C2,2468,0.8521666666666667,27.400000000000002,19.900000000000002,45,30.435556411743164,1348.0,1.0,30,2.0,385.41583251953125
C2,2469,0.85675,26.9,19.7,45,31.031110763549805,1334.0,1.0,30,2.0,506.04949951171875
C2,2470,0.61675,26.9,20.0,51,32.94117736816406,1550.0,1.0,30,2.0,585.7630615234375
C2,2471,0.8613333333333334,26.4,19.900000000000002,51,30.266666412353516,1522.0,1.0,30,2.0,645.191162109375
C2,2472,0.8668333333333333,25.8,19.599999999999998,51,27.058822631835938,1350.0,1.0,30,2.0,681.9146728515625
C2,2473,0.8705,25.4,19.5,51,22.57254981994629,1116.0,1.0,30,2.0,675.0155029296875
C2,2474,0.8631666666666666,26.200000000000003,19.8,51,30.51764678955078,1494.0,1.0,30,2.0,669.00927734375
C2,2475,0.8686666666666667,25.6,19.8,51,31.33333396911621,1560.0,1.0,30,2.0,679.4055786132812
C2,2476,0.8714166666666666,25.3,19.8,51,32.556861877441406,1624.0,1.0,30,2.0,719.510009765625
C2,2477,0.8714166666666666,25.3,19.7,51,30.84705924987793,1552.0,1.0,30,2.0,747.4393310546875
C2,2478,0.86225,26.3,19.8,51,31.54509735107422,1600.0,1.0,30,2.0,766.8635864257812
C2,2479,0.8595,26.599999999999998,19.900000000000002,51,31.552940368652344,1596.0,1.0,30,2.0,776.6514892578125
C2,2480,0.8650000000000001,26.0,19.900000000000002,51,31.043136596679688,1584.0,1.0,30,2.0,784.6575927734375
C2,2481,0.8668333333333333,25.8,19.8,51,30.854902267456055,1550.0,1.0,30,2.0,786.1278686523438
C2,2482,0.8686666666666667,25.6,19.8,51,30.22745132446289,1528.0,1.0,30,2.0,782.4767456054688
C2,2483,0.8750833333333334,24.9,19.400000000000002,51,23.51372528076172,1198.0,1.0,30,2.0,754.5526733398438
C2,2484,0.8723333333333333,25.2,19.5,51,28.580392837524414,1434.0,1.0,30,2.0,730.06494140625
C2,2485,0.86775,25.7,19.8,51,31.48235321044922,1578.0,1.0,30,2.0,718.7056274414062
C2,2486,0.7277362920142997,26.5,20.400000000000002,51,46.509803771972656,2391.0,1.0,90,3.0,738.2900390625
C2,2487,-0.23758333333333345,24.1,19.5,79,24.651613235473633,1492.0,1.0,30,2.0,753.9073486328125
C2,2488,0.8833333333333333,24.0,19.5,79,24.483871459960938,1502.0,1.0,30,2.0,758.2110595703125
C2,2489,0.8805833333333334,24.299999999999997,19.599999999999998,79,25.58709716796875,1526.0,1.0,30,2.0,756.260009765625
C2,2490,0.8706703947504655,23.7,19.2,79,17.387096405029297,1040.0,1.0,30,2.0,724.9559936523438
C2,2491,0.8331019181497897,23.599999999999998,19.400000000000002,79,5.361290454864502,308.0,1.0,30,2.0,626.5736083984375
C2,2492,-0.2597657868582981,24.6,19.599999999999998,52,4.412903308868408,266.0,1.0,30,2.0,483.5441589355469
C2,2493,0.8113642591679363,25.9,19.8,52,5.192307472229004,252.0,1.0,30,2.0,345.1931457519531
C2,2494,0.8160140909856386,25.6,19.7,52,5.684615612030029,280.0,1.0,30,2.0,260.3158874511719
C2,2495,0.15984249594142919,28.0,20.1,36,7.230000019073486,288.0,1.0,30,2.0,210.856201171875
C2,2496,-0.21929043401239962,33.5,23.2,11,17.33333396911621,288.0,1.0,30,2.0,183.58038330078125
C2,2497,0.73075,38.9,26.599999999999998,9,32.22222137451172,304.0,1.0,30,2.0,168.8148956298828
C2,2498,0.7421666666666668,39.4,27.099999999999998,9,30.844444274902344,286.0,1.0,30,2.0,159.82228088378906
C2,2499,0.5708584762239921,39.1,26.9,9,15.422222137451172,144.0,1.0,70,1.0,154.42669677734375
C2,2500,0.7430833333333333,39.300000000000004,27.099999999999998,1,30.0,100.0,1.0,50,1.0,100.0
