Cluster,Step,Reward,Latency_P90,Latency_Avg,Replicas,CPU_Pct,Requests,Success,HPA_Target,Throughput,Forecast
C2,1,-0.5158254743625261,259.6,125.0,4,120.53333282470703,444.0,1.0,50,3.0,124.0
C2,2,0.5535354689900677,47.4,31.3,5,12.5600004196167,83.0,1.0,50,1.0,103.5
C2,3,0.3516733122859286,50.4,34.9,5,56.63999938964844,312.0,1.0,70,3.0,106.76667022705078
C2,4,0.4893349691645141,44.900000000000006,30.4,5,25.600000381469727,168.0,1.0,90,2.0,100.1933364868164
C2,5,0.7458333333333333,39.0,26.5,5,23.280000686645508,201.0,1.0,30,3.0,94.11599731445312
C2,6,0.5745,44.6,30.200000000000003,8,34.04999923706055,282.0,1.0,30,3.0,89.13626861572266
C2,7,0.5775686634516674,34.1,24.5,8,20.799999237060547,237.0,1.0,90,3.0,85.48175811767578
C2,8,0.6586739649988269,34.5,24.6,8,7.550000190734863,77.0,1.0,50,1.0,84.62239074707031
C2,9,0.7015367376315954,40.5,27.2,8,31.950000762939453,282.0,1.0,50,3.0,84.10676574707031
C2,10,0.7647494385036614,18.5,17.9,8,0.75,24.0,1.0,50,3.0,74.33072662353516
C2,11,0.5432256834780582,33.6,23.3,5,6.650000095367432,106.0,1.0,50,2.0,65.26510620117188
C2,12,0.8477547725551173,18.2,17.8,5,0.800000011920929,30.0,1.0,30,2.0,49.292396545410156
C2,13,0.5066101160132362,49.8,34.7,5,24.639999389648438,134.0,1.0,70,1.0,56.50876998901367
C2,14,0.7054999999999999,43.4,28.7,5,32.31999969482422,234.0,1.0,30,3.0,64.17192840576172
C2,15,0.6961371467794678,28.0,19.5,5,2.0,40.0,1.0,50,2.0,69.43649291992188
C2,16,0.47940093205882395,48.599999999999994,32.800000000000004,5,34.08000183105469,190.0,1.0,90,2.0,67.39522552490234
C2,17,0.5818333333333334,43.8,29.7,8,33.349998474121094,264.0,1.0,30,2.0,73.37046813964844
C2,18,0.5885905564526872,34.4,24.6,8,6.800000190734863,72.0,1.0,70,1.0,83.88894653320312
C2,19,0.5992708703469173,32.099999999999994,20.6,8,2.4000000953674316,44.0,1.0,70,1.0,83.40003204345703
C2,20,0.7356647499484472,38.3,25.3,8,16.899999618530273,166.0,1.0,30,2.0,76.57335662841797
C2,21,0.7881659136200956,28.2,19.900000000000002,8,4.650000095367432,111.0,1.0,30,3.0,67.81067657470703
C2,22,0.47209983133568284,35.9,25.7,5,12.899999618530273,154.0,1.0,70,2.0,66.95307159423828
C2,23,0.466103641580899,44.6,30.200000000000003,5,11.760000228881836,81.0,1.0,90,1.0,66.17184448242188
C2,24,0.5933883710655936,33.7,24.5,5,6.159999847412109,59.0,1.0,70,1.0,68.63643646240234
C2,25,0.61823142439895,47.800000000000004,32.300000000000004,5,47.20000076293945,273.0,1.0,70,3.0,71.98186492919922
C2,26,0.14242742258379343,50.3,36.1,4,17.899999618530273,91.0,1.0,90,1.0,75.32244873046875
C2,27,0.6804430524100542,18.0,17.6,4,0.8999999761581421,36.0,1.0,90,2.0,71.86013793945312
C2,28,0.33369999999999994,63.2,38.5,4,69.30000305175781,312.0,1.0,70,3.0,71.51608276367188
C2,29,0.5910058661979571,49.9,34.7,4,45.099998474121094,243.0,1.0,70,3.0,69.976318359375
C2,30,0.30239152054968904,56.9,36.6,6,88.69999694824219,411.0,1.0,70,3.0,84.91912078857422
C2,31,0.5623667956794514,45.3,31.099999999999998,6,48.20000076293945,308.0,1.0,90,2.0,100.55147552490234
C2,32,0.6871245599802283,28.9,21.5,6,1.7999999523162842,30.0,1.0,50,1.0,103.1308822631836
C2,33,0.47784641569100184,46.1,30.3,6,25.399999618530273,180.0,1.0,90,2.0,98.411865234375
C2,34,0.4787214814393627,43.2,29.4,6,11.600000381469727,89.0,1.0,90,1.0,86.91378784179688
C2,35,0.680288599777008,43.6,30.0,6,14.333333015441895,91.0,1.0,30,1.0,88.14826965332031
C2,36,0.524932389488613,44.2,29.8,9,74.46666717529297,486.0,1.0,50,3.0,98.48896026611328
C2,37,0.5992502974017548,33.2,23.900000000000002,9,6.666666507720947,75.0,1.0,70,1.0,102.82671356201172
C2,38,0.6779771612241571,32.9,22.4,9,8.666666984558105,124.0,1.0,50,2.0,101.56269073486328
C2,39,0.6247806485388352,34.3,23.7,9,18.311111450195312,237.0,1.0,70,3.0,89.73761749267578
C2,40,0.7032348711481407,36.7,25.1,9,22.88888931274414,264.0,1.0,50,3.0,84.37590026855469
C2,41,0.5121338826488973,37.8,25.8,6,28.44444465637207,291.0,1.0,70,3.0,85.8255386352539
C2,42,0.6009350207384317,33.4,23.5,5,10.880000114440918,132.0,1.0,70,3.0,82.02865600585938
C2,43,0.48733758744309613,49.8,34.2,5,39.599998474121094,222.0,1.0,90,2.0,82.81719207763672
C2,44,0.6495833333333333,49.5,34.0,5,48.880001068115234,268.0,1.0,50,2.0,88.22364807128906
C2,45,0.5884345344314215,43.5,28.8,5,30.479999542236328,225.0,1.0,70,3.0,95.60086059570312
C2,46,0.3436100895925356,44.5,29.5,13,48.44444274902344,375.0,1.0,30,3.0,101.89384460449219
C2,47,0.5614571497514435,33.9,24.2,13,9.630768775939941,124.0,1.0,90,1.0,104.33631134033203
C2,48,0.7069442556587013,18.0,18.0,13,0.8615384697914124,29.0,1.0,70,1.0,99.66844940185547
C2,49,0.5637293932629885,34.6,24.299999999999997,13,15.753846168518066,208.0,1.0,90,2.0,94.06774139404297
C2,50,0.8272052359304454,23.900000000000002,19.599999999999998,13,4.55384635925293,135.0,1.0,30,3.0,80.1739730834961
C2,51,0.5053508353197731,37.199999999999996,25.1,7,16.738462448120117,214.0,1.0,30,2.0,82.23771667480469
C2,52,0.6143832241372661,39.199999999999996,25.9,7,7.257143020629883,71.0,1.0,50,1.0,79.07596588134766
C2,53,0.5457921382057758,44.0,29.3,7,41.02857208251953,296.0,1.0,90,2.0,90.91224670410156
C2,54,0.5529201016451726,38.6,25.6,7,7.885714054107666,70.0,1.0,70,1.0,93.08068084716797
C2,55,0.48035098837435175,43.5,29.2,7,14.628571510314941,109.0,1.0,90,1.0,99.44841003417969
C2,56,0.5231976347142434,40.0,27.900000000000002,12,41.766666412353516,402.0,1.0,30,3.0,101.40238189697266
C2,57,0.5675434530466589,32.4,20.7,12,1.899999976158142,45.0,1.0,90,1.0,99.24142456054688
C2,58,0.6945603768016857,27.799999999999997,19.2,12,1.100000023841858,31.0,1.0,50,1.0,87.54485321044922
C2,59,0.7445577408699032,34.6,24.9,12,8.666666984558105,103.0,1.0,30,1.0,76.3935775756836
C2,60,0.5890744139762374,34.1,24.1,12,25.899999618530273,312.0,1.0,90,3.0,77.5694808959961
C2,61,-0.29456955258117506,33.300000000000004,22.9,39,41.39487075805664,1222.0,1.0,30,2.0,155.6083526611328
C2,62,0.6343184461227762,27.900000000000002,20.0,39,20.758974075317383,774.0,1.0,90,3.0,223.0983428955078
C2,63,0.7688445691621807,19.0,18.3,39,1.835897445678711,129.0,1.0,50,3.0,255.45901489257812
C2,64,0.7798702451320844,28.400000000000002,20.5,39,3.0256409645080566,106.0,1.0,30,1.0,207.5420684814453
C2,65,0.8320852633428861,23.0,19.0,39,3.702564001083374,207.0,1.0,30,3.0,153.59190368652344
C2,66,-0.2773966530282618,27.900000000000002,20.0,16,4.5333333015441895,186.0,1.0,70,2.0,127.88848114013672
C2,67,0.7246493264306415,24.9,19.599999999999998,16,2.0250000953674316,56.0,1.0,50,1.0,105.79975128173828
C2,68,0.21541666666666676,44.5,29.7,4,29.200000762939453,166.0,1.0,30,2.0,94.4131851196289
C2,69,0.2064298425008355,68.2,39.6,4,31.100000381469727,137.0,1.0,70,1.0,93.44791412353516
C2,70,0.18835947539789022,73.1,40.800000000000004,3,31.899999618530273,140.0,1.0,70,1.0,104.0687484741211
C2,71,0.49812332860922975,43.8,29.7,3,25.066667556762695,150.0,1.0,90,3.0,106.04124450683594
C2,72,0.7661994945015955,33.6,24.1,3,12.399999618530273,117.0,1.0,30,3.0,94.1580810546875
C2,73,0.5546416731022379,48.7,33.4,3,33.733333587646484,180.0,1.0,70,3.0,76.36151885986328
C2,74,0.5599156493819164,48.0,32.2,3,33.46666717529297,183.0,1.0,70,3.0,67.1502456665039
C2,75,0.238,98.0,47.199999999999996,3,67.73332977294922,240.0,1.0,70,2.0,72.42347717285156
C2,76,0.49141666666666667,49.3,34.0,7,52.79999923706055,339.0,1.0,50,3.0,82.65409088134766
C2,77,0.5477711960209656,39.4,26.5,11,10.763636589050293,110.0,1.0,30,1.0,95.3257827758789
C2,78,0.6678713113768643,32.5,21.3,11,5.309091091156006,102.0,1.0,50,2.0,93.72880554199219
C2,79,0.6399660527903086,38.6,25.7,11,12.03636360168457,134.0,1.0,50,1.0,95.57061767578125
C2,80,0.5227214814393628,38.4,25.2,11,11.600000381469727,132.0,1.0,90,1.0,99.60903930664062
C2,81,0.5513339801400331,35.3,25.0,11,11.745454788208008,124.0,1.0,90,1.0,111.76541900634766
C2,82,0.3108095060877511,28.299999999999997,20.299999999999997,3,0.8363636136054993,27.0,1.0,70,1.0,104.79258728027344
C2,83,0.5495751951529633,38.4,26.599999999999998,3,5.866666793823242,43.0,1.0,70,1.0,88.74221801757812
C2,84,0.5598363095764612,32.4,20.9,2,2.2666666507720947,28.0,1.0,90,1.0,66.31199645996094
C2,85,0.6972500000000001,44.3,30.599999999999998,2,24.399999618530273,132.0,1.0,30,3.0,55.12053298950195
C2,86,0.540611388886358,39.199999999999996,26.0,2,5.199999809265137,36.0,1.0,70,1.0,47.472320556640625
C2,87,0.43717728171463593,47.300000000000004,32.0,2,8.399999618530273,44.0,1.0,90,1.0,45.0167236328125
C2,88,0.6841987825977388,32.099999999999994,22.4,2,8.399999618530273,78.0,1.0,50,3.0,41.143367767333984
C2,89,0.4967903782898654,47.1,31.9,2,15.199999809265137,84.0,1.0,70,2.0,39.619354248046875
C2,90,0.5916736181097634,32.2,21.0,1,3.0,29.0,1.0,70,1.0,36.7049446105957
C2,91,0.015103629911013675,103.4,59.9,1,23.200000762939453,56.0,1.0,90,1.0,38.956302642822266
C2,92,0.5739195817492608,32.7,27.3,1,10.800000190734863,52.0,1.0,90,2.0,38.17378234863281
C2,93,0.321025,64.9,40.2,2,32.79999923706055,123.0,1.0,30,3.0,39.30426788330078
C2,94,0.575845449370118,32.300000000000004,21.9,2,9.399999618530273,87.0,1.0,90,3.0,36.38256072998047
C2,95,0.559156598546104,48.800000000000004,32.300000000000004,2,15.0,84.0,1.0,50,2.0,36.76287078857422
C2,96,0.7046976672328439,39.0,26.5,2,8.800000190734863,66.0,1.0,30,2.0,35.92438888549805
C2,97,0.46398935582266215,44.4,30.3,2,8.600000381469727,44.0,1.0,90,1.0,37.42129898071289
C2,98,0.5993073918288847,32.7,23.5,1,8.0,78.0,1.0,70,3.0,36.18611145019531
C2,99,0.1447467256146321,83.5,48.300000000000004,1,46.400001525878906,135.0,1.0,90,3.0,37.04500198364258
C2,100,0.46190025478255486,45.900000000000006,35.4,1,16.799999237060547,62.0,1.0,90,2.0,35.82699966430664
C2,101,0.13604029598224457,108.2,62.5,1,20.399999618530273,52.0,1.0,50,1.0,38.5628662109375
C2,102,0.5939059980297055,33.6,27.599999999999998,1,6.0,28.0,1.0,70,1.0,37.937721252441406
C2,103,0.06795992388772146,91.30000000000001,51.3,1,30.799999237060547,88.0,1.0,90,2.0,39.29596710205078
C2,104,0.653855960780232,44.699999999999996,34.8,1,9.199999809265137,31.0,1.0,30,1.0,37.3109130859375
C2,105,0.18814888262959661,80.60000000000001,46.9,1,14.800000190734863,43.0,1.0,50,1.0,38.11988067626953
C2,106,0.1217153327404019,87.8,49.3,1,43.599998474121094,123.0,1.0,90,3.0,38.20526123046875
C2,107,0.271275,85.9,49.3,1,47.20000076293945,138.0,1.0,50,3.0,40.25648880004883
C2,108,0.7551539841393917,32.7,22.3,2,9.0,81.0,1.0,30,3.0,39.3538932800293
C2,109,0.06218278404024498,78.89999999999999,40.099999999999994,2,11.800000190734863,51.0,1.0,90,1.0,40.145668029785156
C2,110,0.5756068886171226,32.300000000000004,21.7,2,9.199999809265137,81.0,1.0,90,3.0,38.08740234375
C2,111,0.11542990077782023,83.0,43.3,2,38.400001525878906,136.0,1.0,90,2.0,42.31910705566406
C2,112,0.516076185110825,38.9,26.599999999999998,2,10.0,72.0,1.0,90,2.0,42.858131408691406
C2,113,0.24725314858924763,84.1,44.8,1,15.199999809265137,44.0,1.0,30,1.0,45.448211669921875
C2,114,0.4721526259190418,47.800000000000004,35.3,1,9.199999809265137,31.0,1.0,70,1.0,42.06892776489258
C2,115,0.15918774830494598,84.3,50.3,1,50.400001525878906,144.0,1.0,90,3.0,41.641357421875
C2,116,0.4763298568538729,44.8,34.7,1,19.200000762939453,72.0,1.0,90,2.0,40.318145751953125
C2,117,0.023742481624263335,94.7,50.9,1,15.199999809265137,45.0,1.0,90,1.0,41.39088821411133
C2,118,0.6908333333333334,45.0,35.3,1,29.200000762939453,108.0,1.0,30,3.0,40.434532165527344
C2,119,0.038867481624263345,89.2,49.8,1,15.199999809265137,45.0,1.0,90,1.0,41.06071853637695
C2,120,0.576868415154229,33.0,27.400000000000002,1,14.800000190734863,75.0,1.0,90,3.0,38.7697639465332
C2,121,-0.43058519270652384,244.5,147.2,3,200.0,659.0,1.0,70,1.0,120.46186065673828
C2,122,0.28609999999999997,77.60000000000001,41.2,4,43.599998474121094,204.0,1.0,50,2.0,177.07711791992188
C2,123,0.5695828191768881,33.5,24.400000000000002,4,13.0,129.0,1.0,90,3.0,213.44627380371094
C2,124,0.7404587577917702,32.599999999999994,21.9,4,2.799999952316284,32.0,1.0,30,1.0,151.66775512695312
C2,125,0.5650866638685274,32.9,23.5,4,4.400000095367432,42.0,1.0,90,1.0,106.60065460205078
C2,126,0.6497140446549547,33.4,23.8,4,2.799999952316284,32.0,1.0,50,1.0,78.0937271118164
C2,127,0.7035098095692042,39.6,27.3,3,12.5,100.0,1.0,30,2.0,63.38956832885742
C2,128,0.7550532700649493,32.4,21.9,2,8.199999809265137,78.0,1.0,30,3.0,52.43374252319336
C2,129,0.6981666666666667,44.2,31.099999999999998,2,23.799999237060547,126.0,1.0,30,3.0,47.19357681274414
C2,130,0.6121014318916413,38.800000000000004,26.5,2,5.800000190734863,38.0,1.0,50,1.0,42.44948196411133
C2,131,0.44015375406288526,49.7,36.3,2,23.399999618530273,104.0,1.0,90,2.0,43.06968688964844
C2,132,0.5633152730038637,38.1,26.4,2,10.0,64.0,1.0,70,2.0,42.10847854614258
C2,133,0.1270881481060294,55.199999999999996,36.6,2,11.600000381469727,55.0,1.0,90,1.0,43.79841995239258
C2,134,0.5628117362643262,38.6,27.0,1,14.0,93.0,1.0,70,3.0,42.012386322021484
C2,135,0.10286998223701582,83.1,46.800000000000004,1,14.800000190734863,46.0,1.0,70,1.0,42.807430267333984
C2,136,0.033411350159350886,91.89999999999999,50.9,1,16.399999618530273,48.0,1.0,90,1.0,42.35112380981445
C2,137,0.05376135015935086,84.5,47.5,1,16.399999618530273,48.0,1.0,90,1.0,44.34400939941406
C2,138,0.5338315447791271,46.9,34.9,1,24.799999237060547,90.0,1.0,70,3.0,43.40640640258789
C2,139,0.22782500000000003,101.7,60.3,1,64.4000015258789,159.0,1.0,70,3.0,43.5105094909668
C2,140,0.6881552568856765,38.1,26.4,3,6.400000095367432,62.0,1.0,30,2.0,41.306304931640625
C2,141,0.5425801461274052,39.800000000000004,29.3,3,8.133333206176758,54.0,1.0,70,1.0,43.18378448486328
C2,142,0.6083671798639787,32.9,23.0,3,9.066666603088379,78.0,1.0,70,2.0,42.443603515625
C2,143,0.5599346609673486,33.6,24.8,3,5.733333110809326,44.0,1.0,90,1.0,43.73283004760742
C2,144,0.5681618338727087,33.2,24.0,3,9.866666793823242,93.0,1.0,90,3.0,41.439697265625
C2,145,0.1681797693376246,91.30000000000001,44.900000000000006,1,20.799999237060547,53.0,1.0,50,1.0,41.930484771728516
C2,146,0.6566059607802319,44.4,35.3,1,9.199999809265137,32.0,1.0,30,1.0,40.62495803833008
C2,147,0.26515314858924766,80.5,48.099999999999994,1,15.199999809265137,43.0,1.0,30,1.0,41.44164276123047
C2,148,0.660285947241553,44.3,34.8,1,10.0,34.0,1.0,30,1.0,39.398319244384766
C2,149,0.27980000000000005,82.8,46.800000000000004,1,48.0,135.0,1.0,50,3.0,39.90565872192383
C2,150,0.5680539030397296,32.7,26.9,1,5.599999904632568,29.0,1.0,90,1.0,38.3433952331543
C2,151,0.16579050408809456,116.9,69.9,2,61.20000076293945,122.0,1.0,50,2.0,41.00603485107422
C2,152,0.6614897611092528,32.2,21.7,2,3.0,28.0,1.0,50,1.0,40.33695602416992
C2,153,0.6523731437118387,43.5,30.4,2,25.799999237060547,138.0,1.0,50,3.0,42.202171325683594
C2,154,0.5901683013288442,33.9,25.9,2,5.599999904632568,34.0,1.0,70,1.0,39.7213020324707
C2,155,0.5991322207423405,45.0,31.5,2,16.200000762939453,90.0,1.0,50,2.0,40.49945068359375
C2,156,0.7362549705465452,38.1,26.0,2,16.399999618530273,111.0,1.0,30,3.0,39.766334533691406
C2,157,0.6328372925253416,49.7,35.0,2,37.599998474121094,162.0,1.0,50,3.0,41.993133544921875
C2,158,0.6601653383512932,32.599999999999994,21.5,2,3.5999999046325684,28.0,1.0,50,1.0,41.06254577636719
C2,159,0.60315373648257,50.0,33.8,2,8.600000381469727,42.0,1.0,30,1.0,41.170860290527344
C2,160,0.6044148819201025,39.199999999999996,27.0,2,4.800000190734863,35.0,1.0,50,1.0,38.702518463134766
C2,161,0.6087774764587075,44.6,30.5,2,17.600000381469727,94.0,1.0,50,2.0,39.754844665527344
C2,162,0.605822664696372,32.300000000000004,21.5,2,6.0,48.0,1.0,70,2.0,37.98624038696289
C2,163,0.15527747645870751,94.0,50.0,1,17.600000381469727,54.0,1.0,50,1.0,39.458412170410156
C2,164,0.6502246676127759,47.7,34.7,1,17.200000762939453,60.0,1.0,30,2.0,38.07504653930664
C2,165,0.14922893945942606,96.0,47.300000000000004,1,15.600000381469727,45.0,1.0,50,1.0,40.04502868652344
C2,166,0.25376475773228335,75.2,45.5,1,27.200000762939453,80.0,1.0,50,2.0,39.3603515625
C2,167,0.1864333734176824,80.60000000000001,46.300000000000004,1,14.399999618530273,43.0,1.0,50,1.0,40.68287658691406
C2,168,0.5296725526662269,44.1,34.7,1,16.799999237060547,60.0,1.0,70,2.0,39.47639083862305
C2,169,0.21432500000000002,103.7,58.1,2,47.400001525878906,150.0,1.0,50,3.0,40.08583450317383
C2,170,0.5987569514430966,32.300000000000004,21.8,2,3.0,27.0,1.0,70,1.0,38.31816864013672
C2,171,0.27983375489751455,59.5,37.8,2,22.799999237060547,102.0,1.0,50,2.0,40.05756759643555
C2,172,0.6780409317056224,32.5,22.5,2,7.800000190734863,81.0,1.0,50,3.0,38.034542083740234
C2,173,0.5754800332081764,44.6,32.099999999999994,2,29.799999237060547,144.0,1.0,70,3.0,39.620723724365234
C2,174,0.7088692805748862,39.0,26.8,2,10.0,60.0,1.0,30,2.0,37.77243423461914
C2,175,0.3220674613823808,60.0,38.0,2,35.400001525878906,153.0,1.0,50,3.0,39.863460540771484
C2,176,0.6902438229594725,38.3,26.0,3,5.333333492279053,43.0,1.0,30,1.0,40.45140838623047
C2,177,0.5680000627829387,39.0,26.700000000000003,3,14.266666412353516,98.0,1.0,70,2.0,43.3375129699707
C2,178,0.6618769070979095,32.7,22.4,3,4.266666889190674,35.0,1.0,50,1.0,42.93584060668945
C2,179,0.6291922708100302,34.7,25.6,3,20.53333282470703,144.0,1.0,70,3.0,43.36150360107422
C2,180,0.606166653660128,33.099999999999994,23.599999999999998,3,8.933333396911621,93.0,1.0,70,3.0,41.21690368652344
C2,181,0.23999152054968903,82.5,43.8,4,68.69999694824219,258.0,1.0,50,1.0,69.6634750366211
C2,182,0.5323333333333333,49.2,33.0,7,57.485713958740234,336.0,1.0,50,2.0,102.73141479492188
C2,183,0.6746728765695399,32.7,22.599999999999998,7,7.4285712242126465,100.0,1.0,50,2.0,125.10551452636719
C2,184,0.5727894873581028,32.099999999999994,20.2,7,4.800000190734863,99.0,1.0,90,3.0,108.52997589111328
C2,185,0.7616205351512039,32.5,21.4,7,8.057143211364746,138.0,1.0,30,3.0,82.31798553466797
C2,186,0.7452807495312034,32.4,21.1,7,3.5428571701049805,76.0,1.0,30,2.0,64.99079132080078
C2,187,0.6319405047247557,35.9,24.0,7,4.114285945892334,51.0,1.0,50,1.0,56.994476318359375
C2,188,0.4582663576442999,33.5,25.0,2,5.199999809265137,33.0,1.0,50,1.0,50.46335220336914
C2,189,0.675920630306738,45.0,31.5,2,17.600000381469727,90.0,1.0,30,2.0,47.47801208496094
C2,190,0.7143084352413217,38.699999999999996,26.700000000000003,2,10.800000190734863,68.0,1.0,30,2.0,43.42013931274414
C2,191,0.2763782662121925,53.8,36.900000000000006,2,38.20000076293945,165.0,1.0,70,3.0,43.91875076293945
C2,192,0.5576245161933939,34.9,25.5,2,13.600000381469727,93.0,1.0,90,3.0,42.35124969482422
C2,193,0.46900982902882243,45.199999999999996,31.6,2,17.200000762939453,96.0,1.0,90,2.0,43.27741622924805
C2,194,0.631323106010762,38.6,26.0,2,10.0,64.0,1.0,50,2.0,40.766448974609375
C2,195,0.48409055401332335,45.8,31.8,2,26.799999237060547,141.0,1.0,90,3.0,41.39320373535156
C2,196,0.5582032025655587,49.8,34.4,1,18.799999237060547,98.0,1.0,50,2.0,41.902587890625
C2,197,0.16505243152637786,104.7,62.199999999999996,1,45.20000076293945,110.0,1.0,70,2.0,45.27488708496094
C2,198,0.4801263154467801,47.300000000000004,35.9,1,10.399999618530273,33.0,1.0,70,1.0,45.43159866333008
C2,199,0.15503652365292353,103.1,60.699999999999996,1,41.599998474121094,106.0,1.0,70,2.0,46.0589599609375
C2,200,0.47714860633719713,47.5,35.8,1,10.0,34.0,1.0,70,1.0,43.6353759765625
C2,201,0.17949133427944244,110.60000000000001,57.9,2,42.79999923706055,122.0,1.0,30,2.0,45.91455841064453
C2,202,0.6035383864498393,40.0,27.3,2,6.400000095367432,38.0,1.0,50,1.0,45.28207015991211
C2,203,0.5066254359549976,44.1,31.2,2,29.399999618530273,147.0,1.0,90,3.0,46.90257263183594
C2,204,0.5741992774282184,38.800000000000004,26.5,2,15.600000381469727,105.0,1.0,70,3.0,44.40821075439453
C2,205,0.4425849691645141,50.0,36.5,2,25.600000381469727,108.0,1.0,90,2.0,45.044925689697266
C2,206,0.48033031548034555,44.2,30.4,2,18.399999618530273,94.0,1.0,90,2.0,45.1602897644043
C2,207,0.061736181087755214,102.8,59.9,1,20.799999237060547,52.0,1.0,70,1.0,47.49617385864258
C2,208,0.5751233944178012,45.1,35.6,1,10.800000190734863,35.0,1.0,50,1.0,46.36437225341797
C2,209,0.03992223808004558,113.10000000000001,63.8,1,40.400001525878906,100.0,1.0,90,2.0,46.085289001464844
C2,210,0.4493497490652737,47.5,35.1,1,18.0,66.0,1.0,90,2.0,43.38450622558594
C2,211,0.1882,113.19999999999999,58.5,2,61.20000076293945,198.0,1.0,70,3.0,45.897369384765625
C2,212,0.6327259150720286,32.9,21.7,5,6.639999866485596,105.0,1.0,30,3.0,45.40509033203125
C2,213,0.6753793462563776,34.2,24.2,5,10.880000114440918,100.0,1.0,50,2.0,47.37638854980469
C2,214,0.5714404489017777,32.4,21.3,5,6.239999771118164,105.0,1.0,90,3.0,44.42583084106445
C2,215,0.5182456798338699,38.9,25.5,5,11.680000305175781,108.0,1.0,90,2.0,45.1888313293457
C2,216,0.5856230770545937,33.9,24.0,5,3.680000066757202,46.0,1.0,70,1.0,45.11330032348633
C2,217,-0.11377011900175268,93.60000000000001,47.199999999999996,1,25.0,114.0,1.0,90,2.0,48.001312255859375
C2,218,0.47839275394749015,45.1,35.9,1,21.600000381469727,78.0,1.0,90,2.0,47.7341194152832
C2,219,-0.007860394769738703,109.3,66.69999999999999,1,20.0,50.0,1.0,90,1.0,48.107139587402344
C2,220,0.28379210302023555,72.5,46.4,1,14.0,40.0,1.0,30,1.0,46.06428527832031
C2,221,0.1753,120.80000000000001,74.30000000000001,1,30.0,62.0,1.0,30,1.0,47.905235290527344
C2,222,0.47526569744702357,45.0,35.2,1,19.600000381469727,70.0,1.0,90,2.0,47.00980758666992
C2,223,0.26049999999999995,84.0,41.9,3,36.79999923706055,168.0,1.0,30,3.0,48.60588455200195
C2,224,0.7348925222537979,33.5,25.5,3,3.4666666984558105,30.0,1.0,30,1.0,45.2968635559082
C2,225,0.4713312421934006,44.699999999999996,29.7,3,15.866666793823242,108.0,1.0,90,2.0,45.844783782958984
C2,226,0.4484933363750494,47.7,31.7,3,18.53333282470703,110.0,1.0,90,2.0,46.04020309448242
C2,227,0.479088699617189,44.0,29.6,3,16.66666603088379,104.0,1.0,90,2.0,49.090789794921875
C2,228,0.5698569016078315,33.2,23.5,3,11.199999809265137,117.0,1.0,90,3.0,48.921138763427734
C2,229,0.09854160768151354,114.8,61.800000000000004,1,59.599998474121094,124.0,1.0,90,2.0,49.752685546875
C2,230,0.23526616709972636,88.4,48.800000000000004,1,32.400001525878906,94.0,1.0,50,2.0,49.58494567871094
C2,231,0.18280366782496144,108.5,51.2,3,40.266666412353516,207.0,1.0,30,3.0,53.48429870605469
C2,232,0.6773942674441421,34.5,25.7,3,12.0,86.0,1.0,50,2.0,53.29058074951172
C2,233,0.4235432133603044,49.2,33.8,3,11.466666221618652,62.0,1.0,90,1.0,55.174346923828125
C2,234,0.640105960780232,46.199999999999996,31.0,3,9.199999809265137,52.0,1.0,30,1.0,54.037940979003906
C2,235,0.6280030515594156,48.4,32.300000000000004,3,11.600000381469727,62.0,1.0,30,1.0,55.88943099975586
C2,236,0.6925539631541368,39.199999999999996,26.3,3,6.0,49.0,1.0,30,1.0,55.266990661621094
C2,237,0.5488800560549844,48.300000000000004,34.2,2,13.399999618530273,53.0,1.0,50,1.0,55.02686309814453
C2,238,0.6360607390657487,44.6,31.7,2,24.200000762939453,123.0,1.0,50,3.0,52.08278274536133
C2,239,0.1922091011202267,55.599999999999994,37.6,2,38.79999923706055,171.0,1.0,90,3.0,51.38300323486328
C2,240,0.7544476672328438,32.7,23.8,3,8.800000190734863,78.0,1.0,30,2.0,49.09646987915039
C2,241,-0.4790043579399745,108.0,49.4,14,174.73333740234375,2082.0,1.0,50,3.0,134.7912139892578
C2,242,0.43191233956919733,32.800000000000004,22.1,22,26.18181800842285,562.0,1.0,50,2.0,216.07472229003906
C2,243,0.6367142223589681,27.900000000000002,19.900000000000002,22,1.9090908765792847,61.0,1.0,70,1.0,267.7781677246094
C2,244,0.8302920911251035,22.8,18.8,22,2.799999952316284,129.0,1.0,30,3.0,212.00022888183594
C2,245,0.8113455482692968,24.299999999999997,19.3,22,1.5272727012634277,58.0,1.0,30,1.0,148.80014038085938
C2,246,0.7367124082397152,23.400000000000002,19.3,22,1.5818182229995728,52.0,1.0,50,1.0,109.68008422851562
C2,247,0.1870759919271861,32.2,20.6,8,3.5333333015441895,62.0,1.0,30,1.0,88.74138641357422
C2,248,0.4104655540756738,39.4,28.0,2,16.200000762939453,90.0,1.0,50,2.0,74.44483184814453
C2,249,0.2010722380800456,54.5,36.7,2,40.400001525878906,174.0,1.0,90,3.0,66.66690063476562
C2,250,0.6038956061260927,44.2,31.099999999999998,2,15.600000381469727,82.0,1.0,50,2.0,59.200138092041016
C2,251,0.28256759045076857,76.2,41.2,2,17.399999618530273,65.0,1.0,30,1.0,57.386749267578125
C2,252,0.5123337379256604,38.800000000000004,26.200000000000003,2,5.800000190734863,36.0,1.0,90,1.0,53.36538314819336
C2,253,0.25055903821773595,55.1,37.3,2,13.0,55.0,1.0,50,1.0,52.81922912597656
C2,254,0.48462029657768035,44.8,31.3,2,23.200000762939453,120.0,1.0,90,3.0,49.158203125
C2,255,0.6286994945015956,48.599999999999994,34.4,2,12.399999618530273,55.0,1.0,30,1.0,49.49492263793945
C2,256,0.6805039636400714,44.5,30.8,2,17.600000381469727,92.0,1.0,30,2.0,48.496952056884766
C2,257,0.6532500000000001,49.099999999999994,35.5,2,25.0,108.0,1.0,30,2.0,49.76483917236328
C2,258,0.7353107611611026,34.2,26.1,2,5.199999809265137,35.0,1.0,30,1.0,47.85890197753906
C2,259,0.2576835631293622,84.9,44.0,2,17.0,61.0,1.0,30,1.0,48.7153434753418
C2,260,0.5332284147013892,37.900000000000006,25.8,2,15.600000381469727,105.0,1.0,90,3.0,46.69587326049805
C2,261,0.25532499999999997,91.7,47.9,2,21.200000762939453,70.0,1.0,30,1.0,50.150856018066406
C2,262,0.723336384892749,38.0,26.700000000000003,2,11.600000381469727,72.0,1.0,30,2.0,48.8905143737793
C2,263,0.10370511744494809,63.9,38.9,2,12.0,54.0,1.0,90,1.0,50.667640686035156
C2,264,0.6382835291011846,44.699999999999996,31.0,2,25.0,129.0,1.0,50,3.0,48.13391876220703
C2,265,0.4690617362643263,49.7,35.9,2,14.0,56.0,1.0,70,1.0,49.28034973144531
C2,266,0.3002500540217825,54.4,35.9,2,24.399999618530273,102.0,1.0,50,2.0,49.56821060180664
C2,267,0.29132499999999995,75.7,39.5,3,34.20000076293945,130.0,1.0,30,2.0,52.674259185791016
C2,268,0.6691480715057302,33.2,23.400000000000002,3,7.199999809265137,72.0,1.0,50,2.0,51.87122344970703
C2,269,0.5115996948063174,49.5,33.9,3,25.200000762939453,128.0,1.0,70,2.0,53.12273406982422
C2,270,0.5706049214471652,32.599999999999994,22.8,3,7.199999809265137,68.0,1.0,90,2.0,49.74030685424805
C2,271,0.24534887853953874,59.8,36.7,3,34.79999923706055,158.0,1.0,70,2.0,53.444183349609375
C2,272,0.49523222619757434,43.9,30.5,2,27.46666717529297,168.0,1.0,90,3.0,54.5998420715332
C2,273,0.20409855948491412,88.5,45.6,2,23.799999237060547,75.0,1.0,50,1.0,60.75990676879883
C2,274,0.22645,102.2,53.8,2,31.600000381469727,87.0,1.0,30,1.0,65.52261352539062
C2,275,0.24014620338528017,85.4,42.9,4,63.06666564941406,261.0,1.0,50,3.0,72.51356506347656
C2,276,0.605232312101999,38.699999999999996,25.7,7,14.342857360839844,148.0,1.0,30,2.0,76.5748062133789
C2,277,0.5086750919641627,40.0,28.0,7,12.057143211364746,94.0,1.0,90,1.0,79.94488525390625
C2,278,0.7728352259540846,33.9,24.299999999999997,7,15.657142639160156,180.0,1.0,30,3.0,78.36692810058594
C2,279,0.7421666666666668,39.4,26.8,7,28.628570556640625,255.0,1.0,30,3.0,78.88682556152344
C2,280,0.7004483083173317,38.9,26.1,7,7.371428489685059,71.0,1.0,30,1.0,76.13209533691406
C2,281,0.6371149212932726,44.1,29.3,7,43.31428527832031,315.0,1.0,70,3.0,80.47925567626953
C2,282,0.6824265234375626,33.5,23.400000000000002,7,11.028571128845215,130.0,1.0,50,2.0,80.42089080810547
C2,283,0.593647899768095,42.5,27.5,7,9.54285717010498,81.0,1.0,50,1.0,81.71920013427734
C2,284,0.7577468583329259,32.9,22.2,7,8.0,100.0,1.0,30,2.0,75.16485595703125
C2,285,0.6662425606435888,33.8,24.9,7,7.828571319580078,73.0,1.0,50,1.0,72.29891204833984
C2,286,0.6550831621602692,33.4,23.5,7,4.171428680419922,59.0,1.0,50,1.0,67.64601135253906
C2,287,0.48591666666666666,49.9,34.6,3,31.200000762939453,148.0,1.0,30,2.0,68.05427551269531
C2,288,0.5758083663397264,47.7,32.599999999999994,3,36.53333282470703,189.0,1.0,70,3.0,66.96589660644531
C2,289,0.30205,71.8,39.9,4,67.0999984741211,294.0,1.0,70,3.0,71.51287078857422
C2,290,0.6248340225613979,39.4,28.1,4,10.199999809265137,69.0,1.0,50,1.0,73.57438659667969
C2,291,0.34904999999999997,51.8,36.2,6,35.0,206.0,1.0,30,2.0,80.1446304321289
C2,292,0.6284890368229252,36.4,24.400000000000002,6,4.400000095367432,51.0,1.0,50,1.0,77.82011413574219
C2,293,0.7455023578091106,34.6,24.0,6,8.933333396911621,100.0,1.0,30,2.0,73.8920669555664
C2,294,0.6045322913313453,28.5,20.400000000000002,6,3.4000000953674316,68.0,1.0,90,2.0,62.33523941040039
C2,295,0.6745888370859379,33.300000000000004,23.5,6,8.733333587646484,102.0,1.0,50,2.0,55.401145935058594
C2,296,0.5809883737376091,33.300000000000004,22.700000000000003,4,6.133333206176758,82.0,1.0,70,2.0,50.040687561035156
C2,297,0.684,44.0,29.1,2,27.799999237060547,147.0,1.0,30,3.0,48.82441329956055
C2,298,0.74388729648747,33.6,26.0,2,6.0,38.0,1.0,30,1.0,46.36131286621094
C2,299,0.5279298939924157,44.900000000000006,30.900000000000002,2,18.399999618530273,96.0,1.0,70,2.0,45.81678771972656
C2,300,0.5098454493701179,39.5,27.2,2,9.399999618530273,66.0,1.0,90,2.0,43.35673904418945
C2,301,0.20034485969984808,91.30000000000001,47.5,2,64.80000305175781,213.0,1.0,90,3.0,46.28071212768555
C2,302,0.6274190978755699,32.4,21.2,5,4.079999923706055,66.0,1.0,30,2.0,46.035091400146484
C2,303,0.7559135249995925,33.099999999999994,22.2,5,8.0,92.0,1.0,30,2.0,47.621055603027344
C2,304,0.5625096288123314,33.0,22.0,5,2.4800000190734863,38.0,1.0,90,1.0,44.17263412475586
C2,305,0.6192903317324976,32.9,23.2,5,12.800000190734863,147.0,1.0,70,3.0,44.23691177368164
C2,306,0.6078909583886254,35.3,24.8,5,16.079999923706055,156.0,1.0,70,3.0,45.07548141479492
C2,307,0.3514420497076617,44.2,29.2,2,12.960000038146973,159.0,1.0,90,3.0,47.57862091064453
C2,308,0.6316250403485706,38.199999999999996,26.700000000000003,2,9.199999809265137,62.0,1.0,50,2.0,46.68050765991211
C2,309,0.5055573918288847,43.8,31.0,2,28.0,144.0,1.0,90,3.0,45.60830307006836
C2,310,0.5217993198574719,44.3,30.700000000000003,2,15.0,80.0,1.0,70,2.0,43.23164749145508
C2,311,0.26357185833292585,72.7,41.0,2,48.0,183.0,1.0,70,3.0,45.80565643310547
C2,312,0.5836518863321225,34.4,25.5,2,4.800000190734863,33.0,1.0,70,1.0,45.350059509277344
C2,313,0.19113450038456384,54.699999999999996,36.6,2,37.79999923706055,162.0,1.0,90,3.0,46.9433708190918
C2,314,0.7516658220257149,33.8,24.2,3,10.933333396911621,99.0,1.0,30,3.0,44.16602325439453
C2,315,0.5444911832289268,39.1,26.200000000000003,3,6.400000095367432,48.0,1.0,70,1.0,44.49961471557617
C2,316,0.7313141574169948,39.4,27.3,3,19.46666717529297,144.0,1.0,30,3.0,43.8997688293457
C2,317,0.47771318029355475,44.2,28.9,3,16.933332443237305,100.0,1.0,90,2.0,45.80652618408203
C2,318,0.7688655518588136,32.7,22.3,3,10.666666984558105,93.0,1.0,30,3.0,44.68391799926758
C2,319,0.6569166666666667,48.7,33.4,3,37.400001525878906,162.0,1.0,30,3.0,44.81034851074219
C2,320,0.7579060571320871,33.7,23.7,3,10.133333206176758,99.0,1.0,30,3.0,42.619544982910156
C2,321,0.6500833333333335,47.7,32.7,5,32.2400016784668,225.0,1.0,30,3.0,47.17172622680664
C2,322,0.6780731060107621,33.5,23.3,5,10.0,123.0,1.0,50,3.0,48.169700622558594
C2,323,0.6155558028776951,33.2,22.8,5,12.479999542236328,141.0,1.0,70,3.0,50.635154724121094
C2,324,0.7573092484053618,32.4,21.8,5,6.639999866485596,93.0,1.0,30,3.0,46.24776077270508
C2,325,0.5705485116449023,34.2,24.5,5,17.600000381469727,168.0,1.0,90,3.0,45.61532211303711
C2,326,0.7439919100693597,33.6,23.400000000000002,3,10.479999542236328,123.0,1.0,30,3.0,44.43585968017578
C2,327,0.6577952654177295,39.5,27.2,3,18.133333206176758,138.0,1.0,50,3.0,45.72818374633789
C2,328,0.6151268728386182,33.0,23.099999999999998,3,11.733333587646484,108.0,1.0,70,3.0,43.836910247802734
C2,329,0.7384999999999999,39.800000000000004,27.2,3,20.399999618530273,141.0,1.0,30,3.0,43.50214767456055
C2,330,0.6067784821424556,33.4,23.599999999999998,3,10.133333206176758,96.0,1.0,70,3.0,41.43461990356445
C2,331,0.28760040167666906,71.8,39.300000000000004,2,17.799999237060547,68.0,1.0,30,1.0,44.46077346801758
C2,332,0.5119429110551599,38.800000000000004,26.1,2,5.400000095367432,32.0,1.0,90,1.0,44.27646255493164
C2,333,0.5883881957677507,43.1,31.0,2,9.600000381469727,48.0,1.0,50,1.0,46.29920959472656
C2,334,0.6311092160307771,38.9,26.1,2,10.600000381469727,74.0,1.0,50,2.0,43.3795280456543
C2,335,0.6474526139082195,45.699999999999996,31.3,2,10.0,47.0,1.0,30,1.0,43.627716064453125
C2,336,0.6437422759740735,43.9,29.0,1,6.599999904632568,39.0,1.0,30,1.0,42.576629638671875
C2,337,0.22260000000000002,103.6,60.3,1,22.399999618530273,54.0,1.0,30,1.0,44.212642669677734
C2,338,0.6731497164681738,45.5,35.3,1,18.399999618530273,66.0,1.0,30,2.0,43.32758712768555
C2,339,0.2502236286900527,86.7,47.7,1,16.0,47.0,1.0,30,1.0,43.86322021484375
C2,340,0.6502026139082195,45.400000000000006,35.9,1,10.0,38.0,1.0,30,1.0,42.051265716552734
C2,341,0.21219972066134485,96.8,46.800000000000004,3,41.599998474121094,165.0,1.0,30,3.0,43.89742660522461
C2,342,0.7281644104736767,34.0,24.0,3,2.933333396911621,31.0,1.0,30,1.0,42.871788024902344
C2,343,0.7006184085687384,39.699999999999996,29.2,3,9.466666221618652,54.0,1.0,30,1.0,44.389739990234375
C2,344,0.6726748360710577,33.6,24.299999999999997,3,8.933333396911621,90.0,1.0,50,3.0,41.96717834472656
C2,345,0.7064223121594897,40.300000000000004,27.3,3,12.933333396911621,94.0,1.0,30,2.0,42.64697265625
C2,346,0.5656198605541184,38.800000000000004,26.200000000000003,3,12.933333396911621,94.0,1.0,70,2.0,42.121517181396484
C2,347,0.5997953218095032,44.8,31.0,2,17.799999237060547,98.0,1.0,50,2.0,44.339576721191406
C2,348,0.6107145165557353,38.6,26.9,2,5.0,32.0,1.0,50,1.0,43.670413970947266
C2,349,0.34195000000000003,60.199999999999996,37.8,2,25.799999237060547,110.0,1.0,30,2.0,44.3355827331543
C2,350,0.7116192805748862,38.699999999999996,26.8,2,10.0,68.0,1.0,30,2.0,42.73468017578125
C2,351,0.6379166666666667,49.9,34.7,3,38.599998474121094,162.0,1.0,30,3.0,44.70747756958008
C2,352,0.6915881616650491,33.2,23.599999999999998,3,12.533333778381348,117.0,1.0,50,3.0,43.75782012939453
C2,353,0.5165121278983034,39.300000000000004,26.4,3,13.066666603088379,94.0,1.0,90,2.0,44.921356201171875
C2,354,0.6634388529691087,32.300000000000004,22.3,3,3.7333333492279053,32.0,1.0,50,1.0,42.68614959716797
C2,355,0.5002005158293567,44.699999999999996,30.3,3,29.066667556762695,171.0,1.0,90,3.0,43.74502182006836
C2,356,0.5815198513658058,39.300000000000004,26.5,2,21.200000762939453,141.0,1.0,70,3.0,44.380348205566406
C2,357,0.680002681548928,44.8,31.0,2,18.600000381469727,94.0,1.0,30,2.0,46.761539459228516
C2,358,0.5389911832289267,39.699999999999996,27.400000000000002,2,6.400000095367432,38.0,1.0,70,1.0,45.656925201416016
C2,359,0.26889763078374446,66.5,38.800000000000004,4,50.79999923706055,186.0,1.0,30,3.0,46.99415588378906
C2,360,0.5683955831557604,32.9,22.1,4,7.699999809265137,90.0,1.0,90,3.0,45.52982711791992
C2,361,-0.015928178152709277,55.1,35.7,10,73.30000305175781,327.0,1.0,30,3.0,54.117897033691406
C2,362,0.7808214630381818,28.6,20.299999999999997,10,3.7200000286102295,99.0,1.0,30,3.0,55.40407180786133
C2,363,0.7919922759740734,28.6,20.2,10,6.599999904632568,141.0,1.0,30,3.0,58.44244384765625
C2,364,0.5807127693865846,31.0,20.7,10,2.319999933242798,42.0,1.0,90,1.0,51.332130432128906
C2,365,0.5933379080006469,32.7,21.0,10,2.200000047683716,48.0,1.0,70,1.0,49.06594467163086
C2,366,0.7835714630381819,28.299999999999997,20.0,10,3.7200000286102295,117.0,1.0,30,3.0,46.63956832885742
C2,367,0.3378333333333334,48.599999999999994,31.099999999999998,2,38.599998474121094,177.0,1.0,30,3.0,47.450408935546875
C2,368,0.7485038555705642,34.0,24.7,3,10.533333778381348,96.0,1.0,30,3.0,45.8035774230957
C2,369,0.582964656940891,39.0,26.5,3,18.66666603088379,141.0,1.0,70,3.0,45.882144927978516
C2,370,0.7679158220257148,32.9,23.400000000000002,3,10.933333396911621,105.0,1.0,30,3.0,42.729286193847656
C2,371,0.36697499999999994,51.1,36.4,3,50.53333282470703,231.0,1.0,50,3.0,46.83757400512695
C2,372,0.7566095816204474,30.4,21.3,5,5.840000152587891,93.0,1.0,30,3.0,47.16920852661133
C2,373,0.7575806052406091,33.2,23.2,5,8.720000267028809,98.0,1.0,30,2.0,49.234859466552734
C2,374,0.6739546717658141,33.0,22.5,5,7.920000076293945,84.0,1.0,50,2.0,45.80758285522461
C2,375,0.7589018196230932,32.9,22.9,5,8.319999694824219,94.0,1.0,30,2.0,45.88454818725586
C2,376,0.6926666666666667,44.8,29.7,5,20.479999542236328,154.0,1.0,30,2.0,49.6640625
C2,377,0.28666875653737023,59.1,37.400000000000006,4,66.30000305175781,298.0,1.0,90,2.0,66.19844055175781
C2,378,0.641071507860367,44.4,30.4,6,29.33333396911621,198.0,1.0,50,2.0,83.05239868164062
C2,379,0.7164999999999999,42.2,28.1,6,33.13333511352539,255.0,1.0,30,3.0,94.23143768310547
C2,380,0.5899232329487496,30.099999999999998,21.3,6,3.4666666984558105,45.0,1.0,90,1.0,87.07219696044922
C2,381,0.7341666666666667,39.4,27.2,7,31.542856216430664,255.0,1.0,30,3.0,80.90998077392578
C2,382,0.7011666666666667,43.0,28.299999999999997,8,33.71428680419922,270.0,1.0,30,3.0,77.87932586669922
C2,383,0.4676666666666667,38.800000000000004,26.1,15,37.119998931884766,462.0,1.0,30,3.0,90.5942611694336
C2,384,0.7450568257168818,32.599999999999994,21.6,15,3.946666717529297,74.0,1.0,30,1.0,96.75655364990234
C2,385,0.6788268668734034,32.300000000000004,21.4,15,7.546666622161865,189.0,1.0,50,3.0,96.85393524169922
C2,386,0.7606637770648778,33.300000000000004,22.5,15,9.866666793823242,176.0,1.0,30,2.0,88.11235809326172
C2,387,0.5838645483262519,32.9,22.5,15,18.373332977294922,294.0,1.0,90,3.0,86.06741333007812
C2,388,0.8014941572765847,25.8,19.900000000000002,15,2.4800000190734863,54.0,1.0,30,1.0,83.64044952392578
C2,389,0.35076835713888277,34.3,24.5,9,7.288888931274414,82.0,1.0,70,1.0,81.38426971435547
C2,390,0.771174188767875,31.4,20.7,9,7.911110877990723,147.0,1.0,30,3.0,73.49723052978516
C2,391,0.7085445096984417,38.699999999999996,25.9,9,9.11111068725586,90.0,1.0,30,1.0,73.56500244140625
C2,392,0.7476666666666667,38.800000000000004,26.599999999999998,9,22.755556106567383,214.0,1.0,30,2.0,76.93900299072266
C2,393,0.5912977050149112,40.0,27.599999999999998,12,46.35555648803711,387.0,1.0,30,3.0,89.63006591796875
C2,394,0.5785994108914488,34.3,24.5,12,22.16666603088379,274.0,1.0,90,2.0,103.5113754272461
C2,395,0.7124627385367234,35.0,24.8,12,21.33333396911621,256.0,1.0,50,2.0,114.6401596069336
C2,396,0.5932459625984188,33.6,23.3,12,5.733333110809326,80.0,1.0,70,1.0,114.78409576416016
C2,397,0.7721442973933648,33.6,24.1,12,14.399999618530273,180.0,1.0,30,2.0,108.60379028320312
C2,398,0.46285514778434517,38.4,25.4,8,27.53333282470703,333.0,1.0,70,3.0,102.62894439697266
C2,399,0.5849166666666666,39.1,26.5,12,34.03333282470703,387.0,1.0,30,3.0,105.57736206054688
C2,400,0.6354249825708136,35.1,24.8,12,23.133333206176758,276.0,1.0,70,2.0,113.74642181396484
C2,401,0.5705854397453489,34.1,24.400000000000002,12,17.100000381469727,200.0,1.0,90,1.0,130.51451110839844
C2,402,0.5688453348573465,35.0,25.1,12,20.566667556762695,242.0,1.0,90,2.0,139.5087127685547
C2,403,0.7806666666666666,35.2,24.6,12,27.233333587646484,333.0,1.0,30,3.0,141.3052215576172
C2,404,0.7737504363535689,33.300000000000004,22.8,12,14.0,228.0,1.0,30,3.0,125.84980010986328
C2,405,0.6838556230402815,33.300000000000004,22.9,12,10.933333396911621,160.0,1.0,50,2.0,111.10987854003906
C2,406,0.7787480832817807,33.6,23.099999999999998,12,16.899999618530273,246.0,1.0,30,3.0,98.39926147460938
C2,407,0.7600342074969955,32.099999999999994,21.0,12,6.633333206176758,159.0,1.0,30,3.0,87.70622253417969
C2,408,0.7758109640600315,33.2,22.5,12,14.399999618530273,234.0,1.0,30,3.0,81.02373504638672
C2,409,0.4246200669252038,40.7,28.299999999999997,7,12.949999809265137,107.0,1.0,50,1.0,80.34757232666016
C2,410,0.6468363743509056,44.4,29.6,7,46.514286041259766,339.0,1.0,70,3.0,87.94187927246094
C2,411,0.6221972225804034,34.2,24.8,7,17.314285278320312,204.0,1.0,70,3.0,91.16512298583984
C2,412,0.7314166666666667,39.699999999999996,26.9,6,24.066667556762695,213.0,1.0,30,3.0,88.299072265625
C2,413,0.6835,45.8,31.4,6,52.266666412353516,330.0,1.0,50,2.0,93.51277923583984
C2,414,0.5617886420175073,32.300000000000004,20.7,11,7.599999904632568,156.0,1.0,30,3.0,94.5076675415039
C2,415,0.794217004330904,28.2,20.1,11,6.218181610107422,144.0,1.0,30,3.0,92.03793334960938
C2,416,0.65417408979018,23.099999999999998,19.0,11,3.563636302947998,114.0,1.0,90,3.0,73.62275695800781
C2,417,0.6577855799006511,33.0,22.9,11,3.9272727966308594,64.0,1.0,50,1.0,64.17365264892578
C2,418,0.7861101338091468,27.7,19.599999999999998,11,2.981818199157715,96.0,1.0,30,3.0,56.3708610534668
C2,419,0.42574898777541975,35.1,24.299999999999997,3,10.333333015441895,141.0,1.0,30,3.0,52.889183044433594
C2,420,0.7297423521903815,34.6,24.8,2,6.800000190734863,96.0,1.0,30,3.0,46.53350830078125
C2,421,0.21875,105.0,53.400000000000006,2,26.0,83.0,1.0,30,1.0,49.52010726928711
C2,422,0.6394401864277066,39.199999999999996,27.400000000000002,2,13.199999809265137,93.0,1.0,50,3.0,49.17873001098633
C2,423,0.5878226433504568,46.699999999999996,31.7,2,17.200000762939453,96.0,1.0,50,2.0,51.10723876953125
C2,424,0.6536830243109666,34.0,25.2,2,5.199999809265137,34.0,1.0,50,1.0,45.73101043701172
C2,425,0.6963333333333332,44.4,30.0,2,26.600000381469727,141.0,1.0,30,3.0,44.638607025146484
C2,426,0.369725,50.1,36.5,2,22.200000762939453,106.0,1.0,30,2.0,44.64982986450195
C2,427,0.34949862869005266,50.6,37.199999999999996,2,36.0,150.0,1.0,50,3.0,46.78989791870117
C2,428,0.6447482152534357,34.8,26.200000000000003,2,4.800000190734863,32.0,1.0,50,1.0,46.07394027709961
C2,429,0.5511423646207096,49.3,35.1,2,34.20000076293945,150.0,1.0,70,3.0,45.244361877441406
C2,430,0.7512538555705642,33.7,24.1,3,10.533333778381348,99.0,1.0,30,3.0,42.479949951171875
C2,431,0.34367526730342013,50.3,35.7,3,33.599998474121094,154.0,1.0,50,2.0,46.82130432128906
C2,432,0.5891073394516841,33.5,22.700000000000003,3,3.5999999046325684,30.0,1.0,70,1.0,46.75944900512695
C2,433,0.6128187579500972,35.9,26.1,3,19.066667556762695,138.0,1.0,70,3.0,48.45566940307617
C2,434,0.637144741755775,28.0,20.2,3,2.5333333015441895,28.0,1.0,70,1.0,42.940067291259766
C2,435,0.69475,43.7,29.4,2,24.600000381469727,132.0,1.0,30,3.0,41.49737548828125
C2,436,0.7671175904507685,35.0,26.0,2,17.399999618530273,111.0,1.0,30,3.0,39.431758880615234
C2,437,0.6972500000000001,44.3,31.5,2,25.600000381469727,129.0,1.0,30,3.0,40.192386627197266
C2,438,0.5693107198195375,32.5,22.2,2,5.0,52.0,1.0,90,2.0,38.2487678527832
C2,439,0.525776824780149,44.6,31.8,2,17.0,92.0,1.0,70,2.0,38.2825927734375
C2,440,0.734669866548256,37.5,25.8,2,13.800000190734863,93.0,1.0,30,3.0,36.70288848876953
C2,441,0.22617859849294378,64.9,37.900000000000006,2,13.600000381469727,54.0,1.0,50,1.0,39.488399505615234
C2,442,0.5959026259190419,34.3,26.1,2,9.199999809265137,60.0,1.0,70,2.0,39.02637481689453
C2,443,0.5356798184802772,43.9,31.099999999999998,2,18.0,88.0,1.0,70,2.0,40.48249053955078
C2,444,0.6287976234483136,38.6,26.4,2,9.399999618530273,60.0,1.0,50,2.0,38.15616226196289
C2,445,0.2901781511753198,71.4,39.800000000000004,2,44.79999923706055,138.0,1.0,30,3.0,38.89369583129883
C2,446,0.5764549022951851,38.699999999999996,25.8,2,16.0,108.0,1.0,70,3.0,38.26955032348633
C2,447,0.6072834583826107,40.4,30.0,2,8.199999809265137,43.0,1.0,50,1.0,39.62839889526367
C2,448,0.7246814487072925,38.9,26.700000000000003,2,14.800000190734863,96.0,1.0,30,3.0,38.5770378112793
C2,449,0.6029404567803642,45.699999999999996,32.4,2,18.600000381469727,94.0,1.0,50,2.0,39.41289138793945
C2,450,0.7067986673961043,39.300000000000004,26.700000000000003,2,10.199999809265137,66.0,1.0,30,2.0,38.5810661315918
C2,451,0.18860435878159432,98.0,50.6,4,48.93333435058594,162.0,1.0,30,2.0,44.61530685424805
C2,452,0.6386518863321226,28.400000000000002,19.8,4,4.800000190734863,84.0,1.0,70,3.0,45.702518463134766
C2,453,0.7199699391474321,37.900000000000006,25.0,4,10.300000190734863,96.0,1.0,30,2.0,48.35484313964844
C2,454,0.7463269544583622,32.7,22.700000000000003,4,4.5,64.0,1.0,30,2.0,43.412906646728516
C2,455,0.5994842334297771,33.7,24.400000000000002,4,8.5,86.0,1.0,70,2.0,42.4477424621582
C2,456,0.7567825473250687,32.4,21.2,4,6.5,74.0,1.0,30,2.0,40.401981353759766
C2,457,0.6849166666666666,43.9,30.200000000000003,2,20.0,96.0,1.0,30,2.0,41.30785369873047
C2,458,0.608609566589996,32.5,22.1,2,7.800000190734863,84.0,1.0,70,3.0,39.85137939453125
C2,459,0.4619969821470123,46.199999999999996,31.5,2,18.399999618530273,90.0,1.0,90,2.0,40.04416275024414
C2,460,0.7054039841393918,39.0,26.5,2,9.0,60.0,1.0,30,2.0,37.759830474853516
C2,461,0.09830857304364939,82.9,43.5,2,33.20000076293945,124.0,1.0,90,2.0,40.92256546020508
C2,462,0.661142360531217,37.3,26.0,2,14.199999809265137,93.0,1.0,50,3.0,40.95353698730469
C2,463,0.6862627540246051,44.3,30.5,2,19.399999618530273,98.0,1.0,30,2.0,43.505455017089844
C2,464,0.5101095777218264,39.0,26.200000000000003,2,5.400000095367432,33.0,1.0,90,1.0,41.16994094848633
C2,465,0.6772418964626955,44.699999999999996,31.099999999999998,2,17.0,90.0,1.0,30,2.0,41.63529586791992
C2,466,0.6850335291011845,39.6,27.3,2,5.0,38.0,1.0,30,1.0,40.447845458984375
C2,467,0.6035934317034048,44.699999999999996,30.900000000000002,2,16.600000381469727,88.0,1.0,50,2.0,41.20204162597656
C2,468,0.7684526139082195,32.5,21.9,2,10.0,87.0,1.0,30,3.0,39.52122497558594
C2,469,0.6908333333333334,45.0,31.5,2,25.600000381469727,135.0,1.0,30,3.0,39.446067810058594
C2,470,0.7194169395880747,39.1,26.3,2,13.600000381469727,93.0,1.0,30,3.0,37.667640686035156
C2,471,0.6507499999999999,48.5,33.099999999999994,3,32.53333282470703,159.0,1.0,30,3.0,39.80058288574219
C2,472,0.7551633252940951,33.8,24.400000000000002,3,9.600000381469727,90.0,1.0,30,3.0,39.08034896850586
C2,473,0.7314108419928718,39.300000000000004,26.9,3,19.066667556762695,138.0,1.0,30,3.0,40.64820861816406
C2,474,0.7638084352413217,33.300000000000004,23.5,3,10.800000190734863,96.0,1.0,30,3.0,38.78892517089844
C2,475,0.5806154492644053,43.4,30.5,3,8.399999618530273,50.0,1.0,50,1.0,40.340023040771484
C2,476,0.5988943622542152,32.599999999999994,22.9,3,4.266666889190674,39.0,1.0,70,1.0,40.337345123291016
C2,477,0.550422820640461,45.1,31.2,2,26.799999237060547,141.0,1.0,70,3.0,42.33574295043945
C2,478,0.7237647820406258,39.0,26.599999999999998,2,14.800000190734863,99.0,1.0,30,3.0,41.26811218261719
C2,479,0.6935833333333333,44.699999999999996,31.0,2,27.600000381469727,141.0,1.0,30,3.0,41.69419860839844
C2,480,0.7588661611682622,34.4,26.200000000000003,2,12.399999618530273,90.0,1.0,30,3.0,39.68318557739258
C2,481,-0.4395611731976873,166.3,78.7,8,180.89999389648438,1292.0,1.0,50,2.0,120.20991516113281
C2,482,0.25705206341236303,33.5,23.2,21,15.866666793823242,312.0,1.0,30,1.0,203.85928344726562
C2,483,0.611388801564321,27.7,19.400000000000002,21,2.838095188140869,135.0,1.0,90,3.0,256.04888916015625
C2,484,0.8321320619006628,22.700000000000003,18.8,21,3.028571367263794,135.0,1.0,30,3.0,207.22933959960938
C2,485,0.6329154010120429,25.2,19.5,21,1.085714340209961,42.0,1.0,90,1.0,141.93760681152344
C2,486,0.8540251277906482,19.5,18.5,21,2.3238096237182617,111.0,1.0,30,3.0,101.69589233398438
C2,487,0.06572157630342837,32.599999999999994,21.2,4,4.114285945892334,153.0,1.0,30,3.0,78.35086822509766
C2,488,0.7535727237987538,33.300000000000004,22.8,3,10.133333206176758,90.0,1.0,30,3.0,62.74385452270508
C2,489,0.7275428993209337,39.300000000000004,27.2,3,17.33333396911621,126.0,1.0,30,3.0,54.04631423950195
C2,490,0.760206230616512,33.300000000000004,23.5,3,9.733333587646484,102.0,1.0,30,3.0,46.56112289428711
C2,491,0.5002666383631664,44.3,31.5,3,7.733333110809326,50.0,1.0,70,1.0,44.736671447753906
C2,492,0.744438965819382,32.5,22.5,2,5.599999904632568,87.0,1.0,30,3.0,41.908668518066406
C2,493,0.6899166666666666,45.1,31.6,2,26.799999237060547,147.0,1.0,30,3.0,42.21186828613281
C2,494,0.7328365332149226,37.699999999999996,26.3,2,13.800000190734863,90.0,1.0,30,3.0,39.72711944580078
C2,495,0.47452491418752835,46.1,31.7,2,24.0,123.0,1.0,90,3.0,39.836273193359375
C2,496,0.6908333333333334,45.0,31.6,2,23.200000762939453,120.0,1.0,30,3.0,38.70176315307617
C2,497,0.43328428833069643,47.7,32.0,2,8.199999809265137,45.0,1.0,90,1.0,40.02105712890625
C2,498,0.6049059980297055,32.4,21.7,2,6.0,56.0,1.0,70,2.0,39.07929992675781
C2,499,0.5433804802658042,47.1,31.4,2,27.600000381469727,147.0,1.0,70,3.0,39.71424865722656
C2,500,0.6105921179881395,32.4,22.1,2,8.199999809265137,81.0,1.0,70,3.0,37.69521713256836
C2,501,0.12831200188919972,106.39999999999999,55.0,4,118.80000305175781,414.0,1.0,90,2.0,60.3504638671875
C2,502,0.2669695265032671,39.4,26.700000000000003,15,49.476924896240234,549.0,1.0,30,3.0,91.8102798461914
C2,503,0.6090850092254446,33.0,22.3,15,9.65333366394043,170.0,1.0,70,2.0,118.41950225830078
C2,504,0.7800453926163221,33.6,23.599999999999998,15,17.440000534057617,250.0,1.0,30,2.0,123.45169830322266
C2,505,0.7889055922091991,28.7,20.400000000000002,15,6.026666641235352,130.0,1.0,30,2.0,110.73768615722656
C2,506,0.6358966766711989,33.7,23.400000000000002,15,19.866666793823242,302.0,1.0,70,2.0,111.9092788696289
C2,507,0.5606277080599602,33.8,23.599999999999998,10,11.226666450500488,180.0,1.0,30,2.0,107.94556427001953
C2,508,0.7522500000000001,38.3,25.9,10,32.84000015258789,330.0,1.0,30,3.0,111.56733703613281
C2,509,0.737968024454409,38.4,25.5,10,18.280000686645508,194.0,1.0,30,2.0,106.5404052734375
C2,510,0.7796608685874218,28.9,20.299999999999997,10,4.119999885559082,96.0,1.0,30,2.0,97.92424011230469
C2,511,0.78715254273849,27.400000000000002,19.5,10,2.559999942779541,74.0,1.0,30,2.0,83.02120971679688
C2,512,0.7587063838513579,32.0,21.0,10,6.039999961853027,108.0,1.0,30,2.0,68.34606170654297
C2,513,0.6628924214345011,32.2,21.0,10,3.359999895095825,59.0,1.0,50,1.0,61.00763702392578
C2,514,0.39767859262548416,34.5,23.900000000000002,6,11.0,192.0,1.0,90,3.0,60.20458221435547
C2,515,0.3096018169569998,48.2,31.7,2,9.600000381469727,55.0,1.0,70,1.0,59.856082916259766
C2,516,0.1474642041501199,90.2,44.900000000000006,4,64.80000305175781,216.0,1.0,30,3.0,61.38031768798828
C2,517,0.6571666666666667,47.800000000000004,32.0,5,25.84000015258789,164.0,1.0,30,2.0,64.69485473632812
C2,518,0.7182869437822119,39.5,27.099999999999998,5,14.479999542236328,124.0,1.0,30,2.0,67.61691284179688
C2,519,0.4973387409352435,44.2,30.4,5,26.239999771118164,176.0,1.0,90,2.0,71.50347900390625
C2,520,0.5902941162781472,44.3,30.4,5,12.640000343322754,80.0,1.0,50,1.0,73.56875610351562
C2,521,0.10112346008281778,45.900000000000006,30.599999999999998,14,103.65714263916016,648.0,1.0,30,2.0,109.74125671386719
C2,522,-0.11987861714533504,32.300000000000004,21.6,36,52.8521728515625,1086.0,1.0,30,2.0,192.11141967773438
C2,523,0.8329611797660668,28.400000000000002,20.299999999999997,36,19.877777099609375,706.0,1.0,30,2.0,277.93353271484375
C2,524,0.8439166666666668,28.299999999999997,20.2,36,22.822221755981445,804.0,1.0,30,2.0,339.8267822265625
C2,525,0.6648858466680602,24.9,19.5,36,2.222222328186035,86.0,1.0,70,1.0,316.0293884277344
C2,526,0.7288665932504694,28.400000000000002,20.299999999999997,36,10.95555591583252,369.0,1.0,50,3.0,271.0843200683594
C2,527,0.6656900056157814,25.7,19.7,36,5.744444370269775,246.0,1.0,70,3.0,201.45057678222656
C2,528,0.3830142754946786,23.2,19.099999999999998,27,2.748387098312378,124.0,1.0,50,2.0,156.47035217285156
C2,529,0.1742330556462201,28.6,20.400000000000002,12,2.0888888835906982,71.0,1.0,30,1.0,122.54887390136719
C2,530,0.5660000000000001,36.8,25.4,7,30.571428298950195,258.0,1.0,30,3.0,102.72932434082031
C2,531,0.7140000000000001,41.6,28.400000000000002,6,40.05714416503906,297.0,1.0,50,3.0,95.77092742919922
C2,532,0.5464166666666667,43.3,28.5,10,33.2400016784668,336.0,1.0,30,3.0,97.06256103515625
C2,533,0.7326756813152911,38.1,25.9,10,15.039999961853027,144.0,1.0,30,1.0,105.57086944580078
C2,534,0.7843333333333333,34.8,24.7,10,20.15999984741211,252.0,1.0,30,3.0,108.67585754394531
C2,535,0.5482586724332852,35.4,25.6,10,10.079999923706055,101.0,1.0,90,1.0,109.07218170166016
C2,536,0.63225,38.3,25.7,13,38.109092712402344,393.0,1.0,30,3.0,107.5766372680664
C2,537,0.6698333333333334,34.2,24.1,16,34.092308044433594,456.0,1.0,30,3.0,115.74598693847656
C2,538,0.6666918935629275,33.300000000000004,23.2,16,6.824999809265137,110.0,1.0,50,1.0,121.84758758544922
C2,539,0.600103905244566,33.2,23.0,16,7.0,114.0,1.0,70,1.0,123.24188995361328
C2,540,0.6964146793462315,28.2,20.2,16,2.549999952316284,62.0,1.0,50,1.0,112.0784683227539
C2,541,0.7217949988935984,33.4,23.099999999999998,16,40.04999923706055,634.0,1.0,70,2.0,132.98040771484375
C2,542,0.5784190892504601,33.4,23.099999999999998,16,17.899999618530273,288.0,1.0,90,2.0,149.52157592773438
C2,543,0.4428823807417283,33.4,23.0,10,10.920000076293945,154.0,1.0,50,2.0,161.4462890625
C2,544,0.6215833333333334,35.1,24.8,14,34.771427154541016,474.0,1.0,30,3.0,147.40110778808594
C2,545,0.7651999293602954,32.300000000000004,21.1,14,8.54285717010498,189.0,1.0,30,3.0,128.1739959716797
C2,546,0.6189935311641112,32.599999999999994,21.7,14,11.800000190734863,222.0,1.0,70,3.0,116.23773193359375
C2,547,0.7755678048602082,33.2,22.700000000000003,14,14.314285278320312,243.0,1.0,30,3.0,98.8093032836914
C2,548,0.653972254264332,23.0,18.599999999999998,14,2.2285714149475098,76.0,1.0,90,2.0,85.01891326904297
C2,549,0.7913464773482362,28.6,20.299999999999997,14,6.4285712242126465,165.0,1.0,30,3.0,74.21134948730469
C2,550,0.5027684282948017,33.300000000000004,23.2,7,17.428571701049805,204.0,1.0,30,3.0,65.99347686767578
C2,551,0.5821666666666667,39.4,27.0,11,34.3636360168457,372.0,1.0,30,3.0,72.5294189453125
C2,552,0.7540833333333333,38.1,25.5,11,25.418182373046875,282.0,1.0,30,2.0,87.91764831542969
C2,553,0.4335,33.8,23.599999999999998,20,36.72941207885742,585.0,1.0,30,3.0,114.08392333984375
C2,554,0.7343036090478214,32.800000000000004,22.0,20,21.739999771118164,420.0,1.0,50,2.0,141.25035095214844
C2,555,0.8008333333333334,33.0,22.3,20,26.079999923706055,519.0,1.0,30,3.0,161.81687927246094
C2,556,0.7844448178419865,32.5,21.8,20,35.20000076293945,690.0,1.0,50,3.0,178.82345581054688
C2,557,0.8008333333333334,33.0,22.3,20,20.219999313354492,387.0,1.0,30,3.0,178.2274169921875
C2,558,0.7824899582534098,32.2,21.2,20,13.539999961853027,276.0,1.0,30,3.0,167.0697784423828
C2,559,0.5749760497594095,32.099999999999994,21.2,20,7.0,168.0,1.0,90,2.0,140.90853881835938
C2,560,0.7889492866664861,32.7,22.1,20,17.719999313354492,345.0,1.0,30,3.0,123.34512329101562
C2,561,0.7848870116499302,32.7,22.1,20,16.059999465942383,309.0,1.0,30,3.0,114.27374267578125
C2,562,0.5180833333333333,33.300000000000004,23.099999999999998,13,26.94285774230957,387.0,1.0,30,3.0,114.8309097290039
C2,563,0.7741476415506826,32.5,22.0,13,11.723076820373535,210.0,1.0,30,3.0,109.16521453857422
C2,564,0.7925833333333334,33.9,23.7,13,27.169231414794922,354.0,1.0,30,3.0,107.76579284667969
C2,565,0.7784166666666666,33.7,23.599999999999998,15,33.22666549682617,471.0,1.0,30,3.0,110.65947723388672
C2,566,0.7672197727507729,32.2,20.9,15,8.853333473205566,207.0,1.0,30,3.0,112.2623519897461
C2,567,0.8467569239884147,17.9,17.6,15,0.5600000023841858,32.0,1.0,30,2.0,99.62407684326172
C2,568,0.8468679212170322,18.0,17.7,15,0.5866666436195374,36.0,1.0,30,2.0,73.50778198242188
C2,569,0.751513597194608,32.5,21.3,15,5.360000133514404,122.0,1.0,30,2.0,56.77133560180664
C2,570,0.746916912813901,32.9,22.5,15,5.119999885559082,83.0,1.0,30,1.0,55.66279983520508
C2,571,0.3400217696998819,47.1,30.900000000000002,7,40.880001068115234,230.0,1.0,30,2.0,67.93101501464844
C2,572,0.7598055837988829,34.2,24.299999999999997,7,12.114285469055176,136.0,1.0,30,2.0,76.22527313232422
C2,573,0.5640167994199546,33.4,23.3,7,7.885714054107666,104.0,1.0,90,2.0,77.06849670410156
C2,574,0.7253881014772879,40.0,27.400000000000002,7,19.257143020629883,164.0,1.0,30,2.0,73.17443084716797
C2,575,0.605364534479965,44.2,29.4,7,15.942856788635254,117.0,1.0,50,1.0,77.37132263183594
C2,576,0.7660067000499285,19.0,18.3,7,1.085714340209961,23.0,1.0,50,1.0,76.02279663085938
C2,577,0.7188333333333333,40.2,27.599999999999998,5,20.31999969482422,156.0,1.0,30,2.0,74.68034362792969
C2,578,0.7066558692752892,18.2,17.8,5,0.7200000286102295,15.0,1.0,70,1.0,60.274871826171875
C2,579,0.6498333333333334,48.599999999999994,33.300000000000004,6,59.20000076293945,327.0,1.0,50,3.0,63.09825897216797
C2,580,0.5511759416520277,32.5,21.2,11,5.2727274894714355,106.0,1.0,30,2.0,61.458953857421875
C2,581,0.7511641547978375,32.7,21.5,11,5.74545431137085,112.0,1.0,30,2.0,65.9420394897461
C2,582,0.8201727083430227,23.5,19.2,11,1.8909090757369995,66.0,1.0,30,2.0,58.498558044433594
C2,583,0.5930373559869309,33.5,22.8,11,5.2727274894714355,70.0,1.0,70,1.0,56.29913330078125
C2,584,0.8276766585465118,22.599999999999998,18.599999999999998,11,1.7090909481048584,75.0,1.0,30,3.0,50.84614562988281
C2,585,-0.1514275943716725,86.0,40.300000000000004,2,23.200000762939453,78.0,1.0,50,1.0,53.57435607910156
C2,586,-0.5824001596708596,106.80000000000001,50.0,16,115.0999984741211,495.0,1.0,30,3.0,67.87794494628906
C2,587,0.7564772382274437,33.6,23.3,16,9.449999809265137,143.0,1.0,30,1.0,92.19343566894531
C2,588,0.799,33.2,22.9,16,27.299999237060547,438.0,1.0,30,3.0,115.84939575195312
C2,589,0.7075371803034675,18.2,18.2,16,1.149999976158142,78.0,1.0,70,3.0,111.50963592529297
C2,590,0.6041117228782591,28.400000000000002,20.299999999999997,16,1.774999976158142,50.0,1.0,90,1.0,96.50578308105469
C2,591,0.7681111768488483,32.5,21.6,16,9.899999618530273,210.0,1.0,30,3.0,77.37013244628906
C2,592,0.7060601604944237,18.0,17.6,16,0.42500001192092896,15.0,1.0,70,1.0,64.42208099365234
C2,593,0.39975107012189437,33.099999999999994,22.5,7,9.074999809265137,174.0,1.0,30,2.0,61.58658218383789
C2,594,0.7486374768668834,18.2,17.8,5,0.7200000286102295,17.0,1.0,50,1.0,52.8186149597168
C2,595,0.6633333333333332,48.0,32.5,5,48.47999954223633,288.0,1.0,50,3.0,58.35783767700195
C2,596,0.42033333333333334,39.6,26.9,13,39.68888854980469,384.0,1.0,30,3.0,67.14803314208984
C2,597,0.6136914184343376,32.5,21.5,13,9.661538124084473,201.0,1.0,70,3.0,79.08882141113281
C2,598,0.7587028212599815,32.2,21.4,13,6.523077011108398,126.0,1.0,30,2.0,81.8532943725586
C2,599,0.7647063687555755,18.1,17.8,13,0.7384615540504456,39.0,1.0,50,3.0,68.17864227294922
C2,600,0.8463468217097462,18.2,17.9,13,0.4615384638309479,12.0,1.0,30,1.0,52.64051818847656
C2,601,0.28523334535431194,33.4,23.099999999999998,6,8.953845977783203,158.0,1.0,90,2.0,45.45097732543945
C2,602,0.8282591663232969,22.5,18.599999999999998,5,3.5999999046325684,81.0,1.0,30,3.0,43.00392150878906
C2,603,0.2418898167708115,54.199999999999996,35.3,7,65.86666870117188,297.0,1.0,30,3.0,53.135684967041016
C2,604,0.8029781966947044,23.5,18.9,9,1.600000023841858,63.0,1.0,30,3.0,51.48141098022461
C2,605,0.7932403650999484,28.6,20.400000000000002,9,6.933333396911621,138.0,1.0,30,3.0,53.022178649902344
C2,606,0.8503276443951988,20.1,18.599999999999998,9,1.644444465637207,63.0,1.0,30,3.0,43.5466423034668
C2,607,0.7903245427066599,28.9,20.6,9,6.888888835906982,147.0,1.0,30,3.0,41.59465026855469
C2,608,0.567377694332615,32.4,20.7,9,1.6888889074325562,40.0,1.0,90,1.0,39.62345886230469
C2,609,0.08931580640243254,64.0,36.3,7,146.6666717529297,552.0,1.0,70,2.0,72.44074249267578
C2,610,0.3553333333333334,33.6,23.7,18,32.75555419921875,558.0,1.0,30,3.0,110.39778137207031
C2,611,0.6145667707699903,33.2,22.700000000000003,18,12.155555725097656,206.0,1.0,70,1.0,155.30532836914062
C2,612,0.6443525900800819,33.300000000000004,22.700000000000003,18,21.155555725097656,375.0,1.0,70,3.0,162.1165313720703
C2,613,0.7698980972263286,32.4,21.3,18,10.155555725097656,237.0,1.0,30,3.0,151.93658447265625
C2,614,0.7800155879455989,32.7,21.9,18,14.266666412353516,276.0,1.0,30,3.0,130.6286163330078
C2,615,0.3704255237861777,32.9,22.3,13,9.466666221618652,180.0,1.0,90,2.0,113.17716979980469
C2,616,0.7786938637394859,33.099999999999994,22.599999999999998,13,15.10769271850586,240.0,1.0,30,3.0,102.83963775634766
C2,617,0.7801433914004007,34.0,23.8,13,19.13846206665039,270.0,1.0,30,3.0,96.37044525146484
C2,618,0.6879392767395441,17.9,17.7,9,0.8444444537162781,42.0,1.0,30,3.0,82.35560607910156
C2,619,0.6188392367356844,33.099999999999994,22.9,9,13.244444847106934,189.0,1.0,70,3.0,71.6800308227539
C2,620,0.8481236909542431,17.9,17.7,9,0.8888888955116272,36.0,1.0,30,3.0,54.87468338012695
C2,621,0.824096185080464,23.2,18.8,9,2.1777777671813965,75.0,1.0,30,3.0,46.25814437866211
C2,622,0.8483115300280377,20.299999999999997,18.599999999999998,9,1.600000023841858,50.0,1.0,30,2.0,36.02155303955078
C2,623,0.612777850038891,47.7,31.2,11,50.099998474121094,408.0,1.0,30,3.0,46.412933349609375
C2,624,0.8486596507445074,18.0,17.7,11,1.0181818008422852,51.0,1.0,30,3.0,51.581092834472656
C2,625,0.7641226048624613,18.0,17.7,11,0.581818163394928,18.0,1.0,50,2.0,52.54865646362305
C2,626,0.75775,37.699999999999996,25.3,11,29.600000381469727,333.0,1.0,30,3.0,49.795860290527344
C2,627,0.7934834688521741,28.400000000000002,20.2,11,6.509090900421143,147.0,1.0,30,3.0,52.410850524902344
C2,628,0.8463934451534713,18.0,17.6,11,0.4727272689342499,14.0,1.0,30,2.0,53.71317672729492
C2,629,0.7639873399727855,18.2,17.8,11,0.5454545617103577,12.0,1.0,50,1.0,41.29457092285156
C2,630,0.8468477422026727,18.1,17.8,11,0.581818163394928,24.0,1.0,30,2.0,28.910076141357422
C2,631,0.7523241517413439,36.1,25.0,11,15.527273178100586,186.0,1.0,30,2.0,32.946044921875
C2,632,0.5622489877754198,33.300000000000004,22.9,6,10.333333015441895,110.0,1.0,30,2.0,41.10095977783203
C2,633,0.7585446074158478,33.099999999999994,23.599999999999998,6,8.733333587646484,108.0,1.0,30,2.0,51.593910217285156
C2,634,0.7789333892335344,29.1,20.400000000000002,6,4.400000095367432,66.0,1.0,30,2.0,49.889678955078125
C2,635,0.7477538634128682,32.300000000000004,21.3,6,3.933333396911621,70.0,1.0,30,2.0,46.20047378540039
C2,636,0.7222655879455989,39.0,26.1,6,14.266666412353516,130.0,1.0,30,2.0,45.453617095947266
C2,637,0.3748285005393754,41.2,28.9,3,9.866666793823242,59.0,1.0,90,1.0,48.472171783447266
C2,638,0.7202740283074556,38.699999999999996,26.3,3,12.666666984558105,96.0,1.0,30,2.0,52.01663589477539
C2,639,0.24716258259809135,69.4,39.699999999999996,3,41.46666717529297,170.0,1.0,70,2.0,56.80998229980469
C2,640,0.35014999999999996,51.4,35.6,5,30.5,174.0,1.0,30,2.0,63.4193229675293
C2,641,0.716141768574655,38.5,25.1,5,10.800000190734863,110.0,1.0,30,2.0,68.3182601928711
C2,642,0.8487500170535267,18.2,17.7,5,1.0399999618530273,34.0,1.0,30,2.0,62.190956115722656
C2,643,0.6019918510679712,28.7,20.5,5,2.559999942779541,34.0,1.0,90,1.0,51.447906494140625
C2,644,0.6702828998779441,32.4,21.9,5,5.679999828338623,93.0,1.0,50,3.0,41.80207824707031
C2,645,0.40519253386281884,50.0,17.6,5,0.5600000023841858,8.0,1.0,90,1.0,34.814579010009766
C2,646,0.736766825784299,18.0,17.8,2,3.0,48.0,1.0,30,3.0,28.222082138061523
C2,647,0.8527685509003341,18.3,17.9,1,4.0,34.0,1.0,30,2.0,22.39991569519043
C2,648,-0.8064547448322206,226.89999999999998,95.9,12,183.46665954589844,927.0,1.0,30,3.0,59.039947509765625
C2,649,0.4029673434281106,22.9,18.9,19,2.1052632331848145,117.0,1.0,70,3.0,84.09063720703125
C2,650,0.5780319339118715,33.4,22.700000000000003,19,17.6842098236084,339.0,1.0,90,3.0,111.92105102539062
C2,651,0.8175484747342915,23.400000000000002,18.599999999999998,19,1.0315788984298706,69.0,1.0,30,3.0,90.4859619140625
C2,652,0.8467043354656604,18.1,17.7,19,0.5473684072494507,33.0,1.0,30,3.0,73.8915786743164
C2,653,0.5666166728441164,18.1,17.8,12,0.5263158082962036,30.0,1.0,30,3.0,50.20161437988281
C2,654,0.8134093413654284,23.3,18.8,11,1.7454545497894287,87.0,1.0,30,3.0,36.787635803222656
C2,655,0.7650335364222922,32.9,22.3,11,10.07272720336914,189.0,1.0,30,3.0,35.67258071899414
C2,656,0.4965476992707446,34.2,23.8,5,5.519999980926514,51.0,1.0,30,1.0,40.47021484375
C2,657,0.8142994477840142,25.0,19.5,5,3.8399999141693115,84.0,1.0,30,3.0,43.21546173095703
C2,658,0.8490811684291172,18.0,17.7,5,1.1200000047683716,33.0,1.0,30,3.0,37.92927932739258
C2,659,0.8497425514228559,18.0,17.6,5,1.2799999713897705,39.0,1.0,30,3.0,29.690898895263672
C2,660,0.6991458582107178,18.0,17.8,4,0.9599999785423279,30.0,1.0,70,3.0,22.34787368774414
C2,661,-0.5161726149592817,237.7,121.89999999999999,7,200.0,309.0,1.0,30,3.0,30.208723068237305
C2,662,0.7277547725551173,18.3,17.8,10,0.800000011920929,45.0,1.0,30,3.0,35.19190216064453
C2,663,0.8293402573217481,21.9,17.9,10,0.5600000023841858,13.0,1.0,30,1.0,38.58180618286133
C2,664,0.8470898228402338,18.1,17.7,10,0.6399999856948853,30.0,1.0,30,3.0,28.21575164794922
C2,665,0.8467569239884147,19.3,17.9,10,0.5600000023841858,11.0,1.0,30,1.0,21.462783813476562
C2,666,0.6806987389409833,18.1,17.8,10,1.2400000095367432,42.0,1.0,90,2.0,18.477670669555664
C2,667,0.4959587577917702,18.0,17.7,1,2.799999952316284,51.0,1.0,30,3.0,17.619935989379883
C2,668,0.6816110464429402,17.8,17.6,1,2.4000000953674316,20.0,1.0,90,2.0,16.971961975097656
C2,669,0.8559587577917702,18.0,17.7,1,2.799999952316284,27.0,1.0,30,3.0,14.983177185058594
C2,670,0.8639198485148963,18.2,17.9,1,4.800000190734863,39.0,1.0,30,3.0,13.256572723388672
C2,671,0.7783337696869022,32.800000000000004,26.599999999999998,1,14.0,72.0,1.0,30,3.0,14.08727741241455
C2,672,0.8591758329899635,18.8,18.0,1,3.5999999046325684,27.0,1.0,30,3.0,14.585699081420898
C2,673,0.8575724027518892,18.4,18.0,1,3.200000047683716,28.0,1.0,30,2.0,15.018086433410645
C2,674,0.8575724027518892,18.3,17.8,1,3.200000047683716,27.0,1.0,30,3.0,13.277518272399902
C2,675,0.8623500559002011,18.2,17.9,1,4.400000095367432,36.0,1.0,30,3.0,12.633177757263184
C2,676,0.5588872363730629,33.7,28.400000000000002,1,5.599999904632568,28.0,1.0,90,1.0,14.113240242004395
C2,677,0.8607685509003341,18.3,17.7,1,4.0,33.0,1.0,30,3.0,15.2679443359375
C2,678,0.8623500559002011,18.2,17.8,1,4.400000095367432,36.0,1.0,30,3.0,15.960766792297363
C2,679,0.8575724027518892,18.2,17.7,1,3.200000047683716,27.0,1.0,30,3.0,13.84312629699707
C2,680,0.8543353991895412,18.1,17.6,1,2.4000000953674316,18.0,1.0,30,3.0,11.905876159667969
C2,681,0.6852697985138302,18.1,17.8,1,6.400000095367432,54.0,1.0,90,3.0,11.543525695800781
C2,682,0.8494120147012151,17.9,17.7,1,1.2000000476837158,12.0,1.0,30,2.0,10.926115036010742
C2,683,0.8575724027518892,18.4,17.9,1,3.200000047683716,26.0,1.0,30,2.0,11.489002227783203
C2,684,0.5744120147012152,50.0,17.7,1,1.2000000476837158,8.0,1.0,30,1.0,10.493401527404785
C2,685,0.8591758329899635,18.2,17.7,1,3.5999999046325684,26.0,1.0,30,2.0,10.829374313354492
C2,686,0.8591758329899635,18.1,18.0,1,3.5999999046325684,32.0,1.0,30,2.0,11.430957794189453
C2,687,0.8559587577917702,17.9,17.6,1,2.799999952316284,20.0,1.0,30,2.0,12.058574676513672
C2,688,0.8543353991895412,18.0,17.7,1,2.4000000953674316,22.0,1.0,30,2.0,12.168478012084961
C2,689,0.8575724027518892,18.3,17.7,1,3.200000047683716,24.0,1.0,30,2.0,11.70108699798584
C2,690,0.852702823555001,18.5,17.7,1,2.0,14.0,1.0,30,2.0,11.020651817321777
C2,691,0.7536889150999431,33.5,26.9,1,8.399999618530273,44.0,1.0,30,2.0,12.079057693481445
C2,692,0.8543353991895412,18.2,17.7,1,2.4000000953674316,18.0,1.0,30,2.0,12.314101219177246
C2,693,0.852702823555001,18.1,17.6,1,2.0,16.0,1.0,30,2.0,12.588460922241211
C2,694,0.8559587577917702,17.9,17.7,1,2.799999952316284,22.0,1.0,30,2.0,11.286409378051758
C2,695,0.852702823555001,18.0,17.8,1,2.0,12.0,1.0,30,2.0,10.105178833007812
C2,696,0.8639198485148963,18.0,17.7,1,4.800000190734863,39.0,1.0,30,3.0,10.06310749053955
C2,697,0.8575724027518892,18.1,17.7,1,3.200000047683716,26.0,1.0,30,2.0,10.30453109741211
C2,698,0.8510615300280377,18.9,18.0,1,1.600000023841858,12.0,1.0,30,2.0,10.449385643005371
C2,699,0.852702823555001,18.4,17.8,1,2.0,16.0,1.0,30,2.0,9.869630813598633
C2,700,0.7804148819201024,18.1,17.7,1,4.800000190734863,39.0,1.0,50,3.0,9.52177906036377
C2,701,0.7803942973933647,32.7,26.4,1,14.399999618530273,75.0,1.0,30,3.0,11.846400260925293
C2,702,0.772547377988288,18.2,17.8,1,2.799999952316284,21.0,1.0,50,3.0,13.107840538024902
C2,703,0.8591758329899635,18.1,17.8,1,3.5999999046325684,33.0,1.0,30,3.0,13.598037719726562
C2,704,0.8591758329899635,18.2,17.8,1,3.5999999046325684,30.0,1.0,30,3.0,11.892155647277832
C2,705,0.7084760865278696,19.400000000000002,17.8,1,1.600000023841858,13.0,1.0,70,1.0,11.66862678527832
C2,706,0.5674328056481412,32.9,26.8,1,6.800000190734863,40.0,1.0,90,2.0,12.734509468078613
C2,707,0.8591758329899635,18.1,17.7,1,3.5999999046325684,30.0,1.0,30,3.0,13.374038696289062
C2,708,0.8575724027518892,18.1,17.8,1,3.200000047683716,21.0,1.0,30,3.0,12.957756996154785
C2,709,0.7156518863321226,18.4,17.9,1,4.800000190734863,36.0,1.0,70,3.0,11.641321182250977
C2,710,0.852702823555001,18.0,17.7,1,2.0,15.0,1.0,30,3.0,10.184792518615723
C2,711,0.8700719235523432,18.2,17.8,1,6.400000095367432,54.0,1.0,30,3.0,10.777542114257812
C2,712,0.8654774278277694,18.2,17.9,1,5.199999809265137,39.0,1.0,30,3.0,11.266525268554688
C2,713,0.7101875370135838,18.1,17.8,1,2.4000000953674316,21.0,1.0,70,3.0,11.826581954956055
C2,714,0.49294801892201023,50.0,18.1,1,1.600000023841858,6.0,1.0,50,1.0,10.562615394592285
C2,715,0.7679480189220103,17.8,17.6,1,1.600000023841858,13.0,1.0,50,1.0,9.80423641204834
C2,716,0.8670222991527153,17.9,17.6,1,5.599999904632568,45.0,1.0,30,3.0,10.415875434875488
C2,717,0.49143651533961924,50.0,17.5,1,1.2000000476837158,8.0,1.0,50,1.0,11.049525260925293
C2,718,0.7110637162504144,17.9,17.9,1,2.799999952316284,20.0,1.0,70,2.0,11.029714584350586
C2,719,0.8494120147012151,17.8,17.4,1,1.2000000476837158,12.0,1.0,30,2.0,9.817829132080078
C2,720,0.8575724027518892,17.8,17.6,1,3.200000047683716,21.0,1.0,30,3.0,8.957364082336426
C2,721,0.31442499999999995,67.3,40.2,2,34.599998474121094,141.0,1.0,30,3.0,13.374418258666992
C2,722,0.8543353991895412,18.1,17.8,2,2.4000000953674316,30.0,1.0,30,3.0,16.557985305786133
C2,723,0.7944135249995925,28.9,21.1,2,8.0,72.0,1.0,30,3.0,20.734790802001953
C2,724,0.7076406626870005,18.3,17.8,2,1.2000000476837158,18.0,1.0,70,3.0,17.774208068847656
C2,725,0.8535202322523546,18.0,17.7,2,2.200000047683716,42.0,1.0,30,3.0,16.531190872192383
C2,726,0.8543353991895412,18.2,17.9,2,2.4000000953674316,36.0,1.0,30,3.0,14.185381889343262
C2,727,0.8511758329899635,18.2,17.7,1,3.5999999046325684,28.0,1.0,30,2.0,13.844562530517578
C2,728,0.40566838741470695,50.0,17.6,1,1.2000000476837158,5.0,1.0,90,1.0,12.440071105957031
C2,729,0.852702823555001,17.8,17.6,1,2.0,14.0,1.0,30,2.0,10.930708885192871
C2,730,0.8543353991895412,18.2,17.7,1,2.4000000953674316,18.0,1.0,30,2.0,9.35842514038086
C2,731,0.8559587577917702,18.2,17.7,1,2.799999952316284,26.0,1.0,30,2.0,9.481721878051758
C2,732,0.8543353991895412,18.1,17.8,1,2.4000000953674316,14.0,1.0,30,2.0,9.555699348449707
C2,733,0.6809751861440221,18.0,17.9,1,1.600000023841858,10.0,1.0,90,1.0,9.733419418334961
C2,734,0.8559587577917702,18.2,17.9,1,2.799999952316284,21.0,1.0,30,3.0,9.040051460266113
C2,735,0.8510615300280377,18.2,17.8,1,1.600000023841858,15.0,1.0,30,3.0,8.357364654541016
C2,736,0.8700719235523432,18.2,17.8,1,6.400000095367432,54.0,1.0,30,3.0,9.014418601989746
C2,737,0.8654774278277694,18.2,17.8,1,5.199999809265137,42.0,1.0,30,3.0,10.341984748840332
C2,738,-0.025589550491257208,125.3,59.9,5,47.400001525878906,219.0,1.0,30,3.0,20.205190658569336
C2,739,0.7074751916527495,18.2,17.7,5,1.1200000047683716,33.0,1.0,70,3.0,25.189781188964844
C2,740,0.6684654561727604,38.199999999999996,25.4,5,17.84000015258789,171.0,1.0,50,3.0,33.91386795043945
C2,741,0.6876935729937507,33.6,23.900000000000002,5,12.479999542236328,147.0,1.0,50,3.0,35.94832229614258
C2,742,0.7658350300582394,18.0,17.8,5,1.0399999618530273,36.0,1.0,50,3.0,37.30232620239258
C2,743,0.43117067679410875,50.0,17.8,5,0.47999998927116394,6.0,1.0,70,1.0,31.314729690551758
C2,744,0.48127355528378934,29.5,21.3,2,9.199999809265137,87.0,1.0,90,3.0,25.055503845214844
C2,745,0.6801006730930613,44.0,30.4,2,15.600000381469727,84.0,1.0,30,2.0,25.299968719482422
C2,746,-0.031755263036226375,107.1,52.699999999999996,7,52.20000076293945,220.0,1.0,30,2.0,39.313316345214844
C2,747,0.8472799248274688,18.2,17.7,7,0.6857143044471741,12.0,1.0,30,2.0,44.65465545654297
C2,748,0.8470422831418664,18.2,17.8,7,0.6285714507102966,16.0,1.0,30,2.0,43.32612609863281
C2,749,0.6807552988930824,18.2,17.8,7,1.3142857551574707,54.0,1.0,90,3.0,30.26234245300293
C2,750,0.8470422831418664,18.0,17.6,7,0.6285714507102966,18.0,1.0,30,2.0,22.824071884155273
C2,751,0.8477547725551173,18.1,17.7,7,0.800000011920929,34.0,1.0,30,2.0,19.56110954284668
C2,752,-0.15753240464974919,120.89999999999999,55.1,1,16.0,71.0,1.0,50,1.0,24.670000076293945
C2,753,0.8414120147012151,18.1,17.8,2,1.2000000476837158,20.0,1.0,30,2.0,27.86866569519043
C2,754,0.7955222991527153,27.799999999999997,20.1,2,5.599999904632568,44.0,1.0,30,2.0,30.454532623291016
C2,755,0.8535202322523546,18.4,17.8,2,2.200000047683716,36.0,1.0,30,2.0,24.93938636779785
C2,756,0.852702823555001,18.1,17.8,2,2.0,32.0,1.0,30,2.0,22.4302978515625
C2,757,0.219275,101.9,51.9,3,58.53333282470703,198.0,1.0,50,2.0,31.191513061523438
C2,758,0.536,48.800000000000004,33.099999999999994,6,31.600000381469727,196.0,1.0,30,2.0,47.114906311035156
C2,759,0.8502377688575918,18.2,17.8,6,1.399999976158142,54.0,1.0,30,3.0,56.935611724853516
C2,760,0.8474778490641532,18.3,17.9,6,0.7333333492279053,22.0,1.0,30,2.0,51.09469985961914
C2,761,0.8132960694100864,24.0,19.400000000000002,6,1.3333333730697632,40.0,1.0,30,2.0,37.190155029296875
C2,762,0.8423400751381155,20.5,18.0,6,0.6000000238418579,14.0,1.0,30,2.0,27.38075828552246
C2,763,0.847200726943179,19.0,17.9,6,0.6666666865348816,24.0,1.0,30,2.0,21.628456115722656
C2,764,0.28993618398316684,50.0,17.8,1,0.800000011920929,8.0,1.0,50,1.0,16.57707405090332
C2,765,0.709325018440201,18.599999999999998,17.8,1,2.0,18.0,1.0,70,2.0,13.812910079956055
C2,766,-0.041982405038456405,188.4,92.2,3,82.5999984741211,190.0,1.0,70,1.0,35.88774490356445
C2,767,0.623318205497651,28.0,19.5,7,2.971428632736206,69.0,1.0,30,3.0,51.13264846801758
C2,768,0.8472799248274688,18.4,17.8,7,0.6857143044471741,18.0,1.0,30,3.0,59.87958908081055
C2,769,0.7002500000000002,43.1,28.2,8,32.97142791748047,273.0,1.0,30,3.0,51.92775344848633
C2,770,0.43111036405959086,50.0,18.2,8,0.44999998807907104,3.0,1.0,70,3.0,44.22332000732422
C2,771,0.8485843284339895,18.2,17.8,8,1.0,51.0,1.0,30,3.0,41.067325592041016
C2,772,0.7645628712383057,18.3,17.8,8,0.699999988079071,20.0,1.0,50,2.0,28.373727798461914
C2,773,0.8469234084714489,18.3,17.8,8,0.6000000238418579,15.0,1.0,30,3.0,21.290903091430664
C2,774,0.6862987356120706,18.0,17.7,4,0.44999998807907104,15.0,1.0,30,3.0,15.441208839416504
C2,775,0.6494704801128012,18.4,17.9,1,2.0,15.0,1.0,50,3.0,11.264725685119629
C2,776,0.8670222991527153,18.2,17.9,1,5.599999904632568,45.0,1.0,30,3.0,10.092168807983398
C2,777,0.8543353991895412,18.0,17.8,1,2.4000000953674316,21.0,1.0,30,3.0,9.655301094055176
C2,778,0.6822774582840988,18.0,17.6,1,3.200000047683716,22.0,1.0,90,2.0,10.193181037902832
C2,779,0.5744120147012152,50.0,17.7,1,1.2000000476837158,9.0,1.0,30,3.0,8.915908813476562
C2,780,0.8543353991895412,18.3,17.8,1,2.4000000953674316,18.0,1.0,30,3.0,8.01621150970459
C2,781,0.09840673988210938,101.2,52.699999999999996,3,69.19999694824219,171.0,1.0,30,3.0,13.609726905822754
C2,782,0.40536883755156783,50.0,17.6,3,0.800000011920929,9.0,1.0,90,1.0,17.765836715698242
C2,783,0.8505125806332836,18.0,17.7,3,1.4666666984558105,39.0,1.0,30,3.0,21.192834854125977
C2,784,0.84886043483079,18.1,17.8,3,1.0666667222976685,24.0,1.0,30,3.0,16.715700149536133
C2,785,0.8499627360767531,17.8,17.6,3,1.3333333730697632,30.0,1.0,30,3.0,14.16275405883789
C2,786,0.8377922063976937,17.9,17.6,1,2.2666666507720947,51.0,1.0,30,3.0,13.164319038391113
C2,787,0.40536883755156783,50.0,17.6,1,0.800000011920929,6.0,1.0,90,1.0,12.298591613769531
C2,788,0.8543353991895412,18.1,17.7,1,2.4000000953674316,15.0,1.0,30,3.0,11.11248779296875
C2,789,0.8575724027518892,17.9,17.8,1,3.200000047683716,24.0,1.0,30,3.0,9.200826644897461
C2,790,0.8654774278277694,17.8,17.5,1,5.199999809265137,42.0,1.0,30,3.0,9.120495796203613
C2,791,0.7710030515594155,32.800000000000004,26.8,1,11.600000381469727,60.0,1.0,30,3.0,11.072297096252441
C2,792,0.8559587577917702,18.2,17.8,1,2.799999952316284,21.0,1.0,30,3.0,12.110045433044434
C2,793,0.8654774278277694,18.0,17.7,1,5.199999809265137,42.0,1.0,30,3.0,12.732693672180176
C2,794,0.8559587577917702,18.3,17.8,1,2.799999952316284,21.0,1.0,30,3.0,11.372949600219727
C2,795,0.8559587577917702,18.0,17.7,1,2.799999952316284,24.0,1.0,30,3.0,10.690436363220215
C2,796,0.6935833333333333,44.699999999999996,34.9,1,28.0,96.0,1.0,30,3.0,12.680928230285645
C2,797,0.6809751861440221,17.9,17.6,1,1.600000023841858,12.0,1.0,90,2.0,13.741890907287598
C2,798,0.852702823555001,18.4,17.9,1,2.0,15.0,1.0,30,3.0,13.97846794128418
C2,799,0.8670222991527153,18.1,17.7,1,5.599999904632568,45.0,1.0,30,3.0,11.853747367858887
C2,800,0.852702823555001,18.0,17.8,1,2.0,12.0,1.0,30,3.0,10.312248229980469
C2,801,0.8715756855237148,18.1,17.7,1,6.800000190734863,57.0,1.0,30,3.0,11.254015922546387
C2,802,0.8639198485148963,18.3,17.9,1,4.800000190734863,36.0,1.0,30,3.0,11.419075965881348
C2,803,0.8559587577917702,18.1,17.7,1,2.799999952316284,21.0,1.0,30,3.0,11.918112754821777
C2,804,0.7101875370135838,18.3,17.8,1,2.4000000953674316,15.0,1.0,70,3.0,10.35086727142334
C2,805,0.8654774278277694,18.2,17.9,1,5.199999809265137,42.0,1.0,30,3.0,9.677186965942383
C2,806,0.8715756855237148,18.0,17.7,1,6.800000190734863,57.0,1.0,30,3.0,10.872979164123535
C2,807,0.8559587577917702,18.2,17.7,1,2.799999952316284,21.0,1.0,30,3.0,11.857120513916016
C2,808,0.8670222991527153,18.2,17.8,1,5.599999904632568,42.0,1.0,30,3.0,12.447606086730957
C2,809,0.8543353991895412,18.4,17.9,1,2.4000000953674316,18.0,1.0,30,3.0,11.068563461303711
C2,810,0.8360020658562078,22.0,18.0,1,2.4000000953674316,18.0,1.0,30,3.0,10.107804298400879
C2,811,0.6945,44.6,34.4,1,24.399999618530273,90.0,1.0,30,3.0,11.664682388305664
C2,812,0.8575724027518892,18.2,17.9,1,3.200000047683716,30.0,1.0,30,3.0,13.132143020629883
C2,813,0.8559587577917702,19.099999999999998,18.0,1,2.799999952316284,24.0,1.0,30,3.0,14.279285430908203
C2,814,0.8654774278277694,18.0,17.7,1,5.199999809265137,45.0,1.0,30,3.0,12.967571258544922
C2,815,0.8575724027518892,18.2,17.7,1,3.200000047683716,27.0,1.0,30,3.0,12.047209739685059
C2,816,0.8715756855237148,18.1,17.7,1,6.800000190734863,54.0,1.0,30,3.0,12.828325271606445
C2,817,0.852702823555001,17.9,17.6,1,2.0,14.0,1.0,30,1.0,13.16366195678711
C2,818,0.852702823555001,18.3,17.7,1,2.0,15.0,1.0,30,3.0,12.831530570983887
C2,819,0.8575724027518892,18.4,17.9,1,3.200000047683716,21.0,1.0,30,3.0,11.165584564208984
C2,820,0.8591758329899635,18.0,17.8,1,3.5999999046325684,24.0,1.0,30,2.0,9.899351119995117
C2,821,0.6610163576443,33.2,27.400000000000002,1,5.199999809265137,23.0,1.0,50,1.0,11.539610862731934
C2,822,0.852702823555001,18.5,17.7,1,2.0,15.0,1.0,30,3.0,12.257100105285645
C2,823,0.8654774278277694,18.599999999999998,17.9,1,5.199999809265137,48.0,1.0,30,3.0,13.220926284790039
C2,824,0.8559587577917702,17.8,17.5,1,2.799999952316284,14.0,1.0,30,2.0,11.665888786315918
C2,825,0.8543353991895412,18.2,17.8,1,2.4000000953674316,18.0,1.0,30,2.0,11.266200065612793
C2,826,0.7678740379858562,33.0,26.0,1,11.199999809265137,52.0,1.0,30,2.0,12.359720230102539
C2,827,0.8510615300280377,18.599999999999998,17.9,1,1.600000023841858,10.0,1.0,30,2.0,12.749165534973145
C2,828,0.8559587577917702,18.2,17.8,1,2.799999952316284,16.0,1.0,30,2.0,12.849499702453613
C2,829,0.8575724027518892,18.3,17.8,1,3.200000047683716,28.0,1.0,30,2.0,11.309700012207031
C2,830,0.852702823555001,18.2,17.8,1,2.0,12.0,1.0,30,2.0,10.519152641296387
C2,831,0.8623500559002011,18.0,17.7,1,4.400000095367432,32.0,1.0,30,2.0,11.111492156982422
C2,832,0.7101875370135838,18.2,17.8,1,2.4000000953674316,14.0,1.0,70,1.0,11.46689510345459
C2,833,0.6819403678361281,18.2,17.8,1,2.799999952316284,21.0,1.0,90,3.0,11.813470840454102
C2,834,0.852702823555001,18.2,17.8,1,2.0,15.0,1.0,30,3.0,10.55474853515625
C2,835,0.8607685509003341,18.1,17.7,1,4.0,36.0,1.0,30,3.0,9.532849311828613
C2,836,0.8654774278277694,18.0,17.7,1,5.199999809265137,42.0,1.0,30,3.0,9.853042602539062
C2,837,0.8559587577917702,18.0,17.7,1,2.799999952316284,24.0,1.0,30,3.0,10.445158958435059
C2,838,0.7836265182647975,18.1,17.7,1,5.599999904632568,45.0,1.0,50,3.0,11.20042896270752
C2,839,0.8575724027518892,18.1,17.7,1,3.200000047683716,24.0,1.0,30,3.0,10.853590965270996
C2,840,0.8543353991895412,18.8,18.1,1,2.4000000953674316,12.0,1.0,30,3.0,10.112154006958008
C2,841,-0.6033687394594379,225.8,103.4,7,171.6999969482422,843.0,1.0,30,3.0,45.13396072387695
C2,842,0.4658333333333333,39.0,26.200000000000003,14,32.342857360839844,435.0,1.0,30,3.0,84.41371154785156
C2,843,0.846804498154994,18.0,17.7,14,0.5714285969734192,24.0,1.0,30,3.0,108.514892578125
C2,844,0.8470422831418664,18.1,17.7,14,0.6285714507102966,33.0,1.0,30,3.0,86.97560119628906
C2,845,0.8466855523717187,18.1,17.8,14,0.5428571701049805,18.0,1.0,30,3.0,55.51869583129883
C2,846,0.8472799248274688,18.1,17.8,14,0.6857143044471741,51.0,1.0,30,3.0,37.84455108642578
C2,847,0.846804498154994,18.1,17.7,14,0.5714285969734192,33.0,1.0,30,3.0,27.240062713623047
C2,848,-0.08838474645165942,50.0,17.8,1,0.699999988079071,9.0,1.0,70,3.0,20.477371215820312
C2,849,0.852702823555001,18.3,17.8,1,2.0,15.0,1.0,30,3.0,14.819756507873535
C2,850,0.6826224492010974,18.0,17.7,1,3.5999999046325684,28.0,1.0,90,2.0,11.825186729431152
C2,851,0.8685539631541367,18.2,17.9,1,6.0,51.0,1.0,30,3.0,11.895112037658691
C2,852,0.8543353991895412,17.9,17.7,1,2.4000000953674316,15.0,1.0,30,3.0,11.937067031860352
C2,853,0.8607685509003341,18.2,17.7,1,4.0,33.0,1.0,30,3.0,11.562240600585938
C2,854,0.852702823555001,19.599999999999998,18.2,1,2.0,15.0,1.0,30,3.0,9.737343788146973
C2,855,0.8510615300280377,18.2,17.9,1,1.600000023841858,15.0,1.0,30,3.0,8.642406463623047
C2,856,0.8543353991895412,18.0,17.6,1,2.4000000953674316,19.0,1.0,30,1.0,9.05211067199707
C2,857,0.8559587577917702,18.1,17.7,1,2.799999952316284,24.0,1.0,30,3.0,9.697933197021484
C2,858,0.8591758329899635,18.1,17.7,1,3.5999999046325684,24.0,1.0,30,3.0,10.485426902770996
C2,859,0.8591758329899635,18.2,17.8,1,3.5999999046325684,30.0,1.0,30,3.0,9.757922172546387
C2,860,0.852702823555001,18.4,17.8,1,2.0,12.0,1.0,30,3.0,8.788086891174316
C2,861,0.8623500559002011,18.1,17.7,1,4.400000095367432,34.0,1.0,30,2.0,9.406185150146484
C2,862,0.8543353991895412,18.3,17.8,1,2.4000000953674316,12.0,1.0,30,2.0,9.243711471557617
C2,863,0.7084760865278696,19.0,17.8,1,1.600000023841858,14.0,1.0,70,2.0,9.546226501464844
C2,864,0.5777028235550009,50.0,17.7,1,2.0,8.0,1.0,30,2.0,7.994402885437012
C2,865,0.8510615300280377,18.2,17.9,1,1.600000023841858,14.0,1.0,30,2.0,7.196641445159912
C2,866,0.8623500559002011,18.2,17.8,1,4.400000095367432,36.0,1.0,30,2.0,8.184651374816895
C2,867,0.8543353991895412,18.3,17.9,1,2.4000000953674316,21.0,1.0,30,3.0,9.177457809448242
C2,868,0.8607685509003341,18.3,17.9,1,4.0,27.0,1.0,30,3.0,10.03980827331543
C2,869,0.852702823555001,18.2,17.9,1,2.0,18.0,1.0,30,3.0,8.957218170166016
C2,870,0.5760615300280377,50.0,18.2,1,1.600000023841858,9.0,1.0,30,3.0,7.7743306159973145
C2,871,0.7767276307266981,33.099999999999994,26.5,1,14.399999618530273,72.0,1.0,30,3.0,9.064598083496094
C2,872,0.852702823555001,18.3,17.8,1,2.0,12.0,1.0,30,2.0,9.838759422302246
C2,873,0.8510615300280377,18.3,17.8,1,1.600000023841858,12.0,1.0,30,2.0,10.703255653381348
C2,874,0.8575724027518892,18.4,17.9,1,3.200000047683716,24.0,1.0,30,3.0,9.08862018585205
C2,875,0.852702823555001,18.1,17.6,1,2.0,18.0,1.0,30,3.0,8.11983871459961
C2,876,0.8639198485148963,18.2,17.8,1,4.800000190734863,39.0,1.0,30,3.0,8.471902847290039
C2,877,0.8591758329899635,17.9,17.7,1,3.5999999046325684,30.0,1.0,30,3.0,8.949808120727539
C2,878,0.8543353991895412,18.2,17.8,1,2.4000000953674316,18.0,1.0,30,2.0,9.636551856994629
C2,879,0.43181866503105076,50.0,17.7,1,0.800000011920929,5.0,1.0,70,1.0,8.98193073272705
C2,880,0.852702823555001,18.3,17.7,1,2.0,12.0,1.0,30,2.0,8.055825233459473
C2,881,0.8700719235523432,18.2,17.8,1,6.400000095367432,51.0,1.0,30,3.0,8.566828727722168
C2,882,0.8559587577917702,19.400000000000002,17.6,1,2.799999952316284,18.0,1.0,30,3.0,9.006763458251953
C2,883,0.8623500559002011,18.4,17.8,1,4.400000095367432,36.0,1.0,30,3.0,10.070724487304688
C2,884,0.8639198485148963,18.0,17.7,1,4.800000190734863,33.0,1.0,30,3.0,9.909101486206055
C2,885,0.6871666666666667,45.400000000000006,34.8,1,29.200000762939453,99.0,1.0,30,3.0,13.412127494812012
C2,886,0.6954166666666667,44.5,35.1,1,32.0,111.0,1.0,30,3.0,18.84727668762207
C2,887,0.32459999999999994,63.6,39.0,2,31.600000381469727,126.0,1.0,30,3.0,26.24169921875
C2,888,0.5677238113113007,39.800000000000004,29.7,2,16.399999618530273,80.0,1.0,70,2.0,31.61168670654297
C2,889,0.7559054203761664,32.7,23.2,2,7.0,66.0,1.0,30,3.0,32.83367919921875
C2,890,0.8494120147012151,18.8,17.8,2,1.2000000476837158,12.0,1.0,30,3.0,28.500207901000977
C2,891,0.8523982611556786,20.299999999999997,18.0,2,2.5999999046325684,36.0,1.0,30,3.0,22.166790008544922
C2,892,0.8494120147012151,18.3,17.8,2,1.2000000476837158,15.0,1.0,30,3.0,16.100074768066406
C2,893,0.8485843284339895,18.2,17.6,2,1.0,18.0,1.0,30,3.0,12.72671127319336
C2,894,0.5680615300280377,50.0,17.6,1,1.600000023841858,9.0,1.0,30,3.0,9.502693176269531
C2,895,0.8543353991895412,18.3,17.8,1,2.4000000953674316,18.0,1.0,30,3.0,7.701616287231445
C2,896,0.8607685509003341,18.0,17.7,1,4.0,30.0,1.0,30,3.0,7.154303073883057
C2,897,0.8623500559002011,18.0,17.8,1,4.400000095367432,36.0,1.0,30,3.0,8.025915145874023
C2,898,0.8575724027518892,18.0,17.7,1,3.200000047683716,27.0,1.0,30,3.0,8.948882102966309
C2,899,0.8479187325228745,20.7,17.8,1,2.4000000953674316,18.0,1.0,30,3.0,8.969329833984375
C2,900,0.852702823555001,17.9,17.6,1,2.0,12.0,1.0,30,3.0,7.914930820465088
C2,901,0.2202254016766691,96.3,49.0,2,42.20000076293945,162.0,1.0,30,3.0,13.282292366027832
C2,902,0.745644094494436,32.2,21.2,3,5.199999809265137,60.0,1.0,30,3.0,18.369375228881836
C2,903,0.8499627360767531,18.599999999999998,17.9,3,1.3333333730697632,30.0,1.0,30,3.0,22.22162437438965
C2,904,0.40536883755156783,50.0,17.6,3,0.800000011920929,5.0,1.0,90,1.0,17.99964141845703
C2,905,0.8477547725551173,18.9,17.8,3,0.800000011920929,15.0,1.0,30,3.0,13.466451644897461
C2,906,0.8532480090236526,18.0,17.7,3,2.133333444595337,45.0,1.0,30,3.0,11.413204193115234
C2,907,0.8383353991895411,18.1,17.7,1,2.4000000953674316,21.0,1.0,30,3.0,10.447922706604004
C2,908,0.8543353991895412,18.3,17.7,1,2.4000000953674316,18.0,1.0,30,3.0,10.002086639404297
C2,909,0.8670222991527153,18.2,17.8,1,5.599999904632568,48.0,1.0,30,3.0,9.867918968200684
C2,910,0.852702823555001,18.3,17.9,1,2.0,15.0,1.0,30,3.0,9.520750999450684
C2,911,0.7726161611682623,32.9,27.2,1,12.399999618530273,63.0,1.0,30,3.0,11.312450408935547
C2,912,0.852702823555001,18.1,17.7,1,2.0,15.0,1.0,30,3.0,10.920804023742676
C2,913,0.8559587577917702,18.0,17.7,1,2.799999952316284,24.0,1.0,30,3.0,11.0858154296875
C2,914,0.6822774582840988,18.0,17.6,1,3.200000047683716,24.0,1.0,90,2.0,9.984822273254395
C2,915,0.8559587577917702,18.1,17.8,1,2.799999952316284,24.0,1.0,30,3.0,9.724226951599121
C2,916,0.8639198485148963,18.1,17.8,1,4.800000190734863,39.0,1.0,30,3.0,10.234536170959473
C2,917,0.8494120147012151,18.599999999999998,17.7,1,1.2000000476837158,10.0,1.0,30,1.0,10.274055480957031
C2,918,0.5744120147012152,50.0,18.0,1,1.2000000476837158,9.0,1.0,30,1.0,10.431099891662598
C2,919,0.5727547725551173,50.0,17.8,1,0.800000011920929,7.0,1.0,30,1.0,9.725326538085938
C2,920,0.5727547725551173,50.0,17.9,1,0.800000011920929,4.0,1.0,30,1.0,8.501862525939941
C2,921,0.852702823555001,18.599999999999998,17.9,1,2.0,13.0,1.0,30,1.0,8.301117897033691
C2,922,0.5744120147012152,50.0,18.0,1,1.2000000476837158,6.0,1.0,30,1.0,8.047337532043457
C2,923,0.5710902975977581,50.0,17.6,1,0.4000000059604645,4.0,1.0,30,1.0,7.895069122314453
C2,924,0.5727547725551173,50.0,17.7,1,0.800000011920929,5.0,1.0,30,1.0,6.737041473388672
C2,925,0.5744120147012152,50.0,17.7,1,1.2000000476837158,8.0,1.0,30,1.0,6.308891296386719
C2,926,0.8543353991895412,18.0,17.7,1,2.4000000953674316,13.0,1.0,30,1.0,7.252001762390137
C2,927,0.7679480189220103,18.0,17.6,1,1.600000023841858,14.0,1.0,50,2.0,8.084534645080566
C2,928,0.711953628307409,18.8,17.9,1,3.200000047683716,27.0,1.0,70,3.0,8.717387199401855
C2,929,0.40566838741470695,50.0,17.7,1,1.2000000476837158,9.0,1.0,90,1.0,8.563765525817871
C2,930,0.8510615300280377,19.0,17.7,1,1.600000023841858,12.0,1.0,30,3.0,8.071592330932617
C2,931,0.7738493758080114,32.9,26.599999999999998,1,12.800000190734863,63.0,1.0,30,3.0,9.376289367675781
C2,932,0.8639198485148963,18.3,18.0,1,4.800000190734863,42.0,1.0,30,3.0,10.825773239135742
C2,933,0.7737504363535689,33.300000000000004,26.9,1,14.0,69.0,1.0,30,3.0,14.22879695892334
C2,934,0.7810652953567194,33.099999999999994,26.5,1,16.0,81.0,1.0,30,3.0,17.07061195373535
C2,935,0.7759775542479629,32.800000000000004,26.9,1,13.199999809265137,69.0,1.0,30,3.0,19.97570037841797
C2,936,0.6725,47.0,35.7,1,26.799999237060547,90.0,1.0,30,3.0,22.65208625793457
C2,937,0.8559587577917702,18.1,17.8,1,2.799999952316284,21.0,1.0,30,3.0,21.591251373291016
C2,938,0.8510615300280377,18.3,17.7,1,1.600000023841858,12.0,1.0,30,3.0,18.421417236328125
C2,939,0.8670222991527153,18.2,17.8,1,5.599999904632568,48.0,1.0,30,3.0,14.652851104736328
C2,940,0.8623500559002011,18.0,17.7,1,4.400000095367432,39.0,1.0,30,3.0,13.191710472106934
C2,941,0.7803942973933647,32.7,26.599999999999998,1,14.399999618530273,78.0,1.0,30,3.0,15.248359680175781
C2,942,0.8559587577917702,18.4,17.8,1,2.799999952316284,27.0,1.0,30,3.0,15.549015998840332
C2,943,0.8607685509003341,18.1,17.7,1,4.0,33.0,1.0,30,3.0,15.462742805480957
C2,944,0.852702823555001,18.9,17.7,1,2.0,15.0,1.0,30,3.0,12.610979080200195
C2,945,0.8591758329899635,18.0,17.7,1,3.5999999046325684,30.0,1.0,30,3.0,11.03325366973877
C2,946,0.777111481922581,33.300000000000004,26.5,1,15.199999809265137,84.0,1.0,30,3.0,12.353285789489746
C2,947,0.6812893625812153,17.9,17.6,1,2.0,14.0,1.0,90,2.0,13.411971092224121
C2,948,0.8623500559002011,18.4,17.9,1,4.400000095367432,33.0,1.0,30,3.0,14.180516242980957
C2,949,0.8591758329899635,18.1,17.8,1,3.5999999046325684,30.0,1.0,30,3.0,12.241642951965332
C2,950,0.852702823555001,18.1,17.6,1,2.0,18.0,1.0,30,3.0,10.944985389709473
C2,951,0.69175,44.900000000000006,35.1,1,28.799999237060547,105.0,1.0,30,3.0,13.36699104309082
C2,952,0.8607685509003341,18.1,17.7,1,4.0,36.0,1.0,30,3.0,15.086861610412598
C2,953,0.8607685509003341,19.099999999999998,18.0,1,4.0,33.0,1.0,30,3.0,16.785449981689453
C2,954,0.8623500559002011,18.0,17.6,1,4.400000095367432,36.0,1.0,30,3.0,14.737936973571777
C2,955,0.6779443797762735,20.400000000000002,17.9,1,2.4000000953674316,18.0,1.0,90,2.0,13.109428405761719
C2,956,0.8715756855237148,18.3,17.8,1,6.800000190734863,57.0,1.0,30,3.0,13.198990821838379
C2,957,0.8591758329899635,18.1,17.8,1,3.5999999046325684,27.0,1.0,30,3.0,12.852727890014648
C2,958,0.8607685509003341,18.1,17.8,1,4.0,36.0,1.0,30,3.0,13.04496955871582
C2,959,0.8654774278277694,18.1,17.8,1,5.199999809265137,42.0,1.0,30,3.0,12.493648529052734
C2,960,0.8575724027518892,18.2,17.9,1,3.200000047683716,27.0,1.0,30,3.0,12.162856101989746
C2,961,0.6954166666666667,44.5,34.5,1,27.600000381469727,99.0,1.0,30,3.0,14.76438045501709
C2,962,0.7768942209146296,32.7,26.4,1,13.199999809265137,66.0,1.0,30,3.0,17.3919620513916
C2,963,0.7868080009461091,32.800000000000004,27.0,1,17.200000762939453,84.0,1.0,30,3.0,21.50184440612793
C2,964,0.8607685509003341,18.2,17.8,1,4.0,33.0,1.0,30,3.0,21.034439086914062
C2,965,0.8391448633613711,21.3,18.1,1,1.600000023841858,15.0,1.0,30,3.0,18.487329483032227
C2,966,0.7750608875812963,32.9,26.9,1,13.199999809265137,66.0,1.0,30,3.0,16.15906524658203
C2,967,0.8639198485148963,18.0,17.7,1,4.800000190734863,39.0,1.0,30,3.0,15.028772354125977
C2,968,0.7768942209146296,32.7,26.4,1,13.199999809265137,69.0,1.0,30,3.0,16.75059700012207
C2,969,0.24155000000000001,93.8,46.300000000000004,2,37.20000076293945,153.0,1.0,30,3.0,21.650358200073242
C2,970,0.5268333333333334,49.8,34.7,5,35.0,213.0,1.0,30,3.0,32.32354736328125
C2,971,0.6307811853615,48.4,32.599999999999994,5,32.47999954223633,198.0,1.0,50,2.0,48.86079406738281
C2,972,0.6801925338628189,18.1,17.8,5,0.5600000023841858,12.0,1.0,90,1.0,53.58314514160156
C2,973,0.6812500000000001,44.3,29.5,7,38.15999984741211,249.0,1.0,30,3.0,58.01655197143555
C2,974,0.8482290298506394,18.1,17.7,7,0.9142857193946838,33.0,1.0,30,3.0,48.94326400756836
C2,975,0.8479919757253314,18.3,17.8,7,0.8571428656578064,39.0,1.0,30,3.0,43.632625579833984
C2,976,0.8190199277723375,23.7,19.099999999999998,7,2.057142972946167,60.0,1.0,30,3.0,32.046241760253906
C2,977,0.8259457151887009,23.400000000000002,19.099999999999998,7,3.085714340209961,87.0,1.0,30,3.0,27.49441146850586
C2,978,0.8477547725551173,18.1,17.7,7,0.800000011920929,42.0,1.0,30,3.0,24.89664649963379
C2,979,0.5374171030202356,32.9,24.6,1,14.0,72.0,1.0,30,3.0,23.871320724487305
C2,980,0.8685539631541367,18.3,17.9,1,6.0,48.0,1.0,30,3.0,21.52279281616211
C2,981,0.349625,54.5,36.2,2,22.600000381469727,120.0,1.0,30,3.0,23.58034324645996
C2,982,0.8502377688575918,18.1,17.9,2,1.399999976158142,10.0,1.0,30,1.0,22.948205947875977
C2,983,0.5719234084714488,50.0,17.8,2,0.6000000238418579,9.0,1.0,30,1.0,21.635589599609375
C2,984,0.8485843284339895,18.1,17.8,2,1.0,16.0,1.0,30,1.0,17.648019790649414
C2,985,0.7113020322221082,39.1,26.4,2,11.0,66.0,1.0,30,2.0,18.322145462036133
C2,986,0.7451440686284315,32.7,22.5,2,4.199999809265137,40.0,1.0,30,2.0,20.193286895751953
C2,987,0.8495724027518892,18.3,17.9,1,3.200000047683716,28.0,1.0,30,2.0,21.049304962158203
C2,988,0.8510615300280377,18.1,17.9,1,1.600000023841858,11.0,1.0,30,1.0,18.62958335876465
C2,989,0.8559587577917702,18.4,17.9,1,2.799999952316284,20.0,1.0,30,2.0,15.844416618347168
C2,990,0.8575724027518892,18.1,17.8,1,3.200000047683716,30.0,1.0,30,3.0,13.639983177185059
C2,991,0.5702134205378597,33.4,27.099999999999998,1,12.800000190734863,63.0,1.0,90,3.0,13.650656700134277
C2,992,0.7756653383512933,18.2,17.8,1,3.5999999046325684,27.0,1.0,50,3.0,13.523727416992188
C2,993,0.8591758329899635,18.5,18.0,1,3.5999999046325684,27.0,1.0,30,3.0,13.314236640930176
C2,994,0.8591758329899635,18.1,17.7,1,3.5999999046325684,27.0,1.0,30,3.0,11.588541984558105
C2,995,0.8591758329899635,18.1,17.8,1,3.5999999046325684,30.0,1.0,30,3.0,10.686458587646484
C2,996,0.8639198485148963,18.3,17.8,1,4.800000190734863,39.0,1.0,30,3.0,10.678542137145996
C2,997,0.8685539631541367,18.2,17.8,1,6.0,51.0,1.0,30,3.0,11.740458488464355
C2,998,0.8575724027518892,18.599999999999998,17.9,1,3.200000047683716,24.0,1.0,30,3.0,12.110941886901855
C2,999,0.8575724027518892,18.3,17.9,1,3.200000047683716,27.0,1.0,30,3.0,11.799898147583008
C2,1000,0.8591758329899635,18.1,17.8,1,3.5999999046325684,30.0,1.0,30,3.0,10.679939270019531
C2,1001,0.251975,87.1,43.7,3,35.20000076293945,153.0,1.0,30,3.0,15.741296768188477
C2,1002,0.66475,46.1,32.099999999999994,5,38.29999923706055,216.0,1.0,30,3.0,27.178112030029297
C2,1003,0.5110863787626989,43.7,29.1,9,48.400001525878906,291.0,1.0,30,3.0,45.640201568603516
C2,1004,0.6295,38.6,25.9,12,30.5,366.0,1.0,30,3.0,66.18412017822266
C2,1005,0.7861666666666668,34.6,24.6,12,26.700000762939453,327.0,1.0,30,3.0,83.44380187988281
C2,1006,0.7815833333333334,35.1,24.7,12,24.733333587646484,300.0,1.0,30,3.0,94.19961547851562
C2,1007,0.8182668257842989,24.2,19.5,12,3.0,111.0,1.0,30,3.0,89.31977081298828
C2,1008,0.8012283863971534,26.0,19.099999999999998,12,2.866666555404663,99.0,1.0,30,3.0,76.25852966308594
C2,1009,0.7953333333333333,33.6,23.7,12,21.133333206176758,285.0,1.0,30,3.0,67.75511932373047
C2,1010,0.7734980832817807,33.300000000000004,23.0,11,16.899999618530273,249.0,1.0,30,3.0,68.7863998413086
C2,1011,0.7644166666666666,36.1,25.2,12,36.5,420.0,1.0,30,3.0,83.67184448242188
C2,1012,0.8068555727290976,23.0,18.700000000000003,14,1.4285714626312256,69.0,1.0,30,3.0,83.00310516357422
C2,1013,0.7925833333333334,33.9,23.7,14,25.0,345.0,1.0,30,3.0,86.8685302734375
C2,1014,0.7828986286900528,32.9,22.4,14,16.0,267.0,1.0,30,3.0,82.38778686523438
C2,1015,0.766720013690166,32.300000000000004,21.3,14,8.971428871154785,189.0,1.0,30,3.0,85.03266906738281
C2,1016,0.7750646111013411,29.3,20.9,14,3.885714292526245,104.0,1.0,30,2.0,78.2196044921875
C2,1017,0.8053595659005859,23.3,19.400000000000002,12,1.7333333492279053,60.0,1.0,30,2.0,66.26509857177734
C2,1018,0.7569081122693099,32.4,21.7,12,6.5333333015441895,128.0,1.0,30,2.0,59.22572326660156
C2,1019,0.5830833333333333,39.300000000000004,26.700000000000003,8,20.149999618530273,184.0,1.0,30,2.0,60.33543395996094
C2,1020,0.7487726274468985,32.599999999999994,23.400000000000002,6,9.199999809265137,112.0,1.0,30,2.0,64.46792602539062
C2,1021,0.6972500000000001,44.3,29.0,6,22.733333587646484,176.0,1.0,30,2.0,70.14742279052734
C2,1022,0.5409166666666666,43.9,28.8,10,32.560001373291016,322.0,1.0,30,2.0,82.75511932373047
C2,1023,0.7485833333333334,38.699999999999996,26.0,10,21.600000381469727,222.0,1.0,30,2.0,97.65306854248047
C2,1024,0.8263115300280377,22.700000000000003,18.700000000000003,10,1.600000023841858,56.0,1.0,30,2.0,98.59184265136719
C2,1025,0.8227968509535225,23.599999999999998,19.0,10,2.759999990463257,74.0,1.0,30,2.0,82.62177276611328
C2,1026,0.7569440967959105,32.7,22.4,10,7.28000020980835,120.0,1.0,30,2.0,66.23973083496094
C2,1027,0.5707194793234096,32.2,20.9,10,3.5199999809265137,80.0,1.0,90,2.0,58.01050567626953
C2,1028,0.6231937457049844,33.8,24.6,7,6.300000190734863,71.0,1.0,30,1.0,57.60630416870117
C2,1029,0.6129528235550009,28.7,20.400000000000002,3,2.0,21.0,1.0,30,1.0,52.163780212402344
C2,1030,0.1176674269038141,62.300000000000004,36.7,8,43.86666488647461,279.0,1.0,30,3.0,55.964935302734375
C2,1031,0.6276666666666667,38.800000000000004,26.4,11,33.85454559326172,357.0,1.0,30,3.0,64.6456298828125
C2,1032,0.6342858399656911,33.9,23.599999999999998,11,19.92727279663086,264.0,1.0,70,3.0,78.7873764038086
C2,1033,0.7593389369741078,31.3,20.5,11,4.545454502105713,123.0,1.0,30,3.0,80.33909606933594
C2,1034,0.788,34.4,24.400000000000002,11,24.472726821899414,294.0,1.0,30,3.0,78.47012329101562
C2,1035,0.7736503253824636,32.599999999999994,21.8,11,11.854545593261719,201.0,1.0,30,3.0,74.54873657226562
C2,1036,0.76925,34.7,24.6,9,24.254545211791992,294.0,1.0,30,3.0,79.79591369628906
C2,1037,0.5513333333333332,38.4,26.0,14,34.83333206176758,393.0,1.0,30,3.0,87.3442153930664
C2,1038,0.7916666666666666,34.0,23.8,14,25.94285774230957,363.0,1.0,30,3.0,99.07319641113281
C2,1039,0.7953333333333333,33.6,23.7,14,27.399999618530273,381.0,1.0,30,3.0,109.97724914550781
C2,1040,0.7971666666666668,33.4,23.5,14,25.371429443359375,357.0,1.0,30,3.0,114.91968536376953
C2,1041,0.7944166666666667,33.7,23.900000000000002,14,30.685714721679688,432.0,1.0,30,3.0,120.95181274414062
C2,1042,0.7962499999999999,33.5,23.599999999999998,14,26.22857093811035,366.0,1.0,30,3.0,123.9044189453125
C2,1043,0.7953333333333333,33.6,23.599999999999998,14,30.14285659790039,426.0,1.0,30,3.0,128.74264526367188
C2,1044,0.7935,33.8,23.599999999999998,14,24.399999618530273,345.0,1.0,30,3.0,127.77892303466797
C2,1045,0.7774160859592952,32.2,21.1,14,11.885714530944824,228.0,1.0,30,3.0,121.06735229492188
C2,1046,0.77155158177155,32.7,21.8,14,11.485713958740234,219.0,1.0,30,3.0,107.84041595458984
C2,1047,0.828796742888951,22.9,18.8,14,2.6571428775787354,108.0,1.0,30,3.0,89.37091064453125
C2,1048,0.7925833333333334,33.9,24.0,14,21.799999237060547,306.0,1.0,30,3.0,81.7558822631836
C2,1049,0.7855,33.8,24.0,13,28.24615478515625,372.0,1.0,30,3.0,83.98686218261719
C2,1050,0.7898333333333334,34.2,24.1,13,25.230770111083984,327.0,1.0,30,3.0,95.05878448486328
C2,1051,0.7898333333333334,34.2,24.0,13,29.630769729614258,384.0,1.0,30,3.0,105.1686019897461
C2,1052,0.7935,33.8,24.0,13,30.707693099975586,396.0,1.0,30,3.0,112.30116271972656
C2,1053,0.788,34.4,24.400000000000002,13,25.41538429260254,342.0,1.0,30,3.0,117.24736785888672
C2,1054,0.78525,34.7,24.299999999999997,13,25.4769229888916,339.0,1.0,30,3.0,118.215087890625
C2,1055,0.7898333333333334,34.2,24.299999999999997,13,30.123077392578125,402.0,1.0,30,3.0,119.06238555908203
C2,1056,0.7889166666666667,34.3,24.299999999999997,13,28.24615478515625,375.0,1.0,30,3.0,121.03742980957031
C2,1057,0.78525,34.7,24.5,13,29.076923370361328,369.0,1.0,30,3.0,123.55579376220703
C2,1058,0.7889166666666667,34.3,24.2,13,27.569231033325195,351.0,1.0,30,3.0,122.80014038085938
C2,1059,0.8471154189899653,18.2,17.8,13,0.6461538672447205,36.0,1.0,30,3.0,107.28008270263672
C2,1060,0.7952620092000932,28.5,20.400000000000002,13,7.230769157409668,174.0,1.0,30,3.0,89.30138397216797
C2,1061,0.7834166666666667,34.9,24.8,13,30.430768966674805,396.0,1.0,30,3.0,80.51416015625
C2,1062,0.7907500000000001,34.1,24.1,13,26.399999618530273,351.0,1.0,30,3.0,89.24182891845703
C2,1063,0.7882212317994076,28.1,19.7,13,4.430769443511963,123.0,1.0,30,3.0,92.2117691040039
C2,1064,0.6157042769566575,34.9,24.7,13,17.292306900024414,224.0,1.0,70,2.0,91.32705688476562
C2,1065,0.78525,34.7,24.299999999999997,13,22.676923751831055,300.0,1.0,30,3.0,88.52957153320312
C2,1066,0.7787647820406258,33.0,22.8,13,14.800000190734863,240.0,1.0,30,3.0,92.05107116699219
C2,1067,0.7657428213847766,33.0,22.0,12,13.066666603088379,210.0,1.0,30,3.0,88.56398010253906
C2,1068,0.809810588356174,23.5,19.0,10,3.2799999713897705,96.0,1.0,30,3.0,77.4050521850586
C2,1069,0.7804498147879028,27.900000000000002,19.400000000000002,10,2.0399999618530273,81.0,1.0,30,3.0,63.64303207397461
C2,1070,0.8477547725551173,18.1,17.9,10,0.800000011920929,51.0,1.0,30,3.0,48.31915283203125
C2,1071,0.7109314460640445,40.4,27.400000000000002,10,45.20000076293945,336.0,1.0,30,3.0,49.7914924621582
C2,1072,0.5961201004123946,38.4,25.7,10,40.7599983215332,411.0,1.0,90,3.0,65.34156036376953
C2,1073,0.6500759688128999,32.300000000000004,21.2,13,9.938461303710938,195.0,1.0,30,3.0,81.07160186767578
C2,1074,0.7801771714417006,33.300000000000004,23.0,13,16.369230270385742,267.0,1.0,30,3.0,87.44296264648438
C2,1075,0.7780281485892477,33.2,23.0,13,15.199999809265137,246.0,1.0,30,3.0,83.93244171142578
C2,1076,0.7772714453370339,33.2,22.599999999999998,13,14.923076629638672,240.0,1.0,30,3.0,83.82613372802734
C2,1077,0.7889166666666667,34.3,24.5,13,23.230770111083984,303.0,1.0,30,3.0,85.36234283447266
C2,1078,0.6449753449131792,32.300000000000004,21.2,10,8.479999542236328,168.0,1.0,30,3.0,82.8174057006836
C2,1079,0.7390000000000001,38.0,25.8,12,32.68000030517578,345.0,1.0,30,3.0,85.95711517333984
C2,1080,0.7925833333333334,33.9,23.900000000000002,12,21.899999618530273,291.0,1.0,30,3.0,87.30760192871094
C2,1081,0.78525,34.7,24.6,12,32.79999923706055,396.0,1.0,30,3.0,98.25122833251953
C2,1082,0.7715011419243984,28.299999999999997,19.900000000000002,14,4.714285850524902,126.0,1.0,30,3.0,95.08406829833984
C2,1083,0.7944166666666667,33.7,23.8,14,22.22857093811035,312.0,1.0,30,3.0,94.11711120605469
C2,1084,0.8473986914839687,18.0,17.7,14,0.7142857313156128,48.0,1.0,30,3.0,78.07026672363281
C2,1085,0.7601798106815696,32.0,20.6,14,6.4285712242126465,168.0,1.0,30,3.0,70.30882263183594
C2,1086,0.820302419018937,23.7,19.5,14,2.3714284896850586,90.0,1.0,30,3.0,55.78529357910156
C2,1087,0.6753823947616103,27.799999999999997,19.7,11,5.563636302947998,147.0,1.0,30,3.0,51.47117614746094
C2,1088,0.7891792082402447,28.2,19.900000000000002,11,4.909090995788574,126.0,1.0,30,3.0,47.01604080200195
C2,1089,0.46010708973917486,29.2,20.7,3,4.933333396911621,78.0,1.0,30,3.0,43.80962371826172
C2,1090,0.8521566698738302,18.0,17.7,3,1.8666666746139526,48.0,1.0,30,3.0,37.485774993896484
C2,1091,0.7606814487072925,34.1,25.2,2,14.800000190734863,99.0,1.0,30,3.0,32.49146270751953
C2,1092,0.852702823555001,17.9,17.7,2,2.0,33.0,1.0,30,3.0,27.4948787689209
C2,1093,0.8535202322523546,18.2,17.8,2,2.200000047683716,39.0,1.0,30,3.0,24.096927642822266
C2,1094,0.8495724027518892,18.1,17.7,1,3.200000047683716,24.0,1.0,30,3.0,18.724822998046875
C2,1095,0.8559587577917702,18.0,17.7,1,2.799999952316284,24.0,1.0,30,3.0,15.101560592651367
C2,1096,0.7867526591336766,32.7,26.3,1,16.799999237060547,84.0,1.0,30,3.0,14.927602767944336
C2,1097,0.8654774278277694,18.2,17.8,1,5.199999809265137,45.0,1.0,30,3.0,15.756562232971191
C2,1098,0.8559587577917702,18.0,17.7,1,2.799999952316284,24.0,1.0,30,3.0,16.253936767578125
C2,1099,0.8700719235523432,18.0,17.6,1,6.400000095367432,57.0,1.0,30,3.0,15.352362632751465
C2,1100,0.8639198485148963,18.1,17.8,1,4.800000190734863,42.0,1.0,30,3.0,14.678084373474121
C2,1101,0.7856486286900527,32.599999999999994,26.1,1,16.0,84.0,1.0,30,3.0,16.940183639526367
C2,1102,0.8685539631541367,18.1,17.7,1,6.0,51.0,1.0,30,3.0,18.030776977539062
C2,1103,0.7768942209146296,32.7,26.3,1,13.199999809265137,72.0,1.0,30,3.0,20.01846694946289
C2,1104,0.6954166666666667,44.5,34.9,1,26.799999237060547,99.0,1.0,30,3.0,21.87774658203125
C2,1105,0.6935833333333333,44.699999999999996,34.4,1,26.0,93.0,1.0,30,3.0,24.859981536865234
C2,1106,0.347425,55.300000000000004,37.0,2,22.600000381469727,123.0,1.0,30,3.0,28.91598892211914
C2,1107,0.7700535376162938,32.099999999999994,21.6,2,9.399999618530273,87.0,1.0,30,3.0,30.816259384155273
C2,1108,0.7698299919607619,32.2,21.7,2,9.600000381469727,87.0,1.0,30,3.0,31.689756393432617
C2,1109,0.7577387537094997,32.5,21.7,2,7.0,63.0,1.0,30,3.0,29.54718780517578
C2,1110,0.764688915099943,32.300000000000004,21.7,2,8.399999618530273,81.0,1.0,30,3.0,27.994977951049805
C2,1111,0.6899166666666666,45.1,31.0,2,24.399999618530273,129.0,1.0,30,3.0,28.930320739746094
C2,1112,0.852702823555001,18.1,17.7,2,2.0,42.0,1.0,30,3.0,28.55819320678711
C2,1113,0.8543353991895412,18.1,17.6,2,2.4000000953674316,30.0,1.0,30,2.0,26.734914779663086
C2,1114,0.7508940944944359,32.5,21.7,2,5.199999809265137,46.0,1.0,30,2.0,22.97428321838379
C2,1115,0.75488729648747,32.4,21.6,2,6.0,52.0,1.0,30,2.0,22.317903518676758
C2,1116,0.78788729648747,28.8,21.2,2,6.0,56.0,1.0,30,2.0,23.657407760620117
C2,1117,0.751955308684174,32.5,24.8,1,7.599999904632568,46.0,1.0,30,2.0,24.461111068725586
C2,1118,0.8534187325228746,20.1,17.8,1,2.4000000953674316,20.0,1.0,30,2.0,22.809999465942383
C2,1119,0.852702823555001,18.2,17.7,1,2.0,14.0,1.0,30,2.0,19.019332885742188
C2,1120,0.8591758329899635,18.2,17.7,1,3.5999999046325684,28.0,1.0,30,2.0,15.544933319091797
C2,1121,0.8639198485148963,18.4,17.9,1,4.800000190734863,38.0,1.0,30,2.0,14.660293579101562
C2,1122,0.8543353991895412,18.2,17.8,1,2.4000000953674316,22.0,1.0,30,2.0,14.662842750549316
C2,1123,0.8623500559002011,18.1,17.7,1,4.400000095367432,36.0,1.0,30,2.0,15.197705268859863
C2,1124,0.8559587577917702,18.599999999999998,18.1,1,2.799999952316284,24.0,1.0,30,3.0,14.051957130432129
C2,1125,0.8607685509003341,18.2,17.9,1,4.0,33.0,1.0,30,3.0,13.364507675170898
C2,1126,0.7767276307266981,33.099999999999994,27.2,1,14.399999618530273,72.0,1.0,30,3.0,13.75203800201416
C2,1127,0.8591758329899635,18.1,17.8,1,3.5999999046325684,30.0,1.0,30,3.0,14.251222610473633
C2,1128,0.8591758329899635,17.9,17.7,1,3.5999999046325684,30.0,1.0,30,3.0,14.417400360107422
C2,1129,0.8715756855237148,18.1,17.8,1,6.800000190734863,57.0,1.0,30,3.0,13.85044002532959
C2,1130,0.8543353991895412,18.1,17.7,1,2.4000000953674316,18.0,1.0,30,3.0,12.976930618286133
C2,1131,0.8715756855237148,17.9,17.6,1,6.800000190734863,57.0,1.0,30,3.0,13.652825355529785
C2,1132,0.8700719235523432,18.0,17.7,1,6.400000095367432,51.0,1.0,30,3.0,13.791694641113281
C2,1133,0.8575724027518892,18.3,17.9,1,3.200000047683716,27.0,1.0,30,3.0,14.275016784667969
C2,1134,0.8575724027518892,18.1,17.8,1,3.200000047683716,24.0,1.0,30,3.0,13.098343849182129
C2,1135,0.8700719235523432,18.0,17.8,1,6.400000095367432,57.0,1.0,30,3.0,12.659006118774414
C2,1136,0.8670222991527153,18.0,17.6,1,5.599999904632568,48.0,1.0,30,3.0,13.328737258911133
C2,1137,0.8591758329899635,19.599999999999998,17.9,1,3.5999999046325684,30.0,1.0,30,3.0,13.997241973876953
C2,1138,0.8623500559002011,18.1,17.7,1,4.400000095367432,42.0,1.0,30,3.0,13.73167896270752
C2,1139,0.7807781485892477,32.9,26.3,1,15.199999809265137,75.0,1.0,30,3.0,14.772340774536133
C2,1140,0.8575724027518892,18.1,17.8,1,3.200000047683716,30.0,1.0,30,3.0,15.396738052368164
C2,1141,0.7624733602527783,33.300000000000004,27.5,1,10.399999618530273,60.0,1.0,30,3.0,16.57137680053711
C2,1142,0.8575724027518892,18.1,17.8,1,3.200000047683716,27.0,1.0,30,3.0,15.14282512664795
C2,1143,0.67853400926446,32.9,26.200000000000003,1,8.800000190734863,40.0,1.0,50,2.0,15.61902904510498
C2,1144,0.8575724027518892,18.2,17.9,1,3.200000047683716,24.0,1.0,30,3.0,14.304750442504883
C2,1145,0.8559587577917702,18.1,17.7,1,2.799999952316284,24.0,1.0,30,3.0,13.382850646972656
C2,1146,0.8607685509003341,18.4,17.9,1,4.0,36.0,1.0,30,3.0,11.763043403625488
C2,1147,0.8510615300280377,18.3,17.6,1,1.600000023841858,12.0,1.0,30,1.0,11.324492454528809
C2,1148,0.7084760865278696,18.0,17.7,1,1.600000023841858,14.0,1.0,70,2.0,10.92802906036377
C2,1149,0.852702823555001,18.8,17.9,1,2.0,18.0,1.0,30,3.0,9.890151023864746
C2,1150,0.8543353991895412,19.0,17.7,1,2.4000000953674316,18.0,1.0,30,3.0,8.467423439025879
C2,1151,0.8685539631541367,18.1,17.7,1,6.0,51.0,1.0,30,3.0,8.947120666503906
C2,1152,0.8559587577917702,18.1,17.8,1,2.799999952316284,24.0,1.0,30,3.0,9.501605987548828
C2,1153,0.8623500559002011,18.1,17.8,1,4.400000095367432,36.0,1.0,30,3.0,10.634296417236328
C2,1154,0.8559587577917702,18.0,17.7,1,2.799999952316284,24.0,1.0,30,3.0,10.113911628723145
C2,1155,0.852702823555001,18.0,17.5,1,2.0,18.0,1.0,30,3.0,9.535013198852539
C2,1156,0.8670222991527153,18.4,17.9,1,5.599999904632568,48.0,1.0,30,3.0,9.72100830078125
C2,1157,0.8575724027518892,18.2,17.8,1,3.200000047683716,24.0,1.0,30,3.0,9.83260440826416
C2,1158,0.8575724027518892,18.2,17.8,1,3.200000047683716,24.0,1.0,30,3.0,10.166229248046875
C2,1159,0.8607685509003341,18.1,17.7,1,4.0,30.0,1.0,30,3.0,9.566404342651367
C2,1160,0.8575724027518892,18.3,17.9,1,3.200000047683716,24.0,1.0,30,3.0,9.206509590148926
C2,1161,0.7704450181708162,33.0,27.2,1,12.0,60.0,1.0,30,3.0,10.590572357177734
C2,1162,0.7084760865278696,18.3,17.6,1,1.600000023841858,16.0,1.0,70,2.0,11.154343605041504
C2,1163,0.8591758329899635,18.3,17.9,1,3.5999999046325684,30.0,1.0,30,3.0,11.759272575378418
C2,1164,0.7710036769368389,18.1,17.7,1,2.4000000953674316,18.0,1.0,50,3.0,10.255563735961914
C2,1165,0.8591758329899635,18.3,17.9,1,3.5999999046325684,30.0,1.0,30,3.0,9.620004653930664
C2,1166,0.8623500559002011,18.5,17.9,1,4.400000095367432,36.0,1.0,30,3.0,9.505335807800293
C2,1167,0.8559587577917702,18.0,17.7,1,2.799999952316284,24.0,1.0,30,3.0,9.703201293945312
C2,1168,0.8559587577917702,18.0,17.7,1,2.799999952316284,21.0,1.0,30,3.0,9.421920776367188
C2,1169,0.852702823555001,18.4,17.8,1,2.0,15.0,1.0,30,3.0,8.319819450378418
C2,1170,0.8575724027518892,18.3,17.7,1,3.200000047683716,27.0,1.0,30,3.0,7.791891574859619
C2,1171,0.8700719235523432,18.0,17.7,1,6.400000095367432,57.0,1.0,30,3.0,9.075135231018066
C2,1172,0.8575724027518892,18.0,17.7,1,3.200000047683716,24.0,1.0,30,3.0,10.245080947875977
C2,1173,0.8559587577917702,18.2,17.8,1,2.799999952316284,21.0,1.0,30,3.0,10.680381774902344
C2,1174,0.8559587577917702,18.2,17.8,1,2.799999952316284,24.0,1.0,30,3.0,9.474895477294922
C2,1175,0.852702823555001,18.700000000000003,17.8,1,2.0,15.0,1.0,30,3.0,8.351604461669922
C2,1176,0.8639198485148963,18.1,17.8,1,4.800000190734863,42.0,1.0,30,3.0,8.610962867736816
C2,1177,0.8591758329899635,18.0,17.7,1,3.5999999046325684,30.0,1.0,30,3.0,9.033244132995605
C2,1178,0.8510615300280377,18.3,17.7,1,1.600000023841858,12.0,1.0,30,3.0,9.153280258178711
C2,1179,0.8575724027518892,18.2,17.8,1,3.200000047683716,24.0,1.0,30,3.0,8.425301551818848
C2,1180,0.8591758329899635,18.2,17.9,1,3.5999999046325684,27.0,1.0,30,3.0,7.855180740356445
C2,1181,0.8623500559002011,18.1,17.8,1,4.400000095367432,36.0,1.0,30,3.0,8.579774856567383
C2,1182,0.8575724027518892,18.0,17.8,1,3.200000047683716,24.0,1.0,30,3.0,9.014532089233398
C2,1183,0.8607685509003341,18.2,17.7,1,4.0,33.0,1.0,30,3.0,9.542052268981934
C2,1184,0.852702823555001,18.2,17.7,1,2.0,18.0,1.0,30,3.0,9.058565139770508
C2,1185,0.8559587577917702,18.0,17.7,1,2.799999952316284,21.0,1.0,30,3.0,8.635138511657715
C2,1186,0.8639198485148963,17.9,17.7,1,4.800000190734863,42.0,1.0,30,3.0,8.781083106994629
C2,1187,0.8623500559002011,18.2,17.9,1,4.400000095367432,33.0,1.0,30,3.0,9.535316467285156
C2,1188,0.852702823555001,19.8,18.0,1,2.0,15.0,1.0,30,3.0,9.721190452575684
C2,1189,0.852702823555001,18.700000000000003,17.8,1,2.0,16.0,1.0,30,2.0,9.032713890075684
C2,1190,0.5727547725551173,50.0,17.8,1,0.800000011920929,8.0,1.0,30,2.0,7.686295032501221
C2,1191,0.764586384892749,33.5,26.700000000000003,1,11.600000381469727,58.0,1.0,30,2.0,10.07844352722168
C2,1192,0.852702823555001,18.3,17.9,1,2.0,14.0,1.0,30,2.0,11.380399703979492
C2,1193,0.8510615300280377,18.5,18.0,1,1.600000023841858,12.0,1.0,30,2.0,12.428239822387695
C2,1194,0.5744120147012152,50.0,17.9,1,1.2000000476837158,6.0,1.0,30,2.0,9.590276718139648
C2,1195,0.8543353991895412,18.1,17.7,1,2.4000000953674316,20.0,1.0,30,2.0,8.28749942779541
C2,1196,0.852702823555001,18.0,17.7,1,2.0,20.0,1.0,30,2.0,8.039166450500488
C2,1197,0.8543353991895412,17.9,17.6,1,2.4000000953674316,20.0,1.0,30,2.0,8.82349967956543
C2,1198,0.852702823555001,18.3,17.9,1,2.0,14.0,1.0,30,2.0,8.894100189208984
C2,1199,0.8559587577917702,18.3,17.8,1,2.799999952316284,21.0,1.0,30,3.0,8.536459922790527
C2,1200,0.8543353991895412,18.1,17.7,1,2.4000000953674316,18.0,1.0,30,3.0,7.788542747497559
C2,1201,0.7821693258003434,33.2,26.9,1,16.799999237060547,84.0,1.0,30,3.0,10.139792442321777
C2,1202,0.6945,44.6,35.0,1,26.799999237060547,96.0,1.0,30,3.0,14.883874893188477
C2,1203,0.12898295526554068,109.89999999999999,53.1,3,56.266666412353516,186.0,1.0,30,3.0,25.196990966796875
C2,1204,0.6555833333333333,47.1,30.900000000000002,5,33.29999923706055,204.0,1.0,30,3.0,36.718196868896484
C2,1205,0.6775833333333333,44.699999999999996,30.099999999999998,7,38.2400016784668,255.0,1.0,30,3.0,50.69758224487305
C2,1206,0.8236335116069309,23.400000000000002,18.9,7,2.5142858028411865,72.0,1.0,30,3.0,54.018550872802734
C2,1207,0.7513333333333333,38.4,25.3,7,23.828571319580078,231.0,1.0,30,3.0,57.21113204956055
C2,1208,0.7595978987379266,32.9,22.3,7,8.514286041259766,141.0,1.0,30,3.0,54.06001281738281
C2,1209,0.531163007870172,43.3,28.6,11,42.54545593261719,363.0,1.0,30,3.0,65.10267639160156
C2,1210,0.7796301513596452,33.099999999999994,22.8,11,15.454545021057129,237.0,1.0,30,3.0,71.99493408203125
C2,1211,0.7813962140930586,33.7,23.8,11,18.436363220214844,243.0,1.0,30,3.0,80.66362762451172
C2,1212,0.7813661828171949,32.9,22.5,11,15.418181419372559,237.0,1.0,30,3.0,80.26484680175781
C2,1213,0.8471503197378882,18.1,17.6,11,0.6545454263687134,27.0,1.0,30,3.0,70.6922378540039
C2,1214,0.846544934443576,19.0,17.7,11,0.5090909004211426,15.0,1.0,30,3.0,54.815345764160156
C2,1215,0.6870422831418663,18.1,17.7,7,0.6285714507102966,21.0,1.0,30,3.0,35.689205169677734
C2,1216,0.8482290298506394,18.1,17.7,7,0.9142857193946838,42.0,1.0,30,3.0,24.880189895629883
C2,1217,0.8394778490641532,17.9,17.6,6,0.7333333492279053,24.0,1.0,30,3.0,18.794780731201172
C2,1218,0.6543353991895411,18.1,17.5,1,2.4000000953674316,18.0,1.0,30,3.0,15.010201454162598
C2,1219,0.8559587577917702,18.700000000000003,17.8,1,2.799999952316284,24.0,1.0,30,3.0,11.939454078674316
C2,1220,0.8543353991895412,18.0,17.7,1,2.4000000953674316,21.0,1.0,30,3.0,9.963672637939453
C2,1221,0.8685539631541367,18.0,17.8,1,6.0,51.0,1.0,30,3.0,10.24487018585205
C2,1222,0.49143651533961924,50.0,17.7,1,1.2000000476837158,8.0,1.0,50,1.0,10.413588523864746
C2,1223,0.8543353991895412,18.3,17.8,1,2.4000000953674316,21.0,1.0,30,3.0,10.514820098876953
C2,1224,0.8543353991895412,17.8,17.6,1,2.4000000953674316,18.0,1.0,30,3.0,9.108892440795898
C2,1225,0.8517861568883344,20.1,17.8,1,2.0,18.0,1.0,30,3.0,7.998668670654297
C2,1226,0.8623500559002011,18.1,17.7,1,4.400000095367432,36.0,1.0,30,3.0,7.99920129776001
C2,1227,0.8575724027518892,17.9,17.7,1,3.200000047683716,27.0,1.0,30,3.0,8.399520874023438
C2,1228,0.8575724027518892,18.0,17.8,1,3.200000047683716,27.0,1.0,30,3.0,9.039711952209473
C2,1229,0.8559587577917702,18.1,17.8,1,2.799999952316284,24.0,1.0,30,3.0,8.890494346618652
C2,1230,0.852702823555001,18.1,17.8,1,2.0,18.0,1.0,30,3.0,8.400962829589844
C2,1231,0.8685539631541367,18.1,17.8,1,6.0,51.0,1.0,30,3.0,9.173911094665527
C2,1232,0.8543353991895412,18.0,17.6,1,2.4000000953674316,21.0,1.0,30,3.0,9.50434684753418
C2,1233,0.8559587577917702,18.2,17.6,1,2.799999952316284,21.0,1.0,30,3.0,9.835941314697266
C2,1234,0.8543353991895412,18.1,17.6,1,2.4000000953674316,18.0,1.0,30,2.0,8.968231201171875
C2,1235,0.5727547725551173,50.0,17.7,1,0.800000011920929,6.0,1.0,30,2.0,7.914272308349609
C2,1236,0.6826224492010974,18.4,17.8,1,3.5999999046325684,30.0,1.0,90,3.0,7.681896686553955
C2,1237,0.8543353991895412,17.9,17.7,1,2.4000000953674316,20.0,1.0,30,2.0,7.675804615020752
C2,1238,0.852702823555001,18.3,17.8,1,2.0,16.0,1.0,30,2.0,8.338815689086914
C2,1239,0.852702823555001,17.9,17.7,1,2.0,14.0,1.0,30,2.0,8.336623191833496
C2,1240,0.8510615300280377,19.599999999999998,17.8,1,1.600000023841858,12.0,1.0,30,2.0,7.801973819732666
C2,1241,0.8591758329899635,18.1,17.8,1,3.5999999046325684,32.0,1.0,30,2.0,8.547850608825684
C2,1242,0.8510615300280377,18.1,17.8,1,1.600000023841858,14.0,1.0,30,2.0,8.995377540588379
C2,1243,0.8591758329899635,18.599999999999998,18.0,1,3.5999999046325684,30.0,1.0,30,3.0,9.797225952148438
C2,1244,0.7838152953567193,32.800000000000004,26.700000000000003,1,16.0,81.0,1.0,30,3.0,11.745002746582031
C2,1245,0.6745833333333333,45.900000000000006,34.9,2,33.599998474121094,117.0,1.0,30,3.0,17.180334091186523
C2,1246,-0.26467832481981185,111.19999999999999,55.300000000000004,8,106.80000305175781,336.0,1.0,30,3.0,34.041534423828125
C2,1247,0.6473979185188807,33.0,22.3,11,11.054545402526855,192.0,1.0,30,3.0,49.09158706665039
C2,1248,0.8506124566449006,20.0,18.599999999999998,11,1.4909090995788574,66.0,1.0,30,3.0,55.85495376586914
C2,1249,0.7669166666666667,36.7,25.5,11,32.0,354.0,1.0,30,3.0,60.71297073364258
C2,1250,0.7928318878919923,28.2,19.7,11,5.854545593261719,147.0,1.0,30,3.0,61.627784729003906
C2,1251,0.8480566416697268,18.3,17.9,11,0.8727272748947144,42.0,1.0,30,3.0,61.11000442504883
C2,1252,0.7814259416520276,29.2,20.6,11,5.2727274894714355,135.0,1.0,30,3.0,51.066001892089844
C2,1253,0.7641666666666668,37.0,25.4,11,30.254545211791992,336.0,1.0,30,3.0,53.43960189819336
C2,1254,0.7835279611966003,28.299999999999997,19.900000000000002,11,3.7090909481048584,88.0,1.0,30,2.0,58.86376190185547
C2,1255,0.8191768035804591,23.900000000000002,19.3,11,2.545454502105713,74.0,1.0,30,2.0,61.05158996582031
C2,1256,0.8466963670404812,18.2,17.7,11,0.5454545617103577,22.0,1.0,30,2.0,48.897621154785156
C2,1257,0.75775,37.699999999999996,25.3,11,20.945453643798828,232.0,1.0,30,2.0,51.205238342285156
C2,1258,0.7540327119191342,33.0,22.3,11,7.236363410949707,126.0,1.0,30,2.0,56.05647659301758
C2,1259,0.6446422632186286,33.099999999999994,22.5,8,10.5,132.0,1.0,30,2.0,66.30055236816406
C2,1260,0.7834334924509656,28.0,19.900000000000002,8,3.0,70.0,1.0,30,2.0,61.64699935913086
C2,1261,0.7201666666666667,41.8,27.400000000000002,8,20.299999237060547,184.0,1.0,30,2.0,62.72153091430664
C2,1262,0.7119166666666666,42.7,28.1,8,26.200000762939453,214.0,1.0,30,2.0,68.83291625976562
C2,1263,0.6901666666666667,44.2,29.8,7,27.885713577270508,200.0,1.0,30,2.0,81.16641998291016
C2,1264,0.8236565982396602,23.8,19.2,7,3.4285714626312256,66.0,1.0,30,2.0,80.6998519897461
C2,1265,0.7743368516406841,28.6,19.7,7,2.114285707473755,54.0,1.0,30,2.0,69.75324249267578
C2,1266,0.6981666666666667,44.2,30.0,7,32.91428756713867,240.0,1.0,30,2.0,65.85194396972656
C2,1267,0.7366666666666667,40.0,27.599999999999998,7,24.85714340209961,190.0,1.0,30,2.0,71.77783203125
C2,1268,0.7320833333333333,40.5,28.400000000000002,7,22.571428298950195,180.0,1.0,30,2.0,83.73336791992188
C2,1269,0.7533911011414052,32.300000000000004,20.9,7,5.371428489685059,88.0,1.0,30,2.0,80.77335357666016
C2,1270,0.8472799248274688,18.1,17.8,7,0.6857143044471741,16.0,1.0,30,2.0,67.39734649658203
C2,1271,0.7530729028128937,33.5,23.099999999999998,7,8.228571891784668,114.0,1.0,30,2.0,54.97174072265625
C2,1272,0.7541447552271249,31.2,21.0,6,5.028571605682373,96.0,1.0,30,3.0,45.916378021240234
C2,1273,0.7583574227729808,33.7,23.599999999999998,6,10.266666412353516,116.0,1.0,30,2.0,47.14982604980469
C2,1274,0.333375,57.5,37.1,4,39.20000076293945,172.0,1.0,30,2.0,51.756561279296875
C2,1275,0.7448801829423761,34.5,24.299999999999997,4,8.5,84.0,1.0,30,2.0,55.853939056396484
C2,1276,0.7532053045495367,33.9,23.7,4,9.300000190734863,90.0,1.0,30,2.0,56.57902908325195
C2,1277,0.5081593557258404,45.400000000000006,32.0,4,13.899999618530273,78.0,1.0,70,1.0,55.947418212890625
C2,1278,0.6706666666666667,47.199999999999996,32.300000000000004,4,23.299999237060547,144.0,1.0,30,2.0,59.568450927734375
C2,1279,0.6966922413140078,39.6,25.6,4,8.100000381469727,82.0,1.0,30,2.0,61.20773696899414
C2,1280,0.6679166666666667,47.5,31.6,4,23.799999237060547,140.0,1.0,30,2.0,61.12464141845703
C2,1281,0.6541666666666667,49.0,33.9,4,29.799999237060547,162.0,1.0,30,2.0,62.274784088134766
C2,1282,0.8473393125660467,18.0,17.7,4,0.699999988079071,14.0,1.0,30,2.0,58.43153762817383
C2,1283,0.8514726437023218,18.2,17.8,4,1.7000000476837158,38.0,1.0,30,2.0,49.32558822631836
C2,1284,0.8485843284339895,18.2,17.8,4,1.0,26.0,1.0,30,2.0,34.795352935791016
C2,1285,0.8477547725551173,18.0,17.8,4,0.800000011920929,22.0,1.0,30,2.0,26.610546112060547
C2,1286,0.8485843284339895,18.0,17.8,4,1.0,32.0,1.0,30,2.0,21.299659729003906
C2,1287,0.7343353991895412,18.1,17.7,1,2.4000000953674316,34.0,1.0,30,2.0,18.64646339416504
C2,1288,0.8050361568883342,25.2,18.2,1,2.0,18.0,1.0,30,2.0,16.787878036499023
C2,1289,0.836202823555001,21.8,18.0,1,2.0,18.0,1.0,30,2.0,14.73939323425293
C2,1290,0.8510615300280377,18.1,17.8,1,1.600000023841858,12.0,1.0,30,2.0,12.043636322021484
C2,1291,0.27264999999999995,85.4,49.099999999999994,1,31.200000762939453,90.0,1.0,30,2.0,15.226181983947754
C2,1292,0.852702823555001,18.1,17.8,1,2.0,20.0,1.0,30,2.0,17.26904296875
C2,1293,0.852702823555001,18.599999999999998,17.8,1,2.0,16.0,1.0,30,2.0,18.761425018310547
C2,1294,0.7679480189220103,18.0,17.6,1,1.600000023841858,10.0,1.0,50,1.0,14.990188598632812
C2,1295,0.8352861568883343,21.9,18.3,1,2.0,14.0,1.0,30,2.0,12.327446937561035
C2,1296,0.8559587577917702,18.1,17.6,1,2.799999952316284,20.0,1.0,30,2.0,10.996467590332031
C2,1297,0.8520724027518891,20.6,18.2,1,3.200000047683716,30.0,1.0,30,3.0,10.197880744934082
C2,1298,0.852702823555001,17.9,17.6,1,2.0,12.0,1.0,30,2.0,9.585394859313965
C2,1299,0.852702823555001,18.1,17.8,1,2.0,14.0,1.0,30,2.0,8.817903518676758
C2,1300,0.8575724027518892,18.1,17.7,1,3.200000047683716,24.0,1.0,30,2.0,8.624075889587402
C2,1301,0.8607685509003341,18.0,17.7,1,4.0,30.0,1.0,30,2.0,9.707778930664062
C2,1302,0.8575724027518892,18.2,18.0,1,3.200000047683716,26.0,1.0,30,2.0,11.158000946044922
C2,1303,0.852702823555001,18.2,17.8,1,2.0,14.0,1.0,30,2.0,11.361467361450195
C2,1304,0.8448286813678817,20.5,18.1,1,1.2000000476837158,10.0,1.0,30,2.0,10.150213241577148
C2,1305,0.8559587577917702,18.3,17.8,1,2.799999952316284,24.0,1.0,30,3.0,8.756794929504395
C2,1306,0.8715756855237148,18.0,17.7,1,6.800000190734863,54.0,1.0,30,3.0,9.387410163879395
C2,1307,0.8575724027518892,18.2,17.9,1,3.200000047683716,27.0,1.0,30,3.0,10.299112319946289
C2,1308,0.8162281966947045,23.8,18.2,1,1.600000023841858,15.0,1.0,30,3.0,10.446134567260742
C2,1309,0.8543353991895412,18.1,17.8,1,2.4000000953674316,21.0,1.0,30,3.0,9.067680358886719
C2,1310,0.8543353991895412,18.0,17.6,1,2.4000000953674316,18.0,1.0,30,3.0,7.840608596801758
C2,1311,0.8575724027518892,18.3,17.8,1,3.200000047683716,24.0,1.0,30,2.0,8.037698745727539
C2,1312,0.8543353991895412,18.599999999999998,17.8,1,2.4000000953674316,18.0,1.0,30,2.0,8.422618865966797
C2,1313,0.852702823555001,18.5,17.9,1,2.0,12.0,1.0,30,2.0,8.653571128845215
C2,1314,0.709325018440201,18.0,17.6,1,2.0,12.0,1.0,70,2.0,7.992142677307129
C2,1315,0.8543353991895412,19.5,17.9,1,2.4000000953674316,14.0,1.0,30,2.0,7.328619003295898
C2,1316,0.6819403678361281,18.4,17.9,1,2.799999952316284,22.0,1.0,90,2.0,7.597171306610107
C2,1317,0.8575724027518892,18.1,17.8,1,3.200000047683716,18.0,1.0,30,2.0,8.158303260803223
C2,1318,0.8543353991895412,18.4,17.8,1,2.4000000953674316,16.0,1.0,30,2.0,8.628314971923828
C2,1319,0.8543353991895412,18.3,17.7,1,2.4000000953674316,12.0,1.0,30,2.0,8.243656158447266
C2,1320,0.8494120147012151,17.9,17.7,1,1.2000000476837158,10.0,1.0,30,2.0,7.479526519775391
C2,1321,0.8623500559002011,18.0,17.6,1,4.400000095367432,34.0,1.0,30,2.0,8.221049308776855
C2,1322,0.7643066935861117,33.099999999999994,26.700000000000003,1,10.399999618530273,52.0,1.0,30,2.0,11.332629203796387
C2,1323,0.8575724027518892,18.0,17.7,1,3.200000047683716,24.0,1.0,30,3.0,13.599577903747559
C2,1324,0.22724999999999998,99.0,50.8,2,38.79999923706055,156.0,1.0,30,3.0,19.626413345336914
C2,1325,0.7725031818482296,29.1,21.0,3,4.800000190734863,66.0,1.0,30,3.0,22.70918083190918
C2,1326,0.8516095659005859,18.2,17.9,3,1.7333333492279053,45.0,1.0,30,3.0,25.492176055908203
C2,1327,0.6880833333333334,45.3,30.599999999999998,3,27.600000381469727,165.0,1.0,30,3.0,27.56197166442871
C2,1328,0.10961058008149673,63.8,36.3,8,45.33333206176758,291.0,1.0,30,3.0,38.80384826660156
C2,1329,0.7586635249995924,32.800000000000004,21.5,8,8.0,147.0,1.0,30,3.0,50.08230972290039
C2,1330,0.7846852175670008,28.299999999999997,19.900000000000002,8,4.0,93.0,1.0,30,3.0,53.64938735961914
C2,1331,0.8481697802472762,18.0,17.6,8,0.8999999761581421,42.0,1.0,30,3.0,44.722965240478516
C2,1332,0.6802583490568636,18.0,17.7,8,0.6499999761581421,18.0,1.0,90,2.0,34.03377914428711
C2,1333,0.7584821209948143,32.800000000000004,23.2,8,7.949999809265137,118.0,1.0,30,2.0,31.353601455688477
C2,1334,0.25690068195578575,67.7,38.0,6,53.20000076293945,200.0,1.0,30,2.0,41.212162017822266
C2,1335,0.6890000000000001,45.199999999999996,30.599999999999998,6,26.600000381469727,184.0,1.0,30,2.0,58.19396209716797
C2,1336,0.6800833333333334,45.3,31.4,7,32.86666488647461,208.0,1.0,30,2.0,74.38304138183594
C2,1337,0.7259671884618001,40.0,27.5,7,19.542856216430664,176.0,1.0,30,2.0,82.49649047851562
C2,1338,0.7091666666666667,43.0,28.400000000000002,7,24.97142791748047,198.0,1.0,30,2.0,88.29789733886719
C2,1339,0.8482290298506394,18.4,17.9,7,0.9142857193946838,38.0,1.0,30,2.0,80.44540405273438
C2,1340,0.7275448602085425,39.699999999999996,27.0,7,18.97142791748047,164.0,1.0,30,2.0,74.93390655517578
C2,1341,0.7627530515594156,33.7,23.7,7,11.600000381469727,128.0,1.0,30,2.0,66.96034240722656
C2,1342,0.6800833333333334,45.3,30.200000000000003,8,35.79999923706055,238.0,1.0,30,2.0,75.5095443725586
C2,1343,0.7710004363535689,33.6,24.0,8,14.0,154.0,1.0,30,2.0,79.9723892211914
C2,1344,0.7280000000000001,39.199999999999996,26.8,10,31.0,306.0,1.0,30,3.0,87.71676635742188
C2,1345,0.7590978606564038,32.800000000000004,21.7,10,8.119999885559082,153.0,1.0,30,3.0,83.2967300415039
C2,1346,0.7889166666666667,34.3,25.0,10,26.15999984741211,288.0,1.0,30,3.0,83.17803955078125
C2,1347,0.8238602003831612,23.2,18.8,10,2.119999885559082,81.0,1.0,30,3.0,73.10681915283203
C2,1348,0.8470898228402338,18.0,17.7,10,0.6399999856948853,21.0,1.0,30,3.0,61.197425842285156
C2,1349,0.8474224405069449,17.8,17.6,10,0.7200000286102295,27.0,1.0,30,3.0,42.45178985595703
C2,1350,0.8403080145228291,18.2,17.8,9,0.9333333373069763,51.0,1.0,30,3.0,29.87107276916504
C2,1351,0.5350895491529165,38.699999999999996,26.200000000000003,14,41.77777862548828,423.0,1.0,30,3.0,40.18931198120117
C2,1352,0.8466855523717187,18.4,17.7,14,0.5428571701049805,27.0,1.0,30,3.0,46.380252838134766
C2,1353,0.5713285038881722,50.0,17.6,14,0.4571428596973419,8.0,1.0,30,2.0,48.36148452758789
C2,1354,0.749953218357843,32.2,20.7,14,4.257143020629883,110.0,1.0,30,2.0,38.08355712890625
C2,1355,0.7615332626936285,32.7,21.7,14,8.54285717010498,156.0,1.0,30,2.0,41.11680221557617
C2,1356,0.8204328159949708,23.2,18.599999999999998,14,1.2857142686843872,48.0,1.0,30,2.0,45.60341262817383
C2,1357,0.32906096406003144,38.3,25.5,4,14.399999618530273,108.0,1.0,30,2.0,48.16204833984375
C2,1358,0.8473393125660467,18.1,17.6,4,0.699999988079071,10.0,1.0,30,2.0,39.96389389038086
C2,1359,0.8477547725551173,18.4,17.8,4,0.800000011920929,12.0,1.0,30,2.0,32.64500427246094
C2,1360,0.8481697802472762,18.1,17.7,4,0.8999999761581421,16.0,1.0,30,2.0,22.120336532592773
C2,1361,0.7461950181708161,33.9,24.8,2,12.0,78.0,1.0,30,2.0,20.338869094848633
C2,1362,0.8494120147012151,18.0,17.7,2,1.2000000476837158,10.0,1.0,30,2.0,19.136653900146484
C2,1363,0.8463353991895411,18.3,17.8,1,2.4000000953674316,18.0,1.0,30,2.0,18.54865837097168
C2,1364,0.852702823555001,18.3,17.8,1,2.0,16.0,1.0,30,2.0,14.062528610229492
C2,1365,0.852702823555001,17.9,17.7,1,2.0,12.0,1.0,30,2.0,11.504183769226074
C2,1366,0.8639198485148963,18.0,17.7,1,4.800000190734863,42.0,1.0,30,3.0,10.635843276977539
C2,1367,0.852702823555001,18.1,17.6,1,2.0,18.0,1.0,30,3.0,9.848173141479492
C2,1368,0.852702823555001,18.2,17.8,1,2.0,15.0,1.0,30,3.0,9.242237091064453
C2,1369,0.8591758329899635,18.2,17.9,1,3.5999999046325684,30.0,1.0,30,3.0,8.345342636108398
C2,1370,0.8559587577917702,18.2,17.8,1,2.799999952316284,18.0,1.0,30,3.0,7.8072052001953125
C2,1371,0.8700719235523432,17.9,17.7,1,6.400000095367432,57.0,1.0,30,3.0,9.350990295410156
C2,1372,0.8543353991895412,18.1,17.7,1,2.4000000953674316,18.0,1.0,30,3.0,9.743927001953125
C2,1373,0.8481194902216677,20.5,18.0,1,2.0,15.0,1.0,30,3.0,9.846356391906738
C2,1374,0.5727547725551173,50.0,17.8,1,0.800000011920929,6.0,1.0,30,3.0,7.641147136688232
C2,1375,0.8543353991895412,18.0,17.7,1,2.4000000953674316,21.0,1.0,30,3.0,6.45135498046875
C2,1376,0.8607685509003341,18.3,17.8,1,4.0,30.0,1.0,30,3.0,6.404146194458008
C2,1377,0.5744120147012152,50.0,17.8,1,1.2000000476837158,9.0,1.0,30,3.0,6.509154319763184
C2,1378,0.5744120147012152,50.0,18.2,1,1.2000000476837158,9.0,1.0,30,3.0,6.038825988769531
C2,1379,0.8543353991895412,18.1,17.7,1,2.4000000953674316,21.0,1.0,30,3.0,5.356628894805908
C2,1380,0.852702823555001,18.3,17.8,1,2.0,15.0,1.0,30,3.0,5.213977336883545
C2,1381,0.8685539631541367,18.2,17.7,1,6.0,48.0,1.0,30,3.0,6.861719608306885
C2,1382,0.8559587577917702,18.2,17.8,1,2.799999952316284,24.0,1.0,30,3.0,7.98369836807251
C2,1383,0.8543353991895412,18.3,18.0,1,2.4000000953674316,24.0,1.0,30,3.0,9.056885719299316
C2,1384,0.8510615300280377,18.3,17.7,1,1.600000023841858,16.0,1.0,30,2.0,8.63413143157959
C2,1385,0.852702823555001,18.2,17.7,1,2.0,16.0,1.0,30,2.0,8.380478858947754
C2,1386,0.8685539631541367,18.1,17.8,1,6.0,48.0,1.0,30,3.0,9.294954299926758
C2,1387,0.8607685509003341,18.1,17.8,1,4.0,30.0,1.0,30,3.0,10.110305786132812
C2,1388,0.5760615300280377,50.0,17.8,1,1.600000023841858,9.0,1.0,30,3.0,9.932849884033203
C2,1389,0.8559587577917702,18.1,17.8,1,2.799999952316284,18.0,1.0,30,3.0,8.493042945861816
C2,1390,0.8559587577917702,18.3,17.9,1,2.799999952316284,24.0,1.0,30,3.0,7.362492561340332
C2,1391,0.6926666666666667,44.8,34.4,1,28.0,102.0,1.0,30,3.0,10.817495346069336
C2,1392,0.5760615300280377,50.0,18.1,1,1.600000023841858,9.0,1.0,30,3.0,12.490497589111328
C2,1393,0.8510615300280377,18.1,17.6,1,1.600000023841858,10.0,1.0,30,2.0,13.094298362731934
C2,1394,0.5744120147012152,50.0,17.6,1,1.2000000476837158,9.0,1.0,30,3.0,9.323246002197266
C2,1395,0.8543353991895412,19.2,17.7,1,2.4000000953674316,14.0,1.0,30,2.0,7.593947410583496
C2,1396,0.7756653383512933,18.2,17.7,1,3.5999999046325684,28.0,1.0,50,2.0,7.756368637084961
C2,1397,0.8543353991895412,18.2,17.8,1,2.4000000953674316,16.0,1.0,30,2.0,8.520487785339355
C2,1398,0.8510615300280377,18.4,17.9,1,1.600000023841858,12.0,1.0,30,2.0,8.845625877380371
C2,1399,0.7679480189220103,18.0,17.7,1,1.600000023841858,10.0,1.0,50,2.0,7.8407087326049805
C2,1400,0.8494120147012151,18.3,17.7,1,1.2000000476837158,10.0,1.0,30,2.0,6.837758541107178
C2,1401,0.6899166666666666,45.1,35.4,1,22.399999618530273,78.0,1.0,30,2.0,10.635988235473633
C2,1402,0.8510615300280377,18.8,17.9,1,1.600000023841858,14.0,1.0,30,2.0,13.18159294128418
C2,1403,0.5744120147012152,50.0,17.7,1,1.2000000476837158,8.0,1.0,30,2.0,14.57562255859375
C2,1404,0.5727547725551173,50.0,17.8,1,0.800000011920929,4.0,1.0,30,2.0,10.478707313537598
C2,1405,0.8543353991895412,18.1,17.7,1,2.4000000953674316,20.0,1.0,30,2.0,8.420557022094727
C2,1406,0.8575724027518892,18.0,17.6,1,3.200000047683716,24.0,1.0,30,2.0,8.252334594726562
C2,1407,0.852702823555001,18.2,17.8,1,2.0,16.0,1.0,30,2.0,8.951400756835938
C2,1408,0.852702823555001,18.3,17.8,1,2.0,16.0,1.0,30,2.0,9.10417366027832
C2,1409,0.8510615300280377,18.1,17.7,1,1.600000023841858,14.0,1.0,30,2.0,8.529170989990234
C2,1410,0.7694704801128012,18.2,17.9,1,2.0,16.0,1.0,50,2.0,8.184168815612793
C2,1411,0.27320000000000005,85.2,50.3,1,30.399999618530273,88.0,1.0,30,2.0,12.777168273925781
C2,1412,0.8510615300280377,18.2,17.7,1,1.600000023841858,14.0,1.0,30,2.0,15.532967567443848
C2,1413,0.8543353991895412,18.9,17.7,1,2.4000000953674316,16.0,1.0,30,2.0,17.186447143554688
C2,1414,0.8510615300280377,19.900000000000002,17.7,1,1.600000023841858,16.0,1.0,30,2.0,13.378535270690918
C2,1415,0.852702823555001,17.9,17.7,1,2.0,12.0,1.0,30,2.0,10.960453987121582
C2,1416,0.6777246676127758,44.699999999999996,35.0,1,17.200000762939453,64.0,1.0,30,2.0,12.709606170654297
C2,1417,0.6841706303067381,44.1,34.4,1,17.600000381469727,64.0,1.0,30,2.0,16.959096908569336
C2,1418,-0.03447499999999998,138.9,60.0,5,39.099998474121094,198.0,1.0,30,2.0,31.908790588378906
C2,1419,0.758115999023631,34.4,25.1,5,12.15999984741211,114.0,1.0,30,2.0,44.21194076538086
C2,1420,0.7213506730930612,39.5,27.3,5,15.600000381469727,124.0,1.0,30,2.0,55.59383010864258
C2,1421,0.7591001624979847,33.9,24.6,5,11.039999961853027,116.0,1.0,30,2.0,56.956298828125
C2,1422,0.8477547725551173,18.1,17.8,5,0.800000011920929,22.0,1.0,30,2.0,51.640445709228516
C2,1423,0.6427499999999999,48.5,32.5,7,31.314285278320312,206.0,1.0,30,2.0,53.9176025390625
C2,1424,0.571804498154994,50.0,17.8,7,0.5714285969734192,8.0,1.0,30,2.0,48.083892822265625
C2,1425,0.7449764521836844,33.0,21.9,7,4.857142925262451,82.0,1.0,30,2.0,48.58367156982422
C2,1426,0.8479919757253314,18.1,17.7,7,0.8571428656578064,32.0,1.0,30,2.0,37.28353500366211
C2,1427,0.846804498154994,18.0,17.7,7,0.5714285969734192,10.0,1.0,30,2.0,30.63678741455078
C2,1428,0.7644025239480086,33.5,23.599999999999998,7,11.54285717010498,134.0,1.0,30,2.0,30.115406036376953
C2,1429,0.24295192151582382,79.60000000000001,40.9,6,50.20000076293945,220.0,1.0,30,2.0,42.33591079711914
C2,1430,0.7176666666666667,41.2,27.799999999999997,7,21.94285774230957,182.0,1.0,30,2.0,61.13488006591797
C2,1431,0.847517421777062,18.2,17.7,7,0.7428571581840515,28.0,1.0,30,2.0,65.34759521484375
C2,1432,0.7821775333181478,28.299999999999997,19.7,7,3.3714284896850586,70.0,1.0,30,2.0,57.87522506713867
C2,1433,0.7246814487072925,38.9,25.8,7,14.800000190734863,146.0,1.0,30,2.0,50.99180221557617
C2,1434,0.5710902975977581,50.0,17.8,7,0.4000000059604645,4.0,1.0,30,2.0,45.26174545288086
C2,1435,0.7070070052002627,39.6,26.700000000000003,5,16.600000381469727,140.0,1.0,30,2.0,46.49038314819336
C2,1436,0.6048801829423761,48.9,33.6,4,48.5,243.0,1.0,70,3.0,48.294227600097656
C2,1437,0.7270422831418664,18.4,17.7,7,0.6285714507102966,12.0,1.0,30,2.0,49.90987014770508
C2,1438,0.846804498154994,19.0,17.8,7,0.5714285969734192,18.0,1.0,30,2.0,42.74592208862305
C2,1439,0.6926666666666667,44.8,30.099999999999998,7,28.85714340209961,210.0,1.0,30,2.0,41.647552490234375
C2,1440,0.7134168319471302,38.9,25.5,7,11.085714340209961,126.0,1.0,30,2.0,48.588531494140625
C2,1441,0.7541952430426653,33.4,23.5,7,8.285714149475098,110.0,1.0,30,2.0,58.886451721191406
C2,1442,0.7486717848680935,34.4,23.8,7,9.314285278320312,118.0,1.0,30,2.0,58.9318733215332
C2,1443,0.6954166666666667,44.5,30.200000000000003,7,30.285715103149414,226.0,1.0,30,2.0,65.62578582763672
C2,1444,0.8472799248274688,18.1,17.7,7,0.6857143044471741,22.0,1.0,30,2.0,63.775474548339844
C2,1445,0.8461256164751997,20.1,17.7,7,0.6285714507102966,16.0,1.0,30,2.0,55.86528396606445
C2,1446,0.847517421777062,18.1,17.8,7,0.7428571581840515,24.0,1.0,30,2.0,37.652503967285156
C2,1447,0.8470422831418664,18.0,17.7,7,0.6285714507102966,20.0,1.0,30,2.0,26.591503143310547
C2,1448,0.8463285038881723,18.3,17.8,7,0.4571428596973419,12.0,1.0,30,2.0,19.688234329223633
C2,1449,0.3344120147012152,50.0,17.9,1,1.2000000476837158,6.0,1.0,30,2.0,14.346274375915527
C2,1450,0.8494120147012151,20.0,18.1,1,1.2000000476837158,10.0,1.0,30,2.0,10.474431037902832
C2,1451,0.8559587577917702,18.2,17.7,1,2.799999952316284,22.0,1.0,30,2.0,8.817992210388184
C2,1452,0.5727547725551173,50.0,17.7,1,0.800000011920929,4.0,1.0,30,2.0,7.690795421600342
C2,1453,0.852702823555001,18.1,17.7,1,2.0,16.0,1.0,30,2.0,7.414477348327637
C2,1454,0.8494120147012151,18.1,17.7,1,1.2000000476837158,10.0,1.0,30,2.0,6.448686122894287
C2,1455,0.5727547725551173,50.0,17.7,1,0.800000011920929,6.0,1.0,30,2.0,6.00254487991333
C2,1456,0.7577468583329259,32.9,26.8,1,8.0,40.0,1.0,30,2.0,7.334860324859619
C2,1457,0.5744120147012152,50.0,17.8,1,1.2000000476837158,6.0,1.0,30,2.0,7.86758279800415
C2,1458,0.8494120147012151,17.8,17.7,1,1.2000000476837158,10.0,1.0,30,2.0,8.453883171081543
C2,1459,0.8510615300280377,18.8,17.8,1,1.600000023841858,12.0,1.0,30,2.0,6.938996315002441
C2,1460,0.8510615300280377,18.2,17.5,1,1.600000023841858,12.0,1.0,30,2.0,6.430064678192139
C2,1461,0.8591758329899635,18.1,17.8,1,3.5999999046325684,26.0,1.0,30,2.0,7.191371917724609
C2,1462,0.8510615300280377,18.5,17.7,1,1.600000023841858,14.0,1.0,30,2.0,7.781489849090576
C2,1463,0.8510615300280377,18.5,17.7,1,1.600000023841858,14.0,1.0,30,2.0,8.26889419555664
C2,1464,0.5727547725551173,50.0,17.9,1,0.800000011920929,6.0,1.0,30,2.0,7.228003025054932
C2,1465,0.852702823555001,18.4,17.8,1,2.0,18.0,1.0,30,3.0,6.47013521194458
C2,1466,0.8559587577917702,18.2,17.8,1,2.799999952316284,24.0,1.0,30,3.0,6.14874792098999
C2,1467,0.8543353991895412,18.2,17.7,1,2.4000000953674316,18.0,1.0,30,3.0,6.355915546417236
C2,1468,0.8510615300280377,18.0,17.6,1,1.600000023841858,15.0,1.0,30,3.0,6.346882343292236
C2,1469,0.852702823555001,18.1,17.7,1,2.0,12.0,1.0,30,3.0,5.80812931060791
C2,1470,0.8510615300280377,18.3,17.8,1,1.600000023841858,12.0,1.0,30,3.0,5.2182111740112305
C2,1471,0.8670222991527153,18.3,17.9,1,5.599999904632568,48.0,1.0,30,3.0,6.330926418304443
C2,1472,0.852702823555001,18.4,17.8,1,2.0,15.0,1.0,30,3.0,7.131889343261719
C2,1473,0.8510615300280377,18.0,17.7,1,1.600000023841858,12.0,1.0,30,3.0,7.612466812133789
C2,1474,0.5727547725551173,50.0,17.6,1,0.800000011920929,6.0,1.0,30,2.0,6.167479991912842
C2,1475,0.8494120147012151,18.1,17.6,1,1.2000000476837158,10.0,1.0,30,2.0,5.300487995147705
C2,1476,0.8575724027518892,18.0,17.7,1,3.200000047683716,24.0,1.0,30,2.0,5.846959590911865
C2,1477,0.8559587577917702,18.1,17.8,1,2.799999952316284,22.0,1.0,30,2.0,7.241508960723877
C2,1478,0.852702823555001,19.900000000000002,17.9,1,2.0,16.0,1.0,30,2.0,8.478239059448242
C2,1479,0.8559587577917702,18.2,17.7,1,2.799999952316284,22.0,1.0,30,2.0,9.086943626403809
C2,1480,0.7546055817666097,33.4,26.8,1,8.399999618530273,42.0,1.0,30,2.0,10.785499572753906
C2,1481,0.675006870729459,45.199999999999996,36.3,1,18.0,60.0,1.0,30,2.0,14.737966537475586
C2,1482,0.8654774278277694,18.0,17.8,1,5.199999809265137,42.0,1.0,30,3.0,17.50944709777832
C2,1483,0.7767276307266981,33.099999999999994,26.700000000000003,1,14.399999618530273,72.0,1.0,30,3.0,19.57233428955078
C2,1484,0.8700719235523432,18.0,17.7,1,6.400000095367432,57.0,1.0,30,3.0,19.343400955200195
C2,1485,0.7765993758080113,32.599999999999994,26.200000000000003,1,12.800000190734863,75.0,1.0,30,3.0,20.672706604003906
C2,1486,0.7767276307266981,33.099999999999994,26.8,1,14.399999618530273,75.0,1.0,30,3.0,21.60362434387207
C2,1487,0.8654774278277694,18.1,17.7,1,5.199999809265137,42.0,1.0,30,3.0,21.495508193969727
C2,1488,0.8685539631541367,18.2,18.0,1,6.0,51.0,1.0,30,3.0,20.363971710205078
C2,1489,0.6880833333333334,45.3,35.6,1,30.399999618530273,111.0,1.0,30,3.0,21.285049438476562
C2,1490,0.6899166666666666,45.1,34.9,1,27.600000381469727,96.0,1.0,30,3.0,24.237695693969727
C2,1491,0.7811716372132118,33.2,27.400000000000002,1,16.399999618530273,81.0,1.0,30,3.0,27.34261703491211
C2,1492,0.8715756855237148,18.1,17.8,1,6.800000190734863,57.0,1.0,30,3.0,26.805570602416992
C2,1493,0.7661994945015955,33.6,26.9,1,12.399999618530273,60.0,1.0,30,3.0,24.883342742919922
C2,1494,0.8623500559002011,18.4,18.0,1,4.400000095367432,34.0,1.0,30,2.0,22.396671295166016
C2,1495,0.672256870729459,45.5,36.1,1,18.0,62.0,1.0,30,2.0,22.504669189453125
C2,1496,0.6529830498015071,47.7,36.4,1,18.399999618530273,62.0,1.0,30,2.0,24.036134719848633
C2,1497,0.8607685509003341,18.1,17.8,1,4.0,34.0,1.0,30,2.0,24.955015182495117
C2,1498,0.8607685509003341,18.2,17.9,1,4.0,30.0,1.0,30,2.0,23.373008728027344
C2,1499,0.8623500559002011,18.2,17.8,1,4.400000095367432,36.0,1.0,30,2.0,20.690471649169922
C2,1500,0.8591758329899635,18.0,17.7,1,3.5999999046325684,32.0,1.0,30,2.0,18.947616577148438
C2,1501,-0.4489275024008282,192.70000000000002,81.69999999999999,7,88.53333282470703,272.0,1.0,30,2.0,34.03523635864258
C2,1502,-0.2109480361340295,40.4,26.200000000000003,28,66.65714263916016,903.0,1.0,30,3.0,80.8211441040039
C2,1503,0.7849523458710906,31.9,21.0,28,13.442856788635254,369.0,1.0,30,3.0,123.15935516357422
C2,1504,0.7793431429025376,32.2,21.2,28,12.5,330.0,1.0,30,3.0,145.09561157226562
C2,1505,0.7809044299959711,30.900000000000002,20.8,28,9.357142448425293,270.0,1.0,30,3.0,130.12403869628906
C2,1506,0.7875467942666246,28.7,20.299999999999997,28,5.671428680419922,210.0,1.0,30,3.0,114.07441711425781
C2,1507,0.7869751710208569,32.099999999999994,21.1,28,14.785714149475098,399.0,1.0,30,3.0,107.51132202148438
C2,1508,0.21467773013028332,32.0,20.9,14,10.485713958740234,234.0,1.0,30,3.0,101.97345733642578
C2,1509,0.7898333333333334,34.2,24.0,14,25.571428298950195,360.0,1.0,30,3.0,105.3174057006836
C2,1510,0.7925846868507483,27.5,19.400000000000002,14,4.142857074737549,126.0,1.0,30,3.0,95.19044494628906
C2,1511,0.7802499999999999,33.5,23.599999999999998,16,33.74285888671875,477.0,1.0,30,3.0,99.91426849365234
C2,1512,0.774469768584309,32.2,21.2,16,10.975000381469727,237.0,1.0,30,3.0,97.28189086914062
C2,1513,0.8469234084714489,18.2,17.8,16,0.6000000238418579,38.0,1.0,30,2.0,92.63580322265625
C2,1514,0.8471314154582048,18.3,17.8,16,0.6499999761581421,38.0,1.0,30,2.0,71.18148040771484
C2,1515,0.8432914274640148,20.6,18.5,16,1.0499999523162842,54.0,1.0,30,2.0,51.37555694580078
C2,1516,0.8365640683675276,21.3,18.700000000000003,16,0.9750000238418579,46.0,1.0,30,2.0,40.025333404541016
C2,1517,0.44747784906415317,18.1,17.7,6,0.7333333492279053,32.0,1.0,30,2.0,32.81520080566406
C2,1518,0.6510615300280378,18.2,17.8,1,1.600000023841858,18.0,1.0,30,2.0,26.089120864868164
C2,1519,0.7128573394516842,18.2,17.7,1,3.5999999046325684,28.0,1.0,70,2.0,20.853471755981445
C2,1520,0.8477547725551173,18.2,17.7,1,0.800000011920929,10.0,1.0,30,2.0,16.24541664123535
C2,1521,0.6782500000000001,45.5,35.4,2,33.20000076293945,117.0,1.0,30,3.0,17.48058319091797
C2,1522,0.8551482611556787,18.1,17.7,2,2.5999999046325684,30.0,1.0,30,3.0,17.688350677490234
C2,1523,0.856766825784299,18.1,17.8,2,3.0,42.0,1.0,30,3.0,19.013010025024414
C2,1524,0.8510615300280377,18.1,17.7,2,1.600000023841858,24.0,1.0,30,3.0,15.67447280883789
C2,1525,0.32319999999999993,61.199999999999996,37.6,4,29.5,195.0,1.0,30,3.0,21.004684448242188
C2,1526,0.6981666666666667,44.2,29.5,4,30.899999618530273,201.0,1.0,30,3.0,31.26947593688965
C2,1527,0.6785,44.6,30.099999999999998,6,33.06666564941406,237.0,1.0,30,3.0,46.89501953125
C2,1528,0.6932587874323861,38.9,26.1,6,25.46666717529297,219.0,1.0,50,3.0,57.337013244628906
C2,1529,0.5182170683433357,44.8,29.9,10,42.20000076293945,336.0,1.0,30,3.0,69.60220336914062
C2,1530,0.8480868152918877,18.1,17.8,10,0.8799999952316284,57.0,1.0,30,3.0,68.9613265991211
C2,1531,0.8227800516741853,23.3,18.8,10,2.0799999237060547,87.0,1.0,30,3.0,62.71012878417969
C2,1532,0.7809809005844566,28.6,19.900000000000002,10,3.759999990463257,96.0,1.0,30,3.0,48.29274368286133
C2,1533,0.7430833333333333,39.300000000000004,26.4,10,32.880001068115234,333.0,1.0,30,3.0,51.90897750854492
C2,1534,0.6484215816773147,38.800000000000004,26.4,10,34.439998626708984,342.0,1.0,70,3.0,65.41205596923828
C2,1535,0.7582500000000001,35.9,24.9,12,24.700000762939453,306.0,1.0,30,3.0,82.84722900390625
C2,1536,0.7788333333333334,35.4,24.7,12,30.33333396911621,372.0,1.0,30,3.0,95.04167175292969
C2,1537,0.7779166666666667,35.5,24.8,12,30.83333396911621,369.0,1.0,30,3.0,103.55833435058594
C2,1538,0.77975,35.3,24.8,12,30.5,363.0,1.0,30,3.0,111.20166778564453
C2,1539,0.788,34.4,24.400000000000002,12,27.33333396911621,333.0,1.0,30,3.0,114.05433654785156
C2,1540,0.7793803720743496,34.2,24.1,12,19.66666603088379,226.0,1.0,30,2.0,114.43260192871094
C2,1541,0.7445210317059555,35.5,25.1,12,31.066667556762695,375.0,1.0,50,3.0,115.1928939819336
C2,1542,0.7788562465389335,34.3,24.5,12,19.866666793823242,236.0,1.0,30,2.0,116.58240509033203
C2,1543,0.7560860148822615,36.5,24.9,12,18.600000381469727,222.0,1.0,30,2.0,117.14944458007812
C2,1544,0.7768928461585849,34.5,24.6,12,19.799999237060547,224.0,1.0,30,2.0,115.75633239746094
C2,1545,0.7698832099528626,35.3,24.9,12,19.96666717529297,234.0,1.0,30,2.0,114.7871322631836
C2,1546,0.7843333333333333,34.8,24.7,12,20.700000762939453,248.0,1.0,30,2.0,115.93894958496094
C2,1547,0.58125,39.5,27.2,8,31.0,252.0,1.0,30,2.0,118.4967041015625
C2,1548,0.7375833333333334,39.9,27.2,8,21.700000762939453,194.0,1.0,30,2.0,117.36468505859375
C2,1549,0.6000014259200048,39.9,28.2,8,25.299999237060547,208.0,1.0,70,2.0,114.01881408691406
C2,1550,0.7183333333333333,42.0,28.400000000000002,8,26.850000381469727,222.0,1.0,30,2.0,110.01128387451172
C2,1551,0.5830833333333333,39.300000000000004,26.8,12,37.86666488647461,399.0,1.0,30,3.0,112.40676879882812
C2,1552,0.7155786843245008,34.6,24.6,12,21.200000762939453,254.0,1.0,50,2.0,116.91072845458984
C2,1553,0.7907500000000001,34.1,24.299999999999997,12,26.799999237060547,330.0,1.0,30,3.0,119.47977447509766
C2,1554,0.7843333333333333,34.8,24.8,12,26.46666717529297,318.0,1.0,30,3.0,117.42119598388672
C2,1555,0.777,35.6,24.8,12,30.733333587646484,375.0,1.0,30,3.0,115.91938781738281
C2,1556,0.7760833333333333,35.7,24.7,12,29.46666717529297,357.0,1.0,30,3.0,116.21829986572266
C2,1557,0.7641666666666668,37.0,25.1,12,30.433332443237305,366.0,1.0,30,3.0,118.53097534179688
C2,1558,0.7916666666666666,34.0,23.8,12,23.266666412353516,294.0,1.0,30,3.0,116.31858825683594
C2,1559,0.7907500000000001,34.1,24.2,12,32.86666488647461,396.0,1.0,30,3.0,116.7244873046875
C2,1560,0.7916666666666666,34.0,24.1,12,21.633333206176758,285.0,1.0,30,3.0,113.36802673339844
C2,1561,0.5925833333333334,33.9,23.900000000000002,17,37.43529510498047,555.0,1.0,30,3.0,122.95414733886719
C2,1562,0.7980833333333334,33.300000000000004,22.9,17,26.141176223754883,432.0,1.0,30,3.0,130.30581665039062
C2,1563,0.7999166666666667,33.099999999999994,22.8,17,27.41176414489746,477.0,1.0,30,3.0,143.25015258789062
C2,1564,0.849509263730203,18.5,18.3,17,1.2235294580459595,87.0,1.0,30,3.0,130.21676635742188
C2,1565,0.7938548737421839,28.1,19.7,17,5.882352828979492,174.0,1.0,30,3.0,110.93006134033203
C2,1566,0.8491201076062805,18.599999999999998,17.9,17,1.1294118165969849,63.0,1.0,30,3.0,80.95803833007812
C2,1567,0.8467765140960191,18.0,17.6,17,0.5647059082984924,27.0,1.0,30,3.0,60.30815505981445
C2,1568,0.8494120147012151,18.700000000000003,18.1,17,1.2000000476837158,72.0,1.0,30,3.0,43.384891510009766
C2,1569,0.14008259647723936,39.4,26.3,3,8.533333778381348,156.0,1.0,30,3.0,37.3642692565918
C2,1570,0.7516904230725081,32.300000000000004,21.4,3,4.933333396911621,72.0,1.0,30,3.0,35.751895904541016
C2,1571,0.7507115739037632,32.800000000000004,21.1,3,5.866666793823242,72.0,1.0,30,3.0,34.78446960449219
C2,1572,0.8494120147012151,18.3,17.8,3,1.2000000476837158,18.0,1.0,30,3.0,28.070682525634766
C2,1573,0.8543353991895412,18.1,17.9,3,2.4000000953674316,54.0,1.0,30,3.0,23.242408752441406
C2,1574,0.8532480090236526,18.2,17.8,3,2.133333444595337,57.0,1.0,30,3.0,19.67877960205078
C2,1575,0.8447685509003341,18.3,17.8,1,4.0,30.0,1.0,30,3.0,18.07393455505371
C2,1576,0.8654774278277694,18.3,17.9,1,5.199999809265137,42.0,1.0,30,3.0,16.577693939208984
C2,1577,0.8559587577917702,18.1,17.7,1,2.799999952316284,24.0,1.0,30,3.0,14.213282585144043
C2,1578,0.6789166666666667,46.300000000000004,35.7,1,26.399999618530273,93.0,1.0,30,3.0,15.594635963439941
C2,1579,0.1804952109144089,98.9,49.8,3,50.599998474121094,168.0,1.0,30,3.0,22.023448944091797
C2,1580,0.7592895639498454,33.4,23.900000000000002,3,9.733333587646484,96.0,1.0,30,3.0,29.08073616027832
C2,1581,0.7569081122693099,32.4,21.5,3,6.5333333015441895,87.0,1.0,30,3.0,33.04844284057617
C2,1582,0.7079985823321483,40.800000000000004,26.9,3,15.066666603088379,123.0,1.0,30,3.0,33.4290657043457
C2,1583,0.7546754522599813,32.2,21.0,3,5.4666666984558105,75.0,1.0,30,3.0,32.72410583496094
C2,1584,0.8483080145228291,18.2,17.7,3,0.9333333373069763,15.0,1.0,30,3.0,29.10112953186035
C2,1585,0.8422377688575918,18.3,17.7,2,1.399999976158142,14.0,1.0,30,2.0,22.394010543823242
C2,1586,0.8518832352792386,18.700000000000003,18.0,2,1.7999999523162842,26.0,1.0,30,2.0,16.76974105834961
C2,1587,0.5719234084714488,50.0,17.9,2,0.6000000238418579,8.0,1.0,30,2.0,13.26184368133545
C2,1588,0.8430615300280377,18.599999999999998,17.9,1,1.600000023841858,16.0,1.0,30,2.0,11.29043960571289
C2,1589,0.5727547725551173,50.0,17.8,1,0.800000011920929,6.0,1.0,30,2.0,8.774264335632324
C2,1590,0.8510615300280377,17.9,17.6,1,1.600000023841858,14.0,1.0,30,2.0,7.664558410644531
C2,1591,0.7555222484332763,33.300000000000004,27.3,1,8.399999618530273,40.0,1.0,30,2.0,8.598734855651855
C2,1592,0.816952823555001,23.900000000000002,18.0,1,2.0,16.0,1.0,30,2.0,9.825907707214355
C2,1593,0.8543353991895412,18.2,17.8,1,2.4000000953674316,20.0,1.0,30,2.0,10.962211608886719
C2,1594,0.8494120147012151,17.7,17.5,1,1.2000000476837158,10.0,1.0,30,2.0,9.643993377685547
C2,1595,0.852702823555001,18.3,17.8,1,2.0,16.0,1.0,30,2.0,8.853062629699707
C2,1596,0.8559587577917702,18.3,17.9,1,2.799999952316284,20.0,1.0,30,2.0,8.378504753112793
C2,1597,0.8559587577917702,18.1,17.7,1,2.799999952316284,24.0,1.0,30,2.0,9.02710247039795
C2,1598,0.8543353991895412,18.4,17.8,1,2.4000000953674316,18.0,1.0,30,2.0,9.54959487915039
C2,1599,0.8510615300280377,18.2,17.8,1,1.600000023841858,10.0,1.0,30,2.0,9.196423530578613
C2,1600,0.8543353991895412,18.1,17.8,1,2.4000000953674316,18.0,1.0,30,2.0,8.584521293640137
C2,1601,0.8543353991895412,18.3,17.8,1,2.4000000953674316,18.0,1.0,30,2.0,8.217379570007324
C2,1602,0.852702823555001,18.599999999999998,17.8,1,2.0,16.0,1.0,30,2.0,8.397093772888184
C2,1603,0.8575724027518892,18.0,17.7,1,3.200000047683716,28.0,1.0,30,2.0,9.171589851379395
C2,1604,0.8510615300280377,18.4,17.7,1,1.600000023841858,12.0,1.0,30,2.0,9.236287117004395
C2,1605,0.5727547725551173,50.0,17.5,1,0.800000011920929,6.0,1.0,30,2.0,8.608439445495605
C2,1606,0.8591758329899635,18.0,17.6,1,3.5999999046325684,28.0,1.0,30,2.0,8.231730461120605
C2,1607,0.8543353991895412,18.0,17.7,1,2.4000000953674316,20.0,1.0,30,2.0,8.539037704467773
C2,1608,0.18312437289349925,104.89999999999999,55.5,2,47.20000076293945,114.0,1.0,30,2.0,15.923422813415527
C2,1609,0.36945,50.2,35.5,2,26.0,108.0,1.0,30,2.0,25.687387466430664
C2,1610,-0.2906978050725443,101.1,48.9,10,93.5,324.0,1.0,30,3.0,44.612430572509766
C2,1611,0.6276666666666667,38.800000000000004,25.8,13,37.31999969482422,375.0,1.0,30,3.0,65.03412628173828
C2,1612,0.7916666666666666,34.0,24.1,13,25.507692337036133,327.0,1.0,30,3.0,84.62047576904297
C2,1613,0.7907500000000001,34.1,23.7,13,20.738462448120117,294.0,1.0,30,3.0,95.03895568847656
C2,1614,0.7898333333333334,34.2,24.299999999999997,13,24.799999237060547,315.0,1.0,30,3.0,98.62337493896484
C2,1615,0.7944166666666667,33.7,23.8,13,27.815383911132812,351.0,1.0,30,3.0,101.84069061279297
C2,1616,0.783765889344045,32.9,22.9,13,16.33846092224121,258.0,1.0,30,3.0,102.17108154296875
C2,1617,0.7669830335914698,32.300000000000004,21.1,13,9.046154022216797,189.0,1.0,30,3.0,96.76931762695312
C2,1618,0.8491575449447141,19.7,18.3,13,1.1384615898132324,52.0,1.0,30,2.0,81.3949203491211
C2,1619,0.7669954855106488,34.6,24.299999999999997,13,15.876922607421875,202.0,1.0,30,2.0,74.1702880859375
C2,1620,0.7700205916288763,33.300000000000004,22.599999999999998,12,15.538461685180664,243.0,1.0,30,3.0,72.23550415039062
C2,1621,-0.3273313416591523,38.3,25.1,36,70.33333587646484,1227.0,1.0,30,3.0,122.14130401611328
C2,1622,0.8411666666666666,28.6,20.2,36,31.511110305786133,1101.0,1.0,30,3.0,187.55145263671875
C2,1623,0.8109597180807395,25.4,19.8,36,3.922222137451172,160.0,1.0,30,2.0,226.66419982910156
C2,1624,0.8475240167108156,18.5,18.1,36,0.7444444298744202,69.0,1.0,30,3.0,198.66519165039062
C2,1625,0.8033621450629213,28.5,20.400000000000002,36,9.48888874053955,327.0,1.0,30,3.0,147.4657745361328
C2,1626,0.7974770146807448,27.799999999999997,19.8,36,6.111111164093018,249.0,1.0,30,3.0,117.14613342285156
C2,1627,0.7996177380300615,27.799999999999997,19.7,36,6.6777777671813965,267.0,1.0,30,3.0,107.75434875488281
C2,1628,-0.20701231988693844,27.799999999999997,19.599999999999998,11,4.9454545974731445,126.0,1.0,30,3.0,93.18594360351562
C2,1629,0.7815615737581527,28.1,19.8,11,2.763636350631714,93.0,1.0,30,3.0,77.51156616210938
C2,1630,0.7837607355933057,28.1,19.900000000000002,11,3.3090908527374268,80.0,1.0,30,2.0,61.573604583740234
C2,1631,0.7022242371199793,23.900000000000002,19.5,8,3.299999952316284,78.0,1.0,30,2.0,51.6108283996582
C2,1632,0.8150817424909187,23.7,19.0,8,1.100000023841858,42.0,1.0,30,2.0,44.29983139038086
C2,1633,0.3275246003961652,32.5,21.3,2,3.0,25.0,1.0,90,1.0,37.913230895996094
C2,1634,-0.10636678656444165,110.3,56.5,7,68.19999694824219,232.0,1.0,30,2.0,44.347938537597656
C2,1635,0.7311666666666667,40.599999999999994,27.7,7,20.799999237060547,178.0,1.0,30,2.0,57.275428771972656
C2,1636,0.7707153952339963,29.4,20.1,7,3.028571367263794,64.0,1.0,30,2.0,65.96525573730469
C2,1637,0.775702823555001,28.400000000000002,19.5,7,2.0,54.0,1.0,30,2.0,59.3124885559082
C2,1638,0.7620001652804635,33.6,23.7,7,11.085714340209961,126.0,1.0,30,2.0,51.85416030883789
C2,1639,0.7677858702040377,34.5,24.7,7,15.828571319580078,152.0,1.0,30,2.0,53.24583053588867
C2,1640,0.5557569239884147,50.0,17.7,5,0.5600000023841858,8.0,1.0,30,2.0,51.014163970947266
C2,1641,0.6725928253646433,18.1,17.7,4,1.100000023841858,34.0,1.0,90,2.0,43.541831970214844
C2,1642,0.7101219712162032,38.6,25.7,4,9.300000190734863,88.0,1.0,30,2.0,34.79176712036133
C2,1643,0.7491564722904964,32.9,21.4,4,5.699999809265137,66.0,1.0,30,2.0,33.40839385986328
C2,1644,0.7302928920445393,36.7,24.5,4,10.100000381469727,86.0,1.0,30,2.0,36.04503631591797
C2,1645,0.0790638553691953,95.10000000000001,47.1,6,78.0999984741211,270.0,1.0,30,2.0,49.760353088378906
C2,1646,0.6785,44.6,30.200000000000003,8,31.899999618530273,240.0,1.0,30,2.0,69.58954620361328
C2,1647,0.7295833333333334,39.9,27.7,9,31.350000381469727,270.0,1.0,30,2.0,93.75373077392578
C2,1648,0.7298333333333333,39.0,26.599999999999998,11,36.254547119140625,348.0,1.0,30,3.0,105.71890258789062
C2,1649,0.65425,35.9,24.9,14,35.68571472167969,432.0,1.0,30,3.0,116.09800720214844
C2,1650,0.7944166666666667,33.7,23.7,14,26.0,378.0,1.0,30,3.0,121.12547302246094
C2,1651,0.7925833333333334,33.9,23.900000000000002,14,24.828571319580078,342.0,1.0,30,2.0,131.47528076171875
C2,1652,0.7707518051946847,33.9,23.7,14,14.885714530944824,214.0,1.0,30,2.0,132.7518310546875
C2,1653,0.7826858425065345,33.8,23.5,14,19.485713958740234,274.0,1.0,30,2.0,134.98443603515625
C2,1654,0.7962499999999999,33.5,23.599999999999998,14,26.22857093811035,363.0,1.0,30,3.0,129.65733337402344
C2,1655,0.7944166666666667,33.7,23.599999999999998,14,32.771427154541016,459.0,1.0,30,3.0,132.59439086914062
C2,1656,0.7802499999999999,33.5,23.3,16,27.524999618530273,411.0,1.0,30,3.0,134.3566436767578
C2,1657,0.7980833333333334,33.300000000000004,23.0,16,24.424999237060547,390.0,1.0,30,3.0,136.61398315429688
C2,1658,0.7962499999999999,33.5,23.099999999999998,16,22.924999237060547,360.0,1.0,30,3.0,133.56838989257812
C2,1659,0.7962499999999999,33.5,23.3,16,25.924999237060547,408.0,1.0,30,3.0,131.60769653320312
C2,1660,0.799,33.2,22.9,16,23.850000381469727,372.0,1.0,30,3.0,129.63128662109375
C2,1661,0.8008333333333334,33.0,22.700000000000003,16,29.524999618530273,474.0,1.0,30,3.0,133.51210021972656
C2,1662,0.7971666666666668,33.4,23.0,16,22.950000762939453,369.0,1.0,30,3.0,134.10726928710938
C2,1663,0.7999166666666667,33.099999999999994,22.9,16,26.075000762939453,426.0,1.0,30,3.0,136.86436462402344
C2,1664,0.7980833333333334,33.300000000000004,23.0,16,22.774999618530273,363.0,1.0,30,3.0,133.5852813720703
C2,1665,0.7980833333333334,33.300000000000004,22.9,16,25.25,402.0,1.0,30,3.0,133.08450317382812
C2,1666,0.7812977435314922,33.2,23.0,16,16.450000762939453,260.0,1.0,30,2.0,131.1840362548828
C2,1667,0.7775,33.8,23.8,14,21.685714721679688,306.0,1.0,30,2.0,134.3104248046875
C2,1668,0.7829156052849284,33.6,23.7,14,18.714284896850586,262.0,1.0,30,2.0,135.7862548828125
C2,1669,0.7935,33.8,23.599999999999998,14,21.371429443359375,298.0,1.0,30,2.0,139.205078125
C2,1670,0.765418762368918,34.4,24.0,13,17.742856979370117,252.0,1.0,30,2.0,137.65638732910156
C2,1671,0.63225,38.3,25.8,10,26.520000457763672,272.0,1.0,30,2.0,137.39382934570312
C2,1672,0.6510059683615422,38.199999999999996,25.9,10,13.760000228881836,138.0,1.0,50,1.0,135.76963806152344
C2,1673,0.7485833333333334,38.699999999999996,26.0,10,27.68000030517578,294.0,1.0,30,2.0,137.59510803222656
C2,1674,0.7449166666666667,39.1,26.3,10,25.040000915527344,250.0,1.0,30,2.0,137.22373962402344
C2,1675,0.7476666666666667,38.800000000000004,25.9,10,28.639999389648438,300.0,1.0,30,2.0,138.6009063720703
C2,1676,0.7476666666666667,38.800000000000004,26.0,10,24.600000381469727,266.0,1.0,30,2.0,137.560546875
C2,1677,0.7421666666666668,39.4,26.3,10,28.280000686645508,296.0,1.0,30,2.0,140.00299072265625
C2,1678,0.7440000000000001,39.199999999999996,26.200000000000003,10,27.079999923706055,268.0,1.0,30,2.0,139.3351287841797
C2,1679,0.7540833333333333,38.1,26.1,10,25.239999771118164,252.0,1.0,30,2.0,138.00108337402344
C2,1680,0.7513333333333333,38.4,25.8,10,23.040000915527344,238.0,1.0,30,2.0,133.333984375
C2,1681,0.7476666666666667,38.800000000000004,26.200000000000003,10,30.760000228881836,318.0,1.0,30,2.0,133.86705017089844
C2,1682,0.7591666666666668,35.8,25.3,12,31.83333396911621,390.0,1.0,30,3.0,134.72023010253906
C2,1683,0.63625,33.5,23.5,16,32.275001525878906,492.0,1.0,30,3.0,141.23214721679688
C2,1684,0.7962499999999999,33.5,23.2,16,24.5,396.0,1.0,30,3.0,141.53929138183594
C2,1685,0.7971666666666668,33.4,23.099999999999998,16,26.575000762939453,417.0,1.0,30,3.0,142.92356872558594
C2,1686,0.7953333333333333,33.6,23.0,16,24.725000381469727,390.0,1.0,30,3.0,139.22080993652344
C2,1687,0.7868678893337341,32.800000000000004,22.3,16,17.225000381469727,297.0,1.0,30,3.0,132.59915161132812
C2,1688,0.7953333333333333,33.6,23.400000000000002,16,23.075000762939453,363.0,1.0,30,3.0,126.22615814208984
C2,1689,0.76846162448637,33.6,23.599999999999998,14,19.457143783569336,278.0,1.0,30,2.0,123.60236358642578
C2,1690,0.7935,33.8,23.8,14,28.171428680419922,398.0,1.0,30,2.0,135.36141967773438
C2,1691,0.7646851377278218,32.5,21.8,14,8.914285659790039,158.0,1.0,30,2.0,136.8168487548828
C2,1692,0.7798574343938504,33.9,23.8,14,18.571428298950195,256.0,1.0,30,2.0,136.22344970703125
C2,1693,0.7774030310288883,33.9,23.900000000000002,14,17.485713958740234,248.0,1.0,30,2.0,125.86740112304688
C2,1694,0.846804498154994,18.1,17.7,14,0.5714285969734192,36.0,1.0,30,2.0,111.52043914794922
C2,1695,0.827952823555001,22.700000000000003,18.8,14,2.0,62.0,1.0,30,2.0,89.97892761230469
C2,1696,0.5430833333333333,39.300000000000004,27.3,9,21.91111183166504,202.0,1.0,30,2.0,73.98735809326172
C2,1697,0.6158134372567657,38.5,26.1,12,42.266666412353516,402.0,1.0,30,2.0,88.79241180419922
C2,1698,0.7636360630977803,33.8,24.1,14,18.05714225769043,250.0,1.0,30,2.0,110.20878601074219
C2,1699,0.7767539636400713,34.0,24.0,14,17.600000381469727,244.0,1.0,30,2.0,125.85860443115234
C2,1700,0.7953333333333333,33.6,23.599999999999998,14,21.457143783569336,300.0,1.0,30,2.0,128.44850158691406
C2,1701,0.7944166666666667,33.7,24.0,14,30.428571701049805,414.0,1.0,30,2.0,140.93576049804688
C2,1702,0.7925833333333334,33.9,23.8,14,22.14285659790039,302.0,1.0,30,2.0,152.29478454589844
C2,1703,0.7925833333333334,33.9,23.8,14,21.742856979370117,310.0,1.0,30,2.0,159.77687072753906
C2,1704,0.7980833333333334,33.300000000000004,23.5,14,20.742856979370117,288.0,1.0,30,2.0,155.86611938476562
C2,1705,0.7793637206367536,32.9,22.3,14,14.685714721679688,264.0,1.0,30,3.0,145.1196746826172
C2,1706,0.7849841229347824,32.5,22.1,14,15.399999618530273,267.0,1.0,30,3.0,129.87181091308594
C2,1707,0.6606666666666666,35.2,24.8,11,24.945453643798828,286.0,1.0,30,2.0,120.58975219726562
C2,1708,0.772200137852573,33.4,23.0,11,13.781818389892578,213.0,1.0,30,3.0,112.75385284423828
C2,1709,0.43221351627570936,33.7,23.7,19,51.5,633.0,1.0,30,3.0,124.31897735595703
C2,1710,0.8035833333333333,32.7,22.2,19,22.399999618530273,420.0,1.0,30,3.0,130.85804748535156
C2,1711,0.8017500000000001,32.9,22.2,19,23.410526275634766,444.0,1.0,30,3.0,145.0481719970703
C2,1712,0.8054166666666667,32.5,21.8,19,28.210525512695312,528.0,1.0,30,3.0,148.89556884765625
C2,1713,0.8035833333333333,32.7,22.2,19,24.378948211669922,462.0,1.0,30,3.0,153.0706787109375
C2,1714,0.8017500000000001,32.9,22.3,19,24.926315307617188,462.0,1.0,30,3.0,156.375732421875
C2,1715,0.7912271427181264,32.800000000000004,22.3,19,19.17894744873047,363.0,1.0,30,3.0,151.0254364013672
C2,1716,0.8017500000000001,32.9,22.3,19,22.947368621826172,438.0,1.0,30,3.0,146.74859619140625
C2,1717,0.7890435407077191,33.0,22.3,19,19.010526657104492,357.0,1.0,30,3.0,139.5158233642578
C2,1718,0.7074451370819252,22.8,18.700000000000003,16,2.0999999046325684,93.0,1.0,30,3.0,123.17616271972656
C2,1719,0.5740374285847036,33.4,23.099999999999998,15,19.825000762939453,306.0,1.0,90,2.0,114.30569458007812
C2,1720,0.7763782405704299,30.0,20.6,15,5.866666793823242,138.0,1.0,30,2.0,102.3167495727539
C2,1721,0.7552621620181121,32.0,21.2,14,7.253333568572998,148.0,1.0,30,2.0,100.85671997070312
C2,1722,0.7643851953580014,34.5,24.2,13,17.69230842590332,228.0,1.0,30,2.0,94.78070068359375
C2,1723,0.6285833333333334,38.699999999999996,26.1,10,20.31999969482422,208.0,1.0,30,2.0,95.80175018310547
C2,1724,0.756539825852532,33.0,22.2,10,7.920000076293945,124.0,1.0,30,2.0,94.81438446044922
C2,1725,0.755731594489012,29.1,21.0,8,2.5999999046325684,72.0,1.0,30,2.0,83.82196044921875
C2,1726,0.7569966586274284,33.6,23.099999999999998,8,9.600000381469727,126.0,1.0,30,2.0,71.75984191894531
C2,1727,0.7100833333333334,42.9,28.299999999999997,8,30.049999237060547,246.0,1.0,30,2.0,72.6559066772461
C2,1728,0.7366666666666667,40.0,27.7,8,26.100000381469727,214.0,1.0,30,2.0,82.66020965576172
C2,1729,0.7599261909645375,34.6,25.2,8,13.350000381469727,150.0,1.0,30,2.0,90.2627944946289
C2,1730,0.7632322118770191,34.4,24.7,8,13.850000381469727,148.0,1.0,30,2.0,88.29100799560547
C2,1731,0.7476666666666667,38.800000000000004,26.5,8,20.350000381469727,188.0,1.0,30,2.0,85.37460327148438
C2,1732,0.5104166666666667,38.5,25.6,14,33.4571418762207,448.0,1.0,30,2.0,103.4914321899414
C2,1733,0.7460611419747252,32.800000000000004,21.9,16,8.949999809265137,164.0,1.0,30,2.0,115.42819213867188
C2,1734,0.8229587577917702,23.599999999999998,19.400000000000002,16,2.799999952316284,92.0,1.0,30,2.0,116.19024658203125
C2,1735,0.565852220302059,33.4,23.2,16,9.475000381469727,147.0,1.0,90,1.0,106.38081359863281
C2,1736,0.7899261261278712,28.400000000000002,20.299999999999997,16,5.574999809265137,134.0,1.0,30,2.0,98.49515533447266
C2,1737,0.7647397540934062,30.4,20.6,16,3.825000047683716,110.0,1.0,30,2.0,94.96376037597656
C2,1738,0.33086599902363106,46.1,30.4,8,47.84000015258789,272.0,1.0,30,2.0,91.37825775146484
C2,1739,0.7608589079806745,32.599999999999994,22.1,8,8.100000381469727,118.0,1.0,30,2.0,88.16028594970703
C2,1740,0.8471314154582048,18.2,17.8,8,0.6499999761581421,26.0,1.0,30,2.0,80.62950897216797
C2,1741,-0.7264874380573002,48.300000000000004,27.799999999999997,38,88.7249984741211,1378.0,1.0,30,2.0,149.84437561035156
C2,1742,0.813577341057693,28.1,20.2,38,11.442105293273926,434.0,1.0,30,2.0,212.43995666503906
C2,1743,0.8469234084714489,18.4,18.0,38,0.6000000238418579,48.0,1.0,30,2.0,251.46397399902344
C2,1744,0.8463974325006365,18.1,17.7,38,0.4736842215061188,34.0,1.0,30,2.0,185.27838134765625
C2,1745,0.8159659635808905,24.400000000000002,19.599999999999998,38,2.8842105865478516,148.0,1.0,30,2.0,126.5003662109375
C2,1746,0.817915471814759,24.400000000000002,19.599999999999998,38,3.3684210777282715,156.0,1.0,30,2.0,98.43354797363281
C2,1747,-0.15162288770852256,18.2,18.1,13,0.949999988079071,52.0,1.0,30,2.0,82.79346466064453
C2,1748,0.33358333333333334,44.699999999999996,29.8,4,24.0,144.0,1.0,30,2.0,73.14274597167969
C2,1749,0.6309841229347823,49.3,34.0,4,15.399999618530273,86.0,1.0,30,1.0,68.41898345947266
C2,1750,0.14937361250089803,50.2,34.5,9,44.46666717529297,280.0,1.0,30,2.0,80.78472137451172
C2,1751,0.7403333333333333,39.6,27.2,9,28.711111068725586,262.0,1.0,30,2.0,96.07083129882812
C2,1752,0.7417467344443789,36.1,24.6,9,11.911110877990723,148.0,1.0,30,2.0,103.64250183105469
C2,1753,0.7344206544442476,38.9,26.200000000000003,9,18.755556106567383,182.0,1.0,30,2.0,101.65216827392578
C2,1754,0.5950000000000001,38.0,25.6,13,38.07272720336914,405.0,1.0,30,3.0,100.99130249023438
C2,1755,0.7733677894210172,34.5,24.400000000000002,13,18.123077392578125,230.0,1.0,30,2.0,106.06144714355469
C2,1756,0.7563589803504137,33.099999999999994,22.5,13,8.123077392578125,148.0,1.0,30,2.0,106.83686828613281
C2,1757,0.8395243712136345,21.3,18.8,13,1.692307710647583,66.0,1.0,30,2.0,93.70211791992188
C2,1758,0.7693787952276769,33.6,23.7,13,13.44615364074707,190.0,1.0,30,2.0,83.15460205078125
C2,1759,0.785103755701388,28.0,19.900000000000002,13,3.415384531021118,98.0,1.0,30,2.0,73.49275970458984
C2,1760,0.5876409479893645,28.299999999999997,19.900000000000002,8,4.75,82.0,1.0,30,2.0,68.76232147216797
C2,1761,0.6890000000000001,45.199999999999996,30.3,8,38.0,246.0,1.0,30,2.0,69.65739440917969
C2,1762,0.7719306981133509,33.7,23.900000000000002,8,14.649999618530273,186.0,1.0,30,3.0,71.92777252197266
C2,1763,0.8470020658562079,20.8,18.3,8,2.4000000953674316,78.0,1.0,30,3.0,71.28999328613281
C2,1764,0.7662125910006718,32.800000000000004,22.1,8,10.149999618530273,150.0,1.0,30,3.0,61.17399597167969
C2,1765,0.510703404298262,39.5,27.099999999999998,13,48.04999923706055,411.0,1.0,30,3.0,65.10440063476562
C2,1766,0.7869198485148964,28.400000000000002,20.1,13,4.800000190734863,141.0,1.0,30,3.0,70.26264190673828
C2,1767,0.7765947020783321,33.5,23.3,13,15.692307472229004,243.0,1.0,30,3.0,77.49091339111328
C2,1768,0.7925833333333334,33.9,24.0,13,29.261537551879883,381.0,1.0,30,3.0,80.49455261230469
C2,1769,0.7684873202309965,32.300000000000004,21.3,13,9.476922988891602,186.0,1.0,30,3.0,84.2967300415039
C2,1770,0.7925833333333334,33.9,24.0,13,31.323076248168945,423.0,1.0,30,3.0,94.57804107666016
C2,1771,0.7944166666666667,33.7,23.900000000000002,13,27.907691955566406,363.0,1.0,30,3.0,99.94682312011719
C2,1772,0.7898333333333334,34.2,23.900000000000002,13,32.03076934814453,420.0,1.0,30,3.0,113.5680923461914
C2,1773,0.7861666666666668,34.6,24.2,13,31.169231414794922,396.0,1.0,30,3.0,120.54085540771484
C2,1774,0.7719093021462332,32.099999999999994,21.2,13,9.938461303710938,192.0,1.0,30,3.0,117.12451171875
C2,1775,0.7784166666666666,33.7,23.599999999999998,15,32.64615249633789,441.0,1.0,30,3.0,116.00804138183594
C2,1776,0.7980833333333334,33.300000000000004,23.2,15,28.799999237060547,435.0,1.0,30,3.0,117.07149505615234
C2,1777,0.784257031583086,32.9,22.4,15,16.53333282470703,279.0,1.0,30,3.0,121.57622528076172
C2,1778,0.7744465983279969,33.7,23.3,15,15.573333740234375,232.0,1.0,30,2.0,120.14573669433594
C2,1779,0.7842733338178081,33.2,22.9,15,17.68000030517578,258.0,1.0,30,2.0,117.15410614013672
C2,1780,0.7563106280441368,32.099999999999994,20.9,15,5.6533331871032715,128.0,1.0,30,2.0,111.49246215820312
C2,1781,0.5726633104381271,32.2,21.1,15,5.62666654586792,122.0,1.0,90,2.0,100.76214599609375
C2,1782,0.5242025567829199,34.2,23.900000000000002,9,13.55555534362793,164.0,1.0,30,2.0,88.05728912353516
C2,1783,0.7563114964402446,32.300000000000004,21.6,9,6.133333206176758,102.0,1.0,30,2.0,78.70104217529297
C2,1784,0.770407498244535,29.1,20.7,8,4.266666889190674,86.0,1.0,30,2.0,70.68728637695312
C2,1785,0.37254132432139464,45.6,31.6,5,29.280000686645508,180.0,1.0,90,2.0,66.94570922851562
C2,1786,0.73575,40.099999999999994,27.599999999999998,5,22.31999969482422,198.0,1.0,30,3.0,66.70075988769531
C2,1787,0.5170207054788384,47.5,31.099999999999998,8,48.15999984741211,288.0,1.0,30,3.0,73.62045288085938
C2,1788,0.7626922413140078,32.4,21.4,8,8.100000381469727,147.0,1.0,30,3.0,72.30560302734375
C2,1789,0.4711633187054538,38.6,26.200000000000003,14,50.400001525878906,441.0,1.0,30,3.0,82.31669616699219
C2,1790,0.7944166666666667,33.7,23.599999999999998,14,27.885713577270508,387.0,1.0,30,3.0,92.72335052490234
C2,1791,0.7971666666666668,33.4,23.3,14,21.285715103149414,309.0,1.0,30,3.0,106.16734313964844
C2,1792,0.7907387537094998,28.9,20.6,14,7.0,168.0,1.0,30,3.0,102.10040283203125
C2,1793,0.8240975267427425,23.400000000000002,19.2,14,2.6285715103149414,108.0,1.0,30,3.0,87.26024627685547
C2,1794,0.8243178830137915,23.3,18.9,14,2.4571428298950195,99.0,1.0,30,3.0,69.02281188964844
C2,1795,0.7782874634809049,33.0,22.3,14,14.628571510314941,255.0,1.0,30,3.0,61.947021484375
C2,1796,0.6138477830389268,33.5,23.2,10,14.680000305175781,210.0,1.0,30,3.0,62.23487854003906
C2,1797,0.29019849110519197,38.699999999999996,25.9,18,74.9000015258789,630.0,1.0,30,3.0,86.0075912475586
C2,1798,0.6835833333333333,32.7,22.0,21,24.171428680419922,498.0,1.0,30,3.0,111.07122039794922
C2,1799,0.35439926441490466,32.2,21.4,32,41.900001525878906,996.0,1.0,30,3.0,161.04273986816406
C2,1800,0.8469828501496194,18.0,17.5,32,0.6142857074737549,33.0,1.0,30,3.0,164.4923095703125
C2,1801,0.824242106298008,29.1,20.5,32,18.75,573.0,1.0,30,3.0,169.8953857421875
C2,1802,0.7102233039089019,29.5,20.5,32,48.92499923706055,1557.0,1.0,90,3.0,198.070556640625
C2,1803,0.028894176714211704,23.0,19.3,52,2.9076921939849854,164.0,1.0,30,2.0,224.4423370361328
C2,1804,0.846314764982193,18.0,17.6,52,0.45384615659713745,33.0,1.0,30,3.0,216.26539611816406
C2,1805,0.8470514258656797,17.9,17.6,52,0.6307692527770996,72.0,1.0,30,3.0,145.35923767089844
C2,1806,0.8465391091382248,17.9,17.6,52,0.5076923370361328,51.0,1.0,30,3.0,94.14888000488281
C2,1807,0.8500814642364267,20.2,18.3,52,1.807692289352417,162.0,1.0,30,3.0,69.15599060058594
C2,1808,-1.1018283331366305,23.7,19.099999999999998,4,1.850000023841858,75.0,1.0,30,3.0,54.29359436035156
C2,1809,0.796086515181563,27.400000000000002,19.599999999999998,4,4.800000190734863,78.0,1.0,30,3.0,46.57615661621094
C2,1810,0.6635833333333333,47.1,31.4,5,35.79999923706055,213.0,1.0,30,3.0,44.21236038208008
C2,1811,0.7718023826206707,34.2,24.400000000000002,5,16.31999969482422,162.0,1.0,30,3.0,46.66075134277344
C2,1812,0.8480868152918877,18.3,17.8,5,0.8799999952316284,27.0,1.0,30,3.0,45.86311721801758
C2,1813,0.46333333333333326,48.0,31.9,10,35.279998779296875,327.0,1.0,30,3.0,50.451202392578125
C2,1814,0.8184281422643563,24.2,19.7,10,3.0399999618530273,90.0,1.0,30,3.0,50.00405502319336
C2,1815,0.7763105883561741,28.9,20.0,10,3.2799999713897705,90.0,1.0,30,3.0,52.5357666015625
C2,1816,0.610208769288331,32.800000000000004,22.3,10,9.399999618530273,138.0,1.0,70,2.0,48.721458435058594
C2,1817,0.8240226548740077,23.8,19.400000000000002,10,3.5199999809265137,93.0,1.0,30,3.0,46.56620788574219
C2,1818,0.7855756093074069,29.3,20.7,10,6.599999904632568,138.0,1.0,30,3.0,47.40639114379883
C2,1819,0.5137949072370965,28.1,19.599999999999998,3,5.866666793823242,78.0,1.0,30,3.0,42.17716979980469
C2,1820,0.8494120147012151,18.1,17.7,3,1.2000000476837158,24.0,1.0,30,3.0,35.97296905517578
C2,1821,-0.12354767458218988,84.3,40.9,11,60.86666488647461,372.0,1.0,30,3.0,42.650447845458984
C2,1822,0.8473015213715362,18.3,17.9,11,0.6909090876579285,36.0,1.0,30,3.0,44.79026794433594
C2,1823,0.7371666666666667,38.199999999999996,25.4,13,33.890907287597656,390.0,1.0,30,3.0,62.34082794189453
C2,1824,0.8474991579521615,18.2,17.8,13,0.7384615540504456,48.0,1.0,30,3.0,58.47116470336914
C2,1825,0.6130839809977668,31.0,20.6,13,4.0615386962890625,100.0,1.0,70,2.0,61.21603012084961
C2,1826,0.7846798361477364,28.1,19.7,13,3.538461446762085,96.0,1.0,30,2.0,51.92961883544922
C2,1827,0.8230243712136345,23.099999999999998,18.8,13,1.692307710647583,60.0,1.0,30,2.0,48.22443771362305
C2,1828,0.8469874223501775,18.0,17.7,13,0.6153846383094788,26.0,1.0,30,2.0,41.067996978759766
C2,1829,0.34360563248604864,29.1,20.8,2,5.599999904632568,52.0,1.0,30,2.0,33.840797424316406
C2,1830,0.8535202322523546,18.2,17.8,2,2.200000047683716,28.0,1.0,30,2.0,27.371145248413086
C2,1831,0.6496736718669295,47.6,31.9,2,16.600000381469727,84.0,1.0,30,2.0,27.356019973754883
C2,1832,0.8510615300280377,18.2,17.8,2,1.600000023841858,24.0,1.0,30,2.0,25.48027801513672
C2,1833,0.7889564806969922,28.6,21.0,2,5.800000190734863,52.0,1.0,30,2.0,25.954833984375
C2,1834,0.8510615300280377,18.1,17.7,2,1.600000023841858,24.0,1.0,30,2.0,22.239566802978516
C2,1835,0.7522898140303255,32.599999999999994,22.700000000000003,2,5.800000190734863,58.0,1.0,30,2.0,22.27707290649414
C2,1836,0.8543353991895412,18.2,17.8,2,2.4000000953674316,34.0,1.0,30,2.0,21.099576950073242
C2,1837,0.6795813011361306,44.2,34.4,1,19.600000381469727,72.0,1.0,30,2.0,23.593080520629883
C2,1838,0.8591758329899635,18.3,17.7,1,3.5999999046325684,28.0,1.0,30,2.0,23.089181900024414
C2,1839,0.7652233602527783,33.0,26.700000000000003,1,10.399999618530273,52.0,1.0,30,2.0,23.986841201782227
C2,1840,0.8575724027518892,17.9,17.7,1,3.200000047683716,22.0,1.0,30,2.0,21.19210433959961
C2,1841,0.6890000000000001,45.199999999999996,35.3,1,20.0,74.0,1.0,30,2.0,22.58193016052246
C2,1842,0.8591758329899635,18.2,17.8,1,3.5999999046325684,22.0,1.0,30,2.0,21.41582489013672
C2,1843,0.6841413342794426,44.0,33.9,1,17.200000762939453,68.0,1.0,30,2.0,23.782827377319336
C2,1844,0.8559587577917702,18.4,17.9,1,2.799999952316284,18.0,1.0,30,2.0,21.469696044921875
C2,1845,0.7746697182260822,32.4,25.7,1,11.600000381469727,58.0,1.0,30,2.0,22.4818172454834
C2,1846,0.759188915099943,32.9,26.9,1,8.399999618530273,44.0,1.0,30,2.0,21.489089965820312
C2,1847,0.68133599246701,44.2,35.4,1,16.799999237060547,60.0,1.0,30,2.0,23.69345474243164
C2,1848,0.8575724027518892,18.1,17.8,1,3.200000047683716,22.0,1.0,30,2.0,22.616073608398438
C2,1849,0.7710030515594155,32.800000000000004,26.200000000000003,1,11.600000381469727,54.0,1.0,30,2.0,22.636310577392578
C2,1850,0.8591758329899635,18.2,17.8,1,3.5999999046325684,24.0,1.0,30,2.0,20.24845314025879
C2,1851,0.6908333333333334,45.0,35.3,1,22.0,74.0,1.0,30,2.0,22.282405853271484
C2,1852,0.8607685509003341,18.2,17.7,1,4.0,28.0,1.0,30,2.0,21.76944351196289
C2,1853,0.7665584352413217,33.0,26.4,1,10.800000190734863,48.0,1.0,30,2.0,23.06166648864746
C2,1854,0.8639198485148963,18.3,17.9,1,4.800000190734863,39.0,1.0,30,3.0,20.636999130249023
C2,1855,0.7840026591336767,33.0,27.0,1,16.799999237060547,87.0,1.0,30,3.0,21.182199478149414
C2,1856,0.7762502729214081,32.9,26.5,1,13.600000381469727,66.0,1.0,30,3.0,21.242652893066406
C2,1857,0.7849193258003434,32.9,26.9,1,16.799999237060547,84.0,1.0,30,3.0,23.2789249420166
C2,1858,0.8591758329899635,20.0,18.2,1,3.5999999046325684,30.0,1.0,30,3.0,21.967355728149414
C2,1859,0.7848383038798785,32.800000000000004,27.0,1,16.399999618530273,78.0,1.0,30,3.0,21.713747024536133
C2,1860,0.8607685509003341,18.3,18.0,1,4.0,30.0,1.0,30,3.0,19.16158103942871
C2,1861,0.17165396315413664,97.60000000000001,49.8,3,54.0,171.0,1.0,30,3.0,23.896947860717773
C2,1862,0.8414120147012151,18.700000000000003,17.9,4,1.2000000476837158,30.0,1.0,30,3.0,24.604835510253906
C2,1863,0.7548213505732901,33.099999999999994,23.0,4,7.699999809265137,102.0,1.0,30,3.0,28.229568481445312
C2,1864,0.8506499024975485,18.1,17.8,4,1.5,42.0,1.0,30,3.0,24.67107391357422
C2,1865,0.7870531131909728,28.299999999999997,19.8,4,4.599999904632568,75.0,1.0,30,3.0,24.535978317260742
C2,1866,0.7802235623329521,28.7,20.299999999999997,4,3.799999952316284,72.0,1.0,30,3.0,23.121585845947266
C2,1867,0.668670630306738,32.7,24.5,1,17.600000381469727,87.0,1.0,30,3.0,24.272951126098633
C2,1868,0.8654774278277694,17.9,17.7,1,5.199999809265137,36.0,1.0,30,3.0,23.230438232421875
C2,1869,0.5810669214492217,32.9,26.700000000000003,1,16.799999237060547,87.0,1.0,90,3.0,23.271596908569336
C2,1870,0.8639198485148963,18.3,17.8,1,4.800000190734863,39.0,1.0,30,3.0,21.1629581451416
C2,1871,0.25267362869005267,82.9,45.1,2,44.0,129.0,1.0,30,3.0,24.031108856201172
C2,1872,0.6816110464429402,18.4,17.8,2,2.4000000953674316,27.0,1.0,90,3.0,23.085330963134766
C2,1873,0.7646716372132119,35.0,26.1,2,16.399999618530273,93.0,1.0,30,3.0,24.917865753173828
C2,1874,0.8518832352792386,18.4,17.9,2,1.7999999523162842,28.0,1.0,30,2.0,22.150718688964844
C2,1875,0.7577387537094997,32.5,22.1,2,7.0,58.0,1.0,30,2.0,23.1570987701416
C2,1876,0.6880799439331108,43.3,30.200000000000003,2,16.200000762939453,84.0,1.0,30,2.0,25.22759246826172
C2,1877,0.28364999999999996,81.4,39.0,2,22.399999618530273,100.0,1.0,30,2.0,31.269887924194336
C2,1878,0.7553820007294376,34.0,25.7,2,10.199999809265137,68.0,1.0,30,2.0,35.56193161010742
C2,1879,0.26575,85.0,42.9,3,39.0,138.0,1.0,30,2.0,41.737159729003906
C2,1880,0.6577315535052808,33.5,24.2,3,5.066666603088379,39.0,1.0,50,1.0,43.97562789916992
C2,1881,0.6523333333333334,49.2,32.9,3,25.733333587646484,130.0,1.0,30,2.0,49.45204544067383
C2,1882,0.7071950181708162,39.9,27.599999999999998,3,12.0,84.0,1.0,30,2.0,49.13789367675781
C2,1883,0.7040222099875699,40.2,27.5,3,11.866666793823242,82.0,1.0,30,2.0,49.216068267822266
C2,1884,0.7436758329899634,32.599999999999994,22.3,3,3.5999999046325684,48.0,1.0,30,2.0,43.79630661010742
C2,1885,0.7174473579970698,39.4,27.0,3,13.866666793823242,94.0,1.0,30,2.0,41.211116790771484
C2,1886,-0.08428013970713943,85.0,43.3,8,80.0,264.0,1.0,30,2.0,51.793338775634766
C2,1887,-0.5796660357129071,39.300000000000004,25.8,37,81.30000305175781,1040.0,1.0,30,2.0,124.2760009765625
C2,1888,0.808568028226382,28.8,20.6,37,11.881080627441406,432.0,1.0,30,2.0,190.29893493652344
C2,1889,0.8377115393055705,21.5,19.0,37,1.6972973346710205,100.0,1.0,30,2.0,218.97935485839844
C2,1890,0.7638485179774477,17.9,17.6,37,0.5081080794334412,22.0,1.0,50,1.0,169.78761291503906
C2,1891,0.8210934027736415,23.400000000000002,19.2,37,1.8918918371200562,110.0,1.0,30,2.0,118.80590057373047
C2,1892,0.8470808292700106,18.8,18.4,37,0.637837827205658,46.0,1.0,30,2.0,84.61687469482422
C2,1893,-0.03191463998777622,20.8,18.599999999999998,15,2.6666667461395264,90.0,1.0,30,2.0,67.17012786865234
C2,1894,0.3054890694185558,23.5,19.099999999999998,2,3.200000047683716,40.0,1.0,30,2.0,52.03540802001953
C2,1895,0.5237017484875623,38.800000000000004,26.599999999999998,2,14.800000190734863,90.0,1.0,90,3.0,43.88791275024414
C2,1896,0.7516681509260542,32.5,22.1,2,5.400000095367432,48.0,1.0,30,2.0,36.19941329956055
C2,1897,0.6920000000000001,44.0,30.900000000000002,1,22.399999618530273,111.0,1.0,30,3.0,33.85298156738281
C2,1898,0.8700719235523432,18.0,17.6,1,6.400000095367432,54.0,1.0,30,3.0,30.845121383666992
C2,1899,0.6908333333333334,45.0,34.9,1,30.799999237060547,108.0,1.0,30,3.0,30.64040756225586
C2,1900,0.8670222991527153,17.9,17.6,1,5.599999904632568,45.0,1.0,30,3.0,27.584243774414062
C2,1901,0.28816550408809455,72.4,41.6,2,41.20000076293945,120.0,1.0,30,3.0,28.683879852294922
C2,1902,0.7080566910051945,18.0,17.7,2,1.399999976158142,20.0,1.0,70,2.0,25.876995086669922
C2,1903,-0.4393726718991193,109.8,50.5,12,128.6999969482422,450.0,1.0,30,3.0,42.19286346435547
C2,1904,-0.5167099267845573,33.300000000000004,23.0,42,69.19999694824219,1305.0,1.0,30,3.0,104.6490478515625
C2,1905,0.793496183204875,28.2,20.2,42,6.028571605682373,282.0,1.0,30,3.0,153.32276916503906
C2,1906,0.8487026854614304,18.599999999999998,18.3,42,1.0285714864730835,90.0,1.0,30,3.0,166.52699279785156
C2,1907,0.8442130373311104,20.299999999999997,18.5,42,0.6095238327980042,54.0,1.0,30,2.0,120.04953002929688
C2,1908,0.8175504423177835,23.2,18.599999999999998,42,0.5904762148857117,48.0,1.0,30,2.0,82.82971954345703
C2,1909,0.8474999363773028,20.2,18.4,42,1.1809524297714233,90.0,1.0,30,2.0,62.49782943725586
C2,1910,-0.47307659152855125,18.1,17.8,9,0.6000000238418579,28.0,1.0,30,2.0,48.565364837646484
C2,1911,0.4046337350100024,44.1,28.1,2,17.799999237060547,82.0,1.0,30,2.0,42.47255325317383
C2,1912,0.8583754262827478,18.2,17.8,2,3.4000000953674316,51.0,1.0,30,3.0,35.08353042602539
C2,1913,-0.554391777183392,151.4,68.6,12,130.3333282470703,711.0,1.0,30,3.0,60.383453369140625
C2,1914,0.6690717693564177,22.9,18.9,16,2.7249999046325684,114.0,1.0,30,3.0,75.16340637207031
C2,1915,0.8378314619714523,21.6,18.8,16,1.9500000476837158,90.0,1.0,30,3.0,85.76470947265625
C2,1916,0.8469234084714489,18.0,17.7,16,0.6000000238418579,48.0,1.0,30,3.0,62.6588249206543
C2,1917,0.7834451370819253,27.599999999999998,19.5,16,2.0999999046325684,96.0,1.0,30,3.0,47.995296478271484
C2,1918,0.8467152920707133,18.3,17.8,16,0.550000011920929,30.0,1.0,30,3.0,36.53050994873047
C2,1919,0.24327262744689856,28.400000000000002,20.299999999999997,2,9.199999809265137,81.0,1.0,30,3.0,31.11830711364746
C2,1920,0.7593866033982826,32.800000000000004,22.8,2,8.199999809265137,78.0,1.0,30,3.0,27.07098388671875
C2,1921,-0.565507501838874,141.1,60.699999999999996,13,128.85000610351562,981.0,1.0,30,3.0,66.90925598144531
C2,1922,0.12175000000000002,32.9,22.2,30,37.18620681762695,999.0,1.0,30,3.0,131.6122283935547
C2,1923,0.8473115993821514,19.900000000000002,18.2,30,0.6933333277702332,39.0,1.0,30,1.0,172.16732788085938
C2,1924,0.7629264953711545,20.1,18.0,30,0.5066666603088379,34.0,1.0,50,2.0,155.1670684814453
C2,1925,0.8208945157308198,22.9,18.8,30,0.7333333492279053,31.0,1.0,30,1.0,104.70024108886719
C2,1926,0.7627735161189795,31.0,20.9,30,4.71999979019165,129.0,1.0,30,1.0,86.4201431274414
C2,1927,0.8470898228402338,19.2,18.0,30,0.6399999856948853,30.0,1.0,30,1.0,77.18541717529297
C2,1928,-0.19307659152855122,18.8,17.7,4,0.6000000238418579,13.0,1.0,30,1.0,69.24458312988281
C2,1929,0.7707099646473405,28.9,19.900000000000002,4,1.899999976158142,29.0,1.0,30,1.0,51.146751403808594
C2,1930,0.7679480189220103,17.9,17.6,4,1.600000023841858,51.0,1.0,50,3.0,38.554718017578125
C2,1931,0.7275099602189836,38.5,26.200000000000003,4,14.5,112.0,1.0,30,2.0,36.73283004760742
C2,1932,0.716018591455126,36.4,24.5,2,9.800000190734863,64.0,1.0,30,2.0,36.03969955444336
C2,1933,0.677289990907231,45.0,31.2,2,18.200000762939453,90.0,1.0,30,2.0,39.35715103149414
C2,1934,0.7485531131909727,32.5,22.9,2,4.599999904632568,44.0,1.0,30,2.0,36.814292907714844
C2,1935,0.7102828278349288,39.699999999999996,27.599999999999998,2,12.399999618530273,76.0,1.0,30,2.0,36.08857345581055
C2,1936,0.7052026139082196,39.4,27.0,2,10.0,68.0,1.0,30,2.0,34.18647766113281
C2,1937,0.7225584352413217,37.8,26.5,2,10.800000190734863,68.0,1.0,30,2.0,34.64522171020508
C2,1938,0.8535202322523546,18.0,17.7,2,2.200000047683716,34.0,1.0,30,2.0,32.12046432495117
C2,1939,0.6697539636400713,44.8,33.9,1,17.600000381469727,64.0,1.0,30,2.0,30.338945388793945
C2,1940,0.8607685509003341,18.1,17.7,1,4.0,28.0,1.0,30,2.0,26.60336685180664
C2,1941,0.26495,88.2,49.3,1,27.600000381469727,82.0,1.0,30,2.0,27.562021255493164
C2,1942,0.8623500559002011,18.1,17.7,1,4.400000095367432,34.0,1.0,30,2.0,26.1372127532959
C2,1943,0.66975,47.300000000000004,35.5,1,28.399999618530273,99.0,1.0,30,3.0,27.81566047668457
C2,1944,0.8559587577917702,18.1,17.9,1,2.799999952316284,20.0,1.0,30,2.0,24.689395904541016
C2,1945,0.6785988374214279,45.0,35.3,1,18.799999237060547,64.0,1.0,30,2.0,24.81363868713379
C2,1946,0.7531635249995925,33.4,25.6,1,8.0,44.0,1.0,30,2.0,23.42151641845703
C2,1947,0.6776693258003433,44.6,34.9,1,16.799999237060547,60.0,1.0,30,2.0,25.25290870666504
C2,1948,0.8591758329899635,18.0,17.6,1,3.5999999046325684,30.0,1.0,30,2.0,24.085079193115234
C2,1949,0.6795580009461092,44.5,35.2,1,17.200000762939453,64.0,1.0,30,2.0,24.717714309692383
C2,1950,0.8575724027518892,18.2,17.8,1,3.200000047683716,30.0,1.0,30,2.0,23.0972957611084
C2,1951,0.27649999999999997,84.0,49.099999999999994,1,28.0,82.0,1.0,30,2.0,25.591711044311523
C2,1952,0.8639198485148963,18.0,17.6,1,4.800000190734863,36.0,1.0,30,2.0,25.22169303894043
C2,1953,0.6816666666666668,46.0,35.1,1,26.399999618530273,93.0,1.0,30,3.0,27.13301658630371
C2,1954,0.8639198485148963,18.1,17.8,1,4.800000190734863,42.0,1.0,30,3.0,24.6798095703125
C2,1955,0.6825833333333333,45.900000000000006,36.1,1,25.200000762939453,90.0,1.0,30,3.0,24.807886123657227
C2,1956,0.7838152953567193,32.800000000000004,26.8,1,16.0,75.0,1.0,30,3.0,24.084732055664062
C2,1957,0.783921637213212,32.9,27.2,1,16.399999618530273,84.0,1.0,30,3.0,25.517505645751953
C2,1958,0.8639198485148963,18.0,17.7,1,4.800000190734863,42.0,1.0,30,3.0,24.243837356567383
C2,1959,0.7624733602527783,33.300000000000004,26.8,1,10.399999618530273,52.0,1.0,30,2.0,23.61296844482422
C2,1960,0.8654774278277694,18.0,17.7,1,5.199999809265137,42.0,1.0,30,3.0,21.367780685424805
C2,1961,0.6963333333333332,44.4,35.1,1,32.400001525878906,117.0,1.0,30,3.0,23.354001998901367
C2,1962,0.8607685509003341,19.900000000000002,18.0,1,4.0,33.0,1.0,30,3.0,22.545734405517578
C2,1963,0.6908333333333334,45.0,35.1,1,31.600000381469727,111.0,1.0,30,3.0,25.12744140625
C2,1964,0.8607685509003341,18.1,17.8,1,4.0,30.0,1.0,30,3.0,22.809797286987305
C2,1965,0.6926666666666667,44.8,35.1,1,28.399999618530273,96.0,1.0,30,3.0,24.21921157836914
C2,1966,0.7741442209146296,33.0,26.9,1,13.199999809265137,69.0,1.0,30,3.0,23.19819450378418
C2,1967,0.6908333333333334,45.0,34.8,1,24.399999618530273,90.0,1.0,30,3.0,25.252248764038086
C2,1968,0.8639198485148963,18.3,17.7,1,4.800000190734863,39.0,1.0,30,3.0,23.95134925842285
C2,1969,0.7689494945015956,33.300000000000004,26.599999999999998,1,12.399999618530273,58.0,1.0,30,2.0,23.970809936523438
C2,1970,0.8670222991527153,18.0,17.7,1,5.599999904632568,45.0,1.0,30,3.0,21.982486724853516
C2,1971,0.6715833333333333,47.1,35.7,1,29.600000381469727,105.0,1.0,30,3.0,23.722824096679688
C2,1972,0.8639198485148963,18.2,17.8,1,4.800000190734863,42.0,1.0,30,3.0,22.76702880859375
C2,1973,0.6899166666666666,45.1,35.2,1,24.799999237060547,90.0,1.0,30,3.0,24.19355010986328
C2,1974,0.8670222991527153,18.1,17.7,1,5.599999904632568,48.0,1.0,30,3.0,22.516130447387695
C2,1975,0.765641768574655,33.099999999999994,27.099999999999998,1,10.800000190734863,54.0,1.0,30,2.0,23.243011474609375
C2,1976,0.773227554247963,33.099999999999994,26.8,1,13.199999809265137,63.0,1.0,30,3.0,22.47913932800293
C2,1977,0.7769314487072925,33.2,26.9,1,14.800000190734863,78.0,1.0,30,3.0,23.354150772094727
C2,1978,0.8639198485148963,18.3,17.9,1,4.800000190734863,39.0,1.0,30,3.0,22.01249122619629
C2,1979,0.7748942973933648,33.300000000000004,27.5,1,14.399999618530273,75.0,1.0,30,3.0,21.740827560424805
C2,1980,0.8474890694185558,21.1,18.2,1,3.200000047683716,24.0,1.0,30,3.0,19.17782974243164
C2,1981,0.24025026730342006,85.0,46.800000000000004,2,46.400001525878906,129.0,1.0,30,3.0,21.640031814575195
C2,1982,0.8518832352792386,18.599999999999998,17.9,2,1.7999999523162842,27.0,1.0,30,3.0,20.984018325805664
C2,1983,0.7229919304560463,38.9,26.200000000000003,2,14.199999809265137,90.0,1.0,30,3.0,23.523744583129883
C2,1984,0.6021559980297053,32.7,22.4,2,6.0,60.0,1.0,70,3.0,21.980913162231445
C2,1985,0.7619389150999429,32.599999999999994,22.8,2,8.399999618530273,81.0,1.0,30,3.0,23.455215454101562
C2,1986,0.7604968583329258,32.599999999999994,22.3,2,8.0,75.0,1.0,30,3.0,23.673128128051758
C2,1987,0.7680147820406258,33.300000000000004,26.1,1,14.800000190734863,81.0,1.0,30,3.0,24.737211227416992
C2,1988,0.8639198485148963,18.2,17.7,1,4.800000190734863,39.0,1.0,30,3.0,23.50899314880371
C2,1989,0.7730609640600314,33.5,27.0,1,14.399999618530273,72.0,1.0,30,3.0,22.638729095458984
C2,1990,0.8623500559002011,18.0,17.7,1,4.400000095367432,36.0,1.0,30,3.0,20.1165714263916
C2,1991,0.43491984210088586,47.7,36.7,1,9.600000381469727,33.0,1.0,90,1.0,21.269943237304688
C2,1992,0.334225,60.1,39.5,2,36.400001525878906,144.0,1.0,30,3.0,25.16196632385254
C2,1993,0.29006710302023553,64.4,38.4,4,46.0,195.0,1.0,30,3.0,34.563846588134766
C2,1994,0.8473393125660467,18.5,17.9,4,0.699999988079071,15.0,1.0,30,1.0,37.80497360229492
C2,1995,0.7748832352792387,28.400000000000002,20.0,4,1.7999999523162842,24.0,1.0,30,1.0,36.549652099609375
C2,1996,0.7759877688575918,28.1,19.3,4,1.399999976158142,24.0,1.0,30,1.0,30.329790115356445
C2,1997,0.7772226437023217,28.1,19.5,4,1.7000000476837158,27.0,1.0,30,1.0,28.197874069213867
C2,1998,0.8473393125660467,18.1,17.7,4,0.699999988079071,10.0,1.0,30,1.0,25.05205726623535
C2,1999,0.6479966586274284,32.4,23.7,1,9.600000381469727,81.0,1.0,30,3.0,23.56456756591797
C2,2000,0.8591758329899635,18.0,17.6,1,3.5999999046325684,27.0,1.0,30,3.0,20.27207374572754
C2,2001,0.27897500000000003,83.1,48.5,1,34.79999923706055,98.0,1.0,30,2.0,23.496578216552734
C2,2002,0.7047354553892466,39.5,27.5,2,12.600000381469727,78.0,1.0,30,2.0,27.031280517578125
C2,2003,0.6926666666666667,44.8,30.8,2,26.0,126.0,1.0,30,3.0,33.552101135253906
C2,2004,0.7251486286900527,39.199999999999996,27.2,2,16.0,114.0,1.0,30,3.0,35.997928619384766
C2,2005,0.6248163873280115,49.9,35.5,3,41.599998474121094,174.0,1.0,30,3.0,39.998756408691406
C2,2006,0.7293908055767468,39.300000000000004,26.5,3,18.133333206176758,132.0,1.0,30,3.0,42.66592025756836
C2,2007,0.7497312485913277,32.4,20.8,3,4.666666507720947,63.0,1.0,30,3.0,41.99955368041992
C2,2008,0.333727058434942,53.3,35.9,4,44.13333511352539,210.0,1.0,30,3.0,43.199729919433594
C2,2009,0.14973388370117338,48.4,31.8,14,68.05714416503906,438.0,1.0,30,3.0,57.519840240478516
C2,2010,0.7825788288948432,33.5,23.3,14,18.14285659790039,273.0,1.0,30,3.0,75.44523620605469
C2,2011,0.766684471337077,32.5,21.3,14,9.485713958740234,201.0,1.0,30,3.0,85.80047607421875
C2,2012,0.7668057214330606,32.4,21.2,14,9.257143020629883,195.0,1.0,30,3.0,81.21361541748047
C2,2013,0.7944054203761665,28.5,20.2,14,7.0,177.0,1.0,30,3.0,74.19483947753906
C2,2014,0.8466855523717187,17.9,17.7,14,0.5428571701049805,30.0,1.0,30,3.0,62.383567810058594
C2,2015,0.5783039679788136,28.1,19.900000000000002,9,1.9636363983154297,60.0,1.0,30,2.0,50.63014221191406
C2,2016,0.6849166666666666,43.9,29.5,7,30.628570556640625,228.0,1.0,30,2.0,50.91141891479492
C2,2017,0.7276156163390333,38.800000000000004,25.8,7,15.54285717010498,152.0,1.0,30,2.0,59.880184173583984
C2,2018,0.7548102441026675,33.4,22.9,7,8.45714282989502,110.0,1.0,30,2.0,68.59477996826172
C2,2019,0.8260993105506752,22.8,18.599999999999998,7,1.7714285850524902,50.0,1.0,30,2.0,61.95686721801758
C2,2020,0.72475,41.300000000000004,28.7,7,22.114286422729492,184.0,1.0,30,2.0,60.107452392578125
C2,2021,0.6074999999999999,41.0,28.1,10,32.720001220703125,310.0,1.0,30,2.0,72.33113861083984
C2,2022,0.8173286813678818,23.5,18.9,10,1.2000000476837158,46.0,1.0,30,2.0,79.398681640625
C2,2023,0.7434274788197247,33.7,22.9,10,6.119999885559082,74.0,1.0,30,1.0,81.23921203613281
C2,2024,0.74675,38.9,26.200000000000003,10,24.15999984741211,252.0,1.0,30,2.0,78.47686004638672
C2,2025,0.7611231591858653,32.5,21.4,10,7.920000076293945,150.0,1.0,30,3.0,80.41944885253906
C2,2026,0.7455080234665894,32.599999999999994,21.7,8,8.279999732971191,153.0,1.0,30,3.0,78.5183334350586
C2,2027,0.7740426801858447,33.5,23.3,8,14.75,189.0,1.0,30,3.0,68.97766876220703
C2,2028,0.6221666666666668,39.4,26.700000000000003,11,32.29090881347656,357.0,1.0,30,3.0,72.4532699584961
C2,2029,0.765205599424414,32.800000000000004,22.0,11,9.854545593261719,183.0,1.0,30,3.0,75.87196350097656
C2,2030,0.8466963670404812,18.599999999999998,17.8,11,0.5454545617103577,18.0,1.0,30,3.0,70.32317352294922
C2,2031,0.8479057370613964,18.1,17.7,11,0.8363636136054993,51.0,1.0,30,3.0,53.39390563964844
C2,2032,0.846544934443576,18.1,17.7,11,0.5090909004211426,18.0,1.0,30,3.0,35.903011322021484
C2,2033,0.7878308214645041,28.7,20.1,11,5.74545431137085,141.0,1.0,30,3.0,30.875139236450195
C2,2034,0.511655763987593,43.0,28.0,15,50.15999984741211,534.0,1.0,30,3.0,49.3250846862793
C2,2035,0.5199166666666667,33.099999999999994,22.599999999999998,22,36.0,627.0,1.0,30,3.0,87.46171569824219
C2,2036,0.80725,32.300000000000004,21.4,22,30.090909957885742,648.0,1.0,30,3.0,132.8770294189453
C2,2037,0.782264568779947,31.0,20.8,22,10.018181800842285,267.0,1.0,30,3.0,148.25955200195312
C2,2038,0.7754444443543981,32.2,21.2,22,11.272727012634277,270.0,1.0,30,3.0,141.6223907470703
C2,2039,0.7882284637480377,32.4,21.4,22,16.290908813476562,350.0,1.0,30,2.0,132.17343139648438
C2,2040,0.7803244458031655,32.599999999999994,21.7,22,14.054545402526855,310.0,1.0,30,2.0,135.30406188964844
C2,2041,0.6689551994499409,32.9,21.9,20,10.327272415161133,208.0,1.0,50,2.0,139.04910278320312
C2,2042,0.4276890619635859,27.799999999999997,19.900000000000002,13,4.492307662963867,110.0,1.0,50,2.0,125.29612731933594
C2,2043,0.8248197617034876,23.599999999999998,19.2,13,3.261538505554199,96.0,1.0,30,2.0,102.77767944335938
C2,2044,0.751503556526574,32.099999999999994,21.2,12,6.492307662963867,134.0,1.0,30,2.0,84.3332748413086
C2,2045,0.5803902789105733,28.8,20.2,7,4.072727203369141,96.0,1.0,30,2.0,72.33329772949219
C2,2046,0.6755,45.8,31.099999999999998,8,34.79999923706055,244.0,1.0,30,2.0,74.9999771118164
C2,2047,0.7009166666666666,43.9,28.400000000000002,8,30.299999237060547,248.0,1.0,30,2.0,84.19998931884766
C2,2048,0.5830833333333333,39.300000000000004,26.5,12,33.33333206176758,368.0,1.0,30,2.0,107.85332489013672
C2,2049,0.7412387537094998,34.3,24.5,12,27.0,324.0,1.0,50,2.0,127.378662109375
C2,2050,0.7203982630908983,34.7,24.6,12,22.600000381469727,270.0,1.0,50,2.0,140.56053161621094
C2,2051,0.684522081294061,33.8,23.5,12,12.166666984558105,176.0,1.0,50,2.0,135.66964721679688
C2,2052,0.7664365153396193,18.0,17.7,12,1.2000000476837158,50.0,1.0,50,2.0,114.46846008300781
C2,2053,0.6045628712383057,18.0,17.7,8,0.699999988079071,38.0,1.0,50,2.0,86.28107452392578
C2,2054,0.6505187377143152,32.7,21.7,6,5.4285712242126465,84.0,1.0,50,2.0,63.23530960083008
C2,2055,0.7009166666666666,43.9,29.4,6,31.399999618530273,240.0,1.0,30,3.0,56.741188049316406
C2,2056,0.6619133685693078,38.4,26.3,6,16.733333587646484,150.0,1.0,50,2.0,60.311378479003906
C2,2057,0.84886043483079,18.1,17.8,6,1.0666667222976685,30.0,1.0,30,2.0,58.853492736816406
C2,2058,0.84886043483079,18.1,17.7,6,1.0666667222976685,34.0,1.0,30,2.0,49.57876205444336
C2,2059,0.8219805958217347,23.5,18.9,6,2.3333332538604736,63.0,1.0,30,3.0,36.81392288208008
C2,2060,0.7746823913250851,28.299999999999997,20.2,4,5.5333333015441895,108.0,1.0,30,3.0,31.955020904541016
C2,2061,0.6546666666666667,47.199999999999996,31.6,6,36.5,231.0,1.0,30,3.0,37.03968048095703
C2,2062,0.8485843284339895,18.2,17.7,6,1.0,39.0,1.0,30,3.0,39.023807525634766
C2,2063,0.6871666666666667,45.400000000000006,31.5,6,48.13333511352539,306.0,1.0,50,3.0,49.014286041259766
C2,2064,0.6775833333333333,44.699999999999996,30.099999999999998,8,55.93333435058594,381.0,1.0,50,3.0,61.675235748291016
C2,2065,0.7270833333333333,39.300000000000004,26.700000000000003,10,51.36000061035156,507.0,1.0,50,3.0,90.07180786132812
C2,2066,0.7522500000000001,38.3,25.9,10,41.91999816894531,420.0,1.0,50,3.0,112.17642211914062
C2,2067,0.536266536667808,38.5,26.200000000000003,10,20.31999969482422,206.0,1.0,90,2.0,122.23918151855469
C2,2068,0.7494999999999999,38.6,26.1,10,29.399999618530273,302.0,1.0,30,2.0,125.87684631347656
C2,2069,0.7576659546944209,36.0,25.3,10,17.280000686645508,190.0,1.0,30,2.0,122.05944061279297
C2,2070,0.7553787836617237,33.300000000000004,22.599999999999998,10,8.359999656677246,134.0,1.0,30,2.0,114.968994140625
C2,2071,0.7522500000000001,38.3,25.9,10,22.31999969482422,230.0,1.0,30,2.0,105.91473388671875
C2,2072,0.7548830811117829,32.5,21.4,10,6.239999771118164,116.0,1.0,30,2.0,95.54883575439453
C2,2073,0.7360000000000001,39.199999999999996,26.5,11,33.52000045776367,348.0,1.0,30,2.0,103.5959701538086
C2,2074,0.7691341946323037,32.599999999999994,22.3,11,10.472726821899414,150.0,1.0,30,2.0,103.09091186523438
C2,2075,0.7846350826085109,28.1,20.2,11,3.5272727012634277,86.0,1.0,30,2.0,100.78787994384766
C2,2076,0.8239883735693065,23.099999999999998,18.9,11,1.9272726774215698,84.0,1.0,30,3.0,79.93939971923828
C2,2077,0.7874709086176137,28.8,20.299999999999997,11,5.890909194946289,144.0,1.0,30,3.0,63.83030319213867
C2,2078,0.7831700551232226,33.7,23.900000000000002,11,19.272727966308594,264.0,1.0,30,3.0,60.16484832763672
C2,2079,0.41937504434721373,43.9,29.2,7,29.200000762939453,218.0,1.0,70,2.0,68.76557922363281
C2,2080,0.49316934408713,39.0,26.599999999999998,13,41.400001525878906,429.0,1.0,30,3.0,86.59268188476562
C2,2081,0.7793333333333333,33.6,23.5,15,29.84000015258789,426.0,1.0,30,3.0,104.48893737792969
C2,2082,0.7714377966035231,32.4,21.6,15,10.613333702087402,210.0,1.0,30,3.0,110.02669525146484
C2,2083,0.765451241613994,32.300000000000004,20.9,15,8.613333702087402,195.0,1.0,30,3.0,102.94934844970703
C2,2084,0.773941806770335,32.300000000000004,21.5,15,11.09333324432373,228.0,1.0,30,3.0,89.90294647216797
C2,2085,0.7696175849390494,32.0,20.6,15,9.013333320617676,201.0,1.0,30,3.0,81.67510223388672
C2,2086,0.8256390495305752,23.0,18.700000000000003,15,2.1066665649414062,93.0,1.0,30,3.0,72.20506286621094
C2,2087,0.46231171973048674,23.7,18.700000000000003,6,2.866666555404663,69.0,1.0,30,3.0,59.45636749267578
C2,2088,0.7476666666666667,38.800000000000004,25.7,6,20.066667556762695,207.0,1.0,30,3.0,52.073822021484375
C2,2089,0.4947850785440262,44.699999999999996,29.9,10,50.53333282470703,333.0,1.0,30,3.0,58.31095886230469
C2,2090,0.7513333333333333,38.4,25.7,10,48.560001373291016,495.0,1.0,50,3.0,80.986572265625
C2,2091,0.5580833333333334,33.300000000000004,23.2,16,26.149999618530273,396.0,1.0,30,3.0,102.991943359375
C2,2092,0.799,33.2,23.0,16,20.75,339.0,1.0,30,3.0,116.46183013916016
C2,2093,0.7627948110577109,32.099999999999994,20.9,16,7.375,180.0,1.0,30,3.0,110.54376983642578
C2,2094,0.8207238286201848,23.7,19.2,16,2.4749999046325684,88.0,1.0,30,2.0,95.25959014892578
C2,2095,0.7639262314843767,32.5,21.6,16,8.699999809265137,164.0,1.0,30,2.0,81.95575714111328
C2,2096,0.6441554649722183,32.7,22.2,13,9.285714149475098,162.0,1.0,30,2.0,76.77345275878906
C2,2097,0.7620271760435243,33.8,23.7,12,14.300000190734863,182.0,1.0,30,2.0,79.93074035644531
C2,2098,0.5165023578091106,33.4,22.8,6,8.933333396911621,116.0,1.0,30,2.0,78.62510681152344
C2,2099,0.7253084094862569,38.5,26.0,6,13.733333587646484,134.0,1.0,30,2.0,75.97506713867188
C2,2100,0.7215644635739921,39.9,27.099999999999998,6,17.133333206176758,142.0,1.0,30,2.0,71.71837615966797
C2,2101,0.6704811348344042,44.6,30.5,7,62.86666488647461,402.0,1.0,50,3.0,79.29769134521484
C2,2102,0.7000738059621411,39.699999999999996,27.099999999999998,8,31.700000762939453,279.0,1.0,50,3.0,87.31195068359375
C2,2103,0.7384999999999999,39.800000000000004,27.5,8,45.5,393.0,1.0,50,3.0,100.12049865722656
C2,2104,0.6921895486882611,32.7,22.2,8,11.600000381469727,174.0,1.0,50,3.0,97.67230224609375
C2,2105,0.7090897698535952,34.9,24.7,8,20.299999237060547,231.0,1.0,50,3.0,94.0700454711914
C2,2106,0.7241523021512531,39.699999999999996,28.0,8,37.45000076293945,309.0,1.0,50,3.0,88.17536163330078
C2,2107,0.7284166666666667,40.9,27.900000000000002,8,46.5,381.0,1.0,50,3.0,93.83854675292969
C2,2108,0.7110000000000001,42.8,27.900000000000002,8,41.650001525878906,342.0,1.0,50,3.0,102.1697998046875
C2,2109,0.6944158451641645,33.6,24.400000000000002,8,14.050000190734863,146.0,1.0,50,2.0,103.16854858398438
C2,2110,0.61025,40.7,27.900000000000002,11,37.155555725097656,333.0,1.0,30,3.0,101.63446044921875
C2,2111,0.7843333333333333,34.8,24.9,11,31.709091186523438,354.0,1.0,30,3.0,101.24734497070312
C2,2112,0.7228224056283274,34.7,24.6,11,23.200000762939453,279.0,1.0,50,3.0,103.6817398071289
C2,2113,0.7457873867760496,37.1,25.1,11,36.54545593261719,408.0,1.0,50,3.0,108.4757080078125
C2,2114,0.7156464522158542,35.8,24.8,11,23.92727279663086,291.0,1.0,50,3.0,108.55209350585938
C2,2115,0.7724166666666666,36.1,25.3,11,32.83636474609375,360.0,1.0,30,3.0,112.19792175292969
C2,2116,0.7605,37.400000000000006,25.2,11,29.781818389892578,315.0,1.0,30,3.0,110.25209045410156
C2,2117,0.7742855550792136,33.4,22.9,11,14.5090913772583,219.0,1.0,30,3.0,105.88458251953125
C2,2118,0.7723062148814965,33.4,23.099999999999998,11,13.818181991577148,210.0,1.0,30,3.0,96.59741973876953
C2,2119,0.78118129020466,30.599999999999998,20.7,11,8.654545783996582,168.0,1.0,30,3.0,84.49178314208984
C2,2120,0.7650833333333333,36.900000000000006,25.2,11,31.89090919494629,351.0,1.0,30,3.0,83.0950698852539
C2,2121,0.7750981153739591,33.4,22.8,11,14.800000190734863,219.0,1.0,30,3.0,82.65704345703125
C2,2122,0.7476666666666667,38.800000000000004,25.8,11,28.07272720336914,321.0,1.0,30,3.0,89.19422912597656
C2,2123,0.76375,35.3,24.7,13,33.35384750366211,411.0,1.0,30,3.0,95.783203125
C2,2124,0.7822246676127759,33.300000000000004,23.099999999999998,13,17.200000762939453,261.0,1.0,30,3.0,101.60325622558594
C2,2125,0.7679095768511669,33.8,23.900000000000002,13,13.569231033325195,194.0,1.0,30,2.0,103.76195526123047
C2,2126,0.7631971122340616,33.4,22.8,13,10.89230728149414,170.0,1.0,30,2.0,98.12384033203125
C2,2127,0.7789358966821709,34.3,24.2,13,19.907691955566406,254.0,1.0,30,2.0,100.07430267333984
C2,2128,0.7605425074706627,32.300000000000004,21.1,13,7.261538505554199,138.0,1.0,30,2.0,97.51124572753906
C2,2129,0.6062140939059787,33.4,23.2,9,11.822221755981445,152.0,1.0,30,2.0,94.7734146118164
C2,2130,0.7417272440860678,37.0,24.7,9,14.666666984558105,164.0,1.0,30,2.0,87.1307144165039
C2,2131,0.7565155040880946,36.5,25.5,9,18.799999237060547,188.0,1.0,30,2.0,85.87843322753906
C2,2132,0.7270833333333333,39.300000000000004,26.5,11,34.266666412353516,336.0,1.0,30,2.0,97.39372253417969
C2,2133,0.7883017492751776,27.7,19.5,11,3.5272727012634277,111.0,1.0,30,3.0,98.30290222167969
C2,2134,0.7889166666666667,34.3,24.299999999999997,11,24.18181800842285,294.0,1.0,30,3.0,99.38174438476562
C2,2135,0.7683333333333333,34.8,24.6,13,33.10769271850586,414.0,1.0,30,3.0,96.02904510498047
C2,2136,0.7777950682467791,33.5,23.099999999999998,13,16.153846740722656,258.0,1.0,30,3.0,100.5507583618164
C2,2137,0.7907500000000001,34.1,24.2,13,25.384614944458008,336.0,1.0,30,3.0,105.13045501708984
C2,2138,0.7808595435105316,33.2,22.8,13,16.27692222595215,252.0,1.0,30,3.0,100.67827606201172
C2,2139,0.7925833333333334,33.9,23.900000000000002,13,31.630769729614258,420.0,1.0,30,3.0,105.20696258544922
C2,2140,0.7523269493643946,32.2,20.7,13,4.861538410186768,138.0,1.0,30,3.0,99.12417602539062
C2,2141,0.7898333333333334,34.2,24.2,13,26.30769157409668,345.0,1.0,30,3.0,99.60784149169922
C2,2142,0.7398108919659852,33.8,23.900000000000002,13,25.41538429260254,321.0,1.0,50,3.0,95.49803924560547
C2,2143,0.6983825073207685,33.0,22.3,13,13.692307472229004,234.0,1.0,50,3.0,97.29882049560547
C2,2144,0.6903562153549279,32.9,22.3,13,11.600000381469727,219.0,1.0,50,3.0,92.779296875
C2,2145,0.7475160395601659,34.9,24.5,12,32.79999923706055,399.0,1.0,50,3.0,93.53424072265625
C2,2146,0.7708333333333334,35.4,24.9,11,43.099998474121094,516.0,1.0,50,3.0,106.52054595947266
C2,2147,0.7274766013092343,37.699999999999996,25.3,11,32.0363655090332,351.0,1.0,50,3.0,120.17899322509766
C2,2148,0.7075149805888831,33.099999999999994,22.8,11,16.03636360168457,228.0,1.0,50,3.0,120.77406311035156
C2,2149,0.7448397939770042,37.5,25.3,11,37.672725677490234,414.0,1.0,50,3.0,116.59777069091797
C2,2150,0.7232159442305502,35.1,24.7,11,24.218181610107422,294.0,1.0,50,3.0,111.55866241455078
C2,2151,0.7056261692367,33.6,23.8,10,18.545454025268555,255.0,1.0,50,3.0,109.73519897460938
C2,2152,0.7237655040880946,39.199999999999996,26.9,9,38.79999923706055,360.0,1.0,50,3.0,106.24111938476562
C2,2153,0.7200478233783312,35.1,24.8,9,23.422222137451172,261.0,1.0,50,3.0,102.6780014038086
C2,2154,0.7393401259272793,23.3,19.099999999999998,8,4.088889122009277,111.0,1.0,50,3.0,94.14013671875
C2,2155,0.709768550900334,35.6,25.0,7,24.0,231.0,1.0,50,3.0,83.2840805053711
C2,2156,0.6884846475185866,42.8,28.6,8,62.228572845458984,441.0,1.0,50,3.0,84.77044677734375
C2,2157,0.7366666666666667,40.0,27.599999999999998,8,50.349998474121094,429.0,1.0,50,3.0,99.79560089111328
C2,2158,0.7020713276366567,35.3,25.0,8,19.5,222.0,1.0,50,3.0,108.41069793701172
C2,2159,0.6967964394445441,33.2,23.2,8,13.75,180.0,1.0,50,3.0,101.97975158691406
C2,2160,0.7022526838544608,33.4,23.400000000000002,8,15.449999809265137,195.0,1.0,50,3.0,87.72118377685547
C2,2161,0.05118750162823596,43.4,27.099999999999998,20,104.65454864501953,1116.0,1.0,50,3.0,118.89937591552734
C2,2162,-0.1456240277814237,32.9,22.5,43,67.02702331542969,2259.0,1.0,50,3.0,230.00628662109375
C2,2163,0.7373820651142641,26.1,20.1,43,7.962790489196777,321.0,1.0,50,3.0,302.27044677734375
C2,2164,0.8285929988712522,22.8,19.0,43,2.3813953399658203,134.0,1.0,30,2.0,304.9622802734375
C2,2165,0.8056632504563512,26.200000000000003,19.900000000000002,43,4.437209129333496,188.0,1.0,30,2.0,218.710693359375
C2,2166,0.7964949763808479,27.599999999999998,20.2,43,5.376744270324707,218.0,1.0,30,2.0,167.22640991210938
C2,2167,0.7947234299509055,28.0,20.299999999999997,43,5.869767665863037,242.0,1.0,30,2.0,143.5358428955078
C2,2168,-0.4855833333333333,33.7,23.400000000000002,11,31.527273178100586,390.0,1.0,30,3.0,134.1215057373047
C2,2169,0.7765833333333334,33.9,24.400000000000002,13,25.938461303710938,330.0,1.0,30,3.0,128.60623168945312
C2,2170,0.7916666666666666,34.0,24.299999999999997,13,29.75384521484375,387.0,1.0,30,3.0,126.3637466430664
C2,2171,0.7861666666666668,34.6,24.400000000000002,13,28.799999237060547,387.0,1.0,30,3.0,124.8849105834961
C2,2172,0.7898333333333334,34.2,24.1,13,31.876922607421875,420.0,1.0,30,3.0,127.99761199951172
C2,2173,0.7772714453370339,33.2,23.0,13,14.923076629638672,243.0,1.0,30,3.0,123.4652328491211
C2,2174,0.7644491831521253,32.599999999999994,22.1,13,9.10769271850586,154.0,1.0,30,2.0,113.8124771118164
C2,2175,0.7905492742593626,28.2,20.1,13,5.261538505554199,118.0,1.0,30,2.0,97.22081756591797
C2,2176,0.5666363501593509,34.4,24.400000000000002,13,16.399999618530273,224.0,1.0,90,2.0,91.39915466308594
C2,2177,0.7843333333333333,34.8,24.400000000000002,13,26.89230728149414,348.0,1.0,30,2.0,100.83949279785156
C2,2178,0.7855,33.8,24.0,12,29.46666717529297,368.0,1.0,30,2.0,123.17036437988281
C2,2179,0.7729166666666667,34.3,24.299999999999997,14,33.20000076293945,406.0,1.0,30,2.0,148.7022247314453
C2,2180,0.7793333333333333,33.6,23.5,16,33.82857131958008,474.0,1.0,30,2.0,172.42132568359375
C2,2181,0.783,33.2,22.8,18,33.95000076293945,519.0,1.0,30,3.0,185.18612670898438
C2,2182,0.7676121450629212,32.4,21.6,18,9.48888874053955,228.0,1.0,30,3.0,175.91168212890625
C2,2183,0.7824125404720442,32.800000000000004,22.0,18,15.466666221618652,294.0,1.0,30,3.0,151.8136749267578
C2,2184,0.7999166666666667,33.099999999999994,22.599999999999998,18,26.844444274902344,471.0,1.0,30,3.0,135.22154235839844
C2,2185,0.7888963111298127,33.2,22.700000000000003,18,19.844444274902344,354.0,1.0,30,3.0,130.8662567138672
C2,2186,0.8026666666666666,32.800000000000004,22.3,18,32.06666564941406,564.0,1.0,30,3.0,140.25308227539062
C2,2187,0.6845,32.599999999999994,21.9,21,34.53333282470703,681.0,1.0,30,3.0,155.21852111816406
C2,2188,0.6863333333333334,32.4,21.5,24,34.06666564941406,756.0,1.0,30,3.0,182.06443786621094
C2,2189,0.80725,32.300000000000004,21.4,24,27.149999618530273,633.0,1.0,30,3.0,201.23866271972656
C2,2190,0.7842647820406258,32.4,21.4,24,14.800000190734863,339.0,1.0,30,3.0,197.54319763183594
C2,2191,0.7965635641486511,32.2,21.4,24,19.100000381469727,450.0,1.0,30,3.0,181.72592163085938
C2,2192,0.80725,32.300000000000004,21.5,24,24.183332443237305,579.0,1.0,30,3.0,169.83555603027344
C2,2193,0.80725,32.300000000000004,21.3,24,25.5,600.0,1.0,30,3.0,174.30133056640625
C2,2194,0.7947866326952353,32.099999999999994,21.3,24,17.866666793823242,411.0,1.0,30,3.0,175.24746704101562
C2,2195,0.6435833333333333,32.7,21.9,20,25.600000381469727,498.0,1.0,30,3.0,172.21514892578125
C2,2196,0.8054166666666667,32.5,22.0,20,30.440000534057617,600.0,1.0,30,3.0,170.395751953125
C2,2197,0.8026666666666666,32.800000000000004,22.2,20,20.579999923706055,417.0,1.0,30,3.0,169.57078552246094
C2,2198,0.7917665466313675,28.6,20.1,20,6.539999961853027,195.0,1.0,30,3.0,155.609130859375
C2,2199,0.8035833333333333,32.7,22.0,20,26.239999771118164,519.0,1.0,30,3.0,143.6321563720703
C2,2200,0.8017500000000001,32.9,22.3,20,20.280000686645508,406.0,1.0,30,2.0,144.9792938232422
C2,2201,0.7903895320484017,32.800000000000004,22.0,20,18.780000686645508,368.0,1.0,30,2.0,161.65423583984375
C2,2202,0.7857500000000001,32.9,22.4,18,24.35555648803711,432.0,1.0,30,2.0,177.39254760742188
C2,2203,0.7895742988556809,33.0,22.700000000000003,18,19.266666412353516,332.0,1.0,30,2.0,181.90219116210938
C2,2204,0.7919166666666667,33.099999999999994,22.599999999999998,17,26.0222225189209,468.0,1.0,30,2.0,191.27464294433594
C2,2205,0.7801642779078921,33.2,23.099999999999998,16,19.475000381469727,322.0,1.0,30,2.0,189.56478881835938
C2,2206,0.7980833333333334,33.300000000000004,22.8,16,21.549999237060547,344.0,1.0,30,2.0,189.3388671875
C2,2207,0.7740895595936087,33.6,23.099999999999998,16,15.100000381469727,240.0,1.0,30,2.0,174.00332641601562
C2,2208,0.7953333333333333,33.6,23.3,16,26.0,426.0,1.0,30,2.0,171.73532104492188
C2,2209,0.7778629526247471,33.5,23.3,15,19.700000762939453,328.0,1.0,30,2.0,169.307861328125
C2,2210,0.7882499999999999,33.5,23.5,14,47.94285583496094,690.0,1.0,50,3.0,182.51805114746094
C2,2211,0.48266666666666663,32.800000000000004,22.1,22,23.363636016845703,495.0,1.0,30,3.0,184.04415893554688
C2,2212,0.8063333333333333,32.4,21.7,22,20.236364364624023,441.0,1.0,30,3.0,182.6931610107422
C2,2213,0.7949863285495344,32.2,21.4,22,18.363636016845703,384.0,1.0,30,3.0,168.28256225585938
C2,2214,0.8054166666666667,32.5,21.7,22,20.545454025268555,459.0,1.0,30,3.0,158.0362091064453
C2,2215,0.80725,32.300000000000004,21.5,22,26.81818199157715,579.0,1.0,30,3.0,158.021728515625
C2,2216,0.7894166666666667,32.5,21.8,20,32.0,648.0,1.0,30,3.0,169.74636840820312
C2,2217,0.8054166666666667,32.5,21.9,20,31.5,630.0,1.0,30,3.0,184.3811492919922
C2,2218,0.8035833333333333,32.7,21.9,20,27.040000915527344,543.0,1.0,30,3.0,191.56202697753906
C2,2219,0.6426666666666666,32.800000000000004,21.9,24,33.900001525878906,726.0,1.0,30,3.0,199.33721923828125
C2,2220,0.8063333333333333,32.4,21.6,24,22.75,525.0,1.0,30,3.0,199.33566284179688
C2,2221,0.7956466054469088,32.2,21.3,24,38.66666793823242,924.0,1.0,50,3.0,216.26806640625
C2,2222,0.015413678108713573,32.4,22.3,43,68.16744232177734,2583.0,1.0,50,3.0,308.9608459472656
C2,2223,0.33548095117783744,25.8,19.7,54,16.28148078918457,864.0,1.0,50,3.0,379.6431579589844
C2,2224,0.7564325035656221,24.5,19.7,54,9.014814376831055,459.0,1.0,50,3.0,401.3858947753906
C2,2225,0.7377862432144565,25.5,19.7,54,6.725925922393799,354.0,1.0,50,3.0,315.3648681640625
C2,2226,0.7495207455758826,24.9,19.599999999999998,54,8.23703670501709,417.0,1.0,50,3.0,243.88558959960938
C2,2227,0.7441374445997385,25.4,19.7,54,8.04444408416748,420.0,1.0,50,3.0,199.2646942138672
C2,2228,-0.744994977812141,32.300000000000004,21.2,18,11.399999618530273,282.0,1.0,50,3.0,169.29214477539062
C2,2229,0.5235173347038048,34.9,24.7,12,44.400001525878906,450.0,1.0,30,3.0,152.77528381347656
C2,2230,0.6725833333333334,33.9,23.599999999999998,15,26.34666633605957,390.0,1.0,30,3.0,141.53184509277344
C2,2231,0.7944166666666667,33.7,23.5,15,21.65333366394043,315.0,1.0,30,3.0,136.25244140625
C2,2232,0.5638171445793264,33.6,23.5,15,9.306666374206543,138.0,1.0,90,1.0,131.48480224609375
C2,2233,0.7944166666666667,33.7,23.400000000000002,15,24.18666648864746,354.0,1.0,30,3.0,127.02420806884766
C2,2234,0.5693287716286293,33.300000000000004,22.599999999999998,15,11.493332862854004,182.0,1.0,90,2.0,122.48119354248047
C2,2235,0.7944166666666667,33.7,23.3,15,32.586666107177734,486.0,1.0,30,3.0,122.95538330078125
C2,2236,0.7962499999999999,33.5,23.3,15,32.560001373291016,477.0,1.0,30,3.0,128.70655822753906
C2,2237,0.7944166666666667,33.7,23.5,15,30.8799991607666,465.0,1.0,30,3.0,140.6905975341797
C2,2238,0.7962499999999999,33.5,23.3,15,24.053333282470703,342.0,1.0,30,3.0,141.4810333251953
C2,2239,0.7953333333333333,33.6,23.5,15,21.066667556762695,318.0,1.0,30,3.0,134.88861083984375
C2,2240,0.7953333333333333,33.6,23.400000000000002,15,26.266666412353516,396.0,1.0,30,3.0,127.86650085449219
C2,2241,0.7935,33.8,23.599999999999998,15,22.50666618347168,342.0,1.0,30,2.0,131.25323486328125
C2,2242,0.7734860373542077,33.6,23.5,15,14.880000114440918,218.0,1.0,30,2.0,133.68527221679688
C2,2243,0.7756666666666666,34.0,24.0,13,21.69230842590332,280.0,1.0,30,2.0,136.21116638183594
C2,2244,0.7889166666666667,34.3,24.1,13,20.830768585205078,254.0,1.0,30,2.0,131.8600311279297
C2,2245,0.7713971634210682,34.6,24.400000000000002,13,17.66153907775879,232.0,1.0,30,2.0,130.1826934814453
C2,2246,0.7781666666666668,34.6,24.7,12,24.266666412353516,292.0,1.0,30,2.0,129.9762725830078
C2,2247,0.7458656721935313,35.5,24.7,10,17.1200008392334,192.0,1.0,30,2.0,125.71910095214844
C2,2248,0.7449166666666667,39.1,26.3,10,29.799999237060547,308.0,1.0,30,2.0,128.23146057128906
C2,2249,0.7538180720866756,32.5,21.5,10,5.960000038146973,118.0,1.0,30,2.0,118.13887786865234
C2,2250,0.7632656419182067,33.7,23.5,10,11.760000228881836,156.0,1.0,30,2.0,109.6833267211914
C2,2251,0.7442500000000001,38.3,26.200000000000003,11,31.84000015258789,328.0,1.0,30,2.0,105.94332885742188
C2,2252,0.7623333333333333,37.199999999999996,25.7,11,30.18181800842285,340.0,1.0,30,2.0,118.49932861328125
C2,2253,0.7509166666666667,36.7,25.1,13,32.400001525878906,378.0,1.0,30,2.0,140.8329315185547
C2,2254,0.7786598380221483,33.9,24.1,13,18.03076934814453,248.0,1.0,30,2.0,148.89976501464844
C2,2255,0.7834166666666667,34.9,24.400000000000002,13,22.27692222595215,290.0,1.0,30,2.0,150.40652465820312
C2,2256,0.7916666666666666,34.0,23.900000000000002,13,26.984615325927734,358.0,1.0,30,2.0,149.9772491455078
C2,2257,0.7944166666666667,33.7,24.1,13,21.600000381469727,290.0,1.0,30,2.0,152.51968383789062
C2,2258,0.7935,33.8,23.8,13,23.815383911132812,315.0,1.0,30,3.0,148.71180725097656
C2,2259,0.6725833333333334,33.9,23.8,16,37.07692337036133,471.0,1.0,30,3.0,143.49375915527344
C2,2260,0.7897261794919183,33.099999999999994,22.700000000000003,16,19.799999237060547,318.0,1.0,30,3.0,135.1629180908203
C2,2261,0.799,33.2,22.9,16,26.850000381469727,432.0,1.0,30,3.0,135.36441040039062
C2,2262,0.7962499999999999,33.5,23.3,16,24.924999237060547,402.0,1.0,30,3.0,132.4186553955078
C2,2263,0.7980833333333334,33.300000000000004,23.099999999999998,16,27.774999618530273,450.0,1.0,30,3.0,136.51785278320312
C2,2264,0.8008333333333334,33.0,22.700000000000003,16,24.200000762939453,381.0,1.0,30,3.0,136.71070861816406
C2,2265,0.7814873605968624,33.4,23.3,16,17.274999618530273,276.0,1.0,30,2.0,137.35975646972656
C2,2266,0.799,33.2,23.0,16,24.075000762939453,382.0,1.0,30,2.0,143.21585083007812
C2,2267,0.7971666666666668,33.4,22.9,16,27.725000381469727,442.0,1.0,30,2.0,159.26284790039062
C2,2268,0.7706274467094711,33.4,23.099999999999998,16,13.25,212.0,1.0,30,2.0,164.62437438964844
C2,2269,0.7599181509260543,31.6,20.9,16,5.400000095367432,128.0,1.0,30,2.0,150.907958984375
C2,2270,0.7755839915312289,32.9,22.700000000000003,16,13.375,210.0,1.0,30,2.0,127.21144104003906
C2,2271,0.7947906620306586,27.099999999999998,19.7,16,3.7750000953674316,110.0,1.0,30,2.0,106.19353485107422
C2,2272,0.799,33.2,23.0,16,31.049999237060547,489.0,1.0,30,3.0,106.78278350830078
C2,2273,0.6808333333333334,33.0,22.5,19,33.775001525878906,549.0,1.0,30,3.0,117.53633880615234
C2,2274,0.7885,32.599999999999994,21.9,21,33.284210205078125,642.0,1.0,30,3.0,145.1884765625
C2,2275,0.6881666666666668,32.2,21.5,24,34.78333282470703,777.0,1.0,30,3.0,174.57974243164062
C2,2276,0.6811801297841414,28.400000000000002,20.400000000000002,27,8.607407569885254,261.0,1.0,30,3.0,179.41452026367188
C2,2277,0.7953039330323989,30.5,20.9,27,12.622221946716309,330.0,1.0,30,3.0,168.44871520996094
C2,2278,0.81,32.0,21.1,27,20.562963485717773,546.0,1.0,30,3.0,151.60255432128906
C2,2279,0.7887865122645635,32.0,21.1,27,15.11111068725586,399.0,1.0,30,3.0,147.62820434570312
C2,2280,0.8118333333333333,31.8,20.9,27,22.44444465637207,597.0,1.0,30,3.0,157.11026000976562
C2,2281,-0.34134311527906586,30.0,21.0,55,53.53333282470703,1704.0,1.0,30,3.0,214.2661590576172
C2,2282,-0.31746926600488673,26.1,20.299999999999997,84,45.01290512084961,2661.0,1.0,30,3.0,349.093017578125
C2,2283,0.854539770605128,24.0,19.599999999999998,84,12.50967788696289,732.0,1.0,30,3.0,435.9891357421875
C2,2284,0.8338868526034445,24.299999999999997,19.5,84,7.264516353607178,422.0,1.0,30,2.0,440.5268249511719
C2,2285,0.8475805914748656,20.400000000000002,18.4,84,1.6451612710952759,171.0,1.0,30,3.0,332.582763671875
C2,2286,0.8484506538288564,18.9,18.2,84,0.9677419066429138,114.0,1.0,30,3.0,240.3496551513672
C2,2287,0.8277961027894607,23.8,19.5,84,4.470967769622803,294.0,1.0,30,3.0,169.94313049316406
C2,2288,-1.6541473124464856,28.6,20.400000000000002,25,5.862069129943848,222.0,1.0,50,2.0,134.8992156982422
C2,2289,0.3737504363535688,33.300000000000004,23.0,15,14.0,238.0,1.0,30,2.0,124.67285919189453
C2,2290,0.6240000000000001,39.199999999999996,26.200000000000003,12,38.488887786865234,354.0,1.0,30,2.0,129.0703887939453
C2,2291,0.7442066575738977,37.699999999999996,25.4,12,18.200000762939453,222.0,1.0,30,1.0,146.50889587402344
C2,2292,0.7442097555542585,36.1,25.1,12,12.699999809265137,152.0,1.0,30,1.0,161.37200927734375
C2,2293,0.7375733980361826,36.4,25.0,12,11.466666221618652,143.0,1.0,30,1.0,165.75653076171875
C2,2294,0.741855960780232,35.1,25.5,12,9.199999809265137,111.0,1.0,30,1.0,153.58724975585938
C2,2295,0.7607673397597279,35.2,24.8,12,15.600000381469727,186.0,1.0,30,1.0,150.8190155029297
C2,2296,0.5849166666666666,39.1,26.5,8,32.5,314.0,1.0,30,1.0,171.9580841064453
C2,2297,0.46984922751394753,36.6,25.3,15,43.661537170410156,520.0,1.0,30,2.0,204.5081787109375
C2,2298,0.7871062465389335,33.4,23.5,15,19.866666793823242,284.0,1.0,30,2.0,218.17156982421875
C2,2299,0.7944166666666667,33.7,23.599999999999998,15,23.33333396911621,344.0,1.0,30,2.0,207.436279296875
C2,2300,0.7852209810220648,33.6,23.400000000000002,15,19.84000015258789,308.0,1.0,30,2.0,186.8617706298828
C2,2301,0.7935,33.8,23.7,15,27.786666870117188,430.0,1.0,30,2.0,184.25039672851562
C2,2302,0.7953333333333333,33.6,23.400000000000002,15,25.68000030517578,382.0,1.0,30,2.0,185.21690368652344
C2,2303,0.7820833333333334,33.300000000000004,23.0,17,32.16470718383789,494.0,1.0,30,2.0,198.19680786132812
C2,2304,0.7971666666666668,33.4,22.9,17,26.611764907836914,441.0,1.0,30,3.0,196.9180908203125
C2,2305,0.7962499999999999,33.5,22.9,17,22.776470184326172,378.0,1.0,30,3.0,187.48419189453125
C2,2306,0.7980833333333334,33.300000000000004,22.8,17,31.6235294342041,525.0,1.0,30,3.0,172.22384643554688
C2,2307,0.7999166666666667,33.099999999999994,22.5,17,23.6235294342041,393.0,1.0,30,3.0,160.93431091308594
C2,2308,0.7980833333333334,33.300000000000004,22.9,17,24.32941246032715,399.0,1.0,30,3.0,155.0939178466797
C2,2309,0.7980833333333334,33.300000000000004,22.8,17,32.89411926269531,561.0,1.0,30,3.0,153.18968200683594
C2,2310,0.7839166666666667,33.099999999999994,22.5,19,30.378948211669922,582.0,1.0,30,3.0,160.4471435546875
C2,2311,0.76264425800959,32.800000000000004,22.3,19,29.11578941345215,555.0,1.0,50,3.0,171.73495483398438
C2,2312,0.8035833333333333,32.7,22.0,19,32.12631607055664,594.0,1.0,30,3.0,179.97430419921875
C2,2313,0.7851020083585105,33.099999999999994,22.4,19,17.642105102539062,330.0,1.0,30,2.0,181.05125427246094
C2,2314,0.8026666666666666,32.800000000000004,22.1,19,20.3157901763916,382.0,1.0,30,2.0,182.49742126464844
C2,2315,0.7856888519806988,32.9,22.4,19,17.11578941345215,330.0,1.0,30,2.0,178.96511840820312
C2,2316,0.8035833333333333,32.7,22.0,19,32.547367095947266,615.0,1.0,30,3.0,182.1790771484375
C2,2317,0.8026666666666666,32.800000000000004,22.1,19,26.231578826904297,498.0,1.0,30,3.0,180.77410888671875
C2,2318,0.8035833333333333,32.7,22.2,19,28.336841583251953,540.0,1.0,30,3.0,181.93113708496094
C2,2319,0.8008333333333334,33.0,22.4,19,29.789474487304688,552.0,1.0,30,3.0,179.82534790039062
C2,2320,0.8017500000000001,32.9,22.4,19,25.663158416748047,477.0,1.0,30,3.0,177.6285400390625
C2,2321,0.799,33.2,22.5,19,20.463157653808594,390.0,1.0,30,3.0,169.64378356933594
C2,2322,0.7776843962341458,32.599999999999994,22.1,19,13.1578950881958,236.0,1.0,30,2.0,156.05294799804688
C2,2323,0.7903734250235108,33.0,22.2,19,19.663158416748047,370.0,1.0,30,2.0,151.36509704589844
C2,2324,0.7830341226943754,33.099999999999994,22.4,19,16.778947830200195,312.0,1.0,30,2.0,152.01905822753906
C2,2325,0.6780833333333334,33.300000000000004,22.700000000000003,16,22.274999618530273,354.0,1.0,30,2.0,160.27810668945312
C2,2326,0.6725833333333334,33.9,23.900000000000002,13,27.91428565979004,396.0,1.0,30,2.0,166.96685791015625
C2,2327,0.7512452063232629,35.2,24.9,13,12.307692527770996,153.0,1.0,30,1.0,170.5801239013672
C2,2328,0.7706192726028467,34.3,24.400000000000002,13,36.21538543701172,477.0,1.0,50,3.0,170.3480682373047
C2,2329,0.6527002145254188,33.099999999999994,22.2,16,13.024999618530273,249.0,1.0,30,3.0,154.87550354003906
C2,2330,0.7980833333333334,33.300000000000004,23.0,16,31.100000381469727,498.0,1.0,30,3.0,147.32530212402344
C2,2331,0.799,33.2,22.9,16,20.850000381469727,324.0,1.0,30,3.0,135.99517822265625
C2,2332,0.7914190528107153,28.299999999999997,20.299999999999997,16,5.724999904632568,165.0,1.0,30,3.0,125.46377563476562
C2,2333,0.8181544355242585,23.5,18.8,16,1.399999976158142,84.0,1.0,30,3.0,100.74493408203125
C2,2334,0.7794735393052447,32.5,21.5,16,13.449999809265137,258.0,1.0,30,3.0,82.98029327392578
C2,2335,0.7962499999999999,33.5,23.099999999999998,16,24.625,384.0,1.0,30,3.0,82.05484008789062
C2,2336,0.5633674789784147,33.5,23.2,21,48.77647018432617,708.0,1.0,30,3.0,109.23290252685547
C2,2337,0.8054166666666667,32.5,21.9,21,23.21904754638672,474.0,1.0,30,3.0,135.13973999023438
C2,2338,0.6454166666666666,32.5,21.7,25,36.33599853515625,813.0,1.0,30,3.0,169.75051879882812
C2,2339,0.8109166666666667,31.9,21.2,25,23.45599937438965,558.0,1.0,30,3.0,183.85031127929688
C2,2340,0.7770500732551108,32.4,21.5,25,12.35200023651123,303.0,1.0,30,3.0,184.71018981933594
C2,2341,0.7975258305512922,32.0,21.3,25,38.6879997253418,948.0,1.0,50,3.0,191.22610473632812
C2,2342,-0.1899972878036173,32.4,22.599999999999998,48,80.17894744873047,2850.0,1.0,50,3.0,297.0023193359375
C2,2343,0.7736334619670402,25.8,19.8,48,15.850000381469727,750.0,1.0,50,3.0,380.3347473144531
C2,2344,0.7415199757150873,23.7,19.3,48,3.5416667461395264,216.0,1.0,50,3.0,397.80084228515625
C2,2345,0.765435040027858,18.4,18.1,48,0.9333333373069763,96.0,1.0,50,3.0,285.8804931640625
C2,2346,0.7436879834769802,24.8,19.900000000000002,48,6.599999904632568,300.0,1.0,50,3.0,198.72830200195312
C2,2347,0.7474630109372057,26.5,19.900000000000002,48,11.233333587646484,522.0,1.0,50,3.0,160.0369873046875
C2,2348,-0.6056818501594889,28.6,20.299999999999997,15,7.927272796630859,228.0,1.0,50,3.0,142.68885803222656
C2,2349,0.6252499999999999,34.7,24.5,11,37.92727279663086,432.0,1.0,30,3.0,138.1466522216797
C2,2350,0.6698333333333334,34.2,24.0,14,31.600000381469727,450.0,1.0,30,3.0,132.22132873535156
C2,2351,0.59625,33.5,23.3,19,39.34737014770508,612.0,1.0,30,3.0,145.7327880859375
C2,2352,0.8035833333333333,32.7,22.1,19,27.43157958984375,504.0,1.0,30,3.0,157.0396728515625
C2,2353,0.5953917369080501,33.0,22.3,19,24.336841583251953,448.0,1.0,90,2.0,173.6904754638672
C2,2354,0.8008333333333334,33.0,22.4,19,25.768421173095703,486.0,1.0,30,3.0,178.08094787597656
C2,2355,0.8026666666666666,32.800000000000004,22.1,19,22.273683547973633,417.0,1.0,30,3.0,176.84857177734375
C2,2356,0.8008333333333334,33.0,22.2,19,32.421051025390625,621.0,1.0,30,3.0,173.84246826171875
C2,2357,0.6054166666666667,32.5,21.7,24,34.89523696899414,711.0,1.0,30,3.0,182.038818359375
C2,2358,0.6213718515167794,32.5,21.6,24,12.283333778381348,294.0,1.0,70,2.0,188.02328491210938
C2,2359,0.8109166666666667,31.9,21.1,24,25.483333587646484,609.0,1.0,30,3.0,191.0806427001953
C2,2360,0.8090833333333334,32.099999999999994,21.2,24,31.25,759.0,1.0,30,3.0,195.0483856201172
C2,2361,0.81,32.0,21.3,24,31.58333396911621,765.0,1.0,30,3.0,211.8290252685547
C2,2362,0.8081666666666668,32.2,21.4,24,23.16666603088379,552.0,1.0,30,3.0,219.3640899658203
C2,2363,0.8090833333333334,32.099999999999994,21.4,24,20.316667556762695,489.0,1.0,30,3.0,211.88511657714844
C2,2364,0.6900000000000001,32.0,21.0,27,32.94814682006836,801.0,1.0,30,3.0,208.99774169921875
C2,2365,0.8127500000000001,31.7,21.0,27,23.037036895751953,609.0,1.0,30,3.0,209.79864501953125
C2,2366,0.8109166666666667,31.9,20.9,27,21.066667556762695,558.0,1.0,30,3.0,213.34585571289062
C2,2367,0.8118333333333333,31.8,20.9,27,28.874074935913086,768.0,1.0,30,3.0,214.00750732421875
C2,2368,0.61825,31.099999999999998,20.8,32,34.82500076293945,963.0,1.0,30,3.0,230.13783264160156
C2,2369,0.8347500000000001,29.3,20.5,32,29.774999618530273,936.0,1.0,30,3.0,256.61602783203125
C2,2370,0.8245648150265275,28.9,20.6,32,18.0625,561.0,1.0,30,3.0,263.3029479980469
C2,2371,0.8365833333333333,29.1,20.400000000000002,32,29.3125,912.0,1.0,30,3.0,265.0484313964844
C2,2372,0.8167502264106903,29.1,20.6,32,15.625,495.0,1.0,30,3.0,246.4957275390625
C2,2373,0.7985993758080113,30.200000000000003,20.8,32,12.800000190734863,402.0,1.0,30,3.0,228.2974395751953
C2,2374,0.7645794272214563,29.0,20.5,32,20.637500762939453,627.0,1.0,50,3.0,204.7117919921875
C2,2375,0.8365833333333333,29.1,20.400000000000002,32,24.487499237060547,774.0,1.0,30,3.0,202.96041870117188
C2,2376,0.8329166666666667,29.5,20.6,32,25.637500762939453,795.0,1.0,30,3.0,219.37625122070312
C2,2377,0.6118333333333332,31.8,20.9,27,23.229629516601562,630.0,1.0,30,3.0,229.3590850830078
C2,2378,0.8118333333333333,31.8,21.0,27,28.992591857910156,771.0,1.0,30,3.0,235.2154541015625
C2,2379,0.8109166666666667,31.9,21.0,27,31.348148345947266,837.0,1.0,30,3.0,240.59593200683594
C2,2380,0.7856242898529034,32.0,21.1,27,33.98518371582031,924.0,1.0,50,3.0,256.8908996582031
C2,2381,0.8109166666666667,31.9,21.0,27,42.266666412353516,1113.0,1.0,50,3.0,281.86785888671875
C2,2382,0.7350500643381066,32.099999999999994,21.1,27,20.370370864868164,540.0,1.0,50,2.0,295.654052734375
C2,2383,0.7972241389100801,31.9,21.2,27,18.133333206176758,474.0,1.0,30,2.0,294.4591064453125
C2,2384,0.6322012785310384,32.2,21.3,23,17.155555725097656,448.0,1.0,30,2.0,274.1421203613281
C2,2385,0.7796602805210362,32.5,21.7,23,13.513043403625488,310.0,1.0,30,2.0,246.6186065673828
C2,2386,0.7913051021684818,32.5,21.9,23,17.947826385498047,398.0,1.0,30,2.0,225.03782653808594
C2,2387,0.7857500000000001,32.9,22.1,21,34.07619094848633,624.0,1.0,30,2.0,223.82269287109375
C2,2388,-0.41809595579608566,30.0,21.1,51,52.66315841674805,1812.0,1.0,30,2.0,323.2269592285156
C2,2389,0.3514166666666666,25.3,20.0,64,34.361289978027344,2000.0,1.0,30,2.0,489.66949462890625
C2,2390,0.8760000000000001,24.8,20.0,64,33.11613082885742,2064.0,1.0,30,2.0,685.5350341796875
C2,2391,0.8741666666666668,25.0,20.0,64,30.729032516479492,1878.0,1.0,30,2.0,807.454345703125
C2,2392,0.8760000000000001,24.8,20.0,64,33.47096633911133,2092.0,1.0,30,2.0,886.7392578125
C2,2393,0.8760000000000001,24.8,20.0,64,32.34193420410156,2008.0,1.0,30,2.0,930.576904296875
C2,2394,0.8760000000000001,24.8,20.0,64,31.25161361694336,1980.0,1.0,30,2.0,963.6795043945312
C2,2395,0.8642861508249459,24.2,19.5,64,16.645160675048828,1005.0,1.0,30,1.0,978.0743408203125
C2,2396,0.8707911444500849,23.8,19.3,64,17.832258224487305,1063.0,1.0,30,1.0,994.5779418945312
C2,2397,0.8718848826742325,23.7,19.3,64,17.909677505493164,1082.0,1.0,30,1.0,1016.7467651367188
C2,2398,0.8682386727272943,23.7,19.3,64,16.3935489654541,996.0,1.0,30,1.0,1028.8480224609375
C2,2399,0.8568309127172682,23.8,19.400000000000002,64,12.658064842224121,758.0,1.0,30,1.0,995.4421997070312
C2,2400,-0.2412732942919626,27.599999999999998,20.1,38,5.957894802093506,215.0,1.0,30,1.0,859.7986450195312
C2,2401,0.7930799422410787,29.6,20.7,38,9.431578636169434,325.0,1.0,30,1.0,688.9458618164062
C2,2402,0.6035490748241111,28.0,20.299999999999997,36,12.684210777282715,460.0,1.0,90,2.0,516.0341796875
C2,2403,0.8270000000000001,28.400000000000002,20.2,34,32.62352752685547,1088.0,1.0,30,2.0,456.1538391113281
C2,2404,0.8081403136825629,29.5,20.8,34,53.8470573425293,1834.0,1.0,70,2.0,499.1589660644531
C2,2405,0.06863168097253627,26.5,20.0,53,11.562264442443848,590.0,1.0,30,2.0,533.6287231445312
C2,2406,0.8021018842336674,26.4,20.1,53,4.0,193.0,1.0,30,1.0,507.51055908203125
C2,2407,0.6754025264568725,25.8,19.8,53,9.766037940979004,488.0,1.0,70,2.0,402.1063232421875
C2,2408,0.8083164788509128,27.099999999999998,20.0,53,7.2905659675598145,366.0,1.0,30,1.0,348.3304748535156
C2,2409,0.8138701544554304,26.0,20.0,53,6.083018779754639,301.0,1.0,30,1.0,330.4649353027344
C2,2410,-0.6402194814681773,32.099999999999994,21.2,18,6.565853595733643,270.0,1.0,30,1.0,323.2123107910156
C2,2411,0.6600795369446694,33.2,23.099999999999998,15,15.973333358764648,237.0,1.0,30,1.0,301.66070556640625
C2,2412,0.5199166666666667,33.099999999999994,22.700000000000003,22,37.890907287597656,752.0,1.0,30,2.0,298.7297668457031
C2,2413,0.6634163347123943,32.2,21.3,25,13.855999946594238,332.0,1.0,30,1.0,305.23785400390625
C2,2414,0.7761762500438834,32.099999999999994,21.4,25,11.215999603271484,285.0,1.0,30,1.0,315.542724609375
C2,2415,0.7770999143138263,32.4,21.4,25,12.368000030517578,302.0,1.0,30,1.0,311.85894775390625
C2,2416,0.777991229572736,32.4,21.3,25,12.656000137329102,308.0,1.0,30,1.0,306.4486999511719
C2,2417,0.6909166666666667,31.9,21.1,28,32.19200134277344,828.0,1.0,30,3.0,302.0025634765625
C2,2418,0.6329166666666667,29.5,20.6,33,32.8121223449707,1026.0,1.0,30,3.0,304.668212890625
C2,2419,0.8347500000000001,29.3,20.6,33,28.557575225830078,915.0,1.0,30,3.0,305.8675842285156
C2,2420,0.8384166666666667,28.9,20.5,33,23.127273559570312,756.0,1.0,30,3.0,303.38720703125
C2,2421,0.7995255116018606,29.2,20.6,33,10.242424011230469,324.0,1.0,30,1.0,299.4989929199219
C2,2422,0.7907061252788902,29.4,20.6,33,8.242424011230469,268.0,1.0,30,1.0,292.23272705078125
C2,2423,0.7930393469731519,29.7,20.6,33,9.68484878540039,313.0,1.0,30,1.0,296.0063171386719
C2,2424,0.7955946132838814,28.9,20.6,33,8.327272415161133,268.0,1.0,30,1.0,290.80377197265625
C2,2425,0.5736666666666667,31.6,20.8,27,29.11111068725586,776.0,1.0,30,2.0,303.6822814941406
C2,2426,0.7779187731998952,32.2,21.3,27,12.04444408416748,312.0,1.0,30,1.0,311.2760314941406
C2,2427,0.771789317500835,32.300000000000004,21.3,27,10.44444465637207,286.0,1.0,30,1.0,318.2322692871094
C2,2428,0.8228333333333334,30.599999999999998,20.8,27,25.64444351196289,664.0,1.0,30,2.0,314.9393615722656
C2,2429,0.8109166666666667,31.9,21.0,27,27.11111068725586,720.0,1.0,30,2.0,319.3636169433594
C2,2430,0.81,32.0,21.1,27,25.674074172973633,664.0,1.0,30,2.0,328.1515197753906
C2,2431,0.81,32.0,21.1,27,30.992591857910156,816.0,1.0,30,2.0,343.55755615234375
C2,2432,0.6900000000000001,32.0,21.1,30,33.43703842163086,894.0,1.0,30,2.0,364.4012145996094
C2,2433,0.8301666666666667,29.8,20.7,30,26.520000457763672,770.0,1.0,30,2.0,383.97406005859375
C2,2434,0.7101666666666666,29.8,20.6,33,33.61333465576172,999.0,1.0,30,3.0,385.7177734375
C2,2435,0.8338333333333334,29.4,20.5,33,29.29697036743164,954.0,1.0,30,3.0,369.5639953613281
C2,2436,0.8365833333333333,29.1,20.5,33,30.07272720336914,966.0,1.0,30,3.0,351.47174072265625
C2,2437,0.8090788172732167,29.0,20.400000000000002,33,32.63030242919922,1059.0,1.0,50,3.0,343.2830505371094
C2,2438,0.8402499999999999,28.7,20.400000000000002,33,27.92727279663086,915.0,1.0,30,3.0,336.636474609375
C2,2439,0.8356666666666667,29.2,20.6,33,28.73939323425293,918.0,1.0,30,3.0,330.5152282714844
C2,2440,0.8365833333333333,29.1,20.5,33,30.715150833129883,993.0,1.0,30,3.0,323.9091491699219
C2,2441,0.8320000000000001,29.6,20.5,33,25.07878875732422,819.0,1.0,30,3.0,315.6788024902344
C2,2442,0.8384166666666667,28.9,20.400000000000002,33,21.515151977539062,705.0,1.0,30,3.0,301.2739562988281
C2,2443,0.8393333333333334,28.8,20.400000000000002,33,27.600000381469727,900.0,1.0,30,3.0,288.4977111816406
C2,2444,0.8420833333333334,28.5,20.299999999999997,33,30.872726440429688,1011.0,1.0,30,3.0,289.36529541015625
C2,2445,0.8301666666666667,29.8,20.6,33,31.248485565185547,990.0,1.0,30,3.0,302.5525207519531
C2,2446,0.6793333333333333,28.8,20.400000000000002,37,32.90909194946289,1080.0,1.0,30,3.0,318.46484375
C2,2447,0.8430000000000001,28.400000000000002,20.299999999999997,37,25.210811614990234,927.0,1.0,30,3.0,324.2789001464844
C2,2448,0.84575,28.1,20.1,37,28.345945358276367,1020.0,1.0,30,3.0,329.1006774902344
C2,2449,0.8439166666666668,28.299999999999997,20.2,37,25.956756591796875,945.0,1.0,30,3.0,325.9937438964844
C2,2450,0.6413512244400574,29.1,20.5,37,8.389188766479492,295.0,1.0,70,1.0,322.2629089355469
C2,2451,0.8098617662409368,29.1,20.7,37,13.189188957214355,480.0,1.0,30,2.0,306.6910705566406
C2,2452,0.8287936277861796,28.6,20.299999999999997,37,18.735136032104492,670.0,1.0,30,2.0,300.0146484375
C2,2453,0.8314474125175801,28.400000000000002,20.2,37,19.124324798583984,704.0,1.0,30,2.0,303.6087951660156
C2,2454,0.3007537175311632,29.1,20.5,24,17.212121963500977,566.0,1.0,30,2.0,311.49859619140625
C2,2455,0.8063333333333333,32.4,21.6,24,20.733333587646484,486.0,1.0,30,2.0,303.9658203125
C2,2456,0.8081666666666668,32.2,21.3,24,27.46666717529297,646.0,1.0,30,2.0,295.5794982910156
C2,2457,0.80725,32.300000000000004,21.4,24,28.600000381469727,674.0,1.0,30,2.0,297.7477111816406
C2,2458,-1.3718349305891795,31.0,22.1,77,58.900001525878906,3086.0,1.0,30,2.0,472.3819580078125
C2,2459,0.3268524983421728,26.700000000000003,20.400000000000002,90,40.96128845214844,3000.0,1.0,30,2.0,734.0958251953125
C2,2460,0.8595,26.599999999999998,20.400000000000002,90,39.74193572998047,3076.0,1.0,30,2.0,1051.2574462890625
C2,2461,0.85675,26.9,20.5,90,39.20000076293945,3132.0,1.0,30,2.0,1244.6212158203125
C2,2462,0.8659462761722692,23.8,19.5,90,15.858064651489258,956.0,1.0,30,1.0,1288.1060791015625
C2,2463,0.8540388122068147,24.0,19.5,90,12.348386764526367,752.0,1.0,30,1.0,1209.39697265625
C2,2464,0.8644644415500031,23.599999999999998,19.3,90,14.632258415222168,861.0,1.0,30,1.0,1068.1715087890625
C2,2465,0.8384549525945252,23.599999999999998,19.400000000000002,90,6.767742156982422,392.0,1.0,30,1.0,908.2362670898438
C2,2466,0.8332689477721907,23.5,19.400000000000002,90,5.167741775512695,312.0,1.0,30,1.0,753.6083984375
C2,2467,-1.565855754669224,28.6,20.400000000000002,31,7.176470756530762,268.0,1.0,30,1.0,581.7650756835938
C2,2468,0.7949166666666667,31.9,20.9,29,28.689655303955078,828.0,1.0,30,3.0,463.1923522949219
C2,2469,0.8145833333333333,31.5,20.9,29,25.172412872314453,726.0,1.0,30,3.0,382.7154235839844
C2,2470,0.6637500000000001,30.5,20.7,33,34.42758560180664,987.0,1.0,30,3.0,342.5625915527344
C2,2471,0.8274166666666667,30.099999999999998,20.6,33,22.799999237060547,729.0,1.0,30,3.0,314.0708923339844
C2,2472,0.8384166666666667,28.9,20.5,33,30.95757484436035,1017.0,1.0,30,3.0,309.9092102050781
C2,2473,0.8329166666666667,29.5,20.5,33,21.72121238708496,720.0,1.0,30,3.0,295.5455322265625
C2,2474,0.8016638687996109,30.599999999999998,20.8,33,15.127272605895996,489.0,1.0,30,3.0,276.2606506347656
C2,2475,0.8365833333333333,29.1,20.6,33,20.266666412353516,660.0,1.0,30,3.0,248.82305908203125
C2,2476,0.8250161881397167,28.6,20.5,33,17.07878875732422,543.0,1.0,30,3.0,224.49383544921875
C2,2477,0.8402499999999999,28.7,20.400000000000002,33,23.33333396911621,732.0,1.0,30,3.0,220.69630432128906
C2,2478,0.5474166666666667,30.099999999999998,20.8,26,29.061538696289062,768.0,1.0,30,3.0,223.2177734375
C2,2479,0.81,32.0,21.1,26,29.21538543701172,759.0,1.0,30,3.0,234.33067321777344
C2,2480,0.6637500000000001,30.5,20.7,30,34.67692184448242,900.0,1.0,30,3.0,248.46507263183594
C2,2481,0.8365833333333333,29.1,20.5,30,25.786666870117188,771.0,1.0,30,3.0,257.07904052734375
C2,2482,0.8265,30.200000000000003,20.6,30,27.746665954589844,801.0,1.0,30,3.0,264.1141052246094
C2,2483,0.8320000000000001,29.6,20.6,30,28.706666946411133,858.0,1.0,30,3.0,266.46844482421875
C2,2484,0.82925,29.9,20.6,30,20.239999771118164,603.0,1.0,30,1.0,314.014404296875
C2,2485,-0.5006014109629954,29.0,21.1,61,65.2933349609375,1992.0,1.0,30,2.0,439.7419738769531
C2,2486,0.8723333333333333,25.2,20.0,61,31.711475372314453,1928.0,1.0,30,2.0,605.5784912109375
C2,2487,0.8760000000000001,24.8,19.8,61,29.73770523071289,1818.0,1.0,30,2.0,745.8804321289062
C2,2488,0.8760000000000001,24.8,19.8,61,30.07868766784668,1846.0,1.0,30,2.0,820.3282470703125
C2,2489,0.8769166666666668,24.7,19.8,61,30.360654830932617,1830.0,1.0,30,2.0,858.463623046875
C2,2490,0.8769166666666668,24.7,19.8,61,28.95737648010254,1744.0,1.0,30,2.0,876.4114990234375
C2,2491,0.8796666666666667,24.400000000000002,19.7,61,27.088523864746094,1624.0,1.0,30,2.0,872.3802490234375
C2,2492,0.8445455692342023,23.900000000000002,19.400000000000002,61,9.206557273864746,550.0,1.0,30,2.0,784.628173828125
C2,2493,0.8660814648390214,23.599999999999998,19.3,61,15.219672203063965,903.0,1.0,30,3.0,655.8435668945312
C2,2494,0.8661390663690671,23.900000000000002,19.3,61,16.288524627685547,939.0,1.0,30,3.0,512.0394897460938
C2,2495,0.8568990850460025,24.5,19.5,61,14.87868881225586,873.0,1.0,30,3.0,427.8903503417969
C2,2496,0.8741427606549944,23.900000000000002,19.3,61,19.842622756958008,1170.0,1.0,30,3.0,389.2675476074219
C2,2497,-0.031499999999999945,27.799999999999997,19.900000000000002,39,29.671794891357422,1152.0,1.0,30,3.0,375.5605163574219
C2,2498,0.84575,28.1,20.0,39,30.205127716064453,1167.0,1.0,30,3.0,380.4029846191406
C2,2499,0.84575,28.1,20.0,39,31.0256404876709,1200.0,1.0,30,3.0,384.64178466796875
C2,2500,0.8466666666666667,28.0,20.0,1,30.0,100.0,1.0,50,1.0,100.0
