Cluster,Step,Reward,Latency_P90,Latency_Avg,Replicas,CPU_Pct,RAM_Pct,Requests,Total_CPU,Total_RAM,Success,HPA_Target,Throughput,Enhancement,Forecast
C1,1,-0.4982573036281234,39.800000000000004,26.4,28,14.65,15.8203125,731.0,586.0,324.0,1.0,50,3.0,1,0.0
C1,2,0.6830385591845538,29.2,20.2,28,3.5714285,15.764509,457.0,250.0,565.0,1.0,50,2.0,1,0.0
C1,3,0.682553833761725,28.2,20.299999999999997,28,1.2857143,15.736608,141.0,90.0,564.0,1.0,50,2.0,2,0.0
C1,4,0.7649306194144512,28.5,19.7,28,0.74285716,15.736608,125.0,52.0,564.0,1.0,30,1.0,0,0.0
C1,5,0.7710709702916443,27.799999999999997,19.7,28,0.74285716,15.736608,134.0,52.0,564.0,1.0,30,1.0,0,0.0
C1,6,-0.2979774323981222,34.5,23.7,4,0.8,15.736608,140.0,56.0,564.0,1.0,30,1.0,1,0.0
C1,7,0.21132302182048307,105.7,52.900000000000006,2,18.0,16.40625,147.0,90.0,42.0,1.0,30,3.0,0,0.0
C1,8,0.20647224072637124,112.0,59.5,2,16.0,16.40625,137.0,80.0,42.0,1.0,30,3.0,1,0.0
C1,9,0.18675961811917036,119.9,62.5,2,16.4,16.40625,145.0,82.0,42.0,1.0,30,3.0,0,0.0
C1,10,0.12158957723165417,115.8,61.699999999999996,2,16.6,16.40625,144.0,83.0,42.0,1.0,50,3.0,2,0.0
C1,11,0.06315270689758781,120.1,64.0,2,6.0,16.40625,147.0,30.0,42.0,1.0,50,1.0,1,0.0
C1,12,0.13066174225561755,114.4,60.6,2,17.8,16.40625,143.0,89.0,42.0,1.0,50,3.0,0,0.0
C1,13,0.033764420858275274,132.89999999999998,61.6,2,7.0,16.40625,134.0,35.0,42.0,1.0,50,1.0,1,0.0
C1,14,0.010120949961887796,155.29999999999998,79.8,1,16.8,16.40625,134.0,84.0,42.0,1.0,50,3.0,1,0.0
C1,15,-0.013973580265313007,189.6,107.7,1,30.8,16.40625,141.0,77.0,21.0,1.0,50,3.0,0,0.0
C1,16,-0.05297911075096953,195.70000000000002,111.5,1,24.8,16.40625,151.0,62.0,21.0,1.0,50,2.0,1,0.0
C1,17,-0.053294874492394395,186.0,105.5,1,18.8,16.40625,132.0,47.0,21.0,1.0,50,2.0,0,0.0
C1,18,-0.13327558340236773,200.7,107.30000000000001,1,9.6,16.40625,123.0,24.0,21.0,1.0,50,1.0,1,0.0
C1,19,-0.09822085209356812,193.5,107.30000000000001,1,33.2,16.40625,142.0,83.0,21.0,1.0,70,3.0,0,0.0
C1,20,-0.1926588857941564,192.70000000000002,110.3,1,8.0,16.40625,124.0,20.0,21.0,1.0,70,1.0,0,0.0
C1,21,-0.0930701246341416,193.6,108.39999999999999,1,34.4,16.40625,158.0,86.0,21.0,1.0,70,3.0,1,0.0
C1,22,-0.14348823043394188,190.5,105.7,1,20.8,16.40625,142.0,52.0,21.0,1.0,70,2.0,2,0.0
C1,23,-0.1210964445467925,195.39999999999998,109.8,1,29.2,16.40625,133.0,73.0,21.0,1.0,70,3.0,2,0.0
C1,24,-0.12935215866904698,197.2,113.3,1,28.4,16.40625,139.0,71.0,21.0,1.0,70,3.0,2,0.0
C1,25,-0.1851622550202554,194.39999999999998,110.3,1,12.0,16.40625,122.0,30.0,21.0,1.0,70,1.0,1,0.0
C1,26,-0.14634686303915656,193.39999999999998,110.9,1,22.0,16.40625,150.0,55.0,21.0,1.0,70,2.0,0,0.0
C1,27,-0.16725365331665892,194.89999999999998,110.5,1,17.6,17.1875,122.0,44.0,22.0,1.0,70,2.0,0,0.0
C1,28,-0.1745474800079833,198.8,109.39999999999999,1,18.4,16.40625,124.0,46.0,21.0,1.0,70,2.0,2,0.0
C1,29,-0.16680534035051697,186.0,109.5,1,10.8,16.40625,122.0,27.0,21.0,1.0,70,1.0,2,0.0
C1,30,-0.1030937535675697,193.3,111.19999999999999,1,32.0,16.40625,131.0,80.0,21.0,1.0,70,3.0,1,0.0
C1,31,-0.1016017617270801,194.1,107.39999999999999,1,32.8,16.40625,158.0,82.0,21.0,1.0,70,3.0,2,0.0
C1,32,-0.21152938998124005,200.3,112.3,1,8.4,16.40625,118.0,21.0,21.0,1.0,70,1.0,0,0.0
C1,33,-0.18678882322959234,204.6,117.0,1,19.2,16.40625,126.0,48.0,21.0,1.0,70,2.0,0,0.0
C1,34,-0.1434165672948114,188.70000000000002,107.0,1,19.6,16.40625,135.0,49.0,21.0,1.0,70,2.0,1,0.0
C1,35,-0.15521328924349204,198.0,110.39999999999999,1,22.8,16.40625,109.0,57.0,21.0,1.0,70,3.0,0,0.0
C1,36,-0.13847576812807277,189.79999999999998,105.0,1,21.6,16.40625,133.0,54.0,21.0,1.0,70,2.0,0,0.0
C1,37,-0.11391157339026864,192.0,108.7,1,28.8,16.40625,137.0,72.0,21.0,1.0,70,3.0,0,0.0
C1,38,-0.17371823788941398,196.8,110.10000000000001,1,17.2,16.40625,114.0,43.0,21.0,1.0,70,2.0,2,0.0
C1,39,-0.21021360050755583,199.8,111.10000000000001,1,8.4,16.40625,122.0,21.0,21.0,1.0,70,1.0,1,0.0
C1,40,-0.15052244726019132,195.6,110.3,1,22.4,17.1875,134.0,56.0,22.0,1.0,70,2.0,0,0.0
C1,41,-0.18633480034681005,192.5,106.39999999999999,1,10.0,16.40625,137.0,25.0,21.0,1.0,70,1.0,1,0.0
C1,42,-0.194858546566279,194.39999999999998,111.8,1,8.8,16.40625,123.0,22.0,21.0,1.0,70,1.0,0,0.0
C1,43,-0.14988515671555086,190.0,106.2,1,18.8,16.40625,140.0,47.0,21.0,1.0,70,2.0,1,0.0
C1,44,-0.14031870420250192,188.70000000000002,106.6,1,20.4,16.40625,141.0,51.0,21.0,1.0,70,2.0,0,0.0
C1,45,-0.17499551466323243,200.7,110.2,1,19.6,16.40625,147.0,49.0,21.0,1.0,70,2.0,0,0.0
C1,46,-0.1560843575864625,194.1,109.2,1,20.0,16.40625,142.0,50.0,21.0,1.0,70,2.0,1,0.0
C1,47,-0.20239572789941956,196.39999999999998,109.0,1,8.0,16.40625,130.0,20.0,21.0,1.0,70,1.0,0,0.0
C1,48,-0.18065651005602085,190.8,107.1,1,10.4,16.40625,135.0,26.0,21.0,1.0,70,1.0,2,0.0
C1,49,-0.109964204969216,190.5,109.3,1,28.8,16.40625,135.0,72.0,21.0,1.0,70,3.0,0,0.0
C1,50,-0.1342660726235546,186.4,104.5,1,20.4,16.40625,136.0,51.0,21.0,1.0,70,2.0,1,0.0
C1,51,-0.18548386133421318,195.5,110.8,1,12.8,16.40625,172.0,32.0,21.0,1.0,70,1.0,2,0.0
C1,52,-0.0807130069995192,193.70000000000002,111.10000000000001,1,37.2,16.40625,155.0,93.0,21.0,1.0,70,3.0,2,0.0
C1,53,-0.1736989902606576,186.79999999999998,108.3,1,9.2,16.40625,150.0,23.0,21.0,1.0,70,1.0,1,0.0
C1,54,-0.17537396503694985,190.20000000000002,106.30000000000001,1,11.6,16.40625,151.0,29.0,21.0,1.0,70,1.0,0,0.0
C1,55,-0.19872869315965452,198.6,106.89999999999999,1,11.2,16.40625,139.0,28.0,21.0,1.0,70,1.0,0,0.0
C1,56,-0.05787520957859574,196.3,112.4,1,24.0,16.40625,152.0,60.0,21.0,1.0,50,2.0,2,0.0
C1,57,-0.11847047420175089,192.39999999999998,107.6,1,8.0,16.40625,134.0,20.0,21.0,1.0,50,1.0,0,0.0
C1,58,-0.0731800637269199,188.1,108.0,1,15.6,16.40625,111.0,39.0,21.0,1.0,50,2.0,2,0.0
C1,59,-0.049573962736328525,180.5,102.0,1,16.4,16.40625,98.0,41.0,21.0,1.0,50,2.0,1,0.0
C1,60,-0.1120694639321474,191.3,108.0,1,8.8,16.40625,109.0,22.0,21.0,1.0,50,1.0,2,0.0
C1,61,0.5398439716401693,49.9,40.099999999999994,1,12.4,16.40625,49.0,31.0,21.0,1.0,50,3.0,1,0.0
C1,62,0.08079449403960492,138.4,90.1,1,20.8,16.40625,89.0,52.0,21.0,1.0,50,3.0,1,0.0
C1,63,0.5887611642218549,43.1,32.4,1,10.0,16.40625,39.0,25.0,21.0,1.0,50,3.0,0,0.0
C1,64,0.04125282781863854,140.5,88.6,1,13.2,16.40625,81.0,33.0,21.0,1.0,50,2.0,0,0.0
C1,65,-0.13248610971815722,200.4,111.0,1,9.6,16.40625,121.0,24.0,21.0,1.0,50,1.0,1,0.0
C1,66,-0.06473182174986872,193.70000000000002,109.10000000000001,1,20.8,16.40625,147.0,52.0,21.0,1.0,50,2.0,1,0.0
C1,67,-0.07122589763289042,198.8,110.7,1,22.4,16.40625,146.0,56.0,21.0,1.0,50,2.0,2,0.0
C1,68,-0.10457402181715672,192.5,108.39999999999999,1,11.2,16.40625,148.0,28.0,21.0,1.0,50,1.0,2,0.0
C1,69,-0.2488348404128089,200.9,116.0,1,11.2,16.40625,145.0,28.0,21.0,1.0,90,1.0,0,0.0
C1,70,-0.21528832917808055,195.20000000000002,109.3,1,21.6,16.40625,146.0,54.0,21.0,1.0,90,2.0,2,0.0
C1,71,-0.252540791141129,202.1,112.5,1,10.8,16.40625,145.0,27.0,21.0,1.0,90,1.0,0,0.0
C1,72,-0.036272939194111176,198.6,110.3,1,31.2,16.40625,134.0,78.0,21.0,1.0,50,3.0,2,0.0
C1,73,-0.07360725683077665,178.7,101.2,1,10.0,16.40625,145.0,25.0,21.0,1.0,50,1.0,0,0.0
C1,74,-0.07685093084796812,196.3,111.5,1,19.6,16.40625,122.0,49.0,21.0,1.0,50,2.0,1,0.0
C1,75,-0.05444986233290053,202.8,111.10000000000001,1,29.2,17.1875,129.0,73.0,22.0,1.0,50,3.0,0,0.0
C1,76,-0.016948811905207584,196.9,109.7,1,36.0,17.1875,155.0,90.0,22.0,1.0,50,3.0,0,0.0
C1,77,-0.0458537735790073,198.4,110.39999999999999,1,28.4,17.1875,140.0,71.0,22.0,1.0,50,3.0,0,0.0
C1,78,-0.07253653054500575,196.0,106.89999999999999,1,20.4,17.1875,126.0,51.0,22.0,1.0,50,2.0,2,0.0
C1,79,-0.15150199367288192,208.3,115.9,1,10.0,17.1875,136.0,25.0,22.0,1.0,50,1.0,1,0.0
C1,80,-0.08265374649066476,195.8,107.80000000000001,1,18.0,17.1875,118.0,45.0,22.0,1.0,50,2.0,1,0.0
C1,81,-0.013829805434228598,191.1,109.60000000000001,1,32.0,17.1875,142.0,80.0,22.0,1.0,50,3.0,1,0.0
C1,82,-0.02350831261027836,197.2,110.5,1,34.0,17.1875,148.0,85.0,22.0,1.0,50,3.0,0,0.0
C1,83,-0.144519233946174,207.0,107.30000000000001,1,10.8,17.1875,137.0,27.0,22.0,1.0,50,1.0,1,0.0
C1,84,-0.12123883577814507,196.8,108.7,1,10.0,17.1875,128.0,25.0,22.0,1.0,50,1.0,0,0.0
C1,85,-0.11636133920933195,196.3,111.60000000000001,1,10.8,17.1875,137.0,27.0,22.0,1.0,50,1.0,2,0.0
C1,86,-0.024236738160049925,193.5,107.7,1,30.8,17.1875,133.0,77.0,22.0,1.0,50,3.0,2,0.0
C1,87,-0.016510781334438646,185.5,107.39999999999999,1,27.2,17.1875,123.0,68.0,22.0,1.0,50,3.0,2,0.0
C1,88,-0.02613070011040461,183.60000000000002,106.2,1,23.6,17.1875,113.0,59.0,22.0,1.0,50,3.0,1,0.0
C1,89,0.09975025288154171,113.5,67.2,1,10.4,17.1875,68.0,26.0,22.0,1.0,50,2.0,0,0.0
C1,90,0.5908156991447666,32.300000000000004,25.9,1,4.0,17.1875,20.0,10.0,22.0,1.0,70,2.0,1,0.0
C1,91,0.03924485343321238,113.69999999999999,68.7,1,15.6,17.1875,63.0,39.0,22.0,1.0,70,3.0,1,0.0
C1,92,-0.16544787730288407,180.7,107.30000000000001,1,6.4,17.1875,102.0,16.0,22.0,1.0,70,1.0,0,0.0
C1,93,0.12539612152292645,74.5,45.1,1,10.4,17.1875,41.0,26.0,22.0,1.0,70,3.0,0,0.0
C1,94,0.13618559520713694,70.4,44.4,1,10.4,17.1875,41.0,26.0,22.0,1.0,70,3.0,2,0.0
C1,95,-0.13990467741822393,171.4,100.5,1,6.8,17.1875,93.0,17.0,22.0,1.0,70,1.0,2,0.0
C1,96,0.09478639949244408,83.9,56.2,1,8.4,17.1875,50.0,21.0,22.0,1.0,70,2.0,1,0.0
C1,97,-0.021682224913555204,124.5,77.10000000000001,1,4.8,17.1875,73.0,12.0,22.0,1.0,70,1.0,1,0.0
C1,98,0.010357072981993218,126.3,76.39999999999999,1,16.8,17.1875,75.0,42.0,22.0,1.0,70,3.0,2,0.0
C1,99,0.5070712779951244,43.3,33.0,1,8.8,17.1875,34.0,22.0,22.0,1.0,70,3.0,0,0.0
C1,100,0.5354238167568861,40.2,33.300000000000004,1,9.2,17.1875,35.0,23.0,22.0,1.0,70,3.0,2,0.0
C1,101,0.4943244710745912,43.3,33.5,1,4.0,17.1875,32.0,10.0,22.0,1.0,70,1.0,0,0.0
C1,102,-0.056483624786644954,139.7,88.6,1,6.8,17.1875,81.0,17.0,22.0,1.0,70,1.0,2,0.0
C1,103,0.04642296521789452,103.6,59.8,1,9.6,17.1875,55.0,24.0,22.0,1.0,70,2.0,2,0.0
C1,104,0.583530740716053,32.7,26.4,1,2.4,17.1875,21.0,6.0,22.0,1.0,70,1.0,2,0.0
C1,105,0.5879618065793835,32.300000000000004,24.9,1,2.8,17.1875,25.0,7.0,22.0,1.0,70,1.0,0,0.0
C1,106,0.5058966494284207,43.7,34.4,1,9.6,17.1875,37.0,24.0,22.0,1.0,70,3.0,1,0.0
C1,107,0.5147736070179041,43.1,33.0,1,10.8,17.1875,38.0,27.0,22.0,1.0,70,3.0,0,0.0
C1,108,0.5625665839794721,32.2,25.1,1,7.2,17.1875,22.0,18.0,22.0,1.0,90,3.0,0,0.0
C1,109,0.5600566934132838,32.7,26.700000000000003,1,8.8,17.1875,29.0,22.0,22.0,1.0,90,3.0,0,0.0
C1,110,0.5557636562641594,32.599999999999994,25.6,1,4.0,17.1875,23.0,10.0,22.0,1.0,90,2.0,2,0.0
C1,111,-0.10892652788017873,145.5,91.6,1,6.4,17.1875,91.0,16.0,22.0,1.0,90,1.0,0,0.0
C1,112,-0.18277748295710095,186.1,106.2,1,25.2,17.1875,166.0,63.0,22.0,1.0,90,2.0,0,0.0
C1,113,-0.1821200401097191,190.0,106.89999999999999,1,29.2,17.1875,132.0,73.0,22.0,1.0,90,3.0,1,0.0
C1,114,-0.18410335057157917,191.20000000000002,107.80000000000001,1,29.6,17.1875,143.0,74.0,22.0,1.0,90,3.0,0,0.0
C1,115,-0.2207092788307105,189.6,111.0,1,10.0,17.1875,145.0,25.0,22.0,1.0,90,1.0,0,0.0
C1,116,-0.17200436028341343,189.4,105.80000000000001,1,32.0,17.1875,146.0,80.0,22.0,1.0,90,3.0,2,0.0
C1,117,-0.22624351215613958,198.7,106.0,1,20.8,17.1875,141.0,52.0,22.0,1.0,90,2.0,1,0.0
C1,118,-0.23090721251996899,194.3,113.19999999999999,1,11.6,17.1875,160.0,29.0,22.0,1.0,90,1.0,1,0.0
C1,119,-0.21755314172683243,200.5,110.5,1,26.4,17.1875,116.0,66.0,22.0,1.0,90,3.0,2,0.0
C1,120,-0.20215407377788025,191.6,110.5,1,23.2,17.1875,160.0,58.0,22.0,1.0,90,2.0,0,0.0
C1,121,-0.16598764603755123,189.6,109.2,1,34.0,17.1875,153.0,85.0,22.0,1.0,90,3.0,1,0.0
C1,122,-0.18759481696029306,193.89999999999998,110.8,1,30.8,17.1875,136.0,77.0,22.0,1.0,90,3.0,0,0.0
C1,123,0.6648537330978317,18.2,17.7,1,2.4,17.1875,19.0,6.0,22.0,1.0,90,1.0,2,0.0
C1,124,0.6645151185065423,18.8,17.6,1,2.0,17.1875,17.0,5.0,22.0,1.0,90,1.0,2,0.0
C1,125,-0.09212944811086593,139.8,91.30000000000001,1,8.0,17.1875,86.0,20.0,22.0,1.0,90,1.0,0,0.0
C1,126,-0.245213943293481,200.4,111.8,1,12.8,17.1875,145.0,32.0,22.0,1.0,90,1.0,0,0.0
C1,127,-0.20324927348715122,188.70000000000002,107.2,1,19.2,17.1875,144.0,48.0,22.0,1.0,90,2.0,1,0.0
C1,128,-0.1918611161362837,194.6,110.5,1,30.0,17.1875,141.0,75.0,22.0,1.0,90,3.0,2,0.0
C1,129,-0.21728836499799414,188.5,104.80000000000001,1,10.4,17.1875,148.0,26.0,22.0,1.0,90,1.0,0,0.0
C1,130,-0.2133487753140343,193.8,109.10000000000001,1,20.8,17.1875,139.0,52.0,22.0,1.0,90,2.0,2,0.0
C1,131,-0.2378157700629464,204.1,114.6,1,22.0,17.1875,155.0,55.0,22.0,1.0,90,2.0,2,0.0
C1,132,-0.20703298584035007,191.39999999999998,107.2,1,20.8,17.1875,146.0,52.0,22.0,1.0,90,2.0,0,0.0
C1,133,-0.27385658061481316,210.2,112.4,1,10.8,17.1875,140.0,27.0,22.0,1.0,90,1.0,1,0.0
C1,134,-0.22623573341904668,191.89999999999998,110.5,1,10.4,17.1875,125.0,26.0,22.0,1.0,90,1.0,0,0.0
C1,135,-0.20946314959495294,192.0,106.7,1,20.4,17.1875,151.0,51.0,22.0,1.0,90,2.0,1,0.0
C1,136,-0.1834583102839354,181.79999999999998,107.2,1,20.0,17.1875,140.0,50.0,22.0,1.0,90,2.0,2,0.0
C1,137,-0.22590821886741796,191.0,109.8,1,8.8,17.1875,121.0,22.0,22.0,1.0,90,1.0,0,0.0
C1,138,-0.2114345346568916,185.5,101.9,1,8.8,17.1875,138.0,22.0,22.0,1.0,90,1.0,2,0.0
C1,139,-0.18871151737310382,191.20000000000002,105.89999999999999,1,8.0,17.1875,126.0,20.0,22.0,1.0,70,1.0,1,0.0
C1,140,-0.16462199882081396,195.6,111.8,1,18.8,17.1875,135.0,47.0,22.0,1.0,70,2.0,0,0.0
C1,141,-0.1923316561399906,195.70000000000002,106.30000000000001,1,10.8,17.1875,151.0,27.0,22.0,1.0,70,1.0,2,0.0
C1,142,-0.17777996910613264,198.9,109.2,1,17.6,17.1875,118.0,44.0,22.0,1.0,70,2.0,2,0.0
C1,143,-0.15867972518954837,194.5,108.5,1,19.6,17.1875,132.0,49.0,22.0,1.0,70,2.0,2,0.0
C1,144,-0.1308967627062922,195.8,109.10000000000001,1,27.2,17.1875,127.0,68.0,22.0,1.0,70,3.0,0,0.0
C1,145,-0.1731769056099679,187.5,105.30000000000001,1,10.0,17.1875,135.0,25.0,22.0,1.0,70,1.0,1,0.0
C1,146,-0.203814404792863,199.6,109.0,1,10.4,17.1875,138.0,26.0,22.0,1.0,70,1.0,0,0.0
C1,147,-0.1370519811243291,185.70000000000002,104.4,1,19.2,17.1875,132.0,48.0,22.0,1.0,70,2.0,2,0.0
C1,148,-0.024540862012889242,145.3,94.10000000000001,1,20.8,17.1875,93.0,52.0,22.0,1.0,70,3.0,0,0.0
C1,149,0.7027210189426429,17.7,17.3,1,5.6,17.1875,16.0,14.0,22.0,1.0,70,3.0,2,0.0
C1,150,-0.21021360050755583,199.8,118.7,1,8.4,17.1875,108.0,21.0,22.0,1.0,70,1.0,0,0.0
C1,151,0.5930718961356254,32.5,25.2,1,5.6,17.1875,29.0,14.0,22.0,1.0,70,2.0,1,0.0
C1,152,0.5923571909084617,32.7,26.1,1,6.0,17.1875,28.0,15.0,22.0,1.0,70,2.0,1,0.0
C1,153,-0.13664577049213428,188.5,106.6,1,21.2,17.1875,106.0,53.0,22.0,1.0,70,3.0,2,0.0
C1,154,-0.15970007719262214,183.29999999999998,104.80000000000001,1,10.8,17.1875,148.0,27.0,22.0,1.0,70,1.0,1,0.0
C1,155,-0.15292204368889328,177.6,104.2,1,8.0,17.1875,100.0,20.0,22.0,1.0,70,1.0,0,0.0
C1,156,-0.1992253060501314,196.5,107.2,1,9.2,17.1875,139.0,23.0,22.0,1.0,70,1.0,2,0.0
C1,157,-0.14796191464446817,192.20000000000002,107.0,1,20.8,17.1875,145.0,52.0,22.0,1.0,70,2.0,1,0.0
C1,158,-0.10180631023237391,187.4,108.2,1,28.8,17.1875,140.0,72.0,22.0,1.0,70,3.0,2,0.0
C1,159,-0.1685694427903432,195.39999999999998,109.0,1,17.6,17.1875,124.0,44.0,22.0,1.0,70,2.0,0,0.0
C1,160,0.007631578947368434,195.1,108.10000000000001,1,25.2,17.1875,118.0,63.0,22.0,1.0,30,3.0,1,0.0
C1,161,0.033684210526315816,185.20000000000002,106.2,1,20.4,17.1875,138.0,51.0,22.0,1.0,30,2.0,1,0.0
C1,162,-0.003947368421052644,199.5,110.60000000000001,1,22.0,17.1875,146.0,55.0,22.0,1.0,30,2.0,0,0.0
C1,163,-0.00725903515674392,196.20000000000002,115.9,1,19.2,17.1875,125.0,48.0,22.0,1.0,30,2.0,2,0.0
C1,164,0.019999999999999962,190.4,108.10000000000001,1,28.4,17.1875,122.0,71.0,22.0,1.0,30,3.0,0,0.0
C1,165,0.021052631578947323,190.0,107.7,1,28.0,17.1875,131.0,70.0,22.0,1.0,30,3.0,0,0.0
C1,166,-0.03909017484262037,196.39999999999998,111.0,1,8.8,17.1875,136.0,22.0,22.0,1.0,30,1.0,1,0.0
C1,167,0.0035414041047480416,180.2,108.60000000000001,1,8.8,17.1875,137.0,22.0,22.0,1.0,30,1.0,1,0.0
C1,168,-0.05048346878681806,204.0,112.3,1,11.2,17.1875,128.0,28.0,22.0,1.0,30,1.0,0,0.0
C1,169,-0.04201433169184318,201.3,110.3,1,11.6,17.1875,144.0,29.0,22.0,1.0,30,1.0,0,0.0
C1,170,0.03157894736842104,186.0,106.80000000000001,1,34.4,17.1875,147.0,86.0,22.0,1.0,30,3.0,2,0.0
C1,171,0.12813413455554667,124.3,69.2,2,5.2,16.40625,138.0,26.0,42.0,1.0,30,1.0,1,0.0
C1,172,0.18991014154680402,121.6,64.4,2,19.6,16.796875,142.0,98.0,43.0,1.0,30,3.0,0,0.0
C1,173,0.1720687726976536,118.1,62.199999999999996,2,10.2,16.796875,127.0,51.0,43.0,1.0,30,2.0,0,0.0
C1,174,0.18324882620289362,115.7,61.9,2,11.6,16.796875,131.0,58.0,43.0,1.0,30,2.0,0,0.0
C1,175,0.0009653381673618011,103.5,57.2,2,5.8,16.796875,130.0,29.0,43.0,1.0,90,1.0,0,0.0
C1,176,-0.03149044472280202,115.6,65.0,2,5.2,16.796875,128.0,26.0,43.0,1.0,90,1.0,0,0.0
C1,177,-0.03646643303460778,119.2,61.5,2,9.2,16.796875,125.0,46.0,43.0,1.0,90,2.0,2,0.0
C1,178,-0.21298563282770638,188.6,98.6,1,18.4,17.1875,120.0,46.0,22.0,1.0,90,2.0,1,0.0
C1,179,-0.19482773809086434,184.9,106.30000000000001,1,18.4,17.1875,119.0,46.0,22.0,1.0,90,2.0,2,0.0
C1,180,-0.20351896561247584,188.5,107.6,1,18.8,17.1875,124.0,47.0,22.0,1.0,90,2.0,2,0.0
C1,181,0.06798662371088598,163.0,85.3,2,77.6,16.796875,587.0,388.0,43.0,1.0,90,3.0,0,0.0
C1,182,0.09386037886649909,115.4,62.300000000000004,2,50.2,16.796875,431.0,251.0,43.0,1.0,90,3.0,2,0.0
C1,183,0.4645618293954319,43.2,30.200000000000003,2,5.8,17.1875,41.0,29.0,44.0,1.0,90,3.0,0,0.0
C1,184,0.6652003871959242,17.4,17.0,2,2.8,16.796875,14.0,14.0,43.0,1.0,90,3.0,1,0.0
C1,185,0.5970361905579076,27.599999999999998,20.2,2,1.0,16.796875,20.0,5.0,43.0,1.0,90,1.0,2,0.0
C1,186,-0.036188219008818356,120.2,61.699999999999996,2,11.4,16.796875,132.0,57.0,43.0,1.0,90,2.0,2,0.0
C1,187,-0.032465490483952614,119.0,63.5,2,11.8,16.796875,126.0,59.0,43.0,1.0,90,2.0,0,0.0
C1,188,0.3922825130681125,50.0,17.4,1,1.2,17.1875,3.0,3.0,22.0,1.0,90,2.0,1,0.0
C1,189,0.5460940658749633,33.5,24.6,1,2.0,17.1875,21.0,5.0,22.0,1.0,90,1.0,1,0.0
C1,190,0.010771518032757804,102.9,58.1,1,12.4,17.1875,52.0,31.0,22.0,1.0,90,3.0,1,0.0
C1,191,0.49898150701078153,39.300000000000004,33.5,1,6.0,17.1875,32.0,15.0,22.0,1.0,90,2.0,1,0.0
C1,192,0.6652003871959242,17.5,17.2,1,2.8,17.1875,8.0,7.0,22.0,1.0,90,3.0,2,0.0
C1,193,-0.18478565272524877,185.0,107.30000000000001,1,23.2,17.1875,105.0,58.0,22.0,1.0,90,3.0,0,0.0
C1,194,-0.21348680423446992,195.20000000000002,108.60000000000001,1,22.4,17.1875,104.0,56.0,22.0,1.0,90,3.0,0,0.0
C1,195,0.666289972053633,17.8,17.4,1,4.0,17.1875,11.0,10.0,22.0,1.0,90,3.0,1,0.0
C1,196,0.014301588176371005,100.1,58.3,1,9.6,17.1875,58.0,24.0,22.0,1.0,90,2.0,2,0.0
C1,197,-0.2385716825180722,197.0,111.19999999999999,1,11.2,17.1875,131.0,28.0,22.0,1.0,90,1.0,0,0.0
C1,198,-0.19543099577544915,192.5,109.60000000000001,1,26.8,17.1875,124.0,67.0,22.0,1.0,90,3.0,1,0.0
C1,199,0.5618110793781961,32.5,25.6,1,8.8,17.1875,28.0,22.0,22.0,1.0,90,3.0,2,0.0
C1,200,0.666289972053633,17.9,17.4,1,4.0,17.1875,11.0,10.0,22.0,1.0,90,3.0,2,0.0
C1,201,-0.21956283421931932,202.5,110.5,1,27.6,17.1875,121.0,69.0,22.0,1.0,90,3.0,2,0.0
C1,202,-0.2546986499059343,201.4,113.60000000000001,1,7.6,17.1875,133.0,19.0,22.0,1.0,90,1.0,0,0.0
C1,203,0.5586346834273989,32.7,25.4,1,7.6,17.1875,25.0,19.0,22.0,1.0,90,3.0,1,0.0
C1,204,0.5582214290821165,32.800000000000004,26.5,1,8.0,17.1875,25.0,20.0,22.0,1.0,90,3.0,1,0.0
C1,205,-0.1979926498230022,186.4,106.30000000000001,1,18.8,17.1875,127.0,47.0,22.0,1.0,90,2.0,2,0.0
C1,206,-0.23292842345525572,197.7,107.30000000000001,1,16.0,17.1875,103.0,40.0,22.0,1.0,90,2.0,1,0.0
C1,207,0.4660734721198212,43.1,32.9,1,6.4,17.1875,35.0,16.0,22.0,1.0,90,2.0,2,0.0
C1,208,-0.1774835114012358,180.5,103.0,1,21.2,17.1875,100.0,53.0,22.0,1.0,90,3.0,2,0.0
C1,209,0.666289972053633,17.8,17.3,1,4.0,17.1875,16.0,10.0,22.0,1.0,90,2.0,1,0.0
C1,210,-0.06203298584035016,136.3,85.0,1,20.8,17.1875,85.0,52.0,22.0,1.0,90,3.0,0,0.0
C1,211,-0.10040445790149913,142.1,84.5,1,6.0,17.1875,85.0,15.0,22.0,1.0,90,1.0,1,0.0
C1,212,-0.21032890949762778,194.0,107.0,1,22.4,17.1875,103.0,56.0,22.0,1.0,90,3.0,1,0.0
C1,213,-0.2248282208555722,196.9,107.80000000000001,1,19.2,17.1875,127.0,48.0,22.0,1.0,90,2.0,0,0.0
C1,214,0.08379673853455943,74.5,45.400000000000006,1,11.2,17.1875,44.0,28.0,22.0,1.0,90,3.0,1,0.0
C1,215,0.018658393106264576,96.10000000000001,56.599999999999994,1,4.0,17.1875,52.0,10.0,22.0,1.0,90,1.0,1,0.0
C1,216,-0.19147177162421075,194.0,108.5,1,29.6,17.1875,127.0,74.0,22.0,1.0,90,3.0,0,0.0
C1,217,-0.005183101840099402,107.89999999999999,63.4,1,10.4,17.1875,68.0,26.0,22.0,1.0,90,2.0,2,0.0
C1,218,-0.0813467687301091,134.7,78.8,1,5.6,17.1875,79.0,14.0,22.0,1.0,90,1.0,1,0.0
C1,219,0.6666701724931865,17.5,17.2,1,4.4,17.1875,13.0,11.0,22.0,1.0,90,3.0,2,0.0
C1,220,-0.07313705419596819,131.89999999999998,74.89999999999999,1,6.4,17.1875,75.0,16.0,22.0,1.0,90,1.0,0,0.0
C1,221,-0.2570250683043947,203.4,115.9,1,10.0,17.1875,107.0,25.0,22.0,1.0,90,1.0,0,0.0
C1,222,0.5621434553572233,32.300000000000004,24.7,1,7.6,17.1875,29.0,19.0,22.0,1.0,90,3.0,0,0.0
C1,223,0.6655552192464198,17.9,17.3,1,3.2,17.1875,14.0,8.0,22.0,1.0,90,2.0,0,0.0
C1,224,0.6645151185065423,17.8,17.3,1,2.0,17.1875,9.0,5.0,22.0,1.0,90,2.0,2,0.0
C1,225,0.4003882500542819,50.0,17.5,1,0.8,17.1875,9.0,2.0,22.0,1.0,90,1.0,0,0.0
C1,226,0.5559819006822538,32.9,26.3,1,6.8,17.1875,22.0,17.0,22.0,1.0,90,3.0,1,0.0
C1,227,0.6652003871959242,17.6,17.4,1,2.8,17.1875,7.0,7.0,22.0,1.0,90,3.0,1,0.0
C1,228,0.6652003871959242,17.6,17.3,1,2.8,17.1875,7.0,7.0,22.0,1.0,90,3.0,0,0.0
C1,229,0.6641844064673916,17.7,17.3,1,1.6,17.1875,13.0,4.0,22.0,1.0,90,1.0,2,0.0
C1,230,0.4003882500542819,50.0,17.6,1,0.8,17.1875,3.0,2.0,22.0,1.0,90,2.0,2,0.0
C1,231,0.6645151185065423,17.6,17.3,1,2.0,17.1875,18.0,5.0,22.0,1.0,90,1.0,2,0.0
C1,232,0.6659183675801024,17.7,17.4,1,3.6,17.1875,14.0,9.0,22.0,1.0,90,2.0,0,0.0
C1,233,0.6645151185065423,17.8,17.3,1,2.0,17.1875,6.0,5.0,22.0,1.0,90,3.0,1,0.0
C1,234,0.6655552192464198,17.9,17.4,1,3.2,17.1875,8.0,8.0,22.0,1.0,90,3.0,2,0.0
C1,235,0.6638614604365336,17.8,17.5,1,1.2,17.1875,10.0,3.0,22.0,1.0,90,1.0,0,0.0
C1,236,0.6659183675801024,17.5,17.3,1,3.6,17.1875,15.0,9.0,22.0,1.0,90,2.0,0,0.0
C1,237,0.40070356569969146,50.0,17.5,1,1.2,17.1875,8.0,3.0,22.0,1.0,90,1.0,1,0.0
C1,238,0.6641844064673916,17.7,17.3,1,1.6,17.1875,10.0,4.0,22.0,1.0,90,1.0,0,0.0
C1,239,0.40102651173054954,50.0,17.3,1,1.6,17.1875,4.0,4.0,22.0,1.0,90,2.0,1,0.0
C1,240,0.4003882500542819,50.0,17.3,1,0.8,17.1875,6.0,2.0,22.0,1.0,90,1.0,1,0.0
C1,241,-0.027715937158054593,186.1,106.30000000000001,1,64.8,17.1875,293.0,162.0,22.0,1.0,90,3.0,2,0.0
C1,242,-0.4147613015653701,250.6,169.1,3,200.0,17.1875,1200.0,500.0,22.0,1.0,90,3.0,2,0.0
C1,243,0.7441433515612281,17.9,17.3,4,0.8,16.40625,6.0,8.0,84.0,1.0,50,3.0,0,0.0
C1,244,0.7517792348932073,17.6,17.1,4,0.6,16.40625,12.0,6.0,84.0,1.0,50,1.0,2,0.0
C1,245,0.7517792348932073,17.8,17.3,4,0.6,16.40625,4.0,6.0,84.0,1.0,50,3.0,0,0.0
C1,246,0.7553359022272423,18.2,18.0,4,1.5,16.40625,25.0,15.0,84.0,1.0,50,2.0,0,0.0
C1,247,0.5019336950212339,49.3,32.2,4,2.4,16.40625,93.0,24.0,84.0,1.0,50,1.0,2,0.0
C1,248,-0.03645276922923646,131.6,71.4,1,18.8,17.1875,81.0,47.0,22.0,1.0,50,3.0,0,0.0
C1,249,0.7557347567600108,17.7,17.3,1,1.6,17.1875,11.0,4.0,22.0,1.0,50,1.0,2,0.0
C1,250,0.6609630336001078,32.300000000000004,25.8,1,4.8,17.1875,27.0,12.0,22.0,1.0,50,2.0,2,0.0
C1,251,0.6037246173156203,39.6,32.2,1,6.4,17.1875,33.0,16.0,22.0,1.0,50,2.0,0,0.0
C1,252,0.7605761873560926,18.3,17.4,1,2.8,17.1875,12.0,7.0,22.0,1.0,50,2.0,2,0.0
C1,253,0.5739000559121117,43.0,33.6,1,6.4,17.1875,35.0,16.0,22.0,1.0,50,2.0,0,0.0
C1,254,0.757337347487159,17.6,17.3,1,2.0,17.1875,8.0,5.0,22.0,1.0,50,2.0,2,0.0
C1,255,0.5542091280890806,43.9,34.3,1,3.6,17.1875,30.0,9.0,22.0,1.0,50,1.0,0,0.0
C1,256,0.1045378253797987,114.4,68.6,1,12.0,17.1875,68.0,30.0,22.0,1.0,50,2.0,0,0.0
C1,257,0.6566551264802722,32.599999999999994,25.5,1,4.4,17.1875,24.0,11.0,22.0,1.0,50,2.0,0,0.0
C1,258,0.4894065094559651,50.0,17.5,1,0.8,17.1875,5.0,2.0,22.0,1.0,50,1.0,2,0.0
C1,259,0.12264879752031574,96.19999999999999,57.7,1,5.2,17.1875,53.0,13.0,22.0,1.0,50,1.0,2,0.0
C1,260,0.5181464207050193,48.2,34.7,1,4.0,17.1875,38.0,10.0,22.0,1.0,50,1.0,2,0.0
C1,261,0.04265098918402896,138.6,87.8,1,12.4,17.1875,89.0,31.0,22.0,1.0,50,2.0,0,0.0
C1,262,0.6474182926192504,32.9,25.5,1,2.8,17.1875,26.0,7.0,22.0,1.0,50,1.0,2,0.0
C1,263,0.026448966594523657,133.39999999999998,84.9,1,5.6,17.1875,82.0,14.0,22.0,1.0,50,1.0,0,0.0
C1,264,-0.07318006228013851,192.20000000000002,110.5,1,18.0,17.1875,118.0,45.0,22.0,1.0,50,2.0,2,0.0
C1,265,-0.12380189919184148,197.1,107.1,1,9.6,17.1875,145.0,24.0,22.0,1.0,50,1.0,2,0.0
C1,266,-0.1464574218269417,203.7,113.60000000000001,1,8.4,17.1875,104.0,21.0,22.0,1.0,50,1.0,1,0.0
C1,267,0.12639196858553534,93.5,49.4,1,4.4,17.1875,43.0,11.0,22.0,1.0,50,1.0,1,0.0
C1,268,-0.13521353161843647,198.1,108.0,1,7.6,17.1875,103.0,19.0,22.0,1.0,50,1.0,0,0.0
C1,269,0.5870309546359276,43.5,33.2,1,10.4,17.1875,37.0,26.0,22.0,1.0,50,3.0,1,0.0
C1,270,0.5516856289283054,44.0,33.5,1,3.2,17.1875,30.0,8.0,22.0,1.0,50,1.0,0,0.0
C1,271,-0.0493178194676524,164.8,101.2,1,7.2,17.1875,93.0,18.0,22.0,1.0,50,1.0,0,0.0
C1,272,0.6625893174717166,32.5,26.3,1,5.6,17.1875,27.0,14.0,22.0,1.0,50,2.0,1,0.0
C1,273,-0.09365528793820255,199.3,108.60000000000001,1,17.6,17.1875,121.0,44.0,22.0,1.0,50,2.0,0,0.0
C1,274,-0.054717314841753656,195.1,107.7,1,24.0,17.1875,107.0,60.0,22.0,1.0,50,3.0,1,0.0
C1,275,0.6469628269354493,32.4,25.4,1,1.6,17.1875,21.0,4.0,22.0,1.0,50,1.0,1,0.0
C1,276,0.16234561098787115,93.8,56.599999999999994,1,12.8,17.1875,56.0,32.0,22.0,1.0,50,3.0,1,0.0
C1,277,-0.08961589214337531,196.39999999999998,109.0,1,16.8,17.1875,113.0,42.0,22.0,1.0,50,2.0,1,0.0
C1,278,-0.12676515156761875,198.9,113.3,1,10.0,17.1875,115.0,25.0,22.0,1.0,50,1.0,0,0.0
C1,279,0.6987104359868719,17.8,17.2,1,4.0,17.1875,16.0,10.0,22.0,1.0,70,2.0,0,0.0
C1,280,-0.17843583236592087,188.6,105.39999999999999,1,9.2,17.1875,119.0,23.0,22.0,1.0,70,1.0,0,0.0
C1,281,0.06588479626598656,93.2,55.0,1,6.8,17.1875,51.0,17.0,22.0,1.0,70,2.0,2,0.0
C1,282,0.053047087594629005,103.4,57.5,1,11.6,17.1875,51.0,29.0,22.0,1.0,70,3.0,0,0.0
C1,283,0.8500762134230411,18.0,17.4,1,3.2,17.1875,12.0,8.0,22.0,1.0,30,2.0,1,0.0
C1,284,0.5748318922081663,50.0,17.3,1,0.4,17.1875,4.0,1.0,22.0,1.0,30,1.0,1,0.0
C1,285,0.8449503405842116,17.9,17.6,1,2.0,17.1875,5.0,5.0,22.0,1.0,30,3.0,1,0.0
C1,286,0.8449503405842116,17.7,17.3,1,2.0,17.1875,14.0,5.0,22.0,1.0,30,1.0,1,0.0
C1,287,0.8500762134230411,19.0,17.6,1,3.2,17.1875,8.0,8.0,22.0,1.0,30,3.0,1,0.0
C1,288,0.6645151185065423,17.9,17.5,1,2.0,17.1875,7.0,5.0,22.0,1.0,90,2.0,2,0.0
C1,289,0.6666701724931865,17.5,17.3,1,4.4,17.1875,13.0,11.0,22.0,1.0,90,3.0,2,0.0
C1,290,0.4003882500542819,50.0,17.2,1,0.8,17.1875,2.0,2.0,22.0,1.0,90,2.0,2,0.0
C1,291,0.6666701724931865,17.8,17.3,1,4.4,17.1875,17.0,11.0,22.0,1.0,90,2.0,2,0.0
C1,292,0.6648537330978317,17.7,17.3,1,2.4,17.1875,10.0,6.0,22.0,1.0,90,2.0,0,0.0
C1,293,0.6666701724931865,17.7,17.4,1,4.4,17.1875,11.0,11.0,22.0,1.0,90,3.0,0,0.0
C1,294,-0.06162510102655855,126.9,77.2,1,4.8,17.1875,79.0,12.0,22.0,1.0,90,1.0,1,0.0
C1,295,-0.260907212519969,205.7,112.0,1,11.6,17.1875,106.0,29.0,22.0,1.0,90,1.0,1,0.0
C1,296,-0.06345831028393545,136.2,86.7,1,20.0,17.1875,85.0,50.0,22.0,1.0,90,3.0,2,0.0
C1,297,0.4617574544729061,44.2,33.9,1,10.8,17.1875,38.0,27.0,22.0,1.0,90,3.0,0,0.0
C1,298,0.06902742447569007,79.69999999999999,44.6,1,10.4,17.1875,44.0,26.0,22.0,1.0,90,3.0,2,0.0
C1,299,-0.1980406408518377,191.89999999999998,109.2,1,25.2,17.1875,108.0,63.0,22.0,1.0,90,3.0,0,0.0
C1,300,-0.1896096698570673,190.70000000000002,105.5,1,27.2,17.1875,127.0,68.0,22.0,1.0,90,3.0,0,0.0
C1,301,-0.0891522223687202,141.8,88.3,1,14.0,17.1875,83.0,35.0,22.0,1.0,90,2.0,2,0.0
C1,302,-0.04476782136168811,120.80000000000001,72.2,1,5.6,17.1875,68.0,14.0,22.0,1.0,90,1.0,2,0.0
C1,303,-0.21115591151449364,196.5,109.8,1,24.8,17.1875,121.0,62.0,22.0,1.0,90,3.0,1,0.0
C1,304,-0.03254307630174941,116.0,66.0,1,5.2,17.1875,65.0,13.0,22.0,1.0,90,1.0,2,0.0
C1,305,-0.030698248559445,115.0,72.1,1,4.4,17.1875,67.0,11.0,22.0,1.0,90,1.0,2,0.0
C1,306,-0.04406699983226223,126.2,76.89999999999999,1,16.4,17.1875,71.0,41.0,22.0,1.0,90,3.0,1,0.0
C1,307,-0.24698340526992013,197.8,111.5,1,6.0,17.1875,115.0,15.0,22.0,1.0,90,1.0,2,0.0
C1,308,0.461689390997016,43.7,33.2,1,7.2,17.1875,31.0,18.0,22.0,1.0,90,3.0,1,0.0
C1,309,0.5582871796751958,32.4,25.5,1,4.8,17.1875,23.0,12.0,22.0,1.0,90,2.0,2,0.0
C1,310,-0.03465678605062572,119.1,68.0,1,10.4,17.1875,68.0,26.0,22.0,1.0,90,2.0,0,0.0
C1,311,-0.16625149572868653,187.70000000000002,105.5,1,32.4,17.1875,151.0,81.0,22.0,1.0,90,3.0,2,0.0
C1,312,-0.09149998058926218,148.5,95.0,1,22.0,17.1875,97.0,55.0,22.0,1.0,90,3.0,0,0.0
C1,313,0.6645151185065423,17.9,17.4,1,2.0,17.1875,7.0,5.0,22.0,1.0,90,2.0,2,0.0
C1,314,0.5538354641698358,33.300000000000004,25.7,1,8.0,17.1875,28.0,20.0,22.0,1.0,90,3.0,0,0.0
C1,315,-0.19884646554657126,199.6,112.4,1,32.0,17.1875,213.0,80.0,22.0,1.0,90,2.0,1,0.0
C1,316,-0.2114016999308469,179.4,92.60000000000001,2,178.8,17.1875,813.0,447.0,22.0,1.0,90,3.0,1,0.0
C1,317,0.3916593775671833,50.0,17.4,3,0.4,16.40625,6.0,3.0,63.0,1.0,90,1.0,2,0.0
C1,318,0.010339465356172459,100.4,47.199999999999996,3,6.9333334,16.666666,108.0,52.0,64.0,1.0,90,2.0,1,0.0
C1,319,0.4481043140283254,45.1,31.4,3,6.0,16.666666,62.0,45.0,64.0,1.0,90,3.0,1,0.0
C1,320,0.5946782945013406,28.0,19.400000000000002,3,2.4,16.666666,23.0,18.0,64.0,1.0,90,3.0,0,0.0
C1,321,0.01749731494852351,96.4,48.599999999999994,3,3.6,16.666666,114.0,27.0,64.0,1.0,90,1.0,1,0.0
C1,322,-0.24323444030038327,191.0,101.6,1,8.4,17.1875,116.0,21.0,22.0,1.0,90,1.0,1,0.0
C1,323,-0.02846720628971644,114.3,71.9,1,4.8,17.1875,67.0,12.0,22.0,1.0,90,1.0,2,0.0
C1,324,0.07576365626415935,74.39999999999999,40.0,1,4.0,17.1875,48.0,10.0,22.0,1.0,90,1.0,2,0.0
C1,325,-0.19176982794561326,185.6,105.7,1,20.8,17.1875,108.0,52.0,22.0,1.0,90,3.0,0,0.0
C1,326,-0.2388029557095231,195.89999999999998,105.2,1,8.8,17.1875,131.0,22.0,22.0,1.0,90,1.0,2,0.0
C1,327,-0.172067070958566,170.0,105.0,1,7.6,17.1875,119.0,19.0,22.0,1.0,90,1.0,1,0.0
C1,328,-0.23322833431725576,199.2,107.6,1,18.0,17.1875,116.0,45.0,22.0,1.0,90,2.0,2,0.0
C1,329,-0.1934669365570842,189.4,109.60000000000001,1,24.4,17.1875,118.0,61.0,22.0,1.0,90,3.0,1,0.0
C1,330,-0.22709491681176586,196.3,110.7,1,17.2,17.1875,124.0,43.0,22.0,1.0,90,2.0,1,0.0
C1,331,-0.1841572442822239,203.6,112.4,1,39.2,17.1875,159.0,98.0,22.0,1.0,90,3.0,0,0.0
C1,332,-0.17456506296083552,177.8,104.80000000000001,1,19.2,17.1875,123.0,48.0,22.0,1.0,90,2.0,1,0.0
C1,333,-0.24456458019612737,203.8,116.8,1,18.4,17.1875,122.0,46.0,22.0,1.0,90,2.0,1,0.0
C1,334,-0.21712944811086587,187.29999999999998,106.39999999999999,1,8.0,17.1875,116.0,20.0,22.0,1.0,90,1.0,2,0.0
C1,335,-0.2593632405819314,203.0,114.4,1,7.2,17.1875,119.0,18.0,22.0,1.0,90,1.0,0,0.0
C1,336,-0.2719927488240815,208.7,115.6,1,9.2,17.1875,140.0,23.0,22.0,1.0,90,1.0,2,0.0
C1,337,-0.2222883649979942,190.4,111.10000000000001,1,10.4,17.1875,130.0,26.0,22.0,1.0,90,1.0,1,0.0
C1,338,-0.2199295563692404,193.3,107.80000000000001,1,16.8,17.1875,119.0,42.0,22.0,1.0,90,2.0,2,0.0
C1,339,-0.2622883649979942,205.6,113.4,1,10.4,17.1875,121.0,26.0,22.0,1.0,90,1.0,0,0.0
C1,340,-0.2638348540872394,205.6,109.5,1,9.2,17.1875,133.0,23.0,22.0,1.0,90,1.0,1,0.0
C1,341,-0.20541914004526335,199.3,114.5,1,29.6,17.1875,127.0,74.0,22.0,1.0,90,3.0,0,0.0
C1,342,-0.1779861155924144,179.10000000000002,104.1,1,19.2,17.1875,129.0,48.0,22.0,1.0,90,2.0,1,0.0
C1,343,-0.20649998058926217,192.20000000000002,108.89999999999999,1,22.0,17.1875,144.0,55.0,22.0,1.0,90,2.0,0,0.0
C1,344,-0.16722035350649894,176.6,103.5,1,21.2,17.1875,125.0,53.0,22.0,1.0,90,2.0,1,0.0
C1,345,-0.2040178080014663,188.1,105.7,1,18.0,17.1875,129.0,45.0,22.0,1.0,90,2.0,0,0.0
C1,346,-0.2017006545761187,197.0,109.10000000000001,1,28.8,17.1875,126.0,72.0,22.0,1.0,90,3.0,1,0.0
C1,347,-0.2342347112687606,193.8,107.6,1,8.0,17.1875,111.0,20.0,22.0,1.0,90,1.0,2,0.0
C1,348,-0.2134107062854501,191.1,108.60000000000001,1,17.2,17.1875,122.0,43.0,22.0,1.0,90,2.0,2,0.0
C1,349,-0.20743961672243127,190.6,109.10000000000001,1,19.6,17.1875,133.0,49.0,22.0,1.0,90,2.0,1,0.0
C1,350,-0.209544879880326,191.39999999999998,111.5,1,19.6,17.1875,131.0,49.0,22.0,1.0,90,2.0,1,0.0
C1,351,-0.23985193245386743,204.2,110.5,1,21.2,17.1875,140.0,53.0,22.0,1.0,90,2.0,1,0.0
C1,352,-0.24590821886741787,198.6,110.10000000000001,1,8.8,17.1875,127.0,22.0,22.0,1.0,90,1.0,0,0.0
C1,353,-0.19765888579415647,194.6,111.3,1,28.0,17.96875,130.0,70.0,23.0,1.0,90,3.0,2,0.0
C1,354,-0.2549089381394184,202.4,113.3,1,9.6,17.1875,133.0,24.0,22.0,1.0,90,1.0,2,0.0
C1,355,-0.21848680423446992,197.1,110.39999999999999,1,22.4,17.1875,105.0,56.0,22.0,1.0,90,3.0,0,0.0
C1,356,-0.1867349295189476,192.20000000000002,108.89999999999999,1,29.6,17.1875,132.0,74.0,22.0,1.0,90,3.0,2,0.0
C1,357,0.44981689815990056,45.5,35.4,1,10.4,17.1875,35.0,26.0,22.0,1.0,90,3.0,0,0.0
C1,358,-0.005863034268475675,109.0,73.6,1,12.0,17.1875,70.0,30.0,22.0,1.0,90,2.0,1,0.0
C1,359,0.557753436835343,32.599999999999994,26.1,1,6.0,17.1875,22.0,15.0,22.0,1.0,90,3.0,1,0.0
C1,360,-0.23784552224084948,197.6,111.10000000000001,1,12.8,17.1875,101.0,32.0,22.0,1.0,90,2.0,0,0.0
C1,361,-0.033643540237676794,189.4,101.6,2,112.4,17.1875,767.0,281.0,22.0,1.0,90,2.0,2,0.0
C1,362,0.017732481821849777,117.3,63.9,2,32.0,16.796875,413.0,160.0,43.0,1.0,90,2.0,1,0.0
C1,363,-0.00302493110865254,123.30000000000001,65.5,2,10.4,16.796875,126.0,52.0,43.0,1.0,70,2.0,2,0.0
C1,364,0.02216036532984876,113.5,62.0,2,10.2,17.1875,131.0,51.0,44.0,1.0,70,2.0,0,0.0
C1,365,0.029861205412113817,117.0,63.3,2,15.4,16.796875,135.0,77.0,43.0,1.0,70,3.0,0,0.0
C1,366,0.6216714821059441,28.299999999999997,21.8,2,2.2,16.796875,29.0,11.0,43.0,1.0,70,1.0,1,0.0
C1,367,-0.08674678268138183,148.0,94.10000000000001,1,6.8,17.1875,99.0,17.0,22.0,1.0,70,1.0,0,0.0
C1,368,0.594678654968096,32.2,25.6,1,5.2,17.1875,24.0,13.0,22.0,1.0,70,2.0,1,0.0
C1,369,0.09741797843981251,82.9,50.4,1,8.4,17.1875,53.0,21.0,22.0,1.0,70,2.0,1,0.0
C1,370,0.04366943079197387,104.2,58.4,1,9.2,17.1875,59.0,23.0,22.0,1.0,70,2.0,2,0.0
C1,371,-0.017676061580707142,129.8,81.10000000000001,1,11.2,17.1875,80.0,28.0,22.0,1.0,70,2.0,0,0.0
C1,372,0.6967932929551672,17.7,17.3,1,3.2,17.1875,14.0,8.0,22.0,1.0,70,2.0,0,0.0
C1,373,0.5923571909084617,32.7,26.5,1,6.0,17.1875,21.0,15.0,22.0,1.0,70,3.0,2,0.0
C1,374,-0.19538486235575275,194.6,109.39999999999999,1,8.8,17.1875,121.0,22.0,22.0,1.0,70,1.0,0,0.0
C1,375,0.14872097543895674,66.10000000000001,43.1,1,10.8,17.1875,44.0,27.0,22.0,1.0,70,3.0,2,0.0
C1,376,-0.14820311057207142,184.4,102.0,1,15.2,17.1875,94.0,38.0,22.0,1.0,70,2.0,1,0.0
C1,377,-0.15126250744011865,191.1,109.3,1,19.2,17.1875,126.0,48.0,22.0,1.0,70,2.0,0,0.0
C1,378,-0.12288825897495337,192.1,107.5,1,26.8,17.1875,119.0,67.0,22.0,1.0,70,3.0,1,0.0
C1,379,-0.023108337349661195,128.70000000000002,79.69999999999999,1,8.4,17.1875,78.0,21.0,22.0,1.0,70,1.0,1,0.0
C1,380,-0.03443834730219364,138.6,84.8,1,13.2,17.1875,89.0,33.0,22.0,1.0,70,2.0,0,0.0
C1,381,-0.15832713754432265,190.4,108.0,1,16.8,17.1875,111.0,42.0,22.0,1.0,70,2.0,0,0.0
C1,382,-0.020560343152571936,138.6,85.3,1,17.2,17.1875,84.0,43.0,22.0,1.0,70,3.0,2,0.0
C1,383,0.6987104359868719,17.4,17.2,1,4.0,17.1875,9.0,10.0,22.0,1.0,70,3.0,0,0.0
C1,384,-0.17134335651442018,194.8,108.89999999999999,1,16.4,17.1875,119.0,41.0,22.0,1.0,70,2.0,0,0.0
C1,385,0.05148979604001784,99.5,59.0,1,7.6,17.1875,57.0,19.0,22.0,1.0,70,2.0,0,0.0
C1,386,-0.04467185656386702,143.5,89.6,1,14.0,17.1875,85.0,35.0,22.0,1.0,70,2.0,1,0.0
C1,387,0.08373376791349674,88.1,45.199999999999996,1,8.4,17.1875,46.0,21.0,22.0,1.0,70,2.0,2,0.0
C1,388,-0.07811502067697901,155.70000000000002,96.5,1,13.6,17.1875,91.0,34.0,22.0,1.0,70,2.0,2,0.0
C1,389,-0.1903848623557527,192.70000000000002,109.2,1,8.8,17.1875,112.0,22.0,22.0,1.0,70,1.0,2,0.0
C1,390,-0.15146410408397182,190.6,108.2,1,18.8,17.1875,127.0,47.0,22.0,1.0,70,2.0,0,0.0
C1,391,-0.14690892838687103,192.39999999999998,107.30000000000001,1,21.2,17.1875,133.0,53.0,22.0,1.0,70,2.0,1,0.0
C1,392,-0.13648362478664494,170.1,98.10000000000001,1,6.8,17.1875,112.0,17.0,22.0,1.0,70,1.0,0,0.0
C1,393,0.4299748279240733,50.0,17.3,1,1.6,17.1875,8.0,4.0,22.0,1.0,70,1.0,2,0.0
C1,394,0.042140600066227385,109.5,65.9,1,13.2,17.1875,62.0,33.0,22.0,1.0,70,3.0,1,0.0
C1,395,0.14337656999824022,68.6,42.7,1,11.2,17.1875,42.0,28.0,22.0,1.0,70,3.0,1,0.0
C1,396,0.4955657661359637,44.1,33.300000000000004,1,7.2,17.1875,39.0,18.0,22.0,1.0,70,2.0,1,0.0
C1,397,0.5969025177146154,32.800000000000004,26.8,1,8.0,17.1875,29.0,20.0,22.0,1.0,70,3.0,1,0.0
C1,398,0.5962776275626195,33.0,26.8,1,8.4,17.1875,28.0,21.0,22.0,1.0,70,3.0,0,0.0
C1,399,0.695856543421489,18.2,17.6,1,2.8,17.1875,14.0,7.0,22.0,1.0,70,2.0,0,0.0
C1,400,-0.0521325700046828,139.3,84.8,1,8.0,17.1875,88.0,20.0,22.0,1.0,70,1.0,0,0.0
C1,401,-0.006842105263157816,197.4,108.0,2,34.4,17.1875,148.0,86.0,22.0,1.0,30,3.0,0,0.0
C1,402,0.2007045534740456,115.0,62.199999999999996,2,16.8,16.796875,137.0,84.0,43.0,1.0,30,3.0,2,0.0
C1,403,0.13819980424244785,124.60000000000001,67.0,2,5.8,16.796875,121.0,29.0,43.0,1.0,30,1.0,1,0.0
C1,404,0.15856468055190104,115.0,60.0,2,4.6,16.796875,123.0,23.0,43.0,1.0,30,1.0,2,0.0
C1,405,0.16444232029785297,119.9,63.6,2,9.4,16.796875,123.0,47.0,43.0,1.0,30,2.0,2,0.0
C1,406,0.1784588918332135,115.4,60.400000000000006,2,10.0,16.796875,128.0,50.0,43.0,1.0,30,2.0,2,0.0
C1,407,0.15584592360767027,117.1,64.8,1,7.4,16.796875,104.0,37.0,43.0,1.0,30,2.0,0,0.0
C1,408,0.009210526315789447,194.5,106.89999999999999,1,20.8,17.1875,130.0,52.0,22.0,1.0,30,2.0,1,0.0
C1,409,0.013947368421052708,192.70000000000002,108.3,1,28.0,17.1875,133.0,70.0,22.0,1.0,30,3.0,1,0.0
C1,410,0.0271052631578948,187.70000000000002,104.89999999999999,1,28.4,17.1875,131.0,71.0,22.0,1.0,30,3.0,2,0.0
C1,411,0.006921774235489259,176.0,105.5,1,6.8,17.1875,119.0,17.0,22.0,1.0,30,1.0,0,0.0
C1,412,-0.006510785052665252,181.7,105.1,1,7.2,17.1875,114.0,18.0,22.0,1.0,30,1.0,2,0.0
C1,413,-0.027985973374636708,193.3,107.2,1,9.6,17.1875,135.0,24.0,22.0,1.0,30,1.0,1,0.0
C1,414,-0.002105263157894721,195.6,107.30000000000001,2,34.8,17.1875,145.0,87.0,22.0,1.0,30,3.0,1,0.0
C1,415,0.14451559371613207,122.2,63.9,2,5.8,16.40625,123.0,29.0,42.0,1.0,30,1.0,1,0.0
C1,416,0.18723595312419705,117.8,62.5,2,14.6,16.796875,124.0,73.0,43.0,1.0,30,3.0,1,0.0
C1,417,0.7432146980569858,33.5,24.5,2,6.0,16.796875,36.0,30.0,43.0,1.0,30,3.0,2,0.0
C1,418,0.599228237667683,48.5,33.2,2,3.0,16.796875,54.0,15.0,43.0,1.0,30,1.0,2,0.0
C1,419,0.7353380023062368,32.2,21.9,2,1.4,16.796875,25.0,7.0,43.0,1.0,30,1.0,1,0.0
C1,420,0.6179354126500076,48.5,35.1,2,7.6,16.796875,57.0,38.0,43.0,1.0,30,3.0,2,0.0
C1,421,0.09797061793982423,138.5,70.8,1,7.0,16.796875,95.0,35.0,43.0,1.0,30,2.0,1,0.0
C1,422,0.12517589791603745,140.7,86.3,1,14.0,17.1875,88.0,35.0,22.0,1.0,30,2.0,2,0.0
C1,423,-0.02105593859692023,188.4,105.30000000000001,1,8.0,17.1875,112.0,20.0,22.0,1.0,30,1.0,2,0.0
C1,424,-0.02734460268747521,192.5,106.1,1,9.2,17.1875,118.0,23.0,22.0,1.0,30,1.0,1,0.0
C1,425,0.14842105263157898,141.6,91.0,1,22.4,17.1875,82.0,56.0,22.0,1.0,30,3.0,2,0.0
C1,426,0.056052631578947465,176.7,100.9,1,22.8,17.1875,91.0,57.0,22.0,1.0,30,3.0,0,0.0
C1,427,0.3033298160990474,67.4,41.099999999999994,1,9.6,17.1875,42.0,24.0,22.0,1.0,30,3.0,0,0.0
C1,428,0.1314916873897216,138.3,84.8,1,14.0,17.1875,85.0,35.0,22.0,1.0,30,2.0,2,0.0
C1,429,0.005263157894736803,196.0,109.7,1,28.4,17.1875,126.0,71.0,22.0,1.0,30,3.0,2,0.0
C1,430,0.006933996814110166,189.4,107.1,1,17.6,17.1875,116.0,44.0,22.0,1.0,30,2.0,0,0.0
C1,431,-0.07203710084213902,206.6,111.5,1,7.2,17.1875,101.0,18.0,22.0,1.0,30,1.0,1,0.0
C1,432,0.017631578947368498,191.3,105.6,1,22.8,17.1875,109.0,57.0,22.0,1.0,30,3.0,1,0.0
C1,433,0.2848050044210189,71.0,42.5,1,7.2,17.1875,45.0,18.0,22.0,1.0,30,2.0,2,0.0
C1,434,0.004210526315789553,196.39999999999998,110.0,1,22.8,17.1875,103.0,57.0,22.0,1.0,30,3.0,0,0.0
C1,435,0.28140672093973573,78.39999999999999,45.1,1,11.6,17.1875,47.0,29.0,22.0,1.0,30,3.0,0,0.0
C1,436,0.750232241916635,32.7,25.1,1,6.0,17.1875,22.0,15.0,22.0,1.0,30,3.0,0,0.0
C1,437,0.17377610207726812,126.0,78.10000000000001,1,17.6,17.1875,76.0,44.0,22.0,1.0,30,3.0,1,0.0
C1,438,0.3182260570525979,58.3,42.7,1,7.2,17.1875,43.0,18.0,22.0,1.0,30,2.0,0,0.0
C1,439,-0.011315789473684168,202.3,112.69999999999999,1,20.8,17.1875,101.0,52.0,22.0,1.0,30,3.0,1,0.0
C1,440,0.11921052631578949,152.7,93.60000000000001,1,20.4,17.1875,92.0,51.0,22.0,1.0,30,3.0,2,0.0
C1,441,0.26198950202046833,84.2,46.1,1,10.4,17.1875,43.0,26.0,22.0,1.0,30,3.0,0,0.0
C1,442,0.8534405798950884,17.5,17.2,1,4.0,17.1875,16.0,10.0,22.0,1.0,30,2.0,1,0.0
C1,443,0.8551053220002116,17.6,17.2,1,4.4,17.1875,13.0,11.0,22.0,1.0,30,3.0,0,0.0
C1,444,0.8517640347262774,18.1,17.4,1,3.6,17.1875,14.0,9.0,22.0,1.0,30,2.0,1,0.0
C1,445,0.7378969114275873,32.4,26.9,1,2.4,17.1875,21.0,6.0,22.0,1.0,30,1.0,2,0.0
C1,446,0.8632336037393085,17.9,17.4,1,6.4,17.1875,19.0,16.0,22.0,1.0,30,3.0,1,0.0
C1,447,0.5783284365275949,50.0,17.2,1,1.2,17.1875,9.0,3.0,22.0,1.0,30,1.0,1,0.0
C1,448,0.22604932456097454,94.5,53.699999999999996,1,8.0,17.1875,56.0,20.0,22.0,1.0,30,2.0,0,0.0
C1,449,0.7344507333628467,32.4,25.3,1,1.6,17.1875,22.0,4.0,22.0,1.0,30,1.0,0,0.0
C1,450,0.1506485907034339,129.1,77.89999999999999,1,12.4,17.1875,73.0,31.0,22.0,1.0,30,2.0,0,0.0
C1,451,0.13502347279233193,125.5,74.80000000000001,1,5.6,17.1875,75.0,14.0,22.0,1.0,30,1.0,2,0.0
C1,452,0.17464560557273168,116.3,67.2,1,9.6,17.1875,63.0,24.0,22.0,1.0,30,2.0,2,0.0
C1,453,0.026842105263158,187.79999999999998,103.4,1,24.8,17.1875,115.0,62.0,22.0,1.0,30,3.0,2,0.0
C1,454,0.20238794831614107,97.4,53.5,1,4.0,17.1875,51.0,10.0,22.0,1.0,30,1.0,1,0.0
C1,455,0.6641844064673916,17.7,17.3,1,1.6,17.1875,11.0,4.0,22.0,1.0,90,1.0,1,0.0
C1,456,-0.21901780800146625,193.8,104.5,1,18.0,17.1875,109.0,45.0,22.0,1.0,90,2.0,1,0.0
C1,457,-0.08759338674803965,137.9,86.2,1,7.6,17.1875,87.0,19.0,22.0,1.0,90,1.0,1,0.0
C1,458,0.6645151185065423,17.7,17.4,1,2.0,17.1875,14.0,5.0,22.0,1.0,90,1.0,0,0.0
C1,459,0.6670591094997571,17.5,17.3,1,4.8,17.1875,14.0,12.0,22.0,1.0,90,3.0,1,0.0
C1,460,0.6666701724931865,17.8,17.3,1,4.4,17.1875,19.0,11.0,22.0,1.0,90,2.0,2,0.0
C1,461,0.5564243493128036,32.800000000000004,25.3,1,6.4,17.1875,24.0,16.0,22.0,1.0,90,3.0,0,0.0
C1,462,0.6659183675801024,17.5,17.3,1,3.6,17.1875,16.0,9.0,22.0,1.0,90,2.0,0,0.0
C1,463,0.5573015422952599,32.7,26.0,1,6.4,17.1875,23.0,16.0,22.0,1.0,90,3.0,2,0.0
C1,464,0.6652003871959242,17.7,17.3,1,2.8,17.1875,13.0,7.0,22.0,1.0,90,2.0,1,0.0
C1,465,0.6638614604365336,17.6,17.3,1,1.2,17.1875,14.0,3.0,22.0,1.0,90,1.0,1,0.0
C1,466,0.5587133822206388,32.099999999999994,24.9,1,2.4,17.1875,25.0,6.0,22.0,1.0,90,1.0,0,0.0
C1,467,0.5569306079087769,32.599999999999994,25.6,1,5.2,17.1875,26.0,13.0,22.0,1.0,90,2.0,0,0.0
C1,468,0.5612662623747673,32.4,25.3,1,7.6,17.1875,26.0,19.0,22.0,1.0,90,3.0,0,0.0
C1,469,0.5599758150470289,32.599999999999994,25.5,1,8.0,17.1875,27.0,20.0,22.0,1.0,90,3.0,1,0.0
C1,470,0.5529514768839259,33.099999999999994,26.4,1,5.6,17.1875,26.0,14.0,22.0,1.0,90,2.0,1,0.0
C1,471,0.5507902570315839,33.300000000000004,26.4,1,5.2,17.1875,26.0,13.0,22.0,1.0,90,2.0,0,0.0
C1,472,0.4590559282601721,43.9,32.9,1,6.4,17.1875,31.0,16.0,22.0,1.0,90,2.0,2,0.0
C1,473,0.5533503217348854,33.2,27.5,1,6.8,17.1875,21.0,17.0,22.0,1.0,90,3.0,0,0.0
C1,474,0.5560534149263208,32.7,25.7,1,5.2,17.1875,27.0,13.0,22.0,1.0,90,2.0,2,0.0
C1,475,0.547309873448709,33.4,26.0,1,2.4,17.1875,27.0,6.0,22.0,1.0,90,1.0,1,0.0
C1,476,0.4222179310555734,47.7,33.6,1,2.8,17.1875,32.0,7.0,22.0,1.0,90,1.0,2,0.0
C1,477,0.5552046102908144,32.5,26.3,1,2.4,17.1875,21.0,6.0,22.0,1.0,90,1.0,0,0.0
C1,478,0.5581806190671914,32.7,25.4,1,7.2,17.1875,23.0,18.0,22.0,1.0,90,3.0,2,0.0
C1,479,0.5534218359789522,33.0,26.0,1,5.2,17.1875,24.0,13.0,22.0,1.0,90,2.0,1,0.0
C1,480,0.6645151185065423,18.2,17.4,1,2.0,17.1875,14.0,5.0,22.0,1.0,90,1.0,1,0.0
C1,481,0.10665900342305845,65.4,43.1,1,10.4,17.1875,42.0,26.0,22.0,1.0,90,3.0,2,0.0
C1,482,0.5591643726576518,32.300000000000004,25.5,1,4.8,17.1875,20.0,12.0,22.0,1.0,90,2.0,2,0.0
C1,483,0.554212337629516,32.5,25.6,1,1.2,17.1875,20.0,3.0,22.0,1.0,90,1.0,1,0.0
C1,484,0.5520424924590822,32.9,25.7,1,2.8,17.1875,28.0,7.0,22.0,1.0,90,1.0,0,0.0
C1,485,0.666289972053633,17.8,17.4,1,4.0,17.1875,15.0,10.0,22.0,1.0,90,2.0,1,0.0
C1,486,0.8551053220002116,17.6,17.3,1,4.4,17.1875,18.0,11.0,22.0,1.0,30,2.0,2,0.0
C1,487,0.742607818766073,33.2,26.5,1,5.2,17.1875,23.0,13.0,22.0,1.0,30,2.0,0,0.0
C1,488,0.8151524877488117,23.2,17.9,1,1.6,17.1875,15.0,4.0,22.0,1.0,30,1.0,1,0.0
C1,489,0.8600234727923319,17.9,17.5,1,5.6,17.1875,15.0,14.0,22.0,1.0,30,3.0,1,0.0
C1,490,-0.031011955771044847,191.6,111.19999999999999,1,7.6,17.1875,117.0,19.0,22.0,1.0,30,1.0,2,0.0
C1,491,-0.022747340084794704,192.39999999999998,107.80000000000001,1,10.4,17.1875,154.0,26.0,22.0,1.0,30,1.0,0,0.0
C1,492,0.10113230055127878,140.2,88.1,1,6.8,17.1875,89.0,17.0,22.0,1.0,30,1.0,1,0.0
C1,493,0.2620409632630979,81.4,43.7,1,8.4,17.1875,49.0,21.0,22.0,1.0,30,2.0,1,0.0
C1,494,0.8466688412521486,17.8,17.4,1,2.4,17.1875,9.0,6.0,22.0,1.0,30,2.0,0,0.0
C1,495,0.6481774220003516,43.4,31.8,1,4.0,17.1875,38.0,10.0,22.0,1.0,30,1.0,1,0.0
C1,496,0.004359299241518344,190.0,110.60000000000001,1,17.2,17.1875,119.0,43.0,22.0,1.0,30,2.0,1,0.0
C1,497,0.5836353982183252,32.9,27.099999999999998,1,3.2,17.1875,24.0,8.0,22.0,1.0,70,1.0,2,0.0
C1,498,0.6931327226609154,17.8,17.5,1,1.6,17.1875,6.0,4.0,22.0,1.0,70,2.0,2,0.0
C1,499,0.6940263352002114,18.0,17.7,1,2.0,17.1875,13.0,5.0,22.0,1.0,70,1.0,0,0.0
C1,500,0.4290954344073689,50.0,17.6,1,1.2,17.1875,9.0,3.0,22.0,1.0,70,1.0,1,0.0
C1,501,0.6996909593573912,18.1,17.6,1,4.4,17.1875,19.0,11.0,22.0,1.0,70,2.0,0,0.0
C1,502,0.6949342494879829,18.4,17.5,1,2.4,17.1875,19.0,6.0,22.0,1.0,70,1.0,1,0.0
C1,503,0.7006861961390762,18.3,17.8,1,4.8,17.1875,19.0,12.0,22.0,1.0,70,2.0,1,0.0
C1,504,0.7027210189426429,17.7,17.5,1,5.6,17.1875,16.0,14.0,22.0,1.0,70,3.0,0,0.0
C1,505,0.6940263352002114,18.0,17.5,1,2.0,17.1875,14.0,5.0,22.0,1.0,70,1.0,1,0.0
C1,506,0.13261256807424257,71.3,44.4,1,10.0,17.1875,44.0,25.0,22.0,1.0,70,3.0,1,0.0
C1,507,0.6940263352002114,18.1,17.7,1,2.0,17.1875,15.0,5.0,22.0,1.0,70,1.0,2,0.0
C1,508,0.5835758416671029,32.800000000000004,25.7,1,2.8,17.1875,26.0,7.0,22.0,1.0,70,1.0,2,0.0
C1,509,0.5036827784961582,43.3,33.2,1,7.6,17.1875,30.0,19.0,22.0,1.0,70,3.0,2,0.0
C1,510,0.8466688412521486,18.0,17.6,1,2.4,17.1875,9.0,6.0,22.0,1.0,30,2.0,2,0.0
C1,511,0.7468655780554898,32.9,26.5,1,5.6,17.1875,28.0,14.0,22.0,1.0,30,2.0,2,0.0
C1,512,0.7512515429677704,32.4,26.4,1,5.6,17.1875,21.0,14.0,22.0,1.0,30,3.0,0,0.0
C1,513,0.8500762134230411,17.6,17.4,1,3.2,17.1875,14.0,8.0,22.0,1.0,30,2.0,0,0.0
C1,514,0.5783284365275949,50.0,17.5,1,1.2,17.1875,9.0,3.0,22.0,1.0,30,1.0,0,0.0
C1,515,0.8567577352788383,17.8,17.4,1,4.8,17.1875,13.0,12.0,22.0,1.0,30,3.0,0,0.0
C1,516,0.580064768450566,50.0,17.3,1,1.6,17.1875,9.0,4.0,22.0,1.0,30,1.0,2,0.0
C1,517,0.8583972924502834,17.7,17.3,1,5.2,17.1875,14.0,13.0,22.0,1.0,30,3.0,0,0.0
C1,518,0.736142525462675,32.599999999999994,26.1,1,2.4,17.1875,22.0,6.0,22.0,1.0,30,1.0,0,0.0
C1,519,0.7335468318122818,32.7,27.099999999999998,1,2.0,17.1875,22.0,5.0,22.0,1.0,30,1.0,0,0.0
C1,520,0.8551053220002116,17.6,17.3,1,4.4,17.1875,12.0,11.0,22.0,1.0,30,3.0,1,0.0
C1,521,0.14202277601390723,136.9,87.1,1,16.4,17.1875,80.0,41.0,22.0,1.0,30,3.0,2,0.0
C1,522,0.6744971036139751,42.4,32.599999999999994,1,8.4,17.1875,32.0,21.0,22.0,1.0,30,3.0,0,0.0
C1,523,0.029147755616976925,91.7,42.2,1,2.8,17.1875,45.0,7.0,22.0,1.0,90,1.0,0,0.0
C1,524,0.08407626231694455,71.1,43.6,1,3.6,17.1875,44.0,9.0,22.0,1.0,90,1.0,0,0.0
C1,525,0.5467793345643452,33.5,27.599999999999998,1,2.8,17.1875,26.0,7.0,22.0,1.0,90,1.0,1,0.0
C1,526,0.5542487185151181,33.2,25.4,1,7.6,17.1875,26.0,19.0,22.0,1.0,90,3.0,1,0.0
C1,527,0.5551762219438645,32.800000000000004,26.599999999999998,1,5.2,17.1875,26.0,13.0,22.0,1.0,90,2.0,1,0.0
C1,528,0.5467793345643452,33.5,24.7,1,2.8,17.1875,26.0,7.0,22.0,1.0,90,1.0,2,0.0
C1,529,0.5553920517906288,32.599999999999994,26.3,1,3.6,17.1875,20.0,9.0,22.0,1.0,90,2.0,2,0.0
C1,530,0.4199411841587004,48.0,35.8,1,3.2,17.1875,35.0,8.0,22.0,1.0,90,1.0,2,0.0
C1,531,0.45071874278751695,44.900000000000006,34.0,1,6.8,17.1875,34.0,17.0,22.0,1.0,90,2.0,1,0.0
C1,532,0.5520424924590822,32.9,24.5,1,2.8,17.1875,25.0,7.0,22.0,1.0,90,1.0,0,0.0
C1,533,0.06181628784310672,79.69999999999999,44.900000000000006,1,4.0,17.1875,44.0,10.0,22.0,1.0,90,1.0,2,0.0
C1,534,0.5586306298177991,32.5,26.1,1,6.0,17.1875,21.0,15.0,22.0,1.0,90,3.0,2,0.0
C1,535,0.5562692447730849,32.5,25.6,1,3.6,17.1875,29.0,9.0,22.0,1.0,90,1.0,0,0.0
C1,536,0.4634777926733996,43.3,34.0,1,5.6,17.1875,30.0,14.0,22.0,1.0,90,2.0,2,0.0
C1,537,0.55685909366471,32.800000000000004,26.5,1,6.8,17.1875,22.0,17.0,22.0,1.0,90,3.0,1,0.0
C1,538,0.666289972053633,18.1,17.7,1,4.0,17.1875,17.0,10.0,22.0,1.0,90,2.0,1,0.0
C1,539,0.5586849938736892,32.4,26.1,1,5.2,17.1875,25.0,13.0,22.0,1.0,90,2.0,0,0.0
C1,540,0.6670591094997571,18.4,17.7,1,4.8,17.1875,14.0,12.0,22.0,1.0,90,3.0,1,0.0
C1,541,0.666289972053633,17.9,17.5,1,4.0,17.1875,17.0,10.0,22.0,1.0,90,2.0,2,0.0
C1,542,0.557807800891233,32.5,25.2,1,5.2,17.1875,20.0,13.0,22.0,1.0,90,3.0,2,0.0
C1,543,0.6678637575856803,17.8,17.5,1,5.6,17.1875,17.0,14.0,22.0,1.0,90,3.0,1,0.0
C1,544,0.5808684404633694,32.9,27.0,1,2.0,17.1875,20.0,5.0,22.0,1.0,70,1.0,1,0.0
C1,545,0.6977445678438781,17.7,17.3,1,3.6,17.1875,16.0,9.0,22.0,1.0,70,2.0,1,0.0
C1,546,0.6940263352002114,17.7,17.4,1,2.0,17.1875,13.0,5.0,22.0,1.0,70,1.0,1,0.0
C1,547,0.4828322871421236,44.5,33.2,1,3.6,17.1875,32.0,9.0,22.0,1.0,70,1.0,2,0.0
C1,548,0.7006861961390762,17.6,17.3,1,4.8,17.1875,14.0,12.0,22.0,1.0,70,3.0,0,0.0
C1,549,0.5925345788374667,32.800000000000004,26.1,1,6.4,17.1875,24.0,16.0,22.0,1.0,70,3.0,2,0.0
C1,550,0.6931327226609154,18.0,17.4,1,1.6,17.1875,10.0,4.0,22.0,1.0,70,1.0,0,0.0
C1,551,0.5870846135969274,32.4,25.4,1,2.8,17.1875,29.0,7.0,22.0,1.0,70,1.0,0,0.0
C1,552,0.6949342494879829,17.8,17.5,1,2.4,17.1875,9.0,6.0,22.0,1.0,70,2.0,1,0.0
C1,553,0.6931327226609154,17.6,17.3,1,1.6,17.1875,13.0,4.0,22.0,1.0,70,1.0,2,0.0
C1,554,0.6967932929551672,17.8,17.4,1,3.2,17.1875,12.0,8.0,22.0,1.0,70,2.0,0,0.0
C1,555,0.4850295321610785,44.699999999999996,33.9,1,5.2,17.1875,30.0,13.0,22.0,1.0,70,2.0,0,0.0
C1,556,0.7006861961390762,17.6,17.4,1,4.8,17.1875,14.0,12.0,22.0,1.0,70,3.0,0,0.0
C1,557,0.6987104359868719,17.6,17.3,1,4.0,17.1875,10.0,10.0,22.0,1.0,70,3.0,2,0.0
C1,558,0.6967932929551672,19.2,17.6,1,3.2,17.1875,9.0,8.0,22.0,1.0,70,3.0,0,0.0
C1,559,0.695856543421489,17.6,17.4,1,2.8,17.1875,10.0,7.0,22.0,1.0,70,2.0,1,0.0
C1,560,0.6977445678438781,17.6,17.3,1,3.6,17.1875,14.0,9.0,22.0,1.0,70,2.0,2,0.0
C1,561,0.6977445678438781,17.7,17.4,1,3.6,17.1875,16.0,9.0,22.0,1.0,70,2.0,2,0.0
C1,562,0.692253329144211,17.7,17.5,1,1.2,17.1875,10.0,3.0,22.0,1.0,70,1.0,0,0.0
C1,563,0.6987104359868719,17.7,17.4,1,4.0,17.1875,12.0,10.0,22.0,1.0,70,3.0,1,0.0
C1,564,0.4290954344073689,50.0,17.3,1,1.2,17.1875,8.0,3.0,22.0,1.0,70,1.0,1,0.0
C1,565,0.6940263352002114,18.9,17.5,1,2.0,17.1875,9.0,5.0,22.0,1.0,70,2.0,2,0.0
C1,566,0.6977445678438781,17.7,17.4,1,3.6,17.1875,15.0,9.0,22.0,1.0,70,2.0,2,0.0
C1,567,0.6940263352002114,18.700000000000003,17.4,1,2.0,17.1875,16.0,5.0,22.0,1.0,70,1.0,1,0.0
C1,568,0.6987104359868719,17.7,17.5,1,4.0,17.1875,10.0,10.0,22.0,1.0,70,3.0,1,0.0
C1,569,0.4282301737168955,50.0,17.2,1,0.8,17.1875,9.0,2.0,22.0,1.0,70,1.0,1,0.0
C1,570,0.6949342494879829,17.8,17.4,1,2.4,17.1875,11.0,6.0,22.0,1.0,70,2.0,0,0.0
C1,571,0.7027210189426429,17.7,17.4,1,5.6,17.1875,16.0,14.0,22.0,1.0,70,3.0,2,0.0
C1,572,0.6638614604365336,18.0,17.4,1,1.2,17.1875,13.0,3.0,22.0,1.0,90,1.0,2,0.0
C1,573,0.6645151185065423,18.0,17.5,1,2.0,17.1875,7.0,5.0,22.0,1.0,90,2.0,1,0.0
C1,574,0.6655552192464198,17.8,17.4,1,3.2,17.1875,12.0,8.0,22.0,1.0,90,2.0,0,0.0
C1,575,0.6645151185065423,19.400000000000002,17.9,1,2.0,17.1875,9.0,5.0,22.0,1.0,90,2.0,1,0.0
C1,576,0.6670591094997571,17.6,17.4,1,4.8,17.1875,14.0,12.0,22.0,1.0,90,3.0,1,0.0
C1,577,0.6666701724931865,17.7,17.4,1,4.4,17.1875,12.0,11.0,22.0,1.0,90,3.0,2,0.0
C1,578,0.6652003871959242,17.6,17.3,1,2.8,17.1875,7.0,7.0,22.0,1.0,90,3.0,2,0.0
C1,579,0.6645151185065423,18.0,17.5,1,2.0,17.1875,6.0,5.0,22.0,1.0,90,3.0,1,0.0
C1,580,0.6641844064673916,18.0,17.6,1,1.6,17.1875,6.0,4.0,22.0,1.0,90,2.0,2,0.0
C1,581,-0.21920017996966057,193.3,108.8,1,17.2,17.1875,219.0,43.0,22.0,1.0,90,1.0,1,0.0
C1,582,0.6638614604365336,18.0,17.6,1,1.2,17.1875,11.0,3.0,22.0,1.0,90,1.0,2,0.0
C1,583,0.666289972053633,18.0,17.6,1,4.0,17.1875,10.0,10.0,22.0,1.0,90,3.0,1,0.0
C1,584,0.6648537330978317,18.1,17.4,1,2.4,17.1875,9.0,6.0,22.0,1.0,90,2.0,1,0.0
C1,585,0.40070356569969146,50.0,17.3,1,1.2,17.1875,8.0,3.0,22.0,1.0,90,1.0,2,0.0
C1,586,0.6645151185065423,17.6,17.3,1,2.0,17.1875,16.0,5.0,22.0,1.0,90,1.0,2,0.0
C1,587,0.6648537330978317,17.9,17.5,1,2.4,17.1875,9.0,6.0,22.0,1.0,90,2.0,2,0.0
C1,588,0.6648537330978317,17.7,17.4,1,2.4,17.1875,7.0,6.0,22.0,1.0,90,3.0,1,0.0
C1,589,0.6641844064673916,17.9,17.6,1,1.6,17.1875,6.0,4.0,22.0,1.0,90,2.0,1,0.0
C1,590,0.6655552192464198,18.5,17.6,1,3.2,17.1875,9.0,8.0,22.0,1.0,90,3.0,2,0.0
C1,591,0.5971548205450756,32.9,26.4,1,8.4,17.1875,25.0,21.0,22.0,1.0,70,3.0,2,0.0
C1,592,0.6940263352002114,17.9,17.5,1,2.0,17.1875,8.0,5.0,22.0,1.0,70,2.0,0,0.0
C1,593,0.6996909593573912,18.1,17.4,1,4.4,17.1875,13.0,11.0,22.0,1.0,70,3.0,1,0.0
C1,594,0.4290954344073689,50.0,17.5,1,1.2,17.1875,3.0,3.0,22.0,1.0,70,3.0,2,0.0
C1,595,0.695856543421489,17.9,17.5,1,2.8,17.1875,7.0,7.0,22.0,1.0,70,3.0,1,0.0
C1,596,0.5962356734589691,32.5,26.200000000000003,1,6.8,17.1875,25.0,17.0,22.0,1.0,70,3.0,2,0.0
C1,597,0.695856543421489,18.3,17.7,1,2.8,17.1875,8.0,7.0,22.0,1.0,70,3.0,2,0.0
C1,598,0.6940263352002114,17.9,17.5,1,2.0,17.1875,7.0,5.0,22.0,1.0,70,2.0,0,0.0
C1,599,0.692253329144211,17.9,17.6,1,1.2,17.1875,10.0,3.0,22.0,1.0,70,1.0,1,0.0
C1,600,0.6949342494879829,17.8,17.6,1,2.4,17.1875,7.0,6.0,22.0,1.0,70,3.0,2,0.0
C1,601,0.6940263352002114,18.4,17.6,1,2.0,17.1875,16.0,5.0,22.0,1.0,70,1.0,0,0.0
C1,602,0.6977445678438781,17.8,17.6,1,3.6,17.1875,15.0,9.0,22.0,1.0,70,2.0,2,0.0
C1,603,0.4282301737168955,50.0,17.5,1,0.8,17.1875,7.0,2.0,22.0,1.0,70,1.0,0,0.0
C1,604,0.4290954344073689,50.0,17.6,1,1.2,17.1875,6.0,3.0,22.0,1.0,70,1.0,0,0.0
C1,605,0.6931327226609154,18.0,17.4,1,1.6,17.1875,11.0,4.0,22.0,1.0,70,1.0,0,0.0
C1,606,0.6977445678438781,18.0,17.4,1,3.6,17.1875,17.0,9.0,22.0,1.0,70,2.0,0,0.0
C1,607,0.4282301737168955,50.0,17.5,1,0.8,17.1875,6.0,2.0,22.0,1.0,70,1.0,1,0.0
C1,608,0.6977445678438781,17.7,17.4,1,3.6,17.1875,9.0,9.0,22.0,1.0,70,3.0,0,0.0
C1,609,0.4290954344073689,50.0,17.3,1,1.2,17.1875,4.0,3.0,22.0,1.0,70,2.0,0,0.0
C1,610,0.692253329144211,17.8,17.4,1,1.2,17.1875,5.0,3.0,22.0,1.0,70,2.0,0,0.0
C1,611,0.5914020767417723,33.300000000000004,26.5,1,7.6,17.1875,28.0,19.0,22.0,1.0,70,3.0,1,0.0
C1,612,0.6940263352002114,17.7,17.5,1,2.0,17.1875,8.0,5.0,22.0,1.0,70,2.0,0,0.0
C1,613,0.6931327226609154,17.9,17.5,1,1.6,17.1875,5.0,4.0,22.0,1.0,70,3.0,2,0.0
C1,614,0.6940263352002114,17.7,17.5,1,2.0,17.1875,8.0,5.0,22.0,1.0,70,2.0,1,0.0
C1,615,0.6931327226609154,18.0,17.6,1,1.6,17.1875,6.0,4.0,22.0,1.0,70,2.0,2,0.0
C1,616,0.6940263352002114,17.9,17.4,1,2.0,17.1875,17.0,5.0,22.0,1.0,70,1.0,0,0.0
C1,617,0.695856543421489,19.8,17.8,1,2.8,17.1875,12.0,7.0,22.0,1.0,70,2.0,2,0.0
C1,618,0.692253329144211,17.8,17.5,1,1.2,17.1875,6.0,3.0,22.0,1.0,70,2.0,1,0.0
C1,619,0.695856543421489,18.4,17.5,1,2.8,17.1875,9.0,7.0,22.0,1.0,70,2.0,0,0.0
C1,620,0.6949342494879829,17.8,17.4,1,2.4,17.1875,7.0,6.0,22.0,1.0,70,3.0,0,0.0
C1,621,0.6949342494879829,17.8,17.4,1,2.4,17.1875,19.0,6.0,22.0,1.0,70,1.0,1,0.0
C1,622,0.692253329144211,17.9,17.6,1,1.2,17.1875,5.0,3.0,22.0,1.0,70,2.0,1,0.0
C1,623,-0.13151396182702496,176.5,105.6,1,14.0,17.1875,104.0,35.0,22.0,1.0,70,2.0,2,0.0
C1,624,0.00636500407494002,104.80000000000001,59.9,1,12.8,17.1875,53.0,32.0,22.0,1.0,90,3.0,0,0.0
C1,625,0.666289972053633,17.8,17.5,1,4.0,17.1875,12.0,10.0,22.0,1.0,90,3.0,1,0.0
C1,626,-0.2135931486657342,186.70000000000002,107.5,1,9.6,17.1875,146.0,24.0,22.0,1.0,90,1.0,0,0.0
C1,627,-0.008308538297765677,108.5,71.5,1,9.2,17.1875,60.0,23.0,22.0,1.0,90,2.0,0,0.0
C1,628,-0.032224008341102145,117.4,68.5,1,8.8,17.1875,61.0,22.0,22.0,1.0,90,2.0,0,0.0
C1,629,0.8466688412521486,17.9,17.6,1,2.4,17.1875,10.0,6.0,22.0,1.0,30,2.0,2,0.0
C1,630,0.1955559458834186,115.3,67.9,1,15.2,17.1875,63.0,38.0,22.0,1.0,30,3.0,0,0.0
C1,631,0.10533132021049266,139.2,89.1,1,7.2,17.1875,80.0,18.0,22.0,1.0,30,1.0,1,0.0
C1,632,0.2028304369473084,103.9,62.300000000000004,1,8.4,17.1875,52.0,21.0,22.0,1.0,30,2.0,0,0.0
C1,633,-0.0046449505543108005,193.8,108.39999999999999,1,17.6,17.1875,112.0,44.0,22.0,1.0,30,2.0,2,0.0
C1,634,0.006736543650709248,190.20000000000002,111.60000000000001,1,18.4,17.1875,120.0,46.0,22.0,1.0,30,2.0,0,0.0
C1,635,-0.041538271560518564,195.6,111.69999999999999,1,7.6,17.1875,118.0,19.0,22.0,1.0,30,1.0,2,0.0
C1,636,0.05421052631578949,177.4,102.2,1,21.6,17.1875,99.0,54.0,22.0,1.0,30,3.0,0,0.0
C1,637,-0.015335317150218547,195.0,108.7,1,14.8,17.1875,114.0,37.0,22.0,1.0,30,2.0,1,0.0
C1,638,-0.0081340763716857,185.20000000000002,99.2,1,9.2,17.1875,97.0,23.0,22.0,1.0,30,1.0,1,0.0
C1,639,0.24519885799994,87.8,46.9,1,8.4,17.1875,47.0,21.0,22.0,1.0,30,2.0,2,0.0
C1,640,0.8551053220002116,17.9,17.5,1,4.4,17.1875,17.0,11.0,22.0,1.0,30,2.0,0,0.0
C1,641,0.06695149115904563,161.6,86.0,3,40.8,16.796875,261.0,204.0,43.0,1.0,30,3.0,0,0.0
C1,642,0.5874821460035826,50.0,32.300000000000004,3,3.3333333,16.40625,64.0,25.0,63.0,1.0,30,2.0,1,0.0
C1,643,0.2566164536652098,75.30000000000001,36.7,3,3.0666666,16.666666,72.0,23.0,64.0,1.0,30,1.0,0,0.0
C1,644,0.7456902485107606,31.9,21.4,3,3.2,16.666666,38.0,24.0,64.0,1.0,30,2.0,2,0.0
C1,645,0.3114295144246353,54.9,38.4,3,3.3333333,16.666666,103.0,25.0,64.0,1.0,30,1.0,2,0.0
C1,646,0.21738794831614108,88.5,46.300000000000004,2,4.0,16.666666,112.0,30.0,64.0,1.0,30,1.0,1,0.0
C1,647,0.7435655752499684,32.5,24.7,1,6.0,17.1875,23.0,15.0,22.0,1.0,30,3.0,2,0.0
C1,648,0.11278917522965659,149.9,95.0,1,18.4,17.1875,91.0,46.0,22.0,1.0,30,3.0,0,0.0
C1,649,0.19649457738410137,100.9,58.1,1,4.8,17.1875,58.0,12.0,22.0,1.0,30,1.0,1,0.0
C1,650,0.7537410138464595,32.300000000000004,26.1,1,6.0,17.1875,20.0,15.0,22.0,1.0,30,3.0,2,0.0
C1,651,0.8600234727923319,17.7,17.4,1,5.6,17.1875,17.0,14.0,22.0,1.0,30,3.0,2,0.0
C1,652,0.5765839711106497,50.0,17.3,1,0.8,17.1875,6.0,2.0,22.0,1.0,30,1.0,2,0.0
C1,653,0.8449503405842116,17.9,17.4,1,2.0,17.1875,8.0,5.0,22.0,1.0,30,2.0,2,0.0
C1,654,0.5765839711106497,50.0,17.5,1,0.8,17.1875,4.0,2.0,22.0,1.0,30,1.0,2,0.0
C1,655,0.841486331264437,18.1,17.5,1,1.2,17.1875,10.0,3.0,22.0,1.0,30,1.0,1,0.0
C1,656,0.8600234727923319,17.9,17.5,1,5.6,17.1875,15.0,14.0,22.0,1.0,30,3.0,0,0.0
C1,657,0.8449503405842116,17.9,17.5,1,2.0,17.1875,8.0,5.0,22.0,1.0,30,2.0,0,0.0
C1,658,0.5765839711106497,50.0,17.6,1,0.8,17.1875,5.0,2.0,22.0,1.0,30,1.0,1,0.0
C1,659,0.8500762134230411,18.1,17.5,1,3.2,17.1875,9.0,8.0,22.0,1.0,30,3.0,0,0.0
C1,660,0.5765839711106497,50.0,17.5,1,0.8,17.1875,4.0,2.0,22.0,1.0,30,1.0,2,0.0
C1,661,0.6512515429677705,43.8,33.8,1,5.6,17.1875,33.0,14.0,22.0,1.0,30,2.0,0,0.0
C1,662,0.5765839711106497,50.0,17.7,1,0.8,17.1875,7.0,2.0,22.0,1.0,30,1.0,2,0.0
C1,663,0.580064768450566,50.0,17.4,1,1.6,17.1875,8.0,4.0,22.0,1.0,30,1.0,1,0.0
C1,664,0.5765839711106497,50.0,17.5,1,0.8,17.1875,4.0,2.0,22.0,1.0,30,1.0,1,0.0
C1,665,0.8466688412521486,17.6,17.4,1,2.4,17.1875,6.0,6.0,22.0,1.0,30,2.0,0,0.0
C1,666,0.8567577352788383,17.8,17.4,1,4.8,17.1875,14.0,12.0,22.0,1.0,30,3.0,1,0.0
C1,667,0.8500762134230411,17.8,17.5,1,3.2,17.1875,8.0,8.0,22.0,1.0,30,3.0,2,0.0
C1,668,0.8466688412521486,19.5,17.7,1,2.4,17.1875,7.0,6.0,22.0,1.0,30,3.0,2,0.0
C1,669,0.843222663187408,17.7,17.4,1,1.6,17.1875,7.0,4.0,22.0,1.0,30,2.0,0,0.0
C1,670,0.8449503405842116,17.7,17.4,1,2.0,17.1875,4.0,5.0,22.0,1.0,30,3.0,2,0.0
C1,671,0.26370373778982525,74.1,44.6,1,4.0,17.1875,42.0,10.0,22.0,1.0,30,1.0,1,0.0
C1,672,0.8517640347262774,17.8,17.5,1,3.6,17.1875,10.0,9.0,22.0,1.0,30,3.0,2,0.0
C1,673,0.8500762134230411,17.9,17.5,1,3.2,17.1875,12.0,8.0,22.0,1.0,30,2.0,1,0.0
C1,674,0.8449503405842116,18.2,17.4,1,2.0,17.1875,17.0,5.0,22.0,1.0,30,1.0,1,0.0
C1,675,0.8551053220002116,17.6,17.3,1,4.4,17.1875,19.0,11.0,22.0,1.0,30,2.0,2,0.0
C1,676,0.7378513239913369,32.599999999999994,26.0,1,2.8,17.1875,21.0,7.0,22.0,1.0,30,1.0,0,0.0
C1,677,0.8616357506885648,17.9,17.5,1,6.0,17.1875,17.0,15.0,22.0,1.0,30,3.0,1,0.0
C1,678,0.8600234727923319,17.7,17.4,1,5.6,17.1875,16.0,14.0,22.0,1.0,30,3.0,2,0.0
C1,679,0.7394054921757902,33.0,25.1,1,4.0,17.1875,21.0,10.0,22.0,1.0,30,2.0,0,0.0
C1,680,0.6494971570028583,44.0,34.7,1,5.6,17.1875,31.0,14.0,22.0,1.0,30,2.0,2,0.0
C1,681,0.20070510369989086,99.3,61.0,1,4.8,17.1875,58.0,12.0,22.0,1.0,30,1.0,0,0.0
C1,682,0.8466688412521486,17.8,17.4,1,2.4,17.1875,14.0,6.0,22.0,1.0,30,1.0,1,0.0
C1,683,0.6849298834037203,39.4,31.9,1,4.4,17.1875,38.0,11.0,22.0,1.0,30,1.0,2,0.0
C1,684,0.7435998405419961,32.9,26.599999999999998,1,4.8,17.1875,24.0,12.0,22.0,1.0,30,2.0,1,0.0
C1,685,0.8466688412521486,17.8,17.3,1,2.4,17.1875,18.0,6.0,22.0,1.0,30,1.0,1,0.0
C1,686,0.5669246367221492,43.6,34.4,1,6.0,17.1875,37.0,15.0,22.0,1.0,50,2.0,2,0.0
C1,687,0.6703313033393652,32.4,25.8,1,7.2,17.1875,26.0,18.0,22.0,1.0,50,3.0,0,0.0
C1,688,0.563281413260835,45.400000000000006,34.6,1,8.8,17.1875,32.0,22.0,22.0,1.0,50,3.0,2,0.0
C1,689,0.5780014184019896,41.0,33.9,1,3.2,17.1875,36.0,8.0,22.0,1.0,50,1.0,2,0.0
C1,690,0.12337163106140689,100.5,59.2,1,8.0,17.1875,57.0,20.0,22.0,1.0,50,2.0,1,0.0
C1,691,0.18116443721571351,84.6,46.0,1,11.6,17.1875,49.0,29.0,22.0,1.0,50,3.0,2,0.0
C1,692,0.10254198096852893,103.2,57.5,1,4.8,17.1875,53.0,12.0,22.0,1.0,50,1.0,2,0.0
C1,693,0.7557347567600108,17.7,17.5,1,1.6,17.1875,6.0,4.0,22.0,1.0,50,2.0,2,0.0
C1,694,0.758951238880883,18.2,17.5,1,2.4,17.1875,6.0,6.0,22.0,1.0,50,3.0,2,0.0
C1,695,0.55519440085813,43.6,34.5,1,3.2,17.1875,33.0,8.0,22.0,1.0,50,1.0,2,0.0
C1,696,0.6098049875498914,39.300000000000004,33.6,1,7.2,17.1875,37.0,18.0,22.0,1.0,50,2.0,1,0.0
C1,697,0.758951238880883,18.5,17.5,1,2.4,17.1875,19.0,6.0,22.0,1.0,50,1.0,2,0.0
C1,698,0.6624965471401818,32.9,26.0,1,6.4,17.1875,20.0,16.0,22.0,1.0,50,3.0,2,0.0
C1,699,0.6659453384270844,32.9,26.200000000000003,1,7.2,17.1875,24.0,18.0,22.0,1.0,50,3.0,0,0.0
C1,700,0.758951238880883,18.1,17.4,1,2.4,17.1875,19.0,6.0,22.0,1.0,50,1.0,1,0.0
C1,701,0.0697280165204529,140.6,87.5,1,19.6,17.1875,80.0,49.0,22.0,1.0,50,3.0,0,0.0
C1,702,0.7557347567600108,19.0,17.7,1,1.6,17.1875,13.0,4.0,22.0,1.0,50,1.0,1,0.0
C1,703,0.26323756370917345,78.60000000000001,44.900000000000006,1,6.8,17.1875,45.0,17.0,22.0,1.0,30,2.0,2,0.0
C1,704,0.8534405798950884,17.7,17.4,1,4.0,17.1875,16.0,10.0,22.0,1.0,30,2.0,1,0.0
C1,705,0.7600406758079024,32.300000000000004,26.4,1,7.6,17.1875,23.0,19.0,22.0,1.0,30,3.0,0,0.0
C1,706,0.666289972053633,17.7,17.4,1,4.0,17.1875,16.0,10.0,22.0,1.0,90,2.0,2,0.0
C1,707,0.666289972053633,17.6,17.4,1,4.0,17.1875,16.0,10.0,22.0,1.0,90,2.0,1,0.0
C1,708,0.5605298216159935,32.099999999999994,24.299999999999997,1,4.4,17.1875,21.0,11.0,22.0,1.0,90,2.0,0,0.0
C1,709,0.5531320773167909,32.9,25.9,1,4.0,17.1875,22.0,10.0,22.0,1.0,90,2.0,2,0.0
C1,710,0.6670591094997571,17.7,17.4,1,4.8,17.1875,12.0,12.0,22.0,1.0,90,3.0,0,0.0
C1,711,0.5542990289614085,32.9,25.7,1,5.2,17.1875,23.0,13.0,22.0,1.0,90,2.0,1,0.0
C1,712,0.49223415705378665,39.800000000000004,32.7,1,3.6,17.1875,30.0,9.0,22.0,1.0,90,1.0,0,0.0
C1,713,0.6641844064673916,18.0,17.5,1,1.6,17.1875,12.0,4.0,22.0,1.0,90,1.0,1,0.0
C1,714,0.6687050510671897,17.9,17.5,1,6.4,17.1875,18.0,16.0,22.0,1.0,90,3.0,0,0.0
C1,715,0.6645151185065423,17.6,17.3,1,2.0,17.1875,15.0,5.0,22.0,1.0,90,1.0,0,0.0
C1,716,0.5453797806499285,33.7,26.1,1,3.2,17.1875,21.0,8.0,22.0,1.0,90,1.0,0,0.0
C1,717,0.5551259114975744,33.099999999999994,26.599999999999998,1,7.6,17.1875,24.0,19.0,22.0,1.0,90,3.0,1,0.0
C1,718,0.5499414523960775,33.099999999999994,25.0,1,2.4,17.1875,27.0,6.0,22.0,1.0,90,1.0,0,0.0
C1,719,0.5570210496861691,32.5,26.5,1,4.4,17.1875,21.0,11.0,22.0,1.0,90,2.0,2,0.0
C1,720,0.5529155773829791,33.2,27.5,1,6.4,17.1875,20.0,16.0,22.0,1.0,90,3.0,1,0.0
C1,721,0.010110443628594978,100.6,58.5,1,7.2,17.1875,50.0,18.0,22.0,1.0,90,2.0,2,0.0
C1,722,0.46707423727293296,43.3,33.300000000000004,1,8.8,17.1875,31.0,22.0,22.0,1.0,90,3.0,1,0.0
C1,723,0.5487461124045102,33.4,24.8,1,4.0,17.1875,21.0,10.0,22.0,1.0,90,2.0,2,0.0
C1,724,0.5481870664311652,33.300000000000004,25.7,1,2.4,17.1875,23.0,6.0,22.0,1.0,90,1.0,0,0.0
C1,725,0.6431617651966726,33.2,27.400000000000002,1,2.4,17.1875,22.0,6.0,22.0,1.0,50,1.0,1,0.0
C1,726,0.6600858406176517,32.4,25.2,1,4.8,17.1875,26.0,12.0,22.0,1.0,50,2.0,0,0.0
C1,727,0.5730228629296554,43.1,32.800000000000004,1,6.4,17.1875,32.0,16.0,22.0,1.0,50,2.0,1,0.0
C1,728,0.5878647674748252,43.0,33.6,1,9.6,17.1875,35.0,24.0,22.0,1.0,50,3.0,0,0.0
C1,729,0.5799700306327199,43.9,33.4,1,9.6,17.1875,35.0,24.0,22.0,1.0,50,3.0,1,0.0
C1,730,0.5799700306327199,43.9,34.0,1,9.6,17.1875,34.0,24.0,22.0,1.0,50,3.0,2,0.0
C1,731,0.12433487953665001,110.3,65.69999999999999,1,14.0,17.1875,64.0,35.0,22.0,1.0,50,3.0,2,0.0
C1,732,0.6038173876471552,39.199999999999996,32.599999999999994,1,5.6,17.1875,31.0,14.0,22.0,1.0,50,2.0,2,0.0
C1,733,0.7394054921757902,33.0,27.0,1,4.0,17.1875,21.0,10.0,22.0,1.0,30,2.0,1,0.0
C1,734,0.19975636936877264,98.4,51.3,1,4.0,17.1875,42.0,10.0,22.0,1.0,30,1.0,1,0.0
C1,735,0.6602080707714146,44.2,34.3,1,8.8,17.1875,36.0,22.0,22.0,1.0,30,3.0,1,0.0
C1,736,0.757409096860534,32.599999999999994,26.1,1,7.6,17.1875,27.0,19.0,22.0,1.0,30,3.0,2,0.0
C1,737,0.6631543775025561,44.2,33.7,1,9.6,17.1875,38.0,24.0,22.0,1.0,30,3.0,1,0.0
C1,738,0.8466688412521486,18.5,17.5,1,2.4,17.1875,17.0,6.0,22.0,1.0,30,1.0,2,0.0
C1,739,0.7584892149473346,32.300000000000004,25.7,1,7.2,17.1875,27.0,18.0,22.0,1.0,30,3.0,0,0.0
C1,740,0.7512515429677704,32.4,25.1,1,5.6,17.1875,23.0,14.0,22.0,1.0,30,3.0,0,0.0
C1,741,0.6687080288914722,43.4,33.4,1,9.2,17.1875,33.0,23.0,22.0,1.0,30,3.0,1,0.0
C1,742,0.6738162362720388,39.9,31.8,1,2.8,17.1875,33.0,7.0,22.0,1.0,30,1.0,0,0.0
C1,743,0.6546182068289157,43.6,33.7,1,6.0,17.1875,31.0,15.0,22.0,1.0,30,2.0,2,0.0
C1,744,0.8466688412521486,17.7,17.4,1,2.4,17.1875,15.0,6.0,22.0,1.0,30,1.0,0,0.0
C1,745,0.6087037377898252,47.9,37.3,1,4.0,17.1875,36.0,10.0,22.0,1.0,30,1.0,2,0.0
C1,746,0.613089702702106,47.4,33.7,1,4.0,17.1875,35.0,10.0,22.0,1.0,30,1.0,1,0.0
C1,747,0.7484778559517229,32.9,26.200000000000003,1,6.0,17.1875,28.0,15.0,22.0,1.0,30,2.0,0,0.0
C1,748,0.7576120219648785,32.4,24.9,1,7.2,17.1875,26.0,18.0,22.0,1.0,30,3.0,2,0.0
C1,749,0.661120793894703,43.4,33.6,1,7.2,17.1875,34.0,18.0,22.0,1.0,30,2.0,1,0.0
C1,750,0.7443622047309852,33.0,26.3,1,5.2,17.1875,24.0,13.0,22.0,1.0,30,2.0,2,0.0
C1,751,0.6394833329718914,44.2,34.6,1,3.6,17.1875,35.0,9.0,22.0,1.0,30,1.0,2,0.0
C1,752,0.24951436001842878,85.0,46.5,1,7.6,17.1875,40.0,19.0,22.0,1.0,30,2.0,2,0.0
C1,753,0.8466688412521486,17.8,17.4,1,2.4,17.1875,18.0,6.0,22.0,1.0,30,1.0,2,0.0
C1,754,0.8500762134230411,17.8,17.4,1,3.2,17.1875,14.0,8.0,22.0,1.0,30,2.0,0,0.0
C1,755,0.7547775179131657,32.9,25.7,1,7.6,17.1875,24.0,19.0,22.0,1.0,30,3.0,2,0.0
C1,756,0.7534130023056647,32.7,25.7,1,6.8,17.1875,21.0,17.0,22.0,1.0,30,3.0,1,0.0
C1,757,0.6651992569616476,43.8,32.9,1,9.2,17.1875,32.0,23.0,22.0,1.0,30,3.0,0,0.0
C1,758,0.7584536848065022,33.0,26.5,1,8.8,17.1875,27.0,22.0,22.0,1.0,30,3.0,1,0.0
C1,759,0.7318191544154782,32.7,26.5,1,1.6,17.1875,21.0,4.0,22.0,1.0,30,1.0,1,0.0
C1,760,0.8600234727923319,17.9,17.5,1,5.6,17.1875,15.0,14.0,22.0,1.0,30,3.0,2,0.0
C1,761,0.29346389963423447,73.3,44.5,1,11.2,17.1875,43.0,28.0,22.0,1.0,30,3.0,1,0.0
C1,762,0.6401930412984571,44.5,33.300000000000004,1,4.4,17.1875,36.0,11.0,22.0,1.0,30,1.0,1,0.0
C1,763,0.8551053220002116,17.8,17.4,1,4.4,17.1875,19.0,11.0,22.0,1.0,30,2.0,0,0.0
C1,764,0.6244932114740358,46.1,34.8,1,4.0,17.1875,39.0,10.0,22.0,1.0,30,1.0,2,0.0
C1,765,0.7518300949673786,32.7,25.5,1,6.4,17.1875,20.0,16.0,22.0,1.0,30,3.0,2,0.0
C1,766,0.7535844809322911,32.5,26.700000000000003,1,6.4,17.1875,21.0,16.0,22.0,1.0,30,3.0,1,0.0
C1,767,0.8600234727923319,17.8,17.5,1,5.6,17.1875,17.0,14.0,22.0,1.0,30,3.0,0,0.0
C1,768,0.8449503405842116,18.1,17.5,1,2.0,17.1875,7.0,5.0,22.0,1.0,30,2.0,0,0.0
C1,769,0.843222663187408,18.0,17.6,1,1.6,17.1875,10.0,4.0,22.0,1.0,30,1.0,0,0.0
C1,770,0.7335468318122818,32.7,25.1,1,2.0,17.1875,22.0,5.0,22.0,1.0,30,1.0,0,0.0
C1,771,0.7580668684206235,32.7,25.5,1,8.0,17.1875,27.0,20.0,22.0,1.0,30,3.0,0,0.0
C1,772,0.8449503405842116,17.8,17.4,1,2.0,17.1875,7.0,5.0,22.0,1.0,30,2.0,1,0.0
C1,773,0.6641844064673916,17.8,17.4,1,1.6,17.1875,11.0,4.0,22.0,1.0,90,1.0,2,0.0
C1,774,0.4003882500542819,50.0,17.5,1,0.8,17.1875,1.0,2.0,22.0,1.0,90,2.0,1,0.0
C1,775,0.40070356569969146,50.0,17.7,1,1.2,17.1875,3.0,3.0,22.0,1.0,90,2.0,1,0.0
C1,776,0.8648165110775945,17.9,17.5,1,6.8,17.1875,17.0,17.0,22.0,1.0,30,3.0,2,0.0
C1,777,0.841486331264437,17.7,17.4,1,1.2,17.1875,6.0,3.0,22.0,1.0,30,2.0,2,0.0
C1,778,0.5748318922081663,50.0,17.3,1,0.4,17.1875,1.0,1.0,22.0,1.0,30,2.0,1,0.0
C1,779,0.8551053220002116,17.8,17.5,1,4.4,17.1875,12.0,11.0,22.0,1.0,30,3.0,1,0.0
C1,780,0.5765839711106497,50.0,17.5,1,0.8,17.1875,3.0,2.0,22.0,1.0,30,1.0,2,0.0
C1,781,0.757337347487159,17.7,17.6,1,2.0,17.1875,15.0,5.0,22.0,1.0,50,1.0,2,0.0
C1,782,0.763858250896098,17.7,17.5,1,3.6,17.1875,12.0,9.0,22.0,1.0,50,2.0,0,0.0
C1,783,0.4878391920465357,50.0,17.5,1,0.4,17.1875,3.0,1.0,22.0,1.0,50,1.0,1,0.0
C1,784,0.4894065094559651,50.0,17.5,1,0.8,17.1875,2.0,2.0,22.0,1.0,50,2.0,0,0.0
C1,785,0.7541437003574938,17.7,17.4,1,1.2,17.1875,10.0,3.0,22.0,1.0,50,1.0,0,0.0
C1,786,0.4909858056206518,50.0,17.4,1,1.2,17.1875,9.0,3.0,22.0,1.0,50,1.0,2,0.0
C1,787,0.757337347487159,17.8,17.3,1,2.0,17.1875,5.0,5.0,22.0,1.0,50,3.0,0,0.0
C1,788,0.7605761873560926,17.6,17.3,1,2.8,17.1875,8.0,7.0,22.0,1.0,50,3.0,1,0.0
C1,789,0.4878391920465357,50.0,17.5,1,0.4,17.1875,3.0,1.0,22.0,1.0,50,1.0,2,0.0
C1,790,0.4894065094559651,50.0,17.6,1,0.8,17.1875,3.0,2.0,22.0,1.0,50,1.0,0,0.0
C1,791,0.6711741571204266,32.9,26.200000000000003,1,8.4,17.1875,26.0,21.0,22.0,1.0,50,3.0,1,0.0
C1,792,0.7557347567600108,17.6,17.3,1,1.6,17.1875,6.0,4.0,22.0,1.0,50,2.0,1,0.0
C1,793,0.7541437003574938,17.8,17.4,1,1.2,17.1875,5.0,3.0,22.0,1.0,50,2.0,1,0.0
C1,794,0.7605761873560926,17.9,17.5,1,2.8,17.1875,10.0,7.0,22.0,1.0,50,2.0,0,0.0
C1,795,0.4894065094559651,50.0,17.6,1,0.8,17.1875,2.0,2.0,22.0,1.0,50,2.0,2,0.0
C1,796,0.7557347567600108,17.7,17.4,1,1.6,17.1875,11.0,4.0,22.0,1.0,50,1.0,0,0.0
C1,797,0.758951238880883,17.7,17.4,1,2.4,17.1875,7.0,6.0,22.0,1.0,50,3.0,0,0.0
C1,798,0.49257686202316864,50.0,17.5,1,1.6,17.1875,3.0,4.0,22.0,1.0,50,2.0,2,0.0
C1,799,0.4894065094559651,50.0,17.6,1,0.8,17.1875,2.0,2.0,22.0,1.0,50,2.0,0,0.0
C1,800,0.4909858056206518,50.0,17.6,1,1.2,17.1875,3.0,3.0,22.0,1.0,50,3.0,0,0.0
C1,801,0.7622119447177791,17.9,17.5,1,3.2,17.1875,14.0,8.0,22.0,1.0,50,2.0,1,0.0
C1,802,0.4894065094559651,50.0,17.6,1,0.8,17.1875,4.0,2.0,22.0,1.0,50,2.0,0,0.0
C1,803,0.4909858056206518,50.0,17.6,1,1.2,17.1875,4.0,3.0,22.0,1.0,50,1.0,1,0.0
C1,804,-2.1715000873395223,1000,1000,1,0.8,17.1875,1.0,2.0,22.0,0.0,50,1.0,2,0.0
C1,805,0.4909858056206518,50.0,17.8,1,1.2,17.1875,3.0,3.0,22.0,1.0,50,1.0,0,0.0
C1,806,0.7622119447177791,18.0,17.6,1,3.2,17.1875,13.0,8.0,22.0,1.0,50,2.0,1,0.0
C1,807,0.7545652739686022,20.5,17.7,1,2.4,17.1875,8.0,6.0,22.0,1.0,50,2.0,2,0.0
C1,808,0.7541437003574938,18.0,17.6,1,1.2,17.1875,4.0,3.0,22.0,1.0,50,3.0,2,0.0
C1,809,0.7605761873560926,17.9,17.5,1,2.8,17.1875,7.0,7.0,22.0,1.0,50,3.0,0,0.0
C1,810,0.4894065094559651,50.0,17.8,1,0.8,17.1875,2.0,2.0,22.0,1.0,50,3.0,0,0.0
C1,811,0.757337347487159,18.1,17.7,1,2.0,17.1875,14.0,5.0,22.0,1.0,50,1.0,0,0.0
C1,812,0.4909858056206518,50.0,17.5,1,1.2,17.1875,6.0,3.0,22.0,1.0,50,1.0,1,0.0
C1,813,0.4894065094559651,50.0,17.5,1,0.8,17.1875,6.0,2.0,22.0,1.0,50,1.0,0,0.0
C1,814,0.4894065094559651,50.0,17.5,1,0.8,17.1875,2.0,2.0,22.0,1.0,50,3.0,1,0.0
C1,815,0.7541437003574938,17.8,17.4,1,1.2,17.1875,4.0,3.0,22.0,1.0,50,3.0,1,0.0
C1,816,0.7671814422697458,17.7,17.5,1,4.4,17.1875,12.0,11.0,22.0,1.0,50,3.0,1,0.0
C1,817,0.757337347487159,17.7,17.4,1,2.0,17.1875,7.0,5.0,22.0,1.0,50,2.0,2,0.0
C1,818,0.7557347567600108,17.8,17.4,1,1.6,17.1875,6.0,4.0,22.0,1.0,50,2.0,0,0.0
C1,819,0.49257686202316864,50.0,17.5,1,1.6,17.1875,2.0,4.0,22.0,1.0,50,3.0,2,0.0
C1,820,0.4894065094559651,50.0,17.3,1,0.8,17.1875,6.0,2.0,22.0,1.0,50,1.0,1,0.0
C1,821,0.1465561373036606,99.8,57.2,1,12.8,17.1875,53.0,32.0,22.0,1.0,50,3.0,0,0.0
C1,822,0.768857770442213,17.8,17.5,1,4.8,17.1875,15.0,12.0,22.0,1.0,50,3.0,1,0.0
C1,823,0.6670591094997571,17.8,17.4,1,4.8,17.1875,14.0,12.0,22.0,1.0,90,3.0,1,0.0
C1,824,0.6645151185065423,17.8,17.3,1,2.0,17.1875,4.0,5.0,22.0,1.0,90,3.0,1,0.0
C1,825,0.6641844064673916,19.5,17.7,1,1.6,17.1875,4.0,4.0,22.0,1.0,90,3.0,2,0.0
C1,826,0.6645151185065423,18.4,17.4,1,2.0,17.1875,16.0,5.0,22.0,1.0,90,1.0,2,0.0
C1,827,0.4003882500542819,50.0,17.5,1,0.8,17.1875,3.0,2.0,22.0,1.0,90,2.0,2,0.0
C1,828,0.4000804301987622,50.0,17.5,1,0.4,17.1875,1.0,1.0,22.0,1.0,90,3.0,2,0.0
C1,829,0.6678637575856803,17.7,17.4,1,5.6,17.1875,16.0,14.0,22.0,1.0,90,3.0,0,0.0
C1,830,0.6655552192464198,19.8,17.6,1,3.2,17.1875,13.0,8.0,22.0,1.0,90,2.0,1,0.0
C1,831,0.1069221613177953,65.3,44.6,1,10.4,17.1875,45.0,26.0,22.0,1.0,90,3.0,2,0.0
C1,832,0.6652003871959242,17.7,17.3,1,2.8,17.1875,12.0,7.0,22.0,1.0,90,2.0,0,0.0
C1,833,0.5560818032732704,32.4,26.3,1,2.4,17.1875,22.0,6.0,22.0,1.0,90,1.0,2,0.0
C1,834,0.40070356569969146,50.0,17.5,1,1.2,17.1875,8.0,3.0,22.0,1.0,90,1.0,1,0.0
C1,835,0.6638614604365336,17.7,17.4,1,1.2,17.1875,5.0,3.0,22.0,1.0,90,2.0,2,0.0
C1,836,0.5555512643889068,32.5,26.200000000000003,1,2.8,17.1875,23.0,7.0,22.0,1.0,90,1.0,0,0.0
C1,837,0.4003882500542819,50.0,17.6,1,0.8,17.1875,8.0,2.0,22.0,1.0,90,1.0,1,0.0
C1,838,0.6648537330978317,17.7,17.4,1,2.4,17.1875,7.0,6.0,22.0,1.0,90,3.0,1,0.0
C1,839,0.843222663187408,18.0,17.4,1,1.6,17.1875,7.0,4.0,22.0,1.0,30,2.0,2,0.0
C1,840,0.8466688412521486,17.7,17.4,1,2.4,17.1875,10.0,6.0,22.0,1.0,30,2.0,1,0.0
C1,841,0.8551053220002116,17.6,17.4,1,4.4,17.1875,18.0,11.0,22.0,1.0,30,2.0,0,0.0
C1,842,0.8466688412521486,17.7,17.3,1,2.4,17.1875,9.0,6.0,22.0,1.0,30,2.0,2,0.0
C1,843,0.5783284365275949,50.0,17.3,1,1.2,17.1875,4.0,3.0,22.0,1.0,30,2.0,2,0.0
C1,844,0.8534405798950884,17.8,17.5,1,4.0,17.1875,16.0,10.0,22.0,1.0,30,2.0,0,0.0
C1,845,0.8449503405842116,17.5,17.2,1,2.0,17.1875,18.0,5.0,22.0,1.0,30,1.0,1,0.0
C1,846,0.7480877781405624,32.2,25.7,1,4.4,17.1875,22.0,11.0,22.0,1.0,30,2.0,2,0.0
C1,847,0.8483776397808107,18.0,17.5,1,2.8,17.1875,13.0,7.0,22.0,1.0,30,2.0,0,0.0
C1,848,0.8616357506885648,17.9,17.6,1,6.0,17.1875,17.0,15.0,22.0,1.0,30,3.0,0,0.0
C1,849,0.8449503405842116,17.8,17.4,1,2.0,17.1875,14.0,5.0,22.0,1.0,30,1.0,2,0.0
C1,850,0.8551053220002116,17.7,17.4,1,4.4,17.1875,17.0,11.0,22.0,1.0,30,2.0,2,0.0
C1,851,0.662839649718783,43.9,34.3,1,8.8,17.1875,37.0,22.0,22.0,1.0,30,3.0,0,0.0
C1,852,0.843222663187408,18.3,17.6,1,1.6,17.1875,13.0,4.0,22.0,1.0,30,1.0,1,0.0
C1,853,0.8600234727923319,18.0,17.6,1,5.6,17.1875,16.0,14.0,22.0,1.0,30,3.0,0,0.0
C1,854,0.8600234727923319,17.7,17.3,1,5.6,17.1875,16.0,14.0,22.0,1.0,30,3.0,0,0.0
C1,855,0.5765839711106497,50.0,17.2,1,0.8,17.1875,7.0,2.0,22.0,1.0,30,1.0,0,0.0
C1,856,0.7558576359999662,32.599999999999994,25.7,1,7.2,17.1875,26.0,18.0,22.0,1.0,30,3.0,1,0.0
C1,857,0.8500762134230411,17.6,17.4,1,3.2,17.1875,15.0,8.0,22.0,1.0,30,2.0,0,0.0
C1,858,0.8466688412521486,18.1,17.3,1,2.4,17.1875,9.0,6.0,22.0,1.0,30,2.0,2,0.0
C1,859,0.5765839711106497,50.0,17.5,1,0.8,17.1875,8.0,2.0,22.0,1.0,30,1.0,1,0.0
C1,860,0.8500762134230411,17.7,17.4,1,3.2,17.1875,14.0,8.0,22.0,1.0,30,2.0,2,0.0
C1,861,0.2895143600184288,69.8,43.3,1,7.6,17.1875,41.0,19.0,22.0,1.0,30,2.0,0,0.0
C1,862,0.8567577352788383,17.7,17.3,1,4.8,17.1875,13.0,12.0,22.0,1.0,30,3.0,1,0.0
C1,863,0.7486199640204021,32.7,24.9,1,5.6,17.1875,20.0,14.0,22.0,1.0,30,3.0,1,0.0
C1,864,0.8449503405842116,18.0,17.5,1,2.0,17.1875,14.0,5.0,22.0,1.0,30,1.0,0,0.0
C1,865,0.7528638208640035,32.4,26.4,1,6.0,17.1875,21.0,15.0,22.0,1.0,30,3.0,1,0.0
C1,866,0.7569217742354892,32.300000000000004,25.7,1,6.8,17.1875,24.0,17.0,22.0,1.0,30,3.0,1,0.0
C1,867,0.8466688412521486,18.1,17.7,1,2.4,17.1875,10.0,6.0,22.0,1.0,30,2.0,2,0.0
C1,868,0.7379327967245624,32.2,26.8,1,2.0,17.1875,20.0,5.0,22.0,1.0,30,1.0,0,0.0
C1,869,0.6537410138464597,43.7,33.7,1,6.0,17.1875,32.0,15.0,22.0,1.0,30,2.0,1,0.0
C1,870,0.8534405798950884,17.7,17.3,1,4.0,17.1875,18.0,10.0,22.0,1.0,30,2.0,2,0.0
C1,871,0.2223918938449635,92.3,56.2,1,5.6,17.1875,54.0,14.0,22.0,1.0,30,1.0,1,0.0
C1,872,0.7553388668972032,32.300000000000004,25.4,1,6.4,17.1875,23.0,16.0,22.0,1.0,30,3.0,0,0.0
C1,873,0.8466688412521486,17.6,17.3,1,2.4,17.1875,11.0,6.0,22.0,1.0,30,2.0,2,0.0
C1,874,0.8534405798950884,17.7,17.4,1,4.0,17.1875,17.0,10.0,22.0,1.0,30,2.0,0,0.0
C1,875,0.8466688412521486,17.8,17.5,1,2.4,17.1875,18.0,6.0,22.0,1.0,30,1.0,0,0.0
C1,876,0.7422372889036177,32.099999999999994,25.8,1,2.8,17.1875,22.0,7.0,22.0,1.0,30,1.0,2,0.0
C1,877,0.8632336037393085,17.8,17.4,1,6.4,17.1875,19.0,16.0,22.0,1.0,30,3.0,0,0.0
C1,878,0.8466688412521486,17.9,17.6,1,2.4,17.1875,18.0,6.0,22.0,1.0,30,1.0,0,0.0
C1,879,0.843222663187408,17.6,17.3,1,1.6,17.1875,13.0,4.0,22.0,1.0,30,1.0,0,0.0
C1,880,0.735301217777194,32.5,24.2,1,2.0,17.1875,20.0,5.0,22.0,1.0,30,1.0,2,0.0
C1,881,0.6325881660966002,44.6,34.0,1,2.8,17.1875,31.0,7.0,22.0,1.0,30,1.0,0,0.0
C1,882,0.7576120219648785,32.4,26.700000000000003,1,7.2,17.1875,23.0,18.0,22.0,1.0,30,3.0,2,0.0
C1,883,0.841486331264437,17.6,17.3,1,1.2,17.1875,10.0,3.0,22.0,1.0,30,1.0,2,0.0
C1,884,0.6833429820946983,39.199999999999996,34.3,1,3.6,17.1875,33.0,9.0,22.0,1.0,30,1.0,0,0.0
C1,885,0.843222663187408,17.8,17.5,1,1.6,17.1875,11.0,4.0,22.0,1.0,30,1.0,0,0.0
C1,886,0.8648165110775945,18.0,17.6,1,6.8,17.1875,19.0,17.0,22.0,1.0,30,3.0,2,0.0
C1,887,0.8551053220002116,17.9,17.5,1,4.4,17.1875,17.0,11.0,22.0,1.0,30,2.0,2,0.0
C1,888,0.8534405798950884,18.0,17.7,1,4.0,17.1875,11.0,10.0,22.0,1.0,30,3.0,2,0.0
C1,889,0.843222663187408,18.4,17.6,1,1.6,17.1875,12.0,4.0,22.0,1.0,30,1.0,0,0.0
C1,890,0.8616357506885648,17.9,17.4,1,6.0,17.1875,18.0,15.0,22.0,1.0,30,3.0,0,0.0
C1,891,0.7344240247947378,32.599999999999994,25.2,1,2.0,17.1875,20.0,5.0,22.0,1.0,30,1.0,1,0.0
C1,892,0.8466688412521486,19.7,17.6,1,2.4,17.1875,8.0,6.0,22.0,1.0,30,2.0,2,0.0
C1,893,0.841486331264437,17.6,17.3,1,1.2,17.1875,11.0,3.0,22.0,1.0,30,1.0,2,0.0
C1,894,0.5783284365275949,50.0,17.3,1,1.2,17.1875,8.0,3.0,22.0,1.0,30,1.0,1,0.0
C1,895,0.8483776397808107,17.8,17.4,1,2.8,17.1875,8.0,7.0,22.0,1.0,30,3.0,0,0.0
C1,896,0.8616357506885648,17.9,17.5,1,6.0,17.1875,16.0,15.0,22.0,1.0,30,3.0,1,0.0
C1,897,0.8449503405842116,17.7,17.4,1,2.0,17.1875,12.0,5.0,22.0,1.0,30,1.0,2,0.0
C1,898,0.5765839711106497,50.0,17.4,1,0.8,17.1875,3.0,2.0,22.0,1.0,30,1.0,2,0.0
C1,899,0.8449503405842116,18.2,17.5,1,2.0,17.1875,10.0,5.0,22.0,1.0,30,2.0,0,0.0
C1,900,0.8449503405842116,17.9,17.4,1,2.0,17.1875,6.0,5.0,22.0,1.0,30,3.0,0,0.0
C1,901,0.8500762134230411,17.8,17.5,1,3.2,17.1875,13.0,8.0,22.0,1.0,30,2.0,0,0.0
C1,902,0.5783284365275949,50.0,17.3,1,1.2,17.1875,4.0,3.0,22.0,1.0,30,2.0,1,0.0
C1,903,0.5765839711106497,50.0,17.2,1,0.8,17.1875,2.0,2.0,22.0,1.0,30,2.0,1,0.0
C1,904,0.580064768450566,50.0,17.4,1,1.6,17.1875,3.0,4.0,22.0,1.0,30,2.0,0,0.0
C1,905,0.580064768450566,50.0,17.3,1,1.6,17.1875,4.0,4.0,22.0,1.0,30,2.0,1,0.0
C1,906,0.8466688412521486,17.9,17.5,1,2.4,17.1875,9.0,6.0,22.0,1.0,30,2.0,1,0.0
C1,907,0.843222663187408,17.9,17.4,1,1.6,17.1875,4.0,4.0,22.0,1.0,30,3.0,2,0.0
C1,908,0.580064768450566,50.0,17.3,1,1.6,17.1875,4.0,4.0,22.0,1.0,30,2.0,1,0.0
C1,909,0.5765839711106497,50.0,17.4,1,0.8,17.1875,5.0,2.0,22.0,1.0,30,1.0,1,0.0
C1,910,0.5783284365275949,50.0,17.6,1,1.2,17.1875,2.0,3.0,22.0,1.0,30,1.0,1,0.0
C1,911,0.8449503405842116,18.4,17.4,1,2.0,17.1875,16.0,5.0,22.0,1.0,30,1.0,0,0.0
C1,912,0.8449503405842116,17.7,17.3,1,2.0,17.1875,6.0,5.0,22.0,1.0,30,2.0,1,0.0
C1,913,0.580064768450566,50.0,17.5,1,1.6,17.1875,3.0,4.0,22.0,1.0,30,3.0,0,0.0
C1,914,0.5765839711106497,50.0,18.3,1,0.8,17.1875,4.0,2.0,22.0,1.0,30,1.0,1,0.0
C1,915,0.580064768450566,50.0,17.3,1,1.6,17.1875,3.0,4.0,22.0,1.0,30,3.0,2,0.0
C1,916,0.843222663187408,17.5,17.3,1,1.6,17.1875,11.0,4.0,22.0,1.0,30,1.0,2,0.0
C1,917,0.841486331264437,17.9,17.3,1,1.2,17.1875,6.0,3.0,22.0,1.0,30,2.0,1,0.0
C1,918,0.5748318922081663,50.0,17.5,1,0.4,17.1875,1.0,1.0,22.0,1.0,30,3.0,2,0.0
C1,919,0.5748318922081663,50.0,17.7,1,0.4,17.1875,3.0,1.0,22.0,1.0,30,1.0,1,0.0
C1,920,0.843222663187408,18.1,17.4,1,1.6,17.1875,4.0,4.0,22.0,1.0,30,3.0,0,0.0
C1,921,0.8567577352788383,17.9,17.3,1,4.8,17.1875,13.0,12.0,22.0,1.0,30,3.0,2,0.0
C1,922,0.5783284365275949,50.0,17.5,1,1.2,17.1875,4.0,3.0,22.0,1.0,30,2.0,1,0.0
C1,923,0.5783284365275949,50.0,17.3,1,1.2,17.1875,4.0,3.0,22.0,1.0,30,2.0,1,0.0
C1,924,0.5783284365275949,50.0,17.3,1,1.2,17.1875,4.0,3.0,22.0,1.0,30,2.0,1,0.0
C1,925,0.5765839711106497,50.0,17.4,1,0.8,17.1875,4.0,2.0,22.0,1.0,30,1.0,0,0.0
C1,926,0.843222663187408,18.1,17.4,1,1.6,17.1875,12.0,4.0,22.0,1.0,30,1.0,1,0.0
C1,927,0.5748318922081663,50.0,17.3,1,0.4,17.1875,4.0,1.0,22.0,1.0,30,1.0,0,0.0
C1,928,0.5765839711106497,50.0,17.5,1,0.8,17.1875,2.0,2.0,22.0,1.0,30,1.0,1,0.0
C1,929,0.8449503405842116,17.9,17.5,1,2.0,17.1875,7.0,5.0,22.0,1.0,30,2.0,1,0.0
C1,930,0.5765839711106497,50.0,17.7,1,0.8,17.1875,2.0,2.0,22.0,1.0,30,2.0,1,0.0
C1,931,0.601288482626896,32.300000000000004,25.1,1,8.0,17.1875,28.0,20.0,22.0,1.0,70,3.0,2,0.0
C1,932,0.6940263352002114,18.0,17.5,1,2.0,17.1875,5.0,5.0,22.0,1.0,70,3.0,2,0.0
C1,933,0.4282301737168955,50.0,17.5,1,0.8,17.1875,2.0,2.0,22.0,1.0,70,2.0,2,0.0
C1,934,-2.232676423078592,1000,1000,1,0.8,17.1875,1.0,2.0,22.0,0.0,70,1.0,2,0.0
C1,935,0.695856543421489,17.8,17.3,1,2.8,17.1875,7.0,7.0,22.0,1.0,70,2.0,0,0.0
C1,936,0.6967932929551672,17.6,17.3,1,3.2,17.1875,10.0,8.0,22.0,1.0,70,3.0,1,0.0
C1,937,0.841486331264437,17.6,17.4,1,1.2,17.1875,6.0,3.0,22.0,1.0,30,2.0,0,0.0
C1,938,0.841486331264437,17.9,17.6,1,1.2,17.1875,5.0,3.0,22.0,1.0,30,2.0,0,0.0
C1,939,0.5748318922081663,50.0,17.7,1,0.4,17.1875,2.0,1.0,22.0,1.0,30,2.0,1,0.0
C1,940,0.580064768450566,50.0,17.6,1,1.6,17.1875,2.0,4.0,22.0,1.0,30,3.0,0,0.0
C1,941,-0.24286923893356366,183.0,89.80000000000001,4,77.4,16.796875,489.0,387.0,43.0,1.0,30,3.0,0,0.0
C1,942,0.3713157894736842,53.699999999999996,35.3,5,28.8,16.5625,492.0,360.0,106.0,1.0,30,3.0,1,0.0
C1,943,0.3188664247612485,57.7,35.8,5,6.96,16.5625,192.0,87.0,106.0,1.0,30,2.0,2,0.0
C1,944,0.5755336041983312,50.0,17.5,5,0.56,16.5625,3.0,7.0,106.0,1.0,30,2.0,2,0.0
C1,945,0.5751828921203381,50.0,17.2,5,0.48,16.5625,3.0,6.0,106.0,1.0,30,2.0,0,0.0
C1,946,0.8404405944984672,17.9,17.4,5,0.96,16.5625,10.0,12.0,106.0,1.0,30,3.0,0,0.0
C1,947,0.8404405944984672,18.0,17.5,5,0.96,16.5625,11.0,12.0,106.0,1.0,30,3.0,1,0.0
C1,948,0.5217719886668782,43.6,29.3,2,4.4,16.796875,47.0,22.0,43.0,1.0,30,2.0,1,0.0
C1,949,0.5699073838960159,50.0,17.4,1,1.2,17.1875,7.0,3.0,22.0,1.0,30,1.0,2,0.0
C1,950,0.8449503405842116,17.8,17.4,1,2.0,17.1875,5.0,5.0,22.0,1.0,30,2.0,2,0.0
C1,951,0.7503743499853144,32.5,26.5,1,5.6,17.1875,29.0,14.0,22.0,1.0,30,2.0,2,0.0
C1,952,0.8466688412521486,17.8,17.4,1,2.4,17.1875,5.0,6.0,22.0,1.0,30,3.0,0,0.0
C1,953,0.8534405798950884,17.7,17.4,1,4.0,17.1875,17.0,10.0,22.0,1.0,30,2.0,2,0.0
C1,954,0.6584892149473347,43.7,34.7,1,7.2,17.1875,35.0,18.0,22.0,1.0,30,2.0,2,0.0
C1,955,0.843222663187408,17.9,17.6,1,1.6,17.1875,7.0,4.0,22.0,1.0,30,2.0,0,0.0
C1,956,0.8567577352788383,17.7,17.4,1,4.8,17.1875,13.0,12.0,22.0,1.0,30,3.0,0,0.0
C1,957,0.5765839711106497,50.0,17.2,1,0.8,17.1875,5.0,2.0,22.0,1.0,30,1.0,1,0.0
C1,958,0.580064768450566,50.0,17.3,1,1.6,17.1875,2.0,4.0,22.0,1.0,30,3.0,0,0.0
C1,959,0.843222663187408,18.0,17.4,1,1.6,17.1875,7.0,4.0,22.0,1.0,30,2.0,1,0.0
C1,960,0.7325881660966,33.2,26.4,1,2.8,17.1875,23.0,7.0,22.0,1.0,30,1.0,1,0.0
C1,961,0.8500762134230411,17.7,17.3,1,3.2,17.1875,15.0,8.0,22.0,1.0,30,2.0,0,0.0
C1,962,0.6645151185065423,17.8,17.4,1,2.0,17.1875,5.0,5.0,22.0,1.0,90,2.0,0,0.0
C1,963,0.4003882500542819,50.0,17.4,1,0.8,17.1875,2.0,2.0,22.0,1.0,90,2.0,0,0.0
C1,964,0.6641844064673916,17.8,17.4,1,1.6,17.1875,5.0,4.0,22.0,1.0,90,2.0,2,0.0
C1,965,0.5603890693923113,32.5,25.9,1,7.6,17.1875,27.0,19.0,22.0,1.0,90,3.0,0,0.0
C1,966,0.6648537330978317,18.0,17.5,1,2.4,17.1875,9.0,6.0,22.0,1.0,90,2.0,1,0.0
C1,967,0.6645151185065423,17.8,17.4,1,2.0,17.1875,6.0,5.0,22.0,1.0,90,3.0,2,0.0
C1,968,0.6659183675801024,17.6,17.3,1,3.6,17.1875,14.0,9.0,22.0,1.0,90,2.0,2,0.0
C1,969,0.4003882500542819,50.0,17.3,1,0.8,17.1875,6.0,2.0,22.0,1.0,90,1.0,0,0.0
C1,970,0.6645151185065423,18.3,17.5,1,2.0,17.1875,8.0,5.0,22.0,1.0,90,2.0,2,0.0
C1,971,-0.04778220883386161,124.5,78.0,1,11.2,17.1875,72.0,28.0,22.0,1.0,90,2.0,1,0.0
C1,972,0.4003882500542819,50.0,17.2,1,0.8,17.1875,3.0,2.0,22.0,1.0,90,1.0,0,0.0
C1,973,0.6645151185065423,17.8,17.3,1,2.0,17.1875,6.0,5.0,22.0,1.0,90,3.0,0,0.0
C1,974,0.4000804301987622,50.0,17.4,1,0.4,17.1875,4.0,1.0,22.0,1.0,90,1.0,2,0.0
C1,975,0.40070356569969146,50.0,17.5,1,1.2,17.1875,3.0,3.0,22.0,1.0,90,3.0,1,0.0
C1,976,0.0714438729815118,80.3,44.6,1,13.2,17.1875,49.0,33.0,22.0,1.0,90,3.0,0,0.0
C1,977,0.6652003871959242,17.8,17.5,1,2.8,17.1875,8.0,7.0,22.0,1.0,90,3.0,1,0.0
C1,978,0.4003882500542819,50.0,17.7,1,0.8,17.1875,2.0,2.0,22.0,1.0,90,2.0,2,0.0
C1,979,0.40070356569969146,50.0,17.8,1,1.2,17.1875,3.0,3.0,22.0,1.0,90,1.0,0,0.0
C1,980,0.6645151185065423,18.1,17.5,1,2.0,17.1875,6.0,5.0,22.0,1.0,90,3.0,1,0.0
C1,981,0.6641844064673916,18.5,17.4,1,1.6,17.1875,11.0,4.0,22.0,1.0,90,1.0,0,0.0
C1,982,0.5521468287980028,33.099999999999994,25.8,1,4.8,17.1875,25.0,12.0,22.0,1.0,90,2.0,2,0.0
C1,983,0.6645151185065423,17.7,17.4,1,2.0,17.1875,7.0,5.0,22.0,1.0,90,2.0,0,0.0
C1,984,0.40070356569969146,50.0,17.4,1,1.2,17.1875,3.0,3.0,22.0,1.0,90,2.0,1,0.0
C1,985,0.5575180422290716,32.4,25.6,1,4.0,17.1875,20.0,10.0,22.0,1.0,90,2.0,1,0.0
C1,986,0.5569306079087769,32.599999999999994,26.0,1,5.2,17.1875,25.0,13.0,22.0,1.0,90,2.0,1,0.0
C1,987,0.46782974187420906,43.0,33.5,1,7.2,17.1875,39.0,18.0,22.0,1.0,90,2.0,2,0.0
C1,988,0.6645151185065423,17.9,17.4,1,2.0,17.1875,12.0,5.0,22.0,1.0,90,1.0,2,0.0
C1,989,0.6648537330978317,18.0,17.5,1,2.4,17.1875,5.0,6.0,22.0,1.0,90,3.0,0,0.0
C1,990,0.4003882500542819,50.0,17.3,1,0.8,17.1875,2.0,2.0,22.0,1.0,90,2.0,1,0.0
C1,991,0.6652003871959242,17.9,17.4,1,2.8,17.1875,13.0,7.0,22.0,1.0,90,2.0,0,0.0
C1,992,0.5552666637212567,32.7,26.700000000000003,1,4.4,17.1875,22.0,11.0,22.0,1.0,90,2.0,1,0.0
C1,993,-0.18537396503694997,194.0,111.19999999999999,1,31.6,17.1875,213.0,79.0,22.0,1.0,90,2.0,0,0.0
C1,994,0.05432304064960276,84.7,48.0,1,9.2,17.1875,48.0,23.0,22.0,1.0,90,2.0,0,0.0
C1,995,0.6648537330978317,17.8,17.4,1,2.4,17.1875,9.0,6.0,22.0,1.0,90,2.0,0,0.0
C1,996,0.40102651173054954,50.0,17.4,1,1.6,17.1875,8.0,4.0,22.0,1.0,90,1.0,2,0.0
C1,997,0.6606756345375671,20.400000000000002,17.7,1,1.6,17.1875,4.0,4.0,22.0,1.0,90,3.0,1,0.0
C1,998,0.4003882500542819,50.0,17.7,1,0.8,17.1875,3.0,2.0,22.0,1.0,90,1.0,1,0.0
C1,999,0.40070356569969146,50.0,17.5,1,1.2,17.1875,3.0,3.0,22.0,1.0,90,2.0,1,0.0
C1,1000,0.6648537330978317,18.0,17.3,1,2.4,17.1875,5.0,6.0,22.0,1.0,90,3.0,1,0.0
C1,1001,-0.17837818491663687,193.8,109.10000000000001,1,33.6,17.1875,244.0,84.0,22.0,1.0,90,2.0,1,0.0
C1,1002,-0.21104228523281848,190.20000000000002,105.1,1,17.2,17.1875,222.0,43.0,22.0,1.0,90,1.0,1,0.0
C1,1003,-0.1663602691458419,186.29999999999998,106.6,1,31.2,17.1875,215.0,78.0,22.0,1.0,90,2.0,1,0.0
C1,1004,-0.17210078514761812,199.6,111.8,1,39.6,17.1875,261.0,99.0,22.0,1.0,90,2.0,1,0.0
C1,1005,-0.11373363209648779,190.6,108.8,1,48.0,17.1875,216.0,120.0,22.0,1.0,90,3.0,2,0.0
C1,1006,-0.11183562739600605,187.9,105.5,1,46.8,17.1875,220.0,117.0,22.0,1.0,90,3.0,1,0.0
C1,1007,-0.21930060610364188,191.5,109.2,1,14.4,17.1875,205.0,36.0,22.0,1.0,90,1.0,0,0.0
C1,1008,-0.21613949302709112,190.8,108.2,1,15.2,17.1875,206.0,38.0,22.0,1.0,90,1.0,0,0.0
C1,1009,-0.15110735468987263,194.6,109.60000000000001,1,41.6,17.1875,191.0,104.0,22.0,1.0,90,3.0,1,0.0
C1,1010,-0.11658413520767538,188.4,106.89999999999999,1,46.0,17.1875,216.0,115.0,22.0,1.0,90,3.0,0,0.0
C1,1011,-0.18656860102229222,180.9,107.0,1,17.2,17.1875,251.0,43.0,22.0,1.0,90,1.0,2,0.0
C1,1012,-0.19701582193209027,191.89999999999998,107.2,1,25.6,17.1875,176.0,64.0,22.0,1.0,90,2.0,0,0.0
C1,1013,-0.1511194547026607,194.0,109.39999999999999,1,41.2,17.1875,188.0,103.0,22.0,1.0,90,3.0,1,0.0
C1,1014,-0.18508686144814385,179.0,105.89999999999999,1,15.2,17.1875,193.0,38.0,22.0,1.0,90,1.0,0,0.0
C1,1015,-0.1395047577759987,190.8,108.10000000000001,1,42.0,17.1875,186.0,105.0,22.0,1.0,90,3.0,2,0.0
C1,1016,-0.22388906447398338,193.0,111.3,1,14.0,17.1875,190.0,35.0,22.0,1.0,90,1.0,0,0.0
C1,1017,-0.16217244096025768,197.6,111.19999999999999,1,40.8,17.1875,178.0,102.0,22.0,1.0,90,3.0,2,0.0
C1,1018,-0.15073619165064484,190.89999999999998,109.5,1,39.2,17.1875,173.0,98.0,22.0,1.0,90,3.0,2,0.0
C1,1019,-0.2334390082830316,195.70000000000002,105.7,1,12.4,17.1875,177.0,31.0,22.0,1.0,90,1.0,0,0.0
C1,1020,-0.20442446960927058,184.9,105.2,1,12.8,17.1875,173.0,32.0,22.0,1.0,90,1.0,1,0.0
C1,1021,-0.2335124313818881,200.2,109.7,1,19.2,17.1875,245.0,48.0,22.0,1.0,90,1.0,0,0.0
C1,1022,-0.20937836419650174,197.8,114.8,1,26.8,17.1875,174.0,67.0,22.0,1.0,90,2.0,0,0.0
C1,1023,-0.18574702233154922,195.6,109.2,1,32.8,17.1875,206.0,82.0,22.0,1.0,90,2.0,1,0.0
C1,1024,-0.18542471587080073,197.5,111.5,1,34.4,17.1875,228.0,86.0,22.0,1.0,90,2.0,2,0.0
C1,1025,-0.21982370355340697,192.20000000000002,108.10000000000001,1,15.2,17.1875,212.0,38.0,22.0,1.0,90,1.0,1,0.0
C1,1026,-0.18170065457611867,189.4,106.39999999999999,1,28.8,17.1875,193.0,72.0,22.0,1.0,90,2.0,0,0.0
C1,1027,-0.1572668276171229,186.79999999999998,106.2,1,14.4,17.1875,213.0,36.0,22.0,1.0,70,1.0,0,0.0
C1,1028,-0.1628297513007092,188.4,103.3,1,14.0,17.1875,193.0,35.0,22.0,1.0,70,1.0,2,0.0
C1,1029,-0.02452839970702017,146.5,96.60000000000001,1,21.6,17.1875,94.0,54.0,22.0,1.0,70,3.0,1,0.0
C1,1030,-0.1618976515709229,196.9,111.9,1,20.4,17.1875,133.0,51.0,22.0,1.0,70,2.0,0,0.0
C1,1031,-0.07639309075432413,194.1,109.7,1,18.4,17.1875,247.0,46.0,22.0,1.0,50,1.0,2,0.0
C1,1032,-0.03518745078825411,191.39999999999998,109.2,1,26.4,17.1875,114.0,66.0,22.0,1.0,50,3.0,2,0.0
C1,1033,-0.052715952856232734,195.6,113.19999999999999,1,24.8,17.1875,101.0,62.0,22.0,1.0,50,3.0,1,0.0
C1,1034,-0.12171775204229732,203.8,115.2,1,14.0,17.1875,171.0,35.0,22.0,1.0,50,1.0,2,0.0
C1,1035,-0.008676978179516875,195.70000000000002,110.39999999999999,1,38.0,17.1875,177.0,95.0,22.0,1.0,50,3.0,0,0.0
C1,1036,0.1485517425978813,129.3,69.4,2,14.6,16.40625,203.0,73.0,42.0,1.0,30,2.0,2,0.0
C1,1037,0.1972721717151181,116.5,62.8,2,17.0,16.796875,197.0,85.0,43.0,1.0,30,2.0,0,0.0
C1,1038,0.2086842105263158,118.7,63.5,2,24.8,16.796875,205.0,124.0,43.0,1.0,30,3.0,0,0.0
C1,1039,0.2071796324274299,103.1,58.3,2,9.0,16.796875,217.0,45.0,43.0,1.0,30,1.0,0,0.0
C1,1040,0.21789473684210528,115.2,62.300000000000004,2,27.4,16.796875,217.0,137.0,43.0,1.0,30,3.0,0,0.0
C1,1041,0.1670432234530578,121.6,63.8,2,11.4,16.796875,264.0,57.0,43.0,1.0,30,1.0,2,0.0
C1,1042,0.21973684210526317,111.3,59.2,3,34.6,16.796875,287.0,173.0,43.0,1.0,30,3.0,1,0.0
C1,1043,0.225078714669449,92.7,47.0,3,6.5333333,16.666666,245.0,49.0,64.0,1.0,30,1.0,0,0.0
C1,1044,0.2768421052631579,92.8,46.199999999999996,3,23.6,16.666666,277.0,177.0,64.0,1.0,30,3.0,2,0.0
C1,1045,0.04440248854072659,94.89999999999999,46.9,3,19.6,16.666666,238.0,147.0,64.0,1.0,90,3.0,2,0.0
C1,1046,0.0586274905097047,91.0,45.199999999999996,3,21.466667,16.666666,253.0,161.0,64.0,1.0,90,3.0,2,0.0
C1,1047,0.05860766496277467,82.69999999999999,42.6,3,8.4,16.666666,292.0,63.0,64.0,1.0,90,1.0,0,0.0
C1,1048,0.03442023924075324,92.2,47.300000000000004,3,9.066667,16.666666,279.0,68.0,64.0,1.0,90,1.0,1,0.0
C1,1049,-0.028600989572166197,109.2,53.5,1,7.866667,16.666666,244.0,59.0,64.0,1.0,90,1.0,2,0.0
C1,1050,-0.21324879072244313,191.89999999999998,109.10000000000001,1,18.4,17.1875,224.0,46.0,22.0,1.0,90,1.0,0,0.0
C1,1051,-0.15832713754432265,190.4,108.2,1,36.8,17.1875,249.0,92.0,22.0,1.0,90,2.0,2,0.0
C1,1052,-0.1867349295189476,192.20000000000002,108.0,1,29.6,17.1875,214.0,74.0,22.0,1.0,90,2.0,1,0.0
C1,1053,-0.07944477017149526,193.89999999999998,109.5,1,57.6,17.1875,387.0,144.0,22.0,1.0,90,2.0,1,0.0
C1,1054,-0.1874172316726172,186.0,107.2,1,23.2,17.1875,311.0,58.0,22.0,1.0,90,1.0,2,0.0
C1,1055,-0.20275121035857796,186.5,101.2,1,16.4,17.1875,198.0,41.0,22.0,1.0,90,1.0,2,0.0
C1,1056,-0.14535228132589278,195.5,109.5,1,43.6,17.1875,199.0,109.0,22.0,1.0,90,3.0,1,0.0
C1,1057,-0.20792204368889333,198.5,111.3,1,28.0,17.1875,195.0,70.0,22.0,1.0,90,2.0,0,0.0
C1,1058,-0.19145177512022515,191.39999999999998,109.10000000000001,1,27.2,17.1875,193.0,68.0,22.0,1.0,90,2.0,0,0.0
C1,1059,-0.22020485394766753,191.6,106.5,1,14.0,17.96875,207.0,35.0,23.0,1.0,90,1.0,1,0.0
C1,1060,-0.13956328619741015,195.20000000000002,109.7,1,44.8,17.1875,194.0,112.0,22.0,1.0,90,3.0,2,0.0
C1,1061,-0.16059349359183667,197.0,111.0,1,40.8,17.1875,271.0,102.0,22.0,1.0,90,2.0,0,0.0
C1,1062,-0.19331945271290601,200.5,111.0,1,34.4,17.1875,232.0,86.0,22.0,1.0,90,2.0,0,0.0
C1,1063,-0.024699002903628586,192.6,109.2,1,30.0,17.1875,215.0,75.0,22.0,1.0,50,2.0,1,0.0
C1,1064,-0.067428846999736,186.6,107.30000000000001,1,16.0,17.1875,239.0,40.0,22.0,1.0,50,1.0,2,0.0
C1,1065,-0.0790895763539016,192.39999999999998,108.10000000000001,1,16.8,17.1875,193.0,42.0,22.0,1.0,50,1.0,0,0.0
C1,1066,-0.030709808467593885,190.29999999999998,106.30000000000001,1,26.8,17.1875,191.0,67.0,22.0,1.0,50,2.0,2,0.0
C1,1067,-0.036804266061523316,197.2,108.7,1,30.0,17.1875,202.0,75.0,22.0,1.0,50,2.0,2,0.0
C1,1068,0.0005263157894737636,197.8,109.60000000000001,1,44.0,17.1875,198.0,110.0,22.0,1.0,50,3.0,0,0.0
C1,1069,-0.02487965208287088,191.0,109.8,1,28.8,17.1875,188.0,72.0,22.0,1.0,50,2.0,2,0.0
C1,1070,-0.05814293008685503,181.7,106.7,1,15.2,17.1875,203.0,38.0,22.0,1.0,50,1.0,2,0.0
C1,1071,-0.011129932859587327,169.3,101.8,1,18.4,17.1875,245.0,46.0,22.0,1.0,50,1.0,1,0.0
C1,1072,-0.029449862332900506,193.3,110.0,1,49.2,17.1875,229.0,123.0,22.0,1.0,70,3.0,1,0.0
C1,1073,-0.01461649418813396,187.1,105.39999999999999,1,48.8,17.1875,241.0,122.0,22.0,1.0,70,3.0,2,0.0
C1,1074,-0.15311544028158153,183.2,107.2,1,12.8,17.1875,213.0,32.0,22.0,1.0,70,1.0,1,0.0
C1,1075,-0.17476440914599922,196.1,108.60000000000001,1,16.4,17.1875,179.0,41.0,22.0,1.0,70,1.0,2,0.0
C1,1076,-0.17443935709310338,194.89999999999998,107.80000000000001,1,15.6,17.1875,207.0,39.0,22.0,1.0,70,1.0,0,0.0
C1,1077,-0.08133860383234329,186.4,107.0,1,32.8,17.1875,219.0,82.0,22.0,1.0,70,2.0,1,0.0
C1,1078,-0.04831572469951945,193.3,107.80000000000001,1,44.4,17.1875,202.0,111.0,22.0,1.0,70,3.0,0,0.0
C1,1079,-0.05835959371323357,188.6,106.0,1,39.2,17.1875,177.0,98.0,22.0,1.0,70,3.0,2,0.0
C1,1080,-0.12219437871411531,186.70000000000002,109.2,1,23.6,17.1875,169.0,59.0,22.0,1.0,70,2.0,2,0.0
C1,1081,-0.11573984533424109,190.70000000000002,106.5,1,27.6,17.1875,185.0,69.0,22.0,1.0,70,2.0,0,0.0
C1,1082,-0.1770709360404718,195.89999999999998,107.89999999999999,1,15.6,17.1875,224.0,39.0,22.0,1.0,70,1.0,1,0.0
C1,1083,-0.004367717855644049,191.70000000000002,109.2,1,55.6,17.1875,252.0,139.0,22.0,1.0,70,3.0,0,0.0
C1,1084,-0.006251694269939628,189.70000000000002,107.6,1,53.2,17.1875,251.0,133.0,22.0,1.0,70,3.0,2,0.0
C1,1085,-0.12481063790272023,179.9,111.10000000000001,1,18.4,17.1875,120.0,46.0,22.0,1.0,70,2.0,1,0.0
C1,1086,-0.18004448263333878,191.5,107.6,1,11.2,17.1875,183.0,28.0,22.0,1.0,70,1.0,0,0.0
C1,1087,-0.1555934935918366,195.1,113.10000000000001,1,20.8,17.1875,158.0,52.0,22.0,1.0,70,2.0,2,0.0
C1,1088,-0.03588071715215377,196.3,110.60000000000001,1,49.6,17.1875,227.0,124.0,22.0,1.0,70,3.0,0,0.0
C1,1089,-0.02026646491270967,188.1,107.7,1,48.0,17.1875,213.0,120.0,22.0,1.0,70,3.0,1,0.0
C1,1090,-0.14725365331665902,187.29999999999998,107.5,1,17.6,17.1875,127.0,44.0,22.0,1.0,70,2.0,2,0.0
C1,1091,-0.1751483901587642,197.9,110.9,1,17.6,17.1875,128.0,44.0,22.0,1.0,70,2.0,1,0.0
C1,1092,-0.08233950701360065,195.0,109.7,1,37.6,17.1875,181.0,94.0,22.0,1.0,70,3.0,1,0.0
C1,1093,-0.0814890473558921,202.7,113.8,1,42.4,17.96875,271.0,106.0,23.0,1.0,70,2.0,0,0.0
C1,1094,-0.0865024806837297,195.89999999999998,111.19999999999999,1,37.2,17.1875,168.0,93.0,22.0,1.0,70,3.0,1,0.0
C1,1095,-0.043397585630372076,193.3,111.10000000000001,1,45.6,17.1875,204.0,114.0,22.0,1.0,70,3.0,2,0.0
C1,1096,-0.18337859817631835,194.70000000000002,109.60000000000001,1,12.8,17.1875,155.0,32.0,22.0,1.0,70,1.0,1,0.0
C1,1097,-0.1402942314602093,191.1,109.10000000000001,1,22.0,17.1875,157.0,55.0,22.0,1.0,70,2.0,1,0.0
C1,1098,-0.14443788917974232,203.6,109.60000000000001,1,28.8,17.1875,129.0,72.0,22.0,1.0,70,3.0,2,0.0
C1,1099,-0.14347576812807278,191.70000000000002,110.39999999999999,1,21.6,17.1875,139.0,54.0,22.0,1.0,70,2.0,1,0.0
C1,1100,-0.16443081015066324,188.5,107.2,1,13.6,17.1875,181.0,34.0,22.0,1.0,70,1.0,2,0.0
C1,1101,-0.16233409393520865,190.29999999999998,107.0,1,15.6,17.1875,206.0,39.0,22.0,1.0,70,1.0,0,0.0
C1,1102,-0.18940869866913024,198.5,113.4,1,14.0,17.1875,184.0,35.0,22.0,1.0,70,1.0,0,0.0
C1,1103,-0.17127333501842368,190.1,108.5,1,12.8,17.1875,201.0,32.0,22.0,1.0,70,1.0,0,0.0
C1,1104,-0.01751673566291917,139.7,86.3,1,18.8,17.1875,81.0,47.0,22.0,1.0,70,3.0,2,0.0
C1,1105,-0.09178882322959231,168.5,99.5,1,19.2,17.1875,95.0,48.0,22.0,1.0,70,3.0,1,0.0
C1,1106,-0.19072518607407812,197.0,109.8,1,12.4,17.1875,191.0,31.0,22.0,1.0,70,1.0,1,0.0
C1,1107,-0.13389774007108324,197.6,109.5,1,27.6,17.1875,106.0,69.0,22.0,1.0,70,3.0,0,0.0
C1,1108,-0.06402544497420326,198.0,112.9,1,43.6,17.1875,201.0,109.0,22.0,1.0,70,3.0,1,0.0
C1,1109,-0.17349484842903595,198.4,111.5,1,18.4,17.1875,116.0,46.0,22.0,1.0,70,2.0,0,0.0
C1,1110,-0.09872802349416107,186.9,105.80000000000001,1,29.2,17.1875,186.0,73.0,22.0,1.0,70,2.0,0,0.0
C1,1111,-0.16250361161910326,190.89999999999998,106.89999999999999,1,16.0,17.1875,219.0,40.0,22.0,1.0,70,1.0,2,0.0
C1,1112,-0.16296853263956224,194.39999999999998,111.69999999999999,1,18.4,17.1875,254.0,46.0,22.0,1.0,70,1.0,0,0.0
C1,1113,-0.014976178122374145,187.79999999999998,108.2,1,49.2,17.1875,225.0,123.0,22.0,1.0,70,3.0,1,0.0
C1,1114,-0.15777996910613262,191.3,107.2,1,17.6,17.1875,259.0,44.0,22.0,1.0,70,1.0,0,0.0
C1,1115,-0.15137133578144923,192.89999999999998,111.4,1,20.4,17.1875,274.0,51.0,22.0,1.0,70,1.0,1,0.0
C1,1116,-0.08994854890574872,193.1,107.6,1,34.8,17.1875,229.0,87.0,22.0,1.0,70,2.0,1,0.0
C1,1117,-0.15888308081092023,184.9,107.1,1,12.4,17.1875,162.0,31.0,22.0,1.0,70,1.0,0,0.0
C1,1118,-0.1384038300284377,195.39999999999998,111.60000000000001,1,45.2,17.1875,281.0,113.0,22.0,1.0,90,2.0,0,0.0
C1,1119,-0.22007119566979966,195.39999999999998,109.7,1,19.6,17.1875,254.0,49.0,22.0,1.0,90,1.0,1,0.0
C1,1120,-0.011804266061523294,187.70000000000002,107.30000000000001,1,70.0,17.1875,308.0,175.0,22.0,1.0,90,3.0,1,0.0
C1,1121,-0.09799622071606331,194.1,109.5,1,33.6,17.1875,150.0,84.0,22.0,1.0,70,3.0,1,0.0
C1,1122,-0.12328787348492742,190.29999999999998,105.89999999999999,1,25.6,17.1875,198.0,64.0,22.0,1.0,70,2.0,2,0.0
C1,1123,-0.12715468472806674,195.70000000000002,111.8,1,28.0,17.1875,193.0,70.0,22.0,1.0,70,2.0,0,0.0
C1,1124,-0.20940140689298165,192.3,107.30000000000001,1,20.8,17.1875,153.0,52.0,22.0,1.0,90,2.0,0,0.0
C1,1125,-0.19152938998124003,192.70000000000002,109.0,1,28.4,17.1875,132.0,71.0,22.0,1.0,90,3.0,1,0.0
C1,1126,-0.24080742933566324,198.5,112.5,1,12.4,17.1875,164.0,31.0,22.0,1.0,90,1.0,0,0.0
C1,1127,0.008832983452044738,185.1,100.3,2,62.8,17.1875,292.0,157.0,22.0,1.0,50,3.0,2,0.0
C1,1128,0.09103046258886954,125.7,67.0,2,15.6,16.796875,180.0,78.0,43.0,1.0,50,2.0,0,0.0
C1,1129,0.17550010394521326,117.6,65.4,2,30.8,16.796875,257.0,154.0,43.0,1.0,50,3.0,2,0.0
C1,1130,-7.012094231131916e-05,120.6,64.5,2,29.0,16.796875,228.0,145.0,43.0,1.0,90,3.0,2,0.0
C1,1131,0.033902155895652306,115.2,63.4,2,35.2,16.796875,293.0,176.0,43.0,1.0,90,3.0,0,0.0
C1,1132,-0.012552803347643443,110.60000000000001,61.400000000000006,2,10.2,17.1875,248.0,51.0,44.0,1.0,90,1.0,1,0.0
C1,1133,-0.04473108141886781,121.7,65.4,2,7.8,16.796875,223.0,39.0,43.0,1.0,90,1.0,2,0.0
C1,1134,-0.11138652037037772,143.4,81.69999999999999,1,6.8,16.796875,154.0,34.0,43.0,1.0,90,1.0,1,0.0
C1,1135,-0.1261073546898726,185.1,105.89999999999999,1,41.6,17.1875,202.0,104.0,22.0,1.0,90,3.0,1,0.0
C1,1136,-0.22430060610364178,193.39999999999998,108.10000000000001,1,14.4,17.1875,180.0,36.0,22.0,1.0,90,1.0,1,0.0
C1,1137,-0.19219441316668773,192.1,106.0,1,27.6,17.1875,199.0,69.0,22.0,1.0,90,2.0,0,0.0
C1,1138,-0.14363092849275017,188.20000000000002,107.89999999999999,1,39.2,17.1875,270.0,98.0,22.0,1.0,90,2.0,0,0.0
C1,1139,-0.2018864741823923,184.4,107.39999999999999,1,13.6,17.1875,193.0,34.0,22.0,1.0,90,1.0,1,0.0
C1,1140,-0.12877333395747165,189.20000000000002,108.0,1,43.6,17.1875,203.0,109.0,22.0,1.0,90,3.0,2,0.0
C1,1141,-0.033364249311435085,190.1,107.80000000000001,1,66.0,17.1875,315.0,165.0,22.0,1.0,90,3.0,2,0.0
C1,1142,-0.04018744320431902,193.3,110.0,1,66.4,17.1875,905.0,166.0,22.0,1.0,90,1.0,2,0.0
C1,1143,-0.11231880099733824,189.4,107.6,1,47.6,17.1875,219.0,119.0,22.0,1.0,90,3.0,1,0.0
C1,1144,-0.19317267168866642,194.20000000000002,111.5,1,29.2,17.1875,195.0,73.0,22.0,1.0,90,2.0,2,0.0
C1,1145,-0.17993570625500227,192.89999999999998,109.39999999999999,1,32.4,17.1875,205.0,81.0,22.0,1.0,90,2.0,1,0.0
C1,1146,-0.11111945470266052,178.79999999999998,108.60000000000001,1,41.2,17.1875,200.0,103.0,22.0,1.0,90,3.0,1,0.0
C1,1147,-0.22107058723040013,191.0,109.0,1,12.4,17.1875,144.0,31.0,22.0,1.0,90,1.0,0,0.0
C1,1148,-0.08587633513235438,141.3,90.89999999999999,1,15.2,17.1875,90.0,38.0,22.0,1.0,90,2.0,1,0.0
C1,1149,-0.21707903769733866,198.0,112.4,1,24.0,17.1875,159.0,60.0,22.0,1.0,90,2.0,2,0.0
C1,1150,-0.1837733605351088,188.9,105.7,1,27.6,17.1875,187.0,69.0,22.0,1.0,90,2.0,0,0.0
C1,1151,-0.10904770176172587,194.20000000000002,109.10000000000001,1,51.2,17.1875,221.0,128.0,22.0,1.0,90,3.0,1,0.0
C1,1152,-0.15120102875356306,188.79999999999998,109.5,1,37.6,17.1875,173.0,94.0,22.0,1.0,90,3.0,1,0.0
C1,1153,-0.21765675023071213,196.1,108.7,1,21.6,17.1875,140.0,54.0,22.0,1.0,90,2.0,2,0.0
C1,1154,-0.24021394329348106,198.5,106.6,1,12.8,17.1875,149.0,32.0,22.0,1.0,90,1.0,0,0.0
C1,1155,-0.15752489445301227,199.5,112.3,1,43.2,17.1875,190.0,108.0,22.0,1.0,90,3.0,2,0.0
C1,1156,-0.22722300199365314,192.89999999999998,108.8,1,11.6,17.1875,184.0,29.0,22.0,1.0,90,1.0,2,0.0
C1,1157,-0.16778220883386158,170.1,101.5,1,11.2,17.1875,129.0,28.0,22.0,1.0,90,1.0,1,0.0
C1,1158,-0.05424718072466425,130.89999999999998,81.19999999999999,1,17.6,17.1875,73.0,44.0,22.0,1.0,90,3.0,2,0.0
C1,1159,-0.01830853829776566,112.3,68.8,1,9.2,17.1875,60.0,23.0,22.0,1.0,90,2.0,1,0.0
C1,1160,0.019449499257555125,97.4,55.9,1,8.0,17.1875,53.0,20.0,22.0,1.0,90,2.0,0,0.0
C1,1161,-0.058229090406641815,133.89999999999998,84.2,1,19.6,17.1875,85.0,49.0,22.0,1.0,90,3.0,0,0.0
C1,1162,-0.01925489523502394,115.0,71.0,1,13.6,17.1875,63.0,34.0,22.0,1.0,90,3.0,1,0.0
C1,1163,0.05808433415257698,84.7,43.8,1,12.0,17.1875,48.0,30.0,22.0,1.0,90,3.0,2,0.0
C1,1164,0.006723360079950502,102.6,59.1,1,8.8,17.1875,55.0,22.0,22.0,1.0,90,2.0,1,0.0
C1,1165,0.020715913099945374,98.9,58.4,1,12.0,17.1875,54.0,30.0,22.0,1.0,90,3.0,2,0.0
C1,1166,-0.013882370489765788,114.2,69.0,1,15.6,17.1875,68.0,39.0,22.0,1.0,90,3.0,0,0.0
C1,1167,-0.07138622905409786,137.7,85.7,1,18.0,17.1875,82.0,45.0,22.0,1.0,90,3.0,2,0.0
C1,1168,-0.049648339459644114,122.5,73.4,1,5.2,17.1875,68.0,13.0,22.0,1.0,90,1.0,0,0.0
C1,1169,-0.004887485666186742,107.2,62.7,1,9.2,17.1875,67.0,23.0,22.0,1.0,90,2.0,1,0.0
C1,1170,-0.023467206289716436,112.4,68.8,1,4.8,17.1875,63.0,12.0,22.0,1.0,90,1.0,1,0.0
C1,1171,-0.06028111354618951,129.89999999999998,79.9,1,12.4,17.1875,77.0,31.0,22.0,1.0,90,2.0,0,0.0
C1,1172,-0.01851194861718003,117.9,68.3,1,18.4,17.1875,69.0,46.0,22.0,1.0,90,3.0,1,0.0
C1,1173,0.1213353167371937,128.20000000000002,75.0,1,4.0,17.1875,74.0,10.0,22.0,1.0,30,1.0,2,0.0
C1,1174,0.16300070851901188,128.1,72.3,1,15.6,17.1875,70.0,39.0,22.0,1.0,30,3.0,0,0.0
C1,1175,0.1281578947368422,149.29999999999998,97.9,1,22.4,17.1875,96.0,56.0,22.0,1.0,30,3.0,1,0.0
C1,1176,0.16265110621087792,112.5,67.10000000000001,1,4.0,17.1875,62.0,10.0,22.0,1.0,30,1.0,2,0.0
C1,1177,0.036578947368421044,184.10000000000002,105.2,1,23.2,17.1875,117.0,58.0,22.0,1.0,30,3.0,2,0.0
C1,1178,0.014473684210526305,192.5,107.1,1,29.2,17.1875,131.0,73.0,22.0,1.0,30,3.0,0,0.0
C1,1179,0.08980093429610131,153.2,98.6,1,13.2,17.1875,94.0,33.0,22.0,1.0,30,2.0,0,0.0
C1,1180,0.17167083891937338,126.8,78.89999999999999,1,17.6,17.1875,77.0,44.0,22.0,1.0,30,3.0,2,0.0
C1,1181,-0.0005263157894736525,198.2,112.10000000000001,1,30.4,17.1875,137.0,76.0,22.0,1.0,30,3.0,1,0.0
C1,1182,0.16793257604373982,119.4,69.7,1,10.0,17.1875,66.0,25.0,22.0,1.0,30,2.0,1,0.0
C1,1183,0.19129202929238875,103.5,54.699999999999996,1,5.2,17.1875,57.0,13.0,22.0,1.0,30,1.0,1,0.0
C1,1184,0.13583232068686601,133.20000000000002,82.9,1,11.2,17.1875,74.0,28.0,22.0,1.0,30,2.0,2,0.0
C1,1185,0.17044382864548618,126.1,77.89999999999999,1,16.4,17.1875,71.0,41.0,22.0,1.0,30,3.0,0,0.0
C1,1186,0.22365800200840874,99.3,59.1,1,10.8,17.1875,58.0,27.0,22.0,1.0,30,2.0,2,0.0
C1,1187,0.17739223941778798,114.7,69.9,1,9.2,17.1875,63.0,23.0,22.0,1.0,30,2.0,1,0.0
C1,1188,0.20317742200035158,97.10000000000001,63.1,1,4.0,17.1875,50.0,10.0,22.0,1.0,30,1.0,2,0.0
C1,1189,0.19580900094772002,99.9,59.8,1,4.0,17.1875,55.0,10.0,22.0,1.0,30,1.0,2,0.0
C1,1190,0.17344452542391087,110.9,66.69999999999999,1,5.6,17.1875,66.0,14.0,22.0,1.0,30,1.0,0,0.0
C1,1191,-0.018184103254749145,191.20000000000002,106.5,1,10.8,17.1875,143.0,27.0,22.0,1.0,30,1.0,0,0.0
C1,1192,0.01236842105263164,193.3,108.8,1,25.2,17.1875,111.0,63.0,22.0,1.0,30,3.0,2,0.0
C1,1193,0.13374830271715393,136.5,86.7,1,13.2,17.1875,82.0,33.0,22.0,1.0,30,2.0,2,0.0
C1,1194,0.06492784074451832,164.5,109.0,1,14.8,17.1875,120.0,37.0,22.0,1.0,30,2.0,1,0.0
C1,1195,0.14080579377694163,139.6,94.60000000000001,1,18.8,17.1875,80.0,47.0,22.0,1.0,30,3.0,1,0.0
C1,1196,-0.0606995818434167,194.8,109.7,1,22.4,17.1875,151.0,56.0,22.0,1.0,50,2.0,0,0.0
C1,1197,-0.12032611954978242,201.9,111.9,1,13.2,17.1875,166.0,33.0,22.0,1.0,50,1.0,0,0.0
C1,1198,-0.06162236326577403,195.8,106.89999999999999,1,22.8,17.1875,103.0,57.0,22.0,1.0,50,3.0,1,0.0
C1,1199,0.04478646838156353,129.70000000000002,79.3,1,7.6,17.1875,77.0,19.0,22.0,1.0,50,1.0,2,0.0
C1,1200,-0.05576994642070107,195.5,109.60000000000001,1,24.0,17.1875,114.0,60.0,22.0,1.0,50,3.0,1,0.0
C1,1201,-0.04918705931458259,192.3,101.6,2,74.4,17.1875,326.0,186.0,22.0,1.0,50,3.0,0,0.0
C1,1202,0.20374685560552797,113.3,61.400000000000006,3,60.2,16.796875,724.0,301.0,43.0,1.0,50,2.0,0,0.0
C1,1203,0.19878424086849192,88.4,45.5,3,17.733334,16.666666,214.0,133.0,64.0,1.0,50,3.0,2,0.0
C1,1204,0.1744515152204485,94.0,47.1,3,15.6,16.666666,180.0,117.0,64.0,1.0,50,3.0,2,0.0
C1,1205,0.16112881069079849,80.3,42.9,3,4.4,16.666666,150.0,33.0,64.0,1.0,50,1.0,2,0.0
C1,1206,0.1487396286592349,89.1,44.0,3,6.9333334,16.666666,118.0,52.0,64.0,1.0,50,2.0,2,0.0
C1,1207,0.15936803009445166,88.6,43.9,3,9.066667,16.666666,155.0,68.0,64.0,1.0,50,2.0,1,0.0
C1,1208,0.053286020824392266,121.30000000000001,62.9,2,6.4,16.796875,146.0,32.0,43.0,1.0,50,1.0,1,0.0
C1,1209,-0.07251977331060233,177.8,87.4,1,11.6,17.1875,161.0,29.0,22.0,1.0,50,1.0,1,0.0
C1,1210,0.05723844027873416,121.7,77.39999999999999,1,5.6,17.1875,78.0,14.0,22.0,1.0,50,1.0,1,0.0
C1,1211,-0.05596273973815366,193.0,110.0,1,22.4,17.1875,107.0,56.0,22.0,1.0,50,3.0,0,0.0
C1,1212,0.051585429346986206,125.8,74.1,1,6.8,17.1875,79.0,17.0,22.0,1.0,50,1.0,0,0.0
C1,1213,-0.14436187857376015,208.3,115.1,1,11.6,17.1875,130.0,29.0,22.0,1.0,50,1.0,1,0.0
C1,1214,-0.05719787614964841,191.5,110.5,1,21.2,17.1875,103.0,53.0,22.0,1.0,50,3.0,1,0.0
C1,1215,-0.010511351139486619,163.6,97.69999999999999,1,15.2,17.1875,94.0,38.0,22.0,1.0,50,2.0,2,0.0
C1,1216,-0.07399078431840572,200.5,109.39999999999999,1,22.8,17.1875,149.0,57.0,22.0,1.0,50,2.0,2,0.0
C1,1217,-0.011209823118801976,194.3,108.8,1,35.6,17.1875,163.0,89.0,22.0,1.0,50,3.0,1,0.0
C1,1218,-0.06619483951179642,187.5,109.7,1,16.8,17.1875,219.0,42.0,22.0,1.0,50,1.0,1,0.0
C1,1219,-0.2585111324194313,206.4,115.4,1,14.4,17.1875,184.0,36.0,22.0,1.0,90,1.0,0,0.0
C1,1220,-0.17511054828949102,194.1,109.60000000000001,1,34.8,17.1875,246.0,87.0,22.0,1.0,90,2.0,2,0.0
C1,1221,-0.1459993495453818,189.1,107.6,1,39.2,17.1875,266.0,98.0,22.0,1.0,90,2.0,2,0.0
C1,1222,-0.154986155985673,190.8,107.89999999999999,1,38.0,17.1875,168.0,95.0,22.0,1.0,90,3.0,0,0.0
C1,1223,-0.16371177074653936,191.89999999999998,105.89999999999999,1,36.4,17.1875,179.0,91.0,22.0,1.0,90,3.0,1,0.0
C1,1224,-0.19379501766852886,197.2,109.8,1,31.6,17.1875,205.0,79.0,22.0,1.0,90,2.0,1,0.0
C1,1225,-0.138751033650029,189.29999999999998,105.39999999999999,1,41.2,17.1875,198.0,103.0,22.0,1.0,90,3.0,1,0.0
C1,1226,-0.20088085243451959,187.79999999999998,108.39999999999999,1,19.2,17.1875,132.0,48.0,22.0,1.0,90,2.0,0,0.0
C1,1227,-0.07750972105939385,133.39999999999998,87.3,1,6.0,17.1875,88.0,15.0,22.0,1.0,90,1.0,0,0.0
C1,1228,-0.20009137875030913,187.5,106.39999999999999,1,19.2,17.1875,135.0,48.0,22.0,1.0,90,2.0,1,0.0
C1,1229,-0.13688731778855823,180.10000000000002,106.30000000000001,1,35.2,17.1875,163.0,88.0,22.0,1.0,90,3.0,2,0.0
C1,1230,-0.2240669998322622,194.6,108.60000000000001,1,16.4,17.1875,127.0,41.0,22.0,1.0,90,2.0,1,0.0
C1,1231,-0.24107058723040004,198.6,113.19999999999999,1,12.4,17.1875,171.0,31.0,22.0,1.0,90,1.0,0,0.0
C1,1232,-0.19385792719524825,190.70000000000002,108.10000000000001,1,25.6,17.1875,162.0,64.0,22.0,1.0,90,2.0,1,0.0
C1,1233,-0.21954724479479143,190.20000000000002,109.89999999999999,1,12.0,17.1875,173.0,30.0,22.0,1.0,90,1.0,1,0.0
C1,1234,-0.16530837042013707,190.89999999999998,106.2,1,35.2,17.1875,151.0,88.0,22.0,1.0,90,3.0,1,0.0
C1,1235,-0.13887118333141008,194.3,110.10000000000001,1,44.4,17.1875,211.0,111.0,22.0,1.0,90,3.0,1,0.0
C1,1236,-0.1766106733759361,201.9,110.5,1,40.0,17.1875,169.0,100.0,22.0,1.0,90,3.0,1,0.0
C1,1237,-0.2171511470833999,198.4,109.2,1,24.4,17.1875,104.0,61.0,22.0,1.0,90,3.0,0,0.0
C1,1238,-0.16881440479286297,186.29999999999998,107.89999999999999,1,30.4,17.1875,129.0,76.0,22.0,1.0,90,3.0,0,0.0
C1,1239,-0.10567695935039723,145.5,92.0,1,9.2,17.1875,84.0,23.0,22.0,1.0,90,1.0,2,0.0
C1,1240,-0.0007894736842105066,198.3,113.4,1,31.2,17.1875,215.0,78.0,22.0,1.0,30,2.0,2,0.0
C1,1241,0.07868421052631586,164.89999999999998,86.9,2,24.2,16.40625,209.0,121.0,42.0,1.0,30,3.0,1,0.0
C1,1242,0.21342105263157896,116.9,65.10000000000001,2,27.6,16.796875,211.0,138.0,43.0,1.0,30,3.0,0,0.0
C1,1243,0.18674585592564447,120.5,67.2,2,17.0,16.796875,206.0,85.0,43.0,1.0,30,2.0,0,0.0
C1,1244,0.18778803020005547,119.1,62.9,2,16.0,16.796875,201.0,80.0,43.0,1.0,30,2.0,0,0.0
C1,1245,0.20000000000000004,122.0,66.8,2,28.2,16.796875,226.0,141.0,43.0,1.0,30,3.0,1,0.0
C1,1246,0.21263157894736845,117.2,62.9,2,25.8,16.796875,308.0,129.0,43.0,1.0,30,2.0,1,0.0
C1,1247,0.21631578947368424,115.8,63.0,2,32.0,16.796875,247.0,160.0,43.0,1.0,30,3.0,2,0.0
C1,1248,0.20556415499110825,105.1,59.6,2,10.0,16.796875,247.0,50.0,43.0,1.0,30,1.0,1,0.0
C1,1249,0.1903341644927534,117.5,65.4,2,15.4,16.796875,134.0,77.0,43.0,1.0,30,3.0,0,0.0
C1,1250,0.17927365360868483,115.9,61.6,2,10.6,16.796875,127.0,53.0,43.0,1.0,30,2.0,0,0.0
C1,1251,0.21131578947368423,117.7,64.8,2,22.0,16.796875,183.0,110.0,43.0,1.0,30,3.0,0,0.0
C1,1252,0.14981651107759453,121.7,65.10000000000001,2,6.8,16.796875,139.0,34.0,43.0,1.0,30,1.0,1,0.0
C1,1253,0.17077416356762803,121.7,64.10000000000001,2,12.6,16.796875,172.0,63.0,43.0,1.0,30,2.0,2,0.0
C1,1254,0.21131578947368423,117.7,62.5,2,22.2,16.796875,175.0,111.0,43.0,1.0,30,3.0,1,0.0
C1,1255,0.21500000000000002,116.3,62.6,2,28.2,16.796875,231.0,141.0,43.0,1.0,30,3.0,0,0.0
C1,1256,0.21131578947368423,117.7,64.0,2,20.0,16.796875,160.0,100.0,43.0,1.0,30,3.0,1,0.0
C1,1257,0.19377475250764353,119.3,64.60000000000001,2,18.6,16.796875,233.0,93.0,43.0,1.0,30,2.0,2,0.0
C1,1258,0.23263157894736844,109.60000000000001,61.1,2,24.0,16.796875,197.0,120.0,43.0,1.0,30,3.0,2,0.0
C1,1259,0.1485006413762177,121.89999999999999,63.9,2,6.6,16.796875,159.0,33.0,43.0,1.0,30,1.0,0,0.0
C1,1260,0.22286309129643778,96.0,49.7,2,8.2,16.796875,84.0,41.0,43.0,1.0,30,2.0,1,0.0
C1,1261,0.21473684210526317,116.4,63.0,2,30.0,16.796875,377.0,150.0,43.0,1.0,30,2.0,0,0.0
C1,1262,-0.1198984000813271,108.60000000000001,55.1,6,85.6,16.796875,711.0,428.0,43.0,1.0,30,3.0,2,0.0
C1,1263,0.6823040624611163,38.9,25.6,6,2.7333333,16.276041,74.0,41.0,125.0,1.0,30,2.0,1,0.0
C1,1264,0.6839507177349786,39.699999999999996,27.5,6,4.8,16.276041,96.0,72.0,125.0,1.0,30,3.0,2,0.0
C1,1265,0.5964014130073536,48.4,31.8,6,2.1333334,16.40625,112.0,32.0,126.0,1.0,30,1.0,2,0.0
C1,1266,0.5972602763035804,48.4,30.900000000000002,6,2.3333333,16.40625,118.0,35.0,126.0,1.0,30,1.0,0,0.0
C1,1267,0.6515471366922518,43.3,29.2,6,4.6,16.40625,140.0,69.0,126.0,1.0,30,2.0,1,0.0
C1,1268,-0.19657894736842102,192.70000000000002,92.7,1,30.0,17.1875,132.0,75.0,22.0,1.0,30,3.0,2,0.0
C1,1269,0.03482873365621558,178.79999999999998,104.4,1,17.6,17.1875,133.0,44.0,22.0,1.0,30,2.0,1,0.0
C1,1270,-0.01730424835786168,195.3,110.5,1,14.4,17.1875,191.0,36.0,22.0,1.0,30,1.0,2,0.0
C1,1271,-0.17599934954538182,200.5,107.89999999999999,1,19.2,17.1875,251.0,48.0,22.0,1.0,70,1.0,2,0.0
C1,1272,-0.01588071715215375,188.70000000000002,109.2,1,49.6,17.1875,222.0,124.0,22.0,1.0,70,3.0,1,0.0
C1,1273,-0.14987203267173493,186.1,106.5,1,16.0,17.1875,227.0,40.0,22.0,1.0,70,1.0,1,0.0
C1,1274,-0.08325050772859569,201.4,111.19999999999999,1,41.2,17.1875,174.0,103.0,22.0,1.0,70,3.0,0,0.0
C1,1275,-0.06858915375206143,194.5,110.9,1,40.4,17.1875,184.0,101.0,22.0,1.0,70,3.0,0,0.0
C1,1276,-0.05166332127728537,195.20000000000002,110.5,1,44.8,17.1875,203.0,112.0,22.0,1.0,70,3.0,1,0.0
C1,1277,-0.1520623890980316,183.79999999999998,112.10000000000001,1,13.6,17.1875,180.0,34.0,22.0,1.0,70,1.0,1,0.0
C1,1278,-0.053082180046424315,198.2,109.60000000000001,1,46.4,17.1875,210.0,116.0,22.0,1.0,70,3.0,1,0.0
C1,1279,-0.10239123541129055,194.39999999999998,110.7,1,32.8,17.1875,220.0,82.0,22.0,1.0,70,2.0,0,0.0
C1,1280,-0.04048386133421311,140.4,89.0,1,12.8,17.1875,82.0,32.0,22.0,1.0,70,2.0,2,0.0
C1,1281,-0.1962086137294738,195.8,108.5,1,9.6,17.1875,108.0,24.0,22.0,1.0,70,1.0,0,0.0
C1,1282,-0.04394349989177021,155.1,98.0,1,22.4,17.1875,98.0,56.0,22.0,1.0,70,3.0,1,0.0
C1,1283,-0.14802977069541806,201.0,109.0,1,26.4,17.1875,120.0,66.0,22.0,1.0,70,3.0,2,0.0
C1,1284,-0.06569957367168158,196.70000000000002,110.5,1,42.4,17.1875,191.0,106.0,22.0,1.0,70,3.0,2,0.0
C1,1285,-0.20197809351315904,195.39999999999998,108.2,1,7.2,17.1875,101.0,18.0,22.0,1.0,70,1.0,1,0.0
C1,1286,-0.095511346835147,195.89999999999998,112.0,1,35.2,17.1875,162.0,88.0,22.0,1.0,70,3.0,2,0.0
C1,1287,-0.16777996910613274,195.1,107.5,1,17.6,17.1875,115.0,44.0,22.0,1.0,70,2.0,2,0.0
C1,1288,-0.1965364929131605,199.7,112.5,1,12.8,17.1875,184.0,32.0,22.0,1.0,70,1.0,0,0.0
C1,1289,-0.16848787575529217,200.6,113.4,1,21.2,17.1875,136.0,53.0,22.0,1.0,70,2.0,0,0.0
C1,1290,-0.18817690560996791,193.20000000000002,105.89999999999999,1,10.0,17.1875,115.0,25.0,22.0,1.0,70,1.0,1,0.0
C1,1291,-0.07191939803328129,192.39999999999998,108.60000000000001,1,38.4,17.1875,252.0,96.0,22.0,1.0,70,2.0,2,0.0
C1,1292,-0.019146347937922248,196.0,108.3,1,54.4,17.1875,246.0,136.0,22.0,1.0,70,3.0,0,0.0
C1,1293,0.004226846408520557,191.5,109.3,1,58.8,17.1875,269.0,147.0,22.0,1.0,70,3.0,0,0.0
C1,1294,-0.04226309312057219,191.0,109.5,1,44.4,17.1875,210.0,111.0,22.0,1.0,70,3.0,0,0.0
C1,1295,-0.1648720326717349,191.8,110.3,1,16.0,17.1875,187.0,40.0,22.0,1.0,70,1.0,2,0.0
C1,1296,-0.17163366286491483,202.4,112.19999999999999,1,21.6,17.1875,273.0,54.0,22.0,1.0,70,1.0,2,0.0
C1,1297,-0.1097010470744792,190.4,107.7,1,28.8,17.1875,190.0,72.0,22.0,1.0,70,2.0,0,0.0
C1,1298,-0.1547229980909362,190.70000000000002,108.89999999999999,1,18.0,17.1875,270.0,45.0,22.0,1.0,70,1.0,0,0.0
C1,1299,0.014473684210526347,189.29999999999998,103.7,2,58.8,17.1875,261.0,147.0,22.0,1.0,50,3.0,0,0.0
C1,1300,0.09170577624797091,114.2,60.699999999999996,2,9.0,16.796875,236.0,45.0,43.0,1.0,50,1.0,0,0.0
C1,1301,0.21210526315789474,117.4,63.3,2,40.8,16.796875,344.0,204.0,43.0,1.0,50,3.0,0,0.0
C1,1302,0.11891484862161317,117.5,64.19999999999999,2,17.0,16.796875,146.0,85.0,43.0,1.0,50,3.0,2,0.0
C1,1303,0.11520019623969119,112.4,61.3,2,13.2,16.796875,308.0,66.0,43.0,1.0,50,1.0,0,0.0
C1,1304,0.1170151197758865,110.0,60.199999999999996,2,12.2,16.796875,284.0,61.0,43.0,1.0,50,1.0,2,0.0
C1,1305,0.1600757071064827,117.2,63.0,2,26.4,16.796875,310.0,132.0,43.0,1.0,50,2.0,0,0.0
C1,1306,0.16836862712405393,111.9,62.6,2,25.0,16.796875,224.0,125.0,43.0,1.0,50,3.0,2,0.0
C1,1307,0.21526315789473685,116.2,62.300000000000004,2,43.0,16.796875,344.0,215.0,43.0,1.0,50,3.0,0,0.0
C1,1308,0.1964876602804675,116.0,64.10000000000001,2,36.2,16.796875,281.0,181.0,43.0,1.0,50,3.0,0,0.0
C1,1309,0.14562136419183638,113.10000000000001,61.800000000000004,2,20.4,16.796875,256.0,102.0,43.0,1.0,50,2.0,2,0.0
C1,1310,0.09143075371660742,117.0,62.9,2,10.6,16.796875,225.0,53.0,43.0,1.0,50,1.0,1,0.0
C1,1311,0.13234625206255377,110.0,59.8,2,15.6,16.796875,181.0,78.0,43.0,1.0,50,2.0,1,0.0
C1,1312,0.1200106298632331,116.4,63.4,2,16.6,16.796875,217.0,83.0,43.0,1.0,50,2.0,2,0.0
C1,1313,0.08372000975206306,116.9,61.699999999999996,2,8.8,16.796875,106.0,44.0,43.0,1.0,50,2.0,0,0.0
C1,1314,0.02120002833625785,172.5,88.4,1,30.4,17.1875,200.0,76.0,22.0,1.0,50,2.0,0,0.0
C1,1315,0.032631578947368456,185.6,110.3,1,44.0,17.1875,200.0,110.0,22.0,1.0,50,3.0,2,0.0
C1,1316,-0.002368421052631464,198.9,113.10000000000001,1,43.6,17.1875,200.0,109.0,22.0,1.0,50,3.0,1,0.0
C1,1317,-0.10434933098966578,197.2,112.4,1,14.0,17.1875,182.0,35.0,22.0,1.0,50,1.0,0,0.0
C1,1318,-0.001052631578947305,198.4,111.3,1,43.6,17.1875,189.0,109.0,22.0,1.0,50,3.0,2,0.0
C1,1319,0.0027891796435209337,191.70000000000002,107.80000000000001,1,38.4,17.1875,173.0,96.0,22.0,1.0,50,3.0,1,0.0
C1,1320,-0.10813848450018151,195.89999999999998,110.39999999999999,1,12.4,17.1875,155.0,31.0,22.0,1.0,50,1.0,1,0.0
C1,1321,-0.10866924587632867,200.9,109.7,1,15.2,17.1875,220.0,38.0,22.0,1.0,50,1.0,0,0.0
C1,1322,-0.034476991228499176,193.5,111.0,1,28.0,17.1875,185.0,70.0,22.0,1.0,50,2.0,1,0.0
C1,1323,-0.029976525277293053,188.20000000000002,109.10000000000001,1,25.6,17.1875,182.0,64.0,22.0,1.0,50,2.0,1,0.0
C1,1324,0.00973684210526321,194.3,108.5,1,40.8,17.1875,177.0,102.0,22.0,1.0,50,3.0,1,0.0
C1,1325,0.09812624919117469,140.2,76.2,2,8.2,16.796875,188.0,41.0,43.0,1.0,30,1.0,0,0.0
C1,1326,0.17744279032216675,114.4,63.8,2,9.0,16.796875,228.0,45.0,43.0,1.0,30,1.0,0,0.0
C1,1327,0.22026315789473686,114.3,62.5,2,20.2,16.796875,232.0,101.0,43.0,1.0,30,2.0,2,0.0
C1,1328,0.16681834508186244,112.8,58.3,2,5.2,16.796875,108.0,26.0,43.0,1.0,30,1.0,1,0.0
C1,1329,0.21052631578947373,118.0,63.4,2,20.4,16.796875,248.0,102.0,43.0,1.0,30,2.0,2,0.0
C1,1330,0.18763186623306108,116.5,61.199999999999996,2,13.6,16.796875,161.0,68.0,43.0,1.0,30,2.0,1,0.0
C1,1331,0.13357711904305095,121.30000000000001,64.3,2,22.6,16.796875,188.0,113.0,43.0,1.0,50,3.0,0,0.0
C1,1332,0.0843341968065767,109.8,63.70000000000001,2,4.6,16.796875,102.0,23.0,43.0,1.0,50,1.0,2,0.0
C1,1333,0.1404892181820855,112.69999999999999,62.6,2,19.0,16.796875,149.0,95.0,43.0,1.0,50,3.0,2,0.0
C1,1334,0.1350057944345153,116.8,64.5,2,20.2,16.796875,252.0,101.0,43.0,1.0,50,2.0,2,0.0
C1,1335,0.03315789473684211,185.4,97.19999999999999,2,43.2,16.796875,243.0,216.0,43.0,1.0,50,3.0,1,0.0
C1,1336,0.09968742053509111,109.5,58.9,2,8.0,16.796875,180.0,40.0,43.0,1.0,50,1.0,0,0.0
C1,1337,0.12150047108004086,117.2,63.2,2,17.4,16.796875,232.0,87.0,43.0,1.0,50,2.0,2,0.0
C1,1338,0.10633519971034475,114.4,61.6,2,12.4,16.796875,306.0,62.0,43.0,1.0,50,1.0,1,0.0
C1,1339,0.1101616826241513,115.0,63.0,2,13.6,16.796875,164.0,68.0,43.0,1.0,50,2.0,2,0.0
C1,1340,0.13712656333859335,116.1,62.6,1,22.2,16.796875,269.0,111.0,43.0,1.0,50,2.0,0,0.0
C1,1341,-0.0022590351567438605,194.3,109.60000000000001,1,39.2,17.1875,261.0,98.0,22.0,1.0,50,2.0,2,0.0
C1,1342,0.04105263157894734,182.4,106.2,1,46.8,17.1875,306.0,117.0,22.0,1.0,50,2.0,2,0.0
C1,1343,-0.004194206223058328,194.70000000000002,109.3,1,38.8,17.1875,259.0,97.0,22.0,1.0,50,2.0,1,0.0
C1,1344,-0.025930350421340703,196.20000000000002,108.7,1,32.4,17.1875,230.0,81.0,22.0,1.0,50,2.0,0,0.0
C1,1345,-0.07882119028186801,195.70000000000002,111.3,1,18.8,17.1875,263.0,47.0,22.0,1.0,50,1.0,2,0.0
C1,1346,0.011842105263157876,193.5,110.3,1,42.4,17.1875,285.0,106.0,22.0,1.0,50,2.0,0,0.0
C1,1347,-0.09382641845916492,198.0,111.3,1,16.8,17.1875,192.0,42.0,22.0,1.0,50,1.0,1,0.0
C1,1348,0.07578947368421057,166.0,88.2,2,46.2,16.40625,265.0,231.0,42.0,1.0,50,3.0,2,0.0
C1,1349,0.1612314155648199,114.3,62.5,2,24.8,16.796875,301.0,124.0,43.0,1.0,50,2.0,2,0.0
C1,1350,0.16192177047977446,117.1,63.5,2,26.8,16.796875,331.0,134.0,43.0,1.0,50,2.0,1,0.0
C1,1351,0.1790898584794121,116.5,62.7,2,31.0,16.796875,254.0,155.0,43.0,1.0,50,3.0,1,0.0
C1,1352,0.11474816056274462,113.60000000000001,61.3,2,13.8,16.796875,347.0,69.0,43.0,1.0,50,1.0,2,0.0
C1,1353,0.15427862103338016,119.1,64.10000000000001,2,26.2,16.796875,298.0,131.0,43.0,1.0,50,2.0,1,0.0
C1,1354,0.18907805276318684,117.1,63.2,2,34.6,16.796875,272.0,173.0,43.0,1.0,50,3.0,2,0.0
C1,1355,0.09274338458413456,118.2,61.9,2,11.6,16.796875,275.0,58.0,43.0,1.0,50,1.0,0,0.0
C1,1356,0.09866140046155536,118.0,63.3,2,12.8,16.796875,152.0,64.0,43.0,1.0,50,2.0,2,0.0
C1,1357,0.09258758025508293,118.6,61.9,2,11.8,16.796875,145.0,59.0,43.0,1.0,50,2.0,1,0.0
C1,1358,0.14307271738711347,113.4,64.60000000000001,2,20.0,16.796875,162.0,100.0,43.0,1.0,50,3.0,1,0.0
C1,1359,0.10475625234192365,115.0,61.199999999999996,2,12.4,16.796875,137.0,62.0,43.0,1.0,50,2.0,2,0.0
C1,1360,-0.021806306037410572,153.79999999999998,94.89999999999999,1,8.8,17.1875,145.0,22.0,22.0,1.0,50,1.0,1,0.0
C1,1361,-0.09472187745527613,195.6,111.69999999999999,1,15.2,17.1875,196.0,38.0,22.0,1.0,50,1.0,2,0.0
C1,1362,-0.053558032387131194,186.1,104.5,1,18.8,17.1875,270.0,47.0,22.0,1.0,50,1.0,2,0.0
C1,1363,0.00868421052631585,194.70000000000002,110.2,1,43.2,17.1875,193.0,108.0,22.0,1.0,50,3.0,0,0.0
C1,1364,0.005532797768038805,143.3,94.5,1,6.8,17.1875,80.0,17.0,22.0,1.0,50,1.0,1,0.0
C1,1365,-0.02210857017586748,188.79999999999998,108.5,1,28.0,17.1875,137.0,70.0,22.0,1.0,50,3.0,1,0.0
C1,1366,0.036322271452249366,131.6,79.0,1,6.8,17.1875,76.0,17.0,22.0,1.0,50,1.0,0,0.0
C1,1367,-0.08998058976333953,189.0,103.0,1,12.4,17.1875,181.0,31.0,22.0,1.0,50,1.0,1,0.0
C1,1368,-0.01835695742783436,194.3,112.10000000000001,1,33.2,17.1875,139.0,83.0,22.0,1.0,50,3.0,2,0.0
C1,1369,-0.04573267036406656,194.8,112.4,1,26.0,17.1875,187.0,65.0,22.0,1.0,50,2.0,2,0.0
C1,1370,0.08249654714018177,113.4,67.0,1,6.4,17.1875,69.0,16.0,22.0,1.0,50,1.0,1,0.0
C1,1371,0.08395238877644706,137.2,86.4,1,20.8,17.1875,89.0,52.0,22.0,1.0,50,3.0,0,0.0
C1,1372,-0.11758195059739895,191.39999999999998,107.2,1,27.6,17.1875,133.0,69.0,22.0,1.0,70,3.0,0,0.0
C1,1373,-0.17188732109838717,193.39999999999998,109.89999999999999,1,15.2,17.1875,103.0,38.0,22.0,1.0,70,2.0,1,0.0
C1,1374,-0.16863465313913484,184.0,102.6,1,8.4,17.1875,115.0,21.0,22.0,1.0,70,1.0,1,0.0
C1,1375,-0.18982599343366635,191.20000000000002,107.5,1,7.6,17.1875,101.0,19.0,22.0,1.0,70,1.0,1,0.0
C1,1376,-0.0693527342486385,188.70000000000002,108.3,1,36.8,17.1875,165.0,92.0,22.0,1.0,70,3.0,1,0.0
C1,1377,-0.09897018277971173,193.1,110.3,1,32.8,17.1875,151.0,82.0,22.0,1.0,70,3.0,0,0.0
C1,1378,-0.20451816684386498,200.8,111.5,1,11.2,17.1875,146.0,28.0,22.0,1.0,70,1.0,2,0.0
C1,1379,0.018421052631578894,191.0,108.39999999999999,1,21.2,17.1875,134.0,53.0,22.0,1.0,30,2.0,2,0.0
C1,1380,0.005263157894736803,196.0,109.39999999999999,1,24.8,17.1875,178.0,62.0,22.0,1.0,30,2.0,1,0.0
C1,1381,-0.011868313781064871,188.79999999999998,105.1,1,10.8,17.1875,152.0,27.0,22.0,1.0,30,1.0,2,0.0
C1,1382,0.013437372724310004,188.0,107.7,1,18.8,17.1875,128.0,47.0,22.0,1.0,30,2.0,2,0.0
C1,1383,0.13957829032422245,133.8,82.10000000000001,1,12.8,17.1875,85.0,32.0,22.0,1.0,30,2.0,2,0.0
C1,1384,0.1547796891079187,126.0,74.5,1,11.2,17.1875,72.0,28.0,22.0,1.0,30,2.0,2,0.0
C1,1385,0.12289502412779793,141.1,88.1,1,13.6,17.1875,80.0,34.0,22.0,1.0,30,2.0,2,0.0
C1,1386,0.03480500442101894,166.0,97.60000000000001,1,7.2,17.1875,91.0,18.0,22.0,1.0,30,1.0,0,0.0
C1,1387,0.015263157894736867,192.20000000000002,107.2,1,30.4,17.1875,133.0,76.0,22.0,1.0,30,3.0,0,0.0
C1,1388,-0.0447130237401068,199.1,102.8,1,9.2,17.1875,112.0,23.0,22.0,1.0,30,1.0,1,0.0
C1,1389,-0.002737140559817053,193.8,107.80000000000001,1,18.4,17.1875,126.0,46.0,22.0,1.0,30,2.0,2,0.0
C1,1390,0.20247439272953813,113.10000000000001,70.0,1,15.6,17.1875,66.0,39.0,22.0,1.0,30,3.0,2,0.0
C1,1391,0.18939119706653879,118.9,72.6,1,16.4,17.1875,76.0,41.0,22.0,1.0,30,3.0,2,0.0
C1,1392,0.2053691295716434,112.0,68.0,1,15.6,17.1875,62.0,39.0,22.0,1.0,30,3.0,1,0.0
C1,1393,0.20054584305298315,98.10000000000001,56.7,1,4.0,17.1875,52.0,10.0,22.0,1.0,30,1.0,1,0.0
C1,1394,0.15533886689720336,119.0,67.4,1,6.4,17.1875,65.0,16.0,22.0,1.0,30,1.0,1,0.0
C1,1395,0.13848514482241717,134.7,85.8,1,13.2,17.1875,82.0,33.0,22.0,1.0,30,2.0,2,0.0
C1,1396,-0.0030002984545538514,193.89999999999998,107.30000000000001,1,18.4,17.1875,106.0,46.0,22.0,1.0,30,2.0,2,0.0
C1,1397,0.1640696433350128,124.0,76.7,1,12.4,17.1875,79.0,31.0,22.0,1.0,30,2.0,0,0.0
C1,1398,0.13563570168536138,141.9,87.6,1,19.2,17.1875,88.0,48.0,22.0,1.0,30,3.0,0,0.0
C1,1399,-0.005263157894736914,200.0,111.69999999999999,1,25.2,17.1875,113.0,63.0,22.0,1.0,30,3.0,0,0.0
C1,1400,0.07028663068706872,150.10000000000002,100.9,1,5.6,17.1875,90.0,14.0,22.0,1.0,30,1.0,0,0.0
C1,1401,0.12431513242948561,139.6,87.3,1,12.8,17.1875,84.0,32.0,22.0,1.0,30,2.0,0,0.0
C1,1402,0.1297371293909558,138.5,87.1,1,13.6,17.1875,87.0,34.0,22.0,1.0,30,2.0,0,0.0
C1,1403,0.006315789473684219,195.6,109.7,1,32.4,17.1875,137.0,81.0,22.0,1.0,30,3.0,2,0.0
C1,1404,0.14789473684210525,141.8,87.2,1,20.0,17.1875,89.0,50.0,22.0,1.0,30,3.0,1,0.0
C1,1405,0.1431581820225348,133.39999999999998,82.9,1,13.6,17.1875,76.0,34.0,22.0,1.0,30,2.0,1,0.0
C1,1406,0.043947368421052735,181.29999999999998,100.4,1,21.6,17.1875,95.0,54.0,22.0,1.0,30,3.0,2,0.0
C1,1407,0.08842105263157896,164.39999999999998,98.4,1,23.2,17.1875,96.0,58.0,22.0,1.0,30,3.0,2,0.0
C1,1408,0.14201540470469876,139.8,87.7,1,19.6,17.1875,83.0,49.0,22.0,1.0,30,3.0,0,0.0
C1,1409,0.15826250085053822,126.7,77.60000000000001,1,12.8,17.1875,74.0,32.0,22.0,1.0,30,2.0,0,0.0
C1,1410,0.11488423886257362,140.1,88.2,1,10.4,17.1875,86.0,26.0,22.0,1.0,30,2.0,0,0.0
C1,1411,-0.0034210526315788803,199.3,113.5,1,23.6,17.1875,104.0,59.0,22.0,1.0,30,3.0,0,0.0
C1,1412,0.08476031489759506,144.6,84.8,1,5.6,17.1875,87.0,14.0,22.0,1.0,30,1.0,1,0.0
C1,1413,-0.027352100959900427,203.5,113.9,1,18.8,17.1875,120.0,47.0,22.0,1.0,30,2.0,1,0.0
C1,1414,0.07921052631578951,167.9,97.69999999999999,1,22.0,17.1875,96.0,55.0,22.0,1.0,30,3.0,2,0.0
C1,1415,0.03131578947368424,186.1,105.7,1,21.6,17.1875,138.0,54.0,22.0,1.0,30,2.0,0,0.0
C1,1416,-0.0037666976703032706,192.3,106.5,1,16.4,17.1875,122.0,41.0,22.0,1.0,30,2.0,2,0.0
C1,1417,-0.008037543263673036,184.6,108.5,1,8.8,17.1875,120.0,22.0,22.0,1.0,30,1.0,1,0.0
C1,1418,-0.010153771998849148,197.3,111.8,1,19.2,17.1875,137.0,48.0,22.0,1.0,30,2.0,1,0.0
C1,1419,0.011052631578947425,193.8,108.7,1,28.8,17.1875,137.0,72.0,22.0,1.0,30,3.0,2,0.0
C1,1420,0.023947368421052606,188.9,107.2,1,26.4,17.1875,130.0,66.0,22.0,1.0,30,3.0,2,0.0
C1,1421,0.018947368421052713,190.8,107.2,1,20.4,17.1875,150.0,51.0,22.0,1.0,30,2.0,2,0.0
C1,1422,0.057631578947368464,172.9,87.7,2,25.2,16.40625,169.0,126.0,42.0,1.0,30,3.0,1,0.0
C1,1423,0.16735953015486046,122.5,61.9,2,12.2,16.796875,132.0,61.0,43.0,1.0,30,2.0,2,0.0
C1,1424,0.17530506740034257,110.5,64.19999999999999,2,5.8,16.796875,129.0,29.0,43.0,1.0,30,1.0,1,0.0
C1,1425,0.12359984054199616,128.6,68.7,2,4.8,16.796875,120.0,24.0,43.0,1.0,30,1.0,1,0.0
C1,1426,0.14760781876607296,120.1,63.70000000000001,2,5.2,16.796875,115.0,26.0,43.0,1.0,30,1.0,0,0.0
C1,1427,0.2685007216039103,76.6,42.2,2,6.8,16.796875,78.0,34.0,43.0,1.0,30,2.0,0,0.0
C1,1428,0.03157894736842114,182.79999999999998,103.4,1,23.6,17.1875,103.0,59.0,22.0,1.0,30,3.0,1,0.0
C1,1429,0.09797044584457174,140.8,90.5,1,6.4,17.1875,85.0,16.0,22.0,1.0,30,1.0,2,0.0
C1,1430,0.014473684210526305,192.5,111.19999999999999,1,32.8,17.1875,148.0,82.0,22.0,1.0,30,3.0,0,0.0
C1,1431,0.012105263157894841,193.39999999999998,108.10000000000001,1,24.8,17.1875,174.0,62.0,22.0,1.0,30,2.0,1,0.0
C1,1432,-0.032248069579462496,193.8,107.80000000000001,1,8.8,17.1875,141.0,22.0,22.0,1.0,30,1.0,0,0.0
C1,1433,-0.0017779325683880687,189.4,107.89999999999999,1,14.4,17.1875,100.0,36.0,22.0,1.0,30,2.0,1,0.0
C1,1434,0.0271052631578948,187.70000000000002,105.0,1,22.8,17.1875,156.0,57.0,22.0,1.0,30,2.0,0,0.0
C1,1435,0.12105263157894745,148.79999999999998,81.5,2,32.6,16.796875,184.0,163.0,43.0,1.0,30,3.0,2,0.0
C1,1436,0.21175484528445845,107.80000000000001,60.699999999999996,2,14.0,16.796875,163.0,70.0,43.0,1.0,30,2.0,0,0.0
C1,1437,0.22046201589467684,97.19999999999999,54.1,2,8.4,16.796875,99.0,42.0,43.0,1.0,30,2.0,1,0.0
C1,1438,0.1501850873578563,116.6,62.8,2,3.6,16.796875,132.0,18.0,43.0,1.0,30,1.0,1,0.0
C1,1439,0.17521073238721183,109.3,57.9,2,5.0,16.796875,125.0,25.0,43.0,1.0,30,1.0,2,0.0
C1,1440,0.2127891752296566,111.9,62.0,2,18.4,16.796875,139.0,92.0,43.0,1.0,30,3.0,1,0.0
C1,1441,0.21302867773119144,106.2,53.0,4,40.666668,16.666666,423.0,305.0,64.0,1.0,30,3.0,2,0.0
C1,1442,0.36236842105263156,60.3,37.5,4,28.1,16.601562,626.0,281.0,85.0,1.0,30,2.0,1,0.0
C1,1443,0.25670674062207005,76.6,39.0,4,3.9,16.601562,146.0,39.0,85.0,1.0,30,1.0,1,0.0
C1,1444,0.3045493932129928,62.300000000000004,38.1,4,6.4,16.601562,162.0,64.0,85.0,1.0,30,2.0,1,0.0
C1,1445,0.22495343015900798,89.30000000000001,41.300000000000004,4,4.3,16.601562,165.0,43.0,85.0,1.0,30,1.0,1,0.0
C1,1446,0.30830529149415253,66.60000000000001,38.1,4,10.4,16.601562,156.0,104.0,85.0,1.0,30,3.0,0,0.0
C1,1447,0.32784816700111324,50.2,36.0,4,4.3,16.601562,103.0,43.0,85.0,1.0,30,2.0,1,0.0
C1,1448,0.17997379148209292,109.5,58.5,2,10.8,16.796875,142.0,54.0,43.0,1.0,30,2.0,0,0.0
C1,1449,0.19251719397836053,118.5,62.5,2,17.2,16.796875,207.0,86.0,43.0,1.0,30,2.0,2,0.0
C1,1450,0.1933052914941526,110.3,61.9,2,10.4,16.796875,234.0,52.0,43.0,1.0,30,1.0,2,0.0
C1,1451,0.21394736842105266,116.7,63.0,2,22.4,16.796875,191.0,112.0,43.0,1.0,30,3.0,2,0.0
C1,1452,0.1920596395514712,119.6,63.70000000000001,2,18.2,16.796875,137.0,91.0,43.0,1.0,30,3.0,0,0.0
C1,1453,0.19227217171511812,118.4,61.0,2,17.0,16.796875,129.0,85.0,43.0,1.0,30,3.0,0,0.0
C1,1454,0.1621260425689261,118.5,62.4,2,7.8,16.796875,173.0,39.0,43.0,1.0,30,1.0,0,0.0
C1,1455,0.10154919239303523,107.80000000000001,59.1,2,27.4,16.796875,228.0,137.0,43.0,1.0,70,3.0,0,0.0
C1,1456,0.08926065626138285,115.8,62.1,2,29.4,16.796875,238.0,147.0,43.0,1.0,70,3.0,1,0.0
C1,1457,0.01823349312736533,110.7,60.6,2,6.2,16.796875,138.0,31.0,43.0,1.0,70,1.0,1,0.0
C1,1458,-0.010780226679151378,120.6,60.699999999999996,1,8.2,16.796875,84.0,41.0,43.0,1.0,70,2.0,2,0.0
C1,1459,-0.17932133345800244,191.70000000000002,106.7,1,11.6,17.1875,123.0,29.0,22.0,1.0,70,1.0,2,0.0
C1,1460,-0.2015364929131605,201.6,110.39999999999999,1,12.8,17.1875,179.0,32.0,22.0,1.0,70,1.0,2,0.0
C1,1461,-0.004326280703941143,185.4,106.0,1,50.4,17.1875,233.0,126.0,22.0,1.0,70,3.0,2,0.0
C1,1462,-0.050306573792089915,191.5,108.39999999999999,1,42.8,17.1875,195.0,107.0,22.0,1.0,70,3.0,0,0.0
C1,1463,-0.1186669879231747,187.9,105.7,1,25.2,17.1875,121.0,63.0,22.0,1.0,70,3.0,0,0.0
C1,1464,-0.12443788917974236,196.0,109.0,1,28.8,17.1875,188.0,72.0,22.0,1.0,70,2.0,0,0.0
C1,1465,-0.14900291472881777,192.0,109.8,1,20.4,17.1875,152.0,51.0,22.0,1.0,70,2.0,2,0.0
C1,1466,-0.14533033569709974,191.20000000000002,106.1,1,20.8,17.1875,145.0,52.0,22.0,1.0,70,2.0,1,0.0
C1,1467,-0.048727626423668735,190.89999999999998,106.5,1,42.8,17.1875,207.0,107.0,22.0,1.0,70,3.0,2,0.0
C1,1468,-0.24541587216087868,197.7,110.10000000000001,1,7.2,17.1875,119.0,18.0,22.0,1.0,90,1.0,1,0.0
C1,1469,-0.07638154107657513,143.1,93.3,1,22.4,17.1875,99.0,56.0,22.0,1.0,90,3.0,2,0.0
C1,1470,-0.21546131785818678,190.8,108.7,1,15.6,17.1875,113.0,39.0,22.0,1.0,90,2.0,2,0.0
C1,1471,-0.23088085243451967,199.2,110.10000000000001,1,19.2,17.1875,122.0,48.0,22.0,1.0,90,2.0,1,0.0
C1,1472,-0.1611261921632125,168.0,97.60000000000001,1,12.0,17.1875,92.0,30.0,22.0,1.0,90,2.0,0,0.0
C1,1473,-0.24360415447167838,198.5,110.0,1,10.4,17.1875,133.0,26.0,22.0,1.0,90,1.0,2,0.0
C1,1474,-0.16442040217696074,196.1,109.5,1,39.2,17.1875,168.0,98.0,22.0,1.0,90,3.0,0,0.0
C1,1475,-0.17443081649558423,192.3,109.10000000000001,1,33.6,17.1875,155.0,84.0,22.0,1.0,90,3.0,0,0.0
C1,1476,-0.16937976912326996,194.6,109.0,1,36.8,17.1875,168.0,92.0,22.0,1.0,90,3.0,2,0.0
C1,1477,-0.11995037165003053,192.3,108.0,1,27.6,17.1875,190.0,69.0,22.0,1.0,70,2.0,2,0.0
C1,1478,-0.07449586180507617,188.6,105.30000000000001,1,35.6,17.1875,248.0,89.0,22.0,1.0,70,2.0,2,0.0
C1,1479,-0.16674051182764943,190.4,106.2,1,14.4,17.1875,114.0,36.0,22.0,1.0,70,2.0,1,0.0
C1,1480,-0.11985453077078884,195.6,108.60000000000001,1,29.6,17.1875,139.0,74.0,22.0,1.0,70,3.0,1,0.0
C1,1481,-0.17134751548119925,199.9,110.60000000000001,1,20.0,17.1875,147.0,50.0,22.0,1.0,70,2.0,1,0.0
C1,1482,-0.1637947555399833,189.79999999999998,107.6,1,14.8,17.1875,228.0,37.0,22.0,1.0,70,1.0,1,0.0
C1,1483,-0.17958422922419381,195.8,108.10000000000001,1,14.8,17.1875,217.0,37.0,22.0,1.0,70,1.0,0,0.0
C1,1484,-0.1327666128006812,195.20000000000002,109.89999999999999,1,26.4,17.1875,118.0,66.0,22.0,1.0,70,3.0,2,0.0
C1,1485,-0.06662236326577409,197.7,108.89999999999999,1,42.8,17.1875,188.0,107.0,22.0,1.0,70,3.0,1,0.0
C1,1486,-0.09237989508445446,176.0,101.5,1,24.0,17.1875,96.0,60.0,22.0,1.0,70,3.0,2,0.0
C1,1487,-0.1601615644592284,187.9,107.6,1,14.4,17.1875,185.0,36.0,22.0,1.0,70,1.0,1,0.0
C1,1488,-0.22438424421525172,202.3,110.7,1,5.6,17.1875,104.0,14.0,22.0,1.0,70,1.0,0,0.0
C1,1489,-0.1329385498099504,199.9,113.10000000000001,1,29.2,17.1875,131.0,73.0,22.0,1.0,70,3.0,1,0.0
C1,1490,-0.18061546711787685,187.70000000000002,100.4,1,7.6,17.1875,95.0,19.0,22.0,1.0,70,1.0,1,0.0
C1,1491,-0.20042541291499233,200.2,110.8,1,12.0,17.1875,140.0,30.0,22.0,1.0,70,1.0,1,0.0
C1,1492,-0.21327959919785794,201.4,114.0,1,8.8,17.1875,136.0,22.0,22.0,1.0,70,1.0,2,0.0
C1,1493,-0.013531859773792038,128.70000000000002,78.89999999999999,1,11.6,17.1875,76.0,29.0,22.0,1.0,70,2.0,2,0.0
C1,1494,0.027820941044648217,121.89999999999999,77.0,1,18.4,17.1875,75.0,46.0,22.0,1.0,70,3.0,1,0.0
C1,1495,-0.10908900077431014,189.5,106.2,1,28.4,17.1875,128.0,71.0,22.0,1.0,70,3.0,0,0.0
C1,1496,-0.15450541021804148,193.5,109.0,1,20.0,17.1875,131.0,50.0,22.0,1.0,70,2.0,1,0.0
C1,1497,-0.1198264440921469,187.70000000000002,107.89999999999999,1,24.8,17.1875,105.0,62.0,22.0,1.0,70,3.0,2,0.0
C1,1498,-0.05713698916540988,156.5,98.8,1,20.0,17.1875,93.0,50.0,22.0,1.0,70,3.0,2,0.0
C1,1499,0.04523559085400079,112.5,70.7,1,16.4,17.1875,65.0,41.0,22.0,1.0,70,3.0,1,0.0
C1,1500,0.13374849813644824,73.7,44.3,1,12.4,17.1875,48.0,31.0,22.0,1.0,70,3.0,0,0.0
C1,1501,-0.13505554630776506,186.70000000000002,106.89999999999999,1,20.4,17.1875,147.0,51.0,22.0,1.0,70,2.0,0,0.0
C1,1502,-0.17213257000468285,184.9,106.89999999999999,1,8.0,17.1875,133.0,20.0,22.0,1.0,70,1.0,0,0.0
C1,1503,-0.09273306282132651,192.1,109.3,1,33.6,17.1875,154.0,84.0,22.0,1.0,70,3.0,0,0.0
C1,1504,-0.12656553659214248,199.5,112.69999999999999,1,30.4,17.1875,127.0,76.0,22.0,1.0,70,3.0,0,0.0
C1,1505,-0.14618282584549452,177.7,104.2,1,10.4,17.1875,143.0,26.0,22.0,1.0,70,1.0,0,0.0
C1,1506,-0.1922612453084212,194.3,104.89999999999999,1,9.6,17.1875,135.0,24.0,22.0,1.0,70,1.0,0,0.0
C1,1507,-0.10436187857376023,193.1,108.5,1,31.6,17.1875,137.0,79.0,22.0,1.0,70,3.0,2,0.0
C1,1508,-0.18083395631754923,191.8,107.2,1,11.2,17.1875,145.0,28.0,22.0,1.0,70,1.0,0,0.0
C1,1509,-0.11083502767634063,194.20000000000002,110.8,1,30.8,17.1875,135.0,77.0,22.0,1.0,70,3.0,2,0.0
C1,1510,-0.04546133024807758,143.8,89.30000000000001,1,14.0,17.1875,80.0,35.0,22.0,1.0,70,2.0,2,0.0
C1,1511,-0.1317924769131884,196.8,112.0,1,27.6,17.1875,122.0,69.0,22.0,1.0,70,3.0,0,0.0
C1,1512,-0.025688570809729167,133.8,83.3,1,12.0,17.1875,86.0,30.0,22.0,1.0,70,2.0,1,0.0
C1,1513,-0.19434072058233676,196.0,106.1,1,10.4,17.1875,124.0,26.0,22.0,1.0,70,1.0,2,0.0
C1,1514,0.4944812874940568,44.1,35.0,1,6.8,17.1875,38.0,17.0,22.0,1.0,70,2.0,1,0.0
C1,1515,0.005627218663955047,121.89999999999999,80.3,1,12.0,17.1875,79.0,30.0,22.0,1.0,70,2.0,2,0.0
C1,1516,-0.21185688499749977,201.3,112.8,1,9.2,17.1875,102.0,23.0,22.0,1.0,70,1.0,1,0.0
C1,1517,0.034709275064527104,116.5,69.6,1,16.4,17.1875,68.0,41.0,22.0,1.0,70,3.0,2,0.0
C1,1518,0.043665199653189976,105.1,57.2,1,10.0,17.1875,54.0,25.0,22.0,1.0,70,2.0,2,0.0
C1,1519,-0.052852282386844696,145.1,92.60000000000001,1,12.8,17.1875,94.0,32.0,22.0,1.0,70,2.0,0,0.0
C1,1520,0.43883899956183975,49.3,42.6,1,2.8,17.1875,41.0,7.0,22.0,1.0,70,1.0,1,0.0
C1,1521,-0.22302992740857702,213.9,118.9,1,16.0,17.1875,100.0,40.0,22.0,1.0,70,2.0,1,0.0
C1,1522,-0.01784145480853966,140.4,87.1,1,19.2,17.1875,83.0,48.0,22.0,1.0,70,3.0,2,0.0
C1,1523,-0.061464104083971904,156.4,97.10000000000001,1,18.8,17.1875,92.0,47.0,22.0,1.0,70,3.0,2,0.0
C1,1524,0.07985409356458731,86.3,44.8,1,5.2,17.1875,48.0,13.0,22.0,1.0,70,1.0,2,0.0
C1,1525,-0.12640494080208736,167.1,98.0,1,7.6,17.1875,96.0,19.0,22.0,1.0,70,1.0,0,0.0
C1,1526,-0.1442843221132465,187.29999999999998,107.80000000000001,1,18.4,17.1875,116.0,46.0,22.0,1.0,70,2.0,2,0.0
C1,1527,0.02010717574421028,113.60000000000001,67.4,1,9.6,17.1875,64.0,24.0,22.0,1.0,70,2.0,2,0.0
C1,1528,-0.05848823043394191,158.20000000000002,96.3,1,20.8,17.1875,92.0,52.0,22.0,1.0,70,3.0,2,0.0
C1,1529,0.13452324159770723,68.8,44.4,1,8.4,17.1875,49.0,21.0,22.0,1.0,70,2.0,0,0.0
C1,1530,0.01181453822242183,125.2,75.5,1,16.4,17.1875,73.0,41.0,22.0,1.0,70,3.0,1,0.0
C1,1531,-0.13705539450664989,191.1,109.0,1,22.8,17.1875,101.0,57.0,22.0,1.0,70,3.0,2,0.0
C1,1532,0.06793007375043791,99.7,57.4,1,13.2,17.1875,53.0,33.0,22.0,1.0,70,3.0,0,0.0
C1,1533,-0.1293669997161701,188.79999999999998,108.7,1,23.2,17.1875,338.0,58.0,22.0,1.0,70,1.0,1,0.0
C1,1534,-0.06013697975555227,188.6,109.5,1,38.8,17.1875,525.0,97.0,22.0,1.0,70,1.0,1,0.0
C1,1535,-0.0779962207160633,186.5,109.3,1,33.6,17.1875,470.0,84.0,22.0,1.0,70,1.0,1,0.0
C1,1536,0.04947368421052632,176.0,91.39999999999999,2,60.4,17.1875,360.0,302.0,44.0,1.0,70,3.0,1,0.0
C1,1537,0.08774654319029165,118.4,66.0,2,30.6,16.796875,266.0,153.0,43.0,1.0,70,3.0,1,0.0
C1,1538,0.12564726575136148,114.6,64.19999999999999,2,36.8,16.796875,291.0,184.0,43.0,1.0,70,3.0,0,0.0
C1,1539,0.03556165269780634,112.0,62.5,2,13.2,16.796875,328.0,66.0,43.0,1.0,70,1.0,2,0.0
C1,1540,0.020100902874481352,116.4,62.0,2,12.0,16.796875,289.0,60.0,43.0,1.0,70,1.0,0,0.0
C1,1541,0.08210007531864044,112.9,63.2,2,26.0,16.796875,301.0,130.0,43.0,1.0,70,2.0,2,0.0
C1,1542,0.06154159637445822,119.1,64.0,2,25.0,16.796875,322.0,125.0,43.0,1.0,70,2.0,2,0.0
C1,1543,0.018209964669171325,116.4,63.5,2,11.4,16.796875,279.0,57.0,43.0,1.0,70,1.0,0,0.0
C1,1544,-0.056292322472477424,195.0,111.69999999999999,1,45.6,17.1875,302.0,114.0,22.0,1.0,70,2.0,0,0.0
C1,1545,-0.04129196759605838,197.8,112.3,1,49.2,17.1875,326.0,123.0,22.0,1.0,70,2.0,2,0.0
C1,1546,0.006578947368421018,195.5,109.60000000000001,1,68.8,17.1875,305.0,172.0,22.0,1.0,70,3.0,0,0.0
C1,1547,-0.05362275160797031,186.79999999999998,106.7,1,39.2,17.1875,268.0,98.0,22.0,1.0,70,2.0,0,0.0
C1,1548,-0.15715997865438852,196.9,110.2,1,21.6,17.1875,248.0,54.0,22.0,1.0,70,1.0,0,0.0
C1,1549,-0.08383556278428644,185.29999999999998,107.6,1,31.6,17.1875,209.0,79.0,22.0,1.0,70,2.0,1,0.0
C1,1550,-0.09587858924043108,176.7,103.9,1,23.6,17.1875,168.0,59.0,22.0,1.0,70,2.0,2,0.0
C1,1551,-0.0484932118870606,207.6,115.3,1,14.8,17.1875,103.0,37.0,22.0,1.0,30,2.0,1,0.0
C1,1552,0.2197796891079187,101.3,54.800000000000004,1,11.2,17.1875,53.0,28.0,22.0,1.0,30,3.0,0,0.0
C1,1553,0.7480877781405624,32.2,25.6,1,4.4,17.1875,23.0,11.0,22.0,1.0,30,2.0,1,0.0
C1,1554,0.7468655780554898,32.9,26.1,1,5.6,17.1875,29.0,14.0,22.0,1.0,30,2.0,2,0.0
C1,1555,0.736142525462675,32.599999999999994,26.3,1,2.4,17.1875,24.0,6.0,22.0,1.0,30,1.0,1,0.0
C1,1556,0.6678308359090159,43.5,33.9,1,9.2,17.1875,33.0,23.0,22.0,1.0,30,3.0,0,0.0
C1,1557,0.6394833329718914,44.2,32.4,1,3.6,17.1875,35.0,9.0,22.0,1.0,30,1.0,2,0.0
C1,1558,0.7459883850730336,33.0,27.2,1,5.6,17.1875,27.0,14.0,22.0,1.0,30,2.0,2,0.0
C1,1559,0.7578304369473083,32.9,25.8,1,8.4,17.1875,27.0,21.0,22.0,1.0,30,3.0,1,0.0
C1,1560,0.26423005357929896,73.89999999999999,45.6,1,4.0,17.1875,43.0,10.0,22.0,1.0,30,1.0,2,0.0
C1,1561,-0.02953798410532313,192.20000000000002,108.60000000000001,1,8.4,17.1875,128.0,21.0,22.0,1.0,30,1.0,0,0.0
C1,1562,-0.027259035156743827,203.8,113.69999999999999,1,19.2,17.1875,124.0,48.0,22.0,1.0,30,2.0,2,0.0
C1,1563,0.0910761043712793,142.2,88.6,1,5.6,17.1875,86.0,14.0,22.0,1.0,30,1.0,0,0.0
C1,1564,0.5542446649055184,33.0,25.6,1,6.0,17.1875,29.0,15.0,22.0,1.0,90,2.0,2,0.0
C1,1565,0.5586346834273989,32.7,26.200000000000003,1,7.6,17.1875,26.0,19.0,22.0,1.0,90,3.0,1,0.0
C1,1566,0.02637409342075349,97.9,56.300000000000004,1,14.0,17.1875,59.0,35.0,22.0,1.0,90,3.0,1,0.0
C1,1567,0.5560534149263208,32.7,25.6,1,5.2,17.1875,28.0,13.0,22.0,1.0,90,2.0,0,0.0
C1,1568,0.5556556007278273,32.7,27.099999999999998,1,4.8,17.1875,21.0,12.0,22.0,1.0,90,2.0,2,0.0
C1,1569,0.5599350050321037,32.5,26.0,1,7.2,17.1875,25.0,18.0,22.0,1.0,90,3.0,1,0.0
C1,1570,0.5596526286335375,32.2,26.200000000000003,1,4.4,17.1875,20.0,11.0,22.0,1.0,90,2.0,2,0.0
C1,1571,0.4542275147173416,44.5,34.4,1,6.8,17.1875,34.0,17.0,22.0,1.0,90,2.0,1,0.0
C1,1572,0.5608530080294849,32.5,26.0,1,8.0,17.1875,27.0,20.0,22.0,1.0,90,3.0,0,0.0
C1,1573,0.5491263128440638,33.4,26.599999999999998,1,4.4,17.1875,24.0,11.0,22.0,1.0,90,2.0,1,0.0
C1,1574,0.5533715255326621,33.300000000000004,27.0,1,7.6,17.1875,21.0,19.0,22.0,1.0,90,3.0,2,0.0
C1,1575,0.5559060964394023,32.5,25.3,1,3.2,17.1875,28.0,8.0,22.0,1.0,90,1.0,2,0.0
C1,1576,-0.0621362424143197,127.40000000000002,77.60000000000001,1,5.6,17.1875,71.0,14.0,22.0,1.0,90,1.0,2,0.0
C1,1577,-0.016751043402576354,111.9,68.5,1,9.6,17.1875,69.0,24.0,22.0,1.0,90,2.0,0,0.0
C1,1578,-0.210694153670186,198.3,111.5,1,26.8,17.1875,122.0,67.0,22.0,1.0,90,3.0,2,0.0
C1,1579,0.004038156227292103,104.6,58.1,1,10.8,17.1875,51.0,27.0,22.0,1.0,90,3.0,1,0.0
C1,1580,0.4565479214834593,44.5,33.7,1,8.8,17.1875,33.0,22.0,22.0,1.0,90,3.0,0,0.0
C1,1581,-0.22804745110824715,191.1,109.2,1,7.2,17.1875,115.0,18.0,22.0,1.0,90,1.0,0,0.0
C1,1582,-0.07564140613807799,141.8,88.9,1,21.2,17.1875,87.0,53.0,22.0,1.0,90,3.0,1,0.0
C1,1583,-0.013802955709523168,110.39999999999999,66.0,1,8.8,17.1875,64.0,22.0,22.0,1.0,90,2.0,2,0.0
C1,1584,0.5551047076997977,33.0,25.8,1,6.8,17.1875,27.0,17.0,22.0,1.0,90,3.0,1,0.0
C1,1585,0.44985869999323763,44.900000000000006,34.1,1,6.0,17.1875,30.0,15.0,22.0,1.0,90,2.0,2,0.0
C1,1586,0.45512185788797455,44.3,32.800000000000004,1,6.0,17.1875,33.0,15.0,22.0,1.0,90,2.0,0,0.0
C1,1587,0.45363766582571646,44.2,37.1,1,3.6,17.1875,33.0,9.0,22.0,1.0,90,1.0,0,0.0
C1,1588,0.5552666637212567,32.7,24.9,1,4.4,17.1875,24.0,11.0,22.0,1.0,90,2.0,1,0.0
C1,1589,0.5564602488137504,32.7,25.9,1,5.6,17.1875,26.0,14.0,22.0,1.0,90,2.0,0,0.0
C1,1590,0.48836223679027935,40.2,32.7,1,3.2,17.1875,35.0,8.0,22.0,1.0,90,1.0,0,0.0
C1,1591,0.11433942021168139,59.6,42.9,1,3.6,17.1875,41.0,9.0,22.0,1.0,90,1.0,1,0.0
C1,1592,0.4508806988089761,44.6,33.9,1,4.4,17.1875,30.0,11.0,22.0,1.0,90,2.0,2,0.0
C1,1593,0.4524943325502059,44.8,34.2,1,7.6,17.1875,39.0,19.0,22.0,1.0,90,2.0,1,0.0
C1,1594,0.008249119861607673,100.2,58.3,1,4.4,17.1875,52.0,11.0,22.0,1.0,90,1.0,1,0.0
C1,1595,0.04826833836543706,86.1,48.7,1,7.2,17.1875,42.0,18.0,22.0,1.0,90,2.0,1,0.0
C1,1596,0.020391241402564417,99.7,55.800000000000004,1,13.2,17.1875,59.0,33.0,22.0,1.0,90,3.0,2,0.0
C1,1597,0.0382071093380979,92.7,55.800000000000004,1,12.8,17.1875,52.0,32.0,22.0,1.0,90,3.0,2,0.0
C1,1598,-0.00017193276997132245,103.4,55.0,1,4.4,17.1875,53.0,11.0,22.0,1.0,90,1.0,1,0.0
C1,1599,0.024795146052332448,98.5,58.2,1,14.0,17.1875,59.0,35.0,22.0,1.0,90,3.0,0,0.0
C1,1600,0.06076365626415932,80.10000000000001,46.5,1,4.0,17.1875,41.0,10.0,22.0,1.0,90,1.0,2,0.0
C1,1601,-0.023978347677477585,112.9,66.0,1,5.6,17.1875,65.0,14.0,22.0,1.0,90,1.0,0,0.0
C1,1602,0.0680401559010836,80.69999999999999,43.7,1,11.6,17.1875,43.0,29.0,22.0,1.0,90,3.0,1,0.0
C1,1603,0.46256658397947215,43.6,33.099999999999994,1,7.2,17.1875,39.0,18.0,22.0,1.0,90,2.0,2,0.0
C1,1604,-0.2512032751398709,200.8,117.7,1,9.2,17.1875,122.0,23.0,22.0,1.0,90,1.0,0,0.0
C1,1605,-0.08539823228164611,139.9,89.30000000000001,1,13.2,17.1875,87.0,33.0,22.0,1.0,90,2.0,0,0.0
C1,1606,-0.17048955380239844,187.4,106.0,1,30.8,17.1875,147.0,77.0,22.0,1.0,90,3.0,2,0.0
C1,1607,-0.18928172198558912,183.7,106.1,1,19.6,17.1875,137.0,49.0,22.0,1.0,90,2.0,1,0.0
C1,1608,-0.0347678213616881,117.0,71.5,1,5.6,17.1875,63.0,14.0,22.0,1.0,90,1.0,0,0.0
C1,1609,-0.23122500166744475,194.0,108.3,1,10.8,17.1875,134.0,27.0,22.0,1.0,90,1.0,1,0.0
C1,1610,-0.20117037041470587,183.0,103.3,1,11.6,17.1875,145.0,29.0,22.0,1.0,90,1.0,2,0.0
C1,1611,-0.2107512814848817,184.70000000000002,106.80000000000001,1,7.6,17.1875,116.0,19.0,22.0,1.0,90,1.0,0,0.0
C1,1612,0.4573034260847353,44.2,34.4,1,7.2,17.1875,37.0,18.0,22.0,1.0,90,2.0,1,0.0
C1,1613,0.06747886468122653,78.8,45.900000000000006,1,7.2,17.1875,41.0,18.0,22.0,1.0,90,2.0,2,0.0
C1,1614,-0.02434479031463438,112.3,59.4,1,3.6,17.1875,50.0,9.0,22.0,1.0,90,1.0,0,0.0
C1,1615,-0.2533299907709974,201.8,113.8,1,9.6,17.1875,135.0,24.0,22.0,1.0,90,1.0,0,0.0
C1,1616,-0.2254368745636693,202.7,110.10000000000001,1,25.6,17.1875,114.0,64.0,22.0,1.0,90,3.0,0,0.0
C1,1617,-0.22939362815588893,193.1,107.7,1,10.4,17.1875,144.0,26.0,22.0,1.0,90,1.0,1,0.0
C1,1618,-0.20094011724513405,181.7,107.2,1,9.2,17.1875,136.0,23.0,22.0,1.0,90,1.0,1,0.0
C1,1619,-0.19222697036559222,193.39999999999998,107.39999999999999,1,28.8,17.1875,133.0,72.0,22.0,1.0,90,3.0,2,0.0
C1,1620,-0.20076324822365432,191.8,106.0,1,24.0,17.1875,168.0,60.0,22.0,1.0,90,2.0,2,0.0
C1,1621,-0.09141605941023509,196.39999999999998,111.3,1,56.4,17.1875,253.0,141.0,22.0,1.0,90,3.0,0,0.0
C1,1622,-0.2156722197992062,198.6,110.60000000000001,1,25.2,17.1875,332.0,63.0,22.0,1.0,90,1.0,0,0.0
C1,1623,-0.22989282425578966,208.6,111.69999999999999,1,29.6,17.1875,400.0,74.0,22.0,1.0,90,1.0,2,0.0
C1,1624,0.029999999999999957,183.4,94.8,2,86.8,16.796875,509.0,434.0,43.0,1.0,90,3.0,1,0.0
C1,1625,-0.010355078536266993,116.5,60.199999999999996,2,20.6,16.796875,472.0,103.0,43.0,1.0,90,1.0,2,0.0
C1,1626,0.06812054374287926,116.6,62.199999999999996,2,45.0,16.796875,392.0,225.0,43.0,1.0,90,3.0,2,0.0
C1,1627,-0.020380665935482017,116.8,62.300000000000004,2,15.8,16.796875,188.0,79.0,43.0,1.0,90,2.0,0,0.0
C1,1628,0.007181634228903333,107.7,61.699999999999996,2,17.8,16.796875,141.0,89.0,43.0,1.0,90,3.0,2,0.0
C1,1629,-0.01674183232405166,112.60000000000001,59.8,2,11.0,16.796875,119.0,55.0,43.0,1.0,90,2.0,1,0.0
C1,1630,0.11899882885158644,116.1,61.400000000000006,2,56.2,16.796875,466.0,281.0,43.0,1.0,90,3.0,1,0.0
C1,1631,0.11117698479980789,115.3,61.699999999999996,2,54.0,16.796875,451.0,270.0,43.0,1.0,90,3.0,0,0.0
C1,1632,0.023077838421971933,116.0,61.9,2,32.6,16.796875,399.0,163.0,43.0,1.0,90,2.0,0,0.0
C1,1633,0.027846152474809704,111.8,62.0,2,30.6,16.796875,260.0,153.0,43.0,1.0,90,3.0,0,0.0
C1,1634,-0.02231984428671635,120.1,62.5,2,19.4,16.796875,164.0,97.0,43.0,1.0,90,3.0,0,0.0
C1,1635,-0.030360227326057893,118.2,65.8,2,11.8,16.796875,148.0,59.0,43.0,1.0,90,2.0,2,0.0
C1,1636,-0.007051941698671682,112.0,60.1,2,16.2,16.796875,145.0,81.0,43.0,1.0,90,3.0,1,0.0
C1,1637,-0.16386731236641516,165.0,97.19999999999999,1,10.4,17.1875,152.0,26.0,22.0,1.0,90,1.0,0,0.0
C1,1638,-0.18462385206605997,185.29999999999998,105.30000000000001,1,23.6,17.1875,164.0,59.0,22.0,1.0,90,2.0,0,0.0
C1,1639,-0.1737947588158068,193.6,108.2,1,34.8,17.1875,141.0,87.0,22.0,1.0,90,3.0,0,0.0
C1,1640,-0.17860415447167838,173.8,100.3,1,10.4,17.1875,147.0,26.0,22.0,1.0,90,1.0,1,0.0
C1,1641,-0.19490467998597544,192.3,107.80000000000001,1,26.8,17.1875,199.0,67.0,22.0,1.0,90,2.0,2,0.0
C1,1642,-0.20927627791868036,193.6,107.80000000000001,1,22.4,17.1875,152.0,56.0,22.0,1.0,90,2.0,2,0.0
C1,1643,-0.21743886063304524,193.20000000000002,106.80000000000001,1,18.0,17.1875,137.0,45.0,22.0,1.0,90,2.0,2,0.0
C1,1644,-0.15419668230146255,190.5,106.80000000000001,1,38.0,17.1875,184.0,95.0,22.0,1.0,90,3.0,1,0.0
C1,1645,-0.20436115620228268,184.0,107.1,1,11.2,17.1875,148.0,28.0,22.0,1.0,90,1.0,1,0.0
C1,1646,-0.21715407377788026,197.3,107.80000000000001,1,23.2,17.1875,147.0,58.0,22.0,1.0,90,2.0,2,0.0
C1,1647,-0.20067694567596683,182.60000000000002,106.89999999999999,1,11.2,17.1875,160.0,28.0,22.0,1.0,90,1.0,1,0.0
C1,1648,-0.18798388685089823,190.5,106.39999999999999,1,27.6,17.1875,126.0,69.0,22.0,1.0,90,3.0,2,0.0
C1,1649,-0.07381928491322506,135.5,83.9,1,13.2,17.1875,87.0,33.0,22.0,1.0,90,2.0,2,0.0
C1,1650,-0.09808094104130308,188.0,104.89999999999999,1,30.0,17.1875,134.0,75.0,22.0,1.0,70,3.0,2,0.0
C1,1651,-0.107581950597399,187.6,108.39999999999999,1,27.6,17.1875,117.0,69.0,22.0,1.0,70,3.0,0,0.0
C1,1652,0.03916171400779893,99.9,57.6,1,3.2,17.1875,59.0,8.0,22.0,1.0,70,1.0,2,0.0
C1,1653,0.05620498233147114,102.2,58.5,1,11.6,17.1875,52.0,29.0,22.0,1.0,70,3.0,1,0.0
C1,1654,0.6006635924749002,32.5,26.3,1,8.4,17.1875,26.0,21.0,22.0,1.0,70,3.0,0,0.0
C1,1655,-0.20054109552381566,197.0,111.60000000000001,1,9.2,17.1875,116.0,23.0,22.0,1.0,70,1.0,0,0.0
C1,1656,0.5068039433520932,43.2,32.300000000000004,1,8.4,17.1875,33.0,21.0,22.0,1.0,70,3.0,0,0.0
C1,1657,-0.015808484557336355,127.7,77.89999999999999,1,10.0,17.1875,71.0,25.0,22.0,1.0,70,2.0,1,0.0
C1,1658,-0.002522193051480659,194.39999999999998,109.0,1,19.2,17.1875,128.0,48.0,22.0,1.0,30,2.0,0,0.0
C1,1659,-0.059696166297360714,202.5,109.89999999999999,1,7.6,17.1875,112.0,19.0,22.0,1.0,30,1.0,2,0.0
C1,1660,0.019473684210526365,190.6,108.7,1,26.4,17.1875,119.0,66.0,22.0,1.0,30,3.0,1,0.0
C1,1661,0.0049737914820928986,182.4,105.6,1,10.8,17.1875,127.0,27.0,22.0,1.0,30,1.0,0,0.0
C1,1662,0.12342105263157893,151.10000000000002,92.7,1,22.4,17.1875,97.0,56.0,22.0,1.0,30,3.0,0,0.0
C1,1663,0.02789473684210525,187.4,106.7,1,27.2,17.1875,118.0,68.0,22.0,1.0,30,3.0,1,0.0
C1,1664,-0.0001537719988491948,193.5,108.8,1,19.2,17.1875,119.0,48.0,22.0,1.0,30,2.0,0,0.0
C1,1665,0.042368421052631555,181.9,104.1,1,24.0,17.1875,112.0,60.0,22.0,1.0,30,3.0,0,0.0
C1,1666,0.0271052631578948,187.70000000000002,105.1,1,26.8,17.1875,120.0,67.0,22.0,1.0,30,3.0,0,0.0
C1,1667,0.007935412650007662,176.8,101.6,1,7.6,17.1875,119.0,19.0,22.0,1.0,30,1.0,2,0.0
C1,1668,0.00868421052631585,194.70000000000002,108.39999999999999,1,27.2,17.1875,119.0,68.0,22.0,1.0,30,3.0,2,0.0
C1,1669,-0.010905234821636994,187.9,107.1,1,10.4,17.1875,137.0,26.0,22.0,1.0,30,1.0,1,0.0
C1,1670,0.004583070106414067,191.70000000000002,105.5,1,19.2,17.1875,118.0,48.0,22.0,1.0,30,2.0,0,0.0
C1,1671,0.020526315789473726,190.20000000000002,108.8,1,31.6,17.1875,145.0,79.0,22.0,1.0,30,3.0,1,0.0
C1,1672,0.008947368421052648,194.6,112.0,1,28.4,17.96875,128.0,71.0,23.0,1.0,30,3.0,1,0.0
C1,1673,-0.0015789473684210131,198.6,111.4,1,28.0,17.1875,118.0,70.0,22.0,1.0,30,3.0,2,0.0
C1,1674,0.012631578947368438,193.20000000000002,107.2,1,27.2,17.1875,128.0,68.0,22.0,1.0,30,3.0,2,0.0
C1,1675,0.0009653716002478441,187.9,105.2,1,14.0,17.1875,112.0,35.0,22.0,1.0,30,2.0,2,0.0
C1,1676,0.0005263157894737636,197.8,111.3,1,26.0,17.1875,126.0,65.0,22.0,1.0,30,3.0,0,0.0
C1,1677,-0.001052631578947305,198.4,113.69999999999999,1,27.6,17.1875,118.0,69.0,22.0,1.0,30,3.0,1,0.0
C1,1678,-0.062371728070604426,204.1,115.9,1,8.0,17.1875,124.0,20.0,22.0,1.0,30,1.0,1,0.0
C1,1679,-0.002041090463124867,189.5,108.0,1,14.4,17.1875,109.0,36.0,22.0,1.0,30,2.0,1,0.0
C1,1680,0.03578947368421054,184.4,106.1,1,28.0,17.1875,127.0,70.0,22.0,1.0,30,3.0,2,0.0
C1,1681,-0.018115047734186512,191.70000000000002,110.60000000000001,1,11.2,17.1875,145.0,28.0,22.0,1.0,30,1.0,1,0.0
C1,1682,-0.03233879095868661,201.9,111.3,1,15.2,17.1875,106.0,38.0,22.0,1.0,30,2.0,2,0.0
C1,1683,-0.011137551789112327,195.5,111.3,1,16.8,17.1875,114.0,42.0,22.0,1.0,30,2.0,0,0.0
C1,1684,0.00368421052631579,196.6,112.69999999999999,1,24.8,17.1875,107.0,62.0,22.0,1.0,30,3.0,2,0.0
C1,1685,-0.052344602687475233,202.0,114.3,1,9.2,17.1875,117.0,23.0,22.0,1.0,30,1.0,1,0.0
C1,1686,0.01921052631578951,190.70000000000002,105.89999999999999,1,26.0,17.1875,109.0,65.0,22.0,1.0,30,3.0,1,0.0
C1,1687,-0.008684210526315739,201.3,111.3,1,23.2,17.1875,106.0,58.0,22.0,1.0,30,3.0,2,0.0
C1,1688,0.02447368421052637,188.70000000000002,107.0,1,26.8,17.1875,121.0,67.0,22.0,1.0,30,3.0,1,0.0
C1,1689,-0.047815067869773825,196.8,105.6,1,6.8,17.1875,101.0,17.0,22.0,1.0,30,1.0,2,0.0
C1,1690,0.14162179437107658,131.0,80.19999999999999,1,11.2,17.1875,71.0,28.0,22.0,1.0,30,2.0,2,0.0
C1,1691,0.04742522437277549,159.39999999999998,101.9,1,6.0,17.1875,91.0,15.0,22.0,1.0,30,1.0,1,0.0
C1,1692,0.11479364542540704,133.8,83.0,1,6.0,17.1875,71.0,15.0,22.0,1.0,30,1.0,2,0.0
C1,1693,0.0027375506242749426,189.0,107.2,1,15.6,17.1875,103.0,39.0,22.0,1.0,30,2.0,2,0.0
C1,1694,0.20885613188852115,103.3,67.2,1,9.6,17.1875,60.0,24.0,22.0,1.0,30,2.0,1,0.0
C1,1695,0.22949715700285822,89.6,52.2,1,5.6,17.1875,59.0,14.0,22.0,1.0,30,1.0,0,0.0
C1,1696,0.8449503405842116,17.6,17.4,1,2.0,17.1875,14.0,5.0,22.0,1.0,30,1.0,0,0.0
C1,1697,0.22969342925449493,85.1,43.6,1,2.8,17.1875,44.0,7.0,22.0,1.0,30,1.0,0,0.0
C1,1698,0.1852369493768298,113.9,67.7,1,10.8,17.1875,69.0,27.0,22.0,1.0,30,2.0,1,0.0
C1,1699,0.1435698255573079,137.1,85.5,1,17.2,17.1875,86.0,43.0,22.0,1.0,30,3.0,1,0.0
C1,1700,0.7593664079297908,32.2,25.6,1,7.2,17.1875,27.0,18.0,22.0,1.0,30,3.0,0,0.0
C1,1701,0.6193739546165016,47.800000000000004,34.6,1,6.4,17.1875,33.0,16.0,22.0,1.0,30,2.0,2,0.0
C1,1702,0.7352653324802187,32.7,25.3,1,2.4,17.1875,28.0,6.0,22.0,1.0,30,1.0,2,0.0
C1,1703,0.7503743499853144,32.5,25.5,1,5.6,17.1875,21.0,14.0,22.0,1.0,30,3.0,1,0.0
C1,1704,0.047020342947729804,173.4,103.6,1,16.8,17.1875,107.0,42.0,22.0,1.0,30,2.0,2,0.0
C1,1705,0.6193078943754,46.5,34.8,1,3.6,17.1875,34.0,9.0,22.0,1.0,30,1.0,0,0.0
C1,1706,0.12348514482241713,140.4,86.2,1,13.2,17.1875,86.0,33.0,22.0,1.0,30,2.0,2,0.0
C1,1707,0.13775385386132857,134.0,90.39999999999999,1,12.4,17.1875,84.0,31.0,22.0,1.0,30,2.0,0,0.0
C1,1708,0.21299934295580142,105.89999999999999,59.7,1,12.8,17.1875,54.0,32.0,22.0,1.0,30,3.0,0,0.0
C1,1709,0.8466688412521486,17.6,17.4,1,2.4,17.1875,10.0,6.0,22.0,1.0,30,2.0,0,0.0
C1,1710,0.5783284365275949,50.0,17.4,1,1.2,17.1875,8.0,3.0,22.0,1.0,30,1.0,2,0.0
C1,1711,0.6440731476017554,42.9,31.4,1,2.0,17.1875,34.0,5.0,22.0,1.0,30,1.0,0,0.0
C1,1712,0.8483776397808107,17.7,17.4,1,2.8,17.1875,7.0,7.0,22.0,1.0,30,3.0,0,0.0
C1,1713,0.8466688412521486,17.8,17.4,1,2.4,17.1875,7.0,6.0,22.0,1.0,30,3.0,2,0.0
C1,1714,0.5765839711106497,50.0,17.4,1,0.8,17.1875,5.0,2.0,22.0,1.0,30,1.0,0,0.0
C1,1715,0.5783284365275949,50.0,17.6,1,1.2,17.1875,3.0,3.0,22.0,1.0,30,2.0,1,0.0
C1,1716,0.8567577352788383,17.7,17.4,1,4.8,17.1875,14.0,12.0,22.0,1.0,30,3.0,0,0.0
C1,1717,0.5783284365275949,50.0,17.4,1,1.2,17.1875,9.0,3.0,22.0,1.0,30,1.0,2,0.0
C1,1718,0.841486331264437,18.1,17.4,1,1.2,17.1875,4.0,3.0,22.0,1.0,30,3.0,0,0.0
C1,1719,0.8150898938837274,23.599999999999998,17.7,1,2.4,17.1875,6.0,6.0,22.0,1.0,30,3.0,1,0.0
C1,1720,0.5783284365275949,50.0,17.6,1,1.2,17.1875,5.0,3.0,22.0,1.0,30,1.0,1,0.0
C1,1721,0.6586761602004014,43.5,33.6,1,6.8,17.1875,32.0,17.0,22.0,1.0,30,2.0,0,0.0
C1,1722,0.5783284365275949,50.0,17.4,1,1.2,17.1875,4.0,3.0,22.0,1.0,30,2.0,0,0.0
C1,1723,0.5765839711106497,50.0,17.3,1,0.8,17.1875,6.0,2.0,22.0,1.0,30,1.0,0,0.0
C1,1724,0.20183879824518508,103.7,60.0,1,8.0,17.1875,55.0,20.0,22.0,1.0,30,2.0,0,0.0
C1,1725,-0.011343356514420255,134.0,85.0,1,16.4,17.1875,80.0,41.0,22.0,1.0,70,3.0,0,0.0
C1,1726,-0.0427423860895815,139.8,87.5,1,11.6,17.1875,87.0,29.0,22.0,1.0,70,2.0,2,0.0
C1,1727,0.005734758187716654,135.0,87.7,1,21.6,17.1875,87.0,54.0,22.0,1.0,70,3.0,2,0.0
C1,1728,0.6967932929551672,17.6,17.3,1,3.2,17.1875,9.0,8.0,22.0,1.0,70,3.0,0,0.0
C1,1729,0.5331423364899535,39.1,33.4,1,4.8,17.1875,31.0,12.0,22.0,1.0,70,2.0,0,0.0
C1,1730,0.01589664942842084,115.2,70.1,1,9.6,17.1875,64.0,24.0,22.0,1.0,70,2.0,0,0.0
C1,1731,-0.024132087829199872,127.0,70.4,1,6.4,17.1875,75.0,16.0,22.0,1.0,70,1.0,1,0.0
C1,1732,0.14507648915407584,62.300000000000004,41.300000000000004,1,6.0,17.1875,45.0,15.0,22.0,1.0,70,2.0,2,0.0
C1,1733,0.5774354907899099,33.5,26.1,1,2.8,17.1875,27.0,7.0,22.0,1.0,70,1.0,1,0.0
C1,1734,-0.003063979649585713,131.39999999999998,79.39999999999999,1,16.8,17.1875,80.0,42.0,22.0,1.0,70,3.0,2,0.0
C1,1735,0.48012662628850067,44.699999999999996,33.300000000000004,1,3.2,17.1875,30.0,8.0,22.0,1.0,70,1.0,1,0.0
C1,1736,-0.12805699186236075,172.7,98.3,1,12.0,17.1875,100.0,30.0,22.0,1.0,70,2.0,0,0.0
C1,1737,0.007587096314029679,120.2,78.0,1,11.2,17.1875,77.0,28.0,22.0,1.0,70,2.0,1,0.0
C1,1738,0.043222880278238215,110.10000000000001,69.2,1,14.0,17.1875,64.0,35.0,22.0,1.0,70,3.0,2,0.0
C1,1739,0.5908156991447666,32.300000000000004,24.7,1,4.0,17.1875,22.0,10.0,22.0,1.0,70,2.0,2,0.0
C1,1740,-0.08679965080789731,158.0,97.19999999999999,1,12.8,17.1875,93.0,32.0,22.0,1.0,70,2.0,2,0.0
C1,1741,0.6940263352002114,17.5,17.2,1,2.0,17.1875,14.0,5.0,22.0,1.0,70,1.0,2,0.0
C1,1742,0.5058847962659866,42.8,33.9,1,6.8,17.1875,36.0,17.0,22.0,1.0,70,2.0,1,0.0
C1,1743,-0.03679923120329487,140.0,93.5,1,13.6,17.1875,89.0,34.0,22.0,1.0,70,2.0,1,0.0
C1,1744,-0.14502730684678805,174.6,96.3,1,8.0,17.1875,98.0,20.0,22.0,1.0,70,1.0,0,0.0
C1,1745,0.6996909593573912,17.9,17.4,1,4.4,17.1875,12.0,11.0,22.0,1.0,70,3.0,1,0.0
C1,1746,0.009182959275053429,126.2,78.3,1,16.4,17.1875,75.0,41.0,22.0,1.0,70,3.0,1,0.0
C1,1747,0.007496388380896626,126.3,74.30000000000001,1,16.0,17.1875,72.0,40.0,22.0,1.0,70,3.0,1,0.0
C1,1748,-0.014660352951187283,123.0,75.5,1,6.0,17.1875,64.0,15.0,22.0,1.0,70,1.0,1,0.0
C1,1749,0.16272690152914446,56.4,42.4,1,6.8,17.1875,40.0,17.0,22.0,1.0,70,2.0,1,0.0
C1,1750,0.6949342494879829,17.5,17.2,1,2.4,17.1875,10.0,6.0,22.0,1.0,70,2.0,1,0.0
C1,1751,0.7016961988277453,17.6,17.2,1,5.2,17.1875,14.0,13.0,22.0,1.0,70,3.0,1,0.0
C1,1752,0.679095434407369,21.5,17.8,1,1.2,17.1875,11.0,3.0,22.0,1.0,70,1.0,2,0.0
C1,1753,0.6977445678438781,17.7,17.4,1,3.6,17.1875,9.0,9.0,22.0,1.0,70,3.0,1,0.0
C1,1754,0.4299748279240733,50.0,17.2,1,1.6,17.1875,8.0,4.0,22.0,1.0,70,1.0,0,0.0
C1,1755,0.4290954344073689,50.0,17.2,1,1.2,17.1875,8.0,3.0,22.0,1.0,70,1.0,0,0.0
C1,1756,-0.08914554077439335,160.39999999999998,98.10000000000001,1,14.0,17.1875,93.0,35.0,22.0,1.0,70,2.0,0,0.0
C1,1757,-0.16240244841572987,192.5,107.6,1,17.2,17.1875,107.0,43.0,22.0,1.0,70,2.0,1,0.0
C1,1758,-0.04990467741822391,137.2,87.1,1,6.8,17.1875,81.0,17.0,22.0,1.0,70,1.0,1,0.0
C1,1759,-0.022686294443862304,145.8,96.8,1,21.6,17.1875,97.0,54.0,22.0,1.0,70,3.0,1,0.0
C1,1760,0.5923571909084617,32.7,26.700000000000003,1,6.0,17.1875,26.0,15.0,22.0,1.0,70,2.0,2,0.0
C1,1761,0.5383828907205143,39.6,33.8,1,8.4,17.1875,35.0,21.0,22.0,1.0,70,3.0,2,0.0
C1,1762,0.6949342494879829,17.8,17.5,1,2.4,17.1875,16.0,6.0,22.0,1.0,70,1.0,0,0.0
C1,1763,-0.1560799384257353,178.79999999999998,104.89999999999999,1,8.0,17.1875,116.0,20.0,22.0,1.0,70,1.0,2,0.0
C1,1764,-0.15286040972468234,186.70000000000002,107.6,1,15.6,17.1875,100.0,39.0,22.0,1.0,70,2.0,2,0.0
C1,1765,0.6931327226609154,18.700000000000003,17.7,1,1.6,17.1875,14.0,4.0,22.0,1.0,70,1.0,1,0.0
C1,1766,0.7006861961390762,17.9,17.6,1,4.8,17.1875,12.0,12.0,22.0,1.0,70,3.0,1,0.0
C1,1767,0.6940263352002114,18.599999999999998,17.6,1,2.0,17.1875,18.0,5.0,22.0,1.0,70,1.0,2,0.0
C1,1768,0.4299748279240733,50.0,17.3,1,1.6,17.1875,8.0,4.0,22.0,1.0,70,1.0,0,0.0
C1,1769,0.695856543421489,17.9,17.5,1,2.8,17.1875,12.0,7.0,22.0,1.0,70,2.0,1,0.0
C1,1770,0.695856543421489,17.9,17.7,1,2.8,17.1875,10.0,7.0,22.0,1.0,70,2.0,2,0.0
C1,1771,0.6949342494879829,18.0,17.3,1,2.4,17.1875,19.0,6.0,22.0,1.0,70,1.0,2,0.0
C1,1772,0.6967932929551672,17.7,17.3,1,3.2,17.1875,11.0,8.0,22.0,1.0,70,2.0,0,0.0
C1,1773,0.692253329144211,17.8,17.3,1,1.2,17.1875,11.0,3.0,22.0,1.0,70,1.0,2,0.0
C1,1774,0.6949342494879829,17.6,17.2,1,2.4,17.1875,8.0,6.0,22.0,1.0,70,2.0,2,0.0
C1,1775,0.6987104359868719,17.8,17.4,1,4.0,17.1875,11.0,10.0,22.0,1.0,70,3.0,2,0.0
C1,1776,0.584453034649559,32.7,26.5,1,2.8,17.1875,21.0,7.0,22.0,1.0,70,1.0,0,0.0
C1,1777,0.7037606996803916,17.8,17.5,1,6.0,17.1875,18.0,15.0,22.0,1.0,70,3.0,2,0.0
C1,1778,0.695856543421489,18.1,17.6,1,2.8,17.1875,13.0,7.0,22.0,1.0,70,2.0,1,0.0
C1,1779,0.7016961988277453,17.8,17.5,1,5.2,17.1875,15.0,13.0,22.0,1.0,70,3.0,2,0.0
C1,1780,0.5773903898388602,33.4,26.200000000000003,1,2.4,17.1875,22.0,6.0,22.0,1.0,70,1.0,1,0.0
C1,1781,0.5047220623709212,43.7,33.300000000000004,1,9.2,17.1875,34.0,23.0,22.0,1.0,70,3.0,0,0.0
C1,1782,0.6931327226609154,18.3,17.6,1,1.6,17.1875,14.0,4.0,22.0,1.0,70,1.0,0,0.0
C1,1783,0.7037606996803916,17.9,17.6,1,6.0,17.1875,17.0,15.0,22.0,1.0,70,3.0,0,0.0
C1,1784,0.6987104359868719,18.0,17.7,1,4.0,17.1875,15.0,10.0,22.0,1.0,70,2.0,1,0.0
C1,1785,0.7006861961390762,18.0,17.7,1,4.8,17.1875,19.0,12.0,22.0,1.0,70,2.0,0,0.0
C1,1786,0.5882874505854614,32.7,25.9,1,4.4,17.1875,25.0,11.0,22.0,1.0,70,2.0,1,0.0
C1,1787,0.5800219687862286,33.099999999999994,26.4,1,2.4,17.1875,21.0,6.0,22.0,1.0,70,1.0,0,0.0
C1,1788,0.6949342494879829,17.7,17.3,1,2.4,17.1875,17.0,6.0,22.0,1.0,70,1.0,2,0.0
C1,1789,0.5792494333060445,33.4,26.0,1,3.2,17.1875,20.0,8.0,22.0,1.0,70,1.0,0,0.0
C1,1790,0.5988672524063374,32.2,26.0,1,6.8,17.1875,22.0,17.0,22.0,1.0,70,3.0,0,0.0
C1,1791,-0.014576961755660478,121.80000000000001,67.7,1,4.8,17.1875,65.0,12.0,22.0,1.0,70,1.0,1,0.0
C1,1792,0.6940263352002114,17.7,17.3,1,2.0,17.1875,16.0,5.0,22.0,1.0,70,1.0,2,0.0
C1,1793,0.6015407854573565,32.4,26.8,1,8.4,17.1875,28.0,21.0,22.0,1.0,70,3.0,2,0.0
C1,1794,0.7027210189426429,17.5,17.2,1,5.6,17.1875,16.0,14.0,22.0,1.0,70,3.0,1,0.0
C1,1795,0.5926734154977422,32.2,25.3,1,4.4,17.1875,23.0,11.0,22.0,1.0,70,2.0,1,0.0
C1,1796,0.5992968135838774,32.4,25.7,1,7.6,17.1875,27.0,19.0,22.0,1.0,70,3.0,0,0.0
C1,1797,-0.009882748540675806,120.39999999999999,70.6,1,5.2,17.1875,61.0,13.0,22.0,1.0,70,1.0,2,0.0
C1,1798,0.4914799979260056,44.2,33.0,1,6.0,17.1875,36.0,15.0,22.0,1.0,70,2.0,1,0.0
C1,1799,-0.09589676270629224,182.5,104.5,1,27.2,17.1875,135.0,68.0,22.0,1.0,70,3.0,0,0.0
C1,1800,0.010744991050871816,119.0,70.5,1,11.2,17.1875,62.0,28.0,22.0,1.0,70,2.0,2,0.0
C1,1801,0.060963480250544155,95.9,57.5,1,7.6,17.1875,51.0,19.0,22.0,1.0,70,2.0,1,0.0
C1,1802,0.05205645084990419,95.0,55.0,1,3.2,17.1875,53.0,8.0,22.0,1.0,70,1.0,2,0.0
C1,1803,-0.01470007719262223,128.20000000000002,77.5,1,10.8,17.1875,76.0,27.0,22.0,1.0,70,2.0,2,0.0
C1,1804,0.07194369869866643,99.7,59.6,1,14.4,17.1875,59.0,36.0,22.0,1.0,70,3.0,1,0.0
C1,1805,-0.12101683654816331,194.70000000000002,110.7,1,28.8,17.1875,124.0,72.0,22.0,1.0,70,3.0,0,0.0
C1,1806,-0.11559349359183663,179.9,102.2,1,20.8,17.1875,95.0,52.0,22.0,1.0,70,3.0,1,0.0
C1,1807,0.6006635924749002,32.5,26.200000000000003,1,8.4,17.1875,29.0,21.0,22.0,1.0,70,3.0,1,0.0
C1,1808,0.6987104359868719,17.5,17.2,1,4.0,17.1875,16.0,10.0,22.0,1.0,70,2.0,1,0.0
C1,1809,0.5856558716380931,33.0,25.3,1,4.4,17.1875,22.0,11.0,22.0,1.0,70,2.0,2,0.0
C1,1810,0.5964429591184198,32.599999999999994,26.0,1,7.2,17.1875,25.0,18.0,22.0,1.0,70,3.0,2,0.0
C1,1811,0.4949887698558302,43.8,33.4,1,6.0,17.1875,31.0,15.0,22.0,1.0,70,2.0,1,0.0
C1,1812,0.6949342494879829,17.8,17.3,1,2.4,17.1875,19.0,6.0,22.0,1.0,70,1.0,2,0.0
C1,1813,0.7037606996803916,17.7,17.4,1,6.0,17.1875,17.0,15.0,22.0,1.0,70,3.0,2,0.0
C1,1814,0.5935506084801982,32.099999999999994,25.6,1,4.4,17.1875,21.0,11.0,22.0,1.0,70,2.0,1,0.0
C1,1815,0.7489649711230186,32.099999999999994,25.2,1,4.4,17.1875,25.0,11.0,22.0,1.0,30,2.0,0,0.0
C1,1816,0.6431600693223241,43.2,33.2,1,2.4,17.1875,31.0,6.0,22.0,1.0,30,1.0,0,0.0
C1,1817,0.7445790062107378,32.599999999999994,26.200000000000003,1,4.4,17.1875,23.0,11.0,22.0,1.0,30,2.0,2,0.0
C1,1818,0.8449503405842116,18.8,17.4,1,2.0,17.1875,17.0,5.0,22.0,1.0,30,1.0,1,0.0
C1,1819,0.7404270906160237,32.5,25.4,1,3.2,17.1875,21.0,8.0,22.0,1.0,30,2.0,1,0.0
C1,1820,0.8449503405842116,17.5,17.3,1,2.0,17.1875,7.0,5.0,22.0,1.0,30,2.0,2,0.0
C1,1821,0.5000537341354754,44.1,34.4,1,8.8,17.1875,33.0,22.0,22.0,1.0,70,3.0,2,0.0
C1,1822,0.12376264901290535,70.8,43.2,1,6.4,17.1875,43.0,16.0,22.0,1.0,70,2.0,1,0.0
C1,1823,0.7048152805918526,17.6,17.3,1,6.4,17.1875,19.0,16.0,22.0,1.0,70,3.0,1,0.0
C1,1824,0.6949342494879829,17.6,17.3,1,2.4,17.1875,16.0,6.0,22.0,1.0,70,1.0,0,0.0
C1,1825,0.6949342494879829,17.9,17.3,1,2.4,17.1875,19.0,6.0,22.0,1.0,70,1.0,1,0.0
C1,1826,0.5886859312233447,33.0,25.6,1,5.6,17.1875,28.0,14.0,22.0,1.0,70,2.0,1,0.0
C1,1827,-0.004097537419279873,116.7,60.6,1,3.6,17.1875,60.0,9.0,22.0,1.0,70,1.0,1,0.0
C1,1828,0.6687050510671897,17.8,17.3,1,6.4,17.1875,18.0,16.0,22.0,1.0,90,3.0,0,0.0
C1,1829,0.4590986220645727,44.1,34.4,1,8.0,17.1875,30.0,20.0,22.0,1.0,90,3.0,0,0.0
C1,1830,-0.17906907562875024,188.4,106.5,1,28.8,17.1875,130.0,72.0,22.0,1.0,90,3.0,0,0.0
C1,1831,0.10037360152333179,66.3,45.3,1,7.2,17.1875,45.0,18.0,22.0,1.0,90,2.0,1,0.0
C1,1832,-0.021698578779630634,117.7,68.8,1,16.4,17.1875,67.0,41.0,22.0,1.0,90,3.0,2,0.0
C1,1833,0.4551762219438646,44.2,32.599999999999994,1,5.2,17.1875,30.0,13.0,22.0,1.0,90,2.0,0,0.0
C1,1834,0.6687050510671897,18.2,17.7,1,6.4,17.1875,18.0,16.0,22.0,1.0,90,3.0,1,0.0
C1,1835,0.6659183675801024,17.9,17.4,1,3.6,17.1875,13.0,9.0,22.0,1.0,90,2.0,2,0.0
C1,1836,0.5556556007278273,32.7,26.0,1,4.8,17.1875,24.0,12.0,22.0,1.0,90,2.0,2,0.0
C1,1837,0.6674569236982506,18.1,17.7,1,5.2,17.1875,15.0,13.0,22.0,1.0,90,3.0,0,0.0
C1,1838,0.6659183675801024,18.0,17.7,1,3.6,17.1875,16.0,9.0,22.0,1.0,90,2.0,2,0.0
C1,1839,0.6674569236982506,18.1,17.7,1,5.2,17.1875,15.0,13.0,22.0,1.0,90,3.0,0,0.0
C1,1840,0.6638614604365336,17.8,17.5,1,1.2,17.1875,10.0,3.0,22.0,1.0,90,1.0,2,0.0
C1,1841,0.4581828433362752,43.6,33.2,1,2.8,17.1875,30.0,7.0,22.0,1.0,90,1.0,2,0.0
C1,1842,0.6648537330978317,17.8,17.6,1,2.4,17.1875,18.0,6.0,22.0,1.0,90,1.0,0,0.0
C1,1843,0.666289972053633,17.9,17.6,1,4.0,17.1875,16.0,10.0,22.0,1.0,90,2.0,2,0.0
C1,1844,0.5560818032732704,32.4,26.700000000000003,1,2.4,17.1875,21.0,6.0,22.0,1.0,90,1.0,2,0.0
C1,1845,0.5582146347786627,32.5,25.1,1,5.6,17.1875,20.0,14.0,22.0,1.0,90,3.0,2,0.0
C1,1846,0.5612450585769906,32.300000000000004,25.4,1,6.8,17.1875,24.0,17.0,22.0,1.0,90,3.0,1,0.0
C1,1847,0.6674569236982506,17.5,17.3,1,5.2,17.1875,15.0,13.0,22.0,1.0,90,3.0,2,0.0
C1,1848,0.5569306079087769,32.599999999999994,25.7,1,5.2,17.1875,29.0,13.0,22.0,1.0,90,2.0,1,0.0
C1,1849,0.5590986220645726,32.7,26.200000000000003,1,8.0,17.1875,25.0,20.0,22.0,1.0,90,3.0,0,0.0
C1,1850,0.6648537330978317,18.3,17.4,1,2.4,17.1875,18.0,6.0,22.0,1.0,90,1.0,2,0.0
C1,1851,0.47070509694830087,43.0,34.1,1,9.6,17.1875,36.0,24.0,22.0,1.0,90,3.0,2,0.0
C1,1852,0.5536376658257165,32.800000000000004,26.0,1,3.6,17.1875,21.0,9.0,22.0,1.0,90,2.0,1,0.0
C1,1853,0.6670591094997571,17.8,17.5,1,4.8,17.1875,18.0,12.0,22.0,1.0,90,2.0,2,0.0
C1,1854,0.5537968784239944,32.7,25.4,1,2.8,17.1875,22.0,7.0,22.0,1.0,90,1.0,2,0.0
C1,1855,0.5560818032732704,32.4,26.1,1,2.4,17.1875,23.0,6.0,22.0,1.0,90,1.0,1,0.0
C1,1856,0.5592724281939838,32.2,25.3,1,4.0,17.1875,24.0,10.0,22.0,1.0,90,2.0,1,0.0
C1,1857,0.46659012110312553,43.3,32.0,1,8.4,17.1875,32.0,21.0,22.0,1.0,90,3.0,2,0.0
C1,1858,0.6655552192464198,17.5,17.3,1,3.2,17.1875,14.0,8.0,22.0,1.0,90,2.0,0,0.0
C1,1859,0.5564243493128036,32.800000000000004,26.1,1,6.4,17.1875,20.0,16.0,22.0,1.0,90,3.0,1,0.0
C1,1860,0.5582146347786627,32.5,25.9,1,5.6,17.1875,21.0,14.0,22.0,1.0,90,3.0,1,0.0
C1,1861,0.5015201315271215,38.699999999999996,32.0,1,3.2,17.1875,33.0,8.0,22.0,1.0,90,1.0,0,0.0
C1,1862,0.6648537330978317,17.6,17.3,1,2.4,17.1875,16.0,6.0,22.0,1.0,90,1.0,0,0.0
C1,1863,0.6695841278391212,17.8,17.3,1,7.2,17.1875,19.0,18.0,22.0,1.0,90,3.0,0,0.0
C1,1864,0.5542990289614085,32.9,25.7,1,5.2,17.1875,28.0,13.0,22.0,1.0,90,2.0,2,0.0
C1,1865,0.5516958383609898,32.9,24.8,1,2.4,17.1875,20.0,6.0,22.0,1.0,90,1.0,1,0.0
C1,1866,0.5559819006822538,32.9,25.5,1,6.8,17.1875,21.0,17.0,22.0,1.0,90,3.0,1,0.0
C1,1867,0.5621222515594468,32.2,25.8,1,6.8,17.1875,23.0,17.0,22.0,1.0,90,3.0,1,0.0
C1,1868,0.6666701724931865,18.1,17.5,1,4.4,17.1875,19.0,11.0,22.0,1.0,90,2.0,0,0.0
C1,1869,0.5537968784239944,32.7,25.6,1,2.8,17.1875,26.0,7.0,22.0,1.0,90,1.0,0,0.0
C1,1870,0.5587754356510812,32.300000000000004,25.1,1,4.4,17.1875,21.0,11.0,22.0,1.0,90,2.0,1,0.0
C1,1871,0.5630813491733009,32.300000000000004,25.6,1,8.4,17.1875,29.0,21.0,22.0,1.0,90,3.0,2,0.0
C1,1872,0.666289972053633,18.3,17.4,1,4.0,17.1875,18.0,10.0,22.0,1.0,90,2.0,2,0.0
C1,1873,0.6687050510671897,17.6,17.3,1,6.4,17.1875,19.0,16.0,22.0,1.0,90,3.0,1,0.0
C1,1874,0.559091827761119,32.4,25.5,1,5.6,17.1875,21.0,14.0,22.0,1.0,90,3.0,2,0.0
C1,1875,0.5603850157827113,32.300000000000004,25.5,1,6.0,17.1875,20.0,15.0,22.0,1.0,90,3.0,0,0.0
C1,1876,0.5574099866927397,32.5,25.8,1,4.8,17.1875,25.0,12.0,22.0,1.0,90,2.0,1,0.0
C1,1877,0.6674569236982506,17.9,17.5,1,5.2,17.1875,14.0,13.0,22.0,1.0,90,3.0,2,0.0
C1,1878,0.6678637575856803,17.9,17.5,1,5.6,17.1875,16.0,14.0,22.0,1.0,90,3.0,1,0.0
C1,1879,0.6645151185065423,18.1,17.8,1,2.0,17.1875,12.0,5.0,22.0,1.0,90,1.0,0,0.0
C1,1880,0.6678637575856803,17.6,17.3,1,5.6,17.1875,16.0,14.0,22.0,1.0,90,3.0,0,0.0
C1,1881,0.4957429289836112,39.4,31.4,1,3.6,17.1875,35.0,9.0,22.0,1.0,90,1.0,1,0.0
C1,1882,0.5861142310287952,28.9,26.0,1,1.6,17.1875,21.0,4.0,22.0,1.0,90,1.0,2,0.0
C1,1883,0.5539888027170687,32.599999999999994,25.3,1,2.0,17.1875,23.0,5.0,22.0,1.0,90,1.0,2,0.0
C1,1884,0.5560031044800304,33.0,26.9,1,7.6,17.1875,23.0,19.0,22.0,1.0,90,3.0,1,0.0
C1,1885,0.557753436835343,32.599999999999994,27.2,1,6.0,17.1875,20.0,15.0,22.0,1.0,90,3.0,2,0.0
C1,1886,0.5561651459127606,33.2,26.8,1,9.2,17.1875,28.0,23.0,22.0,1.0,90,3.0,1,0.0
C1,1887,0.5582214290821165,32.800000000000004,26.200000000000003,1,8.0,17.1875,26.0,20.0,22.0,1.0,90,3.0,2,0.0
C1,1888,0.6655552192464198,17.6,17.4,1,3.2,17.1875,14.0,8.0,22.0,1.0,90,2.0,0,0.0
C1,1889,0.6670591094997571,17.8,17.4,1,4.8,17.1875,19.0,12.0,22.0,1.0,90,2.0,0,0.0
C1,1890,0.6682797526248165,17.9,17.5,1,6.0,17.1875,17.0,15.0,22.0,1.0,90,3.0,2,0.0
C1,1891,0.559091827761119,32.4,26.3,1,5.6,17.1875,26.0,14.0,22.0,1.0,90,2.0,2,0.0
C1,1892,0.6648537330978317,17.6,17.3,1,2.4,17.1875,10.0,6.0,22.0,1.0,90,2.0,2,0.0
C1,1893,0.841486331264437,18.1,17.6,1,1.2,17.1875,10.0,3.0,22.0,1.0,30,1.0,1,0.0
C1,1894,0.5783284365275949,50.0,17.3,1,1.2,17.1875,8.0,3.0,22.0,1.0,30,1.0,1,0.0
C1,1895,0.8567577352788383,17.8,17.5,1,4.8,17.1875,12.0,12.0,22.0,1.0,30,3.0,1,0.0
C1,1896,0.6538831219151389,43.5,32.800000000000004,1,5.6,17.1875,30.0,14.0,22.0,1.0,30,2.0,2,0.0
C1,1897,0.8449503405842116,17.7,17.3,1,2.0,17.1875,15.0,5.0,22.0,1.0,30,1.0,1,0.0
C1,1898,0.8517640347262774,17.8,17.4,1,3.6,17.1875,11.0,9.0,22.0,1.0,30,3.0,2,0.0
C1,1899,0.8534405798950884,17.8,17.3,1,4.0,17.1875,15.0,10.0,22.0,1.0,30,2.0,0,0.0
C1,1900,0.843222663187408,17.5,17.2,1,1.6,17.1875,12.0,4.0,22.0,1.0,30,1.0,0,0.0
C1,1901,0.7562160598796595,32.2,25.6,1,6.4,17.1875,28.0,16.0,22.0,1.0,30,2.0,0,0.0
C1,1902,0.750232241916635,32.7,26.4,1,6.0,17.1875,22.0,15.0,22.0,1.0,30,3.0,2,0.0
C1,1903,0.841486331264437,18.0,17.6,1,1.2,17.1875,6.0,3.0,22.0,1.0,30,2.0,1,0.0
C1,1904,0.843222663187408,17.7,17.5,1,1.6,17.1875,4.0,4.0,22.0,1.0,30,3.0,1,0.0
C1,1905,0.8551053220002116,17.7,17.3,1,4.4,17.1875,13.0,11.0,22.0,1.0,30,3.0,0,0.0
C1,1906,0.8583972924502834,17.7,17.3,1,5.2,17.1875,14.0,13.0,22.0,1.0,30,3.0,0,0.0
C1,1907,0.7622119447177791,17.8,17.3,1,3.2,17.1875,9.0,8.0,22.0,1.0,50,3.0,0,0.0
C1,1908,0.768857770442213,17.8,17.3,1,4.8,17.1875,13.0,12.0,22.0,1.0,50,3.0,0,0.0
C1,1909,0.757337347487159,17.8,17.4,1,2.0,17.1875,6.0,5.0,22.0,1.0,50,2.0,2,0.0
C1,1910,0.757337347487159,17.8,17.4,1,2.0,17.1875,6.0,5.0,22.0,1.0,50,2.0,1,0.0
C1,1911,0.5843320518572688,42.8,33.2,1,8.4,17.1875,30.0,21.0,22.0,1.0,50,3.0,0,0.0
C1,1912,0.758951238880883,18.1,17.3,1,2.4,17.1875,7.0,6.0,22.0,1.0,50,3.0,0,0.0
C1,1913,0.757337347487159,17.8,17.4,1,2.0,17.1875,6.0,5.0,22.0,1.0,50,3.0,2,0.0
C1,1914,0.7557347567600108,17.8,17.4,1,1.6,17.1875,12.0,4.0,22.0,1.0,50,1.0,0,0.0
C1,1915,0.757337347487159,18.3,17.5,1,2.0,17.1875,6.0,5.0,22.0,1.0,50,2.0,0,0.0
C1,1916,0.7739421805817983,17.7,17.3,1,6.0,17.1875,17.0,15.0,22.0,1.0,50,3.0,2,0.0
C1,1917,0.6720558415877227,32.599999999999994,25.4,1,8.0,17.1875,29.0,20.0,22.0,1.0,50,3.0,1,0.0
C1,1918,0.5371293494964153,49.8,42.3,1,11.6,17.1875,45.0,29.0,22.0,1.0,50,3.0,1,0.0
C1,1919,0.7605761873560926,17.7,17.3,1,2.8,17.1875,17.0,7.0,22.0,1.0,50,1.0,2,0.0
C1,1920,0.07868923088171023,139.2,88.9,1,20.8,17.1875,89.0,52.0,22.0,1.0,50,3.0,2,0.0
C1,1921,0.2155327977680388,63.5,42.5,1,6.8,17.1875,44.0,17.0,22.0,1.0,50,2.0,1,0.0
C1,1922,0.0418593238361052,126.9,76.0,1,5.2,17.1875,71.0,13.0,22.0,1.0,50,1.0,2,0.0
C1,1923,0.6089035512441092,40.4,32.599999999999994,1,9.2,17.1875,35.0,23.0,22.0,1.0,50,3.0,1,0.0
C1,1924,0.757337347487159,17.8,17.3,1,2.0,17.1875,6.0,5.0,22.0,1.0,50,3.0,2,0.0
C1,1925,-0.15856268498483644,208.3,113.19999999999999,1,8.4,17.1875,108.0,21.0,22.0,1.0,50,1.0,2,0.0
C1,1926,0.6413042835984797,43.8,32.7,1,3.2,17.1875,38.0,8.0,22.0,1.0,30,1.0,0,0.0
C1,1927,0.27740909686053405,74.39999999999999,43.8,1,7.6,17.1875,47.0,19.0,22.0,1.0,30,2.0,0,0.0
C1,1928,0.18308573548136045,119.6,70.8,1,14.8,17.1875,61.0,37.0,22.0,1.0,30,3.0,1,0.0
C1,1929,0.09902307742351915,140.4,90.80000000000001,1,6.4,17.1875,87.0,16.0,22.0,1.0,30,1.0,0,0.0
C1,1930,0.1779375838447608,117.2,71.1,1,11.2,17.1875,65.0,28.0,22.0,1.0,30,2.0,2,0.0
C1,1931,0.16473684210526318,135.4,84.0,1,20.4,17.1875,88.0,51.0,22.0,1.0,30,3.0,2,0.0
C1,1932,-0.013391422537634007,194.70000000000002,108.89999999999999,1,15.2,17.1875,114.0,38.0,22.0,1.0,30,2.0,2,0.0
C1,1933,0.11716206647803865,132.89999999999998,88.3,1,6.0,17.1875,80.0,15.0,22.0,1.0,30,1.0,1,0.0
C1,1934,0.5783284365275949,50.0,17.3,1,1.2,17.1875,4.0,3.0,22.0,1.0,30,2.0,0,0.0
C1,1935,0.8483776397808107,17.5,17.2,1,2.8,17.1875,11.0,7.0,22.0,1.0,30,2.0,0,0.0
C1,1936,0.11769567113820659,142.6,85.8,1,13.2,17.1875,85.0,33.0,22.0,1.0,30,2.0,1,0.0
C1,1937,0.7630935948420452,32.300000000000004,25.6,1,8.4,17.1875,26.0,21.0,22.0,1.0,30,3.0,0,0.0
C1,1938,0.7370556037421061,32.300000000000004,26.5,1,2.0,17.1875,20.0,5.0,22.0,1.0,30,1.0,1,0.0
C1,1939,0.6387285169737931,43.9,34.0,1,2.8,17.1875,38.0,7.0,22.0,1.0,30,1.0,2,0.0
C1,1940,0.8449503405842116,17.6,17.3,1,2.0,17.1875,5.0,5.0,22.0,1.0,30,3.0,0,0.0
C1,1941,0.17000723234679888,127.8,76.7,1,18.0,17.1875,76.0,45.0,22.0,1.0,30,3.0,2,0.0
C1,1942,0.047631578947368414,179.9,104.4,1,29.2,17.1875,111.0,73.0,22.0,1.0,30,3.0,1,0.0
C1,1943,0.12531996121488073,129.8,78.3,1,6.0,17.1875,74.0,15.0,22.0,1.0,30,1.0,1,0.0
C1,1944,0.1640114606118908,125.0,77.39999999999999,1,13.2,17.1875,76.0,33.0,22.0,1.0,30,2.0,0,0.0
C1,1945,0.1676612090413133,125.9,80.3,1,15.2,17.1875,71.0,38.0,22.0,1.0,30,3.0,1,0.0
C1,1946,0.16360613998943524,111.5,70.2,1,3.6,17.1875,63.0,9.0,22.0,1.0,30,1.0,1,0.0
C1,1947,0.34643806438764435,54.699999999999996,41.5,1,12.4,17.1875,47.0,31.0,22.0,1.0,30,3.0,2,0.0
C1,1948,0.14491014154680407,138.7,88.3,1,19.6,17.1875,88.0,49.0,22.0,1.0,30,3.0,0,0.0
C1,1949,0.20089479568442214,98.6,56.4,1,4.4,17.1875,57.0,11.0,22.0,1.0,30,1.0,1,0.0
C1,1950,0.6534130023056648,44.1,34.6,1,6.8,17.1875,38.0,17.0,22.0,1.0,30,2.0,0,0.0
C1,1951,0.06342105263157899,173.9,101.6,1,22.4,17.1875,94.0,56.0,22.0,1.0,30,3.0,1,0.0
C1,1952,0.20906771989422168,102.1,59.5,1,8.8,17.1875,54.0,22.0,22.0,1.0,30,2.0,0,0.0
C1,1953,0.6729846307258327,39.800000000000004,31.5,1,2.4,17.1875,32.0,6.0,22.0,1.0,30,1.0,1,0.0
C1,1954,0.6430581651428173,45.1,33.4,1,6.4,17.1875,32.0,16.0,22.0,1.0,30,2.0,0,0.0
C1,1955,0.8466688412521486,17.9,17.6,1,2.4,17.1875,19.0,6.0,22.0,1.0,30,1.0,2,0.0
C1,1956,-0.008684210526315739,201.3,111.4,1,24.8,17.1875,109.0,62.0,22.0,1.0,30,3.0,0,0.0
C1,1957,0.1564631862309947,124.3,76.0,1,10.4,17.1875,72.0,26.0,22.0,1.0,30,2.0,2,0.0
C1,1958,0.0706020247919402,151.2,97.0,1,6.4,17.1875,94.0,16.0,22.0,1.0,30,1.0,0,0.0
C1,1959,0.15763157894736846,138.1,85.8,1,20.4,17.1875,87.0,51.0,22.0,1.0,30,3.0,2,0.0
C1,1960,0.13716935534873295,135.2,85.1,1,13.2,17.1875,86.0,33.0,22.0,1.0,30,2.0,1,0.0
C1,1961,0.20333379265287949,111.0,65.0,1,14.0,17.1875,65.0,35.0,22.0,1.0,30,3.0,2,0.0
C1,1962,0.17384180680860395,126.7,79.2,1,18.4,17.1875,77.0,46.0,22.0,1.0,30,3.0,0,0.0
C1,1963,0.8449503405842116,17.8,17.6,1,2.0,17.1875,8.0,5.0,22.0,1.0,30,2.0,0,0.0
C1,1964,0.5765839711106497,50.0,17.5,1,0.8,17.1875,3.0,2.0,22.0,1.0,30,1.0,2,0.0
C1,1965,0.6488629984367329,43.7,33.9,1,4.8,17.1875,34.0,12.0,22.0,1.0,30,1.0,2,0.0
C1,1966,-0.01447368421052625,203.5,114.6,1,21.2,17.1875,125.0,53.0,22.0,1.0,30,2.0,2,0.0
C1,1967,0.00736842105263158,195.20000000000002,107.6,1,20.0,17.1875,144.0,50.0,22.0,1.0,30,2.0,0,0.0
C1,1968,-0.03061357576817303,199.9,112.9,1,14.0,17.1875,173.0,35.0,22.0,1.0,30,1.0,1,0.0
C1,1969,0.00957965588743287,186.4,106.89999999999999,1,15.6,17.1875,211.0,39.0,22.0,1.0,30,1.0,1,0.0
C1,1970,0.004210526315789553,196.39999999999998,112.60000000000001,1,30.4,17.1875,197.0,76.0,22.0,1.0,30,2.0,0,0.0
C1,1971,-0.010616174242669585,197.8,110.10000000000001,1,19.6,17.1875,239.0,49.0,22.0,1.0,30,1.0,0,0.0
C1,1972,0.008747331117930843,174.3,86.2,3,49.4,16.796875,312.0,247.0,43.0,1.0,30,3.0,1,0.0
C1,1973,0.2686802091892607,89.30000000000001,46.199999999999996,3,16.933332,16.666666,295.0,127.0,64.0,1.0,30,2.0,1,0.0
C1,1974,0.2701995577602808,91.30000000000001,45.699999999999996,3,19.866667,16.666666,235.0,149.0,64.0,1.0,30,3.0,2,0.0
C1,1975,0.26067551875746336,88.9,45.6,3,13.733334,16.666666,245.0,103.0,64.0,1.0,30,2.0,0,0.0
C1,1976,0.30026315789473684,83.9,43.7,3,21.333334,16.666666,246.0,160.0,64.0,1.0,30,3.0,1,0.0
C1,1977,0.6912960511487658,38.800000000000004,27.7,3,4.6666665,16.666666,59.0,35.0,64.0,1.0,30,2.0,2,0.0
C1,1978,0.8403242258135042,18.0,17.5,3,0.93333334,16.666666,7.0,7.0,64.0,1.0,30,2.0,0,0.0
C1,1979,0.5754167325544698,50.0,17.2,3,0.53333336,16.666666,3.0,4.0,64.0,1.0,30,3.0,0,0.0
C1,1980,0.839741865847492,17.8,17.2,3,0.8,16.666666,6.0,6.0,64.0,1.0,30,3.0,1,0.0
C1,1981,0.839741865847492,17.7,17.1,3,0.8,16.666666,17.0,6.0,64.0,1.0,30,1.0,1,0.0
C1,1982,0.559741865847492,50.0,17.4,1,0.8,16.796875,3.0,4.0,43.0,1.0,30,3.0,0,0.0
C1,1983,0.8449503405842116,17.8,17.4,1,2.0,17.1875,5.0,5.0,22.0,1.0,30,3.0,1,0.0
C1,1984,0.5765839711106497,50.0,17.6,1,0.8,17.1875,3.0,2.0,22.0,1.0,30,1.0,1,0.0
C1,1985,0.5783284365275949,50.0,17.5,1,1.2,17.1875,4.0,3.0,22.0,1.0,30,2.0,2,0.0
C1,1986,0.29686592362831427,69.3,43.8,1,9.2,17.1875,43.0,23.0,22.0,1.0,30,3.0,2,0.0
C1,1987,0.843222663187408,18.0,17.5,1,1.6,17.1875,6.0,4.0,22.0,1.0,30,2.0,1,0.0
C1,1988,0.5765839711106497,50.0,17.6,1,0.8,17.1875,2.0,2.0,22.0,1.0,30,3.0,2,0.0
C1,1989,0.843222663187408,17.9,17.4,1,1.6,17.1875,6.0,4.0,22.0,1.0,30,2.0,1,0.0
C1,1990,0.5748318922081663,50.0,17.3,1,0.4,17.1875,3.0,1.0,22.0,1.0,30,1.0,1,0.0
C1,1991,0.8466688412521486,18.3,17.4,1,2.4,17.1875,18.0,6.0,22.0,1.0,30,1.0,1,0.0
C1,1992,0.8466688412521486,17.9,17.5,1,2.4,17.1875,10.0,6.0,22.0,1.0,30,2.0,2,0.0
C1,1993,0.5765839711106497,50.0,17.3,1,0.8,17.1875,4.0,2.0,22.0,1.0,30,2.0,1,0.0
C1,1994,0.5748318922081663,50.0,17.5,1,0.4,17.1875,1.0,1.0,22.0,1.0,30,2.0,1,0.0
C1,1995,0.8483776397808107,18.0,17.5,1,2.8,17.1875,8.0,7.0,22.0,1.0,30,3.0,1,0.0
C1,1996,0.8483776397808107,18.1,17.5,1,2.8,17.1875,12.0,7.0,22.0,1.0,30,2.0,1,0.0
C1,1997,0.8449503405842116,17.8,17.5,1,2.0,17.1875,8.0,5.0,22.0,1.0,30,2.0,2,0.0
C1,1998,0.5765839711106497,50.0,17.5,1,0.8,17.1875,5.0,2.0,22.0,1.0,30,1.0,1,0.0
C1,1999,0.5765839711106497,50.0,17.3,1,0.8,17.1875,2.0,2.0,22.0,1.0,30,1.0,2,0.0
C1,2000,0.5765839711106497,50.0,17.3,1,0.8,17.1875,2.0,2.0,22.0,1.0,30,1.0,0,0.0
C1,2001,0.018157894736842095,191.1,107.6,1,23.2,17.1875,148.0,58.0,22.0,1.0,30,2.0,0,0.0
C1,2002,0.09660242016075296,140.1,92.0,1,5.6,17.1875,83.0,14.0,22.0,1.0,30,1.0,2,0.0
C1,2003,-0.014999999999999958,203.7,111.8,1,24.4,17.1875,104.0,61.0,22.0,1.0,30,3.0,1,0.0
C1,2004,0.13078976096990322,138.1,86.4,1,13.6,17.1875,84.0,34.0,22.0,1.0,30,2.0,1,0.0
C1,2005,0.20081910377815543,113.3,66.8,1,15.2,17.1875,67.0,38.0,22.0,1.0,30,3.0,0,0.0
C1,2006,0.0679589095368752,162.89999999999998,99.1,1,14.4,17.1875,94.0,36.0,22.0,1.0,30,2.0,1,0.0
C1,2007,0.17096771136878247,126.3,78.7,1,16.8,17.1875,79.0,42.0,22.0,1.0,30,3.0,0,0.0
C1,2008,0.16643806438764436,123.1,77.10000000000001,1,12.4,17.1875,77.0,31.0,22.0,1.0,30,2.0,2,0.0
C1,2009,-0.02916985050788687,190.89999999999998,103.1,1,7.6,17.1875,94.0,19.0,22.0,1.0,30,1.0,1,0.0
C1,2010,0.8483776397808107,17.7,17.4,1,2.8,17.1875,8.0,7.0,22.0,1.0,30,3.0,0,0.0
C1,2011,0.21729035051575102,91.1,54.800000000000004,1,3.6,17.1875,53.0,9.0,22.0,1.0,30,1.0,1,0.0
C1,2012,0.8600234727923319,17.7,17.3,1,5.6,17.1875,15.0,14.0,22.0,1.0,30,3.0,2,0.0
C1,2013,-0.014699002903628522,188.79999999999998,107.1,1,10.0,17.1875,134.0,25.0,22.0,1.0,30,1.0,2,0.0
C1,2014,-0.04946333786439744,128.8,79.39999999999999,1,17.2,17.96875,78.0,43.0,23.0,1.0,90,3.0,2,0.0
C1,2015,0.5522344167521563,32.800000000000004,26.5,1,2.0,17.1875,20.0,5.0,22.0,1.0,90,1.0,2,0.0
C1,2016,-0.19864601832698703,180.10000000000002,101.1,1,7.6,17.1875,95.0,19.0,22.0,1.0,90,1.0,1,0.0
C1,2017,-0.1931211327497669,196.0,109.39999999999999,1,30.8,17.1875,132.0,77.0,22.0,1.0,90,3.0,2,0.0
C1,2018,-0.06582045294063543,128.8,74.89999999999999,1,5.6,17.1875,72.0,14.0,22.0,1.0,90,1.0,1,0.0
C1,2019,0.09655476241544989,68.1,42.7,1,8.0,17.1875,44.0,20.0,22.0,1.0,90,2.0,2,0.0
C1,2020,-0.07755138409386841,135.2,85.6,1,10.0,17.1875,83.0,25.0,22.0,1.0,90,2.0,1,0.0
C1,2021,0.4709153851817849,42.7,33.4,1,7.6,17.1875,37.0,19.0,22.0,1.0,90,2.0,1,0.0
C1,2022,-0.04519271426397728,126.9,80.69999999999999,1,16.8,17.1875,77.0,42.0,22.0,1.0,90,3.0,0,0.0
C1,2023,-0.09538089673049538,142.8,85.6,1,11.6,17.1875,81.0,29.0,22.0,1.0,90,2.0,0,0.0
C1,2024,-0.02107844899899855,111.19999999999999,61.9,1,4.0,17.1875,59.0,10.0,22.0,1.0,90,1.0,1,0.0
C1,2025,-0.08616772192755165,145.8,91.1,1,21.2,17.1875,91.0,53.0,22.0,1.0,90,3.0,1,0.0
C1,2026,-0.131042096963374,162.20000000000002,96.4,1,20.4,17.1875,91.0,51.0,22.0,1.0,90,3.0,2,0.0
C1,2027,0.6670591094997571,17.8,17.3,1,4.8,17.1875,18.0,12.0,22.0,1.0,90,2.0,0,0.0
C1,2028,-0.20702629637873576,192.39999999999998,109.2,1,22.0,17.1875,104.0,55.0,22.0,1.0,90,3.0,2,0.0
C1,2029,-0.07639233503722534,134.0,84.2,1,8.4,17.1875,81.0,21.0,22.0,1.0,90,1.0,2,0.0
C1,2030,-0.18857703478210536,192.89999999999998,109.5,1,29.6,17.1875,137.0,74.0,22.0,1.0,90,3.0,1,0.0
C1,2031,-0.22883484041280894,193.3,110.8,1,11.2,17.1875,154.0,28.0,22.0,1.0,90,1.0,2,0.0
C1,2032,0.4604497702259326,44.0,34.2,1,8.4,17.1875,30.0,21.0,22.0,1.0,90,3.0,2,0.0
C1,2033,-0.22270230984406197,188.9,95.69999999999999,1,6.8,17.1875,90.0,17.0,22.0,1.0,90,1.0,1,0.0
C1,2034,-0.08488747199175634,138.6,88.4,1,11.2,17.1875,89.0,28.0,22.0,1.0,90,2.0,0,0.0
C1,2035,-0.10007356058426517,144.8,91.7,1,12.0,17.1875,91.0,30.0,22.0,1.0,90,2.0,1,0.0
C1,2036,-0.22757327500029906,194.39999999999998,111.3,1,14.0,17.1875,162.0,35.0,22.0,1.0,90,1.0,0,0.0
C1,2037,-0.06594010357070368,131.39999999999998,85.6,1,11.2,17.1875,75.0,28.0,22.0,1.0,90,2.0,1,0.0
C1,2038,-0.015172370088497339,111.9,68.9,1,10.8,17.1875,62.0,27.0,22.0,1.0,90,2.0,0,0.0
C1,2039,-0.040676945675966886,121.80000000000001,73.89999999999999,1,11.2,17.1875,79.0,28.0,22.0,1.0,90,2.0,0,0.0
C1,2040,-0.07862590657924648,137.8,84.7,1,14.0,17.1875,88.0,35.0,22.0,1.0,90,2.0,1,0.0
C1,2041,-0.18559704668616722,174.8,96.19999999999999,1,6.8,17.1875,97.0,17.0,22.0,1.0,90,1.0,1,0.0
C1,2042,0.04260576152731724,87.0,42.3,1,4.0,17.1875,44.0,10.0,22.0,1.0,90,1.0,0,0.0
C1,2043,-0.20751858890816532,194.0,107.5,1,23.6,17.1875,111.0,59.0,22.0,1.0,90,3.0,1,0.0
C1,2044,-0.19428096589620314,184.4,104.0,1,18.0,17.1875,134.0,45.0,22.0,1.0,90,2.0,0,0.0
C1,2045,-0.06601443937961865,129.70000000000002,87.9,1,7.6,17.1875,75.0,19.0,22.0,1.0,90,1.0,1,0.0
C1,2046,-0.22693125527195085,205.3,111.8,1,27.6,17.1875,125.0,69.0,22.0,1.0,90,3.0,0,0.0
C1,2047,-0.23649889131378354,195.8,107.7,1,10.4,17.1875,124.0,26.0,22.0,1.0,90,1.0,1,0.0
C1,2048,0.5541517104744899,32.7,25.6,1,3.2,17.1875,29.0,8.0,22.0,1.0,90,1.0,0,0.0
C1,2049,-0.233310609002984,193.1,108.0,1,7.2,17.1875,104.0,18.0,22.0,1.0,90,1.0,0,0.0
C1,2050,0.13155476241544986,54.800000000000004,44.3,1,8.0,17.1875,45.0,20.0,22.0,1.0,90,2.0,1,0.0
C1,2051,-0.24601443937961864,198.1,105.5,1,7.6,17.1875,107.0,19.0,22.0,1.0,90,1.0,0,0.0
C1,2052,-0.0319617366743675,121.6,75.80000000000001,1,16.4,17.1875,71.0,41.0,22.0,1.0,90,3.0,2,0.0
C1,2053,-0.22348680423446993,199.0,112.0,1,22.4,17.1875,148.0,56.0,22.0,1.0,90,2.0,0,0.0
C1,2054,-0.02782429321134569,120.3,77.5,1,16.8,17.1875,70.0,42.0,22.0,1.0,90,3.0,0,0.0
C1,2055,-0.2034868042344698,191.39999999999998,107.89999999999999,1,22.4,17.1875,109.0,56.0,22.0,1.0,90,3.0,1,0.0
C1,2056,-0.19328808900338934,195.6,110.0,1,30.4,17.1875,134.0,76.0,22.0,1.0,90,3.0,2,0.0
C1,2057,0.10128997205363302,64.69999999999999,43.6,1,4.0,17.1875,45.0,10.0,22.0,1.0,90,1.0,2,0.0
C1,2058,0.4700169884015521,42.7,33.0,1,6.8,17.1875,31.0,17.0,22.0,1.0,90,2.0,0,0.0
C1,2059,-0.224330157726999,194.70000000000002,111.8,1,16.4,17.1875,103.0,41.0,22.0,1.0,90,2.0,0,0.0
C1,2060,-0.22111838318183835,198.1,109.89999999999999,1,22.4,17.1875,104.0,56.0,22.0,1.0,90,3.0,1,0.0
C1,2061,0.01473684210526327,192.39999999999998,107.7,1,88.4,17.1875,611.0,221.0,22.0,1.0,90,2.0,0,0.0
C1,2062,0.18342105263157898,121.89999999999999,60.400000000000006,3,22.8,16.666666,258.0,171.0,64.0,1.0,30,3.0,1,0.0
C1,2063,0.6831555197968526,38.9,26.3,3,2.9333334,16.666666,43.0,22.0,64.0,1.0,30,2.0,1,0.0
C1,2064,0.2556025292125149,75.89999999999999,43.0,3,3.2,16.666666,106.0,24.0,64.0,1.0,30,1.0,2,0.0
C1,2065,0.59399167486853,49.0,31.2,3,2.8,16.666666,69.0,21.0,64.0,1.0,30,1.0,0,0.0
C1,2066,0.21548290293870545,90.5,42.9,3,2.8,16.666666,93.0,21.0,64.0,1.0,30,1.0,2,0.0
C1,2067,0.6257991224455756,44.8,31.4,2,3.6,16.666666,56.0,27.0,64.0,1.0,30,2.0,2,0.0
C1,2068,0.1357897609699032,133.0,77.8,1,13.6,17.1875,83.0,34.0,22.0,1.0,30,2.0,1,0.0
C1,2069,-0.23665014303822074,201.7,111.5,1,19.6,17.1875,137.0,49.0,22.0,1.0,90,2.0,2,0.0
C1,2070,-0.20782245952456058,191.70000000000002,109.60000000000001,1,20.8,17.1875,140.0,52.0,22.0,1.0,90,2.0,2,0.0
C1,2071,-0.010589086488286215,106.80000000000001,58.8,1,2.8,17.1875,50.0,7.0,22.0,1.0,90,1.0,0,0.0
C1,2072,0.49589803352333006,39.699999999999996,33.0,1,6.4,17.1875,39.0,16.0,22.0,1.0,90,2.0,1,0.0
C1,2073,-0.04241457471076909,119.6,72.9,1,4.8,17.1875,60.0,12.0,22.0,1.0,90,1.0,1,0.0
C1,2074,-0.007594650714846607,111.3,68.7,1,14.8,17.1875,61.0,37.0,22.0,1.0,90,3.0,2,0.0
C1,2075,-0.19727735919205003,180.5,108.7,1,9.6,17.1875,120.0,24.0,22.0,1.0,90,1.0,2,0.0
C1,2076,0.023776102077268102,183.0,102.2,1,17.6,17.1875,113.0,44.0,22.0,1.0,30,2.0,1,0.0
C1,2077,-0.04259090313946598,196.0,112.10000000000001,1,7.6,17.1875,110.0,19.0,22.0,1.0,30,1.0,0,0.0
C1,2078,0.21321469805698598,96.4,57.0,1,6.0,17.1875,51.0,15.0,22.0,1.0,30,1.0,2,0.0
C1,2079,0.007541720494172566,190.89999999999998,105.39999999999999,1,19.6,17.1875,134.0,49.0,22.0,1.0,30,2.0,1,0.0
C1,2080,-0.03377544705884733,195.5,112.0,1,9.6,17.1875,132.0,24.0,22.0,1.0,30,1.0,0,0.0
C1,2081,0.02789473684210525,187.4,106.1,1,28.0,17.1875,124.0,70.0,22.0,1.0,30,3.0,2,0.0
C1,2082,0.7484778559517229,32.9,26.700000000000003,1,6.0,17.1875,27.0,15.0,22.0,1.0,30,2.0,0,0.0
C1,2083,0.22730412115783472,94.60000000000001,49.3,1,8.4,17.1875,43.0,21.0,22.0,1.0,30,2.0,2,0.0
C1,2084,0.7503743499853144,32.5,26.3,1,5.6,17.1875,28.0,14.0,22.0,1.0,30,2.0,1,0.0
C1,2085,0.22984216410547476,87.6,48.4,1,4.4,17.1875,44.0,11.0,22.0,1.0,30,1.0,0,0.0
C1,2086,0.6625676780142793,44.1,33.099999999999994,1,9.2,17.1875,36.0,23.0,22.0,1.0,30,3.0,1,0.0
C1,2087,0.2774112680552871,79.39999999999999,46.800000000000004,1,11.2,17.1875,44.0,28.0,22.0,1.0,30,3.0,0,0.0
C1,2088,0.7600406758079024,32.300000000000004,25.7,1,7.6,17.1875,26.0,19.0,22.0,1.0,30,3.0,1,0.0
C1,2089,0.27351198409763045,81.4,48.099999999999994,1,11.6,17.1875,42.0,29.0,22.0,1.0,30,3.0,2,0.0
C1,2090,0.7604620158946769,32.599999999999994,25.5,1,8.4,17.1875,29.0,21.0,22.0,1.0,30,3.0,1,0.0
C1,2091,0.22453777640136446,102.0,58.0,1,13.2,17.1875,56.0,33.0,22.0,1.0,30,3.0,2,0.0
C1,2092,0.6582033525594357,33.0,26.0,1,5.6,17.1875,26.0,14.0,22.0,1.0,50,2.0,0,0.0
C1,2093,0.15189197682977684,81.3,45.900000000000006,1,2.8,17.1875,41.0,7.0,22.0,1.0,50,1.0,2,0.0
C1,2094,0.673810227552635,32.4,25.7,1,8.0,17.1875,29.0,20.0,22.0,1.0,50,3.0,1,0.0
C1,2095,0.18395385039961776,75.5,43.5,1,6.8,17.1875,42.0,17.0,22.0,1.0,50,2.0,2,0.0
C1,2096,0.5616193541577257,44.4,34.1,1,6.4,17.1875,33.0,16.0,22.0,1.0,50,2.0,2,0.0
C1,2097,0.2367529877382034,50.3,40.4,1,3.6,17.1875,44.0,9.0,22.0,1.0,50,1.0,0,0.0
C1,2098,0.673810227552635,32.4,25.6,1,8.0,17.1875,26.0,20.0,22.0,1.0,50,3.0,2,0.0
C1,2099,0.20958548984729242,73.80000000000001,42.1,1,11.6,17.1875,45.0,29.0,22.0,1.0,50,3.0,1,0.0
C1,2100,0.5430323277069697,44.8,34.7,1,2.8,17.1875,31.0,7.0,22.0,1.0,50,1.0,0,0.0
C1,2101,0.11647165421655814,101.8,56.800000000000004,1,7.2,17.1875,52.0,18.0,22.0,1.0,50,2.0,1,0.0
C1,2102,0.6474182926192504,32.9,27.599999999999998,1,2.8,17.1875,28.0,7.0,22.0,1.0,50,1.0,2,0.0
C1,2103,0.21347067890787932,65.60000000000001,43.6,1,7.6,17.1875,44.0,19.0,22.0,1.0,50,2.0,2,0.0
C1,2104,0.5096989943736365,48.599999999999994,35.6,1,2.8,17.1875,31.0,7.0,22.0,1.0,50,1.0,0,0.0
C1,2105,0.1893223319525556,81.5,46.4,1,11.6,17.1875,43.0,29.0,22.0,1.0,50,3.0,2,0.0
C1,2106,0.1683314546527394,78.2,42.6,1,4.8,17.1875,41.0,12.0,22.0,1.0,50,1.0,0,0.0
C1,2107,0.17038468343621616,83.3,47.1,1,8.4,17.1875,46.0,21.0,22.0,1.0,50,2.0,1,0.0
C1,2108,0.6624965471401818,32.9,26.700000000000003,1,6.4,17.1875,27.0,16.0,22.0,1.0,50,2.0,2,0.0
C1,2109,0.12393589438922976,93.8,54.9,1,4.0,17.1875,51.0,10.0,22.0,1.0,50,1.0,0,0.0
C1,2110,0.6608349315068043,32.7,25.9,1,5.6,17.1875,27.0,14.0,22.0,1.0,50,2.0,2,0.0
C1,2111,0.08710007531864042,111.0,66.10000000000001,1,6.0,17.1875,68.0,15.0,22.0,1.0,50,1.0,2,0.0
C1,2112,0.582644989723647,44.0,33.5,1,10.4,17.1875,36.0,26.0,22.0,1.0,50,3.0,1,0.0
C1,2113,0.1511288106907985,84.1,45.1,1,4.4,17.1875,44.0,11.0,22.0,1.0,50,1.0,2,0.0
C1,2114,0.5402821201563756,45.3,33.9,1,3.2,17.1875,31.0,8.0,22.0,1.0,50,1.0,2,0.0
C1,2115,0.2693223319525556,51.1,41.7,1,11.6,17.1875,48.0,29.0,22.0,1.0,50,3.0,2,0.0
C1,2116,0.5887611642218549,43.1,32.599999999999994,1,10.0,17.1875,36.0,25.0,22.0,1.0,50,3.0,1,0.0
C1,2117,0.21721706879466085,70.9,43.0,1,11.6,17.1875,45.0,29.0,22.0,1.0,50,3.0,2,0.0
C1,2118,0.5852765686710153,43.7,34.7,1,10.4,17.1875,36.0,26.0,22.0,1.0,50,3.0,0,0.0
C1,2119,0.162644989723647,89.6,44.900000000000006,1,10.4,17.1875,45.0,26.0,22.0,1.0,50,3.0,1,0.0
C1,2120,0.650927064549075,32.5,25.4,1,2.8,17.1875,25.0,7.0,22.0,1.0,50,1.0,2,0.0
C1,2121,0.018947368421052713,190.8,108.5,1,48.0,17.1875,659.0,120.0,22.0,1.0,50,1.0,1,0.0
C1,2122,-0.10551135113948665,199.7,113.8,1,15.2,17.1875,102.0,38.0,22.0,1.0,50,2.0,1,0.0
C1,2123,0.2507959556627757,50.1,41.4,1,6.8,17.1875,43.0,17.0,22.0,1.0,50,2.0,0,0.0
C1,2124,0.5685526740511269,45.0,34.4,1,9.2,17.1875,32.0,23.0,22.0,1.0,50,3.0,0,0.0
C1,2125,0.17972536807344028,72.6,43.9,1,4.0,17.1875,42.0,10.0,22.0,1.0,50,1.0,1,0.0
C1,2126,0.5729889381189159,43.3,33.6,1,6.8,17.1875,32.0,17.0,22.0,1.0,50,2.0,0,0.0
C1,2127,0.11468742053509112,103.8,56.7,1,8.0,17.1875,50.0,20.0,22.0,1.0,50,2.0,0,0.0
C1,2128,0.6456639066543381,33.099999999999994,25.9,1,2.8,17.1875,26.0,7.0,22.0,1.0,50,1.0,2,0.0
C1,2129,0.23011180563676611,66.0,43.2,1,11.6,17.1875,42.0,29.0,22.0,1.0,50,3.0,0,0.0
C1,2130,0.5791649765801417,44.6,34.3,1,10.8,17.1875,38.0,27.0,22.0,1.0,50,3.0,2,0.0
C1,2131,0.10025168386291397,102.8,56.099999999999994,1,4.0,17.1875,52.0,10.0,22.0,1.0,50,1.0,1,0.0
C1,2132,0.576447410893232,44.1,33.9,1,9.2,17.1875,32.0,23.0,22.0,1.0,50,3.0,2,0.0
C1,2133,0.10817511330978942,101.7,57.4,1,5.2,17.1875,55.0,13.0,22.0,1.0,50,1.0,2,0.0
C1,2134,0.5404007487596014,45.1,33.5,1,2.8,17.1875,31.0,7.0,22.0,1.0,50,1.0,0,0.0
C1,2135,0.2048009832745355,76.30000000000001,44.699999999999996,1,12.0,17.1875,46.0,30.0,22.0,1.0,50,3.0,0,0.0
C1,2136,0.2018615154998184,78.10000000000001,44.5,1,12.4,17.1875,48.0,31.0,22.0,1.0,50,3.0,2,0.0
C1,2137,0.19333193510662447,66.8,41.8,1,3.6,17.1875,48.0,9.0,22.0,1.0,50,1.0,1,0.0
C1,2138,0.5942277448887368,40.099999999999994,34.3,1,5.2,17.1875,30.0,13.0,22.0,1.0,50,2.0,1,0.0
C1,2139,0.08912092833694998,108.3,57.5,1,4.8,17.1875,53.0,12.0,22.0,1.0,50,1.0,2,0.0
C1,2140,0.599559524828178,39.300000000000004,32.0,1,4.8,17.1875,31.0,12.0,22.0,1.0,50,2.0,0,0.0
C1,2141,0.15048249861253032,92.2,54.1,1,9.2,17.1875,54.0,23.0,22.0,1.0,50,2.0,2,0.0
C1,2142,0.5613347517353229,42.9,32.800000000000004,1,3.2,17.1875,39.0,8.0,22.0,1.0,50,1.0,0,0.0
C1,2143,0.26501341077627855,50.7,41.300000000000004,1,10.4,17.1875,44.0,26.0,22.0,1.0,50,3.0,0,0.0
C1,2144,0.5626487975203157,43.7,33.300000000000004,1,5.2,17.1875,31.0,13.0,22.0,1.0,50,2.0,1,0.0
C1,2145,0.11070035615925607,98.19999999999999,53.699999999999996,1,3.6,17.1875,53.0,9.0,22.0,1.0,50,1.0,0,0.0
C1,2146,0.566047443739693,43.7,32.5,1,6.0,17.1875,32.0,15.0,22.0,1.0,50,2.0,2,0.0
C1,2147,0.17879089208620014,71.7,43.6,1,3.2,17.1875,43.0,8.0,22.0,1.0,50,1.0,1,0.0
C1,2148,0.5790708869450455,43.6,32.9,1,8.8,17.1875,34.0,22.0,22.0,1.0,50,3.0,1,0.0
C1,2149,0.12045275520520854,61.0,43.6,1,12.0,17.1875,45.0,30.0,22.0,1.0,90,3.0,0,0.0
C1,2150,0.5603850157827113,32.300000000000004,26.700000000000003,1,6.0,17.1875,29.0,15.0,22.0,1.0,90,2.0,0,0.0
C1,2151,0.014618096922055762,99.6,66.0,1,8.8,17.1875,61.0,22.0,22.0,1.0,90,2.0,1,0.0
C1,2152,0.5506429385446654,33.099999999999994,26.3,1,3.2,17.1875,28.0,8.0,22.0,1.0,90,1.0,0,0.0
C1,2153,0.053344507068037825,84.7,44.2,1,8.4,17.1875,46.0,21.0,22.0,1.0,90,2.0,1,0.0
C1,2154,0.4610559741412833,44.1,33.7,1,9.6,17.1875,34.0,24.0,22.0,1.0,90,3.0,2,0.0
C1,2155,0.0961630752075423,67.9,44.8,1,7.2,17.1875,45.0,18.0,22.0,1.0,90,2.0,0,0.0
C1,2156,0.4189215510010014,48.2,36.2,1,4.0,17.1875,37.0,10.0,22.0,1.0,90,1.0,0,0.0
C1,2157,0.0036600255733445775,103.4,53.8,1,8.0,17.1875,54.0,20.0,22.0,1.0,90,2.0,0,0.0
C1,2158,0.5532745174920337,32.800000000000004,26.200000000000003,1,3.2,17.1875,28.0,8.0,22.0,1.0,90,1.0,2,0.0
C1,2159,0.08113268763358478,75.1,44.8,1,10.4,17.1875,42.0,26.0,22.0,1.0,90,3.0,1,0.0
C1,2160,0.46564817367744815,43.1,33.300000000000004,1,6.0,17.1875,35.0,15.0,22.0,1.0,90,2.0,0,0.0
C1,2161,0.04977503430459189,85.7,45.400000000000006,1,7.6,17.1875,47.0,19.0,22.0,1.0,90,2.0,0,0.0
C1,2162,0.5616875072075405,32.2,24.9,1,6.4,17.1875,24.0,16.0,22.0,1.0,90,3.0,0,0.0
C1,2163,0.01550836013802101,101.1,57.3,1,12.4,17.1875,54.0,31.0,22.0,1.0,90,3.0,1,0.0
C1,2164,0.4606552096853656,43.4,32.7,1,3.6,17.1875,30.0,9.0,22.0,1.0,90,1.0,2,0.0
C1,2165,0.11707944573784353,58.7,40.9,1,4.0,17.1875,45.0,10.0,22.0,1.0,90,1.0,2,0.0
C1,2166,0.14588053554479205,50.1,41.099999999999994,1,9.6,17.1875,40.0,24.0,22.0,1.0,90,3.0,1,0.0
C1,2167,0.08023734047468564,72.7,42.2,1,4.0,17.1875,43.0,10.0,22.0,1.0,90,1.0,1,0.0
C1,2168,0.4553920517906288,44.0,34.2,1,3.6,17.1875,30.0,9.0,22.0,1.0,90,1.0,1,0.0
C1,2169,0.037932929041433985,90.2,59.1,1,7.6,17.1875,50.0,19.0,22.0,1.0,90,2.0,1,0.0
C1,2170,0.5488885525797531,33.300000000000004,25.4,1,3.2,17.1875,27.0,8.0,22.0,1.0,90,1.0,2,0.0
C1,2171,0.0378705518891341,90.39999999999999,52.0,1,8.0,17.1875,51.0,20.0,22.0,1.0,90,2.0,1,0.0
C1,2172,0.5582146347786627,32.5,25.9,1,5.6,17.1875,27.0,14.0,22.0,1.0,90,2.0,2,0.0
C1,2173,0.07956490933529187,73.1,41.300000000000004,1,4.4,17.1875,48.0,11.0,22.0,1.0,90,1.0,0,0.0
C1,2174,0.4463499280634131,45.3,34.0,1,6.0,17.1875,30.0,15.0,22.0,1.0,90,2.0,2,0.0
C1,2175,0.007660482404314495,100.0,54.800000000000004,1,3.2,17.1875,51.0,8.0,22.0,1.0,90,1.0,2,0.0
C1,2176,0.03458412783912125,91.30000000000001,45.5,1,7.2,17.1875,43.0,18.0,22.0,1.0,90,2.0,0,0.0
C1,2177,0.11381310442220771,59.8,43.5,1,3.6,17.1875,49.0,9.0,22.0,1.0,90,1.0,2,0.0
C1,2178,0.46244861590613157,44.0,33.099999999999994,1,10.0,17.1875,35.0,25.0,22.0,1.0,90,3.0,2,0.0
C1,2179,0.1288708228575115,56.0,42.9,1,8.4,17.1875,48.0,21.0,22.0,1.0,90,2.0,1,0.0
C1,2180,0.4539163425360908,44.8,35.4,1,8.8,17.1875,31.0,22.0,22.0,1.0,90,3.0,0,0.0
C1,2181,-0.07216568910499921,188.4,107.89999999999999,1,56.0,17.1875,258.0,140.0,22.0,1.0,90,3.0,1,0.0
C1,2182,-0.17386893120051666,183.9,108.5,1,26.4,17.1875,168.0,66.0,22.0,1.0,90,2.0,0,0.0
C1,2183,0.07777599165889787,75.6,50.5,1,8.8,17.1875,50.0,22.0,22.0,1.0,90,2.0,0,0.0
C1,2184,0.45327451749203373,44.2,32.599999999999994,1,3.2,17.1875,33.0,8.0,22.0,1.0,90,1.0,2,0.0
C1,2185,0.19659835760508154,80.10000000000001,44.0,1,12.4,17.1875,46.0,31.0,22.0,1.0,50,3.0,2,0.0
C1,2186,0.5799892343972934,44.1,33.7,1,10.0,17.1875,38.0,25.0,22.0,1.0,50,3.0,1,0.0
C1,2187,0.1222333892454449,98.3,57.0,1,6.4,17.1875,51.0,16.0,22.0,1.0,50,2.0,2,0.0
C1,2188,0.5499312429633931,44.2,33.8,1,3.2,17.1875,33.0,8.0,22.0,1.0,50,1.0,0,0.0
C1,2189,0.18748022668939773,82.19999999999999,45.400000000000006,1,11.6,17.1875,45.0,29.0,22.0,1.0,50,3.0,1,0.0
C1,2190,0.5817105687879689,43.5,33.8,1,9.2,17.1875,34.0,23.0,22.0,1.0,50,3.0,2,0.0
C1,2191,0.03366625487486308,94.2,54.699999999999996,1,12.4,17.1875,55.0,31.0,22.0,1.0,90,3.0,1,0.0
C1,2192,0.4635654653431084,43.7,33.7,1,8.8,17.1875,31.0,22.0,22.0,1.0,90,3.0,0,0.0
C1,2193,0.044718886453810475,90.0,46.300000000000004,1,12.4,17.1875,48.0,31.0,22.0,1.0,90,3.0,2,0.0
C1,2194,0.45997581504702884,44.0,33.2,1,8.0,17.1875,32.0,20.0,22.0,1.0,90,3.0,1,0.0
C1,2195,0.09834749204731379,69.4,44.4,1,12.0,17.1875,47.0,30.0,22.0,1.0,90,3.0,0,0.0
C1,2196,0.12430158817637099,58.3,42.5,1,9.6,17.1875,49.0,24.0,22.0,1.0,90,2.0,0,0.0
C1,2197,0.008916389164627683,100.4,61.400000000000006,1,5.6,17.1875,55.0,14.0,22.0,1.0,90,1.0,2,0.0
C1,2198,0.4527604728432604,44.3,33.8,1,3.6,17.1875,33.0,9.0,22.0,1.0,90,1.0,1,0.0
C1,2199,0.02988226116424146,95.2,58.7,1,11.6,17.1875,53.0,29.0,22.0,1.0,90,3.0,2,0.0
C1,2200,0.4680735180009324,43.3,32.800000000000004,1,9.6,17.1875,34.0,24.0,22.0,1.0,90,3.0,1,0.0
C1,2201,0.0014068513342657407,105.0,64.69999999999999,1,9.6,17.1875,61.0,24.0,22.0,1.0,90,2.0,2,0.0
C1,2202,0.6582862898429902,43.9,34.8,1,7.6,17.1875,38.0,19.0,22.0,1.0,30,2.0,2,0.0
C1,2203,0.27801508831527433,75.89999999999999,46.1,1,8.8,17.1875,49.0,22.0,22.0,1.0,30,2.0,2,0.0
C1,2204,0.6930581651428174,39.4,32.5,1,6.4,17.1875,35.0,16.0,22.0,1.0,30,2.0,1,0.0
C1,2205,0.21107644994410374,101.9,55.4,1,9.2,17.1875,54.0,23.0,22.0,1.0,30,2.0,1,0.0
C1,2206,0.33999669298202717,51.2,42.1,1,8.0,17.1875,47.0,20.0,22.0,1.0,30,2.0,0,0.0
C1,2207,0.2297106335873561,97.0,55.9,1,10.8,17.1875,52.0,27.0,22.0,1.0,30,3.0,0,0.0
C1,2208,0.6043956136736457,48.2,33.4,1,3.6,17.1875,35.0,9.0,22.0,1.0,30,1.0,0,0.0
C1,2209,0.22192177423548926,94.3,58.3,1,6.8,17.1875,50.0,17.0,22.0,1.0,30,2.0,1,0.0
C1,2210,0.6736199106315188,42.5,32.7,1,8.4,17.1875,33.0,21.0,22.0,1.0,30,3.0,0,0.0
C1,2211,0.19608226167289228,115.1,71.5,1,15.2,17.1875,66.0,38.0,22.0,1.0,30,3.0,1,0.0
C1,2212,0.6546210809678368,45.5,33.4,1,10.4,17.1875,35.0,26.0,22.0,1.0,30,3.0,2,0.0
C1,2213,0.213538615618403,104.7,59.4,1,12.0,17.1875,50.0,30.0,22.0,1.0,30,3.0,2,0.0
C1,2214,0.6894833329718912,38.5,31.9,1,3.6,17.1875,35.0,9.0,22.0,1.0,30,1.0,0,0.0
C1,2215,0.21783043694730844,98.19999999999999,54.699999999999996,1,8.4,17.1875,54.0,21.0,22.0,1.0,30,2.0,2,0.0
C1,2216,0.28293758384476075,77.3,44.4,1,11.2,17.1875,46.0,28.0,22.0,1.0,30,3.0,1,0.0
C1,2217,0.17938931422620666,107.39999999999999,57.9,1,4.8,17.1875,57.0,12.0,22.0,1.0,30,1.0,2,0.0
C1,2218,0.6816551607914623,39.199999999999996,31.8,1,3.2,17.1875,39.0,8.0,22.0,1.0,30,1.0,2,0.0
C1,2219,0.2348544050920872,96.60000000000001,59.1,1,12.0,17.1875,50.0,30.0,22.0,1.0,30,3.0,1,0.0
C1,2220,0.2450406758079025,86.7,47.7,1,7.6,17.1875,40.0,19.0,22.0,1.0,30,2.0,2,0.0
C1,2221,0.16821469805698597,113.5,67.10000000000001,1,6.0,17.1875,62.0,15.0,22.0,1.0,30,1.0,1,0.0
C1,2222,0.6645940356836952,43.7,33.099999999999994,1,8.8,17.1875,35.0,22.0,22.0,1.0,30,3.0,1,0.0
C1,2223,0.227669418149003,96.69999999999999,59.3,1,10.0,17.1875,56.0,25.0,22.0,1.0,30,2.0,2,0.0
C1,2224,0.6687080288914722,43.4,34.3,1,9.2,17.1875,30.0,23.0,22.0,1.0,30,3.0,1,0.0
C1,2225,0.1833366826472593,105.89999999999999,58.7,1,4.8,17.1875,54.0,12.0,22.0,1.0,30,1.0,0,0.0
C1,2226,0.21481305552830438,91.39999999999999,57.2,1,3.2,17.1875,55.0,8.0,22.0,1.0,30,1.0,0,0.0
C1,2227,0.21352637463179058,93.8,53.699999999999996,1,4.4,17.1875,52.0,11.0,22.0,1.0,30,1.0,0,0.0
C1,2228,0.6103684798949485,47.9,33.099999999999994,1,4.4,17.1875,39.0,11.0,22.0,1.0,30,1.0,0,0.0
C1,2229,0.1617778053683611,119.5,73.2,1,8.4,17.1875,62.0,21.0,22.0,1.0,30,2.0,1,0.0
C1,2230,0.26538072088156084,85.0,45.3,1,12.0,17.1875,47.0,30.0,22.0,1.0,30,3.0,1,0.0
C1,2231,-0.039782995763400664,118.6,68.2,1,4.8,17.1875,69.0,12.0,22.0,1.0,90,1.0,2,0.0
C1,2232,0.12944786679047512,54.0,39.800000000000004,1,4.0,17.1875,43.0,10.0,22.0,1.0,90,1.0,0,0.0
C1,2233,-0.002288226199131632,106.6,64.69999999999999,1,10.0,17.1875,62.0,25.0,22.0,1.0,90,2.0,0,0.0
C1,2234,0.01198752432213622,102.0,59.9,1,11.6,17.1875,52.0,29.0,22.0,1.0,90,3.0,0,0.0
C1,2235,-0.018717897139466227,116.3,68.3,1,16.0,17.1875,62.0,40.0,22.0,1.0,90,3.0,0,0.0
C1,2236,0.06229486046836645,83.1,45.199999999999996,1,12.0,17.1875,49.0,30.0,22.0,1.0,90,3.0,0,0.0
C1,2237,0.019259740917045284,99.9,60.400000000000006,1,12.8,17.1875,53.0,32.0,22.0,1.0,90,3.0,0,0.0
C1,2238,0.09344995608852502,67.4,44.3,1,3.2,17.1875,41.0,8.0,22.0,1.0,90,1.0,1,0.0
C1,2239,0.022249675869424196,96.69999999999999,56.800000000000004,1,8.8,17.1875,57.0,22.0,22.0,1.0,90,2.0,2,0.0
C1,2240,0.48665900342305846,41.300000000000004,33.4,1,10.4,17.1875,39.0,26.0,22.0,1.0,90,3.0,0,0.0
C1,2241,-0.11646715028055785,197.7,112.19999999999999,1,51.6,17.1875,694.0,129.0,22.0,1.0,90,1.0,1,0.0
C1,2242,-0.07332599585732452,196.3,110.0,1,60.4,17.1875,281.0,151.0,22.0,1.0,90,3.0,1,0.0
C1,2243,-0.009415380263457007,111.5,69.4,1,14.0,17.1875,61.0,35.0,22.0,1.0,90,3.0,0,0.0
C1,2244,0.0343559453747678,93.5,47.0,1,11.6,17.1875,43.0,29.0,22.0,1.0,90,3.0,0,0.0
C1,2245,0.04090198801802379,89.80000000000001,53.900000000000006,1,9.2,17.1875,58.0,23.0,22.0,1.0,90,2.0,2,0.0
C1,2246,0.010354383019502367,99.4,63.3,1,4.4,17.1875,52.0,11.0,22.0,1.0,90,1.0,0,0.0
C1,2247,-0.014382896404286832,111.60000000000001,64.5,1,10.8,17.1875,62.0,27.0,22.0,1.0,90,2.0,1,0.0
C1,2248,0.09932305432403313,68.6,42.7,1,11.2,17.1875,45.0,28.0,22.0,1.0,90,3.0,2,0.0
C1,2249,0.010481946870239262,103.7,58.1,1,13.6,17.1875,58.0,34.0,22.0,1.0,90,3.0,1,0.0
C1,2250,0.10771163500200581,65.0,44.8,1,10.4,17.1875,41.0,26.0,22.0,1.0,90,3.0,2,0.0
C1,2251,-0.04069824855944498,118.8,68.8,1,4.4,17.1875,65.0,11.0,22.0,1.0,90,1.0,1,0.0
C1,2252,0.4950227243303494,39.9,33.6,1,7.2,17.1875,36.0,18.0,22.0,1.0,90,2.0,2,0.0
C1,2253,0.004828067230028682,101.5,52.2,1,4.4,17.1875,55.0,11.0,22.0,1.0,90,1.0,1,0.0
C1,2254,0.04634469293063029,85.3,44.3,1,3.2,17.1875,40.0,8.0,22.0,1.0,90,1.0,2,0.0
C1,2255,0.028666254874863073,96.10000000000001,56.9,1,12.4,17.1875,55.0,31.0,22.0,1.0,90,3.0,1,0.0
C1,2256,0.02328678863273402,94.2,50.6,1,3.6,17.1875,46.0,9.0,22.0,1.0,90,1.0,2,0.0
C1,2257,0.021891319864413686,98.9,57.4,1,12.8,17.1875,54.0,32.0,22.0,1.0,90,3.0,1,0.0
C1,2258,0.4567832894218583,43.8,33.300000000000004,1,3.2,17.1875,35.0,8.0,22.0,1.0,90,1.0,1,0.0
C1,2259,-0.03897834767747754,118.6,73.1,1,5.6,17.1875,61.0,14.0,22.0,1.0,90,1.0,1,0.0
C1,2260,0.45821463477866275,43.9,33.4,1,5.6,17.1875,35.0,14.0,22.0,1.0,90,2.0,0,0.0
C1,2261,-0.03125079154239738,120.80000000000001,79.8,1,15.6,17.1875,70.0,39.0,22.0,1.0,90,3.0,0,0.0
C1,2262,0.4635654653431084,43.7,33.5,1,8.8,17.1875,36.0,22.0,22.0,1.0,90,3.0,0,0.0
C1,2263,0.022291875489090437,96.5,57.8,1,8.4,17.1875,54.0,21.0,22.0,1.0,90,2.0,1,0.0
C1,2264,0.08272280407213395,71.9,42.5,1,4.4,17.1875,43.0,11.0,22.0,1.0,90,1.0,1,0.0
C1,2265,0.04392318346808147,88.1,51.2,1,8.0,17.1875,56.0,20.0,22.0,1.0,90,2.0,2,0.0
C1,2266,0.03650538678415592,92.89999999999999,52.900000000000006,1,12.0,17.1875,51.0,30.0,22.0,1.0,90,3.0,1,0.0
C1,2267,-0.03097243672544739,117.5,68.1,1,10.0,17.1875,65.0,25.0,22.0,1.0,90,2.0,1,0.0
C1,2268,0.4164324122288759,48.4,33.8,1,3.2,17.1875,36.0,8.0,22.0,1.0,90,1.0,0,0.0
C1,2269,-0.047509721059393856,122.0,69.2,1,6.0,17.1875,64.0,15.0,22.0,1.0,90,1.0,2,0.0
C1,2270,0.5019223001166578,39.5,32.2,1,10.0,17.1875,34.0,25.0,22.0,1.0,90,3.0,1,0.0
C1,2271,-0.04966639847450355,128.6,74.89999999999999,1,16.8,17.1875,79.0,42.0,22.0,1.0,90,3.0,1,0.0
C1,2272,0.002585425289230933,102.5,56.300000000000004,1,4.8,17.1875,56.0,12.0,22.0,1.0,90,1.0,2,0.0
C1,2273,-0.04245931703823269,127.0,79.60000000000001,1,18.4,17.1875,75.0,46.0,22.0,1.0,90,3.0,0,0.0
C1,2274,-0.07434560070269869,135.7,85.8,1,13.2,17.1875,87.0,33.0,22.0,1.0,90,2.0,2,0.0
C1,2275,-0.06377558927662488,135.7,84.7,1,19.2,17.1875,87.0,48.0,22.0,1.0,90,3.0,2,0.0
C1,2276,-0.03687579187630835,123.2,73.80000000000001,1,16.0,17.1875,74.0,40.0,22.0,1.0,90,3.0,2,0.0
C1,2277,-0.14116772192755156,166.7,97.8,1,21.2,17.1875,94.0,53.0,22.0,1.0,90,3.0,0,0.0
C1,2278,0.005699393896358124,106.0,67.5,1,14.4,17.1875,60.0,36.0,22.0,1.0,90,3.0,0,0.0
C1,2279,-0.09818207968981327,142.1,89.89999999999999,1,8.0,17.1875,85.0,20.0,22.0,1.0,90,1.0,1,0.0
C1,2280,-0.04966639847450355,128.6,80.69999999999999,1,16.8,17.1875,71.0,42.0,22.0,1.0,90,3.0,1,0.0
C1,2281,-0.20155272190786494,192.1,108.5,1,24.0,17.1875,105.0,60.0,22.0,1.0,90,3.0,2,0.0
C1,2282,-0.057246563164657066,125.7,71.2,1,6.0,17.1875,65.0,15.0,22.0,1.0,90,1.0,1,0.0
C1,2283,-0.0959307736909728,140.4,83.3,1,6.0,17.1875,81.0,15.0,22.0,1.0,90,1.0,0,0.0
C1,2284,0.014975815047028829,99.1,64.3,1,8.0,17.1875,50.0,20.0,22.0,1.0,90,2.0,0,0.0
C1,2285,-0.05705604855663887,128.89999999999998,76.7,1,12.8,17.1875,73.0,32.0,22.0,1.0,90,2.0,0,0.0
C1,2286,0.00012185788797450248,103.9,55.300000000000004,1,6.0,17.1875,59.0,15.0,22.0,1.0,90,1.0,0,0.0
C1,2287,-0.052884390495976374,130.1,78.0,1,17.2,17.1875,74.0,43.0,22.0,1.0,90,3.0,2,0.0
C1,2288,-0.004382459085760765,105.0,67.10000000000001,1,4.4,17.1875,63.0,11.0,22.0,1.0,90,1.0,2,0.0
C1,2289,-0.0986052437471569,151.2,96.9,1,22.0,17.1875,98.0,55.0,22.0,1.0,90,3.0,1,0.0
C1,2290,-0.025017955651452706,116.5,68.2,1,12.4,17.1875,69.0,31.0,22.0,1.0,90,2.0,0,0.0
C1,2291,-0.19215407377788024,187.79999999999998,107.39999999999999,1,23.2,17.1875,103.0,58.0,22.0,1.0,90,3.0,2,0.0
C1,2292,-0.025698248559444997,113.10000000000001,60.8,1,4.4,17.1875,51.0,11.0,22.0,1.0,90,1.0,2,0.0
C1,2293,0.010575530390729518,103.2,61.400000000000006,1,12.8,17.1875,50.0,32.0,22.0,1.0,90,3.0,1,0.0
C1,2294,0.636251888540595,47.1,34.4,1,9.2,17.1875,34.0,23.0,22.0,1.0,30,3.0,0,0.0
C1,2295,0.21691026757891366,96.8,58.4,1,7.2,17.1875,51.0,18.0,22.0,1.0,30,2.0,2,0.0
C1,2296,0.27536847989494845,70.3,42.5,1,4.4,17.1875,41.0,11.0,22.0,1.0,30,1.0,0,0.0
C1,2297,0.30186163252666737,59.6,42.8,1,4.0,17.1875,49.0,10.0,22.0,1.0,30,1.0,1,0.0
C1,2298,0.6105359645508388,47.5,34.6,1,3.6,17.1875,38.0,9.0,22.0,1.0,30,1.0,1,0.0
C1,2299,0.2661701945657714,84.7,45.199999999999996,1,12.0,17.1875,48.0,30.0,22.0,1.0,30,3.0,2,0.0
C1,2300,0.6730939938037528,42.9,33.0,1,9.2,17.1875,33.0,23.0,22.0,1.0,30,3.0,2,0.0
C1,2301,0.16173539862110808,129.0,75.7,1,16.0,17.1875,71.0,40.0,22.0,1.0,30,3.0,2,0.0
C1,2302,0.7016900860701154,39.300000000000004,32.4,1,8.4,17.1875,33.0,21.0,22.0,1.0,30,3.0,0,0.0
C1,2303,0.25597456104206684,76.39999999999999,43.6,1,3.6,17.1875,46.0,9.0,22.0,1.0,30,1.0,2,0.0
C1,2304,0.6642702037748542,44.4,33.2,1,10.4,17.1875,38.0,26.0,22.0,1.0,30,3.0,1,0.0
C1,2305,0.34380177351313984,55.199999999999996,41.2,1,12.0,17.1875,49.0,30.0,22.0,1.0,30,3.0,0,0.0
C1,2306,0.23504284700265551,95.5,53.1,1,11.2,17.1875,52.0,28.0,22.0,1.0,30,3.0,2,0.0
C1,2307,0.10859461254747627,100.9,54.300000000000004,1,4.8,17.1875,53.0,12.0,22.0,1.0,50,1.0,0,0.0
C1,2308,0.5538173876471552,44.900000000000006,33.099999999999994,1,5.6,17.1875,31.0,14.0,22.0,1.0,50,2.0,2,0.0
C1,2309,0.12323407384869321,94.7,48.9,1,4.4,17.1875,48.0,11.0,22.0,1.0,50,1.0,0,0.0
C1,2310,0.16252428579550549,84.3,50.0,1,7.2,17.1875,40.0,18.0,22.0,1.0,50,2.0,0,0.0
C1,2311,0.10569987570537101,102.0,64.69999999999999,1,4.8,17.1875,61.0,12.0,22.0,1.0,50,1.0,2,0.0
C1,2312,0.5244926464721651,47.1,35.0,1,3.2,17.1875,33.0,8.0,22.0,1.0,50,1.0,1,0.0
C1,2313,0.09412092833694999,106.39999999999999,61.1,1,4.8,17.1875,54.0,12.0,22.0,1.0,50,1.0,0,0.0
C1,2314,0.5590805455418921,44.3,34.0,1,5.6,17.1875,33.0,14.0,22.0,1.0,50,2.0,1,0.0
C1,2315,0.17687790448890517,81.5,46.1,1,8.8,17.1875,48.0,22.0,22.0,1.0,50,2.0,2,0.0
C1,2316,0.18218144226974584,72.3,43.6,1,4.4,17.1875,48.0,11.0,22.0,1.0,50,1.0,0,0.0
C1,2317,0.1552989571204841,89.7,57.1,1,8.8,17.1875,50.0,22.0,22.0,1.0,50,2.0,2,0.0
C1,2318,0.5547540606782104,44.6,33.300000000000004,1,5.2,17.1875,31.0,13.0,22.0,1.0,50,2.0,1,0.0
C1,2319,0.12899699469735304,97.69999999999999,55.7,1,7.6,17.1875,54.0,19.0,22.0,1.0,50,2.0,1,0.0
C1,2320,0.5747068727379832,44.5,33.300000000000004,1,9.6,17.1875,33.0,24.0,22.0,1.0,50,3.0,1,0.0
C1,2321,0.10321935365518747,127.2,78.8,1,19.2,17.1875,75.0,48.0,22.0,1.0,50,3.0,1,0.0
C1,2322,0.2527112479196998,82.60000000000001,45.3,1,6.8,17.1875,41.0,17.0,22.0,1.0,30,2.0,1,0.0
C1,2323,0.2668655780554898,75.39999999999999,45.400000000000006,1,5.6,17.1875,47.0,14.0,22.0,1.0,30,1.0,1,0.0
C1,2324,0.6465674414932165,43.2,35.5,1,3.2,17.1875,31.0,8.0,22.0,1.0,30,1.0,1,0.0
C1,2325,0.2321055504435874,99.6,58.2,1,13.6,17.1875,56.0,34.0,22.0,1.0,30,3.0,1,0.0
C1,2326,0.18495057842982796,77.10000000000001,45.900000000000006,1,8.0,17.1875,41.0,20.0,22.0,1.0,50,2.0,2,0.0
C1,2327,0.1231464207050192,94.10000000000001,51.9,1,4.0,17.1875,46.0,10.0,22.0,1.0,50,1.0,2,0.0
C1,2328,0.594560005282063,39.300000000000004,32.300000000000004,1,3.6,17.1875,36.0,9.0,22.0,1.0,50,1.0,2,0.0
C1,2329,0.06413398075224833,80.60000000000001,46.199999999999996,1,8.4,17.1875,47.0,21.0,22.0,1.0,90,2.0,0,0.0
C1,2330,0.45599905087043063,44.2,34.7,1,6.0,17.1875,32.0,15.0,22.0,1.0,90,2.0,2,0.0
C1,2331,-0.03488747199175635,119.6,70.5,1,11.2,17.1875,68.0,28.0,22.0,1.0,90,2.0,1,0.0
C1,2332,0.4555898501347481,44.5,34.3,1,8.0,17.1875,32.0,20.0,22.0,1.0,90,3.0,1,0.0
C1,2333,0.05777599165889788,83.2,46.300000000000004,1,8.8,17.1875,48.0,22.0,22.0,1.0,90,2.0,1,0.0
C1,2334,0.45064293854466536,44.5,34.2,1,3.2,17.1875,37.0,8.0,22.0,1.0,90,1.0,0,0.0
C1,2335,0.025655209685365638,93.3,48.599999999999994,1,3.6,17.1875,47.0,9.0,22.0,1.0,90,1.0,1,0.0
C1,2336,0.4476524194882423,45.199999999999996,35.2,1,6.4,17.1875,39.0,16.0,22.0,1.0,90,2.0,0,0.0
C1,2337,-0.00582045294063549,106.0,56.099999999999994,1,5.6,17.1875,54.0,14.0,22.0,1.0,90,1.0,0,0.0
C1,2338,0.4483745079309796,44.8,34.5,1,3.6,17.1875,33.0,9.0,22.0,1.0,90,1.0,1,0.0
C1,2339,0.10372240272564454,65.19999999999999,43.5,1,7.6,17.1875,47.0,19.0,22.0,1.0,90,2.0,0,0.0
C1,2340,0.6326337535328503,44.4,33.4,1,2.4,17.1875,38.0,6.0,22.0,1.0,30,1.0,2,0.0
C1,2341,0.2385256587452751,96.19999999999999,56.099999999999994,1,12.8,17.1875,55.0,32.0,22.0,1.0,30,3.0,0,0.0
C1,2342,0.6089039555702844,47.300000000000004,34.0,1,2.8,17.1875,31.0,7.0,22.0,1.0,30,1.0,0,0.0
C1,2343,0.22072517378941367,97.10000000000001,58.5,1,8.4,17.1875,54.0,21.0,22.0,1.0,30,2.0,0,0.0
C1,2344,0.6565147008625072,43.2,33.8,1,5.6,17.1875,30.0,14.0,22.0,1.0,30,2.0,0,0.0
C1,2345,0.20485836764674248,70.2,43.7,1,8.4,17.1875,47.0,21.0,22.0,1.0,50,2.0,0,0.0
C1,2346,0.19041902263761074,73.7,41.6,1,7.2,17.1875,47.0,18.0,22.0,1.0,50,2.0,0,0.0
C1,2347,0.2265351301914777,63.3,41.2,1,9.2,17.1875,49.0,23.0,22.0,1.0,50,2.0,2,0.0
C1,2348,0.5755646135175472,43.6,33.9,1,8.0,17.1875,32.0,20.0,22.0,1.0,50,3.0,2,0.0
C1,2349,0.12266737817311571,102.1,60.0,1,8.8,17.1875,55.0,22.0,22.0,1.0,50,2.0,2,0.0
C1,2350,0.5843421477353372,43.2,32.9,1,9.2,17.1875,34.0,23.0,22.0,1.0,50,3.0,1,0.0
C1,2351,0.12909283765026378,101.0,59.0,1,9.6,17.1875,54.0,24.0,22.0,1.0,50,2.0,0,0.0
C1,2352,0.597970982108528,39.1,32.5,1,4.0,17.1875,39.0,10.0,22.0,1.0,50,1.0,1,0.0
C1,2353,0.15879089208620015,79.3,44.1,1,3.2,17.1875,47.0,8.0,22.0,1.0,50,1.0,2,0.0
C1,2354,0.5886463627946891,39.6,33.4,1,2.8,17.1875,32.0,7.0,22.0,1.0,50,1.0,0,0.0
C1,2355,0.13827942027832144,95.5,54.800000000000004,1,8.4,17.1875,57.0,21.0,22.0,1.0,50,2.0,0,0.0
C1,2356,0.20269572011664078,77.10000000000001,44.1,1,12.0,17.1875,47.0,30.0,22.0,1.0,50,3.0,1,0.0
C1,2357,0.19064784133095303,75.6,43.6,1,8.4,17.1875,47.0,21.0,22.0,1.0,50,2.0,0,0.0
C1,2358,0.5888470308144222,43.7,33.9,1,11.2,17.1875,38.0,28.0,22.0,1.0,50,3.0,2,0.0
C1,2359,0.05349723174343006,121.2,72.2,1,4.4,17.1875,62.0,11.0,22.0,1.0,50,1.0,2,0.0
C1,2360,0.6054005034692829,40.0,32.5,1,7.6,17.1875,30.0,19.0,22.0,1.0,50,3.0,0,0.0
C1,2361,-0.07949585320060412,190.5,109.5,1,15.6,17.1875,109.0,39.0,22.0,1.0,50,2.0,0,0.0
C1,2362,0.5660053190700063,43.9,34.0,1,6.4,17.1875,33.0,16.0,22.0,1.0,50,2.0,2,0.0
C1,2363,0.17997718993523953,87.1,46.800000000000004,1,12.8,17.1875,47.0,32.0,22.0,1.0,50,3.0,1,0.0
C1,2364,0.18684858724172304,74.39999999999999,44.2,1,6.8,17.1875,42.0,17.0,22.0,1.0,50,2.0,1,0.0
C1,2365,0.2055457260261342,76.7,43.0,1,12.4,17.1875,48.0,31.0,22.0,1.0,50,3.0,2,0.0
C1,2366,0.5721117451364599,43.4,33.7,1,6.8,17.1875,39.0,17.0,22.0,1.0,50,2.0,2,0.0
C1,2367,0.10306829675800261,103.0,59.1,1,4.8,17.1875,59.0,12.0,22.0,1.0,50,1.0,2,0.0
C1,2368,0.5993807770730264,39.9,33.4,1,6.0,17.1875,32.0,15.0,22.0,1.0,50,2.0,2,0.0
C1,2369,0.21716940432716708,71.6,43.9,1,12.0,17.1875,47.0,30.0,22.0,1.0,50,3.0,2,0.0
C1,2370,0.5843421477353372,43.2,32.800000000000004,1,9.2,17.1875,35.0,23.0,22.0,1.0,50,3.0,0,0.0
C1,2371,0.09380516048820356,126.7,78.8,1,16.8,17.1875,77.0,42.0,22.0,1.0,50,3.0,2,0.0
C1,2372,0.5498231631767999,44.4,33.300000000000004,1,3.6,17.1875,31.0,9.0,22.0,1.0,50,1.0,0,0.0
C1,2373,0.19449309444718682,80.9,45.699999999999996,1,12.4,17.1875,49.0,31.0,22.0,1.0,50,3.0,1,0.0
C1,2374,0.14130431544186134,87.2,44.1,1,4.0,17.1875,42.0,10.0,22.0,1.0,50,1.0,2,0.0
C1,2375,0.20958036577041067,60.0,42.0,1,3.2,17.1875,47.0,8.0,22.0,1.0,50,1.0,1,0.0
C1,2376,0.0507959556627757,126.1,76.8,1,6.8,17.1875,77.0,17.0,22.0,1.0,50,1.0,0,0.0
C1,2377,-0.1200438171769434,195.0,115.5,1,9.2,17.1875,149.0,23.0,22.0,1.0,50,1.0,2,0.0
C1,2378,0.050746057786857424,153.10000000000002,97.8,1,22.8,17.1875,99.0,57.0,22.0,1.0,50,3.0,1,0.0
C1,2379,0.04572651202916486,138.8,89.89999999999999,1,13.2,17.1875,85.0,33.0,22.0,1.0,50,2.0,0,0.0
C1,2380,0.22833193510662447,53.5,39.0,1,3.6,17.1875,45.0,9.0,22.0,1.0,50,1.0,2,0.0
C1,2381,0.049109051045203994,138.2,87.4,1,13.6,17.1875,85.0,34.0,22.0,1.0,50,2.0,2,0.0
C1,2382,-0.07727337265026879,197.8,107.2,1,20.4,17.1875,90.0,51.0,22.0,1.0,50,3.0,1,0.0
C1,2383,-0.10962503646849703,195.1,107.39999999999999,1,11.6,17.1875,154.0,29.0,22.0,1.0,50,1.0,0,0.0
C1,2384,0.0588173876471552,121.1,76.30000000000001,1,5.6,17.1875,74.0,14.0,22.0,1.0,50,1.0,1,0.0
C1,2385,0.1292619817153649,109.8,64.8,1,14.8,17.1875,63.0,37.0,22.0,1.0,50,3.0,2,0.0
C1,2386,0.06246346945499434,144.7,91.39999999999999,1,20.4,17.1875,88.0,51.0,22.0,1.0,50,3.0,2,0.0
C1,2387,0.05032461681308226,147.29999999999998,95.2,1,19.2,17.1875,98.0,48.0,22.0,1.0,50,3.0,1,0.0
C1,2388,0.12919905228396655,91.80000000000001,53.3,1,4.0,17.1875,54.0,10.0,22.0,1.0,50,1.0,1,0.0
C1,2389,-0.06877510651191693,137.0,85.9,1,18.4,17.1875,82.0,46.0,22.0,1.0,90,3.0,2,0.0
C1,2390,0.11245964617739712,60.6,41.4,1,4.4,17.1875,49.0,11.0,22.0,1.0,90,1.0,1,0.0
C1,2391,-0.09818306602018578,150.7,97.69999999999999,1,21.6,17.1875,90.0,54.0,22.0,1.0,90,3.0,2,0.0
C1,2392,-0.2139211429604964,196.8,109.60000000000001,1,24.0,17.1875,107.0,60.0,22.0,1.0,90,3.0,0,0.0
C1,2393,-0.2114345346568916,185.5,103.8,1,8.8,17.1875,129.0,22.0,22.0,1.0,90,1.0,1,0.0
C1,2394,-0.19670914163496817,196.9,111.0,1,30.4,17.1875,137.0,76.0,22.0,1.0,90,3.0,0,0.0
C1,2395,-0.20691330093295768,190.4,110.3,1,19.6,17.1875,128.0,49.0,22.0,1.0,90,2.0,2,0.0
C1,2396,-0.07827752614805164,139.2,87.5,1,16.4,17.1875,80.0,41.0,22.0,1.0,90,3.0,1,0.0
C1,2397,-0.12528897531478794,150.79999999999998,92.7,1,4.0,17.1875,90.0,10.0,22.0,1.0,90,1.0,1,0.0
C1,2398,-0.24086020458090396,195.8,109.2,1,6.8,17.1875,111.0,17.0,22.0,1.0,90,1.0,0,0.0
C1,2399,-0.22183157064758446,196.70000000000002,107.6,1,20.4,17.1875,129.0,51.0,22.0,1.0,90,2.0,1,0.0
C1,2400,-0.21517209603415527,187.29999999999998,104.0,1,9.6,17.1875,138.0,24.0,22.0,1.0,90,1.0,1,0.0
C1,2401,-0.17068229794000017,186.1,108.7,1,29.6,17.1875,200.0,74.0,22.0,1.0,90,2.0,0,0.0
C1,2402,-0.1783445634775031,185.20000000000002,106.2,1,26.0,17.1875,121.0,65.0,22.0,1.0,90,3.0,1,0.0
C1,2403,-0.20978272603076836,195.6,109.2,1,24.4,17.1875,111.0,61.0,22.0,1.0,90,3.0,2,0.0
C1,2404,-0.04612619216321248,124.3,77.7,1,12.0,17.1875,76.0,30.0,22.0,1.0,90,2.0,2,0.0
C1,2405,-0.07625748552661488,136.9,85.0,1,14.0,17.1875,80.0,35.0,22.0,1.0,90,2.0,2,0.0
C1,2406,-0.095667615796236,140.3,88.1,1,6.0,17.1875,82.0,15.0,22.0,1.0,90,1.0,2,0.0
C1,2407,0.04226514350749745,100.2,58.2,1,4.8,17.1875,53.0,12.0,22.0,1.0,70,1.0,0,0.0
C1,2408,0.017340854011895515,123.1,75.89999999999999,1,16.4,17.1875,78.0,41.0,22.0,1.0,70,3.0,1,0.0
C1,2409,-0.16522883077731393,191.39999999999998,109.3,1,15.6,17.1875,107.0,39.0,22.0,1.0,70,2.0,1,0.0
C1,2410,-0.14665274316587806,188.20000000000002,107.89999999999999,1,18.4,17.1875,113.0,46.0,22.0,1.0,70,2.0,2,0.0
C1,2411,0.007973175328694848,114.8,65.69999999999999,1,6.4,17.1875,68.0,16.0,22.0,1.0,70,1.0,0,0.0
C1,2412,-0.021765616109082064,125.7,76.39999999999999,1,6.0,17.1875,71.0,15.0,22.0,1.0,70,1.0,2,0.0
C1,2413,-0.0833921385925479,195.39999999999998,108.2,1,37.6,17.1875,165.0,94.0,22.0,1.0,70,3.0,2,0.0
C1,2414,0.045390327539472475,101.4,59.0,1,7.2,17.1875,52.0,18.0,22.0,1.0,70,2.0,2,0.0
C1,2415,0.13583192813947106,73.4,43.7,1,12.8,17.1875,48.0,32.0,22.0,1.0,70,3.0,2,0.0
C1,2416,0.45495411725212814,47.9,34.5,1,4.4,17.1875,38.0,11.0,22.0,1.0,70,1.0,0,0.0
C1,2417,0.02608695869637026,118.7,69.8,1,15.6,17.1875,64.0,39.0,22.0,1.0,70,3.0,2,0.0
C1,2418,0.4809442627197345,44.5,34.4,1,2.8,17.1875,32.0,7.0,22.0,1.0,70,1.0,1,0.0
C1,2419,0.17021727514686502,51.2,41.2,1,4.4,17.1875,47.0,11.0,22.0,1.0,70,1.0,2,0.0
C1,2420,0.4852851266809654,43.9,33.2,1,2.4,17.1875,32.0,6.0,22.0,1.0,70,1.0,0,0.0
C1,2421,-0.013739756834080907,140.6,91.7,1,20.4,17.1875,83.0,51.0,22.0,1.0,70,3.0,1,0.0
C1,2422,0.5097385628022921,42.0,33.0,1,5.6,17.1875,31.0,14.0,22.0,1.0,70,2.0,2,0.0
C1,2423,0.12267403340262899,78.39999999999999,43.4,1,12.8,17.1875,48.0,32.0,22.0,1.0,70,3.0,1,0.0
C1,2424,0.4932249644741204,43.1,32.9,1,2.8,17.1875,34.0,7.0,22.0,1.0,70,1.0,0,0.0
C1,2425,0.12856250606529987,71.5,44.3,1,8.8,17.1875,47.0,22.0,22.0,1.0,70,2.0,0,0.0
C1,2426,0.06497269315321197,94.8,56.7,1,8.0,17.1875,53.0,20.0,22.0,1.0,70,2.0,1,0.0
C1,2427,0.05560475427606326,96.69999999999999,59.5,1,6.4,17.1875,50.0,16.0,22.0,1.0,70,2.0,2,0.0
C1,2428,0.48714417014814976,43.9,35.8,1,3.2,17.1875,32.0,8.0,22.0,1.0,70,1.0,0,0.0
C1,2429,0.0473411142058435,101.5,59.1,1,8.0,17.1875,50.0,20.0,22.0,1.0,70,2.0,2,0.0
C1,2430,0.46779578739968986,46.9,32.0,1,6.0,17.1875,33.0,15.0,22.0,1.0,70,2.0,2,0.0
C1,2431,-0.024921561513410406,127.3,76.5,1,6.4,17.1875,77.0,16.0,22.0,1.0,70,1.0,2,0.0
C1,2432,0.48766111110844695,44.4,34.1,1,5.2,17.1875,30.0,13.0,22.0,1.0,70,2.0,0,0.0
C1,2433,0.12273248182184977,77.39999999999999,44.6,1,12.0,17.1875,46.0,30.0,22.0,1.0,70,3.0,1,0.0
C1,2434,0.5931564627066845,33.099999999999994,25.9,1,7.6,17.1875,28.0,19.0,22.0,1.0,70,3.0,1,0.0
C1,2435,0.05495118769200946,93.89999999999999,45.699999999999996,1,3.2,17.1875,44.0,8.0,22.0,1.0,70,1.0,0,0.0
C1,2436,0.5053318663198566,43.9,34.3,1,10.0,17.1875,37.0,25.0,22.0,1.0,70,3.0,0,0.0
C1,2437,0.08363832777844399,84.1,46.0,1,4.4,17.1875,43.0,11.0,22.0,1.0,70,1.0,0,0.0
C1,2438,0.5818214557021906,33.0,25.9,1,2.8,17.1875,26.0,7.0,22.0,1.0,70,1.0,1,0.0
C1,2439,0.1266919362649306,67.0,43.2,1,3.6,17.1875,46.0,9.0,22.0,1.0,70,1.0,0,0.0
C1,2440,0.4956677692231946,44.6,35.1,1,8.8,17.1875,31.0,22.0,22.0,1.0,70,3.0,0,0.0
C1,2441,0.22769567113820657,100.8,58.2,1,13.2,17.1875,54.0,33.0,22.0,1.0,30,3.0,2,0.0
C1,2442,0.6574090968605342,44.0,32.800000000000004,1,7.6,17.1875,30.0,19.0,22.0,1.0,30,3.0,0,0.0
C1,2443,0.3008947956844221,60.6,42.2,1,4.4,17.1875,44.0,11.0,22.0,1.0,30,1.0,2,0.0
C1,2444,0.6582862898429902,43.9,34.8,1,7.6,17.1875,30.0,19.0,22.0,1.0,30,3.0,0,0.0
C1,2445,0.33598833168415054,53.3,42.7,1,8.4,17.1875,46.0,21.0,22.0,1.0,30,2.0,1,0.0
C1,2446,0.6483213230375542,44.5,34.6,1,6.4,17.1875,36.0,16.0,22.0,1.0,30,2.0,1,0.0
C1,2447,0.24875237284207155,84.7,45.1,1,7.2,17.1875,43.0,18.0,22.0,1.0,30,2.0,2,0.0
C1,2448,0.6228827265463261,47.4,35.8,1,6.4,17.1875,32.0,16.0,22.0,1.0,30,2.0,0,0.0
C1,2449,0.2933567527367821,69.5,43.2,1,8.4,17.1875,47.0,21.0,22.0,1.0,30,2.0,2,0.0
C1,2450,0.6642072192978166,43.4,32.599999999999994,1,8.0,17.1875,33.0,20.0,22.0,1.0,30,3.0,2,0.0
C1,2451,0.15026315789473688,140.9,89.30000000000001,1,20.0,17.1875,81.0,50.0,22.0,1.0,30,3.0,1,0.0
C1,2452,0.7589440614030798,32.599999999999994,26.0,1,8.0,17.1875,28.0,20.0,22.0,1.0,30,3.0,0,0.0
C1,2453,0.225830149492113,94.0,45.699999999999996,1,7.6,17.1875,48.0,19.0,22.0,1.0,30,2.0,0,0.0
C1,2454,0.6439358625458482,43.5,32.300000000000004,1,3.2,17.1875,32.0,8.0,22.0,1.0,30,1.0,1,0.0
C1,2455,0.31977968910791865,63.3,42.9,1,11.2,17.1875,43.0,28.0,22.0,1.0,30,3.0,2,0.0
C1,2456,0.6595533531828577,43.4,32.800000000000004,1,6.8,17.1875,37.0,17.0,22.0,1.0,30,2.0,0,0.0
C1,2457,0.2568387982451851,82.8,42.7,1,8.0,17.1875,48.0,20.0,22.0,1.0,30,2.0,2,0.0
C1,2458,0.7369183186861992,32.9,26.599999999999998,1,3.2,17.1875,28.0,8.0,22.0,1.0,30,1.0,2,0.0
C1,2459,0.2761701945657714,80.9,44.3,1,12.0,17.1875,45.0,30.0,22.0,1.0,30,3.0,2,0.0
C1,2460,0.601009218728179,48.2,34.1,1,2.8,17.1875,30.0,7.0,22.0,1.0,30,1.0,0,0.0
C1,2461,0.17023939771344138,111.5,73.1,1,5.2,17.1875,62.0,13.0,22.0,1.0,30,1.0,2,0.0
C1,2462,0.5973780698139965,49.0,35.6,1,3.6,17.1875,31.0,9.0,22.0,1.0,30,1.0,2,0.0
C1,2463,0.29269567113820655,76.1,44.8,1,13.2,17.1875,49.0,33.0,22.0,1.0,30,3.0,2,0.0
C1,2464,0.6666023667718699,43.3,33.300000000000004,1,8.4,17.1875,33.0,21.0,22.0,1.0,30,3.0,0,0.0
C1,2465,0.26427868863154524,78.8,44.699999999999996,1,7.2,17.1875,45.0,18.0,22.0,1.0,30,2.0,0,0.0
C1,2466,0.6800596774590648,42.6,33.300000000000004,1,10.4,17.1875,38.0,26.0,22.0,1.0,30,3.0,2,0.0
C1,2467,0.07116562047545696,88.1,44.4,1,3.6,17.1875,44.0,9.0,22.0,1.0,70,1.0,0,0.0
C1,2468,0.5965449622056507,33.099999999999994,26.5,1,8.8,17.1875,29.0,22.0,22.0,1.0,70,3.0,2,0.0
C1,2469,0.0858156991447667,82.9,45.0,1,4.0,17.1875,45.0,10.0,22.0,1.0,70,1.0,2,0.0
C1,2470,0.49658066806545,43.5,33.9,1,5.6,17.1875,31.0,14.0,22.0,1.0,70,2.0,1,0.0
C1,2471,0.0663800770838167,99.3,54.699999999999996,1,12.4,17.1875,53.0,31.0,22.0,1.0,70,3.0,0,0.0
C1,2472,0.4974221551881069,44.4,34.2,1,8.8,17.1875,30.0,22.0,22.0,1.0,70,3.0,0,0.0
C1,2473,0.13837516988370713,63.3,43.2,1,4.4,17.1875,46.0,11.0,22.0,1.0,70,1.0,1,0.0
C1,2474,0.4958659628382863,43.7,33.300000000000004,1,6.0,17.1875,32.0,15.0,22.0,1.0,70,2.0,1,0.0
C1,2475,0.051358243928944766,105.5,57.8,1,12.8,17.1875,50.0,32.0,22.0,1.0,70,3.0,1,0.0
C1,2476,0.5071184467341305,44.4,34.4,1,12.0,17.1875,39.0,30.0,22.0,1.0,70,3.0,0,0.0
C1,2477,0.11164323497855351,82.10000000000001,47.0,1,12.4,17.1875,47.0,31.0,22.0,1.0,70,3.0,1,0.0
C1,2478,0.4943244710745912,43.3,32.9,1,4.0,17.1875,33.0,10.0,22.0,1.0,70,1.0,0,0.0
C1,2479,0.10690917500043624,73.80000000000001,44.6,1,2.8,17.1875,47.0,7.0,22.0,1.0,70,1.0,0,0.0
C1,2480,0.5024179784398125,43.7,34.0,1,8.4,17.1875,30.0,21.0,22.0,1.0,70,3.0,0,0.0
C1,2481,-0.07701020638364031,149.7,72.4,4,59.6,16.796875,646.0,298.0,43.0,1.0,30,2.0,2,0.0
C1,2482,0.33877529812097107,59.3,37.0,4,13.8,16.601562,312.0,138.0,85.0,1.0,30,2.0,0,0.0
C1,2483,0.7174323529422086,35.6,24.9,4,4.2,16.601562,45.0,42.0,85.0,1.0,30,3.0,0,0.0
C1,2484,0.7249523546571577,34.6,24.299999999999997,4,3.9,16.601562,45.0,39.0,85.0,1.0,30,3.0,1,0.0
C1,2485,0.7164826001923468,34.3,23.3,4,1.3,16.601562,42.0,13.0,85.0,1.0,30,1.0,1,0.0
C1,2486,0.7299243150988872,32.300000000000004,20.400000000000002,3,2.3,16.601562,37.0,23.0,85.0,1.0,30,2.0,2,0.0
C1,2487,0.6062085131929488,48.7,33.7,2,7.2,16.796875,51.0,36.0,43.0,1.0,30,3.0,1,0.0
C1,2488,0.6824323801695815,39.1,32.300000000000004,1,5.2,17.1875,30.0,13.0,22.0,1.0,30,2.0,2,0.0
C1,2489,0.2805458430529832,67.7,41.2,1,4.0,17.1875,42.0,10.0,22.0,1.0,30,1.0,2,0.0
C1,2490,0.6540113275380028,43.3,32.2,1,5.2,17.1875,34.0,13.0,22.0,1.0,30,2.0,0,0.0
C1,2491,0.20361991063151896,103.6,63.3,1,8.4,17.1875,50.0,21.0,22.0,1.0,30,2.0,0,0.0
C1,2492,0.7581817131019986,33.2,26.200000000000003,1,9.2,17.1875,29.0,23.0,22.0,1.0,30,3.0,2,0.0
C1,2493,0.2200238183651564,98.5,48.099999999999994,1,9.2,17.1875,49.0,23.0,22.0,1.0,30,2.0,2,0.0
C1,2494,0.6563124824557114,44.3,34.9,1,8.0,17.1875,30.0,20.0,22.0,1.0,30,3.0,2,0.0
C1,2495,0.31219619462394627,66.69999999999999,43.2,1,11.6,17.1875,41.0,29.0,22.0,1.0,30,3.0,2,0.0
C1,2496,0.31574606083344225,52.400000000000006,42.0,1,2.8,17.1875,40.0,7.0,22.0,1.0,30,1.0,2,0.0
C1,2497,0.24394406140307978,87.7,44.8,1,8.0,17.1875,45.0,20.0,22.0,1.0,30,2.0,1,0.0
C1,2498,0.7413600959211615,32.2,24.299999999999997,1,2.8,17.1875,28.0,7.0,22.0,1.0,30,1.0,2,0.0
C1,2499,0.1419865179746873,51.2,43.2,1,8.8,17.1875,49.0,22.0,22.0,1.0,90,2.0,0,0.0
C1,2500,0.5527604728432604,32.9,26.700000000000003,1,30.0,40.0,100.0,1500.0,2000.0,1.0,50,1.0,0,0.0
C1,2501,-0.04667023445637458,160.39999999999998,72.0,4,63.8,16.601562,731.0,638.0,85.0,1.0,50,3.0,0,0.0
C1,2502,0.2193482701428587,68.9,37.900000000000006,4,10.9,16.601562,457.0,109.0,85.0,1.0,50,1.0,2,0.0
C1,2503,0.2917118161872343,72.5,39.5,4,10.1,16.601562,141.0,101.0,85.0,1.0,30,3.0,0,0.0
C1,2504,0.23723729082394507,83.2,39.300000000000004,4,3.4,16.601562,125.0,34.0,85.0,1.0,30,1.0,2,0.0
C1,2505,0.30417916240311615,66.8,39.0,4,9.4,16.601562,134.0,94.0,85.0,1.0,30,3.0,1,0.0
C1,2506,0.25683693498282656,53.3,36.900000000000006,4,10.1,16.601562,140.0,101.0,85.0,1.0,50,3.0,0,0.0
C1,2507,0.09216340166452826,111.0,55.7,2,11.0,16.796875,147.0,55.0,43.0,1.0,50,2.0,0,0.0
C1,2508,0.12080010354744364,116.1,64.4,2,16.6,16.796875,137.0,83.0,43.0,1.0,50,3.0,0,0.0
C1,2509,0.0994850026680078,119.4,66.8,2,13.8,16.796875,145.0,69.0,43.0,1.0,50,2.0,0,0.0
C1,2510,0.06708309561459838,135.7,75.39999999999999,1,18.0,16.796875,144.0,90.0,43.0,1.0,50,3.0,1,0.0
C1,2511,-0.04446866385513196,186.0,105.30000000000001,1,20.8,17.1875,147.0,52.0,22.0,1.0,50,2.0,1,0.0
C1,2512,-0.1341971155395108,202.4,111.9,1,10.4,17.1875,143.0,26.0,22.0,1.0,50,1.0,2,0.0
C1,2513,-0.1109756778834082,192.89999999999998,109.5,1,10.0,17.1875,134.0,25.0,22.0,1.0,50,1.0,0,0.0
C1,2514,-0.09680630603741064,185.5,103.5,1,8.8,17.1875,134.0,22.0,22.0,1.0,50,1.0,2,0.0
C1,2515,-0.07635920537103719,201.4,108.8,1,22.8,17.1875,141.0,57.0,22.0,1.0,50,2.0,2,0.0
C1,2516,-0.12603322134228684,202.7,110.5,1,12.4,17.1875,151.0,31.0,22.0,1.0,50,1.0,1,0.0
C1,2517,-0.03169470850584735,195.8,109.39999999999999,1,30.4,17.1875,132.0,76.0,22.0,1.0,50,3.0,0,0.0
C1,2518,-0.0322887558360149,190.89999999999998,107.7,1,26.8,17.1875,123.0,67.0,22.0,1.0,50,3.0,1,0.0
C1,2519,-0.08177796409388552,185.20000000000002,108.10000000000001,1,12.0,17.1875,142.0,30.0,22.0,1.0,50,1.0,0,0.0
C1,2520,-0.07554848333277014,193.1,107.30000000000001,1,18.0,17.1875,124.0,45.0,22.0,1.0,50,2.0,0,0.0
C1,2521,-0.05425394221314256,193.0,107.2,1,22.8,17.1875,158.0,57.0,22.0,1.0,50,2.0,1,0.0
C1,2522,-0.07816672032165228,196.8,110.8,1,19.6,17.1875,142.0,49.0,22.0,1.0,50,2.0,2,0.0
C1,2523,-0.02330070471444981,190.4,107.5,1,28.8,17.1875,133.0,72.0,22.0,1.0,50,3.0,2,0.0
C1,2524,-0.06674705686079513,193.8,108.7,1,20.4,17.1875,139.0,51.0,22.0,1.0,50,2.0,0,0.0
C1,2525,-0.14259577972162107,202.9,110.10000000000001,1,8.8,17.1875,122.0,22.0,22.0,1.0,50,1.0,0,0.0
C1,2526,-0.0704615457902969,197.2,114.4,1,21.6,17.1875,150.0,54.0,22.0,1.0,50,2.0,0,0.0
C1,2527,-0.1005315036287279,182.29999999999998,106.5,1,6.0,17.1875,122.0,15.0,22.0,1.0,50,1.0,2,0.0
C1,2528,-0.1300438171769433,198.8,111.10000000000001,1,9.2,17.1875,124.0,23.0,22.0,1.0,50,1.0,0,0.0
C1,2529,-0.02834138741496242,189.4,107.6,1,26.8,17.1875,122.0,67.0,22.0,1.0,50,3.0,1,0.0
C1,2530,-0.04256341291338592,195.39999999999998,110.5,1,27.2,17.1875,131.0,68.0,22.0,1.0,50,3.0,2,0.0
C1,2531,-0.12320344447248976,198.9,114.9,1,10.8,17.1875,158.0,27.0,22.0,1.0,50,1.0,0,0.0
C1,2532,-0.07270888022800828,192.70000000000002,109.3,1,18.4,17.1875,118.0,46.0,22.0,1.0,50,2.0,2,0.0
C1,2533,-0.0817470568607952,199.5,108.0,1,20.4,17.1875,126.0,51.0,22.0,1.0,50,2.0,2,0.0
C1,2534,-0.1474861097181573,206.1,115.1,1,9.6,17.1875,135.0,24.0,22.0,1.0,50,1.0,2,0.0
C1,2535,-0.07827558340236768,179.79999999999998,105.7,1,9.6,17.1875,109.0,24.0,22.0,1.0,50,1.0,1,0.0
C1,2536,-0.10399118559799603,188.9,104.89999999999999,1,9.2,17.1875,133.0,23.0,22.0,1.0,50,1.0,2,0.0
C1,2537,-0.07934750607134167,195.89999999999998,111.19999999999999,1,18.8,17.1875,137.0,47.0,22.0,1.0,50,2.0,0,0.0
C1,2538,-0.08786581425399209,197.1,111.4,1,17.6,17.1875,114.0,44.0,22.0,1.0,50,2.0,2,0.0
C1,2539,-0.06944476162241314,190.1,108.8,1,17.6,17.1875,122.0,44.0,22.0,1.0,50,2.0,0,0.0
C1,2540,-0.02377544705884721,191.70000000000002,108.89999999999999,1,29.6,17.1875,134.0,74.0,22.0,1.0,50,3.0,1,0.0
C1,2541,-0.021380089368481042,189.1,108.2,1,28.4,17.1875,137.0,71.0,22.0,1.0,50,3.0,0,0.0
C1,2542,-0.04081164122750697,179.9,104.3,1,18.0,17.1875,123.0,45.0,22.0,1.0,50,2.0,0,0.0
C1,2543,-0.03325050772859581,182.4,105.39999999999999,1,21.2,17.1875,140.0,53.0,22.0,1.0,50,2.0,2,0.0
C1,2544,-0.0895740218171566,186.79999999999998,109.5,1,11.2,17.1875,141.0,28.0,22.0,1.0,50,1.0,0,0.0
C1,2545,-0.025671910697386474,195.6,109.3,1,32.0,17.1875,147.0,80.0,22.0,1.0,50,3.0,2,0.0
C1,2546,-0.0981444839605635,188.70000000000002,106.7,1,10.4,17.1875,142.0,26.0,22.0,1.0,50,1.0,0,0.0
C1,2547,-0.10943788498477897,190.29999999999998,105.6,1,8.8,17.1875,130.0,22.0,22.0,1.0,50,1.0,0,0.0
C1,2548,-0.07908434817660481,195.8,109.3,1,18.8,17.1875,135.0,47.0,22.0,1.0,50,2.0,0,0.0
C1,2549,-0.029412225292180905,177.6,107.6,1,19.2,17.1875,135.0,48.0,22.0,1.0,50,2.0,1,0.0
C1,2550,-0.015765651806584763,188.1,107.6,1,29.2,17.1875,136.0,73.0,22.0,1.0,50,3.0,1,0.0
C1,2551,-0.00403228863121749,192.8,109.8,1,36.8,17.1875,172.0,92.0,22.0,1.0,50,3.0,0,0.0
C1,2552,-0.09557186552512148,188.4,103.7,1,10.8,17.1875,155.0,27.0,22.0,1.0,50,1.0,1,0.0
C1,2553,-0.06406505708657834,174.4,102.0,1,9.6,17.1875,150.0,24.0,22.0,1.0,50,1.0,1,0.0
C1,2554,0.00044383371708064945,190.70000000000002,108.60000000000001,1,36.4,17.1875,151.0,91.0,22.0,1.0,50,3.0,2,0.0
C1,2555,-0.026868317107418355,194.5,107.80000000000001,1,30.8,17.1875,139.0,77.0,22.0,1.0,50,3.0,1,0.0
C1,2556,-0.04797991419183395,186.0,105.30000000000001,1,20.0,17.1875,152.0,50.0,22.0,1.0,50,2.0,0,0.0
C1,2557,-0.037722815479899974,197.0,108.3,1,29.6,17.1875,134.0,74.0,22.0,1.0,50,3.0,2,0.0
C1,2558,-0.12935215866904698,197.2,114.0,1,8.4,17.1875,111.0,21.0,22.0,1.0,50,1.0,2,0.0
C1,2559,0.007851320944752216,169.4,100.0,1,22.8,17.1875,98.0,57.0,22.0,1.0,50,3.0,1,0.0
C1,2560,-0.051225897632890455,191.20000000000002,105.7,1,22.4,17.1875,109.0,56.0,22.0,1.0,50,3.0,2,0.0
