Cluster,Step,Reward,Latency_P90,Latency_Avg,Replicas,CPU_Pct,RAM_Pct,Requests,Total_CPU,Total_RAM,Success,HPA_Target,Throughput,Enhancement,Forecast
C2,1,0.11721194471777908,95.10000000000001,51.9,1,3.2,16.40625,41.0,8.0,21.0,1.0,50,1.0,0,0.0
C2,2,-0.09911547791342679,206.1,117.7,1,20.4,16.40625,134.0,51.0,21.0,1.0,50,2.0,1,0.0
C2,3,-0.024971077411886755,173.2,99.8,1,17.6,16.40625,100.0,44.0,21.0,1.0,50,2.0,0,0.0
C2,4,-0.06902543695250984,199.9,115.7,1,23.6,16.40625,103.0,59.0,21.0,1.0,50,3.0,1,0.0
C2,5,-0.07306800289604842,199.5,114.6,1,22.4,16.40625,151.0,56.0,21.0,1.0,50,2.0,0,0.0
C2,6,-0.07397112470907594,204.3,114.1,1,25.2,17.1875,169.0,63.0,22.0,1.0,50,2.0,0,0.0
C2,7,-0.03157246538985592,157.4,96.10000000000001,1,6.8,16.40625,85.0,17.0,21.0,1.0,50,1.0,0,0.0
C2,8,0.020766663619450065,147.60000000000002,93.7,1,12.8,16.40625,83.0,32.0,21.0,1.0,50,2.0,2,0.0
C2,9,0.7541437003574938,18.0,17.8,1,1.2,16.40625,12.0,3.0,21.0,1.0,50,1.0,0,0.0
C2,10,-0.10708178843518779,217.5,117.9,1,25.6,16.40625,100.0,64.0,21.0,1.0,50,3.0,1,0.0
C2,11,-0.10325817326264425,200.9,113.69999999999999,1,16.4,16.40625,116.0,41.0,21.0,1.0,50,2.0,0,0.0
C2,12,0.1173569470208087,96.3,51.5,1,4.0,16.40625,41.0,10.0,21.0,1.0,50,1.0,0,0.0
C2,13,0.13298249833440257,107.7,63.70000000000001,1,14.4,16.40625,55.0,36.0,21.0,1.0,50,3.0,0,0.0
C2,14,0.14557594206577407,91.39999999999999,50.8,1,7.6,16.40625,42.0,19.0,21.0,1.0,50,2.0,0,0.0
C2,15,0.5756891360775801,45.199999999999996,34.9,1,11.2,16.40625,37.0,28.0,21.0,1.0,50,3.0,2,0.0
C2,16,-0.0696164941881339,208.0,116.4,1,28.8,16.40625,122.0,72.0,21.0,1.0,50,3.0,0,0.0
C2,17,0.5642170082943546,44.3,34.8,1,6.8,16.40625,33.0,17.0,21.0,1.0,50,2.0,2,0.0
C2,18,0.5121038649311859,48.7,35.2,1,3.6,16.40625,38.0,9.0,21.0,1.0,50,1.0,1,0.0
C2,19,0.12591099922568988,100.2,60.8,1,8.4,16.40625,58.0,21.0,21.0,1.0,50,2.0,1,0.0
C2,20,-0.07732774340497467,209.2,117.3,1,27.6,16.40625,106.0,69.0,21.0,1.0,50,3.0,1,0.0
C2,21,0.11643673943557198,118.1,70.3,1,16.8,16.40625,64.0,42.0,21.0,1.0,50,3.0,2,0.0
C2,22,0.055391283982287,123.7,72.5,1,6.4,16.40625,69.0,16.0,21.0,1.0,50,1.0,0,0.0
C2,23,0.017268083446001226,146.2,93.8,1,11.2,16.40625,87.0,28.0,21.0,1.0,50,2.0,2,0.0
C2,24,0.11731899948245955,102.8,62.199999999999996,1,8.0,16.40625,54.0,20.0,21.0,1.0,50,2.0,2,0.0
C2,25,-0.01189152683332989,151.9,98.3,1,8.0,16.40625,85.0,20.0,21.0,1.0,50,1.0,0,0.0
C2,26,-0.044912238507702734,175.3,101.1,1,14.4,16.40625,91.0,36.0,21.0,1.0,50,2.0,1,0.0
C2,27,-0.07045060868299094,204.8,116.8,1,26.4,16.40625,117.0,66.0,21.0,1.0,50,3.0,0,0.0
C2,28,0.7557347567600108,18.2,17.9,1,1.6,16.40625,14.0,4.0,21.0,1.0,50,1.0,2,0.0
C2,29,0.5542091280890806,43.9,33.8,1,3.6,16.40625,36.0,9.0,21.0,1.0,50,1.0,1,0.0
C2,30,-0.13355103340547636,194.20000000000002,107.2,1,5.6,16.40625,97.0,14.0,21.0,1.0,50,1.0,2,0.0
C2,31,0.013427534610144065,140.3,89.39999999999999,1,6.8,16.40625,73.0,17.0,21.0,1.0,50,1.0,2,0.0
C2,32,0.00926015259208987,143.2,87.7,1,7.6,16.40625,86.0,19.0,21.0,1.0,50,1.0,2,0.0
C2,33,0.12467388045021752,108.8,63.0,1,13.2,16.40625,51.0,33.0,21.0,1.0,50,3.0,0,0.0
C2,34,0.11313508467208164,112.5,73.6,1,12.8,16.40625,70.0,32.0,21.0,1.0,50,2.0,2,0.0
C2,35,0.0330279139629447,130.89999999999998,78.3,1,5.6,16.40625,74.0,14.0,21.0,1.0,50,1.0,1,0.0
C2,36,0.6556998757053709,32.9,26.5,1,4.8,16.40625,25.0,12.0,21.0,1.0,50,2.0,2,0.0
C2,37,0.7557347567600108,18.1,17.7,1,1.6,16.40625,11.0,4.0,21.0,1.0,50,1.0,2,0.0
C2,38,0.6531463545504474,33.0,26.599999999999998,1,4.4,16.40625,22.0,11.0,21.0,1.0,50,2.0,0,0.0
C2,39,0.15794436311840565,86.7,50.9,1,7.6,16.40625,49.0,19.0,21.0,1.0,50,2.0,0,0.0
C2,40,0.6607842858449562,32.9,26.0,1,6.0,16.40625,21.0,15.0,21.0,1.0,50,3.0,0,0.0
C2,41,0.544786713671882,44.6,36.3,1,2.8,16.40625,30.0,7.0,21.0,1.0,50,1.0,1,0.0
C2,42,0.1806024949013248,72.9,46.300000000000004,1,4.4,16.40625,46.0,11.0,21.0,1.0,50,1.0,0,0.0
C2,43,0.6484249230914094,32.599999999999994,26.200000000000003,1,2.4,16.40625,24.0,6.0,21.0,1.0,50,1.0,0,0.0
C2,44,0.6493021160738655,32.5,26.700000000000003,1,2.4,16.40625,22.0,6.0,21.0,1.0,50,1.0,2,0.0
C2,45,-0.163080941041303,212.7,118.1,1,10.0,16.40625,113.0,25.0,21.0,1.0,50,1.0,2,0.0
C2,46,-0.09493854108165467,202.5,113.60000000000001,1,19.2,16.40625,248.0,48.0,21.0,1.0,50,1.0,0,0.0
C2,47,0.043331190179114895,174.1,92.1,2,60.4,16.40625,308.0,151.0,21.0,1.0,50,3.0,1,0.0
C2,48,0.15991300620498008,90.30000000000001,47.0,2,10.2,16.015625,72.0,51.0,41.0,1.0,50,3.0,0,0.0
C2,49,0.5457272581058144,44.4,31.4,2,2.6,16.015625,58.0,13.0,41.0,1.0,50,1.0,0,0.0
C2,50,0.16151366681787377,83.7,42.8,2,6.6,16.015625,69.0,33.0,41.0,1.0,50,2.0,1,0.0
C2,51,0.6065084466431228,38.699999999999996,25.5,2,5.2,16.015625,36.0,26.0,41.0,1.0,50,3.0,1,0.0
C2,52,0.5196068613313658,48.800000000000004,35.0,2,5.6,16.015625,58.0,28.0,41.0,1.0,50,2.0,2,0.0
C2,53,0.171529525798249,79.0,43.3,1,8.0,16.40625,44.0,20.0,21.0,1.0,50,2.0,1,0.0
C2,54,0.1036790226870615,104.7,60.400000000000006,1,6.0,16.40625,56.0,15.0,21.0,1.0,50,1.0,0,0.0
C2,55,0.6711741571204266,32.9,26.4,1,8.4,16.40625,27.0,21.0,21.0,1.0,50,3.0,0,0.0
C2,56,0.06317511330978941,118.8,74.7,1,5.2,16.40625,65.0,13.0,21.0,1.0,50,1.0,1,0.0
C2,57,0.18611677274821972,83.4,47.5,1,12.0,16.40625,44.0,30.0,21.0,1.0,50,3.0,2,0.0
C2,58,0.6685769173744529,32.599999999999994,26.8,1,7.2,16.40625,24.0,18.0,21.0,1.0,50,3.0,0,0.0
C2,59,0.5782590248113664,44.5,35.6,1,10.4,16.40625,35.0,26.0,21.0,1.0,50,3.0,1,0.0
C2,60,0.1617004729099004,86.6,48.5,1,8.4,16.40625,46.0,21.0,21.0,1.0,50,2.0,2,0.0
C2,61,0.07513317712083943,114.9,65.19999999999999,1,5.6,16.40625,59.0,14.0,21.0,1.0,50,1.0,0,0.0
C2,62,0.4611479541607234,47.9,35.7,1,6.8,16.40625,36.0,17.0,21.0,1.0,70,2.0,0,0.0
C2,63,0.01353830409090312,111.5,68.9,1,5.2,16.40625,58.0,13.0,21.0,1.0,70,1.0,2,0.0
C2,64,0.08477971616512622,93.8,50.9,1,13.6,16.40625,48.0,34.0,21.0,1.0,70,3.0,1,0.0
C2,65,0.11372666498157634,81.8,46.5,1,12.8,16.40625,44.0,32.0,21.0,1.0,70,3.0,2,0.0
C2,66,0.4560920819254374,48.599999999999994,36.0,1,7.2,16.40625,35.0,18.0,21.0,1.0,70,2.0,0,0.0
C2,67,0.050218675261398116,104.0,67.7,1,11.2,16.40625,50.0,28.0,21.0,1.0,70,3.0,0,0.0
C2,68,0.07986401174999877,88.3,46.800000000000004,1,7.2,16.40625,45.0,18.0,21.0,1.0,70,2.0,1,0.0
C2,69,0.03323438389091796,104.80000000000001,61.400000000000006,1,6.0,16.40625,58.0,15.0,21.0,1.0,70,1.0,1,0.0
C2,70,0.5806435672487977,33.8,27.599999999999998,1,5.2,16.40625,21.0,13.0,21.0,1.0,70,2.0,1,0.0
C2,71,0.039304441403045856,115.3,70.2,1,16.8,16.40625,69.0,42.0,21.0,1.0,70,3.0,2,0.0
C2,72,0.7027210189426429,18.1,17.8,1,5.6,16.40625,19.0,14.0,21.0,1.0,70,2.0,0,0.0
C2,73,0.4290954344073689,50.0,17.5,1,1.2,16.40625,8.0,3.0,21.0,1.0,70,1.0,0,0.0
C2,74,0.7006861961390762,17.9,17.6,1,4.8,16.40625,13.0,12.0,21.0,1.0,70,3.0,2,0.0
C2,75,0.7027210189426429,18.1,17.7,1,5.6,16.40625,15.0,14.0,21.0,1.0,70,3.0,2,0.0
C2,76,0.5985817114937282,33.0,27.400000000000002,1,9.2,16.40625,28.0,23.0,21.0,1.0,70,3.0,0,0.0
C2,77,0.6940263352002114,17.9,17.6,1,2.0,16.40625,19.0,5.0,21.0,1.0,70,1.0,1,0.0
C2,78,0.00520761158697175,133.39999999999998,83.3,1,20.4,17.1875,74.0,51.0,22.0,1.0,70,3.0,0,0.0
C2,79,0.08556165269780634,93.0,49.8,1,13.2,16.40625,49.0,33.0,21.0,1.0,70,3.0,1,0.0
C2,80,0.000878913679485116,116.7,75.30000000000001,1,5.6,16.40625,62.0,14.0,21.0,1.0,70,1.0,0,0.0
C2,81,0.04901165603118515,105.89999999999999,62.9,1,12.4,16.40625,55.0,31.0,21.0,1.0,70,3.0,0,0.0
C2,82,-0.15998277739685884,203.6,116.5,1,25.2,17.1875,107.0,63.0,22.0,1.0,70,3.0,1,0.0
C2,83,0.581520760231254,33.7,27.400000000000002,1,5.2,16.40625,25.0,13.0,21.0,1.0,70,2.0,2,0.0
C2,84,0.5894154970733592,32.800000000000004,26.0,1,5.2,16.40625,24.0,13.0,21.0,1.0,70,2.0,2,0.0
C2,85,-0.15512997874808532,202.4,115.1,1,25.6,17.1875,101.0,64.0,22.0,1.0,70,3.0,0,0.0
C2,86,-0.13609644454679265,201.1,115.1,1,29.2,16.40625,125.0,73.0,21.0,1.0,70,3.0,1,0.0
C2,87,0.5063590261385911,44.2,36.3,1,11.2,16.40625,38.0,28.0,21.0,1.0,70,3.0,1,0.0
C2,88,0.5741490324781,34.2,25.9,1,4.0,16.40625,28.0,10.0,21.0,1.0,70,1.0,0,0.0
C2,89,-0.05306845474156749,137.2,82.69999999999999,1,5.6,16.40625,77.0,14.0,21.0,1.0,70,1.0,1,0.0
C2,90,-0.04330380117225474,133.1,83.6,1,5.2,16.40625,75.0,13.0,21.0,1.0,70,1.0,2,0.0
C2,91,-0.18298388817050848,188.6,108.3,1,7.6,16.40625,107.0,19.0,21.0,1.0,70,1.0,2,0.0
C2,92,-0.2346038784770736,211.29999999999998,119.9,1,10.4,17.1875,117.0,26.0,22.0,1.0,70,1.0,1,0.0
C2,93,-0.13761435634422725,195.1,112.60000000000001,1,25.2,16.40625,111.0,63.0,21.0,1.0,70,3.0,2,0.0
C2,94,-0.18609784741417662,198.8,117.9,1,15.2,16.40625,200.0,38.0,21.0,1.0,70,1.0,0,0.0
C2,95,-0.1958167805309985,193.89999999999998,114.3,1,8.0,16.40625,100.0,20.0,21.0,1.0,70,1.0,2,0.0
C2,96,-0.1997915576017571,213.10000000000002,119.1,1,21.6,16.40625,133.0,54.0,21.0,1.0,70,2.0,2,0.0
C2,97,-0.04458039085257609,207.4,118.5,1,56.0,16.40625,231.0,140.0,21.0,1.0,70,3.0,0,0.0
C2,98,-0.22095172870446594,208.0,116.0,1,12.0,16.40625,165.0,30.0,21.0,1.0,70,1.0,2,0.0
C2,99,-0.0707132572333394,199.9,110.8,1,43.2,16.40625,184.0,108.0,21.0,1.0,70,3.0,1,0.0
C2,100,-0.16824701029306277,204.2,113.3,1,23.6,16.40625,290.0,59.0,21.0,1.0,70,1.0,2,0.0
C2,101,-0.16310802608559727,201.0,112.8,1,22.8,16.40625,270.0,57.0,21.0,1.0,70,1.0,2,0.0
C2,102,0.027631578947368493,184.29999999999998,93.10000000000001,2,75.2,16.015625,522.0,376.0,41.0,1.0,70,3.0,0,0.0
C2,103,0.003194659649483067,121.39999999999999,66.69999999999999,2,10.8,16.015625,148.0,54.0,41.0,1.0,70,2.0,2,0.0
C2,104,0.01307784459203959,119.8,63.4,2,12.6,16.015625,143.0,63.0,41.0,1.0,70,2.0,2,0.0
C2,105,0.06137089164563826,98.6,52.3,2,10.2,16.015625,81.0,51.0,41.0,1.0,70,3.0,0,0.0
C2,106,-0.03429989933247918,134.5,71.2,2,9.8,16.015625,117.0,49.0,41.0,1.0,70,2.0,0,0.0
C2,107,0.04918295927505341,111.0,62.6,2,16.4,16.015625,194.0,82.0,41.0,1.0,70,2.0,0,0.0
C2,108,-0.17033695369219393,194.0,107.89999999999999,1,18.4,16.40625,107.0,46.0,21.0,1.0,70,2.0,0,0.0
C2,109,-0.056502458214345186,138.9,83.3,1,6.0,16.40625,78.0,15.0,21.0,1.0,70,1.0,0,0.0
C2,110,0.5757406613762199,33.8,27.7,1,3.2,16.40625,29.0,8.0,21.0,1.0,70,1.0,0,0.0
C2,111,-0.0019880116985705742,117.4,66.10000000000001,1,5.2,16.40625,54.0,13.0,21.0,1.0,70,1.0,1,0.0
C2,112,0.03972206237092123,105.7,62.300000000000004,1,9.2,16.40625,55.0,23.0,21.0,1.0,70,2.0,2,0.0
C2,113,-0.21369899026065775,202.0,117.6,1,9.2,16.40625,110.0,23.0,21.0,1.0,70,1.0,2,0.0
C2,114,-0.20751681121139592,210.2,114.6,1,17.6,16.40625,111.0,44.0,21.0,1.0,70,2.0,1,0.0
C2,115,0.4347945418659959,47.4,34.7,1,11.6,16.40625,39.0,29.0,21.0,1.0,90,3.0,1,0.0
C2,116,0.5573034260847353,32.800000000000004,26.3,1,7.2,16.40625,26.0,18.0,21.0,1.0,90,3.0,2,0.0
C2,117,-0.23664967826511457,194.20000000000002,103.9,1,6.8,16.40625,97.0,17.0,21.0,1.0,90,1.0,0,0.0
C2,118,0.7573373474871592,20.0,18.0,1,2.0,16.40625,18.0,5.0,21.0,1.0,50,1.0,0,0.0
C2,119,0.7541437003574938,18.0,17.7,1,1.2,16.40625,11.0,3.0,21.0,1.0,50,1.0,2,0.0
C2,120,0.4894065094559651,50.0,18.0,1,0.8,16.40625,6.0,2.0,21.0,1.0,50,1.0,2,0.0
C2,121,0.639652993266848,33.6,26.4,1,2.4,16.40625,27.0,6.0,21.0,1.0,50,1.0,0,0.0
C2,122,0.7671814422697458,18.1,17.7,1,4.4,16.40625,13.0,11.0,21.0,1.0,50,3.0,2,0.0
C2,123,0.7605761873560926,17.9,17.6,1,2.8,16.40625,12.0,7.0,21.0,1.0,50,2.0,1,0.0
C2,124,0.6659713942592669,32.7,26.9,1,6.8,16.40625,24.0,17.0,21.0,1.0,50,3.0,0,0.0
C2,125,0.768857770442213,18.1,17.7,1,4.8,16.40625,14.0,12.0,21.0,1.0,50,3.0,1,0.0
C2,126,0.5510418659762408,47.4,34.4,1,10.0,16.40625,34.0,25.0,21.0,1.0,50,3.0,2,0.0
C2,127,0.6508084359458493,32.7,26.8,1,3.2,16.40625,28.0,8.0,21.0,1.0,50,1.0,0,0.0
C2,128,0.2122793035276771,59.6,42.8,1,3.6,16.40625,49.0,9.0,21.0,1.0,50,1.0,0,0.0
C2,129,0.7573373474871592,17.9,17.5,1,2.0,16.40625,11.0,5.0,21.0,1.0,50,1.0,2,0.0
C2,130,0.7671814422697458,18.0,17.7,1,4.4,16.40625,12.0,11.0,21.0,1.0,50,3.0,1,0.0
C2,131,0.5572351520187382,47.1,35.1,1,10.8,16.40625,35.0,27.0,21.0,1.0,50,3.0,2,0.0
C2,132,0.7671814422697458,18.2,17.8,1,4.4,16.40625,12.0,11.0,21.0,1.0,50,3.0,1,0.0
C2,133,0.7671814422697458,18.1,17.7,1,4.4,16.40625,16.0,11.0,21.0,1.0,50,2.0,2,0.0
C2,134,0.6558657189506332,32.5,25.9,1,4.0,16.40625,20.0,10.0,21.0,1.0,50,2.0,0,0.0
C2,135,0.7671814422697458,18.1,17.8,1,4.4,16.40625,16.0,11.0,21.0,1.0,50,2.0,2,0.0
C2,136,0.6668825120524624,32.4,25.4,1,6.4,16.40625,22.0,16.0,21.0,1.0,50,3.0,0,0.0
C2,137,0.7773749030311967,18.0,17.7,1,6.8,16.40625,17.0,17.0,21.0,1.0,50,3.0,2,0.0
C2,138,0.6507003561592561,32.9,27.900000000000002,1,3.6,16.40625,28.0,9.0,21.0,1.0,50,1.0,0,0.0
C2,139,0.7622119447177791,18.0,17.7,1,3.2,16.40625,10.0,8.0,21.0,1.0,50,2.0,2,0.0
C2,140,0.7573373474871592,18.1,17.8,1,2.0,16.40625,14.0,5.0,21.0,1.0,50,1.0,0,0.0
C2,141,0.6472996640160247,33.099999999999994,27.3,1,3.2,16.40625,26.0,8.0,21.0,1.0,50,1.0,0,0.0
C2,142,0.7671814422697458,18.0,17.8,1,4.4,16.40625,17.0,11.0,21.0,1.0,50,2.0,2,0.0
C2,143,0.6634158647923247,32.599999999999994,26.4,1,6.0,16.40625,20.0,15.0,21.0,1.0,50,3.0,1,0.0
C2,144,0.7573373474871592,17.8,17.6,1,2.0,16.40625,12.0,5.0,21.0,1.0,50,1.0,1,0.0
C2,145,0.6617121244892605,32.599999999999994,26.8,1,5.6,16.40625,27.0,14.0,21.0,1.0,50,2.0,0,0.0
C2,146,0.1377874436902423,93.7,48.800000000000004,1,7.2,16.40625,41.0,18.0,21.0,1.0,50,2.0,1,0.0
C2,147,0.6446680850686564,33.4,28.299999999999997,1,3.2,16.40625,25.0,8.0,21.0,1.0,50,1.0,2,0.0
C2,148,0.6549885259681771,32.599999999999994,26.1,1,4.0,16.40625,20.0,10.0,21.0,1.0,50,2.0,1,0.0
C2,149,0.5800134107762787,44.3,34.8,1,10.4,16.40625,30.0,26.0,21.0,1.0,50,3.0,1,0.0
C2,150,0.6387758002843917,33.7,27.7,1,2.4,16.40625,22.0,6.0,21.0,1.0,50,1.0,0,0.0
C2,151,0.13489852472941452,105.6,62.199999999999996,1,13.6,16.40625,53.0,34.0,21.0,1.0,50,3.0,0,0.0
C2,152,0.7671814422697458,17.9,17.6,1,4.4,16.40625,18.0,11.0,21.0,1.0,50,2.0,2,0.0
C2,153,0.7671814422697458,18.2,17.7,1,4.4,16.40625,16.0,11.0,21.0,1.0,50,2.0,0,0.0
C2,154,0.7756544418770237,18.2,17.7,1,6.4,16.40625,18.0,16.0,21.0,1.0,50,3.0,2,0.0
C2,155,0.6538173876471551,33.5,27.0,1,5.6,16.40625,23.0,14.0,21.0,1.0,50,2.0,2,0.0
C2,156,0.5608944115554034,43.9,34.1,1,5.2,16.40625,30.0,13.0,21.0,1.0,50,2.0,0,0.0
C2,157,0.6564489665945237,33.2,26.4,1,5.6,16.40625,27.0,14.0,21.0,1.0,50,2.0,0,0.0
C2,158,0.6659268192587564,33.099999999999994,27.099999999999998,1,7.6,16.40625,25.0,19.0,21.0,1.0,50,3.0,2,0.0
C2,159,0.1480190900629658,101.3,59.2,1,14.0,16.40625,59.0,35.0,21.0,1.0,50,3.0,2,0.0
C2,160,-0.1727732113006259,213.7,124.60000000000001,1,8.4,16.40625,100.0,21.0,21.0,1.0,50,1.0,2,0.0
C2,161,-0.04098786157977066,186.0,105.6,1,21.6,16.40625,94.0,54.0,21.0,1.0,50,3.0,1,0.0
C2,162,-0.03497036718387378,202.9,114.4,1,35.2,16.40625,153.0,88.0,21.0,1.0,50,3.0,0,0.0
C2,163,0.023817387647155228,134.4,87.3,1,5.6,16.40625,75.0,14.0,21.0,1.0,50,1.0,2,0.0
C2,164,0.14684210526315794,142.2,87.0,1,20.4,16.40625,89.0,51.0,21.0,1.0,30,3.0,2,0.0
C2,165,-0.02499999999999991,207.5,120.2,1,26.8,17.1875,114.0,67.0,22.0,1.0,30,3.0,2,0.0
C2,166,0.03000000000000007,180.2,88.9,3,33.6,16.015625,195.0,168.0,41.0,1.0,30,3.0,2,0.0
C2,167,0.2745835388530964,80.3,44.5,3,11.066667,15.885417,127.0,83.0,61.0,1.0,30,3.0,2,0.0
C2,168,0.2415281493706018,90.7,45.8,3,9.466666,15.885417,98.0,71.0,61.0,1.0,30,3.0,1,0.0
C2,169,0.27503117793869947,82.0,45.900000000000006,3,12.533334,15.885417,141.0,94.0,61.0,1.0,30,3.0,2,0.0
C2,170,0.32423005357929896,51.1,35.1,3,4.0,15.885417,73.0,30.0,61.0,1.0,30,2.0,1,0.0
C2,171,0.28556246865833246,68.5,41.7,3,5.733333,15.885417,99.0,43.0,61.0,1.0,30,2.0,2,0.0
C2,172,0.1666353972918808,113.0,56.5,2,7.4,16.015625,90.0,37.0,41.0,1.0,30,2.0,2,0.0
C2,173,0.2039211599031456,106.80000000000001,54.6,2,10.8,16.015625,87.0,54.0,41.0,1.0,30,3.0,0,0.0
C2,174,0.19328016965080227,112.9,57.8,2,12.4,16.015625,99.0,62.0,41.0,1.0,30,3.0,1,0.0
C2,175,0.12139545844601558,129.3,77.7,1,6.8,16.40625,77.0,17.0,21.0,1.0,30,1.0,0,0.0
C2,176,-0.05830070115840988,203.7,115.6,1,8.8,16.40625,127.0,22.0,21.0,1.0,30,1.0,2,0.0
C2,177,-0.0060526315789473095,200.3,114.8,1,25.6,16.40625,112.0,64.0,21.0,1.0,30,3.0,2,0.0
C2,178,0.12742522437277545,129.0,83.1,1,6.0,16.40625,79.0,15.0,21.0,1.0,30,1.0,0,0.0
C2,179,-0.06837820562892341,210.79999999999998,118.9,1,11.2,16.40625,142.0,28.0,21.0,1.0,30,1.0,2,0.0
C2,180,-0.03368421052631576,210.79999999999998,117.3,1,21.6,16.40625,122.0,54.0,21.0,1.0,30,2.0,2,0.0
C2,181,-0.0506975821332582,211.29999999999998,118.8,1,17.6,16.40625,104.0,44.0,21.0,1.0,30,2.0,1,0.0
C2,182,-0.006931967715621934,193.20000000000002,98.10000000000001,2,40.4,16.40625,173.0,101.0,21.0,1.0,30,3.0,0,0.0
C2,183,0.16054709520050503,119.1,66.19999999999999,2,7.8,16.015625,185.0,39.0,41.0,1.0,30,1.0,0,0.0
C2,184,0.20396368851378374,115.6,63.4,2,18.8,16.015625,138.0,94.0,41.0,1.0,30,3.0,1,0.0
C2,185,0.013669430791973872,115.6,63.1,2,9.2,16.015625,102.0,46.0,41.0,1.0,70,2.0,2,0.0
C2,186,-0.030801138555667962,127.40000000000002,67.6,2,4.2,16.015625,110.0,21.0,41.0,1.0,70,1.0,2,0.0
C2,187,0.017604272100580395,112.8,62.7,2,8.0,16.015625,154.0,40.0,41.0,1.0,70,1.0,2,0.0
C2,188,0.03559130133086978,113.0,63.9,2,14.0,16.015625,159.0,70.0,41.0,1.0,70,2.0,2,0.0
C2,189,-0.07776756719736957,145.0,77.7,1,7.2,16.015625,195.0,36.0,41.0,1.0,70,1.0,0,0.0
C2,190,-0.10829487449239428,206.9,117.4,1,38.8,16.40625,172.0,97.0,21.0,1.0,70,3.0,2,0.0
C2,191,-0.1818976515709229,204.5,115.1,1,20.4,16.40625,128.0,51.0,21.0,1.0,70,2.0,1,0.0
C2,192,-0.20056034315257187,207.0,115.6,1,17.2,16.40625,107.0,43.0,21.0,1.0,70,2.0,1,0.0
C2,193,-0.048356067090182864,144.9,90.7,1,14.0,16.40625,85.0,35.0,21.0,1.0,70,2.0,0,0.0
C2,194,-0.2058170407249465,207.9,115.9,1,16.4,16.40625,103.0,41.0,21.0,1.0,70,2.0,1,0.0
C2,195,-0.16884068392669643,203.8,118.0,1,23.2,16.40625,100.0,58.0,21.0,1.0,70,3.0,2,0.0
C2,196,-0.18919668230146247,203.8,116.0,1,18.0,16.40625,108.0,45.0,21.0,1.0,70,2.0,1,0.0
C2,197,-0.21013019426654728,202.0,117.6,1,10.4,16.40625,137.0,26.0,21.0,1.0,70,1.0,0,0.0
C2,198,-0.1627615576954538,205.3,114.6,1,25.6,16.40625,117.0,64.0,21.0,1.0,70,3.0,1,0.0
C2,199,0.024563124205800896,107.7,61.5,1,5.6,16.40625,59.0,14.0,21.0,1.0,70,1.0,2,0.0
C2,200,-0.2101678353129608,198.1,109.0,1,6.8,16.40625,95.0,17.0,21.0,1.0,70,1.0,2,0.0
C2,201,-0.19806397964958566,205.5,116.9,1,16.8,16.40625,106.0,42.0,21.0,1.0,70,2.0,1,0.0
C2,202,-0.16992382288074598,206.1,120.89999999999999,1,24.4,16.40625,103.0,61.0,21.0,1.0,70,3.0,1,0.0
C2,203,0.0036886958630832495,132.8,82.8,1,19.6,16.40625,76.0,49.0,21.0,1.0,70,3.0,2,0.0
C2,204,-0.1639301458179115,205.1,117.8,1,25.2,16.40625,100.0,63.0,21.0,1.0,70,3.0,2,0.0
C2,205,-0.1621944144862979,180.7,105.7,1,7.6,16.40625,91.0,19.0,21.0,1.0,70,1.0,1,0.0
C2,206,-0.18323169053429922,202.1,114.2,1,18.4,16.40625,115.0,46.0,21.0,1.0,70,2.0,2,0.0
C2,207,-0.10571329656495643,181.7,105.7,1,24.4,16.40625,92.0,61.0,21.0,1.0,70,3.0,2,0.0
C2,208,-0.04300528185577285,143.9,90.0,1,14.8,16.40625,87.0,37.0,21.0,1.0,70,2.0,1,0.0
C2,209,-0.129584229224194,176.8,104.89999999999999,1,14.8,17.1875,100.0,37.0,22.0,1.0,70,2.0,0,0.0
C2,210,0.021920543749747473,109.5,73.3,1,6.4,16.40625,70.0,16.0,21.0,1.0,70,1.0,0,0.0
C2,211,-0.02890491396579209,136.0,84.6,1,12.8,16.40625,76.0,32.0,21.0,1.0,70,2.0,0,0.0
C2,212,-0.08835629089165933,204.0,114.7,1,41.6,16.40625,172.0,104.0,21.0,1.0,70,3.0,1,0.0
C2,213,-0.1101422079328491,204.2,117.1,1,36.8,16.40625,168.0,92.0,21.0,1.0,70,3.0,0,0.0
C2,214,-0.1363468630391566,189.6,106.1,1,22.0,16.40625,95.0,55.0,21.0,1.0,70,3.0,2,0.0
C2,215,-0.11799622071606325,201.7,113.3,1,33.6,17.1875,146.0,84.0,22.0,1.0,70,3.0,1,0.0
C2,216,-0.22884577498554398,214.0,114.9,1,14.4,16.40625,209.0,36.0,21.0,1.0,70,1.0,0,0.0
C2,217,-0.18349484842903602,202.2,116.9,1,18.4,16.40625,237.0,46.0,21.0,1.0,70,1.0,0,0.0
C2,218,-0.07192018181630849,201.0,111.9,1,43.6,17.1875,277.0,109.0,22.0,1.0,70,2.0,2,0.0
C2,219,-0.14004942157017203,200.6,114.5,1,28.0,16.40625,180.0,70.0,21.0,1.0,70,2.0,0,0.0
C2,220,-0.08788971648671096,202.5,120.0,1,20.8,16.40625,125.0,52.0,21.0,1.0,50,2.0,1,0.0
C2,221,-0.11325823234347243,195.8,105.80000000000001,1,11.2,16.40625,139.0,28.0,21.0,1.0,50,1.0,1,0.0
C2,222,-0.044999718627978774,204.9,116.8,1,33.6,16.40625,194.0,84.0,21.0,1.0,50,2.0,0,0.0
C2,223,-0.13301242550763098,200.6,110.7,1,9.6,16.40625,110.0,24.0,21.0,1.0,50,1.0,0,0.0
C2,224,-0.12908900077431013,197.1,107.80000000000001,1,8.4,16.40625,116.0,21.0,21.0,1.0,50,1.0,2,0.0
C2,225,-0.09551135113948658,195.89999999999998,113.10000000000001,1,15.2,16.40625,199.0,38.0,21.0,1.0,50,1.0,0,0.0
C2,226,-0.12409872067902333,200.6,116.4,1,11.6,17.1875,147.0,29.0,22.0,1.0,50,1.0,2,0.0
C2,227,-0.11250540080818378,208.5,113.8,1,18.8,16.40625,210.0,47.0,21.0,1.0,50,1.0,1,0.0
C2,228,-0.09202904670702364,208.0,115.0,1,23.2,17.1875,144.0,58.0,22.0,1.0,50,2.0,1,0.0
C2,229,-0.01578947368421041,204.0,115.3,1,46.0,16.40625,188.0,115.0,21.0,1.0,50,3.0,2,0.0
C2,230,-0.09970791951714997,201.6,115.6,1,17.6,16.40625,211.0,44.0,21.0,1.0,50,1.0,1,0.0
C2,231,-0.012631578947368383,202.8,115.1,1,54.8,16.40625,235.0,137.0,21.0,1.0,50,3.0,1,0.0
C2,232,-0.10894234806565822,210.5,117.7,1,20.8,16.40625,133.0,52.0,21.0,1.0,50,2.0,0,0.0
C2,233,-0.010263157894736752,201.9,114.6,1,42.8,16.40625,181.0,107.0,21.0,1.0,50,3.0,0,0.0
C2,234,-0.021315789473684232,206.1,117.8,1,41.6,16.40625,176.0,104.0,21.0,1.0,50,3.0,2,0.0
C2,235,-0.2641455283845026,209.3,119.2,1,15.6,16.40625,204.0,39.0,21.0,1.0,90,1.0,1,0.0
C2,236,-0.22801644404980276,207.0,120.2,1,28.8,16.40625,182.0,72.0,21.0,1.0,90,2.0,0,0.0
C2,237,-0.229384242984722,204.2,113.5,1,25.6,16.40625,117.0,64.0,21.0,1.0,90,3.0,2,0.0
C2,238,-0.21647734744974806,209.3,118.1,1,34.4,16.40625,139.0,86.0,21.0,1.0,90,3.0,2,0.0
C2,239,-0.23827563357260062,197.1,113.10000000000001,1,11.6,16.40625,157.0,29.0,21.0,1.0,90,1.0,0,0.0
C2,240,-0.20791269249355798,186.0,110.5,1,12.4,16.40625,169.0,31.0,21.0,1.0,90,1.0,0,0.0
C2,241,-0.08349912918472946,205.4,115.8,1,63.6,17.1875,267.0,159.0,22.0,1.0,90,3.0,2,0.0
C2,242,-0.13457401755119952,203.9,115.2,1,51.2,16.40625,332.0,128.0,21.0,1.0,90,2.0,1,0.0
C2,243,-0.19288089282777837,205.2,116.9,1,38.0,16.40625,216.0,95.0,21.0,1.0,90,2.0,2,0.0
C2,244,-0.15405465744313435,204.6,117.2,1,47.2,16.40625,317.0,118.0,21.0,1.0,90,2.0,0,0.0
C2,245,-0.07150323267800332,205.2,116.6,1,66.4,16.40625,284.0,166.0,21.0,1.0,90,3.0,2,0.0
C2,246,-0.1880430514523928,204.5,117.9,1,38.8,16.40625,251.0,97.0,21.0,1.0,90,2.0,2,0.0
C2,247,-0.19225366033251046,204.4,116.3,1,37.6,16.40625,236.0,94.0,21.0,1.0,90,2.0,2,0.0
C2,248,-0.18341717638010446,208.1,116.9,1,42.4,16.40625,273.0,106.0,21.0,1.0,90,2.0,1,0.0
C2,249,-0.10720553309444561,202.4,114.7,1,56.4,16.40625,249.0,141.0,21.0,1.0,90,3.0,2,0.0
C2,250,-0.23864728229379406,199.1,115.3,1,14.8,16.40625,187.0,37.0,21.0,1.0,90,1.0,0,0.0
C2,251,-0.26123682269452525,213.0,118.0,1,22.0,16.40625,283.0,55.0,21.0,1.0,90,1.0,2,0.0
C2,252,-0.24305699186236074,216.4,124.5,1,32.0,16.40625,180.0,80.0,21.0,1.0,90,2.0,2,0.0
C2,253,-0.23731920645137572,197.4,112.5,1,12.8,16.40625,155.0,32.0,21.0,1.0,90,1.0,2,0.0
C2,254,-0.21177711972176172,207.0,117.4,1,34.0,16.40625,150.0,85.0,21.0,1.0,90,3.0,2,0.0
C2,255,-0.24928096589620313,205.3,117.4,1,18.0,16.40625,120.0,45.0,21.0,1.0,90,2.0,0,0.0
C2,256,-0.22490467998597546,203.7,114.3,1,26.8,16.40625,116.0,67.0,21.0,1.0,90,3.0,2,0.0
C2,257,-0.24782973891081844,203.1,113.69999999999999,1,15.6,16.40625,100.0,39.0,21.0,1.0,90,2.0,2,0.0
C2,258,-0.23014590400973256,204.1,117.4,1,25.2,16.40625,109.0,63.0,21.0,1.0,90,3.0,0,0.0
C2,259,-0.19177503718797217,187.29999999999998,103.6,1,22.8,16.40625,96.0,57.0,21.0,1.0,90,3.0,0,0.0
C2,260,-0.2279838868508982,205.7,116.2,1,27.6,16.40625,113.0,69.0,21.0,1.0,90,3.0,1,0.0
C2,261,-0.27748615988839,212.0,123.39999999999999,1,11.6,16.40625,145.0,29.0,21.0,1.0,90,1.0,2,0.0
C2,262,-0.22996323801292462,210.0,117.1,1,30.8,17.1875,127.0,77.0,22.0,1.0,90,3.0,0,0.0
C2,263,-0.26827563357260054,208.5,119.8,1,11.6,16.40625,146.0,29.0,21.0,1.0,90,1.0,0,0.0
C2,264,-0.2730453804030289,209.1,116.7,1,9.2,16.40625,112.0,23.0,21.0,1.0,90,1.0,0,0.0
C2,265,-0.2227348588829146,200.9,112.10000000000001,1,24.8,16.40625,109.0,62.0,21.0,1.0,90,3.0,1,0.0
C2,266,-0.2627822088338616,206.2,111.8,1,11.2,16.40625,135.0,28.0,21.0,1.0,90,1.0,1,0.0
C2,267,-0.25009137875030907,206.5,117.3,1,19.2,16.40625,123.0,48.0,21.0,1.0,90,2.0,0,0.0
C2,268,-0.2335716961925025,194.1,114.6,1,9.2,16.40625,109.0,23.0,21.0,1.0,90,1.0,1,0.0
C2,269,-0.2174585008404839,190.8,113.69999999999999,1,14.4,16.40625,100.0,36.0,21.0,1.0,90,2.0,2,0.0
C2,270,-0.20967853815819387,187.6,105.39999999999999,1,14.0,16.40625,97.0,35.0,21.0,1.0,90,2.0,0,0.0
C2,271,-0.2626682333562433,210.10000000000002,116.1,1,17.6,16.40625,109.0,44.0,21.0,1.0,90,2.0,1,0.0
C2,272,-0.04956506296083546,130.3,79.9,1,19.2,16.40625,77.0,48.0,21.0,1.0,90,3.0,2,0.0
C2,273,-0.07831060900298403,134.20000000000002,83.6,1,7.2,16.40625,74.0,18.0,21.0,1.0,90,1.0,1,0.0
C2,274,-0.05464833945964412,124.39999999999999,77.8,1,5.2,16.40625,68.0,13.0,21.0,1.0,90,1.0,2,0.0
C2,275,-0.06859342272007632,132.20000000000002,81.8,1,10.8,16.40625,72.0,27.0,21.0,1.0,90,2.0,1,0.0
C2,276,-0.003933524406725675,133.39999999999998,82.10000000000001,1,18.0,16.40625,76.0,45.0,21.0,1.0,70,3.0,1,0.0
C2,277,0.004191515442663649,120.1,76.30000000000001,1,10.0,16.40625,66.0,25.0,21.0,1.0,70,2.0,2,0.0
C2,278,-0.05063686080314128,146.8,90.2,1,14.8,16.40625,80.0,37.0,21.0,1.0,70,2.0,2,0.0
C2,279,-0.017412903685970343,129.70000000000002,82.5,1,11.2,16.40625,74.0,28.0,21.0,1.0,70,2.0,2,0.0
C2,280,-0.003043127000869561,132.5,84.4,1,17.6,16.40625,72.0,44.0,21.0,1.0,70,3.0,0,0.0
C2,281,-0.18503402736309832,201.1,118.1,1,17.2,16.40625,120.0,43.0,21.0,1.0,70,2.0,2,0.0
C2,282,-0.0005124717751467389,132.1,82.9,1,18.0,16.40625,71.0,45.0,21.0,1.0,70,3.0,0,0.0
C2,283,-0.193718237889414,204.4,114.5,1,17.2,16.40625,109.0,43.0,21.0,1.0,70,2.0,1,0.0
C2,284,-0.14479155760175705,192.20000000000002,104.80000000000001,1,21.6,16.40625,92.0,54.0,21.0,1.0,70,3.0,1,0.0
C2,285,0.010231431887221712,130.89999999999998,82.10000000000001,1,20.0,16.40625,79.0,50.0,21.0,1.0,70,3.0,1,0.0
C2,286,-0.13792204368889327,171.9,98.19999999999999,1,8.0,16.40625,96.0,20.0,21.0,1.0,70,1.0,2,0.0
C2,287,-0.1268382367338755,186.6,107.30000000000001,1,22.4,16.40625,92.0,56.0,21.0,1.0,70,3.0,0,0.0
C2,288,-0.0042660726235546065,137.0,84.9,1,20.4,17.1875,77.0,51.0,22.0,1.0,70,3.0,2,0.0
C2,289,-0.01002756704073604,133.5,84.7,1,16.4,16.40625,78.0,41.0,21.0,1.0,70,3.0,2,0.0
C2,290,-0.21255314046077883,198.6,107.89999999999999,1,6.4,16.40625,91.0,16.0,21.0,1.0,70,1.0,0,0.0
C2,291,-0.20249012551364748,197.3,114.1,1,8.8,16.40625,117.0,22.0,21.0,1.0,70,1.0,2,0.0
C2,292,-0.039660352951187305,132.5,85.0,1,6.0,16.40625,71.0,15.0,21.0,1.0,70,1.0,2,0.0
C2,293,-0.055424722353965145,148.10000000000002,93.3,1,14.4,16.40625,80.0,36.0,21.0,1.0,70,2.0,2,0.0
C2,294,-0.0451359882500012,135.8,85.8,1,7.2,16.40625,73.0,18.0,21.0,1.0,70,1.0,1,0.0
C2,295,0.014363139196858735,122.1,73.3,1,14.8,16.40625,64.0,37.0,21.0,1.0,70,3.0,2,0.0
C2,296,-0.01743559885499449,142.6,92.39999999999999,1,20.8,16.40625,87.0,52.0,21.0,1.0,70,3.0,0,0.0
C2,297,0.006288222432948173,127.3,80.60000000000001,1,16.4,16.40625,72.0,41.0,21.0,1.0,70,3.0,2,0.0
C2,298,0.12401553073680843,132.1,78.60000000000001,1,7.2,16.40625,78.0,18.0,21.0,1.0,30,1.0,1,0.0
C2,299,-0.0059729626066160335,180.9,95.69999999999999,1,6.8,16.40625,85.0,17.0,21.0,1.0,30,1.0,1,0.0
C2,300,0.105385432808697,146.3,95.4,1,12.4,16.40625,83.0,31.0,21.0,1.0,30,2.0,2,0.0
C2,301,-0.14774926761289414,206.2,114.4,1,29.6,16.40625,121.0,74.0,21.0,1.0,70,3.0,1,0.0
C2,302,-0.1783257300498029,186.0,103.1,1,6.8,16.40625,91.0,17.0,21.0,1.0,70,1.0,1,0.0
C2,303,-0.042851862782242234,142.3,91.1,1,13.6,16.40625,84.0,34.0,21.0,1.0,70,2.0,1,0.0
C2,304,-0.04465840361867357,134.8,79.3,1,6.4,16.40625,79.0,16.0,21.0,1.0,70,1.0,0,0.0
C2,305,-0.1095408620128892,177.6,101.6,1,20.8,16.40625,92.0,52.0,21.0,1.0,70,3.0,0,0.0
C2,306,-0.22544787730288407,203.5,108.8,1,6.4,16.40625,97.0,16.0,21.0,1.0,70,1.0,2,0.0
C2,307,-0.07255314046077885,145.4,89.6,1,6.4,16.40625,83.0,16.0,21.0,1.0,70,1.0,2,0.0
C2,308,-0.019157244282223873,140.9,91.80000000000001,1,19.2,16.40625,81.0,48.0,21.0,1.0,70,3.0,2,0.0
C2,309,-0.017216070300107772,130.1,84.8,1,11.6,16.40625,75.0,29.0,21.0,1.0,70,2.0,1,0.0
C2,310,-0.2032470460652453,196.3,106.7,1,7.6,16.40625,95.0,19.0,21.0,1.0,70,1.0,1,0.0
C2,311,-0.12566512046335004,205.3,115.2,1,34.0,16.40625,146.0,85.0,21.0,1.0,70,3.0,2,0.0
C2,312,-0.2006368608031412,203.8,114.7,1,14.8,16.40625,155.0,37.0,21.0,1.0,70,1.0,0,0.0
C2,313,-0.2298728303552643,206.0,113.3,1,7.2,16.40625,107.0,18.0,21.0,1.0,70,1.0,2,0.0
C2,314,-0.25351020395998214,215.4,122.1,1,7.6,16.40625,104.0,19.0,21.0,1.0,70,1.0,1,0.0
C2,315,-0.11082054724968299,179.9,102.2,1,22.0,16.40625,96.0,55.0,21.0,1.0,70,3.0,1,0.0
C2,316,-0.18709141914356786,203.0,113.69999999999999,1,18.0,16.40625,119.0,45.0,21.0,1.0,70,2.0,1,0.0
C2,317,-0.18053778982129648,209.5,117.2,1,24.0,16.40625,164.0,60.0,21.0,1.0,70,2.0,0,0.0
C2,318,-0.2323340939352086,216.9,131.6,1,15.6,16.40625,100.0,39.0,21.0,1.0,70,2.0,2,0.0
C2,319,-0.19604876304966495,212.9,117.6,1,22.4,16.40625,130.0,56.0,21.0,1.0,70,2.0,1,0.0
C2,320,-0.14176515156761882,204.6,114.6,1,30.0,16.40625,126.0,75.0,21.0,1.0,70,3.0,2,0.0
C2,321,0.04387357262359559,115.8,71.0,1,18.4,16.40625,69.0,46.0,21.0,1.0,70,3.0,1,0.0
C2,322,-0.15776155769545375,203.4,113.19999999999999,1,25.6,17.1875,107.0,64.0,22.0,1.0,70,3.0,0,0.0
C2,323,-0.17638261259739746,203.6,113.60000000000001,1,21.2,16.40625,139.0,53.0,21.0,1.0,70,2.0,2,0.0
C2,324,-0.11487905003811213,206.0,116.5,1,36.8,16.40625,164.0,92.0,21.0,1.0,70,3.0,0,0.0
C2,325,-0.2145181668438651,204.6,119.2,1,11.2,16.40625,115.0,28.0,21.0,1.0,70,1.0,2,0.0
C2,326,-0.19345277863909405,208.3,114.0,1,20.0,16.40625,127.0,50.0,21.0,1.0,70,2.0,2,0.0
C2,327,-0.21326117467238837,197.3,110.3,1,24.8,16.40625,153.0,62.0,21.0,1.0,90,2.0,1,0.0
C2,328,-0.24731920645137578,201.2,116.8,1,12.8,16.40625,170.0,32.0,21.0,1.0,90,1.0,2,0.0
C2,329,-0.2683085382977657,207.3,118.0,1,9.2,16.40625,131.0,23.0,21.0,1.0,90,1.0,0,0.0
C2,330,-0.18055804179698876,203.4,115.4,1,40.0,16.40625,167.0,100.0,21.0,1.0,90,3.0,2,0.0
C2,331,-0.05043538432342207,204.5,117.5,1,31.6,16.40625,199.0,79.0,21.0,1.0,50,2.0,1,0.0
C2,332,-0.12171775204229732,203.8,115.8,1,14.0,16.40625,175.0,35.0,21.0,1.0,50,1.0,0,0.0
C2,333,0.05868923088171013,146.8,95.2,1,20.8,16.40625,89.0,52.0,21.0,1.0,50,3.0,0,0.0
C2,334,-0.0448953969542113,203.9,115.9,1,32.8,16.40625,139.0,82.0,21.0,1.0,50,3.0,0,0.0
C2,335,-0.07699994313496583,204.2,115.8,1,24.4,16.40625,101.0,61.0,21.0,1.0,50,3.0,0,0.0
C2,336,-0.12883556278428643,202.4,112.9,1,11.6,16.40625,139.0,29.0,21.0,1.0,50,1.0,0,0.0
C2,337,-0.07442222881095084,187.20000000000002,104.2,1,14.8,16.40625,94.0,37.0,21.0,1.0,50,2.0,0,0.0
C2,338,-0.16097567788340822,211.9,115.4,1,10.0,16.40625,126.0,25.0,21.0,1.0,50,1.0,0,0.0
C2,339,-0.14715081289354243,208.0,119.3,1,10.8,16.40625,106.0,27.0,21.0,1.0,50,1.0,2,0.0
C2,340,-0.11216568910499919,203.6,113.3,1,16.0,17.1875,168.0,40.0,22.0,1.0,50,1.0,2,0.0
C2,341,-0.010526315789473717,202.0,112.3,1,40.4,16.40625,170.0,101.0,21.0,1.0,50,3.0,1,0.0
C2,342,-0.09076055109609732,198.2,113.0,1,17.6,16.40625,239.0,44.0,21.0,1.0,50,1.0,0,0.0
C2,343,-0.03944405139440019,204.6,116.4,1,35.2,16.40625,157.0,88.0,21.0,1.0,50,3.0,1,0.0
C2,344,-0.05469399182569015,205.6,118.7,1,31.2,17.1875,131.0,78.0,22.0,1.0,50,3.0,2,0.0
C2,345,-0.09271675629709714,203.0,114.6,1,20.0,16.40625,138.0,50.0,21.0,1.0,50,2.0,0,0.0
C2,346,-0.09382119028186797,201.4,114.4,1,18.8,16.40625,232.0,47.0,21.0,1.0,50,1.0,2,0.0
C2,347,-0.08226310102970263,206.2,116.6,1,24.4,16.40625,146.0,61.0,21.0,1.0,50,2.0,1,0.0
C2,348,-0.0319809099370342,169.7,105.0,1,14.0,16.40625,100.0,35.0,21.0,1.0,50,2.0,2,0.0
C2,349,-0.15669663603394673,209.60000000000002,112.69999999999999,1,9.6,16.40625,134.0,24.0,21.0,1.0,50,1.0,1,0.0
C2,350,-0.007894736842105288,201.0,117.6,1,30.4,16.40625,130.0,76.0,21.0,1.0,30,3.0,2,0.0
C2,351,-0.027368421052631542,208.4,116.7,1,20.8,16.40625,146.0,52.0,21.0,1.0,30,2.0,2,0.0
C2,352,-0.00710526315789467,200.7,113.9,1,26.8,16.40625,109.0,67.0,21.0,1.0,30,3.0,2,0.0
C2,353,-0.04748418219005793,201.8,116.0,1,10.4,16.40625,119.0,26.0,21.0,1.0,30,1.0,2,0.0
C2,354,-0.010789473684210404,198.9,103.9,2,38.0,16.40625,157.0,95.0,21.0,1.0,30,3.0,1,0.0
C2,355,-0.11101730408345642,103.7,53.1,6,86.8,15.885417,760.0,651.0,61.0,1.0,30,3.0,0,0.0
C2,356,0.6852685454751861,40.599999999999994,28.7,7,9.314285,15.736608,663.0,163.0,141.0,1.0,30,1.0,2,0.0
C2,357,0.7,44.6,30.200000000000003,7,20.571428,15.736608,724.0,360.0,141.0,1.0,30,2.0,2,0.0
C2,358,0.6950877192982456,44.2,29.4,8,34.228573,15.736608,812.0,599.0,141.0,1.0,30,3.0,0,0.0
C2,359,0.6971459346135473,40.2,27.900000000000002,8,9.3,15.722656,775.0,186.0,161.0,1.0,30,1.0,0,0.0
C2,360,0.7216664591993966,40.7,28.299999999999997,8,18.95,15.722656,791.0,379.0,161.0,1.0,30,2.0,1,0.0
C2,361,0.724561403508772,41.8,28.400000000000002,8,29.85,15.722656,828.0,597.0,161.0,1.0,30,3.0,1,0.0
C2,362,0.6716327548224437,43.5,28.8,8,10.25,15.722656,827.0,205.0,161.0,1.0,30,1.0,1,0.0
C2,363,0.6784820638853506,42.8,28.299999999999997,8,10.45,15.722656,801.0,209.0,161.0,1.0,30,1.0,1,0.0
C2,364,0.737719298245614,40.300000000000004,28.1,8,30.2,15.722656,836.0,604.0,161.0,1.0,30,3.0,1,0.0
C2,365,0.6579974132746265,44.6,29.7,8,9.15,15.722656,791.0,183.0,161.0,1.0,30,1.0,1,0.0
C2,366,0.6961524604893776,43.4,28.400000000000002,8,18.15,15.722656,724.0,363.0,161.0,1.0,30,2.0,0,0.0
C2,367,0.7289473684210526,41.300000000000004,28.400000000000002,8,25.5,15.722656,683.0,510.0,161.0,1.0,30,3.0,2,0.0
C2,368,0.6731339349762566,43.0,28.7,8,9.45,15.722656,801.0,189.0,161.0,1.0,30,1.0,0,0.0
C2,369,0.7315789473684211,41.0,28.299999999999997,8,29.6,15.722656,799.0,592.0,161.0,1.0,30,3.0,1,0.0
C2,370,0.6668448055280427,43.8,28.9,8,9.65,15.722656,766.0,193.0,161.0,1.0,30,1.0,2,0.0
C2,371,0.7052631578947368,44.0,28.400000000000002,8,29.1,15.722656,784.0,582.0,161.0,1.0,30,3.0,1,0.0
C2,372,0.6895051688308271,39.6,27.3,8,5.95,15.722656,145.0,119.0,161.0,1.0,30,3.0,0,0.0
C2,373,0.729235158124528,33.8,24.299999999999997,8,3.25,15.722656,77.0,65.0,161.0,1.0,30,3.0,0,0.0
C2,374,0.6770860071470617,39.6,27.599999999999998,8,2.95,15.722656,97.0,59.0,161.0,1.0,30,2.0,1,0.0
C2,375,0.6335735403803906,43.9,27.799999999999997,8,1.6,15.722656,92.0,32.0,161.0,1.0,30,1.0,2,0.0
C2,376,0.6434123194705466,43.8,27.799999999999997,8,3.7,15.722656,91.0,74.0,161.0,1.0,30,3.0,1,0.0
C2,377,-0.03572131136845477,96.8,48.9,2,7.2,15.885417,110.0,54.0,61.0,1.0,30,3.0,1,0.0
C2,378,0.1288575099678567,141.6,81.9,1,19.6,16.40625,81.0,49.0,21.0,1.0,30,3.0,2,0.0
C2,379,-0.027803805376053675,195.89999999999998,115.7,1,11.6,16.40625,112.0,29.0,21.0,1.0,30,1.0,1,0.0
C2,380,0.11643335246050829,141.6,93.2,1,12.0,16.40625,80.0,30.0,21.0,1.0,30,2.0,2,0.0
C2,381,-0.027368421052631542,208.4,115.9,1,28.0,16.40625,117.0,70.0,21.0,1.0,30,3.0,2,0.0
C2,382,0.14447368421052634,143.1,92.8,1,20.0,16.40625,82.0,50.0,21.0,1.0,30,3.0,0,0.0
C2,383,-0.03471302374010671,195.3,106.2,1,9.2,16.40625,95.0,23.0,21.0,1.0,30,1.0,0,0.0
C2,384,0.12142039558738038,140.7,89.30000000000001,1,12.8,16.40625,86.0,32.0,21.0,1.0,30,2.0,1,0.0
C2,385,-0.027288752080300266,189.0,99.9,1,6.8,16.40625,93.0,17.0,21.0,1.0,30,1.0,0,0.0
C2,386,0.08980093429610131,153.2,92.7,1,13.2,16.40625,89.0,33.0,21.0,1.0,30,2.0,0,0.0
C2,387,0.056052631578947465,176.7,101.5,1,21.6,16.40625,94.0,54.0,21.0,1.0,30,3.0,1,0.0
C2,388,-0.039828078637794584,197.8,112.19999999999999,1,9.6,16.40625,127.0,24.0,21.0,1.0,30,1.0,1,0.0
C2,389,0.1008028989732685,152.10000000000002,84.2,2,19.4,16.015625,157.0,97.0,41.0,1.0,30,3.0,2,0.0
C2,390,0.19747780694851927,118.4,65.3,2,19.2,16.015625,165.0,96.0,41.0,1.0,30,3.0,0,0.0
C2,391,0.20151384468505557,116.7,62.8,2,19.0,16.015625,153.0,95.0,41.0,1.0,30,3.0,1,0.0
C2,392,0.18063228746638027,121.39999999999999,64.19999999999999,2,15.6,16.015625,123.0,78.0,41.0,1.0,30,3.0,2,0.0
C2,393,0.16200393313954733,119.7,67.8,2,8.6,16.015625,199.0,43.0,41.0,1.0,30,1.0,2,0.0
C2,394,0.22605263157894737,112.10000000000001,61.699999999999996,2,21.2,16.015625,162.0,106.0,41.0,1.0,30,3.0,1,0.0
C2,395,0.18676175985992577,120.1,65.8,2,16.6,16.015625,194.0,83.0,41.0,1.0,30,2.0,0,0.0
C2,396,0.2242105263157895,112.8,62.7,2,25.6,16.015625,207.0,128.0,41.0,1.0,30,3.0,2,0.0
C2,397,0.22146318623099467,99.6,51.6,2,10.4,16.015625,77.0,52.0,41.0,1.0,30,3.0,1,0.0
C2,398,0.25164703827638235,82.10000000000001,43.9,2,6.2,16.015625,65.0,31.0,41.0,1.0,30,2.0,1,0.0
C2,399,0.1722771845201001,117.2,62.9,2,9.6,16.015625,126.0,48.0,41.0,1.0,30,2.0,1,0.0
C2,400,0.20032733058950672,112.60000000000001,63.70000000000001,2,14.4,16.015625,182.0,72.0,41.0,1.0,30,2.0,2,0.0
C2,401,0.20815789473684213,118.9,63.5,2,21.2,16.015625,168.0,106.0,41.0,1.0,30,3.0,0,0.0
C2,402,0.2030616453993286,114.3,62.1,2,17.0,16.015625,207.0,85.0,41.0,1.0,30,2.0,2,0.0
C2,403,0.15321469805698598,119.2,65.0,2,6.0,16.015625,118.0,30.0,41.0,1.0,30,1.0,2,0.0
C2,404,0.16875230143427705,113.60000000000001,62.300000000000004,2,6.2,16.015625,162.0,31.0,41.0,1.0,30,1.0,0,0.0
C2,405,0.12610943489909127,129.5,66.69999999999999,2,6.0,16.015625,157.0,30.0,41.0,1.0,30,1.0,1,0.0
C2,406,0.20331549101913024,115.5,63.5,2,18.4,16.015625,156.0,92.0,41.0,1.0,30,3.0,1,0.0
C2,407,0.20569302273316448,109.39999999999999,62.300000000000004,2,13.4,16.015625,120.0,67.0,41.0,1.0,30,3.0,1,0.0
C2,408,0.18415810080826447,105.89999999999999,64.10000000000001,2,5.0,16.015625,119.0,25.0,41.0,1.0,30,1.0,0,0.0
C2,409,0.1923879483161411,101.2,55.199999999999996,2,4.0,16.015625,90.0,20.0,41.0,1.0,30,1.0,1,0.0
C2,410,0.20481272320298216,101.1,53.6,2,7.0,16.015625,86.0,35.0,41.0,1.0,30,2.0,1,0.0
C2,411,0.21967480240042628,101.6,53.199999999999996,2,11.4,16.015625,83.0,57.0,41.0,1.0,30,3.0,1,0.0
C2,412,0.18550010727156666,110.60000000000001,59.8,1,10.8,16.40625,62.0,27.0,21.0,1.0,30,2.0,0,0.0
C2,413,0.025327330589506758,179.10000000000002,101.2,1,14.4,16.40625,98.0,36.0,21.0,1.0,30,2.0,0,0.0
C2,414,0.0515789473684211,175.2,91.6,2,22.0,16.015625,248.0,110.0,41.0,1.0,30,2.0,2,0.0
C2,415,0.22263157894736846,107.0,53.0,4,31.2,15.8203125,616.0,312.0,81.0,1.0,30,2.0,1,0.0
C2,416,0.25026315789473685,54.9,35.7,7,34.066666,15.755208,689.0,511.0,121.0,1.0,30,3.0,0,0.0
C2,417,0.7061403508771928,43.9,29.5,7,29.142857,15.736608,703.0,510.0,141.0,1.0,30,3.0,1,0.0
C2,418,0.6953257667933417,43.5,29.1,7,18.171429,15.736608,670.0,318.0,141.0,1.0,30,2.0,0,0.0
C2,419,0.6826072744940357,41.5,29.0,7,8.457143,15.736608,630.0,148.0,141.0,1.0,30,1.0,2,0.0
C2,420,0.7096491228070174,43.5,29.1,7,27.257143,15.736608,689.0,477.0,141.0,1.0,30,3.0,2,0.0
C2,421,0.7017543859649122,44.4,29.9,7,30.285715,15.736608,743.0,530.0,141.0,1.0,30,3.0,1,0.0
C2,422,0.697404050966506,43.5,29.2,7,19.085714,15.736608,666.0,334.0,141.0,1.0,30,2.0,1,0.0
C2,423,0.7017543859649122,44.4,29.5,7,22.114286,15.736608,561.0,387.0,141.0,1.0,30,3.0,1,0.0
C2,424,0.6887791621713601,44.2,29.7,7,18.0,15.736608,653.0,315.0,141.0,1.0,30,2.0,0,0.0
C2,425,0.6615355779154839,44.0,29.4,7,8.685715,15.736608,645.0,152.0,141.0,1.0,30,1.0,1,0.0
C2,426,0.6905827582886328,43.9,29.1,7,17.657143,15.736608,680.0,309.0,141.0,1.0,30,2.0,1,0.0
C2,427,0.685438596491228,45.3,31.099999999999998,6,20.733334,15.755208,697.0,311.0,121.0,1.0,30,2.0,2,0.0
C2,428,0.6616319600921865,45.199999999999996,30.5,6,11.666667,15.885417,718.0,175.0,122.0,1.0,30,1.0,0,0.0
C2,429,0.6316030199888314,48.599999999999994,34.1,5,14.24,15.78125,731.0,178.0,101.0,1.0,30,1.0,1,0.0
C2,430,0.36179274113812016,50.6,35.5,5,13.84,15.78125,735.0,173.0,101.0,1.0,30,1.0,0,0.0
C2,431,0.6656140350877193,46.6,31.2,7,34.066666,15.755208,739.0,511.0,121.0,1.0,30,3.0,2,0.0
C2,432,0.6973684210526314,44.900000000000006,29.8,7,20.571428,15.736608,744.0,360.0,141.0,1.0,30,2.0,2,0.0
C2,433,0.6707879142779678,42.6,28.400000000000002,7,7.885714,15.736608,559.0,138.0,141.0,1.0,30,1.0,0,0.0
C2,434,0.6898822120813557,44.4,29.9,7,19.257143,15.736608,712.0,337.0,141.0,1.0,30,2.0,0,0.0
C2,435,0.6731607534077144,44.699999999999996,29.9,7,13.885715,15.736608,332.0,243.0,141.0,1.0,30,3.0,2,0.0
C2,436,0.6693077832093555,39.6,25.4,7,1.1428572,15.736608,70.0,20.0,141.0,1.0,30,1.0,2,0.0
C2,437,0.6667569451321789,39.4,26.4,5,4.08,15.78125,57.0,51.0,101.0,1.0,30,3.0,0,0.0
C2,438,0.628656626725681,44.5,29.4,5,1.68,15.78125,70.0,21.0,101.0,1.0,30,1.0,1,0.0
C2,439,0.636800036265682,45.0,30.5,5,4.64,15.78125,83.0,58.0,101.0,1.0,30,3.0,2,0.0
C2,440,0.7229506454641819,34.2,25.1,4,4.6,15.8203125,57.0,46.0,81.0,1.0,30,3.0,2,0.0
C2,441,0.017631578947368415,143.3,83.2,1,22.4,16.40625,83.0,56.0,21.0,1.0,30,3.0,0,0.0
C2,442,0.14763881129416728,136.3,82.9,1,18.0,16.40625,70.0,45.0,21.0,1.0,30,3.0,1,0.0
C2,443,0.08113230055127876,147.79999999999998,89.1,1,6.8,16.40625,81.0,17.0,21.0,1.0,30,1.0,1,0.0
C2,444,0.16737565339943047,128.8,84.5,1,18.0,16.40625,77.0,45.0,21.0,1.0,30,3.0,0,0.0
C2,445,0.04425120212369196,163.0,97.19999999999999,1,7.6,16.40625,82.0,19.0,21.0,1.0,30,1.0,0,0.0
C2,446,-0.053397234266422455,202.4,115.2,1,9.2,17.1875,105.0,23.0,22.0,1.0,30,1.0,0,0.0
C2,447,0.13564859070343385,134.8,81.69999999999999,1,12.4,16.40625,71.0,31.0,21.0,1.0,30,2.0,1,0.0
C2,448,0.14696438017711808,130.5,82.9,1,12.4,16.40625,71.0,31.0,21.0,1.0,30,2.0,1,0.0
C2,449,0.16236842105263158,136.3,85.7,1,20.4,16.40625,76.0,51.0,21.0,1.0,30,3.0,1,0.0
C2,450,-0.025709804711879197,188.4,109.89999999999999,1,6.8,16.40625,96.0,17.0,21.0,1.0,30,1.0,1,0.0
C2,451,-0.05751122747419932,203.4,111.9,1,8.8,16.40625,113.0,22.0,21.0,1.0,30,1.0,0,0.0
C2,452,0.1545912471973504,127.1,79.10000000000001,1,12.0,16.40625,76.0,30.0,21.0,1.0,30,2.0,0,0.0
C2,453,0.19114452312989968,119.4,73.1,1,17.6,16.40625,69.0,44.0,21.0,1.0,30,3.0,2,0.0
C2,454,0.053760389638166914,121.1,77.10000000000001,1,4.4,16.40625,70.0,11.0,21.0,1.0,50,1.0,2,0.0
C2,455,0.056448966594523656,122.0,73.0,1,5.6,16.40625,65.0,14.0,21.0,1.0,50,1.0,2,0.0
C2,456,0.034937038344954346,142.9,93.7,1,13.2,16.40625,85.0,33.0,21.0,1.0,50,2.0,0,0.0
C2,457,0.06480098327453554,129.5,79.2,1,12.0,17.1875,72.0,30.0,22.0,1.0,50,2.0,1,0.0
C2,458,0.09262275336255821,131.89999999999998,80.8,1,19.6,16.40625,79.0,49.0,21.0,1.0,50,3.0,0,0.0
C2,459,0.09580288446048907,115.0,69.1,1,10.4,16.40625,64.0,26.0,21.0,1.0,50,2.0,2,0.0
C2,460,0.07884703081442221,122.80000000000001,73.1,1,11.2,16.40625,65.0,28.0,21.0,1.0,50,2.0,1,0.0
C2,461,-0.1041335726202503,190.29999999999998,113.8,1,10.0,16.40625,115.0,25.0,21.0,1.0,50,1.0,1,0.0
C2,462,0.10854540585243946,116.3,71.9,1,14.0,16.40625,63.0,35.0,21.0,1.0,50,3.0,0,0.0
C2,463,0.06690624643243023,128.70000000000002,82.0,1,12.0,17.1875,74.0,30.0,22.0,1.0,50,2.0,2,0.0
C2,464,0.11648934938958153,97.9,55.1,1,4.8,16.40625,58.0,12.0,21.0,1.0,50,1.0,1,0.0
C2,465,0.13298249833440257,107.7,62.300000000000004,1,14.4,16.40625,56.0,36.0,21.0,1.0,50,3.0,1,0.0
C2,466,0.05791195541505258,120.80000000000001,70.6,1,5.2,16.40625,63.0,13.0,21.0,1.0,50,1.0,2,0.0
C2,467,0.11043719826451921,98.3,50.1,1,3.6,16.40625,46.0,9.0,21.0,1.0,50,1.0,1,0.0
C2,468,0.15933205185726884,87.5,46.4,1,8.4,16.40625,45.0,21.0,21.0,1.0,50,2.0,1,0.0
C2,469,0.0722832437029029,140.3,87.7,1,20.0,16.40625,82.0,50.0,21.0,1.0,50,3.0,2,0.0
C2,470,-0.13366480028965533,205.6,115.6,1,12.4,16.40625,155.0,31.0,21.0,1.0,50,1.0,2,0.0
C2,471,-0.04725085806580745,203.8,114.8,1,32.0,17.1875,133.0,80.0,22.0,1.0,50,3.0,0,0.0
C2,472,0.0742277448887368,114.6,71.5,1,5.2,16.40625,51.0,13.0,21.0,1.0,50,1.0,2,0.0
C2,473,0.04975180675525023,140.7,87.9,1,15.2,16.40625,89.0,38.0,21.0,1.0,50,2.0,2,0.0
C2,474,0.11845685185732624,103.7,58.7,1,8.8,16.40625,58.0,22.0,21.0,1.0,50,2.0,0,0.0
C2,475,0.08964724412642364,108.10000000000001,62.7,1,4.8,16.40625,51.0,12.0,21.0,1.0,50,1.0,2,0.0
C2,476,-0.04810643933726666,177.2,103.5,1,14.8,16.40625,96.0,37.0,21.0,1.0,50,2.0,2,0.0
C2,477,-0.07392389369834568,204.9,114.6,1,25.6,16.40625,109.0,64.0,21.0,1.0,50,3.0,1,0.0
C2,478,-0.08021353161843645,177.2,103.6,1,7.6,16.40625,97.0,19.0,21.0,1.0,50,1.0,2,0.0
C2,479,-0.14519901672546448,209.3,118.1,1,12.0,16.40625,128.0,30.0,21.0,1.0,50,1.0,1,0.0
C2,480,0.09102681415889619,68.6,44.4,1,4.0,16.40625,43.0,10.0,21.0,1.0,90,1.0,1,0.0
C2,481,-0.011750880138392344,107.80000000000001,59.6,1,4.4,16.40625,53.0,11.0,21.0,1.0,90,1.0,2,0.0
C2,482,0.004035871066671665,102.1,60.400000000000006,1,5.2,16.40625,51.0,13.0,21.0,1.0,90,1.0,2,0.0
C2,483,0.058403096980126246,84.8,49.099999999999994,1,12.4,16.40625,48.0,31.0,21.0,1.0,90,3.0,2,0.0
C2,484,0.7484778559517229,32.9,27.0,1,6.0,16.40625,27.0,15.0,21.0,1.0,30,2.0,2,0.0
C2,485,0.007392239417788049,179.29999999999998,103.9,1,9.2,16.40625,120.0,23.0,21.0,1.0,30,1.0,2,0.0
C2,486,0.17307352475252244,109.8,63.5,1,4.8,16.40625,57.0,12.0,21.0,1.0,30,1.0,0,0.0
C2,487,0.17176403472627735,108.39999999999999,66.60000000000001,1,3.6,16.40625,56.0,9.0,21.0,1.0,30,1.0,2,0.0
C2,488,-0.020000000000000018,205.6,116.3,1,20.0,16.40625,122.0,50.0,21.0,1.0,30,2.0,2,0.0
C2,489,0.6135322447221565,48.099999999999994,33.8,1,5.6,16.40625,30.0,14.0,21.0,1.0,30,2.0,2,0.0
C2,490,0.7523488640701417,33.0,27.099999999999998,1,7.2,16.40625,23.0,18.0,21.0,1.0,30,3.0,2,0.0
C2,491,0.20317742200035158,97.10000000000001,49.9,1,4.0,16.40625,41.0,10.0,21.0,1.0,30,1.0,1,0.0
C2,492,0.7410702342809132,33.0,26.599999999999998,1,4.4,16.40625,23.0,11.0,21.0,1.0,30,2.0,0,0.0
C2,493,0.7273705956381136,33.6,28.2,1,2.4,16.40625,22.0,6.0,21.0,1.0,30,1.0,0,0.0
C2,494,0.7493550489341789,32.800000000000004,28.1,1,6.0,16.40625,25.0,15.0,21.0,1.0,30,2.0,0,0.0
C2,495,0.7565319038780778,32.7,25.9,1,7.6,16.40625,26.0,19.0,21.0,1.0,30,3.0,0,0.0
C2,496,0.7413042835984798,32.4,26.599999999999998,1,3.2,16.40625,29.0,8.0,21.0,1.0,30,1.0,2,0.0
C2,497,0.742479613143209,33.4,27.400000000000002,1,5.6,16.40625,28.0,14.0,21.0,1.0,30,2.0,0,0.0
C2,498,0.7456897440901857,33.4,26.5,1,6.4,16.40625,21.0,16.0,21.0,1.0,30,3.0,0,0.0
C2,499,0.7565319038780778,32.7,26.599999999999998,1,7.6,16.40625,26.0,19.0,21.0,1.0,30,3.0,0,0.0
C2,500,-0.06164324726321782,204.4,117.3,1,8.4,16.40625,106.0,21.0,21.0,1.0,30,1.0,0,0.0
C2,501,-0.04040404087551347,201.7,112.4,1,12.4,17.1875,134.0,31.0,22.0,1.0,30,1.0,2,0.0
C2,502,-0.0026315789473684847,199.0,113.9,1,31.2,16.40625,137.0,78.0,21.0,1.0,30,3.0,2,0.0
C2,503,-0.10026315789473683,172.1,72.6,5,33.2,15.8203125,735.0,332.0,81.0,1.0,30,2.0,1,0.0
C2,504,0.6328073048295524,49.2,34.2,5,13.6,15.78125,710.0,170.0,101.0,1.0,30,1.0,2,0.0
C2,505,0.6631578947368422,48.800000000000004,33.7,5,26.72,15.78125,731.0,334.0,101.0,1.0,30,2.0,1,0.0
C2,506,0.352353776173579,55.1,35.5,5,14.64,15.78125,783.0,183.0,101.0,1.0,30,1.0,0,0.0
C2,507,0.6336059803318854,49.6,34.3,5,15.04,15.78125,772.0,188.0,101.0,1.0,30,1.0,0,0.0
C2,508,0.6614035087719299,49.0,33.6,5,32.0,15.78125,854.0,400.0,101.0,1.0,30,2.0,2,0.0
C2,509,0.5578947368421052,46.4,31.2,8,37.866665,15.755208,786.0,568.0,121.0,1.0,30,3.0,1,0.0
C2,510,0.7052240999586947,39.300000000000004,27.3,8,9.35,15.722656,379.0,187.0,161.0,1.0,30,2.0,1,0.0
C2,511,0.806845382716431,23.8,19.0,8,0.9,15.722656,21.0,18.0,161.0,1.0,30,3.0,1,0.0
C2,512,0.8384284920676683,18.8,17.6,8,0.5,15.722656,15.0,10.0,161.0,1.0,30,1.0,2,0.0
C2,513,0.8403969603068182,18.1,17.7,8,0.95,15.722656,16.0,19.0,161.0,1.0,30,3.0,1,0.0
C2,514,0.8408330815410681,18.1,17.7,8,1.05,15.722656,15.0,21.0,161.0,1.0,30,3.0,1,0.0
C2,515,0.6344240247947377,18.0,17.7,3,2.0,15.885417,17.0,15.0,61.0,1.0,30,2.0,1,0.0
C2,516,0.8281082353210536,19.099999999999998,17.8,1,2.0,17.1875,17.0,5.0,22.0,1.0,30,1.0,0,0.0
C2,517,0.8449503405842114,18.2,17.6,1,2.0,17.1875,13.0,5.0,22.0,1.0,30,1.0,2,0.0
C2,518,0.8483776397808107,18.4,17.8,1,2.8,16.40625,11.0,7.0,21.0,1.0,30,2.0,2,0.0
C2,519,0.8221433230403519,22.599999999999998,18.0,1,2.0,16.40625,8.0,5.0,21.0,1.0,30,2.0,2,0.0
C2,520,0.580064768450566,50.0,17.7,1,1.6,16.40625,8.0,4.0,21.0,1.0,30,1.0,0,0.0
C2,521,0.31906771989422167,60.3,43.0,1,8.8,16.40625,48.0,22.0,21.0,1.0,30,2.0,2,0.0
C2,522,0.7265292879526324,33.5,26.8,1,2.0,16.40625,26.0,5.0,21.0,1.0,30,1.0,2,0.0
C2,523,0.8483776397808107,18.2,17.8,1,2.8,16.40625,7.0,7.0,21.0,1.0,30,3.0,1,0.0
C2,524,0.8256520949701764,22.2,18.2,1,2.0,16.40625,7.0,5.0,21.0,1.0,30,2.0,0,0.0
C2,525,0.5783284365275948,50.0,17.7,1,1.2,16.40625,8.0,3.0,21.0,1.0,30,1.0,1,0.0
C2,526,0.8500762134230411,18.0,17.6,1,3.2,16.40625,14.0,8.0,21.0,1.0,30,2.0,2,0.0
C2,527,0.843222663187408,18.599999999999998,17.9,1,1.6,16.40625,11.0,4.0,21.0,1.0,30,1.0,2,0.0
C2,528,0.8449503405842114,18.0,17.7,1,2.0,16.40625,5.0,5.0,21.0,1.0,30,3.0,0,0.0
C2,529,0.028421052631579014,187.20000000000002,105.5,1,23.2,17.1875,95.0,58.0,22.0,1.0,30,3.0,0,0.0
C2,530,0.15295154016224913,119.3,75.6,1,6.0,16.40625,60.0,15.0,21.0,1.0,30,1.0,1,0.0
C2,531,0.2056316377896853,96.8,62.4,1,4.4,16.40625,50.0,11.0,21.0,1.0,30,1.0,2,0.0
C2,532,-0.04548563998157121,197.1,116.6,1,7.6,16.40625,103.0,19.0,21.0,1.0,30,1.0,1,0.0
C2,533,0.18726171441058176,119.3,75.0,1,16.0,16.40625,69.0,40.0,21.0,1.0,30,3.0,0,0.0
C2,534,0.5783284365275948,50.0,17.7,1,1.2,16.40625,6.0,3.0,21.0,1.0,30,1.0,2,0.0
C2,535,0.1864211114738958,104.1,61.199999999999996,1,4.4,16.40625,58.0,11.0,21.0,1.0,30,1.0,0,0.0
C2,536,0.6306335623512287,45.400000000000006,35.7,1,4.0,16.40625,35.0,10.0,21.0,1.0,30,1.0,1,0.0
C2,537,0.17789502412779792,120.2,78.8,1,13.6,16.40625,60.0,34.0,21.0,1.0,30,3.0,2,0.0
C2,538,0.10796289915786106,138.2,81.8,1,7.2,16.40625,80.0,18.0,21.0,1.0,30,1.0,0,0.0
C2,539,-0.0856420769269001,216.29999999999998,111.9,1,10.4,16.40625,100.0,26.0,21.0,1.0,30,1.0,2,0.0
C2,540,0.0009653716002478441,187.9,109.0,1,14.0,16.40625,96.0,35.0,21.0,1.0,30,2.0,1,0.0
C2,541,0.7507814233582961,33.0,25.9,1,6.8,16.40625,21.0,17.0,21.0,1.0,30,3.0,0,0.0
C2,542,0.8600234727923319,18.0,17.7,1,5.6,16.40625,15.0,14.0,21.0,1.0,30,3.0,1,0.0
C2,543,0.768857770442213,18.2,17.8,1,4.8,16.40625,12.0,12.0,21.0,1.0,50,3.0,2,0.0
C2,544,0.763858250896098,18.1,17.7,1,3.6,16.40625,15.0,9.0,21.0,1.0,50,2.0,0,0.0
C2,545,0.7655148417576507,19.0,18.0,1,4.0,16.40625,15.0,10.0,21.0,1.0,50,2.0,2,0.0
C2,546,0.6387758002843917,33.7,28.0,1,2.4,16.40625,20.0,6.0,21.0,1.0,50,1.0,2,0.0
C2,547,0.7573373474871592,18.3,17.8,1,2.0,16.40625,16.0,5.0,21.0,1.0,50,1.0,0,0.0
C2,548,0.758951238880883,19.7,18.0,1,2.4,16.40625,16.0,6.0,21.0,1.0,50,1.0,0,0.0
C2,549,0.7573373474871592,18.2,17.9,1,2.0,16.40625,12.0,5.0,21.0,1.0,50,1.0,1,0.0
C2,550,0.7557347567600108,19.900000000000002,17.9,1,1.6,16.40625,12.0,4.0,21.0,1.0,50,1.0,0,0.0
C2,551,0.5584095124451844,43.8,33.2,1,4.4,16.40625,32.0,11.0,21.0,1.0,50,1.0,2,0.0
C2,552,0.7722384402787341,18.0,17.7,1,5.6,16.40625,15.0,14.0,21.0,1.0,50,3.0,1,0.0
C2,553,0.09674176765652748,116.0,72.7,1,11.2,16.40625,67.0,28.0,21.0,1.0,50,2.0,2,0.0
C2,554,-0.04241183694998463,188.5,106.0,1,22.8,16.40625,95.0,57.0,21.0,1.0,50,3.0,2,0.0
C2,555,0.034334879536650015,144.5,97.19999999999999,1,14.0,17.1875,87.0,35.0,22.0,1.0,50,2.0,0,0.0
C2,556,0.5808664273797497,44.0,35.3,1,10.0,16.40625,35.0,25.0,21.0,1.0,50,3.0,2,0.0
C2,557,-0.03150199367288198,162.70000000000002,104.3,1,10.0,17.1875,92.0,25.0,22.0,1.0,50,1.0,0,0.0
C2,558,-0.10297203812274522,204.2,114.9,1,18.4,16.40625,127.0,46.0,21.0,1.0,50,2.0,0,0.0
C2,559,0.1201628793689346,116.0,70.6,1,16.4,16.40625,69.0,41.0,21.0,1.0,50,3.0,1,0.0
C2,560,0.6650681454446281,33.0,26.4,1,7.2,16.40625,25.0,18.0,21.0,1.0,50,3.0,2,0.0
C2,561,0.026515985713375406,146.1,95.10000000000001,1,13.2,16.40625,81.0,33.0,21.0,1.0,50,2.0,1,0.0
C2,562,0.11653339763277329,107.80000000000001,61.0,1,10.8,16.40625,58.0,27.0,21.0,1.0,50,2.0,0,0.0
C2,563,0.14489972147419777,106.6,61.9,1,16.4,16.40625,59.0,41.0,21.0,1.0,50,3.0,0,0.0
C2,564,-0.11399118559799593,192.70000000000002,111.5,1,9.2,16.40625,105.0,23.0,21.0,1.0,50,1.0,2,0.0
C2,565,0.07048249861253031,122.6,70.5,1,9.2,16.40625,69.0,23.0,21.0,1.0,50,2.0,0,0.0
C2,566,0.06946485862571611,140.7,88.8,1,19.6,16.40625,84.0,49.0,21.0,1.0,50,3.0,0,0.0
C2,567,-0.06471302022763736,206.7,115.7,1,29.2,16.40625,122.0,73.0,21.0,1.0,50,3.0,2,0.0
C2,568,0.16266737817311566,86.9,46.0,1,8.8,16.40625,47.0,22.0,21.0,1.0,50,2.0,0,0.0
C2,569,0.08869762130259437,117.7,71.6,1,10.4,16.40625,60.0,26.0,21.0,1.0,50,2.0,0,0.0
C2,570,-0.08370637806961223,196.20000000000002,111.9,1,18.0,16.40625,122.0,45.0,21.0,1.0,50,2.0,1,0.0
C2,571,-0.07248610971815725,177.6,108.2,1,9.6,17.1875,129.0,24.0,22.0,1.0,50,1.0,0,0.0
C2,572,-0.05392354654342685,202.6,111.8,1,29.2,16.40625,126.0,73.0,21.0,1.0,50,3.0,0,0.0
C2,573,-0.12761816817108979,199.9,108.0,1,10.4,16.40625,105.0,26.0,21.0,1.0,50,1.0,0,0.0
C2,574,-0.15413357262025035,209.3,114.2,1,10.0,16.40625,111.0,25.0,21.0,1.0,50,1.0,1,0.0
C2,575,-0.14312209551109484,203.1,116.6,1,8.8,16.40625,129.0,22.0,21.0,1.0,50,1.0,1,0.0
C2,576,-0.1369837376164154,200.1,121.0,1,8.4,16.40625,117.0,21.0,21.0,1.0,50,1.0,2,0.0
C2,577,-0.05298597337463673,202.8,117.1,1,29.6,16.40625,118.0,74.0,21.0,1.0,50,3.0,2,0.0
C2,578,-0.06309643581849678,190.4,113.0,1,19.2,16.40625,111.0,48.0,21.0,1.0,50,2.0,1,0.0
C2,579,-0.13104614960038224,195.20000000000002,115.4,1,6.8,16.40625,102.0,17.0,21.0,1.0,50,1.0,0,0.0
C2,580,-0.07471731484175362,202.7,111.5,1,24.0,16.40625,107.0,60.0,21.0,1.0,50,3.0,1,0.0
C2,581,-0.14075367445846326,202.2,113.3,1,8.8,16.40625,133.0,22.0,21.0,1.0,50,1.0,0,0.0
C2,582,-0.05777438892497602,203.5,112.69999999999999,1,28.8,16.40625,117.0,72.0,21.0,1.0,50,3.0,2,0.0
C2,583,-0.15356268498483644,206.4,114.2,1,8.4,16.40625,103.0,21.0,21.0,1.0,50,1.0,0,0.0
C2,584,0.10333145465273941,102.9,59.2,1,4.8,16.40625,57.0,12.0,21.0,1.0,50,1.0,1,0.0
C2,585,-0.04229271394614889,194.1,109.7,1,26.4,16.40625,116.0,66.0,21.0,1.0,50,3.0,0,0.0
C2,586,0.008840075269189701,142.7,91.30000000000001,1,7.2,16.40625,89.0,18.0,21.0,1.0,50,1.0,1,0.0
C2,587,-0.14209029850790772,213.60000000000002,119.2,1,15.2,16.40625,109.0,38.0,21.0,1.0,50,2.0,1,0.0
C2,588,-0.11389774214475232,190.0,115.7,1,7.6,16.40625,111.0,19.0,21.0,1.0,50,1.0,0,0.0
C2,589,-0.07636521104385624,176.4,101.2,1,8.0,16.40625,120.0,20.0,21.0,1.0,50,1.0,1,0.0
C2,590,-0.08418160372767625,195.70000000000002,112.69999999999999,1,17.6,16.40625,112.0,44.0,21.0,1.0,50,2.0,2,0.0
C2,591,-0.13334409893603977,201.4,113.4,1,10.0,16.40625,118.0,25.0,21.0,1.0,50,1.0,2,0.0
C2,592,-0.1266244971040688,200.2,111.4,1,10.8,16.40625,102.0,27.0,21.0,1.0,50,1.0,2,0.0
C2,593,-0.10899678999122459,188.79999999999998,100.3,1,8.0,16.40625,96.0,20.0,21.0,1.0,50,1.0,2,0.0
C2,594,-0.09646714173165494,190.1,109.2,1,11.6,16.40625,118.0,29.0,21.0,1.0,50,1.0,0,0.0
C2,595,-0.07860454530969915,208.5,116.7,1,26.8,17.1875,106.0,67.0,22.0,1.0,50,3.0,0,0.0
C2,596,-0.0719264791720221,202.9,115.4,1,24.8,16.40625,112.0,62.0,21.0,1.0,50,3.0,2,0.0
C2,597,-0.09572801476586512,202.8,113.8,1,19.2,16.40625,107.0,48.0,21.0,1.0,50,2.0,2,0.0
C2,598,-0.13408900077431024,199.0,106.0,1,8.4,16.40625,97.0,21.0,21.0,1.0,50,1.0,0,0.0
C2,599,-0.06703709712391229,204.7,114.8,1,27.2,16.40625,114.0,68.0,21.0,1.0,50,3.0,2,0.0
C2,600,-0.10315287438144771,208.3,116.4,1,20.8,16.40625,103.0,52.0,21.0,1.0,50,3.0,2,0.0
C2,601,-0.17205563688159448,212.10000000000002,123.0,1,7.6,16.40625,106.0,19.0,21.0,1.0,50,1.0,2,0.0
C2,602,-0.14538084656026257,205.3,121.89999999999999,1,9.6,16.40625,116.0,24.0,21.0,1.0,50,1.0,1,0.0
C2,603,-0.20856944279034323,210.60000000000002,120.80000000000001,1,17.6,16.40625,115.0,44.0,21.0,1.0,70,2.0,0,0.0
C2,604,-0.23226124530842124,209.5,122.80000000000001,1,9.6,16.40625,100.0,24.0,21.0,1.0,70,1.0,1,0.0
C2,605,-0.1578882589749533,205.4,113.3,1,26.8,16.40625,115.0,67.0,21.0,1.0,70,3.0,2,0.0
C2,606,-0.16527463192655972,203.7,116.2,1,24.0,16.40625,109.0,60.0,21.0,1.0,70,3.0,1,0.0
C2,607,-0.197315139019066,208.6,115.1,1,19.2,16.40625,110.0,48.0,21.0,1.0,70,2.0,2,0.0
C2,608,-0.18513519056647182,199.5,112.10000000000001,1,16.0,16.40625,104.0,40.0,21.0,1.0,70,2.0,2,0.0
C2,609,-0.18225357776818235,202.3,117.9,1,18.8,16.40625,116.0,47.0,21.0,1.0,70,2.0,2,0.0
C2,610,-0.189641519523487,190.29999999999998,104.1,1,6.8,16.40625,94.0,17.0,21.0,1.0,70,1.0,1,0.0
C2,611,-0.23636027210702287,212.9,117.9,1,11.2,16.40625,128.0,28.0,21.0,1.0,70,1.0,2,0.0
C2,612,-0.19954748000798334,208.3,117.2,1,18.4,17.1875,117.0,46.0,22.0,1.0,70,2.0,1,0.0
C2,613,-0.2014641796324484,207.9,118.0,1,17.6,16.40625,110.0,44.0,21.0,1.0,70,2.0,0,0.0
C2,614,-0.19372942636154505,201.7,112.10000000000001,1,15.2,16.40625,103.0,38.0,21.0,1.0,70,2.0,1,0.0
C2,615,-0.2081211298242011,201.7,114.0,1,10.8,16.40625,113.0,27.0,21.0,1.0,70,1.0,1,0.0
C2,616,-0.22949269508365205,208.9,119.9,1,10.0,16.40625,106.0,25.0,21.0,1.0,70,1.0,1,0.0
C2,617,-0.15776155769545375,203.4,113.60000000000001,1,25.6,17.1875,112.0,64.0,22.0,1.0,70,3.0,2,0.0
C2,618,-0.22280529561630086,201.7,113.0,1,25.6,16.40625,115.0,64.0,21.0,1.0,90,3.0,1,0.0
C2,619,-0.14899617904103818,171.4,101.2,1,23.2,16.40625,98.0,58.0,21.0,1.0,90,3.0,2,0.0
C2,620,-0.22855703827811985,205.5,115.2,1,27.2,16.40625,117.0,68.0,21.0,1.0,90,3.0,1,0.0
C2,621,-0.2227675645939094,203.3,116.2,1,27.2,16.40625,120.0,68.0,21.0,1.0,90,3.0,2,0.0
C2,622,-0.24240210766578202,201.3,111.8,1,16.0,16.40625,113.0,40.0,21.0,1.0,90,2.0,0,0.0
C2,623,-0.26390917622172383,204.9,114.1,1,7.6,16.40625,110.0,19.0,21.0,1.0,90,1.0,0,0.0
C2,624,-0.24398402282992748,203.0,115.8,1,17.6,16.40625,116.0,44.0,21.0,1.0,90,2.0,2,0.0
C2,625,-0.2246566472517632,191.1,107.7,1,10.0,16.40625,114.0,25.0,21.0,1.0,90,1.0,1,0.0
C2,626,0.005763656264159311,101.0,57.0,1,4.0,16.40625,48.0,10.0,21.0,1.0,90,1.0,2,0.0
C2,627,0.013248956597423617,100.5,57.5,1,9.6,16.40625,56.0,24.0,21.0,1.0,90,2.0,1,0.0
C2,628,-0.03043509066470812,114.9,68.5,1,4.4,16.40625,64.0,11.0,21.0,1.0,90,1.0,2,0.0
C2,629,-0.06764953459882114,132.70000000000002,81.60000000000001,1,12.4,16.40625,76.0,31.0,21.0,1.0,90,2.0,1,0.0
C2,630,0.0020794457378435216,102.4,62.199999999999996,1,4.0,16.40625,51.0,10.0,21.0,1.0,90,1.0,1,0.0
C2,631,0.10428896480237904,78.2,45.3,1,6.4,16.40625,42.0,16.0,21.0,1.0,70,2.0,0,0.0
C2,632,0.4299748279240733,50.0,17.7,1,1.6,16.40625,8.0,4.0,21.0,1.0,70,1.0,1,0.0
C2,633,0.10093092711793142,82.0,49.6,1,8.8,16.40625,40.0,22.0,21.0,1.0,70,3.0,0,0.0
C2,634,0.031457242907405175,108.39999999999999,62.1,1,8.8,16.40625,58.0,22.0,21.0,1.0,70,2.0,1,0.0
C2,635,0.6977445678438781,18.1,17.7,1,3.6,16.40625,10.0,9.0,21.0,1.0,70,3.0,2,0.0
C2,636,0.021468140226207993,115.4,69.7,1,11.6,16.40625,67.0,29.0,21.0,1.0,70,2.0,1,0.0
C2,637,0.4495876289693281,48.4,34.2,1,4.0,16.40625,33.0,10.0,21.0,1.0,70,1.0,0,0.0
C2,638,-0.16276661280068122,206.6,117.4,1,26.4,16.40625,106.0,66.0,21.0,1.0,70,3.0,1,0.0
C2,639,-0.08905791343472019,161.39999999999998,99.5,1,14.8,16.40625,92.0,37.0,21.0,1.0,70,2.0,2,0.0
C2,640,-0.11412275621308898,201.6,116.2,1,34.4,16.40625,140.0,86.0,21.0,1.0,70,3.0,1,0.0
C2,641,-0.11493585883072757,197.8,112.69999999999999,1,32.0,16.40625,136.0,80.0,21.0,1.0,70,3.0,0,0.0
C2,642,-0.15687613262625622,190.4,107.80000000000001,1,17.2,16.40625,107.0,43.0,21.0,1.0,70,2.0,2,0.0
C2,643,-0.17474831613708602,207.3,116.4,1,24.0,16.40625,105.0,60.0,21.0,1.0,70,3.0,2,0.0
C2,644,-0.19197729582962975,202.1,113.19999999999999,1,16.0,16.40625,116.0,40.0,21.0,1.0,70,2.0,0,0.0
C2,645,-0.15434050506387492,202.1,114.9,1,25.6,16.40625,115.0,64.0,21.0,1.0,70,3.0,2,0.0
C2,646,-0.22555362263626177,205.2,116.1,1,8.0,16.40625,105.0,20.0,21.0,1.0,70,1.0,2,0.0
C2,647,-0.2619289667113017,208.2,122.0,1,15.2,16.40625,105.0,38.0,21.0,1.0,90,2.0,2,0.0
C2,648,-0.2413054431275553,201.7,114.8,1,17.2,16.40625,113.0,43.0,21.0,1.0,90,2.0,1,0.0
C2,649,-0.23846693655708412,206.5,115.0,1,24.4,16.40625,111.0,61.0,21.0,1.0,90,3.0,0,0.0
C2,650,-0.18792842345525568,180.60000000000002,103.3,1,16.0,16.40625,99.0,40.0,21.0,1.0,90,2.0,1,0.0
C2,651,-0.22202682593735873,202.2,115.5,1,26.4,16.40625,117.0,66.0,21.0,1.0,90,3.0,1,0.0
C2,652,0.0016590034230584694,105.30000000000001,61.3,1,10.4,16.40625,57.0,26.0,21.0,1.0,90,2.0,1,0.0
C2,653,0.012744093281181687,100.5,57.0,1,9.2,16.40625,58.0,23.0,21.0,1.0,90,2.0,0,0.0
C2,654,-0.04951983786866382,122.30000000000001,72.1,1,4.8,16.40625,65.0,12.0,21.0,1.0,90,1.0,0,0.0
C2,655,0.6638614604365336,18.4,17.9,1,1.2,16.40625,10.0,3.0,21.0,1.0,90,1.0,2,0.0
C2,656,0.8632336037393085,18.0,17.7,1,6.4,16.40625,18.0,16.0,21.0,1.0,30,3.0,2,0.0
C2,657,0.8466688412521486,18.1,17.6,1,2.4,16.40625,7.0,6.0,21.0,1.0,30,3.0,2,0.0
C2,658,0.5765839711106497,50.0,17.9,1,0.8,16.40625,4.0,2.0,21.0,1.0,30,1.0,0,0.0
C2,659,0.7484778559517229,32.9,27.099999999999998,1,6.0,17.1875,27.0,15.0,22.0,1.0,30,2.0,2,0.0
C2,660,0.6555501341546299,44.900000000000006,35.2,1,9.2,16.40625,35.0,23.0,21.0,1.0,30,2.0,2,0.0
C2,661,0.6472726514284717,44.8,35.1,1,6.8,16.40625,38.0,17.0,21.0,1.0,30,2.0,2,0.0
C2,662,0.2543280893026135,89.2,48.4,1,12.0,16.40625,42.0,30.0,21.0,1.0,30,3.0,2,0.0
C2,663,0.10638395178943996,138.8,84.0,1,7.2,16.40625,72.0,18.0,21.0,1.0,30,1.0,2,0.0
C2,664,0.18902307742351912,106.2,65.4,1,6.4,16.40625,58.0,16.0,21.0,1.0,30,1.0,1,0.0
C2,665,0.1428947368421053,143.7,92.5,1,21.2,17.96875,86.0,53.0,23.0,1.0,30,3.0,0,0.0
C2,666,0.02421052631578957,188.79999999999998,103.3,1,24.0,16.40625,93.0,60.0,21.0,1.0,30,3.0,1,0.0
C2,667,0.14036776400843295,133.5,84.2,1,12.8,16.40625,73.0,32.0,21.0,1.0,30,2.0,1,0.0
C2,668,0.24072517378941372,89.5,48.099999999999994,1,8.4,16.40625,46.0,21.0,21.0,1.0,30,2.0,2,0.0
C2,669,0.20896689568456212,94.89999999999999,49.4,1,4.0,16.40625,48.0,10.0,21.0,1.0,30,1.0,0,0.0
C2,670,0.3050406758079025,63.9,43.0,1,7.6,16.40625,40.0,19.0,21.0,1.0,30,2.0,2,0.0
C2,671,0.20728116107393213,109.5,63.2,1,14.0,16.40625,55.0,35.0,21.0,1.0,30,3.0,1,0.0
C2,672,0.07495034058421154,142.6,90.6,1,22.0,16.40625,85.0,55.0,21.0,1.0,50,3.0,1,0.0
C2,673,0.08445151666722989,132.3,82.0,1,18.0,16.40625,74.0,45.0,21.0,1.0,50,3.0,1,0.0
C2,674,-0.12465988840972408,198.1,115.0,1,10.0,16.40625,112.0,25.0,21.0,1.0,50,1.0,2,0.0
C2,675,0.6668040122412127,33.0,27.3,1,7.6,16.40625,27.0,19.0,21.0,1.0,50,3.0,2,0.0
C2,676,0.0881357271935457,130.89999999999998,80.10000000000001,1,18.0,16.40625,77.0,45.0,21.0,1.0,50,3.0,2,0.0
C2,677,0.08442813447487857,120.0,73.89999999999999,1,10.8,17.1875,64.0,27.0,22.0,1.0,50,2.0,2,0.0
C2,678,0.11941325826342189,115.6,73.1,1,16.0,16.40625,61.0,40.0,21.0,1.0,50,3.0,2,0.0
C2,679,0.05591759977176071,123.5,68.7,1,6.4,16.40625,60.0,16.0,21.0,1.0,50,1.0,0,0.0
C2,680,0.08723144129707935,132.6,84.7,1,18.8,16.40625,78.0,47.0,21.0,1.0,50,3.0,0,0.0
C2,681,0.10006145891834542,128.39999999999998,81.10000000000001,1,19.2,16.40625,77.0,48.0,21.0,1.0,50,3.0,1,0.0
C2,682,0.5282860208243922,48.2,36.2,1,6.4,16.40625,32.0,16.0,21.0,1.0,50,2.0,2,0.0
C2,683,-0.13879150367817866,198.8,116.4,1,7.2,16.40625,99.0,18.0,21.0,1.0,50,1.0,0,0.0
C2,684,-0.13919711553951092,204.3,115.4,1,10.4,16.40625,115.0,26.0,21.0,1.0,50,1.0,1,0.0
C2,685,0.5514797540383525,44.4,35.0,1,4.0,16.40625,36.0,10.0,21.0,1.0,50,1.0,1,0.0
C2,686,-0.17090716234973619,215.0,119.0,1,9.6,16.40625,118.0,24.0,21.0,1.0,50,1.0,2,0.0
C2,687,-0.14118766338613398,198.4,111.3,1,6.4,16.40625,96.0,16.0,21.0,1.0,50,1.0,0,0.0
C2,688,0.15541902263761073,87.0,48.9,1,7.2,16.40625,45.0,18.0,21.0,1.0,50,2.0,0,0.0
C2,689,0.04870142909926313,124.3,73.1,1,5.2,16.40625,66.0,13.0,21.0,1.0,50,1.0,0,0.0
C2,690,0.061057651934341706,145.9,89.39999999999999,1,20.8,16.40625,80.0,52.0,21.0,1.0,50,3.0,1,0.0
C2,691,0.7573373474871592,18.3,17.8,1,2.0,16.40625,15.0,5.0,21.0,1.0,50,1.0,0,0.0
C2,692,0.5334891980762071,48.0,36.1,1,7.2,16.40625,31.0,18.0,21.0,1.0,50,2.0,1,0.0
C2,693,-0.051891764678946295,190.8,106.2,1,22.0,16.40625,91.0,55.0,21.0,1.0,50,3.0,2,0.0
C2,694,-0.0032013106341951536,173.6,101.6,1,22.8,16.40625,100.0,57.0,21.0,1.0,50,3.0,1,0.0
C2,695,-0.10739059004270943,201.1,115.7,1,15.6,16.40625,109.0,39.0,21.0,1.0,50,2.0,1,0.0
C2,696,-0.07568415366128156,203.7,112.60000000000001,1,24.4,16.40625,109.0,61.0,21.0,1.0,50,3.0,1,0.0
C2,697,-0.07534045917537671,193.70000000000002,106.0,1,18.4,16.40625,115.0,46.0,21.0,1.0,50,2.0,1,0.0
C2,698,-0.11002216754329641,206.2,115.8,1,18.0,17.1875,101.0,45.0,22.0,1.0,50,2.0,1,0.0
C2,699,-0.15538084656026258,209.1,114.1,1,9.6,16.40625,122.0,24.0,21.0,1.0,50,1.0,2,0.0
C2,700,-0.07583288958156359,201.2,113.3,1,22.8,16.40625,104.0,57.0,21.0,1.0,50,3.0,0,0.0
C2,701,-0.14541451015270757,208.7,120.1,1,11.6,16.40625,148.0,29.0,21.0,1.0,50,1.0,0,0.0
C2,702,-0.1354493620939346,202.2,110.60000000000001,1,10.0,16.40625,128.0,25.0,21.0,1.0,50,1.0,0,0.0
C2,703,-0.04526646491270969,197.6,114.3,1,28.0,16.40625,120.0,70.0,21.0,1.0,50,3.0,1,0.0
C2,704,-0.012894736842105181,202.9,112.19999999999999,1,23.2,16.40625,131.0,58.0,21.0,1.0,30,2.0,1,0.0
C2,705,-0.008157894736842142,201.1,112.10000000000001,1,21.2,16.40625,130.0,53.0,21.0,1.0,30,2.0,0,0.0
C2,706,-0.20401637027721614,192.1,85.3,4,63.066666,15.885417,652.0,473.0,61.0,1.0,30,2.0,0,0.0
C2,707,0.3592105263157895,61.5,39.0,4,26.4,15.8203125,1181.0,264.0,81.0,1.0,30,1.0,0,0.0
C2,708,0.3655263157894737,55.9,36.900000000000006,5,36.64,15.78125,859.0,458.0,101.0,1.0,30,2.0,2,0.0
C2,709,0.3760979666277734,51.1,35.4,5,19.92,15.78125,1003.0,249.0,101.0,1.0,30,1.0,2,0.0
C2,710,0.49951653449009936,49.099999999999994,33.300000000000004,8,48.8,15.78125,861.0,610.0,101.0,1.0,30,3.0,2,0.0
C2,711,0.539897095477849,43.8,28.299999999999997,8,19.8,15.722656,759.0,396.0,161.0,1.0,70,2.0,2,0.0
C2,712,0.5858115125525449,40.7,27.7,8,24.45,15.722656,985.0,489.0,161.0,1.0,70,2.0,0,0.0
C2,713,0.5061926412332876,43.7,28.299999999999997,8,9.7,15.722656,411.0,194.0,161.0,1.0,70,2.0,0,0.0
C2,714,0.503277226615169,42.9,28.7,8,6.15,15.722656,160.0,123.0,161.0,1.0,70,3.0,0,0.0
C2,715,0.31709329626280847,39.1,27.099999999999998,3,2.5,15.722656,70.0,50.0,161.0,1.0,70,3.0,2,0.0
C2,716,0.10370335344601497,88.5,46.6,3,15.066667,15.885417,252.0,113.0,61.0,1.0,70,2.0,2,0.0
C2,717,0.020377710067302685,106.80000000000001,48.0,3,2.9333334,15.885417,91.0,22.0,61.0,1.0,70,1.0,2,0.0
C2,718,0.689323515212299,18.1,17.7,2,3.6,16.015625,14.0,18.0,41.0,1.0,70,3.0,2,0.0
C2,719,0.6874354907899098,18.0,17.7,1,2.8,16.40625,16.0,7.0,21.0,1.0,70,1.0,0,0.0
C2,720,-0.050161564459228286,146.1,95.5,1,14.4,16.40625,86.0,36.0,21.0,1.0,70,2.0,1,0.0
C2,721,-0.16827959919785795,184.29999999999998,112.19999999999999,1,8.8,16.40625,120.0,22.0,21.0,1.0,70,1.0,2,0.0
C2,722,0.5834813993196497,32.4,26.4,1,1.2,16.40625,21.0,3.0,21.0,1.0,70,1.0,0,0.0
C2,723,0.033665199653189995,108.89999999999999,62.8,1,10.0,16.40625,56.0,25.0,21.0,1.0,70,2.0,1,0.0
C2,724,0.035297485012159735,115.2,70.8,1,15.6,16.40625,66.0,39.0,21.0,1.0,70,3.0,0,0.0
C2,725,0.014691626270033842,122.5,73.7,1,15.2,16.40625,63.0,38.0,21.0,1.0,70,3.0,2,0.0
C2,726,-0.21355124689812616,203.3,111.3,1,10.4,16.40625,106.0,26.0,21.0,1.0,70,1.0,1,0.0
C2,727,0.5010958682438542,44.8,36.4,1,11.2,16.40625,39.0,28.0,21.0,1.0,70,3.0,2,0.0
C2,728,-0.21458422922419396,209.1,118.1,1,14.8,16.40625,101.0,37.0,21.0,1.0,70,2.0,2,0.0
C2,729,-0.15723524190598015,203.2,112.8,1,25.6,16.40625,109.0,64.0,21.0,1.0,70,3.0,2,0.0
C2,730,0.6987104359868719,18.1,17.8,1,4.0,16.40625,16.0,10.0,21.0,1.0,70,2.0,2,0.0
C2,731,0.5964429591184198,32.599999999999994,26.9,1,7.2,16.40625,24.0,18.0,21.0,1.0,70,3.0,0,0.0
C2,732,0.4927269015291445,44.3,34.5,1,6.8,16.40625,35.0,17.0,21.0,1.0,70,2.0,0,0.0
C2,733,0.6967932929551672,18.1,17.7,1,3.2,16.40625,12.0,8.0,21.0,1.0,70,2.0,2,0.0
C2,734,0.4909725155642322,44.5,35.3,1,6.8,16.40625,31.0,17.0,21.0,1.0,70,2.0,1,0.0
C2,735,0.6871441701481498,21.1,18.1,1,3.2,16.40625,15.0,8.0,21.0,1.0,70,2.0,1,0.0
C2,736,0.027501384680821167,111.69999999999999,70.2,1,10.4,16.40625,67.0,26.0,21.0,1.0,70,2.0,0,0.0
C2,737,-0.23636027210702287,212.9,115.5,1,11.2,16.40625,123.0,28.0,21.0,1.0,70,1.0,0,0.0
C2,738,-0.038634653139134834,134.6,84.0,1,8.4,16.40625,74.0,21.0,21.0,1.0,70,1.0,2,0.0
C2,739,-0.17065629453755904,208.3,118.9,1,25.6,16.40625,109.0,64.0,21.0,1.0,70,3.0,2,0.0
C2,740,-0.01413208782919989,123.2,76.2,1,6.4,16.40625,65.0,16.0,21.0,1.0,70,1.0,2,0.0
C2,741,-0.22906907288206851,207.4,116.6,1,8.8,16.40625,121.0,22.0,21.0,1.0,70,1.0,0,0.0
C2,742,-0.1049656728825771,168.5,101.8,1,15.6,16.40625,99.0,39.0,21.0,1.0,70,2.0,1,0.0
C2,743,-0.0825531404607788,149.2,90.0,1,6.4,16.40625,84.0,16.0,21.0,1.0,70,1.0,0,0.0
C2,744,-0.030522447260191266,150.0,94.7,1,22.4,16.40625,83.0,56.0,21.0,1.0,70,3.0,2,0.0
C2,745,0.015941824436734336,117.5,69.8,1,11.6,16.40625,67.0,29.0,21.0,1.0,70,2.0,0,0.0
C2,746,0.12232393841929284,76.6,46.300000000000004,1,11.2,16.40625,44.0,28.0,21.0,1.0,70,3.0,0,0.0
C2,747,0.06565348543420932,93.7,53.199999999999996,1,7.2,16.40625,41.0,18.0,21.0,1.0,70,2.0,1,0.0
C2,748,0.5914799979260057,32.800000000000004,26.700000000000003,1,6.0,16.40625,28.0,15.0,21.0,1.0,70,2.0,1,0.0
C2,749,-0.14643347813920987,205.7,115.9,1,29.6,16.40625,121.0,74.0,21.0,1.0,70,3.0,1,0.0
C2,750,-0.1551176886655256,209.0,118.9,1,29.6,16.40625,119.0,74.0,21.0,1.0,70,3.0,1,0.0
C2,751,0.49163935981987855,44.8,33.2,1,8.0,16.40625,31.0,20.0,21.0,1.0,70,3.0,2,0.0
C2,752,-0.18796191464446815,207.4,117.4,1,20.8,16.40625,130.0,52.0,21.0,1.0,70,2.0,0,0.0
C2,753,-0.22371823788941403,215.79999999999998,121.89999999999999,1,17.2,16.40625,111.0,43.0,21.0,1.0,70,2.0,2,0.0
C2,754,-0.016988011698570588,123.1,77.10000000000001,1,5.2,16.40625,64.0,13.0,21.0,1.0,70,1.0,0,0.0
C2,755,-0.09695265027682548,164.39999999999998,93.7,1,14.8,16.40625,90.0,37.0,21.0,1.0,70,2.0,1,0.0
C2,756,0.08217233289517312,83.2,47.9,1,2.8,16.40625,40.0,7.0,21.0,1.0,70,1.0,0,0.0
C2,757,-0.23698800927289043,206.7,119.4,1,25.2,16.40625,103.0,63.0,21.0,1.0,90,3.0,2,0.0
C2,758,-0.00028734284770798313,104.89999999999999,62.5,1,8.0,16.40625,52.0,20.0,21.0,1.0,90,2.0,0,0.0
C2,759,-0.12004436891923445,153.29999999999998,94.7,1,13.6,16.40625,87.0,34.0,21.0,1.0,90,2.0,0,0.0
C2,760,-0.24719664190820384,205.4,117.4,1,19.2,16.40625,107.0,48.0,21.0,1.0,90,2.0,2,0.0
C2,761,-0.2821818087214359,212.2,120.2,1,8.4,16.40625,102.0,21.0,21.0,1.0,90,1.0,2,0.0
C2,762,0.42530135009406556,47.9,35.7,1,7.6,16.40625,38.0,19.0,21.0,1.0,90,2.0,2,0.0
C2,763,0.4615714229236754,44.1,33.2,1,10.0,16.40625,38.0,25.0,21.0,1.0,90,3.0,2,0.0
C2,764,0.4266697351746605,48.2,35.9,1,10.8,16.40625,35.0,27.0,21.0,1.0,90,3.0,2,0.0
C2,765,0.45265637398293607,45.0,35.8,1,9.2,16.40625,30.0,23.0,21.0,1.0,90,3.0,0,0.0
C2,766,0.03854994652747086,88.4,50.2,1,3.6,16.40625,40.0,9.0,21.0,1.0,90,1.0,0,0.0
C2,767,0.4461145334571418,45.1,35.7,1,4.0,16.40625,38.0,10.0,21.0,1.0,90,1.0,1,0.0
C2,768,0.4252043420534373,47.4,34.9,1,3.2,16.40625,30.0,8.0,21.0,1.0,90,1.0,1,0.0
C2,769,0.48836223679027935,40.2,34.4,1,3.2,16.40625,33.0,8.0,21.0,1.0,90,1.0,2,0.0
C2,770,0.4127812001238085,48.9,36.5,1,4.0,16.40625,36.0,10.0,21.0,1.0,90,1.0,1,0.0
C2,771,0.03300725117591856,92.8,48.800000000000004,1,9.2,16.40625,49.0,23.0,21.0,1.0,90,2.0,1,0.0
C2,772,0.45771163500200585,44.6,35.6,1,10.4,16.40625,33.0,26.0,21.0,1.0,90,3.0,1,0.0
C2,773,0.448572306275099,45.3,34.5,1,8.0,16.40625,30.0,20.0,21.0,1.0,90,3.0,2,0.0
C2,774,0.5542446649055184,33.0,26.700000000000003,1,6.0,16.40625,28.0,15.0,21.0,1.0,90,2.0,0,0.0
C2,775,0.6581527068975879,33.2,28.0,1,6.0,16.40625,29.0,15.0,21.0,1.0,50,2.0,1,0.0
C2,776,0.19221706879466088,80.4,49.2,1,11.6,16.40625,40.0,29.0,21.0,1.0,50,3.0,2,0.0
C2,777,0.552940194664699,45.0,35.2,1,5.6,16.40625,32.0,14.0,21.0,1.0,50,2.0,2,0.0
C2,778,0.6650942012768106,32.800000000000004,26.700000000000003,1,6.8,16.40625,28.0,17.0,21.0,1.0,50,2.0,1,0.0
C2,779,0.6123564107568524,48.599999999999994,36.5,1,6.4,16.40625,34.0,16.0,21.0,1.0,30,2.0,2,0.0
C2,780,0.7467234699868106,33.099999999999994,27.0,1,6.0,16.40625,29.0,15.0,21.0,1.0,30,2.0,0,0.0
C2,781,0.25139149847615067,82.5,46.9,1,6.4,16.40625,43.0,16.0,21.0,1.0,30,2.0,0,0.0
C2,782,0.611906064380108,48.099999999999994,35.5,1,5.2,16.40625,32.0,13.0,21.0,1.0,30,2.0,0,0.0
C2,783,0.6647983528856016,44.5,34.8,1,10.8,16.40625,38.0,27.0,21.0,1.0,30,3.0,2,0.0
C2,784,0.8449503405842114,17.9,17.5,1,2.0,16.40625,15.0,5.0,21.0,1.0,30,1.0,1,0.0
C2,785,0.8517640347262772,18.2,17.9,1,3.6,16.40625,10.0,9.0,21.0,1.0,30,3.0,1,0.0
C2,786,0.8534405798950884,18.2,17.8,1,4.0,16.40625,12.0,10.0,21.0,1.0,30,3.0,2,0.0
C2,787,0.841486331264437,17.9,17.7,1,1.2,16.40625,5.0,3.0,21.0,1.0,30,2.0,2,0.0
C2,788,0.8449144552872363,20.2,17.9,1,2.4,16.40625,8.0,6.0,21.0,1.0,30,2.0,0,0.0
C2,789,0.8449503405842114,18.2,17.8,1,2.0,16.40625,5.0,5.0,21.0,1.0,30,3.0,0,0.0
C2,790,0.843222663187408,18.1,17.8,1,1.6,16.40625,6.0,4.0,21.0,1.0,30,2.0,0,0.0
C2,791,0.757409096860534,32.599999999999994,26.3,1,7.6,16.40625,23.0,19.0,21.0,1.0,30,3.0,0,0.0
C2,792,0.5783284365275948,50.0,18.3,1,1.2,16.40625,8.0,3.0,21.0,1.0,30,1.0,2,0.0
C2,793,0.5748318922081663,50.0,17.8,1,0.4,16.40625,4.0,1.0,21.0,1.0,30,1.0,2,0.0
C2,794,0.5783284365275948,50.0,17.9,1,1.2,16.40625,9.0,3.0,21.0,1.0,30,1.0,2,0.0
C2,795,0.8500762134230411,18.3,17.9,1,3.2,16.40625,8.0,8.0,21.0,1.0,30,3.0,2,0.0
C2,796,0.841486331264437,18.2,17.8,1,1.2,16.40625,11.0,3.0,21.0,1.0,30,1.0,1,0.0
C2,797,0.843222663187408,18.4,17.7,1,1.6,16.40625,8.0,4.0,21.0,1.0,30,2.0,0,0.0
C2,798,0.5765839711106497,50.0,17.9,1,0.8,16.40625,2.0,2.0,21.0,1.0,30,3.0,0,0.0
C2,799,0.843222663187408,18.0,17.7,1,1.6,16.40625,4.0,4.0,21.0,1.0,30,3.0,1,0.0
C2,800,0.5765839711106497,50.0,17.7,1,0.8,16.40625,6.0,2.0,21.0,1.0,30,1.0,0,0.0
C2,801,0.8551053220002116,18.4,17.8,1,4.4,16.40625,17.0,11.0,21.0,1.0,30,2.0,2,0.0
C2,802,0.5783284365275948,50.0,17.6,1,1.2,16.40625,3.0,3.0,21.0,1.0,30,3.0,1,0.0
C2,803,0.8449503405842114,18.2,17.7,1,2.0,16.40625,8.0,5.0,21.0,1.0,30,2.0,0,0.0
C2,804,0.843222663187408,18.2,17.7,1,1.6,16.40625,4.0,4.0,21.0,1.0,30,3.0,2,0.0
C2,805,0.6645151185065423,18.5,17.9,1,2.0,16.40625,7.0,5.0,21.0,1.0,90,2.0,2,0.0
C2,806,0.6659183675801024,18.2,17.7,1,3.6,16.40625,14.0,9.0,21.0,1.0,90,2.0,0,0.0
C2,807,0.6655552192464198,18.2,17.8,1,3.2,16.40625,12.0,8.0,21.0,1.0,90,2.0,2,0.0
C2,808,0.4003882500542819,50.0,17.8,1,0.8,16.40625,2.0,2.0,21.0,1.0,90,1.0,0,0.0
C2,809,0.4003882500542819,50.0,17.7,1,0.8,16.40625,6.0,2.0,21.0,1.0,90,1.0,1,0.0
C2,810,0.6638614604365336,19.0,18.0,1,1.2,16.40625,5.0,3.0,21.0,1.0,90,2.0,1,0.0
C2,811,0.6691397954190959,18.5,17.9,1,6.8,16.40625,19.0,17.0,21.0,1.0,90,3.0,2,0.0
C2,812,0.40070356569969146,50.0,17.8,1,1.2,16.40625,9.0,3.0,21.0,1.0,90,1.0,0,0.0
C2,813,0.6641844064673916,19.599999999999998,18.0,1,1.6,16.40625,6.0,4.0,21.0,1.0,90,2.0,2,0.0
C2,814,0.40070356569969146,50.0,17.6,1,1.2,16.40625,4.0,3.0,21.0,1.0,90,2.0,0,0.0
C2,815,0.6652003871959242,18.1,17.8,1,2.8,16.40625,7.0,7.0,21.0,1.0,90,3.0,0,0.0
C2,816,0.6641844064673916,18.2,17.6,1,1.6,16.40625,14.0,4.0,21.0,1.0,90,1.0,2,0.0
C2,817,0.40070356569969146,50.0,17.9,1,1.2,16.40625,6.0,3.0,21.0,1.0,90,1.0,2,0.0
C2,818,0.6645151185065423,18.1,17.7,1,2.0,16.40625,5.0,5.0,21.0,1.0,90,3.0,2,0.0
C2,819,0.40070356569969146,50.0,17.7,1,1.2,16.40625,6.0,3.0,21.0,1.0,90,1.0,0,0.0
C2,820,0.40070356569969146,50.0,17.8,1,1.2,16.40625,3.0,3.0,21.0,1.0,90,3.0,0,0.0
C2,821,0.5529582711873797,33.4,26.700000000000003,1,8.0,16.40625,26.0,20.0,21.0,1.0,90,3.0,0,0.0
C2,822,0.6648537330978317,18.1,17.7,1,2.4,16.40625,11.0,6.0,21.0,1.0,90,2.0,2,0.0
C2,823,0.6645151185065423,18.3,17.8,1,2.0,16.40625,6.0,5.0,21.0,1.0,90,2.0,1,0.0
C2,824,0.40070356569969146,50.0,17.6,1,1.2,16.40625,3.0,3.0,21.0,1.0,90,3.0,2,0.0
C2,825,0.6659183675801024,18.3,17.7,1,3.6,16.40625,9.0,9.0,21.0,1.0,90,3.0,1,0.0
C2,826,0.6678637575856803,18.1,17.8,1,5.6,16.40625,16.0,14.0,21.0,1.0,90,3.0,1,0.0
C2,827,0.6652003871959242,18.3,17.9,1,2.8,16.40625,7.0,7.0,21.0,1.0,90,3.0,2,0.0
C2,828,0.4003882500542819,50.0,17.8,1,0.8,16.40625,7.0,2.0,21.0,1.0,90,1.0,0,0.0
C2,829,0.4003882500542819,50.0,17.8,1,0.8,16.40625,2.0,2.0,21.0,1.0,90,2.0,1,0.0
C2,830,0.6641844064673916,18.700000000000003,17.8,1,1.6,16.40625,11.0,4.0,21.0,1.0,90,1.0,1,0.0
C2,831,0.5507902570315839,33.300000000000004,27.2,1,5.2,16.40625,22.0,13.0,21.0,1.0,90,2.0,1,0.0
C2,832,0.6645151185065423,18.4,17.8,1,2.0,16.40625,9.0,5.0,21.0,1.0,90,2.0,1,0.0
C2,833,0.6648537330978317,18.2,17.7,1,2.4,16.40625,9.0,6.0,21.0,1.0,90,2.0,0,0.0
C2,834,0.6641844064673916,18.1,17.7,1,1.6,16.40625,6.0,4.0,21.0,1.0,90,2.0,0,0.0
C2,835,0.6648537330978317,18.0,17.7,1,2.4,16.40625,7.0,6.0,21.0,1.0,90,3.0,1,0.0
C2,836,0.5512696358155467,33.2,26.200000000000003,1,4.8,16.40625,21.0,12.0,21.0,1.0,90,2.0,0,0.0
C2,837,0.40070356569969146,50.0,17.7,1,1.2,16.40625,6.0,3.0,21.0,1.0,90,1.0,0,0.0
C2,838,0.6659183675801024,18.0,17.7,1,3.6,16.40625,10.0,9.0,21.0,1.0,90,3.0,1,0.0
C2,839,0.40070356569969146,50.0,17.7,1,1.2,16.40625,8.0,3.0,21.0,1.0,90,1.0,1,0.0
C2,840,0.4003882500542819,50.0,17.7,1,0.8,16.40625,3.0,2.0,21.0,1.0,90,2.0,1,0.0
C2,841,0.5546740714064506,32.599999999999994,27.599999999999998,1,2.8,16.40625,25.0,7.0,21.0,1.0,90,1.0,2,0.0
C2,842,0.6638614604365336,18.1,17.7,1,1.2,16.40625,5.0,3.0,21.0,1.0,90,2.0,1,0.0
C2,843,0.40070356569969146,50.0,17.7,1,1.2,16.40625,5.0,3.0,21.0,1.0,90,1.0,1,0.0
C2,844,0.40070356569969146,50.0,18.0,1,1.2,16.40625,5.0,3.0,21.0,1.0,90,1.0,2,0.0
C2,845,0.6655552192464198,18.5,17.8,1,3.2,16.40625,8.0,8.0,21.0,1.0,90,3.0,0,0.0
C2,846,0.6678637575856803,18.3,17.8,1,5.6,16.40625,15.0,14.0,21.0,1.0,90,3.0,1,0.0
C2,847,0.40102651173054954,50.0,17.7,1,1.6,16.40625,5.0,4.0,21.0,1.0,90,1.0,2,0.0
C2,848,0.6638614604365336,18.0,17.6,1,1.2,16.40625,6.0,3.0,21.0,1.0,90,2.0,0,0.0
C2,849,-0.26793199449446176,213.9,119.6,1,20.0,16.40625,115.0,50.0,21.0,1.0,90,2.0,0,0.0
C2,850,-0.21121418955501126,207.3,120.3,1,34.4,16.40625,141.0,86.0,21.0,1.0,90,3.0,1,0.0
C2,851,-0.1766698433540222,178.0,105.6,1,18.4,16.40625,125.0,46.0,21.0,1.0,90,2.0,0,0.0
C2,852,0.5494109135117138,33.2,25.3,1,2.8,16.40625,26.0,7.0,21.0,1.0,90,1.0,1,0.0
C2,853,0.5523973245095777,32.9,27.3,1,3.2,16.40625,27.0,8.0,21.0,1.0,90,1.0,2,0.0
C2,854,0.41881349546466945,48.300000000000004,34.2,1,4.8,16.40625,30.0,12.0,21.0,1.0,90,2.0,1,0.0
C2,855,0.5515201315271214,33.0,27.400000000000002,1,3.2,16.40625,28.0,8.0,21.0,1.0,90,1.0,2,0.0
C2,856,0.45353356696539215,44.900000000000006,35.4,1,9.2,16.40625,33.0,23.0,21.0,1.0,90,3.0,2,0.0
C2,857,0.43198651797468735,47.300000000000004,35.3,1,8.8,16.40625,31.0,22.0,21.0,1.0,90,3.0,2,0.0
C2,858,0.5476565275468015,33.4,25.6,1,2.8,16.40625,25.0,7.0,21.0,1.0,90,1.0,0,0.0
C2,859,0.5573442360996603,32.9,26.8,1,8.0,16.40625,27.0,20.0,21.0,1.0,90,3.0,0,0.0
C2,860,0.5432705626345208,33.9,26.200000000000003,1,2.8,16.40625,27.0,7.0,21.0,1.0,90,1.0,2,0.0
C2,861,0.053449956088525014,82.60000000000001,48.9,1,3.2,16.40625,40.0,8.0,21.0,1.0,90,1.0,2,0.0
C2,862,0.5551762219438645,32.800000000000004,25.8,1,5.2,16.40625,27.0,13.0,21.0,1.0,90,2.0,2,0.0
C2,863,0.11511044362859495,60.699999999999996,46.9,1,7.2,16.40625,40.0,18.0,21.0,1.0,90,2.0,2,0.0
C2,864,0.04219632501847627,89.5,51.6,1,9.6,16.40625,40.0,24.0,21.0,1.0,90,3.0,1,0.0
C2,865,0.06023897294176567,81.9,47.800000000000004,1,8.0,16.40625,46.0,20.0,21.0,1.0,90,2.0,2,0.0
C2,866,0.00300725117591856,104.2,62.1,1,9.2,16.40625,56.0,23.0,21.0,1.0,90,2.0,2,0.0
C2,867,0.03602681415889618,89.5,49.0,1,4.0,16.40625,41.0,10.0,21.0,1.0,90,1.0,0,0.0
C2,868,0.4489643568226047,45.1,36.2,1,6.8,16.40625,37.0,17.0,21.0,1.0,90,2.0,1,0.0
C2,869,0.5529582711873797,33.4,27.599999999999998,1,8.0,16.40625,25.0,20.0,21.0,1.0,90,3.0,2,0.0
C2,870,-2.260826166596725,1000,1000,1,0.4,16.40625,1.0,1.0,21.0,0.0,90,1.0,0,0.0
C2,871,0.547309873448709,33.4,25.9,1,2.4,16.40625,20.0,6.0,21.0,1.0,90,1.0,1,0.0
C2,872,0.4003882500542819,50.0,17.7,1,0.8,16.40625,3.0,2.0,21.0,1.0,90,2.0,0,0.0
C2,873,0.4000804301987622,50.0,17.7,1,0.4,16.40625,3.0,1.0,21.0,1.0,90,1.0,2,0.0
C2,874,0.4003882500542819,50.0,17.9,1,0.8,16.40625,3.0,2.0,21.0,1.0,90,2.0,0,0.0
C2,875,0.4003882500542819,50.0,17.9,1,0.8,16.40625,6.0,2.0,21.0,1.0,90,1.0,1,0.0
C2,876,0.6645151185065423,18.3,17.8,1,2.0,16.40625,15.0,5.0,21.0,1.0,90,1.0,0,0.0
C2,877,0.4000804301987622,50.0,17.5,1,0.4,16.40625,2.0,1.0,21.0,1.0,90,1.0,2,0.0
C2,878,0.4003882500542819,50.0,17.9,1,0.8,16.40625,6.0,2.0,21.0,1.0,90,1.0,1,0.0
C2,879,0.4003882500542819,50.0,18.0,1,0.8,16.40625,3.0,2.0,21.0,1.0,90,1.0,0,0.0
C2,880,0.4003882500542819,50.0,17.8,1,0.8,16.40625,4.0,2.0,21.0,1.0,90,2.0,0,0.0
C2,881,0.553658090677918,32.599999999999994,25.4,1,1.6,16.40625,25.0,4.0,21.0,1.0,90,1.0,2,0.0
C2,882,0.6641844064673916,18.5,17.8,1,1.6,16.40625,4.0,4.0,21.0,1.0,90,3.0,1,0.0
C2,883,0.4003882500542819,50.0,17.7,1,0.8,16.40625,3.0,2.0,21.0,1.0,90,2.0,1,0.0
C2,884,0.6641844064673916,19.400000000000002,17.8,1,1.6,16.40625,5.0,4.0,21.0,1.0,90,3.0,0,0.0
C2,885,0.6638614604365336,17.9,17.6,1,1.2,16.40625,4.0,3.0,21.0,1.0,90,3.0,1,0.0
C2,886,0.8500762134230411,18.599999999999998,17.9,1,3.2,16.40625,13.0,8.0,21.0,1.0,30,2.0,0,0.0
C2,887,0.8483776397808107,18.1,17.7,1,2.8,16.40625,7.0,7.0,21.0,1.0,30,3.0,2,0.0
C2,888,0.5765839711106497,50.0,17.6,1,0.8,16.40625,3.0,2.0,21.0,1.0,30,2.0,1,0.0
C2,889,0.8475004467983545,20.1,18.2,1,2.8,16.40625,10.0,7.0,21.0,1.0,30,2.0,0,0.0
C2,890,0.8483776397808107,18.1,17.8,1,2.8,16.40625,12.0,7.0,21.0,1.0,30,2.0,2,0.0
C2,891,0.7446686500705271,32.4,25.6,1,4.0,16.40625,20.0,10.0,21.0,1.0,30,2.0,0,0.0
C2,892,0.843222663187408,17.8,17.5,1,1.6,16.40625,6.0,4.0,21.0,1.0,30,2.0,0,0.0
C2,893,0.8517640347262772,18.0,17.6,1,3.6,16.40625,10.0,9.0,21.0,1.0,30,3.0,2,0.0
C2,894,0.5783284365275948,50.0,17.7,1,1.2,16.40625,7.0,3.0,21.0,1.0,30,1.0,2,0.0
C2,895,0.843222663187408,18.1,17.8,1,1.6,16.40625,7.0,4.0,21.0,1.0,30,2.0,0,0.0
C2,896,0.7386727046511112,32.7,26.0,1,3.2,16.40625,22.0,8.0,21.0,1.0,30,1.0,2,0.0
C2,897,0.8449503405842114,18.2,17.7,1,2.0,16.40625,8.0,5.0,21.0,1.0,30,2.0,0,0.0
C2,898,0.8517640347262772,18.0,17.8,1,3.6,16.40625,10.0,9.0,21.0,1.0,30,3.0,0,0.0
C2,899,0.8517640347262772,18.1,17.7,1,3.6,16.40625,10.0,9.0,21.0,1.0,30,3.0,0,0.0
C2,900,0.5765839711106497,50.0,17.6,1,0.8,16.40625,4.0,2.0,21.0,1.0,30,2.0,1,0.0
C2,901,0.7349298834037203,33.7,26.4,1,4.4,16.40625,21.0,11.0,21.0,1.0,30,2.0,0,0.0
C2,902,0.5783284365275948,50.0,17.8,1,1.2,16.40625,7.0,3.0,21.0,1.0,30,1.0,0,0.0
C2,903,0.8517640347262772,18.4,17.9,1,3.6,16.40625,14.0,9.0,21.0,1.0,30,2.0,2,0.0
C2,904,0.8583972924502834,18.2,17.9,1,5.2,16.40625,14.0,13.0,21.0,1.0,30,3.0,1,0.0
C2,905,0.7195117440929835,34.3,26.5,1,2.0,16.40625,25.0,5.0,21.0,1.0,30,1.0,1,0.0
C2,906,0.8567577352788383,19.599999999999998,18.0,1,4.8,16.40625,19.0,12.0,21.0,1.0,30,2.0,2,0.0
C2,907,0.8551053220002116,18.0,17.6,1,4.4,16.40625,18.0,11.0,21.0,1.0,30,2.0,0,0.0
C2,908,0.8517640347262772,18.0,17.8,1,3.6,16.40625,13.0,9.0,21.0,1.0,30,2.0,0,0.0
C2,909,0.8517640347262772,17.9,17.7,1,3.6,16.40625,15.0,9.0,21.0,1.0,30,2.0,1,0.0
C2,910,0.7418454545770838,33.099999999999994,26.9,1,4.8,16.40625,27.0,12.0,21.0,1.0,30,2.0,2,0.0
C2,911,0.2254482452525931,88.0,47.4,1,3.6,16.40625,43.0,9.0,21.0,1.0,30,1.0,2,0.0
C2,912,0.8517640347262772,18.1,17.7,1,3.6,16.40625,15.0,9.0,21.0,1.0,30,2.0,2,0.0
C2,913,0.7343425520615123,33.0,27.400000000000002,1,2.8,16.40625,22.0,7.0,21.0,1.0,30,1.0,0,0.0
C2,914,0.8616357506885648,18.1,17.8,1,6.0,16.40625,18.0,15.0,21.0,1.0,30,3.0,1,0.0
C2,915,0.8534405798950884,18.5,17.8,1,4.0,16.40625,11.0,10.0,21.0,1.0,30,3.0,1,0.0
C2,916,0.7433568061256652,33.300000000000004,27.2,1,5.6,16.40625,26.0,14.0,21.0,1.0,30,2.0,1,0.0
C2,917,0.7478709766608098,32.599999999999994,27.2,1,5.2,16.40625,26.0,13.0,21.0,1.0,30,2.0,2,0.0
C2,918,0.8483776397808107,18.0,17.6,1,2.8,16.40625,11.0,7.0,21.0,1.0,30,2.0,2,0.0
C2,919,0.8483776397808107,18.2,17.7,1,2.8,16.40625,13.0,7.0,21.0,1.0,30,2.0,1,0.0
C2,920,0.7471086124718207,32.5,26.0,1,4.8,16.40625,21.0,12.0,21.0,1.0,30,2.0,1,0.0
C2,921,0.6790793941667757,39.300000000000004,36.3,1,2.8,16.40625,30.0,7.0,21.0,1.0,30,1.0,0,0.0
C2,922,0.8449503405842114,18.4,17.7,1,2.0,16.40625,8.0,5.0,21.0,1.0,30,2.0,1,0.0
C2,923,0.7396512973924994,32.2,25.3,1,2.4,16.40625,21.0,6.0,21.0,1.0,30,1.0,2,0.0
C2,924,0.6634665104541728,32.4,26.700000000000003,1,5.6,16.40625,20.0,14.0,21.0,1.0,50,3.0,0,0.0
C2,925,0.763858250896098,18.0,17.6,1,3.6,16.40625,10.0,9.0,21.0,1.0,50,3.0,2,0.0
C2,926,0.565220896419085,43.6,35.0,1,5.6,16.40625,32.0,14.0,21.0,1.0,50,2.0,0,0.0
C2,927,0.7756544418770237,18.1,17.8,1,6.4,16.40625,18.0,16.0,21.0,1.0,50,3.0,2,0.0
C2,928,0.7622119447177791,18.1,17.7,1,3.2,16.40625,8.0,8.0,21.0,1.0,50,3.0,1,0.0
C2,929,0.5123305733210048,48.300000000000004,35.7,1,2.8,16.40625,30.0,7.0,21.0,1.0,50,1.0,0,0.0
C2,930,0.6616193541577255,33.0,26.200000000000003,1,6.4,16.40625,21.0,16.0,21.0,1.0,50,3.0,2,0.0
C2,931,0.6581527068975879,33.2,27.400000000000002,1,6.0,16.40625,27.0,15.0,21.0,1.0,50,2.0,1,0.0
C2,932,0.5589877752103571,44.699999999999996,35.3,1,6.4,16.40625,36.0,16.0,21.0,1.0,50,2.0,2,0.0
C2,933,0.7573373474871592,18.1,17.6,1,2.0,16.40625,17.0,5.0,21.0,1.0,50,1.0,0,0.0
C2,934,0.6466705371264969,32.800000000000004,27.2,1,2.4,16.40625,20.0,6.0,21.0,1.0,50,1.0,0,0.0
C2,935,0.6513919685855354,33.2,27.400000000000002,1,4.4,16.40625,25.0,11.0,21.0,1.0,50,2.0,2,0.0
C2,936,0.649931242963393,32.800000000000004,26.700000000000003,1,3.2,16.40625,25.0,8.0,21.0,1.0,50,1.0,0,0.0
C2,937,0.768857770442213,18.2,17.7,1,4.8,16.40625,13.0,12.0,21.0,1.0,50,3.0,2,0.0
C2,938,0.7671814422697458,18.1,17.7,1,4.4,16.40625,19.0,11.0,21.0,1.0,50,2.0,2,0.0
C2,939,0.7622119447177791,18.1,17.8,1,3.2,16.40625,9.0,8.0,21.0,1.0,50,3.0,0,0.0
C2,940,0.763858250896098,18.1,17.7,1,3.6,16.40625,8.0,9.0,21.0,1.0,50,3.0,2,0.0
C2,941,0.5216551926348438,47.800000000000004,34.3,1,4.0,16.40625,36.0,10.0,21.0,1.0,50,1.0,2,0.0
C2,942,0.768857770442213,18.2,17.8,1,4.8,17.1875,12.0,12.0,22.0,1.0,50,3.0,1,0.0
C2,943,0.5832645762967263,40.4,33.4,1,3.2,16.40625,30.0,8.0,21.0,1.0,50,1.0,2,0.0
C2,944,0.7671814422697458,18.1,17.7,1,4.4,16.40625,19.0,11.0,21.0,1.0,50,2.0,1,0.0
C2,945,0.763858250896098,17.9,17.7,1,3.6,16.40625,10.0,9.0,21.0,1.0,50,3.0,1,0.0
C2,946,0.7773749030311967,18.1,17.8,1,6.8,16.40625,19.0,17.0,21.0,1.0,50,3.0,2,0.0
C2,947,0.6387758002843917,33.7,28.1,1,2.4,16.40625,21.0,6.0,21.0,1.0,50,1.0,0,0.0
C2,948,0.768857770442213,18.9,17.9,1,4.8,16.40625,13.0,12.0,21.0,1.0,50,3.0,0,0.0
C2,949,0.770543534362421,18.1,17.8,1,5.2,16.40625,14.0,13.0,21.0,1.0,50,3.0,0,0.0
C2,950,0.6581527068975879,33.2,26.9,1,6.0,16.40625,20.0,15.0,21.0,1.0,50,3.0,2,0.0
C2,951,0.7671814422697458,18.2,17.8,1,4.4,16.40625,19.0,11.0,21.0,1.0,50,2.0,0,0.0
C2,952,0.7605761873560926,18.3,17.8,1,2.8,16.40625,9.0,7.0,21.0,1.0,50,3.0,0,0.0
C2,953,0.7622119447177791,18.4,17.8,1,3.2,16.40625,13.0,8.0,21.0,1.0,50,2.0,0,0.0
C2,954,0.6652003871959242,18.3,17.8,1,2.8,16.40625,8.0,7.0,21.0,1.0,90,3.0,1,0.0
C2,955,0.6655552192464198,18.1,17.7,1,3.2,16.40625,12.0,8.0,21.0,1.0,90,2.0,1,0.0
C2,956,0.5551218578879745,32.9,26.200000000000003,1,6.0,16.40625,27.0,15.0,21.0,1.0,90,2.0,2,0.0
C2,957,0.666289972053633,18.2,17.9,1,4.0,16.40625,11.0,10.0,21.0,1.0,90,3.0,1,0.0
C2,958,0.6655552192464198,18.2,17.7,1,3.2,16.40625,9.0,8.0,21.0,1.0,90,3.0,1,0.0
C2,959,0.6678637575856803,18.2,17.8,1,5.6,16.40625,16.0,14.0,21.0,1.0,90,3.0,0,0.0
C2,960,0.6659183675801024,18.3,18.1,1,3.6,16.40625,10.0,9.0,21.0,1.0,90,3.0,2,0.0
C2,961,0.547309873448709,33.4,27.599999999999998,1,2.4,16.40625,24.0,6.0,21.0,1.0,90,1.0,2,0.0
C2,962,0.6670591094997571,18.2,18.0,1,4.8,16.40625,14.0,12.0,21.0,1.0,90,3.0,0,0.0
C2,963,0.6638614604365336,18.2,17.9,1,1.2,16.40625,10.0,3.0,21.0,1.0,90,1.0,2,0.0
C2,964,0.5783284365275948,50.0,17.7,1,1.2,16.40625,4.0,3.0,21.0,1.0,30,2.0,1,0.0
C2,965,0.8500762134230411,19.2,17.9,1,3.2,16.40625,9.0,8.0,21.0,1.0,30,3.0,2,0.0
C2,966,0.8600234727923319,18.2,17.9,1,5.6,16.40625,15.0,14.0,21.0,1.0,30,3.0,2,0.0
C2,967,0.5783284365275948,50.0,17.9,1,1.2,16.40625,3.0,3.0,21.0,1.0,30,3.0,2,0.0
C2,968,0.8500762134230411,18.3,17.8,1,3.2,16.40625,8.0,8.0,21.0,1.0,30,3.0,0,0.0
C2,969,0.5783284365275948,50.0,17.8,1,1.2,16.40625,3.0,3.0,21.0,1.0,30,3.0,1,0.0
C2,970,0.5748318922081663,50.0,17.6,1,0.4,16.40625,3.0,1.0,21.0,1.0,30,1.0,2,0.0
C2,971,0.731710973114144,33.300000000000004,26.8,1,2.8,16.40625,29.0,7.0,21.0,1.0,30,1.0,2,0.0
C2,972,0.8449503405842114,18.599999999999998,18.1,1,2.0,16.40625,4.0,5.0,21.0,1.0,30,3.0,2,0.0
C2,973,0.5783284365275948,50.0,18.1,1,1.2,16.40625,3.0,3.0,21.0,1.0,30,3.0,0,0.0
C2,974,0.8551053220002116,18.0,17.7,1,4.4,16.40625,10.0,11.0,21.0,1.0,30,3.0,0,0.0
C2,975,0.843222663187408,18.1,17.8,1,1.6,16.40625,5.0,4.0,21.0,1.0,30,2.0,1,0.0
C2,976,0.8517640347262772,18.2,17.8,1,3.6,16.40625,13.0,9.0,21.0,1.0,30,2.0,0,0.0
C2,977,0.8534405798950884,18.2,17.9,1,4.0,16.40625,11.0,10.0,21.0,1.0,30,3.0,0,0.0
C2,978,0.5765839711106497,50.0,17.9,1,0.8,16.40625,1.0,2.0,21.0,1.0,30,2.0,0,0.0
C2,979,0.5765839711106497,50.0,17.8,1,0.8,16.40625,2.0,2.0,21.0,1.0,30,2.0,2,0.0
C2,980,0.8449503405842114,18.1,17.8,1,2.0,16.40625,11.0,5.0,21.0,1.0,30,1.0,2,0.0
C2,981,0.8517640347262772,18.1,17.7,1,3.6,16.40625,14.0,9.0,21.0,1.0,30,2.0,1,0.0
C2,982,0.5817924458473693,50.0,17.7,1,2.0,16.40625,3.0,5.0,21.0,1.0,30,3.0,0,0.0
C2,983,0.8466688412521486,18.2,17.9,1,2.4,16.40625,10.0,6.0,21.0,1.0,30,2.0,0,0.0
C2,984,0.580064768450566,50.0,18.5,1,1.6,16.40625,2.0,4.0,21.0,1.0,30,3.0,2,0.0
C2,985,0.5783284365275948,50.0,17.8,1,1.2,16.40625,3.0,3.0,21.0,1.0,30,3.0,1,0.0
C2,986,0.6486137098010174,33.9,26.8,1,5.2,16.40625,23.0,13.0,21.0,1.0,50,2.0,2,0.0
C2,987,0.7557347567600108,18.1,17.8,1,1.6,16.40625,7.0,4.0,21.0,1.0,50,2.0,0,0.0
C2,988,0.4909858056206518,50.0,18.0,1,1.2,16.40625,5.0,3.0,21.0,1.0,50,1.0,0,0.0
C2,989,0.758951238880883,19.099999999999998,17.7,1,2.4,16.40625,9.0,6.0,21.0,1.0,50,2.0,0,0.0
C2,990,0.4894065094559651,50.0,17.5,1,0.8,16.40625,2.0,2.0,21.0,1.0,50,1.0,0,0.0
C2,991,0.763858250896098,18.1,17.8,1,3.6,16.40625,13.0,9.0,21.0,1.0,50,2.0,0,0.0
C2,992,0.7621038649311858,20.2,18.0,1,3.6,16.40625,14.0,9.0,21.0,1.0,50,2.0,2,0.0
C2,993,0.4894065094559651,50.0,17.7,1,0.8,16.40625,4.0,2.0,21.0,1.0,50,2.0,1,0.0
C2,994,0.758951238880883,18.1,17.8,1,2.4,16.40625,6.0,6.0,21.0,1.0,50,3.0,2,0.0
C2,995,0.7622119447177791,18.2,17.9,1,3.2,16.40625,12.0,8.0,21.0,1.0,50,2.0,0,0.0
C2,996,0.763858250896098,18.0,17.6,1,3.6,16.40625,13.0,9.0,21.0,1.0,50,2.0,0,0.0
C2,997,0.4909858056206518,50.0,17.7,1,1.2,16.40625,4.0,3.0,21.0,1.0,50,2.0,1,0.0
C2,998,0.763858250896098,18.2,18.0,1,3.6,16.40625,8.0,9.0,21.0,1.0,50,3.0,1,0.0
C2,999,0.843222663187408,18.0,17.7,1,1.6,16.40625,5.0,4.0,21.0,1.0,30,2.0,0,0.0
C2,1000,0.5783284365275948,50.0,17.7,1,1.2,16.40625,4.0,3.0,21.0,1.0,30,1.0,2,0.0
C2,1001,0.7433568061256652,33.300000000000004,26.700000000000003,1,5.6,16.40625,27.0,14.0,21.0,1.0,30,2.0,0,0.0
C2,1002,0.580064768450566,50.0,17.8,1,1.6,16.40625,3.0,4.0,21.0,1.0,30,3.0,1,0.0
C2,1003,0.8648165110775945,18.0,17.8,1,6.8,16.40625,19.0,17.0,21.0,1.0,30,3.0,2,0.0
C2,1004,0.8176200730721639,23.7,18.2,1,3.2,16.40625,6.0,8.0,21.0,1.0,30,3.0,0,0.0
C2,1005,0.580064768450566,50.0,17.8,1,1.6,16.40625,3.0,4.0,21.0,1.0,30,3.0,2,0.0
C2,1006,0.8567577352788383,18.0,17.6,1,4.8,16.40625,12.0,12.0,21.0,1.0,30,3.0,1,0.0
C2,1007,0.8500762134230411,18.2,17.9,1,3.2,16.40625,8.0,8.0,21.0,1.0,30,3.0,0,0.0
C2,1008,0.5783284365275948,50.0,17.9,1,1.2,16.40625,1.0,3.0,21.0,1.0,30,3.0,0,0.0
C2,1009,0.5783284365275948,50.0,17.8,1,1.2,16.40625,5.0,3.0,21.0,1.0,30,1.0,0,0.0
C2,1010,0.8500762134230411,18.1,17.8,1,3.2,16.40625,8.0,8.0,21.0,1.0,30,3.0,1,0.0
C2,1011,0.843222663187408,19.7,17.9,1,1.6,16.40625,15.0,4.0,21.0,1.0,30,1.0,0,0.0
C2,1012,0.7435998405419961,32.9,27.400000000000002,1,4.8,16.40625,22.0,12.0,21.0,1.0,30,2.0,0,0.0
C2,1013,0.22041055465204729,100.0,67.0,1,10.4,16.40625,60.0,26.0,21.0,1.0,30,2.0,0,0.0
C2,1014,0.25493570010520317,84.1,46.1,1,8.4,16.40625,41.0,21.0,21.0,1.0,30,2.0,2,0.0
C2,1015,0.5765839711106497,50.0,17.7,1,0.8,16.40625,3.0,2.0,21.0,1.0,30,1.0,1,0.0
C2,1016,0.23501952726350947,85.0,48.0,1,4.0,16.40625,43.0,10.0,21.0,1.0,30,1.0,2,0.0
C2,1017,0.19093824660993944,119.1,73.1,1,17.2,16.40625,67.0,43.0,21.0,1.0,30,3.0,0,0.0
C2,1018,0.580064768450566,50.0,17.8,1,1.6,16.40625,9.0,4.0,21.0,1.0,30,1.0,0,0.0
C2,1019,0.5783284365275948,50.0,17.6,1,1.2,16.40625,9.0,3.0,21.0,1.0,30,1.0,0,0.0
C2,1020,0.6341423342810533,45.0,35.4,1,4.0,16.40625,36.0,10.0,21.0,1.0,30,1.0,0,0.0
C2,1021,0.24006816231575578,88.0,47.4,1,7.2,16.40625,42.0,18.0,21.0,1.0,30,2.0,2,0.0
C2,1022,0.2211323005512787,94.60000000000001,49.9,1,6.8,16.40625,42.0,17.0,21.0,1.0,30,2.0,0,0.0
C2,1023,0.12023939771344139,130.5,78.8,1,5.2,16.40625,72.0,13.0,21.0,1.0,30,1.0,0,0.0
C2,1024,-0.0487104190442228,202.8,109.8,1,10.8,16.40625,103.0,27.0,21.0,1.0,30,1.0,1,0.0
C2,1025,0.7273250082018632,33.8,27.599999999999998,1,2.8,16.40625,26.0,7.0,21.0,1.0,30,1.0,2,0.0
C2,1026,0.600132025745723,48.300000000000004,37.0,1,2.8,16.40625,36.0,7.0,21.0,1.0,30,1.0,0,0.0
C2,1027,0.5783284365275948,50.0,17.8,1,1.2,16.40625,5.0,3.0,21.0,1.0,30,1.0,0,0.0
C2,1028,0.8551053220002116,18.3,17.8,1,4.4,16.40625,12.0,11.0,21.0,1.0,30,3.0,1,0.0
C2,1029,0.7589440614030798,32.599999999999994,26.9,1,8.0,16.40625,25.0,20.0,21.0,1.0,30,3.0,1,0.0
C2,1030,0.843222663187408,18.1,17.7,1,1.6,16.40625,5.0,4.0,21.0,1.0,30,2.0,2,0.0
C2,1031,0.2559117485981707,89.1,49.4,1,12.4,16.40625,49.0,31.0,21.0,1.0,30,3.0,0,0.0
C2,1032,0.7525358093232084,32.800000000000004,27.0,1,6.8,16.40625,26.0,17.0,21.0,1.0,30,3.0,0,0.0
C2,1033,0.7006861961390762,18.0,17.7,1,4.8,16.40625,13.0,12.0,21.0,1.0,70,3.0,2,0.0
C2,1034,0.695856543421489,18.1,17.8,1,2.8,16.40625,12.0,7.0,21.0,1.0,70,2.0,0,0.0
C2,1035,0.4290954344073689,50.0,17.9,1,1.2,16.40625,7.0,3.0,21.0,1.0,70,1.0,0,0.0
C2,1036,0.6931327226609154,18.599999999999998,17.7,1,1.6,16.40625,16.0,4.0,21.0,1.0,70,1.0,0,0.0
C2,1037,0.6967932929551672,18.4,17.8,1,3.2,16.40625,13.0,8.0,21.0,1.0,70,2.0,2,0.0
C2,1038,0.695856543421489,18.1,17.8,1,2.8,16.40625,6.0,7.0,21.0,1.0,70,3.0,2,0.0
C2,1039,0.4282301737168955,50.0,17.5,1,0.8,16.40625,6.0,2.0,21.0,1.0,70,1.0,2,0.0
C2,1040,0.6940263352002114,18.0,17.7,1,2.0,16.40625,7.0,5.0,21.0,1.0,70,2.0,1,0.0
C2,1041,0.06833190130317573,93.10000000000001,50.9,1,7.6,16.40625,43.0,19.0,21.0,1.0,70,2.0,0,0.0
C2,1042,0.4290954344073689,50.0,17.8,1,1.2,16.40625,6.0,3.0,21.0,1.0,70,1.0,2,0.0
C2,1043,0.6949342494879829,18.3,17.7,1,2.4,16.40625,9.0,6.0,21.0,1.0,70,2.0,0,0.0
C2,1044,0.6896239507310908,20.400000000000002,18.2,1,1.6,16.40625,5.0,4.0,21.0,1.0,70,2.0,2,0.0
C2,1045,0.6931327226609154,18.3,17.6,1,1.6,16.40625,6.0,4.0,21.0,1.0,70,2.0,1,0.0
C2,1046,0.6949342494879829,18.5,17.9,1,2.4,16.40625,19.0,6.0,21.0,1.0,70,1.0,1,0.0
C2,1047,0.695856543421489,18.1,17.8,1,2.8,16.40625,10.0,7.0,21.0,1.0,70,2.0,0,0.0
C2,1048,0.7557347567600108,18.3,17.6,1,1.6,16.40625,6.0,4.0,21.0,1.0,50,2.0,1,0.0
C2,1049,0.7308810634422866,23.2,18.1,1,2.4,16.40625,8.0,6.0,21.0,1.0,50,2.0,2,0.0
C2,1050,0.7520741895924223,20.6,18.0,1,2.0,16.40625,5.0,5.0,21.0,1.0,50,3.0,1,0.0
C2,1051,0.7773749030311967,18.3,17.9,1,6.8,16.40625,18.0,17.0,21.0,1.0,50,3.0,2,0.0
C2,1052,0.4909858056206518,50.0,17.8,1,1.2,16.40625,8.0,3.0,21.0,1.0,50,1.0,2,0.0
C2,1053,0.7573373474871592,18.1,17.7,1,2.0,16.40625,5.0,5.0,21.0,1.0,50,3.0,2,0.0
C2,1054,0.4909858056206518,50.0,17.9,1,1.2,16.40625,3.0,3.0,21.0,1.0,50,2.0,0,0.0
C2,1055,0.763858250896098,18.2,17.9,1,3.6,16.40625,9.0,9.0,21.0,1.0,50,3.0,2,0.0
C2,1056,0.7655148417576507,17.9,17.7,1,4.0,16.40625,15.0,10.0,21.0,1.0,50,2.0,0,0.0
C2,1057,0.7541437003574938,18.0,17.6,1,1.2,16.40625,11.0,3.0,21.0,1.0,50,1.0,1,0.0
C2,1058,0.7573373474871592,17.9,17.6,1,2.0,16.40625,7.0,5.0,21.0,1.0,50,2.0,1,0.0
C2,1059,0.4909858056206518,50.0,17.5,1,1.2,16.40625,8.0,3.0,21.0,1.0,50,1.0,2,0.0
C2,1060,0.7529513825748784,20.5,18.0,1,2.0,16.40625,6.0,5.0,21.0,1.0,50,3.0,1,0.0
C2,1061,0.6615408543464758,33.6,26.8,1,7.6,16.40625,25.0,19.0,21.0,1.0,50,3.0,2,0.0
C2,1062,0.4909858056206518,50.0,17.6,1,1.2,16.40625,7.0,3.0,21.0,1.0,50,1.0,2,0.0
C2,1063,0.758951238880883,18.1,17.7,1,2.4,17.1875,9.0,6.0,22.0,1.0,50,2.0,1,0.0
C2,1064,0.7573373474871592,19.3,17.9,1,2.0,16.40625,8.0,5.0,21.0,1.0,50,2.0,0,0.0
C2,1065,0.7605761873560926,18.1,17.8,1,2.8,16.40625,6.0,7.0,21.0,1.0,50,3.0,0,0.0
C2,1066,0.7739421805817983,18.1,17.8,1,6.0,16.40625,16.0,15.0,21.0,1.0,50,3.0,1,0.0
C2,1067,0.7541437003574938,18.2,17.7,1,1.2,16.40625,11.0,3.0,21.0,1.0,50,1.0,1,0.0
C2,1068,0.7573373474871592,18.1,17.8,1,2.0,16.40625,7.0,5.0,21.0,1.0,50,2.0,1,0.0
C2,1069,0.7622119447177791,18.1,17.8,1,3.2,16.40625,8.0,8.0,21.0,1.0,50,3.0,0,0.0
C2,1070,0.7573373474871592,18.2,17.7,1,2.0,16.40625,9.0,5.0,21.0,1.0,50,2.0,2,0.0
C2,1071,0.768857770442213,17.9,17.6,1,4.8,16.40625,18.0,12.0,21.0,1.0,50,2.0,2,0.0
C2,1072,0.4894065094559651,50.0,17.7,1,0.8,16.40625,6.0,2.0,21.0,1.0,50,1.0,1,0.0
C2,1073,0.7605761873560926,18.0,17.7,1,2.8,16.40625,10.0,7.0,21.0,1.0,50,2.0,1,0.0
C2,1074,0.4894065094559651,50.0,18.1,1,0.8,16.40625,3.0,2.0,21.0,1.0,50,1.0,0,0.0
C2,1075,0.7605761873560926,18.0,17.7,1,2.8,16.40625,7.0,7.0,21.0,1.0,50,3.0,2,0.0
C2,1076,0.7655148417576507,18.1,17.8,1,4.0,16.40625,16.0,10.0,21.0,1.0,50,2.0,1,0.0
C2,1077,0.758951238880883,18.9,17.9,1,2.4,16.40625,8.0,6.0,21.0,1.0,50,2.0,0,0.0
C2,1078,0.7557347567600108,18.8,17.9,1,1.6,16.40625,4.0,4.0,21.0,1.0,50,3.0,2,0.0
C2,1079,0.7655148417576507,18.1,17.6,1,4.0,16.40625,10.0,10.0,21.0,1.0,50,3.0,2,0.0
C2,1080,0.4894065094559651,50.0,17.7,1,0.8,16.40625,6.0,2.0,21.0,1.0,50,1.0,2,0.0
C2,1081,0.6531463545504474,33.0,27.7,1,4.4,16.40625,20.0,11.0,21.0,1.0,50,2.0,1,0.0
C2,1082,0.763858250896098,18.3,17.9,1,3.6,16.40625,13.0,9.0,21.0,1.0,50,2.0,0,0.0
C2,1083,0.4909858056206518,50.0,17.8,1,1.2,16.40625,6.0,3.0,21.0,1.0,50,1.0,0,0.0
C2,1084,0.7573373474871592,18.1,17.5,1,2.0,16.40625,5.0,5.0,21.0,1.0,50,3.0,2,0.0
C2,1085,0.758951238880883,18.0,17.7,1,2.4,16.40625,10.0,6.0,21.0,1.0,50,2.0,0,0.0
C2,1086,0.7573373474871592,18.2,17.6,1,2.0,16.40625,15.0,5.0,21.0,1.0,50,1.0,1,0.0
C2,1087,0.7573373474871592,18.3,17.8,1,2.0,16.40625,8.0,5.0,21.0,1.0,50,2.0,2,0.0
C2,1088,0.7622119447177791,18.1,17.7,1,3.2,16.40625,13.0,8.0,21.0,1.0,50,2.0,1,0.0
C2,1089,0.758951238880883,18.4,17.8,1,2.4,16.40625,5.0,6.0,21.0,1.0,50,3.0,2,0.0
C2,1090,0.7557347567600108,18.1,17.8,1,1.6,16.40625,5.0,4.0,21.0,1.0,50,3.0,0,0.0
C2,1091,0.6711899771534933,32.5,25.4,1,7.6,16.40625,25.0,19.0,21.0,1.0,50,3.0,2,0.0
C2,1092,0.763858250896098,19.5,18.0,1,3.6,16.40625,15.0,9.0,21.0,1.0,50,2.0,0,0.0
C2,1093,0.7573373474871592,18.1,17.6,1,2.0,16.40625,5.0,5.0,21.0,1.0,50,3.0,1,0.0
C2,1094,0.7605761873560926,17.9,17.6,1,2.8,16.40625,7.0,7.0,21.0,1.0,50,3.0,0,0.0
C2,1095,0.758951238880883,19.099999999999998,17.8,1,2.4,16.40625,6.0,6.0,21.0,1.0,50,3.0,2,0.0
C2,1096,0.7739421805817983,18.1,17.7,1,6.0,16.40625,17.0,15.0,21.0,1.0,50,3.0,2,0.0
C2,1097,0.7605761873560926,18.2,17.7,1,2.8,16.40625,8.0,7.0,21.0,1.0,50,3.0,1,0.0
C2,1098,0.49257686202316864,50.0,17.6,1,1.6,16.40625,9.0,4.0,21.0,1.0,50,1.0,1,0.0
C2,1099,0.7541437003574938,18.0,17.7,1,1.2,16.40625,5.0,3.0,21.0,1.0,50,2.0,0,0.0
C2,1100,0.746670537126497,21.4,18.2,1,2.4,16.40625,10.0,6.0,21.0,1.0,50,2.0,2,0.0
C2,1101,0.5483910832642989,47.5,34.2,1,9.6,16.40625,35.0,24.0,21.0,1.0,50,3.0,1,0.0
C2,1102,0.4909858056206518,50.0,17.7,1,1.2,16.40625,8.0,3.0,21.0,1.0,50,1.0,2,0.0
C2,1103,0.758951238880883,18.1,17.7,1,2.4,16.40625,6.0,6.0,21.0,1.0,50,3.0,1,0.0
C2,1104,0.4909858056206518,50.0,17.8,1,1.2,16.40625,5.0,3.0,21.0,1.0,50,1.0,2,0.0
C2,1105,0.7541437003574938,18.0,17.7,1,1.2,16.40625,5.0,3.0,21.0,1.0,50,2.0,1,0.0
C2,1106,0.7773749030311967,18.2,17.8,1,6.8,16.40625,19.0,17.0,21.0,1.0,50,3.0,0,0.0
C2,1107,0.7557347567600108,19.2,18.0,1,1.6,16.40625,6.0,4.0,21.0,1.0,50,2.0,2,0.0
C2,1108,0.7336531369608432,22.700000000000003,18.1,1,2.0,16.40625,8.0,5.0,21.0,1.0,50,2.0,2,0.0
C2,1109,0.7655148417576507,18.2,17.6,1,4.0,16.40625,11.0,10.0,21.0,1.0,50,3.0,2,0.0
C2,1110,0.4909858056206518,50.0,17.6,1,1.2,16.40625,7.0,3.0,21.0,1.0,50,1.0,1,0.0
C2,1111,0.6522691615679914,33.099999999999994,26.5,1,4.4,16.40625,24.0,11.0,21.0,1.0,50,2.0,1,0.0
C2,1112,0.7433022597678609,21.6,18.0,1,2.0,16.40625,9.0,5.0,21.0,1.0,50,2.0,0,0.0
C2,1113,0.7573373474871592,19.8,17.8,1,2.0,16.40625,8.0,5.0,21.0,1.0,50,2.0,0,0.0
C2,1114,0.7605761873560926,18.0,17.7,1,2.8,16.40625,7.0,7.0,21.0,1.0,50,3.0,1,0.0
C2,1115,0.7557347567600108,18.1,17.8,1,1.6,16.40625,10.0,4.0,21.0,1.0,50,1.0,1,0.0
C2,1116,0.7671814422697458,18.5,17.9,1,4.4,16.40625,19.0,11.0,21.0,1.0,50,2.0,0,0.0
C2,1117,0.7622119447177791,18.4,17.7,1,3.2,16.40625,9.0,8.0,21.0,1.0,50,3.0,1,0.0
C2,1118,0.7622119447177791,18.1,17.8,1,3.2,16.40625,9.0,8.0,21.0,1.0,50,3.0,2,0.0
C2,1119,0.7655148417576507,18.0,17.7,1,4.0,16.40625,11.0,10.0,21.0,1.0,50,3.0,1,0.0
C2,1120,0.4894065094559651,50.0,17.7,1,0.8,16.40625,5.0,2.0,21.0,1.0,50,1.0,1,0.0
C2,1121,0.6456639066543381,33.099999999999994,26.700000000000003,1,2.8,16.40625,21.0,7.0,21.0,1.0,50,1.0,2,0.0
C2,1122,0.7573373474871592,18.0,17.7,1,2.0,16.40625,7.0,5.0,21.0,1.0,50,2.0,2,0.0
C2,1123,0.758951238880883,18.3,17.7,1,2.4,16.40625,6.0,6.0,21.0,1.0,50,3.0,2,0.0
C2,1124,0.763858250896098,18.3,18.4,1,3.6,16.40625,9.0,9.0,21.0,1.0,50,3.0,1,0.0
C2,1125,0.7622119447177791,18.1,17.7,1,3.2,16.40625,8.0,8.0,21.0,1.0,50,3.0,1,0.0
C2,1126,0.768857770442213,18.2,17.8,1,4.8,16.40625,13.0,12.0,21.0,1.0,50,3.0,0,0.0
C2,1127,0.768857770442213,18.1,17.8,1,4.8,16.40625,13.0,12.0,21.0,1.0,50,3.0,0,0.0
C2,1128,0.7557347567600108,18.3,17.9,1,1.6,16.40625,12.0,4.0,21.0,1.0,50,1.0,1,0.0
C2,1129,0.75031980362751,20.8,17.8,1,2.0,16.40625,9.0,5.0,21.0,1.0,50,2.0,0,0.0
C2,1130,0.7573373474871592,19.3,17.8,1,2.0,16.40625,8.0,5.0,21.0,1.0,50,2.0,1,0.0
C2,1131,0.7739421805817983,18.4,17.9,1,6.0,16.40625,16.0,15.0,21.0,1.0,50,3.0,1,0.0
C2,1132,0.7605761873560926,18.2,17.8,1,2.8,16.40625,10.0,7.0,21.0,1.0,50,2.0,2,0.0
C2,1133,0.7622119447177791,18.1,17.8,1,3.2,16.40625,9.0,8.0,21.0,1.0,50,3.0,2,0.0
C2,1134,0.758951238880883,19.8,17.9,1,2.4,17.1875,6.0,6.0,22.0,1.0,50,3.0,0,0.0
C2,1135,0.4909858056206518,50.0,18.0,1,1.2,16.40625,8.0,3.0,21.0,1.0,50,1.0,0,0.0
C2,1136,0.7722384402787341,18.2,17.8,1,5.6,16.40625,15.0,14.0,21.0,1.0,50,3.0,1,0.0
C2,1137,0.4909858056206518,50.0,17.7,1,1.2,16.40625,8.0,3.0,21.0,1.0,50,1.0,1,0.0
C2,1138,0.7557347567600108,18.2,17.8,1,1.6,16.40625,7.0,4.0,21.0,1.0,50,2.0,2,0.0
C2,1139,0.758951238880883,18.2,17.8,1,2.4,16.40625,9.0,6.0,21.0,1.0,50,2.0,0,0.0
C2,1140,0.7557347567600108,18.3,17.9,1,1.6,16.40625,5.0,4.0,21.0,1.0,50,2.0,1,0.0
C2,1141,0.5571822168534338,46.699999999999996,35.2,1,10.0,16.40625,33.0,25.0,21.0,1.0,50,3.0,1,0.0
C2,1142,0.7622119447177791,18.1,17.7,1,3.2,16.40625,12.0,8.0,21.0,1.0,50,2.0,0,0.0
C2,1143,0.7557347567600108,18.1,17.7,1,1.6,16.40625,12.0,4.0,21.0,1.0,50,1.0,1,0.0
C2,1144,0.7605761873560926,18.4,18.1,1,2.8,16.40625,8.0,7.0,21.0,1.0,50,3.0,2,0.0
C2,1145,0.6922719492352991,20.2,18.0,1,2.0,16.40625,7.0,5.0,21.0,1.0,70,2.0,0,0.0
C2,1146,0.6940263352002114,18.0,17.6,1,2.0,16.40625,16.0,5.0,21.0,1.0,70,1.0,0,0.0
C2,1147,0.6949342494879829,18.0,17.9,1,2.4,16.40625,10.0,6.0,21.0,1.0,70,2.0,2,0.0
C2,1148,0.6977445678438781,17.9,17.6,1,3.6,16.40625,16.0,9.0,21.0,1.0,70,2.0,1,0.0
C2,1149,0.695856543421489,18.4,17.8,1,2.8,16.40625,8.0,7.0,21.0,1.0,70,3.0,0,0.0
C2,1150,0.4282301737168955,50.0,17.6,1,0.8,16.40625,5.0,2.0,21.0,1.0,70,1.0,1,0.0
C2,1151,0.5765131968564039,33.5,26.200000000000003,1,2.4,16.40625,24.0,6.0,21.0,1.0,70,1.0,2,0.0
C2,1152,0.6967932929551672,19.7,17.9,1,3.2,16.40625,13.0,8.0,21.0,1.0,70,2.0,0,0.0
C2,1153,0.695856543421489,18.2,17.8,1,2.8,16.40625,8.0,7.0,21.0,1.0,70,3.0,0,0.0
C2,1154,0.6949342494879829,18.3,17.9,1,2.4,16.40625,8.0,6.0,21.0,1.0,70,2.0,2,0.0
C2,1155,0.6949342494879829,18.5,17.8,1,2.4,16.40625,6.0,6.0,21.0,1.0,70,3.0,0,0.0
C2,1156,0.7006861961390762,18.1,17.7,1,4.8,16.40625,14.0,12.0,21.0,1.0,70,3.0,2,0.0
C2,1157,0.6977445678438781,18.1,17.8,1,3.6,16.40625,11.0,9.0,21.0,1.0,70,3.0,1,0.0
C2,1158,0.6878673642319304,20.5,18.0,1,1.2,16.40625,10.0,3.0,21.0,1.0,70,1.0,1,0.0
C2,1159,0.6931327226609154,17.8,17.5,1,1.6,16.40625,11.0,4.0,21.0,1.0,70,1.0,2,0.0
C2,1160,0.07549900894268562,90.80000000000001,51.6,1,8.0,16.40625,45.0,20.0,21.0,1.0,70,2.0,2,0.0
C2,1161,0.494493140656491,45.0,34.5,1,9.6,16.40625,32.0,24.0,21.0,1.0,70,3.0,1,0.0
C2,1162,0.6792494333060446,22.0,18.2,1,3.2,16.40625,14.0,8.0,21.0,1.0,70,2.0,1,0.0
C2,1163,0.6977445678438781,18.5,17.8,1,3.6,16.40625,15.0,9.0,21.0,1.0,70,2.0,1,0.0
C2,1164,0.695856543421489,19.599999999999998,18.1,1,2.8,16.40625,12.0,7.0,21.0,1.0,70,2.0,2,0.0
C2,1165,0.6931327226609154,18.4,17.9,1,1.6,16.40625,13.0,4.0,21.0,1.0,70,1.0,2,0.0
C2,1166,0.057657804407924576,93.60000000000001,49.6,1,4.0,16.40625,45.0,10.0,21.0,1.0,70,1.0,2,0.0
C2,1167,-0.06310833734966118,143.9,86.6,1,8.4,16.40625,88.0,21.0,21.0,1.0,70,1.0,1,0.0
C2,1168,0.13300772573861483,64.60000000000001,45.8,1,3.6,16.40625,49.0,9.0,21.0,1.0,70,1.0,0,0.0
C2,1169,0.6931327226609154,18.0,17.8,1,1.6,16.40625,15.0,4.0,21.0,1.0,70,1.0,2,0.0
C2,1170,0.6931327226609154,18.1,17.6,1,1.6,16.40625,13.0,4.0,21.0,1.0,70,1.0,0,0.0
C2,1171,0.5971548205450756,32.9,27.3,1,8.4,16.40625,27.0,21.0,21.0,1.0,70,3.0,2,0.0
C2,1172,0.7027210189426429,18.0,17.8,1,5.6,16.40625,16.0,14.0,21.0,1.0,70,3.0,1,0.0
C2,1173,0.46237014174966057,47.4,34.4,1,5.6,16.40625,30.0,14.0,21.0,1.0,70,2.0,0,0.0
C2,1174,-0.02727309847085549,128.6,75.80000000000001,1,6.8,16.40625,73.0,17.0,21.0,1.0,70,1.0,0,0.0
C2,1175,0.04878580396182433,108.5,64.0,1,14.4,16.40625,58.0,36.0,21.0,1.0,70,3.0,0,0.0
C2,1176,-0.0033062848956063595,132.6,81.4,1,17.6,16.40625,75.0,44.0,21.0,1.0,70,3.0,1,0.0
C2,1177,0.04495411725212817,98.8,47.800000000000004,1,4.4,16.40625,46.0,11.0,21.0,1.0,70,1.0,0,0.0
C2,1178,0.4539735938816088,47.9,36.6,1,4.0,16.40625,36.0,10.0,21.0,1.0,70,1.0,1,0.0
C2,1179,0.4478332430044158,48.599999999999994,35.3,1,4.0,16.40625,33.0,10.0,21.0,1.0,70,1.0,0,0.0
C2,1180,0.4783221031891636,45.699999999999996,34.7,1,6.0,17.1875,34.0,15.0,22.0,1.0,70,2.0,2,0.0
C2,1181,0.08521760815908908,119.7,69.9,1,10.8,16.40625,61.0,27.0,21.0,1.0,50,2.0,1,0.0
C2,1182,0.5157207166476037,48.099999999999994,35.1,1,3.2,16.40625,30.0,8.0,21.0,1.0,50,1.0,1,0.0
C2,1183,0.5532341400032648,44.2,34.8,1,4.0,16.40625,38.0,10.0,21.0,1.0,50,1.0,2,0.0
C2,1184,0.6350973680596106,44.699999999999996,35.2,1,3.6,16.40625,32.0,9.0,21.0,1.0,30,1.0,1,0.0
C2,1185,0.6033509360352993,48.7,34.8,1,4.4,16.40625,37.0,11.0,21.0,1.0,30,1.0,1,0.0
C2,1186,0.6291194999995711,47.4,34.6,1,8.0,16.40625,38.0,20.0,21.0,1.0,30,2.0,2,0.0
C2,1187,0.5982552627964528,48.9,36.8,1,3.6,16.40625,32.0,9.0,21.0,1.0,30,1.0,0,0.0
C2,1188,0.6205497885818057,47.300000000000004,35.2,1,5.6,16.40625,31.0,14.0,21.0,1.0,30,2.0,1,0.0
C2,1189,0.4713887290375879,47.5,35.3,1,9.2,16.40625,30.0,23.0,21.0,1.0,70,3.0,1,0.0
C2,1190,0.5875283014022343,32.9,26.9,1,4.8,16.40625,23.0,12.0,21.0,1.0,70,2.0,1,0.0
C2,1191,0.4798670158587693,47.800000000000004,35.0,1,12.8,16.40625,38.0,32.0,21.0,1.0,70,3.0,1,0.0
C2,1192,0.7037606996803916,18.1,17.8,1,6.0,16.40625,17.0,15.0,21.0,1.0,70,3.0,2,0.0
C2,1193,0.5800670697372783,33.2,26.8,1,2.8,16.40625,20.0,7.0,21.0,1.0,70,1.0,0,0.0
C2,1194,0.6996909593573912,18.3,18.0,1,4.4,16.40625,19.0,11.0,21.0,1.0,70,2.0,2,0.0
C2,1195,0.5855525412500298,32.9,25.6,1,4.0,16.40625,20.0,10.0,21.0,1.0,70,2.0,1,0.0
C2,1196,0.5756811048249977,33.7,27.400000000000002,1,2.8,16.40625,28.0,7.0,21.0,1.0,70,1.0,2,0.0
C2,1197,0.594270938767247,33.099999999999994,27.2,1,8.0,16.40625,25.0,20.0,21.0,1.0,70,3.0,0,0.0
C2,1198,0.5897256119610934,33.0,26.700000000000003,1,6.0,16.40625,20.0,15.0,21.0,1.0,70,3.0,1,0.0
C2,1199,0.5802893833552929,33.5,26.4,1,4.0,16.40625,21.0,10.0,21.0,1.0,70,2.0,0,0.0
C2,1200,0.6397934878380362,33.4,28.0,1,2.0,16.40625,20.0,5.0,21.0,1.0,50,1.0,0,0.0
C2,1201,0.5510418659762408,47.4,35.6,1,10.0,16.40625,36.0,25.0,21.0,1.0,50,3.0,0,0.0
C2,1202,0.658110582227901,33.4,27.400000000000002,1,6.4,16.40625,21.0,16.0,21.0,1.0,50,3.0,2,0.0
C2,1203,0.652122481730842,33.5,26.9,1,5.2,16.40625,24.0,13.0,21.0,1.0,50,2.0,2,0.0
C2,1204,0.758951238880883,18.1,17.8,1,2.4,16.40625,18.0,6.0,21.0,1.0,50,1.0,0,0.0
C2,1205,0.6556998757053709,32.9,26.3,1,4.8,16.40625,23.0,12.0,21.0,1.0,50,2.0,2,0.0
C2,1206,0.556071593840586,43.5,35.4,1,3.2,16.40625,30.0,8.0,21.0,1.0,50,1.0,2,0.0
C2,1207,0.7722384402787341,18.2,17.8,1,5.6,16.40625,15.0,14.0,21.0,1.0,50,3.0,2,0.0
C2,1208,0.6548226827229149,33.0,26.0,1,4.8,16.40625,22.0,12.0,21.0,1.0,50,2.0,2,0.0
C2,1209,0.6617121244892605,32.599999999999994,26.0,1,5.6,16.40625,23.0,14.0,21.0,1.0,50,2.0,0,0.0
C2,1210,0.7605761873560926,17.8,17.5,1,2.8,16.40625,10.0,7.0,21.0,1.0,50,2.0,2,0.0
C2,1211,0.5581527068975878,44.6,33.9,1,6.0,16.40625,32.0,15.0,21.0,1.0,50,2.0,0,0.0
C2,1212,0.7573373474871592,18.2,17.8,1,2.0,16.40625,15.0,5.0,21.0,1.0,50,1.0,0,0.0
C2,1213,0.7722384402787341,18.2,17.8,1,5.6,16.40625,15.0,14.0,21.0,1.0,50,3.0,1,0.0
C2,1214,0.7739421805817983,18.2,17.8,1,6.0,16.40625,17.0,15.0,21.0,1.0,50,3.0,0,0.0
C2,1215,0.770543534362421,18.2,17.8,1,5.2,16.40625,14.0,13.0,21.0,1.0,50,3.0,2,0.0
C2,1216,0.6607842858449562,32.9,27.3,1,6.0,16.40625,22.0,15.0,21.0,1.0,50,3.0,1,0.0
C2,1217,0.6583314546527395,32.599999999999994,27.099999999999998,1,4.8,16.40625,24.0,12.0,21.0,1.0,50,2.0,2,0.0
C2,1218,0.7557347567600108,18.0,17.7,1,1.6,16.40625,13.0,4.0,21.0,1.0,50,1.0,2,0.0
C2,1219,0.768857770442213,18.1,17.7,1,4.8,16.40625,13.0,12.0,21.0,1.0,50,3.0,0,0.0
C2,1220,0.758951238880883,18.3,17.8,1,2.4,16.40625,19.0,6.0,21.0,1.0,50,1.0,1,0.0
C2,1221,0.6482954856017067,32.800000000000004,26.1,1,2.8,16.40625,24.0,7.0,21.0,1.0,50,1.0,1,0.0
C2,1222,0.7605761873560926,18.2,17.8,1,2.8,16.40625,11.0,7.0,21.0,1.0,50,2.0,0,0.0
C2,1223,0.6922719492352991,20.2,17.9,1,2.0,16.40625,16.0,5.0,21.0,1.0,70,1.0,2,0.0
C2,1224,0.6949342494879829,18.4,17.6,1,2.4,16.40625,9.0,6.0,21.0,1.0,70,2.0,2,0.0
C2,1225,0.6264824755510887,27.7,18.5,1,2.0,16.40625,7.0,5.0,21.0,1.0,70,2.0,0,0.0
C2,1226,0.5747588108914917,33.7,27.5,1,2.4,16.40625,23.0,6.0,21.0,1.0,70,1.0,1,0.0
C2,1227,0.49951892854047025,44.699999999999996,35.7,1,10.4,16.40625,39.0,26.0,21.0,1.0,70,3.0,0,0.0
C2,1228,0.6949342494879829,18.1,17.5,1,2.4,16.40625,17.0,6.0,21.0,1.0,70,1.0,0,0.0
C2,1229,-0.049693968045400105,144.9,90.2,1,13.6,16.40625,88.0,34.0,21.0,1.0,70,2.0,1,0.0
C2,1230,-0.18578560515492804,209.0,122.7,1,22.4,16.40625,125.0,56.0,21.0,1.0,70,2.0,0,0.0
C2,1231,-0.18883252513660337,204.8,115.2,1,18.8,16.40625,121.0,47.0,21.0,1.0,70,2.0,0,0.0
C2,1232,-0.2044926950836521,199.4,115.9,1,10.0,16.40625,118.0,25.0,21.0,1.0,70,1.0,1,0.0
C2,1233,-0.1825168112113958,200.7,117.7,1,17.6,16.40625,113.0,44.0,21.0,1.0,70,2.0,2,0.0
C2,1234,-0.1889813957841509,202.6,115.1,1,17.2,16.40625,112.0,43.0,21.0,1.0,70,2.0,1,0.0
C2,1235,-0.20505554630776512,213.29999999999998,120.80000000000001,1,20.4,16.40625,131.0,51.0,21.0,1.0,70,2.0,2,0.0
C2,1236,-0.12141612281435735,198.9,115.1,1,31.2,16.40625,134.0,78.0,21.0,1.0,70,3.0,0,0.0
C2,1237,0.055217275146865016,94.89999999999999,53.6,1,4.4,16.40625,49.0,11.0,21.0,1.0,70,1.0,1,0.0
C2,1238,0.0017962225152860778,115.2,60.199999999999996,1,4.4,16.40625,58.0,11.0,21.0,1.0,70,1.0,2,0.0
C2,1239,0.02616739931491993,121.39999999999999,73.7,1,17.6,16.40625,69.0,44.0,21.0,1.0,70,3.0,2,0.0
C2,1240,0.4834227733286079,45.0,35.5,1,5.6,16.40625,30.0,14.0,21.0,1.0,70,2.0,1,0.0
C2,1241,-0.14320344872897212,206.5,118.6,1,30.8,16.40625,119.0,77.0,21.0,1.0,70,3.0,0,0.0
C2,1242,-0.09925994788596149,185.1,109.39999999999999,1,28.0,17.1875,125.0,70.0,22.0,1.0,70,3.0,1,0.0
C2,1243,-0.20644598374023143,200.6,112.19999999999999,1,10.4,16.40625,134.0,26.0,21.0,1.0,70,1.0,0,0.0
C2,1244,0.4600784384865895,47.9,34.2,1,6.4,16.40625,33.0,16.0,21.0,1.0,70,2.0,0,0.0
C2,1245,0.03004287405986307,114.6,71.0,1,13.6,16.40625,60.0,34.0,21.0,1.0,70,3.0,1,0.0
C2,1246,-0.15986682085334858,204.2,118.9,1,25.6,16.40625,108.0,64.0,21.0,1.0,70,3.0,0,0.0
C2,1247,0.03461513764424723,107.2,63.8,1,8.8,16.40625,56.0,22.0,21.0,1.0,70,2.0,2,0.0
C2,1248,0.07517400656633365,90.5,47.6,1,7.6,16.40625,41.0,19.0,21.0,1.0,70,2.0,0,0.0
C2,1249,0.0434563895399116,109.0,62.0,1,13.2,16.40625,54.0,33.0,21.0,1.0,70,3.0,1,0.0
C2,1250,-0.1481444839605635,207.7,114.1,1,30.4,16.40625,127.0,76.0,21.0,1.0,70,3.0,0,0.0
C2,1251,-0.16144576822176954,204.8,117.8,1,25.6,16.40625,106.0,64.0,21.0,1.0,70,3.0,2,0.0
C2,1252,-0.2107756296698835,212.0,120.0,1,18.0,16.40625,105.0,45.0,21.0,1.0,70,2.0,2,0.0
C2,1253,-0.126646125170784,184.10000000000002,107.89999999999999,1,20.8,16.40625,100.0,52.0,21.0,1.0,70,3.0,2,0.0
C2,1254,-0.2038534533337963,207.7,117.0,1,16.8,16.40625,104.0,42.0,21.0,1.0,70,2.0,1,0.0
C2,1255,-0.19537396503694987,197.8,111.19999999999999,1,11.6,16.40625,108.0,29.0,21.0,1.0,70,1.0,1,0.0
C2,1256,-0.2306623040394749,206.3,114.3,1,7.2,16.40625,110.0,18.0,21.0,1.0,70,1.0,0,0.0
C2,1257,-0.18161297473151927,199.8,113.0,1,17.2,16.40625,118.0,43.0,21.0,1.0,70,2.0,2,0.0
C2,1258,-0.1751564734003807,206.2,116.8,1,23.2,16.40625,103.0,58.0,21.0,1.0,70,3.0,2,0.0
C2,1259,-0.12761216013383342,203.3,116.1,1,32.4,16.40625,132.0,81.0,21.0,1.0,70,3.0,0,0.0
C2,1260,-0.15547644713822883,198.1,113.8,1,22.8,16.40625,105.0,57.0,21.0,1.0,70,3.0,1,0.0
C2,1261,-0.19251673566291921,206.2,122.5,1,18.8,16.40625,115.0,47.0,21.0,1.0,70,2.0,2,0.0
C2,1262,-0.16405465744313436,208.4,115.2,1,27.2,16.40625,114.0,68.0,21.0,1.0,70,3.0,0,0.0
C2,1263,-0.22647177162421078,207.3,116.8,1,9.6,16.40625,127.0,24.0,21.0,1.0,70,1.0,2,0.0
C2,1264,-0.03943935709310342,143.6,95.4,1,15.6,17.1875,89.0,39.0,22.0,1.0,70,2.0,1,0.0
C2,1265,-0.2164265966158972,205.8,113.60000000000001,1,11.6,16.40625,119.0,29.0,21.0,1.0,70,1.0,2,0.0
C2,1266,-0.10973297357598077,180.10000000000002,103.2,1,22.4,16.40625,99.0,56.0,21.0,1.0,70,3.0,0,0.0
C2,1267,-0.23686629021612898,194.8,107.2,1,8.0,16.40625,94.0,20.0,21.0,1.0,90,1.0,0,0.0
C2,1268,-0.010876335132354337,112.8,72.2,1,15.2,16.40625,60.0,38.0,21.0,1.0,90,3.0,2,0.0
C2,1269,0.6691397954190959,18.2,17.7,1,6.8,16.40625,19.0,17.0,21.0,1.0,90,3.0,0,0.0
C2,1270,-0.2553540538803379,207.9,120.5,1,18.4,16.40625,105.0,46.0,21.0,1.0,90,2.0,0,0.0
C2,1271,-0.23330806259237574,203.8,117.6,1,23.6,16.40625,160.0,59.0,21.0,1.0,90,2.0,2,0.0
C2,1272,-0.23296829742637037,195.3,111.5,1,12.0,17.1875,140.0,30.0,22.0,1.0,90,1.0,0,0.0
C2,1273,-0.2717771073318711,212.2,118.6,1,15.6,16.40625,108.0,39.0,21.0,1.0,90,2.0,2,0.0
C2,1274,-0.21235788643705822,193.1,113.69999999999999,1,20.4,16.40625,111.0,51.0,21.0,1.0,90,2.0,1,0.0
C2,1275,-0.22666984335402224,197.0,111.69999999999999,1,18.4,16.40625,124.0,46.0,21.0,1.0,90,2.0,2,0.0
C2,1276,-0.2603610708756338,210.10000000000002,118.0,1,18.8,17.1875,117.0,47.0,22.0,1.0,90,2.0,1,0.0
C2,1277,-0.20192896671130173,185.4,105.6,1,15.2,16.40625,91.0,38.0,21.0,1.0,90,2.0,1,0.0
C2,1278,-0.25428096589620314,207.2,117.6,1,18.0,16.40625,108.0,45.0,21.0,1.0,90,2.0,2,0.0
C2,1279,-0.22573991629702955,205.7,117.5,1,28.4,16.40625,124.0,71.0,21.0,1.0,90,3.0,2,0.0
C2,1280,-0.24661620502077752,205.8,117.6,1,20.0,17.1875,115.0,50.0,22.0,1.0,90,2.0,1,0.0
C2,1281,-0.27306683287626055,209.3,117.9,1,9.6,16.40625,123.0,24.0,21.0,1.0,90,1.0,2,0.0
C2,1282,-0.02634947608683466,119.2,73.1,1,16.0,16.40625,64.0,40.0,21.0,1.0,90,3.0,1,0.0
C2,1283,-0.2461703704147059,200.1,113.4,1,11.6,16.40625,115.0,29.0,21.0,1.0,90,1.0,0,0.0
C2,1284,0.5507902570315839,33.300000000000004,26.1,1,5.2,16.40625,27.0,13.0,21.0,1.0,90,2.0,1,0.0
C2,1285,-0.05351194861718009,131.20000000000002,81.60000000000001,1,18.4,16.40625,73.0,46.0,21.0,1.0,90,3.0,1,0.0
C2,1286,-0.00666902715627346,110.7,66.60000000000001,1,14.4,16.40625,63.0,36.0,21.0,1.0,90,3.0,2,0.0
C2,1287,0.04093489274318886,91.0,50.7,1,11.6,17.1875,41.0,29.0,22.0,1.0,90,3.0,1,0.0
C2,1288,0.6659183675801024,18.8,17.9,1,3.6,16.40625,16.0,9.0,21.0,1.0,90,2.0,0,0.0
C2,1289,-0.035382789305946405,122.89999999999999,74.39999999999999,1,16.4,16.40625,68.0,41.0,21.0,1.0,90,3.0,1,0.0
C2,1290,-0.09954441510721981,142.1,94.39999999999999,1,6.8,16.40625,80.0,17.0,21.0,1.0,90,1.0,0,0.0
C2,1291,-0.2261394930270912,194.6,107.5,1,15.2,16.40625,94.0,38.0,21.0,1.0,90,2.0,1,0.0
C2,1292,0.5490642594136212,33.2,25.7,1,2.4,16.40625,20.0,6.0,21.0,1.0,90,1.0,2,0.0
C2,1293,-0.1458927536197568,171.7,101.0,1,24.8,17.1875,96.0,62.0,22.0,1.0,90,3.0,0,0.0
C2,1294,0.6670591094997571,18.1,17.7,1,4.8,16.40625,13.0,12.0,21.0,1.0,90,3.0,1,0.0
C2,1295,0.5498415498050608,33.6,27.599999999999998,1,6.8,16.40625,22.0,17.0,21.0,1.0,90,3.0,0,0.0
C2,1296,0.08021700423659933,73.0,51.2,1,4.8,16.40625,50.0,12.0,21.0,1.0,90,1.0,0,0.0
C2,1297,-0.04669668620417955,124.3,84.4,1,11.6,16.40625,70.0,29.0,21.0,1.0,90,2.0,2,0.0
C2,1298,-0.09003368661315045,143.4,92.2,1,16.0,16.40625,85.0,40.0,21.0,1.0,90,2.0,2,0.0
C2,1299,-0.24561721177507484,204.2,116.7,1,18.4,16.40625,121.0,46.0,21.0,1.0,90,2.0,1,0.0
C2,1300,-0.23899617904103826,205.6,116.0,1,23.2,16.40625,163.0,58.0,21.0,1.0,90,2.0,1,0.0
C2,1301,-0.2523034231213447,204.8,116.1,1,15.6,17.1875,193.0,39.0,22.0,1.0,90,1.0,0,0.0
C2,1302,-0.2486736759107423,206.9,113.60000000000001,1,20.4,16.40625,153.0,51.0,21.0,1.0,90,2.0,2,0.0
C2,1303,-0.07876856873700189,205.5,116.4,1,64.8,17.1875,406.0,162.0,22.0,1.0,90,2.0,1,0.0
C2,1304,-0.08239359233597521,144.7,96.60000000000001,1,21.6,16.40625,81.0,54.0,21.0,1.0,90,3.0,2,0.0
C2,1305,-0.23529981230361163,199.7,113.69999999999999,1,17.6,16.40625,115.0,44.0,21.0,1.0,90,2.0,2,0.0
C2,1306,-0.25222400834110215,201.0,123.39999999999999,1,8.8,16.40625,104.0,22.0,21.0,1.0,90,1.0,2,0.0
C2,1307,-0.2441210850899851,209.79999999999998,119.2,1,25.6,16.40625,107.0,64.0,21.0,1.0,90,3.0,0,0.0
C2,1308,0.07777599165889787,75.6,47.4,1,8.8,16.40625,49.0,22.0,21.0,1.0,90,2.0,1,0.0
C2,1309,-0.21810833734966112,202.8,115.1,1,28.4,16.40625,117.0,71.0,21.0,1.0,90,3.0,2,0.0
C2,1310,-0.2478157700629463,207.9,116.7,1,22.0,16.40625,129.0,55.0,21.0,1.0,90,2.0,2,0.0
C2,1311,-0.20805629481816917,206.1,117.1,1,34.4,16.40625,143.0,86.0,21.0,1.0,90,3.0,0,0.0
C2,1312,-0.17751906461355516,172.8,107.80000000000001,1,9.2,16.40625,125.0,23.0,21.0,1.0,90,1.0,2,0.0
C2,1313,-0.2654138014556604,206.2,115.2,1,9.2,16.40625,116.0,23.0,21.0,1.0,90,1.0,1,0.0
C2,1314,-0.1955000903289174,189.79999999999998,109.2,1,24.0,16.40625,100.0,60.0,21.0,1.0,90,3.0,0,0.0
C2,1315,-0.15544625973483622,165.0,106.6,1,10.4,17.1875,125.0,26.0,22.0,1.0,90,1.0,1,0.0
C2,1316,-0.23951033861940108,201.3,114.2,1,17.6,16.40625,121.0,44.0,21.0,1.0,90,2.0,0,0.0
C2,1317,-0.23057219971497883,203.5,115.2,1,24.4,16.40625,107.0,61.0,21.0,1.0,90,3.0,2,0.0
C2,1318,-0.18349759819512002,174.7,104.1,1,8.4,16.40625,97.0,21.0,21.0,1.0,90,1.0,2,0.0
C2,1319,-0.20841070628545005,189.20000000000002,110.5,1,17.2,16.40625,114.0,43.0,21.0,1.0,90,2.0,2,0.0
C2,1320,0.008084334152576991,103.7,61.6,1,12.0,16.40625,52.0,30.0,21.0,1.0,90,3.0,2,0.0
C2,1321,-0.18409327243078516,186.6,107.1,1,25.2,16.40625,96.0,63.0,21.0,1.0,90,3.0,0,0.0
C2,1322,0.0645861985443396,80.8,48.800000000000004,1,9.2,16.40625,45.0,23.0,21.0,1.0,90,2.0,0,0.0
C2,1323,-0.2566156017772958,207.8,114.7,1,17.6,16.40625,106.0,44.0,21.0,1.0,90,2.0,0,0.0
C2,1324,-0.2586040156728157,204.0,111.8,1,10.0,16.40625,114.0,25.0,21.0,1.0,90,1.0,0,0.0
C2,1325,0.5574251144659154,33.0,26.700000000000003,1,8.8,16.40625,29.0,22.0,21.0,1.0,90,3.0,0,0.0
C2,1326,0.04192230011665782,89.80000000000001,50.0,1,10.0,17.1875,41.0,25.0,22.0,1.0,90,3.0,1,0.0
C2,1327,-0.18267746287287362,185.29999999999998,101.9,1,24.4,16.40625,97.0,61.0,21.0,1.0,90,3.0,2,0.0
C2,1328,-0.2475550897932925,211.5,122.5,1,26.0,16.40625,109.0,65.0,21.0,1.0,90,3.0,1,0.0
C2,1329,-0.04883485408723934,123.89999999999999,77.3,1,9.2,16.40625,61.0,23.0,21.0,1.0,90,2.0,1,0.0
C2,1330,-0.2407632482236543,207.0,119.3,1,24.0,16.40625,101.0,60.0,21.0,1.0,90,3.0,1,0.0
C2,1331,-0.16841051801600554,176.4,101.4,1,20.4,16.40625,99.0,51.0,21.0,1.0,90,3.0,2,0.0
C2,1332,0.6674569236982506,18.2,17.8,1,5.2,16.40625,14.0,13.0,21.0,1.0,90,3.0,1,0.0
C2,1333,-0.0387303641844533,118.2,76.30000000000001,1,4.8,16.40625,62.0,12.0,21.0,1.0,90,1.0,2,0.0
C2,1334,-0.24035453664504597,202.8,112.60000000000001,1,19.2,16.40625,115.0,48.0,21.0,1.0,90,2.0,1,0.0
C2,1335,-0.2653397034582779,205.8,118.8,1,8.4,16.40625,115.0,21.0,21.0,1.0,90,1.0,1,0.0
C2,1336,-0.09467208036534361,206.4,116.8,1,61.6,16.40625,423.0,154.0,21.0,1.0,90,2.0,1,0.0
C2,1337,-0.243880300345867,207.1,116.3,1,22.8,16.40625,161.0,57.0,21.0,1.0,90,2.0,2,0.0
C2,1338,-0.20312255469089535,202.7,113.69999999999999,1,33.2,16.40625,141.0,83.0,21.0,1.0,90,3.0,0,0.0
C2,1339,-0.23286851138154901,204.0,114.4,1,24.0,16.40625,103.0,60.0,21.0,1.0,90,3.0,0,0.0
C2,1340,0.07839523521152773,73.4,43.2,1,4.0,16.40625,40.0,10.0,21.0,1.0,90,1.0,0,0.0
C2,1341,-0.23676561610908203,207.4,116.6,1,26.0,16.40625,104.0,65.0,21.0,1.0,90,3.0,2,0.0
C2,1342,0.5507902570315839,33.300000000000004,26.4,1,5.2,16.40625,28.0,13.0,21.0,1.0,90,2.0,2,0.0
C2,1343,0.45649429657816926,44.8,34.9,1,10.8,16.40625,38.0,27.0,21.0,1.0,90,3.0,0,0.0
C2,1344,-0.031225001667444685,118.0,69.7,1,10.8,16.40625,68.0,27.0,21.0,1.0,90,2.0,0,0.0
C2,1345,-0.04104209696337399,128.0,80.3,1,20.4,16.40625,75.0,51.0,21.0,1.0,90,3.0,0,0.0
C2,1346,-0.0213862290540979,118.7,71.4,1,18.0,16.40625,69.0,45.0,21.0,1.0,90,3.0,1,0.0
C2,1347,0.4542275147173416,44.5,34.6,1,6.8,16.40625,36.0,17.0,21.0,1.0,90,2.0,1,0.0
C2,1348,-0.07428096589620317,138.8,89.0,1,18.0,16.40625,81.0,45.0,21.0,1.0,90,3.0,0,0.0
C2,1349,-0.05687875967203265,131.89999999999998,80.5,1,17.6,16.40625,76.0,44.0,21.0,1.0,90,3.0,0,0.0
C2,1350,0.5539888027170687,32.599999999999994,25.7,1,2.0,16.40625,23.0,5.0,21.0,1.0,90,1.0,1,0.0
C2,1351,-0.10067903005561554,142.7,86.6,1,7.2,16.40625,86.0,18.0,21.0,1.0,90,1.0,1,0.0
C2,1352,-0.1321710147607857,164.3,98.5,1,22.4,16.40625,91.0,56.0,21.0,1.0,90,3.0,1,0.0
C2,1353,-0.052196159143495874,130.70000000000002,83.7,1,18.4,16.40625,71.0,46.0,21.0,1.0,90,3.0,2,0.0
C2,1354,-0.2542442129289399,205.8,117.8,1,16.0,16.40625,102.0,40.0,21.0,1.0,90,2.0,1,0.0
C2,1355,0.5539012147629151,32.9,26.700000000000003,1,4.8,16.40625,23.0,12.0,21.0,1.0,90,2.0,0,0.0
C2,1356,0.7387741044100431,32.300000000000004,25.6,1,2.4,16.40625,20.0,6.0,21.0,1.0,30,1.0,1,0.0
C2,1357,0.09718493213022614,141.7,90.2,1,6.8,16.40625,81.0,17.0,21.0,1.0,30,1.0,2,0.0
C2,1358,-0.026052631578947272,207.9,117.3,1,28.8,16.40625,118.0,72.0,21.0,1.0,30,3.0,2,0.0
C2,1359,-0.031933341795689296,194.8,111.69999999999999,1,9.6,16.40625,130.0,24.0,21.0,1.0,30,1.0,1,0.0
C2,1360,-0.0060526315789473095,200.3,113.9,1,20.8,16.40625,126.0,52.0,21.0,1.0,30,2.0,2,0.0
C2,1361,-0.05567191069738639,207.0,115.9,1,12.0,16.40625,151.0,30.0,21.0,1.0,30,1.0,2,0.0
C2,1362,-0.04680142761550099,197.6,114.3,1,27.6,16.40625,119.0,69.0,21.0,1.0,50,3.0,2,0.0
C2,1363,0.5217529877382034,47.6,35.4,1,3.6,16.40625,38.0,9.0,21.0,1.0,50,1.0,0,0.0
C2,1364,-0.0002459393217895123,142.9,91.2,1,5.2,16.40625,87.0,13.0,21.0,1.0,50,1.0,0,0.0
C2,1365,0.0394132582634219,146.0,92.89999999999999,1,16.0,16.40625,89.0,40.0,21.0,1.0,50,2.0,2,0.0
C2,1366,-0.004204044337224322,147.0,89.89999999999999,1,6.8,16.40625,83.0,17.0,21.0,1.0,50,1.0,1,0.0
C2,1367,0.5831564965101332,40.599999999999994,35.9,1,3.6,16.40625,36.0,9.0,21.0,1.0,50,1.0,1,0.0
C2,1368,0.11586594036890183,119.0,74.0,1,17.2,16.40625,65.0,43.0,21.0,1.0,50,3.0,1,0.0
C2,1369,0.5202253101631102,47.4,35.8,1,2.8,16.40625,35.0,7.0,21.0,1.0,50,1.0,2,0.0
C2,1370,0.10727882307379205,101.4,58.7,1,4.8,16.40625,58.0,12.0,21.0,1.0,50,1.0,1,0.0
C2,1371,0.05993703834495437,133.39999999999998,82.19999999999999,1,13.2,16.40625,74.0,33.0,21.0,1.0,50,2.0,0,0.0
C2,1372,0.07190624643243027,126.8,72.5,1,12.0,16.40625,64.0,30.0,21.0,1.0,50,2.0,0,0.0
C2,1373,-0.06281507162548874,202.5,116.3,1,26.8,16.40625,109.0,67.0,21.0,1.0,50,3.0,0,0.0
C2,1374,-0.1065500247803079,204.2,113.10000000000001,1,17.6,16.40625,116.0,44.0,21.0,1.0,50,2.0,2,0.0
C2,1375,0.07230799510552713,133.5,84.3,1,16.0,16.40625,72.0,40.0,21.0,1.0,50,3.0,2,0.0
C2,1376,0.11467641615815871,117.4,73.1,1,16.0,16.40625,65.0,40.0,21.0,1.0,50,3.0,2,0.0
C2,1377,0.7655148417576507,18.0,17.8,1,4.0,16.40625,16.0,10.0,21.0,1.0,50,2.0,0,0.0
C2,1378,0.16211174513645987,83.8,53.199999999999996,1,6.8,17.1875,40.0,17.0,22.0,1.0,50,2.0,1,0.0
C2,1379,0.7655148417576507,18.2,17.9,1,4.0,16.40625,17.0,10.0,21.0,1.0,50,2.0,2,0.0
C2,1380,0.6532341400032649,32.800000000000004,26.8,1,4.0,16.40625,20.0,10.0,21.0,1.0,50,2.0,1,0.0
C2,1381,-0.07203709712391235,206.6,118.0,1,27.2,16.40625,118.0,68.0,21.0,1.0,50,3.0,0,0.0
C2,1382,0.03038751111559737,146.0,94.60000000000001,1,14.0,16.40625,82.0,35.0,21.0,1.0,50,2.0,0,0.0
C2,1383,0.1145094834362736,105.2,63.1,1,8.8,16.40625,52.0,22.0,21.0,1.0,50,2.0,1,0.0
C2,1384,0.16548076605382592,89.2,48.4,1,10.8,16.40625,42.0,27.0,21.0,1.0,50,3.0,1,0.0
C2,1385,0.7655148417576507,18.2,18.0,1,4.0,16.40625,17.0,10.0,21.0,1.0,50,2.0,0,0.0
C2,1386,0.5546018102980765,45.199999999999996,34.7,1,6.4,16.40625,34.0,16.0,21.0,1.0,50,2.0,0,0.0
C2,1387,0.66070823636453,33.300000000000004,26.4,1,6.8,16.40625,25.0,17.0,21.0,1.0,50,3.0,1,0.0
C2,1388,0.7573373474871592,18.599999999999998,17.8,1,2.0,16.40625,14.0,5.0,21.0,1.0,50,1.0,2,0.0
C2,1389,0.559029899880044,44.5,33.8,1,6.0,16.40625,34.0,15.0,21.0,1.0,50,2.0,2,0.0
C2,1390,0.7671814422697458,18.2,17.9,1,4.4,16.40625,12.0,11.0,21.0,1.0,50,3.0,2,0.0
C2,1391,0.08171212448926048,112.4,68.3,1,5.6,16.40625,67.0,14.0,21.0,1.0,50,1.0,1,0.0
C2,1392,0.5782348484323812,44.3,34.6,1,10.0,16.40625,36.0,25.0,21.0,1.0,50,3.0,1,0.0
C2,1393,-0.03777246192814504,200.7,114.1,1,12.4,16.40625,103.0,31.0,21.0,1.0,30,2.0,0,0.0
C2,1394,0.8551053220002116,18.0,17.7,1,4.4,16.40625,12.0,11.0,21.0,1.0,30,3.0,0,0.0
C2,1395,0.6359745610420668,44.6,35.3,1,3.6,16.40625,32.0,9.0,21.0,1.0,30,1.0,2,0.0
C2,1396,0.26710195613992194,78.89999999999999,53.3,1,8.0,16.40625,48.0,20.0,21.0,1.0,30,2.0,1,0.0
C2,1397,0.26115795357915894,75.7,45.400000000000006,1,4.4,16.40625,44.0,11.0,21.0,1.0,30,1.0,0,0.0
C2,1398,0.8449503405842114,18.2,17.8,1,2.0,16.40625,16.0,5.0,21.0,1.0,30,1.0,0,0.0
C2,1399,0.8534405798950884,18.0,17.7,1,4.0,16.40625,17.0,10.0,21.0,1.0,30,2.0,0,0.0
C2,1400,0.6617972329675679,45.0,35.6,1,11.2,16.40625,37.0,28.0,21.0,1.0,30,3.0,2,0.0
C2,1401,-0.058775447058847186,205.0,117.7,1,9.6,16.40625,112.0,24.0,21.0,1.0,30,1.0,2,0.0
C2,1402,0.03210526315789486,185.79999999999998,108.2,1,24.8,16.40625,96.0,62.0,21.0,1.0,30,3.0,0,0.0
C2,1403,0.7454561991931941,32.5,27.0,1,4.4,16.40625,20.0,11.0,21.0,1.0,30,2.0,0,0.0
C2,1404,0.8466688412521486,17.9,17.6,1,2.4,16.40625,8.0,6.0,21.0,1.0,30,2.0,2,0.0
C2,1405,0.8534405798950884,18.0,17.9,1,4.0,16.40625,12.0,10.0,21.0,1.0,30,3.0,0,0.0
C2,1406,0.7263920028967255,34.1,26.4,1,3.2,16.40625,28.0,8.0,21.0,1.0,30,1.0,0,0.0
C2,1407,0.8500762134230411,18.5,17.9,1,3.2,16.40625,14.0,8.0,21.0,1.0,30,2.0,1,0.0
C2,1408,0.8517640347262772,18.2,17.8,1,3.6,16.40625,15.0,9.0,21.0,1.0,30,2.0,1,0.0
C2,1409,0.7352197450439686,32.9,26.3,1,2.8,16.40625,29.0,7.0,21.0,1.0,30,1.0,2,0.0
C2,1410,0.8567577352788383,18.0,17.7,1,4.8,16.40625,14.0,12.0,21.0,1.0,30,3.0,2,0.0
C2,1411,0.75519885799994,33.2,26.9,1,8.4,16.40625,26.0,21.0,21.0,1.0,30,3.0,2,0.0
C2,1412,0.7511094348990912,32.599999999999994,25.6,1,6.0,16.40625,21.0,15.0,21.0,1.0,30,3.0,0,0.0
C2,1413,0.8567577352788383,18.0,17.7,1,4.8,16.40625,13.0,12.0,21.0,1.0,30,3.0,1,0.0
C2,1414,0.16260781876607297,114.4,70.7,1,5.2,16.40625,65.0,13.0,21.0,1.0,30,1.0,0,0.0
C2,1415,0.8534405798950884,18.1,17.9,1,4.0,16.40625,15.0,10.0,21.0,1.0,30,2.0,2,0.0
C2,1416,0.6514716710876856,44.5,34.9,1,7.2,16.40625,36.0,18.0,21.0,1.0,30,2.0,1,0.0
C2,1417,0.8567577352788383,18.1,17.8,1,4.8,16.40625,16.0,12.0,21.0,1.0,30,2.0,1,0.0
C2,1418,-0.013684210526315799,203.2,116.9,1,20.4,16.40625,134.0,51.0,21.0,1.0,30,2.0,0,0.0
C2,1419,-0.06777438536893624,207.3,114.6,1,8.8,16.40625,101.0,22.0,21.0,1.0,30,1.0,2,0.0
C2,1420,0.1681316862189351,120.39999999999999,74.39999999999999,1,10.8,16.40625,68.0,27.0,21.0,1.0,30,2.0,1,0.0
C2,1421,0.009210526315789447,194.5,111.4,1,31.6,16.40625,138.0,79.0,21.0,1.0,30,3.0,0,0.0
C2,1422,-0.014999999999999958,203.7,116.8,1,32.0,16.40625,136.0,80.0,21.0,1.0,30,3.0,1,0.0
C2,1423,0.15423399910812138,118.2,75.6,1,5.6,16.40625,62.0,14.0,21.0,1.0,30,1.0,1,0.0
C2,1424,0.15912803917180196,130.39999999999998,75.1,1,16.4,16.40625,70.0,41.0,21.0,1.0,30,3.0,1,0.0
C2,1425,0.20465247212094348,97.8,52.8,1,4.8,16.40625,47.0,12.0,21.0,1.0,30,1.0,2,0.0
C2,1426,-0.013684210526315799,203.2,113.69999999999999,1,22.4,17.96875,147.0,56.0,23.0,1.0,30,2.0,2,0.0
C2,1427,0.1622146490537824,131.8,80.3,1,19.2,16.40625,75.0,48.0,21.0,1.0,30,3.0,2,0.0
C2,1428,0.10528663068706873,136.8,79.0,1,5.6,16.40625,73.0,14.0,21.0,1.0,30,1.0,0,0.0
C2,1429,0.16168833326430873,132.0,80.4,1,19.2,16.40625,78.0,48.0,21.0,1.0,30,3.0,2,0.0
C2,1430,-0.004999999999999893,199.9,112.9,1,30.8,16.40625,126.0,77.0,21.0,1.0,30,3.0,1,0.0
C2,1431,-0.025725300989440647,198.5,112.69999999999999,1,14.4,16.40625,177.0,36.0,21.0,1.0,30,1.0,0,0.0
C2,1432,0.2139476557067453,106.5,64.19999999999999,1,13.6,16.40625,51.0,34.0,21.0,1.0,30,3.0,1,0.0
C2,1433,0.6079043856034703,47.800000000000004,33.7,1,3.6,16.40625,39.0,9.0,21.0,1.0,30,1.0,2,0.0
C2,1434,0.7358967202459656,33.4,27.2,1,4.0,16.40625,20.0,10.0,21.0,1.0,30,2.0,2,0.0
C2,1435,0.8500762134230411,18.0,17.6,1,3.2,16.40625,13.0,8.0,21.0,1.0,30,2.0,2,0.0
C2,1436,0.7255706222369509,34.0,26.4,1,2.8,16.40625,28.0,7.0,21.0,1.0,30,1.0,1,0.0
C2,1437,0.8517640347262772,18.1,17.8,1,3.6,16.40625,15.0,9.0,21.0,1.0,30,2.0,1,0.0
C2,1438,0.6638614604365336,18.2,17.6,1,1.2,16.40625,10.0,3.0,21.0,1.0,90,1.0,0,0.0
C2,1439,0.5525730313434458,32.800000000000004,27.400000000000002,1,2.4,16.40625,20.0,6.0,21.0,1.0,90,1.0,0,0.0
C2,1440,0.6645151185065423,18.2,17.7,1,2.0,16.40625,10.0,5.0,21.0,1.0,90,2.0,2,0.0
C2,1441,0.5542487185151181,33.2,27.099999999999998,1,7.6,16.40625,24.0,19.0,21.0,1.0,90,3.0,0,0.0
C2,1442,0.6294273992082966,24.0,18.3,1,2.0,16.40625,15.0,5.0,21.0,1.0,90,1.0,1,0.0
C2,1443,0.666289972053633,18.2,17.9,1,4.0,16.40625,17.0,10.0,21.0,1.0,90,2.0,2,0.0
C2,1444,0.666289972053633,18.8,17.9,1,4.0,16.40625,11.0,10.0,21.0,1.0,90,3.0,1,0.0
C2,1445,0.5542275147173416,33.099999999999994,27.5,1,6.8,16.40625,21.0,17.0,21.0,1.0,90,3.0,1,0.0
C2,1446,0.5517578917914322,33.099999999999994,27.400000000000002,1,4.4,16.40625,22.0,11.0,21.0,1.0,90,2.0,0,0.0
C2,1447,0.6666701724931865,18.1,17.8,1,4.4,16.40625,13.0,11.0,21.0,1.0,90,3.0,2,0.0
C2,1448,0.6682797526248165,17.9,17.7,1,6.0,16.40625,17.0,15.0,21.0,1.0,90,3.0,1,0.0
C2,1449,0.6652003871959242,18.1,17.7,1,2.8,16.40625,11.0,7.0,21.0,1.0,90,2.0,2,0.0
C2,1450,0.6659183675801024,19.2,18.0,1,3.6,16.40625,10.0,9.0,21.0,1.0,90,3.0,2,0.0
C2,1451,0.5542990289614085,32.9,25.9,1,5.2,16.40625,27.0,13.0,21.0,1.0,90,2.0,2,0.0
C2,1452,0.6670591094997571,18.3,17.7,1,4.8,16.40625,13.0,12.0,21.0,1.0,90,3.0,0,0.0
C2,1453,0.6659183675801024,18.1,17.7,1,3.6,16.40625,14.0,9.0,21.0,1.0,90,2.0,0,0.0
C2,1454,0.666289972053633,18.2,17.9,1,4.0,16.40625,17.0,10.0,21.0,1.0,90,2.0,2,0.0
C2,1455,0.6659183675801024,18.0,17.6,1,3.6,16.40625,10.0,9.0,21.0,1.0,90,3.0,2,0.0
C2,1456,0.5501288938958919,33.2,26.8,1,3.6,16.40625,21.0,9.0,21.0,1.0,90,2.0,0,0.0
C2,1457,0.5548659956995248,32.5,26.4,1,2.0,16.40625,22.0,5.0,21.0,1.0,90,1.0,2,0.0
C2,1458,0.6641844064673916,17.9,17.7,1,1.6,16.40625,11.0,4.0,21.0,1.0,90,1.0,1,0.0
C2,1459,0.666289972053633,18.1,17.9,1,4.0,16.40625,16.0,10.0,21.0,1.0,90,2.0,0,0.0
C2,1460,0.5491263128440638,33.4,26.8,1,4.4,16.40625,21.0,11.0,21.0,1.0,90,2.0,1,0.0
C2,1461,0.4542487185151182,44.6,35.1,1,7.6,16.40625,34.0,19.0,21.0,1.0,90,3.0,2,0.0
C2,1462,0.6645151185065423,18.1,17.7,1,2.0,16.40625,14.0,5.0,21.0,1.0,90,1.0,0,0.0
C2,1463,0.5561438567037129,32.599999999999994,26.4,1,4.4,16.40625,21.0,11.0,21.0,1.0,90,2.0,2,0.0
C2,1464,0.6652003871959242,18.1,17.8,1,2.8,16.40625,11.0,7.0,21.0,1.0,90,2.0,0,0.0
C2,1465,0.6648537330978317,18.3,17.8,1,2.4,16.40625,11.0,6.0,21.0,1.0,90,2.0,1,0.0
C2,1466,0.42584616709749434,48.0,35.1,1,8.8,16.40625,30.0,22.0,21.0,1.0,90,3.0,2,0.0
C2,1467,0.6674569236982506,18.2,17.8,1,5.2,16.40625,14.0,13.0,21.0,1.0,90,3.0,1,0.0
C2,1468,0.6641844064673916,18.1,17.8,1,1.6,16.40625,11.0,4.0,21.0,1.0,90,1.0,0,0.0
C2,1469,0.7058847962659864,18.1,17.8,1,6.8,16.40625,19.0,17.0,21.0,1.0,70,3.0,1,0.0
C2,1470,0.6940263352002114,19.0,17.8,1,2.0,16.40625,14.0,5.0,21.0,1.0,70,1.0,2,0.0
C2,1471,0.4954004345801634,44.5,34.8,1,8.4,16.40625,31.0,21.0,21.0,1.0,70,3.0,0,0.0
C2,1472,0.7058847962659864,18.1,17.7,1,6.8,16.40625,19.0,17.0,21.0,1.0,70,3.0,0,0.0
C2,1473,0.5907621668374223,33.5,27.2,1,8.0,16.40625,26.0,20.0,21.0,1.0,70,3.0,0,0.0
C2,1474,0.18876387949864717,106.89999999999999,63.5,1,6.8,16.40625,59.0,17.0,21.0,1.0,30,1.0,2,0.0
C2,1475,0.1859070366710346,115.2,67.7,1,12.0,16.40625,65.0,30.0,21.0,1.0,30,2.0,0,0.0
C2,1476,0.20623771893680365,95.3,50.4,1,3.6,16.40625,43.0,9.0,21.0,1.0,30,1.0,1,0.0
C2,1477,0.28449750257568274,74.0,44.5,1,9.2,16.40625,48.0,23.0,21.0,1.0,30,2.0,1,0.0
C2,1478,0.5999318079652638,48.9,37.5,1,4.0,16.40625,39.0,10.0,21.0,1.0,30,1.0,2,0.0
C2,1479,0.22615795357915897,89.0,60.8,1,4.4,16.40625,50.0,11.0,21.0,1.0,30,1.0,0,0.0
C2,1480,0.8517640347262772,18.0,17.9,1,3.6,16.40625,10.0,9.0,21.0,1.0,30,3.0,0,0.0
C2,1481,0.004027037393384031,177.1,104.0,1,6.8,16.40625,96.0,17.0,21.0,1.0,30,1.0,1,0.0
C2,1482,0.14578947368421055,142.6,92.7,1,22.8,16.40625,85.0,57.0,21.0,1.0,30,3.0,2,0.0
C2,1483,-0.005233527800791921,191.6,104.5,1,15.2,16.40625,98.0,38.0,21.0,1.0,30,2.0,2,0.0
C2,1484,0.1855035057247132,85.0,50.6,1,12.8,16.40625,43.0,32.0,21.0,1.0,50,3.0,0,0.0
C2,1485,0.11827942027832145,103.1,59.1,1,8.4,16.40625,56.0,21.0,21.0,1.0,50,2.0,0,0.0
C2,1486,0.5542091280890806,43.9,33.6,1,3.6,16.40625,38.0,9.0,21.0,1.0,50,1.0,0,0.0
C2,1487,-0.10737724663744175,207.9,120.6,1,19.6,16.40625,129.0,49.0,21.0,1.0,50,2.0,1,0.0
C2,1488,-0.06791690583218304,186.1,103.2,1,15.6,16.40625,93.0,39.0,21.0,1.0,50,2.0,0,0.0
C2,1489,-0.05638008936848096,202.4,115.6,1,28.4,16.40625,116.0,71.0,21.0,1.0,50,3.0,0,0.0
C2,1490,-0.1662661631973838,209.9,115.4,1,7.6,16.40625,119.0,19.0,21.0,1.0,50,1.0,1,0.0
C2,1491,0.1734851938008513,88.2,49.3,1,12.0,16.40625,42.0,30.0,21.0,1.0,50,3.0,2,0.0
C2,1492,0.17238183182891015,85.9,50.9,1,10.4,16.40625,41.0,26.0,21.0,1.0,50,3.0,2,0.0
C2,1493,0.6615593735148038,33.4,27.2,1,7.2,16.40625,23.0,18.0,21.0,1.0,50,3.0,2,0.0
C2,1494,0.18427466748506183,84.1,50.2,1,12.0,16.40625,44.0,30.0,21.0,1.0,50,3.0,1,0.0
C2,1495,0.16411018870915905,90.39999999999999,50.7,1,11.2,16.40625,44.0,28.0,21.0,1.0,50,3.0,1,0.0
C2,1496,0.5607421611752694,44.5,34.3,1,6.4,16.40625,32.0,16.0,21.0,1.0,50,2.0,0,0.0
C2,1497,-0.06347071204736743,195.20000000000002,107.39999999999999,1,22.0,16.40625,93.0,55.0,21.0,1.0,50,3.0,2,0.0
C2,1498,0.056655163819292115,151.5,97.19999999999999,1,23.2,16.40625,89.0,58.0,21.0,1.0,50,3.0,0,0.0
C2,1499,0.7655148417576507,18.599999999999998,17.8,1,4.0,16.40625,18.0,10.0,21.0,1.0,50,2.0,2,0.0
C2,1500,0.08164308853769339,123.1,72.7,1,12.0,16.40625,65.0,30.0,21.0,1.0,50,2.0,2,0.0
C2,1501,0.6521911037755463,33.300000000000004,27.2,1,4.8,16.40625,24.0,12.0,21.0,1.0,50,2.0,0,0.0
C2,1502,0.6431617651966726,33.2,27.599999999999998,1,2.4,16.40625,22.0,6.0,21.0,1.0,50,1.0,1,0.0
C2,1503,0.7622119447177791,18.2,18.0,1,3.2,16.40625,14.0,8.0,21.0,1.0,50,2.0,1,0.0
C2,1504,0.763858250896098,18.3,17.9,1,3.6,16.40625,14.0,9.0,21.0,1.0,50,2.0,0,0.0
C2,1505,0.768857770442213,18.3,17.9,1,4.8,16.40625,14.0,12.0,21.0,1.0,50,3.0,1,0.0
C2,1506,0.6642509331050939,32.7,26.8,1,6.4,16.40625,20.0,16.0,21.0,1.0,50,3.0,0,0.0
C2,1507,0.11928670542764061,96.19999999999999,52.3,1,4.4,16.40625,44.0,11.0,21.0,1.0,50,1.0,0,0.0
C2,1508,-0.07887166131456988,208.0,115.1,1,26.4,16.40625,175.0,66.0,21.0,1.0,50,2.0,0,0.0
C2,1509,-0.030345639967129828,202.4,115.6,1,36.4,17.1875,143.0,91.0,22.0,1.0,50,3.0,0,0.0
C2,1510,-0.054119594849737857,205.9,116.2,1,31.6,16.40625,203.0,79.0,21.0,1.0,50,2.0,2,0.0
C2,1511,-0.12698431319600695,210.60000000000002,121.1,1,16.8,16.40625,204.0,42.0,21.0,1.0,50,1.0,2,0.0
C2,1512,-0.09173678524022894,209.79999999999998,119.5,1,24.4,16.40625,298.0,61.0,21.0,1.0,50,1.0,2,0.0
C2,1513,-0.082010214755532,199.6,112.5,1,20.4,16.40625,241.0,51.0,21.0,1.0,50,1.0,1,0.0
C2,1514,-0.10278293120533916,192.5,111.19999999999999,1,11.6,16.40625,174.0,29.0,21.0,1.0,50,1.0,0,0.0
C2,1515,-0.01736842105263159,204.6,115.5,1,33.6,16.40625,210.0,84.0,21.0,1.0,30,2.0,1,0.0
C2,1516,0.16210526315789472,133.20000000000002,75.6,2,20.6,16.015625,236.0,103.0,41.0,1.0,30,2.0,1,0.0
C2,1517,0.2018421052631579,121.30000000000001,64.3,2,27.6,16.015625,206.0,138.0,41.0,1.0,30,3.0,2,0.0
C2,1518,0.19842105263157894,122.6,66.5,2,24.4,16.015625,180.0,122.0,41.0,1.0,30,3.0,0,0.0
C2,1519,0.20469121849883967,114.8,62.9,2,18.2,16.015625,161.0,91.0,41.0,1.0,30,3.0,1,0.0
C2,1520,0.18121445945533682,112.4,61.400000000000006,2,8.6,16.015625,182.0,43.0,41.0,1.0,30,1.0,2,0.0
C2,1521,0.17083138318981633,112.19999999999999,62.0,2,5.8,16.015625,133.0,29.0,41.0,1.0,30,1.0,0,0.0
C2,1522,0.20449000430325742,115.4,65.10000000000001,2,18.8,16.015625,163.0,94.0,41.0,1.0,30,3.0,2,0.0
C2,1523,0.17704096326309793,113.69999999999999,62.8,2,8.4,16.015625,207.0,42.0,41.0,1.0,30,1.0,0,0.0
C2,1524,0.07811407755989874,119.7,68.4,2,9.2,16.015625,212.0,46.0,41.0,1.0,50,1.0,2,0.0
C2,1525,0.09915010036868502,123.30000000000001,66.10000000000001,2,16.0,16.40625,353.0,80.0,42.0,1.0,50,1.0,1,0.0
C2,1526,0.2155263157894737,116.1,65.60000000000001,2,49.6,16.40625,590.0,248.0,42.0,1.0,50,2.0,1,0.0
C2,1527,0.06981705243722261,119.2,64.19999999999999,2,7.0,16.015625,174.0,35.0,41.0,1.0,50,1.0,0,0.0
C2,1528,0.15649457345955678,116.1,64.5,2,24.8,16.015625,196.0,124.0,41.0,1.0,50,3.0,1,0.0
C2,1529,0.24914524576524216,50.4,38.699999999999996,2,6.6,16.015625,66.0,33.0,41.0,1.0,50,2.0,0,0.0
C2,1530,0.23431720787567384,50.6,37.900000000000006,2,3.2,16.015625,55.0,16.0,41.0,1.0,50,1.0,2,0.0
C2,1531,0.6446680850686564,33.4,24.8,2,3.2,16.015625,30.0,16.0,41.0,1.0,50,2.0,1,0.0
C2,1532,0.690289383355293,18.3,17.9,1,4.0,16.40625,16.0,10.0,21.0,1.0,70,2.0,1,0.0
C2,1533,0.6987104359868719,17.9,17.6,1,4.0,16.40625,16.0,10.0,21.0,1.0,70,2.0,0,0.0
C2,1534,0.7037606996803916,18.1,17.8,1,6.0,16.40625,17.0,15.0,21.0,1.0,70,3.0,0,0.0
C2,1535,0.7006861961390762,18.1,17.7,1,4.8,16.40625,14.0,12.0,21.0,1.0,70,3.0,2,0.0
C2,1536,0.6852851266809654,21.1,17.9,1,2.4,16.40625,19.0,6.0,21.0,1.0,70,1.0,0,0.0
C2,1537,0.6977445678438781,18.0,17.6,1,3.6,16.40625,16.0,9.0,21.0,1.0,70,2.0,2,0.0
C2,1538,0.6949342494879829,19.5,17.7,1,2.4,16.40625,16.0,6.0,21.0,1.0,70,1.0,2,0.0
C2,1539,0.6967932929551672,17.9,17.6,1,3.2,16.40625,13.0,8.0,21.0,1.0,70,2.0,1,0.0
C2,1540,0.7016961988277453,18.1,17.7,1,5.2,16.40625,13.0,13.0,21.0,1.0,70,3.0,2,0.0
C2,1541,0.6996909593573912,18.2,17.8,1,4.4,16.40625,19.0,11.0,21.0,1.0,70,2.0,1,0.0
C2,1542,0.6940263352002114,18.0,17.7,1,2.0,16.40625,7.0,5.0,21.0,1.0,70,2.0,0,0.0
C2,1543,0.695856543421489,17.9,17.7,1,2.8,16.40625,10.0,7.0,21.0,1.0,70,2.0,0,0.0
C2,1544,0.4909858056206518,50.0,17.6,1,1.2,16.40625,9.0,3.0,21.0,1.0,50,1.0,1,0.0
C2,1545,0.7541437003574938,18.0,17.8,1,1.2,16.40625,11.0,3.0,21.0,1.0,50,1.0,1,0.0
C2,1546,0.758951238880883,17.9,17.6,1,2.4,16.40625,16.0,6.0,21.0,1.0,50,1.0,0,0.0
C2,1547,0.7557347567600108,18.2,17.7,1,1.6,16.40625,7.0,4.0,21.0,1.0,50,2.0,0,0.0
C2,1548,0.7557347567600108,19.0,17.8,1,1.6,16.40625,11.0,4.0,21.0,1.0,50,1.0,2,0.0
C2,1549,0.7622119447177791,18.4,17.9,1,3.2,16.40625,14.0,8.0,21.0,1.0,50,2.0,1,0.0
C2,1550,0.7605761873560926,18.0,17.7,1,2.8,16.40625,10.0,7.0,21.0,1.0,50,2.0,1,0.0
C2,1551,0.5300825314589912,47.800000000000004,35.9,1,6.0,16.40625,30.0,15.0,21.0,1.0,50,2.0,1,0.0
C2,1552,0.7622119447177791,17.9,17.7,1,3.2,16.40625,15.0,8.0,21.0,1.0,50,2.0,2,0.0
C2,1553,0.7756544418770237,18.0,17.8,1,6.4,16.40625,19.0,16.0,21.0,1.0,50,3.0,2,0.0
C2,1554,0.8449503405842114,18.3,17.7,1,2.0,16.40625,4.0,5.0,21.0,1.0,30,3.0,1,0.0
C2,1555,0.843222663187408,18.1,17.7,1,1.6,16.40625,5.0,4.0,21.0,1.0,30,3.0,0,0.0
C2,1556,0.8517640347262772,18.3,17.8,1,3.6,16.40625,10.0,9.0,21.0,1.0,30,3.0,0,0.0
C2,1557,0.055342826867068234,157.6,91.80000000000001,1,6.8,16.40625,89.0,17.0,21.0,1.0,30,1.0,1,0.0
C2,1558,0.7348279107174347,33.9,27.099999999999998,1,4.8,16.40625,20.0,12.0,21.0,1.0,30,2.0,2,0.0
C2,1559,0.8534405798950884,18.5,17.9,1,4.0,16.40625,12.0,10.0,21.0,1.0,30,3.0,2,0.0
C2,1560,0.20212479042140424,97.5,59.5,1,4.0,16.40625,51.0,10.0,21.0,1.0,30,1.0,1,0.0
C2,1561,0.0062014045046762944,189.29999999999998,108.7,1,17.2,16.40625,100.0,43.0,21.0,1.0,30,2.0,1,0.0
C2,1562,0.6114792177743964,48.7,35.8,1,6.4,16.40625,33.0,16.0,21.0,1.0,30,2.0,0,0.0
C2,1563,-0.022371728070604446,188.9,105.5,1,8.0,16.40625,96.0,20.0,21.0,1.0,30,1.0,2,0.0
C2,1564,0.841486331264437,18.599999999999998,17.7,1,1.2,16.40625,11.0,3.0,21.0,1.0,30,1.0,1,0.0
C2,1565,0.8517640347262772,18.0,17.8,1,3.6,16.40625,16.0,9.0,21.0,1.0,30,2.0,0,0.0
C2,1566,0.19973353508729033,104.5,61.699999999999996,1,8.0,16.40625,55.0,20.0,21.0,1.0,30,2.0,2,0.0
C2,1567,-0.031124790834429067,201.0,106.80000000000001,1,14.8,16.40625,97.0,37.0,21.0,1.0,30,2.0,0,0.0
C2,1568,0.5765839711106497,50.0,17.9,1,0.8,16.40625,3.0,2.0,21.0,1.0,30,2.0,0,0.0
C2,1569,0.2128166663052247,92.8,52.8,1,3.6,16.40625,44.0,9.0,21.0,1.0,30,1.0,2,0.0
C2,1570,-0.06866073773398382,202.9,114.7,1,5.6,16.40625,90.0,14.0,21.0,1.0,30,1.0,1,0.0
C2,1571,0.7263254382350492,34.3,27.0,1,3.6,16.40625,26.0,9.0,21.0,1.0,30,1.0,1,0.0
C2,1572,0.7390990468362484,33.6,28.0,1,5.2,16.40625,24.0,13.0,21.0,1.0,30,2.0,0,0.0
C2,1573,0.605272806656102,48.099999999999994,35.8,1,3.6,16.40625,35.0,9.0,21.0,1.0,30,1.0,2,0.0
C2,1574,0.5783284365275948,50.0,17.5,1,1.2,16.40625,4.0,3.0,21.0,1.0,30,1.0,1,0.0
C2,1575,0.5783284365275948,50.0,17.8,1,1.2,16.40625,8.0,3.0,21.0,1.0,30,1.0,2,0.0
C2,1576,0.8583972924502834,18.2,17.8,1,5.2,16.40625,15.0,13.0,21.0,1.0,30,3.0,0,0.0
C2,1577,0.8449503405842114,18.3,17.7,1,2.0,16.40625,6.0,5.0,21.0,1.0,30,2.0,2,0.0
C2,1578,0.5765839711106497,50.0,18.0,1,0.8,16.40625,3.0,2.0,21.0,1.0,30,1.0,2,0.0
C2,1579,0.5765839711106497,50.0,17.8,1,0.8,16.40625,7.0,2.0,21.0,1.0,30,1.0,2,0.0
C2,1580,0.5765839711106497,50.0,17.6,1,0.8,16.40625,4.0,2.0,21.0,1.0,30,1.0,0,0.0
C2,1581,0.8500762134230411,18.0,17.7,1,3.2,16.40625,9.0,8.0,21.0,1.0,30,3.0,0,0.0
C2,1582,0.8449503405842114,18.3,17.7,1,2.0,16.40625,6.0,5.0,21.0,1.0,30,3.0,2,0.0
C2,1583,0.5783284365275948,50.0,17.7,1,1.2,16.40625,3.0,3.0,21.0,1.0,30,2.0,0,0.0
C2,1584,0.5765839711106497,50.0,17.8,1,0.8,16.40625,3.0,2.0,21.0,1.0,30,2.0,2,0.0
C2,1585,0.5765839711106497,50.0,17.6,1,0.8,16.40625,4.0,2.0,21.0,1.0,30,1.0,2,0.0
C2,1586,0.8388099897070185,20.7,18.1,1,2.0,16.40625,8.0,5.0,21.0,1.0,30,2.0,2,0.0
C2,1587,0.5765839711106497,50.0,17.9,1,0.8,16.40625,2.0,2.0,21.0,1.0,30,1.0,0,0.0
C2,1588,0.5765839711106497,50.0,17.6,1,0.8,16.40625,3.0,2.0,21.0,1.0,30,1.0,1,0.0
C2,1589,0.5765839711106497,50.0,17.5,1,0.8,16.40625,3.0,2.0,21.0,1.0,30,2.0,0,0.0
C2,1590,0.5765839711106497,50.0,17.8,1,0.8,16.40625,3.0,2.0,21.0,1.0,30,2.0,0,0.0
C2,1591,0.8567577352788383,18.5,18.0,1,4.8,16.40625,18.0,12.0,21.0,1.0,30,2.0,1,0.0
C2,1592,0.5765839711106497,50.0,17.6,1,0.8,16.40625,3.0,2.0,21.0,1.0,30,2.0,0,0.0
C2,1593,0.5783284365275948,50.0,18.700000000000003,1,1.2,16.40625,1.0,3.0,21.0,1.0,30,3.0,0,0.0
C2,1594,0.5748318922081663,50.0,18.1,1,0.4,16.40625,3.0,1.0,21.0,1.0,30,1.0,0,0.0
C2,1595,0.8534405798950884,18.1,17.7,1,4.0,16.40625,13.0,10.0,21.0,1.0,30,2.0,1,0.0
C2,1596,0.8483776397808107,19.7,18.1,1,2.8,16.40625,8.0,7.0,21.0,1.0,30,3.0,1,0.0
C2,1597,0.6449690840218982,44.699999999999996,35.4,1,6.0,16.40625,31.0,15.0,21.0,1.0,30,2.0,2,0.0
C2,1598,0.6575816988507575,45.0,35.4,1,10.0,16.40625,34.0,25.0,21.0,1.0,30,3.0,0,0.0
C2,1599,0.5982552627964528,48.9,34.3,1,3.6,16.40625,36.0,9.0,21.0,1.0,30,1.0,0,0.0
C2,1600,0.20413245577890887,96.10000000000001,58.0,1,3.6,16.40625,49.0,9.0,21.0,1.0,30,1.0,2,0.0
C2,1601,0.1558940797979067,127.6,77.7,1,12.8,16.40625,73.0,32.0,21.0,1.0,30,2.0,1,0.0
C2,1602,0.2143308777889585,100.1,47.7,1,8.8,16.40625,44.0,22.0,21.0,1.0,30,2.0,2,0.0
C2,1603,0.6105359645508387,47.5,35.0,1,3.6,16.40625,34.0,9.0,21.0,1.0,30,1.0,0,0.0
C2,1604,0.209119289783258,103.2,59.7,1,9.6,16.40625,55.0,24.0,21.0,1.0,30,2.0,0,0.0
C2,1605,-0.02763157894736834,208.5,117.5,1,27.2,16.40625,113.0,68.0,21.0,1.0,30,3.0,0,0.0
C2,1606,0.18739223941778801,110.9,65.8,1,9.2,16.40625,58.0,23.0,21.0,1.0,30,2.0,0,0.0
C2,1607,0.6105359645508387,47.5,35.2,1,3.6,16.40625,31.0,9.0,21.0,1.0,30,1.0,1,0.0
C2,1608,0.20327824621001114,104.3,61.699999999999996,1,8.8,16.40625,54.0,22.0,21.0,1.0,30,2.0,0,0.0
C2,1609,0.8466688412521486,19.099999999999998,17.8,1,2.4,16.40625,8.0,6.0,21.0,1.0,30,2.0,2,0.0
C2,1610,-0.0317502137122056,204.1,112.60000000000001,1,17.6,16.40625,103.0,44.0,21.0,1.0,30,2.0,0,0.0
C2,1611,0.6714463557745853,43.9,34.2,1,11.2,16.40625,38.0,28.0,21.0,1.0,30,3.0,1,0.0
C2,1612,-0.037075633063949814,203.7,115.2,1,15.2,16.40625,174.0,38.0,21.0,1.0,30,1.0,0,0.0
C2,1613,0.011842105263157876,193.5,114.1,1,29.6,16.40625,200.0,74.0,21.0,1.0,30,2.0,2,0.0
C2,1614,0.2574583149363591,73.89999999999999,43.8,1,2.4,16.40625,40.0,6.0,21.0,1.0,30,1.0,1,0.0
C2,1615,0.8449503405842114,18.0,17.6,1,2.0,16.40625,8.0,5.0,21.0,1.0,30,2.0,2,0.0
C2,1616,0.8500762134230411,18.0,17.6,1,3.2,16.40625,9.0,8.0,21.0,1.0,30,3.0,2,0.0
C2,1617,0.04473684210526312,177.8,88.0,2,29.2,16.015625,217.0,146.0,41.0,1.0,30,3.0,1,0.0
C2,1618,0.22240909686053406,95.3,52.2,2,7.6,16.015625,86.0,38.0,41.0,1.0,30,2.0,2,0.0
C2,1619,0.6321963317700663,45.6,33.7,2,4.8,16.015625,50.0,24.0,41.0,1.0,30,2.0,2,0.0
C2,1620,0.841486331264437,18.1,17.7,2,1.2,16.015625,15.0,6.0,41.0,1.0,30,1.0,2,0.0
C2,1621,0.6367739132284218,44.699999999999996,30.900000000000002,2,4.0,16.015625,45.0,20.0,41.0,1.0,30,2.0,2,0.0
C2,1622,0.6924796131432089,39.1,26.4,2,5.6,16.015625,35.0,28.0,41.0,1.0,30,3.0,0,0.0
C2,1623,0.736247597438948,32.4,24.8,1,4.0,16.40625,20.0,10.0,21.0,1.0,30,2.0,0,0.0
C2,1624,0.5765839711106497,50.0,17.7,1,0.8,16.40625,3.0,2.0,21.0,1.0,30,1.0,2,0.0
C2,1625,0.5765839711106497,50.0,17.7,1,0.8,16.40625,4.0,2.0,21.0,1.0,30,2.0,1,0.0
C2,1626,0.8449503405842114,18.3,17.7,1,2.0,16.40625,8.0,5.0,21.0,1.0,30,2.0,1,0.0
C2,1627,0.5765839711106497,50.0,17.9,1,0.8,16.40625,5.0,2.0,21.0,1.0,30,1.0,1,0.0
C2,1628,0.5765839711106497,50.0,17.9,1,0.8,16.40625,3.0,2.0,21.0,1.0,30,2.0,0,0.0
C2,1629,0.8325881660966001,21.8,18.0,1,2.8,16.40625,6.0,7.0,21.0,1.0,30,3.0,2,0.0
C2,1630,0.843222663187408,18.2,17.8,1,1.6,16.40625,4.0,4.0,21.0,1.0,30,3.0,2,0.0
C2,1631,0.841486331264437,18.2,17.6,1,1.2,16.40625,10.0,3.0,21.0,1.0,30,1.0,2,0.0
C2,1632,-0.028798595495323737,202.6,117.0,1,17.2,16.40625,102.0,43.0,21.0,1.0,30,2.0,2,0.0
C2,1633,-0.014999999999999958,203.7,118.2,1,30.0,16.40625,120.0,75.0,21.0,1.0,30,3.0,0,0.0
C2,1634,0.13481255110772966,126.8,82.4,1,6.4,16.40625,79.0,16.0,21.0,1.0,30,1.0,2,0.0
C2,1635,0.18304213359941574,114.2,67.4,1,10.4,16.40625,62.0,26.0,21.0,1.0,30,2.0,2,0.0
C2,1636,0.23533132021049258,89.80000000000001,48.2,1,7.2,16.40625,43.0,18.0,21.0,1.0,30,2.0,0,0.0
C2,1637,0.11289502412779792,144.9,91.7,1,13.6,16.40625,88.0,34.0,21.0,1.0,30,2.0,1,0.0
C2,1638,0.1793824476779948,114.5,55.5,1,9.6,16.40625,50.0,24.0,21.0,1.0,30,2.0,0,0.0
C2,1639,0.12981651107759454,129.3,81.60000000000001,1,6.8,16.40625,72.0,17.0,21.0,1.0,30,1.0,2,0.0
C2,1640,0.16622455294115274,119.5,77.8,1,9.6,16.40625,60.0,24.0,21.0,1.0,30,2.0,2,0.0
C2,1641,0.22425120212369193,94.60000000000001,50.7,1,7.6,16.40625,47.0,19.0,21.0,1.0,30,2.0,2,0.0
C2,1642,0.16274096484325612,131.6,83.6,1,19.2,16.40625,78.0,48.0,21.0,1.0,30,3.0,0,0.0
C2,1643,0.21677780536836108,98.6,62.0,1,8.4,16.40625,50.0,21.0,21.0,1.0,30,2.0,2,0.0
C2,1644,0.2598277735713147,86.6,47.199999999999996,1,11.6,16.40625,41.0,29.0,21.0,1.0,30,3.0,2,0.0
C2,1645,0.26169929884159004,82.10000000000001,47.7,1,8.8,16.40625,47.0,22.0,21.0,1.0,30,2.0,0,0.0
C2,1646,0.7449690840218983,33.300000000000004,27.0,1,6.0,16.40625,29.0,15.0,21.0,1.0,30,2.0,0,0.0
C2,1647,0.04473684210526313,181.0,104.5,1,22.0,16.40625,98.0,55.0,21.0,1.0,30,3.0,2,0.0
C2,1648,-0.016842105263157825,204.4,117.1,1,24.4,16.40625,102.0,61.0,21.0,1.0,30,3.0,2,0.0
C2,1649,0.19142111147389582,102.2,56.4,1,4.4,16.40625,52.0,11.0,21.0,1.0,30,1.0,1,0.0
C2,1650,-0.0010230014850025337,190.0,102.7,1,15.2,16.40625,97.0,38.0,21.0,1.0,30,2.0,2,0.0
C2,1651,0.1850428470026555,114.5,70.3,1,11.2,16.40625,67.0,28.0,21.0,1.0,30,2.0,2,0.0
C2,1652,0.841486331264437,17.9,17.5,1,1.2,16.40625,4.0,3.0,21.0,1.0,30,3.0,0,0.0
C2,1653,0.5748318922081663,50.0,17.7,1,0.4,16.40625,4.0,1.0,21.0,1.0,30,1.0,2,0.0
C2,1654,0.7593308777889585,32.9,27.0,1,8.8,16.40625,27.0,22.0,21.0,1.0,30,3.0,1,0.0
C2,1655,0.10394736842105262,158.5,99.8,1,23.2,16.40625,90.0,58.0,21.0,1.0,30,3.0,1,0.0
C2,1656,0.8466688412521486,18.3,17.9,1,2.4,16.40625,11.0,6.0,21.0,1.0,30,2.0,0,0.0
C2,1657,0.7437018132282818,32.7,26.1,1,4.4,17.1875,23.0,11.0,22.0,1.0,30,2.0,1,0.0
C2,1658,0.5817924458473693,50.0,17.7,1,2.0,16.40625,9.0,5.0,21.0,1.0,30,1.0,1,0.0
C2,1659,0.1418423925488506,133.89999999999998,84.2,1,13.6,16.40625,76.0,34.0,21.0,1.0,30,2.0,0,0.0
C2,1660,-0.020789473684210413,205.9,116.3,1,27.2,16.40625,106.0,68.0,21.0,1.0,30,3.0,1,0.0
C2,1661,-0.09681318267504474,200.5,114.0,1,17.6,16.40625,125.0,44.0,21.0,1.0,50,2.0,1,0.0
C2,1662,-0.06690253121026235,186.4,104.4,1,16.0,16.40625,96.0,40.0,21.0,1.0,50,2.0,2,0.0
C2,1663,-0.027818520391234197,183.60000000000002,103.5,1,23.2,16.40625,98.0,58.0,21.0,1.0,50,3.0,2,0.0
C2,1664,0.2133580909765333,75.1,46.300000000000004,1,13.2,16.40625,48.0,33.0,21.0,1.0,50,3.0,2,0.0
C2,1665,-0.07532358384184124,189.6,107.0,1,16.0,16.40625,95.0,40.0,21.0,1.0,50,2.0,1,0.0
C2,1666,-0.08177393922917545,210.29999999999998,116.1,1,27.2,16.40625,112.0,68.0,21.0,1.0,50,3.0,0,0.0
C2,1667,0.7573373474871592,18.3,17.8,1,2.0,16.40625,5.0,5.0,21.0,1.0,50,3.0,1,0.0
C2,1668,0.758951238880883,18.1,17.7,1,2.4,16.40625,10.0,6.0,21.0,1.0,50,2.0,2,0.0
C2,1669,0.06021974199738378,149.5,96.5,1,22.8,17.1875,89.0,57.0,22.0,1.0,50,3.0,2,0.0
C2,1670,0.1310032100087753,97.60000000000001,65.3,1,8.0,16.40625,50.0,20.0,21.0,1.0,50,2.0,0,0.0
C2,1671,0.768857770442213,18.2,17.8,1,4.8,16.40625,13.0,12.0,21.0,1.0,50,3.0,2,0.0
C2,1672,0.10227580806087791,130.89999999999998,83.9,1,21.2,16.40625,75.0,53.0,21.0,1.0,50,3.0,1,0.0
C2,1673,0.050767304694132764,141.0,91.80000000000001,1,15.6,16.40625,87.0,39.0,21.0,1.0,50,2.0,1,0.0
C2,1674,-0.17794028657775302,219.70000000000002,124.3,1,10.8,16.40625,113.0,27.0,21.0,1.0,50,1.0,0,0.0
C2,1675,-0.14724689551115216,204.0,114.6,1,8.4,16.40625,115.0,21.0,21.0,1.0,50,1.0,1,0.0
C2,1676,-0.1349642007742528,200.0,114.7,1,8.8,16.40625,103.0,22.0,21.0,1.0,50,1.0,2,0.0
C2,1677,-0.054523343626314724,191.8,108.3,1,22.0,16.40625,93.0,55.0,21.0,1.0,50,3.0,0,0.0
C2,1678,-0.1512661631973839,204.2,115.0,1,7.6,16.40625,112.0,19.0,21.0,1.0,50,1.0,2,0.0
C2,1679,-0.14267712868301619,206.3,114.8,1,10.8,16.40625,111.0,27.0,21.0,1.0,50,1.0,1,0.0
C2,1680,-0.07212743214797249,187.70000000000002,102.6,1,15.6,16.40625,99.0,39.0,21.0,1.0,50,2.0,2,0.0
C2,1681,-0.13669663603394683,202.0,116.4,1,9.6,16.40625,116.0,24.0,21.0,1.0,50,1.0,0,0.0
C2,1682,-0.09925994788596149,185.1,105.39999999999999,1,8.0,16.40625,97.0,20.0,21.0,1.0,50,1.0,0,0.0
C2,1683,-0.11083889525438256,189.5,104.80000000000001,1,8.0,16.40625,92.0,20.0,21.0,1.0,50,1.0,0,0.0
C2,1684,-0.12925607605143724,201.2,111.9,1,10.8,17.1875,110.0,27.0,22.0,1.0,50,1.0,1,0.0
C2,1685,0.07164371736759781,143.2,91.1,1,21.6,16.40625,88.0,54.0,21.0,1.0,50,3.0,0,0.0
C2,1686,-0.10448250979533652,206.8,120.1,1,19.6,16.40625,112.0,49.0,21.0,1.0,50,2.0,1,0.0
C2,1687,-0.06081164122750693,187.5,105.7,1,18.0,16.40625,98.0,45.0,21.0,1.0,50,2.0,2,0.0
C2,1688,-0.16123883577814502,212.0,117.7,1,10.0,17.1875,114.0,25.0,22.0,1.0,50,1.0,2,0.0
C2,1689,0.03313572574676435,147.7,96.4,1,15.6,16.40625,88.0,39.0,21.0,1.0,50,2.0,1,0.0
C2,1690,-0.08101195393129046,210.60000000000002,119.3,1,27.6,16.40625,118.0,69.0,21.0,1.0,50,3.0,2,0.0
C2,1691,-0.1523187947763312,204.6,118.8,1,7.6,16.40625,110.0,19.0,21.0,1.0,50,1.0,0,0.0
C2,1692,-0.12487905003811223,209.79999999999998,121.6,1,16.8,16.40625,105.0,42.0,21.0,1.0,50,2.0,2,0.0
C2,1693,-0.10972187745527609,201.3,117.3,1,15.2,16.40625,100.0,38.0,21.0,1.0,50,2.0,1,0.0
C2,1694,-0.14461531656378385,203.0,115.9,1,8.4,16.40625,108.0,21.0,21.0,1.0,50,1.0,1,0.0
C2,1695,-0.11284328144252981,201.8,118.2,1,14.8,16.40625,100.0,37.0,21.0,1.0,50,2.0,1,0.0
C2,1696,-0.07939401899390972,208.8,118.0,1,26.8,16.40625,114.0,67.0,21.0,1.0,50,3.0,2,0.0
C2,1697,-0.10666412471814968,208.3,116.6,1,20.0,16.40625,112.0,50.0,21.0,1.0,50,2.0,0,0.0
C2,1698,-0.05314293008685497,179.79999999999998,102.4,1,15.2,16.40625,96.0,38.0,21.0,1.0,50,2.0,2,0.0
C2,1699,-0.09654314814267378,185.4,118.1,1,8.8,16.40625,125.0,22.0,21.0,1.0,50,1.0,0,0.0
C2,1700,-0.1340650570865784,201.0,116.3,1,9.6,16.40625,108.0,24.0,21.0,1.0,50,1.0,2,0.0
C2,1701,-0.11028532688481466,202.2,116.8,1,15.6,16.40625,105.0,39.0,21.0,1.0,50,2.0,1,0.0
C2,1702,-0.01192017379461513,178.2,101.4,1,23.6,16.40625,97.0,59.0,21.0,1.0,50,3.0,2,0.0
C2,1703,0.027083094167816985,150.0,92.89999999999999,1,15.6,16.40625,87.0,39.0,21.0,1.0,50,2.0,1,0.0
C2,1704,-0.07859431868552208,201.6,105.39999999999999,1,22.4,16.40625,96.0,56.0,21.0,1.0,50,3.0,1,0.0
C2,1705,-0.08594731155601842,207.6,116.9,1,24.4,16.40625,107.0,61.0,21.0,1.0,50,3.0,2,0.0
C2,1706,-0.07739217734065493,205.6,115.4,1,25.2,16.40625,103.0,63.0,21.0,1.0,50,3.0,2,0.0
C2,1707,-0.10513697975555225,205.7,117.2,1,18.8,16.40625,102.0,47.0,21.0,1.0,50,2.0,2,0.0
C2,1708,-0.09269200489447288,196.20000000000002,106.89999999999999,1,16.0,16.40625,99.0,40.0,21.0,1.0,50,2.0,2,0.0
C2,1709,-0.11973036012669791,190.89999999999998,108.8,1,6.8,16.40625,99.0,17.0,21.0,1.0,50,1.0,0,0.0
C2,1710,-0.04798597337463667,200.9,113.19999999999999,1,29.6,16.40625,114.0,74.0,21.0,1.0,50,3.0,2,0.0
C2,1711,-0.07889056510090872,207.4,115.6,1,26.0,16.40625,111.0,65.0,21.0,1.0,50,3.0,2,0.0
C2,1712,-0.08087384759307481,206.3,117.0,1,24.8,16.40625,102.0,62.0,21.0,1.0,50,3.0,2,0.0
C2,1713,-0.09572801476586512,202.8,113.19999999999999,1,19.2,16.40625,108.0,48.0,21.0,1.0,50,2.0,2,0.0
C2,1714,-0.017979914191833923,174.6,103.8,1,20.0,16.40625,96.0,50.0,21.0,1.0,50,3.0,1,0.0
C2,1715,-0.0964527692292364,202.4,112.3,1,18.8,16.40625,113.0,47.0,21.0,1.0,50,2.0,1,0.0
C2,1716,-0.13840764185530025,204.0,115.2,1,10.4,17.1875,124.0,26.0,22.0,1.0,50,1.0,0,0.0
C2,1717,-0.1357536744584632,200.3,115.1,1,8.8,16.40625,110.0,22.0,21.0,1.0,50,1.0,1,0.0
C2,1718,-0.1357536744584632,200.3,115.5,1,8.8,17.1875,106.0,22.0,22.0,1.0,50,1.0,1,0.0
C2,1719,-0.12023423530662364,209.4,115.2,1,17.6,16.40625,109.0,44.0,21.0,1.0,50,2.0,1,0.0
C2,1720,-0.10588975221001268,201.9,116.7,1,16.4,16.40625,103.0,41.0,21.0,1.0,50,2.0,2,0.0
C2,1721,-0.08360850341983309,209.79999999999998,120.3,1,26.4,17.1875,110.0,66.0,22.0,1.0,50,3.0,1,0.0
C2,1722,-0.029517100107879335,183.60000000000002,105.89999999999999,1,22.8,16.40625,92.0,57.0,21.0,1.0,50,3.0,0,0.0
C2,1723,-0.12054848477955152,206.1,115.2,1,15.6,16.40625,123.0,39.0,21.0,1.0,50,2.0,1,0.0
C2,1724,-0.13827558340236784,202.6,115.9,1,9.6,16.40625,108.0,24.0,21.0,1.0,50,1.0,2,0.0
C2,1725,-0.10972187745527609,201.3,114.0,1,15.2,16.40625,117.0,38.0,21.0,1.0,50,2.0,1,0.0
C2,1726,-0.11190253121026228,203.5,116.2,1,16.0,16.40625,104.0,40.0,21.0,1.0,50,2.0,1,0.0
C2,1727,-0.011359205371037184,176.7,109.39999999999999,1,22.8,16.40625,100.0,57.0,21.0,1.0,50,3.0,0,0.0
C2,1728,-0.1113008248236971,201.9,112.60000000000001,1,15.2,16.40625,108.0,38.0,21.0,1.0,50,2.0,0,0.0
C2,1729,-0.059449862332900505,204.7,114.0,1,29.2,16.40625,130.0,73.0,21.0,1.0,50,3.0,0,0.0
C2,1730,-0.01903998141280633,177.0,103.1,1,21.2,16.40625,91.0,53.0,21.0,1.0,50,3.0,2,0.0
C2,1731,-0.1129169043854017,207.3,114.5,1,18.0,16.40625,117.0,45.0,21.0,1.0,50,2.0,1,0.0
C2,1732,-0.07953798410532317,211.2,118.7,1,28.4,16.40625,115.0,71.0,21.0,1.0,50,3.0,1,0.0
C2,1733,-0.10639309075432404,205.5,116.4,1,18.4,16.40625,106.0,46.0,21.0,1.0,50,2.0,2,0.0
C2,1734,-0.05836959723200352,181.10000000000002,102.6,1,14.8,16.40625,95.0,37.0,21.0,1.0,50,2.0,1,0.0
C2,1735,-0.09495037372369955,182.79999999999998,106.1,1,7.6,16.40625,122.0,19.0,21.0,1.0,50,1.0,2,0.0
C2,1736,-0.0890317423299169,209.4,118.8,1,24.8,16.40625,111.0,62.0,21.0,1.0,50,3.0,2,0.0
C2,1737,-0.07420404433722433,173.6,102.1,1,6.8,16.40625,98.0,17.0,21.0,1.0,50,1.0,2,0.0
C2,1738,-0.056502730917550065,194.5,107.89999999999999,1,23.2,16.40625,97.0,58.0,21.0,1.0,50,3.0,2,0.0
C2,1739,-0.11865528793820257,208.8,115.1,1,17.6,16.40625,108.0,44.0,21.0,1.0,50,2.0,2,0.0
C2,1740,-0.080450608682991,208.6,117.6,1,26.4,16.40625,115.0,66.0,21.0,1.0,50,3.0,0,0.0
C2,1741,-0.0823036510534548,201.7,114.5,1,21.6,17.1875,134.0,54.0,22.0,1.0,50,2.0,1,0.0
C2,1742,-0.16856268498483656,212.10000000000002,114.8,1,8.4,16.40625,100.0,21.0,21.0,1.0,50,1.0,2,0.0
C2,1743,-0.07094731155601836,201.9,113.60000000000001,1,24.4,16.40625,112.0,61.0,21.0,1.0,50,3.0,1,0.0
C2,1744,0.017290352521174335,167.1,99.9,1,23.6,16.40625,95.0,59.0,21.0,1.0,50,3.0,2,0.0
C2,1745,-0.06998047273649041,200.9,114.5,1,24.0,16.40625,108.0,60.0,21.0,1.0,50,3.0,1,0.0
C2,1746,-0.09155002478030788,198.5,116.7,1,17.6,16.40625,111.0,44.0,21.0,1.0,50,2.0,0,0.0
C2,1747,-0.1440650570865783,204.8,116.8,1,9.6,16.40625,118.0,24.0,21.0,1.0,50,1.0,0,0.0
C2,1748,-0.1258897522100127,209.5,117.0,1,16.4,16.40625,109.0,41.0,21.0,1.0,50,2.0,2,0.0
C2,1749,-0.13635960665062757,201.2,114.5,1,9.2,16.40625,118.0,23.0,21.0,1.0,50,1.0,1,0.0
C2,1750,-0.10382641845916482,201.8,111.9,1,16.8,16.40625,101.0,42.0,21.0,1.0,50,2.0,1,0.0
C2,1751,-0.24533435356453648,205.0,115.3,1,19.6,16.40625,131.0,49.0,21.0,1.0,90,2.0,1,0.0
C2,1752,-0.27507654556354105,209.5,117.9,1,8.4,16.40625,108.0,21.0,21.0,1.0,90,1.0,0,0.0
C2,1753,-0.2504352539288921,200.7,117.2,1,9.6,16.40625,102.0,24.0,21.0,1.0,90,1.0,0,0.0
C2,1754,0.4315024018048799,47.300000000000004,36.7,1,8.4,16.40625,30.0,21.0,21.0,1.0,90,3.0,0,0.0
C2,1755,0.021615875600942844,100.2,60.1,1,14.8,16.40625,54.0,37.0,21.0,1.0,90,3.0,2,0.0
C2,1756,0.4544107599478483,44.8,33.7,1,9.2,16.40625,31.0,23.0,21.0,1.0,90,3.0,2,0.0
C2,1757,0.4570423388952168,44.5,35.7,1,9.2,16.40625,32.0,23.0,21.0,1.0,90,3.0,2,0.0
C2,1758,0.4003882500542819,50.0,17.9,1,0.8,16.40625,8.0,2.0,21.0,1.0,90,1.0,2,0.0
C2,1759,0.40070356569969146,50.0,17.7,1,1.2,16.40625,9.0,3.0,21.0,1.0,90,1.0,0,0.0
C2,1760,0.6645151185065423,18.1,17.7,1,2.0,16.40625,7.0,5.0,21.0,1.0,90,2.0,2,0.0
C2,1761,0.00636500407494002,104.80000000000001,62.7,1,12.8,16.40625,52.0,32.0,21.0,1.0,90,3.0,2,0.0
C2,1762,-0.2075645108721827,193.3,107.1,1,22.8,16.40625,96.0,57.0,21.0,1.0,90,3.0,2,0.0
C2,1763,0.050638843797717326,87.1,49.6,1,11.2,16.40625,43.0,28.0,21.0,1.0,90,3.0,1,0.0
C2,1764,0.00032815582602369053,108.8,63.70000000000001,1,15.6,16.40625,56.0,39.0,21.0,1.0,90,3.0,2,0.0
C2,1765,0.4003882500542819,50.0,17.7,1,0.8,16.40625,7.0,2.0,21.0,1.0,90,1.0,0,0.0
C2,1766,0.5494109135117138,33.2,25.7,1,2.8,16.40625,27.0,7.0,21.0,1.0,90,1.0,2,0.0
C2,1767,0.46209759991428656,44.1,35.2,1,10.4,16.40625,36.0,26.0,21.0,1.0,90,3.0,2,0.0
C2,1768,-0.02406699983226221,118.6,70.4,1,16.4,16.40625,66.0,41.0,21.0,1.0,90,3.0,0,0.0
C2,1769,0.6641844064673916,18.700000000000003,17.8,1,1.6,16.40625,7.0,4.0,21.0,1.0,90,2.0,1,0.0
C2,1770,-0.014645616980497572,108.89999999999999,62.9,1,4.4,16.40625,58.0,11.0,21.0,1.0,90,1.0,1,0.0
C2,1771,0.002985961966870815,102.2,58.5,1,4.4,16.40625,52.0,11.0,21.0,1.0,90,1.0,0,0.0
C2,1772,-0.03951956695839812,130.89999999999998,82.19999999999999,1,4.4,16.40625,79.0,11.0,21.0,1.0,70,1.0,2,0.0
C2,1773,0.5855170349778176,33.6,26.4,1,6.4,16.40625,22.0,16.0,21.0,1.0,70,3.0,0,0.0
C2,1774,0.4851771592935201,44.8,34.8,1,5.6,16.40625,36.0,14.0,21.0,1.0,70,2.0,2,0.0
C2,1775,0.843222663187408,18.2,17.9,1,1.6,16.40625,6.0,4.0,21.0,1.0,30,2.0,2,0.0
C2,1776,-0.07993590780916188,217.70000000000002,116.0,1,13.2,16.40625,100.0,33.0,21.0,1.0,30,2.0,0,0.0
C2,1777,-0.007631578947368323,200.9,118.0,1,26.8,16.40625,100.0,67.0,21.0,1.0,30,3.0,0,0.0
C2,1778,-0.07985260324268958,214.10000000000002,121.7,1,10.4,16.40625,107.0,26.0,21.0,1.0,30,1.0,0,0.0
C2,1779,0.17088040515026207,120.39999999999999,74.89999999999999,1,11.6,16.40625,63.0,29.0,21.0,1.0,30,2.0,2,0.0
C2,1780,0.841486331264437,18.2,17.8,1,1.2,16.40625,6.0,3.0,21.0,1.0,30,2.0,1,0.0
C2,1781,-0.019295446525954357,198.6,114.2,1,16.8,16.40625,106.0,42.0,21.0,1.0,30,2.0,1,0.0
C2,1782,0.2535684493888894,87.4,60.400000000000006,1,10.4,16.40625,60.0,26.0,21.0,1.0,30,2.0,1,0.0
C2,1783,0.20611672376978551,109.0,66.3,1,13.2,16.40625,51.0,33.0,21.0,1.0,30,3.0,1,0.0
C2,1784,0.14826321673705373,118.6,62.9,1,4.4,16.40625,61.0,11.0,21.0,1.0,30,1.0,0,0.0
C2,1785,0.6593360848156695,44.8,34.2,1,10.0,16.40625,33.0,25.0,21.0,1.0,30,3.0,0,0.0
C2,1786,0.8449503405842114,18.1,17.7,1,2.0,16.40625,14.0,5.0,21.0,1.0,30,1.0,1,0.0
C2,1787,0.6068597079651239,48.300000000000004,35.1,1,4.4,16.40625,39.0,11.0,21.0,1.0,30,1.0,0,0.0
C2,1788,0.08552631578947367,165.5,100.2,1,21.2,16.40625,100.0,53.0,21.0,1.0,30,3.0,0,0.0
C2,1789,0.15038543280869698,129.20000000000002,79.10000000000001,1,12.4,16.40625,73.0,31.0,21.0,1.0,30,2.0,2,0.0
C2,1790,0.8483776397808107,19.5,17.9,1,2.8,16.40625,8.0,7.0,21.0,1.0,30,3.0,0,0.0
C2,1791,0.6940263352002114,18.1,17.6,1,2.0,16.40625,16.0,5.0,21.0,1.0,70,1.0,1,0.0
C2,1792,-0.0006722222248863596,116.9,71.5,1,5.2,16.40625,63.0,13.0,21.0,1.0,70,1.0,1,0.0
C2,1793,0.7058847962659864,18.0,17.7,1,6.8,16.40625,19.0,17.0,21.0,1.0,70,3.0,0,0.0
C2,1794,0.4290954344073689,50.0,17.7,1,1.2,16.40625,7.0,3.0,21.0,1.0,70,1.0,2,0.0
C2,1795,0.6949342494879829,18.2,17.7,1,2.4,16.40625,9.0,6.0,21.0,1.0,70,2.0,0,0.0
C2,1796,0.4299748279240733,50.0,17.7,1,1.6,16.40625,9.0,4.0,21.0,1.0,70,1.0,0,0.0
C2,1797,0.7622119447177791,18.1,17.8,1,3.2,16.40625,10.0,8.0,21.0,1.0,50,3.0,0,0.0
C2,1798,0.4894065094559651,50.0,17.7,1,0.8,16.40625,7.0,2.0,21.0,1.0,50,1.0,2,0.0
C2,1799,0.4909858056206518,50.0,17.8,1,1.2,16.40625,8.0,3.0,21.0,1.0,50,1.0,0,0.0
C2,1800,0.4894065094559651,50.0,17.7,1,0.8,16.40625,5.0,2.0,21.0,1.0,50,1.0,2,0.0
C2,1801,0.7655148417576507,17.9,17.6,1,4.0,16.40625,19.0,10.0,21.0,1.0,50,2.0,1,0.0
C2,1802,0.639652993266848,33.6,28.299999999999997,1,2.4,16.40625,24.0,6.0,21.0,1.0,50,1.0,2,0.0
C2,1803,0.6387758002843917,33.7,26.5,1,2.4,16.40625,21.0,6.0,21.0,1.0,50,1.0,2,0.0
C2,1804,0.7605761873560926,18.0,17.6,1,2.8,16.40625,7.0,7.0,21.0,1.0,50,3.0,1,0.0
C2,1805,0.4909858056206518,50.0,17.8,1,1.2,16.40625,5.0,3.0,21.0,1.0,50,1.0,1,0.0
C2,1806,0.7622119447177791,18.0,17.7,1,3.2,16.40625,9.0,8.0,21.0,1.0,50,3.0,0,0.0
C2,1807,0.49257686202316864,50.0,17.7,1,1.6,16.40625,6.0,4.0,21.0,1.0,50,1.0,2,0.0
C2,1808,0.4894065094559651,50.0,17.6,1,0.8,16.40625,3.0,2.0,21.0,1.0,50,2.0,1,0.0
C2,1809,0.4894065094559651,50.0,17.5,1,0.8,16.40625,4.0,2.0,21.0,1.0,50,1.0,0,0.0
C2,1810,0.7573373474871592,18.1,17.7,1,2.0,16.40625,5.0,5.0,21.0,1.0,50,3.0,1,0.0
C2,1811,0.5475330940464163,47.800000000000004,35.6,1,10.0,17.1875,35.0,25.0,22.0,1.0,50,3.0,1,0.0
C2,1812,0.5396895295963221,46.9,34.7,1,6.4,16.40625,31.0,16.0,21.0,1.0,50,2.0,2,0.0
C2,1813,0.7622119447177791,18.4,17.8,1,3.2,16.40625,14.0,8.0,21.0,1.0,50,2.0,2,0.0
C2,1814,0.758951238880883,18.2,17.8,1,2.4,16.40625,10.0,6.0,21.0,1.0,50,2.0,1,0.0
C2,1815,0.768857770442213,18.1,17.8,1,4.8,16.40625,12.0,12.0,21.0,1.0,50,3.0,1,0.0
C2,1816,0.6685769173744529,32.599999999999994,27.0,1,7.2,16.40625,24.0,18.0,21.0,1.0,50,3.0,2,0.0
C2,1817,0.7671814422697458,18.0,17.7,1,4.4,16.40625,13.0,11.0,21.0,1.0,50,3.0,2,0.0
C2,1818,0.763858250896098,18.3,17.6,1,3.6,16.40625,14.0,9.0,21.0,1.0,50,2.0,0,0.0
C2,1819,0.763858250896098,18.2,17.8,1,3.6,16.40625,10.0,9.0,21.0,1.0,50,3.0,1,0.0
C2,1820,0.7557347567600108,18.2,17.8,1,1.6,16.40625,5.0,4.0,21.0,1.0,50,2.0,1,0.0
C2,1821,0.6449161511615846,33.0,24.7,1,2.4,16.40625,23.0,6.0,21.0,1.0,50,1.0,2,0.0
C2,1822,0.7573373474871592,18.3,17.7,1,2.0,16.40625,16.0,5.0,21.0,1.0,50,1.0,1,0.0
C2,1823,0.758951238880883,18.0,17.7,1,2.4,16.40625,10.0,6.0,21.0,1.0,50,2.0,1,0.0
C2,1824,0.7671814422697458,18.1,17.8,1,4.4,16.40625,12.0,11.0,21.0,1.0,50,3.0,1,0.0
C2,1825,0.7605761873560926,18.1,17.8,1,2.8,16.40625,11.0,7.0,21.0,1.0,50,2.0,0,0.0
C2,1826,0.763858250896098,18.1,17.7,1,3.6,16.40625,14.0,9.0,21.0,1.0,50,2.0,1,0.0
C2,1827,0.7655148417576507,18.4,17.8,1,4.0,16.40625,14.0,10.0,21.0,1.0,50,2.0,2,0.0
C2,1828,0.6529401946646991,33.6,26.3,1,5.6,16.40625,21.0,14.0,21.0,1.0,50,2.0,2,0.0
C2,1829,0.7037606996803916,18.1,17.8,1,6.0,16.40625,17.0,15.0,21.0,1.0,70,3.0,1,0.0
C2,1830,0.4282301737168955,50.0,18.1,1,0.8,16.40625,8.0,2.0,21.0,1.0,70,1.0,2,0.0
C2,1831,0.03876069968039164,102.7,49.3,1,6.0,16.40625,40.0,15.0,21.0,1.0,70,2.0,2,0.0
C2,1832,0.5840195294724098,33.300000000000004,26.599999999999998,1,4.8,16.40625,26.0,12.0,21.0,1.0,70,2.0,2,0.0
C2,1833,0.7516900860701154,33.6,27.900000000000002,1,8.4,16.40625,24.0,21.0,21.0,1.0,30,3.0,2,0.0
C2,1834,0.843222663187408,18.3,17.7,1,1.6,16.40625,11.0,4.0,21.0,1.0,30,1.0,2,0.0
C2,1835,0.7264934026556573,33.7,27.099999999999998,1,2.4,16.40625,28.0,6.0,21.0,1.0,30,1.0,0,0.0
C2,1836,-0.046291971108527785,199.7,119.7,1,9.2,16.40625,114.0,23.0,21.0,1.0,30,1.0,2,0.0
C2,1837,0.8551053220002116,18.1,17.8,1,4.4,16.40625,19.0,11.0,21.0,1.0,30,2.0,0,0.0
C2,1838,0.7440918910394421,33.4,26.3,1,6.0,16.40625,29.0,15.0,21.0,1.0,30,2.0,2,0.0
C2,1839,0.5765839711106497,50.0,17.7,1,0.8,16.40625,7.0,2.0,21.0,1.0,30,1.0,1,0.0
C2,1840,0.8500762134230411,18.3,17.8,1,3.2,16.40625,9.0,8.0,21.0,1.0,30,3.0,1,0.0
C2,1841,0.737728947006979,33.0,27.3,1,3.6,16.40625,29.0,9.0,21.0,1.0,30,1.0,2,0.0
C2,1842,0.1799219294631194,105.30000000000001,62.6,1,3.6,16.40625,56.0,9.0,21.0,1.0,30,1.0,0,0.0
C2,1843,-0.023592318975363513,201.0,115.4,1,17.6,16.40625,123.0,44.0,21.0,1.0,30,2.0,1,0.0
C2,1844,0.05131578947368426,178.5,104.4,1,23.6,16.40625,99.0,59.0,21.0,1.0,30,3.0,1,0.0
C2,1845,0.2285998405419961,88.7,50.3,1,4.8,16.40625,46.0,12.0,21.0,1.0,30,1.0,2,0.0
C2,1846,0.15000000000000005,141.0,89.30000000000001,1,20.0,16.40625,81.0,50.0,21.0,1.0,30,3.0,2,0.0
C2,1847,0.17028663068706873,112.10000000000001,62.5,1,5.6,16.40625,55.0,14.0,21.0,1.0,30,1.0,1,0.0
C2,1848,0.10137996216845407,150.2,97.3,1,14.4,16.40625,84.0,36.0,21.0,1.0,30,2.0,2,0.0
C2,1849,0.8534405798950884,18.2,17.8,1,4.0,16.40625,10.0,10.0,21.0,1.0,30,3.0,1,0.0
C2,1850,-0.19901034297105719,183.79999999999998,81.10000000000001,4,66.8,15.885417,691.0,501.0,61.0,1.0,30,2.0,0,0.0
C2,1851,0.6389207027502903,48.7,34.4,5,17.2,15.625,413.0,215.0,100.0,1.0,30,2.0,2,0.0
C2,1852,0.319300420199517,50.4,34.5,5,2.4,15.78125,107.0,30.0,101.0,1.0,30,1.0,0,0.0
C2,1853,0.8400913845177764,17.9,17.6,5,0.88,15.78125,7.0,11.0,101.0,1.0,30,3.0,0,0.0
C2,1854,0.6416519468553994,42.9,28.5,5,1.44,15.78125,75.0,18.0,101.0,1.0,30,1.0,1,0.0
C2,1855,0.6240757635272007,47.800000000000004,32.9,5,7.6,15.78125,130.0,95.0,101.0,1.0,30,3.0,0,0.0
C2,1856,0.2234986299297704,87.5,45.1,3,6.9333334,15.885417,121.0,52.0,61.0,1.0,30,2.0,1,0.0
C2,1857,0.16291820963443718,111.69999999999999,61.199999999999996,2,5.6,16.015625,101.0,28.0,41.0,1.0,30,1.0,2,0.0
C2,1858,0.1994490631993227,109.8,59.8,2,11.8,16.015625,133.0,59.0,41.0,1.0,30,2.0,1,0.0
C2,1859,0.13269551083694547,124.2,65.8,2,4.2,16.015625,106.0,21.0,41.0,1.0,30,1.0,2,0.0
C2,1860,0.6770351465616151,40.300000000000004,28.1,2,4.4,16.015625,30.0,22.0,41.0,1.0,30,3.0,2,0.0
C2,1861,0.1867577352788382,101.4,61.6,1,4.8,16.40625,51.0,12.0,21.0,1.0,30,1.0,2,0.0
C2,1862,0.1402631578947369,144.7,93.0,1,20.4,16.40625,86.0,51.0,21.0,1.0,30,3.0,0,0.0
C2,1863,-0.06575163448257595,208.2,117.1,1,10.0,16.40625,126.0,25.0,21.0,1.0,30,1.0,2,0.0
C2,1864,0.1918717353571028,116.7,71.7,1,15.2,16.40625,62.0,38.0,21.0,1.0,30,3.0,2,0.0
C2,1865,-0.048329161080626626,210.4,120.7,1,17.6,16.40625,116.0,44.0,21.0,1.0,30,2.0,0,0.0
C2,1866,-0.01886769944872116,185.79999999999998,100.7,1,6.8,16.40625,92.0,17.0,21.0,1.0,30,1.0,0,0.0
C2,1867,0.1435433275455391,131.8,83.2,1,12.4,16.40625,75.0,31.0,21.0,1.0,30,2.0,0,0.0
C2,1868,0.20897118678620905,102.7,63.5,1,9.2,16.40625,51.0,23.0,21.0,1.0,30,2.0,1,0.0
C2,1869,0.8500762134230411,18.0,17.6,1,3.2,16.40625,11.0,8.0,21.0,1.0,30,2.0,0,0.0
C2,1870,0.8500762134230411,18.0,17.7,1,3.2,16.40625,12.0,8.0,21.0,1.0,30,2.0,2,0.0
C2,1871,0.25628958095577714,86.9,47.4,1,10.8,16.40625,44.0,27.0,21.0,1.0,30,3.0,1,0.0
C2,1872,0.8534405798950884,18.0,17.8,1,4.0,16.40625,11.0,10.0,21.0,1.0,30,3.0,1,0.0
C2,1873,0.843222663187408,18.3,17.6,1,1.6,16.40625,10.0,4.0,21.0,1.0,30,1.0,2,0.0
C2,1874,0.15240909686053408,121.89999999999999,80.19999999999999,1,7.6,16.40625,60.0,19.0,21.0,1.0,30,1.0,1,0.0
C2,1875,0.7595848229122206,32.7,26.5,1,8.4,16.40625,29.0,21.0,21.0,1.0,30,3.0,0,0.0
C2,1876,0.1737751419923673,119.3,72.8,1,11.6,16.40625,63.0,29.0,21.0,1.0,30,2.0,0,0.0
C2,1877,0.027368421052631597,187.6,109.7,1,23.6,16.40625,108.0,59.0,21.0,1.0,30,3.0,2,0.0
C2,1878,0.7417306257836167,33.300000000000004,26.1,1,5.2,16.40625,23.0,13.0,21.0,1.0,30,2.0,1,0.0
C2,1879,0.12401146061189083,140.2,91.0,1,13.2,16.40625,81.0,33.0,21.0,1.0,30,2.0,2,0.0
C2,1880,0.5641805569485094,45.699999999999996,34.8,1,9.6,16.40625,39.0,24.0,21.0,1.0,50,3.0,1,0.0
C2,1881,-0.13120398383691806,203.3,114.2,1,11.6,17.1875,119.0,29.0,22.0,1.0,50,1.0,2,0.0
C2,1882,0.11086594036890182,120.89999999999999,72.4,1,17.2,16.40625,67.0,43.0,21.0,1.0,50,3.0,1,0.0
C2,1883,0.0823632332133773,112.8,65.8,1,6.0,16.40625,59.0,15.0,21.0,1.0,50,1.0,1,0.0
C2,1884,-0.0543262874532158,204.4,114.3,1,30.4,16.40625,134.0,76.0,21.0,1.0,50,3.0,2,0.0
C2,1885,0.5711761501029402,44.5,34.2,1,8.8,16.40625,32.0,22.0,21.0,1.0,50,3.0,0,0.0
C2,1886,-0.07702955605141207,207.3,115.7,1,26.4,16.40625,182.0,66.0,21.0,1.0,50,2.0,2,0.0
C2,1887,-0.04323005677469016,205.6,119.0,1,34.8,16.40625,142.0,87.0,21.0,1.0,50,3.0,1,0.0
C2,1888,-0.024367717855644067,199.3,113.3,1,35.6,16.40625,226.0,89.0,21.0,1.0,50,2.0,2,0.0
C2,1889,-0.008947368421052537,201.4,114.4,1,51.2,16.40625,223.0,128.0,21.0,1.0,50,3.0,1,0.0
C2,1890,0.14053972656575225,98.0,62.5,1,10.4,16.40625,50.0,26.0,21.0,1.0,50,2.0,2,0.0
C2,1891,0.14833193510662446,83.9,49.2,1,3.6,16.40625,44.0,9.0,21.0,1.0,50,1.0,2,0.0
C2,1892,0.770543534362421,17.9,17.7,1,5.2,16.40625,14.0,13.0,21.0,1.0,50,3.0,1,0.0
C2,1893,0.17625282781863855,89.2,49.8,1,13.2,16.40625,48.0,33.0,21.0,1.0,50,3.0,2,0.0
C2,1894,0.08534011159027594,118.3,70.1,1,10.0,16.40625,64.0,25.0,21.0,1.0,50,2.0,2,0.0
C2,1895,0.5800134107762787,44.3,35.0,1,10.4,16.40625,35.0,26.0,21.0,1.0,50,3.0,2,0.0
C2,1896,-0.058161201754814984,202.5,114.5,1,28.0,16.40625,121.0,70.0,21.0,1.0,50,3.0,1,0.0
C2,1897,0.11029895712048413,106.80000000000001,61.9,1,8.8,16.40625,53.0,22.0,21.0,1.0,50,2.0,2,0.0
C2,1898,0.7671814422697458,18.0,17.6,1,4.4,16.40625,19.0,11.0,21.0,1.0,50,2.0,0,0.0
C2,1899,-0.05664324726321793,202.5,111.9,1,28.4,16.40625,116.0,71.0,21.0,1.0,50,3.0,2,0.0
C2,1900,0.7671814422697458,17.9,17.6,1,4.4,16.40625,16.0,11.0,21.0,1.0,50,2.0,0,0.0
C2,1901,0.5243845666855718,47.300000000000004,35.7,1,3.6,16.40625,39.0,9.0,21.0,1.0,50,1.0,0,0.0
C2,1902,0.06506145891834542,141.7,93.8,1,19.2,16.40625,83.0,48.0,21.0,1.0,50,3.0,0,0.0
C2,1903,0.09816291509223646,131.8,80.10000000000001,1,20.8,16.40625,75.0,52.0,21.0,1.0,50,3.0,0,0.0
C2,1904,0.12840957859975605,92.1,47.7,1,4.0,16.40625,42.0,10.0,21.0,1.0,50,1.0,2,0.0
C2,1905,-0.06382702050392339,205.8,114.7,1,28.8,16.40625,178.0,72.0,21.0,1.0,50,2.0,0,0.0
C2,1906,-0.0975365305450056,205.5,116.7,1,20.4,17.1875,136.0,51.0,22.0,1.0,50,2.0,0,0.0
C2,1907,-0.1522402949650814,202.6,113.4,1,6.4,16.40625,131.0,16.0,21.0,1.0,50,1.0,0,0.0
C2,1908,-0.066003005302647,171.8,102.2,1,7.6,16.40625,99.0,19.0,21.0,1.0,50,1.0,0,0.0
C2,1909,-0.10066794814273114,186.29999999999998,108.5,1,8.4,16.40625,97.0,21.0,21.0,1.0,50,1.0,0,0.0
C2,1910,0.05315270689758783,123.89999999999999,73.89999999999999,1,6.0,16.40625,67.0,15.0,21.0,1.0,50,1.0,2,0.0
C2,1911,-0.15241223822957495,207.3,118.1,1,9.2,16.40625,116.0,23.0,21.0,1.0,50,1.0,1,0.0
C2,1912,-0.04004341589735305,187.6,106.7,1,22.8,16.40625,99.0,57.0,21.0,1.0,50,3.0,2,0.0
C2,1913,0.7671814422697458,17.9,17.7,1,4.4,16.40625,19.0,11.0,21.0,1.0,50,2.0,0,0.0
C2,1914,0.4894065094559651,50.0,17.6,1,0.8,16.40625,6.0,2.0,21.0,1.0,50,1.0,0,0.0
C2,1915,0.09311234500119436,116.7,70.9,1,10.8,16.40625,65.0,27.0,21.0,1.0,50,2.0,0,0.0
C2,1916,0.04456144570282358,141.3,88.5,1,14.4,16.40625,81.0,36.0,21.0,1.0,50,2.0,1,0.0
C2,1917,0.7605761873560926,18.1,17.8,1,2.8,16.40625,12.0,7.0,21.0,1.0,50,2.0,2,0.0
C2,1918,0.526138952650484,47.1,35.5,1,3.6,16.40625,33.0,9.0,21.0,1.0,50,1.0,2,0.0
C2,1919,-0.031563982718434,171.6,100.4,1,15.2,16.40625,97.0,38.0,21.0,1.0,50,2.0,1,0.0
C2,1920,-0.014672072106086426,176.0,103.2,1,21.6,16.40625,93.0,54.0,21.0,1.0,50,3.0,1,0.0
C2,1921,-0.1094964942752868,197.1,115.0,1,12.8,16.40625,149.0,32.0,21.0,1.0,50,1.0,2,0.0
C2,1922,-0.09517326605394305,207.9,116.4,1,22.4,16.40625,142.0,56.0,21.0,1.0,50,2.0,1,0.0
C2,1923,-0.05698090993703417,179.2,98.6,1,14.0,16.40625,90.0,35.0,21.0,1.0,50,2.0,1,0.0
C2,1924,-0.05653826972076409,201.3,111.69999999999999,1,27.6,16.40625,185.0,69.0,21.0,1.0,50,2.0,1,0.0
C2,1925,-0.13024374765807634,204.3,111.10000000000001,1,12.4,16.40625,156.0,31.0,21.0,1.0,50,1.0,2,0.0
C2,1926,-0.11421935190059967,210.5,116.8,1,19.6,16.40625,223.0,49.0,21.0,1.0,50,1.0,1,0.0
C2,1927,-0.03824515471554152,202.8,113.19999999999999,1,34.0,17.1875,147.0,85.0,22.0,1.0,50,3.0,1,0.0
C2,1928,-0.001052631578947305,198.4,112.4,1,47.6,17.1875,213.0,119.0,22.0,1.0,50,3.0,1,0.0
C2,1929,-0.04586163572205859,206.6,116.4,1,34.8,16.40625,216.0,87.0,21.0,1.0,50,2.0,1,0.0
C2,1930,-0.10303694477495437,201.5,115.5,1,16.8,16.40625,225.0,42.0,21.0,1.0,50,1.0,2,0.0
C2,1931,-0.04260194613124221,205.8,116.0,1,35.2,17.1875,159.0,88.0,22.0,1.0,50,3.0,0,0.0
C2,1932,-0.05791849313012856,198.2,114.2,1,25.2,16.40625,163.0,63.0,21.0,1.0,50,2.0,0,0.0
C2,1933,-0.007894736842105288,201.0,113.69999999999999,1,52.4,16.40625,227.0,131.0,21.0,1.0,50,3.0,1,0.0
C2,1934,-0.1388355627842865,206.2,116.4,1,11.6,16.40625,153.0,29.0,21.0,1.0,50,1.0,0,0.0
C2,1935,-0.051785301943014034,197.1,114.4,1,26.0,16.40625,175.0,65.0,21.0,1.0,50,2.0,1,0.0
C2,1936,0.0018421052631579227,197.3,112.4,1,50.4,16.40625,225.0,126.0,21.0,1.0,50,3.0,0,0.0
C2,1937,-0.026308557126885262,202.4,118.3,1,38.0,17.1875,243.0,95.0,22.0,1.0,50,2.0,1,0.0
C2,1938,-0.01552631578947361,203.9,115.1,1,44.4,17.1875,186.0,111.0,22.0,1.0,50,3.0,1,0.0
C2,1939,-0.11183708490776356,211.60000000000002,119.0,1,20.8,16.40625,261.0,52.0,21.0,1.0,50,1.0,2,0.0
C2,1940,0.02964059276774965,177.0,88.7,2,37.0,16.015625,264.0,185.0,41.0,1.0,50,3.0,0,0.0
C2,1941,0.15533937434560785,114.0,63.1,2,23.2,16.015625,192.0,116.0,41.0,1.0,50,3.0,2,0.0
C2,1942,0.1079439186543695,115.5,64.0,2,13.4,16.015625,175.0,67.0,41.0,1.0,50,2.0,1,0.0
C2,1943,0.08889366662911019,114.6,63.2,2,8.6,16.015625,195.0,43.0,41.0,1.0,50,1.0,2,0.0
C2,1944,0.08337550289593121,120.39999999999999,66.4,2,10.8,16.015625,237.0,54.0,41.0,1.0,50,1.0,0,0.0
C2,1945,0.20131578947368425,121.5,66.5,2,22.0,16.015625,246.0,110.0,41.0,1.0,30,2.0,1,0.0
C2,1946,0.17186288467418923,114.8,62.6,2,7.8,16.015625,196.0,39.0,41.0,1.0,30,1.0,1,0.0
C2,1947,0.20631578947368423,119.6,67.10000000000001,2,24.4,16.015625,277.0,122.0,41.0,1.0,30,2.0,1,0.0
C2,1948,0.21447368421052632,116.5,63.9,2,28.8,16.015625,235.0,144.0,41.0,1.0,30,3.0,0,0.0
C2,1949,0.16796910611164045,118.0,66.0,2,9.0,16.015625,202.0,45.0,41.0,1.0,30,1.0,0,0.0
C2,1950,0.18919521619920698,114.7,64.4,2,12.6,16.015625,280.0,63.0,41.0,1.0,30,1.0,1,0.0
C2,1951,0.1828225775866236,119.7,63.0,2,14.8,16.015625,355.0,74.0,41.0,1.0,30,1.0,2,0.0
C2,1952,0.20947368421052634,118.4,62.0,2,26.0,16.015625,326.0,130.0,41.0,1.0,30,2.0,0,0.0
C2,1953,0.23763157894736842,104.5,54.300000000000004,3,25.333334,15.885417,288.0,190.0,61.0,1.0,30,3.0,1,0.0
C2,1954,0.2520203429477298,95.5,46.9,3,16.8,15.885417,290.0,126.0,61.0,1.0,30,2.0,0,0.0
C2,1955,0.25400786551938254,96.0,49.0,3,18.133333,15.885417,303.0,136.0,61.0,1.0,30,2.0,0,0.0
C2,1956,0.29289473684210526,86.7,46.1,3,27.866667,15.885417,954.0,209.0,61.0,1.0,30,1.0,0,0.0
C2,1957,0.11705299311862116,61.699999999999996,37.0,8,47.733334,15.755208,969.0,716.0,121.0,1.0,30,3.0,1,0.0
C2,1958,0.7340350877192983,38.800000000000004,26.3,10,24.0,15.703125,829.0,600.0,201.0,1.0,30,3.0,1,0.0
C2,1959,0.7543859649122806,38.4,25.8,10,28.56,15.703125,1017.0,714.0,201.0,1.0,30,3.0,0,0.0
C2,1960,0.7602111246414276,36.1,25.4,10,18.16,15.703125,900.0,454.0,201.0,1.0,30,2.0,0,0.0
C2,1961,0.7561403508771929,38.199999999999996,25.9,10,27.64,15.703125,921.0,691.0,201.0,1.0,30,3.0,1,0.0
C2,1962,0.706861675215922,39.300000000000004,26.200000000000003,10,9.8,15.703125,946.0,245.0,201.0,1.0,30,1.0,1,0.0
C2,1963,0.7356701232597966,35.9,25.8,10,9.52,15.703125,974.0,238.0,201.0,1.0,30,1.0,1,0.0
C2,1964,0.7710526315789474,36.5,25.5,10,28.76,15.703125,964.0,719.0,201.0,1.0,30,3.0,0,0.0
C2,1965,0.7368501854609293,39.1,26.4,10,19.48,15.703125,1021.0,487.0,201.0,1.0,30,2.0,1,0.0
C2,1966,0.5500443185491203,38.6,26.200000000000003,10,29.4,15.703125,1019.0,735.0,201.0,1.0,90,3.0,2,0.0
C2,1967,0.5035727425913714,39.300000000000004,26.1,10,9.92,15.703125,1021.0,248.0,201.0,1.0,90,1.0,0,0.0
C2,1968,0.5372944726571949,38.800000000000004,26.0,10,25.4,15.703125,859.0,635.0,201.0,1.0,90,3.0,0,0.0
C2,1969,0.5481842192599199,38.6,25.8,10,28.76,15.703125,975.0,719.0,201.0,1.0,90,3.0,1,0.0
C2,1970,0.19121011452398584,46.5,31.099999999999998,4,12.4,15.736608,964.0,217.0,141.0,1.0,90,1.0,2,0.0
C2,1971,0.2867906221690938,69.5,39.5,4,66.7,15.8203125,983.0,667.0,81.0,1.0,90,3.0,1,0.0
C2,1972,0.13667725100778752,62.4,39.5,4,22.7,15.8203125,977.0,227.0,81.0,1.0,90,1.0,1,0.0
C2,1973,0.302915527232208,65.0,38.9,4,67.8,15.8203125,1013.0,678.0,81.0,1.0,90,3.0,1,0.0
C2,1974,0.29086905676785535,67.8,39.199999999999996,4,66.6,15.8203125,970.0,666.0,81.0,1.0,90,3.0,0,0.0
C2,1975,0.27906505042317076,65.19999999999999,39.1,4,62.1,16.015625,936.0,621.0,82.0,1.0,90,3.0,0,0.0
C2,1976,0.13884510188186788,66.19999999999999,38.9,4,27.5,15.8203125,603.0,275.0,81.0,1.0,90,2.0,1,0.0
C2,1977,0.12590122390542646,59.9,38.5,4,13.7,15.8203125,209.0,137.0,81.0,1.0,90,3.0,2,0.0
C2,1978,0.10089991731280545,66.10000000000001,39.4,4,7.2,15.8203125,159.0,72.0,81.0,1.0,90,2.0,2,0.0
C2,1979,0.034559141898153664,87.2,46.0,3,4.9333334,15.885417,165.0,37.0,61.0,1.0,90,1.0,1,0.0
C2,1980,0.0179859619668708,96.5,48.7,3,4.4,15.885417,152.0,33.0,61.0,1.0,90,1.0,1,0.0
C2,1981,0.03808409893938504,111.60000000000001,62.5,1,18.4,16.40625,217.0,92.0,42.0,1.0,70,2.0,2,0.0
C2,1982,-0.21128146235626127,208.9,119.3,1,15.6,16.40625,163.0,39.0,21.0,1.0,70,1.0,2,0.0
C2,1983,-0.0662104615416248,200.1,114.1,1,44.4,16.40625,188.0,111.0,21.0,1.0,70,3.0,1,0.0
C2,1984,-0.19905791343472024,203.2,116.9,1,14.8,16.40625,174.0,37.0,21.0,1.0,70,1.0,1,0.0
C2,1985,-0.07712901944591796,205.5,116.1,1,45.2,16.40625,183.0,113.0,21.0,1.0,70,3.0,2,0.0
C2,1986,-0.16285894181132127,210.60000000000002,117.0,1,28.8,16.40625,193.0,72.0,21.0,1.0,70,2.0,0,0.0
C2,1987,-0.16206238909803167,187.6,104.1,1,13.6,16.40625,182.0,34.0,21.0,1.0,70,1.0,0,0.0
C2,1988,-0.19225365331665895,204.4,114.5,1,17.6,16.40625,214.0,44.0,21.0,1.0,70,1.0,2,0.0
C2,1989,-0.09865529648728483,201.2,116.2,1,37.6,16.40625,234.0,94.0,21.0,1.0,70,2.0,0,0.0
C2,1990,-0.0964527692292364,202.4,117.4,1,38.8,17.1875,251.0,97.0,22.0,1.0,70,2.0,2,0.0
C2,1991,-0.09078445332881618,203.6,115.4,1,40.8,16.40625,256.0,102.0,21.0,1.0,70,2.0,0,0.0
C2,1992,-0.018421052631578838,205.0,115.3,1,61.6,17.1875,264.0,154.0,22.0,1.0,70,3.0,0,0.0
C2,1993,-0.21093778829449822,213.2,118.9,1,18.8,16.40625,247.0,47.0,21.0,1.0,70,1.0,2,0.0
C2,1994,-0.20654462025099823,207.1,118.7,1,15.6,16.40625,207.0,39.0,21.0,1.0,70,1.0,1,0.0
C2,1995,-0.11935273424863854,207.7,116.9,1,36.8,16.40625,229.0,92.0,21.0,1.0,70,2.0,2,0.0
C2,1996,-0.1734757681280728,203.1,112.5,1,21.6,17.1875,259.0,54.0,22.0,1.0,70,1.0,0,0.0
C2,1997,-0.11123932278899293,205.3,116.0,1,37.2,16.40625,248.0,93.0,21.0,1.0,70,2.0,2,0.0
C2,1998,-0.1198756467791395,203.1,116.4,1,34.0,17.1875,209.0,85.0,22.0,1.0,70,2.0,0,0.0
C2,1999,-0.03011438496900795,203.1,116.1,1,57.2,16.40625,247.0,143.0,21.0,1.0,70,3.0,0,0.0
C2,2000,-0.187779893557656,204.4,115.1,1,18.8,16.40625,254.0,47.0,21.0,1.0,70,1.0,1,0.0
C2,2001,0.48993850616231055,43.8,33.9,1,4.0,16.40625,36.0,10.0,21.0,1.0,70,1.0,0,0.0
C2,2002,0.695856543421489,18.0,17.6,1,2.8,16.40625,8.0,7.0,21.0,1.0,70,3.0,0,0.0
C2,2003,0.4290954344073689,50.0,17.7,1,1.2,16.40625,6.0,3.0,21.0,1.0,70,1.0,2,0.0
C2,2004,0.692253329144211,18.1,17.8,1,1.2,16.40625,5.0,3.0,21.0,1.0,70,2.0,0,0.0
C2,2005,0.6987104359868719,18.2,17.8,1,4.0,16.40625,11.0,10.0,21.0,1.0,70,3.0,0,0.0
C2,2006,0.6977445678438781,18.3,17.9,1,3.6,16.40625,11.0,9.0,21.0,1.0,70,3.0,0,0.0
C2,2007,0.6931327226609154,18.0,17.7,1,1.6,16.40625,6.0,4.0,21.0,1.0,70,2.0,2,0.0
C2,2008,0.4290954344073689,50.0,17.6,1,1.2,16.40625,8.0,3.0,21.0,1.0,70,1.0,1,0.0
C2,2009,0.6931327226609154,18.0,17.6,1,1.6,16.40625,6.0,4.0,21.0,1.0,70,2.0,2,0.0
C2,2010,0.4299748279240733,50.0,17.7,1,1.6,16.40625,9.0,4.0,21.0,1.0,70,1.0,2,0.0
C2,2011,0.4683727836798233,47.199999999999996,35.9,1,7.2,16.40625,36.0,18.0,21.0,1.0,70,2.0,1,0.0
C2,2012,0.4282301737168955,50.0,17.7,1,0.8,16.40625,6.0,2.0,21.0,1.0,70,1.0,2,0.0
C2,2013,0.6949342494879829,19.7,18.1,1,2.4,16.40625,10.0,6.0,21.0,1.0,70,2.0,2,0.0
C2,2014,-0.18662416320365044,199.0,114.0,1,15.2,16.40625,104.0,38.0,21.0,1.0,70,2.0,0,0.0
C2,2015,0.061796222515286076,92.39999999999999,50.6,1,4.4,16.40625,42.0,11.0,21.0,1.0,70,1.0,0,0.0
C2,2016,0.04065927941766326,106.7,61.0,1,10.4,16.40625,55.0,26.0,21.0,1.0,70,2.0,0,0.0
C2,2017,-0.14443788917974232,203.6,113.5,1,28.8,16.40625,128.0,72.0,21.0,1.0,70,3.0,2,0.0
C2,2018,0.002748830406692604,115.6,67.10000000000001,1,5.2,16.40625,52.0,13.0,21.0,1.0,70,1.0,2,0.0
C2,2019,0.01155164052163303,115.1,70.0,1,8.0,16.40625,60.0,20.0,21.0,1.0,70,2.0,2,0.0
C2,2020,-0.12663449367618618,183.5,105.5,1,20.4,16.40625,97.0,51.0,21.0,1.0,70,3.0,2,0.0
C2,2021,-0.011578947368421022,199.2,110.60000000000001,2,79.2,16.40625,345.0,198.0,21.0,1.0,70,3.0,0,0.0
C2,2022,0.18498189086084954,119.1,64.4,2,55.0,16.015625,670.0,275.0,41.0,1.0,70,2.0,1,0.0
C2,2023,0.6913880684537377,17.8,17.6,2,0.8,16.015625,10.0,4.0,41.0,1.0,70,1.0,0,0.0
C2,2024,0.6124287677407023,29.1,18.5,2,1.2,16.015625,14.0,6.0,41.0,1.0,70,1.0,2,0.0
C2,2025,0.6935777461800914,18.2,17.9,2,1.8,16.015625,11.0,9.0,41.0,1.0,70,2.0,1,0.0
C2,2026,0.6935777461800914,18.2,17.8,2,1.8,16.015625,12.0,9.0,41.0,1.0,70,2.0,0,0.0
C2,2027,0.5862074206144714,32.5,24.0,2,2.8,16.015625,23.0,14.0,41.0,1.0,70,2.0,1,0.0
C2,2028,0.5871447135043847,32.7,26.1,1,7.2,16.40625,25.0,18.0,21.0,1.0,70,3.0,2,0.0
C2,2029,0.6940263352002114,18.2,17.7,1,2.0,16.40625,6.0,5.0,21.0,1.0,70,3.0,2,0.0
C2,2030,0.6940263352002114,18.0,17.6,1,2.0,16.40625,7.0,5.0,21.0,1.0,70,2.0,1,0.0
C2,2031,0.49009532258177607,44.6,34.1,1,6.8,16.40625,35.0,17.0,21.0,1.0,70,2.0,1,0.0
C2,2032,0.6931327226609154,19.7,17.9,1,1.6,16.40625,10.0,4.0,21.0,1.0,70,1.0,0,0.0
C2,2033,0.5859067251435346,33.2,27.0,1,5.2,16.40625,23.0,13.0,21.0,1.0,70,2.0,2,0.0
C2,2034,0.695856543421489,18.3,18.0,1,2.8,16.40625,7.0,7.0,21.0,1.0,70,2.0,2,0.0
C2,2035,0.6967932929551672,18.2,17.9,1,3.2,16.40625,8.0,8.0,21.0,1.0,70,3.0,0,0.0
C2,2036,0.579323515212299,33.5,26.5,1,3.6,16.40625,26.0,9.0,21.0,1.0,70,1.0,1,0.0
C2,2037,0.6996909593573912,18.0,17.7,1,4.4,16.40625,13.0,11.0,21.0,1.0,70,3.0,1,0.0
C2,2038,0.4299748279240733,50.0,17.5,1,1.6,16.40625,9.0,4.0,21.0,1.0,70,1.0,0,0.0
C2,2039,0.4290954344073689,50.0,17.9,1,1.2,16.40625,8.0,3.0,21.0,1.0,70,1.0,2,0.0
C2,2040,0.8457916482696923,20.1,17.9,1,2.4,16.40625,7.0,6.0,21.0,1.0,30,2.0,0,0.0
C2,2041,0.3276282719293956,55.9,43.8,1,8.0,16.40625,40.0,20.0,21.0,1.0,30,2.0,1,0.0
C2,2042,0.8583972924502834,18.2,17.8,1,5.2,16.40625,13.0,13.0,21.0,1.0,30,3.0,0,0.0
C2,2043,0.5765839711106497,50.0,17.7,1,0.8,16.40625,7.0,2.0,21.0,1.0,30,1.0,2,0.0
C2,2044,0.8466688412521486,18.5,17.7,1,2.4,16.40625,7.0,6.0,21.0,1.0,30,2.0,2,0.0
C2,2045,0.843222663187408,18.0,17.6,1,1.6,16.40625,12.0,4.0,21.0,1.0,30,1.0,0,0.0
C2,2046,0.8567577352788383,18.1,17.7,1,4.8,16.40625,13.0,12.0,21.0,1.0,30,3.0,2,0.0
C2,2047,0.5783284365275948,50.0,17.7,1,1.2,16.40625,9.0,3.0,21.0,1.0,30,1.0,2,0.0
C2,2048,0.843222663187408,18.0,17.7,1,1.6,16.40625,10.0,4.0,21.0,1.0,30,1.0,0,0.0
C2,2049,0.8449503405842114,18.5,17.6,1,2.0,16.40625,6.0,5.0,21.0,1.0,30,3.0,0,0.0
C2,2050,0.8466688412521486,18.3,17.7,1,2.4,16.40625,8.0,6.0,21.0,1.0,30,2.0,2,0.0
C2,2051,0.7392138756297153,33.4,26.4,1,4.8,16.40625,24.0,12.0,21.0,1.0,30,2.0,2,0.0
C2,2052,0.8534405798950884,18.3,17.8,1,4.0,16.40625,9.0,10.0,21.0,1.0,30,3.0,1,0.0
C2,2053,0.8449503405842114,18.3,17.7,1,2.0,16.40625,6.0,5.0,21.0,1.0,30,3.0,1,0.0
C2,2054,0.8567577352788383,18.0,17.6,1,4.8,16.40625,11.0,12.0,21.0,1.0,30,3.0,0,0.0
C2,2055,0.8449503405842114,19.8,17.9,1,2.0,16.40625,7.0,5.0,21.0,1.0,30,2.0,0,0.0
C2,2056,0.8616357506885648,18.2,17.9,1,6.0,16.40625,16.0,15.0,21.0,1.0,30,3.0,1,0.0
C2,2057,0.8449503405842114,17.9,17.6,1,2.0,16.40625,14.0,5.0,21.0,1.0,30,1.0,1,0.0
C2,2058,0.7352653324802187,32.7,26.8,1,2.4,16.40625,20.0,6.0,21.0,1.0,30,1.0,0,0.0
C2,2059,0.743485011748529,33.099999999999994,26.8,1,5.2,16.40625,28.0,13.0,21.0,1.0,30,2.0,2,0.0
C2,2060,0.7212661300578957,34.1,26.0,1,2.0,16.40625,21.0,5.0,21.0,1.0,30,1.0,1,0.0
C2,2061,0.26642039558738034,85.6,48.099999999999994,1,12.8,16.40625,48.0,32.0,21.0,1.0,30,3.0,0,0.0
C2,2062,0.7528037105258867,33.300000000000004,26.5,1,8.0,16.40625,25.0,20.0,21.0,1.0,30,3.0,0,0.0
C2,2063,0.7512687459833411,33.300000000000004,26.700000000000003,1,7.6,16.40625,25.0,19.0,21.0,1.0,30,3.0,2,0.0
C2,2064,0.7395498976335675,32.599999999999994,25.9,1,3.2,16.40625,24.0,8.0,21.0,1.0,30,1.0,2,0.0
C2,2065,-0.03795903673690201,195.39999999999998,113.60000000000001,1,8.4,16.40625,114.0,21.0,21.0,1.0,30,1.0,0,0.0
C2,2066,-0.026045399232148464,202.3,116.9,1,18.0,16.40625,105.0,45.0,21.0,1.0,30,2.0,2,0.0
C2,2067,-0.023684210526315697,207.0,117.6,1,21.6,16.40625,141.0,54.0,21.0,1.0,30,2.0,0,0.0
C2,2068,-0.015879332137406443,199.8,112.8,1,19.6,16.40625,138.0,49.0,21.0,1.0,30,2.0,0,0.0
C2,2069,0.1923879483161411,101.2,56.599999999999994,1,4.0,16.40625,52.0,10.0,21.0,1.0,30,1.0,2,0.0
C2,2070,0.768598665813552,28.9,26.0,1,2.4,16.40625,22.0,6.0,21.0,1.0,30,1.0,1,0.0
C2,2071,-0.0231578947368421,203.6,105.39999999999999,2,34.8,16.40625,149.0,87.0,21.0,1.0,30,3.0,1,0.0
C2,2072,0.21683321436538677,103.7,56.4,2,12.2,16.015625,97.0,61.0,41.0,1.0,30,3.0,0,0.0
C2,2073,0.6037222704087729,47.5,32.4,2,2.0,16.015625,44.0,10.0,41.0,1.0,30,1.0,2,0.0
C2,2074,0.7404563078431217,32.4,22.4,2,3.0,16.015625,26.0,15.0,41.0,1.0,30,3.0,2,0.0
C2,2075,0.24665482846614004,85.2,47.5,2,7.0,16.015625,73.0,35.0,41.0,1.0,30,2.0,2,0.0
C2,2076,0.14164703827638236,123.89999999999999,67.9,2,6.2,16.015625,151.0,31.0,41.0,1.0,30,1.0,1,0.0
C2,2077,0.1381578947368421,142.3,82.60000000000001,1,20.4,17.1875,80.0,51.0,22.0,1.0,30,3.0,2,0.0
C2,2078,-0.03490810844904768,205.3,115.8,1,17.6,16.40625,102.0,44.0,21.0,1.0,30,2.0,1,0.0
C2,2079,0.08665861634075242,145.7,98.9,1,6.8,16.40625,80.0,17.0,21.0,1.0,30,1.0,1,0.0
C2,2080,0.03833613242141412,176.7,100.8,1,16.8,16.40625,93.0,42.0,21.0,1.0,30,2.0,2,0.0
C2,2081,0.028684210526315743,183.9,96.60000000000001,2,26.0,16.015625,169.0,130.0,41.0,1.0,30,3.0,2,0.0
C2,2082,0.1870227760139072,119.8,66.4,2,16.4,16.015625,132.0,82.0,41.0,1.0,30,3.0,1,0.0
C2,2083,0.12997623981870454,126.8,68.4,2,5.2,16.015625,112.0,26.0,41.0,1.0,30,1.0,1,0.0
C2,2084,0.28533132021049257,70.8,42.2,2,7.2,16.015625,67.0,36.0,41.0,1.0,30,2.0,1,0.0
C2,2085,0.6308337801316879,44.8,28.7,2,2.8,16.015625,44.0,14.0,41.0,1.0,30,1.0,1,0.0
C2,2086,0.21259993340170094,99.9,54.699999999999996,2,8.2,16.015625,88.0,41.0,41.0,1.0,30,2.0,2,0.0
C2,2087,0.2708575645921718,71.6,39.4,1,6.2,16.015625,59.0,31.0,41.0,1.0,30,2.0,0,0.0
C2,2088,0.2266965103552451,99.7,52.900000000000006,1,12.0,16.40625,45.0,30.0,21.0,1.0,30,3.0,0,0.0
C2,2089,0.11280747686340581,145.4,92.89999999999999,1,14.0,16.40625,85.0,35.0,21.0,1.0,30,2.0,2,0.0
C2,2090,0.1475171939783605,135.6,79.9,1,17.2,16.40625,70.0,43.0,21.0,1.0,30,3.0,1,0.0
C2,2091,-0.004473684210526296,199.7,114.9,1,26.8,16.40625,167.0,67.0,21.0,1.0,30,2.0,0,0.0
C2,2092,0.11255941969188674,146.4,93.2,1,14.8,16.40625,88.0,37.0,21.0,1.0,30,2.0,1,0.0
C2,2093,-0.05727652950167922,213.79999999999998,119.8,1,17.6,16.40625,114.0,44.0,21.0,1.0,30,2.0,0,0.0
C2,2094,0.00868421052631578,191.5,97.60000000000001,2,24.0,16.40625,157.0,120.0,42.0,1.0,30,3.0,0,0.0
C2,2095,0.15818136752917403,116.7,64.9,2,5.6,16.015625,113.0,28.0,41.0,1.0,30,1.0,0,0.0
C2,2096,0.16716839045079013,120.5,67.0,2,10.6,16.015625,113.0,53.0,41.0,1.0,30,2.0,1,0.0
C2,2097,0.24795866873168232,80.4,43.1,2,4.2,16.015625,68.0,21.0,41.0,1.0,30,1.0,1,0.0
C2,2098,0.17567371254678413,117.0,65.10000000000001,2,10.4,16.015625,132.0,52.0,41.0,1.0,30,2.0,1,0.0
C2,2099,0.268971186786209,79.9,44.2,2,9.2,16.015625,70.0,46.0,41.0,1.0,30,3.0,2,0.0
C2,2100,-0.011737499149461761,188.1,102.0,1,12.8,16.40625,95.0,32.0,21.0,1.0,30,2.0,1,0.0
C2,2101,-0.0372480695794625,195.70000000000002,111.60000000000001,1,8.8,16.40625,102.0,22.0,21.0,1.0,30,1.0,1,0.0
C2,2102,0.19658617971521994,117.7,73.5,1,18.0,16.40625,64.0,45.0,21.0,1.0,30,3.0,2,0.0
C2,2103,0.2000918915509523,116.0,71.6,1,17.6,16.40625,65.0,44.0,21.0,1.0,30,3.0,0,0.0
C2,2104,-0.04226244937572504,206.1,118.2,1,15.6,16.40625,165.0,39.0,21.0,1.0,30,1.0,0,0.0
C2,2105,0.15347785595172284,119.1,67.10000000000001,1,6.0,16.40625,68.0,15.0,21.0,1.0,30,1.0,0,0.0
C2,2106,0.29304213359941567,72.4,44.699999999999996,1,10.4,16.40625,40.0,26.0,21.0,1.0,30,3.0,0,0.0
C2,2107,0.7369183186861992,32.9,26.599999999999998,1,3.2,16.40625,24.0,8.0,21.0,1.0,30,1.0,1,0.0
C2,2108,0.6668442798486398,40.5,32.5,1,2.4,16.40625,33.0,6.0,21.0,1.0,30,1.0,2,0.0
C2,2109,0.7300021745854819,33.300000000000004,27.900000000000002,1,2.4,16.40625,27.0,6.0,21.0,1.0,30,1.0,0,0.0
C2,2110,0.6352197450439685,44.3,35.3,1,2.8,16.40625,33.0,7.0,21.0,1.0,30,1.0,0,0.0
C2,2111,0.11622852949498477,144.1,89.2,1,14.0,16.40625,83.0,35.0,21.0,1.0,30,2.0,1,0.0
C2,2112,0.0423041211578348,164.89999999999998,96.60000000000001,1,8.4,16.40625,83.0,21.0,21.0,1.0,30,1.0,0,0.0
C2,2113,0.16465247212094347,113.0,74.2,1,4.8,16.40625,70.0,12.0,21.0,1.0,30,1.0,2,0.0
C2,2114,0.1482801696508023,130.0,79.10000000000001,1,12.4,16.40625,76.0,31.0,21.0,1.0,30,2.0,0,0.0
C2,2115,0.1108462770043544,135.3,86.4,1,6.0,16.40625,77.0,15.0,21.0,1.0,30,1.0,2,0.0
C2,2116,0.03184210526315784,185.9,104.1,1,22.8,16.40625,93.0,57.0,21.0,1.0,30,3.0,2,0.0
C2,2117,0.2286407976755475,85.5,49.3,1,2.8,16.40625,40.0,7.0,21.0,1.0,30,1.0,2,0.0
C2,2118,0.5973002290178955,49.2,35.9,1,4.0,16.40625,36.0,10.0,21.0,1.0,30,1.0,0,0.0
C2,2119,0.662184932130226,43.1,34.5,1,6.8,16.40625,33.0,17.0,21.0,1.0,30,2.0,2,0.0
C2,2120,0.7291608669000009,33.2,27.7,1,2.0,16.40625,21.0,5.0,21.0,1.0,30,1.0,2,0.0
C2,2121,0.6503915530008848,44.8,35.0,1,7.6,16.40625,39.0,19.0,21.0,1.0,30,2.0,1,0.0
C2,2122,-0.05469399510260767,205.6,113.60000000000001,1,11.2,16.40625,127.0,28.0,21.0,1.0,30,1.0,1,0.0
C2,2123,-0.0241011404199018,202.6,117.7,1,19.2,16.40625,128.0,48.0,21.0,1.0,30,2.0,0,0.0
C2,2124,-0.21933223077680536,203.7,115.6,1,8.8,16.40625,134.0,22.0,21.0,1.0,70,1.0,2,0.0
C2,2125,-0.19424455367888777,204.6,112.4,1,17.2,16.40625,112.0,43.0,21.0,1.0,70,2.0,1,0.0
C2,2126,-0.15597645445969327,200.8,114.3,1,24.4,16.40625,107.0,61.0,21.0,1.0,70,3.0,2,0.0
C2,2127,-0.2123316561399906,203.3,120.2,1,10.8,17.1875,144.0,27.0,22.0,1.0,70,1.0,0,0.0
C2,2128,-0.16495013134875508,201.7,116.8,1,22.8,16.40625,137.0,57.0,21.0,1.0,70,2.0,1,0.0
C2,2129,0.00600381927095682,112.5,63.2,1,3.2,16.40625,55.0,8.0,21.0,1.0,70,1.0,0,0.0
C2,2130,0.009741327442030642,130.5,80.5,1,19.6,16.40625,79.0,49.0,21.0,1.0,70,3.0,2,0.0
C2,2131,-0.14104615371179552,199.0,112.3,1,26.8,17.1875,112.0,67.0,22.0,1.0,70,3.0,2,0.0
C2,2132,-0.046489507373146416,134.7,84.2,1,5.6,16.40625,75.0,14.0,21.0,1.0,70,1.0,1,0.0
C2,2133,0.01916464356791764,108.60000000000001,61.5,1,4.4,16.40625,58.0,11.0,21.0,1.0,70,1.0,0,0.0
C2,2134,0.09532744550486931,88.3,49.6,1,12.4,16.40625,46.0,31.0,21.0,1.0,70,3.0,0,0.0
C2,2135,0.008247334732116696,113.9,71.6,1,5.6,16.40625,61.0,14.0,21.0,1.0,70,1.0,0,0.0
C2,2136,0.14621251192855006,60.699999999999996,42.1,1,4.8,16.40625,48.0,12.0,21.0,1.0,70,1.0,1,0.0
C2,2137,0.0165641676340791,114.5,75.1,1,9.2,16.40625,60.0,23.0,21.0,1.0,70,2.0,0,0.0
C2,2138,-0.12963524866975468,176.3,105.6,1,14.4,16.40625,100.0,36.0,21.0,1.0,70,2.0,2,0.0
C2,2139,-0.063115020676979,150.0,93.89999999999999,1,13.6,16.40625,82.0,34.0,21.0,1.0,70,2.0,2,0.0
C2,2140,0.03535259789001141,103.6,60.8,1,5.6,16.40625,59.0,14.0,21.0,1.0,70,1.0,2,0.0
C2,2141,0.008921169882205052,177.7,96.0,2,89.2,16.40625,400.0,223.0,21.0,1.0,70,3.0,2,0.0
C2,2142,0.07612670483379834,114.2,64.3,2,25.4,16.015625,603.0,127.0,41.0,1.0,70,1.0,2,0.0
C2,2143,0.6918189376318811,18.3,17.8,2,1.0,16.015625,12.0,5.0,41.0,1.0,70,1.0,0,0.0
C2,2144,0.008607787147101448,112.8,64.4,2,4.6,16.015625,113.0,23.0,41.0,1.0,70,1.0,1,0.0
C2,2145,0.4344079336985093,49.7,32.4,2,2.4,16.015625,46.0,12.0,41.0,1.0,70,1.0,0,0.0
C2,2146,0.6987104359868719,18.1,17.7,2,4.0,16.015625,19.0,20.0,41.0,1.0,70,3.0,2,0.0
C2,2147,0.5847354100751055,33.099999999999994,25.4,1,7.6,16.40625,27.0,19.0,21.0,1.0,70,3.0,2,0.0
C2,2148,0.5914799979260057,32.800000000000004,26.200000000000003,1,6.0,17.1875,26.0,15.0,22.0,1.0,70,2.0,2,0.0
C2,2149,0.5826228264282816,32.7,25.8,1,2.0,16.40625,24.0,5.0,21.0,1.0,70,1.0,2,0.0
C2,2150,0.491179801223683,44.6,34.8,1,7.2,16.40625,36.0,18.0,21.0,1.0,70,2.0,2,0.0
C2,2151,0.49205699420613913,44.5,35.5,1,7.2,17.1875,34.0,18.0,22.0,1.0,70,2.0,0,0.0
C2,2152,0.695856543421489,17.9,17.6,1,2.8,16.40625,11.0,7.0,21.0,1.0,70,2.0,2,0.0
C2,2153,0.6666701724931865,19.2,17.8,1,4.4,16.40625,12.0,11.0,21.0,1.0,90,3.0,0,0.0
C2,2154,0.6659183675801024,18.1,17.7,1,3.6,16.40625,13.0,9.0,21.0,1.0,90,2.0,0,0.0
C2,2155,0.6670591094997571,18.1,17.7,1,4.8,16.40625,13.0,12.0,21.0,1.0,90,3.0,1,0.0
C2,2156,-0.16206833492537298,170.0,102.4,1,14.8,16.40625,99.0,37.0,21.0,1.0,90,2.0,0,0.0
C2,2157,-0.005339703458277945,107.0,62.9,1,8.4,16.40625,51.0,21.0,21.0,1.0,90,2.0,2,0.0
C2,2158,0.04245948291321312,89.39999999999999,49.099999999999994,1,9.6,16.40625,47.0,24.0,21.0,1.0,90,2.0,0,0.0
C2,2159,0.5485337205292576,33.300000000000004,26.9,1,2.8,16.40625,21.0,7.0,21.0,1.0,90,1.0,0,0.0
C2,2160,0.5546718471373668,33.099999999999994,28.1,1,7.2,16.40625,23.0,18.0,21.0,1.0,90,3.0,2,0.0
C2,2161,-0.23775328615506597,210.7,118.3,1,28.8,16.40625,129.0,72.0,21.0,1.0,90,3.0,0,0.0
C2,2162,-0.07333026482533947,134.0,83.5,1,10.8,16.40625,71.0,27.0,21.0,1.0,90,2.0,2,0.0
C2,2163,0.06146120853266254,83.2,50.0,1,11.6,16.40625,41.0,29.0,21.0,1.0,90,3.0,0,0.0
C2,2164,-0.029382622349944765,116.7,74.6,1,9.6,16.40625,64.0,24.0,21.0,1.0,90,2.0,0,0.0
C2,2165,0.5515959357699731,33.4,26.8,1,6.8,16.40625,22.0,17.0,21.0,1.0,90,3.0,0,0.0
C2,2166,0.5448861608533566,33.6,26.700000000000003,1,1.6,16.40625,26.0,4.0,21.0,1.0,90,1.0,2,0.0
C2,2167,0.438519945664529,46.5,34.6,1,8.4,16.40625,39.0,21.0,21.0,1.0,90,2.0,2,0.0
C2,2168,-0.24660313232139225,198.5,112.0,1,8.0,16.40625,132.0,20.0,21.0,1.0,90,1.0,2,0.0
C2,2169,-0.24002730684678802,210.7,118.1,1,28.0,16.40625,117.0,70.0,21.0,1.0,90,3.0,1,0.0
C2,2170,-0.061126192163212495,130.0,75.6,1,12.0,16.40625,70.0,30.0,21.0,1.0,90,2.0,2,0.0
C2,2171,0.006406851334265745,103.1,60.1,1,9.6,16.40625,55.0,24.0,21.0,1.0,90,2.0,0,0.0
C2,2172,0.40070356569969146,50.0,17.8,1,1.2,16.40625,7.0,3.0,21.0,1.0,90,1.0,0,0.0
C2,2173,0.6659183675801024,17.9,17.7,1,3.6,16.40625,15.0,9.0,21.0,1.0,90,2.0,0,0.0
C2,2174,-0.2124575710614245,199.8,115.0,1,27.6,16.40625,124.0,69.0,21.0,1.0,90,3.0,1,0.0
C2,2175,0.5527808976954618,32.7,26.1,1,1.6,16.40625,22.0,4.0,21.0,1.0,90,1.0,0,0.0
C2,2176,0.6655552192464198,18.1,17.8,1,3.2,16.40625,13.0,8.0,21.0,1.0,90,2.0,0,0.0
C2,2177,-0.11804745110824708,149.29999999999998,98.0,1,7.2,16.40625,80.0,18.0,21.0,1.0,90,1.0,0,0.0
C2,2178,0.6648537330978317,18.1,17.6,1,2.4,16.40625,17.0,6.0,21.0,1.0,90,1.0,1,0.0
C2,2179,-0.23148362735439648,206.2,115.2,1,26.8,16.40625,107.0,67.0,21.0,1.0,90,3.0,2,0.0
C2,2180,-0.06896532407250536,133.20000000000002,82.19999999999999,1,12.4,16.40625,78.0,31.0,21.0,1.0,90,2.0,1,0.0
C2,2181,-0.20838429064450364,201.8,114.4,1,30.8,16.40625,124.0,77.0,21.0,1.0,90,3.0,0,0.0
C2,2182,-0.012056048556638888,111.8,61.6,1,12.8,16.40625,52.0,32.0,21.0,1.0,90,3.0,1,0.0
C2,2183,-0.22878212350721272,198.1,113.0,1,18.8,16.40625,116.0,47.0,21.0,1.0,90,2.0,0,0.0
C2,2184,-0.2677224749329696,212.60000000000002,117.7,1,18.4,16.40625,116.0,46.0,21.0,1.0,90,2.0,0,0.0
C2,2185,-0.2408042506360349,212.29999999999998,117.6,1,29.2,16.40625,112.0,73.0,21.0,1.0,90,3.0,1,0.0
C2,2186,-0.21988748566618677,188.9,115.9,1,9.2,16.40625,129.0,23.0,21.0,1.0,90,1.0,0,0.0
C2,2187,-0.2082766399200494,184.29999999999998,99.4,1,8.8,16.40625,99.0,22.0,21.0,1.0,90,1.0,0,0.0
C2,2188,0.05597907099468222,85.5,49.2,1,12.0,16.40625,47.0,30.0,21.0,1.0,90,3.0,2,0.0
C2,2189,-0.18220854309344103,185.5,105.1,1,24.8,16.40625,97.0,62.0,21.0,1.0,90,3.0,2,0.0
C2,2190,-0.18454441510721986,174.4,104.5,1,6.8,16.40625,105.0,17.0,21.0,1.0,90,1.0,0,0.0
C2,2191,-0.2122675181781502,204.7,117.3,1,32.0,16.40625,130.0,80.0,21.0,1.0,90,3.0,1,0.0
C2,2192,0.6648537330978317,18.3,17.7,1,2.4,16.40625,19.0,6.0,21.0,1.0,90,1.0,2,0.0
C2,2193,-0.07401809931774611,132.39999999999998,82.9,1,6.8,16.40625,76.0,17.0,21.0,1.0,90,1.0,1,0.0
C2,2194,-0.09259338674803969,139.8,87.9,1,7.6,16.40625,89.0,19.0,21.0,1.0,90,1.0,0,0.0
C2,2195,0.5564602488137504,32.7,26.9,1,5.6,16.40625,27.0,14.0,21.0,1.0,90,2.0,2,0.0
C2,2196,0.6670591094997571,18.2,17.8,1,4.8,16.40625,13.0,12.0,21.0,1.0,90,3.0,1,0.0
C2,2197,0.4239682089619265,47.9,35.6,1,6.4,16.40625,32.0,16.0,21.0,1.0,90,2.0,1,0.0
C2,2198,0.6648537330978317,19.7,18.0,1,2.4,16.40625,6.0,6.0,21.0,1.0,90,3.0,1,0.0
C2,2199,0.6641844064673916,19.3,18.1,1,1.6,16.40625,7.0,4.0,21.0,1.0,90,2.0,2,0.0
C2,2200,0.6648537330978317,18.1,17.8,1,2.4,16.40625,6.0,6.0,21.0,1.0,90,3.0,1,0.0
C2,2201,-0.11286582280307433,206.6,117.5,1,37.6,16.40625,238.0,94.0,21.0,1.0,70,2.0,1,0.0
C2,2202,-0.019022462825792702,194.70000000000002,97.3,3,80.26667,15.885417,695.0,602.0,61.0,1.0,70,3.0,0,0.0
C2,2203,0.6869901712494741,20.6,18.1,3,1.2,15.885417,7.0,9.0,61.0,1.0,70,3.0,0,0.0
C2,2204,0.6925448856648679,18.2,17.8,3,1.3333334,15.885417,7.0,10.0,61.0,1.0,70,3.0,1,0.0
C2,2205,0.6913880684537377,18.3,17.7,3,0.8,15.885417,7.0,6.0,61.0,1.0,70,2.0,1,0.0
C2,2206,0.692253329144211,19.0,17.8,3,1.2,15.885417,8.0,9.0,61.0,1.0,70,3.0,2,0.0
C2,2207,0.6931327226609154,18.700000000000003,17.9,3,1.6,15.885417,11.0,12.0,61.0,1.0,70,3.0,2,0.0
C2,2208,0.6780921442248251,18.0,17.7,1,2.4,16.40625,8.0,6.0,21.0,1.0,70,2.0,0,0.0
C2,2209,0.5862168400312688,33.4,26.0,1,6.0,16.40625,21.0,15.0,21.0,1.0,70,3.0,0,0.0
C2,2210,0.5791140544984571,33.099999999999994,28.5,1,2.0,16.40625,22.0,5.0,21.0,1.0,70,1.0,0,0.0
C2,2211,0.6967932929551672,18.700000000000003,18.0,1,3.2,16.40625,11.0,8.0,21.0,1.0,70,2.0,0,0.0
C2,2212,0.6940263352002114,18.5,17.9,1,2.0,16.40625,8.0,5.0,21.0,1.0,70,2.0,0,0.0
C2,2213,0.6931327226609154,18.1,17.8,1,1.6,16.40625,6.0,4.0,21.0,1.0,70,2.0,1,0.0
C2,2214,0.6940263352002114,18.2,17.9,1,2.0,16.40625,5.0,5.0,21.0,1.0,70,3.0,1,0.0
C2,2215,0.6949342494879829,18.2,17.7,1,2.4,16.40625,10.0,6.0,21.0,1.0,70,2.0,0,0.0
C2,2216,0.7048152805918526,18.3,17.9,1,6.4,16.40625,18.0,16.0,21.0,1.0,70,3.0,2,0.0
C2,2217,0.6949342494879829,18.3,17.8,1,2.4,16.40625,13.0,6.0,21.0,1.0,70,1.0,0,0.0
C2,2218,0.6987104359868719,18.1,17.7,1,4.0,16.40625,16.0,10.0,21.0,1.0,70,2.0,0,0.0
C2,2219,0.6949342494879829,18.3,17.6,1,2.4,16.40625,8.0,6.0,21.0,1.0,70,2.0,0,0.0
C2,2220,0.7006861961390762,17.9,17.6,1,4.8,16.40625,14.0,12.0,21.0,1.0,70,3.0,2,0.0
C2,2221,0.5933937457847909,33.2,27.0,1,8.0,16.40625,22.0,20.0,21.0,1.0,70,3.0,1,0.0
C2,2222,0.6996909593573912,18.2,17.9,1,4.4,16.40625,13.0,11.0,21.0,1.0,70,3.0,2,0.0
C2,2223,0.6949342494879829,18.1,17.8,1,2.4,16.40625,10.0,6.0,21.0,1.0,70,1.0,0,0.0
C2,2224,0.4290954344073689,50.0,17.7,1,1.2,16.40625,9.0,3.0,21.0,1.0,70,1.0,1,0.0
C2,2225,0.6977445678438781,18.2,17.8,1,3.6,16.40625,13.0,9.0,21.0,1.0,70,2.0,1,0.0
C2,2226,0.692253329144211,18.0,17.7,1,1.2,16.40625,12.0,3.0,21.0,1.0,70,1.0,1,0.0
C2,2227,-0.02674120238867661,134.20000000000002,83.5,1,12.0,16.40625,74.0,30.0,21.0,1.0,70,2.0,2,0.0
C2,2228,0.04305461719170796,99.9,51.7,1,4.8,16.40625,48.0,12.0,21.0,1.0,70,1.0,2,0.0
C2,2229,-0.18608665894204568,201.5,114.4,1,17.2,16.40625,107.0,43.0,21.0,1.0,70,2.0,2,0.0
C2,2230,-0.17522028383487376,192.6,104.6,1,13.6,16.40625,94.0,34.0,21.0,1.0,70,2.0,2,0.0
C2,2231,0.02497243295926395,120.2,72.1,1,16.4,16.40625,62.0,41.0,21.0,1.0,70,3.0,0,0.0
C2,2232,-0.2059378638429748,209.60000000000002,120.39999999999999,1,17.6,16.40625,116.0,44.0,21.0,1.0,70,2.0,0,0.0
C2,2233,-0.012663304954883547,139.6,90.39999999999999,1,20.0,16.40625,80.0,50.0,21.0,1.0,70,3.0,2,0.0
C2,2234,-0.04992351084592411,136.4,91.6,1,6.0,16.40625,80.0,15.0,21.0,1.0,70,1.0,0,0.0
C2,2235,-0.08781824768802934,150.79999999999998,97.19999999999999,1,6.0,16.40625,81.0,15.0,21.0,1.0,70,1.0,0,0.0
C2,2236,-0.03227898105735699,129.3,83.1,1,5.6,16.40625,76.0,14.0,21.0,1.0,70,1.0,1,0.0
C2,2237,0.10585376129434301,84.3,46.199999999999996,1,12.4,16.40625,46.0,31.0,21.0,1.0,70,3.0,0,0.0
C2,2238,-0.15300528185577278,185.70000000000002,106.1,1,14.8,16.40625,94.0,37.0,21.0,1.0,70,2.0,2,0.0
C2,2239,0.4740803320492422,47.6,36.1,1,10.4,16.40625,35.0,26.0,21.0,1.0,70,3.0,2,0.0
C2,2240,0.6931327226609154,18.3,17.7,1,1.6,16.40625,6.0,4.0,21.0,1.0,70,2.0,2,0.0
C2,2241,-0.029115203734013412,129.3,82.9,1,6.8,16.40625,78.0,17.0,21.0,1.0,70,1.0,2,0.0
C2,2242,0.4880954450368604,43.9,36.2,1,3.6,16.40625,39.0,9.0,21.0,1.0,70,1.0,1,0.0
C2,2243,0.6940263352002114,18.0,17.6,1,2.0,16.40625,17.0,5.0,21.0,1.0,70,1.0,1,0.0
C2,2244,-0.16044936209393457,211.7,117.4,1,10.0,16.40625,132.0,25.0,21.0,1.0,50,1.0,2,0.0
C2,2245,-0.1553704510465998,205.1,116.8,1,7.2,16.40625,102.0,18.0,21.0,1.0,50,1.0,1,0.0
C2,2246,-0.055698542218158925,206.5,119.3,1,31.6,16.40625,138.0,79.0,21.0,1.0,50,3.0,0,0.0
C2,2247,-0.06315287438144779,193.1,108.10000000000001,1,20.8,16.40625,92.0,52.0,21.0,1.0,50,3.0,2,0.0
C2,2248,0.08438850686079771,135.7,82.3,1,20.0,16.40625,78.0,50.0,21.0,1.0,50,3.0,0,0.0
C2,2249,0.13546588984236924,109.5,64.5,1,16.0,16.40625,57.0,40.0,21.0,1.0,50,3.0,0,0.0
C2,2250,0.028286020824392258,134.0,83.4,1,6.4,16.40625,72.0,16.0,21.0,1.0,50,1.0,2,0.0
C2,2251,0.06328602082439226,120.7,73.5,1,6.4,16.40625,64.0,16.0,21.0,1.0,50,1.0,1,0.0
C2,2252,-0.055932283661818155,202.8,117.0,1,28.8,16.40625,126.0,72.0,21.0,1.0,50,3.0,2,0.0
C2,2253,0.06859903317658717,141.7,92.89999999999999,1,20.0,16.40625,86.0,50.0,21.0,1.0,50,3.0,0,0.0
C2,2254,0.5764612587028954,44.3,34.3,1,9.6,16.40625,33.0,24.0,21.0,1.0,50,3.0,1,0.0
C2,2255,0.10212248173084205,104.0,63.5,1,5.2,16.40625,56.0,13.0,21.0,1.0,50,1.0,2,0.0
C2,2256,-0.135931106037468,199.7,106.39999999999999,1,8.4,16.40625,92.0,21.0,21.0,1.0,50,1.0,2,0.0
C2,2257,0.11050414679939588,118.3,71.7,1,15.6,16.40625,63.0,39.0,21.0,1.0,50,3.0,2,0.0
C2,2258,0.6422845722142163,33.300000000000004,26.4,1,2.4,16.40625,22.0,6.0,21.0,1.0,50,1.0,1,0.0
C2,2259,0.11892520087775621,119.2,75.2,1,18.0,16.40625,66.0,45.0,21.0,1.0,50,3.0,1,0.0
C2,2260,-0.10367919017092136,208.5,118.9,1,20.8,16.40625,144.0,52.0,21.0,1.0,50,2.0,2,0.0
C2,2261,-0.018238245147891935,194.8,101.3,2,63.4,16.015625,351.0,317.0,41.0,1.0,50,3.0,0,0.0
C2,2262,0.17881261178438346,107.89999999999999,56.5,4,70.7,16.015625,698.0,707.0,82.0,1.0,50,3.0,1,0.0
C2,2263,0.6520421911985732,32.7,21.7,4,3.5,15.8203125,34.0,35.0,81.0,1.0,50,3.0,1,0.0
C2,2264,0.622514343437716,35.6,23.8,4,2.5,15.8203125,47.0,25.0,81.0,1.0,50,2.0,0,0.0
C2,2265,0.23158281782825144,50.4,32.9,4,2.4,15.8203125,71.0,24.0,81.0,1.0,50,1.0,1,0.0
C2,2266,0.2187446333959327,61.3,38.9,4,6.2,15.8203125,131.0,62.0,81.0,1.0,50,2.0,0,0.0
C2,2267,0.2282395953854248,50.6,34.4,4,1.7,15.8203125,80.0,17.0,81.0,1.0,50,1.0,1,0.0
C2,2268,-0.18441326134090946,166.5,82.60000000000001,1,6.2,16.015625,137.0,31.0,41.0,1.0,50,1.0,0,0.0
C2,2269,0.7622119447177791,18.2,17.9,1,3.2,16.40625,8.0,8.0,21.0,1.0,50,2.0,0,0.0
C2,2270,0.7557347567600108,18.2,17.8,1,1.6,16.40625,5.0,4.0,21.0,1.0,50,2.0,0,0.0
C2,2271,0.556357959036282,47.199999999999996,35.0,1,10.8,17.1875,39.0,27.0,22.0,1.0,50,3.0,1,0.0
C2,2272,0.4909858056206518,50.0,17.8,1,1.2,16.40625,4.0,3.0,21.0,1.0,50,2.0,2,0.0
C2,2273,0.7557347567600108,18.1,17.8,1,1.6,16.40625,11.0,4.0,21.0,1.0,50,1.0,1,0.0
C2,2274,0.7773749030311967,18.1,17.8,1,6.8,16.40625,19.0,17.0,21.0,1.0,50,3.0,0,0.0
C2,2275,0.758951238880883,19.3,17.7,1,2.4,16.40625,9.0,6.0,21.0,1.0,50,2.0,1,0.0
C2,2276,0.7557347567600108,18.3,17.9,1,1.6,16.40625,10.0,4.0,21.0,1.0,50,1.0,0,0.0
C2,2277,0.4909858056206518,50.0,17.7,1,1.2,16.40625,9.0,3.0,21.0,1.0,50,1.0,1,0.0
C2,2278,0.4909858056206518,50.0,17.7,1,1.2,16.40625,6.0,3.0,21.0,1.0,50,1.0,2,0.0
C2,2279,0.7557347567600108,18.1,17.7,1,1.6,16.40625,6.0,4.0,21.0,1.0,50,2.0,0,0.0
C2,2280,0.7573373474871592,18.2,17.7,1,2.0,16.40625,5.0,5.0,21.0,1.0,50,3.0,2,0.0
C2,2281,0.7573373474871592,18.599999999999998,17.8,1,2.0,16.40625,15.0,5.0,21.0,1.0,50,1.0,1,0.0
C2,2282,0.49257686202316864,50.0,17.7,1,1.6,16.40625,6.0,4.0,21.0,1.0,50,1.0,0,0.0
C2,2283,0.7573373474871592,18.0,17.7,1,2.0,16.40625,4.0,5.0,21.0,1.0,50,3.0,2,0.0
C2,2284,0.4894065094559651,50.0,17.8,1,0.8,16.40625,6.0,2.0,21.0,1.0,50,1.0,1,0.0
C2,2285,0.4909858056206518,50.0,18.0,1,1.2,16.40625,8.0,3.0,21.0,1.0,50,1.0,1,0.0
C2,2286,0.2011741571204267,71.6,48.2,1,8.4,16.40625,48.0,21.0,21.0,1.0,50,2.0,0,0.0
C2,2287,0.06421554667118387,144.7,91.0,1,20.8,16.40625,84.0,52.0,21.0,1.0,50,3.0,1,0.0
C2,2288,0.10976576469337637,122.0,82.19999999999999,1,17.6,16.40625,70.0,44.0,21.0,1.0,50,3.0,0,0.0
C2,2289,-0.0687999716637421,209.9,115.1,1,30.4,16.40625,128.0,76.0,21.0,1.0,50,3.0,2,0.0
C2,2290,0.7671814422697458,18.3,17.7,1,4.4,16.40625,13.0,11.0,21.0,1.0,50,3.0,1,0.0
C2,2291,-0.007625096968803258,148.29999999999998,94.10000000000001,1,6.8,16.40625,81.0,17.0,21.0,1.0,50,1.0,2,0.0
C2,2292,0.6439095206894259,33.300000000000004,26.8,1,2.8,16.40625,24.0,7.0,21.0,1.0,50,1.0,0,0.0
C2,2293,-0.1304047902479944,197.6,107.1,1,8.4,16.40625,92.0,21.0,21.0,1.0,50,1.0,0,0.0
C2,2294,0.10912534896606083,126.3,81.3,1,20.0,16.40625,77.0,50.0,21.0,1.0,50,3.0,2,0.0
C2,2295,0.5599070928625001,44.4,34.3,1,6.0,16.40625,30.0,15.0,21.0,1.0,50,2.0,0,0.0
C2,2296,-0.014935230000823224,176.1,100.9,1,21.6,17.1875,91.0,54.0,22.0,1.0,50,3.0,1,0.0
C2,2297,0.06407354656023723,141.4,90.39999999999999,1,18.8,16.40625,82.0,47.0,21.0,1.0,50,3.0,0,0.0
C2,2298,-0.024288594847246825,182.9,104.5,1,23.6,16.40625,93.0,59.0,21.0,1.0,50,3.0,1,0.0
C2,2299,0.06381738764715521,119.2,70.4,1,5.6,16.40625,66.0,14.0,21.0,1.0,50,1.0,1,0.0
C2,2300,-0.09914906739744411,204.1,117.4,1,19.2,16.40625,126.0,48.0,21.0,1.0,50,2.0,2,0.0
C2,2301,0.6414073792317603,33.4,25.5,1,2.4,16.40625,27.0,6.0,21.0,1.0,50,1.0,0,0.0
C2,2302,0.11077799965238763,98.8,55.9,1,4.0,16.40625,49.0,10.0,21.0,1.0,50,1.0,0,0.0
C2,2303,0.05901150959032497,131.70000000000002,82.5,1,12.0,16.40625,71.0,30.0,21.0,1.0,50,2.0,2,0.0
C2,2304,0.09975625234192365,116.9,70.7,1,12.4,16.40625,69.0,31.0,21.0,1.0,50,2.0,2,0.0
C2,2305,-0.09227852921183782,206.8,113.60000000000001,1,22.4,16.40625,131.0,56.0,21.0,1.0,50,2.0,0,0.0
C2,2306,-0.1307125199886714,200.4,114.4,1,10.0,16.40625,135.0,25.0,21.0,1.0,50,1.0,2,0.0
C2,2307,0.14222961637875525,103.5,59.7,1,14.0,16.40625,55.0,35.0,21.0,1.0,50,3.0,0,0.0
C2,2308,-0.03335628263240223,183.10000000000002,106.89999999999999,1,21.6,16.40625,90.0,54.0,21.0,1.0,50,3.0,0,0.0
C2,2309,0.024229936552449982,145.6,92.7,1,12.4,16.40625,85.0,31.0,21.0,1.0,50,2.0,1,0.0
C2,2310,0.4894065094559651,50.0,17.8,1,0.8,16.40625,7.0,2.0,21.0,1.0,50,1.0,2,0.0
C2,2311,0.6424250667854048,33.099999999999994,26.700000000000003,1,2.0,16.40625,22.0,5.0,21.0,1.0,50,1.0,0,0.0
C2,2312,0.7557347567600108,18.9,17.9,1,1.6,16.40625,6.0,4.0,21.0,1.0,50,2.0,1,0.0
C2,2313,0.758951238880883,19.5,18.1,1,2.4,16.40625,5.0,6.0,21.0,1.0,50,3.0,1,0.0
C2,2314,0.7573373474871592,18.2,17.8,1,2.0,16.40625,6.0,5.0,21.0,1.0,50,3.0,1,0.0
C2,2315,0.4909858056206518,50.0,17.8,1,1.2,16.40625,9.0,3.0,21.0,1.0,50,1.0,0,0.0
C2,2316,0.7622119447177791,18.1,17.7,1,3.2,16.40625,8.0,8.0,21.0,1.0,50,3.0,1,0.0
C2,2317,0.7557347567600108,18.2,17.9,1,1.6,16.40625,7.0,4.0,21.0,1.0,50,2.0,2,0.0
C2,2318,0.7541437003574938,18.5,17.9,1,1.2,16.40625,6.0,3.0,21.0,1.0,50,2.0,2,0.0
C2,2319,0.4894065094559651,50.0,17.9,1,0.8,16.40625,4.0,2.0,21.0,1.0,50,1.0,0,0.0
C2,2320,0.7573373474871592,18.9,17.8,1,2.0,16.40625,6.0,5.0,21.0,1.0,50,3.0,1,0.0
C2,2321,0.09659235814469963,114.7,74.5,1,10.4,16.40625,64.0,26.0,21.0,1.0,50,2.0,2,0.0
C2,2322,0.768857770442213,18.1,17.7,1,4.8,16.40625,19.0,12.0,21.0,1.0,50,2.0,0,0.0
C2,2323,0.4909858056206518,50.0,17.6,1,1.2,16.40625,8.0,3.0,21.0,1.0,50,1.0,1,0.0
C2,2324,0.7573373474871592,19.2,17.9,1,2.0,16.40625,8.0,5.0,21.0,1.0,50,2.0,0,0.0
C2,2325,0.7573373474871592,18.2,17.8,1,2.0,16.40625,5.0,5.0,21.0,1.0,50,3.0,0,0.0
C2,2326,0.7655148417576507,18.1,17.7,1,4.0,16.40625,12.0,10.0,21.0,1.0,50,3.0,2,0.0
C2,2327,0.770543534362421,18.1,17.8,1,5.2,16.40625,15.0,13.0,21.0,1.0,50,3.0,2,0.0
C2,2328,0.5413839349183125,47.1,35.9,1,7.2,16.40625,35.0,18.0,21.0,1.0,50,2.0,1,0.0
C2,2329,0.7605761873560926,18.5,17.9,1,2.8,16.40625,12.0,7.0,21.0,1.0,50,2.0,0,0.0
C2,2330,0.7548575637775545,20.1,17.9,1,1.6,16.40625,4.0,4.0,21.0,1.0,50,3.0,2,0.0
C2,2331,0.54310847316667,47.300000000000004,34.5,1,8.0,16.40625,36.0,20.0,21.0,1.0,50,2.0,2,0.0
C2,2332,0.7557347567600108,18.4,17.6,1,1.6,16.40625,6.0,4.0,21.0,1.0,50,2.0,2,0.0
C2,2333,0.7573373474871592,18.4,17.5,1,2.0,16.40625,6.0,5.0,21.0,1.0,50,2.0,0,0.0
C2,2334,0.4878391920465357,50.0,17.6,1,0.4,16.40625,3.0,1.0,21.0,1.0,50,1.0,0,0.0
C2,2335,0.758951238880883,18.1,17.6,1,2.4,16.40625,7.0,6.0,21.0,1.0,50,3.0,0,0.0
C2,2336,0.7622119447177791,18.5,17.9,1,3.2,16.40625,12.0,8.0,21.0,1.0,50,2.0,1,0.0
C2,2337,0.4894065094559651,50.0,17.8,1,0.8,16.40625,4.0,2.0,21.0,1.0,50,1.0,1,0.0
C2,2338,0.7504715988652739,20.6,18.0,1,1.6,16.40625,4.0,4.0,21.0,1.0,50,3.0,2,0.0
C2,2339,0.49257686202316864,50.0,17.7,1,1.6,16.40625,8.0,4.0,21.0,1.0,50,1.0,1,0.0
C2,2340,0.4878391920465357,50.0,17.5,1,0.4,16.40625,4.0,1.0,21.0,1.0,50,1.0,0,0.0
C2,2341,0.5528821185337205,47.800000000000004,34.2,1,11.2,16.40625,38.0,28.0,21.0,1.0,50,3.0,0,0.0
C2,2342,0.758951238880883,18.4,17.7,1,2.4,16.40625,9.0,6.0,21.0,1.0,50,2.0,2,0.0
C2,2343,0.4894065094559651,50.0,18.0,1,0.8,16.40625,5.0,2.0,21.0,1.0,50,1.0,2,0.0
C2,2344,0.4909858056206518,50.0,17.9,1,1.2,16.40625,7.0,3.0,21.0,1.0,50,1.0,0,0.0
C2,2345,0.4909858056206518,50.0,17.7,1,1.2,16.40625,5.0,3.0,21.0,1.0,50,1.0,2,0.0
C2,2346,0.7655148417576507,18.2,17.8,1,4.0,16.40625,11.0,10.0,21.0,1.0,50,3.0,2,0.0
C2,2347,0.758951238880883,18.3,17.7,1,2.4,16.40625,7.0,6.0,21.0,1.0,50,2.0,0,0.0
C2,2348,0.4894065094559651,50.0,17.7,1,0.8,16.40625,4.0,2.0,21.0,1.0,50,1.0,1,0.0
C2,2349,0.7605761873560926,17.9,17.6,1,2.8,16.40625,8.0,7.0,21.0,1.0,50,3.0,0,0.0
C2,2350,0.7671814422697458,18.2,17.8,1,4.4,16.40625,17.0,11.0,21.0,1.0,50,2.0,1,0.0
C2,2351,-0.05864353287865892,202.1,115.9,1,27.6,16.40625,118.0,69.0,21.0,1.0,50,3.0,1,0.0
C2,2352,0.09018585661409692,130.8,80.69999999999999,1,18.4,16.40625,79.0,46.0,21.0,1.0,50,3.0,0,0.0
C2,2353,0.7482954856017066,21.4,17.9,1,2.8,16.40625,19.0,7.0,21.0,1.0,50,1.0,0,0.0
C2,2354,-0.14346486980852224,203.9,111.8,1,9.2,17.96875,107.0,23.0,23.0,1.0,50,1.0,1,0.0
C2,2355,-0.010156476334852449,143.5,86.5,1,3.2,16.40625,86.0,8.0,21.0,1.0,50,1.0,0,0.0
C2,2356,-0.08367772854775063,177.2,98.10000000000001,1,6.8,16.40625,83.0,17.0,21.0,1.0,50,1.0,0,0.0
C2,2357,-0.11224224291344698,208.4,113.3,1,18.8,16.40625,113.0,47.0,21.0,1.0,50,2.0,2,0.0
C2,2358,0.7671814422697458,18.2,17.9,1,4.4,16.40625,11.0,11.0,21.0,1.0,50,3.0,1,0.0
C2,2359,0.7529513825748784,20.5,17.9,1,2.0,16.40625,8.0,5.0,21.0,1.0,50,2.0,2,0.0
C2,2360,0.7622119447177791,18.0,17.7,1,3.2,16.40625,11.0,8.0,21.0,1.0,50,2.0,0,0.0
C2,2361,0.13140355096598152,108.3,63.4,1,14.4,16.40625,55.0,36.0,21.0,1.0,50,3.0,2,0.0
C2,2362,-0.1632034444724899,214.10000000000002,122.5,1,10.8,16.40625,125.0,27.0,21.0,1.0,50,1.0,0,0.0
C2,2363,0.06289975719749963,145.2,95.10000000000001,1,20.8,16.40625,87.0,52.0,21.0,1.0,50,3.0,2,0.0
C2,2364,0.4894065094559651,50.0,17.6,1,0.8,16.40625,4.0,2.0,21.0,1.0,50,2.0,1,0.0
C2,2365,0.7573373474871592,18.2,17.8,1,2.0,16.40625,5.0,5.0,21.0,1.0,50,3.0,1,0.0
C2,2366,0.7557347567600108,18.3,17.8,1,1.6,16.40625,10.0,4.0,21.0,1.0,50,1.0,0,0.0
C2,2367,0.4894065094559651,50.0,17.7,1,0.8,16.40625,8.0,2.0,21.0,1.0,50,1.0,0,0.0
C2,2368,0.4894065094559651,50.0,17.7,1,0.8,16.40625,4.0,2.0,21.0,1.0,50,1.0,2,0.0
C2,2369,0.4909858056206518,50.0,18.1,1,1.2,16.40625,7.0,3.0,21.0,1.0,50,1.0,2,0.0
C2,2370,0.4894065094559651,50.0,17.8,1,0.8,16.40625,3.0,2.0,21.0,1.0,50,2.0,0,0.0
C2,2371,0.7722384402787341,18.0,17.7,1,5.6,16.40625,15.0,14.0,21.0,1.0,50,3.0,2,0.0
C2,2372,0.758951238880883,18.1,17.8,1,2.4,16.40625,7.0,6.0,21.0,1.0,50,3.0,2,0.0
C2,2373,0.7557347567600108,18.4,17.8,1,1.6,16.40625,4.0,4.0,21.0,1.0,50,3.0,2,0.0
C2,2374,0.7573373474871592,17.9,17.5,1,2.0,16.40625,5.0,5.0,21.0,1.0,50,3.0,0,0.0
C2,2375,0.7459338387152292,21.3,17.8,1,2.0,16.40625,7.0,5.0,21.0,1.0,50,2.0,1,0.0
C2,2376,0.7622119447177791,18.0,17.8,1,3.2,16.40625,9.0,8.0,21.0,1.0,50,3.0,2,0.0
C2,2377,0.4894065094559651,50.0,17.6,1,0.8,16.40625,8.0,2.0,21.0,1.0,50,1.0,0,0.0
C2,2378,0.7605761873560926,18.3,17.9,1,2.8,16.40625,8.0,7.0,21.0,1.0,50,3.0,0,0.0
C2,2379,0.7573373474871592,18.0,17.7,1,2.0,16.40625,5.0,5.0,21.0,1.0,50,3.0,1,0.0
C2,2380,0.7573373474871592,18.2,17.8,1,2.0,16.40625,5.0,5.0,21.0,1.0,50,3.0,1,0.0
C2,2381,-0.08150273091754992,204.0,118.6,1,23.2,16.40625,293.0,58.0,21.0,1.0,50,1.0,0,0.0
C2,2382,0.02684210526315793,184.6,91.2,2,53.0,16.015625,634.0,265.0,41.0,1.0,50,2.0,1,0.0
C2,2383,0.4894065094559651,50.0,18.0,2,0.8,16.015625,8.0,4.0,41.0,1.0,50,1.0,0,0.0
C2,2384,0.7565346245405911,18.0,17.8,2,1.8,16.015625,8.0,9.0,41.0,1.0,50,3.0,0,0.0
C2,2385,0.7533525682758075,18.1,17.7,2,1.0,16.015625,6.0,5.0,41.0,1.0,50,2.0,2,0.0
C2,2386,0.7557347567600108,18.2,17.7,2,1.6,16.015625,12.0,8.0,41.0,1.0,50,2.0,1,0.0
C2,2387,0.4894065094559651,50.0,17.7,2,0.8,16.015625,9.0,4.0,41.0,1.0,50,1.0,1,0.0
C2,2388,0.7473137041284317,19.900000000000002,18.0,1,1.6,16.40625,7.0,4.0,21.0,1.0,50,2.0,2,0.0
C2,2389,0.7622119447177791,18.2,17.9,1,3.2,16.40625,12.0,8.0,21.0,1.0,50,2.0,1,0.0
C2,2390,0.4894065094559651,50.0,17.7,1,0.8,16.40625,5.0,2.0,21.0,1.0,50,1.0,1,0.0
C2,2391,0.7739421805817983,18.1,17.7,1,6.0,16.40625,17.0,15.0,21.0,1.0,50,3.0,0,0.0
C2,2392,0.4909858056206518,50.0,17.6,1,1.2,16.40625,5.0,3.0,21.0,1.0,50,1.0,1,0.0
C2,2393,0.7557347567600108,18.0,17.8,1,1.6,16.40625,5.0,4.0,21.0,1.0,50,2.0,0,0.0
C2,2394,0.7573373474871592,18.2,17.8,1,2.0,16.40625,5.0,5.0,21.0,1.0,50,3.0,0,0.0
C2,2395,0.4894065094559651,50.0,17.7,1,0.8,16.40625,5.0,2.0,21.0,1.0,50,1.0,2,0.0
C2,2396,0.7573373474871592,18.1,17.7,1,2.0,17.1875,12.0,5.0,22.0,1.0,50,1.0,1,0.0
C2,2397,0.7557347567600108,18.5,18.0,1,1.6,16.40625,8.0,4.0,21.0,1.0,50,2.0,0,0.0
C2,2398,0.4894065094559651,50.0,17.8,1,0.8,16.40625,4.0,2.0,21.0,1.0,50,1.0,1,0.0
C2,2399,0.7573373474871592,18.3,17.8,1,2.0,16.40625,6.0,5.0,21.0,1.0,50,3.0,0,0.0
C2,2400,0.4894065094559651,50.0,17.8,1,0.8,16.40625,4.0,2.0,21.0,1.0,50,1.0,0,0.0
C2,2401,0.7531031778126425,20.299999999999997,17.9,1,1.6,16.40625,14.0,4.0,21.0,1.0,50,1.0,0,0.0
C2,2402,0.4909858056206518,50.0,17.6,1,1.2,16.40625,7.0,3.0,21.0,1.0,50,1.0,0,0.0
C2,2403,0.7541437003574938,20.0,17.8,1,1.2,16.40625,6.0,3.0,21.0,1.0,50,2.0,0,0.0
C2,2404,0.7573373474871592,18.1,17.7,1,2.0,16.40625,6.0,5.0,21.0,1.0,50,3.0,0,0.0
C2,2405,0.7622119447177791,19.8,17.8,1,3.2,16.40625,8.0,8.0,21.0,1.0,50,3.0,2,0.0
C2,2406,0.7573373474871592,18.8,17.7,1,2.0,16.40625,8.0,5.0,21.0,1.0,50,2.0,0,0.0
C2,2407,0.7605761873560926,18.2,17.7,1,2.8,16.40625,8.0,7.0,21.0,1.0,50,3.0,0,0.0
C2,2408,0.7573373474871592,18.4,17.5,1,2.0,16.40625,7.0,5.0,21.0,1.0,50,2.0,1,0.0
C2,2409,0.7622119447177791,18.1,17.7,1,3.2,16.40625,8.0,8.0,21.0,1.0,50,3.0,0,0.0
C2,2410,0.7468110316976855,21.2,17.9,1,2.0,16.40625,5.0,5.0,21.0,1.0,50,3.0,0,0.0
C2,2411,0.763858250896098,17.9,17.8,1,3.6,16.40625,16.0,9.0,21.0,1.0,50,2.0,1,0.0
C2,2412,0.7557347567600108,19.2,17.8,1,1.6,16.40625,5.0,4.0,21.0,1.0,50,2.0,1,0.0
C2,2413,0.7557347567600108,18.4,17.9,1,1.6,16.40625,7.0,4.0,21.0,1.0,50,2.0,0,0.0
C2,2414,0.4894065094559651,50.0,17.7,1,0.8,16.40625,6.0,2.0,21.0,1.0,50,1.0,1,0.0
C2,2415,0.4909858056206518,50.0,17.6,1,1.2,16.40625,6.0,3.0,21.0,1.0,50,1.0,1,0.0
C2,2416,0.763858250896098,18.700000000000003,17.9,1,3.6,17.1875,13.0,9.0,22.0,1.0,50,2.0,1,0.0
C2,2417,0.4894065094559651,50.0,17.6,1,0.8,16.40625,7.0,2.0,21.0,1.0,50,1.0,0,0.0
C2,2418,0.7573373474871592,18.3,17.6,1,2.0,16.40625,5.0,5.0,21.0,1.0,50,3.0,1,0.0
C2,2419,0.7541437003574938,18.2,17.8,1,1.2,16.40625,5.0,3.0,21.0,1.0,50,2.0,2,0.0
C2,2420,0.7557347567600108,18.3,17.6,1,1.6,16.40625,6.0,4.0,21.0,1.0,50,2.0,0,0.0
C2,2421,0.758951238880883,18.4,17.7,1,2.4,16.40625,18.0,6.0,21.0,1.0,50,1.0,2,0.0
C2,2422,0.6668485872417229,32.599999999999994,26.0,1,6.8,16.40625,24.0,17.0,21.0,1.0,50,3.0,2,0.0
C2,2423,0.4909858056206518,50.0,17.7,1,1.2,16.40625,7.0,3.0,21.0,1.0,50,1.0,0,0.0
C2,2424,0.758951238880883,18.700000000000003,17.8,1,2.4,16.40625,9.0,6.0,21.0,1.0,50,2.0,1,0.0
C2,2425,0.8517640347262772,18.2,17.8,1,3.6,16.40625,10.0,9.0,21.0,1.0,30,3.0,1,0.0
C2,2426,0.8449503405842114,18.3,17.8,1,2.0,16.40625,16.0,5.0,21.0,1.0,30,1.0,2,0.0
C2,2427,0.8517640347262772,18.1,17.8,1,3.6,16.40625,9.0,9.0,21.0,1.0,30,3.0,1,0.0
C2,2428,0.841486331264437,18.2,17.9,1,1.2,16.40625,10.0,3.0,21.0,1.0,30,1.0,1,0.0
C2,2429,0.8466688412521486,18.3,17.9,1,2.4,16.40625,10.0,6.0,21.0,1.0,30,2.0,2,0.0
C2,2430,0.8449503405842114,18.2,17.8,1,2.0,16.40625,6.0,5.0,21.0,1.0,30,2.0,1,0.0
C2,2431,0.6111437001911189,48.0,37.199999999999996,1,4.8,16.40625,38.0,12.0,21.0,1.0,30,1.0,2,0.0
C2,2432,0.841486331264437,18.3,17.6,1,1.2,16.40625,11.0,3.0,21.0,1.0,30,1.0,2,0.0
C2,2433,0.5765839711106497,50.0,17.8,1,0.8,16.40625,9.0,2.0,21.0,1.0,30,1.0,2,0.0
C2,2434,0.8534405798950884,18.3,17.7,1,4.0,16.40625,11.0,10.0,21.0,1.0,30,3.0,1,0.0
C2,2435,0.5765839711106497,50.0,17.8,1,0.8,16.40625,9.0,2.0,21.0,1.0,30,1.0,2,0.0
C2,2436,0.8534405798950884,18.2,17.9,1,4.0,16.40625,15.0,10.0,21.0,1.0,30,2.0,2,0.0
C2,2437,0.8534405798950884,18.2,17.8,1,4.0,16.40625,11.0,10.0,21.0,1.0,30,3.0,1,0.0
C2,2438,0.8517640347262772,18.1,17.7,1,3.6,16.40625,11.0,9.0,21.0,1.0,30,3.0,0,0.0
C2,2439,0.5765839711106497,50.0,17.8,1,0.8,16.40625,7.0,2.0,21.0,1.0,30,1.0,0,0.0
C2,2440,0.5765839711106497,50.0,17.7,1,0.8,16.40625,9.0,2.0,21.0,1.0,30,1.0,1,0.0
C2,2441,0.20795882903294344,108.3,61.3,1,13.2,16.40625,52.0,33.0,21.0,1.0,30,3.0,1,0.0
C2,2442,0.8483776397808107,18.4,18.4,1,2.8,16.40625,9.0,7.0,21.0,1.0,30,3.0,1,0.0
C2,2443,0.843222663187408,18.0,17.7,1,1.6,16.40625,11.0,4.0,21.0,1.0,30,1.0,2,0.0
C2,2444,0.8567577352788383,18.1,17.6,1,4.8,16.40625,13.0,12.0,21.0,1.0,30,3.0,2,0.0
C2,2445,0.8567577352788383,17.9,17.6,1,4.8,16.40625,13.0,12.0,21.0,1.0,30,3.0,1,0.0
C2,2446,0.7291249816030256,33.4,27.400000000000002,1,2.4,16.40625,24.0,6.0,21.0,1.0,30,1.0,0,0.0
C2,2447,0.0905497885818056,142.4,91.5,1,5.6,16.40625,87.0,14.0,21.0,1.0,30,1.0,2,0.0
C2,2448,0.3024737430528432,60.0,42.3,1,4.4,16.40625,48.0,11.0,21.0,1.0,30,1.0,2,0.0
C2,2449,0.5994589044761844,32.9,26.700000000000003,1,9.2,16.40625,28.0,23.0,21.0,1.0,70,3.0,1,0.0
C2,2450,-0.13051290501319518,201.0,113.4,1,30.4,16.40625,130.0,76.0,21.0,1.0,70,3.0,1,0.0
C2,2451,-0.00886892993446306,121.2,75.39999999999999,1,6.4,16.40625,62.0,16.0,21.0,1.0,70,1.0,1,0.0
C2,2452,0.04419574658144755,104.0,59.5,1,9.2,16.40625,53.0,23.0,21.0,1.0,70,2.0,0,0.0
C2,2453,-0.11910384182143338,184.9,106.0,1,23.2,16.40625,90.0,58.0,21.0,1.0,70,3.0,1,0.0
C2,2454,-0.1299215615134104,167.2,96.19999999999999,1,6.4,16.40625,92.0,16.0,21.0,1.0,70,1.0,2,0.0
C2,2455,0.6996909593573912,17.9,17.6,1,4.4,16.40625,12.0,11.0,21.0,1.0,70,3.0,1,0.0
C2,2456,0.026310601634429942,134.1,79.5,1,6.0,16.40625,73.0,15.0,21.0,1.0,50,1.0,1,0.0
C2,2457,-0.1433852534058317,203.2,121.5,1,8.8,16.40625,104.0,22.0,21.0,1.0,50,1.0,2,0.0
C2,2458,-0.08344480891960218,207.9,116.8,1,25.2,16.40625,103.0,63.0,21.0,1.0,50,3.0,0,0.0
C2,2459,0.770543534362421,18.0,17.6,1,5.2,16.40625,16.0,13.0,21.0,1.0,50,3.0,1,0.0
C2,2460,0.16364039334937241,87.2,46.5,1,9.2,16.40625,45.0,23.0,21.0,1.0,50,2.0,2,0.0
C2,2461,0.09027656867101541,117.1,70.1,1,10.4,16.40625,61.0,26.0,21.0,1.0,50,2.0,1,0.0
C2,2462,-0.11720554168369696,206.2,113.69999999999999,1,16.4,16.40625,105.0,41.0,21.0,1.0,50,2.0,2,0.0
C2,2463,0.04403512991334996,141.5,91.89999999999999,1,14.4,16.40625,89.0,36.0,21.0,1.0,50,2.0,1,0.0
C2,2464,-0.1248718739124498,192.20000000000002,109.0,1,6.4,16.40625,111.0,16.0,21.0,1.0,50,1.0,1,0.0
C2,2465,0.10438408623168682,102.5,59.4,1,4.8,16.40625,55.0,12.0,21.0,1.0,50,1.0,2,0.0
C2,2466,-0.16921571415504372,208.4,117.8,1,6.0,16.40625,105.0,15.0,21.0,1.0,50,1.0,2,0.0
C2,2467,-0.12374463647342016,208.0,115.2,1,16.0,16.40625,106.0,40.0,21.0,1.0,50,2.0,2,0.0
C2,2468,0.10712248173084206,102.1,55.199999999999996,1,5.2,16.40625,55.0,13.0,21.0,1.0,50,1.0,1,0.0
C2,2469,0.7573373474871592,18.1,17.7,1,2.0,16.40625,12.0,5.0,21.0,1.0,50,1.0,1,0.0
C2,2470,0.20116443721571348,77.0,47.199999999999996,1,11.6,16.40625,45.0,29.0,21.0,1.0,50,3.0,0,0.0
C2,2471,-0.024672072106086324,179.79999999999998,103.5,1,21.6,16.40625,94.0,54.0,21.0,1.0,50,3.0,0,0.0
C2,2472,0.14968742053509113,90.5,49.2,1,8.0,16.40625,47.0,20.0,21.0,1.0,50,2.0,1,0.0
C2,2473,-0.09470791951714996,199.7,115.9,1,17.6,16.40625,117.0,44.0,21.0,1.0,50,2.0,2,0.0
C2,2474,-0.09583913309999892,207.5,114.2,1,22.0,16.40625,102.0,55.0,21.0,1.0,50,3.0,0,0.0
C2,2475,0.763858250896098,18.3,17.9,1,3.6,16.40625,14.0,9.0,21.0,1.0,50,2.0,0,0.0
C2,2476,0.7655148417576507,18.2,17.8,1,4.0,16.40625,16.0,10.0,21.0,1.0,50,2.0,1,0.0
C2,2477,0.6694197711555143,33.099999999999994,25.7,1,8.4,16.40625,26.0,21.0,21.0,1.0,50,3.0,1,0.0
C2,2478,-0.03592827835808679,171.2,99.7,1,14.0,17.1875,92.0,35.0,22.0,1.0,50,2.0,1,0.0
C2,2479,0.5244926464721651,47.1,34.5,1,3.2,16.40625,37.0,8.0,21.0,1.0,50,1.0,1,0.0
C2,2480,0.758951238880883,18.1,17.6,1,2.4,16.40625,10.0,6.0,21.0,1.0,50,2.0,2,0.0
C2,2481,-0.19133480034680994,194.39999999999998,113.3,1,10.0,16.40625,115.0,25.0,21.0,1.0,70,1.0,0,0.0
C2,2482,-0.07536342783128772,190.29999999999998,110.0,1,36.4,16.40625,143.0,91.0,21.0,1.0,70,3.0,2,0.0
C2,2483,-0.1258524310409364,204.0,113.8,1,33.2,16.40625,143.0,83.0,21.0,1.0,70,3.0,1,0.0
C2,2484,-0.21486703637181032,203.8,113.3,1,10.4,16.40625,137.0,26.0,21.0,1.0,70,1.0,1,0.0
C2,2485,-0.18108370514441985,206.6,117.1,1,22.0,17.1875,132.0,55.0,22.0,1.0,70,2.0,0,0.0
C2,2486,-0.17446981568124392,204.7,117.8,1,22.4,16.40625,146.0,56.0,21.0,1.0,70,2.0,0,0.0
C2,2487,-0.1639434998917702,200.7,117.8,1,22.4,16.40625,149.0,56.0,21.0,1.0,70,2.0,0,0.0
C2,2488,-0.1787397568340809,203.3,114.5,1,20.4,16.40625,146.0,51.0,21.0,1.0,70,2.0,1,0.0
C2,2489,-0.09848147857868333,198.4,112.8,1,36.0,16.40625,147.0,90.0,21.0,1.0,70,3.0,1,0.0
C2,2490,-0.11229195436794029,205.7,117.3,1,37.2,16.40625,142.0,93.0,21.0,1.0,70,3.0,1,0.0
C2,2491,-0.16057012875731885,210.4,119.1,1,29.2,16.40625,167.0,73.0,21.0,1.0,70,2.0,0,0.0
C2,2492,-0.13991222989729946,211.4,118.5,1,34.4,16.40625,150.0,86.0,21.0,1.0,70,3.0,1,0.0
C2,2493,-0.1696835600716976,198.1,111.10000000000001,1,19.2,16.40625,140.0,48.0,21.0,1.0,70,2.0,1,0.0
C2,2494,-0.2612507915423974,208.2,119.7,1,15.6,16.40625,129.0,39.0,21.0,1.0,90,2.0,2,0.0
C2,2495,-0.21148503228116472,210.60000000000002,121.30000000000001,1,36.8,17.1875,148.0,92.0,22.0,1.0,90,3.0,0,0.0
C2,2496,-0.23191330093295753,199.9,114.1,1,19.6,16.40625,145.0,49.0,21.0,1.0,90,2.0,0,0.0
C2,2497,-0.22958449135273934,210.79999999999998,119.0,1,31.6,16.40625,136.0,79.0,21.0,1.0,90,3.0,1,0.0
C2,2498,0.1311445231298997,139.0,77.5,2,17.6,16.015625,141.0,88.0,41.0,1.0,30,3.0,1,0.0
C2,2499,0.18385111908353913,121.6,67.6,2,17.0,16.015625,142.0,85.0,41.0,1.0,30,3.0,2,0.0
C2,2500,0.13734466087133612,124.0,65.19999999999999,1,30.0,40.0,100.0,1500.0,2000.0,1.0,50,1.0,0,0.0
C2,2501,0.5385849510416757,45.1,31.0,2,4.4,16.015625,41.0,22.0,41.0,1.0,50,2.0,1,0.0
C2,2502,0.10642759511045033,113.0,61.800000000000004,2,11.6,16.015625,134.0,58.0,41.0,1.0,50,2.0,1,0.0
C2,2503,0.13038682838552407,92.3,57.3,2,4.6,16.015625,100.0,23.0,41.0,1.0,50,1.0,1,0.0
C2,2504,0.09659835760508154,118.1,65.3,2,12.4,16.015625,103.0,62.0,41.0,1.0,50,3.0,1,0.0
C2,2505,0.13134083169862903,115.5,64.10000000000001,2,18.6,16.015625,151.0,93.0,41.0,1.0,50,3.0,2,0.0
C2,2506,-0.23700366972238618,213.9,114.1,1,14.4,16.40625,169.0,36.0,21.0,1.0,70,1.0,2,0.0
C2,2507,-0.07982599343366636,149.4,93.2,1,7.6,16.40625,85.0,19.0,21.0,1.0,70,1.0,1,0.0
C2,2508,-0.021652743165878063,140.7,90.1,1,18.4,16.40625,83.0,46.0,21.0,1.0,70,3.0,0,0.0
C2,2509,0.695856543421489,18.2,17.8,1,2.8,16.40625,12.0,7.0,21.0,1.0,70,2.0,2,0.0
C2,2510,-0.22514839015876426,216.9,125.9,1,17.6,16.40625,100.0,44.0,21.0,1.0,70,2.0,1,0.0
C2,2511,-0.15352834165366064,204.4,116.9,1,27.2,16.40625,116.0,68.0,21.0,1.0,70,3.0,1,0.0
C2,2512,0.06153013506043051,91.39999999999999,47.800000000000004,1,3.2,16.40625,41.0,8.0,21.0,1.0,70,1.0,0,0.0
C2,2513,0.052246716591615644,100.5,61.199999999999996,1,8.8,16.40625,55.0,22.0,21.0,1.0,70,2.0,2,0.0
C2,2514,0.08365690367952774,87.7,51.7,1,8.0,16.40625,42.0,20.0,21.0,1.0,70,2.0,0,0.0
C2,2515,0.6402369493768298,47.300000000000004,35.7,1,10.8,16.40625,37.0,27.0,21.0,1.0,30,3.0,1,0.0
C2,2516,-0.0573446026874751,203.9,115.0,1,9.2,16.40625,122.0,23.0,21.0,1.0,30,1.0,1,0.0
C2,2517,0.6581817131019985,44.6,34.2,1,9.2,16.40625,33.0,23.0,21.0,1.0,30,3.0,1,0.0
C2,2518,0.6577989672179454,43.6,33.2,1,6.8,16.40625,38.0,17.0,21.0,1.0,30,2.0,2,0.0
C2,2519,0.2184213399172716,104.80000000000001,62.199999999999996,1,13.6,16.40625,58.0,34.0,21.0,1.0,30,3.0,0,0.0
C2,2520,-0.04710857017586756,198.3,114.3,1,8.0,16.40625,106.0,20.0,21.0,1.0,30,1.0,1,0.0
C2,2521,0.18471063358735615,114.1,70.5,1,10.8,16.40625,64.0,27.0,21.0,1.0,30,2.0,0,0.0
C2,2522,0.20120908283163438,114.0,69.9,1,16.0,16.40625,69.0,40.0,21.0,1.0,30,3.0,1,0.0
C2,2523,0.028278246210011154,170.8,95.2,1,8.8,16.40625,87.0,22.0,21.0,1.0,30,1.0,1,0.0
C2,2524,0.2298544050920872,98.5,58.9,1,12.0,16.40625,54.0,30.0,21.0,1.0,30,3.0,0,0.0
C2,2525,0.13386010844235322,137.4,90.5,1,14.0,17.1875,85.0,35.0,22.0,1.0,30,2.0,0,0.0
C2,2526,0.06184210526315792,174.5,100.4,1,21.2,17.96875,91.0,53.0,23.0,1.0,30,3.0,1,0.0
C2,2527,-0.030353016347932804,205.3,113.8,1,19.6,17.1875,117.0,49.0,22.0,1.0,30,2.0,1,0.0
C2,2528,0.8500762134230411,18.0,17.6,1,3.2,16.40625,14.0,8.0,21.0,1.0,30,2.0,0,0.0
C2,2529,0.6631543775025561,44.2,34.1,1,9.6,16.40625,36.0,24.0,21.0,1.0,30,3.0,1,0.0
C2,2530,0.021372592793828055,169.3,96.69999999999999,1,6.0,16.40625,97.0,15.0,21.0,1.0,30,1.0,2,0.0
C2,2531,0.13569823715167906,131.1,81.3,1,9.6,16.40625,73.0,24.0,21.0,1.0,30,2.0,1,0.0
C2,2532,0.08291820963443716,145.3,90.89999999999999,1,5.6,16.40625,86.0,14.0,21.0,1.0,30,1.0,0,0.0
C2,2533,0.2000406758079025,103.8,61.1,1,7.6,16.40625,51.0,19.0,21.0,1.0,30,2.0,1,0.0
C2,2534,0.1491280391718019,134.20000000000002,86.1,1,16.4,16.40625,70.0,41.0,21.0,1.0,30,3.0,2,0.0
C2,2535,0.12979364542540708,128.1,78.60000000000001,1,6.0,16.40625,74.0,15.0,21.0,1.0,30,1.0,1,0.0
C2,2536,0.7419474272633695,32.9,25.8,1,4.4,16.40625,25.0,11.0,21.0,1.0,30,2.0,0,0.0
C2,2537,0.841486331264437,18.1,17.6,1,1.2,16.40625,11.0,3.0,21.0,1.0,30,1.0,2,0.0
C2,2538,0.7384386553335449,33.300000000000004,26.5,1,4.4,16.40625,22.0,11.0,21.0,1.0,30,2.0,0,0.0
C2,2539,0.2711572376926435,83.8,48.7,1,12.8,16.40625,49.0,32.0,21.0,1.0,30,3.0,2,0.0
C2,2540,0.7470857061754048,33.6,26.700000000000003,1,7.2,16.40625,21.0,18.0,21.0,1.0,30,3.0,1,0.0
C2,2541,0.6299007748265499,45.1,35.2,1,3.2,16.40625,30.0,8.0,21.0,1.0,30,1.0,1,0.0
C2,2542,0.0556173776500552,84.4,50.2,1,9.6,17.1875,46.0,24.0,22.0,1.0,90,2.0,2,0.0
C2,2543,0.5481586780842156,33.6,27.3,1,5.2,16.40625,24.0,13.0,21.0,1.0,90,2.0,2,0.0
C2,2544,0.5487256448223319,33.2,27.599999999999998,1,2.0,16.40625,22.0,5.0,21.0,1.0,90,1.0,0,0.0
C2,2545,-0.2416156017772959,202.1,112.60000000000001,1,17.6,17.1875,113.0,44.0,22.0,1.0,90,2.0,1,0.0
C2,2546,-0.2294014068929816,199.9,117.2,1,20.8,16.40625,248.0,52.0,21.0,1.0,90,1.0,1,0.0
C2,2547,-0.05046213741160632,207.9,118.5,1,74.4,17.1875,308.0,186.0,22.0,1.0,90,3.0,0,0.0
C2,2548,-0.06372086493519058,134.5,83.8,1,17.6,16.40625,72.0,44.0,21.0,1.0,90,3.0,2,0.0
C2,2549,-0.002540517086786903,106.5,62.300000000000004,1,9.6,16.40625,58.0,24.0,21.0,1.0,90,2.0,2,0.0
C2,2550,-0.0282283343172558,121.30000000000001,73.1,1,18.0,16.40625,69.0,45.0,21.0,1.0,90,3.0,1,0.0
C2,2551,0.4129236402990513,48.800000000000004,36.3,1,3.2,16.40625,36.0,8.0,21.0,1.0,90,1.0,0,0.0
C2,2552,-0.020961569718365852,113.5,63.0,1,9.6,16.40625,58.0,24.0,21.0,1.0,90,2.0,1,0.0
C2,2553,0.07466328152099803,78.39999999999999,47.300000000000004,1,12.0,16.40625,44.0,30.0,21.0,1.0,90,3.0,1,0.0
C2,2554,0.021443872981511805,99.3,59.9,1,13.2,16.40625,56.0,33.0,21.0,1.0,90,3.0,0,0.0
C2,2555,0.5547058628488382,32.9,27.0,1,5.6,16.40625,27.0,14.0,21.0,1.0,90,2.0,2,0.0
C2,2556,-0.035242317353862934,117.5,70.0,1,6.4,16.40625,65.0,16.0,21.0,1.0,90,1.0,1,0.0
C2,2557,0.08155476241544984,73.80000000000001,45.699999999999996,1,8.0,16.40625,44.0,20.0,21.0,1.0,90,2.0,0,0.0
C2,2558,0.5586346834273989,32.7,26.8,1,7.6,16.40625,24.0,19.0,21.0,1.0,90,3.0,1,0.0
C2,2559,0.444578391910324,45.6,35.9,1,6.8,16.40625,35.0,17.0,21.0,1.0,90,2.0,2,0.0
C2,2560,0.03142830380749749,93.39999999999999,49.7,1,9.2,16.40625,46.0,23.0,21.0,1.0,90,2.0,0,0.0
