Cluster,Step,Reward,Latency_P90,Latency_Avg,Replicas,CPU_Pct,Requests,Success,HPA_Target,Throughput,Forecast
C2,1,-0.3884958229480848,23.3,18.9,27,2.575000047683716,78.0,1.0,90,3.0,63.0
C2,2,0.43103972196674895,50.0,17.6,27,0.4148148000240326,5.0,1.0,70,1.0,34.0
C2,3,0.43101000866160666,50.0,17.7,27,0.4000000059604645,3.0,1.0,70,1.0,24.933332443237305
C2,4,0.7062482248230916,18.9,18.0,27,0.5185185074806213,33.0,1.0,70,3.0,17.49333381652832
C2,5,0.28634682170974607,18.1,17.8,13,0.4615384638309479,15.0,1.0,30,3.0,13.029333114624023
C2,6,0.2847063687555755,18.5,17.8,1,0.7384615540504456,45.0,1.0,50,3.0,11.950933456420898
C2,7,0.7084760865278696,18.4,17.8,1,1.600000023841858,14.0,1.0,70,1.0,11.703893661499023
C2,8,0.5710902975977581,50.0,17.8,1,0.4000000059604645,2.0,1.0,30,1.0,11.155669212341309
C2,9,0.5744120147012152,50.0,17.8,1,1.2000000476837158,6.0,1.0,30,2.0,9.22673511505127
C2,10,0.7664365153396193,18.1,17.8,1,1.2000000476837158,12.0,1.0,50,1.0,7.802707672119141
C2,11,0.772547377988288,18.8,17.9,1,2.799999952316284,26.0,1.0,50,2.0,8.414958000183105
C2,12,0.6809751861440221,18.2,17.7,1,1.600000023841858,15.0,1.0,90,3.0,9.048974990844727
C2,13,0.6840840775133381,18.2,17.8,1,5.199999809265137,42.0,1.0,90,3.0,9.696051597595215
C2,14,0.5727547725551173,50.0,17.9,1,0.800000011920929,6.0,1.0,30,2.0,8.750964164733887
C2,15,0.4326406626870005,50.0,17.9,1,1.2000000476837158,8.0,1.0,70,1.0,8.583911895751953
C2,16,0.6063907251622179,32.800000000000004,25.9,1,8.0,42.0,1.0,70,2.0,9.417014122009277
C2,17,0.709325018440201,19.0,17.9,1,2.0,15.0,1.0,70,3.0,10.183541297912598
C2,18,0.6826224492010974,18.700000000000003,17.9,1,3.5999999046325684,28.0,1.0,90,2.0,11.443458557128906
C2,19,0.6066263154467801,33.5,27.3,1,10.399999618530273,52.0,1.0,70,2.0,12.866074562072754
C2,20,0.7084760865278696,18.1,17.8,1,1.600000023841858,11.0,1.0,70,1.0,14.519644737243652
C2,21,0.5992352196654558,32.7,25.1,1,4.800000190734863,24.0,1.0,70,1.0,16.84511947631836
C2,22,0.8591758329899635,18.2,17.8,1,3.5999999046325684,32.0,1.0,30,2.0,16.907072067260742
C2,23,0.40536883755156783,50.0,17.8,1,0.800000011920929,7.0,1.0,90,1.0,16.41090965270996
C2,24,0.709325018440201,18.700000000000003,17.8,1,2.0,16.0,1.0,70,2.0,13.979879379272461
C2,25,0.7633643338995105,32.599999999999994,26.1,1,8.800000190734863,46.0,1.0,30,2.0,13.454594612121582
C2,26,0.7156518863321226,18.4,18.0,1,4.800000190734863,42.0,1.0,70,3.0,14.07275676727295
C2,27,0.7101875370135838,18.2,17.8,1,2.4000000953674316,22.0,1.0,70,2.0,14.843653678894043
C2,28,0.5705662754644533,33.300000000000004,26.9,1,12.399999618530273,60.0,1.0,90,3.0,14.906192779541016
C2,29,0.038588648813678905,91.30000000000001,50.6,1,18.399999618530273,49.0,1.0,90,1.0,19.610382080078125
C2,30,0.6837061540247694,17.9,17.7,1,4.800000190734863,39.0,1.0,90,3.0,22.699562072753906
C2,31,0.193175,114.3,70.0,1,31.200000762939453,64.0,1.0,30,1.0,30.419736862182617
C2,32,0.5670127402374646,45.8,34.3,1,10.399999618530273,36.0,1.0,50,1.0,33.31850814819336
C2,33,0.04237048011280119,114.4,70.9,1,42.0,100.0,1.0,90,2.0,39.99110412597656
C2,34,0.32269520428296034,50.1,32.9,2,9.399999618530273,48.0,1.0,30,1.0,41.861328125
C2,35,0.33015687072945893,59.4,38.699999999999996,2,18.0,65.0,1.0,30,1.0,46.85013198852539
C2,36,0.09502168883101403,115.4,63.4,2,55.400001525878906,131.0,1.0,90,1.0,60.64341354370117
C2,37,0.2213525046835343,96.9,49.3,3,39.06666564941406,133.0,1.0,50,1.0,80.25271606445312
C2,38,0.644756870729459,48.5,33.4,3,38.0,204.0,1.0,50,3.0,92.41829681396484
C2,39,0.6526410975564363,44.1,30.0,3,27.33333396911621,165.0,1.0,50,3.0,89.58431243896484
C2,40,0.7593980875333013,32.4,21.0,3,7.199999809265137,81.0,1.0,30,3.0,73.7505874633789
C2,41,0.5141343807620349,43.1,29.0,3,8.800000190734863,53.0,1.0,70,1.0,62.25035095214844
C2,42,0.765435040027858,18.0,17.7,3,0.9333333373069763,26.0,1.0,50,2.0,49.75020980834961
C2,43,0.6870747656023851,29.1,21.4,3,2.2666666507720947,26.0,1.0,50,1.0,42.11679458618164
C2,44,0.7720316585526185,18.3,17.9,3,2.6666667461395264,48.0,1.0,50,3.0,32.60340881347656
C2,45,0.5472715881138319,33.4,25.7,1,7.199999809265137,42.0,1.0,90,2.0,27.962045669555664
C2,46,0.5397138135991376,47.5,35.7,1,27.600000381469727,96.0,1.0,70,3.0,25.97722816467285
C2,47,0.5696371920759531,32.9,26.5,1,8.800000190734863,48.0,1.0,90,2.0,25.853002548217773
C2,48,0.709325018440201,18.3,17.8,1,2.0,15.0,1.0,70,1.0,24.97846794128418
C2,49,0.7499885902190099,33.099999999999994,27.900000000000002,1,6.400000095367432,29.0,1.0,30,1.0,24.053747177124023
C2,50,0.5722911828600606,33.300000000000004,26.9,1,13.600000381469727,66.0,1.0,90,3.0,23.232248306274414
C2,51,0.15383921641748768,93.7,50.5,1,15.199999809265137,42.0,1.0,50,1.0,26.3393497467041
C2,52,0.07230135026963833,105.2,59.9,1,43.20000076293945,108.0,1.0,90,2.0,31.536943435668945
C2,53,0.16369999999999998,119.2,60.6,3,36.599998474121094,99.0,1.0,30,1.0,44.92216491699219
C2,54,0.15459150225860213,98.6,48.7,3,58.53333282470703,202.0,1.0,90,2.0,60.81996536254883
C2,55,0.5020602731688957,44.699999999999996,32.0,3,9.733333587646484,58.0,1.0,70,1.0,70.89198303222656
C2,56,0.20954003333125593,95.4,48.2,3,70.4000015258789,248.0,1.0,90,2.0,80.26852416992188
C2,57,0.4711090460388234,45.1,30.3,3,17.866666793823242,116.0,1.0,90,2.0,80.1611099243164
C2,58,0.7807258555871313,28.5,20.2,3,3.4666666984558105,46.0,1.0,30,2.0,75.43000030517578
C2,59,0.7674429561169207,18.2,18.0,3,1.4666666984558105,28.0,1.0,50,2.0,57.92466735839844
C2,60,0.7090405353321001,18.1,17.8,3,1.8666666746139526,45.0,1.0,70,3.0,41.688133239746094
C2,61,0.7303074722434134,39.199999999999996,27.400000000000002,3,18.133333206176758,135.0,1.0,30,3.0,34.879547119140625
C2,62,0.5698166682773734,31.7,22.3,2,6.199999809265137,54.0,1.0,90,2.0,32.52772903442383
C2,63,0.6761673715510693,35.1,26.0,2,13.0,90.0,1.0,50,3.0,33.11663818359375
C2,64,0.7541231473636588,32.4,21.6,2,5.800000190734863,50.0,1.0,30,2.0,30.803316116333008
C2,65,0.8469234084714489,18.0,17.8,2,0.6000000238418579,13.0,1.0,30,1.0,27.548656463623047
C2,66,0.6635784048860417,32.4,22.4,1,6.0,69.0,1.0,50,3.0,24.662527084350586
C2,67,0.004227690387950029,135.0,61.9,4,41.099998474121094,190.0,1.0,30,2.0,32.264183044433594
C2,68,0.25395068693699,63.8,37.5,4,19.399999618530273,95.0,1.0,50,1.0,47.75851058959961
C2,69,0.5642369114012656,44.6,29.4,4,27.100000381469727,189.0,1.0,70,3.0,62.3884391784668
C2,70,0.25320975868274403,73.89999999999999,40.4,4,26.100000381469727,111.0,1.0,50,1.0,73.29972839355469
C2,71,0.34055,57.8,37.900000000000006,5,54.79999923706055,248.0,1.0,50,2.0,83.71317291259766
C2,72,0.584086384892749,40.099999999999994,27.5,8,11.600000381469727,95.0,1.0,30,1.0,94.2279052734375
C2,73,0.6484343361651995,33.099999999999994,22.0,8,1.75,32.0,1.0,50,1.0,90.00341033935547
C2,74,0.695797821806949,38.699999999999996,26.3,8,25.649999618530273,249.0,1.0,50,3.0,82.00204467773438
C2,75,0.4781718566087928,43.6,28.299999999999997,8,13.800000190734863,108.0,1.0,90,1.0,78.93456268310547
C2,76,0.5730246929049901,32.099999999999994,20.9,8,5.050000190734863,92.0,1.0,90,2.0,78.96073913574219
C2,77,0.636227557110224,46.300000000000004,30.4,6,46.79999923706055,246.0,1.0,30,3.0,78.84310913085938
C2,78,0.5208030168260176,39.4,26.8,6,16.399999618530273,140.0,1.0,90,2.0,73.70586395263672
C2,79,0.6004914663717158,43.2,28.7,6,32.66666793823242,252.0,1.0,70,3.0,75.690185546875
C2,80,0.7230981153739592,38.199999999999996,25.9,7,14.800000190734863,142.0,1.0,30,2.0,75.41410827636719
C2,81,0.7596952430426651,32.800000000000004,22.2,7,8.285714149475098,100.0,1.0,30,2.0,72.58180236816406
C2,82,0.6805391287790978,18.0,18.2,7,1.0285714864730835,20.0,1.0,90,1.0,62.34907913208008
C2,83,0.7613339481814929,20.299999999999997,17.9,7,0.5714285969734192,15.0,1.0,50,3.0,47.409446716308594
C2,84,0.7063549476827992,18.1,17.7,7,0.5714285969734192,12.0,1.0,70,1.0,33.37900161743164
C2,85,0.5864704694978885,18.2,17.9,4,0.6285714507102966,16.0,1.0,70,1.0,24.427400588989258
C2,86,0.6504914322690518,18.1,17.8,1,2.2666666507720947,54.0,1.0,50,3.0,20.78977394104004
C2,87,0.8591758329899635,18.2,17.8,1,3.5999999046325684,30.0,1.0,30,3.0,18.340530395507812
C2,88,0.6837061540247694,18.3,17.9,1,4.800000190734863,45.0,1.0,90,3.0,16.737651824951172
C2,89,0.7741013474818902,18.2,17.8,1,3.200000047683716,28.0,1.0,50,2.0,15.24259090423584
C2,90,0.852702823555001,18.3,17.8,1,2.0,12.0,1.0,30,1.0,14.612221717834473
C2,91,0.5676381481060295,33.5,26.599999999999998,1,11.600000381469727,54.0,1.0,90,2.0,15.833999633789062
C2,92,0.8559587577917702,18.2,17.9,1,2.799999952316284,22.0,1.0,30,2.0,16.16706657409668
C2,93,0.6819403678361281,18.1,17.8,1,2.799999952316284,22.0,1.0,90,2.0,16.23357391357422
C2,94,0.6816110464429402,18.8,17.8,1,2.4000000953674316,18.0,1.0,90,1.0,15.073476791381836
C2,95,0.8591758329899635,18.1,17.8,1,3.5999999046325684,32.0,1.0,30,2.0,15.044086456298828
C2,96,0.675032115931072,33.099999999999994,26.5,1,8.399999618530273,40.0,1.0,50,2.0,16.226451873779297
C2,97,0.7084760865278696,18.1,17.7,1,1.600000023841858,14.0,1.0,70,1.0,16.402538299560547
C2,98,0.8575724027518892,18.2,17.7,1,3.200000047683716,28.0,1.0,30,2.0,16.24152183532715
C2,99,0.7679480189220103,17.9,17.5,1,1.600000023841858,12.0,1.0,50,3.0,14.011580467224121
C2,100,0.40566838741470695,50.0,17.9,1,1.2000000476837158,8.0,1.0,90,2.0,11.34028148651123
C2,101,0.7137749141875284,18.3,17.9,1,4.0,32.0,1.0,70,2.0,10.004168510437012
C2,102,0.709325018440201,18.2,17.8,1,2.0,15.0,1.0,70,3.0,9.335834503173828
C2,103,0.43181866503105076,50.0,17.8,1,0.800000011920929,8.0,1.0,70,2.0,8.934834480285645
C2,104,0.43181866503105076,50.0,17.8,1,0.800000011920929,4.0,1.0,70,2.0,6.827567100524902
C2,105,0.5727547725551173,50.0,17.6,1,0.800000011920929,4.0,1.0,30,1.0,5.429873466491699
C2,106,0.7147064113895217,18.1,17.8,1,4.400000095367432,36.0,1.0,70,2.0,6.4579243659973145
C2,107,0.7084760865278696,18.0,17.6,1,1.600000023841858,12.0,1.0,70,1.0,8.408087730407715
C2,108,0.49143651533961924,50.0,17.7,1,1.2000000476837158,6.0,1.0,50,3.0,9.311519622802734
C2,109,0.6812893625812153,18.0,17.6,1,2.0,14.0,1.0,90,2.0,8.386911392211914
C2,110,-2.1974924294041447,1000.0,1000.0,1,0.800000011920929,1.0,0.0,90,1.0,6.365480422973633
C2,111,0.709325018440201,17.9,17.6,1,2.0,14.0,1.0,70,1.0,6.752621650695801
C2,112,0.7101875370135838,18.2,17.8,1,2.4000000953674316,18.0,1.0,70,3.0,6.8515729904174805
C2,113,0.49294801892201023,50.0,17.7,1,1.600000023841858,9.0,1.0,50,3.0,7.177610397338867
C2,114,0.4334760865278697,50.0,17.7,1,1.600000023841858,6.0,1.0,70,3.0,5.773232936859131
C2,115,0.709325018440201,18.3,17.9,1,2.0,18.0,1.0,70,3.0,4.930606365203857
C2,116,0.6833366638685273,18.5,17.9,1,4.400000095367432,36.0,1.0,90,3.0,5.625030517578125
C2,117,0.6809751861440221,18.3,17.9,1,1.600000023841858,12.0,1.0,90,3.0,6.308351516723633
C2,118,0.4944704801128012,50.0,17.8,1,2.0,8.0,1.0,50,2.0,6.4516777992248535
C2,119,0.40536883755156783,50.0,17.8,1,0.800000011920929,6.0,1.0,90,3.0,5.204339981079102
C2,120,0.5777028235550009,50.0,17.9,1,2.0,6.0,1.0,30,2.0,4.322604179382324
C2,121,0.6189777398962925,32.800000000000004,26.1,1,12.399999618530273,63.0,1.0,70,3.0,6.0602288246154785
C2,122,0.8575724027518892,17.9,17.6,1,3.200000047683716,24.0,1.0,30,3.0,7.902803897857666
C2,123,0.772547377988288,18.1,17.7,1,2.799999952316284,24.0,1.0,50,3.0,9.675015449523926
C2,124,0.7084760865278696,18.0,17.6,1,1.600000023841858,10.0,1.0,70,2.0,8.605009078979492
C2,125,0.8543353991895412,17.8,17.5,1,2.4000000953674316,20.0,1.0,30,2.0,8.2296724319458
C2,126,0.8460853991895412,20.9,17.9,1,2.4000000953674316,13.0,1.0,30,1.0,8.671136856079102
C2,127,0.8607685509003341,19.099999999999998,17.9,1,4.0,33.0,1.0,30,3.0,9.736015319824219
C2,128,0.40566838741470695,50.0,17.5,1,1.2000000476837158,9.0,1.0,90,1.0,10.241609573364258
C2,129,0.8575724027518892,18.1,17.7,1,3.200000047683716,24.0,1.0,30,2.0,10.411632537841797
C2,130,0.7514480189220102,21.8,18.4,1,1.600000023841858,10.0,1.0,50,1.0,10.3803129196167
C2,131,0.7195745165622601,18.0,17.7,1,6.400000095367432,54.0,1.0,70,3.0,11.56152057647705
C2,132,0.6812893625812153,17.9,17.7,1,2.0,11.0,1.0,90,1.0,12.13691234588623
C2,133,0.7156518863321226,18.0,17.6,1,4.800000190734863,39.0,1.0,70,3.0,12.882147789001465
C2,134,0.5727547725551173,50.0,17.7,1,0.800000011920929,4.0,1.0,30,1.0,11.462621688842773
C2,135,0.709325018440201,18.0,17.7,1,2.0,14.0,1.0,70,2.0,10.0775728225708
C2,136,0.6991449971051442,32.5,26.3,1,12.800000190734863,72.0,1.0,50,3.0,10.713210105895996
C2,137,0.7084760865278696,18.3,17.8,1,1.600000023841858,11.0,1.0,70,1.0,12.027926445007324
C2,138,0.49143651533961924,50.0,17.9,1,1.2000000476837158,8.0,1.0,50,1.0,12.950089454650879
C2,139,0.7084760865278696,17.9,17.7,1,1.600000023841858,13.0,1.0,70,1.0,12.036720275878906
C2,140,0.4326406626870005,50.0,18.0,1,1.2000000476837158,7.0,1.0,70,1.0,10.955365180969238
C2,141,0.6826224492010974,18.0,17.6,1,3.5999999046325684,32.0,1.0,90,2.0,11.37321949005127
C2,142,0.772547377988288,18.2,17.7,1,2.799999952316284,18.0,1.0,50,3.0,10.690598487854004
C2,143,0.7679480189220103,18.700000000000003,18.1,1,1.600000023841858,15.0,1.0,50,1.0,11.347692489624023
C2,144,0.43181866503105076,50.0,17.8,1,0.800000011920929,3.0,1.0,70,1.0,10.008615493774414
C2,145,0.7788223701562585,18.1,17.6,1,4.400000095367432,36.0,1.0,50,3.0,10.005168914794922
C2,146,0.852702823555001,18.4,17.9,1,2.0,12.0,1.0,30,1.0,9.60310173034668
C2,147,0.7101875370135838,17.9,17.7,1,2.4000000953674316,21.0,1.0,70,3.0,9.895194053649902
C2,148,0.8510615300280377,19.8,17.8,1,1.600000023841858,14.0,1.0,30,2.0,9.403782844543457
C2,149,0.6840840775133381,18.5,18.0,1,5.199999809265137,42.0,1.0,90,3.0,9.375603675842285
C2,150,0.5760615300280377,50.0,17.8,1,1.600000023841858,6.0,1.0,30,1.0,9.225361824035645
C2,151,0.7429198485148963,33.2,27.599999999999998,1,4.800000190734863,22.0,1.0,30,1.0,11.13521671295166
C2,152,0.7741013474818902,18.3,17.9,1,3.200000047683716,24.0,1.0,50,3.0,11.481130599975586
C2,153,0.8494120147012151,18.599999999999998,17.8,1,1.2000000476837158,13.0,1.0,30,1.0,12.622011184692383
C2,154,0.709325018440201,18.2,17.8,1,2.0,14.0,1.0,70,2.0,11.306540489196777
C2,155,0.6809751861440221,18.2,17.7,1,1.600000023841858,10.0,1.0,90,1.0,10.783924102783203
C2,156,0.8510615300280377,17.8,17.5,1,1.600000023841858,12.0,1.0,30,1.0,10.337020874023438
C2,157,0.6754083517735344,23.7,18.2,1,2.0,12.0,1.0,70,1.0,10.735546112060547
C2,158,0.7110637162504144,18.1,17.8,1,2.799999952316284,22.0,1.0,70,2.0,11.107994079589844
C2,159,0.6819403678361281,18.2,17.9,1,2.799999952316284,24.0,1.0,90,3.0,10.79813003540039
C2,160,0.716611388886358,18.1,17.8,1,5.199999809265137,42.0,1.0,70,3.0,10.878877639770508
C2,161,0.6856828056481412,18.2,17.8,1,6.800000190734863,57.0,1.0,90,3.0,11.993993759155273
C2,162,0.6840840775133381,18.2,17.8,1,5.199999809265137,42.0,1.0,90,3.0,13.463062286376953
C2,163,0.7788223701562585,18.1,17.8,1,4.400000095367432,38.0,1.0,50,2.0,15.011171340942383
C2,164,0.8510615300280377,18.1,17.8,1,1.600000023841858,12.0,1.0,30,3.0,13.940035820007324
C2,165,0.49143651533961924,50.0,17.7,1,1.2000000476837158,8.0,1.0,50,2.0,11.964021682739258
C2,166,0.5947516346621776,33.4,27.2,1,5.599999904632568,27.0,1.0,70,1.0,11.84507942199707
C2,167,0.49294801892201023,50.0,17.8,1,1.600000023841858,9.0,1.0,50,1.0,12.440381050109863
C2,168,0.8559587577917702,17.9,17.6,1,2.799999952316284,20.0,1.0,30,2.0,13.597561836242676
C2,169,0.7710036769368389,18.1,17.7,1,2.4000000953674316,17.0,1.0,50,1.0,12.958537101745605
C2,170,0.40536883755156783,50.0,18.5,1,0.800000011920929,8.0,1.0,90,2.0,11.908455848693848
C2,171,0.6829754734509514,18.0,17.8,1,4.0,34.0,1.0,90,2.0,12.211740493774414
C2,172,0.7147064113895217,18.1,17.7,1,4.400000095367432,34.0,1.0,70,2.0,12.39371109008789
C2,173,0.7110637162504144,18.1,17.7,1,2.799999952316284,20.0,1.0,70,2.0,13.302892684936523
C2,174,0.49143651533961924,50.0,17.6,1,1.2000000476837158,6.0,1.0,50,1.0,12.381735801696777
C2,175,0.7741013474818902,18.2,17.8,1,3.200000047683716,26.0,1.0,50,2.0,11.295707702636719
C2,176,0.7147064113895217,18.2,17.8,1,4.400000095367432,36.0,1.0,70,2.0,11.710758209228516
C2,177,0.6819403678361281,19.400000000000002,17.9,1,2.799999952316284,24.0,1.0,90,3.0,12.226454734802246
C2,178,0.6833366638685273,18.1,17.8,1,4.400000095367432,36.0,1.0,90,2.0,13.202539443969727
C2,179,0.7147064113895217,18.3,18.0,1,4.400000095367432,36.0,1.0,70,3.0,12.988190650939941
C2,180,0.772547377988288,18.4,17.8,1,2.799999952316284,18.0,1.0,50,3.0,12.592914581298828
C2,181,0.5273904779779675,44.2,35.5,1,16.399999618530273,62.0,1.0,70,2.0,14.089081764221191
C2,182,0.7101875370135838,18.1,17.5,1,2.4000000953674316,16.0,1.0,70,2.0,14.453449249267578
C2,183,0.061789757732283304,142.1,83.7,2,52.79999923706055,82.0,1.0,30,1.0,24.805402755737305
C2,184,-0.1503377562654937,101.4,49.099999999999994,9,65.5,218.0,1.0,30,2.0,41.41657638549805
C2,185,0.6814321666310448,39.0,27.0,9,22.711111068725586,216.0,1.0,50,2.0,64.71661376953125
C2,186,0.6784135678873269,23.3,19.099999999999998,9,1.6888889074325562,50.0,1.0,70,2.0,71.09663391113281
C2,187,0.635653140936736,28.5,20.299999999999997,9,3.9111111164093018,99.0,1.0,70,3.0,64.79131317138672
C2,188,0.6084111631125417,32.300000000000004,20.8,9,7.02222204208374,144.0,1.0,70,3.0,53.008121490478516
C2,189,0.607732224949609,32.5,21.8,9,7.4666666984558105,118.0,1.0,70,2.0,50.47153854370117
C2,190,0.30158709619780255,39.800000000000004,27.400000000000002,3,7.760000228881836,68.0,1.0,70,1.0,53.61625671386719
C2,191,0.1300449822370158,67.4,38.6,1,14.800000190734863,84.0,1.0,70,2.0,54.703086853027344
C2,192,0.005635934110808771,139.7,82.0,2,108.0,168.0,1.0,70,2.0,58.68851852416992
C2,193,0.559789115867764,33.4,23.7,2,3.5999999046325684,26.0,1.0,90,1.0,55.47977828979492
C2,194,0.6871673558947311,32.599999999999994,22.8,2,10.199999809265137,84.0,1.0,50,3.0,51.6878662109375
C2,195,0.0403678973990691,98.3,52.400000000000006,2,27.799999237060547,83.0,1.0,90,1.0,49.279388427734375
C2,196,0.2146568707294589,101.4,53.3,2,58.0,168.0,1.0,70,2.0,55.567630767822266
C2,197,0.5848116637718109,44.1,29.0,3,12.800000190734863,96.0,1.0,50,2.0,62.00724411010742
C2,198,0.6114781631069114,48.099999999999994,33.099999999999994,3,26.133333206176758,138.0,1.0,50,2.0,64.00434875488281
C2,199,0.7076406626870005,18.2,17.8,3,1.2000000476837158,22.0,1.0,70,2.0,55.469276428222656
C2,200,0.6887843452254159,39.5,26.9,3,5.733333110809326,44.0,1.0,30,1.0,49.81489944458008
C2,201,0.6154984507501958,38.4,26.0,3,5.733333110809326,41.0,1.0,50,1.0,42.68893814086914
C2,202,0.7291035655856879,32.7,22.8,2,2.200000047683716,23.0,1.0,30,1.0,40.013362884521484
C2,203,0.7542087577917702,31.099999999999998,20.7,2,2.799999952316284,28.0,1.0,30,1.0,36.27468490600586
C2,204,0.6564598515981308,33.0,25.9,1,5.599999904632568,28.0,1.0,50,1.0,32.29814529418945
C2,205,0.5457821159310721,47.199999999999996,35.0,1,28.399999618530273,102.0,1.0,70,3.0,31.378887176513672
C2,206,0.666641768574655,43.9,33.4,1,10.800000190734863,39.0,1.0,30,1.0,32.29399871826172
C2,207,0.46470294925602895,44.2,34.8,1,7.599999904632568,30.0,1.0,90,1.0,33.10973358154297
C2,208,0.47490199678500067,45.3,36.4,1,20.799999237060547,76.0,1.0,90,2.0,34.13250732421875
C2,209,0.6426219753508408,45.3,35.8,1,7.599999904632568,30.0,1.0,30,1.0,33.54616928100586
C2,210,0.612624408164995,33.099999999999994,26.9,1,11.199999809265137,56.0,1.0,70,2.0,32.927703857421875
C2,211,0.13801463067015918,127.6,82.60000000000001,2,80.4000015258789,150.0,1.0,70,2.0,37.48995590209961
C2,212,0.7509033940555171,32.4,20.9,3,7.066666603088379,84.0,1.0,30,3.0,39.96063995361328
C2,213,0.7355538134461346,23.7,19.8,3,2.0,29.0,1.0,50,1.0,41.576385498046875
C2,214,0.6040655582829424,32.9,23.599999999999998,3,7.4666666984558105,70.0,1.0,70,2.0,37.21249771118164
C2,215,0.601661618191062,32.9,23.0,3,6.5333333015441895,60.0,1.0,70,2.0,34.86083221435547
C2,216,0.5886195564647196,34.7,25.0,3,7.866666793823242,76.0,1.0,70,2.0,34.64983367919922
C2,217,0.0972789408338684,112.8,58.0,1,58.0,122.0,1.0,90,2.0,37.989898681640625
C2,218,0.6513821062173334,32.599999999999994,22.1,2,3.4000000953674316,28.0,1.0,50,1.0,39.727272033691406
C2,219,0.6031578498955934,32.7,22.8,2,6.400000095367432,58.0,1.0,70,2.0,39.569698333740234
C2,220,0.5585184836236664,38.5,26.0,2,9.600000381469727,60.0,1.0,70,2.0,35.341819763183594
C2,221,0.21930000000000002,104.80000000000001,55.800000000000004,2,29.399999618530273,83.0,1.0,30,1.0,40.138423919677734
C2,222,0.1916222936511465,95.60000000000001,49.2,2,45.599998474121094,148.0,1.0,70,2.0,49.016387939453125
C2,223,0.2857424220057,71.0,39.199999999999996,3,16.133333206176758,72.0,1.0,30,1.0,59.94316482543945
C2,224,0.13119092640537405,77.89999999999999,40.9,6,71.46666717529297,339.0,1.0,50,3.0,70.49922943115234
C2,225,0.6562465553013276,44.900000000000006,30.200000000000003,8,64.25,465.0,1.0,50,3.0,87.63287353515625
C2,226,0.6478324689624342,40.2,28.2,8,17.299999237060547,141.0,1.0,50,1.0,107.1130599975586
C2,227,0.5164152012577865,40.0,28.1,8,17.049999237060547,133.0,1.0,90,1.0,121.46783447265625
C2,228,0.6146278289254249,40.099999999999994,27.7,8,49.29999923706055,411.0,1.0,90,3.0,127.68070220947266
C2,229,0.5482231398042083,39.699999999999996,27.7,8,29.850000381469727,246.0,1.0,90,2.0,129.0084228515625
C2,230,0.5816751409252927,40.300000000000004,28.0,8,41.54999923706055,345.0,1.0,90,3.0,127.4050521850586
C2,231,0.49676975087059766,48.2,31.5,5,67.80000305175781,432.0,1.0,90,3.0,127.3763656616211
C2,232,0.42491666666666666,39.1,26.3,13,23.938461303710938,304.0,1.0,30,2.0,131.22581481933594
C2,233,0.618196815657554,33.9,24.0,13,35.32307815551758,477.0,1.0,90,3.0,139.40216064453125
C2,234,0.6022955873358405,33.8,24.2,13,29.846153259277344,393.0,1.0,90,3.0,142.5746307373047
C2,235,0.6019269183750037,34.1,24.2,13,30.676923751831055,405.0,1.0,90,3.0,142.21144104003906
C2,236,0.6913614091999043,34.5,24.5,13,35.261539459228516,465.0,1.0,70,3.0,141.460205078125
C2,237,0.67625,33.5,23.2,16,20.024999618530273,314.0,1.0,30,2.0,144.4761199951172
C2,238,0.7101015635817101,33.5,23.099999999999998,16,17.5,272.0,1.0,50,2.0,146.41900634765625
C2,239,0.6016569295389831,33.5,23.099999999999998,16,8.625,137.0,1.0,70,1.0,145.1847381591797
C2,240,0.5997556131271266,33.7,23.3,16,8.600000381469727,133.0,1.0,70,1.0,141.24417114257812
C2,241,0.7392720077034692,33.2,22.9,16,23.875,381.0,1.0,50,3.0,137.67984008789062
C2,242,0.2504939536112245,34.8,24.8,8,20.475000381469727,366.0,1.0,90,3.0,133.54122924804688
C2,243,0.6249166666666667,39.1,26.599999999999998,11,33.70909118652344,351.0,1.0,30,3.0,128.92474365234375
C2,244,0.7595833333333334,37.5,25.6,11,21.92727279663086,236.0,1.0,30,2.0,124.95484161376953
C2,245,0.657,35.6,25.1,14,35.418182373046875,402.0,1.0,30,3.0,124.17290496826172
C2,246,0.5992909386645053,33.7,23.7,14,28.428571701049805,396.0,1.0,90,3.0,125.70374298095703
C2,247,0.743787626989418,33.8,23.400000000000002,14,6.4571428298950195,99.0,1.0,30,1.0,124.08891296386719
C2,248,0.764083948181493,18.1,17.7,14,0.5714285969734192,28.0,1.0,50,2.0,107.1200180053711
C2,249,0.764083948181493,18.1,17.7,14,0.5714285969734192,38.0,1.0,50,2.0,81.87200927734375
C2,250,0.5943008887404732,32.800000000000004,21.4,14,3.057142972946167,66.0,1.0,70,1.0,62.323204040527344
C2,251,0.5718484234820537,33.8,23.599999999999998,14,16.22857093811035,228.0,1.0,90,2.0,63.9272575378418
C2,252,-0.23745381094652135,51.1,34.1,3,38.228572845458984,286.0,1.0,90,2.0,81.42301940917969
C2,253,0.07474172944960533,92.7,48.099999999999994,3,34.266666412353516,115.0,1.0,90,1.0,98.45381164550781
C2,254,0.23759749075032804,94.2,48.099999999999994,3,39.46666717529297,130.0,1.0,50,1.0,110.80561828613281
C2,255,0.31406881742680987,50.7,36.900000000000006,3,45.33333206176758,210.0,1.0,70,3.0,108.4833755493164
C2,256,0.20972500000000002,50.1,34.1,7,36.47999954223633,200.0,1.0,30,2.0,105.09002685546875
C2,257,0.7404957018856156,34.6,24.5,7,7.5428571701049805,73.0,1.0,30,1.0,95.45401763916016
C2,258,0.6757549705465452,44.699999999999996,29.7,7,16.399999618530273,113.0,1.0,30,1.0,95.4057388305664
C2,259,0.7067332428734857,38.800000000000004,26.1,7,8.857142448425293,81.0,1.0,30,1.0,92.84344482421875
C2,260,0.5511055639048441,34.9,25.0,7,8.628571510314941,79.0,1.0,90,1.0,92.10606384277344
C2,261,0.6778097677787622,44.6,30.099999999999998,7,16.85714340209961,124.0,1.0,30,1.0,93.13031005859375
C2,262,0.4397031788054043,50.0,33.7,4,57.70000076293945,276.0,1.0,90,3.0,95.21151733398438
C2,263,0.612433818003209,28.6,20.299999999999997,8,1.649999976158142,31.0,1.0,30,1.0,90.06024169921875
C2,264,0.49122153781573374,41.8,27.400000000000002,8,11.350000381469727,94.0,1.0,90,1.0,82.969482421875
C2,265,0.6513350540813737,23.2,19.2,8,1.2000000476837158,40.0,1.0,90,2.0,69.11502075195312
C2,266,0.7315628712383058,23.599999999999998,19.2,8,0.699999988079071,24.0,1.0,50,1.0,59.86901092529297
C2,267,0.5712987356120706,50.0,17.7,8,0.44999998807907104,6.0,1.0,30,1.0,42.58807373046875
C2,268,-0.1443735809282891,92.1,41.6,1,9.899999618530273,153.0,1.0,50,3.0,36.35284423828125
C2,269,0.21430000000000005,100.8,45.199999999999996,3,26.399999618530273,130.0,1.0,30,2.0,38.078372955322266
C2,270,0.22171592640537408,82.8,42.2,5,71.46666717529297,270.0,1.0,50,3.0,50.313690185546875
C2,271,0.46687658046636993,44.4,29.2,5,10.960000038146973,77.0,1.0,90,1.0,61.12154769897461
C2,272,0.2811313138274302,50.4,33.2,5,17.1200008392334,98.0,1.0,50,1.0,72.00626373291016
C2,273,0.6844166666666667,45.699999999999996,31.3,5,40.08000183105469,264.0,1.0,50,3.0,78.27042388916016
C2,274,0.5330583845441675,49.8,34.4,5,51.040000915527344,278.0,1.0,90,2.0,90.29558563232422
C2,275,0.5975054076019102,32.4,21.3,4,6.239999771118164,93.0,1.0,70,3.0,88.57735443115234
C2,276,0.6570310005661772,44.2,28.7,4,8.800000190734863,63.0,1.0,30,1.0,84.21308135986328
C2,277,0.6816666666666668,46.0,31.3,4,24.200000762939453,140.0,1.0,30,2.0,72.39451599121094
C2,278,-0.32043336533063016,88.5,41.5,14,107.88571166992188,1188.0,1.0,50,3.0,113.97003936767578
C2,279,0.7614606026076252,33.4,23.599999999999998,14,50.371429443359375,718.0,1.0,70,1.0,226.24868774414062
C2,280,-0.3780309208252582,32.300000000000004,22.0,43,46.32558059692383,1578.0,1.0,30,1.0,494.68255615234375
C2,281,-0.9420216712324261,28.299999999999997,20.9,87,46.54838562011719,3600.0,1.0,30,3.0,846.2761840820312
C2,282,0.8549166666666668,27.099999999999998,20.6,87,45.129032135009766,3600.0,1.0,50,3.0,1378.9656982421875
C2,283,0.7145532810248076,27.0,20.5,87,44.37419509887695,3600.0,1.0,90,2.0,1936.179443359375
C2,284,0.714220644766131,27.0,20.6,87,44.290321350097656,3600.0,1.0,90,3.0,2363.17431640625
C2,285,0.8472104399492787,23.7,19.400000000000002,87,9.445160865783691,552.0,1.0,30,3.0,2226.43798828125
C2,286,0.6807580397912338,23.400000000000002,19.400000000000002,87,3.1870968341827393,171.0,1.0,70,1.0,1719.196044921875
C2,287,0.6879839089937609,24.1,19.5,87,8.683871269226074,492.0,1.0,70,3.0,1100.7176513671875
C2,288,0.8439378178267806,23.7,19.400000000000002,87,8.516129493713379,501.0,1.0,30,3.0,727.3639526367188
C2,289,0.8150243179985154,24.400000000000002,19.7,87,2.6516129970550537,151.0,1.0,30,1.0,500.6850280761719
C2,290,-2.1509197349309828,28.1,20.1,17,7.851851940155029,246.0,1.0,70,3.0,353.7443542480469
C2,291,0.6142507123227059,33.300000000000004,23.0,17,12.352941513061523,204.0,1.0,70,1.0,270.5132751464844
C2,292,0.6104483402481171,32.9,22.700000000000003,17,9.81176471710205,168.0,1.0,70,1.0,222.84129333496094
C2,293,0.6048200250362686,33.2,22.700000000000003,17,8.776470184326172,140.0,1.0,70,1.0,201.97145080566406
C2,294,0.13174999999999992,44.900000000000006,29.2,3,47.02857208251953,390.0,1.0,50,3.0,179.58287048339844
C2,295,0.14647500000000002,73.1,39.0,7,58.0,393.0,1.0,50,3.0,161.2163848876953
C2,296,0.42949999999999994,38.6,25.8,15,36.092308044433594,456.0,1.0,30,3.0,151.79649353027344
C2,297,0.7732117267021661,33.5,23.2,15,34.45333480834961,513.0,1.0,50,3.0,151.61123657226562
C2,298,0.7663659990236311,33.5,23.5,15,32.15999984741211,486.0,1.0,50,3.0,155.63340759277344
C2,299,0.7971666666666668,33.4,23.2,15,42.426666259765625,651.0,1.0,50,3.0,166.71337890625
C2,300,0.6008333333333334,33.0,22.5,20,23.020000457763672,444.0,1.0,30,2.0,180.16136169433594
C2,301,0.7468620318879605,33.099999999999994,22.700000000000003,20,5.579999923706055,114.0,1.0,30,1.0,181.8301544189453
C2,302,0.7493707696253904,32.7,21.8,20,5.28000020980835,100.0,1.0,30,1.0,167.23143005371094
C2,303,0.7600492488677106,33.099999999999994,22.5,20,9.15999984741211,185.0,1.0,30,1.0,153.53884887695312
C2,304,0.5646828056481411,33.2,22.8,20,6.800000190734863,133.0,1.0,90,1.0,147.8566436767578
C2,305,0.538760379022439,28.299999999999997,20.0,14,2.5250000953674316,60.0,1.0,30,1.0,139.11398315429688
C2,306,0.4508333333333334,45.0,30.3,8,36.400001525878906,226.0,1.0,30,1.0,139.33505249023438
C2,307,0.7220000000000001,41.6,27.900000000000002,8,60.04999923706055,500.0,1.0,70,2.0,155.0677032470703
C2,308,0.710089964207281,39.4,27.0,9,34.088890075683594,318.0,1.0,50,2.0,177.70729064941406
C2,309,0.7350833333333333,39.300000000000004,26.599999999999998,10,57.68000030517578,528.0,1.0,50,3.0,184.62437438964844
C2,310,0.43716666666666676,33.4,23.0,19,33.978946685791016,543.0,1.0,30,3.0,179.5746307373047
C2,311,0.8008333333333334,33.0,22.5,19,29.38947296142578,552.0,1.0,30,3.0,179.87811279296875
C2,312,0.7804290067906093,33.0,22.4,19,15.410526275634766,286.0,1.0,30,2.0,175.6602020263672
C2,313,0.6138341796831963,32.800000000000004,22.1,19,10.673684120178223,192.0,1.0,70,1.0,174.5961151123047
C2,314,0.5659216548345771,33.300000000000004,22.8,19,8.757894515991211,161.0,1.0,90,1.0,170.89100646972656
C2,315,0.721564705104865,32.9,22.2,19,18.905263900756836,354.0,1.0,50,2.0,173.20126342773438
C2,316,0.8035833333333333,32.7,22.1,19,22.61052703857422,426.0,1.0,30,3.0,167.92076110839844
C2,317,0.5039207040528239,33.2,23.0,15,25.920000076293945,393.0,1.0,70,3.0,160.75245666503906
C2,318,0.5682859448935084,33.9,23.7,15,14.58666706085205,212.0,1.0,90,2.0,146.98480224609375
C2,319,0.7962499999999999,33.5,23.2,15,23.573333740234375,346.0,1.0,30,2.0,142.8575439453125
C2,320,0.646771297114913,33.8,23.400000000000002,15,22.986665725708008,342.0,1.0,70,3.0,138.11453247070312
C2,321,0.45009852985902515,33.6,23.400000000000002,12,13.973333358764648,203.0,1.0,90,1.0,148.20205688476562
C2,322,0.5596454479781258,34.8,24.8,12,14.333333015441895,170.0,1.0,90,1.0,153.8545684814453
C2,323,0.6875971052964186,35.8,24.9,12,57.16666793823242,699.0,1.0,90,3.0,173.11273193359375
C2,324,0.34059811537395906,32.800000000000004,22.3,23,14.800000190734863,330.0,1.0,30,2.0,179.60098266601562
C2,325,0.6569863566741709,32.300000000000004,21.4,23,22.069564819335938,492.0,1.0,70,3.0,182.6939239501953
C2,326,0.80725,32.300000000000004,21.4,23,24.660869598388672,549.0,1.0,30,3.0,177.8830108642578
C2,327,0.6276207100753988,32.5,21.6,23,14.278261184692383,316.0,1.0,70,2.0,174.06314086914062
C2,328,0.6660399332406083,32.5,21.8,23,4.852173805236816,106.0,1.0,50,1.0,164.0378875732422
C2,329,0.4646738679955036,32.599999999999994,21.7,19,13.642105102539062,297.0,1.0,70,3.0,146.82273864746094
C2,330,0.7695855160903917,30.700000000000003,20.7,19,5.768421173095703,146.0,1.0,30,2.0,125.16030883789062
C2,331,0.20982616482992988,33.0,22.599999999999998,9,29.915788650512695,555.0,1.0,90,3.0,122.69618225097656
C2,332,0.6205876342771867,39.1,26.8,9,48.53333282470703,450.0,1.0,90,3.0,128.01771545410156
C2,333,0.5498333333333334,34.2,24.0,15,30.586666107177734,447.0,1.0,30,3.0,141.34396362304688
C2,334,0.5729183725167978,33.7,23.400000000000002,15,16.31999969482422,242.0,1.0,90,2.0,140.80638122558594
C2,335,0.7782391053240986,33.6,23.400000000000002,15,16.69333267211914,244.0,1.0,30,2.0,136.75048828125
C2,336,0.7575307784060664,33.8,23.900000000000002,15,10.293333053588867,154.0,1.0,30,1.0,134.98362731933594
C2,337,0.6004015539576133,33.5,23.400000000000002,15,28.15999984741211,429.0,1.0,90,3.0,136.85684204101562
C2,338,0.2845905682093776,33.300000000000004,22.2,8,7.573333263397217,154.0,1.0,90,2.0,131.98077392578125
C2,339,0.5621339588485769,34.4,24.7,8,13.550000190734863,148.0,1.0,90,2.0,118.38846588134766
C2,340,0.6990551746227175,38.800000000000004,25.4,8,6.75,75.0,1.0,30,1.0,101.16641235351562
C2,341,0.3764780665482309,45.900000000000006,31.099999999999998,5,31.600000381469727,190.0,1.0,90,2.0,93.2331771850586
C2,342,0.6835,45.8,31.3,5,26.959999084472656,178.0,1.0,30,2.0,90.4732437133789
C2,343,0.5257953677319156,38.1,24.8,5,11.84000015258789,112.0,1.0,90,2.0,86.28394317626953
C2,344,0.6454791172059835,40.0,27.400000000000002,5,16.31999969482422,138.0,1.0,50,2.0,80.30370330810547
C2,345,0.7490168291646513,35.0,24.9,5,11.039999961853027,102.0,1.0,30,2.0,71.64888763427734
C2,346,0.5420528530512038,49.6,34.3,5,52.720001220703125,278.0,1.0,90,2.0,77.52266693115234
C2,347,0.5684166666666667,40.9,28.1,9,30.0,270.0,1.0,30,2.0,89.84693145751953
C2,348,0.7366666666666667,40.0,27.3,9,25.0222225189209,224.0,1.0,30,2.0,105.37482452392578
C2,349,0.6044148781124604,39.199999999999996,26.599999999999998,9,44.79999923706055,408.0,1.0,90,3.0,114.29156494140625
C2,350,0.5443677207356483,33.5,23.3,14,5.885714054107666,90.0,1.0,30,1.0,113.6416015625
C2,351,0.7856123818553675,27.799999999999997,19.599999999999998,14,3.085714340209961,92.0,1.0,30,2.0,104.45162963867188
C2,352,0.7834615268752092,33.6,23.5,14,18.97142791748047,297.0,1.0,30,3.0,94.00431060791016
C2,353,0.6671304782958186,33.6,24.0,14,7.599999904632568,105.0,1.0,50,1.0,89.73591613769531
C2,354,0.5607713416244674,33.9,23.900000000000002,14,9.057143211364746,125.0,1.0,90,1.0,97.70822143554688
C2,355,0.7364626862809124,37.5,25.2,13,42.488887786865234,408.0,1.0,30,3.0,107.42493438720703
C2,356,0.7626281484202105,34.6,24.400000000000002,13,34.27692413330078,459.0,1.0,50,3.0,119.65496063232422
C2,357,0.6572456335013864,34.1,24.0,13,26.30769157409668,344.0,1.0,70,2.0,133.2596435546875
C2,358,0.6455096540132105,27.7,19.599999999999998,13,4.984615325927734,147.0,1.0,70,3.0,129.82244873046875
C2,359,0.7469924798157613,34.0,24.5,13,7.815384387969971,105.0,1.0,30,1.0,121.36013793945312
C2,360,0.7627820293966033,20.5,18.8,13,1.4461538791656494,72.0,1.0,50,3.0,96.5494155883789
C2,361,0.37926439875588064,35.6,24.8,7,20.079999923706055,243.0,1.0,70,3.0,85.92964935302734
C2,362,0.6945,44.6,30.3,7,33.82857131958008,240.0,1.0,30,2.0,81.55779266357422
C2,363,0.5394166666666667,39.699999999999996,26.700000000000003,12,32.766666412353516,372.0,1.0,30,3.0,92.26800537109375
C2,364,0.687051142064557,33.4,23.2,12,11.899999618530273,176.0,1.0,50,2.0,99.62747192382812
C2,365,0.7686852581217927,32.4,21.2,12,9.800000190734863,180.0,1.0,30,3.0,96.04315185546875
C2,366,0.6614411959520883,35.1,25.4,12,9.533333778381348,113.0,1.0,50,1.0,92.42588806152344
C2,367,0.8466458959267463,18.8,17.9,12,0.5333333611488342,15.0,1.0,30,1.0,80.52220153808594
C2,368,0.560777160852603,38.800000000000004,26.0,8,13.133333206176758,152.0,1.0,30,1.0,85.64665222167969
C2,369,0.35783352260959245,47.5,32.5,5,30.239999771118164,154.0,1.0,90,1.0,94.18799591064453
C2,370,0.5088333333333334,47.4,31.099999999999998,9,35.733333587646484,309.0,1.0,30,3.0,111.04612731933594
C2,371,0.5671623344115707,39.6,27.2,9,15.688888549804688,146.0,1.0,70,1.0,120.36100769042969
C2,372,0.6776452298892757,36.3,24.9,9,15.911110877990723,176.0,1.0,50,2.0,117.14994049072266
C2,373,0.587356346621616,39.300000000000004,26.599999999999998,9,40.622222900390625,369.0,1.0,90,3.0,117.88996124267578
C2,374,0.6844127305125366,38.1,25.1,9,21.422222137451172,240.0,1.0,50,3.0,109.53398132324219
C2,375,0.6754897188071782,39.5,27.0,7,26.44444465637207,238.0,1.0,50,2.0,108.65371704101562
C2,376,0.6489741676544779,44.4,29.9,7,27.08571434020996,202.0,1.0,50,2.0,105.19223022460938
C2,377,0.5477511183338212,39.0,26.0,7,7.314285755157471,74.0,1.0,70,1.0,102.31533813476562
C2,378,0.627886111406467,43.7,29.3,7,20.171428680419922,141.0,1.0,50,1.0,103.52253723144531
C2,379,0.5344009841049274,45.6,30.3,10,48.17142868041992,327.0,1.0,30,3.0,105.31352233886719
C2,380,0.5701239560780219,38.9,26.5,10,34.63999938964844,348.0,1.0,90,3.0,111.98811340332031
C2,381,0.5498333333333334,34.2,24.299999999999997,16,35.05714416503906,468.0,1.0,30,3.0,117.99286651611328
C2,382,0.7548159319210487,33.6,23.3,16,8.975000381469727,133.0,1.0,30,1.0,124.79572296142578
C2,383,0.7953333333333333,33.6,23.0,16,20.625,327.0,1.0,30,3.0,127.94409942626953
C2,384,0.7802549705465452,33.300000000000004,22.599999999999998,16,16.399999618530273,282.0,1.0,30,3.0,121.56645965576172
C2,385,0.6936178595464542,33.5,23.2,16,13.649999618530273,222.0,1.0,50,2.0,114.8065414428711
C2,386,0.7962499999999999,33.5,23.0,16,27.325000762939453,438.0,1.0,30,3.0,115.68392181396484
C2,387,0.7509627733122936,33.300000000000004,22.9,16,27.149999618530273,435.0,1.0,50,3.0,123.0103530883789
C2,388,0.5794862347711132,33.5,23.2,16,18.975000381469727,300.0,1.0,90,3.0,125.93954467773438
C2,389,0.6841385649146352,33.300000000000004,23.3,16,11.0,171.0,1.0,50,1.0,131.0303955078125
C2,390,0.799,33.2,23.0,16,27.549999237060547,435.0,1.0,30,3.0,134.08489990234375
C2,391,0.3635833333333333,32.7,22.0,27,36.53913116455078,771.0,1.0,30,3.0,156.85093688964844
C2,392,0.6983827443479564,32.300000000000004,21.2,27,12.19259262084961,330.0,1.0,50,2.0,169.7105712890625
C2,393,0.6456006265454037,31.0,21.0,27,15.5703706741333,406.0,1.0,70,2.0,185.15966796875
C2,394,0.735831598352048,31.9,21.1,27,20.118518829345703,528.0,1.0,50,3.0,183.62913513183594
C2,395,0.6403967996637674,31.6,20.9,27,35.65925979614258,978.0,1.0,90,3.0,204.17747497558594
C2,396,0.5394918285582104,31.0,21.1,23,9.644444465637207,258.0,1.0,50,2.0,206.6398162841797
C2,397,0.5070965137637331,32.599999999999994,22.1,20,14.399999618530273,290.0,1.0,70,2.0,203.98388671875
C2,398,0.6323392193328936,32.9,22.1,20,16.799999237060547,334.0,1.0,70,2.0,181.19033813476562
C2,399,0.5670811741317651,32.9,22.2,20,6.460000038146973,129.0,1.0,90,1.0,167.5142059326172
C2,400,0.760248883536697,32.800000000000004,21.9,20,28.440000534057617,570.0,1.0,50,3.0,165.3085174560547
C2,401,0.42874665862742833,34.5,24.5,12,29.600000381469727,354.0,1.0,50,2.0,165.31845092773438
C2,402,0.5934459189772249,35.3,25.3,12,11.533333778381348,141.0,1.0,70,1.0,166.92440795898438
C2,403,0.6781576577039281,33.2,22.599999999999998,12,9.366666793823242,154.0,1.0,50,2.0,152.82130432128906
C2,404,0.7728684329985209,34.8,24.7,12,19.16666603088379,236.0,1.0,30,2.0,136.49278259277344
C2,405,0.7422940677151789,34.4,24.400000000000002,12,27.53333282470703,334.0,1.0,50,2.0,130.16233825683594
C2,406,0.5821666666666667,39.4,27.0,8,46.95000076293945,374.0,1.0,50,2.0,141.03073120117188
C2,407,0.7320833333333333,40.5,28.0,8,50.45000076293945,434.0,1.0,50,2.0,160.75177001953125
C2,408,0.5278480466363428,35.1,24.7,14,18.114286422729492,254.0,1.0,30,1.0,184.1844024658203
C2,409,0.6984372878749919,34.1,23.900000000000002,14,16.05714225769043,222.0,1.0,50,2.0,188.1106414794922
C2,410,0.6116924068977745,33.7,23.8,14,12.714285850524902,172.0,1.0,70,1.0,184.4663848876953
C2,411,0.6984973901252922,34.0,23.900000000000002,14,15.857142448425293,220.0,1.0,50,2.0,163.079833984375
C2,412,0.6719583736819038,33.8,23.7,14,9.199999809265137,130.0,1.0,50,1.0,152.78123474121094
C2,413,0.38489007952822163,39.5,26.200000000000003,6,30.177778244018555,300.0,1.0,50,2.0,143.66873168945312
C2,414,0.6825833333333333,45.900000000000006,31.5,6,62.79999923706055,396.0,1.0,70,3.0,141.13458251953125
C2,415,0.4804298532560727,48.599999999999994,32.300000000000004,6,34.400001525878906,217.0,1.0,90,1.0,151.21408081054688
C2,416,0.6816666666666668,46.0,31.4,6,42.06666564941406,264.0,1.0,50,2.0,154.86178588867188
C2,417,0.6691656815686496,32.9,22.599999999999998,6,6.5333333015441895,88.0,1.0,50,2.0,145.3170623779297
C2,418,0.6511357728571991,39.699999999999996,27.099999999999998,6,17.0,152.0,1.0,50,2.0,120.79023742675781
C2,419,0.5456494629844738,45.400000000000006,30.200000000000003,9,45.0,288.0,1.0,30,2.0,107.67414093017578
C2,420,0.5357386505338926,39.300000000000004,27.0,9,23.511110305786133,215.0,1.0,90,1.0,122.60448455810547
C2,421,0.7394166666666667,39.699999999999996,27.3,9,24.311111450195312,234.0,1.0,30,2.0,137.02935791015625
C2,422,0.7440000000000001,39.199999999999996,26.9,9,21.64444351196289,200.0,1.0,30,2.0,139.81761169433594
C2,423,0.5682735552837893,33.099999999999994,23.2,9,9.199999809265137,130.0,1.0,90,2.0,121.49057006835938
C2,424,0.7243333333333333,39.6,27.2,11,34.13333511352539,306.0,1.0,30,3.0,108.49433898925781
C2,425,0.6069804299343746,37.5,25.4,11,41.45454406738281,471.0,1.0,90,3.0,108.2966079711914
C2,426,0.5645426293799248,38.0,25.7,11,10.109090805053711,107.0,1.0,70,1.0,113.77796173095703
C2,427,0.6325593092161599,33.5,23.5,11,18.436363220214844,243.0,1.0,70,3.0,114.26677703857422
C2,428,0.7449866822315183,38.0,25.4,11,19.89090919494629,226.0,1.0,30,2.0,108.69339752197266
C2,429,0.5123879355131272,38.199999999999996,25.4,8,49.38181686401367,542.0,1.0,90,2.0,127.2160415649414
C2,430,0.6258116596926072,40.5,27.799999999999997,8,52.79999923706055,444.0,1.0,90,3.0,147.26295471191406
C2,431,0.13051418716719926,33.5,23.3,24,46.47999954223633,699.0,1.0,30,3.0,175.29110717773438
C2,432,0.7931761377007229,32.2,21.4,24,17.566667556762695,424.0,1.0,30,2.0,184.2413330078125
C2,433,0.7744048378709041,31.6,21.2,24,9.333333015441895,218.0,1.0,30,2.0,184.41146850585938
C2,434,0.6534406476750662,23.099999999999998,19.0,24,2.700000047683716,141.0,1.0,90,3.0,159.7135467529297
C2,435,0.6430495506411629,28.1,19.900000000000002,24,5.483333110809326,186.0,1.0,70,3.0,124.89479064941406
C2,436,0.6683310899361323,32.300000000000004,21.6,24,4.9666666984558105,115.0,1.0,50,1.0,104.80354309082031
C2,437,0.269421093944103,33.7,23.400000000000002,14,8.373332977294922,121.0,1.0,50,1.0,102.6154556274414
C2,438,0.41025,40.7,27.400000000000002,6,40.349998474121094,324.0,1.0,50,3.0,107.43594360351562
C2,439,0.42949999999999994,38.6,25.9,14,31.885713577270508,408.0,1.0,30,2.0,122.19490051269531
C2,440,0.5180833333333333,33.300000000000004,22.9,21,35.0476188659668,651.0,1.0,30,3.0,143.8502655029297
C2,441,0.5951538862876484,32.7,21.9,21,23.02857208251953,477.0,1.0,90,3.0,163.64349365234375
C2,442,0.6080315041247066,32.800000000000004,22.0,21,8.60952377319336,175.0,1.0,70,1.0,171.65277099609375
C2,443,0.6958459080860766,32.7,22.1,21,12.45714282989502,246.0,1.0,50,2.0,163.92498779296875
C2,444,0.6025535370941711,32.599999999999994,21.9,21,5.790476322174072,120.0,1.0,70,1.0,154.0883331298828
C2,445,0.24873336179148697,24.299999999999997,18.9,7,0.8952381014823914,33.0,1.0,30,1.0,129.25299072265625
C2,446,0.6598715432159444,33.2,22.4,7,4.914285659790039,86.0,1.0,50,2.0,103.68513488769531
C2,447,0.6986265182647975,28.400000000000002,20.5,6,5.599999904632568,102.0,1.0,50,3.0,76.87774658203125
C2,448,0.5042835229522854,46.5,31.099999999999998,4,40.33333206176758,282.0,1.0,90,3.0,68.92665100097656
C2,449,0.6039265718683827,45.5,31.3,4,38.400001525878906,234.0,1.0,70,3.0,68.8226547241211
C2,450,0.341625,54.5,35.9,6,50.86666488647461,303.0,1.0,50,3.0,77.69359588623047
C2,451,0.5026616169826711,43.7,29.3,6,26.53333282470703,182.0,1.0,90,2.0,82.61615753173828
C2,452,0.6880833333333334,45.3,31.4,6,53.86666488647461,336.0,1.0,50,3.0,90.10302734375
C2,453,0.50275,43.7,28.6,11,58.720001220703125,579.0,1.0,50,3.0,106.86181640625
C2,454,0.6540845062669565,35.7,25.0,11,9.090909004211426,102.0,1.0,50,1.0,118.38375854492188
C2,455,0.77975,35.3,24.8,11,50.0363655090332,579.0,1.0,50,3.0,136.096923828125
C2,456,0.5551252327338548,37.900000000000006,25.4,11,26.254545211791992,292.0,1.0,90,2.0,140.45814514160156
C2,457,0.6544730034691855,37.900000000000006,25.6,11,13.92727279663086,150.0,1.0,50,1.0,149.47488403320312
C2,458,0.7413251798749305,35.7,25.3,11,30.654544830322266,342.0,1.0,50,3.0,144.3516082763672
C2,459,0.7044706298208033,37.900000000000006,25.6,11,46.0,516.0,1.0,70,3.0,144.74429321289062
C2,460,0.5078199139682606,38.3,25.7,8,48.509090423583984,528.0,1.0,90,3.0,148.4465789794922
C2,461,0.5061666666666668,34.6,24.2,15,20.239999771118164,298.0,1.0,30,2.0,155.33460998535156
C2,462,0.608412639064435,33.0,22.5,15,9.41333293914795,174.0,1.0,70,2.0,148.13409423828125
C2,463,0.6071244109781168,33.7,23.400000000000002,15,31.200000762939453,474.0,1.0,90,3.0,141.41378784179688
C2,464,0.7330706128866398,33.5,23.3,15,23.013334274291992,344.0,1.0,50,2.0,140.44827270507812
C2,465,0.7792032993619019,33.8,23.599999999999998,15,17.866666793823242,260.0,1.0,30,2.0,145.602294921875
C2,466,0.6593655599484565,33.9,23.8,12,18.34666633605957,284.0,1.0,30,2.0,146.56138610839844
C2,467,0.7825,35.0,24.6,12,27.700000762939453,330.0,1.0,30,2.0,146.2034912109375
C2,468,0.5912269476914883,34.8,24.8,12,29.16666603088379,366.0,1.0,90,2.0,153.05543518066406
C2,469,0.5986268728386182,34.8,24.7,12,11.733333587646484,140.0,1.0,70,1.0,156.89991760253906
C2,470,0.7834166666666667,34.9,24.6,12,33.53333282470703,410.0,1.0,30,2.0,164.53994750976562
C2,471,0.7489265571288204,33.7,23.5,14,12.285714149475098,184.0,1.0,30,2.0,156.9906463623047
C2,472,0.6497858160307333,23.5,19.400000000000002,14,2.7142856121063232,114.0,1.0,90,3.0,138.86105346679688
C2,473,0.6346813312083428,33.5,23.3,14,19.02857208251953,282.0,1.0,70,3.0,113.18329620361328
C2,474,0.7645888425640363,32.4,21.1,14,8.628571510314941,192.0,1.0,30,3.0,94.0433120727539
C2,475,0.5717713083335995,34.1,24.1,14,17.77142906188965,244.0,1.0,90,2.0,93.75932312011719
C2,476,0.3748972043507457,39.300000000000004,26.5,9,17.155555725097656,163.0,1.0,70,1.0,102.78892517089844
C2,477,0.73575,40.099999999999994,27.400000000000002,9,23.55555534362793,218.0,1.0,30,2.0,114.2066879272461
C2,478,0.5584480238699608,39.300000000000004,27.099999999999998,9,12.088889122009277,118.0,1.0,70,1.0,120.52400970458984
C2,479,0.5591154492644054,44.0,28.9,7,28.399999618530273,202.0,1.0,70,2.0,116.04774475097656
C2,480,0.5421371467794679,44.8,30.200000000000003,7,22.0,152.0,1.0,70,1.0,119.0953140258789
C2,481,0.5356309156166507,44.6,29.7,7,39.771427154541016,293.0,1.0,90,1.0,144.25718688964844
C2,482,-1.0980826155816048,63.4,31.6,37,130.45713806152344,1920.0,1.0,50,3.0,231.22097778320312
C2,483,0.6152758256849598,28.299999999999997,20.400000000000002,37,11.578378677368164,411.0,1.0,90,3.0,281.3992614746094
C2,484,0.7985106229685588,28.5,20.299999999999997,37,8.118919372558594,292.0,1.0,30,2.0,291.9062194824219
C2,485,0.7824795695839403,29.1,20.7,37,5.308108329772949,183.0,1.0,30,1.0,237.27706909179688
C2,486,0.6181166928693728,28.400000000000002,20.400000000000002,37,14.205405235290527,510.0,1.0,90,3.0,208.89956665039062
C2,487,0.6015668258617377,28.9,20.7,37,4.194594383239746,143.0,1.0,90,1.0,191.47308349609375
C2,488,-0.14227356555457113,33.7,23.099999999999998,14,16.85714340209961,242.0,1.0,30,2.0,172.75051879882812
C2,489,0.6238045267040128,28.1,20.0,10,3.319999933242798,90.0,1.0,30,2.0,144.85031127929688
C2,490,0.7579557586510576,29.6,20.9,8,4.300000190734863,80.0,1.0,30,2.0,114.3768539428711
C2,491,0.742687914499719,37.6,25.1,8,17.149999618530273,168.0,1.0,30,2.0,91.1594467163086
C2,492,0.5712987356120706,50.0,17.8,8,0.44999998807907104,7.0,1.0,30,1.0,72.1623306274414
C2,493,0.5872078905911721,39.800000000000004,27.0,8,21.799999237060547,198.0,1.0,70,2.0,68.63072967529297
C2,494,0.6883647821391675,44.1,29.8,8,40.46666717529297,254.0,1.0,30,2.0,72.24510955810547
C2,495,0.7082500000000002,43.1,28.2,8,46.150001525878906,376.0,1.0,50,2.0,98.54706573486328
C2,496,0.7214918005629255,34.0,24.299999999999997,8,21.299999237060547,237.0,1.0,50,3.0,111.66157531738281
C2,497,0.6485610806692307,39.0,27.5,8,14.899999618530273,125.0,1.0,50,1.0,119.26361083984375
C2,498,0.7430833333333333,39.300000000000004,27.2,8,30.600000381469727,276.0,1.0,30,3.0,111.02483367919922
C2,499,0.5603031936261939,42.0,28.299999999999997,8,20.0,171.0,1.0,70,1.0,118.34823608398438
C2,500,0.5773523478198739,40.099999999999994,28.2,8,19.899999618530273,170.0,1.0,70,1.0,128.74227905273438
C2,501,0.6784220531554993,40.300000000000004,27.900000000000002,8,64.94999694824219,546.0,1.0,90,2.0,159.11203002929688
C2,502,0.6331666666666668,38.199999999999996,25.7,11,52.94545364379883,586.0,1.0,50,2.0,193.60055541992188
C2,503,0.5591107425691328,35.3,24.5,16,64.67692565917969,800.0,1.0,50,2.0,244.9603271484375
C2,504,0.44908333333333333,32.099999999999994,21.3,25,23.808000564575195,600.0,1.0,30,2.0,279.3761901855469
C2,505,0.8081666666666668,32.2,21.3,25,29.472000122070312,726.0,1.0,30,2.0,309.3590393066406
C2,506,0.8081666666666668,32.2,21.3,25,27.775999069213867,668.0,1.0,30,2.0,318.54876708984375
C2,507,0.8063333333333333,32.4,21.5,25,21.327999114990234,532.0,1.0,30,2.0,319.5292663574219
C2,508,0.7995417578189754,32.0,21.3,25,19.663999557495117,474.0,1.0,30,2.0,303.31756591796875
C2,509,0.792187704663313,32.300000000000004,21.3,25,17.535999298095703,436.0,1.0,30,2.0,278.1238708496094
C2,510,0.795658085663556,32.2,21.3,25,18.672000885009766,452.0,1.0,30,2.0,257.67431640625
C2,511,0.6499956681479648,32.2,21.5,22,9.64799976348877,231.0,1.0,30,1.0,244.60459899902344
C2,512,0.6269661178991739,32.5,21.9,18,36.155555725097656,651.0,1.0,50,3.0,236.62942504882812
C2,513,0.6026784272418474,33.300000000000004,22.9,16,13.774999618530273,222.0,1.0,70,1.0,231.3109893798828
C2,514,0.6139348524403809,33.4,23.3,15,15.066666603088379,227.0,1.0,70,1.0,227.5865936279297
C2,515,0.7815480353298839,33.8,23.7,15,58.93333435058594,912.0,1.0,70,3.0,236.9519500732422
C2,516,0.7456665845506225,34.0,23.8,13,52.123077392578125,696.0,1.0,70,2.0,259.3711853027344
C2,517,0.6541199755839192,34.4,24.400000000000002,13,26.21538543701172,341.0,1.0,70,1.0,288.022705078125
C2,518,0.39624999999999994,33.5,23.2,23,38.400001525878906,681.0,1.0,30,3.0,294.94696044921875
C2,519,0.6126125866475507,32.300000000000004,21.5,23,8.608695983886719,188.0,1.0,70,1.0,277.7681884765625
C2,520,0.6108351521593016,32.300000000000004,21.5,23,27.947826385498047,651.0,1.0,90,3.0,250.9275665283203
C2,521,0.6336668085022723,32.300000000000004,21.6,23,15.565217018127441,353.0,1.0,70,1.0,251.6232147216797
C2,522,0.65,32.0,21.3,27,34.88888931274414,864.0,1.0,30,1.0,342.1739196777344
C2,523,0.7908034024073699,32.099999999999994,21.0,27,16.22222137451172,413.0,1.0,30,1.0,422.6376953125
C2,524,0.6001627734934776,31.4,21.0,27,19.71851921081543,508.0,1.0,90,2.0,457.7159423828125
C2,525,0.6990722686653638,30.700000000000003,21.0,27,8.88888931274414,234.0,1.0,50,1.0,394.7629089355469
C2,526,0.7118861850813031,30.4,20.9,27,11.274073600769043,293.0,1.0,50,1.0,340.9910888671875
C2,527,0.6327730194619322,31.3,21.1,27,12.414814949035645,325.0,1.0,70,1.0,318.19464111328125
C2,528,0.1315698456212028,33.8,23.0,11,14.850000381469727,231.0,1.0,30,1.0,304.1167907714844
C2,529,0.7496121335957986,35.7,24.8,11,53.272727966308594,612.0,1.0,70,3.0,283.80340576171875
C2,530,0.42431967887626765,33.2,22.700000000000003,20,17.700000762939453,346.0,1.0,30,2.0,251.3487091064453
C2,531,0.6989035984929438,32.9,22.5,20,13.600000381469727,272.0,1.0,50,2.0,219.209228515625
C2,532,0.8026666666666666,32.800000000000004,22.0,20,20.059999465942383,390.0,1.0,30,3.0,190.05886840820312
C2,533,0.5684893558226621,33.0,22.2,20,8.600000381469727,163.0,1.0,90,1.0,171.23532104492188
C2,534,0.7852456440483485,33.300000000000004,22.700000000000003,20,18.520000457763672,376.0,1.0,30,2.0,166.87452697753906
C2,535,0.5121642788148171,33.099999999999994,22.700000000000003,14,26.979999542236328,522.0,1.0,50,2.0,181.72471618652344
C2,536,0.7553959571651299,34.3,24.2,14,31.02857208251953,440.0,1.0,50,2.0,198.23483276367188
C2,537,0.7530057592044427,33.8,23.900000000000002,13,31.342857360839844,432.0,1.0,50,2.0,211.87423706054688
C2,538,0.5944166666666667,33.7,23.5,18,37.33333206176758,561.0,1.0,30,3.0,210.1912078857422
C2,539,0.7233388380461229,33.300000000000004,22.700000000000003,18,20.200000762939453,358.0,1.0,50,2.0,203.7147216796875
C2,540,0.655625936420407,33.2,22.599999999999998,18,23.844444274902344,435.0,1.0,70,3.0,190.36216735839844
C2,541,0.6487813463779545,33.0,22.4,18,41.599998474121094,738.0,1.0,90,3.0,190.21730041503906
C2,542,0.8008333333333334,33.0,22.3,18,45.20000076293945,819.0,1.0,50,3.0,202.66371154785156
C2,543,0.7195207553333359,32.9,22.4,18,18.422222137451172,322.0,1.0,50,2.0,212.264892578125
C2,544,0.7223014354245447,33.2,22.8,18,19.733333587646484,362.0,1.0,50,2.0,209.3589324951172
C2,545,0.7417781721836983,33.0,22.5,18,24.044445037841797,420.0,1.0,50,2.0,199.21536254882812
C2,546,0.7962499999999999,33.5,22.8,18,23.733333587646484,404.0,1.0,30,2.0,198.59588623046875
C2,547,0.7971666666666668,33.4,22.9,18,22.35555648803711,400.0,1.0,30,2.0,200.75753784179688
C2,548,0.6780833333333334,33.300000000000004,23.3,15,27.733333587646484,430.0,1.0,30,2.0,202.72119140625
C2,549,0.7953333333333333,33.6,23.400000000000002,15,29.226667404174805,430.0,1.0,30,2.0,205.63270568847656
C2,550,0.7531635249995925,33.4,23.400000000000002,15,28.0,428.0,1.0,50,2.0,209.2462921142578
C2,551,0.7962499999999999,33.5,23.2,15,21.520000457763672,306.0,1.0,30,2.0,203.1477813720703
C2,552,0.6916901864277065,33.5,23.2,15,13.199999809265137,200.0,1.0,50,1.0,197.48866271972656
C2,553,0.7108589063630726,33.6,23.5,15,37.893333435058594,552.0,1.0,70,3.0,190.09320068359375
C2,554,0.5965682214310217,33.5,23.3,15,26.69333267211914,408.0,1.0,90,2.0,192.45591735839844
C2,555,0.6842886643591106,33.5,23.2,15,31.46666717529297,456.0,1.0,70,2.0,197.6068878173828
C2,556,0.5050055047127895,35.3,25.2,10,20.200000762939453,222.0,1.0,50,1.0,205.76412963867188
C2,557,0.7222533786193113,38.699999999999996,26.3,10,33.31999969482422,330.0,1.0,50,2.0,205.45848083496094
C2,558,0.586917718521249,37.5,25.9,10,15.84000015258789,157.0,1.0,70,1.0,195.8084259033203
C2,559,0.7476666666666667,38.800000000000004,26.200000000000003,10,30.520000457763672,316.0,1.0,30,2.0,181.48504638671875
C2,560,0.5986666666666666,37.6,25.4,14,37.900001525878906,424.0,1.0,30,2.0,179.15769958496094
C2,561,0.7815320188420872,34.0,24.0,14,19.828571319580078,272.0,1.0,30,2.0,174.96128845214844
C2,562,0.7794714348106213,34.1,24.0,14,19.257143020629883,270.0,1.0,30,2.0,169.37677001953125
C2,563,0.7549477417343089,34.1,23.8,14,30.342857360839844,438.0,1.0,50,3.0,157.22605895996094
C2,564,0.5623733412085367,33.9,23.599999999999998,14,10.371428489685059,140.0,1.0,90,1.0,150.46896362304688
C2,565,0.6647347533002146,33.9,23.7,14,27.685714721679688,387.0,1.0,70,3.0,145.61471557617188
C2,566,0.3637209125136302,38.6,26.3,9,11.709091186523438,131.0,1.0,70,1.0,140.70216369628906
C2,567,0.7370033164976189,38.699999999999996,26.4,9,59.11111068725586,558.0,1.0,70,3.0,143.88796997070312
C2,568,0.6630290018853634,39.6,27.3,8,41.511112213134766,384.0,1.0,70,2.0,154.19944763183594
C2,569,0.7006482016719371,40.7,27.799999999999997,8,52.25,423.0,1.0,70,3.0,161.71966552734375
C2,570,0.523028061273862,33.7,23.5,14,11.685714721679688,156.0,1.0,30,1.0,162.23179626464844
C2,571,0.7673836421076978,33.7,23.7,14,33.08571243286133,477.0,1.0,50,3.0,158.1390838623047
C2,572,0.7631168960949917,33.6,23.599999999999998,14,31.428571701049805,447.0,1.0,50,3.0,156.7501220703125
C2,573,0.6839966411614231,33.7,23.5,14,11.828571319580078,162.0,1.0,50,1.0,156.71673583984375
C2,574,0.6730376589785493,33.8,23.8,14,29.457143783569336,432.0,1.0,70,3.0,154.6967010498047
C2,575,0.6252499999999999,34.7,24.6,10,40.82857131958008,564.0,1.0,50,3.0,158.6846923828125
C2,576,0.7476666666666667,38.800000000000004,26.1,10,51.36000061035156,528.0,1.0,50,3.0,162.94415283203125
C2,577,0.7504166666666667,38.5,25.8,10,54.560001373291016,561.0,1.0,50,3.0,171.233154296875
C2,578,0.72192529689688,38.5,25.6,12,81.31999969482422,864.0,1.0,70,3.0,189.53988647460938
C2,579,0.5588035860010272,33.5,23.3,17,29.858823776245117,502.0,1.0,50,2.0,210.52394104003906
C2,580,0.7474810875538381,33.099999999999994,22.700000000000003,17,25.74117660522461,420.0,1.0,50,3.0,216.8477020263672
C2,581,0.7857500000000001,32.9,22.4,19,55.10588073730469,957.0,1.0,50,3.0,224.77528381347656
C2,582,0.7861928902532261,32.9,22.700000000000003,19,77.3263168334961,1510.0,1.0,90,2.0,296.7318420410156
C2,583,0.3278206729260438,32.0,21.1,30,28.50666618347168,837.0,1.0,50,3.0,358.4390869140625
C2,584,0.7236718727542757,31.7,20.9,30,16.81333351135254,486.0,1.0,50,3.0,374.5301208496094
C2,585,0.7133656531329585,30.700000000000003,20.8,30,12.266666412353516,351.0,1.0,50,3.0,299.1180725097656
C2,586,0.6370491775155854,28.8,20.6,30,5.6533331871032715,163.0,1.0,70,1.0,238.4041748046875
C2,587,0.8033396893242677,30.8,20.9,30,16.46666717529297,468.0,1.0,30,3.0,201.17584228515625
C2,588,0.19253673689873607,32.7,21.7,17,16.352941513061523,381.0,1.0,50,3.0,180.1721649169922
C2,589,0.5655211306280494,33.5,23.5,16,15.574999809265137,240.0,1.0,90,2.0,161.83663940429688
C2,590,0.7507772263566553,33.300000000000004,23.099999999999998,16,27.100000381469727,435.0,1.0,50,3.0,149.36865234375
C2,591,0.609232491707033,33.2,22.8,16,10.350000381469727,164.0,1.0,70,1.0,146.82118225097656
C2,592,0.5028403636093346,33.2,22.9,9,17.075000762939453,266.0,1.0,30,2.0,147.0260467529297
C2,593,0.6285833333333334,38.699999999999996,26.200000000000003,12,36.20000076293945,374.0,1.0,30,2.0,152.74896240234375
C2,594,0.5942316772345998,35.4,25.4,12,12.100000381469727,142.0,1.0,70,1.0,153.24937438964844
C2,595,0.7472447786924815,34.9,24.9,12,30.233333587646484,358.0,1.0,50,2.0,159.68295288085938
C2,596,0.7834166666666667,34.9,25.0,12,30.96666717529297,358.0,1.0,30,2.0,162.4764404296875
C2,597,0.7834166666666667,34.9,24.8,12,22.53333282470703,270.0,1.0,30,2.0,163.2191925048828
C2,598,0.7679448152559143,34.3,24.2,12,15.199999809265137,198.0,1.0,30,2.0,152.99818420410156
C2,599,0.7806666666666666,35.2,25.1,12,20.700000762939453,254.0,1.0,30,2.0,139.9322509765625
C2,600,0.7715,36.2,25.0,12,27.266666412353516,340.0,1.0,30,2.0,136.7593536376953
C2,601,0.7861666666666668,34.6,24.6,12,24.899999618530273,300.0,1.0,30,2.0,141.65560913085938
C2,602,0.739862802193655,38.1,25.5,12,17.899999618530273,208.0,1.0,30,2.0,141.52670288085938
C2,603,0.7935,33.8,24.400000000000002,12,20.066667556762695,240.0,1.0,30,2.0,134.78268432617188
C2,604,0.63075,34.1,23.900000000000002,16,36.849998474121094,513.0,1.0,30,3.0,133.53628540039062
C2,605,0.7875973439788491,33.300000000000004,23.099999999999998,16,19.649999618530273,312.0,1.0,30,2.0,139.72177124023438
C2,606,0.7980833333333334,33.300000000000004,22.8,16,26.475000381469727,426.0,1.0,30,2.0,155.8330535888672
C2,607,0.7161480665859856,33.5,23.3,16,18.924999237060547,298.0,1.0,50,2.0,162.56649780273438
C2,608,0.7953333333333333,33.6,23.599999999999998,16,22.5,348.0,1.0,30,2.0,169.00656127929688
C2,609,0.7962499999999999,33.5,23.0,16,24.024999618530273,370.0,1.0,30,2.0,169.13726806640625
C2,610,0.7639916680774637,33.9,23.7,16,12.574999809265137,202.0,1.0,30,2.0,162.81570434570312
C2,611,0.6707500000000001,34.1,23.8,13,21.25,344.0,1.0,30,2.0,158.75608825683594
C2,612,0.565389950627986,34.2,24.299999999999997,13,14.492307662963867,200.0,1.0,90,1.0,158.3203125
C2,613,0.7500381217908694,34.6,24.6,13,30.24615478515625,390.0,1.0,50,2.0,170.59219360351562
C2,614,0.772,34.4,24.400000000000002,15,35.01333236694336,468.0,1.0,30,3.0,175.8219757080078
C2,615,0.7962499999999999,33.5,23.400000000000002,15,25.200000762939453,386.0,1.0,30,2.0,178.02651977539062
C2,616,0.7953333333333333,33.6,23.400000000000002,15,27.893333435058594,414.0,1.0,30,2.0,180.94924926757812
C2,617,0.7944166666666667,33.7,23.400000000000002,15,26.293333053588867,376.0,1.0,30,2.0,186.96954345703125
C2,618,0.7655353791813929,34.0,23.7,15,13.386666297912598,201.0,1.0,30,1.0,191.6483917236328
C2,619,0.6707500000000001,34.1,24.0,18,33.22666549682617,506.0,1.0,30,2.0,200.5890350341797
C2,620,0.7980833333333334,33.300000000000004,22.8,18,23.133333206176758,414.0,1.0,30,2.0,208.48675537109375
C2,621,0.7293293971792033,33.2,22.700000000000003,18,21.422222137451172,384.0,1.0,50,3.0,203.49205017089844
C2,622,0.64175,32.9,22.4,22,36.23636245727539,700.0,1.0,30,2.0,213.42855834960938
C2,623,-0.05528092082525818,32.0,21.4,43,46.32558059692383,1464.0,1.0,30,2.0,289.3904724121094
C2,624,0.6140000000000001,27.2,20.2,49,32.097957611083984,1530.0,1.0,30,2.0,419.90093994140625
C2,625,0.8631666666666666,26.200000000000003,19.900000000000002,49,30.024490356445312,1446.0,1.0,30,2.0,547.9405517578125
C2,626,0.8549166666666668,27.099999999999998,20.1,49,32.14693832397461,1512.0,1.0,30,2.0,627.96435546875
C2,627,0.8576666666666667,26.8,20.299999999999997,49,32.906124114990234,1570.0,1.0,30,2.0,678.645263671875
C2,628,-0.06325000000000003,26.9,20.6,72,38.522579193115234,2211.0,1.0,30,3.0,710.9204711914062
C2,629,0.86775,25.7,20.299999999999997,72,37.051612854003906,2367.0,1.0,30,3.0,734.6856079101562
C2,630,0.76933062723861,25.0,20.1,72,33.13548278808594,2043.0,1.0,70,3.0,735.0780639648438
C2,631,0.6567590270648346,24.0,19.400000000000002,72,13.064516067504883,791.0,1.0,90,1.0,742.5134887695312
C2,632,0.8705,25.4,20.2,72,36.86451721191406,2301.0,1.0,30,3.0,744.0414428710938
C2,633,0.3595322104918659,26.5,20.400000000000002,84,44.76774215698242,2901.0,1.0,30,3.0,783.091552734375
C2,634,0.8604166666666666,26.5,20.400000000000002,84,42.290321350097656,2718.0,1.0,50,2.0,882.2549438476562
C2,635,0.6768194811651042,25.1,19.8,84,27.94193458557129,1706.0,1.0,90,2.0,953.2196044921875
C2,636,0.87875,24.5,19.7,84,23.070968627929688,1378.0,1.0,30,2.0,958.7317504882812
C2,637,0.8741666666666668,25.0,20.1,84,33.219356536865234,2055.0,1.0,30,3.0,872.1724243164062
C2,638,0.8750833333333334,24.9,20.0,84,31.554838180541992,1959.0,1.0,30,3.0,793.5701293945312
C2,639,0.8750833333333334,24.9,20.2,84,34.15483856201172,2094.0,1.0,30,3.0,747.6087036132812
C2,640,0.7852796237600432,25.0,20.2,84,36.858062744140625,2319.0,1.0,70,3.0,731.7652587890625
C2,641,0.796300575572337,26.8,20.5,84,43.464515686035156,3219.0,1.0,70,3.0,778.2591552734375
C2,642,0.8860833333333334,23.7,19.3,84,22.161291122436523,1317.0,1.0,30,1.0,888.6888427734375
C2,643,0.7695467308919087,25.1,20.1,84,33.400001525878906,2055.0,1.0,70,3.0,943.2133178710938
C2,644,0.887,23.599999999999998,19.400000000000002,84,21.58709716796875,1322.0,1.0,30,2.0,920.99462890625
C2,645,0.8860833333333334,23.7,19.5,84,23.09677505493164,1400.0,1.0,30,2.0,825.3967895507812
C2,646,0.8723333333333333,25.2,20.2,84,34.47096633911133,2154.0,1.0,30,3.0,772.4380493164062
C2,647,0.8763068583748429,23.5,19.3,84,19.09677505493164,1154.0,1.0,30,2.0,729.4628295898438
C2,648,0.8657544694256093,23.7,19.3,84,15.438709259033203,924.0,1.0,30,2.0,671.9443969726562
C2,649,0.8088580931471105,23.900000000000002,19.2,84,20.045162200927734,1206.0,1.0,50,2.0,622.0999755859375
C2,650,0.8105554559116624,23.900000000000002,19.3,84,20.45161247253418,1244.0,1.0,50,2.0,598.1932983398438
C2,651,0.7989943580765883,23.900000000000002,19.3,84,17.70967674255371,1088.0,1.0,50,2.0,594.7826538085938
C2,652,-1.0614457206005021,27.5,20.2,40,41.43000030517578,1698.0,1.0,90,3.0,587.8029174804688
C2,653,0.5321785253639898,29.0,20.5,33,33.660606384277344,1098.0,1.0,50,2.0,573.8817749023438
C2,654,-0.20254916149747035,27.799999999999997,20.7,59,40.63050842285156,2079.0,1.0,30,3.0,585.3956909179688
C2,655,0.8197469056298492,24.7,19.5,59,24.52203369140625,1430.0,1.0,50,2.0,612.1707763671875
C2,656,0.8796666666666667,24.400000000000002,19.5,59,24.372880935668945,1402.0,1.0,30,2.0,648.50244140625
C2,657,0.7799755267757178,25.7,20.2,59,37.11864471435547,2190.0,1.0,70,3.0,675.2348022460938
C2,658,0.7624366416630214,24.6,19.8,59,30.65762710571289,1773.0,1.0,70,3.0,674.7409057617188
C2,659,0.3079573168169564,25.0,19.7,48,28.081356048583984,1620.0,1.0,70,3.0,652.9778442382812
C2,660,0.54775,25.7,20.1,56,34.05714416503906,1836.0,1.0,30,3.0,624.1867065429688
C2,661,0.6295833333333334,25.5,20.0,62,33.21333312988281,1869.0,1.0,30,3.0,611.1787109375
C2,662,0.793332518865531,23.7,19.3,62,15.954838752746582,968.0,1.0,50,2.0,595.9072265625
C2,663,0.8805833333333334,24.299999999999997,19.7,62,26.987096786499023,1656.0,1.0,30,3.0,578.7443237304688
C2,664,0.8471144990518593,23.599999999999998,19.400000000000002,62,9.154838562011719,549.0,1.0,30,1.0,558.5799560546875
C2,665,0.8778333333333334,24.6,19.7,62,27.445161819458008,1683.0,1.0,30,3.0,556.7479858398438
C2,666,0.8879166666666667,23.5,19.3,62,22.161291122436523,1359.0,1.0,30,3.0,542.4487915039062
C2,667,0.8778333333333334,24.6,19.8,62,27.819355010986328,1692.0,1.0,30,3.0,535.8692626953125
C2,668,0.8327792051917102,24.400000000000002,19.599999999999998,62,7.212903022766113,423.0,1.0,30,3.0,475.92156982421875
C2,669,0.8475554413380488,23.5,19.400000000000002,62,9.019354820251465,531.0,1.0,30,3.0,403.1529235839844
C2,670,0.673129232904057,24.400000000000002,19.599999999999998,62,3.864516019821167,216.0,1.0,70,2.0,298.6917724609375
C2,671,0.6435480106865196,24.1,19.8,62,1.7999999523162842,101.0,1.0,90,1.0,230.6817169189453
C2,672,0.6793866327268214,23.400000000000002,19.3,62,2.567741870880127,178.0,1.0,70,2.0,178.14236450195312
C2,673,-1.0572034981267866,33.2,22.2,19,5.6421051025390625,106.0,1.0,50,1.0,146.35208129882812
C2,674,0.16272279370553577,34.8,24.0,8,13.073683738708496,252.0,1.0,70,2.0,130.6112518310547
C2,675,0.3933651654188325,44.900000000000006,29.8,4,25.100000381469727,148.0,1.0,70,2.0,119.166748046875
C2,676,0.3295066575738977,59.8,37.3,4,38.20000076293945,184.0,1.0,50,2.0,110.43338775634766
C2,677,0.6133922632186286,49.6,34.6,4,30.5,160.0,1.0,50,2.0,99.06002807617188
C2,678,0.34904999999999997,51.8,35.7,6,48.733333587646484,304.0,1.0,50,2.0,102.63601684570312
C2,679,0.6835,45.8,31.5,6,42.46666717529297,270.0,1.0,50,2.0,110.51494598388672
C2,680,0.5638254517455349,33.7,24.0,6,10.066666603088379,118.0,1.0,90,2.0,112.44229888916016
C2,681,0.46275,43.7,28.2,12,32.03333282470703,369.0,1.0,30,3.0,109.73204803466797
C2,682,0.69480219790295,35.2,24.8,12,17.566667556762695,216.0,1.0,50,2.0,104.50589752197266
C2,683,0.7383646129054887,34.6,24.7,12,26.96666717529297,340.0,1.0,50,2.0,116.17020416259766
C2,684,0.6991015635817102,34.7,24.7,12,17.5,204.0,1.0,50,2.0,120.36878967285156
C2,685,0.688838161665049,33.5,23.2,12,12.533333778381348,170.0,1.0,50,2.0,119.82127380371094
C2,686,0.7806666666666666,35.2,24.7,12,29.433332443237305,351.0,1.0,30,3.0,112.42609405517578
C2,687,0.7757574120747687,32.9,22.3,12,13.433333396911621,210.0,1.0,30,3.0,103.72232818603516
C2,688,0.6973959535887728,34.7,24.8,12,37.099998474121094,453.0,1.0,70,3.0,107.30006408691406
C2,689,0.7522167867454249,32.2,21.2,12,4.833333492279053,102.0,1.0,30,2.0,100.6467056274414
C2,690,0.7591460298385331,32.800000000000004,22.3,12,8.133333206176758,142.0,1.0,30,2.0,96.78802490234375
C2,691,0.5971352843527491,33.8,23.900000000000002,12,7.9666666984558105,98.0,1.0,70,1.0,87.40614318847656
C2,692,0.758234283865004,32.5,21.8,12,7.133333206176758,126.0,1.0,30,2.0,83.37702178955078
C2,693,0.7772079543151097,29.0,20.299999999999997,12,3.7333333492279053,96.0,1.0,30,2.0,77.89287567138672
C2,694,0.3552059259884297,33.4,23.5,4,9.100000381469727,84.0,1.0,50,2.0,67.13572692871094
C2,695,0.3529,50.4,35.5,6,33.93333435058594,218.0,1.0,30,2.0,66.81477355957031
C2,696,0.6695738173918682,46.0,31.7,6,18.866666793823242,121.0,1.0,30,1.0,76.35552978515625
C2,697,0.6745833333333333,45.900000000000006,30.8,7,30.742856979370117,224.0,1.0,30,2.0,91.41331481933594
C2,698,0.7243333333333333,39.6,26.9,9,31.377777099609375,297.0,1.0,30,3.0,99.11465454101562
C2,699,0.7449166666666667,39.1,26.8,9,28.711111068725586,266.0,1.0,30,2.0,105.33546447753906
C2,700,0.5970642429459967,39.199999999999996,26.8,9,42.93333435058594,399.0,1.0,90,3.0,111.8679428100586
C2,701,0.4364002045434198,36.2,24.9,17,62.47999954223633,866.0,1.0,50,2.0,160.32077026367188
C2,702,0.739038377107408,32.9,22.4,17,43.12941360473633,740.0,1.0,70,1.0,270.3258056640625
C2,703,0.5342328409296837,32.7,54.5,23,12.330434799194336,282.0,1.0,30,2.0,337.3954772949219
C2,704,0.7719318946462865,32.300000000000004,21.6,23,10.486956596374512,228.0,1.0,30,2.0,335.10394287109375
C2,705,0.7754185272640264,32.300000000000004,21.6,23,11.547825813293457,254.0,1.0,30,2.0,251.99569702148438
C2,706,0.7933355749613953,32.300000000000004,21.4,23,18.03478240966797,405.0,1.0,30,3.0,201.33074951171875
C2,707,0.7656284267634527,32.5,21.8,23,9.182608604431152,208.0,1.0,30,2.0,169.59844970703125
C2,708,0.42436701416978634,28.8,20.5,14,5.085714340209961,122.0,1.0,30,2.0,141.7590789794922
C2,709,0.5740975260857722,31.9,20.6,14,4.22857141494751,104.0,1.0,90,2.0,113.98877716064453
C2,710,0.7867946209700325,28.8,20.6,14,5.714285850524902,120.0,1.0,30,2.0,91.45993041992188
C2,711,0.746532248152364,33.0,22.1,14,5.257143020629883,89.0,1.0,30,1.0,81.67595672607422
C2,712,0.28697227011620785,32.7,22.5,7,4.4571428298950195,57.0,1.0,90,1.0,76.47224426269531
C2,713,0.40957565873010626,40.099999999999994,27.5,3,17.733333587646484,108.0,1.0,70,2.0,72.55001068115234
C2,714,0.607545094389812,44.3,30.099999999999998,3,16.66666603088379,108.0,1.0,50,2.0,65.5300064086914
C2,715,0.6120259286835841,43.5,30.099999999999998,3,16.0,102.0,1.0,50,2.0,60.51800537109375
C2,716,0.5941479133890162,48.5,33.9,2,24.66666603088379,128.0,1.0,50,2.0,58.84413528442383
C2,717,0.307636448395669,52.0,36.8,2,24.600000381469727,110.0,1.0,50,2.0,57.973148345947266
C2,718,0.6116559766837901,44.1,31.099999999999998,2,17.200000762939453,94.0,1.0,50,2.0,56.91722106933594
C2,719,0.6406666666666667,49.6,33.9,3,35.599998474121094,159.0,1.0,30,3.0,54.81700134277344
C2,720,0.6305548114326085,39.300000000000004,26.599999999999998,3,11.333333015441895,88.0,1.0,50,2.0,52.0901985168457
C2,721,0.3308155040880945,59.8,38.6,3,38.79999923706055,164.0,1.0,50,2.0,55.12078857421875
C2,722,0.6148450288250674,44.0,29.2,3,17.733333587646484,108.0,1.0,50,2.0,57.072471618652344
C2,723,0.4358038587426197,47.5,29.5,3,8.800000190734863,51.0,1.0,90,1.0,59.176815032958984
C2,724,0.5527935718752993,44.6,30.3,3,24.266666412353516,159.0,1.0,70,3.0,56.572757720947266
C2,725,0.5699772816709021,44.5,30.200000000000003,3,28.266666412353516,171.0,1.0,70,3.0,55.41032028198242
C2,726,0.5466181355598174,49.7,34.4,3,34.0,183.0,1.0,70,3.0,56.04619216918945
C2,727,-0.256842752189695,143.8,64.8,6,186.39999389648438,939.0,1.0,70,3.0,91.0943832397461
C2,728,0.4276666666666667,38.800000000000004,25.8,14,46.91428756713867,654.0,1.0,50,1.0,191.72329711914062
C2,729,0.2743906437605925,37.900000000000006,24.8,24,101.4117660522461,1881.0,1.0,70,3.0,327.56732177734375
C2,730,0.26220320256555874,30.599999999999998,20.8,36,18.799999237060547,658.0,1.0,50,1.0,455.07373046875
C2,731,0.822827366521166,28.5,20.2,36,35.844444274902344,1260.0,1.0,50,2.0,528.3775634765625
C2,732,0.8275266836912731,28.0,20.0,36,35.88888931274414,1262.0,1.0,50,2.0,572.8931884765625
C2,733,0.8279216420312266,28.1,20.1,36,36.400001525878906,1280.0,1.0,50,2.0,597.2025756835938
C2,734,0.8258506680371381,28.1,20.1,36,35.599998474121094,1254.0,1.0,50,2.0,611.3882446289062
C2,735,0.4200833333333333,30.900000000000002,20.8,26,46.599998474121094,1284.0,1.0,50,2.0,621.3662719726562
C2,736,0.8118333333333333,31.8,20.9,26,47.96923065185547,1264.0,1.0,50,2.0,626.2864379882812
C2,737,0.8090833333333334,32.099999999999994,21.9,26,72.61538696289062,1935.0,1.0,70,3.0,631.6385498046875
C2,738,0.2934391134070168,28.0,26.200000000000003,39,31.117948532104492,1296.0,1.0,50,2.0,635.6497802734375
C2,739,0.6263756504501381,27.900000000000002,20.0,39,16.492307662963867,635.0,1.0,90,1.0,638.45654296875
C2,740,0.6700472487933155,28.1,20.0,39,34.92307662963867,1332.0,1.0,90,2.0,642.9406127929688
C2,741,-0.14508333333333326,27.099999999999998,20.400000000000002,64,39.22264099121094,2001.0,1.0,30,3.0,648.1643676757812
C2,742,0.8741666666666668,25.0,19.900000000000002,64,30.064516067504883,1860.0,1.0,30,3.0,649.298583984375
C2,743,0.8796666666666667,24.400000000000002,19.8,64,29.90322494506836,1836.0,1.0,30,3.0,642.7791748046875
C2,744,0.8723771496428034,24.1,19.400000000000002,64,19.877418518066406,1212.0,1.0,30,2.0,630.7341918945312
C2,745,0.87875,24.5,19.7,64,28.354839324951172,1773.0,1.0,30,3.0,619.6405029296875
C2,746,0.8769166666666668,24.7,19.8,64,29.148387908935547,1776.0,1.0,30,3.0,610.317626953125
C2,747,0.87875,24.5,19.7,64,29.1741943359375,1803.0,1.0,30,3.0,604.0572509765625
C2,748,0.8769166666666668,24.7,20.0,64,32.445159912109375,1995.0,1.0,30,3.0,610.1676635742188
C2,749,0.8760000000000001,24.8,20.0,64,31.29032325744629,1887.0,1.0,30,3.0,618.7672729492188
C2,750,0.8358709564036784,23.8,19.5,64,6.567741870880127,366.0,1.0,30,3.0,560.0603637695312
C2,751,0.8252232564526971,23.900000000000002,19.599999999999998,64,4.051612854003906,236.0,1.0,30,2.0,451.90289306640625
C2,752,0.7001446497990917,20.9,18.5,64,1.5612902641296387,134.0,1.0,70,2.0,312.0750732421875
C2,753,0.839801658446907,23.599999999999998,19.400000000000002,64,7.129032135009766,417.0,1.0,30,3.0,230.44503784179688
C2,754,0.6846024553000304,23.099999999999998,19.2,64,3.6709678173065186,252.0,1.0,70,3.0,176.93368530273438
C2,755,-1.1885189973350285,32.099999999999994,21.0,15,9.813333511352539,231.0,1.0,30,3.0,146.16021728515625
C2,756,0.7971666666666668,33.4,23.0,15,24.8266658782959,375.0,1.0,30,3.0,125.82946014404297
C2,757,0.7944166666666667,33.7,23.7,15,20.773332595825195,321.0,1.0,30,3.0,116.69767761230469
C2,758,0.7573903985287038,34.1,24.0,13,16.586666107177734,238.0,1.0,30,2.0,116.818603515625
C2,759,0.7813267857726043,33.2,22.9,13,16.461538314819336,261.0,1.0,30,3.0,111.82449340820312
C2,760,0.7609119085572557,32.7,21.9,13,8.369231224060059,146.0,1.0,30,2.0,104.2947006225586
C2,761,0.5925833333333334,33.9,23.7,18,33.88888931274414,574.0,1.0,30,2.0,122.17681884765625
C2,762,-0.22908333333333333,31.9,21.1,44,37.745452880859375,1432.0,1.0,30,2.0,216.7727508544922
C2,763,0.621491651916461,26.4,19.900000000000002,49,9.167346954345703,444.0,1.0,30,2.0,293.3970031738281
C2,764,0.6652780555530247,25.6,19.8,49,5.199999809265137,250.0,1.0,70,2.0,317.7715148925781
C2,765,0.842099498325624,21.4,18.8,49,2.54693865776062,154.0,1.0,30,2.0,247.1962432861328
C2,766,0.8272852571936715,23.2,19.3,49,2.9632654190063477,160.0,1.0,30,2.0,185.91775512695312
C2,767,0.8512293939121849,19.7,18.5,49,1.640816330909729,116.0,1.0,30,2.0,140.21731567382812
C2,768,-0.8363573942242083,33.300000000000004,22.700000000000003,9,10.75,186.0,1.0,30,2.0,114.93038940429688
C2,769,0.74125,39.5,26.8,9,29.688888549804688,280.0,1.0,30,2.0,107.75823211669922
C2,770,0.520935956528336,38.4,25.6,9,10.222222328186035,97.0,1.0,90,1.0,108.65493774414062
C2,771,0.6331666666666668,38.199999999999996,25.5,12,30.96666717529297,352.0,1.0,30,2.0,120.25962829589844
C2,772,0.7653741554679873,34.4,24.1,12,14.600000381469727,188.0,1.0,30,2.0,121.089111328125
C2,773,0.7582311302406588,35.9,24.8,12,17.133333206176758,214.0,1.0,30,2.0,122.92013549804688
C2,774,0.7825,35.0,24.6,12,23.266666412353516,290.0,1.0,30,2.0,119.88541412353516
C2,775,0.6276570069144833,34.8,24.5,12,20.366666793823242,256.0,1.0,70,2.0,122.59791564941406
C2,776,0.7788333333333334,35.4,24.9,12,20.766666412353516,252.0,1.0,30,2.0,126.75875091552734
C2,777,0.5921175414157053,32.599999999999994,21.9,10,7.960000038146973,150.0,1.0,70,3.0,116.58858489990234
C2,778,0.7585324595491696,35.8,25.1,10,16.8799991607666,184.0,1.0,30,2.0,105.68648529052734
C2,779,0.7509532444923656,32.800000000000004,21.9,9,8.079999923706055,122.0,1.0,30,2.0,90.47855377197266
C2,780,0.5668008959625479,33.8,23.400000000000002,9,12.977777481079102,180.0,1.0,90,3.0,82.6871337890625
C2,781,0.6340833333333333,38.1,25.8,12,35.83333206176758,414.0,1.0,30,3.0,84.14561462402344
C2,782,0.77475,34.1,23.8,14,23.685714721679688,332.0,1.0,30,2.0,99.02069854736328
C2,783,0.7935,33.8,23.8,14,23.14285659790039,324.0,1.0,30,2.0,121.5457534790039
C2,784,0.7925833333333334,33.9,23.8,14,20.514286041259766,286.0,1.0,30,2.0,135.72744750976562
C2,785,0.7971666666666668,33.4,23.5,14,23.114286422729492,314.0,1.0,30,2.0,143.03646850585938
C2,786,0.6788278818081056,33.8,23.8,14,30.828571319580078,438.0,1.0,70,3.0,145.28854370117188
C2,787,0.7953333333333333,33.6,23.8,14,22.457143783569336,312.0,1.0,30,2.0,148.3731231689453
C2,788,0.7916666666666666,34.0,24.1,14,21.0,280.0,1.0,30,2.0,147.95721435546875
C2,789,0.7925833333333334,33.9,23.900000000000002,14,21.02857208251953,300.0,1.0,30,2.0,148.24099731445312
C2,790,0.7916666666666666,34.0,23.900000000000002,14,27.628570556640625,378.0,1.0,30,3.0,144.41127014160156
C2,791,0.6491870867569812,33.7,23.7,14,23.371429443359375,334.0,1.0,70,2.0,145.7134246826172
C2,792,0.7836666666666666,34.0,23.900000000000002,13,28.492307662963867,384.0,1.0,30,3.0,143.56138610839844
C2,793,0.7624722153961199,34.1,23.599999999999998,13,12.676922798156738,184.0,1.0,30,2.0,137.73683166503906
C2,794,0.7757644262700918,34.6,24.5,13,19.69230842590332,260.0,1.0,30,2.0,129.3087615966797
C2,795,0.7780983464319122,33.9,24.0,13,17.78461456298828,242.0,1.0,30,2.0,123.31859588623047
C2,796,0.7706134819935827,30.099999999999998,20.6,13,4.615384578704834,102.0,1.0,30,2.0,114.25782012939453
C2,797,0.6738970916611998,33.8,24.0,13,29.66153907775879,387.0,1.0,70,3.0,108.68802642822266
C2,798,0.36498025134100454,37.8,25.7,9,9.022222518920898,94.0,1.0,90,1.0,101.74614715576172
C2,799,0.7412076010554044,38.0,26.0,9,18.08888816833496,184.0,1.0,30,2.0,103.04769134521484
C2,800,0.753418773199895,34.0,24.1,8,12.04444408416748,154.0,1.0,30,2.0,96.89527893066406
C2,801,0.6874166666666667,44.5,30.599999999999998,7,35.53333282470703,242.0,1.0,30,2.0,96.8038330078125
C2,802,0.5594826253595564,33.5,23.599999999999998,7,4.285714149475098,54.0,1.0,90,1.0,91.68230438232422
C2,803,0.7439934998932912,36.6,25.5,7,14.171428680419922,140.0,1.0,30,2.0,87.6760482788086
C2,804,0.6981666666666667,44.2,29.5,7,29.657142639160156,218.0,1.0,30,2.0,83.67229461669922
C2,805,0.5312514043588313,43.8,29.1,7,16.457143783569336,118.0,1.0,70,1.0,89.80337524414062
C2,806,0.6830833333333334,44.1,29.0,9,37.94285583496094,280.0,1.0,30,2.0,102.81536102294922
C2,807,0.7384999999999999,39.800000000000004,27.099999999999998,9,25.64444351196289,244.0,1.0,30,2.0,112.35588073730469
C2,808,0.7861121889850017,27.599999999999998,19.3,9,2.7555556297302246,72.0,1.0,30,2.0,107.14686584472656
C2,809,0.7403333333333333,39.6,27.3,9,26.9777774810791,248.0,1.0,30,2.0,101.88811492919922
C2,810,0.738742044253054,34.4,24.0,9,6.577777862548828,78.0,1.0,30,1.0,92.86620330810547
C2,811,0.5660033305351939,32.800000000000004,22.700000000000003,9,4.400000095367432,64.0,1.0,90,1.0,91.18638610839844
C2,812,0.5978337696869023,39.4,27.099999999999998,12,46.0,381.0,1.0,30,3.0,90.57849884033203
C2,813,0.7769961987297976,33.8,23.400000000000002,12,16.933332443237305,249.0,1.0,30,3.0,90.88043212890625
C2,814,0.7779237758946226,33.6,23.400000000000002,12,16.566667556762695,240.0,1.0,30,3.0,93.1949234008789
C2,815,0.7907500000000001,34.1,23.900000000000002,12,21.133333206176758,285.0,1.0,30,3.0,90.31695556640625
C2,816,0.7907500000000001,34.1,24.400000000000002,12,25.200000762939453,296.0,1.0,30,2.0,97.25684356689453
C2,817,0.7861666666666668,34.6,24.400000000000002,12,20.766666412353516,279.0,1.0,30,3.0,103.15410614013672
C2,818,0.6037630754648498,37.3,25.7,10,24.280000686645508,248.0,1.0,70,2.0,110.55912780761719
C2,819,0.7834166666666667,34.9,24.9,10,26.399999618530273,297.0,1.0,30,3.0,108.46881103515625
C2,820,0.7403333333333333,39.6,26.5,10,28.8799991607666,290.0,1.0,30,2.0,114.14795684814453
C2,821,-0.11721976843904858,35.2,24.1,31,55.65999984741211,990.0,1.0,30,3.0,145.02210998535156
C2,822,-0.9106963234577735,29.0,21.1,74,47.29655075073242,2355.0,1.0,30,3.0,255.0132598876953
C2,823,0.8450582906799132,21.3,18.8,74,3.0516128540039062,231.0,1.0,30,3.0,311.9412841796875
C2,824,0.8491452270301737,19.099999999999998,18.4,74,1.1354838609695435,126.0,1.0,30,3.0,307.6981201171875
C2,825,0.8451752351202123,20.7,18.599999999999998,74,1.729032278060913,165.0,1.0,30,3.0,207.81886291503906
C2,826,0.6626613933695902,25.5,19.8,74,3.6967742443084717,212.0,1.0,70,2.0,151.7579803466797
C2,827,0.8464752841651829,20.299999999999997,18.5,74,1.1548386812210083,123.0,1.0,30,3.0,117.98812103271484
C2,828,-2.1139232886104025,34.1,23.7,7,14.342857360839844,166.0,1.0,90,2.0,101.45954132080078
C2,829,0.6910833333333334,44.1,29.7,8,37.02857208251953,266.0,1.0,30,2.0,95.14239501953125
C2,830,0.7323333333333333,39.6,27.400000000000002,9,21.200000762939453,200.0,1.0,30,2.0,99.21876525878906
C2,831,0.7676590886723668,34.6,24.8,9,16.133333206176758,174.0,1.0,30,2.0,102.19792938232422
C2,832,0.74125,39.5,27.099999999999998,9,26.08888816833496,238.0,1.0,30,2.0,102.11875915527344
C2,833,0.7360000000000001,39.199999999999996,26.8,10,33.24444580078125,302.0,1.0,30,2.0,108.87125396728516
C2,834,0.7440000000000001,39.199999999999996,26.5,10,23.8799991607666,252.0,1.0,30,2.0,118.12274932861328
C2,835,0.74125,39.5,26.599999999999998,10,26.399999618530273,250.0,1.0,30,2.0,124.47364807128906
C2,836,0.74125,39.5,26.599999999999998,10,23.520000457763672,240.0,1.0,30,2.0,124.1508560180664
C2,837,0.7485833333333334,38.699999999999996,26.4,10,32.400001525878906,320.0,1.0,30,2.0,128.49050903320312
C2,838,0.7451666666666668,38.199999999999996,25.7,11,33.6363639831543,366.0,1.0,30,2.0,138.82763671875
C2,839,0.7779166666666667,35.5,25.1,11,30.909090042114258,340.0,1.0,30,2.0,151.6965789794922
C2,840,0.8567616332437402,20.5,18.700000000000003,11,4.145454406738281,111.0,1.0,30,3.0,143.0179443359375
C2,841,0.7540833333333333,38.1,25.4,11,29.672727584838867,324.0,1.0,30,2.0,135.01077270507812
C2,842,0.7561349178801853,32.800000000000004,22.0,11,7.309091091156006,126.0,1.0,30,2.0,115.9397964477539
C2,843,0.7653767568689788,33.8,23.900000000000002,11,12.727272987365723,166.0,1.0,30,2.0,110.63054656982422
C2,844,0.7586666666666666,37.6,25.4,11,21.236364364624023,242.0,1.0,30,2.0,101.97832489013672
C2,845,0.7660863233151264,33.6,23.5,11,12.363636016845703,164.0,1.0,30,2.0,99.32032775878906
C2,846,0.7595833333333334,37.5,25.3,11,23.090909957885742,254.0,1.0,30,2.0,103.59220123291016
C2,847,0.7339908315778685,32.2,21.0,9,4.266666889190674,90.0,1.0,30,2.0,96.02198791503906
C2,848,0.7394166666666667,39.699999999999996,27.3,9,27.422222137451172,258.0,1.0,30,2.0,97.74652099609375
C2,849,0.7617470385564653,33.7,23.7,9,11.288888931274414,146.0,1.0,30,2.0,91.58124542236328
C2,850,0.7458333333333333,39.0,26.700000000000003,9,32.0,292.0,1.0,30,2.0,101.34874725341797
C2,851,0.7316666666666667,38.800000000000004,26.4,11,33.12727355957031,330.0,1.0,30,2.0,112.00924682617188
C2,852,0.74675,38.9,26.0,11,21.781818389892578,250.0,1.0,30,2.0,125.33888244628906
C2,853,0.7286476981889138,38.3,25.9,11,14.254545211791992,163.0,1.0,30,1.0,135.60333251953125
C2,854,0.5490798232453669,38.5,25.7,11,26.03636360168457,286.0,1.0,90,2.0,138.8286590576172
C2,855,0.7160030515594157,38.800000000000004,25.9,11,11.600000381469727,123.0,1.0,30,1.0,140.4971923828125
C2,856,0.7224380496736821,39.0,25.9,11,14.327272415161133,157.0,1.0,30,1.0,140.6983184814453
C2,857,0.7318746903243963,34.4,23.7,10,6.880000114440918,81.0,1.0,30,1.0,132.5523223876953
C2,858,0.7412668257842989,32.599999999999994,20.7,10,3.0,53.0,1.0,30,1.0,118.3313980102539
C2,859,0.7458333333333333,39.0,26.3,10,22.040000915527344,226.0,1.0,30,2.0,103.93216705322266
C2,860,0.7276758329899634,32.599999999999994,22.0,8,3.5999999046325684,53.0,1.0,30,1.0,91.5593032836914
C2,861,0.7458731473636588,33.300000000000004,23.099999999999998,8,5.800000190734863,64.0,1.0,30,1.0,85.60224914550781
C2,862,0.6963751876288966,28.8,20.299999999999997,8,3.950000047683716,105.0,1.0,50,3.0,71.62801361083984
C2,863,0.7100833333333334,42.9,28.1,8,42.04999923706055,351.0,1.0,50,3.0,71.77680969238281
C2,864,0.6206334534120914,29.1,20.299999999999997,12,4.833333492279053,123.0,1.0,30,3.0,68.7994155883789
C2,865,0.7879121271197372,28.7,20.2,12,5.766666889190674,147.0,1.0,30,3.0,68.87965393066406
C2,866,0.7759222540755373,29.5,20.299999999999997,12,4.566666603088379,129.0,1.0,30,3.0,59.06112289428711
C2,867,0.7666715982068507,31.9,20.7,12,7.933333396911621,171.0,1.0,30,3.0,55.303340911865234
C2,868,0.7764422413140079,30.900000000000002,20.9,12,8.100000381469727,177.0,1.0,30,3.0,54.38200378417969
C2,869,0.41758333333333336,39.9,27.5,4,27.399999618530273,183.0,1.0,30,3.0,56.22920227050781
C2,870,0.7326821707547613,39.1,26.200000000000003,4,18.799999237060547,150.0,1.0,30,3.0,56.40419006347656
C2,871,0.6335833333333333,49.5,33.2,6,38.0,252.0,1.0,30,3.0,59.84251403808594
C2,872,0.7533556324860486,32.4,22.0,6,5.599999904632568,88.0,1.0,30,2.0,59.63883972167969
C2,873,0.7759755380405624,28.400000000000002,19.400000000000002,6,2.066666603088379,54.0,1.0,30,2.0,56.44997024536133
C2,874,0.852702823555001,18.1,18.4,6,2.0,54.0,1.0,30,2.0,46.936649322509766
C2,875,0.6014864819627108,28.7,20.6,6,1.9333332777023315,34.0,1.0,90,1.0,39.89532470703125
C2,876,0.7777087596160811,28.8,20.7,6,3.4000000953674316,60.0,1.0,30,2.0,36.070526123046875
C2,877,0.5958519247884594,33.8,24.2,2,9.800000190734863,64.0,1.0,30,2.0,34.442317962646484
C2,878,0.6752568707294591,44.3,31.8,1,18.0,66.0,1.0,30,2.0,33.33205795288086
C2,879,0.766140026919445,32.9,26.200000000000003,1,10.399999618530273,54.0,1.0,30,2.0,32.265899658203125
C2,880,0.7665584352413217,33.0,27.799999999999997,1,10.800000190734863,52.0,1.0,30,2.0,30.82620620727539
C2,881,-0.5796059259339077,217.20000000000002,91.2,7,163.8000030517578,714.0,1.0,30,2.0,73.16239166259766
C2,882,-0.1803159886232691,33.7,23.400000000000002,31,42.32258224487305,1166.0,1.0,30,2.0,172.6974334716797
C2,883,0.3288102488202574,19.099999999999998,18.3,44,1.0545454025268555,82.0,1.0,30,2.0,234.41845703125
C2,884,0.7084760865278696,19.400000000000002,18.3,44,1.600000023841858,126.0,1.0,70,3.0,229.45108032226562
C2,885,0.7066152535483406,18.1,17.9,44,0.699999988079071,78.0,1.0,70,3.0,152.2039794921875
C2,886,0.8466963670404812,18.4,18.0,44,0.5454545617103577,54.0,1.0,30,2.0,103.98905181884766
C2,887,0.8476037480262871,18.700000000000003,18.3,44,0.7636363506317139,60.0,1.0,30,2.0,73.46009826660156
C2,888,-0.9511168905453578,28.8,20.9,1,1.2333333492279053,52.0,1.0,30,2.0,55.14272689819336
C2,889,0.7569476672328439,33.300000000000004,27.099999999999998,1,8.800000190734863,40.0,1.0,30,2.0,43.21896743774414
C2,890,0.6721693258003434,45.199999999999996,34.8,1,16.799999237060547,62.0,1.0,30,2.0,36.19804763793945
C2,891,0.28530000000000005,80.8,46.6,1,28.799999237060547,82.0,1.0,30,2.0,33.985496520996094
C2,892,0.7596976672328439,33.0,27.0,1,8.800000190734863,46.0,1.0,30,2.0,33.05796432495117
C2,893,0.5696698421008858,33.0,27.2,1,9.600000381469727,50.0,1.0,90,2.0,31.701444625854492
C2,894,0.7606143338995106,32.9,27.599999999999998,1,8.800000190734863,44.0,1.0,30,2.0,28.35420036315918
C2,895,0.7601892941135653,33.099999999999994,27.599999999999998,1,9.199999809265137,48.0,1.0,30,2.0,26.47918701171875
C2,896,0.6529193258003433,47.300000000000004,35.8,1,16.799999237060547,60.0,1.0,30,2.0,26.020845413208008
C2,897,0.8591758329899635,17.9,17.7,1,3.5999999046325684,30.0,1.0,30,2.0,24.81250762939453
C2,898,0.8591758329899635,18.2,17.7,1,3.5999999046325684,28.0,1.0,30,2.0,22.75417137145996
C2,899,0.7601892941135653,33.099999999999994,27.5,1,9.199999809265137,48.0,1.0,30,2.0,20.71916961669922
C2,900,0.7586635249995924,32.800000000000004,27.099999999999998,1,8.0,44.0,1.0,30,2.0,20.431501388549805
C2,901,0.7647859472415529,32.9,26.8,1,10.0,54.0,1.0,30,2.0,21.99223518371582
C2,902,0.7601055817666096,32.800000000000004,26.3,1,8.399999618530273,52.0,1.0,30,2.0,23.195341110229492
C2,903,0.7578643338995106,33.2,26.8,1,8.800000190734863,40.0,1.0,30,2.0,23.650537490844727
C2,904,0.8607685509003341,17.9,17.6,1,4.0,34.0,1.0,30,2.0,22.590322494506836
C2,905,0.7569476672328439,33.300000000000004,26.9,1,8.800000190734863,42.0,1.0,30,2.0,21.287527084350586
C2,906,0.7674751019079884,32.9,27.2,1,10.800000190734863,56.0,1.0,30,2.0,21.5725154876709
C2,907,0.7652466586274284,32.7,26.700000000000003,1,9.600000381469727,48.0,1.0,30,2.0,22.676843643188477
C2,908,0.6776039166010933,45.199999999999996,34.4,1,19.200000762939453,68.0,1.0,30,2.0,25.072772979736328
C2,909,0.8623500559002011,18.700000000000003,17.9,1,4.400000095367432,38.0,1.0,30,2.0,25.31032943725586
C2,910,0.759188915099943,32.9,26.5,1,8.399999618530273,42.0,1.0,30,2.0,25.05286407470703
C2,911,0.29464999999999997,77.39999999999999,45.400000000000006,1,30.799999237060547,90.0,1.0,30,2.0,26.36505126953125
C2,912,0.7588299919607618,33.4,26.700000000000003,1,9.600000381469727,50.0,1.0,30,2.0,27.952363967895508
C2,913,0.25780000000000003,90.80000000000001,49.8,1,27.600000381469727,80.0,1.0,30,2.0,31.438085556030273
C2,914,0.31582499999999997,69.7,43.9,1,28.0,80.0,1.0,30,2.0,32.862850189208984
C2,915,0.6840205832677599,44.5,34.7,1,19.200000762939453,68.0,1.0,30,2.0,34.91770935058594
C2,916,0.6850663831348405,44.2,34.5,1,18.399999618530273,66.0,1.0,30,2.0,35.21729278564453
C2,917,0.6593488374214279,47.1,36.0,1,18.799999237060547,66.0,1.0,30,2.0,34.46371078491211
C2,918,0.7812526591336767,33.300000000000004,26.9,1,16.799999237060547,84.0,1.0,30,3.0,33.2115592956543
C2,919,0.6713372969734047,45.5,34.6,1,17.600000381469727,64.0,1.0,30,2.0,32.326934814453125
C2,920,0.62098142439895,47.5,34.8,1,27.200000762939453,99.0,1.0,50,3.0,31.796161651611328
C2,921,0.24897499999999997,91.1,47.6,2,52.599998474121094,171.0,1.0,50,3.0,35.344364166259766
C2,922,0.772547377988288,18.1,17.7,2,2.799999952316284,51.0,1.0,50,3.0,35.47328567504883
C2,923,0.6483090271978837,38.699999999999996,26.9,2,14.199999809265137,93.0,1.0,50,3.0,35.28396987915039
C2,924,0.7710036769368389,18.2,17.8,2,2.4000000953674316,39.0,1.0,50,3.0,29.3037166595459
C2,925,0.8535202322523546,18.0,17.6,2,2.200000047683716,38.0,1.0,30,2.0,25.982229232788086
C2,926,0.7459733602527783,35.1,25.5,2,10.399999618530273,70.0,1.0,30,2.0,24.52267074584961
C2,927,0.7562810005661772,32.5,25.1,1,8.800000190734863,48.0,1.0,30,2.0,25.113601684570312
C2,928,0.8623500559002011,18.1,17.7,1,4.400000095367432,38.0,1.0,30,2.0,25.46816062927246
C2,929,0.6368500540217825,44.6,35.2,1,24.399999618530273,90.0,1.0,50,3.0,25.014230728149414
C2,930,0.7820163576443,18.1,17.8,1,5.199999809265137,42.0,1.0,50,3.0,23.408538818359375
C2,931,0.271825,85.7,48.300000000000004,1,42.400001525878906,123.0,1.0,50,3.0,25.378456115722656
C2,932,0.7405531131909727,32.5,22.700000000000003,2,4.599999904632568,42.0,1.0,30,2.0,25.36040687561035
C2,933,0.8510615300280377,18.3,17.8,2,1.600000023841858,24.0,1.0,30,2.0,25.082910537719727
C2,934,0.8510615300280377,18.3,17.9,2,1.600000023841858,26.0,1.0,30,2.0,21.183080673217773
C2,935,0.7515222991527153,32.599999999999994,23.099999999999998,2,5.599999904632568,58.0,1.0,30,2.0,19.909847259521484
C2,936,0.8518832352792386,18.1,17.7,2,1.7999999523162842,36.0,1.0,30,3.0,19.14590835571289
C2,937,0.8574774278277694,18.3,17.9,1,5.199999809265137,48.0,1.0,30,3.0,19.08754539489746
C2,938,0.7713616848374829,32.9,27.0,1,12.0,60.0,1.0,30,3.0,17.852527618408203
C2,939,0.8575724027518892,18.2,17.7,1,3.200000047683716,27.0,1.0,30,3.0,16.711515426635742
C2,940,0.8591758329899635,18.5,17.8,1,3.5999999046325684,30.0,1.0,30,3.0,15.226909637451172
C2,941,-0.12448096213607773,121.89999999999999,65.0,4,85.4000015258789,225.0,1.0,30,3.0,21.669479370117188
C2,942,0.607162260164771,28.299999999999997,20.1,4,4.300000190734863,81.0,1.0,90,3.0,27.935020446777344
C2,943,0.8506499024975485,18.1,17.7,4,1.5,51.0,1.0,30,3.0,32.62767791748047
C2,944,0.7816001591176323,28.2,20.400000000000002,4,3.0,44.0,1.0,30,2.0,28.37660789489746
C2,945,0.8489984091575853,18.1,17.8,4,1.100000023841858,22.0,1.0,30,2.0,23.692630767822266
C2,946,0.8481697802472762,18.0,17.7,4,0.8999999761581421,20.0,1.0,30,2.0,19.948911666870117
C2,947,0.7375724027518892,18.0,17.7,1,3.200000047683716,26.0,1.0,30,2.0,16.5026798248291
C2,948,0.852702823555001,18.2,17.7,1,2.0,12.0,1.0,30,2.0,13.768275260925293
C2,949,0.8543353991895412,18.0,17.7,1,2.4000000953674316,20.0,1.0,30,2.0,12.127632141113281
C2,950,0.7101875370135838,18.1,17.7,1,2.4000000953674316,17.0,1.0,70,1.0,11.676579475402832
C2,951,0.7652233602527783,33.0,26.5,1,10.399999618530273,54.0,1.0,30,2.0,14.205947875976562
C2,952,0.8510615300280377,18.9,17.8,1,1.600000023841858,12.0,1.0,30,2.0,15.190235137939453
C2,953,0.8607685509003341,18.0,17.8,1,4.0,34.0,1.0,30,2.0,15.780807495117188
C2,954,0.8543353991895412,18.1,17.6,1,2.4000000953674316,16.0,1.0,30,2.0,13.601818084716797
C2,955,0.852702823555001,18.3,17.9,1,2.0,14.0,1.0,30,2.0,12.427757263183594
C2,956,0.7615799919607618,33.099999999999994,27.799999999999997,1,9.600000381469727,44.0,1.0,30,2.0,12.38998794555664
C2,957,0.7110637162504144,19.5,18.3,1,2.799999952316284,20.0,1.0,70,2.0,12.633993148803711
C2,958,0.8575724027518892,18.1,17.8,1,3.200000047683716,24.0,1.0,30,2.0,13.447062492370605
C2,959,0.8591758329899635,19.0,18.2,1,3.5999999046325684,28.0,1.0,30,2.0,12.868237495422363
C2,960,0.844452823555001,20.9,18.1,1,2.0,16.0,1.0,30,2.0,12.25427532196045
C2,961,0.7624966586274284,33.0,26.3,1,9.600000381469727,48.0,1.0,30,2.0,13.485898971557617
C2,962,0.8591758329899635,18.3,17.8,1,3.5999999046325684,30.0,1.0,30,2.0,14.358205795288086
C2,963,0.8543353991895412,18.8,17.8,1,2.4000000953674316,18.0,1.0,30,2.0,15.014923095703125
C2,964,0.8591758329899635,18.2,17.8,1,3.5999999046325684,28.0,1.0,30,2.0,14.075620651245117
C2,965,0.6731706303067381,45.3,34.9,1,17.600000381469727,64.0,1.0,30,2.0,15.778705596923828
C2,966,0.676808000946109,44.8,35.2,1,17.200000762939453,64.0,1.0,30,2.0,19.867223739624023
C2,967,0.8639198485148963,18.2,17.7,1,4.800000190734863,38.0,1.0,30,2.0,22.987001419067383
C2,968,0.8607685509003341,18.0,17.8,1,4.0,30.0,1.0,30,2.0,22.592201232910156
C2,969,0.8591758329899635,18.2,17.8,1,3.5999999046325684,32.0,1.0,30,2.0,20.221986770629883
C2,970,0.761105960780232,33.0,26.8,1,9.199999809265137,46.0,1.0,30,2.0,19.333192825317383
C2,971,0.26,90.0,49.099999999999994,1,29.200000762939453,86.0,1.0,30,2.0,22.533248901367188
C2,972,0.8607685509003341,18.1,17.7,1,4.0,30.0,1.0,30,2.0,24.319950103759766
C2,973,0.8607685509003341,18.2,17.8,1,4.0,36.0,1.0,30,2.0,24.725303649902344
C2,974,0.6585068707294589,47.0,35.7,1,18.0,62.0,1.0,30,2.0,23.368515014648438
C2,975,0.7629526139082196,33.099999999999994,27.3,1,10.0,46.0,1.0,30,2.0,23.621109008789062
C2,976,0.8607685509003341,17.9,17.7,1,4.0,36.0,1.0,30,2.0,23.77266502380371
C2,977,0.8543353991895412,17.9,17.7,1,2.4000000953674316,20.0,1.0,30,2.0,21.0635986328125
C2,978,0.8261194902216676,22.9,18.0,1,2.0,18.0,1.0,30,2.0,17.57149314880371
C2,979,0.8543353991895412,18.2,17.7,1,2.4000000953674316,18.0,1.0,30,2.0,14.276228904724121
C2,980,0.5760615300280377,50.0,17.9,1,1.600000023841858,9.0,1.0,30,1.0,12.16573715209961
C2,981,0.852702823555001,18.3,17.8,1,2.0,16.0,1.0,30,1.0,11.832776069641113
C2,982,0.5727547725551173,50.0,17.7,1,0.800000011920929,6.0,1.0,30,1.0,11.232998847961426
C2,983,0.8510615300280377,18.2,17.8,1,1.600000023841858,16.0,1.0,30,1.0,11.806466102600098
C2,984,0.852702823555001,18.3,17.6,1,2.0,11.0,1.0,30,1.0,11.483880043029785
C2,985,0.5727547725551173,50.0,17.8,1,0.800000011920929,6.0,1.0,30,1.0,11.290328025817871
C2,986,0.7506056324860486,32.7,26.700000000000003,1,5.599999904632568,21.0,1.0,30,1.0,11.840863227844238
C2,987,0.852702823555001,18.599999999999998,17.9,1,2.0,16.0,1.0,30,2.0,11.771184921264648
C2,988,0.8543353991895412,18.2,17.8,1,2.4000000953674316,20.0,1.0,30,2.0,12.262710571289062
C2,989,0.8559587577917702,18.0,17.7,1,2.799999952316284,22.0,1.0,30,2.0,11.224292755126953
C2,990,0.8510615300280377,18.700000000000003,17.9,1,1.600000023841858,14.0,1.0,30,2.0,10.46790885925293
C2,991,0.8639198485148963,18.4,17.9,1,4.800000190734863,38.0,1.0,30,2.0,11.214078903198242
C2,992,0.8559587577917702,18.3,17.8,1,2.799999952316284,22.0,1.0,30,2.0,11.66178035736084
C2,993,0.711953628307409,18.3,17.8,1,3.200000047683716,26.0,1.0,70,2.0,12.730401992797852
C2,994,0.852702823555001,18.4,17.7,1,2.0,12.0,1.0,30,2.0,11.638240814208984
C2,995,0.8510615300280377,18.0,17.7,1,1.600000023841858,14.0,1.0,30,2.0,10.44961166381836
C2,996,0.8607685509003341,18.1,17.8,1,4.0,32.0,1.0,30,2.0,10.136433601379395
C2,997,0.8510615300280377,18.2,17.8,1,1.600000023841858,12.0,1.0,30,2.0,9.948526382446289
C2,998,0.5744120147012152,50.0,17.8,1,1.2000000476837158,8.0,1.0,30,2.0,9.435782432556152
C2,999,0.8543353991895412,18.3,17.6,1,2.4000000953674316,18.0,1.0,30,2.0,8.194803237915039
C2,1000,0.5744120147012152,50.0,17.8,1,1.2000000476837158,8.0,1.0,30,2.0,7.183548450469971
C2,1001,0.30372499999999997,74.1,45.5,1,28.0,80.0,1.0,30,2.0,11.376795768737793
C2,1002,0.033574999999999994,128.70000000000002,58.3,4,35.400001525878906,160.0,1.0,30,2.0,23.359411239624023
C2,1003,0.6489166666666667,48.7,32.9,5,32.79999923706055,176.0,1.0,30,2.0,41.74898147583008
C2,1004,0.8234334467770394,23.3,19.099999999999998,5,2.240000009536743,40.0,1.0,30,2.0,50.11605453491211
C2,1005,0.4889868710988449,47.800000000000004,31.7,9,42.93333435058594,284.0,1.0,30,2.0,63.4029655456543
C2,1006,0.7449166666666667,39.1,26.9,9,32.266666412353516,292.0,1.0,30,2.0,79.10844421386719
C2,1007,0.74125,39.5,26.700000000000003,9,26.0,240.0,1.0,30,2.0,101.86506652832031
C2,1008,0.7449166666666667,39.1,26.9,9,27.822221755981445,260.0,1.0,30,2.0,113.91903686523438
C2,1009,0.73575,40.099999999999994,27.400000000000002,9,28.311111450195312,256.0,1.0,30,2.0,118.75142669677734
C2,1010,0.7658463486410007,33.300000000000004,23.0,9,11.422222137451172,144.0,1.0,30,2.0,115.2508544921875
C2,1011,0.7440000000000001,39.199999999999996,26.8,9,26.44444465637207,242.0,1.0,30,2.0,111.95051574707031
C2,1012,0.7430833333333333,39.300000000000004,27.099999999999998,9,26.399999618530273,238.0,1.0,30,2.0,108.77030944824219
C2,1013,0.7449166666666667,39.1,26.700000000000003,9,27.377777099609375,262.0,1.0,30,2.0,114.72885131835938
C2,1014,0.7640981153739592,34.6,25.0,9,14.800000190734863,160.0,1.0,30,2.0,112.83731079101562
C2,1015,0.7345155040880946,38.9,26.1,9,18.799999237060547,184.0,1.0,30,2.0,108.10238647460938
C2,1016,0.7440000000000001,39.199999999999996,27.0,9,29.377777099609375,270.0,1.0,30,2.0,105.79476165771484
C2,1017,0.7463615036264374,32.5,21.4,9,4.044444561004639,90.0,1.0,30,2.0,99.74352264404297
C2,1018,0.7536552568856765,32.7,21.9,9,6.400000095367432,108.0,1.0,30,2.0,91.04611206054688
C2,1019,0.7440000000000001,39.199999999999996,26.9,9,27.600000381469727,258.0,1.0,30,2.0,85.02767181396484
C2,1020,0.6883236490894784,32.300000000000004,21.2,9,9.822221755981445,159.0,1.0,50,3.0,82.48326873779297
C2,1021,0.7586234555865606,33.099999999999994,22.9,9,8.755555152893066,122.0,1.0,30,2.0,81.88996124267578
C2,1022,0.7641075708860036,17.9,17.6,9,0.5777778029441833,26.0,1.0,50,2.0,66.06730651855469
C2,1023,0.7350218168495717,24.0,19.400000000000002,9,2.577777862548828,60.0,1.0,50,2.0,53.50705337524414
C2,1024,0.6044385924123176,17.9,17.8,5,0.6666666865348816,24.0,1.0,50,2.0,39.437564849853516
C2,1025,0.6334214949983824,37.8,25.3,3,12.533333778381348,94.0,1.0,50,2.0,35.529205322265625
C2,1026,0.6759343499164988,23.599999999999998,19.5,2,5.333333492279053,75.0,1.0,70,3.0,32.51752471923828
C2,1027,0.21625,103.0,58.3,1,64.80000305175781,162.0,1.0,70,3.0,36.31051254272461
C2,1028,0.0382967308919088,130.0,67.2,2,106.5999984741211,246.0,1.0,70,3.0,43.25297546386719
C2,1029,0.5306271621897801,47.199999999999996,31.8,3,26.66666603088379,168.0,1.0,70,3.0,51.55178451538086
C2,1030,0.31747500000000006,69.1,40.0,3,64.66666412353516,267.0,1.0,70,3.0,61.19773864746094
C2,1031,0.20311606845877053,55.300000000000004,37.0,6,68.5999984741211,315.0,1.0,50,3.0,70.0519790649414
C2,1032,0.6681666666666667,46.6,31.099999999999998,7,55.53333282470703,360.0,1.0,50,3.0,83.8978500366211
C2,1033,0.6424751324452334,32.4,21.5,10,8.039999961853027,150.0,1.0,30,3.0,87.00537872314453
C2,1034,0.7889166666666667,34.3,24.6,10,22.920000076293945,267.0,1.0,30,3.0,86.73655700683594
C2,1035,0.7485833333333334,38.699999999999996,26.3,10,25.1200008392334,252.0,1.0,30,2.0,87.3752670288086
C2,1036,0.7636811939897372,32.300000000000004,21.3,10,8.119999885559082,150.0,1.0,30,3.0,87.75849151611328
C2,1037,0.826708579549825,22.8,18.700000000000003,10,1.9199999570846558,81.0,1.0,30,3.0,79.72176361083984
C2,1038,0.7489057262148268,34.4,24.2,9,11.777777671813965,142.0,1.0,30,2.0,67.56639099121094
C2,1039,0.7568155314206944,33.4,23.099999999999998,9,9.022222518920898,124.0,1.0,30,2.0,61.8731689453125
C2,1040,0.8386458959267463,17.9,17.6,8,0.5333333611488342,30.0,1.0,30,2.0,56.857234954833984
C2,1041,-0.4198461566451855,71.8,34.3,20,169.52000427246094,1420.0,1.0,30,2.0,139.04766845703125
C2,1042,0.18637724773260803,29.0,20.5,36,19.33333396911621,686.0,1.0,30,2.0,225.82859802246094
C2,1043,0.7914183026159661,27.799999999999997,20.0,36,4.544444561004639,174.0,1.0,30,2.0,287.4971618652344
C2,1044,0.8241095659005859,23.0,19.2,36,1.7333333492279053,100.0,1.0,30,2.0,236.498291015625
C2,1045,0.7944914456026433,28.299999999999997,20.299999999999997,36,6.5333333015441895,236.0,1.0,30,2.0,175.8989715576172
C2,1046,0.7888762889968911,28.299999999999997,20.2,36,5.066666603088379,182.0,1.0,30,2.0,140.07272338867188
C2,1047,0.2595224377815466,28.2,19.8,23,2.4869565963745117,102.0,1.0,30,2.0,118.71029663085938
C2,1048,0.14663781374280066,18.2,17.7,9,0.7111111283302307,27.0,1.0,70,3.0,91.35951232910156
C2,1049,0.8286875457185898,22.599999999999998,18.5,9,1.9555555582046509,72.0,1.0,30,3.0,66.01570892333984
C2,1050,0.650334433352441,39.4,27.099999999999998,8,38.0444450378418,342.0,1.0,70,3.0,59.20942306518555
C2,1051,0.6300220457314034,35.9,25.6,11,14.03636360168457,150.0,1.0,30,1.0,73.92565155029297
C2,1052,0.6337886262304016,29.2,20.8,11,5.818181991577148,138.0,1.0,70,3.0,85.68872833251953
C2,1053,0.6788721580597886,23.599999999999998,19.2,11,3.1636364459991455,102.0,1.0,70,3.0,82.07990264892578
C2,1054,0.7906590482585828,28.299999999999997,20.1,11,5.527272701263428,138.0,1.0,30,3.0,66.04794311523438
C2,1055,0.8513605728383212,18.1,18.1,11,1.6727272272109985,69.0,1.0,30,3.0,53.362098693847656
C2,1056,0.6502419100693597,44.699999999999996,30.0,10,49.52000045776367,312.0,1.0,30,3.0,55.083927154541016
C2,1057,0.7637128621981488,32.5,21.3,10,8.640000343322754,159.0,1.0,30,3.0,57.05035400390625
C2,1058,0.8472561670987856,17.9,17.7,10,0.6800000071525574,21.0,1.0,30,3.0,56.09687805175781
C2,1059,0.6234166666666666,34.9,24.8,14,35.96666717529297,429.0,1.0,30,3.0,60.724796295166016
C2,1060,0.846804498154994,18.0,17.7,14,0.5714285969734192,24.0,1.0,30,3.0,57.50154495239258
C2,1061,0.7935,33.8,23.900000000000002,14,29.85714340209961,417.0,1.0,30,3.0,73.16759490966797
C2,1062,0.7667306439977246,33.6,23.2,14,12.571428298950195,188.0,1.0,30,2.0,76.03388977050781
C2,1063,0.8483475005721665,18.0,18.1,14,0.9428571462631226,44.0,1.0,30,2.0,79.62033081054688
C2,1064,0.7632591149403309,32.4,21.3,14,8.257143020629883,154.0,1.0,30,2.0,73.50553131103516
C2,1065,0.7877247855353819,28.299999999999997,20.0,14,4.77142858505249,112.0,1.0,30,2.0,64.76998901367188
C2,1066,0.7784166666666666,33.7,23.5,12,23.22857093811035,327.0,1.0,30,3.0,71.128662109375
C2,1067,0.7668961485825264,33.4,22.8,11,14.727272987365723,225.0,1.0,30,3.0,74.67719268798828
C2,1068,0.7730790919186445,32.800000000000004,22.1,11,12.254545211791992,207.0,1.0,30,3.0,78.5396499633789
C2,1069,0.7490833333333333,36.900000000000006,24.9,13,32.984615325927734,429.0,1.0,30,3.0,85.39045715332031
C2,1070,0.7861666666666668,34.6,24.299999999999997,13,25.907691955566406,336.0,1.0,30,3.0,94.43427276611328
C2,1071,0.7962499999999999,33.5,23.599999999999998,13,31.78461456298828,414.0,1.0,30,3.0,109.06056213378906
C2,1072,0.7898333333333334,34.2,24.299999999999997,13,28.153846740722656,369.0,1.0,30,3.0,115.16967010498047
C2,1073,0.7607748398038306,32.2,21.0,13,7.07692289352417,174.0,1.0,30,3.0,111.63513946533203
C2,1074,0.7889166666666667,34.3,24.5,13,23.015384674072266,300.0,1.0,30,3.0,104.44774627685547
C2,1075,0.7738474412910805,34.5,24.5,13,18.33846092224121,238.0,1.0,30,2.0,99.60198211669922
C2,1076,0.6789198961751418,32.9,22.1,13,8.89230728149414,156.0,1.0,50,2.0,99.36119079589844
C2,1077,0.6695184397248275,33.8,23.7,11,12.399999618530273,180.0,1.0,50,2.0,97.88337707519531
C2,1078,0.666532733950052,33.099999999999994,22.1,10,8.279999732971191,126.0,1.0,50,2.0,89.530029296875
C2,1079,0.5602026192286588,39.4,26.599999999999998,10,12.960000038146973,132.0,1.0,70,1.0,91.718017578125
C2,1080,0.47891735589473106,33.5,23.400000000000002,5,10.199999809265137,130.0,1.0,50,2.0,89.69747924804688
C2,1081,0.349075,54.699999999999996,37.5,4,28.5,123.0,1.0,30,1.0,96.48515319824219
C2,1082,0.5715070674642849,50.0,17.9,4,0.5,9.0,1.0,30,1.0,84.15776062011719
C2,1083,0.3312959308020328,49.7,32.599999999999994,11,49.849998474121094,387.0,1.0,30,3.0,85.2946548461914
C2,1084,0.76875,36.5,25.2,11,27.672727584838867,303.0,1.0,30,3.0,83.04345703125
C2,1085,0.8495622972162662,19.099999999999998,18.4,11,1.2363636493682861,50.0,1.0,30,2.0,83.8260726928711
C2,1086,0.7887790680406067,27.2,19.5,11,2.5090909004211426,78.0,1.0,30,2.0,72.29564666748047
C2,1087,0.7574255795243852,34.8,23.900000000000002,11,13.127272605895996,168.0,1.0,30,2.0,63.110721588134766
C2,1088,0.7736614921500048,34.5,24.8,11,18.254545211791992,200.0,1.0,30,2.0,67.59976196289062
C2,1089,0.7671666666666668,35.8,25.4,10,22.254545211791992,252.0,1.0,30,2.0,81.89319610595703
C2,1090,0.747926351992217,33.7,23.0,9,9.55555534362793,136.0,1.0,30,2.0,88.3359146118164
C2,1091,0.7394166666666667,39.699999999999996,27.099999999999998,9,26.266666412353516,238.0,1.0,30,2.0,94.7348861694336
C2,1092,0.847385496981244,18.0,17.6,9,0.7111111283302307,28.0,1.0,30,2.0,83.64093017578125
C2,1093,0.5266577797265283,39.199999999999996,26.700000000000003,9,18.66666603088379,188.0,1.0,90,2.0,80.45122528076172
C2,1094,0.8146461159253722,23.0,18.9,8,1.3777778148651123,44.0,1.0,30,2.0,65.60406494140625
C2,1095,0.7054999999999999,43.4,28.9,8,25.899999618530273,214.0,1.0,30,2.0,69.09577178955078
C2,1096,0.7514225384238447,32.4,21.0,8,5.099999904632568,96.0,1.0,30,2.0,65.05746459960938
C2,1097,0.8135534897624294,23.5,18.700000000000003,7,2.2285714149475098,58.0,1.0,30,2.0,63.567813873291016
C2,1098,0.847517421777062,18.5,17.9,7,0.7428571581840515,22.0,1.0,30,2.0,49.874019622802734
C2,1099,0.8224097101239379,23.099999999999998,18.599999999999998,7,1.5428571701049805,46.0,1.0,30,2.0,38.32441329956055
C2,1100,0.8470422831418664,18.3,17.9,7,0.6285714507102966,18.0,1.0,30,2.0,28.727981567382812
C2,1101,0.4503928461585848,48.300000000000004,31.7,2,19.799999237060547,114.0,1.0,30,2.0,29.10345458984375
C2,1102,0.8535202322523546,18.1,17.8,2,2.200000047683716,32.0,1.0,30,2.0,28.39540672302246
C2,1103,0.288575,76.7,41.8,3,33.400001525878906,122.0,1.0,30,2.0,34.90391159057617
C2,1104,0.7485469891543268,32.300000000000004,21.5,3,4.133333206176758,33.0,1.0,30,1.0,35.609012603759766
C2,1105,0.7426574982445351,33.0,22.5,3,4.266666889190674,37.0,1.0,30,1.0,38.83207321166992
C2,1106,0.7665361568883343,29.4,19.599999999999998,3,2.0,21.0,1.0,30,1.0,35.432579040527344
C2,1107,0.255575,88.7,45.1,4,39.46666717529297,137.0,1.0,30,1.0,47.25954818725586
C2,1108,0.3274992597387073,49.5,33.0,11,51.46666717529297,290.0,1.0,30,1.0,88.08905792236328
C2,1109,0.39533333333333337,33.6,23.7,21,39.224998474121094,573.0,1.0,30,1.0,186.186767578125
C2,1110,0.6081666666666667,32.2,21.5,26,36.095237731933594,778.0,1.0,30,1.0,330.5120544433594
C2,1111,0.61275,31.7,20.9,31,34.32258224487305,996.0,1.0,30,1.0,511.2405700683594
C2,1112,-0.004011534062247635,28.0,20.5,52,40.446510314941406,1606.0,1.0,30,1.0,757.4110107421875
C2,1113,0.8686666666666667,25.6,19.599999999999998,52,23.72307777404785,1213.0,1.0,30,1.0,963.11328125
C2,1114,0.8695833333333334,25.5,19.599999999999998,52,25.230770111083984,1292.0,1.0,30,1.0,1126.0013427734375
C2,1115,-0.5644322385614777,26.9,20.5,87,44.877418518066406,2754.0,1.0,30,2.0,1193.2008056640625
C2,1116,0.8714166666666666,25.3,20.2,87,38.74193572998047,2452.0,1.0,30,2.0,1235.2537841796875
C2,1117,0.8723333333333333,25.2,20.2,87,36.522579193115234,2286.0,1.0,30,2.0,1240.618896484375
C2,1118,0.8705,25.4,20.299999999999997,87,33.92258071899414,2108.0,1.0,30,2.0,1200.7713623046875
C2,1119,0.8723333333333333,25.2,20.299999999999997,87,35.477420806884766,2234.0,1.0,30,2.0,1162.3294677734375
C2,1120,0.8750833333333334,24.9,20.0,87,30.612903594970703,1872.0,1.0,30,2.0,1111.664306640625
C2,1121,0.87875,24.5,19.900000000000002,87,26.3935489654541,1576.0,1.0,30,2.0,1045.798583984375
C2,1122,0.870853159507475,23.7,19.400000000000002,87,17.464515686035156,1058.0,1.0,30,2.0,927.879150390625
C2,1123,0.8515520322221082,23.8,19.599999999999998,87,11.0,651.0,1.0,30,3.0,761.2608642578125
C2,1124,0.8879166666666667,23.5,19.3,87,20.74193572998047,1266.0,1.0,30,3.0,612.4898071289062
C2,1125,0.831295079570611,27.0,20.6,87,46.07096862792969,3600.0,1.0,30,3.0,637.6272583007812
C2,1126,0.8431707179188389,26.5,20.5,87,43.367740631103516,2832.0,1.0,30,3.0,749.6430053710938
C2,1127,0.8741666666666668,25.0,20.299999999999997,87,36.187095642089844,2304.0,1.0,30,3.0,862.9857788085938
C2,1128,0.8686666666666667,25.6,20.400000000000002,87,37.33548355102539,2316.0,1.0,30,3.0,848.991455078125
C2,1129,0.8760000000000001,24.8,19.8,87,26.658063888549805,1599.0,1.0,30,3.0,785.7948608398438
C2,1130,0.8659166666666668,25.9,20.299999999999997,87,39.348388671875,2466.0,1.0,30,3.0,755.076904296875
C2,1131,0.8382761379674998,27.099999999999998,20.7,87,43.122581481933594,3600.0,1.0,30,3.0,815.7128295898438
C2,1132,0.8391148893968082,26.8,20.5,87,43.88386917114258,2871.0,1.0,30,3.0,908.627685546875
C2,1133,0.8408526335397897,26.700000000000003,20.5,87,43.5612907409668,2820.0,1.0,30,3.0,980.1099243164062
C2,1134,0.8695833333333334,25.5,20.400000000000002,87,37.98709487915039,2385.0,1.0,30,3.0,946.9993286132812
C2,1135,0.8769166666666668,24.7,20.0,87,30.425806045532227,1872.0,1.0,30,3.0,882.73291015625
C2,1136,0.8311032210585134,27.099999999999998,20.7,87,45.81935501098633,3579.0,1.0,30,3.0,877.9064331054688
C2,1137,0.8495078927990614,26.200000000000003,20.5,87,41.85161209106445,2646.0,1.0,30,3.0,886.6105346679688
C2,1138,0.8824166666666666,24.1,19.599999999999998,87,23.84516143798828,1431.0,1.0,30,3.0,872.2329711914062
C2,1139,0.8339889459790207,26.700000000000003,20.6,87,46.09032440185547,3600.0,1.0,30,3.0,869.8731079101562
C2,1140,0.8695833333333334,25.5,20.299999999999997,87,39.709678649902344,2565.0,1.0,30,3.0,864.857177734375
C2,1141,0.87325,25.1,19.900000000000002,87,29.62580680847168,1838.0,1.0,30,2.0,920.781005859375
C2,1142,0.8006948244482222,23.900000000000002,19.400000000000002,87,18.109678268432617,1076.0,1.0,50,1.0,932.4685668945312
C2,1143,0.8645080502202378,23.5,19.3,87,14.322580337524414,846.0,1.0,30,2.0,881.8811645507812
C2,1144,0.8587264879644029,25.5,20.2,87,40.535484313964844,2598.0,1.0,30,2.0,902.1953735351562
C2,1145,0.8769166666666668,24.7,19.900000000000002,87,33.522579193115234,2032.0,1.0,30,2.0,906.3839111328125
C2,1146,0.8796666666666667,24.400000000000002,19.599999999999998,87,27.799999237060547,1692.0,1.0,30,2.0,965.2969970703125
C2,1147,0.850554553501732,25.8,20.299999999999997,87,42.97419357299805,2750.0,1.0,30,2.0,1010.7781982421875
C2,1148,0.8805833333333334,24.299999999999997,19.599999999999998,87,23.858064651489258,1404.0,1.0,30,2.0,996.2002563476562
C2,1149,0.8510039591920083,25.9,20.400000000000002,87,42.400001525878906,2716.0,1.0,30,2.0,1055.7200927734375
C2,1150,0.8796666666666667,24.400000000000002,19.7,87,26.541934967041016,1604.0,1.0,30,2.0,1015.0321044921875
C2,1151,0.8750833333333334,24.9,19.900000000000002,87,31.07741928100586,1920.0,1.0,30,2.0,1025.019287109375
C2,1152,0.8543359805506217,25.7,20.299999999999997,87,41.74193572998047,2668.0,1.0,30,2.0,1027.8115234375
C2,1153,0.8760000000000001,24.8,19.8,87,26.96129035949707,1628.0,1.0,30,2.0,1031.0869140625
C2,1154,0.832043195902873,26.9,20.400000000000002,87,46.129032135009766,3600.0,1.0,30,3.0,1081.7188720703125
C2,1155,0.7718952519320643,23.900000000000002,19.5,87,11.37419319152832,679.0,1.0,50,1.0,1024.7646484375
C2,1156,0.8741565213802304,23.5,19.2,87,18.103225708007812,1083.0,1.0,30,3.0,930.192138671875
C2,1157,0.836475985710293,23.900000000000002,19.599999999999998,87,6.974193572998047,408.0,1.0,30,3.0,714.915283203125
C2,1158,0.8489583575213847,19.0,18.2,87,1.0903226137161255,123.0,1.0,30,3.0,500.6824951171875
C2,1159,0.8435453930896667,21.2,18.8,87,2.451612949371338,204.0,1.0,30,3.0,333.076171875
C2,1160,-1.111241264184285,18.5,18.1,38,1.0421053171157837,99.0,1.0,30,3.0,218.77903747558594
C2,1161,0.3248333333333333,28.2,20.1,51,37.56190490722656,1524.0,1.0,30,3.0,212.46742248535156
C2,1162,0.8613333333333334,26.4,19.7,51,28.854902267456055,1443.0,1.0,30,3.0,263.74713134765625
C2,1163,0.8277583434911074,23.400000000000002,19.2,51,3.537254810333252,228.0,1.0,30,3.0,300.2482604980469
C2,1164,0.8457801972722364,21.1,18.8,51,2.77647066116333,201.0,1.0,30,3.0,263.3489685058594
C2,1165,0.8472028235550009,20.6,18.700000000000003,51,2.0,156.0,1.0,30,3.0,184.00938415527344
C2,1166,0.84976846300374,18.8,18.2,51,1.2862745523452759,129.0,1.0,30,3.0,132.00563049316406
C2,1167,0.8470702484527489,18.0,17.9,51,0.6352941393852234,63.0,1.0,30,3.0,94.6700439453125
C2,1168,-1.228909702402242,50.0,17.8,6,0.4000000059604645,6.0,1.0,30,3.0,65.6020278930664
C2,1169,0.7628618037485919,28.1,19.099999999999998,4,2.0999999046325684,40.0,1.0,30,2.0,45.094547271728516
C2,1170,0.5719234084714488,50.0,17.7,4,0.6000000238418579,9.0,1.0,30,3.0,30.39006233215332
C2,1171,0.7430386420175074,32.599999999999994,22.599999999999998,2,7.599999904632568,75.0,1.0,30,3.0,24.634037017822266
C2,1172,0.8380902975977581,5.0,5.0,1,0.4000000059604645,0.0,1.0,30,3.0,18.513755798339844
C2,1173,0.8623500559002011,18.1,17.8,1,4.400000095367432,36.0,1.0,30,2.0,16.84158706665039
C2,1174,0.5727547725551173,50.0,18.0,1,0.800000011920929,2.0,1.0,30,2.0,12.638285636901855
C2,1175,0.8607685509003341,17.9,17.6,1,4.0,32.0,1.0,30,2.0,12.249637603759766
C2,1176,0.8591758329899635,18.700000000000003,17.9,1,3.5999999046325684,30.0,1.0,30,2.0,11.616449356079102
C2,1177,0.8607685509003341,18.5,18.0,1,4.0,34.0,1.0,30,2.0,13.369869232177734
C2,1178,0.5710902975977581,50.0,17.8,1,0.4000000059604645,2.0,1.0,30,2.0,12.421921730041504
C2,1179,0.8607685509003341,18.1,17.8,1,4.0,36.0,1.0,30,2.0,12.253152847290039
C2,1180,0.5727547725551173,50.0,17.9,1,0.800000011920929,2.0,1.0,30,2.0,10.018558502197266
C2,1181,0.7540801916662592,33.300000000000004,26.200000000000003,1,8.0,48.0,1.0,30,2.0,11.744468688964844
C2,1182,0.5710902975977581,50.0,17.8,1,0.4000000059604645,4.0,1.0,30,2.0,10.64668083190918
C2,1183,0.8623500559002011,18.0,17.7,1,4.400000095367432,34.0,1.0,30,2.0,12.121341705322266
C2,1184,0.6730049705465452,45.0,34.9,1,16.399999618530273,60.0,1.0,30,2.0,13.80613899230957
C2,1185,0.22505,99.8,50.2,2,34.0,102.0,1.0,30,2.0,21.35034942626953
C2,1186,0.6859193258003433,43.7,29.8,2,16.799999237060547,86.0,1.0,30,2.0,29.343544006347656
C2,1187,0.36835,50.6,35.2,2,24.200000762939453,102.0,1.0,30,2.0,36.93946075439453
C2,1188,0.7150486673961043,38.4,26.1,2,10.199999809265137,68.0,1.0,30,2.0,39.230342864990234
C2,1189,0.68408599246701,43.9,30.8,2,16.799999237060547,90.0,1.0,30,2.0,40.87154006958008
C2,1190,0.7461681509260544,33.099999999999994,23.8,2,5.400000095367432,52.0,1.0,30,2.0,38.52292251586914
C2,1191,0.26245,86.2,41.9,3,33.0,126.0,1.0,30,2.0,40.98041915893555
C2,1192,0.7799579543151096,28.7,20.400000000000002,3,3.7333333492279053,52.0,1.0,30,2.0,39.92158508300781
C2,1193,0.7519093717531365,33.0,23.0,3,6.666666507720947,72.0,1.0,30,2.0,40.6196174621582
C2,1194,0.7419144104736768,32.5,20.6,3,2.933333396911621,42.0,1.0,30,2.0,35.438438415527344
C2,1195,0.7018767213975985,39.1,25.2,3,8.266666412353516,72.0,1.0,30,2.0,33.663063049316406
C2,1196,0.7865237564058416,28.5,20.2,3,4.933333396911621,69.0,1.0,30,3.0,30.864503860473633
C2,1197,0.6605652953567194,44.5,30.3,1,16.0,111.0,1.0,30,3.0,31.318702697753906
C2,1198,0.8575724027518892,18.3,17.9,1,3.200000047683716,27.0,1.0,30,3.0,27.991222381591797
C2,1199,0.7840872969734047,33.2,26.9,1,17.600000381469727,87.0,1.0,30,3.0,26.79473304748535
C2,1200,0.7713942209146296,33.300000000000004,27.0,1,13.199999809265137,63.0,1.0,30,3.0,23.943506240844727
C2,1201,0.27028668483748286,72.3,42.8,2,48.0,138.0,1.0,30,3.0,27.16610336303711
C2,1202,0.8583754262827478,18.0,17.7,2,3.4000000953674316,51.0,1.0,30,3.0,27.499662399291992
C2,1203,0.36035,50.6,35.2,3,34.79999923706055,150.0,1.0,30,3.0,31.566463470458984
C2,1204,0.8510615300280377,18.3,17.8,3,1.600000023841858,45.0,1.0,30,3.0,29.873210906982422
C2,1205,0.7629392941135652,32.800000000000004,23.2,3,9.199999809265137,90.0,1.0,30,3.0,30.590593338012695
C2,1206,0.7529510118920825,32.5,21.1,3,5.733333110809326,69.0,1.0,30,3.0,27.421022415161133
C2,1207,0.7839052568856766,29.4,20.400000000000002,3,6.400000095367432,84.0,1.0,30,3.0,27.252613067626953
C2,1208,0.8543353991895412,18.0,17.7,3,2.4000000953674316,54.0,1.0,30,3.0,25.55156898498535
C2,1209,0.6663402040627922,44.4,30.200000000000003,1,18.0,68.0,1.0,30,2.0,25.997608184814453
C2,1210,0.8591758329899635,18.1,17.8,1,3.5999999046325684,26.0,1.0,30,2.0,24.26523208618164
C2,1211,0.263575,88.7,49.099999999999994,1,28.799999237060547,82.0,1.0,30,2.0,26.29247283935547
C2,1212,0.7573555817666097,33.099999999999994,27.099999999999998,1,8.399999618530273,40.0,1.0,30,2.0,25.642148971557617
C2,1213,0.7670566935861116,32.800000000000004,26.9,1,10.399999618530273,56.0,1.0,30,2.0,27.251956939697266
C2,1214,0.7549968583329258,33.2,27.2,1,8.0,42.0,1.0,30,2.0,25.55117416381836
C2,1215,0.6804321707547611,44.8,35.9,1,18.799999237060547,68.0,1.0,30,2.0,26.397371292114258
C2,1216,0.8639198485148963,18.3,17.9,1,4.800000190734863,36.0,1.0,30,2.0,25.57175636291504
C2,1217,0.275675,84.3,48.800000000000004,1,29.600000381469727,84.0,1.0,30,2.0,27.876386642456055
C2,1218,0.268525,86.9,49.6,1,29.600000381469727,86.0,1.0,30,2.0,30.459165573120117
C2,1219,0.25835,90.6,50.1,1,31.200000762939453,88.0,1.0,30,2.0,35.47549819946289
C2,1220,-0.05391506499512837,129.8,70.7,3,89.19999694824219,148.0,1.0,30,2.0,42.7519645690918
C2,1221,0.03868303391956861,60.699999999999996,37.3,9,56.66666793823242,306.0,1.0,30,2.0,61.78451156616211
C2,1222,0.623390903786646,32.5,20.9,12,3.299999952316284,80.0,1.0,30,2.0,72.67070770263672
C2,1223,0.8198502800109216,23.3,18.700000000000003,12,1.3666666746139526,58.0,1.0,30,2.0,73.20242309570312
C2,1224,0.846784676191858,18.3,17.9,12,0.5666666626930237,26.0,1.0,30,2.0,54.85478973388672
C2,1225,0.8162699823739097,23.900000000000002,19.400000000000002,12,1.8333333730697632,64.0,1.0,30,2.0,42.779541015625
C2,1226,0.8469234084714489,18.0,17.7,12,0.6000000238418579,36.0,1.0,30,2.0,34.06772232055664
C2,1227,0.3493147541999679,33.5,23.0,2,7.199999809265137,64.0,1.0,30,2.0,31.37396812438965
C2,1228,0.8479587577917702,18.2,17.8,1,2.799999952316284,18.0,1.0,30,2.0,26.69104766845703
C2,1229,0.7827673397597279,32.800000000000004,26.4,1,15.600000381469727,81.0,1.0,30,3.0,25.081295013427734
C2,1230,0.6856828056481412,18.1,17.8,1,6.800000190734863,57.0,1.0,90,3.0,22.382110595703125
C2,1231,0.6899166666666666,45.1,35.1,1,24.399999618530273,90.0,1.0,30,3.0,23.562599182128906
C2,1232,0.6954166666666667,44.5,35.0,1,25.600000381469727,90.0,1.0,30,3.0,24.6708927154541
C2,1233,-0.10510276191995441,122.2,58.8,4,79.5999984741211,213.0,1.0,30,3.0,32.269203186035156
C2,1234,0.7471723115265947,32.800000000000004,22.700000000000003,6,9.266666412353516,120.0,1.0,30,3.0,38.161521911621094
C2,1235,0.7677493455764242,34.1,24.1,6,14.466666221618652,168.0,1.0,30,3.0,45.163578033447266
C2,1236,0.7654335847691964,32.4,22.1,6,8.866666793823242,123.0,1.0,30,3.0,45.36481475830078
C2,1237,0.7652466586274284,32.7,22.2,6,9.600000381469727,135.0,1.0,30,3.0,46.1522216796875
C2,1238,0.7909236970742255,27.3,19.2,6,3.2666666507720947,81.0,1.0,30,3.0,42.757999420166016
C2,1239,0.6541736982497526,34.0,24.6,3,16.53333282470703,120.0,1.0,30,3.0,40.588134765625
C2,1240,0.8516095659005859,18.1,17.8,3,1.7333333492279053,32.0,1.0,30,2.0,35.41954803466797
C2,1241,0.6672500000000001,46.699999999999996,33.2,2,26.399999618530273,112.0,1.0,30,2.0,36.185062408447266
C2,1242,0.8535202322523546,18.3,17.8,2,2.200000047683716,38.0,1.0,30,2.0,33.8443717956543
C2,1243,0.7168020322221081,38.5,26.3,2,11.0,66.0,1.0,30,2.0,34.70662307739258
C2,1244,0.7480185509003341,32.300000000000004,21.8,2,4.0,42.0,1.0,30,2.0,30.55730628967285
C2,1245,0.5150134507782814,39.300000000000004,27.0,2,12.0,74.0,1.0,90,2.0,30.46771812438965
C2,1246,0.7227531998815893,38.800000000000004,26.599999999999998,2,13.800000190734863,96.0,1.0,30,3.0,30.280630111694336
C2,1247,0.6910833333333334,44.1,31.099999999999998,1,29.200000762939453,105.0,1.0,30,3.0,32.0350456237793
C2,1248,0.8700719235523432,18.1,17.7,1,6.400000095367432,54.0,1.0,30,3.0,30.554359436035156
C2,1249,0.7840580009461092,33.099999999999994,26.700000000000003,1,17.200000762939453,84.0,1.0,30,3.0,29.13261604309082
C2,1250,0.8575724027518892,18.3,17.7,1,3.200000047683716,24.0,1.0,30,3.0,24.679569244384766
C2,1251,0.02493356312936217,125.9,65.4,4,43.0,222.0,1.0,30,3.0,29.474409103393555
C2,1252,0.8498251368493962,18.5,17.9,4,1.2999999523162842,30.0,1.0,30,3.0,29.951311111450195
C2,1253,0.7486833892335344,32.4,21.3,4,4.400000095367432,78.0,1.0,30,3.0,32.637454986572266
C2,1254,0.8272483307370716,23.7,19.2,4,4.099999904632568,72.0,1.0,30,3.0,27.58247184753418
C2,1255,0.7880750368303526,27.799999999999997,19.5,4,3.700000047683716,66.0,1.0,30,3.0,26.14948272705078
C2,1256,0.8510615300280377,18.0,17.6,4,1.600000023841858,48.0,1.0,30,3.0,23.956356048583984
C2,1257,0.6723163831348404,32.5,23.2,1,18.399999618530273,87.0,1.0,30,3.0,23.307147979736328
C2,1258,0.8715756855237148,18.2,17.8,1,6.800000190734863,57.0,1.0,30,3.0,22.517621994018555
C2,1259,0.7827673397597279,32.800000000000004,26.700000000000003,1,15.600000381469727,78.0,1.0,30,3.0,23.377239227294922
C2,1260,0.8623500559002011,18.2,17.9,1,4.400000095367432,33.0,1.0,30,3.0,21.493009567260742
C2,1261,0.15967229365114646,101.4,52.900000000000006,3,54.400001525878906,171.0,1.0,30,3.0,25.429140090942383
C2,1262,0.8516095659005859,18.2,17.8,3,1.7333333492279053,33.0,1.0,30,3.0,25.790817260742188
C2,1263,0.7579137770648777,33.6,23.900000000000002,3,9.866666793823242,90.0,1.0,30,3.0,28.541156768798828
C2,1264,0.7494596223302243,32.599999999999994,20.9,3,5.066666603088379,63.0,1.0,30,3.0,25.391361236572266
C2,1265,0.7807438229594725,29.3,19.7,3,5.333333492279053,63.0,1.0,30,3.0,24.834815979003906
C2,1266,0.7563114964402446,32.300000000000004,20.400000000000002,3,6.133333206176758,78.0,1.0,30,3.0,23.96755599975586
C2,1267,0.7531697182260824,33.0,25.4,1,11.600000381469727,58.0,1.0,30,2.0,24.513866424560547
C2,1268,0.852702823555001,18.5,17.8,1,2.0,14.0,1.0,30,2.0,22.974987030029297
C2,1269,0.6811646344694638,44.900000000000006,34.5,1,19.600000381469727,70.0,1.0,30,2.0,23.251659393310547
C2,1270,0.8559587577917702,18.0,17.6,1,2.799999952316284,24.0,1.0,30,2.0,21.1509952545166
C2,1271,0.7715407046525227,32.599999999999994,27.2,1,11.199999809265137,56.0,1.0,30,2.0,22.690597534179688
C2,1272,-0.4659150923997711,190.8,91.30000000000001,7,97.0999984741211,266.0,1.0,30,2.0,36.681026458740234
C2,1273,-1.0246439338689937,59.1,30.4,36,97.5111083984375,1438.0,1.0,30,2.0,139.34194946289062
C2,1274,0.8439166666666668,28.299999999999997,20.2,36,31.233333587646484,1114.0,1.0,30,2.0,271.4718322753906
C2,1275,0.8430000000000001,28.400000000000002,20.2,36,28.711111068725586,1004.0,1.0,30,2.0,399.94976806640625
C2,1276,0.8411666666666666,28.6,20.299999999999997,36,30.155555725097656,1064.0,1.0,30,2.0,452.1031799316406
C2,1277,0.84575,28.1,20.0,36,30.44444465637207,1078.0,1.0,30,2.0,480.9952392578125
C2,1278,0.8500544379755945,18.9,18.2,36,1.355555534362793,96.0,1.0,30,2.0,437.7971496582031
C2,1279,0.847200726943179,18.1,17.9,36,0.6666666865348816,52.0,1.0,30,2.0,344.41162109375
C2,1280,0.8462292680775939,18.3,17.7,36,0.4333333373069763,18.0,1.0,30,2.0,217.71363830566406
C2,1281,0.8420833333333334,28.5,20.2,36,20.299999237060547,702.0,1.0,30,2.0,182.0948486328125
C2,1282,0.8430000000000001,28.400000000000002,20.2,36,32.56666564941406,1168.0,1.0,30,2.0,235.1235809326172
C2,1283,0.8103020322221083,28.299999999999997,20.2,36,11.0,390.0,1.0,30,2.0,291.7408142089844
C2,1284,0.8462755811190693,18.0,17.6,36,0.4444444477558136,33.0,1.0,30,3.0,280.3778076171875
C2,1285,0.8474778490641532,17.8,17.6,36,0.7333333492279053,60.0,1.0,30,3.0,198.3600311279297
C2,1286,0.8474778490641532,18.2,17.9,36,0.7333333492279053,75.0,1.0,30,3.0,126.48268127441406
C2,1287,0.8476624869355515,18.1,18.0,36,0.7777777910232544,78.0,1.0,30,3.0,85.35627746582031
C2,1288,-0.052856554846528854,22.1,18.0,14,0.4727272689342499,15.0,1.0,30,3.0,58.6804313659668
C2,1289,0.22647047630649816,31.9,22.4,1,2.700000047683716,72.0,1.0,30,3.0,42.54159164428711
C2,1290,0.6829754734509514,18.2,17.8,1,4.0,36.0,1.0,90,3.0,30.991622924804688
C2,1291,0.6871666666666667,45.400000000000006,35.9,1,27.200000762939453,96.0,1.0,30,3.0,27.661640167236328
C2,1292,0.8575724027518892,18.3,17.9,1,3.200000047683716,21.0,1.0,30,3.0,23.396984100341797
C2,1293,0.7803913342794424,33.5,27.0,1,17.200000762939453,87.0,1.0,30,3.0,23.104856491088867
C2,1294,0.8559587577917702,18.0,17.7,1,2.799999952316284,18.0,1.0,30,3.0,19.462913513183594
C2,1295,0.7661994945015955,33.6,27.3,1,12.399999618530273,63.0,1.0,30,3.0,19.1444149017334
C2,1296,0.7726161611682623,32.9,26.8,1,12.399999618530273,63.0,1.0,30,3.0,17.886648178100586
C2,1297,0.7683493758080113,33.5,27.099999999999998,1,12.800000190734863,63.0,1.0,30,3.0,19.131988525390625
C2,1298,0.8481194902216677,20.5,18.0,1,2.0,18.0,1.0,30,3.0,17.879194259643555
C2,1299,0.6817397726774289,33.099999999999994,26.5,1,10.0,54.0,1.0,50,2.0,17.92751693725586
C2,1300,0.7679480189220103,18.1,17.7,1,1.600000023841858,10.0,1.0,50,2.0,15.823176383972168
C2,1301,0.6826564393440955,33.0,26.8,1,10.0,56.0,1.0,50,2.0,17.493906021118164
C2,1302,0.7710036769368389,18.2,17.9,1,2.4000000953674316,20.0,1.0,50,2.0,16.229677200317383
C2,1303,0.6747083736819037,33.5,27.5,1,9.199999809265137,44.0,1.0,50,2.0,17.73780632019043
C2,1304,0.48993618398316685,50.0,17.9,1,0.800000011920929,4.0,1.0,50,2.0,15.176016807556152
C2,1305,0.1322421030202355,124.7,66.9,2,66.0,154.0,1.0,50,2.0,22.572277069091797
C2,1306,-0.040086146388813325,105.7,54.199999999999996,5,94.53333282470703,262.0,1.0,50,2.0,41.543365478515625
C2,1307,0.6624844687413968,32.9,21.5,5,4.880000114440918,66.0,1.0,50,2.0,57.05935287475586
C2,1308,0.6429693996371906,39.9,26.700000000000003,5,15.520000457763672,134.0,1.0,50,2.0,65.03561401367188
C2,1309,0.6340065766749339,43.1,28.400000000000002,5,20.31999969482422,142.0,1.0,50,2.0,61.82136535644531
C2,1310,0.3412791706636265,50.3,34.1,7,41.040000915527344,220.0,1.0,30,2.0,70.15948486328125
C2,1311,0.6904166666666667,43.3,28.400000000000002,9,39.82222366333008,306.0,1.0,30,2.0,86.6290283203125
C2,1312,0.7464619627004054,32.4,21.3,11,8.03636360168457,150.0,1.0,30,3.0,93.71074676513672
C2,1313,0.8486596507445074,18.2,17.7,11,1.0181818008422852,57.0,1.0,30,3.0,85.82644653320312
C2,1314,0.7889166666666667,34.3,24.2,11,21.563636779785156,270.0,1.0,30,3.0,72.69586944580078
C2,1315,0.8195499759186966,24.1,19.0,11,3.090909004211426,99.0,1.0,30,3.0,62.55085372924805
C2,1316,0.7733333333333333,36.0,25.1,11,33.52727127075195,369.0,1.0,30,3.0,70.33051300048828
C2,1317,0.772,34.4,24.2,13,30.615385055541992,396.0,1.0,30,3.0,80.59830474853516
C2,1318,0.7962499999999999,33.5,23.400000000000002,13,20.86153793334961,291.0,1.0,30,3.0,95.29232025146484
C2,1319,0.7916666666666666,34.0,24.1,13,20.30769157409668,266.0,1.0,30,2.0,105.44205474853516
C2,1320,0.7532667225668678,31.9,20.7,13,4.400000095367432,110.0,1.0,30,2.0,101.2652359008789
C2,1321,0.7570893021399181,32.300000000000004,21.1,13,6.338461399078369,124.0,1.0,30,2.0,94.09247589111328
C2,1322,0.8464750233761195,18.1,17.7,13,0.4923076927661896,16.0,1.0,30,2.0,73.12215423583984
C2,1323,0.60335173051556,34.7,24.5,9,14.861538887023926,192.0,1.0,30,2.0,66.00662231445312
C2,1324,0.8495956847858822,18.4,18.1,9,1.244444489479065,44.0,1.0,30,2.0,56.40397262573242
C2,1325,0.6337526486334011,32.5,21.3,6,5.942857265472412,92.0,1.0,30,2.0,55.70905303955078
C2,1326,0.6675,45.8,31.099999999999998,8,37.79999923706055,246.0,1.0,30,2.0,58.89209747314453
C2,1327,0.7483440126142316,33.300000000000004,22.599999999999998,8,6.449999809265137,100.0,1.0,30,2.0,64.5352554321289
C2,1328,0.850855779765172,19.3,18.4,8,1.5499999523162842,44.0,1.0,30,2.0,64.72115325927734
C2,1329,0.7578566959425033,33.6,23.099999999999998,8,9.850000381469727,128.0,1.0,30,2.0,56.966026306152344
C2,1330,0.6081497206613449,39.5,27.2,11,41.599998474121094,342.0,1.0,30,3.0,60.846282958984375
C2,1331,0.7683333333333333,34.8,24.9,13,33.672725677490234,381.0,1.0,30,3.0,77.1744384765625
C2,1332,0.7889166666666667,34.3,24.400000000000002,13,31.846153259277344,405.0,1.0,30,3.0,96.43799591064453
C2,1333,0.45191710302023547,33.5,23.3,21,46.0,657.0,1.0,30,3.0,121.99613189697266
C2,1334,0.8063333333333333,32.4,21.6,21,28.342857360839844,588.0,1.0,30,3.0,146.531005859375
C2,1335,0.8045,32.599999999999994,21.8,21,24.72381019592285,516.0,1.0,30,3.0,166.18527221679688
C2,1336,0.8035833333333333,32.7,21.9,21,26.0,543.0,1.0,30,3.0,172.91116333007812
C2,1337,0.7879311668278269,32.800000000000004,22.0,21,17.676191329956055,370.0,1.0,30,2.0,175.4800262451172
C2,1338,0.7645259088276257,32.9,22.3,21,9.923809051513672,206.0,1.0,30,2.0,167.82135009765625
C2,1339,0.8181840884437287,23.2,18.9,21,0.7428571581840515,44.0,1.0,30,2.0,142.02613830566406
C2,1340,0.7402461319175598,32.4,21.0,19,6.3578948974609375,158.0,1.0,30,2.0,112.41568756103516
C2,1341,0.7649163654111919,28.0,19.5,17,2.3789472579956055,92.0,1.0,30,2.0,87.0494155883789
C2,1342,0.646090297597758,17.9,17.6,12,0.4000000059604645,10.0,1.0,30,2.0,69.56298065185547
C2,1343,0.6148333333333333,40.2,27.7,9,36.0,282.0,1.0,30,2.0,67.3377914428711
C2,1344,0.6489516313141204,39.699999999999996,27.2,9,16.488889694213867,155.0,1.0,50,1.0,80.53600311279297
C2,1345,0.7247286623340491,38.800000000000004,25.5,9,14.48888874053955,162.0,1.0,30,2.0,98.58827209472656
C2,1346,0.7734488851921469,32.2,21.1,9,10.666666984558105,168.0,1.0,30,3.0,98.08629608154297
C2,1347,0.7914814208666346,28.9,20.6,9,7.199999809265137,144.0,1.0,30,3.0,83.51844024658203
C2,1348,0.6705020658562078,22.599999999999998,18.700000000000003,5,2.4000000953674316,87.0,1.0,30,3.0,67.84439849853516
C2,1349,0.7633561972945454,35.4,25.0,5,17.360000610351562,165.0,1.0,30,3.0,58.306640625
C2,1350,0.7569871977090407,33.4,23.099999999999998,4,11.4399995803833,147.0,1.0,30,3.0,52.717315673828125
C2,1351,0.6901666666666667,44.2,29.2,3,23.733333587646484,156.0,1.0,30,3.0,52.430389404296875
C2,1352,0.7611228972831787,33.2,23.2,3,9.733333587646484,93.0,1.0,30,3.0,49.05823516845703
C2,1353,0.7250702090465502,39.5,26.9,3,17.066667556762695,141.0,1.0,30,3.0,46.768272399902344
C2,1354,0.7629407561063142,33.2,23.5,3,10.266666412353516,102.0,1.0,30,3.0,42.99429702758789
C2,1355,0.7067717582319238,41.8,27.5,3,18.266666412353516,132.0,1.0,30,3.0,42.4632453918457
C2,1356,0.7312301039234324,39.0,26.5,3,17.733333587646484,129.0,1.0,30,3.0,41.61128234863281
C2,1357,0.6901666666666667,44.2,30.5,2,24.200000762939453,129.0,1.0,30,3.0,42.30010223388672
C2,1358,0.852702823555001,18.0,17.6,2,2.0,45.0,1.0,30,3.0,38.84672927856445
C2,1359,0.6680070052002628,45.6,31.9,2,16.600000381469727,86.0,1.0,30,2.0,36.77470397949219
C2,1360,0.7535014842593877,32.300000000000004,22.2,2,5.400000095367432,52.0,1.0,30,2.0,33.26482009887695
C2,1361,0.645,50.0,36.0,2,28.399999618530273,118.0,1.0,30,2.0,37.02555847167969
C2,1362,0.7542722991527153,32.300000000000004,21.9,2,5.599999904632568,54.0,1.0,30,2.0,37.1486701965332
C2,1363,0.31720000000000004,69.2,36.6,2,25.600000381469727,100.0,1.0,30,2.0,40.42253494262695
C2,1364,0.23437499999999997,93.5,44.2,4,32.599998474121094,168.0,1.0,30,2.0,45.72018814086914
C2,1365,0.6642500000000001,47.9,32.300000000000004,4,22.799999237060547,140.0,1.0,30,2.0,54.63211441040039
C2,1366,0.6397499999999999,49.7,34.6,5,32.15999984741211,190.0,1.0,30,2.0,65.9792709350586
C2,1367,0.6642500000000001,47.9,32.0,5,26.239999771118164,166.0,1.0,30,2.0,72.65422821044922
C2,1368,0.5207499999999999,46.1,30.5,9,34.22222137451172,300.0,1.0,30,3.0,80.6592025756836
C2,1369,0.7430833333333333,39.300000000000004,26.1,9,27.200000762939453,279.0,1.0,30,3.0,85.19551849365234
C2,1370,0.7650833333333333,36.900000000000006,26.1,9,26.399999618530273,270.0,1.0,30,3.0,88.85064697265625
C2,1371,0.7224999999999999,39.800000000000004,27.5,11,34.0444450378418,309.0,1.0,30,3.0,91.44371795654297
C2,1372,0.7714508938726369,32.7,22.1,11,11.454545021057129,198.0,1.0,30,3.0,89.39956665039062
C2,1373,0.7640326667807282,32.4,21.3,11,8.472726821899414,171.0,1.0,30,3.0,83.7730712890625
C2,1374,0.5974741208406816,29.1,20.299999999999997,11,1.4909090995788574,36.0,1.0,90,1.0,71.4638442993164
C2,1375,0.7886855933504442,28.5,20.1,11,5.490909099578857,126.0,1.0,30,3.0,60.8783073425293
C2,1376,0.8474526643401749,18.3,17.9,11,0.7272727489471436,34.0,1.0,30,2.0,49.19364929199219
C2,1377,0.5050515141354336,27.7,19.400000000000002,4,2.7200000286102295,58.0,1.0,30,2.0,41.2495231628418
C2,1378,0.767768550900334,28.400000000000002,20.2,2,4.0,50.0,1.0,30,2.0,34.21638107299805
C2,1379,0.6291168624345179,45.699999999999996,31.9,2,25.0,129.0,1.0,50,3.0,33.46316146850586
C2,1380,0.6985535376162937,39.9,27.3,2,9.399999618530273,66.0,1.0,30,2.0,33.54456329345703
C2,1381,0.24372499999999997,90.1,43.3,4,34.400001525878906,172.0,1.0,30,2.0,41.72673797607422
C2,1382,0.6317499999999999,49.7,34.0,6,36.53333282470703,224.0,1.0,30,2.0,55.83604431152344
C2,1383,0.7101873058563172,38.4,24.9,7,11.142857551574707,126.0,1.0,30,2.0,68.30162811279297
C2,1384,0.846804498154994,18.0,17.7,7,0.5714285969734192,12.0,1.0,30,2.0,65.11431121826172
C2,1385,0.7537946209700326,32.4,21.4,7,5.714285850524902,86.0,1.0,30,2.0,54.00191879272461
C2,1386,0.6876666666666666,43.6,28.6,9,36.85714340209961,286.0,1.0,30,2.0,58.00115203857422
C2,1387,0.7424166666666667,38.5,26.200000000000003,10,32.560001373291016,328.0,1.0,30,2.0,81.46735382080078
C2,1388,0.7550000000000001,38.0,25.9,10,29.799999237060547,309.0,1.0,30,3.0,103.54708099365234
C2,1389,0.6151666666666668,35.8,24.7,14,33.771427154541016,453.0,1.0,30,3.0,117.86157989501953
C2,1390,0.7812541455113875,28.2,19.900000000000002,14,2.914285659790039,94.0,1.0,30,2.0,110.85028076171875
C2,1391,0.7944166666666667,33.7,23.7,14,26.457143783569336,376.0,1.0,30,2.0,117.97683715820312
C2,1392,0.7777371905027597,33.9,23.8,14,17.628570556640625,244.0,1.0,30,2.0,118.38610076904297
C2,1393,0.7692803873034202,34.0,23.8,14,14.685714721679688,204.0,1.0,30,2.0,125.96499633789062
C2,1394,0.7811948387102122,34.0,23.8,14,19.657142639160156,280.0,1.0,30,2.0,124.1123275756836
C2,1395,0.7818333333333334,34.2,24.299999999999997,13,30.953845977783203,416.0,1.0,30,2.0,134.46739196777344
C2,1396,0.7898333333333334,34.2,24.1,13,31.907691955566406,418.0,1.0,30,2.0,154.94711303710938
C2,1397,0.7787523558092738,34.2,24.1,13,19.353845596313477,254.0,1.0,30,2.0,165.50160217285156
C2,1398,0.7674499247540564,33.7,23.599999999999998,13,13.10769271850586,186.0,1.0,30,2.0,156.50096130371094
C2,1399,0.8469874223501775,18.2,17.8,13,0.6153846383094788,38.0,1.0,30,2.0,125.76724243164062
C2,1400,0.8466031846087607,18.4,17.7,13,0.5230769515037537,14.0,1.0,30,2.0,91.32701110839844
C2,1401,0.7843333333333333,34.8,24.2,13,21.13846206665039,274.0,1.0,30,2.0,76.529541015625
C2,1402,0.7265903701308001,18.2,17.8,10,0.5199999809265137,10.0,1.0,30,2.0,65.78439331054688
C2,1403,0.7547313530292299,32.5,21.2,10,6.199999809265137,112.0,1.0,30,2.0,65.87063598632812
C2,1404,0.8470898228402338,19.0,17.8,10,0.6399999856948853,26.0,1.0,30,2.0,49.38904571533203
C2,1405,0.8485843284339895,18.4,17.9,10,1.0,42.0,1.0,30,2.0,41.633426666259766
C2,1406,0.8472561670987856,17.9,17.7,10,0.6800000071525574,30.0,1.0,30,2.0,31.513389587402344
C2,1407,0.43214330426158387,34.5,24.299999999999997,2,10.600000381469727,74.0,1.0,30,2.0,28.641366958618164
C2,1408,0.749336515181563,32.5,22.8,2,4.800000190734863,48.0,1.0,30,2.0,27.318153381347656
C2,1409,0.30617500000000003,70.3,42.8,1,27.600000381469727,80.0,1.0,30,2.0,29.857559204101562
C2,1410,0.8559587577917702,18.1,17.7,1,2.799999952316284,22.0,1.0,30,2.0,27.914535522460938
C2,1411,0.30095,72.2,42.3,2,28.0,98.0,1.0,30,2.0,30.082054138183594
C2,1412,0.5710902975977581,50.0,17.8,2,0.4000000059604645,2.0,1.0,30,2.0,26.182565689086914
C2,1413,0.752438965819382,32.5,23.0,2,5.599999904632568,52.0,1.0,30,2.0,25.842872619628906
C2,1414,0.7946030737738131,28.8,20.9,2,7.800000190734863,72.0,1.0,30,3.0,22.305723190307617
C2,1415,0.7667944123276487,34.6,26.1,2,15.800000190734863,111.0,1.0,30,3.0,24.983434677124023
C2,1416,0.69175,44.900000000000006,31.099999999999998,2,25.0,129.0,1.0,30,3.0,28.856727600097656
C2,1417,0.6835,45.8,32.300000000000004,2,26.399999618530273,141.0,1.0,30,3.0,34.24736785888672
C2,1418,0.76265373648257,32.599999999999994,22.4,2,8.600000381469727,84.0,1.0,30,3.0,36.28175354003906
C2,1419,0.6899166666666666,45.1,31.7,2,26.0,135.0,1.0,30,3.0,37.7690544128418
C2,1420,0.7608204031492366,32.800000000000004,22.4,2,8.600000381469727,84.0,1.0,30,3.0,36.12809753417969
C2,1421,0.1814256680371381,67.7,38.5,5,44.400001525878906,213.0,1.0,30,3.0,40.87685775756836
C2,1422,0.5702970538885854,32.300000000000004,21.0,5,4.079999923706055,66.0,1.0,90,2.0,42.12611389160156
C2,1423,0.676615489555341,33.0,23.0,5,8.5600004196167,92.0,1.0,50,2.0,45.27566909790039
C2,1424,0.6979724576877054,27.900000000000002,19.7,5,2.240000009536743,50.0,1.0,50,2.0,41.032066345214844
C2,1425,0.7539541029587239,32.2,21.1,5,5.28000020980835,74.0,1.0,30,2.0,39.01924133300781
C2,1426,0.7363607634625772,33.2,23.3,3,7.28000020980835,86.0,1.0,30,2.0,37.41154479980469
C2,1427,0.6706497164681737,44.900000000000006,31.5,2,18.399999618530273,96.0,1.0,30,2.0,39.51359176635742
C2,1428,0.7517530515594156,34.9,25.9,2,11.600000381469727,66.0,1.0,30,2.0,40.24148941040039
C2,1429,0.6520872969734047,47.6,31.5,2,17.600000381469727,94.0,1.0,30,2.0,41.2115592956543
C2,1430,0.7125359472415528,38.6,26.700000000000003,2,10.0,62.0,1.0,30,2.0,39.52693557739258
C2,1431,0.32875000000000004,65.0,38.0,2,27.799999237060547,114.0,1.0,30,2.0,41.71615982055664
C2,1432,0.7659039841393918,32.4,22.1,2,9.0,84.0,1.0,30,3.0,40.49636459350586
C2,1433,0.6899166666666666,45.1,31.0,2,26.799999237060547,129.0,1.0,30,3.0,41.36448669433594
C2,1434,0.7294448152559143,38.5,27.0,2,15.199999809265137,99.0,1.0,30,3.0,38.68535614013672
C2,1435,0.6926666666666667,44.8,31.2,2,26.799999237060547,141.0,1.0,30,3.0,39.61121368408203
C2,1436,0.7277066575738977,39.5,27.599999999999998,2,18.200000762939453,117.0,1.0,30,3.0,39.63339614868164
C2,1437,0.6489166666666667,48.7,32.9,3,31.33333396911621,153.0,1.0,30,3.0,42.04670333862305
C2,1438,0.7903219235523431,28.7,20.6,3,6.400000095367432,87.0,1.0,30,3.0,41.094688415527344
C2,1439,0.7341608419928718,39.0,26.8,3,19.066667556762695,141.0,1.0,30,3.0,41.590145111083984
C2,1440,0.8543353991895412,18.2,17.7,3,2.4000000953674316,57.0,1.0,30,3.0,37.62075424194336
C2,1441,0.7547017419020717,33.8,23.900000000000002,3,9.466666221618652,96.0,1.0,30,3.0,35.63911819458008
C2,1442,0.8477547725551173,18.3,17.8,3,0.800000011920929,18.0,1.0,30,3.0,28.983470916748047
C2,1443,0.7517697404404797,32.599999999999994,22.0,2,7.800000190734863,75.0,1.0,30,3.0,25.790082931518555
C2,1444,0.5727547725551173,50.0,17.8,2,0.800000011920929,6.0,1.0,30,1.0,20.40738296508789
C2,1445,0.762750272921408,33.5,25.6,1,13.600000381469727,69.0,1.0,30,3.0,19.444429397583008
C2,1446,0.8685539631541367,18.3,17.8,1,6.0,48.0,1.0,30,3.0,17.666658401489258
C2,1447,0.7750608875812963,32.9,26.9,1,13.199999809265137,66.0,1.0,30,3.0,18.733327865600586
C2,1448,0.8591758329899635,18.4,18.0,1,3.5999999046325684,30.0,1.0,30,3.0,17.639997482299805
C2,1449,0.7769314487072925,33.2,27.099999999999998,1,14.800000190734863,75.0,1.0,30,3.0,18.183998107910156
C2,1450,0.8559587577917702,18.3,17.9,1,2.799999952316284,24.0,1.0,30,3.0,16.64373207092285
C2,1451,0.30425,71.0,40.9,2,36.0,144.0,1.0,30,3.0,20.786239624023438
C2,1452,0.7561567313695159,33.5,23.599999999999998,3,11.466666221618652,114.0,1.0,30,3.0,25.005077362060547
C2,1453,0.6963333333333332,44.4,30.0,3,26.399999618530273,165.0,1.0,30,3.0,33.80304718017578
C2,1454,0.7543782405704299,32.4,21.7,3,5.866666793823242,81.0,1.0,30,3.0,36.28182601928711
C2,1455,0.7624158220257149,33.5,24.0,3,10.933333396911621,111.0,1.0,30,3.0,37.635765075683594
C2,1456,0.6525833333333333,48.300000000000004,33.0,4,35.599998474121094,180.0,1.0,30,3.0,39.11479187011719
C2,1457,0.6981666666666667,44.2,29.3,4,26.100000381469727,180.0,1.0,30,3.0,44.40220642089844
C2,1458,0.7922835291011846,27.900000000000002,19.7,4,5.0,87.0,1.0,30,3.0,46.507991790771484
C2,1459,0.7840335291011845,28.8,20.9,4,5.0,81.0,1.0,30,3.0,43.3714599609375
C2,1460,0.5715070674642849,50.0,17.8,4,0.5,6.0,1.0,30,3.0,33.75621032714844
C2,1461,0.6901666666666667,44.2,30.200000000000003,5,31.84000015258789,228.0,1.0,30,3.0,34.253726959228516
C2,1462,0.7716142601844588,32.9,22.9,5,12.079999923706055,141.0,1.0,30,3.0,37.218902587890625
C2,1463,0.7508501624979846,34.8,24.1,5,11.039999961853027,129.0,1.0,30,3.0,44.46467590332031
C2,1464,0.7833032452164743,29.2,21.2,5,5.760000228881836,93.0,1.0,30,3.0,42.812137603759766
C2,1465,0.7642809268511254,33.7,23.5,5,12.079999923706055,129.0,1.0,30,3.0,41.28728103637695
C2,1466,0.7927694518965094,28.400000000000002,20.400000000000002,5,6.320000171661377,99.0,1.0,30,3.0,39.03903579711914
C2,1467,0.6319254522599813,32.5,21.8,2,5.4666666984558105,75.0,1.0,30,3.0,36.89008712768555
C2,1468,0.5719234084714488,50.0,17.7,2,0.6000000238418579,6.0,1.0,30,3.0,30.134052276611328
C2,1469,0.8583754262827478,18.0,17.7,2,3.4000000953674316,54.0,1.0,30,3.0,24.08043098449707
C2,1470,0.8477547725551173,18.700000000000003,17.9,2,0.800000011920929,15.0,1.0,30,3.0,17.781593322753906
C2,1471,0.7777549705465451,32.7,25.7,1,16.399999618530273,87.0,1.0,30,3.0,17.6022891998291
C2,1472,0.852702823555001,18.2,17.8,1,2.0,12.0,1.0,30,3.0,15.628040313720703
C2,1473,0.7661994945015955,33.6,27.3,1,12.399999618530273,60.0,1.0,30,3.0,16.443490982055664
C2,1474,0.772547377988288,18.1,17.9,1,2.799999952316284,21.0,1.0,50,3.0,13.999427795410156
C2,1475,0.25055315117531984,82.9,45.699999999999996,2,44.79999923706055,129.0,1.0,30,3.0,17.732990264892578
C2,1476,0.6388310304537589,38.800000000000004,26.4,2,12.199999809265137,78.0,1.0,50,2.0,22.506460189819336
C2,1477,0.667,47.6,32.5,2,25.600000381469727,132.0,1.0,30,3.0,30.303876876831055
C2,1478,0.7606864071071464,32.5,21.6,2,7.800000190734863,75.0,1.0,30,3.0,32.58232498168945
C2,1479,0.6908333333333334,45.0,31.2,2,26.200000762939453,135.0,1.0,30,3.0,34.74939727783203
C2,1480,0.8575724027518892,18.2,17.7,2,3.200000047683716,57.0,1.0,30,3.0,32.716304779052734
C2,1481,0.6945,44.6,31.6,2,25.600000381469727,144.0,1.0,30,3.0,34.563114166259766
C2,1482,0.4906849398620173,50.0,17.8,2,1.0,9.0,1.0,50,3.0,30.071203231811523
C2,1483,0.7764510139155698,18.1,17.6,2,3.799999952316284,54.0,1.0,50,3.0,27.242721557617188
C2,1484,0.48844723244420896,50.0,17.7,2,0.4000000059604645,3.0,1.0,50,3.0,19.278966903686523
C2,1485,0.6724950715527085,32.300000000000004,22.2,2,6.0,60.0,1.0,50,3.0,16.767379760742188
C2,1486,0.7679480189220103,17.9,17.6,2,1.600000023841858,30.0,1.0,50,3.0,14.193760871887207
C2,1487,0.6832728820215944,32.800000000000004,25.6,1,11.600000381469727,60.0,1.0,50,3.0,15.182923316955566
C2,1488,0.7694704801128012,18.2,17.8,1,2.0,15.0,1.0,50,3.0,13.776420593261719
C2,1489,0.7701827091413447,33.300000000000004,27.3,1,12.800000190734863,60.0,1.0,30,3.0,14.265851974487305
C2,1490,0.7686116848374829,33.2,27.400000000000002,1,12.0,60.0,1.0,30,3.0,14.559511184692383
C2,1491,0.2611068707294589,81.60000000000001,44.6,2,42.0,123.0,1.0,30,3.0,19.535707473754883
C2,1492,0.8543353991895412,18.1,17.7,2,2.4000000953674316,30.0,1.0,30,3.0,21.188091278076172
C2,1493,0.7439697798576395,33.0,22.700000000000003,2,4.599999904632568,42.0,1.0,30,2.0,22.312854766845703
C2,1494,0.8494120147012151,18.2,17.7,2,1.2000000476837158,14.0,1.0,30,2.0,18.45438003540039
C2,1495,0.7502531818482296,32.4,22.599999999999998,2,4.800000190734863,46.0,1.0,30,2.0,17.87262725830078
C2,1496,0.8422377688575918,18.1,17.7,1,1.399999976158142,15.0,1.0,30,1.0,16.72357749938965
C2,1497,0.6852627402374647,32.9,26.0,1,10.399999618530273,56.0,1.0,50,2.0,18.83414649963379
C2,1498,0.6852627402374647,32.9,26.4,1,10.399999618530273,56.0,1.0,50,2.0,20.767154693603516
C2,1499,0.22924070776559438,89.2,49.4,1,31.200000762939453,86.0,1.0,50,2.0,25.66029167175293
C2,1500,0.5998649024637934,45.199999999999996,35.6,1,16.799999237060547,60.0,1.0,50,2.0,28.862842559814453
C2,1501,-0.6699976149592818,266.79999999999995,151.79999999999998,7,200.0,417.0,1.0,30,3.0,45.584373474121094
C2,1502,0.49333333333333335,36.0,25.3,14,24.514286041259766,333.0,1.0,30,3.0,64.6839599609375
C2,1503,0.7870833333333334,34.5,24.299999999999997,14,26.685714721679688,366.0,1.0,30,3.0,88.4103775024414
C2,1504,0.7675140957293097,33.300000000000004,23.099999999999998,14,11.942856788635254,182.0,1.0,30,2.0,96.24622344970703
C2,1505,0.7770190072405025,33.7,23.900000000000002,14,16.571428298950195,224.0,1.0,30,2.0,101.08106994628906
C2,1506,0.7672049602283875,33.5,23.099999999999998,14,12.428571701049805,196.0,1.0,30,2.0,100.78197479248047
C2,1507,0.8386855523717187,18.2,17.7,13,0.5428571701049805,30.0,1.0,30,2.0,90.46918487548828
C2,1508,0.8393712870149946,18.1,17.7,12,0.7076923251152039,28.0,1.0,30,2.0,71.21484375
C2,1509,0.6871314154582048,18.1,17.7,8,0.6499999761581421,26.0,1.0,30,2.0,48.32890701293945
C2,1510,0.8399623335123106,18.1,17.7,7,0.8500000238418579,38.0,1.0,30,2.0,35.13067626953125
C2,1511,0.8111889060624309,23.400000000000002,19.3,6,1.4285714626312256,48.0,1.0,30,2.0,28.545072555541992
C2,1512,0.1303193258003433,87.4,43.6,3,43.20000076293945,170.0,1.0,30,2.0,34.19371032714844
C2,1513,0.7077930888875918,39.199999999999996,27.2,4,12.699999809265137,100.0,1.0,30,2.0,41.716224670410156
C2,1514,0.7482398056238297,33.0,22.4,4,5.699999809265137,76.0,1.0,30,2.0,48.09640121459961
C2,1515,0.6624166666666667,48.099999999999994,32.4,4,24.700000762939453,158.0,1.0,30,2.0,51.124507904052734
C2,1516,0.355125,52.5,36.1,5,37.29999923706055,184.0,1.0,30,2.0,58.5413703918457
C2,1517,0.7383241649112018,32.599999999999994,21.3,6,4.266666889190674,72.0,1.0,30,2.0,62.724822998046875
C2,1518,0.7220000000000001,41.6,28.5,6,31.200000762939453,243.0,1.0,30,3.0,65.5015640258789
C2,1519,0.8474778490641532,18.4,17.8,6,0.7333333492279053,24.0,1.0,30,2.0,56.50093460083008
C2,1520,0.6282387940646129,29.1,21.4,6,3.066666603088379,40.0,1.0,70,1.0,51.63389587402344
C2,1521,0.5920258118396599,34.1,25.1,6,7.066666603088379,65.0,1.0,70,1.0,46.58033752441406
C2,1522,0.6883275046835343,44.0,29.8,6,39.06666564941406,270.0,1.0,50,3.0,53.948204040527344
C2,1523,0.6749955227861141,37.5,24.9,6,17.866666793823242,180.0,1.0,50,3.0,61.035587310791016
C2,1524,0.6804182176684678,33.0,22.9,5,11.359999656677246,132.0,1.0,50,3.0,62.48801803588867
C2,1525,0.6117728635460091,49.3,33.300000000000004,7,65.76000213623047,360.0,1.0,50,3.0,67.35948181152344
C2,1526,0.7243333333333333,39.6,26.8,9,29.244443893432617,291.0,1.0,30,3.0,75.21569061279297
C2,1527,0.7214352524258539,39.4,27.099999999999998,9,35.28888702392578,318.0,1.0,50,3.0,88.19607543945312
C2,1528,0.7699803644303941,18.4,18.2,9,2.133333444595337,63.0,1.0,50,3.0,82.78431701660156
C2,1529,0.6017484526780329,39.9,26.9,9,25.733333587646484,232.0,1.0,70,2.0,82.07058715820312
C2,1530,0.6066924785063266,32.5,21.8,9,7.066666603088379,118.0,1.0,70,2.0,75.37568664550781
C2,1531,0.584632408678775,33.0,22.3,7,6.488888740539551,110.0,1.0,70,2.0,75.89208221435547
C2,1532,0.5706061918074781,44.699999999999996,29.7,7,28.85714340209961,210.0,1.0,70,2.0,74.73524475097656
C2,1533,0.4862635861603317,33.2,22.9,4,9.300000190734863,94.0,1.0,70,2.0,72.44114685058594
C2,1534,0.67575,44.900000000000006,29.7,6,30.266666412353516,228.0,1.0,30,3.0,73.86469268798828
C2,1535,0.6803333333333332,44.4,29.2,8,35.400001525878906,282.0,1.0,30,3.0,73.25214385986328
C2,1536,0.7723528674625884,32.599999999999994,21.8,8,11.449999809265137,171.0,1.0,30,3.0,74.21795654296875
C2,1537,0.8172614326772761,24.0,19.0,8,2.299999952316284,75.0,1.0,30,3.0,67.9974365234375
C2,1538,0.7652207583045072,33.2,22.599999999999998,8,10.949999809265137,165.0,1.0,30,3.0,59.06513214111328
C2,1539,0.7560756855237147,32.599999999999994,21.6,8,6.800000190734863,126.0,1.0,30,3.0,51.705745697021484
C2,1540,0.7744578675191387,33.5,23.400000000000002,8,14.899999618530273,192.0,1.0,30,3.0,52.4901123046875
C2,1541,0.2981749414631122,46.0,31.4,4,15.100000381469727,85.0,1.0,90,1.0,56.96073532104492
C2,1542,0.49233333333333335,49.2,33.4,8,37.0,279.0,1.0,30,3.0,66.44310760498047
C2,1543,0.5849166666666666,39.1,26.200000000000003,12,34.733333587646484,387.0,1.0,30,3.0,80.7991943359375
C2,1544,0.7880607242874242,28.6,20.0,12,5.566666603088379,144.0,1.0,30,3.0,84.4795150756836
C2,1545,0.7870833333333334,34.5,24.7,12,32.66666793823242,387.0,1.0,30,3.0,91.48770904541016
C2,1546,0.8506499024975485,18.1,18.0,12,1.5,69.0,1.0,30,3.0,81.55929565429688
C2,1547,0.8510615300280377,19.5,18.5,12,1.600000023841858,66.0,1.0,30,3.0,72.13557434082031
C2,1548,0.8470620919847911,17.9,17.7,12,0.6333333253860474,34.0,1.0,30,2.0,51.548011779785156
C2,1549,0.8478931589779795,18.3,17.9,12,0.8333333134651184,38.0,1.0,30,2.0,38.662139892578125
C2,1550,0.8484953480345485,20.1,18.599999999999998,12,1.2000000476837158,48.0,1.0,30,2.0,31.197284698486328
C2,1551,-0.10751405275844717,50.2,31.9,1,10.0,82.0,1.0,30,2.0,29.918371200561523
C2,1552,0.8591758329899635,18.0,17.7,1,3.5999999046325684,32.0,1.0,30,2.0,28.751022338867188
C2,1553,0.7628555817666097,32.5,25.9,1,8.399999618530273,42.0,1.0,30,2.0,27.65061378479004
C2,1554,0.8575724027518892,18.1,17.7,1,3.200000047683716,28.0,1.0,30,2.0,23.39036750793457
C2,1555,0.7643299919607617,32.800000000000004,26.200000000000003,1,9.600000381469727,48.0,1.0,30,2.0,21.900888442993164
C2,1556,0.6749746676127758,45.0,35.7,1,17.200000762939453,60.0,1.0,30,2.0,22.207199096679688
C2,1557,0.8685539631541367,18.1,17.7,1,6.0,51.0,1.0,30,3.0,22.790987014770508
C2,1558,0.7765004363535689,33.0,26.3,1,14.0,72.0,1.0,30,3.0,23.141258239746094
C2,1559,0.7624476672328439,32.7,27.099999999999998,1,8.800000190734863,40.0,1.0,30,2.0,22.018089294433594
C2,1560,0.8575724027518892,18.1,17.6,1,3.200000047683716,26.0,1.0,30,2.0,20.810853958129883
C2,1561,0.6813997164681738,44.6,34.4,1,18.399999618530273,66.0,1.0,30,2.0,21.28651237487793
C2,1562,0.8591758329899635,18.2,17.7,1,3.5999999046325684,28.0,1.0,30,2.0,20.771907806396484
C2,1563,0.8607685509003341,18.5,17.9,1,4.0,28.0,1.0,30,2.0,20.596477508544922
C2,1564,0.8607685509003341,18.1,17.7,1,4.0,32.0,1.0,30,2.0,18.22455406188965
C2,1565,0.8607685509003341,18.1,17.7,1,4.0,26.0,1.0,30,2.0,16.668066024780273
C2,1566,0.766163325294095,32.599999999999994,26.5,1,9.600000381469727,52.0,1.0,30,2.0,17.33417320251465
C2,1567,0.767336384892749,33.2,27.0,1,11.600000381469727,54.0,1.0,30,2.0,19.200504302978516
C2,1568,0.7836265182647975,17.9,17.7,1,5.599999904632568,48.0,1.0,50,3.0,20.72030258178711
C2,1569,0.8623500559002011,18.599999999999998,17.9,1,4.400000095367432,32.0,1.0,30,2.0,20.298847198486328
C2,1570,0.8559587577917702,18.2,17.8,1,2.799999952316284,24.0,1.0,30,2.0,18.045974731445312
C2,1571,0.6688333333333334,47.4,34.8,1,22.0,78.0,1.0,30,2.0,19.76091766357422
C2,1572,0.8607685509003341,18.0,17.6,1,4.0,34.0,1.0,30,2.0,20.9232177734375
C2,1573,0.5682061540247693,32.599999999999994,26.700000000000003,1,4.800000190734863,23.0,1.0,90,1.0,23.087263107299805
C2,1574,0.8623500559002011,17.9,17.6,1,4.400000095367432,36.0,1.0,30,2.0,21.585691452026367
C2,1575,0.8607685509003341,18.1,17.6,1,4.0,28.0,1.0,30,2.0,20.284748077392578
C2,1576,0.8607685509003341,18.1,17.8,1,4.0,36.0,1.0,30,2.0,18.837514877319336
C2,1577,0.8639198485148963,17.9,17.6,1,4.800000190734863,38.0,1.0,30,2.0,18.102508544921875
C2,1578,0.8591758329899635,18.1,18.0,1,3.5999999046325684,30.0,1.0,30,2.0,17.79483985900879
C2,1579,0.8591758329899635,18.3,17.9,1,3.5999999046325684,24.0,1.0,30,2.0,16.81023597717285
C2,1580,0.7620359472415529,33.2,26.599999999999998,1,10.0,52.0,1.0,30,2.0,17.152809143066406
C2,1581,0.2626693258003433,80.0,49.7,2,43.20000076293945,100.0,1.0,30,2.0,22.0250186920166
C2,1582,0.35845000000000005,54.199999999999996,36.7,2,23.200000762939453,100.0,1.0,30,2.0,30.015010833740234
C2,1583,0.7508940944944359,32.5,23.599999999999998,2,5.199999809265137,46.0,1.0,30,2.0,34.40900802612305
C2,1584,0.8535202322523546,17.9,17.5,2,2.200000047683716,28.0,1.0,30,2.0,32.24540328979492
C2,1585,0.8559587577917702,18.1,17.7,2,2.799999952316284,34.0,1.0,30,2.0,26.547243118286133
C2,1586,0.7486833892335344,32.4,21.4,2,4.400000095367432,46.0,1.0,30,2.0,23.128345489501953
C2,1587,0.7556480196958966,32.4,21.8,2,6.199999809265137,54.0,1.0,30,2.0,22.810340881347656
C2,1588,0.844702823555001,19.3,18.0,1,2.0,20.0,1.0,30,2.0,21.68620491027832
C2,1589,0.8607685509003341,18.1,17.7,1,4.0,30.0,1.0,30,2.0,19.94505500793457
C2,1590,0.7704450181708162,33.0,27.400000000000002,1,12.0,60.0,1.0,30,3.0,17.96703338623047
C2,1591,0.6926666666666667,44.8,34.2,1,24.399999618530273,96.0,1.0,30,3.0,19.71355438232422
C2,1592,0.788670630306738,32.7,26.700000000000003,1,17.600000381469727,87.0,1.0,30,3.0,22.628131866455078
C2,1593,0.7859206303067381,33.0,27.400000000000002,1,17.600000381469727,84.0,1.0,30,3.0,25.443546295166016
C2,1594,0.7792504363535688,32.7,27.099999999999998,1,14.0,69.0,1.0,30,3.0,25.93279457092285
C2,1595,0.7875883038798784,32.5,26.700000000000003,1,16.399999618530273,87.0,1.0,30,3.0,26.226343154907227
C2,1596,0.24946932580034337,84.8,45.699999999999996,2,43.20000076293945,123.0,1.0,30,3.0,28.135805130004883
C2,1597,0.7534922759740734,32.800000000000004,22.4,2,6.599999904632568,66.0,1.0,30,3.0,29.148149490356445
C2,1598,0.7659039841393918,32.4,21.4,2,9.0,78.0,1.0,30,3.0,29.35555648803711
C2,1599,0.8591758329899635,17.9,17.7,2,3.5999999046325684,51.0,1.0,30,3.0,26.280000686645508
C2,1600,0.7579364071071464,32.800000000000004,22.0,2,7.800000190734863,78.0,1.0,30,3.0,24.968000411987305
C2,1601,0.6972500000000001,44.3,30.599999999999998,2,23.0,126.0,1.0,30,3.0,26.314132690429688
C2,1602,0.6237758826974438,39.699999999999996,27.2,2,10.600000381469727,62.0,1.0,50,2.0,28.988479614257812
C2,1603,0.7509052568856766,33.0,22.0,2,6.400000095367432,63.0,1.0,30,3.0,29.926422119140625
C2,1604,0.8591758329899635,18.0,17.7,2,3.5999999046325684,54.0,1.0,30,3.0,27.289186477661133
C2,1605,0.7647726274468986,32.599999999999994,22.700000000000003,2,9.199999809265137,87.0,1.0,30,3.0,25.44017791748047
C2,1606,0.7606864071071464,32.5,21.9,2,7.800000190734863,72.0,1.0,30,3.0,24.73077392578125
C2,1607,0.6865,44.6,32.9,1,28.799999237060547,102.0,1.0,30,3.0,26.438465118408203
C2,1608,0.8623500559002011,18.3,17.8,1,4.400000095367432,36.0,1.0,30,3.0,25.1964111328125
C2,1609,0.8670222991527153,17.8,17.5,1,5.599999904632568,48.0,1.0,30,3.0,23.38451385498047
C2,1610,0.8715756855237148,17.9,17.8,1,6.800000190734863,57.0,1.0,30,3.0,20.297374725341797
C2,1611,0.6871666666666667,45.400000000000006,35.7,1,30.799999237060547,105.0,1.0,30,3.0,21.51175880432129
C2,1612,0.14416592640537407,111.0,53.1,3,51.46666717529297,204.0,1.0,30,3.0,29.173721313476562
C2,1613,-0.1510478507174992,78.10000000000001,38.699999999999996,11,71.33333587646484,360.0,1.0,30,3.0,47.23756790161133
C2,1614,0.7830146235379932,30.4,20.8,11,8.654545783996582,177.0,1.0,30,3.0,61.27587127685547
C2,1615,0.7649521353991033,32.2,21.1,11,8.218181610107422,171.0,1.0,30,3.0,68.23219299316406
C2,1616,0.7953333333333333,33.6,23.599999999999998,11,20.399999618530273,264.0,1.0,30,3.0,68.13931274414062
C2,1617,0.7842995634990567,28.2,19.400000000000002,11,3.672727346420288,105.0,1.0,30,3.0,64.88359069824219
C2,1618,0.7720141892864303,32.599999999999994,21.7,11,11.345454216003418,195.0,1.0,30,3.0,63.99681854248047
C2,1619,0.7280538182749895,39.300000000000004,26.9,11,42.45000076293945,354.0,1.0,30,3.0,67.46475982666016
C2,1620,0.5997021708849011,28.8,20.5,11,0.800000011920929,26.0,1.0,90,1.0,68.34552001953125
C2,1621,0.7650833333333333,36.900000000000006,25.3,11,28.07272720336914,318.0,1.0,30,3.0,74.34064483642578
C2,1622,0.5665913027896496,32.7,21.9,11,4.03636360168457,68.0,1.0,90,1.0,71.27105712890625
C2,1623,0.78430520415172,33.4,23.599999999999998,11,18.509090423583984,249.0,1.0,30,3.0,77.029296875
C2,1624,0.8485089906701998,18.1,17.7,11,0.9818181991577148,57.0,1.0,30,3.0,68.88424682617188
C2,1625,0.7646727118400938,33.099999999999994,22.1,11,10.5090913772583,195.0,1.0,30,3.0,63.59721374511719
C2,1626,0.6622999759186965,23.8,19.3,7,3.090909004211426,93.0,1.0,30,3.0,53.491661071777344
C2,1627,0.7513368057909041,32.5,21.0,7,5.314285755157471,105.0,1.0,30,3.0,49.56166458129883
C2,1628,0.7645095992208213,18.2,17.8,7,0.6857143044471741,30.0,1.0,50,2.0,40.5369987487793
C2,1629,0.5560898228402337,50.0,17.9,5,0.6399999856948853,6.0,1.0,30,3.0,31.25553321838379
C2,1630,0.8494120147012151,18.2,17.8,5,1.2000000476837158,42.0,1.0,30,3.0,22.88665199279785
C2,1631,0.5836666666666667,43.6,29.2,2,28.200000762939453,138.0,1.0,30,3.0,21.998659133911133
C2,1632,0.8502377688575918,18.1,17.8,2,1.399999976158142,28.0,1.0,30,2.0,23.065860748291016
C2,1633,0.8535202322523546,18.1,17.8,2,2.200000047683716,30.0,1.0,30,2.0,23.83951759338379
C2,1634,0.7900222991527154,28.400000000000002,21.0,2,5.599999904632568,50.0,1.0,30,2.0,21.50370979309082
C2,1635,0.7465865151815629,32.800000000000004,23.400000000000002,2,4.800000190734863,42.0,1.0,30,2.0,21.035558700561523
C2,1636,0.7627053086841741,32.2,22.3,2,7.599999904632568,66.0,1.0,30,3.0,21.68800163269043
C2,1637,0.8620719235523432,18.1,17.8,1,6.400000095367432,57.0,1.0,30,3.0,21.279468536376953
C2,1638,0.8685539631541367,18.1,17.8,1,6.0,51.0,1.0,30,3.0,20.501014709472656
C2,1639,0.8639198485148963,18.1,17.8,1,4.800000190734863,36.0,1.0,30,3.0,18.70060920715332
C2,1640,0.8670222991527153,18.1,17.7,1,5.599999904632568,48.0,1.0,30,3.0,17.220365524291992
C2,1641,0.7801486286900527,33.2,27.400000000000002,1,16.0,75.0,1.0,30,3.0,17.39888572692871
C2,1642,0.8575724027518892,18.599999999999998,17.8,1,3.200000047683716,27.0,1.0,30,3.0,17.105998992919922
C2,1643,0.8700719235523432,18.1,17.8,1,6.400000095367432,48.0,1.0,30,3.0,16.930265426635742
C2,1644,0.8575724027518892,18.2,17.8,1,3.200000047683716,27.0,1.0,30,3.0,14.691493034362793
C2,1645,0.8639198485148963,18.1,17.8,1,4.800000190734863,36.0,1.0,30,3.0,13.748229026794434
C2,1646,0.7812526591336767,33.300000000000004,26.700000000000003,1,16.799999237060547,84.0,1.0,30,3.0,14.782270431518555
C2,1647,0.8654774278277694,18.1,17.8,1,5.199999809265137,42.0,1.0,30,3.0,16.06936264038086
C2,1648,0.8591758329899635,18.2,17.8,1,3.5999999046325684,27.0,1.0,30,3.0,16.441617965698242
C2,1649,0.8715756855237148,18.2,17.8,1,6.800000190734863,54.0,1.0,30,3.0,15.331637382507324
C2,1650,0.7101875370135838,18.2,17.7,1,2.4000000953674316,16.0,1.0,70,2.0,13.865649223327637
C2,1651,0.6914046792737011,32.599999999999994,26.4,1,11.199999809265137,54.0,1.0,50,2.0,15.386055946350098
C2,1652,0.7756653383512933,18.3,17.8,1,3.5999999046325684,28.0,1.0,50,2.0,15.76496696472168
C2,1653,0.7772390996697683,18.2,17.7,1,4.0,30.0,1.0,50,2.0,16.925647735595703
C2,1654,0.7741013474818902,18.2,17.7,1,3.200000047683716,24.0,1.0,50,3.0,15.08872127532959
C2,1655,0.6768654492644054,32.9,26.3,1,8.399999618530273,42.0,1.0,50,2.0,14.919899940490723
C2,1656,0.5627606150479693,33.6,26.9,1,8.399999618530273,40.0,1.0,90,2.0,15.485273361206055
C2,1657,0.8559587577917702,18.0,17.8,1,2.799999952316284,21.0,1.0,30,3.0,15.691164016723633
C2,1658,0.8654774278277694,18.1,17.9,1,5.199999809265137,42.0,1.0,30,3.0,14.881364822387695
C2,1659,0.8607685509003341,18.0,17.7,1,4.0,33.0,1.0,30,3.0,13.195486068725586
C2,1660,0.6816110464429402,17.9,17.7,1,2.4000000953674316,20.0,1.0,90,2.0,12.58395767211914
C2,1661,0.6972500000000001,44.3,34.9,1,30.0,108.0,1.0,30,3.0,15.150374412536621
C2,1662,0.8654774278277694,18.4,17.9,1,5.199999809265137,42.0,1.0,30,3.0,17.090225219726562
C2,1663,0.7789448152559143,33.099999999999994,26.8,1,15.199999809265137,72.0,1.0,30,3.0,20.12080192565918
C2,1664,0.8670222991527153,18.1,17.6,1,5.599999904632568,45.0,1.0,30,3.0,19.13914680480957
C2,1665,0.8639198485148963,18.0,17.7,1,4.800000190734863,33.0,1.0,30,3.0,18.150156021118164
C2,1666,0.8700719235523432,18.3,17.8,1,6.400000095367432,54.0,1.0,30,3.0,16.756759643554688
C2,1667,0.8700719235523432,18.1,17.8,1,6.400000095367432,54.0,1.0,30,3.0,16.320722579956055
C2,1668,0.8543353991895412,18.0,17.8,1,2.4000000953674316,20.0,1.0,30,2.0,15.925766944885254
C2,1669,0.8559587577917702,20.0,17.8,1,2.799999952316284,18.0,1.0,30,3.0,14.088793754577637
C2,1670,0.8591758329899635,18.2,17.7,1,3.5999999046325684,27.0,1.0,30,3.0,11.786609649658203
C2,1671,0.8654774278277694,18.0,17.7,1,5.199999809265137,45.0,1.0,30,3.0,11.071965217590332
C2,1672,0.8543353991895412,18.3,17.6,1,2.4000000953674316,18.0,1.0,30,3.0,10.643178939819336
C2,1673,0.7776442973933648,33.0,26.599999999999998,1,14.399999618530273,72.0,1.0,30,3.0,12.385907173156738
C2,1674,0.8591758329899635,18.0,17.8,1,3.5999999046325684,30.0,1.0,30,3.0,12.764878273010254
C2,1675,0.8575724027518892,18.1,17.7,1,3.200000047683716,24.0,1.0,30,3.0,13.258926391601562
C2,1676,0.8623500559002011,18.1,17.7,1,4.400000095367432,36.0,1.0,30,2.0,12.755355834960938
C2,1677,0.8559587577917702,17.9,17.5,1,2.799999952316284,18.0,1.0,30,2.0,12.319880485534668
C2,1678,0.8543353991895412,17.8,17.5,1,2.4000000953674316,20.0,1.0,30,2.0,12.325261116027832
C2,1679,0.8575724027518892,18.2,17.7,1,3.200000047683716,24.0,1.0,30,2.0,11.52849006652832
C2,1680,0.8510615300280377,18.2,17.7,1,1.600000023841858,16.0,1.0,30,2.0,10.917094230651855
C2,1681,0.6926666666666667,44.8,35.1,1,32.400001525878906,117.0,1.0,30,3.0,14.416923522949219
C2,1682,0.8405843284339894,18.0,17.6,2,1.0,21.0,1.0,30,3.0,15.850153923034668
C2,1683,0.852702823555001,18.0,17.7,2,2.0,27.0,1.0,30,3.0,16.843425750732422
C2,1684,0.8551482611556787,18.1,17.6,2,2.5999999046325684,39.0,1.0,30,3.0,13.972722053527832
C2,1685,0.8543353991895412,18.1,17.6,2,2.4000000953674316,27.0,1.0,30,3.0,12.516966819763184
C2,1686,0.7623301916662591,32.4,22.3,2,8.0,87.0,1.0,30,3.0,14.310179710388184
C2,1687,0.8471482611556787,18.3,17.7,1,2.5999999046325684,45.0,1.0,30,3.0,15.652774810791016
C2,1688,0.8559587577917702,18.2,17.6,1,2.799999952316284,21.0,1.0,30,3.0,16.191665649414062
C2,1689,0.8575724027518892,18.0,17.7,1,3.200000047683716,24.0,1.0,30,3.0,13.714999198913574
C2,1690,0.8559587577917702,17.9,17.6,1,2.799999952316284,24.0,1.0,30,3.0,11.295665740966797
C2,1691,0.6908333333333334,45.0,35.8,1,26.0,90.0,1.0,30,3.0,12.910733222961426
C2,1692,0.8543353991895412,18.0,17.7,1,2.4000000953674316,20.0,1.0,30,2.0,14.146439552307129
C2,1693,0.6822774582840988,18.0,17.7,1,3.200000047683716,21.0,1.0,90,3.0,14.754530906677246
C2,1694,0.7459333892335344,32.7,27.400000000000002,1,4.400000095367432,21.0,1.0,30,1.0,13.919384956359863
C2,1695,0.5760615300280377,50.0,17.7,1,1.600000023841858,8.0,1.0,30,2.0,12.618297576904297
C2,1696,0.8575724027518892,18.2,17.7,1,3.200000047683716,28.0,1.0,30,2.0,12.770978927612305
C2,1697,0.8559587577917702,18.1,17.6,1,2.799999952316284,18.0,1.0,30,2.0,11.262587547302246
C2,1698,0.8336448633613711,21.9,18.1,1,1.600000023841858,12.0,1.0,30,2.0,10.624218940734863
C2,1699,0.8575724027518892,18.0,17.7,1,3.200000047683716,21.0,1.0,30,3.0,9.307865142822266
C2,1700,0.8559587577917702,18.1,17.7,1,2.799999952316284,21.0,1.0,30,3.0,8.251385688781738
C2,1701,0.8685539631541367,18.2,17.8,1,6.0,48.0,1.0,30,3.0,8.950831413269043
C2,1702,0.8543353991895412,18.5,17.7,1,2.4000000953674316,18.0,1.0,30,3.0,9.237165451049805
C2,1703,0.8623500559002011,18.0,17.6,1,4.400000095367432,33.0,1.0,30,3.0,9.942298889160156
C2,1704,0.8700719235523432,17.9,17.6,1,6.400000095367432,54.0,1.0,30,3.0,10.632046699523926
C2,1705,0.8510615300280377,18.0,17.5,1,1.600000023841858,10.0,1.0,30,1.0,11.579227447509766
C2,1706,0.7502531818482296,32.4,26.1,1,4.800000190734863,25.0,1.0,30,1.0,14.014203071594238
C2,1707,0.852702823555001,17.9,17.7,1,2.0,10.0,1.0,30,1.0,14.40852165222168
C2,1708,0.5727547725551173,50.0,17.7,1,0.800000011920929,6.0,1.0,30,1.0,14.111780166625977
C2,1709,0.8510615300280377,18.1,17.6,1,1.600000023841858,10.0,1.0,30,1.0,11.933734893798828
C2,1710,0.5727547725551173,50.0,18.2,1,0.800000011920929,5.0,1.0,30,1.0,9.960240364074707
C2,1711,0.8412920911251035,21.6,17.8,1,2.799999952316284,19.0,1.0,30,1.0,10.509477615356445
C2,1712,0.5744120147012152,50.0,17.5,1,1.2000000476837158,9.0,1.0,30,1.0,10.705686569213867
C2,1713,0.5744120147012152,50.0,17.7,1,1.2000000476837158,8.0,1.0,30,1.0,11.223411560058594
C2,1714,0.5727547725551173,50.0,17.8,1,0.800000011920929,5.0,1.0,30,1.0,9.667380332946777
C2,1715,0.8510615300280377,18.1,17.7,1,1.600000023841858,11.0,1.0,30,1.0,9.000428199768066
C2,1716,0.7443518842336673,32.7,27.400000000000002,1,4.0,24.0,1.0,30,1.0,10.733590126037598
C2,1717,0.8520724027518891,20.6,17.9,1,3.200000047683716,19.0,1.0,30,1.0,13.640153884887695
C2,1718,0.852702823555001,18.2,17.9,1,2.0,19.0,1.0,30,1.0,16.450759887695312
C2,1719,0.5727547725551173,50.0,17.7,1,0.800000011920929,6.0,1.0,30,1.0,15.737122535705566
C2,1720,0.8670222991527153,18.1,17.7,1,5.599999904632568,48.0,1.0,30,3.0,14.908940315246582
C2,1721,0.873064754199968,18.0,17.7,1,7.199999809265137,57.0,1.0,30,3.0,14.412030220031738
C2,1722,0.8510615300280377,18.1,17.9,1,1.600000023841858,12.0,1.0,30,3.0,13.84721851348877
C2,1723,0.8575724027518892,18.2,17.9,1,3.200000047683716,21.0,1.0,30,3.0,12.308331489562988
C2,1724,0.8575724027518892,18.2,17.9,1,3.200000047683716,24.0,1.0,30,3.0,9.91833209991455
C2,1725,0.785848837421428,33.300000000000004,27.3,1,18.799999237060547,87.0,1.0,30,3.0,11.817666053771973
C2,1726,0.24881550408809455,83.8,43.3,3,41.20000076293945,153.0,1.0,30,3.0,18.823932647705078
C2,1727,0.7554748334019669,34.4,24.7,3,11.333333015441895,108.0,1.0,30,3.0,26.76102638244629
C2,1728,0.7272246676127758,39.300000000000004,26.8,3,17.200000762939453,132.0,1.0,30,3.0,33.52328109741211
C2,1729,0.7278550915652573,39.5,26.700000000000003,3,18.266666412353516,141.0,1.0,30,3.0,37.04730224609375
C2,1730,0.7298539166010933,39.5,27.2,3,19.200000762939453,135.0,1.0,30,3.0,40.36171340942383
C2,1731,0.74675,38.9,26.700000000000003,3,20.0,147.0,1.0,30,3.0,43.01702880859375
C2,1732,0.7509922759740736,32.2,22.4,2,6.599999904632568,72.0,1.0,30,3.0,41.54355239868164
C2,1733,0.7373372969734047,38.3,26.599999999999998,2,17.600000381469727,105.0,1.0,30,3.0,39.32612991333008
C2,1734,0.7562422759740735,32.5,22.3,2,6.599999904632568,63.0,1.0,30,3.0,34.26234436035156
C2,1735,0.7544089426407401,32.7,22.599999999999998,2,6.599999904632568,54.0,1.0,30,2.0,31.624073028564453
C2,1736,0.7095863848927491,39.5,27.3,2,11.600000381469727,72.0,1.0,30,2.0,30.1744441986084
C2,1737,0.7609915536471175,34.1,25.3,2,12.199999809265137,78.0,1.0,30,2.0,31.704666137695312
C2,1738,0.6781669395880747,43.6,31.099999999999998,2,13.600000381469727,80.0,1.0,30,2.0,34.35613250732422
C2,1739,0.7164021220559132,39.1,26.8,2,12.600000381469727,76.0,1.0,30,2.0,36.213680267333984
C2,1740,0.6781585631293622,44.6,31.0,2,17.0,84.0,1.0,30,2.0,37.728206634521484
C2,1741,0.35597499999999993,55.1,37.400000000000006,2,25.399999618530273,104.0,1.0,30,2.0,40.23692321777344
C2,1742,0.35597499999999993,55.1,36.3,2,26.200000762939453,108.0,1.0,30,2.0,43.87548828125
C2,1743,0.6532500000000001,49.099999999999994,34.4,2,25.799999237060547,116.0,1.0,30,2.0,48.191959381103516
C2,1744,0.36669999999999997,51.2,37.0,2,26.799999237060547,118.0,1.0,30,2.0,51.71517562866211
C2,1745,0.6660833333333335,47.7,32.599999999999994,2,26.399999618530273,141.0,1.0,30,3.0,52.89577102661133
C2,1746,0.6425,49.4,33.4,3,26.53333282470703,156.0,1.0,30,3.0,52.80413055419922
C2,1747,0.6525833333333333,48.300000000000004,33.099999999999994,4,35.733333587646484,186.0,1.0,30,3.0,53.14914321899414
C2,1748,0.7616264222209252,34.2,25.0,4,12.699999809265137,123.0,1.0,30,3.0,52.55615234375
C2,1749,0.7640031998815893,34.3,24.299999999999997,4,13.800000190734863,135.0,1.0,30,3.0,51.267024993896484
C2,1750,0.767972295930352,34.5,25.2,4,15.899999618530273,147.0,1.0,30,3.0,48.760215759277344
C2,1751,0.6910833333333334,44.1,30.0,5,31.84000015258789,237.0,1.0,30,3.0,52.32279586791992
C2,1752,0.7570253336827966,32.2,20.7,5,6.079999923706055,90.0,1.0,30,3.0,52.46034240722656
C2,1753,0.7706975935177921,33.0,22.599999999999998,5,12.079999923706055,135.0,1.0,30,3.0,52.00954055786133
C2,1754,0.7618228263956071,32.2,21.3,5,7.360000133514404,114.0,1.0,30,3.0,46.27239227294922
C2,1755,0.7560756855237147,32.599999999999994,21.8,5,6.800000190734863,105.0,1.0,30,3.0,43.496768951416016
C2,1756,0.6134777398962926,33.4,23.8,5,12.399999618530273,147.0,1.0,70,3.0,42.36472702026367
C2,1757,0.6412531998815894,34.6,25.4,2,13.800000190734863,90.0,1.0,30,3.0,40.61883544921875
C2,1758,0.7295342571174352,39.1,27.0,2,17.399999618530273,102.0,1.0,30,3.0,39.43796920776367
C2,1759,0.6981666666666667,44.2,30.8,2,29.0,141.0,1.0,30,3.0,38.4627799987793
C2,1760,0.36145,50.2,34.1,3,24.933332443237305,150.0,1.0,30,3.0,40.544334411621094
C2,1761,0.6945,44.6,30.4,3,24.799999237060547,153.0,1.0,30,3.0,44.059932708740234
C2,1762,0.6455,48.2,32.599999999999994,5,31.68000030517578,216.0,1.0,30,3.0,49.502628326416016
C2,1763,0.7458333333333333,39.0,26.3,5,24.799999237060547,204.0,1.0,30,3.0,55.168243408203125
C2,1764,0.7591425817386952,32.2,21.0,5,6.639999866485596,99.0,1.0,30,3.0,56.1676139831543
C2,1765,0.7652360373542078,34.5,24.9,5,14.880000114440918,153.0,1.0,30,3.0,53.96723556518555
C2,1766,0.7174714550281085,39.9,27.400000000000002,5,15.520000457763672,128.0,1.0,30,2.0,52.11367416381836
C2,1767,0.7538315542527613,33.2,23.400000000000002,5,7.679999828338623,90.0,1.0,30,2.0,52.60153579711914
C2,1768,0.6341901864277066,38.9,26.5,4,13.199999809265137,102.0,1.0,50,2.0,52.894256591796875
C2,1769,0.688703299361902,42.8,29.0,3,17.866666793823242,108.0,1.0,30,2.0,51.73655319213867
C2,1770,0.7521323971824518,33.300000000000004,24.2,3,7.4666666984558105,68.0,1.0,30,2.0,49.57526397705078
C2,1771,0.66975,47.300000000000004,33.0,3,25.200000762939453,132.0,1.0,30,2.0,50.27849197387695
C2,1772,0.6935733980361826,41.2,27.799999999999997,3,11.466666221618652,90.0,1.0,30,2.0,49.50042724609375
C2,1773,0.7522468583329258,33.5,24.2,3,8.0,68.0,1.0,30,2.0,49.033592224121094
C2,1774,0.7084133252940951,38.9,26.8,3,9.600000381469727,80.0,1.0,30,2.0,45.28681945800781
C2,1775,0.7148336062547413,39.6,27.5,3,13.600000381469727,94.0,1.0,30,2.0,43.30542755126953
C2,1776,0.7128233980361827,39.1,26.599999999999998,3,11.466666221618652,90.0,1.0,30,2.0,43.583255767822266
C2,1777,0.6754966105997775,43.8,30.4,2,16.200000762939453,84.0,1.0,30,2.0,44.01662063598633
C2,1778,0.6477499999999999,49.7,36.4,2,25.0,110.0,1.0,30,2.0,45.34330368041992
C2,1779,0.6422507048844027,38.800000000000004,26.599999999999998,2,13.0,93.0,1.0,50,3.0,44.27265167236328
C2,1780,0.6491077906228385,38.800000000000004,26.599999999999998,2,14.600000381469727,102.0,1.0,50,3.0,42.56359100341797
C2,1781,-0.37585010217396453,143.2,62.1,8,175.6999969482422,1017.0,1.0,50,3.0,79.40482330322266
C2,1782,-0.5309409850705944,40.800000000000004,25.6,37,85.80000305175781,2055.0,1.0,50,3.0,188.70956420898438
C2,1783,0.7608820152093763,21.3,18.8,37,2.8648648262023926,162.0,1.0,50,3.0,256.9590759277344
C2,1784,0.7688931390671955,19.099999999999998,18.3,37,1.8486486673355103,138.0,1.0,50,3.0,258.84210205078125
C2,1785,0.8497246925533466,18.599999999999998,18.2,37,1.275675654411316,117.0,1.0,30,3.0,173.83859252929688
C2,1786,0.8289326191780331,22.8,19.0,37,2.46486496925354,150.0,1.0,30,3.0,122.30316162109375
C2,1787,0.8480999698062741,20.8,18.599999999999998,37,2.6702702045440674,168.0,1.0,30,3.0,92.71522521972656
C2,1788,-0.5956663937452586,34.2,24.299999999999997,3,13.600000381469727,135.0,1.0,30,3.0,75.7624740600586
C2,1789,0.7573543619104416,34.1,24.1,3,11.066666603088379,102.0,1.0,30,3.0,63.457481384277344
C2,1790,0.7257095659876005,39.5,27.3,3,17.33333396911621,126.0,1.0,30,3.0,54.207820892333984
C2,1791,0.730214697976778,39.4,27.0,3,18.933332443237305,141.0,1.0,30,3.0,48.9246940612793
C2,1792,0.7176988459077366,38.800000000000004,26.700000000000003,3,12.133333206176758,86.0,1.0,30,2.0,46.95481491088867
C2,1793,0.6654166666666667,46.9,33.0,2,25.600000381469727,138.0,1.0,30,3.0,46.30622482299805
C2,1794,0.744267339759728,37.0,26.0,2,15.600000381469727,102.0,1.0,30,3.0,44.18373489379883
C2,1795,0.35952500000000004,50.9,35.6,3,36.79999923706055,156.0,1.0,30,3.0,44.1102409362793
C2,1796,0.7309235373961256,39.1,26.700000000000003,3,18.0,132.0,1.0,30,3.0,43.799476623535156
C2,1797,0.7547843452254159,32.300000000000004,21.1,3,5.733333110809326,78.0,1.0,30,3.0,42.54635238647461
C2,1798,0.7886570317666152,29.1,20.6,3,6.933333396911621,84.0,1.0,30,3.0,38.594478607177734
C2,1799,0.7284413348378751,39.5,27.2,3,18.53333282470703,138.0,1.0,30,3.0,36.490020751953125
C2,1800,0.65875,48.5,32.800000000000004,3,25.200000762939453,132.0,1.0,30,2.0,40.5606803894043
C2,1801,0.7406264949220532,36.7,25.7,3,13.333333015441895,94.0,1.0,30,2.0,45.536407470703125
C2,1802,0.6624166666666667,48.099999999999994,32.2,3,24.53333282470703,126.0,1.0,30,2.0,50.788509368896484
C2,1803,0.757141095796344,32.7,23.099999999999998,3,7.333333492279053,74.0,1.0,30,2.0,50.07310485839844
C2,1804,0.7568767213975985,33.099999999999994,23.599999999999998,3,8.266666412353516,78.0,1.0,30,2.0,48.57719802856445
C2,1805,0.7192400647028493,38.4,25.9,3,11.466666221618652,96.0,1.0,30,2.0,45.67965316772461
C2,1806,0.7534033940555172,33.0,23.2,3,7.066666603088379,68.0,1.0,30,2.0,43.5411262512207
C2,1807,0.7078081667353,39.6,27.799999999999997,3,11.333333015441895,90.0,1.0,30,2.0,43.058006286621094
C2,1808,0.7302743956137383,36.3,25.6,2,11.399999618530273,70.0,1.0,30,2.0,41.03480529785156
C2,1809,0.7532064806969921,32.5,22.3,2,5.800000190734863,56.0,1.0,30,2.0,39.02088165283203
C2,1810,0.6793313011361305,45.1,31.2,2,19.600000381469727,98.0,1.0,30,2.0,38.345863342285156
C2,1811,0.354325,55.7,37.8,2,28.399999618530273,118.0,1.0,30,2.0,41.14085006713867
C2,1812,0.6771881524508028,45.199999999999996,31.7,2,19.0,94.0,1.0,30,2.0,45.35117721557617
C2,1813,0.6536486286900527,47.0,31.7,2,16.0,82.0,1.0,30,2.0,46.810707092285156
C2,1814,0.36945,50.2,36.900000000000006,2,26.399999618530273,112.0,1.0,30,2.0,47.28642272949219
C2,1815,0.760141768574655,33.7,25.9,2,10.800000190734863,64.0,1.0,30,2.0,45.57185363769531
C2,1816,0.49169927742821834,47.800000000000004,32.5,2,15.600000381469727,84.0,1.0,70,2.0,44.67644500732422
C2,1817,0.6580833333333335,47.7,33.2,3,32.79999923706055,153.0,1.0,30,3.0,43.4725341796875
C2,1818,0.6535,48.2,31.9,4,32.93333435058594,180.0,1.0,30,3.0,46.4835205078125
C2,1819,0.7366666666666667,40.0,27.599999999999998,4,20.0,150.0,1.0,30,3.0,49.35677719116211
C2,1820,0.7318925344299438,39.300000000000004,26.8,4,19.299999237060547,150.0,1.0,30,3.0,50.9473991394043
C2,1821,0.68375,44.900000000000006,30.8,5,38.5,219.0,1.0,30,3.0,53.635108947753906
C2,1822,0.7460084924228388,33.6,22.700000000000003,5,6.559999942779541,93.0,1.0,30,3.0,52.71439743041992
C2,1823,0.7893514727217438,29.1,20.9,5,7.119999885559082,108.0,1.0,30,3.0,50.29530334472656
C2,1824,0.7639394914532792,34.9,25.2,5,15.760000228881836,159.0,1.0,30,3.0,46.177181243896484
C2,1825,0.7792822804967462,28.400000000000002,19.8,5,2.880000114440918,37.0,1.0,30,1.0,44.506309509277344
C2,1826,0.7571654842667853,32.9,22.599999999999998,5,7.840000152587891,94.0,1.0,30,2.0,44.97045135498047
C2,1827,0.7229413720367368,33.0,22.8,3,3.3333332538604736,35.0,1.0,30,1.0,42.84893798828125
C2,1828,0.84886043483079,18.2,17.7,3,1.0666667222976685,18.0,1.0,30,1.0,39.04269790649414
C2,1829,0.6658483698200528,33.8,24.400000000000002,3,7.733333110809326,72.0,1.0,50,2.0,35.29228591918945
C2,1830,0.7296231473636589,34.2,25.5,2,5.800000190734863,37.0,1.0,30,1.0,33.3087043762207
C2,1831,0.273475,85.1,46.0,2,22.399999618530273,71.0,1.0,30,1.0,39.18522262573242
C2,1832,0.7360756093074068,34.7,26.599999999999998,2,6.599999904632568,39.0,1.0,30,1.0,43.11113357543945
C2,1833,0.7231233242405644,40.0,27.5,2,18.200000762939453,117.0,1.0,30,3.0,45.73334503173828
C2,1834,0.7631539841393917,32.7,22.5,2,9.0,69.0,1.0,30,3.0,40.906673431396484
C2,1835,0.68075,46.1,31.3,2,28.200000762939453,141.0,1.0,30,3.0,39.07733917236328
C2,1836,0.6871666666666667,45.400000000000006,31.4,2,26.0,141.0,1.0,30,3.0,39.04640197753906
C2,1837,0.6945,44.6,31.099999999999998,2,27.399999618530273,141.0,1.0,30,3.0,42.227840423583984
C2,1838,0.6935833333333333,44.699999999999996,30.900000000000002,2,27.600000381469727,144.0,1.0,30,3.0,44.27003860473633
C2,1839,0.6880833333333334,45.3,32.0,2,24.600000381469727,126.0,1.0,30,3.0,44.82868957519531
C2,1840,0.7331693482155947,39.0,26.4,2,18.600000381469727,117.0,1.0,30,3.0,44.09721374511719
C2,1841,0.325675,60.3,37.699999999999996,4,29.600000381469727,198.0,1.0,30,3.0,46.058326721191406
C2,1842,0.7384999999999999,39.800000000000004,26.700000000000003,4,20.0,159.0,1.0,30,3.0,48.701663970947266
C2,1843,0.7449166666666667,39.1,26.700000000000003,4,21.899999618530273,174.0,1.0,30,3.0,52.82099914550781
C2,1844,0.6981666666666667,44.2,29.2,4,27.600000381469727,183.0,1.0,30,3.0,54.62593078613281
C2,1845,0.7640706508060584,32.599999999999994,22.4,4,9.0,114.0,1.0,30,3.0,53.708892822265625
C2,1846,0.7212502729214081,38.9,27.799999999999997,4,13.600000381469727,102.0,1.0,30,2.0,52.22533416748047
C2,1847,0.6468333333333334,49.8,34.8,4,32.099998474121094,170.0,1.0,30,2.0,54.53520202636719
C2,1848,0.536,48.800000000000004,32.300000000000004,7,38.97142791748047,278.0,1.0,30,2.0,69.38778686523438
C2,1849,0.7453872663657323,34.2,24.400000000000002,9,12.622221946716309,156.0,1.0,30,2.0,81.89933776855469
C2,1850,0.7632556454928231,34.1,24.2,9,12.933333396911621,152.0,1.0,30,2.0,88.20626831054688
C2,1851,0.7589033940555171,32.4,21.4,9,7.066666603088379,116.0,1.0,30,2.0,81.1904296875
C2,1852,0.7563257982364057,32.5,22.2,9,6.622222423553467,106.0,1.0,30,2.0,73.64759063720703
C2,1853,0.8160460694100865,23.7,18.8,9,1.3333333730697632,46.0,1.0,30,2.0,62.05522155761719
C2,1854,0.45233333333333337,49.2,32.7,4,56.599998474121094,276.0,1.0,50,3.0,59.63313293457031
C2,1855,0.6470833333333335,48.9,32.7,5,47.7599983215332,291.0,1.0,50,3.0,64.04654693603516
C2,1856,0.6436666666666667,48.4,32.7,7,58.228572845458984,384.0,1.0,50,3.0,80.69459533691406
C2,1857,0.6751758981512236,33.099999999999994,22.700000000000003,9,12.222222328186035,180.0,1.0,50,3.0,86.41675567626953
C2,1858,0.5967882456605945,39.4,26.8,9,23.33333396911621,218.0,1.0,70,2.0,91.4500503540039
C2,1859,0.7330566449424527,34.8,24.9,9,6.044444561004639,74.0,1.0,30,1.0,87.27003479003906
C2,1860,0.74663729648747,33.300000000000004,22.2,9,6.0,100.0,1.0,30,2.0,83.4286880493164
C2,1861,0.7440000000000001,39.199999999999996,26.599999999999998,9,25.155555725097656,228.0,1.0,30,2.0,81.79054260253906
C2,1862,0.7244223010306087,38.6,25.4,8,16.700000762939453,160.0,1.0,30,2.0,81.60765838623047
C2,1863,0.7761725384238447,29.7,20.5,8,5.099999904632568,88.0,1.0,30,2.0,80.69792938232422
C2,1864,0.7665605715607771,32.5,21.7,8,9.449999809265137,150.0,1.0,30,3.0,71.61875915527344
C2,1865,0.7710859203256358,33.7,23.7,8,14.350000381469727,180.0,1.0,30,3.0,63.50458908081055
C2,1866,0.7243333333333333,39.6,27.2,10,35.15999984741211,345.0,1.0,30,3.0,68.10275268554688
C2,1867,0.7675684179146349,33.300000000000004,22.9,10,11.960000038146973,189.0,1.0,30,3.0,72.59498596191406
C2,1868,0.7695074043556078,33.9,24.0,10,14.4399995803833,174.0,1.0,30,2.0,78.89032745361328
C2,1869,0.7458333333333333,39.0,26.3,10,32.15999984741211,321.0,1.0,30,3.0,81.60086059570312
C2,1870,0.7750687887225799,32.7,22.0,10,12.600000381469727,201.0,1.0,30,3.0,83.76051330566406
C2,1871,0.7869643659374111,28.7,20.2,10,5.519999980926514,126.0,1.0,30,3.0,79.05631256103516
C2,1872,0.8469234084714489,18.3,17.9,10,0.6000000238418579,27.0,1.0,30,3.0,63.167118072509766
C2,1873,0.8472561670987856,17.9,17.5,10,0.6800000071525574,26.0,1.0,30,2.0,46.4336051940918
C2,1874,0.7494108685874219,32.2,20.7,10,4.119999885559082,92.0,1.0,30,2.0,36.92683029174805
C2,1875,0.6083080145228291,18.1,17.8,4,0.9333333373069763,30.0,1.0,30,2.0,32.02276611328125
C2,1876,0.7322835291011845,32.7,22.2,2,5.0,48.0,1.0,30,2.0,30.5469913482666
C2,1877,-0.06446597877989461,105.0,52.5,6,71.19999694824219,212.0,1.0,30,2.0,37.661529541015625
C2,1878,0.7469303730340184,32.300000000000004,21.6,7,5.77142858505249,88.0,1.0,30,2.0,45.79691696166992
C2,1879,0.7036666666666667,43.6,29.0,7,23.885713577270508,184.0,1.0,30,2.0,59.744815826416016
C2,1880,0.7533256855237148,32.9,22.3,7,6.800000190734863,98.0,1.0,30,2.0,60.51355743408203
C2,1881,0.6935833333333333,44.699999999999996,29.9,7,31.657142639160156,228.0,1.0,30,2.0,70.30813598632812
C2,1882,0.6197945902458118,44.4,29.7,7,39.771427154541016,300.0,1.0,70,3.0,77.25154876708984
C2,1883,0.641032529549834,34.7,24.6,10,14.039999961853027,166.0,1.0,30,2.0,85.950927734375
C2,1884,0.8464237475143213,18.0,17.7,10,0.47999998927116394,12.0,1.0,30,2.0,76.77055358886719
C2,1885,0.8465903701308001,18.599999999999998,17.8,10,0.5199999809265137,24.0,1.0,30,2.0,59.52899932861328
C2,1886,0.8489156308789207,18.1,17.7,10,1.0800000429153442,54.0,1.0,30,3.0,40.517398834228516
C2,1887,0.8465903701308001,18.1,17.7,10,0.5199999809265137,18.0,1.0,30,2.0,29.510440826416016
C2,1888,0.4766061972945454,40.5,27.099999999999998,4,17.360000610351562,140.0,1.0,30,2.0,30.639596939086914
C2,1889,0.24849789728317864,77.5,40.7,5,50.266666412353516,188.0,1.0,30,2.0,41.45042419433594
C2,1890,0.6605833333333333,48.300000000000004,33.099999999999994,5,30.239999771118164,180.0,1.0,30,2.0,58.73692321777344
C2,1891,0.756539825852532,33.0,22.8,5,7.920000076293945,98.0,1.0,30,2.0,66.30882263183594
C2,1892,0.7646839833466148,33.0,22.8,5,10.239999771118164,129.0,1.0,30,3.0,64.05195617675781
C2,1893,0.35848158868335284,48.0,31.7,11,57.400001525878906,342.0,1.0,30,3.0,65.89784240722656
C2,1894,0.730888285207217,35.7,24.7,11,7.672727108001709,94.0,1.0,30,1.0,73.00537109375
C2,1895,0.8463934451534713,18.1,17.7,11,0.4727272689342499,13.0,1.0,30,1.0,73.26988983154297
C2,1896,0.7363882852072171,35.1,24.6,11,7.672727108001709,90.0,1.0,30,1.0,70.22859954833984
C2,1897,0.7327377041794552,35.7,24.7,11,8.181818008422852,91.0,1.0,30,1.0,68.00382995605469
C2,1898,0.8482074857621871,18.1,17.8,11,0.9090909361839294,57.0,1.0,30,3.0,67.46896362304688
C2,1899,0.387,47.6,31.3,4,39.86666488647461,237.0,1.0,30,3.0,65.68138122558594
C2,1900,0.72775,40.099999999999994,27.3,5,23.040000915527344,189.0,1.0,30,3.0,60.875492095947266
C2,1901,0.4894257927136225,49.7,34.9,5,19.920000076293945,105.0,1.0,70,1.0,69.45862579345703
C2,1902,0.8494120147012151,18.0,17.7,5,1.2000000476837158,48.0,1.0,30,3.0,66.20851135253906
C2,1903,0.7394166666666667,39.699999999999996,27.0,5,21.920000076293945,189.0,1.0,30,3.0,64.25843811035156
C2,1904,0.7602002311512838,34.2,24.6,5,12.239999771118164,116.0,1.0,30,2.0,56.82173156738281
C2,1905,0.8414120147012151,18.1,17.7,4,1.2000000476837158,26.0,1.0,30,2.0,51.9597053527832
C2,1906,0.7496889658193819,32.800000000000004,22.2,4,5.599999904632568,66.0,1.0,30,2.0,45.04248809814453
C2,1907,0.351,54.0,36.6,5,38.5,190.0,1.0,30,2.0,45.82549285888672
C2,1908,0.7708925222537978,28.7,20.5,6,3.4666666984558105,64.0,1.0,30,2.0,48.82862854003906
C2,1909,0.8483080145228291,18.1,17.7,6,0.9333333373069763,34.0,1.0,30,2.0,48.49717712402344
C2,1910,0.6972500000000001,44.3,30.099999999999998,6,28.200000762939453,184.0,1.0,30,2.0,47.89830780029297
C2,1911,0.7471565183253794,35.7,25.1,6,12.466666221618652,122.0,1.0,30,2.0,51.4056510925293
C2,1912,0.8469234084714489,17.9,17.7,6,0.6000000238418579,20.0,1.0,30,2.0,52.576725006103516
C2,1913,0.8469234084714489,18.3,17.7,6,0.6000000238418579,18.0,1.0,30,2.0,42.21269989013672
C2,1914,0.571368191461169,50.0,17.8,6,0.46666666865348816,6.0,1.0,30,2.0,28.260953903198242
C2,1915,0.8466458959267463,19.099999999999998,18.0,6,0.5333333611488342,12.0,1.0,30,2.0,19.3565731048584
C2,1916,0.7310615300280378,18.1,17.7,3,1.600000023841858,26.0,1.0,30,2.0,14.547276496887207
C2,1917,0.5567547725551173,50.0,18.0,1,0.800000011920929,8.0,1.0,30,2.0,11.795032501220703
C2,1918,0.8510615300280377,18.1,17.6,1,1.600000023841858,12.0,1.0,30,2.0,10.143686294555664
C2,1919,0.8559587577917702,18.0,17.8,1,2.799999952316284,22.0,1.0,30,2.0,8.886211395263672
C2,1920,0.5710902975977581,50.0,18.2,1,0.4000000059604645,3.0,1.0,30,3.0,7.731727123260498
C2,1921,0.8623500559002011,18.2,17.9,1,4.400000095367432,36.0,1.0,30,3.0,7.839036464691162
C2,1922,0.8543353991895412,18.5,17.9,1,2.4000000953674316,15.0,1.0,30,3.0,7.103421688079834
C2,1923,0.8510615300280377,18.1,17.7,1,1.600000023841858,12.0,1.0,30,3.0,7.062053203582764
C2,1924,0.8517861568883344,20.1,18.1,1,2.0,15.0,1.0,30,3.0,6.103898525238037
C2,1925,0.8575724027518892,18.4,17.9,1,3.200000047683716,30.0,1.0,30,3.0,6.195672512054443
C2,1926,0.7084760865278696,18.3,17.8,1,1.600000023841858,11.0,1.0,70,1.0,7.184070110321045
C2,1927,0.8559587577917702,18.1,17.9,1,2.799999952316284,21.0,1.0,30,3.0,8.04377555847168
C2,1928,0.8510615300280377,18.3,17.9,1,1.600000023841858,12.0,1.0,30,3.0,7.759598731994629
C2,1929,0.8559587577917702,18.0,17.7,1,2.799999952316284,24.0,1.0,30,3.0,7.189092636108398
C2,1930,0.5744120147012152,50.0,17.8,1,1.2000000476837158,6.0,1.0,30,3.0,6.180122375488281
C2,1931,0.8685539631541367,18.2,17.9,1,6.0,54.0,1.0,30,3.0,7.441406726837158
C2,1932,0.8575724027518892,18.0,17.7,1,3.200000047683716,27.0,1.0,30,3.0,8.331510543823242
C2,1933,0.8575724027518892,18.1,17.8,1,3.200000047683716,30.0,1.0,30,3.0,9.932239532470703
C2,1934,0.8591758329899635,18.0,17.7,1,3.5999999046325684,30.0,1.0,30,3.0,9.826010704040527
C2,1935,0.8149187325228745,24.299999999999997,18.2,1,2.4000000953674316,18.0,1.0,30,3.0,9.362273216247559
C2,1936,0.8607685509003341,18.0,17.7,1,4.0,36.0,1.0,30,3.0,9.35069751739502
C2,1937,0.8607685509003341,18.3,17.8,1,4.0,33.0,1.0,30,3.0,9.47708511352539
C2,1938,0.8607685509003341,18.2,17.8,1,4.0,33.0,1.0,30,3.0,10.219584465026855
C2,1939,0.8575724027518892,17.9,17.7,1,3.200000047683716,24.0,1.0,30,3.0,10.131750106811523
C2,1940,0.8623500559002011,18.3,18.0,1,4.400000095367432,36.0,1.0,30,3.0,10.212383270263672
C2,1941,0.767336384892749,33.2,26.4,1,11.600000381469727,60.0,1.0,30,3.0,11.460763931274414
C2,1942,0.7707828278349289,33.099999999999994,27.5,1,12.399999618530273,60.0,1.0,30,3.0,13.809791564941406
C2,1943,0.8654774278277694,17.9,17.6,1,5.199999809265137,42.0,1.0,30,3.0,15.485875129699707
C2,1944,0.8559587577917702,18.2,17.8,1,2.799999952316284,21.0,1.0,30,3.0,14.75819206237793
C2,1945,0.7658616848374828,33.5,27.7,1,12.0,60.0,1.0,30,3.0,14.321581840515137
C2,1946,0.8670222991527153,18.1,17.8,1,5.599999904632568,48.0,1.0,30,3.0,14.326282501220703
C2,1947,0.8607685509003341,17.8,17.6,1,4.0,33.0,1.0,30,3.0,14.862436294555664
C2,1948,0.8543353991895412,18.0,17.6,1,2.4000000953674316,21.0,1.0,30,3.0,13.45079517364502
C2,1949,0.6972500000000001,44.3,35.4,1,26.0,96.0,1.0,30,3.0,14.737143516540527
C2,1950,0.8591758329899635,18.0,17.7,1,3.5999999046325684,32.0,1.0,30,2.0,16.17561912536621
C2,1951,0.8715756855237148,18.1,17.7,1,6.800000190734863,54.0,1.0,30,3.0,18.50537109375
C2,1952,0.7807781485892477,32.9,27.0,1,15.199999809265137,84.0,1.0,30,3.0,19.369890213012695
C2,1953,0.6736666666666667,46.0,34.5,2,34.0,117.0,1.0,30,3.0,22.95526695251465
C2,1954,-0.12349807848417621,99.4,45.400000000000006,10,50.20000076293945,312.0,1.0,30,3.0,36.57316207885742
C2,1955,0.74992959413818,32.800000000000004,22.0,12,10.066666603088379,195.0,1.0,30,3.0,49.67723083496094
C2,1956,0.6967993180875807,27.900000000000002,19.599999999999998,12,1.9333332777023315,62.0,1.0,50,2.0,56.47300338745117
C2,1957,0.6882732500777218,35.4,24.9,12,16.46666717529297,210.0,1.0,50,2.0,60.68380355834961
C2,1958,0.7016371467794678,27.400000000000002,19.3,12,2.0,60.0,1.0,50,2.0,58.54361343383789
C2,1959,0.6726962772653328,32.5,21.8,12,6.5,126.0,1.0,50,2.0,61.52616882324219
C2,1960,0.33890879816753783,33.099999999999994,22.5,5,13.266666412353516,156.0,1.0,70,3.0,56.2490348815918
C2,1961,-0.06787545446455574,76.8,38.1,10,141.6999969482422,1071.0,1.0,90,3.0,96.68275451660156
C2,1962,-0.17576783799585644,32.4,22.0,34,45.21176528930664,1474.0,1.0,30,2.0,210.8096466064453
C2,1963,0.24849976453785522,18.9,18.3,49,0.9795918464660645,80.0,1.0,30,2.0,277.685791015625
C2,1964,0.8405856403854371,21.3,18.9,49,1.951020359992981,130.0,1.0,30,2.0,278.8781433105469
C2,1965,0.8206449411335538,24.7,19.8,49,4.751020431518555,220.0,1.0,30,2.0,195.99354553222656
C2,1966,0.8244174615566627,23.3,19.2,49,2.481632709503174,142.0,1.0,30,2.0,150.39613342285156
C2,1967,0.7636895408546778,18.4,17.9,49,0.4653061330318451,39.0,1.0,50,3.0,116.1043472290039
C2,1968,-0.8325473356598251,17.9,17.7,7,0.7272727489471436,28.0,1.0,30,2.0,82.7292709350586
C2,1969,0.5715665713007887,50.0,17.6,7,0.5142857432365417,8.0,1.0,30,2.0,53.770896911621094
C2,1970,0.7757541455113874,28.8,20.8,7,2.914285659790039,60.0,1.0,30,2.0,38.662540435791016
C2,1971,0.5427398056238297,33.6,22.3,2,5.699999809265137,62.0,1.0,30,2.0,31.86418914794922
C2,1972,0.8511758329899635,19.3,17.9,1,3.5999999046325684,28.0,1.0,30,2.0,29.118513107299805
C2,1973,0.667,47.6,35.4,1,20.799999237060547,74.0,1.0,30,2.0,28.404441833496094
C2,1974,0.7602026139082196,33.4,26.599999999999998,1,10.0,50.0,1.0,30,2.0,27.17599868774414
C2,1975,0.11760006153545648,115.0,56.800000000000004,3,55.599998474121094,207.0,1.0,30,3.0,33.77226638793945
C2,1976,0.019474999999999992,61.1,35.5,11,36.0,309.0,1.0,30,3.0,46.530025482177734
C2,1977,0.7540833333333333,38.1,25.5,11,29.745454788208008,318.0,1.0,30,3.0,64.98468017578125
C2,1978,0.8227736388518773,23.2,18.599999999999998,11,1.8545454740524292,81.0,1.0,30,3.0,70.45747375488281
C2,1979,0.7623333333333333,37.199999999999996,25.2,11,30.327272415161133,342.0,1.0,30,3.0,75.20781707763672
C2,1980,0.7550000000000001,38.0,25.3,11,29.563636779785156,339.0,1.0,30,3.0,78.9913558959961
C2,1981,0.7816574850746772,32.9,22.2,11,15.527273178100586,225.0,1.0,30,3.0,87.66148376464844
C2,1982,0.5626943974234547,38.0,25.7,11,9.454545021057129,102.0,1.0,70,1.0,91.26355743408203
C2,1983,0.7870833333333334,34.5,24.5,11,22.07272720336914,276.0,1.0,30,3.0,90.62480163574219
C2,1984,0.758521244942883,32.7,21.8,11,7.709090709686279,136.0,1.0,30,2.0,89.30821228027344
C2,1985,0.7770101369137925,28.5,19.599999999999998,11,2.545454502105713,72.0,1.0,30,2.0,79.71826171875
C2,1986,0.755640026919445,32.300000000000004,21.6,9,10.399999618530273,168.0,1.0,30,3.0,69.16429138183594
C2,1987,0.7384999999999999,39.800000000000004,27.599999999999998,9,24.399999618530273,220.0,1.0,30,2.0,68.4319076538086
C2,1988,0.7366666666666667,40.0,27.3,9,28.44444465637207,266.0,1.0,30,2.0,80.92581176757812
C2,1989,0.7472036345872718,37.400000000000006,25.5,9,18.311111450195312,188.0,1.0,30,2.0,93.48882293701172
C2,1990,0.7256453290007157,38.699999999999996,25.5,9,14.48888874053955,162.0,1.0,30,2.0,97.15995788574219
C2,1991,0.8555988332977115,18.3,18.0,9,2.711111068725586,87.0,1.0,30,3.0,85.4959716796875
C2,1992,0.8218900502913004,23.5,18.8,9,2.3111112117767334,75.0,1.0,30,3.0,69.2975845336914
C2,1993,0.8481236909542431,18.0,17.7,9,0.8888888955116272,57.0,1.0,30,3.0,51.311885833740234
C2,1994,0.7279919757253314,18.1,17.7,6,0.8571428656578064,36.0,1.0,30,3.0,38.2537956237793
C2,1995,0.8420727756219187,17.9,17.6,5,1.3600000143051147,48.0,1.0,30,3.0,29.218944549560547
C2,1996,0.5840591889204645,32.5,22.599999999999998,1,3.4666666984558105,66.0,1.0,30,3.0,24.198034286499023
C2,1997,0.8670222991527153,18.1,17.7,1,5.599999904632568,48.0,1.0,30,3.0,21.718820571899414
C2,1998,0.5760615300280377,50.0,17.6,1,1.600000023841858,9.0,1.0,30,3.0,18.49795913696289
C2,1999,0.5744120147012152,50.0,17.8,1,1.2000000476837158,9.0,1.0,30,3.0,14.032108306884766
C2,2000,0.8494120147012151,18.0,17.7,1,1.2000000476837158,12.0,1.0,30,3.0,9.752598762512207
C2,2001,0.6963333333333332,44.4,34.8,1,27.200000762939453,96.0,1.0,30,3.0,11.051559448242188
C2,2002,0.7697073713191893,32.800000000000004,26.700000000000003,1,11.199999809265137,60.0,1.0,30,3.0,14.097601890563965
C2,2003,0.8543353991895412,18.0,17.7,1,2.4000000953674316,15.0,1.0,30,3.0,16.058561325073242
C2,2004,0.8559587577917702,18.0,17.8,1,2.799999952316284,24.0,1.0,30,3.0,14.035137176513672
C2,2005,0.852702823555001,17.9,17.6,1,2.0,12.0,1.0,30,2.0,10.954415321350098
C2,2006,0.8575724027518892,18.2,17.9,1,3.200000047683716,28.0,1.0,30,2.0,10.30598258972168
C2,2007,0.8543353991895412,17.9,17.6,1,2.4000000953674316,20.0,1.0,30,2.0,10.183589935302734
C2,2008,0.8510615300280377,17.9,17.7,1,1.600000023841858,12.0,1.0,30,2.0,10.110154151916504
C2,2009,0.8510615300280377,18.0,17.7,1,1.600000023841858,10.0,1.0,30,2.0,8.866092681884766
C2,2010,0.6880833333333334,45.3,35.7,1,22.399999618530273,74.0,1.0,30,2.0,11.71965503692627
C2,2011,0.270725,86.1,49.4,1,30.399999618530273,88.0,1.0,30,2.0,18.49846076965332
C2,2012,0.8623500559002011,18.2,17.8,1,4.400000095367432,36.0,1.0,30,2.0,24.299076080322266
C2,2013,0.7549968583329258,33.2,26.3,1,8.0,40.0,1.0,30,2.0,25.512779235839844
C2,2014,0.8623500559002011,18.1,17.7,1,4.400000095367432,36.0,1.0,30,3.0,21.974334716796875
C2,2015,0.8623500559002011,18.2,17.6,1,4.400000095367432,36.0,1.0,30,3.0,19.051267623901367
C2,2016,0.5810098971167253,48.0,36.5,1,18.399999618530273,62.0,1.0,50,2.0,18.76409339904785
C2,2017,0.24942437289349925,83.7,52.2,1,32.79999923706055,96.0,1.0,50,2.0,23.39179039001465
C2,2018,0.23095009874795258,88.1,49.6,1,30.799999237060547,92.0,1.0,50,2.0,30.701740264892578
C2,2019,-0.29600965942509416,182.2,84.0,4,107.19999694824219,216.0,1.0,50,2.0,45.35437774658203
C2,2020,0.35597499999999993,55.1,36.900000000000006,4,40.70000076293945,194.0,1.0,50,2.0,60.67929458618164
C2,2021,0.5060965199227393,45.8,30.5,4,34.400001525878906,213.0,1.0,90,3.0,73.20757293701172
C2,2022,0.5191798184802773,45.699999999999996,31.3,4,38.0,228.0,1.0,90,3.0,76.45787811279297
C2,2023,0.3169236671095026,63.0,38.9,4,76.5999984741211,330.0,1.0,90,3.0,80.14139556884766
C2,2024,0.3216,67.6,39.5,4,90.0,408.0,1.0,90,3.0,91.01817321777344
C2,2025,0.331775,63.9,38.4,4,93.80000305175781,417.0,1.0,90,3.0,105.9442367553711
C2,2026,0.6118764920774356,49.0,33.300000000000004,6,53.33333206176758,330.0,1.0,70,3.0,114.89987182617188
C2,2027,0.600585661653548,39.300000000000004,26.9,6,24.066667556762695,210.0,1.0,70,3.0,111.47325897216797
C2,2028,0.6118173616300255,45.1,29.8,6,39.400001525878906,285.0,1.0,70,3.0,103.55062103271484
C2,2029,0.616583396116272,33.7,23.900000000000002,6,14.266666412353516,159.0,1.0,70,3.0,91.19703674316406
C2,2030,0.706954735807943,18.1,17.7,6,0.8666666746139526,24.0,1.0,70,3.0,75.51822662353516
C2,2031,0.6005616100873467,33.0,22.4,5,9.466666221618652,147.0,1.0,70,3.0,59.97760009765625
C2,2032,0.6246555850387822,28.9,20.0,4,4.199999809265137,78.0,1.0,70,3.0,47.053226470947266
C2,2033,0.579036535898892,48.4,32.4,4,38.79999923706055,237.0,1.0,70,3.0,48.7652702331543
C2,2034,0.5521213068081645,44.5,29.9,3,25.866666793823242,156.0,1.0,70,3.0,50.1924934387207
C2,2035,0.5749893100171234,48.099999999999994,33.300000000000004,3,37.20000076293945,195.0,1.0,70,3.0,56.24882888793945
C2,2036,0.05635067433632356,82.5,42.8,6,106.73332977294922,489.0,1.0,70,3.0,71.08263397216797
C2,2037,0.6855833333333333,44.699999999999996,30.099999999999998,7,60.57143020629883,456.0,1.0,70,3.0,93.31624603271484
C2,2038,0.6355041532160701,44.1,29.3,7,42.91428756713867,327.0,1.0,70,3.0,112.52307891845703
C2,2039,0.6540490162523942,43.8,28.9,7,46.97142791748047,348.0,1.0,70,3.0,117.780517578125
C2,2040,0.6861877088790533,22.700000000000003,18.599999999999998,7,2.7428572177886963,81.0,1.0,70,3.0,104.268310546875
C2,2041,0.6391618501402402,44.2,29.6,7,44.05714416503906,330.0,1.0,70,3.0,96.29431915283203
C2,2042,0.6125019530722573,32.7,22.0,11,11.781818389892578,198.0,1.0,30,3.0,84.84326171875
C2,2043,0.7693505275394832,32.800000000000004,21.9,11,11.090909004211426,195.0,1.0,30,3.0,83.03929138183594
C2,2044,0.8211577947909683,23.7,19.3,11,2.581818103790283,90.0,1.0,30,3.0,71.29023742675781
C2,2045,0.7650830975651027,32.2,20.7,11,8.254545211791992,171.0,1.0,30,3.0,63.040809631347656
C2,2046,0.7513333333333333,38.4,25.4,11,29.236364364624023,324.0,1.0,30,3.0,63.824485778808594
C2,2047,0.8466963670404812,17.9,17.6,11,0.5454545617103577,21.0,1.0,30,3.0,61.228023529052734
C2,2048,0.759955308684174,32.5,21.3,11,7.599999904632568,153.0,1.0,30,3.0,58.870147705078125
C2,2049,0.7898333333333334,34.2,24.7,11,22.9818172454834,276.0,1.0,30,3.0,55.32209014892578
C2,2050,0.8473015213715362,18.1,17.8,11,0.6909090876579285,51.0,1.0,30,3.0,54.526588439941406
C2,2051,0.8474526643401749,18.0,17.6,11,0.7272727489471436,36.0,1.0,30,3.0,48.84928512573242
C2,2052,0.746798092709761,31.5,20.7,9,5.911110877990723,123.0,1.0,30,3.0,38.642906188964844
C2,2053,0.7731866258085287,33.5,22.8,9,14.44444465637207,204.0,1.0,30,3.0,39.31907653808594
C2,2054,0.7723538095432297,34.4,24.5,9,17.288888931274414,216.0,1.0,30,3.0,47.72477722167969
C2,2055,0.4164732053997234,43.5,28.6,14,62.959999084472656,516.0,1.0,30,3.0,70.23487091064453
C2,2056,0.7497278086413919,32.4,21.2,16,8.949999809265137,204.0,1.0,30,3.0,83.74092102050781
C2,2057,0.7971666666666668,33.4,23.099999999999998,16,28.575000762939453,447.0,1.0,30,3.0,102.11122131347656
C2,2058,0.8275365801808383,22.599999999999998,18.599999999999998,16,1.6749999523162842,68.0,1.0,30,2.0,94.7333984375
C2,2059,0.8215358114967809,23.7,19.400000000000002,16,2.674999952316284,86.0,1.0,30,2.0,86.97337341308594
C2,2060,0.7742742445196452,28.9,20.400000000000002,16,2.7750000953674316,68.0,1.0,30,1.0,71.5173568725586
C2,2061,0.25218461582659446,33.0,22.3,29,47.443477630615234,870.0,1.0,30,2.0,115.71041107177734
C2,2062,0.7120000000000001,29.6,20.6,32,34.73749923706055,1018.0,1.0,30,2.0,204.35958862304688
C2,2063,0.7901575287169451,27.599999999999998,19.8,32,3.762500047683716,154.0,1.0,30,2.0,258.74908447265625
C2,2064,0.8491018552698977,19.2,18.5,32,1.125,90.0,1.0,30,3.0,237.38278198242188
C2,2065,0.8096310797288869,29.1,20.5,32,13.112500190734863,405.0,1.0,30,3.0,174.6963348388672
C2,2066,0.7454025321838861,23.5,19.3,32,4.0625,192.0,1.0,50,3.0,135.35113525390625
C2,2067,0.8175578967899738,24.6,19.400000000000002,32,3.737499952316284,186.0,1.0,30,3.0,116.01068115234375
C2,2068,0.08358333333333336,32.7,22.1,14,20.77142906188965,300.0,1.0,30,3.0,99.73973846435547
C2,2069,0.5401775684202588,33.5,23.2,20,42.88888931274414,642.0,1.0,30,3.0,109.97718048095703
C2,2070,0.8026666666666666,32.800000000000004,22.2,20,23.139999389648438,468.0,1.0,30,3.0,128.65296936035156
C2,2071,0.7994049630127052,28.299999999999997,20.1,20,7.860000133514404,219.0,1.0,30,3.0,136.25845336914062
C2,2072,0.8026666666666666,32.800000000000004,22.0,20,23.420000076293945,468.0,1.0,30,3.0,133.08840942382812
C2,2073,0.8522113282598375,18.9,18.5,20,1.8799999952316284,93.0,1.0,30,3.0,114.51970672607422
C2,2074,0.7720849057108116,32.2,21.0,20,10.260000228881836,246.0,1.0,30,3.0,104.5784912109375
C2,2075,0.6267655040880945,33.2,22.700000000000003,16,18.799999237060547,303.0,1.0,30,3.0,91.28042602539062
C2,2076,0.7803942973933647,32.7,21.8,16,14.399999618530273,267.0,1.0,30,3.0,91.03492736816406
C2,2077,0.7709759391091252,32.5,21.7,16,10.75,231.0,1.0,30,3.0,90.22095489501953
C2,2078,0.5495602024615173,28.400000000000002,20.299999999999997,10,5.480000019073486,126.0,1.0,30,3.0,81.86590576171875
C2,2079,0.7638147620012314,33.4,22.5,10,11.079999923706055,186.0,1.0,30,3.0,73.25287628173828
C2,2080,0.7504166666666667,38.5,25.9,10,31.15999984741211,306.0,1.0,30,3.0,71.41839599609375
C2,2081,0.7869541029587237,28.6,20.299999999999997,10,5.28000020980835,120.0,1.0,30,3.0,70.05103302001953
C2,2082,0.7861666666666668,34.6,24.5,10,24.0,270.0,1.0,30,3.0,72.96395111083984
C2,2083,0.7541231473636588,32.4,20.8,10,5.800000190734863,129.0,1.0,30,3.0,66.84503936767578
C2,2084,0.7623333333333333,37.199999999999996,25.2,10,26.84000015258789,285.0,1.0,30,3.0,70.50702667236328
C2,2085,0.8210446615931708,23.400000000000002,18.8,10,1.8799999952316284,81.0,1.0,30,3.0,64.30421447753906
C2,2086,0.7731381538185133,33.6,23.3,9,17.91111183166504,213.0,1.0,30,3.0,64.31586456298828
C2,2087,0.7563257982364057,32.5,21.4,9,6.622222423553467,129.0,1.0,30,3.0,57.38951873779297
C2,2088,0.846460780745289,18.0,17.6,9,0.4888888895511627,12.0,1.0,30,3.0,50.16704177856445
C2,2089,0.5716458959267463,50.0,17.8,9,0.5333333611488342,9.0,1.0,30,3.0,36.76689147949219
C2,2090,0.6573353991895412,28.400000000000002,19.8,6,2.4000000953674316,60.0,1.0,30,3.0,25.66013526916504
C2,2091,0.27681654859871474,39.300000000000004,26.4,17,46.6588249206543,621.0,1.0,30,3.0,46.062747955322266
C2,2092,0.8218147389371417,23.0,18.8,17,1.1764706373214722,63.0,1.0,30,3.0,60.704315185546875
C2,2093,0.7878144208871714,28.7,20.400000000000002,17,5.741176605224609,174.0,1.0,30,3.0,74.55592346191406
C2,2094,0.766672818295532,32.5,21.5,17,9.482353210449219,222.0,1.0,30,3.0,65.13355255126953
C2,2095,0.8464825633897497,18.2,17.7,17,0.4941176474094391,15.0,1.0,30,3.0,57.346797943115234
C2,2096,0.8306894189073821,22.0,18.599999999999998,17,1.1058824062347412,72.0,1.0,30,3.0,48.14141082763672
C2,2097,0.3546353671190592,27.7,20.1,6,5.133333206176758,90.0,1.0,30,3.0,36.75151443481445
C2,2098,0.7802549705465452,33.300000000000004,23.599999999999998,6,16.399999618530273,177.0,1.0,30,3.0,37.117576599121094
C2,2099,0.8485843284339895,18.4,17.8,6,1.0,36.0,1.0,30,3.0,35.737213134765625
C2,2100,0.8334120147012151,18.4,17.8,4,1.2000000476837158,33.0,1.0,30,3.0,32.37565994262695
C2,2101,0.8518832352792386,18.1,17.7,4,1.7999999523162842,51.0,1.0,30,3.0,24.758729934692383
C2,2102,0.74675,38.9,26.200000000000003,4,22.299999237060547,171.0,1.0,30,3.0,26.18857192993164
C2,2103,0.8405843284339894,18.3,17.7,3,1.0,33.0,1.0,30,3.0,27.046476364135742
C2,2104,0.22228145756838188,54.6,35.3,6,42.46666717529297,243.0,1.0,30,3.0,36.09455108642578
C2,2105,0.7500856911424438,34.1,24.299999999999997,6,8.933333396911621,102.0,1.0,30,2.0,40.72339630126953
C2,2106,0.6908333333333334,45.0,30.099999999999998,6,26.200000762939453,184.0,1.0,30,2.0,54.30070495605469
C2,2107,0.847200726943179,18.1,17.7,6,0.6666666865348816,24.0,1.0,30,2.0,53.24708938598633
C2,2108,-0.28514351656252174,44.5,27.3,28,65.86666870117188,1080.0,1.0,30,3.0,93.8149185180664
C2,2109,0.7110833333333334,29.7,20.6,31,31.419355392456055,960.0,1.0,30,3.0,148.5556182861328
C2,2110,0.8441667967717748,20.7,18.599999999999998,31,1.4838709831237793,111.0,1.0,30,3.0,184.73336791992188
C2,2111,0.7946209564036784,28.299999999999997,20.1,31,6.567741870880127,240.0,1.0,30,3.0,169.106689453125
C2,2112,0.7905376128207362,30.5,20.8,31,11.122580528259277,333.0,1.0,30,3.0,131.864013671875
C2,2113,0.8506385422959503,20.299999999999997,18.599999999999998,31,2.1677420139312744,123.0,1.0,30,3.0,110.05174255371094
C2,2114,0.7914582009212516,28.2,20.0,31,5.496774196624756,213.0,1.0,30,3.0,95.7643814086914
C2,2115,0.09215666987383016,18.4,18.2,12,1.8666666746139526,87.0,1.0,30,3.0,76.25862884521484
C2,2116,0.7818629963657939,33.4,23.099999999999998,12,17.433332443237305,258.0,1.0,30,3.0,70.55517578125
C2,2117,0.8469234084714489,18.0,17.7,12,0.6000000238418579,36.0,1.0,30,3.0,59.26643753051758
C2,2118,0.6138649788341053,33.8,23.8,8,15.699999809265137,192.0,1.0,30,3.0,57.15986251831055
C2,2119,0.8471314154582048,18.1,17.7,8,0.6499999761581421,18.0,1.0,30,3.0,45.229251861572266
C2,2120,0.7592127750807092,32.4,21.2,8,7.150000095367432,135.0,1.0,30,3.0,42.470882415771484
C2,2121,0.7677695341292551,33.099999999999994,22.8,8,11.449999809265137,165.0,1.0,30,3.0,39.61586380004883
C2,2122,0.5528333333333334,42.6,28.400000000000002,4,28.799999237060547,192.0,1.0,30,3.0,45.63618469238281
C2,2123,0.6604035984929437,37.1,26.1,4,13.600000381469727,118.0,1.0,50,2.0,51.11504364013672
C2,2124,0.6892500000000001,44.3,30.099999999999998,5,35.040000915527344,225.0,1.0,30,3.0,57.069026947021484
C2,2125,0.7624733602527783,33.300000000000004,23.0,5,10.399999618530273,123.0,1.0,30,3.0,57.57474899291992
C2,2126,0.7606375878542432,32.2,21.3,5,7.039999961853027,111.0,1.0,30,3.0,54.94485092163086
C2,2127,0.6981666666666667,44.2,29.1,5,31.040000915527344,231.0,1.0,30,3.0,53.633575439453125
C2,2128,0.7449858590048902,32.7,21.9,5,4.159999847412109,62.0,1.0,30,2.0,51.51347732543945
C2,2129,0.7041653383512932,27.799999999999997,19.5,5,3.5999999046325684,87.0,1.0,50,3.0,49.17475509643555
C2,2130,0.8474224405069449,19.3,17.7,5,0.7200000286102295,12.0,1.0,30,2.0,38.30485153198242
C2,2131,0.754861684837483,34.7,24.5,5,12.0,114.0,1.0,30,2.0,35.249576568603516
C2,2132,0.6935833333333333,44.699999999999996,30.5,5,24.799999237060547,166.0,1.0,30,2.0,40.61641311645508
C2,2133,0.7198864013944535,39.1,27.0,5,13.760000228881836,120.0,1.0,30,2.0,51.03651428222656
C2,2134,0.7600030515594155,34.0,24.8,5,11.600000381469727,110.0,1.0,30,2.0,57.021907806396484
C2,2135,0.7145607302839028,40.099999999999994,27.3,5,15.119999885559082,128.0,1.0,30,2.0,58.079811096191406
C2,2136,0.7078066705369958,18.1,17.8,5,1.2799999713897705,32.0,1.0,70,2.0,52.8478889465332
C2,2137,0.8397547725551173,18.3,17.7,4,0.800000011920929,18.0,1.0,30,2.0,43.57539749145508
C2,2138,0.6752246676127758,44.1,29.1,3,17.200000762939453,100.0,1.0,30,2.0,36.145240783691406
C2,2139,-0.5705370096825241,86.1,38.800000000000004,21,70.73332977294922,858.0,1.0,30,2.0,86.7538070678711
C2,2140,0.21366666666666667,31.6,20.8,36,32.64444351196289,1110.0,1.0,30,2.0,189.9189453125
C2,2141,0.8507414195107829,19.599999999999998,18.3,36,1.5222222805023193,96.0,1.0,30,2.0,251.55137634277344
C2,2142,0.8222708790519232,23.3,19.099999999999998,36,1.9555555582046509,118.0,1.0,30,2.0,239.19749450683594
C2,2143,0.8499627360767531,19.900000000000002,18.5,36,1.3333333730697632,82.0,1.0,30,2.0,163.2518310546875
C2,2144,0.7928671665778059,28.5,20.5,36,6.588889122009277,218.0,1.0,30,2.0,125.81776428222656
C2,2145,0.5803010172393409,23.5,19.099999999999998,30,1.9222222566604614,108.0,1.0,30,2.0,102.69065856933594
C2,2146,-0.10793995287674567,34.6,24.400000000000002,8,17.950000762939453,168.0,1.0,30,2.0,94.5477294921875
C2,2147,0.8467152920707133,18.1,17.8,8,0.550000011920929,18.0,1.0,30,2.0,76.3286361694336
C2,2148,0.7235477435314921,39.5,26.3,8,16.450000762939453,160.0,1.0,30,2.0,68.86384582519531
C2,2149,0.7358611598794021,32.5,21.3,6,5.449999809265137,96.0,1.0,30,2.0,59.58497619628906
C2,2150,0.8394224405069449,18.4,17.7,5,0.7200000286102295,16.0,1.0,30,2.0,53.88431930541992
C2,2151,0.8474224405069449,18.0,17.7,5,0.7200000286102295,38.0,1.0,30,2.0,42.33059310913086
C2,2152,0.43101000866160666,50.0,18.2,5,0.4000000059604645,4.0,1.0,70,1.0,29.531688690185547
C2,2153,0.8404185647735439,18.1,17.7,4,0.9599999785423279,21.0,1.0,30,3.0,21.719013214111328
C2,2154,0.7310615300280378,18.0,17.7,1,1.600000023841858,21.0,1.0,30,3.0,15.431407928466797
C2,2155,0.8510615300280377,18.2,17.8,1,1.600000023841858,12.0,1.0,30,2.0,11.925511360168457
C2,2156,0.8607685509003341,18.2,17.8,1,4.0,28.0,1.0,30,2.0,10.7553071975708
C2,2157,0.25808187072945893,82.69999999999999,45.400000000000006,2,42.0,147.0,1.0,30,3.0,15.653183937072754
C2,2158,-0.1024172181295773,91.39999999999999,42.7,10,50.46666717529297,303.0,1.0,30,3.0,31.258577346801758
C2,2159,0.7806666666666666,35.2,25.1,10,25.280000686645508,276.0,1.0,30,3.0,51.021812438964844
C2,2160,0.7694407251835393,33.5,22.9,10,13.15999984741211,195.0,1.0,30,3.0,65.0130844116211
C2,2161,0.7344166666666667,38.5,25.9,12,33.400001525878906,357.0,1.0,30,3.0,75.80785369873047
C2,2162,0.7805508103623424,33.5,23.2,12,17.266666412353516,255.0,1.0,30,3.0,81.35137939453125
C2,2163,0.78525,34.7,24.5,12,30.03333282470703,360.0,1.0,30,3.0,92.01082611083984
C2,2164,0.788,34.4,24.6,12,21.53333282470703,288.0,1.0,30,3.0,95.33982849121094
C2,2165,0.7773362199036546,33.6,23.8,12,16.33333396911621,240.0,1.0,30,3.0,96.67056274414062
C2,2166,0.5838368968107777,34.9,24.8,12,26.733333587646484,318.0,1.0,90,3.0,95.60234069824219
C2,2167,0.7603646111288725,32.2,20.9,12,6.9666666984558105,165.0,1.0,30,3.0,89.49473571777344
C2,2168,0.7845125806332837,27.2,19.099999999999998,12,1.4666666984558105,60.0,1.0,30,3.0,77.8301773071289
C2,2169,0.7634258329899634,28.7,20.2,10,3.5999999046325684,82.0,1.0,30,2.0,62.164772033691406
C2,2170,0.8460902975977581,18.0,17.6,10,0.4000000059604645,10.0,1.0,30,2.0,46.09886169433594
C2,2171,0.597662578383008,32.4,21.5,10,2.9200000762939453,51.0,1.0,70,1.0,40.5926513671875
C2,2172,0.4495833333333333,49.5,33.2,5,37.0,186.0,1.0,30,2.0,44.22225570678711
C2,2173,0.6945,44.6,30.599999999999998,5,25.1200008392334,160.0,1.0,30,2.0,56.400020599365234
C2,2174,0.7520865151815631,32.2,21.5,5,4.800000190734863,72.0,1.0,30,2.0,61.70668029785156
C2,2175,0.8219262714919425,23.5,19.5,5,2.319999933242798,48.0,1.0,30,2.0,55.690673828125
C2,2176,0.6831608617747322,23.2,18.8,5,3.440000057220459,58.0,1.0,70,2.0,45.281070709228516
C2,2177,0.6777232163624403,23.3,19.099999999999998,5,1.3600000143051147,29.0,1.0,70,1.0,38.10197448730469
C2,2178,0.6366267473150452,47.800000000000004,32.9,4,15.359999656677246,92.0,1.0,30,1.0,42.86118698120117
C2,2179,0.5043719304015931,49.7,34.3,7,45.66666793823242,282.0,1.0,30,3.0,54.38337707519531
C2,2180,0.8306458959267463,18.3,17.9,9,0.5333333611488342,15.0,1.0,30,3.0,58.09669494628906
C2,2181,0.363117885031301,38.1,25.1,18,48.181819915771484,564.0,1.0,30,3.0,73.12467956542969
C2,2182,0.7855034383584824,33.0,22.700000000000003,18,17.422222137451172,303.0,1.0,30,3.0,83.0748062133789
C2,2183,0.7750371587921006,32.800000000000004,22.599999999999998,18,12.88888931274414,231.0,1.0,30,1.0,119.17822265625
C2,2184,0.7534922759740734,32.800000000000004,22.5,18,6.599999904632568,113.0,1.0,30,1.0,130.84027099609375
C2,2185,0.8466458959267463,18.1,17.7,18,0.5333333611488342,16.0,1.0,30,1.0,126.50415802001953
C2,2186,0.7438825502835107,33.0,22.3,18,4.577777862548828,91.0,1.0,30,1.0,105.23583221435547
C2,2187,0.251544934443576,50.0,17.6,10,0.5090909004211426,6.0,1.0,30,1.0,78.20816040039062
C2,2188,0.7278039672200305,33.4,23.0,8,5.5,68.0,1.0,30,1.0,68.92489624023438
C2,2189,0.5046697182260822,44.4,29.8,4,11.600000381469727,77.0,1.0,30,1.0,61.48827362060547
C2,2190,0.7288979152579943,33.8,23.8,3,4.666666507720947,39.0,1.0,30,1.0,61.42629623413086
C2,2191,0.7009600547309319,39.199999999999996,27.7,3,8.266666412353516,51.0,1.0,30,1.0,59.12244415283203
C2,2192,0.08049810693207517,110.5,55.1,5,67.4000015258789,168.0,1.0,30,1.0,69.87346649169922
C2,2193,-0.07630543352816194,44.4,28.400000000000002,21,73.4800033569336,714.0,1.0,30,3.0,102.85741424560547
C2,2194,-1.0443212044006684,31.6,22.0,66,55.68571472167969,2196.0,1.0,30,3.0,213.44778442382812
C2,2195,0.8264942720809583,24.6,19.7,66,6.028069972991943,318.0,1.0,30,3.0,271.53533935546875
C2,2196,0.8437915682902547,20.9,18.8,66,1.8385964632034302,168.0,1.0,30,3.0,282.1212158203125
C2,2197,0.8452614072181867,20.1,17.7,66,0.42105263471603394,18.0,1.0,30,3.0,191.67271423339844
C2,2198,0.8288733652727452,23.099999999999998,19.2,66,3.129824638366699,222.0,1.0,30,3.0,133.136962890625
C2,2199,0.849208899947249,18.5,18.2,66,1.1508772373199463,120.0,1.0,30,3.0,95.8821792602539
C2,2200,-1.3690448250132505,30.599999999999998,21.2,12,11.533333778381348,210.0,1.0,30,3.0,82.06263732910156
C2,2201,0.2393073918288847,42.3,27.900000000000002,19,92.0,627.0,1.0,30,3.0,91.77091979980469
C2,2202,0.6454166666666666,32.5,21.7,23,34.842105865478516,657.0,1.0,30,3.0,121.4625473022461
C2,2203,0.7856436183159862,32.4,21.6,23,15.30434799194336,339.0,1.0,30,3.0,145.0108642578125
C2,2204,0.8081666666666668,32.2,21.4,23,29.513044357299805,666.0,1.0,30,3.0,160.87318420410156
C2,2205,0.7764930277632139,32.4,21.6,23,12.17391300201416,264.0,1.0,30,2.0,158.7905731201172
C2,2206,0.8494120147012151,18.0,18.0,23,1.2000000476837158,87.0,1.0,30,3.0,146.3410186767578
C2,2207,0.8482599387507812,19.0,18.4,23,0.9217391014099121,60.0,1.0,30,3.0,111.93794250488281
C2,2208,0.6226628935112284,26.599999999999998,19.5,23,4.208695888519287,171.0,1.0,90,3.0,81.29609680175781
C2,2209,0.7819501794770205,32.4,21.7,23,13.982608795166016,309.0,1.0,30,3.0,72.77765655517578
C2,2210,0.2725833333333334,33.9,23.7,10,21.600000381469727,270.0,1.0,30,3.0,76.99993133544922
C2,2211,0.7485833333333334,38.699999999999996,26.0,10,45.040000915527344,456.0,1.0,50,3.0,92.19995880126953
C2,2212,0.5953333333333333,33.6,23.5,15,25.040000915527344,366.0,1.0,30,3.0,103.85330963134766
C2,2213,0.7962499999999999,33.5,23.3,15,26.02666664123535,396.0,1.0,30,3.0,116.44532012939453
C2,2214,0.7943419239885872,29.2,20.8,15,8.74666690826416,204.0,1.0,30,3.0,112.80052185058594
C2,2215,0.4311170618425231,50.0,17.9,15,0.4533333480358124,7.0,1.0,70,1.0,95.28031158447266
C2,2216,0.7067100752342307,18.5,18.3,15,0.746666669845581,20.0,1.0,70,1.0,69.83485412597656
C2,2217,0.581800065437275,33.8,23.599999999999998,13,8.215384483337402,110.0,1.0,70,1.0,60.167579650878906
C2,2218,0.5988414545221784,32.4,21.1,13,3.4461538791656494,67.0,1.0,70,1.0,62.36721420288086
C2,2219,0.3885285280341995,50.0,33.6,8,55.29999923706055,318.0,1.0,30,3.0,75.1536636352539
C2,2220,0.6304166666666667,38.5,26.1,11,35.85454559326172,381.0,1.0,30,3.0,85.09219360351562
C2,2221,0.7756666666666666,34.0,24.2,13,32.61538314819336,429.0,1.0,30,3.0,101.18865203857422
C2,2222,0.7747389255425325,28.5,20.299999999999997,15,6.026666641235352,168.0,1.0,30,3.0,104.17985534667969
C2,2223,0.7826864028526518,33.4,22.9,15,17.786666870117188,288.0,1.0,30,3.0,101.84124755859375
C2,2224,0.7673569559370159,33.300000000000004,22.700000000000003,15,11.893333435058594,198.0,1.0,30,2.0,94.57141876220703
C2,2225,0.7615551282161479,32.9,22.1,15,9.066666603088379,162.0,1.0,30,2.0,93.5428466796875
C2,2226,0.649019302009596,33.6,23.400000000000002,15,23.093334197998047,342.0,1.0,70,3.0,95.3257064819336
C2,2227,0.7266458959267463,18.5,17.8,12,0.5333333611488342,12.0,1.0,30,2.0,83.99542236328125
C2,2228,0.8466458959267463,18.2,17.7,12,0.5333333611488342,10.0,1.0,30,2.0,67.06391906738281
C2,2229,0.7576539841393918,33.300000000000004,22.5,12,9.0,140.0,1.0,30,2.0,51.038352966308594
C2,2230,0.7815833333333334,35.1,25.0,12,21.96666717529297,264.0,1.0,30,2.0,58.2230110168457
C2,2231,0.7680575485726946,33.9,23.900000000000002,12,13.933333396911621,182.0,1.0,30,2.0,74.00047302246094
C2,2232,0.6453271878595994,33.8,24.299999999999997,9,12.711111068725586,156.0,1.0,30,2.0,84.53361511230469
C2,2233,0.7317012785310383,38.800000000000004,26.0,9,17.155555725097656,180.0,1.0,30,2.0,85.25350189208984
C2,2234,0.7264407365985232,39.6,26.5,9,18.044445037841797,184.0,1.0,30,2.0,85.81877136230469
C2,2235,0.7421666666666668,39.4,27.0,9,25.511110305786133,238.0,1.0,30,2.0,91.62459564208984
C2,2236,0.7011666666666667,43.0,28.400000000000002,8,29.049999237060547,238.0,1.0,30,2.0,98.9747543334961
C2,2237,0.7293333333333333,40.800000000000004,28.0,8,23.950000762939453,202.0,1.0,30,2.0,104.58485412597656
C2,2238,0.7821057797651719,27.5,19.0,8,1.5499999523162842,48.0,1.0,30,2.0,95.28424835205078
C2,2239,0.8239726437023217,23.0,18.8,8,1.7000000476837158,48.0,1.0,30,2.0,77.03721618652344
C2,2240,0.8471314154582048,18.0,17.6,8,0.6499999761581421,21.0,1.0,30,3.0,53.555660247802734
C2,2241,0.7808325802867622,29.0,20.400000000000002,8,4.650000095367432,105.0,1.0,30,3.0,40.93339538574219
C2,2242,0.8126512163471249,23.7,19.2,7,2.4571428298950195,69.0,1.0,30,3.0,33.22670364379883
C2,2243,0.5212502729214081,38.9,25.6,2,13.600000381469727,93.0,1.0,30,3.0,31.802690505981445
C2,2244,0.8518832352792386,18.2,18.0,2,1.7999999523162842,36.0,1.0,30,3.0,27.881614685058594
C2,2245,0.8518832352792386,18.3,17.9,2,1.7999999523162842,24.0,1.0,30,3.0,23.528968811035156
C2,2246,0.856766825784299,18.1,17.7,2,3.0,45.0,1.0,30,3.0,18.784048080444336
C2,2247,0.766766042474678,32.800000000000004,25.1,1,12.800000190734863,63.0,1.0,30,3.0,17.137094497680664
C2,2248,0.8575724027518892,18.1,17.7,1,3.200000047683716,24.0,1.0,30,2.0,16.6822566986084
C2,2249,0.8591758329899635,17.9,17.6,1,3.5999999046325684,30.0,1.0,30,2.0,16.40935516357422
C2,2250,0.6805068707294589,44.6,34.5,1,18.0,62.0,1.0,30,2.0,17.57894515991211
C2,2251,0.7700863848927489,32.9,26.700000000000003,1,11.600000381469727,58.0,1.0,30,2.0,20.547367095947266
C2,2252,0.8623500559002011,18.2,17.8,1,4.400000095367432,30.0,1.0,30,2.0,22.328420639038086
C2,2253,0.8623500559002011,18.1,17.9,1,4.400000095367432,34.0,1.0,30,2.0,21.530385971069336
C2,2254,0.7582722484332765,33.0,26.9,1,8.399999618530273,42.0,1.0,30,2.0,19.98489761352539
C2,2255,0.8607685509003341,18.2,17.7,1,4.0,34.0,1.0,30,2.0,19.32427215576172
C2,2256,0.6963333333333332,44.4,35.1,1,30.0,111.0,1.0,30,3.0,21.594562530517578
C2,2257,0.2090316575738977,100.7,52.2,2,41.79999923706055,159.0,1.0,30,3.0,27.223403930664062
C2,2258,0.744842118926648,32.4,21.2,3,5.4666666984558105,69.0,1.0,30,3.0,31.40070915222168
C2,2259,-0.06008279457451449,80.5,39.6,10,57.733333587646484,348.0,1.0,30,3.0,44.440425872802734
C2,2260,0.7582500000000001,35.9,25.1,12,28.83333396911621,339.0,1.0,30,3.0,60.26425552368164
C2,2261,0.777,35.6,25.0,12,27.100000381469727,327.0,1.0,30,3.0,81.2252197265625
C2,2262,0.7697491553590481,32.7,21.7,12,10.933333396911621,204.0,1.0,30,3.0,87.40180206298828
C2,2263,0.7670715045375708,32.4,21.4,12,9.333333015441895,183.0,1.0,30,3.0,84.1744155883789
C2,2264,0.7710833333333333,34.5,24.5,14,33.46666717529297,402.0,1.0,30,3.0,85.5713119506836
C2,2265,0.7953333333333333,33.6,23.7,14,25.02857208251953,339.0,1.0,30,3.0,92.40945434570312
C2,2266,0.8469234084714489,18.1,17.7,14,0.6000000238418579,36.0,1.0,30,3.0,89.97900390625
C2,2267,0.7638668904129271,32.300000000000004,21.4,14,8.171428680419922,146.0,1.0,30,2.0,80.38740539550781
C2,2268,0.7765873927817507,33.9,23.7,14,17.14285659790039,246.0,1.0,30,2.0,75.96577453613281
C2,2269,0.7686975459517029,34.6,23.8,14,16.542856216430664,232.0,1.0,30,2.0,87.1794662475586
C2,2270,0.8338251368493962,18.0,18.1,12,1.2999999523162842,54.0,1.0,30,2.0,87.77434539794922
C2,2271,0.638159131569739,32.300000000000004,21.8,9,6.622222423553467,106.0,1.0,30,2.0,78.79794311523438
C2,2272,0.73575,40.099999999999994,27.400000000000002,9,23.33333396911621,218.0,1.0,30,2.0,72.47876739501953
C2,2273,0.7538980875333013,33.0,22.2,9,7.199999809265137,110.0,1.0,30,2.0,72.42059326171875
C2,2274,0.7304999999999999,39.800000000000004,27.599999999999998,8,26.549999237060547,218.0,1.0,30,2.0,79.85235595703125
C2,2275,0.7668988785436857,34.0,24.5,8,13.850000381469727,154.0,1.0,30,2.0,80.04474639892578
C2,2276,0.7686189785243681,34.0,24.1,8,14.449999809265137,158.0,1.0,30,2.0,83.36018371582031
C2,2277,0.7551864071071465,33.099999999999994,22.700000000000003,8,7.800000190734863,106.0,1.0,30,2.0,77.88277435302734
C2,2278,0.740688331341742,33.099999999999994,22.1,7,6.057142734527588,88.0,1.0,30,2.0,70.19633483886719
C2,2279,0.7817187812707322,28.400000000000002,20.0,7,3.4857141971588135,72.0,1.0,30,2.0,59.851131439208984
C2,2280,0.6127199401697985,48.800000000000004,32.7,7,51.79999923706055,285.0,1.0,30,3.0,59.24401092529297
C2,2281,0.8335956847858822,18.1,17.8,9,1.244444489479065,33.0,1.0,30,3.0,54.479740142822266
C2,2282,0.765377843031775,32.5,22.1,9,9.11111068725586,150.0,1.0,30,3.0,53.48784637451172
C2,2283,0.43101000866160666,50.0,18.2,9,0.4000000059604645,5.0,1.0,70,1.0,40.89270782470703
C2,2284,0.7687551404605193,32.5,22.0,9,10.088889122009277,168.0,1.0,30,3.0,39.33562469482422
C2,2285,0.7574093717531365,32.4,21.6,9,6.666666507720947,114.0,1.0,30,2.0,39.33470916748047
C2,2286,0.6099627360767531,19.7,18.0,3,1.3333333730697632,26.0,1.0,30,2.0,40.40082550048828
C2,2287,0.751564581924661,32.2,21.1,3,4.666666507720947,56.0,1.0,30,2.0,37.30716323852539
C2,2288,0.656,48.800000000000004,34.0,3,25.733333587646484,130.0,1.0,30,2.0,36.51763153076172
C2,2289,0.7529814208666347,33.099999999999994,23.7,3,7.199999809265137,66.0,1.0,30,2.0,38.71057891845703
C2,2290,0.2776294732135495,72.6,39.6,5,42.099998474121094,190.0,1.0,30,2.0,48.959678649902344
C2,2291,0.7127397946576643,38.9,25.7,5,10.880000114440918,112.0,1.0,30,2.0,53.909141540527344
C2,2292,0.8477547725551173,17.9,17.7,5,0.800000011920929,20.0,1.0,30,2.0,53.81215286254883
C2,2293,0.7496267011190646,32.4,21.7,5,4.639999866485596,66.0,1.0,30,2.0,45.48728942871094
C2,2294,0.7554197182260822,34.5,25.1,5,11.600000381469727,108.0,1.0,30,2.0,40.2257080078125
C2,2295,0.547,47.6,32.099999999999994,8,38.0,232.0,1.0,30,2.0,51.202091217041016
C2,2296,0.7228095128252516,40.4,27.5,8,19.799999237060547,180.0,1.0,30,2.0,65.38792419433594
C2,2297,0.8161148482452001,23.7,19.099999999999998,8,1.350000023841858,42.0,1.0,30,2.0,69.49942016601562
C2,2298,0.8471314154582048,18.1,17.7,8,0.6499999761581421,28.0,1.0,30,2.0,58.36631774902344
C2,2299,0.7545915251912518,33.9,24.0,8,9.699999809265137,132.0,1.0,30,2.0,48.48645782470703
C2,2300,0.7664171030202356,34.1,24.400000000000002,8,14.0,154.0,1.0,30,2.0,50.02520751953125
C2,2301,0.72525,39.5,27.400000000000002,6,21.733333587646484,174.0,1.0,30,2.0,60.681793212890625
C2,2302,0.7749774278277693,29.0,20.7,5,5.199999809265137,72.0,1.0,30,2.0,63.075740814208984
C2,2303,0.754906461324331,34.3,25.4,5,10.880000114440918,108.0,1.0,30,2.0,61.4454460144043
C2,2304,0.6445833333333333,48.300000000000004,33.099999999999994,7,38.79999923706055,206.0,1.0,30,2.0,62.60060119628906
C2,2305,0.7541952430426653,33.4,22.9,7,8.285714149475098,104.0,1.0,30,2.0,65.4270248413086
C2,2306,0.759452854796556,34.1,24.0,7,11.714285850524902,130.0,1.0,30,2.0,68.58954620361328
C2,2307,0.852936594439004,18.2,18.1,7,2.057142972946167,52.0,1.0,30,2.0,60.22039794921875
C2,2308,0.7384999999999999,39.800000000000004,27.900000000000002,7,24.22857093811035,190.0,1.0,30,2.0,60.9322395324707
C2,2309,0.7579553666873983,33.300000000000004,22.700000000000003,7,9.085714340209961,114.0,1.0,30,2.0,60.29267501831055
C2,2310,0.6892500000000001,44.3,29.5,6,28.53333282470703,194.0,1.0,30,2.0,69.37560272216797
C2,2311,0.6782500000000001,45.5,31.2,7,33.93333435058594,210.0,1.0,30,2.0,76.15869903564453
C2,2312,0.6981666666666667,44.2,29.5,7,27.828571319580078,202.0,1.0,30,2.0,86.09521484375
C2,2313,0.8465665713007887,18.3,17.8,7,0.5142857432365417,10.0,1.0,30,2.0,79.79046630859375
C2,2314,0.7832865344459324,27.7,19.5,7,2.2857143878936768,60.0,1.0,30,3.0,64.67427825927734
C2,2315,0.8479919757253314,18.0,17.6,7,0.8571428656578064,51.0,1.0,30,3.0,44.40456771850586
C2,2316,0.6018262144918751,38.6,25.9,7,22.742856979370117,231.0,1.0,70,3.0,41.84273910522461
C2,2317,0.74675,38.9,25.9,7,21.77142906188965,222.0,1.0,30,3.0,47.505645751953125
C2,2318,0.69475,43.7,28.9,8,39.06666564941406,273.0,1.0,30,3.0,60.77005386352539
C2,2319,0.7666429335985115,32.9,22.3,8,10.550000190734863,168.0,1.0,30,3.0,65.92869567871094
C2,2320,0.6166666666666667,40.0,28.1,11,38.5,315.0,1.0,30,3.0,73.15721893310547
C2,2321,0.7665,35.0,24.9,13,34.254547119140625,375.0,1.0,30,3.0,82.02766418457031
C2,2322,0.7801032612926492,34.1,23.900000000000002,13,19.569231033325195,279.0,1.0,30,3.0,92.28326416015625
C2,2323,0.8466031846087607,18.3,17.6,13,0.5230769515037537,12.0,1.0,30,2.0,85.23662567138672
C2,2324,0.7572167699478967,32.4,21.4,13,6.615384578704834,132.0,1.0,30,2.0,73.14197540283203
C2,2325,0.8220748192292068,23.3,19.099999999999998,13,1.907692313194275,64.0,1.0,30,2.0,57.75185012817383
C2,2326,0.7673575266907122,32.2,21.4,13,8.89230728149414,154.0,1.0,30,2.0,57.98444366455078
C2,2327,0.6026226508341683,33.300000000000004,23.0,9,10.44444465637207,140.0,1.0,30,2.0,58.65733337402344
C2,2328,0.4615,48.2,31.2,4,32.79999923706055,178.0,1.0,30,2.0,66.66106414794922
C2,2329,0.7507785242986407,32.300000000000004,22.2,4,4.699999809265137,60.0,1.0,30,2.0,65.19664001464844
C2,2330,0.7813754262827479,28.400000000000002,20.5,4,3.4000000953674316,50.0,1.0,30,2.0,58.31798553466797
C2,2331,0.6532500000000001,49.099999999999994,33.8,4,30.700000762939453,160.0,1.0,30,2.0,52.99079132080078
C2,2332,0.23872500000000002,54.1,36.0,7,36.514286041259766,226.0,1.0,30,2.0,60.861141204833984
C2,2333,0.7256666666666667,41.2,28.400000000000002,7,24.514286041259766,190.0,1.0,30,2.0,74.91668701171875
C2,2334,0.6883333333333332,44.4,29.1,8,31.049999237060547,244.0,1.0,30,2.0,88.95001220703125
C2,2335,0.7591153731203695,33.5,23.0,8,9.949999809265137,130.0,1.0,30,2.0,90.97000885009766
C2,2336,0.7449166666666667,39.1,26.5,8,20.5,182.0,1.0,30,2.0,91.64867401123047
C2,2337,0.7669991402862084,35.0,25.2,8,17.350000381469727,176.0,1.0,30,2.0,87.52253723144531
C2,2338,0.8462987356120706,18.599999999999998,17.7,8,0.44999998807907104,18.0,1.0,30,2.0,77.58018493652344
C2,2339,0.7531664978542637,33.099999999999994,22.9,8,7.25,108.0,1.0,30,2.0,66.68144989013672
C2,2340,0.7474742152393613,34.4,24.7,6,13.933333396911621,138.0,1.0,30,2.0,57.60886764526367
C2,2341,0.70275,43.7,28.5,6,22.933332443237305,174.0,1.0,30,2.0,62.5653190612793
C2,2342,0.681,45.199999999999996,31.0,7,37.14285659790039,240.0,1.0,30,2.0,74.33919525146484
C2,2343,0.7188333333333333,40.2,27.5,9,24.35555648803711,220.0,1.0,30,2.0,86.87018585205078
C2,2344,0.7403333333333333,39.6,26.9,9,26.755556106567383,236.0,1.0,30,2.0,98.52210998535156
C2,2345,0.7620226274468986,32.9,22.599999999999998,9,9.199999809265137,132.0,1.0,30,2.0,98.31326293945312
C2,2346,0.7382477438070102,32.9,21.6,9,2.933333396911621,50.0,1.0,30,1.0,90.18795776367188
C2,2347,0.6996410742032364,39.5,25.5,9,8.666666984558105,89.0,1.0,30,1.0,81.44610595703125
C2,2348,0.7261003828322038,34.2,24.299999999999997,8,4.888888835906982,62.0,1.0,30,1.0,75.66766357421875
C2,2349,0.8471314154582048,18.2,17.7,8,0.6499999761581421,18.0,1.0,30,1.0,67.93392944335938
C2,2350,0.4983299439102573,39.5,26.5,3,8.300000190734863,59.0,1.0,30,1.0,59.29369354248047
C2,2351,0.23907499999999998,94.7,48.0,4,34.66666793823242,114.0,1.0,30,1.0,61.04288101196289
C2,2352,0.4762506250564862,49.7,33.099999999999994,8,40.849998474121094,291.0,1.0,30,3.0,72.625732421875
C2,2353,0.844861803748592,20.9,18.5,8,2.0999999046325684,66.0,1.0,30,3.0,74.64210510253906
C2,2354,0.7685615300280377,29.0,19.5,8,1.600000023841858,63.0,1.0,30,3.0,63.45193099975586
C2,2355,0.6804430524100542,18.1,17.7,8,0.8999999761581421,36.0,1.0,90,3.0,45.40449142456055
C2,2356,0.8481697802472762,18.0,17.7,8,0.8999999761581421,39.0,1.0,30,3.0,33.37602615356445
C2,2357,0.8477547725551173,18.0,17.7,8,0.800000011920929,33.0,1.0,30,3.0,24.82561683654785
C2,2358,0.5718832352792386,18.1,17.6,1,1.7999999523162842,30.0,1.0,30,3.0,19.42870330810547
C2,2359,0.8510615300280377,17.9,17.6,1,1.600000023841858,14.0,1.0,30,1.0,16.323888778686523
C2,2360,0.8543353991895412,17.7,17.4,1,2.4000000953674316,17.0,1.0,30,1.0,15.26099967956543
C2,2361,-0.07591090033023173,116.6,57.3,4,76.0,237.0,1.0,30,3.0,23.823266983032227
C2,2362,0.7476002514358631,32.599999999999994,22.2,6,8.866666793823242,120.0,1.0,30,3.0,32.42729187011719
C2,2363,0.7858566122533803,27.5,19.3,6,2.4666666984558105,81.0,1.0,30,3.0,38.92304229736328
C2,2364,0.8483080145228291,18.0,17.6,6,0.9333333373069763,33.0,1.0,30,3.0,33.75382614135742
C2,2365,0.8496874835994619,18.1,17.6,6,1.2666666507720947,42.0,1.0,30,3.0,27.18562889099121
C2,2366,0.7876374913818891,27.599999999999998,19.400000000000002,6,3.133333444595337,78.0,1.0,30,3.0,23.111377716064453
C2,2367,0.6937922063976937,18.0,17.6,2,2.2666666507720947,57.0,1.0,30,3.0,21.73349380493164
C2,2368,0.7676827091413446,32.7,25.4,1,12.800000190734863,69.0,1.0,30,3.0,22.106761932373047
C2,2369,0.8623500559002011,18.1,17.8,1,4.400000095367432,36.0,1.0,30,3.0,20.46405792236328
C2,2370,0.8685539631541367,18.1,17.7,1,6.0,54.0,1.0,30,3.0,19.34510040283203
C2,2371,0.7755652953567194,33.7,27.5,1,16.0,72.0,1.0,30,3.0,18.80706024169922
C2,2372,-0.11209533288427669,126.0,62.300000000000004,5,68.80000305175781,213.0,1.0,30,3.0,26.350902557373047
C2,2373,0.7450420911251036,32.099999999999994,21.2,5,2.799999952316284,38.0,1.0,30,1.0,33.54387664794922
C2,2374,0.8388398228402337,20.9,18.3,5,0.6399999856948853,11.0,1.0,30,1.0,36.12632369995117
C2,2375,0.790060588356174,27.400000000000002,19.7,5,3.2799999713897705,72.0,1.0,30,3.0,31.409128189086914
C2,2376,0.7449166666666667,39.1,26.9,5,20.719999313354492,183.0,1.0,30,3.0,31.645477294921875
C2,2377,0.7845114755976897,27.900000000000002,19.8,5,3.0399999618530273,72.0,1.0,30,3.0,33.5206184387207
C2,2378,0.772169929066165,28.400000000000002,19.8,4,3.0999999046325684,66.0,1.0,30,3.0,34.3790397644043
C2,2379,0.766163325294095,32.599999999999994,22.0,4,9.600000381469727,108.0,1.0,30,3.0,31.56075668334961
C2,2380,0.7858724253177244,28.299999999999997,19.900000000000002,4,4.300000190734863,78.0,1.0,30,3.0,30.13645362854004
C2,2381,0.7599422413140079,32.7,21.7,4,8.100000381469727,105.0,1.0,30,3.0,31.01520538330078
C2,2382,0.8399587577917702,18.2,17.7,2,2.799999952316284,48.0,1.0,30,3.0,28.875789642333984
C2,2383,0.8551482611556787,18.0,17.6,2,2.5999999046325684,36.0,1.0,30,3.0,25.725473403930664
C2,2384,0.856766825784299,18.0,17.6,2,3.0,33.0,1.0,30,3.0,20.635284423828125
C2,2385,0.8575724027518892,18.0,17.8,2,3.200000047683716,51.0,1.0,30,3.0,17.71450424194336
C2,2386,0.7566480875333013,32.7,22.2,2,7.199999809265137,60.0,1.0,30,3.0,17.028701782226562
C2,2387,0.8543500559002011,18.2,17.8,1,4.400000095367432,36.0,1.0,30,3.0,16.75055503845215
C2,2388,0.8591758329899635,18.3,17.9,1,3.5999999046325684,27.0,1.0,30,3.0,15.516999244689941
C2,2389,0.7137749141875284,18.0,17.8,1,4.0,32.0,1.0,70,2.0,14.24353313446045
C2,2390,0.8685539631541367,18.1,17.7,1,6.0,51.0,1.0,30,3.0,14.146120071411133
C2,2391,-0.17333200228249296,123.2,63.2,4,104.0,219.0,1.0,30,3.0,22.62100601196289
C2,2392,0.7546040388121716,33.8,23.400000000000002,5,11.84000015258789,132.0,1.0,30,3.0,31.43927001953125
C2,2393,0.7598699111590322,32.7,22.3,5,8.079999923706055,108.0,1.0,30,3.0,39.2635612487793
C2,2394,0.7738250834970714,34.4,24.7,5,17.920000076293945,174.0,1.0,30,3.0,41.95813751220703
C2,2395,0.6796125000652237,42.6,28.8,5,31.1200008392334,228.0,1.0,50,3.0,47.841548919677734
C2,2396,0.6818981233708401,33.6,23.3,5,11.119999885559082,132.0,1.0,50,3.0,52.438262939453125
C2,2397,0.5585782101840575,49.3,33.4,7,60.29999923706055,285.0,1.0,30,3.0,60.12962341308594
C2,2398,0.8149599646473406,23.2,18.8,8,1.899999976158142,60.0,1.0,30,3.0,57.277774810791016
C2,2399,0.8483771122914775,18.1,17.8,8,0.949999988079071,45.0,1.0,30,3.0,51.69999694824219
C2,2400,0.5465512735954253,41.099999999999994,27.2,12,44.45000076293945,360.0,1.0,30,3.0,51.68666458129883
C2,2401,0.7825,35.0,24.400000000000002,12,26.766666412353516,342.0,1.0,30,3.0,64.21199798583984
C2,2402,0.6907414322690517,28.7,20.8,12,2.2666666507720947,50.0,1.0,50,1.0,76.39386749267578
C2,2403,0.7644745380352507,32.099999999999994,20.7,12,7.833333492279053,177.0,1.0,30,3.0,75.56965637207031
C2,2404,0.7925833333333334,33.9,24.1,12,21.566667556762695,288.0,1.0,30,3.0,72.67512512207031
C2,2405,0.7671945101821818,32.599999999999994,21.5,12,9.899999618530273,183.0,1.0,30,3.0,72.40507507324219
C2,2406,0.7294120147012151,18.1,18.0,9,1.2000000476837158,54.0,1.0,30,2.0,67.97637939453125
C2,2407,0.8475701790770732,18.0,17.6,9,0.7555555701255798,30.0,1.0,30,2.0,54.519161224365234
C2,2408,0.7603257166061425,33.0,22.599999999999998,9,8.977777481079102,126.0,1.0,30,2.0,46.71149444580078
C2,2409,0.7394166666666667,39.699999999999996,27.0,9,24.044445037841797,222.0,1.0,30,2.0,53.226898193359375
C2,2410,0.7635,36.2,25.3,8,25.25,267.0,1.0,30,3.0,67.0028076171875
C2,2411,0.5616097443402343,34.3,24.299999999999997,8,12.550000190734863,148.0,1.0,90,2.0,76.73501586914062
C2,2412,0.8243871429731648,23.400000000000002,18.9,8,2.700000047683716,81.0,1.0,30,3.0,71.37434387207031
C2,2413,0.7846852175670008,28.299999999999997,19.8,8,4.0,93.0,1.0,30,3.0,60.42460632324219
C2,2414,0.7896649974037382,27.799999999999997,19.599999999999998,8,4.099999904632568,105.0,1.0,30,3.0,48.654762268066406
C2,2415,0.6647347504386043,23.0,18.5,4,1.8857142925262451,50.0,1.0,30,2.0,41.32619094848633
C2,2416,0.8485843284339895,18.1,17.9,4,1.0,28.0,1.0,30,2.0,34.66238021850586
C2,2417,0.8334120147012151,18.0,17.7,2,1.2000000476837158,20.0,1.0,30,2.0,27.33076286315918
C2,2418,0.8535202322523546,18.1,17.8,2,2.200000047683716,32.0,1.0,30,2.0,21.73179054260254
C2,2419,0.8551482611556787,18.2,17.9,2,2.5999999046325684,38.0,1.0,30,2.0,19.039073944091797
C2,2420,0.8430615300280377,18.0,17.8,1,1.600000023841858,12.0,1.0,30,2.0,16.890111923217773
C2,2421,0.7682530515594156,33.099999999999994,26.9,1,11.600000381469727,56.0,1.0,30,2.0,17.200733184814453
C2,2422,0.676808000946109,44.8,34.9,1,17.200000762939453,62.0,1.0,30,2.0,18.987106323242188
C2,2423,0.8575724027518892,18.0,17.7,1,3.200000047683716,24.0,1.0,30,2.0,20.858930587768555
C2,2424,0.8623500559002011,18.0,17.7,1,4.400000095367432,34.0,1.0,30,2.0,20.515357971191406
C2,2425,0.852702823555001,18.2,17.8,1,2.0,18.0,1.0,30,2.0,17.37588119506836
C2,2426,0.7606143338995106,32.9,26.9,1,8.800000190734863,46.0,1.0,30,2.0,16.9588623046875
C2,2427,0.8623500559002011,18.0,17.6,1,4.400000095367432,36.0,1.0,30,2.0,16.841983795166016
C2,2428,0.8559587577917702,18.1,17.8,1,2.799999952316284,24.0,1.0,30,2.0,17.171857833862305
C2,2429,0.8543353991895412,18.2,17.7,1,2.4000000953674316,18.0,1.0,30,2.0,15.503114700317383
C2,2430,0.8623500559002011,18.2,17.8,1,4.400000095367432,36.0,1.0,30,2.0,14.50186824798584
C2,2431,0.7568301916662592,33.0,26.5,1,8.0,42.0,1.0,30,2.0,15.101120948791504
C2,2432,0.8685539631541367,18.0,17.7,1,6.0,51.0,1.0,30,3.0,16.527339935302734
C2,2433,0.8700719235523432,18.0,17.7,1,6.400000095367432,51.0,1.0,30,3.0,17.249736785888672
C2,2434,0.8623500559002011,18.2,17.7,1,4.400000095367432,39.0,1.0,30,3.0,16.61650848388672
C2,2435,0.8639198485148963,18.4,17.9,1,4.800000190734863,39.0,1.0,30,3.0,15.703238487243652
C2,2436,0.6908333333333334,45.0,35.2,1,26.0,90.0,1.0,30,3.0,16.888608932495117
C2,2437,0.8715756855237148,18.1,17.7,1,6.800000190734863,57.0,1.0,30,3.0,18.399831771850586
C2,2438,0.8654774278277694,18.2,17.8,1,5.199999809265137,45.0,1.0,30,3.0,19.573232650756836
C2,2439,0.769266042474678,33.4,27.2,1,12.800000190734863,60.0,1.0,30,3.0,18.943939208984375
C2,2440,0.8700719235523432,18.0,17.7,1,6.400000095367432,54.0,1.0,30,3.0,18.43303108215332
C2,2441,0.212375,101.5,52.699999999999996,3,35.733333587646484,168.0,1.0,30,3.0,23.593151092529297
C2,2442,0.7944914456026433,28.299999999999997,20.1,3,6.5333333015441895,75.0,1.0,30,3.0,27.35589027404785
C2,2443,0.8510615300280377,18.1,17.7,3,1.600000023841858,36.0,1.0,30,3.0,28.813533782958984
C2,2444,0.8494120147012151,18.1,17.7,3,1.2000000476837158,27.0,1.0,30,3.0,23.42145347595215
C2,2445,0.7898174905553217,28.7,20.8,3,6.266666889190674,84.0,1.0,30,3.0,20.586206436157227
C2,2446,0.7845222991527153,29.0,20.9,3,5.599999904632568,81.0,1.0,30,3.0,20.88505744934082
C2,2447,0.750140026919445,32.9,24.8,1,10.399999618530273,66.0,1.0,30,3.0,22.797700881958008
C2,2448,0.8700719235523432,18.1,17.7,1,6.400000095367432,54.0,1.0,30,3.0,22.611953735351562
C2,2449,0.8623500559002011,18.3,17.8,1,4.400000095367432,33.0,1.0,30,3.0,20.367172241210938
C2,2450,0.8575724027518892,18.9,17.7,1,3.200000047683716,24.0,1.0,30,3.0,17.153636932373047
C2,2451,0.07702500000000002,112.9,58.3,4,37.0,195.0,1.0,30,3.0,21.4921817779541
C2,2452,0.8522932979806739,18.1,17.7,4,1.899999976158142,48.0,1.0,30,3.0,24.76197624206543
C2,2453,0.7929181509260543,28.0,19.599999999999998,4,5.400000095367432,87.0,1.0,30,3.0,29.52385139465332
C2,2454,0.7820568956662856,28.5,20.400000000000002,4,3.799999952316284,75.0,1.0,30,3.0,27.047645568847656
C2,2455,0.7704087887314027,29.2,19.900000000000002,4,2.5,40.0,1.0,30,2.0,26.095252990722656
C2,2456,0.7753982611556786,28.7,19.900000000000002,4,2.5999999046325684,40.0,1.0,30,2.0,24.32381820678711
C2,2457,0.63748135302923,32.2,22.700000000000003,1,6.199999809265137,56.0,1.0,30,2.0,23.66095733642578
C2,2458,0.8623500559002011,18.1,17.7,1,4.400000095367432,36.0,1.0,30,2.0,22.99657440185547
C2,2459,0.8607685509003341,18.1,17.9,1,4.0,30.0,1.0,30,2.0,21.931278228759766
C2,2460,0.8623500559002011,18.1,17.7,1,4.400000095367432,38.0,1.0,30,2.0,20.092100143432617
C2,2461,0.7574526139082195,33.7,27.5,1,10.0,48.0,1.0,30,2.0,19.788593292236328
C2,2462,0.7565226274468986,33.5,27.099999999999998,1,9.199999809265137,40.0,1.0,30,2.0,20.273155212402344
C2,2463,0.8607685509003341,18.0,17.8,1,4.0,34.0,1.0,30,2.0,20.29722785949707
C2,2464,0.8559587577917702,17.8,17.5,1,2.799999952316284,22.0,1.0,30,2.0,18.578336715698242
C2,2465,0.8559587577917702,17.9,17.7,1,2.799999952316284,20.0,1.0,30,2.0,16.213668823242188
C2,2466,0.7664197182260822,33.300000000000004,26.599999999999998,1,11.600000381469727,58.0,1.0,30,2.0,16.394866943359375
C2,2467,0.8591758329899635,18.0,17.8,1,3.5999999046325684,30.0,1.0,30,2.0,17.03692054748535
C2,2468,0.8623500559002011,18.3,17.9,1,4.400000095367432,38.0,1.0,30,2.0,18.62215232849121
C2,2469,0.7657026139082195,32.800000000000004,26.8,1,10.0,52.0,1.0,30,2.0,19.17329216003418
C2,2470,0.8623500559002011,18.1,17.6,1,4.400000095367432,36.0,1.0,30,2.0,19.903974533081055
C2,2471,0.6740580009461091,45.1,36.0,1,17.200000762939453,60.0,1.0,30,2.0,21.809051513671875
C2,2472,0.751447667232844,33.9,27.400000000000002,1,8.800000190734863,40.0,1.0,30,2.0,22.152097702026367
C2,2473,0.8607685509003341,18.1,17.8,1,4.0,32.0,1.0,30,2.0,22.091259002685547
C2,2474,0.8623500559002011,18.2,17.7,1,4.400000095367432,38.0,1.0,30,2.0,20.588088989257812
C2,2475,0.8575724027518892,18.0,17.7,1,3.200000047683716,26.0,1.0,30,2.0,18.752853393554688
C2,2476,0.7820883038798786,33.099999999999994,26.8,1,16.399999618530273,78.0,1.0,30,3.0,18.985044479370117
C2,2477,0.7601055817666096,32.800000000000004,26.4,1,8.399999618530273,42.0,1.0,30,2.0,19.391027450561523
C2,2478,0.7728337696869023,33.4,27.0,1,14.0,69.0,1.0,30,3.0,20.96794891357422
C2,2479,0.7781840064263946,33.300000000000004,27.2,1,15.600000381469727,78.0,1.0,30,3.0,21.91410255432129
C2,2480,0.8670222991527153,18.2,17.9,1,5.599999904632568,48.0,1.0,30,3.0,21.815128326416016
C2,2481,0.2390911670997264,84.1,47.1,2,47.599998474121094,135.0,1.0,30,3.0,24.689077377319336
C2,2482,0.7644870698159033,32.4,22.0,2,8.600000381469727,81.0,1.0,30,3.0,26.54677963256836
C2,2483,0.7654702042829603,32.599999999999994,22.4,2,9.399999618530273,87.0,1.0,30,3.0,29.39473533630371
C2,2484,0.852702823555001,18.2,17.9,2,2.0,33.0,1.0,30,3.0,26.570173263549805
C2,2485,0.8559587577917702,18.2,17.8,2,2.799999952316284,48.0,1.0,30,3.0,23.408771514892578
C2,2486,0.8551482611556787,18.1,17.8,2,2.5999999046325684,45.0,1.0,30,3.0,19.645261764526367
C2,2487,0.7643108875812963,33.2,25.6,1,13.199999809265137,69.0,1.0,30,3.0,18.987157821655273
C2,2488,0.8715756855237148,18.2,17.8,1,6.800000190734863,57.0,1.0,30,3.0,18.992294311523438
C2,2489,0.7744494945015955,32.7,26.700000000000003,1,12.399999618530273,63.0,1.0,30,3.0,19.79537582397461
C2,2490,0.7759775542479629,32.800000000000004,26.5,1,13.199999809265137,66.0,1.0,30,3.0,20.143892288208008
C2,2491,0.6908333333333334,45.0,35.2,1,28.399999618530273,96.0,1.0,30,3.0,22.086336135864258
C2,2492,0.7737504363535689,33.300000000000004,27.5,1,14.0,69.0,1.0,30,3.0,23.518468856811523
C2,2493,0.8700719235523432,18.2,17.8,1,6.400000095367432,54.0,1.0,30,3.0,23.84441375732422
C2,2494,0.8607685509003341,18.2,17.8,1,4.0,32.0,1.0,30,2.0,21.906648635864258
C2,2495,0.7565226274468986,33.5,26.8,1,9.199999809265137,40.0,1.0,30,2.0,20.3439884185791
C2,2496,0.16397500000000004,119.1,54.300000000000004,3,31.200000762939453,142.0,1.0,30,2.0,26.473060607910156
C2,2497,0.7848241649112018,28.400000000000002,19.599999999999998,3,4.266666889190674,63.0,1.0,30,3.0,30.817169189453125
C2,2498,0.5314166666666666,49.3,32.599999999999994,6,36.86666488647461,225.0,1.0,30,3.0,40.7569694519043
C2,2499,0.7524137770648778,34.2,24.6,6,9.866666793823242,114.0,1.0,30,2.0,44.85417938232422
C2,2500,0.667,47.6,32.0,1,30.0,100.0,1.0,50,1.0,100.0
