Cluster,Step,Reward,Latency_P90,Latency_Avg,Replicas,CPU_Pct,Requests,Success,HPA_Target,Throughput,Forecast
C1,1,0.1954885902190098,32.5,21.9,15,6.400000095367432,82.0,1.0,30,2.0,70.5
C1,2,0.6758985464123956,32.800000000000004,22.4,15,27.946666717529297,402.0,1.0,70,3.0,102.25
C1,3,0.7032538065203016,32.599999999999994,22.4,15,13.973333358764648,200.0,1.0,50,2.0,98.01667022705078
C1,4,0.5631016400147834,33.4,23.2,15,7.039999961853027,103.0,1.0,90,1.0,103.74333190917969
C1,5,0.6141902326112433,32.7,22.700000000000003,15,10.479999542236328,151.0,1.0,70,1.0,109.44599914550781
C1,6,0.7875833333333333,32.7,22.5,17,34.77333450317383,507.0,1.0,30,3.0,122.06759643554688
C1,7,0.7164781049417941,28.6,20.400000000000002,17,8.44705867767334,170.0,1.0,50,2.0,127.24056243896484
C1,8,0.5760009361804105,31.7,20.7,17,4.305882453918457,83.0,1.0,90,1.0,121.27767181396484
C1,9,0.6801104466263272,17.9,17.3,17,0.4470588266849518,12.0,1.0,90,1.0,96.7666015625
C1,10,0.7542160155687905,32.599999999999994,22.2,17,6.305882453918457,100.0,1.0,30,1.0,84.0599594116211
C1,11,0.6129381867617711,32.300000000000004,21.8,15,14.117647171020508,232.0,1.0,70,2.0,80.83597564697266
C1,12,0.26535175060525684,32.0,20.6,5,3.5199999809265137,41.0,1.0,50,1.0,82.76824951171875
C1,13,0.760141768574655,33.7,24.6,5,10.800000190734863,110.0,1.0,30,2.0,77.92761993408203
C1,14,0.6717138116291521,33.099999999999994,22.700000000000003,5,7.599999904632568,84.0,1.0,50,2.0,65.15657043457031
C1,15,0.6084649185650681,28.2,20.1,5,4.71999979019165,74.0,1.0,90,2.0,56.960609436035156
C1,16,0.39235133312841564,46.300000000000004,30.900000000000002,11,52.70000076293945,366.0,1.0,30,3.0,60.97636413574219
C1,17,0.6154931936105936,27.2,19.0,11,2.2545454502105713,66.0,1.0,90,2.0,62.18581771850586
C1,18,0.8272790680406066,23.0,18.4,11,2.5090909004211426,76.0,1.0,30,2.0,63.04482650756836
C1,19,0.6510395385497733,28.1,20.1,11,8.581818580627441,174.0,1.0,70,3.0,55.026893615722656
C1,20,0.5828843781526872,35.6,24.400000000000002,11,28.799999237060547,318.0,1.0,90,3.0,59.94947052001953
C1,21,0.5202643864162602,32.2,21.4,7,7.672727108001709,128.0,1.0,50,2.0,66.36968231201172
C1,22,0.6127358240889387,33.5,24.1,7,12.45714282989502,138.0,1.0,70,2.0,71.6884765625
C1,23,0.7390205832677599,38.5,25.9,7,19.200000762939453,174.0,1.0,30,2.0,72.34642028808594
C1,24,0.5960554897109894,32.9,21.8,7,4.22857141494751,54.0,1.0,70,1.0,71.40785217285156
C1,25,0.7088754656863763,38.5,25.8,7,28.685714721679688,255.0,1.0,50,3.0,72.97804260253906
C1,26,0.7341666666666667,39.4,27.3,8,33.14285659790039,273.0,1.0,30,3.0,74.4534912109375
C1,27,0.6757861568883343,39.300000000000004,27.099999999999998,8,42.0,351.0,1.0,70,3.0,83.73876190185547
C1,28,0.7638183924045019,17.8,17.3,8,0.5,14.0,1.0,50,1.0,79.84325408935547
C1,29,0.6457868620937867,27.7,19.599999999999998,8,5.099999904632568,108.0,1.0,70,3.0,70.17262268066406
C1,30,0.6034938170628541,38.4,25.7,8,22.700000762939453,194.0,1.0,70,2.0,61.70357131958008
C1,31,0.6278443207351276,33.5,23.900000000000002,7,19.350000381469727,219.0,1.0,70,3.0,64.48880767822266
C1,32,0.5131150833425376,39.199999999999996,26.1,7,9.828571319580078,86.0,1.0,90,1.0,72.82662200927734
C1,33,0.5529159298105727,38.0,25.7,3,8.533333778381348,51.0,1.0,30,1.0,71.69596862792969
C1,34,0.6491666666666667,47.800000000000004,31.9,5,36.400001525878906,210.0,1.0,30,3.0,70.61758422851562
C1,35,0.7394166666666667,39.699999999999996,27.400000000000002,5,20.15999984741211,148.0,1.0,30,2.0,68.37055206298828
C1,36,0.706340245275232,27.7,19.099999999999998,5,3.9200000762939453,75.0,1.0,50,3.0,63.5556640625
C1,37,0.6805477047303442,17.8,17.4,5,1.0399999618530273,33.0,1.0,90,3.0,52.80006408691406
C1,38,0.6646703436035055,31.6,19.5,5,2.4000000953674316,44.0,1.0,50,2.0,39.41337203979492
C1,39,0.6964323079884222,32.2,22.1,5,11.520000457763672,147.0,1.0,50,3.0,34.581356048583984
C1,40,0.5792140446549546,28.0,20.299999999999997,2,2.799999952316284,42.0,1.0,50,2.0,33.015480041503906
C1,41,0.5192329421311199,38.9,26.8,2,12.399999618530273,90.0,1.0,90,3.0,33.14262008666992
C1,42,0.5704982114457937,42.9,29.6,2,24.799999237060547,138.0,1.0,70,3.0,32.818904876708984
C1,43,0.5974375370135838,32.300000000000004,22.599999999999998,2,2.4000000953674316,24.0,1.0,70,1.0,33.02467727661133
C1,44,0.6118595777218265,27.900000000000002,21.0,2,5.400000095367432,44.0,1.0,90,2.0,32.08147430419922
C1,45,-0.0061252793386551915,179.10000000000002,91.6,1,81.5999984741211,113.0,1.0,70,1.0,40.448883056640625
C1,46,-0.44595146883196407,184.4,79.8,6,172.8000030517578,496.0,1.0,70,2.0,75.33599853515625
C1,47,0.3471033259749602,48.9,29.9,12,98.16666412353516,924.0,1.0,70,3.0,134.40159606933594
C1,48,0.11040403416083036,27.7,19.400000000000002,29,4.055172443389893,144.0,1.0,30,2.0,164.37429809570312
C1,49,0.6879192297444429,22.700000000000003,18.599999999999998,29,3.5172414779663086,174.0,1.0,70,3.0,157.0245819091797
C1,50,0.7232523297188151,25.6,19.0,29,3.3241379261016846,138.0,1.0,50,2.0,120.74807739257812
C1,51,0.8502662082099555,17.8,17.7,29,1.4068965911865234,108.0,1.0,30,3.0,94.18218231201172
C1,52,0.6856090763364937,23.0,18.599999999999998,29,3.7103447914123535,174.0,1.0,70,3.0,78.24264526367188
C1,53,-0.442919835612456,32.2,21.0,3,1.8068965673446655,88.0,1.0,70,2.0,65.34558868408203
C1,54,0.6029952883223347,40.0,27.900000000000002,3,26.266666412353516,168.0,1.0,70,3.0,60.274017333984375
C1,55,0.5983542036802505,32.2,20.5,3,2.4000000953674316,27.0,1.0,70,1.0,53.09774398803711
C1,56,0.6130799853721205,49.3,35.0,3,50.400001525878906,195.0,1.0,30,3.0,51.59197998046875
C1,57,0.5560723247499416,37.8,25.4,3,6.266666889190674,44.0,1.0,70,1.0,49.08852005004883
C1,58,0.6311238686654335,28.5,19.400000000000002,3,1.8666666746139526,24.0,1.0,70,1.0,47.18644714355469
C1,59,0.5665588067842846,32.7,21.9,3,4.0,35.0,1.0,90,1.0,42.04520034790039
C1,60,0.6286619569297051,37.199999999999996,24.2,3,6.266666889190674,46.0,1.0,50,1.0,39.22711944580078
C1,61,0.7430833333333333,39.300000000000004,28.1,3,20.266666412353516,118.0,1.0,30,2.0,42.202938079833984
C1,62,0.7365584352413217,35.4,26.0,2,10.800000190734863,72.0,1.0,30,2.0,44.12176513671875
C1,63,0.6419979640034924,48.300000000000004,33.5,3,40.400001525878906,174.0,1.0,30,3.0,46.8730583190918
C1,64,0.5867683760041952,38.9,26.8,3,19.46666717529297,144.0,1.0,70,3.0,47.057167053222656
C1,65,0.71995034346269,38.6,25.5,3,12.266666412353516,88.0,1.0,30,2.0,48.23430252075195
C1,66,0.6565188600825871,33.4,23.5,3,4.5333333015441895,35.0,1.0,50,1.0,45.8739128112793
C1,67,0.70275,43.7,28.9,3,21.600000381469727,150.0,1.0,30,3.0,44.72434997558594
C1,68,0.5706105815614233,37.900000000000006,24.7,3,11.866666793823242,90.0,1.0,70,2.0,44.16794204711914
C1,69,0.5873939483375689,42.6,28.8,3,28.266666412353516,174.0,1.0,70,3.0,46.90076446533203
C1,70,0.6044749041412822,28.5,19.7,3,3.3333332538604736,42.0,1.0,90,2.0,44.67379379272461
C1,71,0.604628606849272,45.3,31.3,3,38.13333511352539,207.0,1.0,70,3.0,46.5376091003418
C1,72,0.6996406626870005,18.0,17.4,2,1.2000000476837158,19.0,1.0,70,1.0,42.45589828491211
C1,73,0.48993618398316685,50.0,17.6,2,0.800000011920929,8.0,1.0,50,1.0,38.27354049682617
C1,74,0.707227990750287,17.7,17.4,2,1.0,13.0,1.0,70,1.0,28.297456741333008
C1,75,0.6812893625812153,17.8,17.6,2,2.0,30.0,1.0,90,2.0,21.778474807739258
C1,76,0.6052630835182629,32.2,21.9,2,5.400000095367432,56.0,1.0,70,2.0,20.533750534057617
C1,77,0.6776828056481412,17.8,17.6,1,6.800000190734863,57.0,1.0,90,3.0,20.586917877197266
C1,78,0.14641759496154363,122.80000000000001,63.9,2,57.400001525878906,148.0,1.0,70,2.0,28.485483169555664
C1,79,0.4894059980297054,45.0,30.8,2,26.0,147.0,1.0,90,3.0,36.02462387084961
C1,80,0.25940372968555764,75.0,40.599999999999994,2,48.599998474121094,186.0,1.0,70,3.0,46.28144073486328
C1,81,0.557796722721651,48.2,34.4,2,13.399999618530273,55.0,1.0,50,1.0,49.902198791503906
C1,82,0.046254565664902825,116.1,63.6,2,44.20000076293945,107.0,1.0,90,1.0,59.807987213134766
C1,83,0.660573094442586,32.300000000000004,21.5,2,3.0,25.0,1.0,50,1.0,60.81812286376953
C1,84,0.5706095777218264,32.4,21.5,2,5.400000095367432,48.0,1.0,90,2.0,57.29087448120117
C1,85,0.040947180365099214,96.9,45.1,6,50.900001525878906,202.0,1.0,30,2.0,54.3745231628418
C1,86,0.6157509951006561,45.400000000000006,30.8,6,21.0,125.0,1.0,50,1.0,65.95804595947266
C1,87,0.6355045746673136,28.1,19.8,6,2.200000047683716,38.0,1.0,70,1.0,74.77482604980469
C1,88,0.6538607916174322,23.099999999999998,18.599999999999998,6,3.200000047683716,84.0,1.0,90,3.0,70.3315658569336
C1,89,0.5524488711280877,36.4,25.3,6,18.733333587646484,154.0,1.0,90,2.0,61.26560592651367
C1,90,0.558143818597354,39.5,26.599999999999998,4,17.46666717529297,150.0,1.0,70,2.0,60.759361267089844
C1,91,0.2221917428195902,88.8,46.1,2,33.733333587646484,107.0,1.0,50,1.0,70.98895263671875
C1,92,0.2495,88.0,43.0,4,27.100000381469727,117.0,1.0,30,1.0,82.46003723144531
C1,93,0.3012251957678513,54.9,36.6,4,25.0,111.0,1.0,50,1.0,94.14269256591797
C1,94,0.2070090300177236,57.5,37.400000000000006,4,44.099998474121094,200.0,1.0,90,1.0,113.55227661132812
C1,95,0.3112500615354565,50.4,36.8,4,44.400001525878906,200.0,1.0,70,2.0,122.93136596679688
C1,96,0.21959762344831366,60.8,37.900000000000006,4,29.399999618530273,133.0,1.0,70,1.0,131.49215698242188
C1,97,0.3169629450929673,62.6,37.0,5,100.30000305175781,462.0,1.0,90,2.0,140.761962890625
C1,98,0.6014389676532382,48.099999999999994,31.4,6,25.600000381469727,165.0,1.0,50,1.0,154.99050903320312
C1,99,0.6593559641170779,44.1,30.200000000000003,6,29.200000762939453,184.0,1.0,50,1.0,170.32763671875
C1,100,-0.015435407684189821,37.6,24.299999999999997,25,42.04800033569336,870.0,1.0,30,3.0,187.39657592773438
C1,101,0.7504208983590066,31.4,20.400000000000002,25,22.54400062561035,540.0,1.0,50,2.0,211.63795471191406
C1,102,0.6799785466272888,30.200000000000003,20.2,25,43.040000915527344,1044.0,1.0,90,2.0,271.24945068359375
C1,103,0.6967124241349589,29.8,20.6,25,6.320000171661377,148.0,1.0,50,1.0,288.0830078125
C1,104,0.7281485076287074,31.6,20.6,25,17.648000717163086,429.0,1.0,50,3.0,281.2497863769531
C1,105,0.4961677474299502,28.400000000000002,20.0,20,2.9600000381469727,81.0,1.0,50,1.0,218.34988403320312
C1,106,0.6222406670077456,32.2,21.7,20,11.65999984741211,234.0,1.0,70,2.0,176.47659301757812
C1,107,0.7729248618080982,31.9,21.3,20,29.700000762939453,582.0,1.0,50,3.0,158.15261840820312
C1,108,0.35668149049674247,33.300000000000004,23.3,12,9.233333587646484,107.0,1.0,50,1.0,150.62490844726562
C1,109,0.6161617366286007,32.099999999999994,21.6,12,9.233333587646484,156.0,1.0,70,2.0,140.9082794189453
C1,110,0.8520199823739097,17.7,17.7,12,1.8333333730697632,87.0,1.0,30,3.0,113.07830047607422
C1,111,0.786385367119059,28.6,20.1,12,5.133333206176758,108.0,1.0,30,2.0,89.31364440917969
C1,112,0.7008168765162149,28.0,19.599999999999998,11,5.233333110809326,110.0,1.0,50,2.0,71.98818969726562
C1,113,0.02890083489511558,50.1,34.2,4,23.600000381469727,110.0,1.0,50,1.0,72.39291381835938
C1,114,0.6276872499344267,48.9,33.300000000000004,6,60.79999923706055,333.0,1.0,50,3.0,80.23574829101562
C1,115,0.6100029762431279,27.799999999999997,19.599999999999998,6,2.2666666507720947,39.0,1.0,90,1.0,82.80811309814453
C1,116,0.748132651420914,22.3,18.1,6,1.9333332777023315,52.0,1.0,50,2.0,73.15153503417969
C1,117,0.5963568530943734,43.9,30.0,6,13.199999809265137,97.0,1.0,50,1.0,65.49092102050781
C1,118,0.8507871681276075,17.9,17.3,6,1.5333333015441895,54.0,1.0,30,3.0,58.09455108642578
C1,119,0.5868186650310507,17.7,17.3,3,0.800000011920929,22.0,1.0,70,2.0,51.65673065185547
C1,120,0.5727547725551173,50.0,17.3,3,0.800000011920929,6.0,1.0,30,1.0,35.66070556640625
C1,121,0.5702254734509513,32.300000000000004,20.7,3,4.0,54.0,1.0,90,2.0,27.263090133666992
C1,122,0.7079176413816246,17.7,17.4,3,1.3333333730697632,26.0,1.0,70,2.0,22.491188049316406
C1,123,0.8447685509003341,17.5,17.3,1,4.0,36.0,1.0,30,3.0,20.42804527282715
C1,124,0.6067177140953682,33.0,25.4,1,8.800000190734863,48.0,1.0,70,2.0,18.7901611328125
C1,125,0.6826224492010974,17.9,17.5,1,3.5999999046325684,28.0,1.0,90,2.0,17.940763473510742
C1,126,0.48399698214701226,43.8,34.0,1,18.399999618530273,68.0,1.0,90,2.0,20.364458084106445
C1,127,0.7542722991527153,32.300000000000004,25.3,1,5.599999904632568,28.0,1.0,30,1.0,22.352008819580078
C1,128,0.3469,58.4,42.2,1,47.599998474121094,147.0,1.0,50,3.0,28.211204528808594
C1,129,0.6819403678361281,17.8,17.4,1,2.799999952316284,22.0,1.0,90,2.0,28.660057067871094
C1,130,0.709325018440201,17.9,17.5,1,2.0,12.0,1.0,70,1.0,26.79603385925293
C1,131,0.541609029349174,43.1,32.9,1,17.600000381469727,70.0,1.0,70,2.0,23.81095314025879
C1,132,0.8607685509003341,17.8,17.7,1,4.0,36.0,1.0,30,3.0,22.15323829650879
C1,133,0.7836265182647975,17.9,17.6,1,5.599999904632568,48.0,1.0,50,3.0,21.691944122314453
C1,134,0.5777214814393627,32.4,26.1,1,11.600000381469727,60.0,1.0,90,3.0,19.4151668548584
C1,135,0.6826224492010974,17.9,17.6,1,3.5999999046325684,32.0,1.0,90,2.0,18.582433700561523
C1,136,0.7778108875812962,32.599999999999994,26.200000000000003,1,13.199999809265137,66.0,1.0,30,3.0,18.882793426513672
C1,137,0.8685539631541367,17.9,17.6,1,6.0,51.0,1.0,30,3.0,18.663009643554688
C1,138,0.5611157649935758,33.5,26.1,1,6.0,28.0,1.0,90,1.0,20.131139755249023
C1,139,0.7110637162504144,18.0,17.6,1,2.799999952316284,20.0,1.0,70,2.0,19.412015914916992
C1,140,0.7137749141875284,17.9,17.5,1,4.0,28.0,1.0,70,2.0,18.580543518066406
C1,141,0.6863231060107621,32.599999999999994,26.8,1,10.0,52.0,1.0,50,2.0,17.814992904663086
C1,142,0.7804148819201024,17.9,17.5,1,4.800000190734863,34.0,1.0,50,2.0,18.28899574279785
C1,143,0.7724573713191895,32.5,25.6,1,11.199999809265137,60.0,1.0,30,3.0,19.373397827148438
C1,144,0.7741013474818902,17.6,17.3,1,3.200000047683716,24.0,1.0,50,2.0,18.157371520996094
C1,145,0.6658315485867691,32.5,26.1,1,4.800000190734863,27.0,1.0,50,1.0,18.761089324951172
C1,146,0.18954018642770662,77.60000000000001,44.5,1,13.199999809265137,41.0,1.0,50,1.0,21.923320770263672
C1,147,0.5799144242015403,32.599999999999994,25.1,1,14.399999618530273,75.0,1.0,90,3.0,25.553993225097656
C1,148,0.5753569016078314,32.599999999999994,26.4,1,11.199999809265137,60.0,1.0,90,3.0,26.799062728881836
C1,149,0.4919406738705763,44.1,33.2,1,23.600000381469727,90.0,1.0,90,3.0,26.079437255859375
C1,150,0.5805411828600606,32.4,26.3,1,13.600000381469727,66.0,1.0,90,3.0,25.247661590576172
C1,151,0.1789402959822446,92.60000000000001,54.4,1,20.399999618530273,53.0,1.0,50,1.0,29.148597717285156
C1,152,0.8559587577917702,17.7,17.4,1,2.799999952316284,18.0,1.0,30,1.0,29.889158248901367
C1,153,0.7137749141875284,17.6,17.3,1,4.0,32.0,1.0,70,2.0,29.53349494934082
C1,154,0.772547377988288,17.7,17.3,1,2.799999952316284,18.0,1.0,50,1.0,24.653430938720703
C1,155,0.5756068886171226,32.300000000000004,25.7,1,9.199999809265137,46.0,1.0,90,2.0,22.392057418823242
C1,156,0.682981962023386,43.8,33.300000000000004,1,16.0,60.0,1.0,30,2.0,22.901901245117188
C1,157,0.6306237116231987,32.5,25.9,1,15.199999809265137,81.0,1.0,70,3.0,24.407808303833008
C1,158,0.6302283155703491,32.4,25.1,1,14.800000190734863,75.0,1.0,70,3.0,25.578018188476562
C1,159,0.23454050408809457,91.89999999999999,47.6,2,61.20000076293945,177.0,1.0,50,3.0,30.14681053161621
C1,160,0.10767571628543052,113.10000000000001,47.199999999999996,4,99.33333587646484,300.0,1.0,70,3.0,42.62141799926758
C1,161,0.6392423486224524,43.6,29.0,6,26.799999237060547,188.0,1.0,50,2.0,59.30618667602539
C1,162,0.6541635249995925,44.2,29.8,6,48.0,306.0,1.0,70,2.0,81.85037994384766
C1,163,0.5784928308565641,33.7,23.5,10,4.840000152587891,75.0,1.0,30,1.0,92.0435562133789
C1,164,0.6026872061785012,33.099999999999994,23.3,10,7.639999866485596,89.0,1.0,70,1.0,97.49280548095703
C1,165,0.6058544071871825,33.8,24.2,10,11.079999923706055,114.0,1.0,70,1.0,95.56234741210938
C1,166,0.7366490856189085,37.900000000000006,24.9,10,55.84000015258789,585.0,1.0,70,3.0,110.4040756225586
C1,167,0.5916390410311794,37.400000000000006,24.9,10,36.959999084472656,381.0,1.0,90,3.0,124.37577819824219
C1,168,0.5562277457244144,37.900000000000006,25.4,8,32.400001525878906,294.0,1.0,90,3.0,130.62547302246094
C1,169,0.648930887173277,39.1,26.8,8,35.20000076293945,282.0,1.0,70,2.0,127.17527770996094
C1,170,0.580906058303392,35.1,24.2,8,6.300000190734863,73.0,1.0,70,1.0,117.90516662597656
C1,171,0.5486424624066841,39.0,26.9,7,10.550000190734863,99.0,1.0,70,1.0,112.47643280029297
C1,172,0.7119166666666666,42.7,28.0,7,37.599998474121094,270.0,1.0,30,3.0,102.41919708251953
C1,173,0.7608698455978969,33.300000000000004,24.0,9,15.11111068725586,174.0,1.0,30,2.0,98.25151824951172
C1,174,0.5987271264920667,34.1,24.400000000000002,9,9.55555534362793,99.0,1.0,70,1.0,95.75090789794922
C1,175,0.6645823482353164,33.4,24.1,9,6.5333333015441895,77.0,1.0,50,1.0,92.5172119140625
C1,176,0.5969437793344655,38.199999999999996,25.7,9,40.488887786865234,381.0,1.0,90,3.0,95.91032409667969
C1,177,0.5790554689197005,38.4,26.0,9,35.9555549621582,336.0,1.0,90,3.0,99.67952728271484
C1,178,0.39249039770338895,38.1,25.3,5,25.933332443237305,237.0,1.0,90,3.0,102.20771789550781
C1,179,0.49849999999999994,39.800000000000004,27.3,11,39.23636245727539,426.0,1.0,30,3.0,105.7246322631836
C1,180,0.763561964958155,34.4,24.2,11,33.9636344909668,366.0,1.0,50,3.0,109.1681137084961
C1,181,0.5780135573843758,33.9,24.5,11,20.10909080505371,208.0,1.0,90,2.0,114.56753540039062
C1,182,0.6207972052780539,34.2,24.5,11,16.909090042114258,173.0,1.0,70,1.0,121.94052124023438
C1,183,0.7722284122549274,34.4,24.2,11,17.236364364624023,185.0,1.0,30,1.0,134.76431274414062
C1,184,0.7635039591920083,33.7,24.1,9,37.599998474121094,414.0,1.0,50,3.0,146.99192810058594
C1,185,0.6753333333333333,33.6,23.599999999999998,12,25.33333396911621,306.0,1.0,30,3.0,144.86181640625
C1,186,0.6789229751674521,33.300000000000004,23.599999999999998,12,9.766666412353516,110.0,1.0,50,1.0,133.58375549316406
C1,187,0.6572143119858095,34.1,23.900000000000002,12,26.299999237060547,308.0,1.0,70,2.0,128.95025634765625
C1,188,0.717734962747226,33.300000000000004,23.7,12,38.86666488647461,477.0,1.0,70,3.0,133.77015686035156
C1,189,0.7537171390670828,33.300000000000004,23.400000000000002,12,47.900001525878906,585.0,1.0,70,3.0,147.99542236328125
C1,190,0.4178192141244195,37.3,24.9,9,15.033333778381348,172.0,1.0,90,1.0,158.9305877685547
C1,191,0.6506552044087812,38.6,25.8,9,14.533333778381348,128.0,1.0,50,1.0,161.3583526611328
C1,192,0.7282247800767162,38.5,25.6,9,34.75555419921875,321.0,1.0,50,3.0,151.08168029785156
C1,193,0.6630972592916743,33.9,24.299999999999997,9,7.288888931274414,85.0,1.0,50,1.0,133.315673828125
C1,194,0.7153056342312364,38.5,26.3,7,35.900001525878906,309.0,1.0,50,3.0,119.32273864746094
C1,195,0.6109282093803909,39.5,27.900000000000002,7,27.08571434020996,200.0,1.0,70,2.0,109.99364471435547
C1,196,0.6652822883537002,40.7,28.2,7,42.57143020629883,324.0,1.0,70,3.0,107.46285247802734
C1,197,0.6061583715965062,38.3,25.8,10,13.399999618530273,137.0,1.0,30,1.0,110.47771453857422
C1,198,0.7218878015621178,38.199999999999996,25.2,10,11.720000267028809,117.0,1.0,30,1.0,114.55329132080078
C1,199,0.6780150255953683,32.0,21.2,10,6.679999828338623,118.0,1.0,50,2.0,110.4653091430664
C1,200,0.7935,33.8,24.0,10,25.600000381469727,285.0,1.0,30,3.0,102.41252136230469
C1,201,0.7623333333333333,37.199999999999996,24.8,10,32.08000183105469,318.0,1.0,30,3.0,96.11418151855469
C1,202,0.5901263418158752,35.2,24.5,10,10.079999923706055,103.0,1.0,70,1.0,98.20184326171875
C1,203,0.6308994499193,32.599999999999994,22.3,10,15.5600004196167,228.0,1.0,70,3.0,96.92110443115234
C1,204,0.7346312358402094,36.1,24.8,10,9.760000228881836,100.0,1.0,30,1.0,95.3526611328125
C1,205,0.6155264315843572,34.6,24.1,10,16.440000534057617,182.0,1.0,70,2.0,92.81159973144531
C1,206,0.40769186028332,33.5,24.1,6,11.640000343322754,115.0,1.0,90,1.0,96.4869613647461
C1,207,0.6733869306304927,44.1,29.4,6,13.533333778381348,92.0,1.0,30,1.0,97.6255111694336
C1,208,0.6783353972487541,39.199999999999996,27.2,6,22.399999618530273,174.0,1.0,50,2.0,97.77530670166016
C1,209,0.3012,69.2,37.0,4,66.4000015258789,300.0,1.0,70,3.0,95.86518096923828
C1,210,0.5618793484715933,35.6,24.7,9,17.511110305786133,210.0,1.0,30,3.0,91.78577423095703
C1,211,0.6026319430903375,32.599999999999994,22.700000000000003,9,5.8222222328186035,76.0,1.0,70,1.0,87.87146759033203
C1,212,0.7513333333333333,38.4,25.8,9,54.266666412353516,516.0,1.0,50,3.0,95.12287902832031
C1,213,0.5769237615039412,38.6,26.1,9,35.86666488647461,336.0,1.0,90,2.0,112.54039764404297
C1,214,0.6618909569757884,35.0,24.400000000000002,9,9.422222137451172,95.0,1.0,50,1.0,125.52423858642578
C1,215,0.7215581698324759,38.1,25.7,9,31.33333396911621,292.0,1.0,50,2.0,129.84786987304688
C1,216,0.7494999999999999,38.6,26.1,9,44.93333435058594,418.0,1.0,50,2.0,137.90872192382812
C1,217,0.7522500000000001,38.3,25.7,9,52.844444274902344,474.0,1.0,50,2.0,161.67857360839844
C1,218,0.566007618474168,38.1,25.2,9,30.933332443237305,277.0,1.0,90,1.0,193.40713500976562
C1,219,0.7422241431889219,37.900000000000006,25.4,9,38.13333511352539,360.0,1.0,50,2.0,208.57762145996094
C1,220,0.6807292270262649,38.1,25.6,9,40.53333282470703,375.0,1.0,70,3.0,202.74656677246094
C1,221,0.6661666666666668,34.6,24.400000000000002,12,23.366666793823242,278.0,1.0,30,2.0,180.8479461669922
C1,222,0.7654388766542366,33.5,24.0,12,31.866666793823242,388.0,1.0,50,2.0,169.575439453125
C1,223,0.7131516374733119,33.8,23.8,12,18.866666793823242,220.0,1.0,50,2.0,160.81192016601562
C1,224,0.6363865269595272,33.7,23.3,12,20.0,232.0,1.0,70,2.0,152.48715209960938
C1,225,0.6796217600074175,33.5,23.5,12,50.36666488647461,597.0,1.0,90,3.0,148.15896606445312
C1,226,0.7800889676972754,33.4,23.7,12,36.70000076293945,441.0,1.0,50,3.0,150.49537658691406
C1,227,0.6890427115685138,33.4,23.5,12,52.36666488647461,630.0,1.0,90,3.0,164.43055725097656
C1,228,0.6991497020827103,34.4,24.2,12,36.86666488647461,432.0,1.0,70,3.0,165.4583282470703
C1,229,0.6987758181361403,33.6,23.7,12,15.066666603088379,188.0,1.0,50,1.0,171.5416717529297
C1,230,0.7714314460640445,33.8,23.8,12,34.79999923706055,422.0,1.0,50,2.0,175.3249969482422
C1,231,0.6127158356597283,34.5,24.6,9,45.2400016784668,470.0,1.0,70,2.0,189.72833251953125
C1,232,0.7540833333333333,38.1,25.8,9,43.64444351196289,399.0,1.0,50,3.0,191.03700256347656
C1,233,0.5291588363225528,39.0,26.1,9,19.0222225189209,181.0,1.0,90,1.0,187.82220458984375
C1,234,0.5312451942953621,38.800000000000004,26.200000000000003,9,19.155555725097656,176.0,1.0,90,1.0,178.0266571044922
C1,235,0.7531666666666668,38.199999999999996,25.4,9,42.66666793823242,408.0,1.0,50,2.0,181.61599731445312
C1,236,0.7522500000000001,38.3,25.4,9,40.488887786865234,364.0,1.0,50,2.0,183.90292358398438
C1,237,0.5268529192278383,38.199999999999996,25.4,9,13.244444847106934,117.0,1.0,90,1.0,177.40841674804688
C1,238,0.5816421139421236,36.900000000000006,25.0,13,45.68888854980469,417.0,1.0,30,3.0,164.8450469970703
C1,239,0.784538617462807,32.9,22.9,13,36.64615249633789,471.0,1.0,50,3.0,153.97369384765625
C1,240,0.7460223009865716,33.2,23.0,13,25.600000381469727,338.0,1.0,50,2.0,154.38421630859375
C1,241,0.6430195144210886,33.300000000000004,23.099999999999998,13,20.799999237060547,267.0,1.0,70,1.0,171.69720458984375
C1,242,0.5001152862243761,32.800000000000004,22.4,19,76.83077239990234,996.0,1.0,50,3.0,205.41831970214844
C1,243,0.19185927736051062,28.5,19.8,35,19.78285789489746,648.0,1.0,30,3.0,231.91766357421875
C1,244,0.8065684862897599,27.7,19.5,35,28.31999969482422,951.0,1.0,50,3.0,254.4839324951172
C1,245,0.7163009806801097,27.400000000000002,19.3,35,25.7257137298584,852.0,1.0,70,3.0,261.6236877441406
C1,246,0.782764124860726,28.0,19.599999999999998,35,22.834285736083984,753.0,1.0,50,3.0,270.57421875
C1,247,0.800393884310972,27.900000000000002,19.8,35,7.1314287185668945,236.0,1.0,30,1.0,265.14453125
C1,248,0.2975982524224052,28.5,20.1,26,32.13846206665039,819.0,1.0,90,3.0,260.4200439453125
C1,249,0.7843028918180343,30.099999999999998,20.5,26,28.24615478515625,747.0,1.0,50,3.0,257.3186950683594
C1,250,0.6540114556568644,29.8,20.6,26,14.784615516662598,374.0,1.0,70,2.0,248.92454528808594
C1,251,0.8021904529823745,29.9,20.400000000000002,26,33.07692337036133,849.0,1.0,50,3.0,245.22140502929688
C1,252,0.29421872414789335,32.300000000000004,21.7,17,21.341176986694336,360.0,1.0,70,2.0,233.79949951171875
C1,253,0.7579493781794765,32.7,22.2,17,27.552940368652344,465.0,1.0,50,3.0,222.67970275878906
C1,254,0.7203789578269304,32.599999999999994,22.4,17,17.976470947265625,300.0,1.0,50,2.0,198.2744903564453
C1,255,0.6075281986387807,32.4,21.9,17,7.035294055938721,120.0,1.0,70,1.0,175.63136291503906
C1,256,0.5183672693293635,32.300000000000004,22.0,13,7.435294151306152,116.0,1.0,50,1.0,156.84548950195312
C1,257,0.6443410095212163,35.8,24.8,10,19.479999542236328,200.0,1.0,30,2.0,138.90728759765625
C1,258,0.7504323085848734,35.1,24.7,10,31.760000228881836,327.0,1.0,50,3.0,126.67770385742188
C1,259,0.5360878495939083,38.800000000000004,26.4,7,36.228572845458984,288.0,1.0,70,3.0,116.67329406738281
C1,260,0.5707636831729073,42.5,28.0,7,43.94285583496094,339.0,1.0,90,3.0,112.40397644042969
C1,261,0.5433832386045814,43.8,28.5,7,19.885713577270508,145.0,1.0,70,1.0,114.64238739013672
C1,262,0.6041865113499547,43.5,28.8,7,34.17142868041992,254.0,1.0,70,2.0,120.11876678466797
C1,263,0.7113324736195418,40.2,27.3,8,17.350000381469727,146.0,1.0,30,1.0,127.8045883178711
C1,264,0.6963382873161944,39.4,27.2,8,27.5,224.0,1.0,50,2.0,128.01608276367188
C1,265,0.604053817647677,39.699999999999996,27.0,8,25.850000381469727,218.0,1.0,70,2.0,125.74298858642578
C1,266,0.7430833333333333,39.300000000000004,27.3,8,32.54999923706055,270.0,1.0,30,2.0,122.91246032714844
C1,267,0.6026115358292906,38.9,26.9,8,43.650001525878906,369.0,1.0,90,3.0,122.6808090209961
C1,268,0.6366300560549844,39.6,27.2,8,13.399999618530273,109.0,1.0,50,1.0,122.54181671142578
C1,269,0.7298333333333333,39.0,26.5,10,35.849998474121094,300.0,1.0,30,3.0,117.79175567626953
C1,270,0.7238680061322553,35.9,24.6,10,26.280000686645508,291.0,1.0,50,3.0,111.47505187988281
C1,271,0.7073779915060103,35.8,25.1,10,21.8799991607666,218.0,1.0,50,2.0,107.6850357055664
C1,272,0.6309180603994511,33.099999999999994,22.5,10,16.920000076293945,231.0,1.0,70,3.0,102.34435272216797
C1,273,0.6905552315813018,32.599999999999994,22.5,10,11.0,148.0,1.0,50,2.0,96.07328033447266
C1,274,0.6862897197230308,32.2,21.2,10,9.119999885559082,136.0,1.0,50,2.0,86.84396362304688
C1,275,0.5478126965051998,38.4,25.2,6,8.133333206176758,72.0,1.0,30,1.0,80.63971710205078
C1,276,0.6911125000652236,39.6,27.5,4,31.1200008392334,228.0,1.0,50,3.0,77.18383026123047
C1,277,0.5058694818692078,40.0,27.900000000000002,4,9.899999618530273,66.0,1.0,90,1.0,74.8436279296875
C1,278,0.34769999999999995,55.199999999999996,36.3,3,56.13333511352539,240.0,1.0,50,3.0,74.50617980957031
C1,279,0.6331666666666668,38.199999999999996,25.8,6,24.733333587646484,222.0,1.0,30,3.0,74.03704071044922
C1,280,0.5422168605888185,38.800000000000004,26.1,6,24.33333396911621,216.0,1.0,90,3.0,74.55555725097656
C1,281,0.6738978015010709,45.1,30.4,6,37.13333511352539,240.0,1.0,50,2.0,80.20000457763672
C1,282,0.5158594635088983,38.699999999999996,26.1,6,8.266666412353516,71.0,1.0,90,1.0,83.1866683959961
C1,283,0.69175,44.900000000000006,30.099999999999998,6,51.599998474121094,327.0,1.0,50,3.0,89.91200256347656
C1,284,0.5650147820406258,34.5,24.0,11,14.800000190734863,184.0,1.0,30,2.0,90.2138671875
C1,285,0.6166728846523158,32.599999999999994,22.2,11,11.018181800842285,158.0,1.0,70,2.0,91.46165466308594
C1,286,0.5663447027956524,33.2,23.0,11,8.327272415161133,96.0,1.0,90,1.0,90.47698974609375
C1,287,0.7953333333333333,33.6,23.599999999999998,11,22.727272033691406,276.0,1.0,30,3.0,89.88619232177734
C1,288,0.5755697322484971,32.4,22.1,11,9.92727279663086,154.0,1.0,90,2.0,89.26505279541016
C1,289,0.6556464556479572,32.2,22.1,9,5.563636302947998,78.0,1.0,50,1.0,86.49236297607422
C1,290,0.6597012885060959,35.3,24.5,9,9.55555534362793,91.0,1.0,50,1.0,84.69541931152344
C1,291,0.7426666666666666,37.6,25.4,11,36.71111297607422,351.0,1.0,30,3.0,88.9505844116211
C1,292,0.7051024356695185,32.7,22.3,11,14.618182182312012,213.0,1.0,50,3.0,90.57035064697266
C1,293,0.7135745688336421,33.099999999999994,22.8,11,17.454545974731445,240.0,1.0,50,3.0,90.07554626464844
C1,294,0.5994955088579248,32.7,22.599999999999998,11,4.909090995788574,73.0,1.0,70,1.0,83.91199493408203
C1,295,0.6662364986222898,32.0,21.0,11,3.7454545497894287,64.0,1.0,50,1.0,79.28053283691406
C1,296,0.40243646518049675,33.4,23.599999999999998,7,6.400000095367432,87.0,1.0,90,1.0,77.43498229980469
C1,297,0.5694171030202355,42.5,27.2,4,34.0,216.0,1.0,50,3.0,76.19432067871094
C1,298,0.6431168624345179,43.3,29.3,3,25.0,156.0,1.0,50,2.0,77.31659698486328
C1,299,0.50869101630302,49.7,33.7,6,44.08000183105469,255.0,1.0,30,3.0,77.7232894897461
C1,300,0.6712127385367235,39.5,27.2,6,21.33333396911621,166.0,1.0,50,2.0,79.43397521972656
C1,301,0.6830833333333334,44.1,29.7,8,37.66666793823242,242.0,1.0,30,2.0,86.19371795654297
C1,302,0.6360452651298597,38.199999999999996,25.5,8,30.25,273.0,1.0,70,3.0,91.049560546875
C1,303,0.772287025548108,34.5,24.2,8,17.649999618530273,168.0,1.0,30,2.0,94.09640502929688
C1,304,0.5339277481333344,37.6,24.400000000000002,8,14.300000190734863,158.0,1.0,90,2.0,90.32450866699219
C1,305,0.5578991583736996,38.800000000000004,26.1,8,30.350000381469727,276.0,1.0,90,3.0,88.1947021484375
C1,306,0.5250060589405565,38.1,25.5,8,11.25,97.0,1.0,90,1.0,88.65015411376953
C1,307,0.7775049705465452,33.6,24.0,8,16.399999618530273,166.0,1.0,30,2.0,89.4567642211914
C1,308,0.585406461324331,39.699999999999996,27.5,5,10.880000114440918,81.0,1.0,30,1.0,88.47406005859375
C1,309,0.6229294069041313,39.699999999999996,27.400000000000002,5,30.399999618530273,225.0,1.0,70,3.0,84.95110321044922
C1,310,0.6418582765285401,47.0,31.099999999999998,5,31.920000076293945,190.0,1.0,50,2.0,84.43732452392578
C1,311,0.6633333333333332,48.0,32.4,5,54.400001525878906,292.0,1.0,50,2.0,92.79573059082031
C1,312,0.46360418744551557,48.4,32.7,5,28.079999923706055,155.0,1.0,90,1.0,108.4774398803711
C1,313,0.5781198692322254,48.5,32.5,5,58.79999923706055,321.0,1.0,90,3.0,119.48646545410156
C1,314,0.5133759018891022,38.699999999999996,26.1,10,10.520000457763672,104.0,1.0,30,1.0,120.49187469482422
C1,315,0.7510218186108413,33.9,23.8,10,8.680000305175781,96.0,1.0,30,1.0,113.22846221923828
C1,316,0.7388730022181405,37.400000000000006,24.7,10,34.959999084472656,357.0,1.0,50,3.0,110.47040557861328
C1,317,0.6693606583996647,37.6,25.1,10,16.760000228881836,164.0,1.0,50,1.0,116.81558227539062
C1,318,0.7485960873579384,37.5,24.9,10,19.399999618530273,200.0,1.0,30,2.0,121.15601348876953
C1,319,0.6029166666666667,41.5,27.0,7,33.14285659790039,260.0,1.0,30,2.0,125.22694396972656
C1,320,0.6291874243808302,42.4,28.400000000000002,7,17.657142639160156,126.0,1.0,50,1.0,122.60282897949219
C1,321,0.6649714168059947,33.4,23.0,7,6.628571510314941,69.0,1.0,50,1.0,116.89503479003906
C1,322,0.5882500000000002,43.1,28.2,10,38.79999923706055,321.0,1.0,30,3.0,110.4036865234375
C1,323,0.7620609640600313,34.7,25.1,10,14.399999618530273,139.0,1.0,30,1.0,108.2422103881836
C1,324,0.7531666666666668,38.199999999999996,25.3,10,32.08000183105469,328.0,1.0,30,2.0,119.61199188232422
C1,325,0.5542210284997924,34.9,25.0,10,11.15999984741211,115.0,1.0,90,1.0,127.50052642822266
C1,326,0.7641666666666668,37.0,25.2,10,25.760000228881836,254.0,1.0,30,2.0,130.63365173339844
C1,327,0.7843333333333333,34.8,24.7,10,30.559999465942383,306.0,1.0,30,2.0,131.04685974121094
C1,328,0.5535,33.8,23.8,16,38.150001525878906,510.0,1.0,30,3.0,138.62811279296875
C1,329,0.8045,32.599999999999994,22.0,16,24.924999237060547,393.0,1.0,30,3.0,143.710205078125
C1,330,0.5754010401756171,32.5,22.3,16,10.524999618530273,167.0,1.0,90,1.0,148.62611389160156
C1,331,0.6881666666666668,32.2,21.8,19,36.589473724365234,597.0,1.0,30,3.0,155.4423370361328
C1,332,0.6883048624344174,32.2,21.3,19,9.600000381469727,175.0,1.0,50,1.0,165.39874267578125
C1,333,0.685985567840088,31.8,20.7,19,8.168420791625977,178.0,1.0,50,2.0,160.9725799560547
C1,334,0.6654286305591314,31.9,21.3,19,23.30526351928711,417.0,1.0,70,3.0,150.31687927246094
C1,335,0.6948924409476707,32.2,21.8,19,11.1578950881958,202.0,1.0,50,2.0,134.05679321289062
C1,336,0.5475361380594798,32.2,21.4,13,15.326315879821777,278.0,1.0,30,2.0,130.9674072265625
C1,337,0.45396968349268424,33.6,23.900000000000002,10,16.399999618530273,188.0,1.0,90,2.0,123.11377716064453
C1,338,0.5786444065629591,37.199999999999996,24.7,10,12.399999618530273,126.0,1.0,70,1.0,121.73493194580078
C1,339,0.5892369155352076,35.6,24.9,10,31.040000915527344,318.0,1.0,90,3.0,116.50762939453125
C1,340,0.7525,37.400000000000006,24.9,11,31.745454788208008,336.0,1.0,30,2.0,123.23790740966797
C1,341,0.7600645883158227,33.8,24.1,11,31.054546356201172,340.0,1.0,50,2.0,133.1427459716797
C1,342,0.6397209024309578,34.2,24.299999999999997,11,22.10909080505371,239.0,1.0,70,1.0,156.81898498535156
C1,343,0.7861666666666668,34.6,24.299999999999997,11,42.181819915771484,471.0,1.0,50,3.0,169.5580596923828
C1,344,0.6054166666666667,32.5,22.1,16,25.600000381469727,393.0,1.0,30,3.0,172.00149536132812
C1,345,0.5869403739190144,32.5,22.0,16,18.049999237060547,276.0,1.0,90,2.0,160.0009002685547
C1,346,0.5783124695865843,32.800000000000004,22.599999999999998,16,14.550000190734863,232.0,1.0,90,1.0,162.800537109375
C1,347,0.7611413228792808,32.5,22.0,16,27.924999237060547,438.0,1.0,50,3.0,166.48033142089844
C1,348,0.7297046992974442,32.4,22.2,16,19.75,300.0,1.0,50,3.0,163.62152099609375
C1,349,0.3924707074121599,33.300000000000004,23.099999999999998,9,8.225000381469727,134.0,1.0,50,1.0,148.83958435058594
C1,350,0.74675,38.9,26.1,9,43.11111068725586,390.0,1.0,50,3.0,137.8370819091797
C1,351,0.7522500000000001,38.3,25.8,9,47.33333206176758,438.0,1.0,50,3.0,137.36891174316406
C1,352,0.5431722736164266,38.6,26.200000000000003,9,23.955554962158203,218.0,1.0,90,2.0,133.7546844482422
C1,353,0.7425754672319145,38.0,25.6,9,38.71111297607422,357.0,1.0,50,3.0,130.11947631835938
C1,354,0.7504166666666667,38.5,25.8,9,51.06666564941406,471.0,1.0,50,3.0,129.40501403808594
C1,355,-0.747448849803121,32.800000000000004,22.8,45,68.0999984741211,1520.0,1.0,30,2.0,215.77635192871094
C1,356,0.7596637735994413,25.1,19.099999999999998,45,31.084444046020508,1326.0,1.0,70,2.0,340.1324768066406
C1,357,0.790739830918094,24.7,19.0,45,17.49333381652832,724.0,1.0,50,1.0,490.3461608886719
C1,358,0.6521666666666668,27.400000000000002,19.900000000000002,50,54.63999938964844,2436.0,1.0,50,3.0,587.40771484375
C1,359,-0.38108333333333333,22.3,18.5,82,20.419511795043945,1550.0,1.0,30,2.0,660.5779418945312
C1,360,0.7146235497318645,21.8,18.9,82,30.658536911010742,2373.0,1.0,90,3.0,713.4134521484375
C1,361,0.87522212959831,21.7,18.8,82,32.380489349365234,2484.0,1.0,50,3.0,747.248046875
C1,362,0.7913471521929584,21.6,18.4,82,10.990243911743164,827.0,1.0,50,1.0,774.482177734375
C1,363,0.8705725485596167,21.8,18.8,82,31.20975685119629,2403.0,1.0,50,3.0,792.1559448242188
C1,364,-0.45932410583321487,23.8,19.3,53,32.1365852355957,2508.0,1.0,90,3.0,803.826904296875
C1,365,0.8686666666666667,25.6,19.900000000000002,53,44.84528350830078,2373.0,1.0,50,3.0,806.0294799804688
C1,366,0.8741666666666668,25.0,19.7,53,41.15471649169922,2172.0,1.0,50,3.0,797.0843505859375
C1,367,0.8602751097259755,25.2,19.7,53,38.883018493652344,2049.0,1.0,50,3.0,771.3172607421875
C1,368,-0.19116666666666673,23.400000000000002,19.3,80,36.79411697387695,2403.0,1.0,30,3.0,757.1903686523438
C1,369,0.6891314290672522,22.1,18.700000000000003,80,21.55500030517578,1598.0,1.0,90,2.0,758.7142333984375
C1,370,0.9099166666666667,21.1,18.4,80,20.475000381469727,1532.0,1.0,30,2.0,770.6951904296875
C1,371,0.8998333333333334,22.2,19.0,80,31.329999923706055,2352.0,1.0,30,3.0,775.6171264648438
C1,372,0.7803541324813583,20.6,18.3,80,6.150000095367432,435.0,1.0,50,3.0,691.3703002929688
C1,373,0.6817008428444321,18.5,17.9,80,2.509999990463257,231.0,1.0,90,3.0,548.9555053710938
C1,374,0.6598028982019738,22.3,18.5,80,1.4850000143051147,97.0,1.0,90,1.0,371.9066162109375
C1,375,0.6762008428444322,20.6,18.3,80,2.509999990463257,184.0,1.0,90,2.0,258.61065673828125
C1,376,-0.5275718847065438,21.0,18.5,50,2.380000114440918,182.0,1.0,90,2.0,192.49972534179688
C1,377,-1.0809221814870213,33.9,23.5,6,11.103447914123535,330.0,1.0,50,3.0,154.56649780273438
C1,378,0.5843602396604175,44.0,29.2,5,12.479999542236328,81.0,1.0,50,1.0,130.33990478515625
C1,379,0.2966547693376247,50.4,34.3,5,20.799999237060547,112.0,1.0,50,1.0,118.60394287109375
C1,380,0.5034108456384068,40.7,28.400000000000002,5,12.880000114440918,80.0,1.0,90,1.0,107.56236267089844
C1,381,0.4981545981196227,49.3,33.0,5,21.280000686645508,117.0,1.0,70,1.0,105.73741912841797
C1,382,0.7160833333333333,40.5,28.5,7,35.439998626708984,246.0,1.0,30,3.0,100.64244842529297
C1,383,0.5966719617044273,39.6,27.400000000000002,7,23.77142906188965,190.0,1.0,70,2.0,99.5854721069336
C1,384,0.6256877803188383,38.9,25.9,7,9.314285278320312,86.0,1.0,50,1.0,94.81794738769531
C1,385,0.6813424933982559,39.199999999999996,27.3,7,23.14285659790039,186.0,1.0,50,2.0,93.42410278320312
C1,386,0.7550000000000001,38.0,25.4,7,29.885713577270508,267.0,1.0,30,3.0,91.78779602050781
C1,387,0.7334999999999999,38.6,26.5,9,35.08571243286133,282.0,1.0,30,3.0,91.8726806640625
C1,388,0.7237176292038904,38.800000000000004,26.3,9,14.133333206176758,127.0,1.0,30,1.0,96.45693969726562
C1,389,0.6112756960158406,35.5,24.9,9,17.600000381469727,157.0,1.0,70,1.0,108.27416229248047
C1,390,0.4485490453678726,34.9,24.7,16,54.88888931274414,495.0,1.0,30,3.0,124.83116149902344
C1,391,0.6408378473265532,32.9,22.2,19,8.863158226013184,153.0,1.0,30,1.0,138.23202514648438
C1,392,0.8090833333333334,32.099999999999994,21.4,19,21.052631378173828,369.0,1.0,30,3.0,141.7392120361328
C1,393,0.6174436800158373,32.5,21.7,19,10.96842098236084,199.0,1.0,70,1.0,148.37686157226562
C1,394,0.590416665381188,32.0,21.3,19,17.43157958984375,324.0,1.0,90,2.0,153.5594482421875
C1,395,0.6205583085895399,32.0,21.4,19,10.463157653808594,194.0,1.0,70,1.0,166.1356658935547
C1,396,0.5650721349667135,32.599999999999994,22.1,14,29.285715103149414,414.0,1.0,50,2.0,174.74806213378906
C1,397,0.7816049103189817,31.9,21.2,14,12.342857360839844,231.0,1.0,30,3.0,168.58216857910156
C1,398,0.6521366514219488,28.2,20.2,14,9.314285278320312,195.0,1.0,70,3.0,147.68263244628906
C1,399,0.799,33.2,22.9,14,27.22857093811035,378.0,1.0,30,3.0,124.3429183959961
C1,400,0.64175,32.9,22.599999999999998,18,37.31111145019531,546.0,1.0,30,3.0,124.33908081054688
C1,401,0.5918983378568143,32.300000000000004,21.5,18,19.711111068725586,336.0,1.0,90,2.0,138.0701141357422
C1,402,0.79125,32.300000000000004,21.6,20,33.380001068115234,621.0,1.0,30,3.0,157.10873413085938
C1,403,0.578081174131765,31.7,21.2,20,6.460000038146973,118.0,1.0,90,1.0,159.9985809326172
C1,404,0.6864527254585306,32.099999999999994,21.5,20,8.9399995803833,162.0,1.0,50,1.0,160.93247985839844
C1,405,0.6036959681122157,32.099999999999994,21.3,20,24.360000610351562,471.0,1.0,90,3.0,154.82615661621094
C1,406,0.8081666666666668,32.2,21.5,20,24.299999237060547,468.0,1.0,30,3.0,156.22901916503906
C1,407,0.6365902826749925,32.0,21.3,16,18.260000228881836,360.0,1.0,30,3.0,151.4707489013672
C1,408,0.7561851556013526,33.099999999999994,22.8,16,8.074999809265137,119.0,1.0,30,1.0,143.5491180419922
C1,409,0.7111930290869081,32.599999999999994,22.0,16,15.824999809265137,270.0,1.0,50,3.0,129.9961395263672
C1,410,0.7099035984929438,31.7,20.9,16,13.600000381469727,258.0,1.0,50,3.0,117.33101654052734
C1,411,0.6144624653459163,32.2,21.5,16,8.949999809265137,166.0,1.0,70,2.0,104.93194580078125
C1,412,0.3006014685169801,31.7,20.7,9,8.769230842590332,186.0,1.0,90,3.0,93.75916290283203
C1,413,0.4463898720663901,44.6,30.599999999999998,5,17.040000915527344,98.0,1.0,50,1.0,88.65550231933594
C1,414,0.22793128023772188,41.7,27.5,17,41.62352752685547,496.0,1.0,30,2.0,107.59329986572266
C1,415,0.8054166666666667,32.5,22.1,17,72.63529205322266,1232.0,1.0,70,2.0,192.82264709472656
C1,416,0.2945833333333333,31.5,20.7,30,48.0,1378.0,1.0,50,2.0,322.76025390625
C1,417,0.7132546085251639,28.9,20.1,30,48.33333206176758,1406.0,1.0,90,2.0,461.3894958496094
C1,418,-0.6968333333333334,26.200000000000003,19.7,69,34.69032287597656,2010.0,1.0,30,3.0,551.7670288085938
C1,419,0.8961666666666668,22.599999999999998,19.0,69,29.037681579589844,1890.0,1.0,30,3.0,598.1268920898438
C1,420,0.7831653298866091,22.700000000000003,19.0,69,31.437681198120117,2067.0,1.0,70,3.0,624.0761108398438
C1,421,0.61525,22.700000000000003,19.099999999999998,76,33.24736785888672,2229.0,1.0,30,3.0,649.3790283203125
C1,422,0.8998333333333334,22.2,18.8,76,27.56842041015625,1998.0,1.0,30,3.0,669.3607177734375
C1,423,0.7554712358415094,22.3,18.599999999999998,76,23.82631492614746,1683.0,1.0,70,3.0,664.2830810546875
C1,424,0.8154097858315181,22.3,18.4,76,18.121051788330078,1306.0,1.0,50,2.0,649.2365112304688
C1,425,0.816058235878467,22.2,18.2,76,18.05789566040039,1290.0,1.0,50,2.0,637.4085693359375
C1,426,0.86714200266108,21.6,18.2,76,9.642105102539062,680.0,1.0,30,1.0,646.178466796875
C1,427,0.90075,22.1,18.8,76,29.636842727661133,2091.0,1.0,30,3.0,657.3070678710938
C1,428,0.7092450173700684,22.2,18.9,76,30.06315803527832,2154.0,1.0,90,3.0,673.7175903320312
C1,429,0.8286338781367759,22.0,18.4,76,20.61052703857422,1462.0,1.0,50,2.0,690.3638916015625
C1,430,0.826598819196618,22.1,18.599999999999998,76,20.342105865478516,1470.0,1.0,50,2.0,705.4183349609375
C1,431,0.8989166666666667,22.3,19.0,76,30.721052169799805,2217.0,1.0,30,3.0,717.2509765625
C1,432,0.8284591929588625,22.3,18.599999999999998,76,21.231578826904297,1488.0,1.0,50,2.0,726.0839233398438
C1,433,0.8091092620169175,22.0,18.2,76,16.0,1118.0,1.0,50,2.0,707.9170532226562
C1,434,0.8265261662465118,22.0,18.3,76,20.105262756347656,1424.0,1.0,50,2.0,693.4168701171875
C1,435,0.7998663605858812,22.1,18.3,76,14.057894706726074,996.0,1.0,50,3.0,629.783447265625
C1,436,-0.3487653067089725,19.3,18.1,46,1.642105221748352,140.0,1.0,30,2.0,526.4033813476562
C1,437,0.16118957365616082,23.3,18.9,33,2.9696969985961914,171.0,1.0,70,3.0,377.04205322265625
C1,438,0.6608381066732232,25.6,19.5,33,3.2969696521759033,140.0,1.0,70,2.0,252.4918975830078
C1,439,0.6529124078973276,27.400000000000002,19.8,33,6.8606061935424805,249.0,1.0,70,3.0,179.49513244628906
C1,440,0.7452767763268845,22.700000000000003,18.8,33,2.1454546451568604,114.0,1.0,50,2.0,135.69708251953125
C1,441,-0.48549973269657976,44.0,28.400000000000002,4,33.599998474121094,249.0,1.0,50,3.0,111.15158081054688
C1,442,0.7289166666666667,39.1,26.700000000000003,6,24.33333396911621,210.0,1.0,30,3.0,94.69094848632812
C1,443,0.6722196635269674,39.300000000000004,27.400000000000002,6,21.133333206176758,162.0,1.0,50,2.0,88.01457214355469
C1,444,0.6681615995455259,38.4,25.3,6,18.200000762939453,154.0,1.0,50,2.0,83.208740234375
C1,445,0.7146666666666667,42.4,27.5,6,21.266666412353516,164.0,1.0,30,2.0,81.92524719238281
C1,446,0.47450536628385565,44.5,30.099999999999998,6,16.66666603088379,105.0,1.0,90,1.0,84.35514831542969
C1,447,0.5175258244155069,39.4,27.099999999999998,5,19.040000915527344,142.0,1.0,90,2.0,85.01309204101562
C1,448,0.5931606668351902,42.8,28.299999999999997,5,10.079999923706055,71.0,1.0,50,1.0,83.9411849975586
C1,449,0.5548380550021335,39.199999999999996,27.400000000000002,5,10.5600004196167,76.0,1.0,70,1.0,79.43138122558594
C1,450,0.6414139419603218,45.0,30.900000000000002,4,48.720001220703125,288.0,1.0,70,3.0,80.05883026123047
C1,451,0.35625000000000007,55.0,36.7,4,74.4000015258789,339.0,1.0,70,3.0,86.03529357910156
C1,452,0.5304809698399463,44.2,30.3,4,37.29999923706055,228.0,1.0,90,3.0,89.62117767333984
C1,453,0.6230731060107622,39.5,27.2,4,10.0,69.0,1.0,50,1.0,88.1727066040039
C1,454,0.5998003397513627,44.6,30.8,4,35.5,210.0,1.0,70,3.0,81.5702896118164
C1,455,0.7224395356560566,38.1,25.9,5,14.239999771118164,130.0,1.0,30,2.0,76.14217376708984
C1,456,0.571661738219375,43.3,29.2,5,26.0,170.0,1.0,70,2.0,75.01863861083984
C1,457,0.614454624118509,40.0,27.400000000000002,5,29.040000915527344,216.0,1.0,70,3.0,74.6111831665039
C1,458,0.62818983695779,39.199999999999996,26.8,5,10.5600004196167,79.0,1.0,50,1.0,76.2333755493164
C1,459,0.6188573550795955,36.8,25.4,5,22.8799991607666,192.0,1.0,70,3.0,74.40669250488281
C1,460,0.5716056189935204,43.8,29.5,3,30.933332443237305,195.0,1.0,70,3.0,72.37734985351562
C1,461,0.23322741673194317,77.0,41.7,4,94.80000305175781,345.0,1.0,70,3.0,75.9597396850586
C1,462,0.6444850614328205,38.6,26.3,5,14.960000038146973,126.0,1.0,50,2.0,77.97584533691406
C1,463,0.5283373425614896,39.4,27.3,5,20.479999542236328,148.0,1.0,90,2.0,80.38550567626953
C1,464,0.7362461521002326,34.5,24.0,5,6.159999847412109,58.0,1.0,30,1.0,74.23130798339844
C1,465,0.7029420003494632,38.1,24.8,5,6.079999923706055,56.0,1.0,30,1.0,69.6054458618164
C1,466,0.512435153748602,39.1,27.0,5,8.479999542236328,63.0,1.0,90,1.0,65.36326599121094
C1,467,0.6088669033962494,33.300000000000004,23.8,4,13.199999809265137,138.0,1.0,70,3.0,61.217960357666016
C1,468,0.5654052067572778,33.4,23.5,4,9.100000381469727,90.0,1.0,90,2.0,57.26411056518555
C1,469,0.22585,96.60000000000001,46.5,2,26.799999237060547,82.0,1.0,30,1.0,57.425132751464844
C1,470,0.210475,105.1,53.3,3,89.5999984741211,310.0,1.0,90,2.0,72.0550765991211
C1,471,0.39008333333333334,42.9,28.0,11,36.90909194946289,399.0,1.0,30,3.0,92.5663833618164
C1,472,0.6745658512159892,28.0,19.8,14,5.828571319580078,153.0,1.0,30,3.0,100.73983001708984
C1,473,0.7857963075137008,32.599999999999994,21.7,14,16.05714225769043,267.0,1.0,30,3.0,96.8438949584961
C1,474,0.6091651370986094,28.1,19.8,14,4.485714435577393,116.0,1.0,90,2.0,84.50634002685547
C1,475,0.7054010554644305,27.799999999999997,19.8,14,3.914285659790039,102.0,1.0,50,2.0,77.10380554199219
C1,476,0.6996352971993037,32.7,22.3,14,13.342857360839844,192.0,1.0,50,2.0,73.59561157226562
C1,477,0.28939356625215795,37.900000000000006,25.3,8,13.100000381469727,109.0,1.0,90,1.0,78.29070281982422
C1,478,0.37103570281444836,39.300000000000004,27.3,4,21.350000381469727,194.0,1.0,90,2.0,87.2410888671875
C1,479,0.22849131400503503,56.5,37.199999999999996,4,28.700000762939453,128.0,1.0,70,1.0,96.87798309326172
C1,480,0.6106584353760287,32.599999999999994,23.2,4,8.899999618530273,86.0,1.0,70,2.0,93.86012268066406
C1,481,0.5027041419833348,39.1,27.2,3,6.900000095367432,53.0,1.0,90,1.0,86.1827392578125
C1,482,0.6425,49.4,35.4,2,22.600000381469727,102.0,1.0,30,2.0,71.30964660644531
C1,483,0.6259265637833922,43.1,29.8,2,18.399999618530273,96.0,1.0,50,2.0,63.052452087402344
C1,484,0.6698514318916414,32.5,22.3,2,5.800000190734863,54.0,1.0,50,2.0,54.631473541259766
C1,485,0.19892500000000002,109.3,54.6,3,74.13333129882812,240.0,1.0,70,2.0,58.77888488769531
C1,486,0.6461200031488294,38.3,26.5,4,14.699999809265137,114.0,1.0,50,2.0,62.46733093261719
C1,487,0.65913221596293,37.8,25.6,4,14.800000190734863,112.0,1.0,50,2.0,68.54706573486328
C1,488,0.3400532692635646,48.800000000000004,31.9,11,49.70000076293945,366.0,1.0,30,3.0,72.4615707397461
C1,489,0.7397767763268845,23.3,18.700000000000003,11,2.1454546451568604,60.0,1.0,50,2.0,71.21027374267578
C1,490,0.826461085593372,22.700000000000003,18.3,11,1.6363636255264282,69.0,1.0,30,3.0,66.05950164794922
C1,491,0.6041268838470117,28.7,19.900000000000002,11,4.981818199157715,123.0,1.0,90,3.0,52.16903305053711
C1,492,0.8473015213715362,18.0,18.2,11,0.6909090876579285,23.0,1.0,30,1.0,42.90142059326172
C1,493,0.6513605728383212,17.9,17.6,6,1.6727272272109985,66.0,1.0,30,3.0,37.20751953125
C1,494,0.641564754199968,27.799999999999997,19.900000000000002,2,7.199999809265137,75.0,1.0,30,3.0,31.65784454345703
C1,495,0.6954064277759194,28.5,21.0,2,3.0,26.0,1.0,50,1.0,28.72804069519043
C1,496,0.7682202042829605,32.300000000000004,22.1,2,9.399999618530273,87.0,1.0,30,3.0,27.90349006652832
C1,497,0.5676595184441583,32.4,25.4,1,10.0,56.0,1.0,90,2.0,27.808761596679688
C1,498,0.7737530515594156,32.5,26.3,1,11.600000381469727,63.0,1.0,30,3.0,27.085256576538086
C1,499,0.7829171030202355,32.300000000000004,25.9,1,14.0,78.0,1.0,30,3.0,26.25115394592285
C1,500,-0.7328091105448276,254.80000000000004,120.5,11,78.5999984741211,318.0,1.0,30,3.0,36.150691986083984
C1,501,0.7513063100469829,35.2,24.7,11,12.327272415161133,134.0,1.0,30,1.0,57.157081604003906
C1,502,0.5793755146935298,35.0,24.299999999999997,11,25.309091567993164,274.0,1.0,90,2.0,84.5609130859375
C1,503,0.6158128125956512,33.300000000000004,23.5,15,65.2727279663086,735.0,1.0,50,1.0,184.86988830566406
C1,504,0.48244530198617885,41.0,24.9,20,112.28888702392578,2130.0,1.0,90,3.0,321.8552551269531
C1,505,-0.9942500000000001,28.1,20.6,66,37.987876892089844,2193.0,1.0,30,3.0,483.2464904785156
C1,506,0.8735115081657782,23.3,19.3,66,37.042423248291016,2349.0,1.0,50,3.0,586.481201171875
C1,507,0.7552779812093416,22.700000000000003,18.700000000000003,66,24.70302963256836,1544.0,1.0,70,2.0,656.688720703125
C1,508,0.8494557284782605,22.599999999999998,18.9,66,27.26060676574707,1708.0,1.0,50,2.0,715.2132568359375
C1,509,0.8398107648597111,22.8,18.8,66,25.200000762939453,1572.0,1.0,50,2.0,750.7279663085938
C1,510,0.13218970718591386,22.8,18.599999999999998,49,18.442424774169922,1137.0,1.0,50,3.0,719.6367797851562
C1,511,0.24435747340269237,17.6,17.3,36,0.6448979377746582,63.0,1.0,50,3.0,589.9154052734375
C1,512,0.7635296499970448,17.7,17.4,36,0.42222222685813904,15.0,1.0,50,1.0,409.2825622558594
C1,513,0.7637771167636236,17.9,17.4,36,0.4888888895511627,48.0,1.0,50,3.0,252.50286865234375
C1,514,0.6036720916928158,17.8,17.4,32,0.46060606837272644,45.0,1.0,50,3.0,157.6350555419922
C1,515,0.10614386194714749,17.9,17.5,17,0.46666666865348816,17.0,1.0,70,1.0,100.98103332519531
C1,516,0.13410134748189012,17.7,17.2,1,3.200000047683716,34.0,1.0,50,2.0,67.12195587158203
C1,517,0.7756653383512933,17.1,16.8,1,3.5999999046325684,26.0,1.0,50,2.0,46.53984069824219
C1,518,0.7084760865278696,17.4,16.9,1,1.600000023841858,11.0,1.0,70,1.0,33.39057159423828
C1,519,0.8543353991895412,17.0,16.8,1,2.4000000953674316,16.0,1.0,30,2.0,24.301008224487305
C1,520,0.7694704801128012,17.2,16.9,1,2.0,16.0,1.0,50,2.0,18.180604934692383
C1,521,0.25343187072945894,87.3,47.6,1,18.0,48.0,1.0,30,1.0,19.441696166992188
C1,522,0.6029447222196913,32.4,26.599999999999998,1,5.199999809265137,26.0,1.0,70,1.0,22.598350524902344
C1,523,0.852702823555001,17.4,16.9,1,2.0,14.0,1.0,30,2.0,24.359010696411133
C1,524,0.40566838741470695,50.0,16.9,1,1.2000000476837158,7.0,1.0,90,1.0,19.948740005493164
C1,525,0.7710036769368389,17.4,16.9,1,2.4000000953674316,16.0,1.0,50,2.0,14.90257740020752
C1,526,0.8654774278277694,17.2,16.9,1,5.199999809265137,42.0,1.0,30,3.0,12.808213233947754
C1,527,0.7147064113895218,17.1,16.8,1,4.400000095367432,33.0,1.0,70,3.0,12.084927558898926
C1,528,0.7694704801128012,17.1,16.8,1,2.0,15.0,1.0,50,3.0,11.250956535339355
C1,529,-0.03625102465871717,146.8,75.80000000000001,3,111.4000015258789,285.0,1.0,70,3.0,21.550573348999023
C1,530,0.5673326123461871,43.3,28.2,4,26.899999618530273,180.0,1.0,70,3.0,34.26367950439453
C1,531,0.6286925969477059,34.3,24.9,4,19.399999618530273,150.0,1.0,70,3.0,47.89154052734375
C1,532,0.34630774426168487,47.5,31.4,11,51.33333206176758,309.0,1.0,30,3.0,57.134925842285156
C1,533,0.6121819516344871,32.2,21.4,11,8.109090805053711,138.0,1.0,70,2.0,63.88095474243164
C1,534,0.48858211611406877,50.0,17.2,11,0.4363636374473572,6.0,1.0,50,1.0,62.06190490722656
C1,535,0.7920584994443645,29.3,20.1,11,8.363636016845703,174.0,1.0,30,3.0,54.97047805786133
C1,536,0.7908019319435293,27.3,19.2,11,3.236363649368286,105.0,1.0,30,3.0,46.18228530883789
C1,537,0.5900865440841885,32.2,21.4,7,4.290909290313721,60.0,1.0,30,1.0,48.109371185302734
C1,538,0.36564127693742177,45.8,31.5,4,27.399999618530273,160.0,1.0,90,2.0,52.19895553588867
C1,539,0.27658323234433985,59.2,38.5,4,21.799999237060547,100.0,1.0,50,1.0,63.319374084472656
C1,540,0.2905560955039015,51.1,35.2,4,19.799999237060547,96.0,1.0,50,1.0,74.7916259765625
C1,541,0.7747079543151097,28.400000000000002,19.8,3,3.7333333492279053,42.0,1.0,30,2.0,73.80831146240234
C1,542,0.7694704801128012,17.7,17.4,3,2.0,45.0,1.0,50,3.0,61.88498306274414
C1,543,0.7076406626870005,17.6,17.3,3,1.2000000476837158,24.0,1.0,70,2.0,43.53099060058594
C1,544,0.84886043483079,17.7,17.5,3,1.0666667222976685,15.0,1.0,30,1.0,31.71859359741211
C1,545,0.84886043483079,17.8,17.5,3,1.0666667222976685,15.0,1.0,30,1.0,24.63115692138672
C1,546,0.583191580854195,32.5,23.2,1,4.0,20.0,1.0,70,1.0,21.44536018371582
C1,547,0.8543353991895412,17.7,17.4,1,2.4000000953674316,16.0,1.0,30,1.0,19.667217254638672
C1,548,0.7756653383512933,17.8,17.5,1,3.5999999046325684,32.0,1.0,50,2.0,18.73366355895996
C1,549,0.852702823555001,17.9,17.6,1,2.0,12.0,1.0,30,1.0,17.10686492919922
C1,550,0.8510615300280377,18.0,17.5,1,1.600000023841858,12.0,1.0,30,1.0,15.597452163696289
C1,551,0.6376635249995926,46.0,34.4,1,8.0,32.0,1.0,30,1.0,16.825138092041016
C1,552,0.7694704801128012,18.8,17.6,1,2.0,15.0,1.0,50,1.0,17.961750030517578
C1,553,0.2072,109.2,63.3,1,31.600000381469727,67.0,1.0,30,1.0,25.977048873901367
C1,554,-0.0064250000000000175,128.70000000000002,57.4,5,34.400001525878906,190.0,1.0,30,2.0,39.18622970581055
C1,555,0.6993333333333333,43.2,27.599999999999998,6,34.06666564941406,261.0,1.0,30,3.0,56.71173858642578
C1,556,0.6415016346621776,28.299999999999997,19.900000000000002,6,5.599999904632568,105.0,1.0,70,3.0,62.96037673950195
C1,557,0.6617367309331672,43.0,28.299999999999997,6,27.066667556762695,184.0,1.0,50,2.0,66.30956268310547
C1,558,0.522048613222212,46.199999999999996,30.900000000000002,6,20.066667556762695,127.0,1.0,70,1.0,73.65240478515625
C1,559,0.6915702651596104,33.7,24.7,6,13.600000381469727,138.0,1.0,50,2.0,82.59143829345703
C1,560,0.6216825882329151,27.799999999999997,19.3,4,1.9333332777023315,50.0,1.0,70,2.0,79.02153015136719
C1,561,0.6115915284747648,49.5,33.0,4,29.700000762939453,162.0,1.0,50,2.0,70.74625396728516
C1,562,0.6396300560549844,38.4,25.8,3,13.399999618530273,116.0,1.0,50,2.0,64.31441497802734
C1,563,0.74125,39.5,28.0,3,28.0,177.0,1.0,30,3.0,64.9886474609375
C1,564,0.269075,86.7,44.6,3,28.53333282470703,105.0,1.0,30,1.0,68.59319305419922
C1,565,0.6725574765222554,45.5,31.6,3,38.13333511352539,207.0,1.0,50,3.0,72.22257995605469
C1,566,0.343025,56.9,37.0,4,58.400001525878906,252.0,1.0,50,3.0,77.73355102539062
C1,567,0.4889562174969311,49.8,33.8,7,70.26667022705078,366.0,1.0,50,3.0,83.30679321289062
C1,568,0.6055390222840129,32.300000000000004,21.7,7,5.885714054107666,94.0,1.0,70,2.0,83.7174072265625
C1,569,0.7082759286835841,33.0,22.8,7,16.0,180.0,1.0,50,3.0,80.76377868652344
C1,570,0.7100833333333334,42.9,28.299999999999997,7,49.14285659790039,366.0,1.0,50,3.0,78.9916000366211
C1,571,0.7146666666666667,42.4,28.2,7,53.02857208251953,387.0,1.0,50,3.0,88.86162567138672
C1,572,0.5436381503944284,33.8,23.7,13,19.96923065185547,252.0,1.0,30,2.0,103.5836410522461
C1,573,0.7428719025971121,33.099999999999994,23.0,13,24.55384635925293,315.0,1.0,50,3.0,110.15018463134766
C1,574,0.7493042071030364,33.2,23.099999999999998,13,26.461538314819336,333.0,1.0,50,3.0,111.69010925292969
C1,575,0.7648087213435646,33.0,23.099999999999998,13,30.27692222595215,387.0,1.0,50,3.0,113.01406860351562
C1,576,0.63712272633663,33.0,22.9,13,18.430768966674805,234.0,1.0,70,2.0,115.40843963623047
C1,577,0.5177902607854549,33.8,24.1,8,19.96923065185547,236.0,1.0,50,2.0,117.77839660644531
C1,578,0.7362640144281236,38.9,26.599999999999998,8,39.650001525878906,333.0,1.0,50,3.0,116.80036926269531
C1,579,0.7286965282171816,39.1,26.700000000000003,8,37.04999923706055,306.0,1.0,50,3.0,114.21355438232422
C1,580,0.7247067754804771,39.199999999999996,27.0,7,39.25,321.0,1.0,50,3.0,111.1948013305664
C1,581,0.6912518926207513,42.8,27.900000000000002,7,55.657142639160156,399.0,1.0,70,3.0,112.31687927246094
C1,582,0.6917278120042409,39.6,27.099999999999998,8,28.950000762939453,234.0,1.0,50,2.0,114.99012756347656
C1,583,0.6040255475966383,42.9,27.900000000000002,8,12.850000381469727,103.0,1.0,50,1.0,116.06074523925781
C1,584,0.6194106068540256,32.2,21.5,8,10.699999809265137,171.0,1.0,70,3.0,106.56977844238281
C1,585,0.7261494629844737,38.800000000000004,26.5,8,15.0,116.0,1.0,30,1.0,100.74186706542969
C1,586,0.7085622741672017,33.9,24.400000000000002,8,18.0,178.0,1.0,50,2.0,95.37845611572266
C1,587,0.5662500000000001,45.5,31.0,5,40.2400016784668,218.0,1.0,50,2.0,99.09374237060547
C1,588,0.347425,55.300000000000004,36.5,4,47.79999923706055,222.0,1.0,50,2.0,100.65624237060547
C1,589,0.3079243474608734,55.1,37.0,4,26.899999618530273,120.0,1.0,50,1.0,105.72708129882812
C1,590,0.35597499999999993,55.1,36.7,4,50.900001525878906,224.0,1.0,50,2.0,109.1695785522461
C1,591,0.6179966105997774,49.2,33.300000000000004,6,63.79999923706055,354.0,1.0,50,3.0,112.16841888427734
C1,592,0.5812081971779188,44.900000000000006,30.099999999999998,6,31.799999237060547,204.0,1.0,70,2.0,111.56771850585938
C1,593,0.586334038217736,44.900000000000006,29.9,6,13.0,96.0,1.0,50,1.0,109.07395935058594
C1,594,0.5299048740410237,44.0,29.7,6,36.599998474121094,236.0,1.0,90,2.0,107.57771301269531
C1,595,0.6945,44.6,30.3,6,48.53333282470703,318.0,1.0,50,3.0,107.21329498291016
C1,596,0.58675,38.9,26.8,10,23.040000915527344,224.0,1.0,30,2.0,109.12797546386719
C1,597,0.5479102718212658,37.3,24.8,10,20.639999389648438,214.0,1.0,90,2.0,108.81011962890625
C1,598,0.77975,35.3,24.5,10,24.31999969482422,291.0,1.0,30,3.0,107.41940307617188
C1,599,0.7726666666666666,35.2,24.7,11,34.0,342.0,1.0,30,3.0,106.85164642333984
C1,600,0.7925833333333334,33.9,24.299999999999997,11,27.563636779785156,309.0,1.0,30,3.0,105.97765350341797
C1,601,0.7898333333333334,34.2,24.299999999999997,11,28.618181228637695,318.0,1.0,30,3.0,106.65325927734375
C1,602,0.7815833333333334,35.1,24.7,11,30.545454025268555,348.0,1.0,30,3.0,107.32528686523438
C1,603,0.7925833333333334,33.9,24.1,11,31.709091186523438,345.0,1.0,30,3.0,109.32850646972656
C1,604,0.7944166666666667,33.7,24.0,11,26.9818172454834,300.0,1.0,30,3.0,109.73043823242188
C1,605,0.7916666666666666,34.0,24.0,11,31.636363983154297,345.0,1.0,30,3.0,109.83826446533203
C1,606,0.6357188749490462,33.7,24.1,11,19.81818199157715,218.0,1.0,70,2.0,109.10295867919922
C1,607,0.788,34.4,24.400000000000002,11,30.218181610107422,330.0,1.0,30,3.0,109.99510955810547
C1,608,0.7889166666666667,34.3,24.2,11,28.690908432006836,312.0,1.0,30,3.0,109.06372833251953
C1,609,0.7154283379559373,34.6,24.400000000000002,11,21.163637161254883,232.0,1.0,50,2.0,109.43824005126953
C1,610,0.7073592620169175,33.099999999999994,23.099999999999998,11,16.0,188.0,1.0,50,2.0,107.52960968017578
C1,611,0.7793333333333333,33.6,23.900000000000002,13,34.69091033935547,384.0,1.0,30,3.0,109.58443450927734
C1,612,0.6024900343199986,33.6,23.7,13,9.2615385055542,117.0,1.0,70,1.0,110.9506607055664
C1,613,0.6034730409956744,33.4,23.099999999999998,13,8.953845977783203,110.0,1.0,70,1.0,113.90373229980469
C1,614,0.7024933268296621,33.300000000000004,23.400000000000002,13,15.29230785369873,206.0,1.0,50,2.0,112.34223937988281
C1,615,0.7113120454139787,33.300000000000004,23.3,13,17.353845596313477,226.0,1.0,50,2.0,110.87200927734375
C1,616,0.5442247782424369,33.6,23.400000000000002,9,16.33846092224121,212.0,1.0,50,2.0,109.45653533935547
C1,617,0.496,48.800000000000004,32.0,5,42.0,224.0,1.0,50,2.0,109.80725860595703
C1,618,0.6858333333333334,43.8,29.2,7,30.0,230.0,1.0,30,2.0,110.28435516357422
C1,619,0.4767892168096013,43.7,28.400000000000002,7,13.485713958740234,98.0,1.0,90,1.0,109.50394439697266
C1,620,0.532362592596898,43.7,28.7,7,16.514286041259766,117.0,1.0,70,1.0,109.7023696899414
C1,621,0.6800555807972037,42.9,28.6,7,32.11428451538086,240.0,1.0,50,2.0,110.48809051513672
C1,622,0.613124996006358,43.3,28.6,7,15.828571319580078,113.0,1.0,50,1.0,112.95951843261719
C1,623,0.6554204998920314,43.0,28.5,5,29.77142906188965,220.0,1.0,50,2.0,113.50904846191406
C1,624,0.656,48.800000000000004,32.7,5,42.63999938964844,232.0,1.0,50,2.0,113.30542755126953
C1,625,0.5119346836029717,48.599999999999994,32.7,5,43.20000076293945,228.0,1.0,90,2.0,113.31658935546875
C1,626,0.6757111229062823,32.7,22.8,5,7.679999828338623,96.0,1.0,50,2.0,105.0566177368164
C1,627,0.6861135835433803,33.4,24.0,5,11.680000305175781,112.0,1.0,50,2.0,92.10063934326172
C1,628,0.7550000000000001,38.0,25.3,5,22.559999465942383,192.0,1.0,30,3.0,77.66038513183594
C1,629,0.74675,38.9,26.9,5,29.280000686645508,228.0,1.0,30,3.0,72.72956085205078
C1,630,0.5620340011943802,36.8,24.2,5,4.960000038146973,51.0,1.0,70,1.0,69.10440826416016
C1,631,0.6930342679879032,32.2,21.9,5,10.720000267028809,126.0,1.0,50,3.0,63.995975494384766
C1,632,0.8474224405069449,17.6,17.3,5,0.7200000286102295,24.0,1.0,30,3.0,51.864253997802734
C1,633,0.76991316368616,32.4,22.1,5,10.15999984741211,120.0,1.0,30,3.0,43.118553161621094
C1,634,0.7629395306278788,33.7,24.1,3,17.360000610351562,174.0,1.0,30,3.0,40.00446319580078
C1,635,0.7076406626870005,18.4,17.6,3,1.2000000476837158,30.0,1.0,70,3.0,38.402679443359375
C1,636,0.4580397436041033,48.0,32.4,3,24.399999618530273,134.0,1.0,90,2.0,41.04160690307617
C1,637,0.7679966586274284,32.4,22.3,3,9.600000381469727,99.0,1.0,30,3.0,39.291629791259766
C1,638,0.28585,80.60000000000001,43.2,3,88.66666412353516,318.0,1.0,90,3.0,51.04164505004883
C1,639,0.4654999999999999,43.4,27.900000000000002,9,28.399999618530273,276.0,1.0,30,3.0,61.42498779296875
C1,640,0.5264778194193159,38.699999999999996,26.200000000000003,9,15.95555591583252,140.0,1.0,90,1.0,81.92166137695312
C1,641,0.5542998766195293,37.0,24.9,14,40.03333282470703,408.0,1.0,30,3.0,98.21966552734375
C1,642,0.8017500000000001,32.9,22.700000000000003,14,23.02857208251953,321.0,1.0,30,3.0,109.99846649169922
C1,643,0.7384015359442556,32.9,22.9,14,22.97142791748047,315.0,1.0,50,3.0,112.39907836914062
C1,644,0.8008333333333334,33.0,22.9,14,24.97142791748047,348.0,1.0,30,3.0,111.17278289794922
C1,645,0.8035833333333333,32.7,22.599999999999998,14,24.371429443359375,345.0,1.0,30,3.0,111.50366973876953
C1,646,0.8026666666666666,32.800000000000004,22.599999999999998,14,22.94285774230957,315.0,1.0,30,3.0,111.70220184326172
C1,647,0.7820833333333334,33.300000000000004,23.3,12,25.266666412353516,315.0,1.0,30,3.0,110.35465240478516
C1,648,0.7935,33.8,23.8,12,27.53333282470703,339.0,1.0,30,3.0,109.27945709228516
C1,649,0.6293572297036013,33.9,23.599999999999998,12,18.566667556762695,222.0,1.0,70,2.0,109.43434143066406
C1,650,0.5787539974958286,32.800000000000004,23.099999999999998,12,14.833333015441895,198.0,1.0,90,2.0,108.7272720336914
C1,651,0.7105424669041929,34.1,24.0,12,18.899999618530273,234.0,1.0,50,2.0,108.83636474609375
C1,652,0.6124687774849895,28.1,20.2,12,7.766666889190674,171.0,1.0,90,3.0,101.70182037353516
C1,653,0.40689494787264324,31.7,20.6,5,8.166666984558105,174.0,1.0,50,3.0,91.95442199707031
C1,654,0.7531666666666668,38.199999999999996,25.5,5,22.8799991607666,195.0,1.0,30,3.0,79.17265319824219
C1,655,0.7643392263624598,17.7,17.2,5,0.6399999856948853,30.0,1.0,50,3.0,65.23692321777344
C1,656,0.7587379287561147,17.8,17.3,4,1.2799999713897705,54.0,1.0,50,3.0,51.54215621948242
C1,657,0.7649361839831669,17.8,17.2,4,0.800000011920929,21.0,1.0,50,3.0,35.59196090698242
C1,658,0.7649361839831669,17.9,17.5,4,0.800000011920929,12.0,1.0,50,3.0,25.22184181213379
C1,659,0.8100615300280378,23.599999999999998,18.8,3,1.600000023841858,27.0,1.0,30,1.0,20.199771881103516
C1,660,0.5094266745514614,39.699999999999996,29.9,1,20.399999618530273,70.0,1.0,90,2.0,20.919862747192383
C1,661,0.6630226307837445,43.7,33.5,1,29.200000762939453,114.0,1.0,50,3.0,25.885251998901367
C1,662,0.2357968583329258,82.8,44.8,1,28.0,84.0,1.0,50,2.0,30.864484786987305
C1,663,0.13506137876269897,118.1,59.3,3,68.4000015258789,216.0,1.0,50,3.0,38.78535842895508
C1,664,0.6500719217511586,44.0,29.1,3,26.399999618530273,174.0,1.0,50,3.0,46.20454788208008
C1,665,0.28291273853672344,56.2,37.699999999999996,3,21.33333396911621,86.0,1.0,50,1.0,56.522727966308594
C1,666,0.2898564460640443,65.3,39.300000000000004,5,45.20000076293945,186.0,1.0,30,2.0,65.51363372802734
C1,667,0.7048310470704977,39.199999999999996,27.400000000000002,5,29.360000610351562,219.0,1.0,50,3.0,72.9081802368164
C1,668,0.6975609341108087,32.300000000000004,22.3,5,12.0,138.0,1.0,50,3.0,72.0115737915039
C1,669,0.6988028489729591,32.5,22.4,5,12.720000267028809,144.0,1.0,50,3.0,65.4736099243164
C1,670,0.6890286367034764,32.599999999999994,22.3,5,10.640000343322754,120.0,1.0,50,3.0,57.15083312988281
C1,671,0.7725154514953988,34.1,24.0,5,16.239999771118164,165.0,1.0,30,3.0,53.3571662902832
C1,672,0.5881089079806745,49.7,33.099999999999994,3,28.100000381469727,170.0,1.0,50,2.0,56.01430130004883
C1,673,0.6071184118773595,49.9,35.1,3,29.46666717529297,148.0,1.0,50,2.0,62.14191436767578
C1,674,0.22393638489274895,91.6,46.199999999999996,3,31.600000381469727,112.0,1.0,50,1.0,73.4184799194336
C1,675,0.611517142705393,27.599999999999998,19.8,3,1.8666666746139526,27.0,1.0,90,1.0,72.45108795166016
C1,676,0.5323939483375688,48.599999999999994,33.9,3,48.266666412353516,231.0,1.0,90,3.0,72.2706527709961
C1,677,0.6293803224876603,45.3,32.0,3,24.133333206176758,128.0,1.0,50,2.0,65.76239013671875
C1,678,0.496013186589406,46.9,31.3,3,34.400001525878906,183.0,1.0,90,3.0,66.3907699584961
C1,679,0.7341666666666667,39.4,28.0,4,25.5,180.0,1.0,30,3.0,64.50112915039062
C1,680,0.5297885050398822,44.2,29.9,4,37.099998474121094,234.0,1.0,90,3.0,65.2340087890625
C1,681,0.7215833333333334,39.9,28.0,6,31.520000457763672,231.0,1.0,30,3.0,67.80707550048828
C1,682,0.7425343472489032,23.7,19.3,6,3.799999952316284,64.0,1.0,50,2.0,65.6175765991211
C1,683,0.6611892974504111,43.9,29.0,6,29.200000762939453,198.0,1.0,50,2.0,67.1038818359375
C1,684,0.6782673347038047,44.2,29.7,6,35.599998474121094,230.0,1.0,50,2.0,73.06232452392578
C1,685,0.7180578429738186,26.599999999999998,20.0,6,4.333333492279053,72.0,1.0,50,2.0,77.17073059082031
C1,686,0.6157737901136977,44.3,30.4,6,18.600000381469727,118.0,1.0,50,1.0,82.16910552978516
C1,687,0.6486953613419435,45.6,31.5,5,32.560001373291016,192.0,1.0,50,2.0,82.63479614257812
C1,688,0.5982749141875283,32.599999999999994,23.0,5,4.0,45.0,1.0,70,1.0,84.11421203613281
C1,689,0.5471332659819051,38.0,25.4,5,23.280000686645508,198.0,1.0,90,3.0,78.06852722167969
C1,690,0.32385703158308593,54.6,36.1,3,36.53333282470703,160.0,1.0,50,2.0,72.30778503417969
C1,691,0.6807698418803446,17.4,17.0,3,1.3333333730697632,15.0,1.0,90,1.0,64.85133361816406
C1,692,0.673205053116506,32.4,22.5,3,6.400000095367432,62.0,1.0,50,2.0,55.71080017089844
C1,693,0.30867500000000003,72.3,41.5,3,48.13333511352539,182.0,1.0,50,2.0,51.69314956665039
C1,694,0.2878106877778768,65.10000000000001,41.300000000000004,3,28.933332443237305,100.0,1.0,50,1.0,60.61589050292969
C1,695,-0.11156209333251349,64.9,37.699999999999996,10,80.69999694824219,327.0,1.0,30,3.0,76.3695297241211
C1,696,0.7705833333333334,36.3,24.9,10,32.63999938964844,327.0,1.0,30,3.0,88.22171783447266
C1,697,0.7176252467048776,34.7,24.6,10,21.920000076293945,230.0,1.0,50,2.0,97.3330307006836
C1,698,0.5409737737276135,37.900000000000006,24.9,10,19.920000076293945,202.0,1.0,90,2.0,101.733154296875
C1,699,0.5780981393069597,35.1,24.6,10,25.15999984741211,244.0,1.0,90,2.0,106.10655975341797
C1,700,0.7586666666666666,37.6,24.9,10,30.079999923706055,312.0,1.0,30,3.0,107.26393127441406
C1,701,0.6147064342977044,34.5,24.1,14,41.266666412353516,444.0,1.0,30,3.0,114.22502899169922
C1,702,0.7885988374214279,33.0,22.9,14,18.799999237060547,256.0,1.0,30,2.0,119.2016830444336
C1,703,0.5783169214492215,33.2,23.0,14,16.799999237060547,240.0,1.0,90,2.0,124.32100677490234
C1,704,0.6767127003815332,32.800000000000004,22.700000000000003,14,28.14285659790039,393.0,1.0,70,3.0,125.12593841552734
C1,705,0.8017500000000001,32.9,22.5,14,27.285715103149414,390.0,1.0,30,3.0,125.87556457519531
C1,706,-1.5707770843737319,34.9,23.400000000000002,68,91.22856903076172,1956.0,1.0,30,3.0,197.2586669921875
C1,707,-0.35666666666666663,24.0,19.3,99,31.87216567993164,3543.0,1.0,30,3.0,380.0885314941406
C1,708,0.9126666666666667,20.8,18.700000000000003,99,28.420202255249023,2577.0,1.0,30,3.0,586.9864501953125
C1,709,0.9016666666666667,22.0,18.9,99,28.068687438964844,3009.0,1.0,30,3.0,757.9252319335938
C1,710,0.6833120448002553,20.6,18.3,99,9.579797744750977,861.0,1.0,90,1.0,817.82177734375
C1,711,0.8776993334473949,19.7,18.0,99,8.472726821899414,759.0,1.0,30,1.0,840.4263916015625
C1,712,0.8857786359763811,19.3,17.9,99,10.816161155700684,985.0,1.0,30,1.0,851.5891723632812
C1,713,0.8796062098586092,19.5,18.0,99,9.010101318359375,822.0,1.0,30,2.0,798.286865234375
C1,714,-1.6274460320211863,19.400000000000002,18.0,37,1.9636363983154297,160.0,1.0,30,1.0,686.4387817382812
C1,715,0.6628480038853009,25.0,19.2,37,1.6972973346710205,70.0,1.0,70,1.0,497.3299255371094
C1,716,0.8503333333333334,27.599999999999998,19.8,37,20.032432556152344,756.0,1.0,30,3.0,362.66461181640625
C1,717,0.5470502183447032,27.900000000000002,19.900000000000002,33,4.562162399291992,182.0,1.0,50,2.0,272.6654357910156
C1,718,0.6436945921904865,17.8,17.3,30,0.46666666865348816,28.0,1.0,50,2.0,211.1992645263672
C1,719,0.4402217409698424,17.7,17.4,24,0.6000000238418579,48.0,1.0,90,3.0,142.85289001464844
C1,720,0.8064717948828145,28.0,20.1,24,9.066666603088379,258.0,1.0,30,3.0,101.17840576171875
C1,721,0.22624457087671754,32.0,21.4,15,14.933333396911621,360.0,1.0,90,3.0,90.30704498291016
C1,722,0.4545415131252827,23.5,19.099999999999998,8,1.25,42.0,1.0,50,2.0,84.45088958740234
C1,723,0.6754543485876024,32.4,22.1,8,6.949999809265137,112.0,1.0,50,2.0,76.93720245361328
C1,724,0.7618653731203695,33.2,22.9,8,9.949999809265137,132.0,1.0,30,2.0,65.22898864746094
C1,725,0.5245633705586892,32.7,22.599999999999998,4,9.800000190734863,126.0,1.0,50,2.0,63.80405807495117
C1,726,0.33865,61.400000000000006,38.0,4,46.79999923706055,212.0,1.0,50,2.0,69.61576843261719
C1,727,0.6751407350594695,32.099999999999994,21.2,4,6.199999809265137,78.0,1.0,50,2.0,69.50279235839844
C1,728,0.340025,60.900000000000006,37.699999999999996,4,44.29999923706055,202.0,1.0,50,2.0,74.50167846679688
C1,729,0.34195000000000003,60.199999999999996,37.900000000000006,4,46.900001525878906,218.0,1.0,50,2.0,77.90100860595703
C1,730,0.7660603768016857,17.8,17.4,4,1.100000023841858,32.0,1.0,50,2.0,76.87393951416016
C1,731,0.722274228533857,25.4,19.7,4,2.5999999046325684,48.0,1.0,50,2.0,65.99102783203125
C1,732,0.6740303807962191,32.0,21.9,4,5.699999809265137,70.0,1.0,50,2.0,49.5946159362793
C1,733,0.707227990750287,18.0,17.5,4,1.0,24.0,1.0,70,2.0,39.22343826293945
C1,734,0.6762635002180426,32.2,21.3,4,6.699999809265137,93.0,1.0,50,3.0,33.93406295776367
C1,735,0.6620163576443,17.7,17.4,1,5.199999809265137,45.0,1.0,50,3.0,28.09377098083496
C1,736,0.19972499999999999,106.1,50.2,3,27.600000381469727,134.0,1.0,30,2.0,31.922929763793945
C1,737,0.0704925949615436,51.5,33.6,10,42.599998474121094,369.0,1.0,30,3.0,46.487091064453125
C1,738,0.7866687275051611,32.5,22.2,10,16.040000915527344,222.0,1.0,30,3.0,63.092254638671875
C1,739,0.7568333333333334,37.8,25.2,10,31.559999465942383,327.0,1.0,30,3.0,78.65534973144531
C1,740,0.7817912044919106,32.099999999999994,21.5,10,13.0,195.0,1.0,30,3.0,80.25988006591797
C1,741,0.7646666666666666,35.2,24.6,12,34.98181915283203,363.0,1.0,30,3.0,87.4892578125
C1,742,0.7980833333333334,33.300000000000004,23.2,12,23.366666793823242,297.0,1.0,30,3.0,90.4935531616211
C1,743,0.792112802193655,32.4,21.8,12,17.899999618530273,252.0,1.0,30,3.0,94.8294677734375
C1,744,0.7868346489573724,32.7,22.3,12,16.83333396911621,249.0,1.0,30,3.0,92.36434936523438
C1,745,0.7743900269194449,32.0,21.1,12,10.399999618530273,201.0,1.0,30,3.0,86.61860656738281
C1,746,0.8293505559036196,23.7,19.0,12,4.633333206176758,132.0,1.0,30,3.0,77.83782958984375
C1,747,0.4819895152022713,31.7,20.1,9,1.9600000381469727,41.0,1.0,70,1.0,66.96936798095703
C1,748,0.7741130997481585,28.1,19.3,8,2.9000000953674316,84.0,1.0,30,3.0,55.248287200927734
C1,749,0.6929553012232161,39.6,27.3,7,29.299999237060547,242.0,1.0,50,2.0,58.482303619384766
C1,750,0.5905691923382236,47.800000000000004,32.0,5,44.15999984741211,238.0,1.0,70,2.0,70.82271575927734
C1,751,0.6644890996697683,32.300000000000004,21.2,5,4.0,62.0,1.0,50,2.0,78.62696075439453
C1,752,0.6651666666666667,47.800000000000004,32.7,5,45.91999816894531,260.0,1.0,50,2.0,84.50951385498047
C1,753,0.6706666666666667,47.199999999999996,32.0,5,62.959999084472656,333.0,1.0,70,3.0,86.97237396240234
C1,754,0.5740097560850135,32.5,22.2,10,11.680000305175781,192.0,1.0,30,3.0,92.85009002685547
C1,755,0.6183793734132579,34.2,24.299999999999997,10,16.200000762939453,180.0,1.0,70,2.0,91.04338836669922
C1,756,0.7119151751913375,27.7,19.7,10,5.320000171661377,120.0,1.0,50,3.0,80.4926986694336
C1,757,0.7255373834414992,37.3,24.8,10,30.31999969482422,309.0,1.0,50,3.0,79.36228942871094
C1,758,0.6607140446549548,32.2,21.1,10,2.799999952316284,52.0,1.0,50,1.0,73.61737060546875
C1,759,0.5605305380577688,37.900000000000006,25.4,6,10.466666221618652,87.0,1.0,30,1.0,76.43708801269531
C1,760,0.525783804914274,44.4,30.200000000000003,6,16.46666717529297,107.0,1.0,70,1.0,78.6622543334961
C1,761,0.5219510762863404,43.7,29.8,6,33.33333206176758,204.0,1.0,90,2.0,86.66401672363281
C1,762,0.6115324316602425,28.0,19.8,6,6.0,114.0,1.0,90,3.0,84.93174743652344
C1,763,0.6239636558209936,32.800000000000004,22.4,3,4.133333206176758,38.0,1.0,30,1.0,74.6923828125
C1,764,0.751296989154327,32.0,21.9,3,4.133333206176758,35.0,1.0,30,1.0,59.61542892456055
C1,765,0.7437477438070101,32.300000000000004,22.4,3,2.933333396911621,30.0,1.0,30,1.0,49.50259017944336
C1,766,0.716141768574655,38.5,26.4,3,10.800000190734863,80.0,1.0,30,2.0,43.70155334472656
C1,767,0.6953980196958965,38.1,25.3,2,6.199999809265137,38.0,1.0,30,1.0,40.620933532714844
C1,768,0.5702138116291521,43.3,32.099999999999994,1,7.599999904632568,30.0,1.0,50,1.0,38.772560119628906
C1,769,0.6611055817666097,43.6,33.2,1,8.399999618530273,33.0,1.0,30,1.0,36.730201721191406
C1,770,0.6611892941135653,43.9,33.6,1,9.199999809265137,36.0,1.0,30,1.0,35.238121032714844
C1,771,0.34451633427944245,53.5,41.6,1,17.200000762939453,49.0,1.0,30,1.0,36.87620544433594
C1,772,0.6550801916662592,44.1,35.0,1,8.0,33.0,1.0,30,1.0,37.85905838012695
C1,773,0.6128214020671545,43.6,34.3,1,16.399999618530273,60.0,1.0,50,2.0,37.64876937866211
C1,774,0.7527274278277694,32.300000000000004,25.6,1,5.199999809265137,28.0,1.0,30,1.0,34.72259521484375
C1,775,0.75213729648747,32.7,25.7,1,6.0,29.0,1.0,30,1.0,32.433555603027344
C1,776,0.15199136147298406,79.10000000000001,43.9,1,25.200000762939453,80.0,1.0,70,2.0,32.39346694946289
C1,777,0.6660801916662592,42.9,33.2,1,8.0,32.0,1.0,30,1.0,32.902748107910156
C1,778,0.7484198485148963,32.599999999999994,26.700000000000003,1,4.800000190734863,28.0,1.0,30,1.0,33.074981689453125
C1,779,0.6996055817666097,39.4,32.300000000000004,1,8.399999618530273,34.0,1.0,30,1.0,32.37832260131836
C1,780,0.6039183013288442,32.4,26.5,1,5.599999904632568,29.0,1.0,70,1.0,31.560327529907227
C1,781,0.19589044926440535,67.9,44.5,1,28.399999618530273,86.0,1.0,70,2.0,33.06953048706055
C1,782,0.46835688861712266,44.0,34.8,1,9.199999809265137,32.0,1.0,90,1.0,33.7083854675293
C1,783,0.6680799919607617,43.3,33.4,1,9.600000381469727,38.0,1.0,30,1.0,35.29169845581055
C1,784,0.8654774278277694,17.7,17.3,1,5.199999809265137,45.0,1.0,30,3.0,32.50835037231445
C1,785,0.8591758329899635,18.0,17.4,1,3.5999999046325684,30.0,1.0,30,3.0,27.905010223388672
C1,786,0.8607685509003341,18.4,17.6,1,4.0,36.0,1.0,30,3.0,21.676340103149414
C1,787,0.852702823555001,17.9,17.4,1,2.0,15.0,1.0,30,3.0,16.605804443359375
C1,788,0.8575724027518892,17.7,17.3,1,3.200000047683716,24.0,1.0,30,3.0,13.296815872192383
C1,789,0.5727547725551173,50.0,17.4,1,0.800000011920929,5.0,1.0,30,1.0,10.37808895111084
C1,790,0.48993618398316685,50.0,17.2,1,0.800000011920929,6.0,1.0,50,1.0,8.760187149047852
C1,791,0.7756827091413446,32.7,25.6,1,12.800000190734863,69.0,1.0,30,3.0,9.789445877075195
C1,792,0.8575724027518892,17.4,17.1,1,3.200000047683716,24.0,1.0,30,3.0,10.807001113891602
C1,793,0.8494120147012152,17.8,17.3,1,1.2000000476837158,12.0,1.0,30,3.0,11.150867462158203
C1,794,0.5760615300280377,50.0,17.3,1,1.600000023841858,9.0,1.0,30,1.0,9.490520477294922
C1,795,0.8559587577917702,17.4,17.1,1,2.799999952316284,24.0,1.0,30,3.0,8.494312286376953
C1,796,0.8591758329899635,17.6,17.2,1,3.5999999046325684,33.0,1.0,30,3.0,8.829920768737793
C1,797,0.8559587577917702,17.6,17.3,1,2.799999952316284,24.0,1.0,30,3.0,8.89795207977295
C1,798,0.5727547725551173,50.0,17.2,1,0.800000011920929,6.0,1.0,30,3.0,8.138771057128906
C1,799,0.8510615300280377,17.4,17.2,1,1.600000023841858,12.0,1.0,30,3.0,6.749929428100586
C1,800,0.852702823555001,18.0,17.4,1,2.0,18.0,1.0,30,3.0,5.649957656860352
C1,801,0.8700719235523432,17.8,17.4,1,6.400000095367432,51.0,1.0,30,3.0,6.989974498748779
C1,802,0.5744120147012152,50.0,17.5,1,1.2000000476837158,9.0,1.0,30,3.0,7.660651206970215
C1,803,0.7694704801128012,17.8,17.5,1,2.0,16.0,1.0,50,2.0,8.329724311828613
C1,804,0.43181866503105076,50.0,17.5,1,0.800000011920929,4.0,1.0,70,1.0,6.9978346824646
C1,805,0.8559587577917702,17.9,17.4,1,2.799999952316284,21.0,1.0,30,3.0,6.732034206390381
C1,806,0.8670222991527153,17.6,17.3,1,5.599999904632568,42.0,1.0,30,3.0,7.372553825378418
C1,807,0.8607685509003341,17.7,17.4,1,4.0,36.0,1.0,30,3.0,8.823532104492188
C1,808,0.5744120147012152,50.0,17.4,1,1.2000000476837158,6.0,1.0,30,3.0,9.02745246887207
C1,809,0.7679480189220103,17.9,17.5,1,1.600000023841858,12.0,1.0,50,2.0,8.083138465881348
C1,810,0.7679480189220103,17.9,17.5,1,1.600000023841858,10.0,1.0,50,2.0,6.583216190338135
C1,811,0.7788223701562585,17.6,17.3,1,4.400000095367432,38.0,1.0,50,2.0,7.949929714202881
C1,812,0.7694704801128012,18.2,17.5,1,2.0,18.0,1.0,50,2.0,9.169958114624023
C1,813,0.48993618398316685,50.0,17.6,1,0.800000011920929,6.0,1.0,50,1.0,10.035307884216309
C1,814,0.5744120147012152,50.0,17.2,1,1.2000000476837158,8.0,1.0,30,2.0,8.55451774597168
C1,815,0.7694704801128012,18.0,17.5,1,2.0,14.0,1.0,50,2.0,7.399377346038818
C1,816,0.7772390996697683,17.7,17.3,1,4.0,28.0,1.0,50,2.0,7.7729597091674805
C1,817,0.7679480189220103,17.4,17.2,1,1.600000023841858,12.0,1.0,50,2.0,8.263775825500488
C1,818,0.7679480189220103,17.6,17.3,1,1.600000023841858,10.0,1.0,50,2.0,8.29159927368164
C1,819,0.7679480189220103,18.1,17.4,1,1.600000023841858,12.0,1.0,50,2.0,7.241625785827637
C1,820,0.49143651533961924,50.0,17.4,1,1.2000000476837158,6.0,1.0,50,2.0,6.211642265319824
C1,821,0.6852627402374647,32.9,26.1,1,10.399999618530273,52.0,1.0,50,2.0,8.393651962280273
C1,822,0.772547377988288,17.5,17.1,1,2.799999952316284,22.0,1.0,50,2.0,10.369524955749512
C1,823,0.7679480189220103,20.0,17.4,1,1.600000023841858,12.0,1.0,50,2.0,11.955047607421875
C1,824,0.49143651533961924,50.0,17.2,1,1.2000000476837158,6.0,1.0,50,2.0,9.839695930480957
C1,825,0.7694704801128012,17.6,17.2,1,2.0,18.0,1.0,50,2.0,8.303817749023438
C1,826,0.7756653383512933,17.6,17.2,1,3.5999999046325684,32.0,1.0,50,2.0,8.71562385559082
C1,827,0.8559587577917702,17.5,17.3,1,2.799999952316284,21.0,1.0,30,3.0,9.496041297912598
C1,828,0.8575724027518892,17.4,17.3,1,3.200000047683716,21.0,1.0,30,3.0,9.697624206542969
C1,829,0.5727547725551173,50.0,17.8,1,0.800000011920929,6.0,1.0,30,3.0,7.951908111572266
C1,830,0.6826224492010974,17.5,17.2,1,3.5999999046325684,33.0,1.0,90,3.0,7.437811374664307
C1,831,0.7735328278349288,32.800000000000004,26.4,1,12.399999618530273,66.0,1.0,30,3.0,9.129353523254395
C1,832,0.8591758329899635,17.8,17.4,1,3.5999999046325684,27.0,1.0,30,3.0,11.077611923217773
C1,833,0.8575724027518892,17.7,17.2,1,3.200000047683716,27.0,1.0,30,3.0,11.979900360107422
C1,834,0.8543353991895412,17.6,17.2,1,2.4000000953674316,18.0,1.0,30,3.0,10.387940406799316
C1,835,0.8543353991895412,17.6,17.2,1,2.4000000953674316,21.0,1.0,30,3.0,9.166097640991211
C1,836,0.7777783515041495,32.2,25.6,1,12.0,63.0,1.0,30,3.0,10.032991409301758
C1,837,0.8543353991895412,17.5,17.2,1,2.4000000953674316,18.0,1.0,30,3.0,10.553128242492676
C1,838,0.8591758329899635,18.2,17.4,1,3.5999999046325684,30.0,1.0,30,3.0,11.265210151672363
C1,839,0.8559587577917702,17.6,17.3,1,2.799999952316284,24.0,1.0,30,3.0,9.959126472473145
C1,840,0.577702823555001,50.0,17.2,1,2.0,9.0,1.0,30,3.0,8.77547550201416
C1,841,0.7799169395880747,32.5,26.4,1,13.600000381469727,75.0,1.0,30,3.0,10.065285682678223
C1,842,0.852702823555001,17.9,17.4,1,2.0,15.0,1.0,30,3.0,10.439170837402344
C1,843,0.852702823555001,17.8,17.3,1,2.0,15.0,1.0,30,3.0,10.930169105529785
C1,844,0.7694704801128012,17.4,17.2,1,2.0,15.0,1.0,50,3.0,8.558101654052734
C1,845,0.8575724027518892,17.4,17.2,1,3.200000047683716,24.0,1.0,30,3.0,7.534861087799072
C1,846,0.8670222991527153,17.5,17.2,1,5.599999904632568,45.0,1.0,30,3.0,8.254249572753906
C1,847,0.43181866503105076,50.0,17.3,1,0.800000011920929,5.0,1.0,70,1.0,8.685883522033691
C1,848,0.8559587577917702,17.5,17.1,1,2.799999952316284,18.0,1.0,30,3.0,8.678196907043457
C1,849,-0.5983309233780212,221.6,108.60000000000001,9,85.30000305175781,345.0,1.0,30,3.0,22.00691795349121
C1,850,0.5898333333333334,34.2,24.0,14,33.94285583496094,423.0,1.0,30,3.0,48.13748550415039
C1,851,0.8054166666666667,32.5,22.3,14,26.91428565979004,375.0,1.0,30,3.0,79.68248748779297
C1,852,0.8508263767906047,17.9,17.8,14,1.5428571701049805,78.0,1.0,30,3.0,86.74282836914062
C1,853,0.6809530287642803,17.7,17.4,14,1.5714285373687744,81.0,1.0,90,3.0,75.7790298461914
C1,854,0.8271840539417451,23.0,18.5,14,2.4857141971588135,90.0,1.0,30,3.0,56.53408432006836
C1,855,0.8516486756336443,17.8,17.6,14,1.7428570985794067,84.0,1.0,30,3.0,45.2537841796875
C1,856,0.6994497823098363,19.599999999999998,17.8,13,1.1076923608779907,33.0,1.0,70,1.0,39.28560256958008
C1,857,0.2621666666666667,39.4,27.3,1,24.399999618530273,93.0,1.0,30,3.0,35.83802795410156
C1,858,0.7831442973933647,32.4,25.4,1,14.399999618530273,75.0,1.0,30,3.0,33.369483947753906
C1,859,0.7862781485892476,32.300000000000004,24.8,1,15.199999809265137,81.0,1.0,30,3.0,31.08835792541504
C1,860,0.7835281485892476,32.599999999999994,26.200000000000003,1,15.199999809265137,81.0,1.0,30,3.0,29.18634796142578
C1,861,0.35897499999999993,51.1,34.9,2,22.799999237060547,120.0,1.0,30,3.0,30.045141220092773
C1,862,0.7725310005661772,31.6,21.1,2,8.800000190734863,81.0,1.0,30,3.0,30.5604190826416
C1,863,0.6119655540756738,43.6,30.099999999999998,2,16.200000762939453,80.0,1.0,50,2.0,32.6029167175293
C1,864,0.6122642164174877,43.1,29.8,2,15.199999809265137,80.0,1.0,50,2.0,33.82841873168945
C1,865,0.7430833333333333,39.300000000000004,28.9,2,25.0,138.0,1.0,30,3.0,37.097049713134766
C1,866,0.648,48.800000000000004,33.300000000000004,3,37.0,168.0,1.0,30,3.0,41.19156265258789
C1,867,0.7325550283512079,38.199999999999996,25.9,3,15.333333015441895,123.0,1.0,30,3.0,43.7816047668457
C1,868,0.6917549449991374,32.5,22.700000000000003,3,11.066666603088379,111.0,1.0,50,3.0,44.13562774658203
C1,869,0.7021143914381323,28.6,20.6,3,4.933333396911621,75.0,1.0,50,3.0,40.2147102355957
C1,870,0.488942272804311,50.0,17.6,3,0.5333333611488342,3.0,1.0,50,3.0,32.52882766723633
C1,871,0.6669890368229253,32.2,20.2,3,4.400000095367432,60.0,1.0,50,3.0,25.6506290435791
C1,872,0.5567547725551173,50.0,17.3,1,0.800000011920929,6.0,1.0,30,2.0,18.590377807617188
C1,873,0.49143651533961924,50.0,17.5,1,1.2000000476837158,9.0,1.0,50,3.0,14.620893478393555
C1,874,0.49143651533961924,50.0,17.6,1,1.2000000476837158,9.0,1.0,50,3.0,9.972536087036133
C1,875,0.8510615300280377,17.8,17.5,1,1.600000023841858,12.0,1.0,30,2.0,7.583521366119385
C1,876,0.7868717197831727,18.0,17.6,1,6.400000095367432,45.0,1.0,50,3.0,7.750113010406494
C1,877,0.5727547725551173,50.0,17.6,1,0.800000011920929,6.0,1.0,30,3.0,7.716734409332275
C1,878,0.7694704801128012,17.9,17.7,1,2.0,12.0,1.0,50,2.0,7.696707248687744
C1,879,0.49143651533961924,50.0,17.6,1,1.2000000476837158,6.0,1.0,50,2.0,6.084691047668457
C1,880,0.49294801892201023,50.0,17.6,1,1.600000023841858,8.0,1.0,50,2.0,5.384148120880127
C1,881,0.7829171030202355,32.300000000000004,25.7,1,14.0,75.0,1.0,30,3.0,7.497155666351318
C1,882,0.5744120147012152,50.0,17.7,1,1.2000000476837158,8.0,1.0,30,2.0,8.898293495178223
C1,883,0.5744120147012152,50.0,17.4,1,1.2000000476837158,9.0,1.0,30,3.0,9.605642318725586
C1,884,0.852702823555001,18.0,17.5,1,2.0,15.0,1.0,30,3.0,7.3633856773376465
C1,885,0.8510615300280377,18.3,17.4,1,1.600000023841858,12.0,1.0,30,3.0,6.018031120300293
C1,886,0.8607685509003341,17.9,17.4,1,4.0,39.0,1.0,30,3.0,6.54415225982666
C1,887,0.8543353991895412,17.9,17.4,1,2.4000000953674316,21.0,1.0,30,3.0,7.126491069793701
C1,888,0.5760615300280377,50.0,17.4,1,1.600000023841858,9.0,1.0,30,3.0,7.3425612449646
C1,889,0.7068186650310507,18.9,17.6,1,0.800000011920929,10.0,1.0,70,1.0,7.072203636169434
C1,890,0.8607685509003341,17.8,17.4,1,4.0,36.0,1.0,30,3.0,7.576655387878418
C1,891,0.7746697182260822,32.4,25.7,1,11.600000381469727,60.0,1.0,30,3.0,10.14599323272705
C1,892,0.772547377988288,18.1,17.4,1,2.799999952316284,18.0,1.0,50,3.0,11.15426254272461
C1,893,0.8591758329899635,18.0,17.5,1,3.5999999046325684,30.0,1.0,30,3.0,11.492557525634766
C1,894,0.8559587577917702,17.8,17.4,1,2.799999952316284,21.0,1.0,30,3.0,9.962201118469238
C1,895,0.8543353991895412,17.6,17.4,1,2.4000000953674316,21.0,1.0,30,3.0,9.17732048034668
C1,896,0.772016042474678,33.099999999999994,26.200000000000003,1,12.800000190734863,66.0,1.0,30,3.0,10.306392669677734
C1,897,0.8543353991895412,17.6,17.4,1,2.4000000953674316,24.0,1.0,30,3.0,11.117168426513672
C1,898,0.8607685509003341,17.8,17.3,1,4.0,30.0,1.0,30,3.0,12.003634452819824
C1,899,0.8591758329899635,17.9,17.6,1,3.5999999046325684,30.0,1.0,30,3.0,10.935514450073242
C1,900,0.852702823555001,17.8,17.5,1,2.0,12.0,1.0,30,3.0,9.761308670043945
C1,901,0.7738493758080114,32.9,26.1,1,12.800000190734863,63.0,1.0,30,3.0,10.523451805114746
C1,902,0.8575724027518892,17.6,17.4,1,3.200000047683716,21.0,1.0,30,3.0,10.580738067626953
C1,903,0.7679480189220103,17.8,17.4,1,1.600000023841858,14.0,1.0,50,1.0,11.948442459106445
C1,904,0.8670222991527153,17.9,17.6,1,5.599999904632568,42.0,1.0,30,3.0,11.835732460021973
C1,905,0.7756827091413446,32.7,26.3,1,12.800000190734863,75.0,1.0,30,3.0,14.168106079101562
C1,906,0.8715756855237148,17.7,17.4,1,6.800000190734863,57.0,1.0,30,3.0,16.23419761657715
C1,907,0.8685539631541367,17.6,17.3,1,6.0,54.0,1.0,30,3.0,18.007184982299805
C1,908,0.8639198485148963,17.8,17.5,1,4.800000190734863,39.0,1.0,30,3.0,17.470977783203125
C1,909,0.8654774278277694,17.8,17.4,1,5.199999809265137,45.0,1.0,30,3.0,16.61591911315918
C1,910,0.7835281485892476,32.599999999999994,25.2,1,15.199999809265137,81.0,1.0,30,3.0,17.302885055541992
C1,911,0.2875604050119025,56.099999999999994,41.7,1,42.400001525878906,129.0,1.0,70,3.0,21.715065002441406
C1,912,0.848766825784299,17.5,17.1,2,3.0,45.0,1.0,30,3.0,24.36237144470215
C1,913,0.7672886420175073,31.7,21.6,2,7.599999904632568,66.0,1.0,30,3.0,25.284090042114258
C1,914,0.6816110464429402,17.6,17.1,2,2.4000000953674316,36.0,1.0,90,2.0,22.503787994384766
C1,915,0.8535202322523546,17.7,17.1,2,2.200000047683716,33.0,1.0,30,3.0,20.30227279663086
C1,916,0.605822664696372,32.300000000000004,22.3,2,6.0,52.0,1.0,70,2.0,19.51469612121582
C1,917,0.7041808830841544,32.2,25.1,1,15.199999809265137,78.0,1.0,50,3.0,20.10881805419922
C1,918,0.7772390996697683,17.6,17.3,1,4.0,33.0,1.0,50,3.0,20.465290069580078
C1,919,0.7772390996697683,17.8,17.3,1,4.0,39.0,1.0,50,3.0,18.94584083557129
C1,920,0.6984776007774754,32.2,33.7,1,12.0,63.0,1.0,50,3.0,17.367504119873047
C1,921,0.6972500000000001,44.3,34.1,1,24.799999237060547,90.0,1.0,30,3.0,18.95383644104004
C1,922,0.7741013474818902,18.0,17.6,1,3.200000047683716,24.0,1.0,50,3.0,19.238967895507812
C1,923,0.6966442674441421,32.4,25.9,1,12.0,63.0,1.0,50,3.0,19.41004753112793
C1,924,0.6956017730581608,32.7,26.3,1,12.399999618530273,60.0,1.0,50,3.0,18.17936134338379
C1,925,0.7756653383512933,17.9,17.6,1,3.5999999046325684,30.0,1.0,50,3.0,17.707616806030273
C1,926,0.6451889676532383,44.2,33.6,1,25.600000381469727,96.0,1.0,50,3.0,18.891237258911133
C1,927,0.7852450715527084,17.7,17.5,1,6.0,54.0,1.0,50,3.0,19.334741592407227
C1,928,0.7741013474818902,17.9,17.4,1,3.200000047683716,24.0,1.0,50,3.0,19.334178924560547
C1,929,0.6359587548975146,44.0,33.7,1,22.799999237060547,90.0,1.0,50,3.0,19.06717300415039
C1,930,0.7000616637718109,32.4,25.3,1,12.800000190734863,63.0,1.0,50,3.0,19.306970596313477
C1,931,0.7101092620169174,32.800000000000004,25.3,1,16.0,81.0,1.0,50,3.0,21.984182357788086
C1,932,0.6593559641170779,44.1,33.8,1,29.200000762939453,108.0,1.0,50,3.0,24.3905086517334
C1,933,0.7852450715527084,17.6,17.4,1,6.0,51.0,1.0,50,3.0,25.30097198486328
C1,934,0.6929776007774754,32.800000000000004,26.599999999999998,1,12.0,60.0,1.0,50,3.0,24.913917541503906
C1,935,0.7085142164174877,32.599999999999994,26.4,1,15.199999809265137,75.0,1.0,50,3.0,23.215017318725586
C1,936,0.7070348022264842,32.2,25.7,1,14.0,75.0,1.0,50,3.0,23.26234245300293
C1,937,0.7788223701562585,17.6,17.3,1,4.400000095367432,39.0,1.0,50,3.0,22.357406616210938
C1,938,0.7917971449624854,17.6,17.3,1,7.599999904632568,57.0,1.0,50,3.0,21.01444435119629
C1,939,0.6822774582840988,17.6,17.3,1,3.200000047683716,27.0,1.0,90,3.0,18.075332641601562
C1,940,0.8575724027518892,17.8,17.4,1,3.200000047683716,24.0,1.0,30,3.0,15.6451997756958
C1,941,0.6630226307837445,43.7,33.5,1,29.200000762939453,108.0,1.0,50,3.0,16.453786849975586
C1,942,0.7788223701562585,17.9,17.5,1,4.400000095367432,36.0,1.0,50,3.0,17.338937759399414
C1,943,0.6375724056283275,44.0,33.9,1,23.200000762939453,90.0,1.0,50,3.0,20.803363800048828
C1,944,0.7205905564526872,17.9,17.6,1,6.800000190734863,57.0,1.0,70,3.0,20.6153507232666
C1,945,0.7741013474818902,17.6,17.3,1,3.200000047683716,30.0,1.0,50,3.0,20.235877990722656
C1,946,0.7901480715057302,17.7,17.4,1,7.199999809265137,57.0,1.0,50,3.0,18.541526794433594
C1,947,0.6912728820215944,32.800000000000004,26.599999999999998,1,11.600000381469727,63.0,1.0,50,3.0,17.791582107543945
C1,948,0.7804148819201024,17.9,17.4,1,4.800000190734863,39.0,1.0,50,3.0,17.741615295410156
C1,949,0.7804148819201024,18.0,17.7,1,4.800000190734863,42.0,1.0,50,3.0,17.04496955871582
C1,950,0.6929776007774754,32.800000000000004,25.7,1,12.0,60.0,1.0,50,3.0,16.493648529052734
C1,951,0.7868717197831727,18.0,17.6,1,6.400000095367432,57.0,1.0,50,3.0,16.96285629272461
C1,952,0.8591758329899635,17.9,17.5,1,3.5999999046325684,27.0,1.0,30,3.0,16.577713012695312
C1,953,0.8639198485148963,17.8,17.5,1,4.800000190734863,39.0,1.0,30,3.0,15.413294792175293
C1,954,0.8575724027518892,17.9,17.5,1,3.200000047683716,24.0,1.0,30,3.0,13.247977256774902
C1,955,0.8623500559002011,17.9,17.5,1,4.400000095367432,36.0,1.0,30,3.0,12.348786354064941
C1,956,0.612624408164995,33.099999999999994,26.599999999999998,1,11.199999809265137,54.0,1.0,70,2.0,13.675938606262207
C1,957,0.8607685509003341,17.9,17.6,1,4.0,33.0,1.0,30,3.0,14.87222957611084
C1,958,0.6826224492010974,17.9,17.6,1,3.5999999046325684,27.0,1.0,90,3.0,15.190004348754883
C1,959,0.8670222991527153,17.7,17.5,1,5.599999904632568,48.0,1.0,30,3.0,13.914002418518066
C1,960,0.8607685509003341,17.9,18.1,1,4.0,30.0,1.0,30,3.0,13.015068054199219
C1,961,0.7783337696869022,32.800000000000004,26.200000000000003,1,14.0,72.0,1.0,30,3.0,14.4757080078125
C1,962,0.8654774278277694,18.3,17.7,1,5.199999809265137,42.0,1.0,30,3.0,15.085424423217773
C1,963,0.8591758329899635,17.7,17.4,1,3.5999999046325684,30.0,1.0,30,3.0,15.451254844665527
C1,964,0.852702823555001,17.9,17.6,1,2.0,12.0,1.0,30,3.0,13.0040864944458
C1,965,0.8575724027518892,17.9,17.5,1,3.200000047683716,27.0,1.0,30,3.0,10.869118690490723
C1,966,0.8700719235523432,17.8,17.5,1,6.400000095367432,45.0,1.0,30,3.0,10.254804611206055
C1,967,0.5744120147012152,50.0,17.3,1,1.2000000476837158,9.0,1.0,30,3.0,9.752882957458496
C1,968,0.8575724027518892,17.7,17.4,1,3.200000047683716,24.0,1.0,30,3.0,9.31839656829834
C1,969,0.5744120147012152,50.0,17.6,1,1.2000000476837158,9.0,1.0,30,3.0,7.457704544067383
C1,970,0.577702823555001,50.0,17.4,1,2.0,9.0,1.0,30,3.0,6.341289520263672
C1,971,0.7868080009461091,32.800000000000004,26.1,1,17.200000762939453,87.0,1.0,30,3.0,8.471440315246582
C1,972,0.8510615300280377,18.1,17.6,1,1.600000023841858,12.0,1.0,30,3.0,9.882863998413086
C1,973,0.5727547725551173,50.0,17.5,1,0.800000011920929,9.0,1.0,30,3.0,10.729718208312988
C1,974,0.8607685509003341,17.8,17.4,1,4.0,30.0,1.0,30,3.0,8.704497337341309
C1,975,0.8510615300280377,18.4,17.4,1,1.600000023841858,15.0,1.0,30,3.0,7.622698783874512
C1,976,0.8623500559002011,17.8,17.4,1,4.400000095367432,39.0,1.0,30,3.0,8.306952476501465
C1,977,0.8607685509003341,17.5,17.3,1,4.0,33.0,1.0,30,3.0,8.850837707519531
C1,978,0.5727547725551173,50.0,17.3,1,0.800000011920929,3.0,1.0,30,3.0,8.64383602142334
C1,979,0.5727547725551173,50.0,17.3,1,0.800000011920929,6.0,1.0,30,3.0,7.052968502044678
C1,980,0.8623500559002011,17.7,17.5,1,4.400000095367432,33.0,1.0,30,3.0,6.098447799682617
C1,981,0.8639198485148963,17.8,17.5,1,4.800000190734863,42.0,1.0,30,3.0,7.259068489074707
C1,982,0.5744120147012152,50.0,17.5,1,1.2000000476837158,9.0,1.0,30,3.0,8.088774681091309
C1,983,0.8591758329899635,17.7,17.4,1,3.5999999046325684,30.0,1.0,30,3.0,8.453264236450195
C1,984,0.5744120147012152,50.0,17.5,1,1.2000000476837158,6.0,1.0,30,3.0,7.071959018707275
C1,985,0.5744120147012152,50.0,17.4,1,1.2000000476837158,9.0,1.0,30,3.0,6.243175506591797
C1,986,0.779000272921408,32.599999999999994,26.0,1,13.600000381469727,69.0,1.0,30,3.0,7.479238510131836
C1,987,0.8543353991895412,17.8,17.5,1,2.4000000953674316,21.0,1.0,30,3.0,8.887542724609375
C1,988,0.8543353991895412,17.7,17.4,1,2.4000000953674316,15.0,1.0,30,3.0,9.999192237854004
C1,989,0.8575724027518892,17.8,17.5,1,3.200000047683716,27.0,1.0,30,3.0,8.799515724182129
C1,990,0.5744120147012152,50.0,17.7,1,1.2000000476837158,6.0,1.0,30,3.0,7.4130425453186035
C1,991,0.8639198485148963,18.0,17.5,1,4.800000190734863,39.0,1.0,30,3.0,7.647825717926025
C1,992,0.8654774278277694,17.7,17.6,1,5.199999809265137,42.0,1.0,30,3.0,8.455362319946289
C1,993,0.8510615300280377,17.8,17.5,1,1.600000023841858,12.0,1.0,30,3.0,9.206550598144531
C1,994,0.8543353991895412,18.0,17.6,1,2.4000000953674316,18.0,1.0,30,3.0,8.723930358886719
C1,995,0.8607685509003341,17.8,17.5,1,4.0,36.0,1.0,30,3.0,8.167691230773926
C1,996,0.8623500559002011,17.7,17.4,1,4.400000095367432,39.0,1.0,30,3.0,9.033947944641113
C1,997,0.8510615300280377,17.7,17.4,1,1.600000023841858,12.0,1.0,30,3.0,9.287035942077637
C1,998,0.8575724027518892,17.7,17.4,1,3.200000047683716,24.0,1.0,30,3.0,8.90555477142334
C1,999,0.852702823555001,18.0,17.4,1,2.0,15.0,1.0,30,3.0,7.609999656677246
C1,1000,0.8494120147012152,18.1,17.5,1,1.2000000476837158,12.0,1.0,30,3.0,6.832666397094727
C1,1001,0.7853614819225809,32.4,25.8,1,15.199999809265137,81.0,1.0,30,3.0,8.8996000289917
C1,1002,0.5760615300280377,50.0,17.6,1,1.600000023841858,9.0,1.0,30,3.0,9.873093605041504
C1,1003,0.8700719235523432,17.7,17.4,1,6.400000095367432,57.0,1.0,30,3.0,12.457189559936523
C1,1004,0.7963754244584368,26.5,18.0,1,2.799999952316284,18.0,1.0,30,3.0,11.207647323608398
C1,1005,0.5744120147012152,50.0,17.7,1,1.2000000476837158,9.0,1.0,30,3.0,10.457921028137207
C1,1006,0.8623500559002011,17.9,17.5,1,4.400000095367432,36.0,1.0,30,3.0,9.074752807617188
C1,1007,0.8559587577917702,17.8,17.5,1,2.799999952316284,24.0,1.0,30,3.0,8.511518478393555
C1,1008,0.5727547725551173,50.0,17.4,1,0.800000011920929,3.0,1.0,30,3.0,7.9069108963012695
C1,1009,0.852702823555001,17.7,17.5,1,2.0,15.0,1.0,30,3.0,6.610813140869141
C1,1010,0.8559587577917702,17.9,17.5,1,2.799999952316284,24.0,1.0,30,3.0,5.833154678344727
C1,1011,0.8654774278277694,18.1,17.6,1,5.199999809265137,45.0,1.0,30,3.0,7.233226299285889
C1,1012,0.7726161611682623,32.9,26.4,1,12.399999618530273,66.0,1.0,30,3.0,10.339935302734375
C1,1013,0.19409210302023552,99.3,52.5,3,46.0,180.0,1.0,30,3.0,19.13729476928711
C1,1014,0.73325626561546,38.5,25.9,3,16.66666603088379,123.0,1.0,30,3.0,27.88237762451172
C1,1015,0.5722007269431791,50.0,17.4,3,0.6666666865348816,9.0,1.0,30,3.0,30.596092224121094
C1,1016,0.7367095659876004,38.3,26.1,3,17.33333396911621,129.0,1.0,30,3.0,29.95765495300293
C1,1017,0.6910833333333334,44.1,30.4,4,35.86666488647461,201.0,1.0,30,3.0,33.041259765625
C1,1018,0.7653102077737585,18.2,17.3,4,0.8999999761581421,27.0,1.0,50,3.0,35.69142150878906
C1,1019,0.7656849398620174,17.9,17.2,4,1.0,27.0,1.0,50,3.0,32.74818801879883
C1,1020,0.6773050680725813,32.4,21.8,4,7.400000095367432,108.0,1.0,50,3.0,26.84891128540039
C1,1021,0.6875953959069347,33.9,23.900000000000002,4,13.100000381469727,126.0,1.0,50,3.0,27.709346771240234
C1,1022,0.6922394573094187,33.300000000000004,23.400000000000002,4,12.899999618530273,126.0,1.0,50,3.0,32.625606536865234
C1,1023,0.27284432580034335,76.30000000000001,41.2,3,63.20000076293945,216.0,1.0,50,3.0,40.3753662109375
C1,1024,0.14611640721348454,69.4,39.5,6,73.76000213623047,309.0,1.0,50,3.0,53.15855407714844
C1,1025,0.7400642392450612,23.599999999999998,18.700000000000003,6,2.933333396911621,78.0,1.0,50,3.0,58.695133209228516
C1,1026,0.7109950715527084,28.1,19.8,6,6.0,108.0,1.0,50,3.0,57.217079162597656
C1,1027,0.7646872296682589,18.599999999999998,17.3,6,0.7333333492279053,15.0,1.0,50,3.0,43.263580322265625
C1,1028,0.765435040027858,17.9,17.4,6,0.9333333373069763,36.0,1.0,50,3.0,33.02481460571289
C1,1029,0.6944897611092526,28.6,19.2,6,3.0,75.0,1.0,50,3.0,25.414888381958008
C1,1030,0.5649361839831668,18.3,17.6,1,0.800000011920929,15.0,1.0,50,3.0,20.848934173583984
C1,1031,0.34305,59.8,43.2,1,50.0,147.0,1.0,50,3.0,23.042694091796875
C1,1032,0.7102289394594261,32.599999999999994,26.200000000000003,1,15.600000381469727,78.0,1.0,50,3.0,24.49228286743164
C1,1033,0.7804148819201024,17.9,17.5,1,4.800000190734863,39.0,1.0,50,3.0,26.42870330810547
C1,1034,0.7804148819201024,17.7,17.5,1,4.800000190734863,36.0,1.0,50,3.0,22.6572208404541
C1,1035,0.8543353991895412,17.6,17.4,1,2.4000000953674316,21.0,1.0,30,3.0,17.861000061035156
C1,1036,0.8670222991527153,17.8,17.4,1,5.599999904632568,48.0,1.0,30,3.0,15.38326644897461
C1,1037,0.8639198485148963,18.0,17.5,1,4.800000190734863,39.0,1.0,30,3.0,14.029959678649902
C1,1038,0.8543353991895412,17.7,17.5,1,2.4000000953674316,18.0,1.0,30,3.0,13.08464241027832
C1,1039,0.8543353991895412,18.3,17.5,1,2.4000000953674316,18.0,1.0,30,3.0,11.18411922454834
C1,1040,0.8559587577917702,17.9,17.6,1,2.799999952316284,21.0,1.0,30,3.0,9.243804931640625
C1,1041,0.3455,56.0,39.1,2,32.0,129.0,1.0,30,3.0,13.01294994354248
C1,1042,0.7649361839831669,17.8,17.1,2,0.800000011920929,12.0,1.0,50,2.0,15.274435997009277
C1,1043,0.8502377688575918,17.7,17.2,2,1.399999976158142,27.0,1.0,30,3.0,16.897994995117188
C1,1044,0.8494120147012152,17.7,17.1,2,1.2000000476837158,15.0,1.0,30,3.0,12.805463790893555
C1,1045,0.8502377688575918,17.8,17.3,2,1.399999976158142,18.0,1.0,30,3.0,10.349945068359375
C1,1046,0.8503754262827479,17.7,17.2,1,3.4000000953674316,57.0,1.0,30,3.0,10.209966659545898
C1,1047,0.8591758329899635,17.8,17.5,1,3.5999999046325684,30.0,1.0,30,3.0,10.792646408081055
C1,1048,0.852702823555001,17.9,17.4,1,2.0,18.0,1.0,30,3.0,11.142254829406738
C1,1049,0.7694704801128012,18.0,17.6,1,2.0,16.0,1.0,50,2.0,9.885353088378906
C1,1050,0.7664365153396192,17.9,17.5,1,1.2000000476837158,10.0,1.0,50,2.0,8.464545249938965
C1,1051,0.7788223701562585,17.9,17.4,1,4.400000095367432,36.0,1.0,50,2.0,9.21205997467041
C1,1052,0.7694704801128012,18.3,17.4,1,2.0,16.0,1.0,50,2.0,9.660569190979004
C1,1053,0.7664365153396192,17.7,17.5,1,1.2000000476837158,10.0,1.0,50,2.0,9.929675102233887
C1,1054,0.49143651533961924,50.0,17.4,1,1.2000000476837158,6.0,1.0,50,2.0,8.09113883972168
C1,1055,0.7710036769368389,17.8,17.5,1,2.4000000953674316,18.0,1.0,50,2.0,7.121349811553955
C1,1056,0.7756653383512933,17.9,17.6,1,3.5999999046325684,30.0,1.0,50,2.0,7.872809886932373
C1,1057,0.772547377988288,17.8,17.5,1,2.799999952316284,22.0,1.0,50,2.0,9.390352249145508
C1,1058,0.7694704801128012,17.9,17.5,1,2.0,14.0,1.0,50,2.0,10.034211158752441
C1,1059,0.7694704801128012,17.9,17.6,1,2.0,16.0,1.0,50,2.0,9.487194061279297
C1,1060,0.8543353991895412,18.3,17.6,1,2.4000000953674316,18.0,1.0,30,3.0,8.492316246032715
C1,1061,0.5708039030397296,32.4,25.1,1,5.599999904632568,25.0,1.0,90,1.0,10.295390129089355
C1,1062,0.8543353991895412,17.8,17.6,1,2.4000000953674316,21.0,1.0,30,3.0,11.243900299072266
C1,1063,0.8575724027518892,18.0,17.5,1,3.200000047683716,27.0,1.0,30,3.0,12.213006973266602
C1,1064,0.8575724027518892,18.4,17.6,1,3.200000047683716,24.0,1.0,30,3.0,10.527804374694824
C1,1065,0.8543353991895412,18.1,17.6,1,2.4000000953674316,18.0,1.0,30,3.0,9.383349418640137
C1,1066,0.8670222991527153,17.7,17.5,1,5.599999904632568,48.0,1.0,30,3.0,9.630009651184082
C1,1067,0.8623500559002011,18.1,17.6,1,4.400000095367432,33.0,1.0,30,3.0,10.178006172180176
C1,1068,0.8559587577917702,17.8,17.5,1,2.799999952316284,21.0,1.0,30,3.0,10.64013671875
C1,1069,0.8575724027518892,18.1,17.6,1,3.200000047683716,24.0,1.0,30,3.0,9.850749015808105
C1,1070,0.8591758329899635,17.9,17.5,1,3.5999999046325684,27.0,1.0,30,3.0,9.110448837280273
C1,1071,0.8700719235523432,17.6,17.4,1,6.400000095367432,54.0,1.0,30,3.0,10.132936477661133
C1,1072,0.8543353991895412,17.8,17.4,1,2.4000000953674316,18.0,1.0,30,3.0,10.479762077331543
C1,1073,0.8591758329899635,17.9,17.5,1,3.5999999046325684,30.0,1.0,30,3.0,10.82119083404541
C1,1074,0.5760615300280377,50.0,18.4,1,1.600000023841858,9.0,1.0,30,3.0,9.026047706604004
C1,1075,0.8559587577917702,17.6,17.3,1,2.799999952316284,21.0,1.0,30,3.0,8.082295417785645
C1,1076,0.8670222991527153,17.7,17.4,1,5.599999904632568,48.0,1.0,30,3.0,8.316043853759766
C1,1077,0.8559587577917702,17.8,17.4,1,2.799999952316284,24.0,1.0,30,3.0,9.12295913696289
C1,1078,0.8510615300280377,17.9,17.4,1,1.600000023841858,12.0,1.0,30,3.0,9.207109451293945
C1,1079,0.8575724027518892,17.9,17.6,1,3.200000047683716,30.0,1.0,30,3.0,8.457598686218262
C1,1080,0.8543353991895412,17.9,17.5,1,2.4000000953674316,18.0,1.0,30,3.0,7.741225719451904
C1,1081,0.7706240379858561,32.7,25.7,1,11.199999809265137,60.0,1.0,30,3.0,9.444735527038574
C1,1082,0.8654774278277694,17.8,17.4,1,5.199999809265137,39.0,1.0,30,3.0,10.866841316223145
C1,1083,0.8543353991895412,17.9,17.5,1,2.4000000953674316,18.0,1.0,30,3.0,11.720105171203613
C1,1084,0.8559587577917702,17.9,17.4,1,2.799999952316284,15.0,1.0,30,3.0,10.232063293457031
C1,1085,0.8591758329899635,17.7,17.4,1,3.5999999046325684,30.0,1.0,30,3.0,8.939237594604492
C1,1086,0.8654774278277694,17.7,17.4,1,5.199999809265137,45.0,1.0,30,3.0,9.363542556762695
C1,1087,0.8575724027518892,17.7,17.4,1,3.200000047683716,24.0,1.0,30,3.0,10.018125534057617
C1,1088,0.709325018440201,18.1,17.6,1,2.0,13.0,1.0,70,1.0,10.810874938964844
C1,1089,0.852702823555001,17.6,17.4,1,2.0,15.0,1.0,30,3.0,9.953191757202148
C1,1090,0.8559587577917702,18.0,17.6,1,2.799999952316284,15.0,1.0,30,3.0,9.038581848144531
C1,1091,0.7748942973933647,33.300000000000004,26.599999999999998,1,14.399999618530273,75.0,1.0,30,3.0,10.089816093444824
C1,1092,0.8670222991527153,17.8,17.5,1,5.599999904632568,45.0,1.0,30,3.0,12.053889274597168
C1,1093,0.8510615300280377,17.9,17.4,1,1.600000023841858,15.0,1.0,30,3.0,13.23233413696289
C1,1094,0.8559587577917702,17.7,17.5,1,2.799999952316284,21.0,1.0,30,3.0,11.539400100708008
C1,1095,0.8543353991895412,18.2,17.5,1,2.4000000953674316,18.0,1.0,30,3.0,9.323639869689941
C1,1096,0.8700719235523432,17.7,17.4,1,6.400000095367432,51.0,1.0,30,3.0,9.594183921813965
C1,1097,0.8559587577917702,17.8,17.5,1,2.799999952316284,24.0,1.0,30,3.0,9.889843940734863
C1,1098,0.8591758329899635,17.6,17.4,1,3.5999999046325684,27.0,1.0,30,3.0,10.467239379882812
C1,1099,0.852702823555001,18.1,17.7,1,2.0,15.0,1.0,30,3.0,9.213677406311035
C1,1100,0.8591758329899635,17.7,17.4,1,3.5999999046325684,30.0,1.0,30,3.0,8.728206634521484
C1,1101,0.7000000000000001,44.0,33.5,1,28.0,105.0,1.0,30,3.0,11.903590202331543
C1,1102,0.8559587577917702,17.7,17.5,1,2.799999952316284,24.0,1.0,30,3.0,14.208821296691895
C1,1103,0.8543353991895412,18.1,17.6,1,2.4000000953674316,18.0,1.0,30,3.0,15.058626174926758
C1,1104,0.8543353991895412,17.9,17.4,1,2.4000000953674316,15.0,1.0,30,3.0,11.568509101867676
C1,1105,0.852702823555001,17.9,17.4,1,2.0,15.0,1.0,30,3.0,9.07443904876709
C1,1106,0.8715756855237148,17.8,17.5,1,6.800000190734863,57.0,1.0,30,3.0,9.31132984161377
C1,1107,0.852702823555001,17.7,17.5,1,2.0,18.0,1.0,30,3.0,9.586797714233398
C1,1108,0.8575724027518892,17.7,17.4,1,3.200000047683716,24.0,1.0,30,3.0,10.152078628540039
C1,1109,0.8591758329899635,18.0,17.6,1,3.5999999046325684,33.0,1.0,30,3.0,9.424580574035645
C1,1110,0.8559587577917702,18.0,17.5,1,2.799999952316284,21.0,1.0,30,3.0,9.121415138244629
C1,1111,0.7783337696869022,32.800000000000004,26.9,1,14.0,72.0,1.0,30,3.0,11.07284927368164
C1,1112,0.8591758329899635,17.8,17.5,1,3.5999999046325684,27.0,1.0,30,3.0,11.977043151855469
C1,1113,0.8575724027518892,18.3,17.6,1,3.200000047683716,24.0,1.0,30,3.0,12.652892112731934
C1,1114,0.8543353991895412,17.7,17.5,1,2.4000000953674316,21.0,1.0,30,3.0,10.791735649108887
C1,1115,0.8591758329899635,17.8,17.5,1,3.5999999046325684,30.0,1.0,30,3.0,9.808374404907227
C1,1116,0.8700719235523432,17.7,17.5,1,6.400000095367432,57.0,1.0,30,3.0,10.685025215148926
C1,1117,0.8591758329899635,18.0,17.5,1,3.5999999046325684,27.0,1.0,30,3.0,11.477681159973145
C1,1118,0.8575724027518892,18.1,17.5,1,3.200000047683716,27.0,1.0,30,3.0,11.819942474365234
C1,1119,0.8607685509003341,17.9,17.5,1,4.0,33.0,1.0,30,3.0,10.958632469177246
C1,1120,0.8510615300280377,18.3,17.5,1,1.600000023841858,15.0,1.0,30,3.0,9.908512115478516
C1,1121,0.7728363848927489,32.599999999999994,25.7,1,11.600000381469727,63.0,1.0,30,3.0,10.878440856933594
C1,1122,0.8559587577917702,17.8,17.5,1,2.799999952316284,21.0,1.0,30,3.0,10.927064895629883
C1,1123,0.7084760865278696,18.1,17.7,1,1.600000023841858,12.0,1.0,70,2.0,11.089571952819824
C1,1124,0.8575724027518892,17.6,17.3,1,3.200000047683716,27.0,1.0,30,3.0,9.587076187133789
C1,1125,0.8559587577917702,17.8,17.4,1,2.799999952316284,24.0,1.0,30,3.0,8.818912506103516
C1,1126,0.8639198485148963,17.8,17.4,1,4.800000190734863,39.0,1.0,30,3.0,9.29134750366211
C1,1127,0.8623500559002011,17.6,17.4,1,4.400000095367432,39.0,1.0,30,3.0,10.108141899108887
C1,1128,0.8623500559002011,17.9,17.5,1,4.400000095367432,36.0,1.0,30,3.0,11.131551742553711
C1,1129,0.8575724027518892,17.7,17.5,1,3.200000047683716,27.0,1.0,30,3.0,11.212264060974121
C1,1130,0.8559587577917702,17.9,17.6,1,2.799999952316284,24.0,1.0,30,3.0,10.594025611877441
C1,1131,0.7128573394516842,17.7,17.4,1,3.5999999046325684,32.0,1.0,70,2.0,10.756415367126465
C1,1132,0.8591758329899635,17.8,17.5,1,3.5999999046325684,30.0,1.0,30,3.0,10.9871826171875
C1,1133,0.8575724027518892,17.7,17.4,1,3.200000047683716,27.0,1.0,30,3.0,11.258975982666016
C1,1134,0.8543353991895412,17.9,17.5,1,2.4000000953674316,18.0,1.0,30,3.0,10.088719367980957
C1,1135,0.8575724027518892,17.9,17.5,1,3.200000047683716,24.0,1.0,30,3.0,9.119897842407227
C1,1136,0.8639198485148963,17.8,17.6,1,4.800000190734863,45.0,1.0,30,3.0,9.338605880737305
C1,1137,0.852702823555001,19.599999999999998,17.6,1,2.0,16.0,1.0,30,2.0,9.736496925354004
C1,1138,0.852702823555001,17.7,17.4,1,2.0,14.0,1.0,30,2.0,9.841897964477539
C1,1139,0.852702823555001,18.3,17.5,1,2.0,18.0,1.0,30,2.0,9.105138778686523
C1,1140,0.8494120147012152,17.9,17.4,1,1.2000000476837158,10.0,1.0,30,2.0,8.263083457946777
C1,1141,0.7216693258003433,39.800000000000004,32.7,1,16.799999237060547,66.0,1.0,30,2.0,11.224516868591309
C1,1142,0.8559587577917702,17.9,17.4,1,2.799999952316284,24.0,1.0,30,2.0,13.401376724243164
C1,1143,0.7084760865278696,17.8,17.5,1,1.600000023841858,12.0,1.0,70,1.0,15.640826225280762
C1,1144,0.8575724027518892,17.9,17.6,1,3.200000047683716,24.0,1.0,30,3.0,13.651162147521973
C1,1145,0.8543353991895412,18.1,17.6,1,2.4000000953674316,21.0,1.0,30,3.0,11.79069709777832
C1,1146,0.8670222991527153,17.7,17.4,1,5.599999904632568,48.0,1.0,30,3.0,11.207751274108887
C1,1147,0.7710036769368389,17.9,17.6,1,2.4000000953674316,20.0,1.0,50,2.0,11.124650955200195
C1,1148,0.8670222991527153,18.0,17.5,1,5.599999904632568,48.0,1.0,30,3.0,12.27479076385498
C1,1149,0.8559587577917702,17.6,17.4,1,2.799999952316284,24.0,1.0,30,3.0,11.898207664489746
C1,1150,0.8510615300280377,18.1,17.5,1,1.600000023841858,15.0,1.0,30,3.0,11.00559139251709
C1,1151,0.7787275542479629,32.5,26.0,1,13.199999809265137,72.0,1.0,30,3.0,11.536687850952148
C1,1152,0.8639198485148963,18.0,17.5,1,4.800000190734863,39.0,1.0,30,3.0,12.522012710571289
C1,1153,0.8575724027518892,17.7,17.5,1,3.200000047683716,24.0,1.0,30,3.0,13.51320743560791
C1,1154,0.8575724027518892,17.8,17.5,1,3.200000047683716,24.0,1.0,30,3.0,11.974591255187988
C1,1155,0.8543353991895412,18.3,17.7,1,2.4000000953674316,18.0,1.0,30,3.0,10.118087768554688
C1,1156,0.8639198485148963,18.0,17.7,1,4.800000190734863,42.0,1.0,30,3.0,9.80418586730957
C1,1157,0.7772390996697683,18.1,17.6,1,4.0,33.0,1.0,50,3.0,10.01584529876709
C1,1158,0.8494120147012152,17.7,17.5,1,1.2000000476837158,10.0,1.0,30,1.0,10.67617416381836
C1,1159,0.7772390996697683,17.7,17.5,1,4.0,33.0,1.0,50,3.0,10.672370910644531
C1,1160,0.35625000000000007,55.0,42.0,1,45.599998474121094,135.0,1.0,50,3.0,15.203422546386719
C1,1161,0.6528219217511585,43.7,33.300000000000004,1,26.399999618530273,96.0,1.0,50,3.0,20.85538673400879
C1,1162,0.7820163576443,17.8,17.5,1,5.199999809265137,42.0,1.0,50,3.0,24.64656639099121
C1,1163,0.7836265182647975,17.9,17.5,1,5.599999904632568,45.0,1.0,50,3.0,22.92127227783203
C1,1164,0.7788223701562585,17.9,17.5,1,4.400000095367432,36.0,1.0,50,3.0,19.219430923461914
C1,1165,0.8623500559002011,17.8,17.4,1,4.400000095367432,39.0,1.0,30,3.0,16.864992141723633
C1,1166,0.33910315117531986,50.7,37.5,2,44.79999923706055,135.0,1.0,30,3.0,19.452327728271484
C1,1167,0.08249729365114644,77.10000000000001,39.699999999999996,6,54.400001525878906,264.0,1.0,30,3.0,31.138063430786133
C1,1168,0.7721910622804049,32.599999999999994,22.1,6,11.399999618530273,147.0,1.0,30,3.0,42.94950485229492
C1,1169,0.84886043483079,17.8,17.3,6,1.0666667222976685,45.0,1.0,30,3.0,46.03636932373047
C1,1170,0.8480314951353773,17.7,17.2,6,0.8666666746139526,39.0,1.0,30,3.0,37.88848876953125
C1,1171,0.8317477438070101,22.700000000000003,18.5,6,2.933333396911621,81.0,1.0,30,3.0,30.06642723083496
C1,1172,0.8496874835994619,17.7,17.2,6,1.2666666507720947,48.0,1.0,30,3.0,25.50652313232422
C1,1173,0.6098304437315443,32.300000000000004,21.5,2,9.866666793823242,90.0,1.0,30,3.0,25.037246704101562
C1,1174,0.15328109550390154,95.2,46.5,4,60.20000076293945,219.0,1.0,30,3.0,30.889015197753906
C1,1175,0.7640408221346539,32.800000000000004,22.9,6,14.600000381469727,174.0,1.0,30,3.0,40.00007629394531
C1,1176,0.7513333333333333,38.4,25.3,6,26.0,225.0,1.0,30,3.0,51.466712951660156
C1,1177,0.7739526139082196,31.9,21.1,6,10.0,138.0,1.0,30,3.0,54.7466926574707
C1,1178,0.7931329577104208,28.2,19.8,6,5.933333396911621,108.0,1.0,30,3.0,53.781349182128906
C1,1179,0.7892514842593876,28.400000000000002,20.1,6,5.400000095367432,99.0,1.0,30,3.0,47.602142333984375
C1,1180,0.7912996243770876,28.400000000000002,20.299999999999997,6,5.933333396911621,102.0,1.0,30,3.0,42.294620513916016
C1,1181,0.7627842571174354,34.6,24.5,5,17.399999618530273,183.0,1.0,30,3.0,42.44343948364258
C1,1182,0.7548869607606201,32.099999999999994,21.2,4,7.400000095367432,90.0,1.0,30,3.0,42.132728576660156
C1,1183,0.76575956481771,32.300000000000004,21.7,4,8.699999809265137,114.0,1.0,30,3.0,42.479637145996094
C1,1184,0.7658213505732901,31.9,21.1,4,7.699999809265137,96.0,1.0,30,3.0,38.82111740112305
C1,1185,0.7672370698159034,32.099999999999994,21.3,4,8.600000381469727,111.0,1.0,30,3.0,37.5593376159668
C1,1186,0.7719680294722627,31.7,21.2,4,8.899999618530273,114.0,1.0,30,3.0,36.802268981933594
C1,1187,0.6728202651596104,34.0,24.9,2,13.600000381469727,96.0,1.0,50,3.0,36.348026275634766
C1,1188,0.6528923605312171,38.199999999999996,25.9,2,14.199999809265137,93.0,1.0,50,3.0,35.275482177734375
C1,1189,0.6890007048844027,33.7,25.1,2,13.0,90.0,1.0,50,3.0,33.56528854370117
C1,1190,0.6834530495083366,32.0,21.5,2,8.0,69.0,1.0,50,3.0,31.339174270629883
C1,1191,0.7450070052002628,37.199999999999996,25.5,2,16.600000381469727,114.0,1.0,30,3.0,30.936838150024414
C1,1192,0.8575724027518892,17.7,17.2,2,3.200000047683716,51.0,1.0,30,3.0,28.96210289001465
C1,1193,0.7933872964874701,28.2,21.0,2,6.0,60.0,1.0,30,3.0,27.377262115478516
C1,1194,0.8583754262827479,17.7,17.1,2,3.4000000953674316,57.0,1.0,30,3.0,23.893024444580078
C1,1195,0.760688965819382,31.6,21.7,2,5.599999904632568,60.0,1.0,30,3.0,22.20248031616211
C1,1196,0.7714039841393917,31.8,21.2,2,9.0,84.0,1.0,30,3.0,22.25482177734375
C1,1197,0.7728336062547414,32.4,25.0,1,13.600000381469727,75.0,1.0,30,3.0,23.086225509643555
C1,1198,0.7756827091413446,32.7,26.599999999999998,1,12.800000190734863,60.0,1.0,30,3.0,23.58506965637207
C1,1199,0.7759450181708162,32.4,25.6,1,12.0,63.0,1.0,30,3.0,22.95104217529297
C1,1200,0.7737530515594156,32.5,25.4,1,11.600000381469727,60.0,1.0,30,3.0,21.90395736694336
C1,1201,0.7036666666666667,43.6,33.5,1,28.399999618530273,108.0,1.0,30,3.0,23.409042358398438
C1,1202,0.7759450181708162,32.4,25.5,1,12.0,63.0,1.0,30,3.0,24.312091827392578
C1,1203,0.6991449971051442,32.5,26.0,1,12.800000190734863,72.0,1.0,50,3.0,25.38725471496582
C1,1204,0.6852697985138302,17.8,17.6,1,6.400000095367432,54.0,1.0,90,3.0,23.632352828979492
C1,1205,0.7796442209146296,32.4,25.5,1,13.199999809265137,69.0,1.0,30,3.0,22.846078872680664
C1,1206,0.7100833333333334,42.9,33.6,1,22.799999237060547,90.0,1.0,30,3.0,23.174314498901367
C1,1207,0.8670222991527153,17.9,17.5,1,5.599999904632568,45.0,1.0,30,3.0,22.971254348754883
C1,1208,0.7737530515594156,32.5,24.9,1,11.600000381469727,66.0,1.0,30,3.0,22.71608543395996
C1,1209,0.7778108875812962,32.599999999999994,25.9,1,13.199999809265137,69.0,1.0,30,3.0,21.62965202331543
C1,1210,0.8591758329899635,18.0,17.6,1,3.5999999046325684,30.0,1.0,30,3.0,20.311124801635742
C1,1211,0.7009166666666666,43.9,33.7,1,25.600000381469727,96.0,1.0,30,3.0,20.853342056274414
C1,1212,0.8639198485148963,17.9,17.6,1,4.800000190734863,45.0,1.0,30,3.0,20.11200523376465
C1,1213,0.8654774278277694,17.9,17.6,1,5.199999809265137,45.0,1.0,30,3.0,20.33386993408203
C1,1214,0.8700719235523432,17.7,17.5,1,6.400000095367432,51.0,1.0,30,3.0,18.46698760986328
C1,1215,0.8639198485148963,17.9,17.6,1,4.800000190734863,42.0,1.0,30,3.0,17.213525772094727
C1,1216,0.7759775542479629,32.800000000000004,26.700000000000003,1,13.199999809265137,66.0,1.0,30,3.0,17.39478302001953
C1,1217,0.7803942973933647,32.7,26.1,1,14.399999618530273,72.0,1.0,30,3.0,18.43686866760254
C1,1218,0.8639198485148963,17.8,17.5,1,4.800000190734863,39.0,1.0,30,3.0,18.928789138793945
C1,1219,0.8623500559002011,17.8,17.5,1,4.400000095367432,39.0,1.0,30,3.0,18.02393913269043
C1,1220,0.8715756855237148,17.8,17.5,1,6.800000190734863,57.0,1.0,30,3.0,16.814363479614258
C1,1221,0.7810837696869022,32.5,25.9,1,14.0,72.0,1.0,30,3.0,17.55528450012207
C1,1222,0.8623500559002011,17.8,17.5,1,4.400000095367432,33.0,1.0,30,3.0,17.733171463012695
C1,1223,0.7128573394516842,17.8,17.6,1,3.5999999046325684,32.0,1.0,70,2.0,17.439903259277344
C1,1224,0.8591758329899635,17.9,17.5,1,3.5999999046325684,27.0,1.0,30,3.0,15.263941764831543
C1,1225,0.8510615300280377,18.4,17.6,1,1.600000023841858,14.0,1.0,30,2.0,13.425031661987305
C1,1226,0.7792504363535688,32.7,26.200000000000003,1,14.0,69.0,1.0,30,3.0,13.255019187927246
C1,1227,0.5112929821134468,43.9,33.5,1,10.399999618530273,39.0,1.0,70,1.0,17.153011322021484
C1,1228,0.8685539631541367,17.8,17.5,1,6.0,51.0,1.0,30,3.0,20.82513999938965
C1,1229,-0.13152904641122717,127.7,60.1,6,62.900001525878906,264.0,1.0,30,3.0,31.695083618164062
C1,1230,0.6922500000000001,43.1,28.400000000000002,8,35.771427154541016,250.0,1.0,30,2.0,49.6837158203125
C1,1231,0.5904166666666667,38.5,25.5,12,35.400001525878906,363.0,1.0,30,3.0,74.34356689453125
C1,1232,0.7907500000000001,34.1,23.8,12,29.96666717529297,354.0,1.0,30,3.0,93.13947296142578
C1,1233,0.7935,33.8,23.7,12,28.266666412353516,339.0,1.0,30,3.0,102.8170166015625
C1,1234,0.7980833333333334,33.300000000000004,23.3,12,27.899999618530273,336.0,1.0,30,3.0,107.42354583740234
C1,1235,0.6439143910032495,33.6,23.599999999999998,12,21.766666412353516,262.0,1.0,70,2.0,111.92079162597656
C1,1236,0.7546663525640621,34.5,24.2,12,11.366666793823242,134.0,1.0,30,1.0,117.41914367675781
C1,1237,0.7930468467327131,28.0,19.5,12,5.433333396911621,147.0,1.0,30,3.0,112.31815338134766
C1,1238,0.8024215982068507,28.0,19.7,12,7.933333396911621,174.0,1.0,30,3.0,99.52422332763672
C1,1239,0.6571494466131246,32.0,21.0,9,11.233333587646484,207.0,1.0,30,3.0,83.18119812011719
C1,1240,0.823096287609123,23.8,19.2,9,3.288888931274414,90.0,1.0,30,3.0,70.84205627441406
C1,1241,0.6548079176430022,41.6,27.2,11,53.93333435058594,357.0,1.0,30,3.0,71.5718994140625
C1,1242,0.7775,33.8,24.0,13,30.769229888916016,375.0,1.0,30,3.0,79.47647094726562
C1,1243,0.8008333333333334,33.0,22.9,13,30.738462448120117,402.0,1.0,30,3.0,98.08588409423828
C1,1244,0.8338342230375279,22.4,18.4,13,2.769230842590332,99.0,1.0,30,3.0,97.78486633300781
C1,1245,0.7917810005661773,29.5,20.299999999999997,13,8.800000190734863,180.0,1.0,30,3.0,88.93758392333984
C1,1246,0.799,33.2,23.2,13,24.24615478515625,324.0,1.0,30,3.0,80.16255187988281
C1,1247,0.7985866433388067,28.1,19.900000000000002,13,7.138461589813232,168.0,1.0,30,3.0,77.96419525146484
C1,1248,0.7975764765960051,27.0,19.3,13,4.246153831481934,123.0,1.0,30,3.0,74.11185455322266
C1,1249,0.7706718618878269,29.6,20.2,11,7.636363506317139,162.0,1.0,30,3.0,64.6004409790039
C1,1250,0.7802499999999999,33.5,23.8,13,34.181819915771484,381.0,1.0,30,3.0,68.36026763916016
C1,1251,0.8008333333333334,33.0,23.099999999999998,13,24.86153793334961,318.0,1.0,30,3.0,79.28282928466797
C1,1252,0.8008333333333334,33.0,22.9,13,24.492307662963867,315.0,1.0,30,3.0,92.63636016845703
C1,1253,0.799,33.2,22.9,13,23.384614944458008,300.0,1.0,30,3.0,97.0484848022461
C1,1254,0.799,33.2,23.0,13,24.646154403686523,312.0,1.0,30,3.0,99.42909240722656
C1,1255,0.7971666666666668,33.4,23.3,13,25.876922607421875,324.0,1.0,30,3.0,101.25745391845703
C1,1256,0.77475,34.1,24.2,11,31.054546356201172,330.0,1.0,30,3.0,103.68780517578125
C1,1257,0.7889166666666667,34.3,24.400000000000002,11,31.96363639831543,354.0,1.0,30,3.0,107.01268005371094
C1,1258,0.7925833333333334,33.9,24.1,11,27.81818199157715,309.0,1.0,30,3.0,108.3409423828125
C1,1259,0.7710833333333333,34.5,24.0,13,32.30769348144531,396.0,1.0,30,3.0,112.07123565673828
C1,1260,0.799,33.2,23.3,13,24.21538543701172,315.0,1.0,30,3.0,112.5760726928711
C1,1261,0.7999166666666667,33.099999999999994,23.400000000000002,13,26.123077392578125,345.0,1.0,30,3.0,114.47897338867188
C1,1262,0.799,33.2,23.2,13,26.461538314819336,342.0,1.0,30,3.0,113.22071838378906
C1,1263,0.8026666666666666,32.800000000000004,22.700000000000003,13,29.507692337036133,381.0,1.0,30,3.0,115.39910125732422
C1,1264,0.7875274169406723,32.2,21.7,13,15.323077201843262,267.0,1.0,30,3.0,113.23945617675781
C1,1265,0.7999166666666667,33.099999999999994,23.0,13,27.78461456298828,357.0,1.0,30,3.0,112.61034393310547
C1,1266,0.8045,32.599999999999994,22.4,13,21.323076248168945,297.0,1.0,30,3.0,108.49954223632812
C1,1267,0.8045,32.599999999999994,22.4,13,20.184616088867188,282.0,1.0,30,3.0,106.69972229003906
C1,1268,0.7984154552400682,28.8,20.5,13,8.861538887023926,180.0,1.0,30,3.0,97.75316619873047
C1,1269,0.8473712870149946,17.7,17.2,13,0.7076923251152039,57.0,1.0,30,3.0,81.71856689453125
C1,1270,0.799,33.2,23.3,13,23.907691955566406,315.0,1.0,30,3.0,73.5644760131836
C1,1271,0.7663479747695765,33.2,23.2,15,43.12727355957031,480.0,1.0,30,3.0,82.0053482055664
C1,1272,0.8045,32.599999999999994,22.3,15,28.799999237060547,420.0,1.0,30,3.0,103.20320892333984
C1,1273,0.8008333333333334,33.0,22.700000000000003,15,21.65333366394043,324.0,1.0,30,3.0,116.32192993164062
C1,1274,0.8045,32.599999999999994,22.4,15,22.53333282470703,333.0,1.0,30,3.0,117.65982055664062
C1,1275,0.8035833333333333,32.7,22.4,15,25.65333366394043,372.0,1.0,30,3.0,116.3292236328125
C1,1276,0.8035833333333333,32.7,22.599999999999998,15,24.0,351.0,1.0,30,3.0,116.73087310791016
C1,1277,0.788190951696522,32.599999999999994,22.3,15,17.013334274291992,273.0,1.0,30,3.0,114.30519104003906
C1,1278,0.7820833333333334,33.300000000000004,23.2,13,24.676923751831055,324.0,1.0,30,3.0,110.71644592285156
C1,1279,0.7980833333333334,33.300000000000004,23.3,13,29.10769271850586,372.0,1.0,30,3.0,109.49653625488281
C1,1280,0.799,33.2,23.3,13,27.046154022216797,345.0,1.0,30,3.0,111.96458435058594
C1,1281,0.7980833333333334,33.300000000000004,23.2,13,29.230770111083984,369.0,1.0,30,3.0,115.44541931152344
C1,1282,0.7971248041197855,29.0,20.2,13,9.015384674072266,192.0,1.0,30,3.0,109.53392028808594
C1,1283,0.7971666666666668,33.4,23.2,13,26.5230770111084,345.0,1.0,30,3.0,105.98701477050781
C1,1284,0.8504280469686115,17.9,17.9,13,1.4461538791656494,81.0,1.0,30,3.0,91.05887603759766
C1,1285,0.7814380073610477,32.0,21.0,13,12.584615707397461,219.0,1.0,30,3.0,83.30199432373047
C1,1286,0.5705494284051041,32.2,21.8,13,3.3230769634246826,63.0,1.0,90,1.0,71.71453094482422
C1,1287,0.8320301486602495,23.400000000000002,19.0,13,4.615384578704834,123.0,1.0,30,3.0,66.62871551513672
C1,1288,0.8467313049357402,17.8,17.3,13,0.5538461804389954,48.0,1.0,30,3.0,55.977230072021484
C1,1289,0.5001646344694639,34.1,23.8,6,19.600000381469727,204.0,1.0,30,3.0,50.25300598144531
C1,1290,0.7449166666666667,39.1,27.400000000000002,6,29.33333396911621,240.0,1.0,30,3.0,52.018470764160156
C1,1291,0.7170000000000001,40.4,27.599999999999998,8,37.5428581237793,282.0,1.0,30,3.0,63.47774887084961
C1,1292,0.852088333530036,19.3,18.1,8,1.850000023841858,60.0,1.0,30,3.0,63.95331573486328
C1,1293,0.7595833333333334,37.5,25.4,8,31.399999618530273,288.0,1.0,30,3.0,66.37198638916016
C1,1294,0.8481697802472762,17.7,17.3,8,0.8999999761581421,39.0,1.0,30,3.0,57.023193359375
C1,1295,0.8259147953047856,22.9,18.4,8,1.9500000476837158,66.0,1.0,30,3.0,51.68058395385742
C1,1296,0.7708098063279231,32.5,21.5,8,10.699999809265137,150.0,1.0,30,3.0,42.34168243408203
C1,1297,0.5721910194649263,33.099999999999994,23.099999999999998,8,12.25,140.0,1.0,90,2.0,44.33834457397461
C1,1298,0.7825,35.0,24.7,8,25.049999237060547,255.0,1.0,30,3.0,53.93634033203125
C1,1299,0.6184999999999999,39.800000000000004,27.0,11,39.23636245727539,363.0,1.0,30,3.0,69.16180419921875
C1,1300,0.5999166666666667,33.099999999999994,23.099999999999998,16,34.099998474121094,489.0,1.0,30,3.0,90.69708251953125
C1,1301,0.7134547163816781,32.4,21.9,16,35.92499923706055,579.0,1.0,70,3.0,118.01824951171875
C1,1302,0.6135184836236665,32.5,22.2,16,29.600000381469727,459.0,1.0,90,3.0,138.6776123046875
C1,1303,-0.10908333333333334,31.9,21.0,39,39.22051239013672,1218.0,1.0,30,3.0,183.47323608398438
C1,1304,0.8327010118920826,23.8,19.0,39,5.733333110809326,243.0,1.0,30,3.0,195.4172821044922
C1,1305,0.8110101852616718,27.799999999999997,19.599999999999998,39,9.84615421295166,345.0,1.0,30,3.0,197.51702880859375
C1,1306,0.8094950740114086,27.5,19.5,39,8.625640869140625,312.0,1.0,30,3.0,158.51022338867188
C1,1307,0.8085785752239223,27.5,19.5,39,8.369231224060059,321.0,1.0,30,3.0,138.5727996826172
C1,1308,0.8526608458903885,18.3,17.9,39,1.9897435903549194,147.0,1.0,30,3.0,117.81034851074219
C1,1309,-0.28008333333333335,33.099999999999994,22.5,12,28.66666603088379,351.0,1.0,30,3.0,107.0862045288086
C1,1310,0.7953333333333333,33.6,23.900000000000002,12,32.400001525878906,387.0,1.0,30,3.0,103.5850601196289
C1,1311,0.7820833333333334,33.300000000000004,23.3,14,33.79999923706055,429.0,1.0,30,3.0,114.0177001953125
C1,1312,0.7999166666666667,33.099999999999994,22.700000000000003,14,27.05714225769043,375.0,1.0,30,3.0,121.34395599365234
C1,1313,0.8017500000000001,32.9,22.8,14,24.685714721679688,348.0,1.0,30,3.0,124.0063705444336
C1,1314,0.8008333333333334,33.0,22.9,14,21.428571701049805,300.0,1.0,30,3.0,119.87049102783203
C1,1315,0.7971666666666668,33.4,23.099999999999998,14,27.285715103149414,375.0,1.0,30,3.0,117.38896179199219
C1,1316,0.8017500000000001,32.9,22.8,14,25.799999237060547,363.0,1.0,30,3.0,116.56671142578125
C1,1317,0.8008333333333334,33.0,23.0,14,23.22857093811035,321.0,1.0,30,3.0,117.0066909790039
C1,1318,0.7919671884618,32.800000000000004,22.5,14,19.542856216430664,291.0,1.0,30,3.0,113.53734588623047
C1,1319,0.7435011381898695,33.099999999999994,22.8,14,24.714284896850586,342.0,1.0,50,3.0,110.52240753173828
C1,1320,0.7915539631541367,28.400000000000002,19.900000000000002,14,6.0,156.0,1.0,30,3.0,101.38011169433594
C1,1321,0.7848333333333334,33.0,22.700000000000003,12,20.492307662963867,288.0,1.0,30,3.0,95.76139831542969
C1,1322,0.8281524706638889,24.1,19.099999999999998,12,5.266666889190674,135.0,1.0,30,3.0,83.19017028808594
C1,1323,0.7971666666666668,33.4,23.8,12,26.5,318.0,1.0,30,3.0,82.8474349975586
C1,1324,0.799,33.2,23.3,12,28.299999237060547,342.0,1.0,30,3.0,85.04179382324219
C1,1325,0.8520199823739097,17.9,18.0,12,1.8333333730697632,87.0,1.0,30,3.0,84.2250747680664
C1,1326,0.8081334534120915,26.1,19.2,12,4.833333492279053,123.0,1.0,30,3.0,75.0683822631836
C1,1327,0.7980833333333334,33.300000000000004,23.0,12,21.766666412353516,291.0,1.0,30,3.0,67.30769348144531
C1,1328,0.7962499999999999,33.5,23.599999999999998,12,25.700000762939453,327.0,1.0,30,3.0,73.31794738769531
C1,1329,0.7742995796650085,31.8,21.0,12,9.833333015441895,183.0,1.0,30,3.0,79.59076690673828
C1,1330,0.8017500000000001,32.9,23.3,12,25.133333206176758,303.0,1.0,30,3.0,83.8877944946289
C1,1331,0.8017500000000001,32.9,22.8,12,22.5,297.0,1.0,30,3.0,85.13267517089844
C1,1332,0.847200726943179,17.6,17.2,12,0.6666666865348816,42.0,1.0,30,3.0,79.6129379272461
C1,1333,0.7323754262827479,32.0,21.2,10,3.4000000953674316,62.0,1.0,30,1.0,71.1010971069336
C1,1334,0.772,34.4,24.7,12,33.400001525878906,345.0,1.0,30,3.0,68.12732696533203
C1,1335,0.7944166666666667,33.7,23.7,12,28.766666412353516,345.0,1.0,30,3.0,79.80973052978516
C1,1336,-0.30629673842965655,32.7,22.4,38,58.628570556640625,1269.0,1.0,30,3.0,134.95249938964844
C1,1337,0.8265519916566384,27.3,19.3,38,13.252631187438965,483.0,1.0,30,3.0,174.1715087890625
C1,1338,0.828460863657943,26.700000000000003,19.2,38,12.084210395812988,423.0,1.0,30,3.0,201.16957092285156
C1,1339,0.8086532826193439,27.7,19.5,38,8.90526294708252,309.0,1.0,30,3.0,174.7017364501953
C1,1340,0.850974914198351,18.8,18.0,38,1.5789474248886108,120.0,1.0,30,3.0,142.68771362304688
C1,1341,0.8080196943894155,27.7,19.5,38,8.72631549835205,312.0,1.0,30,3.0,118.54595947265625
C1,1342,0.00941201470121518,19.3,18.1,17,1.2000000476837158,84.0,1.0,30,3.0,94.0609130859375
C1,1343,0.8227024781634474,22.700000000000003,18.4,16,2.674999952316284,114.0,1.0,30,3.0,79.10321044921875
C1,1344,0.505677634190536,29.2,20.5,11,7.166666507720947,136.0,1.0,50,2.0,65.3285903930664
C1,1345,0.6881564393440954,32.4,21.9,11,10.0,150.0,1.0,50,2.0,63.33049011230469
C1,1346,0.7641635249995925,32.2,21.7,11,8.0,138.0,1.0,30,2.0,66.26496124267578
C1,1347,0.47969374570498446,32.0,20.5,4,6.300000190734863,72.0,1.0,30,2.0,63.758975982666016
C1,1348,0.6734166666666667,46.9,31.7,4,29.399999618530273,162.0,1.0,30,2.0,63.05538558959961
C1,1349,0.6972500000000001,44.3,30.099999999999998,4,24.5,152.0,1.0,30,2.0,63.566566467285156
C1,1350,0.781202823555001,27.799999999999997,19.7,4,2.0,46.0,1.0,30,2.0,62.13993835449219
C1,1351,0.6862500000000001,45.5,31.8,4,29.700000762939453,172.0,1.0,30,2.0,61.95063018798828
C1,1352,0.5271252585225713,47.5,31.5,7,44.733333587646484,273.0,1.0,30,3.0,63.83704376220703
C1,1353,0.7785839544412544,33.300000000000004,23.7,8,19.149999618530273,213.0,1.0,30,3.0,71.368896484375
C1,1354,0.7334999999999999,38.6,26.3,10,36.900001525878906,306.0,1.0,30,3.0,78.0213394165039
C1,1355,0.8510615300280377,19.3,17.9,10,1.600000023841858,69.0,1.0,30,3.0,72.94613647460938
C1,1356,0.829226037398434,22.4,18.1,10,1.6399999856948853,60.0,1.0,30,3.0,63.10101318359375
C1,1357,0.8017500000000001,32.9,23.0,10,20.239999771118164,243.0,1.0,30,3.0,54.393943786621094
C1,1358,0.7543333333333333,37.199999999999996,24.9,11,34.84000015258789,354.0,1.0,30,3.0,61.83636474609375
C1,1359,0.7775,33.8,23.8,13,34.738460540771484,390.0,1.0,30,3.0,80.9684829711914
C1,1360,0.8008333333333334,33.0,23.2,13,29.538461685180664,378.0,1.0,30,3.0,98.44776153564453
C1,1361,0.679,33.2,23.2,16,34.83076858520508,453.0,1.0,30,3.0,113.33531951904297
C1,1362,0.8054166666666667,32.5,22.1,16,22.975000381469727,357.0,1.0,30,3.0,120.80119323730469
C1,1363,0.8556551026897511,18.8,17.9,16,2.7249999046325684,114.0,1.0,30,3.0,113.5473861694336
C1,1364,0.7879822118770191,31.7,20.7,16,13.850000381469727,261.0,1.0,30,3.0,100.6617660522461
C1,1365,0.787087060516107,31.9,21.0,16,14.175000190734863,267.0,1.0,30,3.0,88.93038940429688
C1,1366,0.780266042474678,32.2,21.1,16,12.800000190734863,249.0,1.0,30,3.0,87.89157104492188
C1,1367,0.6732436280981788,22.599999999999998,18.4,12,3.076923131942749,108.0,1.0,30,3.0,80.46827697753906
C1,1368,0.6184332006284119,33.2,22.4,8,15.350000381469727,195.0,1.0,30,3.0,72.81430053710938
C1,1369,0.8312492469534288,23.5,19.099999999999998,8,4.650000095367432,105.0,1.0,30,3.0,61.8219108581543
C1,1370,0.778093941623573,32.2,21.5,8,12.100000381469727,174.0,1.0,30,3.0,58.159812927246094
C1,1371,0.5950339774049161,33.099999999999994,24.0,7,7.77142858505249,74.0,1.0,70,1.0,57.16255569458008
C1,1372,0.6258333333333334,39.0,26.8,4,26.399999618530273,192.0,1.0,30,3.0,60.43086624145508
C1,1373,0.3065269226276099,49.0,33.0,10,67.5199966430664,327.0,1.0,30,3.0,69.19185638427734
C1,1374,0.7836666666666666,34.0,24.0,11,32.109092712402344,348.0,1.0,30,3.0,80.04844665527344
C1,1375,0.7790399817475092,32.7,22.2,11,13.92727279663086,216.0,1.0,30,3.0,87.62906646728516
C1,1376,0.7778675605393036,32.0,20.9,11,11.454545021057129,195.0,1.0,30,3.0,86.31077575683594
C1,1377,0.8479057370613964,17.7,17.2,11,0.8363636136054993,48.0,1.0,30,3.0,72.18646240234375
C1,1378,0.7952317457710651,27.400000000000002,19.400000000000002,11,4.581818103790283,120.0,1.0,30,3.0,59.445213317871094
C1,1379,0.8474526643401749,17.7,17.3,11,0.7272727489471436,51.0,1.0,30,3.0,45.40045928955078
C1,1380,0.6261253716773397,22.8,18.4,6,1.7777777910232544,60.0,1.0,30,3.0,37.50694274902344
C1,1381,0.4233649024637934,47.0,30.599999999999998,10,63.20000076293945,354.0,1.0,30,3.0,43.170833587646484
C1,1382,0.7707526591336766,32.7,22.700000000000003,12,16.799999237060547,246.0,1.0,30,3.0,55.23583221435547
C1,1383,0.7942011017905873,28.400000000000002,20.400000000000002,12,6.699999809265137,156.0,1.0,30,3.0,66.74150085449219
C1,1384,0.7930757160701302,27.7,19.5,12,4.733333110809326,126.0,1.0,30,3.0,63.511566162109375
C1,1385,0.8474778490641534,17.7,17.3,12,0.7333333492279053,51.0,1.0,30,3.0,52.90694046020508
C1,1386,0.8287532623994983,23.099999999999998,18.700000000000003,12,3.0999999046325684,102.0,1.0,30,3.0,44.1441650390625
C1,1387,0.6254366490405763,22.9,18.3,7,1.8333333730697632,75.0,1.0,30,3.0,36.61983108520508
C1,1388,0.6885843284339894,17.8,17.3,3,1.0,42.0,1.0,30,3.0,31.705232620239258
C1,1389,0.7691114819225809,33.300000000000004,24.299999999999997,2,15.199999809265137,102.0,1.0,30,3.0,28.756473541259766
C1,1390,0.8543353991895412,17.7,17.5,2,2.4000000953674316,36.0,1.0,30,3.0,25.253883361816406
C1,1391,0.2922147577322833,55.4,37.0,4,52.79999923706055,201.0,1.0,30,3.0,30.218996047973633
C1,1392,0.7623382873161945,32.2,21.6,4,7.5,108.0,1.0,30,3.0,33.4647331237793
C1,1393,0.004780231581301834,54.1,34.9,10,69.0,309.0,1.0,30,3.0,47.54550552368164
C1,1394,0.8472561670987857,18.2,17.3,10,0.6800000071525574,36.0,1.0,30,3.0,48.66063690185547
C1,1395,0.6439254902603572,27.5,19.2,10,3.5199999809265137,96.0,1.0,70,3.0,48.796382904052734
C1,1396,0.7970539631541367,27.799999999999997,19.7,10,6.0,144.0,1.0,30,3.0,41.54449462890625
C1,1397,0.7886435357948506,28.5,19.900000000000002,10,5.480000019073486,132.0,1.0,30,3.0,41.46002960205078
C1,1398,0.8482527270597856,17.9,17.4,10,0.9200000166893005,48.0,1.0,30,3.0,39.27602005004883
C1,1399,0.5359587577917702,17.6,17.3,2,2.799999952316284,51.0,1.0,30,3.0,33.832279205322266
C1,1400,0.7296006730930612,38.6,26.0,2,15.600000381469727,111.0,1.0,30,3.0,29.632699966430664
C1,1401,-0.1910718211945957,92.1,44.699999999999996,11,62.29999923706055,336.0,1.0,30,3.0,39.9129524230957
C1,1402,0.7980833333333334,33.300000000000004,23.3,11,24.0,288.0,1.0,30,3.0,56.614437103271484
C1,1403,0.8507622149359635,17.6,17.4,11,1.5272727012634277,60.0,1.0,30,3.0,64.36865997314453
C1,1404,0.8468477422026727,17.6,17.2,11,0.581818163394928,24.0,1.0,30,3.0,55.1545295715332
C1,1405,0.706596802917979,17.5,17.2,11,0.6909090876579285,24.0,1.0,70,2.0,38.42605209350586
C1,1406,0.8521069721852106,17.9,17.8,11,1.8545454740524292,84.0,1.0,30,3.0,29.455631256103516
C1,1407,0.8319392767395442,17.7,17.3,9,0.8444444537162781,42.0,1.0,30,3.0,24.87337875366211
C1,1408,0.5470222991527153,17.7,17.3,1,5.599999904632568,45.0,1.0,30,3.0,22.52402687072754
C1,1409,0.788267339759728,32.2,25.0,1,15.600000381469727,87.0,1.0,30,3.0,21.24774932861328
C1,1410,0.8654774278277694,17.5,17.3,1,5.199999809265137,42.0,1.0,30,3.0,20.481983184814453
C1,1411,0.7840609640600313,32.300000000000004,25.2,1,14.399999618530273,78.0,1.0,30,3.0,21.48918914794922
C1,1412,0.5695274582840988,32.300000000000004,24.6,1,3.200000047683716,21.0,1.0,90,1.0,21.02684783935547
C1,1413,0.8623500559002011,17.6,17.3,1,4.400000095367432,39.0,1.0,30,3.0,20.616107940673828
C1,1414,0.0912025046835343,103.5,49.7,4,40.93333435058594,195.0,1.0,30,3.0,25.569665908813477
C1,1415,0.8518832352792386,17.5,17.2,4,1.7999999523162842,45.0,1.0,30,3.0,27.741798400878906
C1,1416,0.7663589079806746,32.0,21.3,4,8.100000381469727,108.0,1.0,30,3.0,32.11174774169922
C1,1417,0.8506499024975485,17.6,17.2,4,1.5,48.0,1.0,30,3.0,28.200380325317383
C1,1418,0.3117749371435745,48.099999999999994,31.6,12,48.08000183105469,402.0,1.0,30,3.0,41.72023010253906
C1,1419,0.7742500000000001,35.9,25.0,12,30.479999542236328,303.0,1.0,30,3.0,58.498802185058594
C1,1420,0.7789199420179381,32.4,21.8,12,12.960000038146973,204.0,1.0,30,3.0,75.49928283691406
C1,1421,0.7683333333333333,34.8,24.7,14,38.21818161010742,414.0,1.0,30,3.0,86.23290252685547
C1,1422,0.8017500000000001,32.9,22.599999999999998,14,28.828571319580078,408.0,1.0,30,3.0,97.3397445678711
C1,1423,0.7715130782434158,31.7,20.6,14,8.771428108215332,186.0,1.0,30,3.0,103.20384216308594
C1,1424,0.7761029946478862,32.0,21.0,14,10.914285659790039,210.0,1.0,30,3.0,97.6556396484375
C1,1425,0.7889041397596612,28.0,19.5,14,4.371428489685059,141.0,1.0,30,3.0,82.46005249023438
C1,1426,0.7699945047887141,32.9,22.9,14,31.571428298950195,441.0,1.0,50,3.0,84.67603302001953
C1,1427,0.7028813632209541,31.6,20.6,14,11.742856979370117,225.0,1.0,50,3.0,86.67228698730469
C1,1428,0.5152393100171233,32.800000000000004,22.599999999999998,9,17.200000762939453,219.0,1.0,50,3.0,91.33670806884766
C1,1429,0.7211783621584007,32.4,22.2,9,17.733333587646484,234.0,1.0,50,3.0,84.93535614013672
C1,1430,0.7559166666666667,37.900000000000006,25.6,9,40.977779388427734,378.0,1.0,50,3.0,87.89454650878906
C1,1431,0.7380833333333333,38.1,25.2,11,53.490909576416016,531.0,1.0,50,3.0,103.53672790527344
C1,1432,0.6852990029988394,31.7,20.8,11,7.781818389892578,153.0,1.0,50,3.0,109.32203674316406
C1,1433,0.7505698319556231,22.8,18.5,11,3.7454545497894287,117.0,1.0,50,3.0,101.19322204589844
C1,1434,0.7679480189220103,17.4,17.2,11,1.600000023841858,60.0,1.0,50,3.0,75.38259887695312
C1,1435,0.7639873399727855,17.5,17.2,11,0.5454545617103577,39.0,1.0,50,3.0,54.829559326171875
C1,1436,0.7528317843279303,20.1,18.2,9,2.0727272033691406,84.0,1.0,50,3.0,41.031070709228516
C1,1437,0.5767668257842989,17.7,17.4,2,3.0,45.0,1.0,30,3.0,32.08530807495117
C1,1438,0.8527685509003341,17.9,17.5,1,4.0,30.0,1.0,30,3.0,26.317852020263672
C1,1439,0.7722783515041495,32.800000000000004,26.0,1,12.0,60.0,1.0,30,3.0,21.79071044921875
C1,1440,0.8607685509003341,17.7,17.5,1,4.0,30.0,1.0,30,3.0,18.407760620117188
C1,1441,0.7762502729214081,32.9,26.200000000000003,1,13.600000381469727,72.0,1.0,30,3.0,18.24465560913086
C1,1442,0.8654774278277694,17.7,17.4,1,5.199999809265137,45.0,1.0,30,3.0,17.480127334594727
C1,1443,0.8700719235523432,18.0,17.6,1,6.400000095367432,51.0,1.0,30,3.0,17.954742431640625
C1,1444,0.8607685509003341,17.8,17.4,1,4.0,33.0,1.0,30,3.0,16.506179809570312
C1,1445,0.7746697182260822,32.4,25.1,1,11.600000381469727,63.0,1.0,30,3.0,16.437040328979492
C1,1446,0.7741116848374828,32.599999999999994,25.3,1,12.0,66.0,1.0,30,3.0,17.062225341796875
C1,1447,0.7756653383512933,17.7,17.4,1,3.5999999046325684,26.0,1.0,50,2.0,17.70400047302246
C1,1448,0.8685539631541367,17.6,17.3,1,6.0,51.0,1.0,30,3.0,17.555734634399414
C1,1449,0.8591758329899635,17.8,17.4,1,3.5999999046325684,33.0,1.0,30,3.0,16.000106811523438
C1,1450,0.8494120147012152,17.7,17.3,1,1.2000000476837158,10.0,1.0,30,1.0,14.666730880737305
C1,1451,0.7851814487072923,32.300000000000004,25.8,1,14.800000190734863,81.0,1.0,30,3.0,15.20003890991211
C1,1452,0.8623500559002011,17.5,17.3,1,4.400000095367432,39.0,1.0,30,3.0,15.786689758300781
C1,1453,0.8639198485148963,17.7,17.4,1,4.800000190734863,42.0,1.0,30,3.0,16.672014236450195
C1,1454,0.8670222991527153,17.8,17.4,1,5.599999904632568,51.0,1.0,30,3.0,15.869874954223633
C1,1455,0.8607685509003341,17.6,17.4,1,4.0,30.0,1.0,30,3.0,14.988591194152832
C1,1456,0.7755863848927489,32.300000000000004,25.5,1,11.600000381469727,63.0,1.0,30,3.0,15.393155097961426
C1,1457,0.7765993758080113,32.599999999999994,25.8,1,12.800000190734863,66.0,1.0,30,3.0,16.30255889892578
C1,1458,0.8591758329899635,17.7,17.4,1,3.5999999046325684,33.0,1.0,30,3.0,16.981534957885742
C1,1459,0.8670222991527153,17.6,17.4,1,5.599999904632568,48.0,1.0,30,3.0,16.72225570678711
C1,1460,0.7762828278349289,32.5,26.200000000000003,1,12.399999618530273,63.0,1.0,30,3.0,16.433353424072266
C1,1461,0.7036666666666667,43.6,33.4,1,26.399999618530273,102.0,1.0,30,3.0,19.326679229736328
C1,1462,0.8639198485148963,17.8,17.5,1,4.800000190734863,42.0,1.0,30,3.0,20.79600715637207
C1,1463,0.7765030515594157,32.2,25.6,1,11.600000381469727,63.0,1.0,30,3.0,21.67760467529297
C1,1464,0.8607685509003341,17.9,17.4,1,4.0,33.0,1.0,30,3.0,19.139896392822266
C1,1465,0.8607685509003341,17.7,17.3,1,4.0,33.0,1.0,30,3.0,17.21727180480957
C1,1466,0.6981666666666667,44.2,33.9,1,24.0,90.0,1.0,30,3.0,17.263696670532227
C1,1467,0.8639198485148963,17.6,17.3,1,4.800000190734863,42.0,1.0,30,3.0,17.691551208496094
C1,1468,0.8607685509003341,17.6,17.4,1,4.0,33.0,1.0,30,3.0,17.94826316833496
C1,1469,0.8715756855237148,17.7,17.4,1,6.800000190734863,57.0,1.0,30,3.0,16.6356258392334
C1,1470,0.8639198485148963,17.5,17.3,1,4.800000190734863,42.0,1.0,30,3.0,15.848041534423828
C1,1471,0.7091666666666667,43.0,33.099999999999994,1,24.399999618530273,93.0,1.0,30,3.0,18.042158126831055
C1,1472,0.8700719235523432,17.8,17.5,1,6.400000095367432,57.0,1.0,30,3.0,19.35862922668457
C1,1473,0.7844448152559144,32.5,25.6,1,15.199999809265137,78.0,1.0,30,3.0,21.748510360717773
C1,1474,0.12721710302023548,85.8,43.4,4,46.0,177.0,1.0,30,3.0,26.915773391723633
C1,1475,0.7494999999999999,38.6,26.9,4,28.299999237060547,195.0,1.0,30,3.0,36.14946365356445
C1,1476,0.7729267356917715,33.099999999999994,23.3,4,13.100000381469727,129.0,1.0,30,3.0,43.95634460449219
C1,1477,0.7785609640600314,32.9,22.9,4,14.399999618530273,144.0,1.0,30,3.0,47.173805236816406
C1,1478,0.7644221870597003,32.599999999999994,22.4,4,9.100000381469727,117.0,1.0,30,3.0,45.63761901855469
C1,1479,0.7751302766342659,34.1,24.7,4,17.299999237060547,150.0,1.0,30,3.0,45.64923858642578
C1,1480,0.8494120147012152,17.6,17.2,4,1.2000000476837158,30.0,1.0,30,3.0,40.589542388916016
C1,1481,0.48502852803419955,48.2,32.0,7,55.29999923706055,288.0,1.0,30,3.0,45.153724670410156
C1,1482,0.7754166666666666,34.9,24.7,8,24.600000381469727,255.0,1.0,30,3.0,52.558902740478516
C1,1483,0.7504166666666667,38.5,25.6,8,32.599998474121094,294.0,1.0,30,3.0,68.73534393310547
C1,1484,0.7971664978542637,28.299999999999997,20.1,8,7.25,129.0,1.0,30,3.0,71.3745346069336
C1,1485,0.7754686988887749,32.099999999999994,21.2,8,11.0,168.0,1.0,30,3.0,69.09139251708984
C1,1486,0.7879697798576394,28.2,19.900000000000002,8,4.599999904632568,114.0,1.0,30,3.0,59.721500396728516
C1,1487,0.5716831954996331,38.3,25.8,12,44.650001525878906,387.0,1.0,30,3.0,65.56623077392578
C1,1488,0.799,33.2,23.0,12,20.433332443237305,279.0,1.0,30,3.0,74.00640869140625
C1,1489,0.7898333333333334,34.2,23.599999999999998,12,29.233333587646484,348.0,1.0,30,3.0,89.47051239013672
C1,1490,0.7980833333333334,33.300000000000004,23.5,12,28.96666717529297,357.0,1.0,30,3.0,97.41564178466797
C1,1491,0.8319667867454248,23.5,18.8,12,4.833333492279053,126.0,1.0,30,3.0,95.38272094726562
C1,1492,0.793336515181563,27.7,19.5,12,4.800000190734863,123.0,1.0,30,3.0,84.1629638671875
C1,1493,0.8513356630577857,17.6,17.6,12,1.6666666269302368,69.0,1.0,30,3.0,64.63111114501953
C1,1494,0.8303853671190591,23.8,19.099999999999998,12,5.133333206176758,132.0,1.0,30,3.0,53.17866516113281
C1,1495,0.7137818301737557,27.400000000000002,19.3,12,5.099999904632568,132.0,1.0,50,3.0,46.70719909667969
C1,1496,0.26328638284166994,34.2,24.1,2,8.0,96.0,1.0,50,3.0,44.02431869506836
C1,1497,0.05451627445561544,89.5,43.2,5,82.66666412353516,279.0,1.0,50,3.0,48.94792556762695
C1,1498,0.6952310965413756,43.4,29.3,5,39.7599983215332,267.0,1.0,50,3.0,57.9020881652832
C1,1499,0.7670397878497432,17.8,17.3,5,1.3600000143051147,54.0,1.0,50,3.0,61.407920837402344
C1,1500,0.6842281981658846,38.199999999999996,25.9,5,21.600000381469727,195.0,1.0,50,3.0,59.77808380126953
C1,1501,0.8276439216895074,23.3,19.2,5,3.2799999713897705,72.0,1.0,30,3.0,50.13351821899414
C1,1502,0.6414375370135837,27.5,19.400000000000002,5,2.4000000953674316,44.0,1.0,70,2.0,44.88011169433594
C1,1503,0.8420727756219187,18.0,17.4,4,1.3600000143051147,42.0,1.0,30,3.0,34.92806625366211
C1,1504,0.6804430524100542,17.8,17.3,4,0.8999999761581421,28.0,1.0,90,2.0,27.623506546020508
C1,1505,0.8510615300280377,17.8,17.3,4,1.600000023841858,42.0,1.0,30,3.0,22.174104690551758
C1,1506,0.6620030515594155,31.6,23.7,1,11.600000381469727,60.0,1.0,30,3.0,19.7044620513916
C1,1507,0.330375,61.5,38.3,2,30.0,132.0,1.0,30,3.0,22.22267723083496
C1,1508,-0.44980976729832883,116.0,51.5,16,60.650001525878906,525.0,1.0,30,3.0,45.20027160644531
C1,1509,0.79125,32.300000000000004,21.8,18,24.288888931274414,429.0,1.0,30,3.0,75.38683319091797
C1,1510,0.7930833333333334,32.099999999999994,21.5,20,32.15999984741211,609.0,1.0,30,3.0,114.69876861572266
C1,1511,0.8109166666666667,31.9,21.1,20,31.420000076293945,612.0,1.0,30,3.0,142.152587890625
C1,1512,0.4136666666666666,31.6,20.7,30,33.37333297729492,894.0,1.0,30,3.0,179.2915496826172
C1,1513,0.8448333333333333,28.2,19.8,30,24.946666717529297,723.0,1.0,30,3.0,206.6416015625
C1,1514,0.8344830498015071,27.900000000000002,19.599999999999998,30,18.399999618530273,522.0,1.0,30,3.0,219.05162048339844
C1,1515,0.747185723339733,28.400000000000002,19.900000000000002,30,15.239999771118164,420.0,1.0,50,2.0,214.76431274414062
C1,1516,0.7507776585037849,28.6,20.0,30,16.50666618347168,472.0,1.0,50,2.0,211.52525329589844
C1,1517,0.7487957214452883,27.900000000000002,19.7,30,14.546667098999023,412.0,1.0,50,2.0,213.84848022460938
C1,1518,0.4901043635041373,30.0,20.400000000000002,24,14.676922798156738,360.0,1.0,50,2.0,211.242431640625
C1,1519,0.19770109850287845,32.599999999999994,22.2,11,17.347368240356445,322.0,1.0,50,2.0,199.6787872314453
C1,1520,0.7424861163480572,35.8,24.8,10,33.880001068115234,364.0,1.0,50,2.0,189.5406036376953
C1,1521,0.7145539631541368,36.8,25.3,10,26.0,266.0,1.0,50,2.0,177.19102478027344
C1,1522,0.7216863698840106,38.3,25.9,9,34.622222900390625,326.0,1.0,50,2.0,170.04795837402344
C1,1523,0.7360000000000001,39.199999999999996,26.599999999999998,8,50.75,414.0,1.0,50,2.0,169.09544372558594
C1,1524,0.7430833333333333,39.300000000000004,27.0,8,50.400001525878906,424.0,1.0,50,2.0,179.05726623535156
C1,1525,-0.16551867884378663,32.300000000000004,21.7,32,41.44827651977539,1059.0,1.0,30,3.0,210.36769104003906
C1,1526,-0.14875,27.5,19.7,57,34.470176696777344,1770.0,1.0,30,3.0,280.2206115722656
C1,1527,0.8549842863219588,23.0,18.700000000000003,57,9.83859634399414,522.0,1.0,30,3.0,317.0657043457031
C1,1528,0.856469402327206,23.3,18.8,57,11.101754188537598,588.0,1.0,30,3.0,318.2394104003906
C1,1529,0.8547064679671438,19.3,18.1,57,2.4912281036376953,198.0,1.0,30,3.0,249.0769805908203
C1,1530,0.8520991243360957,18.8,18.0,57,1.8526315689086914,165.0,1.0,30,3.0,191.71286010742188
C1,1531,0.8478130465438037,17.6,17.4,57,0.8140350580215454,90.0,1.0,30,3.0,135.16104125976562
C1,1532,-0.5930369626688895,17.6,17.3,21,0.6095238327980042,48.0,1.0,30,3.0,94.56329345703125
C1,1533,0.8311215130302654,17.6,17.3,19,0.6476190686225891,48.0,1.0,30,3.0,65.00464630126953
C1,1534,0.25229329798067385,17.8,17.5,4,1.899999976158142,51.0,1.0,30,3.0,45.5361213684082
C1,1535,0.8415724027518892,17.8,17.4,2,3.200000047683716,42.0,1.0,30,3.0,33.58833694458008
C1,1536,0.8635756855237148,17.8,17.4,1,6.800000190734863,57.0,1.0,30,3.0,26.819669723510742
C1,1537,0.8670222991527153,17.9,17.5,1,5.599999904632568,48.0,1.0,30,3.0,22.62513542175293
C1,1538,0.8670222991527153,17.8,17.5,1,5.599999904632568,48.0,1.0,30,3.0,20.37508201599121
C1,1539,0.8654774278277694,17.9,17.5,1,5.199999809265137,39.0,1.0,30,3.0,18.225048065185547
C1,1540,0.8623500559002011,18.1,17.6,1,4.400000095367432,39.0,1.0,30,3.0,16.5350284576416
C1,1541,0.873064754199968,17.8,17.5,1,7.199999809265137,57.0,1.0,30,3.0,15.92101764678955
C1,1542,0.8559587577917702,17.6,17.4,1,2.799999952316284,21.0,1.0,30,3.0,14.752610206604004
C1,1543,0.8607685509003341,17.8,17.4,1,4.0,30.0,1.0,30,3.0,13.651566505432129
C1,1544,0.8575724027518892,17.7,17.4,1,3.200000047683716,27.0,1.0,30,3.0,11.65760612487793
C1,1545,0.8623500559002011,17.9,17.4,1,4.400000095367432,33.0,1.0,30,3.0,10.994564056396484
C1,1546,0.8654774278277694,17.9,17.5,1,5.199999809265137,48.0,1.0,30,3.0,11.396738052368164
C1,1547,0.8559587577917702,17.8,17.4,1,2.799999952316284,21.0,1.0,30,3.0,11.371376037597656
C1,1548,0.8607685509003341,18.0,17.6,1,4.0,33.0,1.0,30,3.0,11.356159210205078
C1,1549,0.8654774278277694,17.8,17.5,1,5.199999809265137,42.0,1.0,30,3.0,11.080362319946289
C1,1550,0.8591758329899635,17.8,17.6,1,3.5999999046325684,30.0,1.0,30,3.0,11.314884185791016
C1,1551,0.70275,43.7,34.3,1,24.399999618530273,90.0,1.0,30,3.0,13.988930702209473
C1,1552,0.8670222991527153,17.8,17.5,1,5.599999904632568,45.0,1.0,30,3.0,15.726691246032715
C1,1553,0.8715756855237148,17.6,17.3,1,6.800000190734863,57.0,1.0,30,3.0,17.969348907470703
C1,1554,0.8510615300280377,17.7,17.5,1,1.600000023841858,12.0,1.0,30,3.0,15.848275184631348
C1,1555,0.852702823555001,18.700000000000003,17.6,1,2.0,15.0,1.0,30,3.0,13.24229907989502
C1,1556,0.7772390996697683,17.9,17.5,1,4.0,30.0,1.0,50,3.0,10.478713035583496
C1,1557,0.07875877033354402,126.8,60.699999999999996,3,77.19999694824219,267.0,1.0,50,3.0,20.153894424438477
C1,1558,0.7419986716846265,22.8,18.3,4,3.5999999046325684,60.0,1.0,50,3.0,27.959003448486328
C1,1559,0.8498251368493962,17.5,17.2,4,1.2999999523162842,24.0,1.0,30,2.0,32.90873336791992
C1,1560,0.6731692088033253,37.900000000000006,25.5,4,18.299999237060547,153.0,1.0,50,3.0,30.811908721923828
C1,1561,0.33193122105936623,50.3,34.1,6,64.9000015258789,300.0,1.0,50,3.0,40.22047805786133
C1,1562,0.7046354618703289,28.5,19.8,6,5.333333492279053,99.0,1.0,50,3.0,48.665618896484375
C1,1563,0.7119166666666666,42.7,28.2,6,41.0,288.0,1.0,50,3.0,59.732704162597656
C1,1564,0.7270158696381418,17.9,17.4,9,0.6222222447395325,11.0,1.0,30,1.0,54.506290435791016
C1,1565,0.8477547725551174,17.7,17.2,9,0.800000011920929,48.0,1.0,30,3.0,49.10377502441406
C1,1566,0.7705832094222654,32.0,20.8,9,9.288888931274414,165.0,1.0,30,3.0,40.395599365234375
C1,1567,0.7568333333333334,37.8,25.0,9,28.08888816833496,291.0,1.0,30,3.0,46.637359619140625
C1,1568,0.5710902975977581,50.0,17.6,9,0.4000000059604645,3.0,1.0,30,1.0,48.64908218383789
C1,1569,0.7906749019612935,27.799999999999997,19.8,9,4.355555534362793,88.0,1.0,30,2.0,48.38945007324219
C1,1570,0.7107017419020717,38.6,25.3,9,9.466666221618652,90.0,1.0,30,1.0,47.30033493041992
C1,1571,0.8484922467686467,17.7,17.3,9,0.9777777791023254,26.0,1.0,30,1.0,49.71353530883789
C1,1572,0.825363626310307,23.2,18.3,9,2.48888897895813,72.0,1.0,30,3.0,48.494789123535156
C1,1573,0.5256417685746549,33.099999999999994,22.599999999999998,3,10.800000190734863,105.0,1.0,30,3.0,40.430206298828125
C1,1574,0.847200726943179,17.7,17.3,3,0.6666666865348816,12.0,1.0,30,3.0,32.65812301635742
C1,1575,0.7674429561169207,17.7,17.3,3,1.4666666984558105,24.0,1.0,50,3.0,25.861541748046875
C1,1576,0.764547377988288,17.7,17.3,2,2.799999952316284,45.0,1.0,50,3.0,19.116924285888672
C1,1577,0.7671908835991162,17.8,17.2,2,1.399999976158142,18.0,1.0,50,3.0,15.336821556091309
C1,1578,0.4891902731485469,50.0,17.4,2,0.6000000238418579,9.0,1.0,50,3.0,12.402092933654785
C1,1579,0.7676653383512932,17.7,17.4,1,3.5999999046325684,21.0,1.0,50,3.0,9.574588775634766
C1,1580,0.7694704801128012,17.8,17.4,1,2.0,12.0,1.0,50,3.0,7.611420154571533
C1,1581,0.8575724027518892,17.8,17.5,1,3.200000047683716,27.0,1.0,30,3.0,7.233518600463867
C1,1582,0.8543353991895412,17.8,17.4,1,2.4000000953674316,18.0,1.0,30,3.0,6.873444557189941
C1,1583,0.5760615300280377,50.0,17.6,1,1.600000023841858,9.0,1.0,30,3.0,6.524066925048828
C1,1584,0.5744120147012152,50.0,17.4,1,1.2000000476837158,9.0,1.0,30,3.0,5.514440059661865
C1,1585,0.8543353991895412,17.8,17.4,1,2.4000000953674316,12.0,1.0,30,3.0,4.641997337341309
C1,1586,0.8559587577917702,17.6,17.4,1,2.799999952316284,24.0,1.0,30,3.0,4.785198211669922
C1,1587,0.5744120147012152,50.0,17.6,1,1.2000000476837158,6.0,1.0,30,3.0,4.737785816192627
C1,1588,0.5744120147012152,50.0,17.6,1,1.2000000476837158,9.0,1.0,30,3.0,4.576004981994629
C1,1589,0.5760615300280377,50.0,17.5,1,1.600000023841858,9.0,1.0,30,3.0,3.812269449234009
C1,1590,0.5760615300280377,50.0,17.5,1,1.600000023841858,9.0,1.0,30,3.0,3.4873616695404053
C1,1591,0.8715756855237148,17.8,17.4,1,6.800000190734863,54.0,1.0,30,3.0,5.292417049407959
C1,1592,0.5727547725551173,50.0,17.5,1,0.800000011920929,3.0,1.0,30,1.0,6.375450134277344
C1,1593,0.43181866503105076,50.0,17.4,1,0.800000011920929,2.0,1.0,70,2.0,6.758603572845459
C1,1594,0.5710902975977581,50.0,17.3,1,0.4000000059604645,3.0,1.0,30,1.0,4.988495349884033
C1,1595,0.852702823555001,17.6,17.3,1,2.0,13.0,1.0,30,1.0,5.259763717651367
C1,1596,0.5727547725551173,50.0,17.5,1,0.800000011920929,8.0,1.0,30,1.0,6.355858325958252
C1,1597,0.6393365114532455,44.5,33.300000000000004,1,24.799999237060547,93.0,1.0,50,3.0,10.746848106384277
C1,1598,0.6563719770986074,43.8,33.6,1,27.600000381469727,102.0,1.0,50,3.0,16.181442260742188
C1,1599,0.6570566935861115,44.8,34.9,1,30.399999618530273,108.0,1.0,50,3.0,23.1755313873291
C1,1600,0.29547500000000004,77.10000000000001,44.5,1,48.0,147.0,1.0,50,3.0,29.77198600769043
C1,1601,0.1571,121.6,62.8,3,57.599998474121094,219.0,1.0,50,3.0,38.92985916137695
C1,1602,0.7517641871671994,33.8,23.8,5,13.520000457763672,132.0,1.0,30,3.0,45.491249084472656
C1,1603,0.7618746903243964,32.0,21.1,5,6.880000114440918,102.0,1.0,30,3.0,47.42808151245117
C1,1604,0.7868080009461091,32.800000000000004,23.5,5,17.200000762939453,165.0,1.0,30,3.0,46.190181732177734
C1,1605,0.4908333333333334,45.0,30.200000000000003,10,38.720001220703125,339.0,1.0,30,3.0,54.64744186401367
C1,1606,0.7682567212003614,30.099999999999998,20.5,12,8.233333587646484,174.0,1.0,30,3.0,62.92179870605469
C1,1607,0.8286189643152827,23.099999999999998,18.700000000000003,12,3.066666603088379,93.0,1.0,30,3.0,64.68640899658203
C1,1608,0.7865285242986407,28.400000000000002,19.8,12,4.699999809265137,108.0,1.0,30,2.0,57.87851333618164
C1,1609,0.846784676191858,17.8,17.4,12,0.5666666626930237,24.0,1.0,30,3.0,47.12710952758789
C1,1610,0.7962499999999999,33.5,23.900000000000002,12,25.399999618530273,309.0,1.0,30,3.0,50.27626419067383
C1,1611,0.7754513429549835,27.7,19.2,10,4.320000171661377,114.0,1.0,30,3.0,50.03242492675781
C1,1612,0.5525833333333334,33.9,23.7,16,37.599998474121094,522.0,1.0,30,3.0,72.01945495605469
C1,1613,0.5709166666666667,31.9,21.1,22,29.81818199157715,600.0,1.0,30,3.0,98.14500427246094
C1,1614,0.8300290680406066,22.700000000000003,18.4,22,2.5090909004211426,120.0,1.0,30,3.0,114.08700561523438
C1,1615,0.8464691969396885,17.6,17.2,22,0.4909090995788574,24.0,1.0,30,3.0,101.51886749267578
C1,1616,0.8463934451534713,17.7,17.2,22,0.4727272689342499,27.0,1.0,30,3.0,68.51132202148438
C1,1617,0.8155,31.4,20.5,22,29.9818172454834,651.0,1.0,30,3.0,72.30679321289062
C1,1618,0.8077452559418146,28.2,20.1,22,9.96363639831543,258.0,1.0,30,3.0,84.98407745361328
C1,1619,0.8284686781401268,23.5,18.9,22,3.9454545974731445,150.0,1.0,30,3.0,98.05711364746094
C1,1620,0.8469234084714489,17.8,17.3,22,0.6000000238418579,45.0,1.0,30,3.0,78.96759796142578
C1,1621,0.8302568305058712,22.9,18.4,22,3.018181800842285,135.0,1.0,30,3.0,62.04722595214844
C1,1622,0.8527772243470084,17.9,17.9,22,2.018181800842285,105.0,1.0,30,3.0,49.89500427246094
C1,1623,0.2497792588039533,17.7,17.9,7,1.288888931274414,60.0,1.0,30,3.0,43.27033615112305
C1,1624,0.4127547725551173,50.0,17.4,3,0.800000011920929,9.0,1.0,30,3.0,33.695533752441406
C1,1625,0.5716458959267463,50.0,17.6,3,0.5333333611488342,8.0,1.0,30,2.0,23.817319869995117
C1,1626,0.8477547725551174,17.8,17.5,3,0.800000011920929,24.0,1.0,30,3.0,16.29039192199707
C1,1627,0.4234126746675545,50.0,17.2,2,0.6000000238418579,5.0,1.0,70,1.0,12.040902137756348
C1,1628,0.5664120147012152,50.0,17.5,1,1.2000000476837158,9.0,1.0,30,3.0,9.357874870300293
C1,1629,0.8543353991895412,18.0,17.5,1,2.4000000953674316,18.0,1.0,30,3.0,7.481391429901123
C1,1630,0.8494120147012152,17.8,17.5,1,1.2000000476837158,12.0,1.0,30,3.0,6.22216796875
C1,1631,0.8607685509003341,17.5,17.3,1,4.0,30.0,1.0,30,3.0,6.399967670440674
C1,1632,-0.519062140098947,229.5,130.70000000000002,7,79.30000305175781,306.0,1.0,30,3.0,19.3066463470459
C1,1633,0.5150000000000001,38.0,25.2,13,31.75384521484375,360.0,1.0,30,3.0,42.5173225402832
C1,1634,0.7860608875812962,31.7,21.0,13,13.199999809265137,237.0,1.0,30,3.0,65.64372253417969
C1,1635,0.7731302353383518,31.7,20.8,13,9.230769157409668,186.0,1.0,30,3.0,74.18623352050781
C1,1636,0.7981134819935829,27.099999999999998,19.0,13,4.615384578704834,129.0,1.0,30,3.0,69.04507446289062
C1,1637,0.7918625961745273,32.2,21.6,13,17.015384674072266,264.0,1.0,30,3.0,67.1603775024414
C1,1638,0.79063729648747,28.5,20.0,13,6.0,150.0,1.0,30,3.0,64.42955780029297
C1,1639,0.58820940507909,33.099999999999994,22.8,8,19.049999237060547,216.0,1.0,30,3.0,66.6577377319336
C1,1640,0.7812738322252468,32.4,22.3,8,13.75,180.0,1.0,30,3.0,64.26130676269531
C1,1641,0.7975359345431383,28.299999999999997,20.5,8,7.349999904632568,141.0,1.0,30,3.0,62.4234504699707
C1,1642,0.799,33.2,23.5,8,20.299999237060547,234.0,1.0,30,3.0,62.1207389831543
C1,1643,0.7557051749867497,32.7,22.9,6,11.533333778381348,150.0,1.0,30,3.0,60.605777740478516
C1,1644,0.7627057878314896,32.800000000000004,22.4,6,9.133333206176758,123.0,1.0,30,3.0,58.89679718017578
C1,1645,0.7673035376162937,32.4,21.7,6,9.399999618530273,141.0,1.0,30,3.0,53.73807907104492
C1,1646,0.8294236970742255,23.099999999999998,18.8,6,3.2666666507720947,87.0,1.0,30,3.0,47.84284591674805
C1,1647,0.7170000000000001,40.4,27.3,8,38.150001525878906,294.0,1.0,30,3.0,51.90570831298828
C1,1648,0.7378333333333333,39.0,26.4,9,33.155555725097656,306.0,1.0,30,3.0,61.6767578125
C1,1649,0.7631055817666096,31.6,20.5,10,8.399999618530273,156.0,1.0,30,3.0,70.6060562133789
C1,1650,0.7944166666666667,33.7,24.0,10,26.719999313354492,291.0,1.0,30,3.0,75.8302993774414
C1,1651,0.7781569010554595,32.2,21.5,10,12.119999885559082,201.0,1.0,30,3.0,74.29817962646484
C1,1652,0.8462570565062587,18.1,17.2,10,0.4399999976158142,12.0,1.0,30,3.0,66.9789047241211
C1,1653,0.8465903701308001,18.0,17.3,10,0.5199999809265137,12.0,1.0,30,3.0,50.18734359741211
C1,1654,0.8155615300280378,23.0,18.4,9,1.600000023841858,54.0,1.0,30,2.0,34.77907180786133
C1,1655,0.765453299361902,35.3,24.7,9,17.866666793823242,180.0,1.0,30,2.0,37.00077819824219
C1,1656,0.727200726943179,17.7,17.3,6,0.6666666865348816,22.0,1.0,30,2.0,39.26713180541992
C1,1657,0.821263199740241,23.400000000000002,19.3,6,1.9333332777023315,46.0,1.0,30,2.0,40.09361267089844
C1,1658,0.844450726943179,20.299999999999997,17.6,6,0.6666666865348816,18.0,1.0,30,2.0,29.789501190185547
C1,1659,0.7292423988845965,39.199999999999996,26.5,6,17.66666603088379,152.0,1.0,30,2.0,32.27370071411133
C1,1660,0.6855833333333333,44.699999999999996,30.900000000000002,7,33.20000076293945,212.0,1.0,30,2.0,44.83088684082031
C1,1661,0.72775,40.099999999999994,27.7,8,32.91428756713867,250.0,1.0,30,2.0,67.83186340332031
C1,1662,0.7504166666666667,38.5,25.8,8,21.100000381469727,192.0,1.0,30,2.0,84.29911804199219
C1,1663,0.74675,38.9,26.5,8,21.700000762939453,196.0,1.0,30,2.0,93.11280822753906
C1,1664,0.791131156972166,28.299999999999997,20.0,8,5.650000095367432,96.0,1.0,30,2.0,88.13434600830078
C1,1665,0.7494999999999999,38.6,26.0,8,21.350000381469727,190.0,1.0,30,2.0,85.01394653320312
C1,1666,0.7440000000000001,39.199999999999996,27.0,8,27.899999618530273,224.0,1.0,30,2.0,85.00836944580078
C1,1667,0.8475470985856146,17.6,17.2,8,0.75,15.0,1.0,30,3.0,79.27168273925781
C1,1668,0.8471314154582048,17.5,17.3,8,0.6499999761581421,30.0,1.0,30,3.0,64.49634552001953
C1,1669,0.7623333333333333,37.199999999999996,24.7,8,25.350000381469727,267.0,1.0,30,3.0,52.56447219848633
C1,1670,0.6795314987394095,32.0,21.3,8,7.050000190734863,100.0,1.0,50,2.0,51.40534973144531
C1,1671,0.8403771122914775,17.8,17.2,7,0.949999988079071,39.0,1.0,30,3.0,51.10987854003906
C1,1672,0.7953333333333333,33.6,24.299999999999997,7,22.97142791748047,225.0,1.0,30,3.0,49.06592559814453
C1,1673,0.7504166666666667,38.5,26.3,7,28.742856979370117,261.0,1.0,30,3.0,52.77288818359375
C1,1674,0.5601320901203826,39.9,27.3,11,43.45000076293945,339.0,1.0,30,3.0,68.33039855957031
C1,1675,0.7925833333333334,33.9,24.1,11,31.272727966308594,345.0,1.0,30,3.0,82.99823760986328
C1,1676,0.76875,36.5,24.1,11,28.654544830322266,309.0,1.0,30,3.0,93.9322738647461
C1,1677,0.7962499999999999,33.5,23.5,11,23.054546356201172,279.0,1.0,30,3.0,97.82603454589844
C1,1678,0.7916666666666666,34.0,24.2,11,30.290908813476562,336.0,1.0,30,3.0,99.76228332519531
C1,1679,0.7935,33.8,24.0,11,29.85454559326172,333.0,1.0,30,3.0,101.99070739746094
C1,1680,0.7962499999999999,33.5,23.400000000000002,11,24.9818172454834,297.0,1.0,30,3.0,104.12775421142578
C1,1681,0.7916666666666666,34.0,24.1,11,30.836362838745117,348.0,1.0,30,3.0,105.94332122802734
C1,1682,0.7953333333333333,33.6,23.5,11,25.600000381469727,291.0,1.0,30,3.0,105.1659927368164
C1,1683,0.799,33.2,23.3,11,23.0181827545166,276.0,1.0,30,3.0,103.76626586914062
C1,1684,0.7889166666666667,34.3,24.2,11,30.327272415161133,330.0,1.0,30,3.0,102.12642669677734
C1,1685,0.7218917193057615,33.0,22.700000000000003,11,19.200000762939453,264.0,1.0,50,3.0,99.94252014160156
C1,1686,0.7815833333333334,35.1,24.400000000000002,11,31.309091567993164,336.0,1.0,30,3.0,101.29884338378906
C1,1687,0.7953333333333333,33.6,23.400000000000002,11,24.509090423583984,294.0,1.0,30,3.0,100.51264190673828
C1,1688,0.7870833333333334,34.5,24.400000000000002,11,30.945453643798828,342.0,1.0,30,3.0,103.50758361816406
C1,1689,0.6950283557373276,33.0,23.0,11,12.909090995788574,176.0,1.0,50,2.0,102.10455322265625
C1,1690,0.7525121894962298,34.4,24.5,11,10.436363220214844,118.0,1.0,30,1.0,103.92939758300781
C1,1691,0.7530618975028953,34.3,24.2,11,10.327272415161133,110.0,1.0,30,1.0,104.49097442626953
C1,1692,0.7537061555558702,34.0,24.0,11,9.709091186523438,105.0,1.0,30,1.0,107.0945816040039
C1,1693,0.6294118021607166,34.4,24.5,8,9.527273178100586,100.0,1.0,30,1.0,106.25675201416016
C1,1694,0.5644992966697435,44.3,31.099999999999998,5,18.559999465942383,108.0,1.0,30,1.0,105.48738098144531
C1,1695,0.6362611934182735,49.6,33.7,5,18.719999313354492,100.0,1.0,30,1.0,104.35910034179688
C1,1696,0.3598,50.8,35.9,4,26.200000762939453,114.0,1.0,30,1.0,105.54878997802734
C1,1697,0.35515,55.4,37.1,4,25.399999618530273,112.0,1.0,30,1.0,106.79594421386719
C1,1698,0.6352302308153178,49.8,35.3,4,19.100000381469727,96.0,1.0,30,1.0,107.01089477539062
C1,1699,0.346075,58.7,36.7,4,26.600000381469727,125.0,1.0,30,1.0,108.60653686523438
C1,1700,0.365325,51.7,37.199999999999996,4,23.799999237060547,108.0,1.0,30,1.0,109.03058624267578
C1,1701,0.33535000000000004,62.6,37.1,4,22.100000381469727,105.0,1.0,30,1.0,110.48502349853516
C1,1702,0.6416468974819846,49.099999999999994,33.9,4,19.100000381469727,97.0,1.0,30,1.0,107.62434387207031
C1,1703,0.6769234486892386,44.6,31.3,4,16.5,87.0,1.0,30,1.0,103.10794067382812
C1,1704,0.649968281329504,48.099999999999994,34.1,4,18.700000762939453,96.0,1.0,30,1.0,99.1980972290039
C1,1705,0.3413481009643711,50.1,34.8,6,41.266666412353516,214.0,1.0,30,2.0,98.1855239868164
C1,1706,0.6972500000000001,44.3,30.099999999999998,6,33.266666412353516,206.0,1.0,30,2.0,99.71131896972656
C1,1707,0.6965833333333333,43.5,28.9,7,27.428571701049805,204.0,1.0,30,2.0,101.42678833007812
C1,1708,0.7100833333333334,42.9,27.2,7,24.742856979370117,198.0,1.0,30,2.0,101.389404296875
C1,1709,0.74125,39.5,27.0,7,26.171428680419922,198.0,1.0,30,2.0,100.8336410522461
C1,1710,0.7054999999999999,43.4,28.7,7,31.485713958740234,228.0,1.0,30,2.0,102.10018920898438
C1,1711,0.7091666666666667,43.0,28.299999999999997,7,29.714284896850586,222.0,1.0,30,2.0,104.46011352539062
C1,1712,0.7000000000000001,44.0,29.1,7,28.342857360839844,204.0,1.0,30,2.0,106.27606964111328
C1,1713,0.7064166666666667,43.3,28.299999999999997,7,30.05714225769043,216.0,1.0,30,2.0,106.56564331054688
C1,1714,0.7430833333333333,39.300000000000004,27.400000000000002,7,24.628570556640625,192.0,1.0,30,2.0,104.73938751220703
C1,1715,0.5876666666666667,38.800000000000004,26.599999999999998,11,39.52727127075195,339.0,1.0,30,3.0,105.11029815673828
C1,1716,0.783,33.2,23.400000000000002,13,31.44615364074707,372.0,1.0,30,3.0,107.46617889404297
C1,1717,0.7962499999999999,33.5,23.400000000000002,13,25.69230842590332,330.0,1.0,30,3.0,110.74637603759766
C1,1718,0.7971666666666668,33.4,23.400000000000002,13,25.13846206665039,318.0,1.0,30,3.0,111.78115844726562
C1,1719,0.8008333333333334,33.0,23.0,13,25.815383911132812,327.0,1.0,30,3.0,110.40203094482422
C1,1720,0.799,33.2,23.3,13,24.799999237060547,309.0,1.0,30,3.0,108.64122009277344
C1,1721,0.7971666666666668,33.4,23.2,13,26.123077392578125,330.0,1.0,30,3.0,108.1180648803711
C1,1722,0.7937500000000001,32.9,22.8,12,20.700000762939453,276.0,1.0,30,3.0,105.53750610351562
C1,1723,0.7953333333333333,33.6,23.7,12,30.200000762939453,369.0,1.0,30,3.0,106.65583801269531
C1,1724,0.7962499999999999,33.5,23.7,12,26.866666793823242,324.0,1.0,30,3.0,107.06016540527344
C1,1725,0.7962499999999999,33.5,23.599999999999998,12,28.933332443237305,351.0,1.0,30,3.0,110.63610076904297
C1,1726,0.799,33.2,23.3,12,26.366666793823242,312.0,1.0,30,3.0,110.24832916259766
C1,1727,0.7971666666666668,33.4,23.5,12,25.66666603088379,300.0,1.0,30,3.0,108.9489974975586
C1,1728,0.7944166666666667,33.7,23.8,12,27.33333396911621,324.0,1.0,30,3.0,106.96939849853516
C1,1729,0.7962499999999999,33.5,23.599999999999998,12,32.5,390.0,1.0,30,3.0,109.24830627441406
C1,1730,0.8008333333333334,33.0,23.0,12,20.600000381469727,273.0,1.0,30,3.0,109.4156494140625
C1,1731,0.7962499999999999,33.5,23.8,12,29.33333396911621,351.0,1.0,30,3.0,110.71605682373047
C1,1732,0.7925833333333334,33.9,23.8,12,29.133333206176758,345.0,1.0,30,3.0,109.49629974365234
C1,1733,0.8008333333333334,33.0,23.2,12,25.866666793823242,318.0,1.0,30,3.0,110.76445007324219
C1,1734,0.7999166666666667,33.099999999999994,23.099999999999998,12,21.33333396911621,285.0,1.0,30,3.0,108.59200286865234
C1,1735,0.7623612414855244,33.300000000000004,23.5,12,30.366666793823242,366.0,1.0,50,3.0,108.22187042236328
C1,1736,0.7944166666666667,33.7,23.7,12,27.133333206176758,333.0,1.0,30,3.0,108.66645050048828
C1,1737,0.8008333333333334,33.0,23.0,12,22.633333206176758,294.0,1.0,30,3.0,109.33320617675781
C1,1738,0.8017500000000001,32.9,23.0,12,22.566667556762695,291.0,1.0,30,3.0,106.3999252319336
C1,1739,0.7962499999999999,33.5,23.599999999999998,12,27.5,324.0,1.0,30,3.0,104.23995208740234
C1,1740,0.7962499999999999,33.5,23.7,12,28.799999237060547,345.0,1.0,30,3.0,105.21063995361328
C1,1741,0.7811666666666668,33.4,23.5,14,33.96666717529297,402.0,1.0,30,3.0,110.72638702392578
C1,1742,0.799,33.2,22.9,14,22.08571434020996,300.0,1.0,30,3.0,112.96916198730469
C1,1743,0.7999166666666667,33.099999999999994,22.9,14,24.171428680419922,336.0,1.0,30,3.0,113.91483306884766
C1,1744,0.7937838484181807,32.5,22.2,14,19.08571434020996,285.0,1.0,30,3.0,109.28223419189453
C1,1745,0.8017500000000001,32.9,22.700000000000003,14,23.22857093811035,324.0,1.0,30,3.0,107.5693359375
C1,1746,0.8026666666666666,32.800000000000004,22.700000000000003,14,24.314285278320312,333.0,1.0,30,3.0,106.40827178955078
C1,1747,0.783,33.2,23.2,12,28.066667556762695,354.0,1.0,30,3.0,108.7782974243164
C1,1748,0.7980833333333334,33.300000000000004,23.400000000000002,12,26.83333396911621,327.0,1.0,30,3.0,110.3336410522461
C1,1749,0.7916666666666666,34.0,24.0,12,29.233333587646484,354.0,1.0,30,3.0,112.20018768310547
C1,1750,0.7971666666666668,33.4,23.8,12,25.299999237060547,303.0,1.0,30,3.0,111.0534439086914
C1,1751,0.799,33.2,23.400000000000002,12,33.266666412353516,393.0,1.0,30,3.0,113.29873657226562
C1,1752,0.7848333333333334,33.0,23.099999999999998,14,23.571428298950195,324.0,1.0,30,3.0,113.31257629394531
C1,1753,0.7999166666666667,33.099999999999994,23.099999999999998,14,21.799999237060547,306.0,1.0,30,3.0,113.45420837402344
C1,1754,0.8544516647025292,18.599999999999998,18.1,14,2.4285714626312256,90.0,1.0,30,3.0,100.07252502441406
C1,1755,0.8036939699162968,27.3,19.400000000000002,14,6.5428571701049805,162.0,1.0,30,3.0,84.84351348876953
C1,1756,0.7875349980358626,27.3,18.9,14,2.4285714626312256,93.0,1.0,30,3.0,66.23944091796875
C1,1757,0.8118358713005417,22.700000000000003,18.3,12,1.9714285135269165,64.0,1.0,30,2.0,55.343666076660156
C1,1758,0.8312116011102426,20.8,17.5,11,0.5090909004211426,16.0,1.0,30,2.0,42.67286682128906
C1,1759,0.5267569239884147,17.8,17.0,3,0.5600000023841858,18.0,1.0,30,2.0,32.137054443359375
C1,1760,0.847200726943179,17.8,17.2,3,0.6666666865348816,14.0,1.0,30,2.0,22.48223114013672
C1,1761,0.24442891660109325,85.7,42.1,1,19.200000762939453,104.0,1.0,30,2.0,22.556005477905273
C1,1762,-0.15590118220921254,135.5,64.19999999999999,4,83.5999984741211,192.0,1.0,30,2.0,34.20027160644531
C1,1763,0.7398039631541367,32.300000000000004,21.7,6,6.0,86.0,1.0,30,2.0,45.9868278503418
C1,1764,0.765018591455126,32.800000000000004,22.599999999999998,6,9.800000190734863,112.0,1.0,30,2.0,53.592098236083984
C1,1765,0.8469234084714489,18.1,17.3,6,0.6000000238418579,14.0,1.0,30,2.0,46.28859329223633
C1,1766,0.8327088730643604,22.3,18.1,6,2.2666666507720947,54.0,1.0,30,2.0,39.773155212402344
C1,1767,0.7553625145343812,31.7,19.7,6,4.4666666984558105,72.0,1.0,30,2.0,33.197227478027344
C1,1768,0.5911037451274725,40.300000000000004,27.400000000000002,3,14.533333778381348,132.0,1.0,30,2.0,37.11833572387695
C1,1769,0.8483080145228291,17.6,17.2,3,0.9333333373069763,14.0,1.0,30,2.0,36.80433654785156
C1,1770,0.729703299361902,39.199999999999996,28.2,3,17.866666793823242,116.0,1.0,30,2.0,39.54926681518555
C1,1771,0.682171637213212,44.0,29.4,3,16.399999618530273,104.0,1.0,30,2.0,39.329559326171875
C1,1772,0.6452500000000001,49.099999999999994,33.2,4,32.29999923706055,158.0,1.0,30,2.0,48.79773712158203
C1,1773,0.7477920911251035,31.8,20.5,4,2.799999952316284,44.0,1.0,30,2.0,49.67864227294922
C1,1774,0.7606104123716511,31.9,20.8,4,6.300000190734863,72.0,1.0,30,2.0,48.0738525390625
C1,1775,0.8469234084714489,17.5,17.3,4,0.6000000238418579,12.0,1.0,30,2.0,37.37764358520508
C1,1776,0.34497500000000003,59.1,36.8,4,44.29999923706055,200.0,1.0,50,2.0,41.359920501708984
C1,1777,0.5690000000000001,45.199999999999996,30.599999999999998,7,29.94285774230957,200.0,1.0,30,2.0,52.28261947631836
C1,1778,0.7375833333333334,39.9,28.1,7,29.371429443359375,214.0,1.0,30,2.0,72.30290222167969
C1,1779,0.7633021278219798,33.7,24.0,7,11.771428108215332,126.0,1.0,30,2.0,79.38174438476562
C1,1780,0.8465665713007887,17.6,17.3,7,0.5142857432365417,12.0,1.0,30,2.0,71.09571075439453
C1,1781,0.7082500000000002,43.1,28.7,7,29.714284896850586,212.0,1.0,30,2.0,65.99076080322266
C1,1782,0.7623219512211763,33.4,23.099999999999998,7,10.628571510314941,120.0,1.0,30,2.0,62.52779006958008
C1,1783,0.754814754199968,32.9,22.700000000000003,7,7.199999809265137,102.0,1.0,30,2.0,66.45000457763672
C1,1784,0.759952223951702,33.7,23.400000000000002,7,10.742856979370117,122.0,1.0,30,2.0,62.80333709716797
C1,1785,0.7828623818553674,28.1,19.5,7,3.085714340209961,66.0,1.0,30,2.0,57.01533508300781
C1,1786,0.846804498154994,17.6,17.3,7,0.5714285969734192,28.0,1.0,30,2.0,48.60920333862305
C1,1787,0.6146055433209032,32.5,22.700000000000003,3,11.866666793823242,117.0,1.0,30,3.0,40.63218688964844
C1,1788,0.13235796389131507,50.8,34.5,8,49.54999923706055,300.0,1.0,30,3.0,44.77931213378906
C1,1789,0.6647561578796368,33.5,23.7,8,6.800000190734863,73.0,1.0,50,1.0,55.134254455566406
C1,1790,0.8471314154582048,17.9,17.3,8,0.6499999761581421,24.0,1.0,30,3.0,57.21388626098633
C1,1791,0.8485843284339895,17.7,17.2,8,1.0,48.0,1.0,30,3.0,47.26166534423828
C1,1792,0.7821535408380094,32.599999999999994,22.5,8,14.699999809265137,189.0,1.0,30,3.0,39.957000732421875
C1,1793,0.8332052715629252,17.7,17.3,6,1.149999976158142,57.0,1.0,30,3.0,37.04086685180664
C1,1794,0.8309234084714489,18.700000000000003,17.4,4,0.6000000238418579,14.0,1.0,30,2.0,34.0911865234375
C1,1795,0.8494120147012152,17.9,17.4,4,1.2000000476837158,27.0,1.0,30,3.0,25.12137794494629
C1,1796,0.8485843284339895,17.8,17.3,4,1.0,27.0,1.0,30,3.0,18.406160354614258
C1,1797,0.8477547725551174,17.8,17.3,4,0.800000011920929,30.0,1.0,30,3.0,14.777029991149902
C1,1798,0.7375724027518892,17.7,17.4,1,3.200000047683716,21.0,1.0,30,3.0,12.332884788513184
C1,1799,0.8575724027518892,17.9,17.6,1,3.200000047683716,24.0,1.0,30,3.0,10.733063697814941
C1,1800,0.8510615300280377,17.8,17.4,1,1.600000023841858,15.0,1.0,30,3.0,9.106505393981934
C1,1801,0.8700719235523432,17.8,17.5,1,6.400000095367432,57.0,1.0,30,3.0,9.730569839477539
C1,1802,0.7780836062547414,32.7,26.0,1,13.600000381469727,72.0,1.0,30,3.0,12.23834228515625
C1,1803,0.7698661611682622,33.2,26.700000000000003,1,12.399999618530273,63.0,1.0,30,3.0,15.876338005065918
C1,1804,0.8543353991895412,18.1,17.6,1,2.4000000953674316,21.0,1.0,30,3.0,16.459136962890625
C1,1805,0.8510615300280377,18.0,17.5,1,1.600000023841858,15.0,1.0,30,3.0,14.275482177734375
C1,1806,0.8575724027518892,17.8,17.5,1,3.200000047683716,27.0,1.0,30,3.0,11.365288734436035
C1,1807,0.7694704801128012,18.1,17.6,1,2.0,12.0,1.0,50,2.0,9.48583984375
C1,1808,0.5744120147012152,50.0,17.6,1,1.2000000476837158,9.0,1.0,30,3.0,8.091504096984863
C1,1809,0.8510615300280377,18.1,17.6,1,1.600000023841858,12.0,1.0,30,3.0,6.588235855102539
C1,1810,0.852702823555001,19.8,17.7,1,2.0,15.0,1.0,30,3.0,5.55294132232666
C1,1811,0.7045833333333333,43.5,33.6,1,28.0,105.0,1.0,30,3.0,9.198431968688965
C1,1812,0.7293333333333333,40.800000000000004,33.2,1,24.399999618530273,93.0,1.0,30,3.0,14.985725402832031
C1,1813,0.8654774278277694,17.8,17.5,1,5.199999809265137,42.0,1.0,30,3.0,19.65810203552246
C1,1814,0.8607685509003341,17.7,17.5,1,4.0,30.0,1.0,30,3.0,19.12819480895996
C1,1815,0.6822774582840988,17.9,17.6,1,3.200000047683716,24.0,1.0,90,2.0,16.27691650390625
C1,1816,0.7768942209146296,32.7,25.9,1,13.199999809265137,72.0,1.0,30,3.0,15.899483680725098
C1,1817,0.8639198485148963,17.9,17.7,1,4.800000190734863,39.0,1.0,30,3.0,16.073022842407227
C1,1818,0.8654774278277694,17.9,17.6,1,5.199999809265137,42.0,1.0,30,3.0,16.44381332397461
C1,1819,0.8543353991895412,17.8,17.6,1,2.4000000953674316,20.0,1.0,30,2.0,14.79962158203125
C1,1820,0.852702823555001,18.2,17.6,1,2.0,15.0,1.0,30,3.0,12.746439933776855
C1,1821,0.7762502729214081,32.9,26.4,1,13.600000381469727,69.0,1.0,30,3.0,12.714530944824219
C1,1822,0.8670222991527153,17.8,17.5,1,5.599999904632568,48.0,1.0,30,3.0,13.49538516998291
C1,1823,0.8591758329899635,17.8,17.5,1,3.5999999046325684,30.0,1.0,30,3.0,14.63056468963623
C1,1824,0.8623500559002011,18.8,17.8,1,4.400000095367432,36.0,1.0,30,3.0,13.84500503540039
C1,1825,0.8607685509003341,17.7,17.4,1,4.0,33.0,1.0,30,3.0,12.707003593444824
C1,1826,0.8654774278277694,17.7,17.5,1,5.199999809265137,42.0,1.0,30,3.0,12.557535171508789
C1,1827,0.8639198485148963,17.7,17.5,1,4.800000190734863,42.0,1.0,30,3.0,12.73452091217041
C1,1828,0.7746697182260822,32.4,24.9,1,11.600000381469727,63.0,1.0,30,3.0,14.17404556274414
C1,1829,0.8670222991527153,17.7,17.4,1,5.599999904632568,51.0,1.0,30,3.0,15.437761306762695
C1,1830,0.8575724027518892,17.8,17.5,1,3.200000047683716,24.0,1.0,30,3.0,15.395990371704102
C1,1831,0.332575,60.699999999999996,39.1,2,23.0,120.0,1.0,30,3.0,17.904260635375977
C1,1832,0.7669135249995925,31.9,21.3,2,8.0,78.0,1.0,30,3.0,20.609222412109375
C1,1833,0.7634364071071466,32.2,21.5,2,7.800000190734863,72.0,1.0,30,3.0,24.36553382873535
C1,1834,0.8535202322523546,17.5,17.1,2,2.200000047683716,33.0,1.0,30,3.0,22.752653121948242
C1,1835,0.7678301916662592,31.8,22.2,2,8.0,84.0,1.0,30,3.0,22.051591873168945
C1,1836,-0.15252972648406135,93.3,41.4,10,61.86666488647461,342.0,1.0,30,3.0,33.63095474243164
C1,1837,0.8479208302101465,17.9,17.3,10,0.8399999737739563,57.0,1.0,30,3.0,41.645240783691406
C1,1838,0.8528664814545696,17.6,17.7,10,2.0399999618530273,87.0,1.0,30,3.0,46.58714294433594
C1,1839,0.8469234084714489,17.6,17.2,10,0.6000000238418579,21.0,1.0,30,3.0,35.28561782836914
C1,1840,0.8472561670987857,17.9,17.4,10,0.6800000071525574,27.0,1.0,30,3.0,27.171371459960938
C1,1841,0.8303392140196841,22.599999999999998,18.3,10,2.359999895095825,87.0,1.0,30,3.0,22.302824020385742
C1,1842,0.4218333333333334,43.8,29.9,3,35.400001525878906,168.0,1.0,30,3.0,25.915027618408203
C1,1843,-0.021056301821115696,66.9,36.0,10,57.33333206176758,369.0,1.0,30,3.0,43.2823486328125
C1,1844,0.7802499999999999,33.5,23.2,12,22.933332443237305,297.0,1.0,30,3.0,63.036075592041016
C1,1845,0.7890136398853791,28.2,19.7,12,4.866666793823242,138.0,1.0,30,3.0,73.55497741699219
C1,1846,0.785161267694724,32.7,22.4,12,16.16666603088379,243.0,1.0,30,3.0,74.26631927490234
C1,1847,0.7633271562928058,31.2,20.2,12,5.333333492279053,110.0,1.0,30,2.0,68.82646179199219
C1,1848,0.7720830192307288,32.599999999999994,22.5,12,11.366666793823242,168.0,1.0,30,2.0,70.62921142578125
C1,1849,0.726460780745289,17.6,17.3,9,0.4888888895511627,20.0,1.0,30,2.0,62.24419021606445
C1,1850,-0.6498572500682636,46.0,26.700000000000003,37,98.4000015258789,1382.0,1.0,30,2.0,142.01318359375
C1,1851,0.5376666666666667,26.8,19.099999999999998,45,29.102222442626953,1239.0,1.0,30,3.0,233.74124145507812
C1,1852,0.8161973956875215,26.4,19.3,45,7.688889026641846,321.0,1.0,30,3.0,301.71142578125
C1,1853,0.8462385310551689,17.7,17.2,45,0.4355555474758148,21.0,1.0,30,3.0,251.29351806640625
C1,1854,0.8385210278370385,22.5,18.3,45,4.168889045715332,225.0,1.0,30,3.0,175.97610473632812
C1,1855,0.8205474397531165,26.599999999999998,19.2,45,9.422222137451172,390.0,1.0,30,3.0,133.85232543945312
C1,1856,0.6863568215460274,23.5,19.0,45,5.946666717529297,242.0,1.0,70,2.0,123.77806854248047
C1,1857,-0.4479186988638695,32.800000000000004,22.5,14,19.600000381469727,303.0,1.0,30,3.0,121.2001724243164
C1,1858,0.7907500000000001,34.1,23.8,14,27.257143020629883,399.0,1.0,30,3.0,120.05343627929688
C1,1859,0.7980833333333334,33.300000000000004,23.3,14,21.542856216430664,318.0,1.0,30,3.0,117.36539459228516
C1,1860,0.7827190856856036,27.799999999999997,19.2,14,2.3714284896850586,90.0,1.0,30,3.0,106.28590393066406
C1,1861,0.7887375302327231,28.6,20.0,14,5.742856979370117,153.0,1.0,30,3.0,88.70487213134766
C1,1862,0.7793156454353323,32.800000000000004,22.5,14,14.342857360839844,258.0,1.0,30,3.0,75.48959350585938
C1,1863,0.7971666666666668,33.4,23.3,14,26.05714225769043,378.0,1.0,30,3.0,80.36042022705078
C1,1864,0.7784987885734016,30.099999999999998,20.8,13,8.861538887023926,186.0,1.0,30,3.0,84.74958801269531
C1,1865,0.7935,33.8,23.599999999999998,13,24.830768585205078,348.0,1.0,30,3.0,91.38308715820312
C1,1866,0.7895663831348404,32.800000000000004,22.700000000000003,13,18.399999618530273,276.0,1.0,30,3.0,90.82984924316406
C1,1867,0.7770078733130648,32.4,21.7,13,12.338461875915527,225.0,1.0,30,3.0,92.23124694824219
C1,1868,0.7878061098122124,28.0,19.900000000000002,12,6.153846263885498,153.0,1.0,30,3.0,84.40541076660156
C1,1869,0.8469234084714489,17.7,17.4,12,0.6000000238418579,33.0,1.0,30,3.0,68.909912109375
C1,1870,0.8473393125660467,17.8,17.5,12,0.699999988079071,36.0,1.0,30,3.0,51.212615966796875
C1,1871,0.6735747789359766,28.400000000000002,20.299999999999997,9,6.5333333015441895,132.0,1.0,30,3.0,39.66090393066406
C1,1872,0.6883080145228291,17.9,17.4,5,0.9333333373069763,33.0,1.0,30,3.0,32.72987365722656
C1,1873,0.8339627360767531,17.7,17.3,3,1.3333333730697632,30.0,1.0,30,3.0,28.30459213256836
C1,1874,0.6213336006367535,49.8,35.6,3,46.400001525878906,180.0,1.0,30,3.0,27.78275489807129
C1,1875,0.8285315247087965,23.2,19.0,4,5.300000190734863,87.0,1.0,30,3.0,29.869653701782227
C1,1876,0.7082500000000002,43.1,28.8,4,27.0,189.0,1.0,30,3.0,38.18845748901367
C1,1877,0.43687811894857037,45.400000000000006,30.099999999999998,10,40.25,324.0,1.0,30,3.0,49.579742431640625
C1,1878,0.8254639912782069,22.9,18.599999999999998,10,1.840000033378601,69.0,1.0,30,3.0,55.6145133972168
C1,1879,0.7872870201536031,33.4,23.099999999999998,10,19.959999084472656,243.0,1.0,30,3.0,61.635372161865234
C1,1880,0.8363357645422366,22.700000000000003,18.5,10,4.079999923706055,117.0,1.0,30,3.0,56.047889709472656
C1,1881,0.7600833333333333,35.7,24.6,12,35.119998931884766,357.0,1.0,30,3.0,65.49539947509766
C1,1882,0.7715044934073759,32.4,21.3,12,10.633333206176758,201.0,1.0,30,3.0,69.2972412109375
C1,1883,0.8019883362915928,28.1,19.900000000000002,12,8.066666603088379,177.0,1.0,30,3.0,74.24501037597656
C1,1884,0.7784166666666666,33.7,23.7,14,33.63333511352539,402.0,1.0,30,3.0,79.21367645263672
C1,1885,0.7808857523522702,28.0,19.0,14,2.3714284896850586,96.0,1.0,30,3.0,77.52820587158203
C1,1886,0.5729634205378598,33.099999999999994,23.0,14,12.800000190734863,182.0,1.0,90,1.0,92.91692352294922
C1,1887,0.799,33.2,23.0,14,31.342857360839844,426.0,1.0,30,3.0,103.2168197631836
C1,1888,0.4655644381121615,32.4,21.9,22,44.724998474121094,678.0,1.0,30,3.0,135.263427734375
C1,1889,0.8127500000000001,31.7,20.8,22,31.85454559326172,669.0,1.0,30,3.0,159.9580535888672
C1,1890,0.7458572636171552,23.400000000000002,18.8,22,3.9454545974731445,150.0,1.0,50,3.0,162.50816345214844
C1,1891,0.745897152636086,22.8,18.5,22,2.545454502105713,132.0,1.0,50,3.0,139.7715606689453
C1,1892,0.7641902731485469,17.8,17.3,22,0.6000000238418579,42.0,1.0,50,3.0,98.262939453125
C1,1893,0.8279464248445242,23.2,18.700000000000003,22,3.127272844314575,144.0,1.0,30,3.0,73.09109497070312
C1,1894,0.47157571492524947,28.2,19.7,14,5.527272701263428,192.0,1.0,30,3.0,60.654659271240234
C1,1895,0.3650468496090427,32.300000000000004,21.3,4,8.5,105.0,1.0,30,3.0,55.992794036865234
C1,1896,0.3675865304329387,47.0,30.8,11,46.20000076293945,363.0,1.0,30,3.0,62.92900848388672
C1,1897,0.7833834366145633,27.799999999999997,19.599999999999998,13,6.615384578704834,159.0,1.0,30,3.0,65.62406921386719
C1,1898,0.8473712870149946,17.7,17.3,13,0.7076923251152039,57.0,1.0,30,3.0,65.10778045654297
C1,1899,0.799,33.2,23.099999999999998,13,27.046154022216797,348.0,1.0,30,3.0,64.13133239746094
C1,1900,0.8474991579521615,17.6,17.3,13,0.7384615540504456,48.0,1.0,30,3.0,58.61213302612305
C1,1901,0.835745549365922,22.3,18.2,13,3.0153846740722656,117.0,1.0,30,3.0,57.967281341552734
C1,1902,0.7859233272515846,32.5,21.9,13,15.753846168518066,249.0,1.0,30,3.0,53.18036651611328
C1,1903,0.7821645646048171,31.9,21.2,13,12.523077011108398,225.0,1.0,30,3.0,58.174888610839844
C1,1904,0.7861454773629117,28.299999999999997,19.900000000000002,13,4.3692307472229,126.0,1.0,30,3.0,61.571598052978516
C1,1905,0.6176529546721448,37.900000000000006,25.4,16,43.771427154541016,534.0,1.0,30,3.0,76.27629089355469
C1,1906,0.7930833333333334,32.099999999999994,21.8,18,23.133333206176758,408.0,1.0,30,3.0,93.2324447631836
C1,1907,0.8081666666666668,32.2,21.6,18,22.22222137451172,393.0,1.0,30,3.0,115.27279663085938
C1,1908,0.7911937153991402,31.9,21.1,18,15.666666984558105,297.0,1.0,30,3.0,117.96367645263672
C1,1909,0.7864051559471091,32.2,21.3,18,14.911110877990723,291.0,1.0,30,3.0,114.37820434570312
C1,1910,0.8042188200434848,27.599999999999998,19.5,18,7.422222137451172,201.0,1.0,30,3.0,103.69358825683594
C1,1911,0.6350076683906306,32.5,22.3,14,19.688888549804688,348.0,1.0,30,3.0,99.54948425292969
C1,1912,0.7952820188420873,32.5,22.2,14,19.828571319580078,297.0,1.0,30,3.0,97.3296890258789
C1,1913,0.8317547725551174,17.7,17.3,12,0.800000011920929,57.0,1.0,30,3.0,89.59781646728516
C1,1914,0.846784676191858,18.9,17.3,12,0.5666666626930237,18.0,1.0,30,3.0,70.29202270507812
C1,1915,0.7928524289396468,29.9,20.8,12,10.166666984558105,195.0,1.0,30,3.0,54.17521286010742
C1,1916,0.7836423583400003,32.800000000000004,22.4,12,15.933333396911621,243.0,1.0,30,3.0,52.771793365478516
C1,1917,0.7274224405069449,17.7,17.2,9,0.7200000286102295,36.0,1.0,30,3.0,52.72974395751953
C1,1918,0.7750328051851616,28.0,19.8,7,4.914285659790039,99.0,1.0,30,3.0,48.43784713745117
C1,1919,0.69775,42.5,27.400000000000002,9,36.4571418762207,291.0,1.0,30,3.0,47.99604034423828
C1,1920,0.7623333333333333,37.199999999999996,24.8,9,26.9777774810791,279.0,1.0,30,3.0,58.53095626831055
C1,1921,0.5880000000000001,34.4,24.6,14,36.71428680419922,447.0,1.0,30,3.0,80.31857299804688
C1,1922,0.589708052684139,32.7,22.599999999999998,14,20.457143783569336,284.0,1.0,90,2.0,99.39114379882812
C1,1923,0.7897837899050094,32.7,22.5,14,18.08571434020996,270.0,1.0,30,3.0,110.43468475341797
C1,1924,0.6835833333333333,32.7,22.3,17,35.64706039428711,555.0,1.0,30,3.0,121.86080932617188
C1,1925,0.7921666666666668,32.2,21.4,19,25.36842155456543,468.0,1.0,30,3.0,130.58316040039062
C1,1926,0.81,32.0,21.2,19,24.357894897460938,446.0,1.0,30,2.0,153.54989624023438
C1,1927,0.7903951583959065,32.099999999999994,21.5,19,16.06315803527832,294.0,1.0,30,2.0,162.26327514648438
C1,1928,0.8081666666666668,32.2,21.6,19,23.24210548400879,426.0,1.0,30,2.0,175.09129333496094
C1,1929,0.8090833333333334,32.099999999999994,21.4,19,23.831579208374023,432.0,1.0,30,2.0,181.8547821044922
C1,1930,0.6890833333333334,32.099999999999994,21.5,16,23.6842098236084,450.0,1.0,30,2.0,196.3128662109375
C1,1931,0.8054166666666667,32.5,22.0,16,20.549999237060547,318.0,1.0,30,2.0,197.7877197265625
C1,1932,0.8081666666666668,32.2,22.0,16,30.674999237060547,489.0,1.0,30,3.0,191.60597229003906
C1,1933,0.8081666666666668,32.2,22.0,16,28.200000762939453,454.0,1.0,30,2.0,188.16357421875
C1,1934,0.7917190314216183,32.7,22.5,16,18.975000381469727,306.0,1.0,30,2.0,185.2981414794922
C1,1935,0.8054166666666667,32.5,22.2,16,22.299999237060547,350.0,1.0,30,2.0,185.17889404296875
C1,1936,0.8063333333333333,32.4,22.0,16,28.299999237060547,450.0,1.0,30,2.0,184.84066772460938
C1,1937,0.8063333333333333,32.4,22.1,16,30.575000762939453,486.0,1.0,30,2.0,196.63772583007812
C1,1938,0.7903333333333333,32.4,22.0,18,32.77777862548828,558.0,1.0,30,3.0,205.18263244628906
C1,1939,0.4927500000000001,31.7,20.9,26,35.03076934814453,783.0,1.0,30,3.0,215.10958862304688
C1,1940,0.8347500000000001,29.3,20.2,26,31.046154022216797,792.0,1.0,30,3.0,223.86575317382812
C1,1941,0.7757414706412649,28.9,20.1,26,23.13846206665039,576.0,1.0,50,3.0,229.91944885253906
C1,1942,0.8329166666666667,29.5,20.2,26,20.89230728149414,525.0,1.0,30,3.0,222.0850067138672
C1,1943,0.8255833333333333,30.3,20.400000000000002,26,23.846153259277344,585.0,1.0,30,3.0,208.18434143066406
C1,1944,0.8320000000000001,29.6,20.2,26,28.55384635925293,711.0,1.0,30,3.0,205.84393310546875
C1,1945,0.8375,29.0,20.1,26,29.72307777404785,738.0,1.0,30,3.0,213.90635681152344
C1,1946,0.8274166666666667,30.099999999999998,20.299999999999997,26,24.0,588.0,1.0,30,3.0,218.8771514892578
C1,1947,0.7138333333333334,29.4,20.2,29,33.4461555480957,831.0,1.0,30,3.0,227.19296264648438
C1,1948,0.84575,28.1,19.8,29,25.696552276611328,705.0,1.0,30,3.0,230.7157745361328
C1,1949,0.8430000000000001,28.400000000000002,19.900000000000002,29,21.544828414916992,606.0,1.0,30,3.0,233.6294708251953
C1,1950,0.8384166666666667,28.9,20.1,29,30.758621215820312,840.0,1.0,30,3.0,235.77767944335938
C1,1951,0.5257499999999999,28.1,19.7,37,35.430301666259766,1065.0,1.0,30,3.0,253.0666046142578
C1,1952,0.8530833333333334,27.3,19.3,37,28.2702693939209,978.0,1.0,30,3.0,279.9732971191406
C1,1953,0.8521666666666667,27.400000000000002,19.400000000000002,37,24.605405807495117,864.0,1.0,30,3.0,297.1839904785156
C1,1954,0.85125,27.5,19.400000000000002,37,24.91891860961914,870.0,1.0,30,3.0,298.8437194824219
C1,1955,0.8503333333333334,27.599999999999998,19.5,37,25.772972106933594,909.0,1.0,30,3.0,296.77288818359375
C1,1956,-1.3138740229189747,27.3,20.2,90,52.80596923828125,2862.0,1.0,30,3.0,384.3304138183594
C1,1957,0.9025833333333334,21.9,18.9,90,31.87555503845215,2907.0,1.0,30,3.0,527.3982543945312
C1,1958,0.9099166666666667,21.1,18.700000000000003,90,29.13777732849121,2487.0,1.0,30,3.0,683.3722534179688
C1,1959,0.49799999999999994,22.4,18.9,100,30.342222213745117,3051.0,1.0,30,3.0,785.356689453125
C1,1960,0.9108333333333334,21.0,18.8,100,29.22800064086914,2700.0,1.0,30,3.0,837.3473510742188
C1,1961,0.9080833333333335,21.3,18.8,100,28.81599998474121,2763.0,1.0,30,3.0,880.8084106445312
C1,1962,0.90625,21.5,18.9,100,29.09600067138672,2838.0,1.0,30,3.0,897.4183959960938
C1,1963,0.9044166666666666,21.7,18.9,100,28.947999954223633,2922.0,1.0,30,3.0,917.2510375976562
C1,1964,0.90625,21.5,18.8,100,28.172000885009766,2892.0,1.0,30,3.0,934.8839721679688
C1,1965,0.9016666666666667,22.0,18.9,100,27.88800048828125,3063.0,1.0,30,3.0,955.4636840820312
C1,1966,0.9025833333333334,21.9,18.9,100,27.29599952697754,3057.0,1.0,30,3.0,973.8115844726562
C1,1967,0.9071666666666667,21.4,18.8,100,28.04400062561035,3063.0,1.0,30,3.0,992.4202880859375
C1,1968,0.8659510161218175,20.9,18.8,100,27.507999420166016,2577.0,1.0,50,3.0,981.9854736328125
C1,1969,0.90625,21.5,18.9,100,28.083999633789062,2925.0,1.0,30,3.0,969.8579711914062
C1,1970,0.9071666666666667,21.4,18.8,100,28.648000717163086,2892.0,1.0,30,3.0,954.9814453125
C1,1971,0.9053333333333333,21.6,18.8,100,29.25200080871582,2949.0,1.0,30,3.0,962.5888671875
C1,1972,0.9035000000000001,21.8,18.9,100,29.667999267578125,2931.0,1.0,30,3.0,967.4199829101562
C1,1973,0.9025833333333334,21.9,18.9,100,30.04400062561035,3039.0,1.0,30,3.0,976.8519897460938
C1,1974,0.9053333333333333,21.6,18.8,100,29.672000885009766,2910.0,1.0,30,3.0,980.77783203125
C1,1975,0.9099166666666667,21.1,18.8,100,27.968000411987305,2808.0,1.0,30,3.0,977.6666870117188
C1,1976,0.8957123907167136,21.5,18.700000000000003,100,19.624000549316406,1809.0,1.0,30,3.0,921.1333618164062
C1,1977,0.8722625122427958,19.599999999999998,18.0,100,6.984000205993652,627.0,1.0,30,3.0,785.7467041015625
C1,1978,0.8665447781881983,19.8,18.1,100,5.47599983215332,477.0,1.0,30,3.0,600.9146728515625
C1,1979,0.8671760678980116,19.900000000000002,18.2,100,5.639999866485596,495.0,1.0,30,3.0,431.615478515625
C1,1980,0.8658184084692236,19.8,18.1,100,5.288000106811523,456.0,1.0,30,3.0,322.4359436035156
C1,1981,-0.578838702100988,22.3,18.5,64,9.768750190734863,651.0,1.0,30,3.0,264.66156005859375
C1,1982,-0.7773837328111812,28.6,20.299999999999997,24,16.116666793823242,489.0,1.0,30,3.0,229.7302703857422
C1,1983,0.7930833333333334,32.099999999999994,21.6,22,24.945453643798828,564.0,1.0,30,3.0,213.57150268554688
C1,1984,0.80725,32.300000000000004,21.6,22,22.709091186523438,522.0,1.0,30,3.0,198.1428985595703
C1,1985,0.8090833333333334,32.099999999999994,21.5,22,24.81818199157715,549.0,1.0,30,3.0,191.55239868164062
C1,1986,0.8090833333333334,32.099999999999994,21.7,22,25.745454788208008,579.0,1.0,30,3.0,188.2647705078125
C1,1987,0.8022499999999999,31.099999999999998,21.4,20,27.34000015258789,546.0,1.0,30,3.0,187.35887145996094
C1,1988,0.8081666666666668,32.2,21.8,20,31.700000762939453,642.0,1.0,30,3.0,190.9486541748047
C1,1989,0.6918333333333333,31.8,21.3,23,33.26956558227539,702.0,1.0,30,3.0,198.56919860839844
C1,1990,0.6936666666666667,31.6,20.8,26,31.123077392578125,753.0,1.0,30,3.0,212.34152221679688
C1,1991,0.8329166666666667,29.5,20.299999999999997,26,30.061538696289062,768.0,1.0,30,3.0,226.2049102783203
C1,1992,0.8301666666666667,29.8,20.299999999999997,26,30.769229888916016,792.0,1.0,30,3.0,238.52294921875
C1,1993,0.8264106037152492,28.9,20.299999999999997,26,18.907691955566406,494.0,1.0,30,2.0,245.38043212890625
C1,1994,0.767621902597112,30.4,20.400000000000002,26,24.55384635925293,621.0,1.0,50,3.0,242.9615936279297
C1,1995,0.7819089444333882,29.7,20.400000000000002,26,26.600000381469727,687.0,1.0,50,3.0,236.8436279296875
C1,1996,0.71315328911259,29.9,20.5,26,10.492307662963867,259.0,1.0,50,1.0,234.77284240722656
C1,1997,0.8347500000000001,29.3,20.299999999999997,26,28.815383911132812,744.0,1.0,30,3.0,238.99703979492188
C1,1998,0.8393333333333334,28.8,20.2,26,24.384614944458008,627.0,1.0,30,3.0,238.86488342285156
C1,1999,0.82925,29.9,20.400000000000002,26,29.21538543701172,741.0,1.0,30,3.0,237.1855926513672
C1,2000,0.8246666666666667,30.4,20.6,26,29.938461303710938,762.0,1.0,30,3.0,236.97802734375
C1,2001,0.8490382779516983,20.2,18.0,26,1.5538461208343506,108.0,1.0,30,3.0,213.7868194580078
C1,2002,0.8465391091382248,18.0,17.4,26,0.5076923370361328,24.0,1.0,30,3.0,168.0054168701172
C1,2003,0.8462827057372424,17.9,17.4,26,0.446153849363327,18.0,1.0,30,3.0,107.46991729736328
C1,2004,0.8462185797091187,17.7,17.4,26,0.4307692348957062,15.0,1.0,30,3.0,67.01528930664062
C1,2005,0.8464109275986874,17.7,17.3,26,0.4769230782985687,33.0,1.0,30,3.0,43.14250564575195
C1,2006,-0.1526606874339534,17.6,17.2,1,0.699999988079071,33.0,1.0,30,3.0,29.485502243041992
C1,2007,0.8543353991895412,17.8,17.4,1,2.4000000953674316,18.0,1.0,30,3.0,21.42463493347168
C1,2008,0.8575724027518892,17.8,17.5,1,3.200000047683716,24.0,1.0,30,3.0,16.188114166259766
C1,2009,0.8543353991895412,17.7,17.4,1,2.4000000953674316,18.0,1.0,30,3.0,12.379535675048828
C1,2010,0.8559587577917702,17.7,17.4,1,2.799999952316284,27.0,1.0,30,3.0,10.49438762664795
C1,2011,0.7091666666666667,43.0,33.099999999999994,1,26.799999237060547,108.0,1.0,30,3.0,13.096632957458496
C1,2012,0.8543353991895412,17.7,17.3,1,2.4000000953674316,18.0,1.0,30,3.0,14.657979965209961
C1,2013,0.8591758329899635,17.7,17.4,1,3.5999999046325684,30.0,1.0,30,3.0,15.728120803833008
C1,2014,-0.044326429936239434,149.5,71.4,4,64.69999694824219,208.0,1.0,50,2.0,25.436872482299805
C1,2015,0.6739506759311267,33.4,23.099999999999998,4,8.800000190734863,84.0,1.0,50,2.0,36.0621223449707
C1,2016,0.6470227500622112,38.699999999999996,26.9,4,13.899999618530273,110.0,1.0,50,2.0,48.43727493286133
C1,2017,0.21104548743557236,63.3,37.8,4,29.0,128.0,1.0,70,1.0,59.06236267089844
C1,2018,0.6717448768507244,38.699999999999996,26.4,4,19.700000762939453,156.0,1.0,50,3.0,66.770751953125
C1,2019,0.67513729648747,41.099999999999994,28.1,4,26.0,180.0,1.0,50,3.0,72.06245422363281
C1,2020,0.28749042679105463,59.8,37.400000000000006,4,75.06666564941406,291.0,1.0,50,3.0,71.10413360595703
C1,2021,-0.43533870207812486,74.6,36.900000000000006,17,121.5199966430664,1035.0,1.0,50,3.0,109.59581756591797
C1,2022,-0.1747609040363372,33.5,22.8,40,73.88571166992188,2010.0,1.0,50,3.0,214.02415466308594
C1,2023,0.7636698417888736,17.5,17.2,40,0.46000000834465027,30.0,1.0,50,3.0,265.0811462402344
C1,2024,0.7637441026154991,17.5,17.1,40,0.47999998927116394,42.0,1.0,50,3.0,251.58203125
C1,2025,0.7635956097279638,17.9,17.3,40,0.4399999976158142,33.0,1.0,50,3.0,155.6158905029297
C1,2026,0.7637812439604256,17.7,17.3,40,0.49000000953674316,36.0,1.0,50,3.0,98.30286407470703
C1,2027,0.8475470985856146,17.6,17.4,40,0.75,69.0,1.0,30,3.0,65.11505126953125
C1,2028,-0.7905447284370749,28.7,21.0,1,1.149999976158142,75.0,1.0,30,3.0,47.06903076171875
C1,2029,0.5744120147012152,50.0,17.4,1,1.2000000476837158,6.0,1.0,30,1.0,35.4414176940918
C1,2030,0.8559587577917702,17.9,17.4,1,2.799999952316284,21.0,1.0,30,3.0,26.331518173217773
C1,2031,0.70275,43.7,33.7,1,27.600000381469727,105.0,1.0,30,3.0,22.198909759521484
C1,2032,0.8591758329899635,17.8,17.5,1,3.5999999046325684,30.0,1.0,30,3.0,20.2526798248291
C1,2033,0.7753661611682622,32.599999999999994,26.200000000000003,1,12.399999618530273,69.0,1.0,30,3.0,21.21827507019043
C1,2034,0.8543353991895412,17.6,17.4,1,2.4000000953674316,21.0,1.0,30,3.0,18.064298629760742
C1,2035,0.8575724027518892,17.9,17.5,1,3.200000047683716,24.0,1.0,30,3.0,15.905245780944824
C1,2036,0.7666192805748862,32.7,25.8,1,10.0,52.0,1.0,30,2.0,15.009814262390137
C1,2037,0.8575724027518892,17.7,17.5,1,3.200000047683716,26.0,1.0,30,2.0,15.272555351257324
C1,2038,0.852702823555001,18.1,17.4,1,2.0,18.0,1.0,30,2.0,15.563532829284668
C1,2039,0.852702823555001,17.6,17.3,1,2.0,16.0,1.0,30,2.0,13.338119506835938
C1,2040,0.8510615300280377,18.2,17.4,1,1.600000023841858,14.0,1.0,30,2.0,11.202872276306152
C1,2041,0.08755784952672728,70.6,44.1,1,13.600000381469727,40.0,1.0,90,1.0,14.05505657196045
C1,2042,0.8575724027518892,18.1,17.6,1,3.200000047683716,26.0,1.0,30,2.0,16.433032989501953
C1,2043,0.8517861568883344,20.1,17.4,1,2.0,14.0,1.0,30,2.0,17.859819412231445
C1,2044,0.8510615300280377,18.2,17.4,1,1.600000023841858,14.0,1.0,30,2.0,14.315892219543457
C1,2045,0.8559587577917702,17.7,17.3,1,2.799999952316284,24.0,1.0,30,2.0,12.056201934814453
C1,2046,0.8639198485148963,17.7,17.5,1,4.800000190734863,39.0,1.0,30,3.0,11.500388145446777
C1,2047,0.8575724027518892,17.7,17.3,1,3.200000047683716,27.0,1.0,30,3.0,11.433566093444824
C1,2048,0.8591758329899635,17.5,17.3,1,3.5999999046325684,30.0,1.0,30,3.0,11.126806259155273
C1,2049,0.8559587577917702,17.8,17.4,1,2.799999952316284,18.0,1.0,30,3.0,10.009417533874512
C1,2050,0.7110637162504144,17.6,17.3,1,2.799999952316284,24.0,1.0,70,3.0,9.205650329589844
C1,2051,0.7808336062547414,32.4,26.599999999999998,1,13.600000381469727,72.0,1.0,30,3.0,10.590056419372559
C1,2052,0.8575724027518892,17.6,17.4,1,3.200000047683716,27.0,1.0,30,3.0,11.820700645446777
C1,2053,0.852702823555001,17.9,17.4,1,2.0,18.0,1.0,30,3.0,12.292420387268066
C1,2054,0.8559587577917702,17.6,17.3,1,2.799999952316284,22.0,1.0,30,2.0,10.842119216918945
C1,2055,0.852702823555001,17.9,17.5,1,2.0,14.0,1.0,30,2.0,9.70527172088623
C1,2056,0.6829754734509514,17.7,17.4,1,4.0,32.0,1.0,90,2.0,10.35649585723877
C1,2057,0.8575724027518892,17.6,17.3,1,3.200000047683716,28.0,1.0,30,2.0,11.147231101989746
C1,2058,0.7641635249995925,32.2,25.5,1,8.0,40.0,1.0,30,2.0,13.355005264282227
C1,2059,0.771141768574655,32.5,25.9,1,10.800000190734863,56.0,1.0,30,2.0,16.27967071533203
C1,2060,0.7615310005661772,32.800000000000004,27.3,1,8.800000190734863,42.0,1.0,30,2.0,18.967802047729492
C1,2061,0.35515,55.4,41.7,1,32.0,96.0,1.0,30,2.0,24.314014434814453
C1,2062,0.7615706508060585,32.0,22.2,2,9.0,50.0,1.0,30,2.0,27.121742248535156
C1,2063,0.7573107611611026,31.8,22.1,2,5.199999809265137,50.0,1.0,30,2.0,29.339712142944336
C1,2064,0.7597722991527154,31.7,20.7,2,5.599999904632568,48.0,1.0,30,2.0,27.47049331665039
C1,2065,0.1597609472415528,110.10000000000001,57.1,3,50.0,114.0,1.0,30,1.0,38.21562957763672
C1,2066,0.2228216420312266,53.400000000000006,35.3,6,43.599998474121094,210.0,1.0,30,2.0,55.329376220703125
C1,2067,0.5919166666666666,42.7,28.0,9,37.02857208251953,282.0,1.0,30,2.0,81.19762420654297
C1,2068,0.7550000000000001,38.0,25.6,9,29.55555534362793,276.0,1.0,30,2.0,99.9185791015625
C1,2069,0.7652358078450733,31.4,20.6,9,6.311110973358154,104.0,1.0,30,2.0,104.08448028564453
C1,2070,0.8248459139666169,22.8,18.2,9,1.4666666984558105,44.0,1.0,30,2.0,90.71735382080078
C1,2071,0.7494999999999999,38.6,25.9,9,31.822221755981445,298.0,1.0,30,2.0,84.16374206542969
C1,2072,0.7492620011582948,37.5,24.9,9,19.733333587646484,194.0,1.0,30,2.0,86.23158264160156
C1,2073,0.7815469891543269,28.7,20.1,9,4.133333206176758,88.0,1.0,30,2.0,90.4056167602539
C1,2074,0.8512443110618654,17.7,17.9,9,1.644444465637207,52.0,1.0,30,2.0,76.5100326538086
C1,2075,0.770227882970337,33.099999999999994,22.8,9,12.222222328186035,146.0,1.0,30,2.0,64.97268676757812
C1,2076,0.7531666666666668,38.199999999999996,25.9,9,32.75555419921875,302.0,1.0,30,2.0,72.31694793701172
C1,2077,0.7571086708806269,33.8,23.7,10,12.640000343322754,160.0,1.0,30,2.0,83.92350006103516
C1,2078,0.7608348155344457,36.2,25.1,10,19.559999465942383,204.0,1.0,30,2.0,94.75409698486328
C1,2079,0.7621698665482559,34.5,23.900000000000002,10,13.800000190734863,160.0,1.0,30,2.0,91.78579711914062
C1,2080,0.7953333333333333,33.6,24.1,10,25.719999313354492,279.0,1.0,30,3.0,91.73814392089844
C1,2081,0.503906464475061,35.5,24.400000000000002,16,49.119998931884766,507.0,1.0,30,3.0,100.64288330078125
C1,2082,0.8045,32.599999999999994,22.2,16,24.75,396.0,1.0,30,3.0,112.9190673828125
C1,2083,0.8026666666666666,32.800000000000004,22.4,16,21.75,336.0,1.0,30,3.0,122.81810760498047
C1,2084,0.8037697404404798,27.799999999999997,19.7,16,7.800000190734863,201.0,1.0,30,3.0,115.15753173828125
C1,2085,0.8295243847427453,23.3,18.8,16,3.75,132.0,1.0,30,3.0,98.82785034179688
C1,2086,0.7855640331902296,31.9,21.0,16,13.649999618530273,264.0,1.0,30,3.0,85.83004760742188
C1,2087,0.7799813530292299,28.0,19.599999999999998,14,6.199999809265137,177.0,1.0,30,3.0,76.96469116210938
C1,2088,0.7764132857932093,27.900000000000002,19.5,12,5.0333333015441895,135.0,1.0,30,3.0,71.77881622314453
C1,2089,0.6335,33.8,24.1,8,24.200000762939453,255.0,1.0,30,3.0,68.26728820800781
C1,2090,0.7875754396313414,33.099999999999994,23.599999999999998,8,18.75,210.0,1.0,30,3.0,67.62703704833984
C1,2091,0.4108202101620698,38.199999999999996,25.2,16,45.29999923706055,501.0,1.0,30,3.0,83.50955963134766
C1,2092,0.6737175590725837,28.8,20.5,19,7.557894706726074,176.0,1.0,30,2.0,93.43907165527344
C1,2093,0.7807955964433195,32.099999999999994,21.3,19,12.673684120178223,228.0,1.0,30,2.0,105.26344299316406
C1,2094,0.7939895817327844,32.0,21.3,19,17.136842727661133,314.0,1.0,30,2.0,111.02473449707031
C1,2095,0.7794897692562595,32.099999999999994,21.5,19,12.252631187438965,226.0,1.0,30,2.0,117.8148422241211
C1,2096,0.7824203152823962,32.0,21.3,19,12.90526294708252,226.0,1.0,30,2.0,121.75556945800781
C1,2097,0.4752021353991034,28.9,20.2,11,8.218181610107422,136.0,1.0,30,2.0,112.25334167480469
C1,2098,0.7935,33.8,24.1,11,23.600000381469727,264.0,1.0,30,2.0,109.08533477783203
C1,2099,0.7689736060638745,32.099999999999994,21.5,11,9.090909004211426,140.0,1.0,30,2.0,101.45120239257812
C1,2100,0.7668366498309521,33.7,24.0,9,19.11111068725586,190.0,1.0,30,2.0,100.47071838378906
C1,2101,0.7504166666666667,38.5,25.6,9,22.9777774810791,204.0,1.0,30,2.0,95.88243103027344
C1,2102,0.7678332094222655,32.300000000000004,21.6,9,9.288888931274414,128.0,1.0,30,2.0,92.32946014404297
C1,2103,0.6680199997950469,32.300000000000004,21.7,9,4.888888835906982,65.0,1.0,50,1.0,86.19767761230469
C1,2104,0.5061716016708441,38.5,26.0,14,52.06666564941406,495.0,1.0,30,3.0,90.9186019897461
C1,2105,0.6736993816793977,28.8,20.2,17,7.55294132232666,204.0,1.0,30,3.0,94.28450012207031
C1,2106,0.8266894503751858,23.400000000000002,18.9,17,3.2705881595611572,120.0,1.0,30,3.0,92.97069549560547
C1,2107,0.8492174365386232,17.8,17.5,17,1.1529412269592285,72.0,1.0,30,3.0,73.38241577148438
C1,2108,0.8221638028700081,23.3,18.599999999999998,17,1.929411768913269,99.0,1.0,30,3.0,56.96278381347656
C1,2109,0.849509263730203,18.4,18.0,17,1.2235294580459595,81.0,1.0,30,3.0,45.37767028808594
C1,2110,0.2773556324860487,27.599999999999998,19.400000000000002,4,5.599999904632568,99.0,1.0,30,3.0,39.62660217285156
C1,2111,0.67575,44.900000000000006,30.3,6,37.06666564941406,249.0,1.0,30,3.0,42.842628479003906
C1,2112,0.73875,38.9,26.599999999999998,7,31.200000762939453,249.0,1.0,30,3.0,52.23891067504883
C1,2113,0.7907500000000001,34.1,24.6,7,21.428571701049805,210.0,1.0,30,3.0,62.81001281738281
C1,2114,0.5568740947825408,34.2,24.1,7,8.057143211364746,76.0,1.0,90,1.0,68.2193374633789
C1,2115,0.7907500000000001,34.1,24.400000000000002,7,22.285715103149414,231.0,1.0,30,3.0,70.6649398803711
C1,2116,0.7378333333333333,39.0,26.5,8,32.599998474121094,279.0,1.0,30,3.0,75.19895935058594
C1,2117,0.7642770790383178,31.5,20.8,8,6.300000190734863,120.0,1.0,30,3.0,73.11937713623047
C1,2118,0.7850234610602732,28.5,20.0,8,4.550000190734863,108.0,1.0,30,3.0,66.40496063232422
C1,2119,0.7879029973509469,28.1,19.599999999999998,8,4.349999904632568,99.0,1.0,30,3.0,54.37630844116211
C1,2120,0.8211266313140072,23.400000000000002,18.8,8,1.899999976158142,63.0,1.0,30,3.0,44.62578582763672
C1,2121,0.7563940944944361,31.9,19.900000000000002,8,5.199999809265137,117.0,1.0,30,3.0,39.175472259521484
C1,2122,0.4827311348344041,48.5,31.3,12,42.86666488647461,381.0,1.0,30,3.0,48.43861770629883
C1,2123,0.7971666666666668,33.4,23.5,12,32.13333511352539,384.0,1.0,30,3.0,68.26316833496094
C1,2124,0.7802499999999999,33.5,23.5,14,32.42856979370117,402.0,1.0,30,3.0,92.82456970214844
C1,2125,0.8017500000000001,32.9,22.8,14,23.685714721679688,336.0,1.0,30,3.0,105.56140899658203
C1,2126,0.8017500000000001,32.9,22.9,14,22.77142906188965,321.0,1.0,30,3.0,110.40351104736328
C1,2127,0.8026666666666666,32.800000000000004,22.700000000000003,14,30.714284896850586,432.0,1.0,30,3.0,114.64210510253906
C1,2128,0.7999166666666667,33.099999999999994,22.8,14,29.114286422729492,411.0,1.0,30,3.0,120.51860046386719
C1,2129,0.8026697058879144,27.400000000000002,19.400000000000002,14,6.514285564422607,165.0,1.0,30,3.0,117.11116027832031
C1,2130,0.7816049103189817,31.9,20.9,14,12.342857360839844,237.0,1.0,30,3.0,106.40003204345703
C1,2131,0.8008333333333334,33.0,23.0,14,24.200000762939453,336.0,1.0,30,3.0,96.6400146484375
C1,2132,0.7666168904129272,32.0,21.5,14,8.171428680419922,150.0,1.0,30,2.0,93.45067596435547
C1,2133,0.7898031131909726,28.0,19.599999999999998,14,4.599999904632568,116.0,1.0,30,2.0,88.73707580566406
C1,2134,0.7769093252605195,27.2,19.2,12,3.5333333015441895,92.0,1.0,30,2.0,77.1089096069336
C1,2135,0.7607836758343627,32.099999999999994,21.1,12,6.833333492279053,122.0,1.0,30,2.0,68.26534271240234
C1,2136,0.7925380702576332,27.400000000000002,19.5,12,3.9000000953674316,96.0,1.0,30,2.0,61.62587356567383
C1,2137,0.41407522979602895,38.5,25.2,4,17.0,120.0,1.0,30,2.0,59.50885772705078
C1,2138,0.32843144880583414,55.4,36.900000000000006,6,40.46666717529297,200.0,1.0,30,2.0,63.43864822387695
C1,2139,0.7430833333333333,39.300000000000004,27.0,6,21.200000762939453,164.0,1.0,30,2.0,70.3298568725586
C1,2140,0.7645584519392611,32.9,22.700000000000003,6,9.933333396911621,118.0,1.0,30,2.0,74.33124542236328
C1,2141,-0.0748447996813151,39.199999999999996,25.8,24,65.46666717529297,800.0,1.0,30,2.0,116.7320785522461
C1,2142,0.20208333333333334,28.5,19.8,40,36.511112213134766,1206.0,1.0,30,2.0,211.63925170898438
C1,2143,0.8462153731566769,17.9,17.2,40,0.4300000071525574,24.0,1.0,30,2.0,262.31689453125
C1,2144,0.8036558785071605,27.2,19.3,40,6.289999961853027,226.0,1.0,30,2.0,254.45680236816406
C1,2145,0.8495773219414546,18.4,17.7,40,1.2400000095367432,92.0,1.0,30,2.0,175.4740753173828
C1,2146,0.846465409692459,17.6,17.1,40,0.49000000953674316,38.0,1.0,30,2.0,129.0177764892578
C1,2147,0.8470898228402338,17.7,17.2,40,0.6399999856948853,54.0,1.0,30,2.0,89.67733764648438
C1,2148,-0.45511068963101164,22.9,18.5,8,1.7000000476837158,52.0,1.0,30,2.0,63.406402587890625
C1,2149,0.8269368989190212,22.9,18.5,8,2.200000047683716,72.0,1.0,30,3.0,48.310508728027344
C1,2150,0.5355837696869022,33.099999999999994,23.599999999999998,2,14.0,108.0,1.0,30,3.0,40.452972412109375
C1,2151,0.6965833333333333,43.5,32.5,1,26.799999237060547,102.0,1.0,30,3.0,36.80511474609375
C1,2152,0.8607685509003341,17.3,17.1,1,4.0,33.0,1.0,30,3.0,32.8830680847168
C1,2153,0.8607685509003341,18.2,17.2,1,4.0,36.0,1.0,30,3.0,27.32984161376953
C1,2154,0.8639198485148963,17.6,17.3,1,4.800000190734863,39.0,1.0,30,3.0,21.197904586791992
C1,2155,0.8623500559002011,17.9,17.4,1,4.400000095367432,39.0,1.0,30,3.0,17.785409927368164
C1,2156,-0.3549416184024345,161.1,66.4,9,65.5999984741211,297.0,1.0,30,3.0,27.33791160583496
C1,2157,0.7993095837448894,28.9,20.7,9,9.377778053283691,153.0,1.0,30,3.0,38.13608169555664
C1,2158,0.757933716165537,31.6,20.299999999999997,9,4.888888835906982,94.0,1.0,30,2.0,49.1483154296875
C1,2159,0.8525208790519231,18.1,17.9,9,1.9555555582046509,63.0,1.0,30,3.0,45.355655670166016
C1,2160,0.8530663889795534,17.8,17.5,9,2.0888888835906982,69.0,1.0,30,3.0,39.34672546386719
C1,2161,0.579634073604538,38.3,25.2,13,41.377777099609375,387.0,1.0,30,3.0,46.67470169067383
C1,2162,0.7781089790777608,32.099999999999994,21.4,13,11.815384864807129,213.0,1.0,30,3.0,57.738155364990234
C1,2163,0.8325843395217527,23.3,18.8,13,4.523077011108398,123.0,1.0,30,3.0,66.77622985839844
C1,2164,0.8015998051432682,28.5,20.299999999999997,13,8.984615325927734,192.0,1.0,30,3.0,63.53240203857422
C1,2165,0.8501743195193847,17.6,17.6,13,1.384615421295166,66.0,1.0,30,3.0,55.05277633666992
C1,2166,0.8515674421458794,18.599999999999998,17.9,13,1.7230769395828247,78.0,1.0,30,3.0,47.964996337890625
C1,2167,0.277634492467177,32.2,19.900000000000002,5,2.066666603088379,39.0,1.0,70,1.0,40.378997802734375
C1,2168,0.34833231604858306,44.900000000000006,30.4,11,66.53333282470703,396.0,1.0,30,3.0,50.49406433105469
C1,2169,0.7765833333333334,33.9,24.299999999999997,13,33.745452880859375,351.0,1.0,30,3.0,68.69644165039062
C1,2170,0.7812064547699082,31.9,21.1,13,12.215384483337402,210.0,1.0,30,3.0,83.7511978149414
C1,2171,0.8014507444608543,27.799999999999997,19.599999999999998,13,7.169230937957764,165.0,1.0,30,3.0,82.51738739013672
C1,2172,0.8472433739529057,17.6,17.1,13,0.6769230961799622,21.0,1.0,30,3.0,67.11042785644531
C1,2173,0.6800986532959385,18.4,17.3,13,0.4307692348957062,15.0,1.0,90,1.0,50.53292465209961
C1,2174,0.7999166666666667,33.099999999999994,22.9,13,28.984615325927734,372.0,1.0,30,3.0,49.78642272949219
C1,2175,0.850047385077033,17.6,17.8,13,1.3538461923599243,66.0,1.0,30,3.0,51.33852005004883
C1,2176,0.8474991579521615,17.9,17.3,13,0.7384615540504456,39.0,1.0,30,3.0,52.00311279296875
C1,2177,0.786943863739486,32.2,21.7,13,15.10769271850586,240.0,1.0,30,3.0,46.53520202636719
C1,2178,0.8472433739529057,17.6,17.2,13,0.6769230961799622,51.0,1.0,30,3.0,42.58778762817383
C1,2179,0.8008333333333334,33.0,23.099999999999998,13,24.430768966674805,321.0,1.0,30,3.0,52.75267028808594
C1,2180,0.7673481153739591,32.5,21.7,11,14.800000190734863,234.0,1.0,30,3.0,58.584938049316406
C1,2181,0.7784166666666666,33.7,24.0,13,33.745452880859375,372.0,1.0,30,3.0,76.35095977783203
C1,2182,0.795705654741584,28.1,19.900000000000002,13,6.3692307472229,156.0,1.0,30,3.0,79.67724609375
C1,2183,0.7980833333333334,33.300000000000004,23.2,13,26.461538314819336,348.0,1.0,30,3.0,86.73967742919922
C1,2184,0.6794348911052714,32.9,22.8,13,9.015384674072266,116.0,1.0,50,1.0,89.91047668457031
C1,2185,0.799,33.2,23.2,13,26.707693099975586,336.0,1.0,30,3.0,99.81295013427734
C1,2186,0.8008333333333334,33.0,23.3,13,30.153846740722656,387.0,1.0,30,3.0,107.4877700805664
C1,2187,0.8026666666666666,32.800000000000004,22.599999999999998,13,21.507692337036133,297.0,1.0,30,3.0,109.82599639892578
C1,2188,0.8179661886587388,25.0,18.9,13,4.769230842590332,141.0,1.0,30,3.0,102.56226348876953
C1,2189,0.8063333333333333,32.4,22.2,13,20.953845977783203,291.0,1.0,30,3.0,93.9373550415039
C1,2190,0.8008333333333334,33.0,22.9,13,24.707693099975586,315.0,1.0,30,3.0,89.56241607666016
C1,2191,0.8008333333333334,33.0,23.2,13,30.830768585205078,390.0,1.0,30,3.0,98.00411224365234
C1,2192,0.8474991579521615,17.6,17.3,13,0.7384615540504456,57.0,1.0,30,3.0,92.66913604736328
C1,2193,0.7856959420302034,31.8,20.8,13,13.384614944458008,228.0,1.0,30,3.0,85.60147857666016
C1,2194,0.7908415976095703,32.4,21.9,13,17.353845596313477,267.0,1.0,30,3.0,75.89422607421875
C1,2195,0.8511880815955416,17.9,17.5,13,1.6307692527770996,81.0,1.0,30,3.0,71.13653564453125
C1,2196,0.8473712870149946,17.7,17.3,13,0.7076923251152039,39.0,1.0,30,3.0,59.881919860839844
C1,2197,0.5966018842336673,27.0,19.2,8,4.0,96.0,1.0,30,3.0,45.529151916503906
C1,2198,0.8471314154582048,18.0,17.2,8,0.6499999761581421,18.0,1.0,30,3.0,34.11749267578125
C1,2199,0.8471314154582048,17.7,17.3,8,0.6499999761581421,21.0,1.0,30,3.0,26.470495223999023
C1,2200,0.6085843284339895,19.0,17.3,2,1.0,18.0,1.0,30,3.0,18.415630340576172
C1,2201,-0.3782546257311556,144.2,67.9,8,149.89999389648438,714.0,1.0,30,3.0,44.51604461669922
C1,2202,-0.8961204964562319,32.300000000000004,22.3,50,45.66400146484375,2085.0,1.0,30,3.0,151.9096221923828
C1,2203,0.28622058380719345,18.0,17.4,64,0.4312500059604645,21.0,1.0,30,3.0,216.47911071777344
C1,2204,0.8462205838071936,17.7,17.1,64,0.4312500059604645,21.0,1.0,30,3.0,224.42079162597656
C1,2205,0.8461684742010719,18.0,17.3,64,0.41874998807907104,21.0,1.0,30,3.0,137.45248413085938
C1,2206,0.8460902975977581,17.8,17.4,64,0.4000000059604645,24.0,1.0,30,3.0,85.40482330322266
C1,2207,0.8463247830189534,17.7,17.3,64,0.45625001192092896,33.0,1.0,30,3.0,54.70956039428711
C1,2208,-1.6716919854771708,18.0,17.5,1,0.9333333373069763,24.0,1.0,30,3.0,36.42573547363281
C1,2209,0.7722783515041495,32.800000000000004,26.0,1,12.0,63.0,1.0,30,3.0,27.18877410888672
C1,2210,0.7642810005661772,32.5,26.9,1,8.800000190734863,44.0,1.0,30,2.0,23.113264083862305
C1,2211,0.7084760865278696,17.8,17.4,1,1.600000023841858,11.0,1.0,70,1.0,21.06795883178711
C1,2212,0.852702823555001,17.6,17.3,1,2.0,16.0,1.0,30,2.0,18.10744285583496
C1,2213,0.8510615300280377,18.599999999999998,17.6,1,1.600000023841858,12.0,1.0,30,2.0,14.197798728942871
C1,2214,0.8510615300280377,18.0,17.5,1,1.600000023841858,10.0,1.0,30,2.0,11.05201244354248
C1,2215,0.8543353991895412,17.8,17.5,1,2.4000000953674316,20.0,1.0,30,2.0,9.431207656860352
C1,2216,0.8607685509003341,17.6,17.3,1,4.0,36.0,1.0,30,2.0,10.058724403381348
C1,2217,0.8575724027518892,17.9,17.5,1,3.200000047683716,26.0,1.0,30,2.0,11.501901626586914
C1,2218,0.8623500559002011,17.6,17.3,1,4.400000095367432,32.0,1.0,30,2.0,13.167807579040527
C1,2219,0.852702823555001,17.8,17.5,1,2.0,16.0,1.0,30,2.0,12.834017753601074
C1,2220,0.716611388886358,17.6,17.4,1,5.199999809265137,42.0,1.0,70,3.0,12.767077445983887
C1,2221,0.7765030515594157,32.2,25.1,1,11.600000381469727,66.0,1.0,30,3.0,13.526912689208984
C1,2222,0.8639198485148963,17.8,17.4,1,4.800000190734863,39.0,1.0,30,3.0,14.649480819702148
C1,2223,0.8591758329899635,17.7,17.4,1,3.5999999046325684,30.0,1.0,30,3.0,14.789689064025879
C1,2224,0.8591758329899635,17.8,17.5,1,3.5999999046325684,27.0,1.0,30,3.0,13.140480041503906
C1,2225,0.8639198485148963,17.7,17.4,1,4.800000190734863,39.0,1.0,30,3.0,12.150954246520996
C1,2226,0.8639198485148963,17.6,17.3,1,4.800000190734863,36.0,1.0,30,3.0,11.823905944824219
C1,2227,0.05468144606404436,113.0,52.900000000000006,4,45.20000076293945,222.0,1.0,30,3.0,20.294343948364258
C1,2228,0.7611978520281667,33.300000000000004,23.0,5,12.479999542236328,144.0,1.0,30,3.0,30.043272018432617
C1,2229,0.4661240410989277,44.1,29.5,10,48.79999923706055,321.0,1.0,30,3.0,48.559295654296875
C1,2230,0.7898333333333334,34.2,24.1,10,25.200000762939453,282.0,1.0,30,3.0,62.33557891845703
C1,2231,0.7796116848374829,32.0,21.7,10,12.0,186.0,1.0,30,3.0,72.46800994873047
C1,2232,0.74725,37.1,24.5,12,33.7599983215332,348.0,1.0,30,3.0,79.74747467041016
C1,2233,0.7887497888439675,32.5,22.1,12,16.866666793823242,240.0,1.0,30,3.0,82.24848175048828
C1,2234,0.7860779343613907,32.599999999999994,22.3,12,16.16666603088379,240.0,1.0,30,3.0,86.14909362792969
C1,2235,0.7878841436956757,32.7,22.2,12,17.266666412353516,243.0,1.0,30,3.0,83.82278442382812
C1,2236,0.7846540707193966,32.099999999999994,21.3,12,13.966666221618652,228.0,1.0,30,3.0,81.89366912841797
C1,2237,0.7938481081275651,27.799999999999997,19.5,12,5.166666507720947,138.0,1.0,30,3.0,76.20287322998047
C1,2238,0.5568333333333334,37.8,25.2,7,31.485713958740234,282.0,1.0,30,3.0,74.52172088623047
C1,2239,0.7794352175670007,28.0,19.5,8,4.0,105.0,1.0,30,3.0,68.0463638305664
C1,2240,0.8471314154582048,18.1,17.4,8,0.6499999761581421,18.0,1.0,30,3.0,58.82781982421875
C1,2241,0.7971666666666668,33.4,23.599999999999998,8,21.0,234.0,1.0,30,3.0,51.16335678100586
C1,2242,0.7888114658599237,28.299999999999997,19.900000000000002,8,5.050000190734863,117.0,1.0,30,3.0,47.09801483154297
C1,2243,0.8483771122914775,17.6,17.3,8,0.949999988079071,51.0,1.0,30,3.0,46.1254768371582
C1,2244,0.5674125430194787,38.800000000000004,26.200000000000003,12,44.53333282470703,396.0,1.0,30,3.0,52.74195098876953
C1,2245,0.7944166666666667,33.7,23.5,12,25.33333396911621,306.0,1.0,30,3.0,65.1118392944336
C1,2246,0.7839166666666667,33.099999999999994,23.400000000000002,14,33.96666717529297,414.0,1.0,30,3.0,88.66709899902344
C1,2247,0.7929315033144344,32.300000000000004,22.0,14,17.85714340209961,276.0,1.0,30,3.0,97.46692657470703
C1,2248,0.7813372201602098,31.9,21.0,14,12.257143020629883,234.0,1.0,30,3.0,99.54682159423828
C1,2249,0.7981354213729014,28.0,19.8,14,6.77142858505249,171.0,1.0,30,3.0,89.99475860595703
C1,2250,0.7610859871907965,32.099999999999994,21.5,14,6.914285659790039,144.0,1.0,30,2.0,81.59685516357422
C1,2251,0.7862064806969922,28.9,20.400000000000002,14,5.800000190734863,128.0,1.0,30,2.0,74.69144439697266
C1,2252,0.4867611707488186,34.1,24.400000000000002,9,13.333333015441895,126.0,1.0,50,1.0,79.74819946289062
C1,2253,0.62675,38.9,26.1,6,21.0,172.0,1.0,30,2.0,84.64891815185547
C1,2254,0.8100346762883169,24.8,19.3,5,4.320000171661377,66.0,1.0,30,2.0,83.45601654052734
C1,2255,0.7666958302760056,33.099999999999994,23.400000000000002,5,11.119999885559082,112.0,1.0,30,2.0,73.40694427490234
C1,2256,0.6954166666666667,44.5,30.8,5,31.200000762939453,184.0,1.0,30,2.0,68.17749786376953
C1,2257,0.771611481922581,33.9,24.9,5,15.199999809265137,126.0,1.0,30,2.0,69.03983306884766
C1,2258,0.8255929381586093,23.099999999999998,18.5,5,2.319999933242798,44.0,1.0,30,2.0,65.0239028930664
C1,2259,0.6045626521073404,38.699999999999996,26.1,5,23.68000030517578,198.0,1.0,70,3.0,59.147674560546875
C1,2260,0.396207374432261,43.0,27.7,12,48.79999923706055,432.0,1.0,30,3.0,66.42193603515625
C1,2261,-0.025330247845857384,32.0,21.3,32,49.516666412353516,1053.0,1.0,30,3.0,114.65316009521484
C1,2262,-0.6863563064930346,27.0,19.900000000000002,70,45.24363708496094,2094.0,1.0,30,3.0,227.8585662841797
C1,2263,0.5677979114929328,18.0,17.5,77,0.8103896379470825,102.0,1.0,30,3.0,281.1151428222656
C1,2264,0.8488532657550204,17.7,17.4,77,1.0649350881576538,141.0,1.0,30,3.0,272.5357360839844
C1,2265,0.8539333924595413,19.3,18.1,77,2.3012986183166504,213.0,1.0,30,3.0,183.78811645507812
C1,2266,0.8594104679737526,20.9,18.3,77,5.766233921051025,393.0,1.0,30,3.0,143.47286987304688
C1,2267,0.8569448968214427,19.5,18.1,77,3.0441558361053467,240.0,1.0,30,3.0,123.68372344970703
C1,2268,-1.75,32.0,21.2,13,27.538461685180664,411.0,1.0,30,3.0,120.6102294921875
C1,2269,0.8467313049357402,17.8,17.1,13,0.5538461804389954,24.0,1.0,30,3.0,102.36614227294922
C1,2270,0.4310717413302073,50.0,17.4,13,0.4307692348957062,5.0,1.0,70,1.0,81.41968536376953
C1,2271,0.8291037557013881,23.2,18.599999999999998,13,3.415384531021118,117.0,1.0,30,3.0,55.7851448059082
C1,2272,0.7639041472704667,17.5,17.0,13,0.5230769515037537,12.0,1.0,50,3.0,39.87108612060547
C1,2273,0.7639041472704667,17.7,17.2,13,0.5230769515037537,33.0,1.0,50,3.0,31.122652053833008
C1,2274,0.41188323527923854,17.8,17.3,2,1.7999999523162842,38.0,1.0,30,2.0,23.206924438476562
C1,2275,0.8494120147012152,17.9,17.3,2,1.2000000476837158,18.0,1.0,30,2.0,19.124155044555664
C1,2276,0.8422377688575918,18.1,17.4,1,1.399999976158142,20.0,1.0,30,2.0,16.54115867614746
C1,2277,0.8543353991895412,19.599999999999998,17.6,1,2.4000000953674316,18.0,1.0,30,2.0,13.658028602600098
C1,2278,0.852702823555001,18.0,17.5,1,2.0,12.0,1.0,30,2.0,11.52815055847168
C1,2279,0.8494120147012152,18.0,17.5,1,1.2000000476837158,12.0,1.0,30,2.0,9.716890335083008
C1,2280,0.852702823555001,17.7,17.4,1,2.0,10.0,1.0,30,2.0,8.096800804138184
C1,2281,0.8591758329899635,17.8,17.6,1,3.5999999046325684,30.0,1.0,30,2.0,8.324747085571289
C1,2282,0.852702823555001,18.2,17.6,1,2.0,12.0,1.0,30,2.0,8.461515426635742
C1,2283,0.5744120147012152,50.0,17.5,1,1.2000000476837158,8.0,1.0,30,2.0,8.410242080688477
C1,2284,0.8510615300280377,17.6,17.4,1,1.600000023841858,12.0,1.0,30,2.0,7.179478645324707
C1,2285,0.8543353991895412,18.2,17.6,1,2.4000000953674316,16.0,1.0,30,2.0,6.7076873779296875
C1,2286,0.326825,65.69999999999999,44.5,1,32.79999923706055,96.0,1.0,30,2.0,12.291278839111328
C1,2287,-0.035974999999999986,124.89999999999999,58.4,6,39.599998474121094,168.0,1.0,30,2.0,26.041433334350586
C1,2288,0.729500096116967,38.800000000000004,26.599999999999998,6,16.266666412353516,140.0,1.0,30,2.0,42.55819320678711
C1,2289,0.6849166666666666,43.9,29.5,8,37.5428581237793,256.0,1.0,30,2.0,63.13491439819336
C1,2290,0.8471314154582048,17.8,17.4,8,0.6499999761581421,26.0,1.0,30,2.0,66.0142822265625
C1,2291,0.767972295930352,34.5,24.5,8,15.899999618530273,162.0,1.0,30,2.0,69.20857238769531
C1,2292,0.7798605653696125,27.7,19.3,8,1.4500000476837158,48.0,1.0,30,2.0,57.25847625732422
C1,2293,0.7550000000000001,38.0,25.8,8,21.049999237060547,184.0,1.0,30,2.0,60.62175369262695
C1,2294,0.770897366523563,33.5,23.5,8,13.649999618530273,154.0,1.0,30,2.0,62.10638427734375
C1,2295,0.7288587107472398,32.5,21.1,6,3.6666667461395264,60.0,1.0,30,2.0,63.79716491699219
C1,2296,0.7320833333333333,40.5,28.5,6,25.33333396911621,182.0,1.0,30,2.0,64.67829895019531
C1,2297,0.7384999999999999,39.800000000000004,27.099999999999998,6,22.46666717529297,164.0,1.0,30,2.0,65.87364196777344
C1,2298,0.7064166666666667,43.3,28.7,6,27.200000762939453,186.0,1.0,30,2.0,74.99085235595703
C1,2299,0.7971666666666668,33.4,23.8,6,20.266666412353516,198.0,1.0,30,3.0,77.12784576416016
C1,2300,0.5165,42.2,27.7,11,38.436363220214844,378.0,1.0,30,3.0,84.2767105102539
C1,2301,0.8531489564782155,17.9,17.8,11,2.109090805053711,81.0,1.0,30,3.0,79.76602172851562
C1,2302,0.7968290062358641,27.900000000000002,19.5,11,6.181818008422852,147.0,1.0,30,3.0,74.7929458618164
C1,2303,0.7848659556150421,32.4,22.0,11,15.018181800842285,213.0,1.0,30,3.0,64.47576904296875
C1,2304,0.7794864530863613,31.9,20.9,11,11.672727584838867,207.0,1.0,30,3.0,63.885459899902344
C1,2305,0.7793333333333333,33.6,24.1,13,33.4461555480957,393.0,1.0,30,3.0,74.46460723876953
C1,2306,0.799,33.2,23.099999999999998,13,30.27692222595215,405.0,1.0,30,3.0,89.3454360961914
C1,2307,0.7979001689346364,28.1,20.0,13,6.953845977783203,165.0,1.0,30,3.0,96.40725708007812
C1,2308,0.7896462806217899,32.9,22.9,13,18.86153793334961,270.0,1.0,30,3.0,95.17768859863281
C1,2309,0.7914874682252654,32.099999999999994,21.5,13,16.492307662963867,255.0,1.0,30,3.0,87.77327728271484
C1,2310,0.8464750233761195,17.8,17.1,13,0.4923076927661896,21.0,1.0,30,3.0,76.93063354492188
C1,2311,0.8505548395245862,17.7,17.9,13,1.4769231081008911,66.0,1.0,30,3.0,61.35837936401367
C1,2312,0.6469234084714488,17.9,17.5,8,0.6000000238418579,18.0,1.0,30,3.0,41.48169708251953
C1,2313,0.8467152920707133,18.0,17.3,8,0.550000011920929,15.0,1.0,30,3.0,29.289016723632812
C1,2314,0.838804498154994,17.7,17.3,7,0.5714285969734192,18.0,1.0,30,3.0,19.840076446533203
C1,2315,0.6175724027518892,17.7,17.1,1,3.200000047683716,27.0,1.0,30,3.0,14.57071304321289
C1,2316,0.8559587577917702,17.5,17.0,1,2.799999952316284,24.0,1.0,30,3.0,11.809094429016113
C1,2317,0.8543353991895412,17.4,17.0,1,2.4000000953674316,21.0,1.0,30,3.0,10.285456657409668
C1,2318,0.8543353991895412,17.5,17.0,1,2.4000000953674316,18.0,1.0,30,3.0,8.971274375915527
C1,2319,0.8510615300280377,17.1,16.8,1,1.600000023841858,12.0,1.0,30,3.0,7.649431228637695
C1,2320,0.8543353991895412,17.1,16.8,1,2.4000000953674316,18.0,1.0,30,3.0,6.722991943359375
C1,2321,-0.006698183043000214,117.2,73.6,1,29.600000381469727,64.0,1.0,90,1.0,13.90046215057373
C1,2322,0.6816110464429402,17.3,16.8,1,2.4000000953674316,19.0,1.0,90,1.0,20.20694351196289
C1,2323,0.852702823555001,17.5,16.9,1,2.0,16.0,1.0,30,2.0,24.25749969482422
C1,2324,0.8543353991895412,17.8,17.0,1,2.4000000953674316,16.0,1.0,30,2.0,19.221166610717773
C1,2325,0.7679480189220103,17.4,16.8,1,1.600000023841858,10.0,1.0,50,2.0,14.3326997756958
C1,2326,0.8559587577917702,17.3,16.9,1,2.799999952316284,24.0,1.0,30,2.0,11.932952880859375
C1,2327,0.8591758329899635,16.9,16.7,1,3.5999999046325684,30.0,1.0,30,2.0,11.426438331604004
C1,2328,0.6761666666666667,46.6,34.6,1,20.0,70.0,1.0,30,2.0,15.122529983520508
C1,2329,0.8559587577917702,17.0,16.8,1,2.799999952316284,24.0,1.0,30,2.0,17.340185165405273
C1,2330,0.5744120147012152,50.0,16.9,1,1.2000000476837158,8.0,1.0,30,2.0,17.204111099243164
C1,2331,0.6930813011361305,43.6,33.6,1,19.600000381469727,72.0,1.0,30,2.0,17.255800247192383
C1,2332,0.8510615300280377,17.0,16.8,1,1.600000023841858,12.0,1.0,30,2.0,16.486812591552734
C1,2333,0.8510615300280377,17.2,16.9,1,1.600000023841858,12.0,1.0,30,2.0,16.29208755493164
C1,2334,0.5744120147012152,50.0,17.0,1,1.2000000476837158,9.0,1.0,30,3.0,11.775252342224121
C1,2335,0.8543353991895412,17.1,16.8,1,2.4000000953674316,21.0,1.0,30,3.0,9.198485374450684
C1,2336,0.8623500559002011,17.0,16.8,1,4.400000095367432,36.0,1.0,30,3.0,8.452424049377441
C1,2337,0.8510615300280377,17.3,17.0,1,1.600000023841858,12.0,1.0,30,3.0,8.138121604919434
C1,2338,0.8510615300280377,17.4,17.0,1,1.600000023841858,12.0,1.0,30,3.0,7.549539566040039
C1,2339,0.8559587577917702,17.1,16.8,1,2.799999952316284,24.0,1.0,30,3.0,6.66305685043335
C1,2340,0.8510615300280377,17.2,16.8,1,1.600000023841858,12.0,1.0,30,3.0,6.131167411804199
C1,2341,0.7082500000000002,43.1,33.7,1,30.399999618530273,114.0,1.0,30,3.0,10.345367431640625
C1,2342,0.8591758329899635,17.2,16.8,1,3.5999999046325684,27.0,1.0,30,3.0,13.007220268249512
C1,2343,0.852702823555001,17.5,17.0,1,2.0,15.0,1.0,30,3.0,14.737665176391602
C1,2344,0.8543353991895412,17.6,16.8,1,2.4000000953674316,21.0,1.0,30,3.0,11.642599105834961
C1,2345,0.8510615300280377,17.1,16.8,1,1.600000023841858,15.0,1.0,30,3.0,9.252225875854492
C1,2346,0.8607685509003341,16.9,16.8,1,4.0,33.0,1.0,30,3.0,8.618002891540527
C1,2347,0.8543353991895412,17.5,17.0,1,2.4000000953674316,21.0,1.0,30,3.0,8.237467765808105
C1,2348,0.5744120147012152,50.0,16.9,1,1.2000000476837158,8.0,1.0,30,2.0,7.875814437866211
C1,2349,0.852702823555001,17.2,16.8,1,2.0,16.0,1.0,30,2.0,7.258821964263916
C1,2350,0.8607685509003341,17.0,16.8,1,4.0,34.0,1.0,30,2.0,8.221960067749023
C1,2351,-0.4869968288289714,250.8,137.2,4,108.69999694824219,354.0,1.0,50,3.0,23.999841690063477
C1,2352,0.4881504629079103,32.800000000000004,22.599999999999998,11,10.727272987365723,158.0,1.0,30,2.0,42.9332389831543
C1,2353,0.8471503197378882,18.1,17.3,11,0.6545454263687134,38.0,1.0,30,2.0,54.55994415283203
C1,2354,0.7907500000000001,34.1,24.1,11,21.054546356201172,214.0,1.0,30,2.0,60.069297790527344
C1,2355,0.7768447786369861,32.800000000000004,22.4,11,13.4909086227417,172.0,1.0,30,2.0,64.30824279785156
C1,2356,0.7723486250069536,33.099999999999994,22.9,11,12.909090995788574,166.0,1.0,30,2.0,75.38494873046875
C1,2357,0.6208790816529404,36.7,25.3,8,33.418182373046875,339.0,1.0,50,3.0,82.83097076416016
C1,2358,0.6803688375515679,17.8,17.5,8,0.800000011920929,33.0,1.0,90,3.0,77.298583984375
C1,2359,0.8389234084714489,18.4,17.5,7,0.6000000238418579,16.0,1.0,30,2.0,63.979148864746094
C1,2360,0.8394778490641533,18.3,17.7,6,0.7333333492279053,22.0,1.0,30,2.0,42.387489318847656
C1,2361,0.7576827851719092,33.5,23.5,6,9.533333778381348,110.0,1.0,30,2.0,35.29916000366211
C1,2362,0.4351482553500195,44.0,29.0,11,57.400001525878906,375.0,1.0,30,3.0,46.64616394042969
C1,2363,0.7676219555395233,33.0,22.5,13,16.646154403686523,261.0,1.0,30,3.0,63.58769607543945
C1,2364,0.8460902975977581,17.7,17.3,13,0.4000000059604645,12.0,1.0,30,3.0,66.95262145996094
C1,2365,0.8464750233761195,17.8,17.4,13,0.4923076927661896,15.0,1.0,30,3.0,52.97157287597656
C1,2366,0.8469874223501775,18.0,17.5,13,0.6153846383094788,30.0,1.0,30,3.0,34.31627655029297
C1,2367,0.8469874223501775,18.0,17.3,13,0.6153846383094788,24.0,1.0,30,3.0,23.65643310546875
C1,2368,0.6067152920707133,17.9,17.3,7,0.550000011920929,12.0,1.0,30,3.0,17.127193450927734
C1,2369,0.6094120147012152,18.0,17.3,1,1.2000000476837158,21.0,1.0,30,3.0,12.809648513793945
C1,2370,0.5744120147012152,50.0,17.2,1,1.2000000476837158,9.0,1.0,30,3.0,9.55245590209961
C1,2371,0.8654774278277694,17.4,17.2,1,5.199999809265137,45.0,1.0,30,3.0,9.064806938171387
C1,2372,0.8543353991895412,17.4,17.2,1,2.4000000953674316,21.0,1.0,30,3.0,8.772217750549316
C1,2373,0.8494120147012152,18.599999999999998,17.4,1,1.2000000476837158,12.0,1.0,30,3.0,8.729997634887695
C1,2374,0.852702823555001,17.7,17.3,1,2.0,15.0,1.0,30,3.0,7.371331691741943
C1,2375,0.8543353991895412,17.8,17.3,1,2.4000000953674316,21.0,1.0,30,3.0,6.5561323165893555
C1,2376,0.8543353991895412,17.7,17.3,1,2.4000000953674316,18.0,1.0,30,2.0,6.733679294586182
C1,2377,0.5744120147012152,50.0,17.4,1,1.2000000476837158,8.0,1.0,30,1.0,7.240207672119141
C1,2378,0.852702823555001,17.7,17.4,1,2.0,16.0,1.0,30,2.0,7.677457809448242
C1,2379,0.8510615300280377,17.6,17.3,1,1.600000023841858,10.0,1.0,30,2.0,7.406474590301514
C1,2380,0.8510615300280377,17.5,17.3,1,1.600000023841858,10.0,1.0,30,2.0,6.8438849449157715
C1,2381,-0.6699976149592818,264.0,149.60000000000002,7,200.0,586.0,1.0,30,2.0,44.50633239746094
C1,2382,-1.1013055080100775,50.8,28.400000000000002,38,108.77143096923828,1268.0,1.0,30,2.0,150.970458984375
C1,2383,0.6068477422026727,17.8,17.2,44,0.581818163394928,16.0,1.0,30,2.0,215.2489471435547
C1,2384,0.8462418994152038,19.400000000000002,17.5,44,0.4363636374473572,16.0,1.0,30,2.0,215.8160400390625
C1,2385,0.8462418994152038,18.3,17.3,44,0.4363636374473572,18.0,1.0,30,3.0,132.42295837402344
C1,2386,0.8463176793793938,17.9,17.3,44,0.4545454680919647,36.0,1.0,30,3.0,82.92044067382812
C1,2387,0.7635483862601854,18.0,17.3,44,0.4272727370262146,18.0,1.0,50,2.0,53.352264404296875
C1,2388,-0.8718302197527238,18.700000000000003,17.5,1,0.8999999761581421,21.0,1.0,30,3.0,35.74468994140625
C1,2389,0.8607685509003341,17.8,17.4,1,4.0,36.0,1.0,30,3.0,25.18014907836914
C1,2390,0.852702823555001,17.8,17.3,1,2.0,15.0,1.0,30,3.0,18.308088302612305
C1,2391,0.8670222991527153,17.5,17.3,1,5.599999904632568,51.0,1.0,30,3.0,15.518186569213867
C1,2392,0.852702823555001,17.6,17.3,1,2.0,15.0,1.0,30,3.0,12.910911560058594
C1,2393,0.852702823555001,17.9,17.4,1,2.0,15.0,1.0,30,3.0,11.34654712677002
C1,2394,0.8464781966947044,20.5,17.6,1,1.600000023841858,15.0,1.0,30,3.0,8.807928085327148
C1,2395,0.5727547725551173,50.0,17.4,1,0.800000011920929,5.0,1.0,30,1.0,7.284757137298584
C1,2396,0.8607685509003341,18.599999999999998,17.5,1,4.0,36.0,1.0,30,3.0,7.304187297821045
C1,2397,0.6812893625812153,18.1,17.5,1,2.0,16.0,1.0,90,2.0,7.715846061706543
C1,2398,0.8510615300280377,17.9,17.4,1,1.600000023841858,12.0,1.0,30,3.0,7.829507350921631
C1,2399,0.852702823555001,18.0,17.4,1,2.0,18.0,1.0,30,3.0,7.0977044105529785
C1,2400,0.8510615300280377,17.7,17.5,1,1.600000023841858,12.0,1.0,30,3.0,6.125289440155029
C1,2401,0.8639198485148963,17.7,17.4,1,4.800000190734863,42.0,1.0,30,3.0,6.875173568725586
C1,2402,0.8559587577917702,17.7,17.4,1,2.799999952316284,21.0,1.0,30,3.0,7.458437442779541
C1,2403,0.852702823555001,18.1,17.3,1,2.0,18.0,1.0,30,3.0,8.07506275177002
C1,2404,0.852702823555001,17.5,17.4,1,2.0,18.0,1.0,30,3.0,7.378370761871338
C1,2405,0.8559587577917702,17.8,17.5,1,2.799999952316284,24.0,1.0,30,3.0,7.09368896484375
C1,2406,0.8575724027518892,17.6,17.4,1,3.200000047683716,24.0,1.0,30,3.0,7.189547061920166
C1,2407,0.8575724027518892,17.8,17.4,1,3.200000047683716,24.0,1.0,30,3.0,7.513728141784668
C1,2408,0.8559587577917702,17.6,17.4,1,2.799999952316284,21.0,1.0,30,3.0,7.57490348815918
C1,2409,0.8559587577917702,17.8,17.4,1,2.799999952316284,24.0,1.0,30,3.0,7.611608982086182
C1,2410,0.8543353991895412,17.9,17.3,1,2.4000000953674316,15.0,1.0,30,3.0,7.2336320877075195
C1,2411,0.8591758329899635,18.1,17.6,1,3.5999999046325684,32.0,1.0,30,2.0,8.206846237182617
C1,2412,0.8455615300280377,20.6,17.7,1,1.600000023841858,15.0,1.0,30,3.0,8.39077377319336
C1,2413,0.852702823555001,17.7,17.4,1,2.0,14.0,1.0,30,2.0,8.767797470092773
C1,2414,0.8510615300280377,17.7,17.4,1,1.600000023841858,12.0,1.0,30,2.0,7.660678863525391
C1,2415,0.8510615300280377,18.2,17.5,1,1.600000023841858,12.0,1.0,30,2.0,7.1297407150268555
C1,2416,0.8575724027518892,17.9,17.5,1,3.200000047683716,26.0,1.0,30,2.0,7.611177444458008
C1,2417,0.8510615300280377,17.8,17.5,1,1.600000023841858,14.0,1.0,30,2.0,8.03337287902832
C1,2418,0.8494120147012152,17.7,17.4,1,1.2000000476837158,10.0,1.0,30,2.0,8.15335750579834
C1,2419,0.8510615300280377,17.8,17.5,1,1.600000023841858,10.0,1.0,30,2.0,7.1586809158325195
C1,2420,0.8510615300280377,17.7,17.4,1,1.600000023841858,12.0,1.0,30,2.0,6.428542137145996
C1,2421,0.8623500559002011,18.3,17.7,1,4.400000095367432,36.0,1.0,30,2.0,7.72379207611084
C1,2422,0.7759775542479629,32.800000000000004,26.4,1,13.199999809265137,72.0,1.0,30,3.0,11.03427505493164
C1,2423,0.8559587577917702,17.6,17.4,1,2.799999952316284,21.0,1.0,30,3.0,13.153898239135742
C1,2424,0.8591758329899635,17.7,17.4,1,3.5999999046325684,27.0,1.0,30,3.0,13.225672721862793
C1,2425,0.8607685509003341,18.2,17.6,1,4.0,30.0,1.0,30,3.0,11.402070045471191
C1,2426,0.8685539631541367,17.8,17.5,1,6.0,48.0,1.0,30,3.0,11.507908821105957
C1,2427,0.8591758329899635,17.8,17.5,1,3.5999999046325684,27.0,1.0,30,3.0,11.571412086486816
C1,2428,0.8591758329899635,17.7,17.4,1,3.5999999046325684,30.0,1.0,30,3.0,11.609514236450195
C1,2429,0.8607685509003341,17.8,17.4,1,4.0,30.0,1.0,30,3.0,10.832374572753906
C1,2430,0.8543353991895412,17.8,17.3,1,2.4000000953674316,18.0,1.0,30,3.0,9.966092109680176
C1,2431,0.7045833333333333,43.5,33.2,1,30.399999618530273,114.0,1.0,30,3.0,13.179655075073242
C1,2432,0.8607685509003341,18.1,17.6,1,4.0,33.0,1.0,30,3.0,15.24112606048584
C1,2433,0.8591758329899635,17.8,17.5,1,3.5999999046325684,27.0,1.0,30,3.0,16.878009796142578
C1,2434,0.8591758329899635,18.1,17.6,1,3.5999999046325684,33.0,1.0,30,3.0,14.260138511657715
C1,2435,0.8575724027518892,17.9,17.5,1,3.200000047683716,27.0,1.0,30,3.0,12.422749519348145
C1,2436,0.8670222991527153,17.9,17.5,1,5.599999904632568,45.0,1.0,30,3.0,12.120316505432129
C1,2437,0.8607685509003341,17.7,17.4,1,4.0,33.0,1.0,30,3.0,11.938857078552246
C1,2438,0.8607685509003341,17.7,17.5,1,4.0,33.0,1.0,30,3.0,12.096647262573242
C1,2439,0.8559587577917702,17.7,17.4,1,2.799999952316284,21.0,1.0,30,3.0,11.124654769897461
C1,2440,0.8559587577917702,18.0,17.5,1,2.799999952316284,27.0,1.0,30,3.0,10.274792671203613
C1,2441,0.21920315117531985,94.3,48.2,2,44.79999923706055,156.0,1.0,30,3.0,15.231542587280273
C1,2442,0.8510615300280377,18.1,17.1,2,1.600000023841858,18.0,1.0,30,2.0,18.472259521484375
C1,2443,0.8502377688575918,17.7,17.0,2,1.399999976158142,22.0,1.0,30,2.0,20.6833553314209
C1,2444,0.8510615300280377,17.6,17.1,2,1.600000023841858,26.0,1.0,30,2.0,16.810012817382812
C1,2445,0.8518832352792386,17.6,16.9,2,1.7999999523162842,26.0,1.0,30,2.0,15.019341468811035
C1,2446,0.7565335291011845,31.8,21.8,2,5.0,48.0,1.0,30,2.0,15.678271293640137
C1,2447,0.020372389989911668,117.7,59.5,4,77.19999694824219,174.0,1.0,30,2.0,25.940296173095703
C1,2448,0.7573089298852953,33.9,23.8,4,10.5,96.0,1.0,30,2.0,36.76417922973633
C1,2449,0.7867591663232968,27.900000000000002,19.599999999999998,4,3.5999999046325684,56.0,1.0,30,2.0,43.791839599609375
C1,2450,0.4402753409409435,49.3,33.9,8,53.91999816894531,260.0,1.0,30,2.0,53.74177169799805
C1,2451,0.7670799919607617,32.5,22.5,8,9.600000381469727,124.0,1.0,30,2.0,61.57839584350586
C1,2452,0.7588513366516448,32.5,22.1,8,7.300000190734863,106.0,1.0,30,2.0,69.61370086669922
C1,2453,0.7504166666666667,38.5,25.5,8,20.200000762939453,180.0,1.0,30,2.0,69.10155487060547
C1,2454,0.7513333333333333,38.4,26.1,8,20.450000762939453,184.0,1.0,30,2.0,72.79426574707031
C1,2455,0.8473393125660467,17.9,17.3,8,0.699999988079071,24.0,1.0,30,2.0,69.54322814941406
C1,2456,0.74725,37.1,25.0,6,25.399999618530273,219.0,1.0,30,3.0,65.32593536376953
C1,2457,0.5955230647892877,40.300000000000004,28.2,9,43.82222366333008,312.0,1.0,30,3.0,64.39556121826172
C1,2458,0.7433333333333333,38.4,25.6,10,33.119998931884766,309.0,1.0,30,3.0,75.97067260742188
C1,2459,0.8480868152918877,17.8,17.3,10,0.8799999952316284,48.0,1.0,30,3.0,75.31573486328125
C1,2460,0.8008578982448835,27.599999999999998,19.400000000000002,10,6.519999980926514,135.0,1.0,30,3.0,67.05610656738281
C1,2461,0.774283131162052,32.4,21.7,10,11.479999542236328,183.0,1.0,30,3.0,56.50033187866211
C1,2462,0.7605,37.400000000000006,24.9,10,30.84000015258789,315.0,1.0,30,3.0,62.033531188964844
C1,2463,0.7962499999999999,33.5,23.599999999999998,10,21.239999771118164,267.0,1.0,30,3.0,71.2201156616211
C1,2464,0.7586666666666666,37.6,24.9,10,32.47999954223633,333.0,1.0,30,3.0,83.39873504638672
C1,2465,0.7712630660702297,31.8,20.8,10,8.960000038146973,165.0,1.0,30,3.0,84.03924560546875
C1,2466,0.7834166666666667,34.9,24.7,10,30.520000457763672,315.0,1.0,30,3.0,86.55687713623047
C1,2467,0.7788333333333334,35.4,24.7,10,32.79999923706055,318.0,1.0,30,3.0,87.40079498291016
C1,2468,0.7845810437505264,30.5,20.6,10,9.359999656677246,165.0,1.0,30,3.0,87.90714263916016
C1,2469,0.8472561670987857,17.7,17.2,10,0.6800000071525574,36.0,1.0,30,3.0,75.81095123291016
C1,2470,0.8037694518965094,27.2,19.3,10,6.320000171661377,135.0,1.0,30,3.0,60.41990661621094
C1,2471,0.7815833333333334,35.1,24.5,10,24.600000381469727,282.0,1.0,30,3.0,56.385276794433594
C1,2472,0.7917063838513579,28.400000000000002,19.900000000000002,10,6.039999961853027,141.0,1.0,30,3.0,58.63116455078125
C1,2473,0.74725,37.1,25.1,12,35.79999923706055,351.0,1.0,30,3.0,69.57869720458984
C1,2474,0.7935,33.8,23.8,12,25.83333396911621,306.0,1.0,30,3.0,77.2138900756836
C1,2475,0.8474778490641534,17.7,17.2,12,0.7333333492279053,42.0,1.0,30,3.0,77.3949966430664
C1,2476,0.6803441982358353,17.9,17.3,12,0.7666666507720947,48.0,1.0,90,3.0,64.03700256347656
C1,2477,0.8350665691642151,21.7,18.2,12,1.5,78.0,1.0,30,3.0,45.88886642456055
C1,2478,0.8026666666666666,32.800000000000004,22.8,12,20.733333587646484,276.0,1.0,30,3.0,45.399986267089844
C1,2479,0.6811115895030122,28.0,19.2,10,2.2545454502105713,74.0,1.0,50,2.0,47.90665817260742
C1,2480,0.8307152920707133,17.6,17.3,8,0.550000011920929,20.0,1.0,30,2.0,47.27732849121094
C1,2481,0.7458333333333333,39.0,26.599999999999998,8,28.25,230.0,1.0,30,2.0,49.96639633178711
C1,2482,0.7451666666666668,38.199999999999996,26.3,9,33.06666564941406,286.0,1.0,30,2.0,65.71317291259766
C1,2483,0.7513333333333333,38.4,25.7,9,30.133333206176758,286.0,1.0,30,2.0,92.89456939697266
C1,2484,0.7494999999999999,38.6,25.8,9,29.511110305786133,274.0,1.0,30,2.0,112.1367416381836
C1,2485,0.7494999999999999,38.6,25.8,9,27.688888549804688,264.0,1.0,30,2.0,122.21537780761719
C1,2486,0.7494999999999999,38.6,25.9,9,31.46666717529297,292.0,1.0,30,2.0,128.66256713867188
C1,2487,0.7531666666666668,38.199999999999996,25.5,9,31.64444351196289,298.0,1.0,30,2.0,134.13087463378906
C1,2488,0.5944166666666667,33.7,23.8,14,38.400001525878906,438.0,1.0,30,3.0,139.2785186767578
C1,2489,0.7903333333333333,32.4,22.0,16,27.850000381469727,441.0,1.0,30,3.0,142.5004425048828
C1,2490,0.8063333333333333,32.4,22.0,16,27.200000762939453,426.0,1.0,30,3.0,143.50027465820312
C1,2491,0.8081666666666668,32.2,21.7,16,32.349998474121094,501.0,1.0,30,3.0,146.90016174316406
C1,2492,0.8054166666666667,32.5,22.0,16,28.399999618530273,450.0,1.0,30,3.0,149.34010314941406
C1,2493,0.8063333333333333,32.4,22.1,16,26.825000762939453,420.0,1.0,30,3.0,150.53738403320312
C1,2494,0.8054166666666667,32.5,22.2,16,24.725000381469727,387.0,1.0,30,3.0,146.18910217285156
C1,2495,0.8063333333333333,32.4,22.1,16,28.274999618530273,444.0,1.0,30,3.0,143.31346130371094
C1,2496,0.8063333333333333,32.4,21.9,16,28.575000762939453,435.0,1.0,30,3.0,142.25474548339844
C1,2497,0.8063333333333333,32.4,22.1,16,25.825000762939453,408.0,1.0,30,3.0,142.55284118652344
C1,2498,0.80725,32.300000000000004,21.9,16,26.149999618530273,423.0,1.0,30,3.0,141.79837036132812
C1,2499,0.8063333333333333,32.4,22.1,16,26.524999618530273,426.0,1.0,30,3.0,140.94569396972656
C1,2500,0.8063333333333333,32.4,22.1,1,30.0,100.0,1.0,50,1.0,100.0
