Cluster,Step,Reward,Latency_P90,Latency_Avg,Replicas,CPU_Pct,RAM_Pct,Requests,Total_CPU,Total_RAM,Success,HPA_Target,Throughput,Enhancement,Forecast
C2,1,-0.8299864310899823,60.8,36.4,27,16.25,15.136719,731.0,650.0,310.0,1.0,50,3.0,1,0.0
C2,2,0.6529445241355172,32.7,21.6,27,3.7185185,14.988426,457.0,251.0,518.0,1.0,50,2.0,1,0.0
C2,3,0.6436816341741973,32.7,21.8,27,1.437037,14.988426,141.0,97.0,518.0,1.0,50,2.0,2,0.0
C2,4,0.7815232288442124,26.599999999999998,20.299999999999997,27,0.7259259,14.988426,125.0,49.0,518.0,1.0,30,1.0,0,0.0
C2,5,0.7284031057778968,32.7,22.4,27,0.8148148,15.017361,134.0,55.0,519.0,1.0,30,1.0,0,0.0
C2,6,-0.19891938478714827,32.800000000000004,23.0,5,0.78518516,15.046296,140.0,53.0,520.0,1.0,30,1.0,1,0.0
C2,7,0.10912560610562458,101.8,54.9,2,16.8,15.625,147.0,84.0,40.0,1.0,30,3.0,0,0.0
C2,8,0.18595638224143388,120.80000000000001,65.4,2,17.0,15.625,137.0,85.0,40.0,1.0,30,3.0,1,0.0
C2,9,0.20553354813627256,114.3,63.70000000000001,2,18.0,16.015625,145.0,90.0,41.0,1.0,30,3.0,0,0.0
C2,10,0.12825294313920482,119.7,65.60000000000001,2,20.4,15.625,144.0,102.0,40.0,1.0,50,3.0,2,0.0
C2,11,0.05637621234330113,123.0,65.60000000000001,2,6.2,15.625,147.0,31.0,40.0,1.0,50,1.0,1,0.0
C2,12,0.13544901450883373,113.60000000000001,61.400000000000006,2,18.4,15.625,143.0,92.0,40.0,1.0,50,3.0,0,0.0
C2,13,0.08796881211745622,109.7,62.8,2,5.4,15.625,134.0,27.0,40.0,1.0,50,1.0,1,0.0
C2,14,0.04467641615815869,140.8,76.1,1,16.0,15.625,134.0,80.0,40.0,1.0,50,3.0,1,0.0
C2,15,-0.05377147050501524,208.7,117.7,1,34.0,15.625,141.0,85.0,20.0,1.0,50,3.0,0,0.0
C2,16,-0.09060438432093104,208.1,116.5,1,23.6,15.625,151.0,59.0,20.0,1.0,50,2.0,1,0.0
C2,17,-0.09683708490776344,205.9,115.9,1,20.8,15.625,132.0,52.0,20.0,1.0,50,2.0,0,0.0
C2,18,-0.13985453077078885,203.2,116.1,1,9.6,15.625,123.0,24.0,20.0,1.0,50,1.0,1,0.0
C2,19,-0.11866924157198916,204.7,116.5,1,35.2,15.625,142.0,88.0,20.0,1.0,70,3.0,0,0.0
C2,20,-0.22143749393470002,204.5,113.9,1,8.8,15.625,124.0,22.0,20.0,1.0,70,1.0,0,0.0
C2,21,-0.11472187315093657,203.2,113.19999999999999,1,35.2,15.625,158.0,88.0,20.0,1.0,70,3.0,1,0.0
C2,22,-0.18924159988126193,209.7,118.3,1,22.0,15.625,142.0,55.0,20.0,1.0,70,2.0,2,0.0
C2,23,-0.1335724048895497,204.2,114.8,1,31.6,15.625,133.0,79.0,20.0,1.0,70,3.0,2,0.0
C2,24,-0.1348756467791395,208.8,114.7,1,34.0,15.625,139.0,85.0,20.0,1.0,70,3.0,2,0.0
C2,25,-0.18956283553892955,191.1,110.7,1,7.6,15.625,122.0,19.0,20.0,1.0,70,1.0,1,0.0
C2,26,-0.16717244096025768,199.5,115.7,1,20.8,15.625,150.0,52.0,20.0,1.0,70,2.0,0,0.0
C2,27,-0.1644598401961993,194.39999999999998,111.8,1,18.0,15.625,122.0,45.0,20.0,1.0,70,2.0,0,0.0
C2,28,-0.20812356761941925,207.7,117.3,1,15.6,15.625,124.0,39.0,20.0,1.0,70,2.0,2,0.0
C2,29,-0.19843583236592088,196.20000000000002,110.39999999999999,1,9.2,15.625,122.0,23.0,20.0,1.0,70,1.0,2,0.0
C2,30,-0.12957516808448438,206.1,118.3,1,33.6,15.625,131.0,84.0,20.0,1.0,70,3.0,1,0.0
C2,31,-0.09834458594688764,200.4,112.8,1,37.2,17.1875,158.0,93.0,22.0,1.0,70,3.0,2,0.0
C2,32,-0.22948846394486816,208.0,113.60000000000001,1,9.2,16.40625,118.0,23.0,21.0,1.0,70,1.0,0,0.0
C2,33,-0.17710077782112732,201.5,110.9,1,19.6,15.625,126.0,49.0,20.0,1.0,70,2.0,0,0.0
C2,34,-0.18239949461810406,207.1,119.0,1,22.0,15.625,135.0,55.0,20.0,1.0,70,2.0,1,0.0
C2,35,-0.15302977069541795,202.9,114.5,1,26.4,16.40625,109.0,66.0,21.0,1.0,70,3.0,0,0.0
C2,36,-0.16014831461028756,193.89999999999998,112.4,1,18.8,15.625,133.0,47.0,20.0,1.0,70,2.0,0,0.0
C2,37,-0.1202859722533959,201.2,111.60000000000001,1,32.8,16.40625,137.0,82.0,21.0,1.0,70,3.0,0,0.0
C2,38,-0.2004324007022173,206.4,116.8,1,16.8,16.40625,114.0,42.0,21.0,1.0,70,2.0,2,0.0
C2,39,-0.2296872847180822,207.2,114.8,1,8.4,15.625,122.0,21.0,20.0,1.0,70,1.0,1,0.0
C2,40,-0.19243559885499456,209.1,118.0,1,20.8,15.625,134.0,52.0,20.0,1.0,70,2.0,0,0.0
C2,41,-0.2139049139657921,206.3,111.5,1,12.8,15.625,137.0,32.0,20.0,1.0,70,1.0,1,0.0
C2,42,-0.19910335057157907,196.9,115.4,1,9.6,15.625,123.0,24.0,20.0,1.0,70,1.0,0,0.0
C2,43,-0.16894349989177027,202.6,116.3,1,22.4,15.625,140.0,56.0,20.0,1.0,70,2.0,1,0.0
C2,44,-0.1552746319265596,199.9,116.9,1,24.0,15.625,141.0,60.0,20.0,1.0,70,2.0,0,0.0
C2,45,-0.189630157610907,211.7,120.89999999999999,1,23.2,15.625,147.0,58.0,20.0,1.0,70,2.0,0,0.0
C2,46,-0.17889749976980768,207.0,117.5,1,22.8,15.625,142.0,57.0,20.0,1.0,70,2.0,1,0.0
C2,47,-0.23320237737018085,211.7,118.7,1,11.2,16.40625,130.0,28.0,21.0,1.0,70,1.0,0,0.0
C2,48,-0.18396637929417842,191.6,111.9,1,10.0,15.625,135.0,25.0,20.0,1.0,70,1.0,2,0.0
C2,49,-0.13465988840972398,201.9,113.69999999999999,1,30.0,15.625,135.0,75.0,20.0,1.0,70,3.0,0,0.0
C2,50,-0.1760837051444198,204.7,118.0,1,22.0,15.625,136.0,55.0,20.0,1.0,70,2.0,1,0.0
C2,51,-0.2108346895194399,208.2,117.4,1,15.2,16.40625,172.0,38.0,21.0,1.0,70,1.0,2,0.0
C2,52,-0.09931079625234038,199.4,113.8,1,36.4,15.625,155.0,91.0,20.0,1.0,70,3.0,2,0.0
C2,53,-0.20925500894912824,202.6,108.7,1,11.2,15.625,150.0,28.0,20.0,1.0,70,1.0,1,0.0
C2,54,-0.20706280870263416,203.7,114.1,1,12.8,15.625,151.0,32.0,20.0,1.0,70,1.0,0,0.0
C2,55,-0.19098834396881487,197.1,113.0,1,12.4,15.625,139.0,31.0,20.0,1.0,70,1.0,0,0.0
C2,56,-0.06824226864570643,201.5,113.4,1,24.8,15.625,152.0,62.0,20.0,1.0,50,2.0,2,0.0
C2,57,-0.13788132606582665,203.8,112.3,1,10.4,15.625,134.0,26.0,20.0,1.0,50,1.0,0,0.0
C2,58,-0.10970791951714992,205.4,116.7,1,17.6,15.625,111.0,44.0,20.0,1.0,50,2.0,2,0.0
C2,59,-0.07506042594710444,189.5,105.6,1,16.0,16.40625,98.0,40.0,21.0,1.0,50,2.0,1,0.0
C2,60,-0.1818063060374106,217.79999999999998,120.6,1,8.8,15.625,109.0,22.0,20.0,1.0,50,1.0,2,0.0
C2,61,0.18941072255548067,84.2,48.2,1,13.2,15.625,49.0,33.0,20.0,1.0,50,3.0,1,0.0
C2,62,0.07416711041843646,144.2,93.8,1,22.8,15.625,89.0,57.0,20.0,1.0,50,3.0,1,0.0
C2,63,0.5783207150249485,44.900000000000006,35.8,1,11.2,15.625,39.0,28.0,20.0,1.0,50,3.0,0,0.0
C2,64,0.02501941023666049,145.3,91.80000000000001,1,12.4,15.625,81.0,31.0,20.0,1.0,50,2.0,0,0.0
C2,65,-0.1402566759161717,198.7,113.60000000000001,1,6.8,15.625,121.0,17.0,20.0,1.0,50,1.0,1,0.0
C2,66,-0.07165701589987827,200.9,113.9,1,23.6,15.625,147.0,59.0,20.0,1.0,50,2.0,1,0.0
C2,67,-0.10270964747882572,212.7,119.6,1,23.6,15.625,146.0,59.0,20.0,1.0,50,2.0,2,0.0
C2,68,-0.13761216871070797,207.1,116.9,1,12.4,15.625,148.0,31.0,20.0,1.0,50,1.0,2,0.0
C2,69,-0.2616554929319621,204.4,115.9,1,8.4,15.625,145.0,21.0,20.0,1.0,90,1.0,0,0.0
C2,70,-0.249259336935775,209.5,118.3,1,23.2,15.625,146.0,58.0,20.0,1.0,90,2.0,2,0.0
C2,71,-0.26086303426847557,205.9,115.9,1,12.0,15.625,145.0,30.0,20.0,1.0,90,1.0,0,0.0
C2,72,-0.060961700112895784,208.5,117.4,1,31.6,15.625,134.0,79.0,20.0,1.0,50,3.0,2,0.0
C2,73,-0.12333329113928168,205.1,116.5,1,14.4,15.625,145.0,36.0,20.0,1.0,50,1.0,0,0.0
C2,74,-0.09013697975555235,200.0,114.9,1,18.8,15.625,122.0,47.0,20.0,1.0,50,2.0,1,0.0
C2,75,-0.01730025501864904,185.79999999999998,109.10000000000001,1,27.2,16.40625,129.0,68.0,21.0,1.0,50,3.0,0,0.0
C2,76,-0.03524683780200566,206.5,116.6,1,38.8,16.40625,155.0,97.0,21.0,1.0,50,3.0,0,0.0
C2,77,-0.057894455470084066,209.79999999999998,116.7,1,33.6,16.40625,140.0,84.0,21.0,1.0,50,3.0,0,0.0
C2,78,-0.09689176467894628,207.9,120.7,1,22.0,16.40625,126.0,55.0,21.0,1.0,50,2.0,2,0.0
C2,79,-0.1275438174550711,206.7,114.4,1,14.4,16.40625,136.0,36.0,21.0,1.0,50,1.0,1,0.0
C2,80,-0.11244572233327146,207.8,119.2,1,18.4,15.625,118.0,46.0,20.0,1.0,50,2.0,1,0.0
C2,81,-0.03700066011210601,200.9,114.6,1,32.8,15.625,142.0,82.0,20.0,1.0,50,3.0,1,0.0
C2,82,-0.03546213741160642,202.2,115.2,1,34.4,16.40625,148.0,86.0,21.0,1.0,50,3.0,0,0.0
C2,83,-0.12788132606582675,200.0,116.2,1,10.4,15.625,137.0,26.0,20.0,1.0,50,1.0,1,0.0
C2,84,-0.14846660236722664,208.5,120.39999999999999,1,10.8,16.40625,128.0,27.0,21.0,1.0,50,1.0,0,0.0
C2,85,-0.154591372876052,208.8,119.9,1,9.6,15.625,137.0,24.0,20.0,1.0,50,1.0,2,0.0
C2,86,-0.05882508726344593,208.7,117.8,1,32.4,16.40625,133.0,81.0,21.0,1.0,50,3.0,2,0.0
C2,87,-0.05722102429532103,205.5,116.8,1,30.4,16.40625,123.0,76.0,21.0,1.0,50,3.0,2,0.0
C2,88,-0.06756341291338594,204.9,115.2,1,27.2,16.40625,113.0,68.0,21.0,1.0,50,3.0,1,0.0
C2,89,0.08853285826834509,119.8,75.2,1,11.6,15.625,68.0,29.0,20.0,1.0,50,2.0,0,0.0
C2,90,0.5865330646205492,32.9,28.1,1,4.4,15.625,20.0,11.0,20.0,1.0,70,2.0,1,0.0
C2,91,0.024567599297782697,120.89999999999999,73.5,1,16.8,15.625,63.0,42.0,20.0,1.0,70,3.0,1,0.0
C2,92,-0.22460967246052743,204.0,116.2,1,7.2,15.625,102.0,18.0,20.0,1.0,70,1.0,0,0.0
C2,93,0.1003961215229264,84.0,46.9,1,10.4,15.625,41.0,26.0,20.0,1.0,70,3.0,0,0.0
C2,94,0.125853761294343,76.7,48.5,1,12.4,15.625,41.0,31.0,20.0,1.0,70,3.0,2,0.0
C2,95,-0.13776756719736966,171.0,101.3,1,7.2,16.40625,93.0,18.0,21.0,1.0,70,1.0,2,0.0
C2,96,0.054985220265658066,99.9,62.199999999999996,1,9.2,15.625,50.0,23.0,20.0,1.0,70,2.0,1,0.0
C2,97,-0.04265888579415639,135.7,86.9,1,8.0,15.625,73.0,20.0,20.0,1.0,70,1.0,1,0.0
C2,98,0.00958852749497556,129.39999999999998,82.69999999999999,1,18.8,15.625,75.0,47.0,20.0,1.0,70,3.0,2,0.0
C2,99,0.49273875469157874,45.199999999999996,35.5,1,9.6,15.625,34.0,24.0,20.0,1.0,70,3.0,0,0.0
C2,100,0.4696943671369615,48.099999999999994,35.0,1,10.4,15.625,35.0,26.0,20.0,1.0,70,3.0,2,0.0
C2,101,0.4495876289693281,48.4,35.1,1,4.0,15.625,32.0,10.0,20.0,1.0,70,1.0,0,0.0
C2,102,-0.07279941426032924,145.9,95.10000000000001,1,6.8,15.625,81.0,17.0,20.0,1.0,70,1.0,2,0.0
C2,103,0.05189166265033884,100.2,60.0,1,8.4,15.625,55.0,21.0,20.0,1.0,70,2.0,2,0.0
C2,104,0.5817763547511409,32.9,27.099999999999998,1,2.4,15.625,21.0,6.0,20.0,1.0,70,1.0,2,0.0
C2,105,0.5810779011772114,33.300000000000004,26.8,1,3.6,16.40625,25.0,9.0,21.0,1.0,70,1.0,0,0.0
C2,106,0.48723822678608425,46.1,34.2,1,10.4,15.625,37.0,26.0,20.0,1.0,70,3.0,1,0.0
C2,107,0.5028502542087665,44.6,34.0,1,11.2,15.625,38.0,28.0,20.0,1.0,70,3.0,0,0.0
C2,108,0.5555471563303476,32.9,26.700000000000003,1,6.4,15.625,22.0,16.0,20.0,1.0,90,3.0,0,0.0
C2,109,0.556940998296108,33.0,26.3,1,8.4,16.40625,29.0,21.0,21.0,1.0,90,3.0,0,0.0
C2,110,0.5482491198616075,33.5,26.9,1,4.4,15.625,23.0,11.0,20.0,1.0,90,2.0,2,0.0
C2,111,-0.22603179103807353,190.0,104.6,1,6.4,15.625,91.0,16.0,20.0,1.0,90,1.0,0,0.0
C2,112,-0.2140833540675937,200.0,112.9,1,27.2,16.40625,166.0,68.0,21.0,1.0,90,2.0,0,0.0
C2,113,-0.2125948169602931,203.4,115.4,1,30.8,16.40625,132.0,77.0,21.0,1.0,90,3.0,1,0.0
C2,114,-0.20019817235334075,202.6,114.3,1,34.0,16.40625,143.0,85.0,21.0,1.0,90,3.0,0,0.0
C2,115,-0.24357168251807204,198.9,112.19999999999999,1,11.2,15.625,145.0,28.0,20.0,1.0,90,1.0,0,0.0
C2,116,-0.18688731778855827,199.1,114.4,1,35.2,15.625,146.0,88.0,20.0,1.0,90,3.0,2,0.0
C2,117,-0.23690785686604882,204.1,117.0,1,22.4,16.40625,141.0,56.0,21.0,1.0,90,2.0,1,0.0
C2,118,-0.22258236434611256,191.8,112.60000000000001,1,12.8,15.625,160.0,32.0,20.0,1.0,90,1.0,1,0.0
C2,119,-0.21755314172683243,200.5,113.4,1,26.4,15.625,116.0,66.0,20.0,1.0,90,3.0,2,0.0
C2,120,-0.22267746287287365,200.5,113.69999999999999,1,24.4,15.625,160.0,61.0,20.0,1.0,90,2.0,0,0.0
C2,121,-0.1804919953592133,197.2,111.69999999999999,1,35.6,16.40625,153.0,89.0,21.0,1.0,90,3.0,1,0.0
C2,122,-0.19432133345800245,197.4,110.2,1,31.6,16.40625,136.0,79.0,21.0,1.0,90,3.0,0,0.0
C2,123,0.6648537330978317,18.2,17.7,1,2.4,15.625,19.0,6.0,20.0,1.0,90,1.0,2,0.0
C2,124,0.6648537330978317,18.8,17.7,1,2.4,15.625,17.0,6.0,20.0,1.0,90,1.0,2,0.0
C2,125,-0.16777287895413068,167.7,95.8,1,6.0,15.625,86.0,15.0,20.0,1.0,90,1.0,0,0.0
C2,126,-0.29030752681397115,218.0,123.0,1,13.6,15.625,145.0,34.0,20.0,1.0,90,1.0,0,0.0
C2,127,-0.2538579271952482,213.5,118.7,1,25.6,15.625,144.0,64.0,20.0,1.0,90,2.0,1,0.0
C2,128,-0.20361922498491963,203.9,114.3,1,34.0,16.40625,141.0,85.0,21.0,1.0,90,3.0,2,0.0
C2,129,-0.23798481662995763,198.6,113.3,1,14.4,16.40625,148.0,36.0,21.0,1.0,90,1.0,0,0.0
C2,130,-0.23304490469763894,203.7,114.6,1,23.6,16.40625,139.0,59.0,21.0,1.0,90,2.0,2,0.0
C2,131,-0.24148950614261666,208.8,118.7,1,25.6,16.40625,155.0,64.0,21.0,1.0,90,2.0,2,0.0
C2,132,-0.2387330211463013,205.5,116.9,1,23.2,15.625,146.0,58.0,20.0,1.0,90,2.0,0,0.0
C2,133,-0.24913047026115204,200.6,115.0,1,10.4,15.625,140.0,26.0,20.0,1.0,90,1.0,1,0.0
C2,134,-0.29094010357070366,216.9,109.39999999999999,1,11.2,15.625,125.0,28.0,20.0,1.0,90,1.0,0,0.0
C2,135,-0.21918430085523327,198.8,113.3,1,24.0,16.40625,151.0,60.0,21.0,1.0,90,2.0,1,0.0
C2,136,-0.23090456403281473,200.8,115.0,1,21.2,16.40625,140.0,53.0,21.0,1.0,90,2.0,2,0.0
C2,137,-0.2641000826871944,204.8,113.9,1,7.2,15.625,121.0,18.0,20.0,1.0,90,1.0,0,0.0
C2,138,-0.2593611562022826,204.9,119.5,1,11.2,16.40625,138.0,28.0,21.0,1.0,90,1.0,2,0.0
C2,139,-0.213814404792863,203.4,116.0,1,10.4,16.40625,126.0,26.0,21.0,1.0,70,1.0,1,0.0
C2,140,-0.1807756296698836,200.6,113.8,1,18.0,16.40625,135.0,45.0,21.0,1.0,70,2.0,0,0.0
C2,141,-0.21391203151271992,206.8,116.5,1,13.2,16.40625,151.0,33.0,21.0,1.0,70,1.0,2,0.0
C2,142,-0.18710077782112727,205.3,116.9,1,19.6,16.40625,118.0,49.0,21.0,1.0,70,2.0,2,0.0
C2,143,-0.17762709361060092,201.7,115.4,1,19.6,15.625,132.0,49.0,20.0,1.0,70,2.0,2,0.0
C2,144,-0.13399118138889782,200.3,113.8,1,29.2,15.625,127.0,73.0,20.0,1.0,70,3.0,0,0.0
C2,145,-0.21337859817631843,206.1,112.9,1,12.8,16.40625,135.0,32.0,21.0,1.0,70,1.0,1,0.0
C2,146,-0.21075270877156954,202.7,115.5,1,10.8,15.625,138.0,27.0,20.0,1.0,70,1.0,0,0.0
C2,147,-0.18375138832867866,205.8,117.3,1,20.8,16.40625,132.0,52.0,21.0,1.0,70,2.0,2,0.0
C2,148,-0.12266265251284086,184.4,102.9,1,22.0,15.625,93.0,55.0,20.0,1.0,70,3.0,0,0.0
C2,149,0.7027210189426429,18.1,17.7,1,5.6,15.625,16.0,14.0,20.0,1.0,70,3.0,2,0.0
C2,150,-0.23538486235575273,209.79999999999998,118.5,1,8.8,15.625,108.0,22.0,20.0,1.0,70,1.0,0,0.0
C2,151,0.5886859312233447,33.0,27.400000000000002,1,5.6,15.625,29.0,14.0,20.0,1.0,70,2.0,1,0.0
C2,152,0.5853396470488126,33.5,26.3,1,6.0,16.40625,28.0,15.0,21.0,1.0,70,2.0,1,0.0
C2,153,-0.16945646160738514,207.2,119.1,1,25.2,15.625,106.0,63.0,20.0,1.0,70,3.0,2,0.0
C2,154,-0.20680534035051695,201.2,115.2,1,10.8,15.625,148.0,27.0,20.0,1.0,70,1.0,1,0.0
C2,155,-0.20459538867154226,198.1,117.1,1,8.8,16.40625,100.0,22.0,21.0,1.0,70,1.0,0,0.0
C2,156,-0.2222269676189106,204.8,117.4,1,8.8,15.625,139.0,22.0,20.0,1.0,70,1.0,2,0.0
C2,157,-0.18900208391754642,209.0,121.80000000000001,1,21.6,16.40625,145.0,54.0,21.0,1.0,70,2.0,1,0.0
C2,158,-0.14794029083423532,208.3,117.2,1,30.8,15.625,140.0,77.0,20.0,1.0,70,3.0,2,0.0
C2,159,-0.19190892838687107,209.5,120.5,1,21.2,15.625,124.0,53.0,20.0,1.0,70,2.0,0,0.0
C2,160,-0.023421052631578843,206.9,117.5,1,31.2,16.40625,118.0,78.0,21.0,1.0,30,3.0,1,0.0
C2,161,-0.022105263157894683,206.4,119.5,1,22.0,16.40625,138.0,55.0,21.0,1.0,30,2.0,1,0.0
C2,162,-0.026052631578947272,207.9,117.0,1,22.8,16.40625,146.0,57.0,21.0,1.0,30,2.0,0,0.0
C2,163,-0.011842105263157932,202.5,119.2,1,20.8,15.625,125.0,52.0,20.0,1.0,30,2.0,2,0.0
C2,164,-0.011842105263157932,202.5,114.9,1,30.0,16.40625,122.0,75.0,21.0,1.0,30,3.0,0,0.0
C2,165,-0.023684210526315697,207.0,116.1,1,32.4,16.40625,131.0,81.0,21.0,1.0,30,3.0,0,0.0
C2,166,-0.013856436955001078,190.6,108.2,1,11.6,17.1875,136.0,29.0,22.0,1.0,30,1.0,1,0.0
C2,167,-0.04059847504495537,204.6,114.5,1,14.8,16.40625,137.0,37.0,21.0,1.0,30,1.0,1,0.0
C2,168,-0.05664324726321793,202.5,118.5,1,8.4,15.625,128.0,21.0,20.0,1.0,30,1.0,0,0.0
C2,169,-0.07739462957053861,213.7,118.5,1,10.8,16.40625,144.0,27.0,21.0,1.0,30,1.0,0,0.0
C2,170,-0.015000000000000013,200.5,103.4,2,25.8,16.015625,147.0,129.0,41.0,1.0,30,3.0,2,0.0
C2,171,0.15558311910961756,118.3,71.5,2,6.0,16.015625,138.0,30.0,41.0,1.0,30,1.0,1,0.0
C2,172,0.17890174481462914,124.60000000000001,67.2,2,18.2,16.015625,142.0,91.0,41.0,1.0,30,3.0,0,0.0
C2,173,0.17846389963423445,117.0,64.60000000000001,2,11.2,16.015625,127.0,56.0,41.0,1.0,30,2.0,0,0.0
C2,174,0.18320074173949763,115.2,64.8,2,11.2,16.015625,131.0,56.0,41.0,1.0,30,2.0,0,0.0
C2,175,-0.03692939867474346,117.9,65.60000000000001,2,5.8,16.015625,130.0,29.0,41.0,1.0,90,1.0,0,0.0
C2,176,-0.055192980760659566,125.0,64.19999999999999,2,6.2,16.015625,128.0,31.0,41.0,1.0,90,1.0,0,0.0
C2,177,-0.04255152289273101,122.1,62.7,2,10.4,16.015625,125.0,52.0,41.0,1.0,90,2.0,2,0.0
C2,178,-0.15219615914349588,165.5,92.39999999999999,1,18.4,16.40625,120.0,46.0,21.0,1.0,90,2.0,1,0.0
C2,179,-0.24245979980294075,203.6,115.2,1,19.2,16.40625,119.0,48.0,21.0,1.0,90,2.0,2,0.0
C2,180,-0.2622961437350869,212.4,121.39999999999999,1,20.8,16.40625,124.0,52.0,21.0,1.0,90,2.0,2,0.0
C2,181,-0.16789089147939784,199.0,106.39999999999999,2,137.6,16.40625,587.0,344.0,21.0,1.0,90,3.0,0,0.0
C2,182,0.08679810229254625,120.80000000000001,67.3,2,51.8,16.015625,431.0,259.0,41.0,1.0,90,3.0,2,0.0
C2,183,0.4507358929756938,44.8,31.0,2,6.0,16.015625,41.0,30.0,41.0,1.0,90,3.0,0,0.0
C2,184,0.665026046470778,18.0,17.8,2,2.6,16.015625,14.0,13.0,41.0,1.0,90,3.0,1,0.0
C2,185,0.5517412693927528,32.800000000000004,22.2,2,1.4,16.015625,20.0,7.0,41.0,1.0,90,1.0,2,0.0
C2,186,-0.031225001667444685,118.0,67.0,2,10.8,16.015625,132.0,54.0,41.0,1.0,90,2.0,2,0.0
C2,187,-0.015623385220794761,112.60000000000001,61.5,2,11.8,16.015625,126.0,59.0,41.0,1.0,90,2.0,0,0.0
C2,188,0.391967197422703,50.0,17.7,1,0.8,16.40625,3.0,2.0,21.0,1.0,90,2.0,1,0.0
C2,189,0.5425852939451388,33.9,28.299999999999997,1,2.0,16.40625,21.0,5.0,21.0,1.0,90,1.0,1,0.0
C2,190,0.022142191390416496,100.0,61.800000000000004,1,14.8,16.40625,52.0,37.0,21.0,1.0,90,3.0,1,0.0
C2,191,0.44985869999323763,44.900000000000006,34.6,1,6.0,16.40625,32.0,15.0,21.0,1.0,90,2.0,1,0.0
C2,192,0.6655552192464198,18.1,17.7,1,3.2,16.40625,8.0,8.0,21.0,1.0,90,3.0,2,0.0
C2,193,-0.24409327243078516,209.4,115.2,1,25.2,16.40625,105.0,63.0,21.0,1.0,90,3.0,0,0.0
C2,194,-0.24462385206606008,208.1,118.6,1,23.6,16.40625,104.0,59.0,21.0,1.0,90,3.0,0,0.0
C2,195,0.666289972053633,18.1,17.9,1,4.0,16.40625,11.0,10.0,21.0,1.0,90,3.0,1,0.0
C2,196,-0.010709417629573115,110.0,62.6,1,10.4,16.40625,58.0,26.0,21.0,1.0,90,2.0,2,0.0
C2,197,-0.29054427144092637,217.4,122.80000000000001,1,12.4,16.40625,131.0,31.0,21.0,1.0,90,1.0,0,0.0
C2,198,-0.2162662320865033,202.1,117.2,1,28.4,16.40625,124.0,71.0,21.0,1.0,90,3.0,1,0.0
C2,199,0.5577574904449427,32.800000000000004,25.6,1,7.6,16.40625,28.0,19.0,21.0,1.0,90,3.0,2,0.0
C2,200,0.666289972053633,18.2,18.0,1,4.0,16.40625,11.0,10.0,21.0,1.0,90,3.0,2,0.0
C2,201,-0.22937836419650176,205.4,114.7,1,26.8,16.40625,121.0,67.0,21.0,1.0,90,3.0,2,0.0
C2,202,-0.25622500166744466,203.5,115.0,1,10.8,16.40625,133.0,27.0,21.0,1.0,90,1.0,0,0.0
C2,203,0.5573015422952599,32.7,26.9,1,6.4,16.40625,25.0,16.0,21.0,1.0,90,3.0,1,0.0
C2,204,0.5577574904449427,32.800000000000004,26.700000000000003,1,7.6,16.40625,25.0,19.0,21.0,1.0,90,3.0,1,0.0
C2,205,-0.22483475508616008,196.6,112.10000000000001,1,18.8,16.40625,127.0,47.0,21.0,1.0,90,2.0,2,0.0
C2,206,-0.2394633378643975,201.0,115.9,1,17.2,16.40625,103.0,43.0,21.0,1.0,90,2.0,1,0.0
C2,207,0.44594072732773055,45.6,33.9,1,8.0,16.40625,35.0,20.0,21.0,1.0,90,2.0,2,0.0
C2,208,-0.15478272603076831,174.7,105.5,1,24.4,16.40625,100.0,61.0,21.0,1.0,90,3.0,2,0.0
C2,209,0.666289972053633,17.9,17.6,1,4.0,16.40625,16.0,10.0,21.0,1.0,90,2.0,1,0.0
C2,210,-0.07045924771428799,141.2,90.0,1,22.8,16.40625,85.0,57.0,21.0,1.0,90,3.0,0,0.0
C2,211,-0.10488955637140507,144.3,90.89999999999999,1,7.2,16.40625,85.0,18.0,21.0,1.0,90,1.0,1,0.0
C2,212,-0.23004588392550523,203.3,113.4,1,24.4,16.40625,103.0,61.0,21.0,1.0,90,3.0,1,0.0
C2,213,-0.24319515238919853,204.5,113.4,1,20.0,16.40625,127.0,50.0,21.0,1.0,90,2.0,0,0.0
C2,214,0.06198752432213621,83.0,46.300000000000004,1,11.6,16.40625,44.0,29.0,21.0,1.0,90,3.0,1,0.0
C2,215,-0.016609926624846005,110.10000000000001,56.099999999999994,1,5.6,16.40625,52.0,14.0,21.0,1.0,90,1.0,1,0.0
C2,216,-0.20301644404980285,197.5,114.3,1,28.8,16.40625,127.0,72.0,21.0,1.0,90,3.0,0,0.0
C2,217,-0.021596903019873742,115.2,74.5,1,12.4,16.40625,68.0,31.0,21.0,1.0,90,2.0,2,0.0
C2,218,-0.07507073089669353,132.8,84.3,1,6.8,16.40625,79.0,17.0,21.0,1.0,90,1.0,1,0.0
C2,219,0.6666701724931865,18.4,17.8,1,4.4,16.40625,13.0,11.0,21.0,1.0,90,3.0,2,0.0
C2,220,-0.09117137676215478,139.8,93.2,1,8.8,16.40625,75.0,22.0,21.0,1.0,90,1.0,0,0.0
C2,221,-0.23620327513987094,195.1,112.19999999999999,1,9.2,16.40625,107.0,23.0,21.0,1.0,90,1.0,0,0.0
C2,222,0.5575472022114587,33.099999999999994,26.200000000000003,1,9.6,16.40625,29.0,24.0,21.0,1.0,90,3.0,0,0.0
C2,223,0.6659183675801024,18.2,17.7,1,3.6,16.40625,14.0,9.0,21.0,1.0,90,2.0,0,0.0
C2,224,0.6652003871959242,18.2,17.8,1,2.8,16.40625,9.0,7.0,21.0,1.0,90,2.0,2,0.0
C2,225,0.40070356569969146,50.0,17.9,1,1.2,16.40625,9.0,3.0,21.0,1.0,90,1.0,0,0.0
C2,226,0.5590559282601721,32.5,25.8,1,6.4,16.40625,22.0,16.0,21.0,1.0,90,3.0,1,0.0
C2,227,0.6648537330978317,18.1,17.8,1,2.4,16.40625,7.0,6.0,21.0,1.0,90,3.0,1,0.0
C2,228,0.6652003871959242,18.2,17.8,1,2.8,16.40625,7.0,7.0,21.0,1.0,90,3.0,0,0.0
C2,229,0.6641844064673916,18.0,17.6,1,1.6,16.40625,13.0,4.0,21.0,1.0,90,1.0,2,0.0
C2,230,0.40070356569969146,50.0,17.7,1,1.2,16.40625,3.0,3.0,21.0,1.0,90,2.0,2,0.0
C2,231,0.6648537330978317,18.0,17.6,1,2.4,16.40625,18.0,6.0,21.0,1.0,90,1.0,2,0.0
C2,232,0.6659183675801024,18.2,17.8,1,3.6,16.40625,14.0,9.0,21.0,1.0,90,2.0,0,0.0
C2,233,0.6648537330978317,18.0,17.6,1,2.4,16.40625,6.0,6.0,21.0,1.0,90,3.0,1,0.0
C2,234,0.6655552192464198,18.1,17.7,1,3.2,16.40625,8.0,8.0,21.0,1.0,90,3.0,2,0.0
C2,235,0.6638614604365336,18.1,17.7,1,1.2,16.40625,10.0,3.0,21.0,1.0,90,1.0,0,0.0
C2,236,0.6666701724931865,19.0,18.0,1,4.4,16.40625,15.0,11.0,21.0,1.0,90,2.0,0,0.0
C2,237,0.40070356569969146,50.0,17.6,1,1.2,16.40625,8.0,3.0,21.0,1.0,90,1.0,1,0.0
C2,238,0.6645151185065423,18.4,17.8,1,2.0,16.40625,10.0,5.0,21.0,1.0,90,1.0,0,0.0
C2,239,0.40070356569969146,50.0,17.8,1,1.2,16.40625,4.0,3.0,21.0,1.0,90,2.0,1,0.0
C2,240,0.40102651173054954,50.0,17.9,1,1.6,16.40625,6.0,4.0,21.0,1.0,90,1.0,1,0.0
C2,241,-0.055552514328321284,205.4,118.3,1,70.8,16.40625,293.0,177.0,21.0,1.0,90,3.0,2,0.0
C2,242,-0.3873928805127385,239.6,133.20000000000002,3,200.0,17.1875,1200.0,500.0,22.0,1.0,90,3.0,2,0.0
C2,243,0.735407870386193,18.5,17.9,5,0.72,15.46875,6.0,9.0,99.0,1.0,50,3.0,0,0.0
C2,244,0.7519360277499576,18.0,17.7,5,0.64,15.46875,12.0,8.0,99.0,1.0,50,1.0,2,0.0
C2,245,0.7519360277499576,18.3,17.9,5,0.64,15.46875,4.0,8.0,99.0,1.0,50,3.0,0,0.0
C2,246,0.6733616086454977,29.5,19.599999999999998,5,1.84,15.46875,25.0,23.0,99.0,1.0,50,2.0,0,0.0
C2,247,0.5354075229257556,45.3,30.700000000000003,5,2.0,15.46875,93.0,25.0,99.0,1.0,50,1.0,2,0.0
C2,248,-0.16239665230529088,141.0,66.8,1,5.5,15.8203125,81.0,55.0,81.0,1.0,50,3.0,0,0.0
C2,249,0.7557347567600108,17.9,17.7,1,1.6,16.40625,11.0,4.0,21.0,1.0,50,1.0,2,0.0
C2,250,0.6546945806296114,33.4,26.200000000000003,1,5.6,16.40625,27.0,14.0,21.0,1.0,50,2.0,2,0.0
C2,251,0.5993386524033396,40.099999999999994,33.300000000000004,1,6.4,16.40625,33.0,16.0,21.0,1.0,50,2.0,0,0.0
C2,252,0.7605761873560926,18.1,17.8,1,2.8,16.40625,12.0,7.0,21.0,1.0,50,2.0,2,0.0
C2,253,0.5343924468908459,47.7,35.7,1,6.8,16.40625,35.0,17.0,21.0,1.0,50,2.0,0,0.0
C2,254,0.7605761873560926,18.4,18.0,1,2.8,16.40625,8.0,7.0,21.0,1.0,50,2.0,2,0.0
C2,255,0.5227382605072528,47.300000000000004,35.3,1,3.2,16.40625,30.0,8.0,21.0,1.0,50,1.0,0,0.0
C2,256,0.09021760815908908,117.8,68.5,1,10.8,16.40625,68.0,27.0,21.0,1.0,50,2.0,0,0.0
C2,257,0.6513139107930903,33.4,25.9,1,4.8,16.40625,24.0,12.0,21.0,1.0,50,2.0,0,0.0
C2,258,0.4909858056206518,50.0,17.8,1,1.2,16.40625,5.0,3.0,21.0,1.0,50,1.0,2,0.0
C2,259,0.10096303360010786,103.8,56.4,1,4.8,16.40625,53.0,12.0,21.0,1.0,50,1.0,2,0.0
C2,260,0.5167165382332856,47.800000000000004,34.0,1,2.8,16.40625,38.0,7.0,21.0,1.0,50,1.0,2,0.0
C2,261,0.0458772351765078,140.8,91.5,1,14.4,16.40625,89.0,36.0,21.0,1.0,50,2.0,0,0.0
C2,262,0.6491726785841627,32.7,25.7,1,2.8,16.40625,26.0,7.0,21.0,1.0,50,1.0,2,0.0
C2,263,0.008840075269189701,142.7,89.1,1,7.2,16.40625,82.0,18.0,21.0,1.0,50,1.0,0,0.0
C2,264,-0.13325817326264433,212.29999999999998,117.9,1,16.4,16.40625,118.0,41.0,21.0,1.0,50,2.0,2,0.0
C2,265,-0.11478239184091088,195.70000000000002,109.60000000000001,1,10.8,16.40625,145.0,27.0,21.0,1.0,50,1.0,2,0.0
C2,266,-0.15157246538985597,203.0,115.1,1,6.8,16.40625,104.0,17.0,21.0,1.0,50,1.0,1,0.0
C2,267,0.11991040202116046,96.60000000000001,48.0,1,4.8,16.40625,43.0,12.0,21.0,1.0,50,1.0,1,0.0
C2,268,-0.17154314814267374,213.9,111.69999999999999,1,8.8,16.40625,103.0,22.0,21.0,1.0,50,1.0,0,0.0
C2,269,0.5738730598990855,45.0,36.1,1,10.4,16.40625,37.0,26.0,21.0,1.0,50,3.0,1,0.0
C2,270,0.544786713671882,44.6,35.7,1,2.8,16.40625,30.0,7.0,21.0,1.0,50,1.0,0,0.0
C2,271,-0.09169663603394682,184.9,103.2,1,9.6,16.40625,93.0,24.0,21.0,1.0,50,1.0,0,0.0
C2,272,0.659957738524348,32.800000000000004,26.4,1,5.6,16.40625,27.0,14.0,21.0,1.0,50,2.0,1,0.0
C2,273,-0.09572801476586512,202.8,115.4,1,19.2,16.40625,121.0,48.0,21.0,1.0,50,2.0,0,0.0
C2,274,-0.06552962280744651,205.3,115.9,1,28.0,16.40625,107.0,70.0,21.0,1.0,50,3.0,1,0.0
C2,275,0.6440389581791286,33.099999999999994,26.9,1,2.4,16.40625,21.0,6.0,21.0,1.0,50,1.0,1,0.0
C2,276,0.13952513961010177,105.89999999999999,61.699999999999996,1,14.8,16.40625,56.0,37.0,21.0,1.0,50,3.0,1,0.0
C2,277,-0.11160111491171743,206.8,116.2,1,18.0,16.40625,113.0,45.0,21.0,1.0,50,2.0,1,0.0
C2,278,-0.150931106037468,205.4,115.6,1,8.4,16.40625,115.0,21.0,21.0,1.0,50,1.0,0,0.0
C2,279,0.6996909593573912,18.1,17.7,1,4.4,16.40625,16.0,11.0,21.0,1.0,70,2.0,0,0.0
C2,280,-0.21423783316257744,200.9,116.3,1,8.0,16.40625,119.0,20.0,21.0,1.0,70,1.0,0,0.0
C2,281,0.04636534686086516,102.3,60.6,1,8.4,16.40625,51.0,21.0,21.0,1.0,70,2.0,2,0.0
C2,282,0.05503533690833265,104.6,62.4,1,13.2,16.40625,51.0,33.0,21.0,1.0,70,3.0,0,0.0
C2,283,0.8500762134230411,18.1,17.8,1,3.2,16.40625,12.0,8.0,21.0,1.0,30,2.0,1,0.0
C2,284,0.5765839711106497,50.0,17.7,1,0.8,16.40625,4.0,2.0,21.0,1.0,30,1.0,1,0.0
C2,285,0.8449503405842114,18.0,17.6,1,2.0,16.40625,5.0,5.0,21.0,1.0,30,3.0,1,0.0
C2,286,0.8449503405842114,18.2,17.7,1,2.0,16.40625,14.0,5.0,21.0,1.0,30,1.0,1,0.0
C2,287,0.8517640347262772,18.2,17.7,1,3.6,16.40625,8.0,9.0,21.0,1.0,30,3.0,1,0.0
C2,288,0.6641844064673916,17.8,17.6,1,1.6,16.40625,7.0,4.0,21.0,1.0,90,2.0,2,0.0
C2,289,0.6674569236982506,18.700000000000003,17.9,1,5.2,16.40625,13.0,13.0,21.0,1.0,90,3.0,2,0.0
C2,290,0.4003882500542819,50.0,17.7,1,0.8,16.40625,2.0,2.0,21.0,1.0,90,2.0,2,0.0
C2,291,0.6666701724931865,18.2,17.8,1,4.4,16.40625,17.0,11.0,21.0,1.0,90,2.0,2,0.0
C2,292,0.6652003871959242,18.1,17.6,1,2.8,16.40625,10.0,7.0,21.0,1.0,90,2.0,0,0.0
C2,293,0.6666701724931865,18.1,17.7,1,4.4,16.40625,11.0,11.0,21.0,1.0,90,3.0,0,0.0
C2,294,-0.06338286043225022,128.70000000000002,78.10000000000001,1,7.6,16.40625,79.0,19.0,21.0,1.0,90,1.0,1,0.0
C2,295,-0.2625407911411288,205.9,119.2,1,10.8,16.40625,106.0,27.0,21.0,1.0,90,1.0,1,0.0
C2,296,-0.10940661613534061,156.0,98.0,1,22.8,16.40625,85.0,57.0,21.0,1.0,90,3.0,2,0.0
C2,297,0.4629747928967427,44.0,34.3,1,10.4,16.40625,38.0,26.0,21.0,1.0,90,3.0,0,0.0
C2,298,0.054663281520998044,86.0,48.4,1,12.0,16.40625,44.0,30.0,21.0,1.0,90,3.0,2,0.0
C2,299,-0.21536643783028314,198.1,111.9,1,24.8,16.40625,108.0,62.0,21.0,1.0,90,3.0,0,0.0
C2,300,-0.2173957278994197,202.1,112.3,1,28.0,16.40625,127.0,70.0,21.0,1.0,90,3.0,0,0.0
C2,301,-0.09587955347206292,144.6,95.8,1,14.4,16.40625,83.0,36.0,21.0,1.0,90,2.0,2,0.0
C2,302,-0.024908774875234435,112.8,66.9,1,4.4,16.40625,68.0,11.0,21.0,1.0,90,1.0,2,0.0
C2,303,-0.23487282775180407,207.9,116.7,1,27.2,16.40625,121.0,68.0,21.0,1.0,90,3.0,1,0.0
C2,304,-0.02464561698049758,112.69999999999999,70.0,1,4.4,16.40625,65.0,11.0,21.0,1.0,90,1.0,2,0.0
C2,305,-0.048730364184453256,122.0,76.5,1,4.8,16.40625,67.0,12.0,21.0,1.0,90,1.0,2,0.0
C2,306,-0.0601196314112096,132.3,85.6,1,16.4,16.40625,71.0,41.0,21.0,1.0,90,3.0,1,0.0
C2,307,-0.28607681653191847,213.5,117.4,1,8.0,16.40625,115.0,20.0,21.0,1.0,90,1.0,2,0.0
C2,308,0.4545538790640262,44.900000000000006,36.1,1,10.0,16.40625,31.0,25.0,21.0,1.0,90,3.0,1,0.0
C2,309,0.553024021780459,33.0,26.5,1,4.8,16.40625,23.0,12.0,21.0,1.0,90,2.0,2,0.0
C2,310,-0.031225001667444685,118.0,73.4,1,10.8,16.40625,68.0,27.0,21.0,1.0,90,2.0,0,0.0
C2,311,-0.20733308100668485,204.3,114.7,1,33.2,16.40625,151.0,83.0,21.0,1.0,90,3.0,2,0.0
C2,312,-0.2017291152239547,191.8,105.89999999999999,1,23.6,16.40625,97.0,59.0,21.0,1.0,90,3.0,0,0.0
C2,313,0.6645151185065423,18.0,17.7,1,2.0,16.40625,7.0,5.0,21.0,1.0,90,2.0,2,0.0
C2,314,0.5578181912785641,32.9,26.8,1,8.4,16.40625,28.0,21.0,21.0,1.0,90,3.0,0,0.0
C2,315,-0.1846359392307818,194.20000000000002,109.60000000000001,1,32.0,16.40625,213.0,80.0,21.0,1.0,90,2.0,1,0.0
C2,316,-0.24949960125459192,190.0,94.0,3,181.2,17.1875,813.0,453.0,22.0,1.0,90,3.0,1,0.0
C2,317,0.4001822122436424,50.0,17.7,3,0.53333336,15.885417,6.0,4.0,61.0,1.0,90,1.0,2,0.0
C2,318,0.040636759418068644,89.0,46.5,3,7.2,15.885417,108.0,54.0,61.0,1.0,90,2.0,1,0.0
C2,319,0.428390073375154,47.300000000000004,31.4,3,5.6,15.885417,62.0,42.0,61.0,1.0,90,3.0,1,0.0
C2,320,0.5567832894218583,32.4,21.2,3,3.2,15.885417,23.0,24.0,61.0,1.0,90,3.0,0,0.0
C2,321,0.030028903456946088,91.5,46.5,3,3.2,15.885417,114.0,24.0,61.0,1.0,90,1.0,1,0.0
C2,322,-0.28148815956218154,206.7,119.7,1,10.8,16.40625,116.0,27.0,21.0,1.0,90,1.0,1,0.0
C2,323,-0.03033388879143034,115.8,71.7,1,6.8,16.40625,67.0,17.0,21.0,1.0,90,1.0,2,0.0
C2,324,0.10907626231694453,61.6,41.9,1,3.6,16.40625,48.0,9.0,21.0,1.0,90,1.0,2,0.0
C2,325,-0.2285888905122913,205.1,116.6,1,26.8,16.40625,108.0,67.0,21.0,1.0,90,3.0,0,0.0
C2,326,-0.25413033146228947,202.3,116.1,1,10.0,16.40625,131.0,25.0,21.0,1.0,90,1.0,2,0.0
C2,327,-0.2656028613530147,205.9,119.3,1,8.4,16.40625,119.0,21.0,21.0,1.0,90,1.0,1,0.0
C2,328,-0.24903826440665366,205.5,116.8,1,18.4,16.40625,116.0,46.0,21.0,1.0,90,2.0,2,0.0
C2,329,-0.24044982663539777,208.8,116.6,1,26.0,16.40625,118.0,65.0,21.0,1.0,90,3.0,1,0.0
C2,330,-0.24423569759913316,206.2,115.4,1,21.6,16.40625,124.0,54.0,21.0,1.0,90,2.0,1,0.0
C2,331,-0.21353160092107,208.7,119.0,1,34.8,16.40625,159.0,87.0,21.0,1.0,90,3.0,0,0.0
C2,332,-0.23509791298089694,200.5,113.19999999999999,1,18.8,16.40625,123.0,47.0,21.0,1.0,90,2.0,1,0.0
C2,333,-0.25824927348715127,209.60000000000002,118.8,1,19.2,16.40625,122.0,48.0,21.0,1.0,90,2.0,1,0.0
C2,334,-0.25143453465689153,200.7,114.2,1,8.8,16.40625,116.0,22.0,21.0,1.0,90,1.0,2,0.0
C2,335,-0.26834099657694144,207.9,120.2,1,10.4,16.40625,119.0,26.0,21.0,1.0,90,1.0,0,0.0
C2,336,-0.26724033754480386,209.0,116.5,1,13.2,16.40625,140.0,33.0,21.0,1.0,90,1.0,2,0.0
C2,337,-0.24385630656047108,198.2,112.4,1,9.6,16.40625,130.0,24.0,21.0,1.0,90,1.0,1,0.0
C2,338,-0.24872146817867236,206.6,117.6,1,20.0,16.40625,119.0,50.0,21.0,1.0,90,2.0,2,0.0
C2,339,-0.26255138409386836,205.5,116.0,1,10.0,16.40625,121.0,25.0,21.0,1.0,90,1.0,0,0.0
C2,340,-0.2630778386822046,205.9,117.7,1,10.4,16.40625,133.0,26.0,21.0,1.0,90,1.0,1,0.0
C2,341,-0.2235770347821055,206.2,115.0,1,29.6,16.40625,127.0,74.0,21.0,1.0,90,3.0,0,0.0
C2,342,-0.23009089598560112,198.3,112.4,1,18.4,16.40625,129.0,46.0,21.0,1.0,90,2.0,1,0.0
C2,343,-0.23041332575027051,202.7,112.60000000000001,1,23.6,16.40625,144.0,59.0,21.0,1.0,90,2.0,0,0.0
C2,344,-0.2558873866651074,208.4,117.7,1,18.8,16.40625,125.0,47.0,21.0,1.0,90,2.0,1,0.0
C2,345,-0.2335124313818881,200.2,116.7,1,19.2,16.40625,129.0,48.0,21.0,1.0,90,2.0,0,0.0
C2,346,-0.2242295371889152,206.9,115.3,1,30.0,16.40625,126.0,75.0,21.0,1.0,90,3.0,1,0.0
C2,347,-0.26567695935039726,206.3,117.6,1,9.2,16.40625,111.0,23.0,21.0,1.0,90,1.0,2,0.0
C2,348,-0.27164938694883467,213.79999999999998,119.4,1,18.0,16.40625,122.0,45.0,21.0,1.0,90,2.0,2,0.0
C2,349,-0.2353004155470934,201.5,116.4,1,20.0,16.40625,133.0,50.0,21.0,1.0,90,2.0,1,0.0
C2,350,-0.24861714245113004,208.9,116.3,1,22.8,16.40625,131.0,57.0,21.0,1.0,90,2.0,1,0.0
C2,351,-0.24322364633973298,206.5,115.1,1,22.4,16.40625,140.0,56.0,21.0,1.0,90,2.0,1,0.0
C2,352,-0.2189091762217238,187.79999999999998,107.39999999999999,1,7.6,16.40625,127.0,19.0,21.0,1.0,90,1.0,0,0.0
C2,353,-0.19180534327608267,195.5,112.60000000000001,1,30.8,16.40625,130.0,77.0,21.0,1.0,90,3.0,2,0.0
C2,354,-0.27281468078746784,209.60000000000002,116.4,1,10.4,16.40625,133.0,26.0,21.0,1.0,90,1.0,2,0.0
C2,355,-0.2197106166447071,199.0,115.1,1,24.0,16.40625,105.0,60.0,21.0,1.0,90,3.0,0,0.0
C2,356,-0.204755852978389,199.5,114.6,1,30.0,16.40625,132.0,75.0,21.0,1.0,90,3.0,2,0.0
C2,357,0.43315023149323395,47.4,34.2,1,10.4,16.40625,35.0,26.0,21.0,1.0,90,3.0,0,0.0
C2,358,-0.04959142304628483,125.4,84.7,1,11.6,16.40625,70.0,29.0,21.0,1.0,90,2.0,1,0.0
C2,359,0.55685909366471,32.800000000000004,26.5,1,6.8,16.40625,22.0,17.0,21.0,1.0,90,3.0,1,0.0
C2,360,-0.27341070628545006,213.9,121.80000000000001,1,17.2,16.40625,101.0,43.0,21.0,1.0,90,2.0,0,0.0
C2,361,-0.04797909505279141,190.6,93.39999999999999,2,64.8,16.015625,767.0,324.0,41.0,1.0,90,2.0,2,0.0
C2,362,0.01433489627611606,122.89999999999999,65.5,2,35.4,16.015625,413.0,177.0,41.0,1.0,90,2.0,1,0.0
C2,363,0.005055102171954054,120.0,63.4,2,10.2,16.015625,126.0,51.0,41.0,1.0,70,2.0,2,0.0
C2,364,0.020740889316914923,114.5,61.3,2,10.6,16.015625,131.0,53.0,41.0,1.0,70,2.0,0,0.0
C2,365,0.046409704560940554,112.60000000000001,62.7,2,16.8,16.015625,135.0,84.0,41.0,1.0,70,3.0,0,0.0
C2,366,0.5834813993196497,32.4,21.8,2,1.2,16.015625,29.0,6.0,41.0,1.0,70,1.0,1,0.0
C2,367,-0.18727898105735702,185.0,97.3,1,5.6,16.40625,99.0,14.0,21.0,1.0,70,1.0,0,0.0
C2,368,0.5806435672487977,33.8,27.099999999999998,1,5.2,16.40625,24.0,13.0,21.0,1.0,70,2.0,1,0.0
C2,369,0.03320745212402304,107.30000000000001,61.199999999999996,1,8.4,16.40625,53.0,21.0,21.0,1.0,70,2.0,1,0.0
C2,370,0.0374755967968419,107.0,65.19999999999999,1,9.6,16.40625,59.0,24.0,21.0,1.0,70,2.0,2,0.0
C2,371,-0.035162255020255495,137.4,84.5,1,12.0,16.40625,80.0,30.0,21.0,1.0,70,2.0,0,0.0
C2,372,0.6967932929551672,18.4,18.0,1,3.2,16.40625,14.0,8.0,21.0,1.0,70,2.0,0,0.0
C2,373,0.5903026082412268,33.300000000000004,26.700000000000003,1,7.2,16.40625,21.0,18.0,21.0,1.0,70,3.0,2,0.0
C2,374,-0.2056822979400002,199.4,118.5,1,9.6,16.40625,121.0,24.0,21.0,1.0,70,1.0,0,0.0
C2,375,0.11589037655869185,80.0,46.4,1,12.0,16.40625,44.0,30.0,21.0,1.0,70,3.0,2,0.0
C2,376,-0.15688732109838716,187.70000000000002,102.5,1,15.2,17.1875,94.0,38.0,22.0,1.0,70,2.0,1,0.0
C2,377,-0.16473235676849562,196.8,113.9,1,19.6,16.40625,126.0,49.0,21.0,1.0,70,2.0,0,0.0
C2,378,-0.13010728902208174,195.5,111.60000000000001,1,27.2,16.40625,119.0,68.0,21.0,1.0,70,3.0,1,0.0
C2,379,-0.04043687579419908,132.39999999999998,81.60000000000001,1,5.6,16.40625,78.0,14.0,21.0,1.0,70,1.0,1,0.0
C2,380,-0.04122187438642788,145.9,94.39999999999999,1,16.8,16.40625,89.0,42.0,21.0,1.0,70,2.0,0,0.0
C2,381,-0.1740957585798169,197.5,109.10000000000001,1,17.6,16.40625,111.0,44.0,21.0,1.0,70,2.0,0,0.0
C2,382,-0.023225072539205055,144.8,92.2,1,20.8,16.40625,84.0,52.0,21.0,1.0,70,3.0,2,0.0
C2,383,0.6967932929551672,18.2,17.6,1,3.2,16.40625,9.0,8.0,21.0,1.0,70,3.0,0,0.0
C2,384,-0.20239598809336767,206.6,112.19999999999999,1,16.4,16.40625,119.0,41.0,21.0,1.0,70,2.0,0,0.0
C2,385,0.046564167634079126,103.1,58.5,1,9.2,16.40625,57.0,23.0,21.0,1.0,70,2.0,0,0.0
C2,386,-0.04704027761649865,144.4,91.1,1,14.0,16.40625,85.0,35.0,21.0,1.0,70,2.0,1,0.0
C2,387,0.06998522026565805,94.2,54.4,1,9.2,16.40625,46.0,23.0,21.0,1.0,70,2.0,2,0.0
C2,388,-0.10932107132945701,169.1,99.1,1,14.8,16.40625,91.0,37.0,21.0,1.0,70,2.0,2,0.0
C2,389,-0.25686941210994585,217.1,120.89999999999999,1,8.0,16.40625,112.0,20.0,21.0,1.0,70,1.0,2,0.0
C2,390,-0.16709141914356773,195.39999999999998,112.3,1,18.0,16.40625,127.0,45.0,21.0,1.0,70,2.0,0,0.0
C2,391,-0.19292646284962045,208.1,117.3,1,20.0,16.40625,133.0,50.0,21.0,1.0,70,2.0,1,0.0
C2,392,-0.1884400635047047,193.3,110.0,1,10.0,16.40625,112.0,25.0,21.0,1.0,70,1.0,0,0.0
C2,393,0.43269864868464675,50.0,17.8,1,2.8,16.40625,8.0,7.0,21.0,1.0,70,1.0,2,0.0
C2,394,0.022323205217402248,119.6,71.5,1,15.2,16.40625,62.0,38.0,21.0,1.0,70,3.0,1,0.0
C2,395,0.09661571228106199,85.9,47.9,1,10.8,16.40625,42.0,27.0,21.0,1.0,70,3.0,1,0.0
C2,396,0.47034944516282484,47.1,35.6,1,7.6,16.40625,39.0,19.0,21.0,1.0,70,2.0,1,0.0
C2,397,0.5980320135275318,32.800000000000004,26.1,1,8.4,16.40625,29.0,21.0,21.0,1.0,70,3.0,1,0.0
C2,398,0.5964429591184198,32.599999999999994,26.8,1,7.2,16.40625,28.0,18.0,21.0,1.0,70,3.0,0,0.0
C2,399,0.6967932929551672,18.1,17.6,1,3.2,16.40625,14.0,8.0,21.0,1.0,70,2.0,0,0.0
C2,400,-0.0962086137294739,157.79999999999998,96.4,1,9.6,16.40625,88.0,24.0,21.0,1.0,70,1.0,0,0.0
C2,401,-0.013421052631578834,199.9,99.1,2,36.0,16.40625,148.0,90.0,21.0,1.0,30,3.0,0,0.0
C2,402,0.1875248723053186,119.2,64.8,2,16.0,16.015625,137.0,80.0,41.0,1.0,30,3.0,2,0.0
C2,403,0.1629515401622491,115.5,64.0,2,6.0,16.015625,121.0,30.0,41.0,1.0,30,1.0,1,0.0
C2,404,0.1645155937161321,114.6,65.10000000000001,2,5.8,16.015625,123.0,29.0,41.0,1.0,30,1.0,2,0.0
C2,405,0.19040564795309636,112.19999999999999,63.70000000000001,2,11.0,16.015625,123.0,55.0,41.0,1.0,30,2.0,2,0.0
C2,406,0.18506312729289537,113.69999999999999,64.5,2,10.6,16.015625,128.0,53.0,41.0,1.0,30,2.0,2,0.0
C2,407,0.18312653082416877,112.8,67.0,2,9.4,16.015625,104.0,47.0,41.0,1.0,30,2.0,0,0.0
C2,408,-0.002631578947368318,195.8,106.30000000000001,1,20.8,16.40625,130.0,52.0,21.0,1.0,30,2.0,1,0.0
C2,409,-0.002368421052631464,198.9,113.10000000000001,1,32.0,16.40625,133.0,80.0,21.0,1.0,30,3.0,1,0.0
C2,410,-0.019210526315789456,205.3,115.5,1,28.8,16.40625,131.0,72.0,21.0,1.0,30,3.0,2,0.0
C2,411,-0.029435845008891653,194.39999999999998,112.19999999999999,1,10.0,16.40625,119.0,25.0,21.0,1.0,30,1.0,0,0.0
C2,412,-0.07655512900326467,211.2,116.8,1,9.2,16.40625,114.0,23.0,21.0,1.0,30,1.0,2,0.0
C2,413,-0.050671910697386496,205.1,115.8,1,12.0,16.40625,135.0,30.0,21.0,1.0,30,1.0,1,0.0
C2,414,-0.00736842105263158,197.6,106.39999999999999,2,33.6,16.40625,145.0,84.0,21.0,1.0,30,3.0,1,0.0
C2,415,0.16284231133458021,114.0,64.5,2,5.0,16.015625,123.0,25.0,41.0,1.0,30,1.0,1,0.0
C2,416,0.2038406617790028,113.0,62.199999999999996,2,16.0,16.015625,124.0,80.0,41.0,1.0,30,3.0,1,0.0
C2,417,0.7257436638915706,35.4,25.6,2,5.8,16.015625,36.0,29.0,41.0,1.0,30,3.0,2,0.0
C2,418,0.28035305177846437,65.19999999999999,37.400000000000006,2,2.4,16.015625,54.0,12.0,41.0,1.0,30,1.0,2,0.0
C2,419,0.7274432654641316,33.099999999999994,21.9,2,1.4,16.015625,25.0,7.0,41.0,1.0,30,1.0,1,0.0
C2,420,0.299178880770122,67.0,38.5,2,8.2,16.015625,57.0,41.0,41.0,1.0,30,3.0,2,0.0
C2,421,0.16244279032216674,120.1,60.8,2,9.0,16.015625,95.0,45.0,41.0,1.0,30,2.0,1,0.0
C2,422,0.10657923465411373,144.1,90.80000000000001,1,13.6,16.40625,88.0,34.0,21.0,1.0,30,2.0,2,0.0
C2,423,-0.06335289031582317,203.3,117.3,1,7.2,16.40625,112.0,18.0,21.0,1.0,30,1.0,2,0.0
C2,424,-0.06927482621058631,207.3,116.9,1,8.4,16.40625,118.0,21.0,21.0,1.0,30,1.0,1,0.0
C2,425,0.1110526315789474,155.79999999999998,96.10000000000001,1,20.8,16.40625,82.0,52.0,21.0,1.0,30,3.0,2,0.0
C2,426,0.02447368421052637,188.70000000000002,106.30000000000001,1,21.2,16.40625,91.0,53.0,21.0,1.0,30,3.0,0,0.0
C2,427,0.2500428470026555,89.80000000000001,49.2,1,11.2,16.40625,42.0,28.0,21.0,1.0,30,3.0,0,0.0
C2,428,0.09913836706030785,151.5,94.3,1,14.8,16.40625,85.0,37.0,21.0,1.0,30,2.0,2,0.0
C2,429,-0.006842105263157872,200.6,112.60000000000001,1,28.4,16.40625,126.0,71.0,21.0,1.0,30,3.0,2,0.0
C2,430,-0.014556171354513786,196.39999999999998,111.4,1,16.4,16.40625,116.0,41.0,21.0,1.0,30,2.0,0,0.0
C2,431,-0.06737172807060432,206.0,121.1,1,8.0,16.40625,101.0,20.0,21.0,1.0,30,1.0,1,0.0
C2,432,-0.03026315789473677,209.5,118.7,1,25.2,16.40625,109.0,63.0,21.0,1.0,30,3.0,1,0.0
C2,433,0.2410493245609745,88.8,48.9,1,8.0,16.40625,45.0,20.0,21.0,1.0,30,2.0,2,0.0
C2,434,-0.017631578947368387,204.7,115.6,1,25.2,16.40625,103.0,63.0,21.0,1.0,30,3.0,0,0.0
C2,435,0.2622275380718549,86.7,49.6,1,12.4,16.40625,47.0,31.0,21.0,1.0,30,3.0,0,0.0
C2,436,0.7523488640701417,33.0,26.700000000000003,1,7.2,16.40625,22.0,18.0,21.0,1.0,30,3.0,0,0.0
C2,437,0.15800412273799297,133.39999999999998,79.69999999999999,1,19.2,16.40625,76.0,48.0,21.0,1.0,30,3.0,1,0.0
C2,438,0.23056699159737615,92.2,51.0,1,7.6,16.40625,43.0,19.0,21.0,1.0,30,2.0,0,0.0
C2,439,-0.036052631578947336,211.7,118.5,1,22.8,16.40625,101.0,57.0,21.0,1.0,30,3.0,1,0.0
C2,440,0.059473684210526345,175.4,101.3,1,21.2,16.40625,92.0,53.0,21.0,1.0,30,3.0,2,0.0
C2,441,0.27903829988710416,79.3,48.4,1,11.6,16.40625,43.0,29.0,21.0,1.0,30,3.0,0,0.0
C2,442,0.8534405798950884,18.2,17.8,1,4.0,16.40625,16.0,10.0,21.0,1.0,30,2.0,1,0.0
C2,443,0.8551053220002116,18.2,17.7,1,4.4,16.40625,13.0,11.0,21.0,1.0,30,3.0,0,0.0
C2,444,0.8500762134230411,18.1,17.7,1,3.2,16.40625,14.0,8.0,21.0,1.0,30,2.0,1,0.0
C2,445,0.7247749019877203,33.7,26.5,1,2.0,16.40625,21.0,5.0,21.0,1.0,30,1.0,2,0.0
C2,446,0.8632336037393085,17.9,17.6,1,6.4,16.40625,19.0,16.0,21.0,1.0,30,3.0,1,0.0
C2,447,0.5783284365275948,50.0,18.3,1,1.2,16.40625,9.0,3.0,21.0,1.0,30,1.0,1,0.0
C2,448,0.2049087634674685,104.80000000000001,65.0,1,9.6,16.40625,56.0,24.0,21.0,1.0,30,2.0,0,0.0
C2,449,0.7308337801316878,33.4,26.4,1,2.8,16.40625,22.0,7.0,21.0,1.0,30,1.0,0,0.0
C2,450,0.14773618506106453,130.70000000000002,80.9,1,12.8,16.40625,73.0,32.0,21.0,1.0,30,2.0,0,0.0
C2,451,0.12165465637088754,131.8,87.6,1,6.4,16.40625,75.0,16.0,21.0,1.0,30,1.0,2,0.0
C2,452,0.17819573393847665,115.5,68.7,1,10.0,16.40625,63.0,25.0,21.0,1.0,30,2.0,2,0.0
C2,453,-0.021315789473684232,206.1,114.7,1,28.0,16.40625,115.0,70.0,21.0,1.0,30,3.0,2,0.0
C2,454,0.18984216410547478,102.8,58.7,1,4.4,16.40625,51.0,11.0,21.0,1.0,30,1.0,1,0.0
C2,455,0.6645151185065423,18.2,17.8,1,2.0,16.40625,11.0,5.0,21.0,1.0,90,1.0,1,0.0
C2,456,-0.2489370220749238,204.6,116.6,1,17.2,16.40625,109.0,43.0,21.0,1.0,90,2.0,1,0.0
C2,457,-0.1033828604322502,143.9,92.2,1,7.6,16.40625,87.0,19.0,21.0,1.0,90,1.0,1,0.0
C2,458,0.6645151185065423,18.2,17.8,1,2.0,16.40625,14.0,5.0,21.0,1.0,90,1.0,0,0.0
C2,459,0.6678637575856803,18.2,17.7,1,5.6,16.40625,14.0,14.0,21.0,1.0,90,3.0,1,0.0
C2,460,0.6666701724931865,18.0,17.6,1,4.4,16.40625,19.0,11.0,21.0,1.0,90,2.0,2,0.0
C2,461,0.5582214290821165,32.800000000000004,26.9,1,8.0,16.40625,24.0,20.0,21.0,1.0,90,3.0,0,0.0
C2,462,0.666289972053633,18.1,17.7,1,4.0,16.40625,16.0,10.0,21.0,1.0,90,2.0,0,0.0
C2,463,0.5551218578879745,32.9,26.700000000000003,1,6.0,16.40625,23.0,15.0,21.0,1.0,90,3.0,2,0.0
C2,464,0.6655552192464198,17.9,17.6,1,3.2,16.40625,13.0,8.0,21.0,1.0,90,2.0,1,0.0
C2,465,0.6645151185065423,18.2,17.5,1,2.0,16.40625,14.0,5.0,21.0,1.0,90,1.0,1,0.0
C2,466,0.5522344167521563,32.800000000000004,25.7,1,2.0,16.40625,25.0,5.0,21.0,1.0,90,1.0,0,0.0
C2,467,0.5503198979365576,33.4,26.5,1,5.6,16.40625,26.0,14.0,21.0,1.0,90,2.0,0,0.0
C2,468,0.5578181912785641,32.9,26.8,1,8.4,16.40625,26.0,21.0,21.0,1.0,90,3.0,0,0.0
C2,469,0.5586346834273989,32.7,27.400000000000002,1,7.6,16.40625,27.0,19.0,21.0,1.0,90,3.0,1,0.0
C2,470,0.5565327937102835,32.599999999999994,26.200000000000003,1,4.8,16.40625,26.0,12.0,21.0,1.0,90,2.0,1,0.0
C2,471,0.5569306079087769,32.599999999999994,26.700000000000003,1,5.2,16.40625,26.0,13.0,21.0,1.0,90,2.0,0,0.0
C2,472,0.45599905087043063,44.2,35.6,1,6.0,16.40625,31.0,15.0,21.0,1.0,90,2.0,2,0.0
C2,473,0.5555830558312943,32.800000000000004,25.7,1,5.6,16.40625,21.0,14.0,21.0,1.0,90,3.0,0,0.0
C2,474,0.5564602488137504,32.7,25.5,1,5.6,16.40625,27.0,14.0,21.0,1.0,90,2.0,2,0.0
C2,475,0.5567832894218583,32.4,28.0,1,3.2,16.40625,27.0,8.0,21.0,1.0,90,1.0,1,0.0
C2,476,0.4420467155539722,45.400000000000006,34.3,1,2.4,16.40625,32.0,6.0,21.0,1.0,90,1.0,2,0.0
C2,477,0.5487256448223319,33.2,27.599999999999998,1,2.0,16.40625,21.0,5.0,21.0,1.0,90,1.0,0,0.0
C2,478,0.5599350050321037,32.5,26.4,1,7.2,16.40625,23.0,18.0,21.0,1.0,90,3.0,2,0.0
C2,479,0.557807800891233,32.5,26.200000000000003,1,5.2,16.40625,24.0,13.0,21.0,1.0,90,2.0,1,0.0
C2,480,0.6645151185065423,17.9,17.6,1,2.0,16.40625,14.0,5.0,21.0,1.0,90,1.0,1,0.0
C2,481,0.05656099171696832,85.5,46.699999999999996,1,12.4,16.40625,42.0,31.0,21.0,1.0,90,3.0,2,0.0
C2,482,0.550880698808976,33.2,25.9,1,4.4,16.40625,20.0,11.0,21.0,1.0,90,2.0,2,0.0
C2,483,0.5510265117305495,32.9,26.599999999999998,1,1.6,16.40625,20.0,4.0,21.0,1.0,90,1.0,1,0.0
C2,484,0.5459021415818892,33.6,27.5,1,2.8,16.40625,28.0,7.0,21.0,1.0,90,1.0,0,0.0
C2,485,0.6659183675801024,18.0,17.7,1,3.6,16.40625,15.0,9.0,21.0,1.0,90,2.0,1,0.0
C2,486,0.8551053220002116,17.9,17.7,1,4.4,16.40625,18.0,11.0,21.0,1.0,30,2.0,2,0.0
C2,487,0.7444770335244522,32.800000000000004,25.9,1,4.8,16.40625,23.0,12.0,21.0,1.0,30,2.0,0,0.0
C2,488,0.843222663187408,18.2,17.8,1,1.6,16.40625,15.0,4.0,21.0,1.0,30,1.0,1,0.0
C2,489,0.8616357506885648,18.1,17.7,1,6.0,16.40625,15.0,15.0,21.0,1.0,30,3.0,1,0.0
C2,490,-0.032108570175867546,192.6,113.60000000000001,1,8.0,16.40625,117.0,20.0,21.0,1.0,30,1.0,2,0.0
C2,491,-0.06074662668155492,207.9,117.9,1,11.2,16.40625,154.0,28.0,21.0,1.0,30,1.0,0,0.0
C2,492,0.08688278107106037,146.8,93.2,1,7.6,16.40625,89.0,19.0,21.0,1.0,30,1.0,1,0.0
C2,493,0.3110933073868498,61.6,43.8,1,7.6,16.40625,49.0,19.0,21.0,1.0,30,2.0,1,0.0
C2,494,0.8449503405842114,19.7,17.9,1,2.0,16.40625,9.0,5.0,21.0,1.0,30,2.0,0,0.0
C2,495,0.6317109731141439,44.699999999999996,34.0,1,2.8,16.40625,38.0,7.0,21.0,1.0,30,1.0,1,0.0
C2,496,-0.0011424900321433396,194.20000000000002,109.8,1,19.6,16.40625,119.0,49.0,21.0,1.0,30,2.0,1,0.0
C2,497,0.5764824755510887,33.4,25.9,1,2.0,16.40625,24.0,5.0,21.0,1.0,70,1.0,2,0.0
C2,498,0.6940263352002114,18.1,17.7,1,2.0,16.40625,6.0,5.0,21.0,1.0,70,2.0,2,0.0
C2,499,0.6931327226609154,18.0,17.7,1,1.6,16.40625,13.0,4.0,21.0,1.0,70,1.0,0,0.0
C2,500,0.4290954344073689,50.0,17.8,1,1.2,16.40625,9.0,3.0,21.0,1.0,70,1.0,1,0.0
C2,501,0.6996909593573912,18.2,17.8,1,4.4,16.40625,19.0,11.0,21.0,1.0,70,2.0,0,0.0
C2,502,0.6949342494879829,19.5,18.0,1,2.4,16.40625,19.0,6.0,21.0,1.0,70,1.0,1,0.0
C2,503,0.7006861961390762,18.2,17.7,1,4.8,16.40625,19.0,12.0,21.0,1.0,70,2.0,1,0.0
C2,504,0.7027210189426429,18.1,17.7,1,5.6,16.40625,16.0,14.0,21.0,1.0,70,3.0,0,0.0
C2,505,0.6949342494879829,18.3,17.7,1,2.4,16.40625,14.0,6.0,21.0,1.0,70,1.0,1,0.0
C2,506,0.11225761391041851,80.9,48.5,1,11.6,16.40625,44.0,29.0,21.0,1.0,70,3.0,1,0.0
C2,507,0.6949342494879829,18.2,17.8,1,2.4,16.40625,15.0,6.0,21.0,1.0,70,1.0,2,0.0
C2,508,0.583530740716053,32.7,25.7,1,2.4,16.40625,26.0,6.0,21.0,1.0,70,1.0,2,0.0
C2,509,0.502805585513702,43.4,35.0,1,7.6,16.40625,30.0,19.0,21.0,1.0,70,3.0,2,0.0
C2,510,0.8449503405842114,18.8,17.8,1,2.0,16.40625,9.0,5.0,21.0,1.0,30,2.0,2,0.0
C2,511,0.7452393977134413,32.9,26.200000000000003,1,5.2,16.40625,28.0,13.0,21.0,1.0,30,2.0,2,0.0
C2,512,0.7491985160200103,33.0,27.0,1,6.4,16.40625,21.0,16.0,21.0,1.0,30,3.0,0,0.0
C2,513,0.8500762134230411,18.8,17.9,1,3.2,16.40625,14.0,8.0,21.0,1.0,30,2.0,0,0.0
C2,514,0.5783284365275948,50.0,17.9,1,1.2,16.40625,9.0,3.0,21.0,1.0,30,1.0,0,0.0
C2,515,0.8551053220002116,18.2,17.8,1,4.4,16.40625,13.0,11.0,21.0,1.0,30,3.0,0,0.0
C2,516,0.580064768450566,50.0,18.0,1,1.6,16.40625,9.0,4.0,21.0,1.0,30,1.0,2,0.0
C2,517,0.8567577352788383,18.1,17.8,1,4.8,16.40625,14.0,12.0,21.0,1.0,30,3.0,0,0.0
C2,518,0.7334653590790563,33.099999999999994,28.5,1,2.8,16.40625,22.0,7.0,21.0,1.0,30,1.0,0,0.0
C2,519,0.7334653590790563,33.099999999999994,25.8,1,2.8,16.40625,22.0,7.0,21.0,1.0,30,1.0,0,0.0
C2,520,0.8551053220002116,18.5,17.9,1,4.4,16.40625,12.0,11.0,21.0,1.0,30,3.0,1,0.0
C2,521,0.12543645733627773,146.1,86.4,1,19.6,17.1875,80.0,49.0,22.0,1.0,30,3.0,2,0.0
C2,522,0.6570140266253632,44.900000000000006,35.2,1,9.6,16.40625,32.0,24.0,21.0,1.0,30,3.0,0,0.0
C2,523,0.05074332002607303,84.2,51.7,1,4.8,16.40625,45.0,12.0,21.0,1.0,90,1.0,0,0.0
C2,524,0.05276047284326034,83.0,47.1,1,3.6,16.40625,44.0,9.0,21.0,1.0,90,1.0,0,0.0
C2,525,0.5441477556169769,33.8,26.4,1,2.8,16.40625,26.0,7.0,21.0,1.0,90,1.0,1,0.0
C2,526,0.5573034260847353,32.800000000000004,25.8,1,7.2,16.40625,26.0,18.0,21.0,1.0,90,3.0,1,0.0
C2,527,0.5534218359789522,33.0,26.4,1,5.2,16.40625,26.0,13.0,21.0,1.0,90,2.0,1,0.0
C2,528,0.5446782945013406,33.7,26.200000000000003,1,2.4,16.40625,26.0,6.0,21.0,1.0,90,1.0,2,0.0
C2,529,0.5557636562641594,32.599999999999994,27.0,1,4.0,16.40625,20.0,10.0,21.0,1.0,90,2.0,2,0.0
C2,530,0.4898661270436168,40.2,33.300000000000004,1,4.8,16.40625,35.0,12.0,21.0,1.0,90,1.0,2,0.0
C2,531,0.4515959357699731,44.8,34.8,1,6.8,16.40625,34.0,17.0,21.0,1.0,90,2.0,1,0.0
C2,532,0.5511652994766261,33.0,27.2,1,2.8,16.40625,25.0,7.0,21.0,1.0,90,1.0,0,0.0
C2,533,0.026407014598449782,93.3,49.9,1,4.4,16.40625,44.0,11.0,21.0,1.0,90,1.0,2,0.0
C2,534,0.5577574904449427,32.800000000000004,27.2,1,7.6,16.40625,21.0,19.0,21.0,1.0,90,3.0,2,0.0
C2,535,0.5448657360011551,33.8,28.1,1,3.6,16.40625,29.0,9.0,21.0,1.0,90,1.0,0,0.0
C2,536,0.42529729648446574,47.7,35.3,1,6.0,16.40625,30.0,15.0,21.0,1.0,90,2.0,2,0.0
C2,537,0.5515959357699731,33.4,27.7,1,6.8,16.40625,22.0,17.0,21.0,1.0,90,3.0,1,0.0
C2,538,0.666289972053633,18.2,17.9,1,4.0,16.40625,17.0,10.0,21.0,1.0,90,2.0,1,0.0
C2,539,0.5560534149263208,32.7,26.599999999999998,1,5.2,16.40625,25.0,13.0,21.0,1.0,90,2.0,0,0.0
C2,540,0.6670591094997571,18.5,18.0,1,4.8,16.40625,14.0,12.0,21.0,1.0,90,3.0,1,0.0
C2,541,0.6670591094997571,18.2,17.8,1,4.8,16.40625,17.0,12.0,21.0,1.0,90,2.0,2,0.0
C2,542,0.5542275147173416,33.099999999999994,27.0,1,6.8,16.40625,20.0,17.0,21.0,1.0,90,3.0,2,0.0
C2,543,0.6682797526248165,18.0,17.9,1,6.0,16.40625,17.0,15.0,21.0,1.0,90,3.0,1,0.0
C2,544,0.5773903898388602,33.4,26.1,1,2.4,16.40625,20.0,6.0,21.0,1.0,70,1.0,1,0.0
C2,545,0.6977445678438781,18.4,17.7,1,3.6,16.40625,16.0,9.0,21.0,1.0,70,2.0,1,0.0
C2,546,0.6931327226609154,19.400000000000002,17.8,1,1.6,16.40625,13.0,4.0,21.0,1.0,70,1.0,1,0.0
C2,547,0.4564424157621849,47.4,34.4,1,3.2,16.40625,32.0,8.0,21.0,1.0,70,1.0,2,0.0
C2,548,0.7006861961390762,18.2,17.8,1,4.8,16.40625,14.0,12.0,21.0,1.0,70,3.0,0,0.0
C2,549,0.5914020767417723,33.300000000000004,26.5,1,7.6,16.40625,24.0,19.0,21.0,1.0,70,3.0,2,0.0
C2,550,0.6931327226609154,18.3,17.8,1,1.6,16.40625,10.0,4.0,21.0,1.0,70,1.0,0,0.0
C2,551,0.5756052825686324,33.5,26.700000000000003,1,2.0,16.40625,29.0,5.0,21.0,1.0,70,1.0,0,0.0
C2,552,0.6949342494879829,18.2,17.8,1,2.4,16.40625,9.0,6.0,21.0,1.0,70,2.0,1,0.0
C2,553,0.6931327226609154,18.1,17.6,1,1.6,16.40625,13.0,4.0,21.0,1.0,70,1.0,2,0.0
C2,554,0.6967932929551672,18.2,17.6,1,3.2,16.40625,12.0,8.0,21.0,1.0,70,2.0,0,0.0
C2,555,0.4828854560304492,45.3,36.4,1,6.4,16.40625,30.0,16.0,21.0,1.0,70,2.0,0,0.0
C2,556,0.7006861961390762,18.0,17.6,1,4.8,16.40625,14.0,12.0,21.0,1.0,70,3.0,0,0.0
C2,557,0.6977445678438781,17.9,17.6,1,3.6,16.40625,10.0,9.0,21.0,1.0,70,3.0,2,0.0
C2,558,0.6967932929551672,18.1,17.7,1,3.2,16.40625,9.0,8.0,21.0,1.0,70,3.0,0,0.0
C2,559,0.6949342494879829,18.0,17.7,1,2.4,16.40625,10.0,6.0,21.0,1.0,70,2.0,1,0.0
C2,560,0.6977445678438781,18.3,17.8,1,3.6,16.40625,14.0,9.0,21.0,1.0,70,2.0,2,0.0
C2,561,0.6987104359868719,18.599999999999998,17.9,1,4.0,16.40625,16.0,10.0,21.0,1.0,70,2.0,2,0.0
C2,562,0.6931327226609154,18.0,17.8,1,1.6,16.40625,10.0,4.0,21.0,1.0,70,1.0,0,0.0
C2,563,0.6996909593573912,18.4,17.8,1,4.4,16.40625,12.0,11.0,21.0,1.0,70,3.0,1,0.0
C2,564,0.4290954344073689,50.0,18.0,1,1.2,16.40625,8.0,3.0,21.0,1.0,70,1.0,1,0.0
C2,565,0.6940263352002114,18.3,17.7,1,2.0,16.40625,9.0,5.0,21.0,1.0,70,2.0,2,0.0
C2,566,0.6977445678438781,18.1,17.9,1,3.6,16.40625,15.0,9.0,21.0,1.0,70,2.0,2,0.0
C2,567,0.6940263352002114,18.3,17.8,1,2.0,16.40625,16.0,5.0,21.0,1.0,70,1.0,1,0.0
C2,568,0.6977445678438781,18.1,17.8,1,3.6,16.40625,10.0,9.0,21.0,1.0,70,3.0,1,0.0
C2,569,0.4290954344073689,50.0,17.7,1,1.2,16.40625,9.0,3.0,21.0,1.0,70,1.0,1,0.0
C2,570,0.695856543421489,18.3,17.8,1,2.8,16.40625,11.0,7.0,21.0,1.0,70,2.0,0,0.0
C2,571,0.7027210189426429,18.4,18.1,1,5.6,16.40625,16.0,14.0,21.0,1.0,70,3.0,2,0.0
C2,572,0.6645151185065423,19.099999999999998,18.0,1,2.0,16.40625,13.0,5.0,21.0,1.0,90,1.0,2,0.0
C2,573,0.6641844064673916,18.4,18.0,1,1.6,16.40625,7.0,4.0,21.0,1.0,90,2.0,1,0.0
C2,574,0.6655552192464198,18.3,17.8,1,3.2,16.40625,12.0,8.0,21.0,1.0,90,2.0,0,0.0
C2,575,0.6490642594136211,21.8,18.0,1,2.4,16.40625,9.0,6.0,21.0,1.0,90,2.0,1,0.0
C2,576,0.6670591094997571,18.3,18.0,1,4.8,16.40625,14.0,12.0,21.0,1.0,90,3.0,1,0.0
C2,577,0.6666701724931865,18.2,17.8,1,4.4,16.40625,12.0,11.0,21.0,1.0,90,3.0,2,0.0
C2,578,0.6652003871959242,18.0,17.7,1,2.8,16.40625,7.0,7.0,21.0,1.0,90,3.0,2,0.0
C2,579,0.6645151185065423,18.1,17.6,1,2.0,16.40625,6.0,5.0,21.0,1.0,90,3.0,1,0.0
C2,580,0.6641844064673916,18.2,17.8,1,1.6,16.40625,6.0,4.0,21.0,1.0,90,2.0,2,0.0
C2,581,-0.23551596944334485,199.5,114.7,1,17.2,16.40625,219.0,43.0,21.0,1.0,90,1.0,1,0.0
C2,582,0.6641844064673916,17.8,17.7,1,1.6,16.40625,11.0,4.0,21.0,1.0,90,1.0,2,0.0
C2,583,0.6655552192464198,18.1,17.6,1,3.2,16.40625,10.0,8.0,21.0,1.0,90,3.0,1,0.0
C2,584,0.6652003871959242,17.9,17.7,1,2.8,16.40625,9.0,7.0,21.0,1.0,90,2.0,1,0.0
C2,585,0.40070356569969146,50.0,17.8,1,1.2,16.40625,8.0,3.0,21.0,1.0,90,1.0,2,0.0
C2,586,0.6645151185065423,18.0,17.7,1,2.0,16.40625,16.0,5.0,21.0,1.0,90,1.0,2,0.0
C2,587,0.6645151185065423,19.2,17.9,1,2.0,16.40625,9.0,5.0,21.0,1.0,90,2.0,2,0.0
C2,588,0.6652003871959242,18.2,17.8,1,2.8,16.40625,7.0,7.0,21.0,1.0,90,3.0,1,0.0
C2,589,0.6638614604365336,18.1,17.7,1,1.2,16.40625,6.0,3.0,21.0,1.0,90,2.0,1,0.0
C2,590,0.6659183675801024,19.5,17.8,1,3.6,16.40625,9.0,9.0,21.0,1.0,90,3.0,2,0.0
C2,591,0.596665234636509,32.7,26.8,1,7.6,16.40625,25.0,19.0,21.0,1.0,70,3.0,2,0.0
C2,592,0.6905175632703868,20.400000000000002,18.0,1,2.0,16.40625,8.0,5.0,21.0,1.0,70,2.0,0,0.0
C2,593,0.7006861961390762,18.4,17.9,1,4.8,16.40625,13.0,12.0,21.0,1.0,70,3.0,1,0.0
C2,594,0.4282301737168955,50.0,17.6,1,0.8,16.40625,3.0,2.0,21.0,1.0,70,3.0,2,0.0
C2,595,0.6949342494879829,18.3,17.8,1,2.4,16.40625,7.0,6.0,21.0,1.0,70,3.0,1,0.0
C2,596,0.5920569942061391,33.099999999999994,26.9,1,7.2,16.40625,25.0,18.0,21.0,1.0,70,3.0,2,0.0
C2,597,0.695856543421489,18.0,17.5,1,2.8,16.40625,8.0,7.0,21.0,1.0,70,3.0,2,0.0
C2,598,0.6940263352002114,18.0,17.6,1,2.0,16.40625,7.0,5.0,21.0,1.0,70,2.0,0,0.0
C2,599,0.6931327226609154,17.8,17.7,1,1.6,16.40625,10.0,4.0,21.0,1.0,70,1.0,1,0.0
C2,600,0.695856543421489,17.9,17.6,1,2.8,16.40625,7.0,7.0,21.0,1.0,70,3.0,2,0.0
C2,601,0.6940263352002114,18.1,17.7,1,2.0,16.40625,16.0,5.0,21.0,1.0,70,1.0,0,0.0
C2,602,0.6987104359868719,18.0,17.6,1,4.0,16.40625,15.0,10.0,21.0,1.0,70,2.0,2,0.0
C2,603,0.4282301737168955,50.0,17.9,1,0.8,16.40625,7.0,2.0,21.0,1.0,70,1.0,0,0.0
C2,604,0.4290954344073689,50.0,17.7,1,1.2,16.40625,6.0,3.0,21.0,1.0,70,1.0,0,0.0
C2,605,0.6931327226609154,18.1,17.7,1,1.6,16.40625,11.0,4.0,21.0,1.0,70,1.0,0,0.0
C2,606,0.6996909593573912,18.2,17.8,1,4.4,16.40625,17.0,11.0,21.0,1.0,70,2.0,0,0.0
C2,607,0.4290954344073689,50.0,17.7,1,1.2,16.40625,6.0,3.0,21.0,1.0,70,1.0,1,0.0
C2,608,0.6987104359868719,18.0,17.7,1,4.0,16.40625,9.0,10.0,21.0,1.0,70,3.0,0,0.0
C2,609,0.4282301737168955,50.0,18.0,1,0.8,16.40625,4.0,2.0,21.0,1.0,70,2.0,0,0.0
C2,610,0.6940263352002114,18.2,17.8,1,2.0,16.40625,5.0,5.0,21.0,1.0,70,2.0,0,0.0
C2,611,0.5950729395639036,33.4,26.8,1,9.2,16.40625,28.0,23.0,21.0,1.0,70,3.0,1,0.0
C2,612,0.6949342494879829,18.1,17.8,1,2.4,16.40625,8.0,6.0,21.0,1.0,70,2.0,0,0.0
C2,613,0.6940263352002114,18.2,17.8,1,2.0,16.40625,5.0,5.0,21.0,1.0,70,3.0,2,0.0
C2,614,0.6861315983581062,20.9,18.0,1,2.0,16.40625,8.0,5.0,21.0,1.0,70,2.0,1,0.0
C2,615,0.6940263352002114,18.1,17.7,1,2.0,16.40625,6.0,5.0,21.0,1.0,70,2.0,2,0.0
C2,616,0.6996909593573912,18.1,17.6,1,4.4,16.40625,17.0,11.0,21.0,1.0,70,2.0,0,0.0
C2,617,0.695856543421489,17.8,17.5,1,2.8,16.40625,12.0,7.0,21.0,1.0,70,2.0,2,0.0
C2,618,0.6940263352002114,18.2,17.7,1,2.0,16.40625,6.0,5.0,21.0,1.0,70,2.0,1,0.0
C2,619,0.6940263352002114,18.1,17.7,1,2.0,16.40625,9.0,5.0,21.0,1.0,70,2.0,0,0.0
C2,620,0.695856543421489,18.2,17.9,1,2.8,16.40625,7.0,7.0,21.0,1.0,70,3.0,0,0.0
C2,621,0.6949342494879829,18.8,17.8,1,2.4,16.40625,19.0,6.0,21.0,1.0,70,1.0,1,0.0
C2,622,0.692253329144211,18.0,17.6,1,1.2,16.40625,5.0,3.0,21.0,1.0,70,2.0,1,0.0
C2,623,-0.20014839015876423,207.4,117.6,1,17.6,16.40625,104.0,44.0,21.0,1.0,70,2.0,2,0.0
C2,624,0.009123664867645653,105.2,60.6,1,15.2,16.40625,53.0,38.0,21.0,1.0,90,3.0,0,0.0
C2,625,0.6666701724931865,18.3,17.7,1,4.4,16.40625,12.0,11.0,21.0,1.0,90,3.0,1,0.0
C2,626,-0.27959142304628476,212.79999999999998,118.0,1,11.6,16.40625,146.0,29.0,21.0,1.0,90,1.0,0,0.0
C2,627,-0.056466419360177406,127.8,68.9,1,11.2,16.40625,60.0,28.0,21.0,1.0,90,2.0,0,0.0
C2,628,-0.03227763324639207,118.4,66.10000000000001,1,10.8,16.40625,61.0,27.0,21.0,1.0,90,2.0,0,0.0
C2,629,0.8466688412521486,18.1,17.7,1,2.4,16.40625,10.0,6.0,21.0,1.0,30,2.0,2,0.0
C2,630,0.19518067075074932,116.7,72.6,1,16.4,16.40625,63.0,41.0,21.0,1.0,30,3.0,0,0.0
C2,631,0.09744809002496296,141.6,87.7,1,6.8,16.40625,80.0,17.0,21.0,1.0,30,1.0,1,0.0
C2,632,0.19201402662536324,109.7,60.8,1,9.6,16.40625,52.0,24.0,21.0,1.0,30,2.0,0,0.0
C2,633,-0.03985122707427105,206.8,116.9,1,17.2,16.40625,112.0,43.0,21.0,1.0,30,2.0,2,0.0
C2,634,-0.00842105263157894,201.2,117.8,1,20.8,16.40625,120.0,52.0,21.0,1.0,30,2.0,0,0.0
C2,635,-0.06739462957053854,209.9,121.5,1,10.8,16.40625,118.0,27.0,21.0,1.0,30,1.0,2,0.0
C2,636,0.029736842105263228,186.70000000000002,106.89999999999999,1,24.4,16.40625,99.0,61.0,21.0,1.0,30,3.0,0,0.0
C2,637,-0.006158193191396044,195.1,111.69999999999999,1,18.4,16.40625,114.0,46.0,21.0,1.0,30,2.0,1,0.0
C2,638,-0.007248069579462474,184.29999999999998,101.1,1,8.8,16.40625,97.0,22.0,21.0,1.0,30,1.0,1,0.0
C2,639,0.23609330738684986,90.1,47.5,1,7.6,16.40625,47.0,19.0,21.0,1.0,30,2.0,2,0.0
C2,640,0.8551053220002116,18.1,17.7,1,4.4,16.40625,17.0,11.0,21.0,1.0,30,2.0,0,0.0
C2,641,0.062105263157894816,171.2,87.6,2,34.4,16.015625,261.0,172.0,41.0,1.0,30,3.0,0,0.0
C2,642,0.23926732963593336,86.5,42.8,2,6.0,16.015625,64.0,30.0,41.0,1.0,30,2.0,1,0.0
C2,643,0.18049848666626553,105.39999999999999,50.6,2,3.8,16.015625,72.0,19.0,41.0,1.0,30,1.0,0,0.0
C2,644,0.7209411248720332,35.2,25.3,2,4.2,16.015625,38.0,21.0,41.0,1.0,30,2.0,2,0.0
C2,645,0.1852826851582463,103.9,60.6,2,4.0,16.015625,103.0,20.0,41.0,1.0,30,1.0,1,0.0
C2,646,0.1674737430528432,111.3,63.1,2,4.4,16.015625,112.0,22.0,41.0,1.0,30,1.0,1,0.0
C2,647,0.7425318493533435,32.800000000000004,25.7,1,6.4,16.40625,23.0,16.0,21.0,1.0,30,3.0,2,0.0
C2,648,0.07631578947368423,169.0,98.5,1,20.8,16.40625,91.0,52.0,21.0,1.0,30,3.0,0,0.0
C2,649,0.19497623981870454,102.1,62.7,1,5.2,16.40625,58.0,13.0,21.0,1.0,30,1.0,1,0.0
C2,650,0.7535844809322911,32.5,26.5,1,6.4,16.40625,20.0,16.0,21.0,1.0,30,3.0,2,0.0
C2,651,0.8616357506885648,18.1,17.8,1,6.0,16.40625,17.0,15.0,21.0,1.0,30,3.0,2,0.0
C2,652,0.5765839711106497,50.0,17.8,1,0.8,16.40625,6.0,2.0,21.0,1.0,30,1.0,2,0.0
C2,653,0.8449503405842114,18.1,17.7,1,2.0,16.40625,8.0,5.0,21.0,1.0,30,2.0,2,0.0
C2,654,0.5765839711106497,50.0,18.1,1,0.8,16.40625,4.0,2.0,21.0,1.0,30,1.0,2,0.0
C2,655,0.8282836739175448,21.9,18.3,1,2.0,16.40625,10.0,5.0,21.0,1.0,30,1.0,1,0.0
C2,656,0.8600234727923319,18.0,17.6,1,5.6,16.40625,15.0,14.0,21.0,1.0,30,3.0,0,0.0
C2,657,0.8466688412521486,18.0,17.6,1,2.4,16.40625,8.0,6.0,21.0,1.0,30,2.0,0,0.0
C2,658,0.5783284365275948,50.0,17.7,1,1.2,16.40625,5.0,3.0,21.0,1.0,30,1.0,1,0.0
C2,659,0.8500762134230411,18.3,17.6,1,3.2,16.40625,9.0,8.0,21.0,1.0,30,3.0,0,0.0
C2,660,0.5765839711106497,50.0,17.7,1,0.8,16.40625,4.0,2.0,21.0,1.0,30,1.0,2,0.0
C2,661,0.6220055335638699,47.5,35.1,1,6.4,16.40625,33.0,16.0,21.0,1.0,30,2.0,0,0.0
C2,662,0.5783284365275948,50.0,17.4,1,1.2,16.40625,7.0,3.0,21.0,1.0,30,1.0,2,0.0
C2,663,0.5783284365275948,50.0,17.6,1,1.2,16.40625,8.0,3.0,21.0,1.0,30,1.0,1,0.0
C2,664,0.5765839711106497,50.0,17.9,1,0.8,16.40625,4.0,2.0,21.0,1.0,30,1.0,1,0.0
C2,665,0.843222663187408,18.5,17.7,1,1.6,16.40625,6.0,4.0,21.0,1.0,30,2.0,0,0.0
C2,666,0.8567577352788383,18.1,17.8,1,4.8,16.40625,14.0,12.0,21.0,1.0,30,3.0,1,0.0
C2,667,0.8483776397808107,18.0,17.6,1,2.8,16.40625,8.0,7.0,21.0,1.0,30,3.0,2,0.0
C2,668,0.8466688412521486,18.0,17.8,1,2.4,16.40625,7.0,6.0,21.0,1.0,30,3.0,2,0.0
C2,669,0.8449503405842114,17.9,17.6,1,2.0,16.40625,7.0,5.0,21.0,1.0,30,2.0,0,0.0
C2,670,0.8388547523170686,20.299999999999997,18.0,1,1.2,16.40625,4.0,3.0,21.0,1.0,30,3.0,2,0.0
C2,671,0.21954989763356753,89.6,47.199999999999996,1,3.2,16.40625,42.0,8.0,21.0,1.0,30,1.0,1,0.0
C2,672,0.8500762134230411,18.1,17.8,1,3.2,16.40625,10.0,8.0,21.0,1.0,30,3.0,2,0.0
C2,673,0.8483776397808107,18.1,17.8,1,2.8,16.40625,12.0,7.0,21.0,1.0,30,2.0,1,0.0
C2,674,0.8466688412521486,18.2,17.6,1,2.4,16.40625,17.0,6.0,21.0,1.0,30,1.0,1,0.0
C2,675,0.8551053220002116,18.1,17.8,1,4.4,16.40625,19.0,11.0,21.0,1.0,30,2.0,2,0.0
C2,676,0.7642752947663554,29.0,25.1,1,1.6,16.40625,21.0,4.0,21.0,1.0,30,1.0,0,0.0
C2,677,0.8632336037393085,17.9,17.6,1,6.4,16.40625,17.0,16.0,21.0,1.0,30,3.0,1,0.0
C2,678,0.8600234727923319,18.0,17.7,1,5.6,16.40625,16.0,14.0,21.0,1.0,30,3.0,2,0.0
C2,679,0.7435998405419961,32.9,26.599999999999998,1,4.8,16.40625,21.0,12.0,21.0,1.0,30,2.0,0,0.0
C2,680,0.6916024201607529,39.199999999999996,32.5,1,5.6,16.40625,31.0,14.0,21.0,1.0,30,2.0,2,0.0
C2,681,0.18655518718712558,105.30000000000001,61.800000000000004,1,5.2,16.40625,58.0,13.0,21.0,1.0,30,1.0,0,0.0
C2,682,0.843222663187408,19.400000000000002,17.8,1,1.6,16.40625,14.0,4.0,21.0,1.0,30,1.0,1,0.0
C2,683,0.6111437001911189,48.0,35.4,1,4.8,16.40625,38.0,12.0,21.0,1.0,30,1.0,2,0.0
C2,684,0.7454561991931941,32.5,26.3,1,4.4,16.40625,24.0,11.0,21.0,1.0,30,2.0,1,0.0
C2,685,0.8449503405842114,18.5,17.7,1,2.0,16.40625,18.0,5.0,21.0,1.0,30,1.0,1,0.0
C2,686,0.562418047328932,44.900000000000006,35.4,1,7.6,16.40625,37.0,19.0,21.0,1.0,50,2.0,2,0.0
C2,687,0.6667901851906595,33.6,27.3,1,8.8,16.40625,26.0,22.0,21.0,1.0,50,3.0,0,0.0
C2,688,0.5738158319458637,44.4,35.0,1,9.2,16.40625,32.0,23.0,21.0,1.0,50,3.0,2,0.0
C2,689,0.5207779996523876,47.9,34.0,1,4.0,16.40625,36.0,10.0,21.0,1.0,50,1.0,2,0.0
C2,690,0.12612958527448648,102.8,60.5,1,10.0,16.40625,57.0,25.0,21.0,1.0,50,2.0,1,0.0
C2,691,0.18901150959032498,82.3,45.900000000000006,1,12.0,16.40625,49.0,30.0,21.0,1.0,50,3.0,2,0.0
C2,692,0.1301735599158973,92.7,58.7,1,4.8,16.40625,53.0,12.0,21.0,1.0,50,1.0,2,0.0
C2,693,0.7573373474871592,18.1,17.6,1,2.0,16.40625,6.0,5.0,21.0,1.0,50,2.0,2,0.0
C2,694,0.758951238880883,18.4,17.8,1,2.4,16.40625,6.0,6.0,21.0,1.0,50,3.0,2,0.0
C2,695,0.5761389526504841,41.4,34.8,1,3.6,16.40625,33.0,9.0,21.0,1.0,50,1.0,2,0.0
C2,696,0.5668825120524624,43.8,34.3,1,6.4,16.40625,37.0,16.0,21.0,1.0,50,2.0,1,0.0
C2,697,0.7605761873560926,18.2,17.7,1,2.8,16.40625,19.0,7.0,21.0,1.0,50,1.0,2,0.0
C2,698,0.6589877752103572,33.300000000000004,26.599999999999998,1,6.4,16.40625,20.0,16.0,21.0,1.0,50,3.0,2,0.0
C2,699,0.6676997243919967,32.7,25.8,1,7.2,16.40625,24.0,18.0,21.0,1.0,50,3.0,0,0.0
C2,700,0.758951238880883,18.4,17.8,1,2.4,16.40625,19.0,6.0,21.0,1.0,50,1.0,1,0.0
C2,701,0.083862191071324,135.9,92.60000000000001,1,20.0,16.40625,80.0,50.0,21.0,1.0,50,3.0,0,0.0
C2,702,0.7557347567600108,18.0,17.7,1,1.6,16.40625,13.0,4.0,21.0,1.0,50,1.0,1,0.0
C2,703,0.2847335350872903,72.2,41.7,1,8.0,16.40625,45.0,20.0,21.0,1.0,30,2.0,2,0.0
C2,704,0.8534405798950884,18.0,17.7,1,4.0,16.40625,16.0,10.0,21.0,1.0,30,2.0,1,0.0
C2,705,0.7553388668972032,32.300000000000004,25.5,1,6.4,16.40625,23.0,16.0,21.0,1.0,30,3.0,0,0.0
C2,706,0.6659183675801024,17.9,17.8,1,3.6,16.40625,16.0,9.0,21.0,1.0,90,2.0,2,0.0
C2,707,0.666289972053633,18.4,17.9,1,4.0,16.40625,16.0,10.0,21.0,1.0,90,2.0,1,0.0
C2,708,0.5513776913518786,33.099999999999994,28.299999999999997,1,4.0,16.40625,21.0,10.0,21.0,1.0,90,2.0,0,0.0
C2,709,0.5555830558312943,32.800000000000004,27.2,1,5.6,16.40625,22.0,14.0,21.0,1.0,90,2.0,2,0.0
C2,710,0.666289972053633,18.2,17.6,1,4.0,16.40625,12.0,10.0,21.0,1.0,90,3.0,0,0.0
C2,711,0.5595078228002552,32.4,25.2,1,6.0,16.40625,23.0,15.0,21.0,1.0,90,2.0,1,0.0
C2,712,0.4259186272784722,47.199999999999996,34.3,1,2.0,16.40625,30.0,5.0,21.0,1.0,90,1.0,0,0.0
C2,713,0.6641844064673916,19.900000000000002,17.8,1,1.6,16.40625,12.0,4.0,21.0,1.0,90,1.0,1,0.0
C2,714,0.6687050510671897,17.8,17.5,1,6.4,16.40625,18.0,16.0,21.0,1.0,90,3.0,0,0.0
C2,715,0.6648537330978317,17.9,17.6,1,2.4,16.40625,15.0,6.0,21.0,1.0,90,1.0,0,0.0
C2,716,0.5730951240380295,30.5,26.1,1,2.8,16.40625,21.0,7.0,21.0,1.0,90,1.0,0,0.0
C2,717,0.5586346834273989,32.7,26.1,1,7.6,16.40625,24.0,19.0,21.0,1.0,90,3.0,1,0.0
C2,718,0.5429239085364284,33.9,25.9,1,2.4,16.40625,27.0,6.0,21.0,1.0,90,1.0,0,0.0
C2,719,0.5531320773167909,32.9,27.799999999999997,1,4.0,16.40625,21.0,10.0,21.0,1.0,90,2.0,2,0.0
C2,720,0.5573034260847353,32.800000000000004,27.2,1,7.2,16.40625,20.0,18.0,21.0,1.0,90,3.0,1,0.0
C2,721,-0.02646850373982612,114.5,69.3,1,7.2,16.40625,50.0,18.0,21.0,1.0,90,2.0,2,0.0
C2,722,0.42360766496277463,48.2,34.8,1,8.4,16.40625,31.0,21.0,21.0,1.0,90,3.0,1,0.0
C2,723,0.5557636562641594,32.599999999999994,26.3,1,4.0,16.40625,21.0,10.0,21.0,1.0,90,2.0,2,0.0
C2,724,0.5543274173083581,32.599999999999994,25.7,1,2.4,16.40625,23.0,6.0,21.0,1.0,90,1.0,0,0.0
C2,725,0.6395235557771453,33.8,27.2,1,2.8,16.40625,22.0,7.0,21.0,1.0,50,1.0,1,0.0
C2,726,0.6565084466431226,33.0,27.7,1,5.2,16.40625,26.0,13.0,21.0,1.0,50,2.0,0,0.0
C2,727,0.5256965665467106,48.300000000000004,36.3,1,6.0,16.40625,32.0,15.0,21.0,1.0,50,2.0,1,0.0
C2,728,0.5483772354546356,47.300000000000004,35.6,1,9.2,16.40625,35.0,23.0,21.0,1.0,50,3.0,0,0.0
C2,729,0.5502505395863521,48.099999999999994,35.8,1,11.2,16.40625,35.0,28.0,21.0,1.0,50,3.0,1,0.0
C2,730,0.5756032694850128,44.6,35.1,1,10.0,16.40625,34.0,25.0,21.0,1.0,50,3.0,2,0.0
C2,731,0.10896233307103967,118.2,72.1,1,15.2,16.40625,64.0,38.0,21.0,1.0,50,3.0,2,0.0
C2,732,0.5528895490028509,45.199999999999996,34.9,1,6.0,16.40625,31.0,15.0,21.0,1.0,50,2.0,2,0.0
C2,733,0.7375614623510887,33.4,27.7,1,4.4,16.40625,21.0,11.0,21.0,1.0,30,2.0,1,0.0
C2,734,0.23352637463179055,86.2,50.4,1,4.4,16.40625,42.0,11.0,21.0,1.0,30,1.0,1,0.0
C2,735,0.6567045058683012,45.1,34.9,1,10.0,16.40625,36.0,25.0,21.0,1.0,30,3.0,1,0.0
C2,736,0.7525672790525715,33.5,27.0,1,8.4,16.40625,27.0,21.0,21.0,1.0,30,3.0,2,0.0
C2,737,0.6680122998289293,44.6,34.4,1,12.0,16.40625,38.0,30.0,21.0,1.0,30,3.0,1,0.0
C2,738,0.8466688412521486,18.1,17.7,1,2.4,16.40625,17.0,6.0,21.0,1.0,30,1.0,2,0.0
C2,739,0.7528037105258867,33.300000000000004,26.700000000000003,1,8.0,16.40625,27.0,20.0,21.0,1.0,30,3.0,0,0.0
C2,740,0.7516586163407524,32.9,25.9,1,6.8,16.40625,23.0,17.0,21.0,1.0,30,3.0,0,0.0
C2,741,0.6514361409468532,45.199999999999996,35.1,1,8.8,16.40625,33.0,22.0,21.0,1.0,30,3.0,1,0.0
C2,742,0.6087815785859264,47.7,35.5,1,3.6,16.40625,33.0,9.0,21.0,1.0,30,1.0,0,0.0
C2,743,0.6456897440901856,44.8,35.1,1,6.4,16.40625,31.0,16.0,21.0,1.0,30,2.0,2,0.0
C2,744,0.8449503405842114,18.0,17.7,1,2.0,16.40625,15.0,5.0,21.0,1.0,30,1.0,0,0.0
C2,745,0.5956236838490843,49.2,34.6,1,3.6,16.40625,36.0,9.0,21.0,1.0,30,1.0,2,0.0
C2,746,0.6342201750771543,44.8,34.4,1,3.6,16.40625,35.0,9.0,21.0,1.0,30,1.0,1,0.0
C2,747,0.7382218538537921,33.7,27.0,1,5.2,16.40625,28.0,13.0,21.0,1.0,30,2.0,0,0.0
C2,748,0.7569532439648523,33.0,27.099999999999998,1,8.4,16.40625,26.0,21.0,21.0,1.0,30,3.0,2,0.0
C2,749,0.6098813647236527,48.7,35.8,1,6.0,16.40625,34.0,15.0,21.0,1.0,30,2.0,1,0.0
C2,750,0.7390990468362484,33.6,28.400000000000002,1,5.2,16.40625,24.0,13.0,21.0,1.0,30,2.0,2,0.0
C2,751,0.6131675434982071,47.199999999999996,33.6,1,3.6,16.40625,35.0,9.0,21.0,1.0,30,1.0,2,0.0
C2,752,0.3160933073868498,59.7,44.1,1,7.6,16.40625,40.0,19.0,21.0,1.0,30,2.0,2,0.0
C2,753,0.8449503405842114,18.2,17.7,1,2.0,16.40625,18.0,5.0,21.0,1.0,30,1.0,2,0.0
C2,754,0.8517640347262772,18.3,17.8,1,3.6,16.40625,14.0,9.0,21.0,1.0,30,2.0,0,0.0
C2,755,0.7525358093232084,32.800000000000004,26.8,1,6.8,16.40625,24.0,17.0,21.0,1.0,30,3.0,2,0.0
C2,756,0.749027037393384,33.2,26.0,1,6.8,16.40625,21.0,17.0,21.0,1.0,30,3.0,1,0.0
C2,757,0.660813292049367,44.3,35.0,1,9.2,16.40625,32.0,23.0,21.0,1.0,30,3.0,0,0.0
C2,758,0.75498044301751,32.7,25.9,1,7.2,16.40625,27.0,18.0,21.0,1.0,30,3.0,1,0.0
C2,759,0.7256520949701764,33.6,26.200000000000003,1,2.0,16.40625,21.0,5.0,21.0,1.0,30,1.0,1,0.0
C2,760,0.8583972924502834,18.1,17.9,1,5.2,16.40625,15.0,13.0,21.0,1.0,30,3.0,2,0.0
C2,761,0.26767442595002394,83.1,49.3,1,11.2,16.40625,43.0,28.0,21.0,1.0,30,3.0,1,0.0
C2,762,0.6026412277087334,48.4,37.6,1,3.6,16.40625,36.0,9.0,21.0,1.0,30,1.0,1,0.0
C2,763,0.8567577352788383,18.1,17.7,1,4.8,16.40625,19.0,12.0,21.0,1.0,30,2.0,0,0.0
C2,764,0.6043956136736457,48.2,36.4,1,3.6,16.40625,39.0,9.0,21.0,1.0,30,1.0,2,0.0
C2,765,0.7459883850730336,33.0,27.2,1,5.6,16.40625,20.0,14.0,21.0,1.0,30,3.0,2,0.0
C2,766,0.7554352894732552,33.0,27.0,1,8.0,16.40625,21.0,20.0,21.0,1.0,30,3.0,1,0.0
C2,767,0.8616357506885648,18.2,17.8,1,6.0,16.40625,17.0,15.0,21.0,1.0,30,3.0,0,0.0
C2,768,0.8449503405842114,19.0,17.9,1,2.0,16.40625,7.0,5.0,21.0,1.0,30,2.0,0,0.0
C2,769,0.841486331264437,18.1,17.8,1,1.2,16.40625,10.0,3.0,21.0,1.0,30,1.0,0,0.0
C2,770,0.7326696388298255,32.800000000000004,26.5,1,2.0,16.40625,22.0,5.0,21.0,1.0,30,1.0,0,0.0
C2,771,0.7595848229122206,32.7,26.8,1,8.4,16.40625,27.0,21.0,21.0,1.0,30,3.0,0,0.0
C2,772,0.8291608669000008,21.8,18.0,1,2.0,16.40625,7.0,5.0,21.0,1.0,30,2.0,1,0.0
C2,773,0.6641844064673916,18.2,17.8,1,1.6,16.40625,11.0,4.0,21.0,1.0,90,1.0,2,0.0
C2,774,0.4000804301987622,50.0,17.8,1,0.4,16.40625,1.0,1.0,21.0,1.0,90,2.0,1,0.0
C2,775,0.40070356569969146,50.0,17.8,1,1.2,16.40625,3.0,3.0,21.0,1.0,90,2.0,1,0.0
C2,776,0.8600234727923319,18.2,17.9,1,5.6,16.40625,17.0,14.0,21.0,1.0,30,3.0,2,0.0
C2,777,0.843222663187408,18.4,17.6,1,1.6,16.40625,6.0,4.0,21.0,1.0,30,2.0,2,0.0
C2,778,0.5748318922081663,50.0,17.8,1,0.4,16.40625,1.0,1.0,21.0,1.0,30,2.0,1,0.0
C2,779,0.8551053220002116,18.1,17.7,1,4.4,16.40625,12.0,11.0,21.0,1.0,30,3.0,1,0.0
C2,780,0.5765839711106497,50.0,18.1,1,0.8,16.40625,3.0,2.0,21.0,1.0,30,1.0,2,0.0
C2,781,0.7511969966099661,20.7,18.0,1,2.0,16.40625,15.0,5.0,21.0,1.0,50,1.0,2,0.0
C2,782,0.7605761873560926,18.0,17.8,1,2.8,16.40625,12.0,7.0,21.0,1.0,50,2.0,0,0.0
C2,783,0.4894065094559651,50.0,17.8,1,0.8,16.40625,3.0,2.0,21.0,1.0,50,1.0,1,0.0
C2,784,0.4894065094559651,50.0,18.1,1,0.8,16.40625,2.0,2.0,21.0,1.0,50,2.0,0,0.0
C2,785,0.7541437003574938,18.4,18.0,1,1.2,16.40625,10.0,3.0,21.0,1.0,50,1.0,0,0.0
C2,786,0.4909858056206518,50.0,17.9,1,1.2,16.40625,9.0,3.0,21.0,1.0,50,1.0,2,0.0
C2,787,0.7573373474871592,18.4,17.6,1,2.0,16.40625,5.0,5.0,21.0,1.0,50,3.0,0,0.0
C2,788,0.7622119447177791,18.8,18.0,1,3.2,16.40625,8.0,8.0,21.0,1.0,50,3.0,1,0.0
C2,789,0.4894065094559651,50.0,17.8,1,0.8,16.40625,3.0,2.0,21.0,1.0,50,1.0,2,0.0
C2,790,0.4894065094559651,50.0,17.8,1,0.8,16.40625,3.0,2.0,21.0,1.0,50,1.0,0,0.0
C2,791,0.6703014556228104,32.800000000000004,27.599999999999998,1,8.0,16.40625,26.0,20.0,21.0,1.0,50,3.0,1,0.0
C2,792,0.7557347567600108,18.3,17.8,1,1.6,16.40625,6.0,4.0,21.0,1.0,50,2.0,1,0.0
C2,793,0.7557347567600108,18.1,17.7,1,1.6,16.40625,5.0,4.0,21.0,1.0,50,2.0,1,0.0
C2,794,0.7605761873560926,18.2,17.8,1,2.8,16.40625,10.0,7.0,21.0,1.0,50,2.0,0,0.0
C2,795,0.4894065094559651,50.0,17.9,1,0.8,16.40625,2.0,2.0,21.0,1.0,50,2.0,2,0.0
C2,796,0.7541437003574938,19.3,17.9,1,1.2,16.40625,11.0,3.0,21.0,1.0,50,1.0,0,0.0
C2,797,0.7605761873560926,18.3,17.9,1,2.8,16.40625,7.0,7.0,21.0,1.0,50,3.0,0,0.0
C2,798,0.4894065094559651,50.0,17.9,1,0.8,16.40625,3.0,2.0,21.0,1.0,50,2.0,2,0.0
C2,799,0.4894065094559651,50.0,17.8,1,0.8,16.40625,2.0,2.0,21.0,1.0,50,2.0,0,0.0
C2,800,0.49257686202316864,50.0,17.8,1,1.6,16.40625,3.0,4.0,21.0,1.0,50,3.0,0,0.0
C2,801,0.763858250896098,18.1,17.7,1,3.6,16.40625,14.0,9.0,21.0,1.0,50,2.0,1,0.0
C2,802,0.4909858056206518,50.0,17.9,1,1.2,16.40625,4.0,3.0,21.0,1.0,50,2.0,0,0.0
C2,803,0.4894065094559651,50.0,17.6,1,0.8,16.40625,4.0,2.0,21.0,1.0,50,1.0,1,0.0
C2,804,-2.1715000873395223,1000,1000,1,0.8,16.40625,1.0,2.0,21.0,0.0,50,1.0,2,0.0
C2,805,0.4894065094559651,50.0,17.6,1,0.8,16.40625,3.0,2.0,21.0,1.0,50,1.0,0,0.0
C2,806,0.763858250896098,18.8,17.8,1,3.6,16.40625,13.0,9.0,21.0,1.0,50,2.0,1,0.0
C2,807,0.7573373474871592,18.2,17.8,1,2.0,16.40625,8.0,5.0,21.0,1.0,50,2.0,2,0.0
C2,808,0.7573373474871592,18.9,18.0,1,2.0,16.40625,4.0,5.0,21.0,1.0,50,3.0,2,0.0
C2,809,0.758951238880883,18.1,17.8,1,2.4,16.40625,7.0,6.0,21.0,1.0,50,3.0,0,0.0
C2,810,0.4909858056206518,50.0,18.0,1,1.2,16.40625,2.0,3.0,21.0,1.0,50,3.0,0,0.0
C2,811,0.7541437003574938,19.900000000000002,17.7,1,1.2,16.40625,14.0,3.0,21.0,1.0,50,1.0,0,0.0
C2,812,0.4909858056206518,50.0,18.0,1,1.2,16.40625,6.0,3.0,21.0,1.0,50,1.0,1,0.0
C2,813,0.4894065094559651,50.0,17.8,1,0.8,16.40625,6.0,2.0,21.0,1.0,50,1.0,0,0.0
C2,814,0.4909858056206518,50.0,17.7,1,1.2,16.40625,2.0,3.0,21.0,1.0,50,3.0,1,0.0
C2,815,0.7557347567600108,18.1,17.7,1,1.6,16.40625,4.0,4.0,21.0,1.0,50,3.0,1,0.0
C2,816,0.768857770442213,18.1,17.7,1,4.8,16.40625,12.0,12.0,21.0,1.0,50,3.0,1,0.0
C2,817,0.7573373474871592,18.2,17.7,1,2.0,16.40625,7.0,5.0,21.0,1.0,50,2.0,2,0.0
C2,818,0.7573373474871592,18.2,17.6,1,2.0,16.40625,6.0,5.0,21.0,1.0,50,2.0,0,0.0
C2,819,0.4909858056206518,50.0,17.6,1,1.2,16.40625,2.0,3.0,21.0,1.0,50,3.0,2,0.0
C2,820,0.4909858056206518,50.0,17.7,1,1.2,16.40625,6.0,3.0,21.0,1.0,50,1.0,1,0.0
C2,821,0.14769572011664078,98.0,56.9,1,12.0,16.40625,53.0,30.0,21.0,1.0,50,3.0,0,0.0
C2,822,0.770543534362421,18.1,17.7,1,5.2,16.40625,15.0,13.0,21.0,1.0,50,3.0,1,0.0
C2,823,0.6670591094997571,18.0,17.7,1,4.8,16.40625,14.0,12.0,21.0,1.0,90,3.0,1,0.0
C2,824,0.6641844064673916,19.099999999999998,17.8,1,1.6,16.40625,4.0,4.0,21.0,1.0,90,3.0,1,0.0
C2,825,0.6638614604365336,18.1,17.8,1,1.2,16.40625,4.0,3.0,21.0,1.0,90,3.0,2,0.0
C2,826,0.6531116097346124,21.3,17.8,1,2.0,16.40625,16.0,5.0,21.0,1.0,90,1.0,2,0.0
C2,827,0.40070356569969146,50.0,18.3,1,1.2,16.40625,3.0,3.0,21.0,1.0,90,2.0,2,0.0
C2,828,0.4003882500542819,50.0,17.8,1,0.8,16.40625,1.0,2.0,21.0,1.0,90,3.0,2,0.0
C2,829,0.6678637575856803,18.0,17.7,1,5.6,16.40625,16.0,14.0,21.0,1.0,90,3.0,0,0.0
C2,830,0.6652003871959242,18.599999999999998,17.8,1,2.8,16.40625,13.0,7.0,21.0,1.0,90,2.0,1,0.0
C2,831,0.038774998332555266,91.39999999999999,48.599999999999994,1,10.8,16.40625,45.0,27.0,21.0,1.0,90,3.0,2,0.0
C2,832,0.6648537330978317,18.1,17.6,1,2.4,16.40625,12.0,6.0,21.0,1.0,90,2.0,0,0.0
C2,833,0.5522344167521563,32.800000000000004,26.8,1,2.0,16.40625,22.0,5.0,21.0,1.0,90,1.0,2,0.0
C2,834,0.40102651173054954,50.0,17.7,1,1.6,16.40625,8.0,4.0,21.0,1.0,90,1.0,1,0.0
C2,835,0.6641844064673916,18.0,17.6,1,1.6,16.40625,5.0,4.0,21.0,1.0,90,2.0,2,0.0
C2,836,0.5499414523960775,33.099999999999994,27.3,1,2.4,16.40625,23.0,6.0,21.0,1.0,90,1.0,0,0.0
C2,837,0.40070356569969146,50.0,17.7,1,1.2,16.40625,8.0,3.0,21.0,1.0,90,1.0,1,0.0
C2,838,0.6652003871959242,18.2,17.7,1,2.8,16.40625,7.0,7.0,21.0,1.0,90,3.0,1,0.0
C2,839,0.843222663187408,18.1,17.6,1,1.6,16.40625,7.0,4.0,21.0,1.0,30,2.0,2,0.0
C2,840,0.8483776397808107,18.2,17.8,1,2.8,16.40625,10.0,7.0,21.0,1.0,30,2.0,1,0.0
C2,841,0.8534405798950884,18.1,17.7,1,4.0,16.40625,18.0,10.0,21.0,1.0,30,2.0,0,0.0
C2,842,0.8466688412521486,18.4,17.8,1,2.4,16.40625,9.0,6.0,21.0,1.0,30,2.0,2,0.0
C2,843,0.5765839711106497,50.0,17.6,1,0.8,16.40625,4.0,2.0,21.0,1.0,30,2.0,2,0.0
C2,844,0.8534405798950884,17.8,17.6,1,4.0,16.40625,16.0,10.0,21.0,1.0,30,2.0,0,0.0
C2,845,0.8274064809350887,22.0,17.9,1,2.0,16.40625,18.0,5.0,21.0,1.0,30,1.0,1,0.0
C2,846,0.7375614623510887,33.4,25.7,1,4.4,16.40625,22.0,11.0,21.0,1.0,30,2.0,2,0.0
C2,847,0.8500762134230411,19.400000000000002,17.9,1,3.2,16.40625,13.0,8.0,21.0,1.0,30,2.0,0,0.0
C2,848,0.8616357506885648,17.8,17.5,1,6.0,16.40625,17.0,15.0,21.0,1.0,30,3.0,0,0.0
C2,849,0.843222663187408,18.700000000000003,17.6,1,1.6,16.40625,14.0,4.0,21.0,1.0,30,1.0,2,0.0
C2,850,0.8534405798950884,18.1,18.0,1,4.0,16.40625,17.0,10.0,21.0,1.0,30,2.0,2,0.0
C2,851,0.6686561686871351,43.9,34.4,1,10.4,16.40625,37.0,26.0,21.0,1.0,30,3.0,0,0.0
C2,852,0.8449503405842114,18.2,17.8,1,2.0,16.40625,13.0,5.0,21.0,1.0,30,1.0,1,0.0
C2,853,0.8600234727923319,18.0,17.6,1,5.6,16.40625,16.0,14.0,21.0,1.0,30,3.0,0,0.0
C2,854,0.8600234727923319,18.2,17.9,1,5.6,16.40625,16.0,14.0,21.0,1.0,30,3.0,0,0.0
C2,855,0.5783284365275948,50.0,17.6,1,1.2,16.40625,7.0,3.0,21.0,1.0,30,1.0,0,0.0
C2,856,0.756076050982396,33.099999999999994,26.8,1,8.4,16.40625,26.0,21.0,21.0,1.0,30,3.0,1,0.0
C2,857,0.8517640347262772,18.0,17.6,1,3.6,16.40625,15.0,9.0,21.0,1.0,30,2.0,0,0.0
C2,858,0.8405643756719308,20.5,17.9,1,2.0,16.40625,9.0,5.0,21.0,1.0,30,2.0,2,0.0
C2,859,0.5783284365275948,50.0,17.7,1,1.2,16.40625,8.0,3.0,21.0,1.0,30,1.0,1,0.0
C2,860,0.8517640347262772,18.3,17.9,1,3.6,16.40625,14.0,9.0,21.0,1.0,30,2.0,2,0.0
C2,861,0.23688278107106037,89.80000000000001,52.1,1,7.6,16.40625,41.0,19.0,21.0,1.0,30,2.0,0,0.0
C2,862,0.8567577352788383,18.3,17.7,1,4.8,16.40625,13.0,12.0,21.0,1.0,30,3.0,1,0.0
C2,863,0.7483213230375543,33.099999999999994,26.4,1,6.4,16.40625,20.0,16.0,21.0,1.0,30,3.0,1,0.0
C2,864,0.843222663187408,18.700000000000003,17.9,1,1.6,16.40625,14.0,4.0,21.0,1.0,30,1.0,0,0.0
C2,865,0.7497172851227734,33.300000000000004,27.2,1,7.2,16.40625,21.0,18.0,21.0,1.0,30,3.0,1,0.0
C2,866,0.7514716710876856,33.099999999999994,27.400000000000002,1,7.2,16.40625,24.0,18.0,21.0,1.0,30,3.0,1,0.0
C2,867,0.8466688412521486,18.2,17.8,1,2.4,16.40625,10.0,6.0,21.0,1.0,30,2.0,2,0.0
C2,868,0.7247749019877203,33.7,26.599999999999998,1,2.0,16.40625,20.0,5.0,21.0,1.0,30,1.0,0,0.0
C2,869,0.6218340549372436,47.7,34.0,1,6.8,16.40625,32.0,17.0,21.0,1.0,30,2.0,1,0.0
C2,870,0.8551053220002116,18.4,18.2,1,4.4,16.40625,18.0,11.0,21.0,1.0,30,2.0,2,0.0
C2,871,0.15681834508186243,116.6,68.6,1,5.2,16.40625,54.0,13.0,21.0,1.0,30,1.0,1,0.0
C2,872,0.7514716710876856,33.099999999999994,27.3,1,7.2,16.40625,23.0,18.0,21.0,1.0,30,3.0,0,0.0
C2,873,0.8483776397808107,18.2,17.8,1,2.8,16.40625,11.0,7.0,21.0,1.0,30,2.0,2,0.0
C2,874,0.8534405798950884,18.2,17.8,1,4.0,16.40625,17.0,10.0,21.0,1.0,30,2.0,0,0.0
C2,875,0.8466688412521486,18.5,17.8,1,2.4,16.40625,18.0,6.0,21.0,1.0,30,1.0,0,0.0
C2,876,0.7264478152194072,33.9,27.7,1,2.8,16.40625,22.0,7.0,21.0,1.0,30,1.0,2,0.0
C2,877,0.8648165110775945,18.3,17.9,1,6.8,16.40625,19.0,17.0,21.0,1.0,30,3.0,0,0.0
C2,878,0.8449503405842114,18.3,17.9,1,2.0,16.40625,18.0,5.0,21.0,1.0,30,1.0,0,0.0
C2,879,0.843222663187408,18.3,17.8,1,1.6,16.40625,13.0,4.0,21.0,1.0,30,1.0,0,0.0
C2,880,0.7256520949701764,33.6,25.3,1,2.0,16.40625,20.0,5.0,21.0,1.0,30,1.0,2,0.0
C2,881,0.5991324557789088,48.800000000000004,36.0,1,3.6,16.40625,31.0,9.0,21.0,1.0,30,1.0,0,0.0
C2,882,0.7470857061754048,33.6,26.599999999999998,1,7.2,16.40625,23.0,18.0,21.0,1.0,30,3.0,2,0.0
C2,883,0.841486331264437,18.1,17.9,1,1.2,16.40625,10.0,3.0,21.0,1.0,30,1.0,2,0.0
C2,884,0.6316551607914622,44.900000000000006,36.7,1,3.2,16.40625,33.0,8.0,21.0,1.0,30,1.0,0,0.0
C2,885,0.843222663187408,17.9,17.7,1,1.6,16.40625,11.0,4.0,21.0,1.0,30,1.0,0,0.0
C2,886,0.8648165110775945,18.2,17.7,1,6.8,16.40625,19.0,17.0,21.0,1.0,30,3.0,2,0.0
C2,887,0.8551053220002116,18.2,17.8,1,4.4,16.40625,17.0,11.0,21.0,1.0,30,2.0,2,0.0
C2,888,0.8534405798950884,18.1,17.7,1,4.0,16.40625,11.0,10.0,21.0,1.0,30,3.0,2,0.0
C2,889,0.843222663187408,18.1,17.6,1,1.6,16.40625,12.0,4.0,21.0,1.0,30,1.0,0,0.0
C2,890,0.8632336037393085,18.0,17.8,1,6.4,16.40625,18.0,16.0,21.0,1.0,30,3.0,0,0.0
C2,891,0.7387741044100431,32.300000000000004,26.4,1,2.4,16.40625,20.0,6.0,21.0,1.0,30,1.0,1,0.0
C2,892,0.8449503405842114,18.0,17.7,1,2.0,16.40625,8.0,5.0,21.0,1.0,30,2.0,2,0.0
C2,893,0.841486331264437,18.1,17.7,1,1.2,16.40625,11.0,3.0,21.0,1.0,30,1.0,2,0.0
C2,894,0.5783284365275948,50.0,17.6,1,1.2,16.40625,8.0,3.0,21.0,1.0,30,1.0,1,0.0
C2,895,0.8483776397808107,18.2,17.8,1,2.8,16.40625,8.0,7.0,21.0,1.0,30,3.0,0,0.0
C2,896,0.8616357506885648,18.4,17.9,1,6.0,16.40625,16.0,15.0,21.0,1.0,30,3.0,1,0.0
C2,897,0.843222663187408,18.3,17.9,1,1.6,16.40625,12.0,4.0,21.0,1.0,30,1.0,2,0.0
C2,898,0.5748318922081663,50.0,17.7,1,0.4,16.40625,3.0,1.0,21.0,1.0,30,1.0,2,0.0
C2,899,0.8483776397808107,18.1,17.8,1,2.8,16.40625,10.0,7.0,21.0,1.0,30,2.0,0,0.0
C2,900,0.8449503405842114,18.0,17.7,1,2.0,16.40625,6.0,5.0,21.0,1.0,30,3.0,0,0.0
C2,901,0.8500762134230411,19.099999999999998,17.8,1,3.2,16.40625,13.0,8.0,21.0,1.0,30,2.0,0,0.0
C2,902,0.5765839711106497,50.0,17.8,1,0.8,16.40625,4.0,2.0,21.0,1.0,30,2.0,1,0.0
C2,903,0.5765839711106497,50.0,17.7,1,0.8,16.40625,2.0,2.0,21.0,1.0,30,2.0,1,0.0
C2,904,0.5765839711106497,50.0,17.8,1,0.8,16.40625,3.0,2.0,21.0,1.0,30,2.0,0,0.0
C2,905,0.5783284365275948,50.0,18.3,1,1.2,16.40625,4.0,3.0,21.0,1.0,30,2.0,1,0.0
C2,906,0.8449503405842114,18.1,17.6,1,2.0,16.40625,9.0,5.0,21.0,1.0,30,2.0,1,0.0
C2,907,0.843222663187408,18.1,17.6,1,1.6,16.40625,4.0,4.0,21.0,1.0,30,3.0,2,0.0
C2,908,0.5783284365275948,50.0,17.7,1,1.2,16.40625,4.0,3.0,21.0,1.0,30,2.0,1,0.0
C2,909,0.5765839711106497,50.0,17.7,1,0.8,16.40625,5.0,2.0,21.0,1.0,30,1.0,1,0.0
C2,910,0.5748318922081663,50.0,18.2,1,0.4,16.40625,2.0,1.0,21.0,1.0,30,1.0,1,0.0
C2,911,0.8466688412521486,19.400000000000002,17.8,1,2.4,16.40625,16.0,6.0,21.0,1.0,30,1.0,0,0.0
C2,912,0.8449503405842114,18.1,17.7,1,2.0,16.40625,6.0,5.0,21.0,1.0,30,2.0,1,0.0
C2,913,0.5783284365275948,50.0,17.5,1,1.2,16.40625,3.0,3.0,21.0,1.0,30,3.0,0,0.0
C2,914,0.5765839711106497,50.0,17.6,1,0.8,16.40625,4.0,2.0,21.0,1.0,30,1.0,1,0.0
C2,915,0.580064768450566,50.0,17.5,1,1.6,16.40625,3.0,4.0,21.0,1.0,30,3.0,2,0.0
C2,916,0.843222663187408,18.4,17.7,1,1.6,16.40625,11.0,4.0,21.0,1.0,30,1.0,2,0.0
C2,917,0.843222663187408,18.0,17.7,1,1.6,16.40625,6.0,4.0,21.0,1.0,30,2.0,1,0.0
C2,918,0.5748318922081663,50.0,17.8,1,0.4,16.40625,1.0,1.0,21.0,1.0,30,3.0,2,0.0
C2,919,0.5765839711106497,50.0,17.8,1,0.8,16.40625,3.0,2.0,21.0,1.0,30,1.0,1,0.0
C2,920,0.841486331264437,18.1,17.7,1,1.2,16.40625,4.0,3.0,21.0,1.0,30,3.0,0,0.0
C2,921,0.8567577352788383,18.2,17.7,1,4.8,16.40625,13.0,12.0,21.0,1.0,30,3.0,2,0.0
C2,922,0.5783284365275948,50.0,17.8,1,1.2,16.40625,4.0,3.0,21.0,1.0,30,2.0,1,0.0
C2,923,0.5783284365275948,50.0,17.7,1,1.2,16.40625,4.0,3.0,21.0,1.0,30,2.0,1,0.0
C2,924,0.5783284365275948,50.0,17.7,1,1.2,16.40625,4.0,3.0,21.0,1.0,30,2.0,1,0.0
C2,925,0.5765839711106497,50.0,18.0,1,0.8,16.40625,4.0,2.0,21.0,1.0,30,1.0,0,0.0
C2,926,0.843222663187408,18.4,17.8,1,1.6,16.40625,12.0,4.0,21.0,1.0,30,1.0,1,0.0
C2,927,0.5748318922081663,50.0,17.9,1,0.4,16.40625,4.0,1.0,21.0,1.0,30,1.0,0,0.0
C2,928,0.5765839711106497,50.0,18.2,1,0.8,16.40625,2.0,2.0,21.0,1.0,30,1.0,1,0.0
C2,929,0.843222663187408,18.3,17.8,1,1.6,16.40625,7.0,4.0,21.0,1.0,30,2.0,1,0.0
C2,930,0.5748318922081663,50.0,17.9,1,0.4,16.40625,2.0,1.0,21.0,1.0,30,2.0,1,0.0
C2,931,0.5971548205450756,32.9,26.9,1,8.4,16.40625,28.0,21.0,21.0,1.0,70,3.0,2,0.0
C2,932,0.6940263352002114,17.9,17.7,1,2.0,16.40625,5.0,5.0,21.0,1.0,70,3.0,2,0.0
C2,933,0.4282301737168955,50.0,18.1,1,0.8,16.40625,2.0,2.0,21.0,1.0,70,2.0,2,0.0
C2,934,-2.232676423078592,1000,1000,1,0.8,16.40625,1.0,2.0,21.0,0.0,70,1.0,2,0.0
C2,935,0.6949342494879829,18.2,17.8,1,2.4,16.40625,7.0,6.0,21.0,1.0,70,2.0,0,0.0
C2,936,0.6977445678438781,17.8,17.6,1,3.6,16.40625,10.0,9.0,21.0,1.0,70,3.0,1,0.0
C2,937,0.8449503405842114,17.9,17.5,1,2.0,16.40625,6.0,5.0,21.0,1.0,30,2.0,0,0.0
C2,938,0.841486331264437,18.0,17.6,1,1.2,16.40625,5.0,3.0,21.0,1.0,30,2.0,0,0.0
C2,939,0.5783284365275948,50.0,17.4,1,1.2,16.40625,2.0,3.0,21.0,1.0,30,2.0,1,0.0
C2,940,0.5783284365275948,50.0,17.9,1,1.2,16.40625,2.0,3.0,21.0,1.0,30,3.0,0,0.0
C2,941,-0.15275020994382754,186.70000000000002,87.3,4,54.5,15.8203125,489.0,545.0,81.0,1.0,30,3.0,0,0.0
C2,942,0.3778947368421053,51.2,36.1,5,27.12,15.78125,492.0,339.0,101.0,1.0,30,3.0,1,0.0
C2,943,0.6082862898429902,49.6,35.0,5,7.6,15.78125,192.0,95.0,101.0,1.0,30,2.0,2,0.0
C2,944,0.5751828921203381,50.0,17.7,5,0.48,15.78125,3.0,6.0,101.0,1.0,30,2.0,2,0.0
C2,945,0.5751828921203381,50.0,17.6,5,0.48,15.78125,3.0,6.0,101.0,1.0,30,2.0,0,0.0
C2,946,0.8400913845177764,18.1,17.8,5,0.88,15.78125,10.0,11.0,101.0,1.0,30,3.0,0,0.0
C2,947,0.8404405944984672,18.0,17.6,5,0.96,15.78125,11.0,12.0,101.0,1.0,30,3.0,1,0.0
C2,948,0.5567577352788382,39.800000000000004,28.1,2,4.8,16.015625,47.0,24.0,41.0,1.0,30,2.0,1,0.0
C2,949,0.5699073838960158,50.0,17.8,1,1.2,16.40625,7.0,3.0,21.0,1.0,30,1.0,2,0.0
C2,950,0.841486331264437,17.9,17.6,1,1.2,16.40625,5.0,3.0,21.0,1.0,30,2.0,2,0.0
C2,951,0.7449690840218983,33.300000000000004,27.5,1,6.0,16.40625,29.0,15.0,21.0,1.0,30,2.0,2,0.0
C2,952,0.8449503405842114,18.2,17.7,1,2.0,16.40625,5.0,5.0,21.0,1.0,30,3.0,0,0.0
C2,953,0.8534405798950884,18.1,17.9,1,4.0,16.40625,17.0,10.0,21.0,1.0,30,2.0,2,0.0
C2,954,0.6530231319482533,44.5,35.7,1,7.6,16.40625,35.0,19.0,21.0,1.0,30,2.0,2,0.0
C2,955,0.8449503405842114,18.1,17.6,1,2.0,16.40625,7.0,5.0,21.0,1.0,30,2.0,0,0.0
C2,956,0.8567577352788383,18.3,17.9,1,4.8,16.40625,13.0,12.0,21.0,1.0,30,3.0,0,0.0
C2,957,0.5783284365275948,50.0,18.2,1,1.2,16.40625,5.0,3.0,21.0,1.0,30,1.0,1,0.0
C2,958,0.5765839711106497,50.0,17.7,1,0.8,16.40625,2.0,2.0,21.0,1.0,30,3.0,0,0.0
C2,959,0.816880165145615,23.2,18.3,1,2.0,16.40625,7.0,5.0,21.0,1.0,30,2.0,1,0.0
C2,960,0.7255706222369509,34.0,26.1,1,2.8,16.40625,23.0,7.0,21.0,1.0,30,1.0,1,0.0
C2,961,0.8534405798950884,18.1,17.7,1,4.0,16.40625,15.0,10.0,21.0,1.0,30,2.0,0,0.0
C2,962,0.6638614604365336,18.1,17.7,1,1.2,16.40625,5.0,3.0,21.0,1.0,90,2.0,0,0.0
C2,963,0.40070356569969146,50.0,17.6,1,1.2,16.40625,2.0,3.0,21.0,1.0,90,2.0,0,0.0
C2,964,0.6641844064673916,17.9,17.6,1,1.6,16.40625,5.0,4.0,21.0,1.0,90,2.0,2,0.0
C2,965,0.5586953842610203,32.800000000000004,26.4,1,8.4,16.40625,27.0,21.0,21.0,1.0,90,3.0,0,0.0
C2,966,0.6648537330978317,18.2,17.7,1,2.4,16.40625,9.0,6.0,21.0,1.0,90,2.0,0,0.0
C2,967,0.6648537330978317,18.2,17.8,1,2.4,16.40625,6.0,6.0,21.0,1.0,90,3.0,2,0.0
C2,968,0.6655552192464198,18.2,17.7,1,3.2,16.40625,14.0,8.0,21.0,1.0,90,2.0,2,0.0
C2,969,0.4003882500542819,50.0,17.8,1,0.8,16.40625,6.0,2.0,21.0,1.0,90,1.0,0,0.0
C2,970,0.6597984415551108,20.5,18.0,1,1.6,16.40625,8.0,4.0,21.0,1.0,90,2.0,2,0.0
C2,971,-0.06274931778312692,130.39999999999998,83.1,1,11.6,16.40625,72.0,29.0,21.0,1.0,90,2.0,1,0.0
C2,972,0.4000804301987622,50.0,18.2,1,0.4,16.40625,3.0,1.0,21.0,1.0,90,1.0,0,0.0
C2,973,0.6652003871959242,19.099999999999998,17.9,1,2.8,16.40625,6.0,7.0,21.0,1.0,90,3.0,0,0.0
C2,974,0.4003882500542819,50.0,17.9,1,0.8,16.40625,4.0,2.0,21.0,1.0,90,1.0,2,0.0
C2,975,0.40102651173054954,50.0,17.7,1,1.6,16.40625,3.0,4.0,21.0,1.0,90,3.0,1,0.0
C2,976,0.05650538678415591,85.3,48.4,1,12.0,16.40625,49.0,30.0,21.0,1.0,90,3.0,0,0.0
C2,977,0.6655552192464198,18.0,17.7,1,3.2,16.40625,8.0,8.0,21.0,1.0,90,3.0,1,0.0
C2,978,0.4003882500542819,50.0,17.5,1,0.8,16.40625,2.0,2.0,21.0,1.0,90,2.0,2,0.0
C2,979,0.4003882500542819,50.0,18.4,1,0.8,16.40625,3.0,2.0,21.0,1.0,90,1.0,0,0.0
C2,980,0.6645151185065423,18.3,17.7,1,2.0,16.40625,6.0,5.0,21.0,1.0,90,3.0,1,0.0
C2,981,0.6641844064673916,19.0,17.7,1,1.6,16.40625,11.0,4.0,21.0,1.0,90,1.0,0,0.0
C2,982,0.5503198979365576,33.4,26.8,1,5.6,16.40625,25.0,14.0,21.0,1.0,90,2.0,2,0.0
C2,983,0.6641844064673916,18.1,17.7,1,1.6,16.40625,7.0,4.0,21.0,1.0,90,2.0,0,0.0
C2,984,0.4003882500542819,50.0,17.6,1,0.8,16.40625,3.0,2.0,21.0,1.0,90,2.0,1,0.0
C2,985,0.5510060868783481,33.099999999999994,28.1,1,3.6,16.40625,20.0,9.0,21.0,1.0,90,2.0,1,0.0
C2,986,0.5560534149263208,32.7,26.4,1,5.2,16.40625,25.0,13.0,21.0,1.0,90,2.0,1,0.0
C2,987,0.4283560576636827,47.5,34.8,1,7.2,16.40625,39.0,18.0,21.0,1.0,90,2.0,2,0.0
C2,988,0.6641844064673916,18.1,17.8,1,1.6,16.40625,12.0,4.0,21.0,1.0,90,1.0,2,0.0
C2,989,0.6645151185065423,18.1,17.7,1,2.0,16.40625,5.0,5.0,21.0,1.0,90,3.0,0,0.0
C2,990,0.4003882500542819,50.0,17.6,1,0.8,16.40625,2.0,2.0,21.0,1.0,90,2.0,1,0.0
C2,991,0.6652003871959242,18.3,17.7,1,2.8,16.40625,13.0,7.0,21.0,1.0,90,2.0,0,0.0
C2,992,0.5499130640491278,33.4,27.5,1,5.2,16.40625,22.0,13.0,21.0,1.0,90,2.0,1,0.0
C2,993,-0.2094093904655287,204.1,113.69999999999999,1,32.4,16.40625,213.0,81.0,21.0,1.0,90,2.0,0,0.0
C2,994,0.07167000922900259,78.3,50.4,1,9.6,16.40625,48.0,24.0,21.0,1.0,90,2.0,0,0.0
C2,995,0.6645151185065423,18.2,17.6,1,2.0,16.40625,9.0,5.0,21.0,1.0,90,2.0,0,0.0
C2,996,0.40070356569969146,50.0,17.5,1,1.2,16.40625,8.0,3.0,21.0,1.0,90,1.0,2,0.0
C2,997,0.6641844064673916,18.599999999999998,17.7,1,1.6,16.40625,4.0,4.0,21.0,1.0,90,3.0,1,0.0
C2,998,0.4003882500542819,50.0,17.8,1,0.8,16.40625,3.0,2.0,21.0,1.0,90,1.0,1,0.0
C2,999,0.40070356569969146,50.0,18.1,1,1.2,16.40625,3.0,3.0,21.0,1.0,90,2.0,1,0.0
C2,1000,0.6574975746468932,20.8,17.9,1,2.0,16.40625,5.0,5.0,21.0,1.0,90,3.0,1,0.0
C2,1001,-0.18138957812861017,201.4,112.69999999999999,1,38.4,16.40625,244.0,96.0,21.0,1.0,90,2.0,1,0.0
C2,1002,-0.2570949168117659,207.7,114.7,1,17.2,16.40625,222.0,43.0,21.0,1.0,90,1.0,1,0.0
C2,1003,-0.20996465995405328,205.3,115.6,1,33.2,16.40625,215.0,83.0,21.0,1.0,90,2.0,1,0.0
C2,1004,-0.18239949461810406,207.1,117.8,1,42.0,16.40625,261.0,105.0,21.0,1.0,90,2.0,1,0.0
C2,1005,-0.1332755918470362,200.7,114.1,1,49.6,16.40625,216.0,124.0,21.0,1.0,90,3.0,2,0.0
C2,1006,-0.1467651515676187,206.5,118.5,1,50.0,16.40625,220.0,125.0,21.0,1.0,90,3.0,1,0.0
C2,1007,-0.26640716822399335,212.7,119.3,1,19.2,16.40625,205.0,48.0,21.0,1.0,90,1.0,0,0.0
C2,1008,-0.2628242932113457,209.60000000000002,117.3,1,16.8,16.40625,206.0,42.0,21.0,1.0,90,1.0,0,0.0
C2,1009,-0.15640539146056798,201.6,117.1,1,44.8,16.40625,191.0,112.0,21.0,1.0,90,3.0,1,0.0
C2,1010,-0.14294029083423532,206.4,117.3,1,50.8,16.40625,216.0,127.0,21.0,1.0,90,3.0,0,0.0
C2,1011,-0.24246633403352846,203.3,113.3,1,18.8,16.40625,251.0,47.0,21.0,1.0,90,1.0,2,0.0
C2,1012,-0.23702682593735863,207.9,117.9,1,26.4,16.40625,176.0,66.0,21.0,1.0,90,2.0,0,0.0
C2,1013,-0.16829292040565041,208.7,119.6,1,46.4,16.40625,188.0,116.0,21.0,1.0,90,3.0,1,0.0
C2,1014,-0.27233149282010977,211.9,117.3,1,14.8,16.40625,193.0,37.0,21.0,1.0,90,1.0,0,0.0
C2,1015,-0.16851017606273483,204.3,114.4,1,43.6,16.40625,186.0,109.0,21.0,1.0,90,3.0,2,0.0
C2,1016,-0.25992955636924037,208.5,118.1,1,16.8,16.40625,190.0,42.0,21.0,1.0,90,1.0,0,0.0
C2,1017,-0.17527463192655962,207.5,118.5,1,44.0,16.40625,178.0,110.0,21.0,1.0,90,3.0,2,0.0
C2,1018,-0.19295027570521517,208.7,116.3,1,40.4,16.40625,173.0,101.0,21.0,1.0,90,3.0,2,0.0
C2,1019,-0.23245850084048397,196.5,115.8,1,14.4,16.40625,177.0,36.0,21.0,1.0,90,1.0,0,0.0
C2,1020,-0.26039823228164605,206.4,115.4,1,13.2,16.40625,173.0,33.0,21.0,1.0,90,1.0,1,0.0
C2,1021,-0.22983475508616008,198.5,115.3,1,18.8,16.40625,245.0,47.0,21.0,1.0,90,1.0,0,0.0
C2,1022,-0.22018472067420086,201.5,114.3,1,26.4,16.40625,174.0,66.0,21.0,1.0,90,2.0,0,0.0
C2,1023,-0.23011080714221294,211.0,119.8,1,31.6,16.40625,206.0,79.0,21.0,1.0,90,2.0,1,0.0
C2,1024,-0.18859029543905936,201.9,118.3,1,36.8,16.40625,228.0,92.0,21.0,1.0,90,2.0,2,0.0
C2,1025,-0.23387692479029304,198.6,116.1,1,16.8,16.40625,212.0,42.0,21.0,1.0,90,1.0,1,0.0
C2,1026,-0.21159795824154692,202.1,115.7,1,30.0,16.40625,193.0,75.0,21.0,1.0,90,2.0,0,0.0
C2,1027,-0.19409575857981692,205.1,118.4,1,17.6,16.40625,213.0,44.0,21.0,1.0,70,1.0,0,0.0
C2,1028,-0.2054613302480776,204.6,114.4,1,14.0,16.40625,193.0,35.0,21.0,1.0,70,1.0,2,0.0
C2,1029,-0.13693122081937847,192.3,106.1,1,23.6,17.1875,94.0,59.0,22.0,1.0,70,3.0,1,0.0
C2,1030,-0.20130194545935726,208.4,119.9,1,18.0,16.40625,133.0,45.0,21.0,1.0,70,2.0,0,0.0
C2,1031,-0.10572801476586519,206.6,120.2,1,19.2,16.40625,247.0,48.0,21.0,1.0,50,1.0,2,0.0
C2,1032,-0.07702559794127808,207.9,116.0,1,26.8,16.40625,114.0,67.0,21.0,1.0,50,3.0,2,0.0
C2,1033,-0.07602915685624045,205.7,117.6,1,25.6,16.40625,101.0,64.0,21.0,1.0,50,3.0,1,0.0
C2,1034,-0.13855985730545534,210.2,120.6,1,14.0,16.40625,171.0,35.0,21.0,1.0,50,1.0,2,0.0
C2,1035,-0.017894736842105186,204.8,115.2,1,40.0,16.40625,177.0,100.0,21.0,1.0,50,3.0,0,0.0
C2,1036,0.1788670230178205,119.9,67.9,2,16.6,16.015625,203.0,83.0,41.0,1.0,30,2.0,2,0.0
C2,1037,0.1925512335441363,117.9,64.69999999999999,2,16.6,16.015625,197.0,83.0,41.0,1.0,30,2.0,0,0.0
C2,1038,0.20342105263157895,120.7,66.9,2,27.8,16.015625,205.0,139.0,41.0,1.0,30,3.0,0,0.0
C2,1039,0.1714877108358896,117.5,65.4,2,9.6,16.015625,217.0,48.0,41.0,1.0,30,1.0,0,0.0
C2,1040,0.20000000000000004,122.0,66.69999999999999,2,28.8,16.015625,217.0,144.0,41.0,1.0,30,3.0,0,0.0
C2,1041,0.1650909314660515,122.6,68.8,2,11.6,16.015625,264.0,58.0,41.0,1.0,30,1.0,2,0.0
C2,1042,0.21605263157894739,112.69999999999999,56.599999999999994,3,26.266666,15.885417,287.0,197.0,61.0,1.0,30,3.0,1,0.0
C2,1043,0.22897524093818328,93.0,48.300000000000004,3,7.733333,15.885417,245.0,58.0,61.0,1.0,30,1.0,0,0.0
C2,1044,0.26842105263157895,96.0,48.099999999999994,3,23.6,15.885417,277.0,177.0,61.0,1.0,30,3.0,2,0.0
C2,1045,0.039621751756658885,98.0,48.599999999999994,3,21.2,15.885417,238.0,159.0,61.0,1.0,90,3.0,2,0.0
C2,1046,0.03576430240086685,99.8,50.3,3,21.6,15.885417,253.0,162.0,61.0,1.0,90,3.0,2,0.0
C2,1047,0.01871171597427887,97.8,48.2,3,8.266666,15.885417,292.0,62.0,61.0,1.0,90,1.0,0,0.0
C2,1048,0.05232967966279309,84.5,47.9,3,7.0666666,15.885417,279.0,53.0,61.0,1.0,90,1.0,1,0.0
C2,1049,-0.04536161722566495,115.0,56.5,1,6.5333333,15.885417,244.0,49.0,61.0,1.0,90,1.0,2,0.0
C2,1050,-0.24246633403352846,203.3,114.4,1,18.8,16.40625,224.0,47.0,21.0,1.0,90,1.0,0,0.0
C2,1051,-0.1797323640949866,202.5,112.9,1,39.6,17.1875,249.0,99.0,22.0,1.0,90,2.0,2,0.0
C2,1052,-0.2001692428074805,206.3,117.3,1,36.8,16.40625,214.0,92.0,21.0,1.0,90,2.0,1,0.0
C2,1053,-0.07702904670702368,202.3,115.4,1,63.2,16.40625,387.0,158.0,21.0,1.0,90,2.0,1,0.0
C2,1054,-0.239259336935775,205.7,117.9,1,23.2,16.40625,311.0,58.0,21.0,1.0,90,1.0,2,0.0
C2,1055,-0.24088036966981158,202.4,114.8,1,18.4,16.40625,198.0,46.0,21.0,1.0,90,1.0,2,0.0
C2,1056,-0.16130931160653228,206.7,117.0,1,46.8,16.40625,199.0,117.0,21.0,1.0,90,3.0,1,0.0
C2,1057,-0.2182470447456351,202.0,117.1,1,27.6,16.40625,195.0,69.0,21.0,1.0,90,2.0,0,0.0
C2,1058,-0.22147177162421067,205.4,115.6,1,29.6,16.40625,193.0,74.0,21.0,1.0,90,2.0,0,0.0
C2,1059,-0.20377558927662498,188.9,110.2,1,19.2,16.40625,207.0,48.0,21.0,1.0,90,1.0,1,0.0
C2,1060,-0.15905465744313424,206.5,115.6,1,47.2,16.40625,194.0,118.0,21.0,1.0,90,3.0,2,0.0
C2,1061,-0.16831436813722284,203.6,117.1,1,43.2,16.40625,271.0,108.0,21.0,1.0,90,2.0,0,0.0
C2,1062,-0.206450980040156,207.6,118.3,1,36.0,17.1875,232.0,90.0,22.0,1.0,90,2.0,0,0.0
C2,1063,-0.042368139680610345,203.9,112.60000000000001,1,33.6,16.40625,215.0,84.0,21.0,1.0,50,2.0,1,0.0
C2,1064,-0.09202879647320353,198.0,112.4,1,17.2,16.40625,239.0,43.0,21.0,1.0,50,1.0,2,0.0
C2,1065,-0.12961248888440263,206.8,114.1,1,14.0,16.40625,193.0,35.0,21.0,1.0,50,1.0,0,0.0
C2,1066,-0.0685638626091866,207.6,115.8,1,28.8,16.40625,191.0,72.0,21.0,1.0,50,2.0,2,0.0
C2,1067,-0.04330348964475486,202.3,114.9,1,32.0,16.40625,202.0,80.0,21.0,1.0,50,2.0,2,0.0
C2,1068,-0.01552631578947361,203.9,117.2,1,48.4,16.40625,198.0,121.0,21.0,1.0,50,3.0,0,0.0
C2,1069,-0.06427482621058625,205.4,118.8,1,28.4,16.40625,188.0,71.0,21.0,1.0,50,2.0,2,0.0
C2,1070,-0.13024819324474984,209.1,118.7,1,15.2,16.40625,203.0,38.0,21.0,1.0,50,1.0,2,0.0
C2,1071,-0.08132461505849453,198.0,114.5,1,19.6,16.40625,245.0,49.0,21.0,1.0,50,1.0,1,0.0
C2,1072,-0.04726245469774931,208.0,118.7,1,55.6,16.40625,229.0,139.0,21.0,1.0,70,3.0,1,0.0
C2,1073,-0.04274596391637628,207.9,115.4,1,57.2,16.40625,241.0,143.0,21.0,1.0,70,3.0,2,0.0
C2,1074,-0.21568788024870184,209.0,118.9,1,14.4,16.40625,213.0,36.0,21.0,1.0,70,1.0,1,0.0
C2,1075,-0.20516156445922823,205.0,116.4,1,14.4,16.40625,179.0,36.0,21.0,1.0,70,1.0,2,0.0
C2,1076,-0.10976440914599922,171.4,101.6,1,16.4,16.40625,207.0,41.0,21.0,1.0,70,1.0,0,0.0
C2,1077,-0.12734900223909668,203.2,113.4,1,32.4,16.40625,219.0,81.0,21.0,1.0,70,2.0,1,0.0
C2,1078,-0.06351229609952216,206.8,116.3,1,49.6,16.40625,202.0,124.0,21.0,1.0,70,3.0,0,0.0
C2,1079,-0.09744571382275513,202.1,114.0,1,38.4,16.40625,177.0,96.0,21.0,1.0,70,3.0,2,0.0
C2,1080,-0.17413434919653542,207.7,113.10000000000001,1,24.4,16.40625,169.0,61.0,21.0,1.0,70,2.0,2,0.0
C2,1081,-0.15214907612573997,207.2,116.5,1,29.2,16.40625,185.0,73.0,21.0,1.0,70,2.0,0,0.0
C2,1082,-0.19488523226402737,205.4,117.3,1,17.6,16.40625,224.0,44.0,21.0,1.0,70,1.0,1,0.0
C2,1083,-0.02090385865321845,199.6,113.0,1,57.2,16.40625,252.0,143.0,21.0,1.0,70,3.0,0,0.0
C2,1084,-0.01985122707427109,199.2,112.10000000000001,1,57.2,16.40625,251.0,143.0,21.0,1.0,70,3.0,2,0.0
C2,1085,-0.17187613262625617,196.1,108.2,1,17.2,16.40625,120.0,43.0,21.0,1.0,70,2.0,1,0.0
C2,1086,-0.16154361046008847,186.9,110.2,1,13.2,16.40625,183.0,33.0,21.0,1.0,70,1.0,0,0.0
C2,1087,-0.16604876304966504,201.5,113.60000000000001,1,22.4,16.40625,158.0,56.0,21.0,1.0,70,2.0,2,0.0
C2,1088,-0.0417361389082756,205.9,117.0,1,55.6,17.1875,227.0,139.0,22.0,1.0,70,3.0,0,0.0
C2,1089,-0.05651078133443857,200.7,112.9,1,47.2,16.40625,213.0,118.0,21.0,1.0,70,3.0,1,0.0
C2,1090,-0.17058103128596763,202.0,116.5,1,21.6,16.40625,127.0,54.0,21.0,1.0,70,2.0,2,0.0
C2,1091,-0.1839428830842852,204.1,114.0,1,19.6,16.40625,128.0,49.0,21.0,1.0,70,2.0,1,0.0
C2,1092,-0.09157392701302663,203.9,115.8,1,40.8,16.40625,181.0,102.0,21.0,1.0,70,3.0,1,0.0
C2,1093,-0.07921936033524887,197.2,110.39999999999999,1,39.6,16.40625,271.0,99.0,21.0,1.0,70,2.0,0,0.0
C2,1094,-0.10418161227675848,203.3,114.2,1,37.6,16.40625,168.0,94.0,21.0,1.0,70,3.0,1,0.0
C2,1095,-0.06052962280744645,203.4,114.0,1,48.0,16.40625,204.0,120.0,21.0,1.0,70,3.0,2,0.0
C2,1096,-0.20516225502025554,202.0,113.10000000000001,1,12.0,16.40625,155.0,30.0,21.0,1.0,70,1.0,1,0.0
C2,1097,-0.171590421400244,206.1,118.9,1,24.0,16.40625,157.0,60.0,21.0,1.0,70,2.0,1,0.0
C2,1098,-0.14103922080266867,205.0,117.9,1,30.4,16.40625,129.0,76.0,21.0,1.0,70,3.0,2,0.0
C2,1099,-0.1642415998812619,200.2,114.7,1,22.0,16.40625,139.0,55.0,21.0,1.0,70,2.0,1,0.0
C2,1100,-0.21153649291316046,205.4,120.7,1,12.8,16.40625,181.0,32.0,21.0,1.0,70,1.0,2,0.0
C2,1101,-0.18935891647455377,203.3,117.7,1,17.6,16.40625,206.0,44.0,21.0,1.0,70,1.0,0,0.0
C2,1102,-0.1949656728825771,202.7,113.60000000000001,1,15.6,16.40625,184.0,39.0,21.0,1.0,70,1.0,0,0.0
C2,1103,-0.20960887477699808,208.8,115.4,1,16.0,16.40625,201.0,40.0,21.0,1.0,70,1.0,0,0.0
C2,1104,-0.02725357776818238,143.4,92.0,1,18.8,16.40625,81.0,47.0,21.0,1.0,70,3.0,2,0.0
C2,1105,-0.15954050733423958,197.2,107.30000000000001,1,21.2,16.40625,95.0,53.0,21.0,1.0,70,3.0,1,0.0
C2,1106,-0.22598764603755123,212.4,117.1,1,14.0,16.40625,191.0,35.0,21.0,1.0,70,1.0,1,0.0
C2,1107,-0.15618261032703273,202.8,116.2,1,25.6,16.40625,106.0,64.0,21.0,1.0,70,3.0,0,0.0
C2,1108,-0.07014280997760766,208.2,116.8,1,48.8,16.40625,201.0,122.0,21.0,1.0,70,3.0,1,0.0
C2,1109,-0.1939813957841508,204.5,115.8,1,17.2,16.40625,116.0,43.0,21.0,1.0,70,2.0,0,0.0
C2,1110,-0.11853874129710465,195.1,117.3,1,29.6,16.40625,186.0,74.0,21.0,1.0,70,2.0,0,0.0
C2,1111,-0.19340720861725197,205.4,114.7,1,18.0,16.40625,219.0,45.0,21.0,1.0,70,1.0,2,0.0
C2,1112,-0.1695405073342396,201.0,115.9,1,21.2,16.40625,254.0,53.0,21.0,1.0,70,1.0,0,0.0
C2,1113,-0.04213147500215511,200.3,114.5,1,50.8,16.40625,225.0,127.0,21.0,1.0,70,3.0,1,0.0
C2,1114,-0.173978441986525,203.9,112.69999999999999,1,22.0,17.1875,259.0,55.0,22.0,1.0,70,1.0,0,0.0
C2,1115,-0.18341718410229663,208.1,120.80000000000001,1,22.4,16.40625,274.0,56.0,21.0,1.0,70,1.0,1,0.0
C2,1116,-0.12103766262462079,205.6,117.4,1,35.2,16.40625,229.0,88.0,21.0,1.0,70,2.0,1,0.0
C2,1117,-0.21230343551123548,207.2,114.6,1,14.0,16.40625,162.0,35.0,21.0,1.0,70,1.0,0,0.0
C2,1118,-0.16053778982129646,201.9,113.69999999999999,1,44.0,16.40625,281.0,110.0,21.0,1.0,90,2.0,0,0.0
C2,1119,-0.23372146817867223,200.9,113.9,1,20.0,16.40625,254.0,50.0,21.0,1.0,90,1.0,1,0.0
C2,1120,-0.03286511491470509,202.1,114.2,1,75.2,16.40625,308.0,188.0,21.0,1.0,90,3.0,1,0.0
C2,1121,-0.145142207932849,217.5,126.3,1,36.8,16.40625,150.0,92.0,21.0,1.0,70,3.0,1,0.0
C2,1122,-0.1329950701827785,203.3,117.4,1,31.2,16.40625,198.0,78.0,21.0,1.0,70,2.0,2,0.0
C2,1123,-0.15777321130062588,208.0,118.3,1,28.4,16.40625,193.0,71.0,21.0,1.0,70,2.0,0,0.0
C2,1124,-0.25162483129392627,211.5,121.39999999999999,1,24.4,16.40625,153.0,61.0,21.0,1.0,90,2.0,0,0.0
C2,1125,-0.20496323801292476,200.5,114.1,1,30.8,16.40625,132.0,77.0,21.0,1.0,90,3.0,1,0.0
C2,1126,-0.23748615988839,196.8,111.60000000000001,1,11.6,16.40625,164.0,29.0,21.0,1.0,90,1.0,0,0.0
C2,1127,0.014583070106414062,184.70000000000002,91.2,2,39.2,16.015625,292.0,196.0,41.0,1.0,50,3.0,2,0.0
C2,1128,0.10835907784860194,117.4,65.0,2,14.6,16.015625,180.0,73.0,41.0,1.0,50,2.0,0,0.0
C2,1129,0.18011756298682405,117.4,65.19999999999999,2,32.0,16.015625,257.0,160.0,41.0,1.0,50,3.0,2,0.0
C2,1130,0.011814798416369829,115.0,62.6,2,28.0,16.015625,228.0,140.0,41.0,1.0,90,3.0,2,0.0
C2,1131,0.012206863076567723,122.39999999999999,67.2,2,34.4,16.015625,293.0,172.0,41.0,1.0,90,3.0,0,0.0
C2,1132,-0.015447540189748699,111.69999999999999,64.10000000000001,2,10.2,16.015625,248.0,51.0,41.0,1.0,90,1.0,1,0.0
C2,1133,-0.02833675646440706,116.4,64.19999999999999,2,9.8,16.015625,223.0,49.0,41.0,1.0,90,1.0,2,0.0
C2,1134,-0.22177192812908064,185.1,83.9,1,6.2,16.015625,154.0,31.0,41.0,1.0,90,1.0,1,0.0
C2,1135,-0.1574580230395154,202.0,113.3,1,44.8,16.40625,202.0,112.0,21.0,1.0,90,3.0,1,0.0
C2,1136,-0.2632022636560765,207.7,119.6,1,13.6,16.40625,180.0,34.0,21.0,1.0,90,1.0,1,0.0
C2,1137,-0.22686111613628362,207.9,115.9,1,30.0,16.40625,199.0,75.0,21.0,1.0,90,2.0,0,0.0
C2,1138,-0.16772070237852416,204.0,117.3,1,43.6,16.40625,270.0,109.0,21.0,1.0,90,2.0,0,0.0
C2,1139,-0.26704695921082544,209.4,117.0,1,14.0,16.40625,193.0,35.0,21.0,1.0,90,1.0,1,0.0
C2,1140,-0.1508967627062922,203.4,116.9,1,47.2,16.40625,203.0,118.0,21.0,1.0,90,3.0,2,0.0
C2,1141,-0.03677802211103978,201.3,112.69999999999999,1,73.2,16.40625,315.0,183.0,21.0,1.0,90,3.0,2,0.0
C2,1142,-0.05969900290362848,205.9,116.1,1,70.0,16.40625,905.0,175.0,21.0,1.0,90,1.0,2,0.0
C2,1143,-0.13439673051498718,201.8,115.0,1,50.0,16.40625,219.0,125.0,21.0,1.0,90,3.0,1,0.0
C2,1144,-0.22212427403102059,206.1,116.3,1,30.0,16.40625,195.0,75.0,21.0,1.0,90,2.0,2,0.0
C2,1145,-0.20805699186236076,203.1,115.9,1,32.0,16.40625,205.0,80.0,21.0,1.0,90,2.0,1,0.0
C2,1146,-0.11787751423896409,187.6,107.0,1,45.2,16.40625,200.0,113.0,21.0,1.0,90,3.0,1,0.0
C2,1147,-0.2704137877812301,209.1,120.0,1,11.2,16.40625,144.0,28.0,21.0,1.0,90,1.0,0,0.0
C2,1148,-0.13482692189311551,159.39999999999998,100.3,1,14.4,17.1875,90.0,36.0,22.0,1.0,90,2.0,1,0.0
C2,1149,-0.22150051014788508,202.0,112.19999999999999,1,26.4,16.40625,159.0,66.0,21.0,1.0,90,2.0,2,0.0
C2,1150,-0.21592545933075147,200.7,114.9,1,27.2,16.40625,187.0,68.0,21.0,1.0,90,2.0,0,0.0
C2,1151,-0.13959138132072046,203.1,112.9,1,49.6,16.40625,221.0,124.0,21.0,1.0,90,3.0,1,0.0
C2,1152,-0.16164612517078392,197.4,112.9,1,40.8,16.40625,173.0,102.0,21.0,1.0,90,3.0,1,0.0
C2,1153,-0.22123682269452527,197.8,115.5,1,22.0,16.40625,140.0,55.0,21.0,1.0,90,2.0,2,0.0
C2,1154,-0.2451720960341553,198.7,115.0,1,9.6,16.40625,149.0,24.0,21.0,1.0,90,1.0,0,0.0
C2,1155,-0.17735119844949043,210.2,118.1,1,45.2,16.40625,190.0,113.0,21.0,1.0,90,3.0,2,0.0
C2,1156,-0.2499350020687131,203.9,115.1,1,15.6,16.40625,184.0,39.0,21.0,1.0,90,1.0,2,0.0
C2,1157,-0.27886731236641515,211.9,120.2,1,10.4,16.40625,129.0,26.0,21.0,1.0,90,1.0,1,0.0
C2,1158,-0.05799264982300223,133.20000000000002,83.4,1,18.8,16.40625,73.0,47.0,21.0,1.0,90,3.0,2,0.0
C2,1159,0.026922300116657832,95.5,65.5,1,10.0,16.40625,60.0,25.0,21.0,1.0,90,2.0,1,0.0
C2,1160,0.008660025573344582,101.5,59.6,1,8.0,16.40625,53.0,20.0,21.0,1.0,90,2.0,0,0.0
C2,1161,-0.10778174680290212,156.1,98.0,1,23.6,16.40625,85.0,59.0,21.0,1.0,90,3.0,0,0.0
C2,1162,-0.035036654408874796,123.60000000000001,73.0,1,17.6,16.40625,63.0,44.0,21.0,1.0,90,3.0,1,0.0
C2,1163,0.09198752432213622,71.6,46.6,1,11.6,16.40625,48.0,29.0,21.0,1.0,90,3.0,2,0.0
C2,1164,-0.0076557639003395905,107.7,61.9,1,8.0,16.40625,55.0,20.0,21.0,1.0,90,2.0,1,0.0
C2,1165,0.0016281619696768695,106.6,60.900000000000006,1,12.8,16.40625,54.0,32.0,21.0,1.0,90,3.0,2,0.0
C2,1166,-0.028717897139466236,120.1,70.1,1,16.0,16.40625,68.0,40.0,21.0,1.0,90,3.0,0,0.0
C2,1167,-0.08796048844499618,147.5,96.4,1,22.4,16.40625,82.0,56.0,21.0,1.0,90,3.0,2,0.0
C2,1168,-0.03320404839497959,116.1,73.80000000000001,1,4.8,16.40625,68.0,12.0,21.0,1.0,90,1.0,0,0.0
C2,1169,-0.03138935005794935,118.7,71.4,1,12.0,17.1875,67.0,30.0,22.0,1.0,90,2.0,1,0.0
C2,1170,-0.05017465524911782,122.7,75.80000000000001,1,5.2,16.40625,63.0,13.0,21.0,1.0,90,1.0,1,0.0
C2,1171,-0.07441538026345695,136.2,82.60000000000001,1,14.0,16.40625,77.0,35.0,21.0,1.0,90,2.0,0,0.0
C2,1172,-0.01745931703823267,117.5,71.5,1,18.4,16.40625,69.0,46.0,21.0,1.0,90,3.0,1,0.0
C2,1173,0.11454939321299282,134.5,85.6,1,6.4,16.40625,74.0,16.0,21.0,1.0,30,1.0,2,0.0
C2,1174,0.22936697756847652,103.3,71.9,1,16.0,16.40625,70.0,40.0,21.0,1.0,30,3.0,0,0.0
C2,1175,0.022368421052631593,189.5,105.39999999999999,1,23.2,16.40625,96.0,58.0,21.0,1.0,30,3.0,1,0.0
C2,1176,0.1405025556081782,122.80000000000001,73.1,1,5.2,17.1875,62.0,13.0,22.0,1.0,30,1.0,2,0.0
C2,1177,-0.012368421052631529,202.7,114.6,1,27.6,16.40625,117.0,69.0,21.0,1.0,30,3.0,2,0.0
C2,1178,0.011052631578947411,190.6,99.3,2,20.6,16.015625,131.0,103.0,41.0,1.0,30,3.0,0,0.0
C2,1179,0.1889440614030798,108.60000000000001,57.3,2,8.0,16.015625,94.0,40.0,41.0,1.0,30,2.0,0,0.0
C2,1180,0.22637891676657956,98.0,48.7,2,10.6,16.015625,77.0,53.0,41.0,1.0,30,3.0,2,0.0
C2,1181,0.1982816741587038,116.5,64.3,2,17.4,16.015625,137.0,87.0,41.0,1.0,30,3.0,1,0.0
C2,1182,0.24902703739338397,84.0,42.0,2,6.8,16.015625,66.0,34.0,41.0,1.0,30,2.0,1,0.0
C2,1183,0.21843876398347253,89.7,38.0,2,3.0,16.015625,57.0,15.0,41.0,1.0,30,1.0,1,0.0
C2,1184,0.2327074600450874,90.5,46.1,2,7.0,16.015625,74.0,35.0,41.0,1.0,30,2.0,2,0.0
C2,1185,0.25327824621001116,85.3,45.699999999999996,2,8.8,16.015625,71.0,44.0,41.0,1.0,30,3.0,0,0.0
C2,1186,0.2247384044835659,87.9,41.099999999999994,1,5.4,16.015625,58.0,27.0,41.0,1.0,30,2.0,2,0.0
C2,1187,0.1754105546520473,117.1,73.3,1,10.4,16.40625,63.0,26.0,21.0,1.0,30,2.0,1,0.0
C2,1188,0.23359984054199612,86.8,58.6,1,4.8,16.40625,50.0,12.0,21.0,1.0,30,1.0,2,0.0
C2,1189,0.1663353167371937,111.10000000000001,62.6,1,4.0,16.40625,55.0,10.0,21.0,1.0,30,1.0,2,0.0
C2,1190,0.16181834508186244,114.7,72.0,1,5.2,16.40625,66.0,13.0,21.0,1.0,30,1.0,0,0.0
C2,1191,-0.035667198770250264,199.9,117.3,1,12.4,16.40625,143.0,31.0,21.0,1.0,30,1.0,0,0.0
C2,1192,0.0028947368421053943,196.9,112.10000000000001,1,24.4,16.40625,111.0,61.0,21.0,1.0,30,3.0,2,0.0
C2,1193,0.1184213399172716,142.8,93.5,1,13.6,16.40625,82.0,34.0,21.0,1.0,30,2.0,2,0.0
C2,1194,0.0702631578947368,171.3,108.60000000000001,1,20.4,16.40625,120.0,51.0,21.0,1.0,30,2.0,1,0.0
C2,1195,0.13500723234679887,141.1,86.3,1,18.0,16.40625,80.0,45.0,21.0,1.0,30,3.0,1,0.0
C2,1196,-0.0758391330999989,199.9,112.5,1,22.0,16.40625,151.0,55.0,21.0,1.0,50,2.0,0,0.0
C2,1197,-0.14307013324454482,212.60000000000002,117.9,1,14.4,16.40625,166.0,36.0,21.0,1.0,50,1.0,0,0.0
C2,1198,-0.08293815273945826,203.9,117.3,1,22.8,16.40625,103.0,57.0,21.0,1.0,50,3.0,1,0.0
C2,1199,0.03118075766649757,132.89999999999998,83.8,1,6.4,16.40625,77.0,16.0,21.0,1.0,50,1.0,2,0.0
C2,1200,-0.06868751754428853,206.5,117.8,1,28.0,16.40625,114.0,70.0,21.0,1.0,50,3.0,1,0.0
C2,1201,0.025789473684210515,185.0,90.7,2,45.2,16.015625,326.0,226.0,41.0,1.0,50,3.0,0,0.0
C2,1202,0.19745895868820695,114.7,61.5,3,61.4,16.015625,724.0,307.0,41.0,1.0,50,2.0,0,0.0
C2,1203,0.1763746771843573,98.5,48.300000000000004,3,18.666666,15.885417,214.0,140.0,61.0,1.0,50,3.0,2,0.0
C2,1204,0.19039107652170706,88.4,47.4,3,15.866667,15.885417,180.0,119.0,61.0,1.0,50,3.0,2,0.0
C2,1205,0.14914616102011424,83.8,45.400000000000006,3,3.7333333,15.885417,150.0,28.0,61.0,1.0,50,1.0,2,0.0
C2,1206,0.13152314172485263,96.3,46.199999999999996,3,7.3333335,15.885417,118.0,55.0,61.0,1.0,50,2.0,2,0.0
C2,1207,0.15208122234121796,90.7,48.099999999999994,3,8.666667,15.885417,155.0,65.0,61.0,1.0,50,2.0,1,0.0
C2,1208,0.10578428584495625,100.7,53.400000000000006,2,6.0,16.015625,146.0,30.0,41.0,1.0,50,1.0,1,0.0
C2,1209,-0.11589094895479599,197.7,100.9,1,13.6,16.40625,161.0,34.0,21.0,1.0,50,1.0,1,0.0
C2,1210,0.05083909996051089,127.40000000000002,81.10000000000001,1,7.6,16.40625,78.0,19.0,21.0,1.0,50,1.0,1,0.0
C2,1211,-0.06387920238707015,203.5,114.8,1,27.2,16.40625,107.0,68.0,21.0,1.0,50,3.0,0,0.0
C2,1212,0.05884007526918966,123.7,84.4,1,7.2,16.40625,79.0,18.0,21.0,1.0,50,1.0,0,0.0
C2,1213,-0.1337336320964878,198.2,109.8,1,8.0,16.40625,130.0,20.0,21.0,1.0,50,1.0,1,0.0
C2,1214,-0.10165701589987836,212.29999999999998,120.80000000000001,1,23.6,16.40625,103.0,59.0,21.0,1.0,50,3.0,1,0.0
C2,1215,-0.05408617309492894,178.1,101.5,1,14.0,16.40625,94.0,35.0,21.0,1.0,50,2.0,2,0.0
C2,1216,-0.055023756288023334,197.1,112.4,1,25.2,16.40625,149.0,63.0,21.0,1.0,50,2.0,2,0.0
C2,1217,-0.03589618032626035,204.1,113.19999999999999,1,36.0,16.40625,163.0,90.0,21.0,1.0,50,3.0,1,0.0
C2,1218,-0.11202879647320349,205.6,116.9,1,17.2,16.40625,219.0,43.0,21.0,1.0,50,1.0,1,0.0
C2,1219,-0.24798481662995758,202.4,115.1,1,14.4,16.40625,184.0,36.0,21.0,1.0,90,1.0,0,0.0
C2,1220,-0.18093778829449814,201.8,114.6,1,38.8,16.40625,246.0,97.0,21.0,1.0,90,2.0,2,0.0
C2,1221,-0.1816344862315309,204.4,113.8,1,40.4,16.40625,266.0,101.0,21.0,1.0,90,2.0,2,0.0
C2,1222,-0.1844204021769607,203.7,114.0,1,39.2,16.40625,168.0,98.0,21.0,1.0,90,3.0,0,0.0
C2,1223,-0.17053778982129658,205.7,116.7,1,44.0,16.40625,179.0,110.0,21.0,1.0,90,3.0,1,0.0
C2,1224,-0.2160716424520731,203.8,115.4,1,30.0,16.40625,205.0,75.0,21.0,1.0,90,2.0,1,0.0
C2,1225,-0.15471961950212199,201.6,115.1,1,45.2,16.40625,198.0,113.0,21.0,1.0,90,3.0,1,0.0
C2,1226,-0.2149277226824553,194.39999999999998,112.19999999999999,1,20.8,16.40625,132.0,52.0,21.0,1.0,90,2.0,0,0.0
C2,1227,-0.09410008268719447,140.2,87.1,1,7.2,16.40625,88.0,18.0,21.0,1.0,90,1.0,0,0.0
C2,1228,-0.2464071682239934,205.1,120.39999999999999,1,19.2,16.40625,135.0,48.0,21.0,1.0,90,2.0,1,0.0
C2,1229,-0.1860843575864624,205.5,115.6,1,40.0,16.40625,163.0,100.0,21.0,1.0,90,3.0,2,0.0
C2,1230,-0.2503782482433411,208.2,116.4,1,21.2,16.40625,127.0,53.0,21.0,1.0,90,2.0,1,0.0
C2,1231,-0.2460034169776915,200.7,115.4,1,12.8,16.40625,171.0,32.0,21.0,1.0,90,1.0,0,0.0
C2,1232,-0.22035230790352978,202.8,113.8,1,27.6,17.1875,162.0,69.0,22.0,1.0,90,2.0,1,0.0
C2,1233,-0.26478121102449753,208.3,116.3,1,13.6,16.40625,173.0,34.0,21.0,1.0,90,1.0,1,0.0
C2,1234,-0.20013519056647183,205.2,116.2,1,36.0,17.1875,151.0,90.0,22.0,1.0,90,3.0,1,0.0
C2,1235,-0.15741784262280362,207.2,115.7,1,48.0,16.40625,211.0,120.0,21.0,1.0,90,3.0,1,0.0
C2,1236,-0.1891572442822238,205.5,118.1,1,39.2,17.1875,169.0,98.0,22.0,1.0,90,3.0,1,0.0
C2,1237,-0.22067648364500747,199.0,116.4,1,23.6,16.40625,104.0,59.0,21.0,1.0,90,3.0,0,0.0
C2,1238,-0.1691096234413081,188.29999999999998,112.9,1,32.0,16.40625,129.0,80.0,21.0,1.0,90,3.0,0,0.0
C2,1239,-0.14725590671881833,161.3,95.5,1,9.2,16.40625,84.0,23.0,21.0,1.0,90,1.0,2,0.0
C2,1240,-0.016842105263157825,204.4,115.6,1,33.2,16.40625,215.0,83.0,21.0,1.0,30,2.0,2,0.0
C2,1241,0.1710526315789474,129.8,70.7,2,25.6,16.015625,209.0,128.0,41.0,1.0,30,3.0,1,0.0
C2,1242,0.2092105263157895,118.5,64.69999999999999,2,26.0,16.015625,211.0,130.0,41.0,1.0,30,3.0,0,0.0
C2,1243,0.20959746363238804,112.19999999999999,63.2,2,17.4,16.40625,206.0,87.0,42.0,1.0,30,2.0,0,0.0
C2,1244,0.18627016586726072,121.80000000000001,68.7,2,18.2,16.015625,201.0,91.0,41.0,1.0,30,2.0,0,0.0
C2,1245,0.2192105263157895,114.7,64.8,2,29.8,16.015625,226.0,149.0,41.0,1.0,30,3.0,1,0.0
C2,1246,0.20631578947368423,119.6,64.4,2,23.8,16.015625,308.0,119.0,41.0,1.0,30,2.0,1,0.0
C2,1247,0.2236842105263158,113.0,62.199999999999996,2,30.4,16.015625,247.0,152.0,41.0,1.0,30,3.0,2,0.0
C2,1248,0.18296910611164044,112.3,63.70000000000001,2,9.0,16.015625,247.0,45.0,41.0,1.0,30,1.0,1,0.0
C2,1249,0.18860172338232825,119.2,65.60000000000001,2,16.4,16.015625,134.0,82.0,41.0,1.0,30,3.0,0,0.0
C2,1250,0.16075298322396947,122.39999999999999,66.60000000000001,2,10.2,16.015625,127.0,51.0,41.0,1.0,30,2.0,0,0.0
C2,1251,0.2192105263157895,114.7,64.8,2,24.4,16.015625,183.0,122.0,41.0,1.0,30,3.0,0,0.0
C2,1252,0.1598164308499019,117.6,62.199999999999996,2,6.6,16.40625,139.0,33.0,42.0,1.0,30,1.0,1,0.0
C2,1253,0.18050820665032322,120.80000000000001,65.4,2,15.0,16.015625,172.0,75.0,41.0,1.0,30,2.0,2,0.0
C2,1254,0.22973684210526316,110.7,62.5,2,22.2,16.015625,175.0,111.0,41.0,1.0,30,3.0,1,0.0
C2,1255,0.20263157894736847,121.0,64.3,2,28.6,16.015625,231.0,143.0,41.0,1.0,30,3.0,0,0.0
C2,1256,0.22289473684210528,113.3,61.199999999999996,2,20.6,16.015625,160.0,103.0,41.0,1.0,30,3.0,1,0.0
C2,1257,0.19806803628364616,118.5,64.3,2,19.6,16.015625,233.0,98.0,41.0,1.0,30,2.0,2,0.0
C2,1258,0.21763157894736845,115.3,64.4,2,23.6,16.015625,197.0,118.0,41.0,1.0,30,3.0,2,0.0
C2,1259,0.2003313202104926,103.1,61.699999999999996,2,7.2,16.015625,159.0,36.0,41.0,1.0,30,1.0,0,0.0
C2,1260,0.2047932920287229,101.7,51.6,2,7.4,16.015625,84.0,37.0,41.0,1.0,30,2.0,1,0.0
C2,1261,0.21500000000000002,116.3,65.4,2,29.8,16.015625,377.0,149.0,41.0,1.0,30,2.0,0,0.0
C2,1262,0.03228747365195994,102.6,49.2,6,53.04,15.78125,711.0,663.0,101.0,1.0,30,3.0,2,0.0
C2,1263,0.6790793941667757,39.300000000000004,26.9,6,2.8,15.755208,74.0,42.0,121.0,1.0,30,2.0,1,0.0
C2,1264,0.6059825149826678,48.4,31.8,6,4.4,15.755208,96.0,66.0,121.0,1.0,30,3.0,2,0.0
C2,1265,0.6581349438891624,41.099999999999994,31.0,6,1.6,15.755208,112.0,24.0,121.0,1.0,30,1.0,2,0.0
C2,1266,0.3152610621301607,51.5,35.9,6,2.1333334,15.755208,118.0,32.0,121.0,1.0,30,1.0,0,0.0
C2,1267,0.5920774340346866,49.7,32.300000000000004,6,3.8,15.755208,140.0,57.0,121.0,1.0,30,2.0,1,0.0
C2,1268,-0.21973684210526323,201.5,99.8,1,30.8,16.40625,132.0,77.0,21.0,1.0,30,3.0,2,0.0
C2,1269,-0.0019319637163539016,194.5,112.9,1,19.6,16.40625,133.0,49.0,21.0,1.0,30,2.0,1,0.0
C2,1270,-0.04745568103133102,206.3,116.1,1,14.0,16.40625,191.0,35.0,21.0,1.0,30,1.0,2,0.0
C2,1271,-0.1655934935918365,198.9,114.5,1,20.8,16.40625,251.0,52.0,21.0,1.0,70,1.0,2,0.0
C2,1272,-0.02969399182569013,196.1,112.5,1,51.2,16.40625,222.0,128.0,21.0,1.0,70,3.0,1,0.0
C2,1273,-0.20756659340597228,205.4,116.4,1,14.0,16.40625,227.0,35.0,21.0,1.0,70,1.0,1,0.0
C2,1274,-0.1030628379625877,207.6,119.1,1,40.4,16.40625,174.0,101.0,21.0,1.0,70,3.0,0,0.0
C2,1275,-0.07734889378912205,203.7,116.8,1,44.0,16.40625,184.0,110.0,21.0,1.0,70,3.0,0,0.0
C2,1276,-0.07073267036406664,204.3,116.7,1,46.0,16.40625,203.0,115.0,21.0,1.0,70,3.0,1,0.0
C2,1277,-0.22601017712368676,210.9,119.3,1,12.8,16.40625,180.0,32.0,21.0,1.0,70,1.0,1,0.0
C2,1278,-0.043660388648689985,198.7,112.19999999999999,1,49.2,17.1875,210.0,123.0,22.0,1.0,70,3.0,1,0.0
C2,1279,-0.10994854890574862,200.7,112.69999999999999,1,34.8,16.40625,220.0,87.0,21.0,1.0,70,2.0,0,0.0
C2,1280,-0.05621488659920287,145.4,91.5,1,12.0,16.40625,82.0,30.0,21.0,1.0,70,2.0,2,0.0
C2,1281,-0.21712004289223663,203.3,117.3,1,9.2,16.40625,108.0,23.0,21.0,1.0,70,1.0,0,0.0
C2,1282,-0.1108785892404312,182.4,102.6,1,23.6,16.40625,98.0,59.0,21.0,1.0,70,3.0,1,0.0
C2,1283,-0.13557573735964562,198.9,113.10000000000001,1,28.0,17.1875,120.0,70.0,22.0,1.0,70,3.0,2,0.0
C2,1284,-0.0760291645777405,205.7,116.3,1,45.6,17.1875,191.0,114.0,22.0,1.0,70,3.0,2,0.0
C2,1285,-0.2520557057707138,215.7,118.5,1,8.4,16.40625,101.0,21.0,21.0,1.0,70,1.0,1,0.0
C2,1286,-0.10088974362076156,200.0,111.10000000000001,1,36.4,16.40625,162.0,91.0,21.0,1.0,70,3.0,2,0.0
C2,1287,-0.1814641040839719,202.0,116.1,1,18.8,16.40625,115.0,47.0,21.0,1.0,70,2.0,2,0.0
C2,1288,-0.21495712594013694,207.7,115.7,1,13.6,16.40625,184.0,34.0,21.0,1.0,70,1.0,0,0.0
C2,1289,-0.18875103365002904,208.3,118.3,1,21.2,16.40625,136.0,53.0,21.0,1.0,70,2.0,0,0.0
C2,1290,-0.2296872847180822,207.2,120.39999999999999,1,8.4,16.40625,115.0,21.0,21.0,1.0,70,1.0,1,0.0
C2,1291,-0.10227336427837719,207.3,115.9,1,40.4,16.40625,252.0,101.0,21.0,1.0,70,2.0,2,0.0
C2,1292,-0.0333116667356913,206.1,115.6,1,59.2,16.40625,246.0,148.0,21.0,1.0,70,3.0,0,0.0
C2,1293,-0.020526315789473615,205.8,115.3,1,63.6,16.40625,269.0,159.0,21.0,1.0,70,3.0,0,0.0
C2,1294,-0.05803754681971293,203.6,118.7,1,48.8,16.40625,210.0,122.0,21.0,1.0,70,3.0,0,0.0
C2,1295,-0.19555388283020964,204.0,117.9,1,16.4,16.40625,187.0,41.0,21.0,1.0,70,1.0,2,0.0
C2,1296,-0.16430012830267327,204.6,118.7,1,24.8,16.40625,273.0,62.0,21.0,1.0,70,1.0,2,0.0
C2,1297,-0.15064400445499943,207.3,120.1,1,29.6,17.1875,190.0,74.0,22.0,1.0,70,2.0,0,0.0
C2,1298,-0.18454086201288927,206.1,113.9,1,20.8,16.40625,270.0,52.0,21.0,1.0,70,1.0,0,0.0
C2,1299,-0.017368421052631478,201.4,107.80000000000001,2,58.4,16.40625,261.0,146.0,21.0,1.0,50,3.0,0,0.0
C2,1300,0.10790814761838385,110.39999999999999,66.69999999999999,2,10.4,16.015625,236.0,52.0,41.0,1.0,50,1.0,0,0.0
C2,1301,0.21184210526315794,117.5,66.0,2,42.6,16.015625,344.0,213.0,41.0,1.0,50,3.0,0,0.0
C2,1302,0.12314906915203186,120.3,66.3,2,19.6,16.015625,146.0,98.0,41.0,1.0,50,3.0,2,0.0
C2,1303,0.1118615154998184,112.3,63.70000000000001,2,12.4,16.015625,308.0,62.0,41.0,1.0,50,1.0,0,0.0
C2,1304,0.08422393709206805,119.4,66.4,2,10.4,16.015625,284.0,52.0,41.0,1.0,50,1.0,2,0.0
C2,1305,0.15026471833445604,119.4,65.60000000000001,2,25.4,16.015625,310.0,127.0,41.0,1.0,50,2.0,0,0.0
C2,1306,0.1563901587432194,122.39999999999999,68.3,2,29.0,16.015625,224.0,145.0,41.0,1.0,50,3.0,2,0.0
C2,1307,0.2173684210526316,115.4,65.10000000000001,2,41.2,16.015625,344.0,206.0,41.0,1.0,50,3.0,0,0.0
C2,1308,0.19227713396467802,117.6,64.60000000000001,2,36.2,16.015625,281.0,181.0,41.0,1.0,50,3.0,0,0.0
C2,1309,0.13053133614486806,119.5,64.19999999999999,2,20.8,16.015625,256.0,104.0,41.0,1.0,50,2.0,2,0.0
C2,1310,0.09117946045849723,114.4,63.8,2,9.0,16.40625,225.0,45.0,42.0,1.0,50,1.0,1,0.0
C2,1311,0.12009045103338134,115.0,65.3,2,15.8,16.015625,181.0,79.0,41.0,1.0,50,2.0,1,0.0
C2,1312,0.11744488773732287,118.4,64.5,2,17.2,16.015625,217.0,86.0,41.0,1.0,50,2.0,2,0.0
C2,1313,0.06907419730060246,122.80000000000001,67.5,2,9.0,16.015625,106.0,45.0,41.0,1.0,50,2.0,0,0.0
C2,1314,0.014389310301662059,166.9,91.80000000000001,1,24.8,16.40625,200.0,62.0,21.0,1.0,50,2.0,0,0.0
C2,1315,0.004210526315789553,196.39999999999998,112.3,1,47.6,16.40625,200.0,119.0,21.0,1.0,50,3.0,2,0.0
C2,1316,0.07447368421052636,169.7,104.6,1,44.8,16.40625,200.0,112.0,21.0,1.0,50,3.0,1,0.0
C2,1317,-0.13787532660544477,207.2,121.2,1,12.4,16.40625,182.0,31.0,21.0,1.0,50,1.0,0,0.0
C2,1318,-0.019736842105263053,205.5,118.6,1,43.2,16.40625,189.0,108.0,21.0,1.0,50,3.0,2,0.0
C2,1319,-0.02421052631578946,207.2,118.8,1,43.2,16.40625,173.0,108.0,21.0,1.0,50,3.0,1,0.0
C2,1320,-0.1335213902382093,203.5,115.8,1,11.2,16.40625,155.0,28.0,21.0,1.0,50,1.0,1,0.0
C2,1321,-0.12066329554502597,211.60000000000002,118.8,1,18.8,16.40625,220.0,47.0,21.0,1.0,50,1.0,0,0.0
C2,1322,-0.06463223905947446,211.4,118.1,1,32.8,16.40625,185.0,82.0,21.0,1.0,50,2.0,1,0.0
C2,1323,-0.060239336017110956,205.0,117.2,1,29.2,17.1875,182.0,73.0,22.0,1.0,50,2.0,1,0.0
C2,1324,-0.03052631578947368,209.60000000000002,118.0,1,42.4,16.40625,177.0,106.0,21.0,1.0,50,3.0,1,0.0
C2,1325,0.13805656471849476,125.6,71.6,2,8.6,16.015625,188.0,43.0,41.0,1.0,30,1.0,0,0.0
C2,1326,0.14267442595002397,130.6,67.5,2,11.2,16.015625,228.0,56.0,41.0,1.0,30,1.0,0,0.0
C2,1327,0.17805233312439347,125.1,67.7,2,18.4,16.015625,232.0,92.0,41.0,1.0,30,2.0,2,0.0
C2,1328,0.14405269042126423,120.2,66.4,2,4.4,16.015625,108.0,22.0,41.0,1.0,30,1.0,1,0.0
C2,1329,0.20263157894736847,121.0,66.8,2,21.4,16.015625,248.0,107.0,41.0,1.0,30,2.0,2,0.0
C2,1330,0.1898279296999185,115.9,64.60000000000001,2,13.8,16.015625,161.0,69.0,41.0,1.0,30,2.0,1,0.0
C2,1331,0.15010532002292895,117.9,65.5,2,24.4,16.015625,188.0,122.0,41.0,1.0,50,3.0,0,0.0
C2,1332,0.06889580412165246,114.4,68.4,2,3.8,16.015625,102.0,19.0,41.0,1.0,50,1.0,2,0.0
C2,1333,0.13291977906705013,114.9,65.4,2,18.6,16.015625,149.0,93.0,41.0,1.0,50,3.0,2,0.0
C2,1334,0.14566656036246303,115.4,65.3,2,21.8,16.40625,252.0,109.0,42.0,1.0,50,2.0,2,0.0
C2,1335,0.04210526315789476,182.0,90.80000000000001,2,56.8,16.40625,243.0,142.0,21.0,1.0,50,3.0,1,0.0
C2,1336,0.08424632554153677,116.7,63.9,2,8.8,16.015625,180.0,44.0,41.0,1.0,50,1.0,0,0.0
C2,1337,0.13597533029830747,113.4,62.5,2,18.4,16.015625,232.0,92.0,41.0,1.0,50,2.0,2,0.0
C2,1338,0.1167406299925724,112.5,61.800000000000004,2,13.6,16.40625,306.0,68.0,42.0,1.0,50,1.0,1,0.0
C2,1339,0.10880856374717629,116.2,65.4,2,14.0,16.015625,164.0,70.0,41.0,1.0,50,2.0,2,0.0
C2,1340,0.10851094447237267,127.3,69.4,1,22.4,16.015625,269.0,112.0,41.0,1.0,50,2.0,0,0.0
C2,1341,-0.02789473684210525,208.6,116.7,1,42.4,16.40625,261.0,106.0,21.0,1.0,50,2.0,2,0.0
C2,1342,-0.017631578947368387,204.7,116.1,1,51.2,16.40625,306.0,128.0,21.0,1.0,50,2.0,2,0.0
C2,1343,-0.019473684210526254,205.4,116.0,1,40.0,16.40625,259.0,100.0,21.0,1.0,50,2.0,1,0.0
C2,1344,-0.05115933822099711,209.9,118.3,1,36.0,16.40625,230.0,90.0,21.0,1.0,50,2.0,0,0.0
C2,1345,-0.0905697316868267,206.8,114.8,1,22.8,17.1875,263.0,57.0,22.0,1.0,50,1.0,2,0.0
C2,1346,-0.019210526315789456,205.3,118.3,1,47.6,17.1875,285.0,119.0,22.0,1.0,50,2.0,0,0.0
C2,1347,-0.15904884369163813,217.29999999999998,122.0,1,13.6,16.40625,192.0,34.0,21.0,1.0,50,1.0,1,0.0
C2,1348,0.012722116582943713,184.9,88.6,2,38.6,16.40625,265.0,193.0,42.0,1.0,50,3.0,2,0.0
C2,1349,0.16291821156481218,114.9,62.1,2,25.6,16.015625,301.0,128.0,41.0,1.0,50,2.0,2,0.0
C2,1350,0.13839322051043593,121.39999999999999,65.69999999999999,2,23.8,16.015625,331.0,119.0,41.0,1.0,50,2.0,1,0.0
C2,1351,0.18642039251947284,116.0,63.70000000000001,2,32.8,16.015625,254.0,164.0,41.0,1.0,50,3.0,1,0.0
C2,1352,0.11215671855747017,116.3,63.1,2,14.8,16.015625,347.0,74.0,41.0,1.0,50,1.0,2,0.0
C2,1353,0.1526078226593451,118.2,65.4,2,25.2,16.015625,298.0,126.0,41.0,1.0,50,2.0,1,0.0
C2,1354,0.1666698788344726,122.0,66.0,2,31.6,16.40625,272.0,158.0,42.0,1.0,50,3.0,2,0.0
C2,1355,0.10941072255548068,114.6,64.9,2,13.2,16.015625,275.0,66.0,41.0,1.0,50,1.0,0,0.0
C2,1356,0.11933487953665001,112.19999999999999,63.8,2,14.0,16.015625,152.0,70.0,41.0,1.0,50,2.0,2,0.0
C2,1357,0.09004918181226426,122.30000000000001,65.19999999999999,2,13.4,16.40625,145.0,67.0,42.0,1.0,50,2.0,1,0.0
C2,1358,0.1402543323099266,113.8,63.70000000000001,2,19.6,16.015625,162.0,98.0,41.0,1.0,50,3.0,1,0.0
C2,1359,0.12482530338709061,108.39999999999999,60.6,2,13.0,16.015625,137.0,65.0,41.0,1.0,50,2.0,2,0.0
C2,1360,-0.12562665339610407,197.3,109.0,1,11.2,16.40625,145.0,28.0,21.0,1.0,50,1.0,1,0.0
C2,1361,-0.12017539640243949,203.9,119.2,1,14.4,16.40625,196.0,36.0,21.0,1.0,50,1.0,2,0.0
C2,1362,-0.0859575831765847,201.1,115.6,1,20.4,16.40625,270.0,51.0,21.0,1.0,50,1.0,2,0.0
C2,1363,-0.017631578947368387,204.7,116.6,1,43.2,16.40625,193.0,108.0,21.0,1.0,50,3.0,0,0.0
C2,1364,0.011585429346986226,141.0,85.1,1,6.8,16.40625,80.0,17.0,21.0,1.0,50,1.0,1,0.0
C2,1365,-0.06409296332896544,210.2,115.9,1,32.0,16.40625,137.0,80.0,21.0,1.0,50,3.0,1,0.0
C2,1366,0.020917599771760678,136.8,81.9,1,6.4,16.40625,76.0,16.0,21.0,1.0,50,1.0,0,0.0
C2,1367,-0.1414545941475605,211.29999999999998,118.7,1,14.0,16.40625,181.0,35.0,21.0,1.0,50,1.0,1,0.0
C2,1368,-0.030198979516869562,200.2,116.4,1,34.4,16.40625,139.0,86.0,21.0,1.0,50,3.0,2,0.0
C2,1369,-0.05763488596534122,202.3,115.7,1,28.0,16.40625,187.0,70.0,21.0,1.0,50,2.0,2,0.0
C2,1370,0.06842753461014409,119.4,73.89999999999999,1,6.8,16.40625,69.0,17.0,21.0,1.0,50,1.0,1,0.0
C2,1371,0.06166883920921479,148.29999999999998,94.60000000000001,1,22.4,16.40625,89.0,56.0,21.0,1.0,50,3.0,0,0.0
C2,1372,-0.13471742329172814,206.0,116.4,1,32.4,16.40625,133.0,81.0,21.0,1.0,70,3.0,0,0.0
C2,1373,-0.21780082175484883,213.0,116.6,1,16.8,16.40625,103.0,42.0,21.0,1.0,70,2.0,1,0.0
C2,1374,-0.24317690560996796,214.10000000000002,117.2,1,10.0,16.40625,115.0,25.0,21.0,1.0,70,1.0,1,0.0
C2,1375,-0.21908335667105377,201.9,118.8,1,7.2,16.40625,101.0,18.0,21.0,1.0,70,1.0,1,0.0
C2,1376,-0.09478650152105167,207.1,115.1,1,42.0,16.40625,165.0,105.0,21.0,1.0,70,3.0,1,0.0
C2,1377,-0.12255511226267715,209.60000000000002,119.4,1,37.2,17.1875,151.0,93.0,22.0,1.0,70,3.0,0,0.0
C2,1378,-0.23344006350470475,210.4,114.8,1,10.0,16.40625,146.0,25.0,21.0,1.0,70,1.0,2,0.0
C2,1379,-0.018947368421052657,205.2,115.9,1,20.8,16.40625,134.0,52.0,21.0,1.0,30,2.0,2,0.0
C2,1380,-0.006842105263157872,200.6,113.0,1,28.8,16.40625,178.0,72.0,21.0,1.0,30,2.0,1,0.0
C2,1381,-0.05019906570389865,206.4,117.8,1,13.2,16.40625,152.0,33.0,21.0,1.0,30,1.0,2,0.0
C2,1382,-0.011842105263157932,202.5,113.5,1,20.8,16.40625,128.0,52.0,21.0,1.0,30,2.0,2,0.0
C2,1383,0.11578976096990318,143.8,92.2,1,13.6,17.1875,85.0,34.0,22.0,1.0,30,2.0,2,0.0
C2,1384,0.1471481101605503,128.89999999999998,81.60000000000001,1,11.2,16.40625,72.0,28.0,21.0,1.0,30,2.0,2,0.0
C2,1385,0.13463013546321334,139.3,93.89999999999999,1,16.0,16.40625,80.0,40.0,21.0,1.0,30,2.0,2,0.0
C2,1386,-0.03703710084213893,193.3,101.0,1,7.2,16.40625,91.0,18.0,21.0,1.0,30,1.0,0,0.0
C2,1387,-0.0018421052631578672,198.7,111.8,1,30.0,16.40625,133.0,75.0,21.0,1.0,30,3.0,0,0.0
C2,1388,-0.016319096491657026,186.6,109.3,1,8.0,16.40625,112.0,20.0,21.0,1.0,30,1.0,1,0.0
C2,1389,-0.05866789043358467,215.4,118.6,1,18.8,16.40625,126.0,47.0,21.0,1.0,30,2.0,2,0.0
C2,1390,0.18884066177900283,118.7,70.4,1,16.0,16.40625,66.0,40.0,21.0,1.0,30,3.0,2,0.0
C2,1391,0.17078947368421057,133.1,83.6,1,20.8,16.40625,76.0,52.0,21.0,1.0,30,3.0,2,0.0
C2,1392,0.17989329335795018,122.1,73.80000000000001,1,16.0,16.40625,62.0,40.0,21.0,1.0,30,3.0,1,0.0
C2,1393,0.19300005884231689,101.6,62.5,1,4.4,16.40625,52.0,11.0,21.0,1.0,30,1.0,1,0.0
C2,1394,0.1673446608713361,112.60000000000001,72.3,1,5.2,16.40625,65.0,13.0,21.0,1.0,30,1.0,1,0.0
C2,1395,0.09664303955925918,150.60000000000002,92.39999999999999,1,13.2,16.40625,82.0,33.0,21.0,1.0,30,2.0,2,0.0
C2,1396,-0.03207563306394981,201.8,112.8,1,15.2,16.40625,106.0,38.0,21.0,1.0,30,2.0,2,0.0
C2,1397,0.14160276573357747,128.3,80.10000000000001,1,9.2,16.40625,79.0,23.0,21.0,1.0,30,2.0,0,0.0
C2,1398,0.14947368421052637,141.2,91.0,1,22.0,16.40625,88.0,55.0,21.0,1.0,30,3.0,0,0.0
C2,1399,-0.011315789473684168,202.3,114.8,1,24.8,16.40625,113.0,62.0,21.0,1.0,30,3.0,0,0.0
C2,1400,-0.00601195577104488,182.10000000000002,102.3,1,7.6,16.40625,90.0,19.0,21.0,1.0,30,1.0,0,0.0
C2,1401,0.11063092190316978,144.8,91.80000000000001,1,12.8,16.40625,84.0,32.0,21.0,1.0,30,2.0,0,0.0
C2,1402,0.12175484528445848,142.0,92.7,1,14.0,16.40625,87.0,35.0,21.0,1.0,30,2.0,0,0.0
C2,1403,0.011842105263157876,193.5,110.5,1,32.0,16.40625,137.0,80.0,21.0,1.0,30,3.0,2,0.0
C2,1404,0.13710526315789473,145.9,92.8,1,22.4,16.40625,89.0,56.0,21.0,1.0,30,3.0,1,0.0
C2,1405,0.13614356304499892,133.6,80.8,1,11.6,16.40625,76.0,29.0,21.0,1.0,30,2.0,1,0.0
C2,1406,0.019736842105263164,190.5,105.7,1,23.2,16.40625,95.0,58.0,21.0,1.0,30,3.0,2,0.0
C2,1407,0.0368421052631579,184.0,105.39999999999999,1,23.2,16.40625,96.0,58.0,21.0,1.0,30,3.0,2,0.0
C2,1408,0.10973684210526319,156.29999999999998,95.2,1,20.8,16.40625,83.0,52.0,21.0,1.0,30,3.0,0,0.0
C2,1409,0.13392115990314563,133.39999999999998,85.0,1,10.8,16.40625,74.0,27.0,21.0,1.0,30,2.0,0,0.0
C2,1410,0.10842133991727163,146.6,96.10000000000001,1,13.6,16.40625,86.0,34.0,21.0,1.0,30,2.0,0,0.0
C2,1411,-0.0289473684210525,209.0,120.39999999999999,1,24.4,16.40625,104.0,61.0,21.0,1.0,30,3.0,0,0.0
C2,1412,0.04354140410474802,165.0,97.3,1,8.8,16.40625,87.0,22.0,21.0,1.0,30,1.0,1,0.0
C2,1413,-0.036693332337429024,205.6,121.2,1,17.2,16.40625,120.0,43.0,21.0,1.0,30,2.0,1,0.0
C2,1414,0.0460526315789474,180.5,102.5,1,22.4,16.40625,96.0,56.0,21.0,1.0,30,3.0,2,0.0
C2,1415,-0.04500000000000004,215.10000000000002,121.30000000000001,1,24.0,16.40625,138.0,60.0,21.0,1.0,30,2.0,0,0.0
C2,1416,-0.012785350946217577,198.3,115.2,1,19.2,16.40625,122.0,48.0,21.0,1.0,30,2.0,2,0.0
C2,1417,-0.0819064051579548,212.10000000000002,118.3,1,8.4,16.40625,120.0,21.0,21.0,1.0,30,1.0,1,0.0
C2,1418,0.019473684210526365,190.6,110.39999999999999,1,22.0,16.40625,137.0,55.0,21.0,1.0,30,2.0,1,0.0
C2,1419,-0.019473684210526254,205.4,116.0,1,32.4,16.40625,137.0,81.0,21.0,1.0,30,3.0,2,0.0
C2,1420,-0.011842105263157932,202.5,113.5,1,32.0,16.40625,130.0,80.0,21.0,1.0,30,3.0,2,0.0
C2,1421,0.0731578947368422,170.2,102.9,1,22.4,16.40625,150.0,56.0,21.0,1.0,30,2.0,2,0.0
C2,1422,0.04263157894736845,178.60000000000002,94.60000000000001,2,34.4,16.40625,169.0,86.0,21.0,1.0,30,3.0,1,0.0
C2,1423,0.19877514199236732,109.8,61.199999999999996,2,11.6,16.015625,132.0,58.0,41.0,1.0,30,2.0,2,0.0
C2,1424,0.1639708412133845,114.5,65.69999999999999,2,5.6,16.015625,129.0,28.0,41.0,1.0,30,1.0,1,0.0
C2,1425,0.20273690094758,97.9,60.699999999999996,2,4.4,16.015625,120.0,22.0,41.0,1.0,30,1.0,1,0.0
C2,1426,0.18089479568442213,106.2,61.0,2,4.4,16.015625,115.0,22.0,41.0,1.0,30,1.0,0,0.0
C2,1427,0.23861991063151894,90.30000000000001,46.699999999999996,2,8.4,16.015625,78.0,42.0,41.0,1.0,30,2.0,0,0.0
C2,1428,-0.024473684210526314,204.1,107.30000000000001,1,23.6,16.40625,103.0,59.0,21.0,1.0,30,3.0,1,0.0
C2,1429,0.09319857054474459,144.4,94.89999999999999,1,7.6,16.40625,85.0,19.0,21.0,1.0,30,1.0,2,0.0
C2,1430,-0.016315789473684228,201.0,100.0,2,36.4,16.40625,148.0,91.0,21.0,1.0,30,3.0,0,0.0
C2,1431,0.20147224072637127,113.9,65.19999999999999,2,16.0,16.015625,174.0,80.0,41.0,1.0,30,2.0,1,0.0
C2,1432,0.1682259856448034,113.8,62.8,2,6.2,16.015625,141.0,31.0,41.0,1.0,30,1.0,0,0.0
C2,1433,0.1998986699816526,105.30000000000001,60.8,2,8.6,16.015625,100.0,43.0,41.0,1.0,30,2.0,1,0.0
C2,1434,0.1794651899537329,120.3,65.3,2,14.2,16.015625,156.0,71.0,41.0,1.0,30,2.0,0,0.0
C2,1435,0.19947368421052633,122.2,65.0,2,23.2,16.015625,184.0,116.0,41.0,1.0,30,3.0,0,0.0
C2,1436,0.1872719701015855,116.4,64.8,2,13.4,16.015625,163.0,67.0,41.0,1.0,30,2.0,0,0.0
C2,1437,0.17738920046366294,112.69999999999999,59.3,2,7.8,16.015625,99.0,39.0,41.0,1.0,30,2.0,1,0.0
C2,1438,0.1452393977134414,121.0,66.10000000000001,2,5.2,16.015625,132.0,26.0,41.0,1.0,30,1.0,1,0.0
C2,1439,0.15660242016075296,117.3,70.0,2,5.6,16.015625,125.0,28.0,41.0,1.0,30,1.0,2,0.0
C2,1440,0.19775535836923014,116.7,65.10000000000001,2,17.4,16.015625,139.0,87.0,41.0,1.0,30,3.0,1,0.0
C2,1441,0.23315789473684212,103.0,51.2,4,37.6,15.885417,423.0,282.0,61.0,1.0,30,3.0,2,0.0
C2,1442,0.3452631578947368,66.8,39.6,4,27.9,15.8203125,626.0,279.0,81.0,1.0,30,2.0,1,0.0
C2,1443,0.20286690771889707,96.9,41.9,4,3.8,15.8203125,146.0,38.0,81.0,1.0,30,1.0,1,0.0
C2,1444,0.2706671584557622,77.39999999999999,41.9,4,7.9,15.8203125,162.0,79.0,81.0,1.0,30,2.0,1,0.0
C2,1445,0.22036847989494845,91.2,41.6,4,4.4,15.8203125,165.0,44.0,81.0,1.0,30,1.0,1,0.0
C2,1446,0.30636294021390686,69.3,39.300000000000004,4,11.9,16.015625,156.0,119.0,82.0,1.0,30,3.0,0,0.0
C2,1447,0.272607818766073,72.6,40.599999999999994,4,5.2,15.8203125,103.0,52.0,81.0,1.0,30,2.0,1,0.0
C2,1448,0.17561724725552524,112.19999999999999,64.5,2,11.6,16.015625,142.0,58.0,41.0,1.0,30,2.0,0,0.0
C2,1449,0.19772347049832073,116.9,66.0,2,17.6,16.015625,207.0,88.0,41.0,1.0,30,2.0,2,0.0
C2,1450,0.16430145778184102,122.89999999999999,69.1,2,11.6,16.015625,234.0,58.0,41.0,1.0,30,1.0,2,0.0
C2,1451,0.21394736842105266,116.7,64.0,2,24.6,16.015625,191.0,123.0,41.0,1.0,30,3.0,2,0.0
C2,1452,0.2057091282809784,112.9,66.60000000000001,2,16.6,16.015625,137.0,83.0,41.0,1.0,30,3.0,0,0.0
C2,1453,0.21675961811917036,108.5,64.19999999999999,2,16.4,16.015625,129.0,82.0,41.0,1.0,30,3.0,0,0.0
C2,1454,0.1615997267794524,118.7,66.10000000000001,2,7.8,16.015625,173.0,39.0,41.0,1.0,30,1.0,0,0.0
C2,1455,0.0803132878403302,119.2,65.4,2,29.4,16.015625,228.0,147.0,41.0,1.0,70,3.0,0,0.0
C2,1456,0.09345627615380853,112.19999999999999,62.5,2,28.2,16.015625,238.0,141.0,41.0,1.0,70,3.0,1,0.0
C2,1457,0.002444019443154838,116.7,67.3,2,6.2,16.015625,138.0,31.0,41.0,1.0,70,1.0,1,0.0
C2,1458,0.015372531836385261,112.60000000000001,56.0,2,7.0,16.015625,84.0,35.0,41.0,1.0,70,2.0,2,0.0
C2,1459,-0.21791374771523103,201.3,113.3,1,10.0,16.40625,123.0,25.0,21.0,1.0,70,1.0,2,0.0
C2,1460,-0.21046202817934107,204.5,115.8,1,12.4,16.40625,179.0,31.0,21.0,1.0,70,1.0,2,0.0
C2,1461,-0.03376669259870882,203.7,117.4,1,56.4,16.40625,233.0,141.0,21.0,1.0,70,3.0,2,0.0
C2,1462,-0.06887165373063489,204.2,115.6,1,46.4,17.1875,195.0,116.0,22.0,1.0,70,3.0,0,0.0
C2,1463,-0.1490650570865783,206.7,116.8,1,29.6,16.40625,121.0,74.0,21.0,1.0,70,3.0,0,0.0
C2,1464,-0.14251005340588913,202.2,113.3,1,28.4,16.40625,188.0,71.0,21.0,1.0,70,2.0,0,0.0
C2,1465,-0.1522617365582754,197.5,113.4,1,23.2,16.40625,152.0,58.0,21.0,1.0,70,2.0,2,0.0
C2,1466,-0.17384068392669644,205.7,114.4,1,23.2,16.40625,145.0,58.0,21.0,1.0,70,2.0,1,0.0
C2,1467,-0.06772282241531166,208.4,115.2,1,49.6,16.40625,207.0,124.0,21.0,1.0,70,3.0,2,0.0
C2,1468,-0.278310609002984,210.2,116.8,1,7.2,16.40625,119.0,18.0,21.0,1.0,90,1.0,1,0.0
C2,1469,-0.19436069417132323,189.0,105.5,1,23.6,16.40625,99.0,59.0,21.0,1.0,90,3.0,2,0.0
C2,1470,-0.2629313912509801,210.2,120.3,1,17.6,16.40625,113.0,44.0,21.0,1.0,90,2.0,2,0.0
C2,1471,-0.21245979980294072,192.20000000000002,109.2,1,19.2,16.40625,122.0,48.0,21.0,1.0,90,2.0,1,0.0
C2,1472,-0.19224033754480396,180.5,105.6,1,13.2,16.40625,92.0,33.0,21.0,1.0,90,2.0,0,0.0
C2,1473,-0.25744198163689674,204.6,116.6,1,12.0,16.40625,133.0,30.0,21.0,1.0,90,1.0,2,0.0
C2,1474,-0.18183762725288127,203.3,113.69999999999999,1,39.6,17.1875,168.0,99.0,22.0,1.0,90,3.0,0,0.0
C2,1475,-0.19118782214541913,201.8,115.1,1,36.0,17.1875,155.0,90.0,22.0,1.0,90,3.0,0,0.0
C2,1476,-0.1899861559856731,204.1,115.6,1,38.0,16.40625,168.0,95.0,21.0,1.0,90,3.0,2,0.0
C2,1477,-0.13949649856918528,208.5,116.4,1,32.8,17.1875,190.0,82.0,22.0,1.0,70,2.0,2,0.0
C2,1478,-0.09520169897639147,202.6,112.9,1,39.2,16.40625,248.0,98.0,21.0,1.0,70,2.0,2,0.0
C2,1479,-0.19735457703830456,206.9,117.6,1,18.0,16.40625,114.0,45.0,21.0,1.0,70,2.0,1,0.0
C2,1480,-0.12866479171278083,203.7,115.2,1,32.4,16.40625,139.0,81.0,21.0,1.0,70,3.0,1,0.0
C2,1481,-0.1799501313487551,207.4,115.0,1,22.8,16.40625,147.0,57.0,21.0,1.0,70,2.0,1,0.0
C2,1482,-0.2019772958296296,205.9,112.3,1,16.0,16.40625,228.0,40.0,21.0,1.0,70,1.0,1,0.0
C2,1483,-0.22498615598567306,217.4,119.8,1,18.0,16.40625,217.0,45.0,21.0,1.0,70,1.0,0,0.0
C2,1484,-0.15405465744313435,204.6,115.6,1,27.2,17.1875,118.0,68.0,22.0,1.0,70,3.0,2,0.0
C2,1485,-0.06093228366181816,204.7,117.0,1,48.8,16.40625,188.0,122.0,21.0,1.0,70,3.0,1,0.0
C2,1486,-0.11948515824234915,186.29999999999998,109.10000000000001,1,24.0,16.40625,96.0,60.0,21.0,1.0,70,3.0,2,0.0
C2,1487,-0.20995712594013688,205.8,115.9,1,13.6,16.40625,185.0,34.0,21.0,1.0,70,1.0,1,0.0
C2,1488,-0.22889781103387158,206.9,121.39999999999999,1,8.4,16.40625,104.0,21.0,21.0,1.0,70,1.0,0,0.0
C2,1489,-0.12808094104130296,199.4,112.4,1,30.0,16.40625,131.0,75.0,21.0,1.0,70,3.0,1,0.0
C2,1490,-0.14275328340838433,174.6,100.6,1,8.8,16.40625,95.0,22.0,21.0,1.0,70,1.0,1,0.0
C2,1491,-0.1901988702846043,196.8,112.19999999999999,1,12.4,16.40625,140.0,31.0,21.0,1.0,70,1.0,1,0.0
C2,1492,-0.21594545583473707,203.3,110.0,1,9.6,16.40625,136.0,24.0,21.0,1.0,70,1.0,2,0.0
C2,1493,-0.023648873617983124,134.5,81.5,1,13.2,16.40625,76.0,33.0,21.0,1.0,70,2.0,2,0.0
C2,1494,0.012867169801369246,124.8,79.60000000000001,1,16.4,16.40625,75.0,41.0,21.0,1.0,70,3.0,1,0.0
C2,1495,-0.12528597225339594,203.1,114.2,1,32.8,16.40625,128.0,82.0,21.0,1.0,70,3.0,0,0.0
C2,1496,-0.17514831461028763,199.6,112.19999999999999,1,18.8,16.40625,131.0,47.0,21.0,1.0,70,2.0,1,0.0
C2,1497,-0.15699857866353856,199.3,111.8,1,23.2,16.40625,105.0,58.0,21.0,1.0,70,3.0,2,0.0
C2,1498,-0.10527463192655975,180.9,101.5,1,24.0,16.40625,93.0,60.0,21.0,1.0,70,3.0,2,0.0
C2,1499,0.025297485012159754,119.0,70.5,1,15.6,16.40625,65.0,39.0,21.0,1.0,70,3.0,1,0.0
C2,1500,0.13477217901359578,74.30000000000001,46.300000000000004,1,13.2,16.40625,48.0,33.0,21.0,1.0,70,3.0,0,0.0
C2,1501,-0.16213633672336714,199.4,115.5,1,22.0,16.40625,147.0,55.0,21.0,1.0,70,2.0,0,0.0
C2,1502,-0.21267606158070712,203.9,114.9,1,11.2,16.40625,133.0,28.0,21.0,1.0,70,1.0,0,0.0
C2,1503,-0.12186428285770778,206.6,115.0,1,35.6,16.40625,154.0,89.0,21.0,1.0,70,3.0,0,0.0
C2,1504,-0.14233262602184754,202.8,115.1,1,28.8,16.40625,127.0,72.0,21.0,1.0,70,3.0,0,0.0
C2,1505,-0.22406907288206845,205.5,116.9,1,8.8,16.40625,143.0,22.0,21.0,1.0,70,1.0,0,0.0
C2,1506,-0.19177781765302532,197.4,114.1,1,12.4,16.40625,135.0,31.0,21.0,1.0,70,1.0,0,0.0
C2,1507,-0.11708584434435973,199.3,114.9,1,32.4,16.40625,137.0,81.0,21.0,1.0,70,3.0,2,0.0
C2,1508,-0.23080425341855237,208.5,115.0,1,9.2,16.40625,145.0,23.0,21.0,1.0,70,1.0,0,0.0
C2,1509,-0.1173042798833592,198.7,113.60000000000001,1,32.0,16.40625,135.0,80.0,21.0,1.0,70,3.0,2,0.0
C2,1510,-0.039964663091667296,140.7,84.3,1,13.2,16.40625,80.0,33.0,21.0,1.0,70,2.0,2,0.0
C2,1511,-0.14337142428160954,201.2,116.2,1,27.6,16.40625,122.0,69.0,21.0,1.0,70,3.0,0,0.0
C2,1512,-0.04416807186052896,141.8,88.5,1,12.8,16.40625,86.0,32.0,21.0,1.0,70,2.0,1,0.0
C2,1513,-0.22828808900338932,208.9,114.3,1,10.4,16.40625,124.0,26.0,21.0,1.0,70,1.0,2,0.0
C2,1514,0.46641111205546026,47.300000000000004,35.1,1,6.8,16.40625,38.0,17.0,21.0,1.0,70,2.0,1,0.0
C2,1515,-0.010688570809729125,128.1,80.5,1,12.0,16.40625,79.0,30.0,21.0,1.0,70,2.0,2,0.0
C2,1516,-0.1858167805309986,190.1,107.89999999999999,1,8.0,16.40625,102.0,20.0,21.0,1.0,70,1.0,1,0.0
C2,1517,0.048272738021291325,114.7,70.8,1,18.8,16.40625,68.0,47.0,21.0,1.0,70,3.0,2,0.0
C2,1518,0.030370333638947145,109.7,62.300000000000004,1,9.6,16.40625,54.0,24.0,21.0,1.0,70,2.0,2,0.0
C2,1519,-0.16608019861968337,192.8,105.0,1,16.4,17.1875,94.0,41.0,22.0,1.0,70,2.0,0,0.0
C2,1520,0.05600381927095682,93.5,50.1,1,3.2,16.40625,41.0,8.0,21.0,1.0,70,1.0,1,0.0
C2,1521,-0.2133271375443226,211.29999999999998,115.1,1,16.8,16.40625,100.0,42.0,21.0,1.0,70,2.0,1,0.0
C2,1522,-0.01558186209723883,141.3,90.5,1,20.4,16.40625,83.0,51.0,21.0,1.0,70,3.0,2,0.0
C2,1523,-0.12634751548119927,182.79999999999998,100.3,1,20.0,16.40625,92.0,50.0,21.0,1.0,70,3.0,2,0.0
C2,1524,0.07406461988037681,88.5,53.8,1,5.2,16.40625,48.0,13.0,21.0,1.0,70,1.0,2,0.0
C2,1525,-0.1991152037340133,193.89999999999998,99.9,1,6.8,16.40625,96.0,17.0,21.0,1.0,70,1.0,0,0.0
C2,1526,-0.17217244096025758,201.4,116.5,1,20.8,16.40625,116.0,52.0,21.0,1.0,70,2.0,2,0.0
C2,1527,-0.0021242740310205566,122.5,69.6,1,10.0,16.40625,64.0,25.0,21.0,1.0,70,2.0,2,0.0
C2,1528,-0.08847576812807281,170.8,102.4,1,21.6,16.40625,92.0,54.0,21.0,1.0,70,3.0,2,0.0
C2,1529,0.07698355869687881,91.1,54.6,1,8.8,16.40625,49.0,22.0,21.0,1.0,70,2.0,0,0.0
C2,1530,0.0032111767704077337,132.39999999999998,81.19999999999999,1,19.2,16.40625,73.0,48.0,21.0,1.0,70,3.0,1,0.0
C2,1531,-0.16608370514441972,200.9,113.19999999999999,1,22.0,16.40625,101.0,55.0,21.0,1.0,70,3.0,2,0.0
C2,1532,0.04874849813644827,106.0,60.699999999999996,1,12.4,16.40625,53.0,31.0,21.0,1.0,70,3.0,0,0.0
C2,1533,-0.14399678999122473,202.1,112.19999999999999,1,28.0,17.1875,338.0,70.0,22.0,1.0,70,1.0,1,0.0
C2,1534,-0.1007605596451796,202.0,113.0,1,37.6,16.40625,525.0,94.0,21.0,1.0,70,1.0,1,0.0
C2,1535,-0.10112992434907081,203.5,114.5,1,38.4,16.40625,470.0,96.0,21.0,1.0,70,1.0,1,0.0
C2,1536,-0.022475127694681296,195.8,103.2,2,84.0,16.40625,360.0,210.0,21.0,1.0,70,3.0,1,0.0
C2,1537,0.09835809527485295,118.8,65.19999999999999,2,33.2,16.015625,266.0,166.0,41.0,1.0,70,3.0,1,0.0
C2,1538,0.13123061212395556,117.9,64.9,2,40.0,16.40625,291.0,200.0,42.0,1.0,70,3.0,0,0.0
C2,1539,0.017433406594027687,119.9,67.3,2,14.0,16.015625,328.0,70.0,41.0,1.0,70,1.0,2,0.0
C2,1540,0.015890376558691896,118.0,64.60000000000001,2,12.0,16.015625,289.0,60.0,41.0,1.0,70,1.0,0,0.0
C2,1541,0.04912141075956884,121.6,65.8,2,23.6,16.015625,301.0,118.0,41.0,1.0,70,2.0,2,0.0
C2,1542,0.07296881009695623,115.4,64.69999999999999,2,25.4,16.015625,322.0,127.0,41.0,1.0,70,2.0,2,0.0
C2,1543,0.008310245489365903,120.39999999999999,65.8,2,11.6,16.015625,279.0,58.0,41.0,1.0,70,1.0,0,0.0
C2,1544,-0.058485345329559124,200.0,106.7,1,48.4,17.1875,302.0,121.0,22.0,1.0,70,2.0,0,0.0
C2,1545,-0.04935333629339708,200.3,113.9,1,48.8,16.40625,326.0,122.0,21.0,1.0,70,2.0,2,0.0
C2,1546,-0.02526315789473682,207.6,115.0,1,72.0,16.40625,305.0,180.0,21.0,1.0,70,3.0,0,0.0
C2,1547,-0.09110229099473582,205.7,116.1,1,42.0,16.40625,268.0,105.0,21.0,1.0,70,2.0,0,0.0
C2,1548,-0.19672726197870866,207.8,116.8,1,18.8,16.40625,248.0,47.0,21.0,1.0,70,1.0,0,0.0
C2,1549,-0.1456440044549993,205.4,117.0,1,29.6,16.40625,209.0,74.0,21.0,1.0,70,2.0,1,0.0
C2,1550,-0.12860803340706178,190.4,108.39999999999999,1,24.4,16.40625,168.0,61.0,21.0,1.0,70,2.0,2,0.0
C2,1551,-0.02651485517758284,197.4,111.19999999999999,1,13.2,16.40625,103.0,33.0,21.0,1.0,30,2.0,1,0.0
C2,1552,0.23484144821895925,97.60000000000001,59.1,1,12.8,16.40625,53.0,32.0,21.0,1.0,30,3.0,0,0.0
C2,1553,0.7462314194893644,32.599999999999994,26.599999999999998,1,4.8,16.40625,23.0,12.0,21.0,1.0,30,2.0,1,0.0
C2,1554,0.747444130055098,33.2,26.200000000000003,1,6.4,16.40625,29.0,16.0,21.0,1.0,30,2.0,2,0.0
C2,1555,0.7386727046511112,32.7,27.099999999999998,1,3.2,16.40625,24.0,8.0,21.0,1.0,30,1.0,1,0.0
C2,1556,0.6549501199033889,45.3,35.8,1,10.0,16.40625,33.0,25.0,21.0,1.0,30,3.0,0,0.0
C2,1557,0.6079709502651465,47.6,36.3,1,3.2,16.40625,35.0,8.0,21.0,1.0,30,1.0,2,0.0
C2,1558,0.7476006629692666,33.0,26.0,1,6.0,16.40625,27.0,15.0,21.0,1.0,30,2.0,2,0.0
C2,1559,0.7563124824557113,32.9,26.0,1,8.0,16.40625,27.0,20.0,21.0,1.0,30,3.0,1,0.0
C2,1560,0.22431584831600107,89.7,49.6,1,4.4,16.40625,43.0,11.0,21.0,1.0,30,1.0,2,0.0
C2,1561,-0.07859327906026428,215.2,118.5,1,11.6,16.40625,128.0,29.0,21.0,1.0,30,1.0,0,0.0
C2,1562,-0.0289473684210525,209.0,118.6,1,20.0,16.40625,124.0,50.0,21.0,1.0,30,2.0,2,0.0
C2,1563,0.10398520762268723,143.7,90.6,1,10.0,16.40625,86.0,25.0,21.0,1.0,30,1.0,0,0.0
C2,1564,0.5511970909190136,33.300000000000004,26.599999999999998,1,5.6,16.40625,29.0,14.0,21.0,1.0,90,2.0,2,0.0
C2,1565,0.5617302010119412,32.4,26.0,1,8.0,16.40625,26.0,20.0,21.0,1.0,90,3.0,1,0.0
C2,1566,0.02460176771835386,98.10000000000001,59.7,1,13.2,16.40625,59.0,33.0,21.0,1.0,90,3.0,1,0.0
C2,1567,0.5564602488137504,32.7,26.3,1,5.6,16.40625,28.0,14.0,21.0,1.0,90,2.0,0,0.0
C2,1568,0.5513776913518786,33.099999999999994,25.6,1,4.0,16.40625,21.0,10.0,21.0,1.0,90,2.0,2,0.0
C2,1569,0.5546718471373668,33.099999999999994,25.9,1,7.2,16.40625,25.0,18.0,21.0,1.0,90,3.0,1,0.0
C2,1570,0.5536376658257165,32.800000000000004,25.4,1,3.6,16.40625,20.0,9.0,21.0,1.0,90,2.0,2,0.0
C2,1571,0.427051682449378,47.5,36.5,1,6.0,16.40625,34.0,15.0,21.0,1.0,90,2.0,1,0.0
C2,1572,0.5582214290821165,32.800000000000004,27.0,1,8.0,16.40625,27.0,20.0,21.0,1.0,90,3.0,0,0.0
C2,1573,0.550880698808976,33.2,26.4,1,4.4,16.40625,24.0,11.0,21.0,1.0,90,2.0,1,0.0
C2,1574,0.5564602488137504,32.7,26.9,1,5.6,16.40625,21.0,14.0,21.0,1.0,90,3.0,2,0.0
C2,1575,0.5471341666148407,33.5,27.2,1,3.2,16.40625,28.0,8.0,21.0,1.0,90,1.0,2,0.0
C2,1576,-0.07182126472228398,131.39999999999998,79.39999999999999,1,6.4,16.40625,71.0,16.0,21.0,1.0,90,1.0,2,0.0
C2,1577,-0.04810868013558628,125.5,74.30000000000001,1,12.8,16.40625,69.0,32.0,21.0,1.0,90,2.0,0,0.0
C2,1578,-0.23123735225314818,205.7,115.2,1,26.4,16.40625,122.0,66.0,21.0,1.0,90,3.0,2,0.0
C2,1579,0.008194822969363871,105.30000000000001,62.300000000000004,1,14.8,16.40625,51.0,37.0,21.0,1.0,90,3.0,1,0.0
C2,1580,0.45616514591276064,44.6,34.4,1,9.2,16.40625,33.0,23.0,21.0,1.0,90,3.0,0,0.0
C2,1581,-0.26636015839291854,208.9,120.2,1,13.6,17.1875,115.0,34.0,22.0,1.0,90,1.0,0,0.0
C2,1582,-0.07709472854232133,141.7,92.60000000000001,1,20.4,16.40625,87.0,51.0,21.0,1.0,90,3.0,1,0.0
C2,1583,-0.0396243140970195,121.39999999999999,73.7,1,11.2,16.40625,64.0,28.0,21.0,1.0,90,2.0,2,0.0
C2,1584,0.5578181912785641,32.9,26.1,1,8.4,16.40625,27.0,21.0,21.0,1.0,90,3.0,1,0.0
C2,1585,0.4266016716987704,47.7,35.3,1,7.2,16.40625,30.0,18.0,21.0,1.0,90,2.0,2,0.0
C2,1586,0.46168750720754054,43.6,34.0,1,6.4,16.40625,33.0,16.0,21.0,1.0,90,2.0,0,0.0
C2,1587,0.42257276310606884,47.7,36.0,1,3.2,16.40625,33.0,8.0,21.0,1.0,90,1.0,0,0.0
C2,1588,0.5534218359789522,33.0,27.3,1,5.2,16.40625,24.0,13.0,21.0,1.0,90,2.0,1,0.0
C2,1589,0.5555830558312943,32.800000000000004,26.200000000000003,1,5.6,16.40625,26.0,14.0,21.0,1.0,90,2.0,0,0.0
C2,1590,0.42469029740466385,47.5,37.0,1,3.6,16.40625,35.0,9.0,21.0,1.0,90,1.0,0,0.0
C2,1591,0.0425854252892309,87.3,44.0,1,4.8,16.40625,41.0,12.0,21.0,1.0,90,1.0,1,0.0
C2,1592,0.44856551197164524,45.0,33.8,1,5.6,16.40625,30.0,14.0,21.0,1.0,90,2.0,2,0.0
C2,1593,0.42530135009406556,47.9,35.4,1,7.6,16.40625,39.0,19.0,21.0,1.0,90,2.0,1,0.0
C2,1594,0.005232178638311921,101.8,61.1,1,5.6,16.40625,52.0,14.0,21.0,1.0,90,1.0,1,0.0
C2,1595,0.047297690155938044,86.3,48.7,1,6.8,16.40625,42.0,17.0,21.0,1.0,90,2.0,1,0.0
C2,1596,0.02179773634392343,99.4,57.3,1,13.6,16.40625,59.0,34.0,21.0,1.0,90,3.0,2,0.0
C2,1597,0.003470267232834792,105.89999999999999,61.199999999999996,1,12.8,16.40625,52.0,32.0,21.0,1.0,90,3.0,2,0.0
C2,1598,0.005877976329829532,101.4,60.199999999999996,1,5.2,16.40625,53.0,13.0,21.0,1.0,90,1.0,1,0.0
C2,1599,0.007233346665722326,104.7,62.1,1,13.2,16.40625,59.0,33.0,21.0,1.0,90,3.0,0,0.0
C2,1600,0.08640701459844977,70.5,44.8,1,4.4,16.40625,41.0,11.0,21.0,1.0,90,1.0,2,0.0
C2,1601,-0.0197829957634007,111.0,72.9,1,4.8,16.40625,65.0,12.0,21.0,1.0,90,1.0,0,0.0
C2,1602,0.08198752432213623,75.39999999999999,46.0,1,11.6,16.40625,43.0,29.0,21.0,1.0,90,3.0,1,0.0
C2,1603,0.4235469641291533,48.099999999999994,34.5,1,7.6,16.40625,39.0,19.0,21.0,1.0,90,2.0,2,0.0
C2,1604,-0.2533299907709974,201.8,115.9,1,9.6,16.40625,122.0,24.0,21.0,1.0,90,1.0,0,0.0
C2,1605,-0.10276665333427767,146.5,93.7,1,13.2,16.40625,87.0,33.0,21.0,1.0,90,2.0,0,0.0
C2,1606,-0.19732555333768959,201.0,116.2,1,33.6,16.40625,147.0,84.0,21.0,1.0,90,3.0,2,0.0
C2,1607,-0.2420329858403501,204.7,117.9,1,20.8,16.40625,137.0,52.0,21.0,1.0,90,2.0,1,0.0
C2,1608,-0.044519837868663814,120.39999999999999,73.0,1,4.8,16.40625,63.0,12.0,21.0,1.0,90,1.0,0,0.0
C2,1609,-0.2537607560898568,201.4,113.8,1,8.4,16.40625,134.0,21.0,21.0,1.0,90,1.0,1,0.0
C2,1610,-0.26853879146733745,208.6,118.4,1,11.6,16.40625,145.0,29.0,21.0,1.0,90,1.0,2,0.0
C2,1611,-0.25015064356092354,200.4,112.19999999999999,1,9.2,16.40625,116.0,23.0,21.0,1.0,90,1.0,0,0.0
C2,1612,0.4485314962601739,45.199999999999996,36.2,1,7.2,16.40625,37.0,18.0,21.0,1.0,90,2.0,1,0.0
C2,1613,0.06030135009406559,81.69999999999999,45.900000000000006,1,7.6,16.40625,41.0,19.0,21.0,1.0,90,2.0,2,0.0
C2,1614,0.04155312994836985,87.4,53.5,1,4.0,16.40625,50.0,10.0,21.0,1.0,90,1.0,0,0.0
C2,1615,-0.2704355279832341,208.9,120.39999999999999,1,10.8,16.40625,135.0,27.0,21.0,1.0,90,1.0,0,0.0
C2,1616,-0.22622046945965973,204.2,116.0,1,26.8,16.40625,114.0,67.0,21.0,1.0,90,3.0,0,0.0
C2,1617,-0.2719156658474231,210.10000000000002,117.2,1,12.0,16.40625,144.0,30.0,21.0,1.0,90,1.0,1,0.0
C2,1618,-0.24754051708678687,199.6,112.9,1,9.6,16.40625,136.0,24.0,21.0,1.0,90,1.0,1,0.0
C2,1619,-0.2174129007247893,205.7,115.3,1,31.2,16.40625,133.0,78.0,21.0,1.0,90,3.0,2,0.0
C2,1620,-0.22829388038338305,205.4,114.9,1,27.2,17.1875,168.0,68.0,22.0,1.0,90,2.0,2,0.0
C2,1621,-0.09276855870292072,201.0,114.0,1,58.8,16.40625,253.0,147.0,21.0,1.0,90,3.0,0,0.0
C2,1622,-0.23123735225314818,205.7,115.3,1,26.4,16.40625,332.0,66.0,21.0,1.0,90,1.0,0,0.0
C2,1623,-0.2156822979400002,203.2,112.0,1,29.6,16.40625,400.0,74.0,21.0,1.0,90,1.0,2,0.0
C2,1624,0.014736842105263201,189.20000000000002,95.9,2,83.2,16.015625,509.0,416.0,41.0,1.0,90,3.0,1,0.0
C2,1625,-0.021503322691454857,120.1,65.10000000000001,2,19.8,16.015625,472.0,99.0,41.0,1.0,90,1.0,2,0.0
C2,1626,0.08644261835323405,116.2,65.3,2,49.0,16.015625,392.0,245.0,41.0,1.0,90,3.0,2,0.0
C2,1627,-0.037566581016081596,123.2,67.2,2,15.6,16.015625,188.0,78.0,41.0,1.0,90,2.0,0,0.0
C2,1628,-0.015740233758267913,116.7,65.9,2,18.2,16.40625,141.0,91.0,42.0,1.0,90,3.0,2,0.0
C2,1629,-0.04359314866573427,122.1,65.4,2,9.6,16.015625,119.0,48.0,41.0,1.0,90,2.0,1,0.0
C2,1630,0.1230806019667186,118.3,65.69999999999999,2,58.4,16.015625,466.0,292.0,41.0,1.0,90,3.0,1,0.0
C2,1631,0.11170704087475164,117.5,65.69999999999999,2,55.4,16.015625,451.0,277.0,41.0,1.0,90,3.0,0,0.0
C2,1632,0.01662181508336308,119.7,65.8,2,33.6,16.015625,399.0,168.0,41.0,1.0,90,2.0,0,0.0
C2,1633,0.012814680527235098,119.9,66.10000000000001,2,32.6,16.015625,260.0,163.0,41.0,1.0,90,3.0,0,0.0
C2,1634,-0.017668836599724985,118.8,66.19999999999999,2,20.0,16.40625,164.0,100.0,42.0,1.0,90,3.0,0,0.0
C2,1635,-0.02810868013558626,117.9,66.0,2,12.8,16.015625,148.0,64.0,41.0,1.0,90,2.0,2,0.0
C2,1636,-0.02036107087563377,118.9,66.19999999999999,2,18.8,16.015625,145.0,94.0,41.0,1.0,90,3.0,1,0.0
C2,1637,-0.2590209290053178,202.0,110.10000000000001,1,12.0,16.40625,152.0,30.0,21.0,1.0,90,1.0,0,0.0
C2,1638,-0.22280529561630086,201.7,114.5,1,25.6,16.40625,164.0,64.0,21.0,1.0,90,2.0,0,0.0
C2,1639,-0.1993727813360449,199.8,115.1,1,32.0,16.40625,141.0,80.0,21.0,1.0,90,3.0,0,0.0
C2,1640,-0.24754051708678687,199.6,117.3,1,9.6,16.40625,147.0,24.0,21.0,1.0,90,1.0,1,0.0
C2,1641,-0.21030763756689463,203.0,115.5,1,31.2,16.40625,199.0,78.0,21.0,1.0,90,2.0,2,0.0
C2,1642,-0.2524143049781368,211.79999999999998,121.39999999999999,1,24.4,16.40625,152.0,61.0,21.0,1.0,90,2.0,2,0.0
C2,1643,-0.24011509034860423,204.3,117.5,1,21.2,16.40625,137.0,53.0,21.0,1.0,90,2.0,2,0.0
C2,1644,-0.17123960438404173,206.6,116.9,1,44.4,16.40625,184.0,111.0,21.0,1.0,90,3.0,1,0.0
C2,1645,-0.27264953459882113,210.60000000000002,117.1,1,12.4,16.40625,148.0,31.0,21.0,1.0,90,1.0,1,0.0
C2,1646,-0.2412368226945253,205.4,112.0,1,22.0,16.40625,147.0,55.0,21.0,1.0,90,2.0,2,0.0
C2,1647,-0.29074025908295476,217.70000000000002,128.8,1,12.8,16.40625,160.0,32.0,21.0,1.0,90,1.0,1,0.0
C2,1648,-0.23233165906555625,210.9,115.5,1,30.8,16.40625,126.0,77.0,21.0,1.0,90,3.0,2,0.0
C2,1649,-0.10114271136679975,146.6,94.10000000000001,1,14.4,16.40625,87.0,36.0,21.0,1.0,90,2.0,2,0.0
C2,1650,-0.13129637066014926,204.7,118.2,1,32.4,16.40625,134.0,81.0,21.0,1.0,70,3.0,2,0.0
C2,1651,-0.16025668002758492,206.3,116.4,1,26.8,16.40625,117.0,67.0,21.0,1.0,70,3.0,0,0.0
C2,1652,0.018580932981181644,109.2,60.900000000000006,1,4.8,16.40625,59.0,12.0,21.0,1.0,70,1.0,2,0.0
C2,1653,0.06187744217149055,102.0,59.8,1,13.2,16.40625,52.0,33.0,21.0,1.0,70,3.0,1,0.0
C2,1654,0.5969025177146154,32.800000000000004,26.700000000000003,1,8.0,16.40625,26.0,20.0,21.0,1.0,70,3.0,0,0.0
C2,1655,-0.22776177321391572,208.7,116.3,1,10.4,16.40625,116.0,26.0,21.0,1.0,70,1.0,0,0.0
C2,1656,0.46820745212402304,47.6,36.2,1,8.4,16.40625,33.0,21.0,21.0,1.0,70,3.0,0,0.0
C2,1657,-0.01200436028341334,128.6,77.10000000000001,1,12.0,16.40625,71.0,30.0,21.0,1.0,70,2.0,1,0.0
C2,1658,-0.03989061410411232,208.6,115.8,1,19.2,16.40625,128.0,48.0,21.0,1.0,30,2.0,0,0.0
C2,1659,-0.04574662668155502,202.2,114.0,1,11.2,16.40625,112.0,28.0,21.0,1.0,30,1.0,2,0.0
C2,1660,-0.01552631578947361,203.9,113.8,1,28.4,16.40625,119.0,71.0,21.0,1.0,30,3.0,1,0.0
C2,1661,-0.08035439442726838,213.2,120.3,1,9.6,16.40625,127.0,24.0,21.0,1.0,30,1.0,0,0.0
C2,1662,0.005526315789473768,195.89999999999998,106.89999999999999,1,21.6,16.40625,97.0,54.0,21.0,1.0,30,3.0,0,0.0
C2,1663,-0.013421052631578945,203.1,116.2,1,25.6,16.40625,118.0,64.0,21.0,1.0,30,3.0,1,0.0
C2,1664,-0.028798595495323737,202.6,114.7,1,17.2,16.40625,119.0,43.0,21.0,1.0,30,2.0,0,0.0
C2,1665,-0.0094736842105263,201.6,115.9,1,24.0,16.40625,112.0,60.0,21.0,1.0,30,3.0,0,0.0
C2,1666,-0.013421052631578945,203.1,115.5,1,30.0,16.40625,120.0,75.0,21.0,1.0,30,3.0,0,0.0
C2,1667,-0.04758873194471283,202.9,108.10000000000001,1,11.2,16.40625,119.0,28.0,21.0,1.0,30,1.0,2,0.0
C2,1668,-0.010263157894736752,201.9,115.6,1,28.8,16.40625,119.0,72.0,21.0,1.0,30,3.0,2,0.0
C2,1669,-0.05935140929656607,208.9,116.8,1,12.4,16.40625,137.0,31.0,21.0,1.0,30,1.0,1,0.0
C2,1670,-0.021052631578947267,206.0,117.4,1,20.0,16.40625,118.0,50.0,21.0,1.0,30,2.0,0,0.0
C2,1671,-0.003421052631578936,196.1,99.6,2,27.8,16.015625,145.0,139.0,41.0,1.0,30,3.0,1,0.0
C2,1672,0.18543502870152012,120.2,65.19999999999999,2,16.2,16.015625,128.0,81.0,41.0,1.0,30,3.0,1,0.0
C2,1673,0.19407805838735495,115.2,65.4,2,14.6,16.015625,118.0,73.0,41.0,1.0,30,3.0,2,0.0
C2,1674,0.20484281378216976,112.19999999999999,62.4,2,15.6,16.015625,128.0,78.0,41.0,1.0,30,3.0,2,0.0
C2,1675,0.15885613188852113,122.30000000000001,68.0,2,9.6,16.015625,112.0,48.0,41.0,1.0,30,2.0,2,0.0
C2,1676,0.18984281378216974,117.9,64.5,2,15.6,16.015625,126.0,78.0,41.0,1.0,30,3.0,0,0.0
C2,1677,0.1995796558874329,114.2,64.0,2,15.6,16.015625,118.0,78.0,41.0,1.0,30,3.0,1,0.0
C2,1678,0.1639892779266584,114.8,62.9,2,5.8,16.015625,124.0,29.0,41.0,1.0,30,1.0,1,0.0
C2,1679,0.16888306852625581,116.8,62.9,2,8.4,16.015625,109.0,42.0,41.0,1.0,30,2.0,1,0.0
C2,1680,0.2062354440704521,112.69999999999999,63.6,2,16.6,16.015625,127.0,83.0,41.0,1.0,30,3.0,2,0.0
C2,1681,0.1671848519025335,114.8,62.6,2,6.6,16.015625,145.0,33.0,41.0,1.0,30,1.0,1,0.0
C2,1682,0.15933087778895855,121.0,65.19999999999999,2,8.8,16.015625,106.0,44.0,41.0,1.0,30,2.0,2,0.0
C2,1683,0.18168623661943095,113.9,61.699999999999996,2,9.8,16.40625,114.0,49.0,42.0,1.0,30,2.0,0,0.0
C2,1684,0.19509108759465535,113.9,62.5,2,13.8,16.015625,107.0,69.0,41.0,1.0,30,3.0,2,0.0
C2,1685,0.16243235294220865,112.9,60.0,2,4.2,16.015625,117.0,21.0,41.0,1.0,30,1.0,1,0.0
C2,1686,-0.024736842105263168,204.2,112.69999999999999,1,26.8,16.40625,109.0,67.0,21.0,1.0,30,3.0,1,0.0
C2,1687,-0.002368421052631464,198.9,112.9,1,24.4,16.40625,106.0,61.0,21.0,1.0,30,3.0,2,0.0
C2,1688,-0.01105263157894737,202.2,115.8,1,27.2,16.40625,121.0,68.0,21.0,1.0,30,3.0,1,0.0
C2,1689,-0.06781506786977384,204.4,118.0,1,6.8,16.40625,101.0,17.0,21.0,1.0,30,1.0,2,0.0
C2,1690,0.14368449781200843,133.20000000000002,86.4,1,13.6,16.40625,71.0,34.0,21.0,1.0,30,2.0,2,0.0
C2,1691,-0.049433008402623796,198.6,105.5,1,7.6,16.40625,91.0,19.0,21.0,1.0,30,1.0,1,0.0
C2,1692,0.12270728794983496,131.39999999999998,84.2,1,6.4,16.40625,71.0,16.0,21.0,1.0,30,1.0,2,0.0
C2,1693,-0.026209817796777723,200.0,115.6,1,15.6,16.40625,103.0,39.0,21.0,1.0,30,2.0,2,0.0
C2,1694,0.20813168621893507,105.2,67.8,1,10.8,16.40625,60.0,27.0,21.0,1.0,30,2.0,1,0.0
C2,1695,0.17423399910812137,110.60000000000001,66.19999999999999,1,5.6,16.40625,59.0,14.0,21.0,1.0,30,1.0,0,0.0
C2,1696,0.8449503405842114,18.2,17.9,1,2.0,16.40625,14.0,5.0,21.0,1.0,30,1.0,0,0.0
C2,1697,0.2219474272633695,90.6,48.9,1,4.4,16.40625,44.0,11.0,21.0,1.0,30,1.0,0,0.0
C2,1698,0.17959124719735037,117.6,74.1,1,12.0,16.40625,69.0,30.0,21.0,1.0,30,2.0,1,0.0
C2,1699,0.1460526315789474,142.5,89.89999999999999,1,22.0,16.40625,86.0,55.0,21.0,1.0,30,3.0,1,0.0
C2,1700,0.7536809035083429,33.2,26.1,1,8.0,16.40625,27.0,20.0,21.0,1.0,30,3.0,0,0.0
C2,1701,0.6437638794986471,45.199999999999996,34.6,1,6.8,16.40625,33.0,17.0,21.0,1.0,30,2.0,2,0.0
C2,1702,0.7246934292544949,34.1,25.9,1,2.8,16.40625,28.0,7.0,21.0,1.0,30,1.0,2,0.0
C2,1703,0.7484778559517229,32.9,26.5,1,6.0,16.40625,21.0,15.0,21.0,1.0,30,3.0,1,0.0
C2,1704,-0.02406175339006053,200.8,118.3,1,17.2,16.40625,107.0,43.0,21.0,1.0,30,2.0,2,0.0
C2,1705,0.6079043856034703,47.800000000000004,35.9,1,3.6,16.40625,34.0,9.0,21.0,1.0,30,1.0,0,0.0
C2,1706,0.12254431896866902,141.7,91.5,1,14.0,16.40625,86.0,35.0,21.0,1.0,30,2.0,2,0.0
C2,1707,0.11611680427371726,144.6,93.10000000000001,1,14.4,16.40625,84.0,36.0,21.0,1.0,30,2.0,0,0.0
C2,1708,0.23611672376978549,97.60000000000001,57.5,1,13.2,16.40625,54.0,33.0,21.0,1.0,30,3.0,0,0.0
C2,1709,0.8466688412521486,18.1,17.7,1,2.4,16.40625,10.0,6.0,21.0,1.0,30,2.0,0,0.0
C2,1710,0.580064768450566,50.0,17.6,1,1.6,16.40625,8.0,4.0,21.0,1.0,30,1.0,2,0.0
C2,1711,0.6334653590790562,44.5,35.4,1,2.8,16.40625,34.0,7.0,21.0,1.0,30,1.0,0,0.0
C2,1712,0.8483776397808107,18.2,17.8,1,2.8,16.40625,7.0,7.0,21.0,1.0,30,3.0,0,0.0
C2,1713,0.8500762134230411,18.1,17.8,1,3.2,16.40625,7.0,8.0,21.0,1.0,30,3.0,2,0.0
C2,1714,0.5765839711106497,50.0,17.9,1,0.8,16.40625,5.0,2.0,21.0,1.0,30,1.0,0,0.0
C2,1715,0.5765839711106497,50.0,17.7,1,0.8,16.40625,3.0,2.0,21.0,1.0,30,2.0,1,0.0
C2,1716,0.8600234727923319,18.3,17.8,1,5.6,16.40625,14.0,14.0,21.0,1.0,30,3.0,0,0.0
C2,1717,0.5783284365275948,50.0,17.7,1,1.2,16.40625,9.0,3.0,21.0,1.0,30,1.0,2,0.0
C2,1718,0.843222663187408,18.599999999999998,17.8,1,1.6,16.40625,4.0,4.0,21.0,1.0,30,3.0,0,0.0
C2,1719,0.8466688412521486,19.099999999999998,17.9,1,2.4,16.40625,6.0,6.0,21.0,1.0,30,3.0,1,0.0
C2,1720,0.5783284365275948,50.0,17.8,1,1.2,16.40625,5.0,3.0,21.0,1.0,30,1.0,1,0.0
C2,1721,0.6430581651428173,45.1,34.5,1,6.4,16.40625,32.0,16.0,21.0,1.0,30,2.0,0,0.0
C2,1722,0.580064768450566,50.0,18.0,1,1.6,16.40625,4.0,4.0,21.0,1.0,30,2.0,0,0.0
C2,1723,0.5783284365275948,50.0,17.8,1,1.2,16.40625,6.0,3.0,21.0,1.0,30,1.0,0,0.0
C2,1724,0.1983052914941526,108.39999999999999,60.6,1,10.4,16.40625,55.0,26.0,21.0,1.0,30,2.0,0,0.0
C2,1725,-0.02187613262625615,139.1,94.89999999999999,1,17.2,16.40625,80.0,43.0,21.0,1.0,70,3.0,0,0.0
C2,1726,-0.03627291541382116,139.8,88.0,1,13.6,16.40625,87.0,34.0,21.0,1.0,70,2.0,2,0.0
C2,1727,-0.020067177802362918,143.6,91.6,1,20.8,16.40625,87.0,52.0,21.0,1.0,70,3.0,2,0.0
C2,1728,0.6977445678438781,18.5,17.9,1,3.6,16.40625,9.0,9.0,21.0,1.0,70,3.0,0,0.0
C2,1729,0.48270806810144423,45.199999999999996,35.2,1,6.0,16.40625,31.0,15.0,21.0,1.0,70,2.0,0,0.0
C2,1730,0.009985220265658054,117.0,69.1,1,9.2,16.40625,64.0,23.0,21.0,1.0,70,2.0,0,0.0
C2,1731,-0.03017371789946227,128.5,85.7,1,5.6,16.40625,75.0,14.0,21.0,1.0,70,1.0,1,0.0
C2,1732,0.08540461132845775,87.9,47.4,1,8.8,16.40625,45.0,22.0,21.0,1.0,70,2.0,2,0.0
C2,1733,0.5783722403235882,33.5,26.700000000000003,1,3.2,16.40625,27.0,8.0,21.0,1.0,70,1.0,1,0.0
C2,1734,-0.018104612703276513,140.5,94.2,1,19.2,16.40625,80.0,48.0,21.0,1.0,70,3.0,2,0.0
C2,1735,0.44936531535131347,48.099999999999994,35.0,1,2.8,16.40625,30.0,7.0,21.0,1.0,70,1.0,1,0.0
C2,1736,-0.19207093604047182,201.6,121.0,1,15.6,16.40625,100.0,39.0,21.0,1.0,70,2.0,0,0.0
C2,1737,-0.01548344172961058,131.89999999999998,85.8,1,13.6,16.40625,77.0,34.0,21.0,1.0,70,2.0,1,0.0
C2,1738,0.021180598907212397,121.1,72.4,1,16.0,16.40625,64.0,40.0,21.0,1.0,70,3.0,2,0.0
C2,1739,0.5841523391786223,33.4,27.599999999999998,1,5.2,16.40625,22.0,13.0,21.0,1.0,70,2.0,2,0.0
C2,1740,-0.14195265027682546,181.5,105.39999999999999,1,14.8,16.40625,93.0,37.0,21.0,1.0,70,2.0,2,0.0
C2,1741,0.6931327226609154,18.0,17.6,1,1.6,16.40625,14.0,4.0,21.0,1.0,70,1.0,2,0.0
C2,1742,0.45676198924844275,48.4,35.2,1,6.8,16.40625,36.0,17.0,21.0,1.0,70,2.0,1,0.0
C2,1743,-0.06984738711893068,154.1,92.8,1,14.8,16.40625,89.0,37.0,21.0,1.0,70,2.0,1,0.0
C2,1744,-0.1369780935131591,170.7,101.5,1,7.2,16.40625,98.0,18.0,21.0,1.0,70,1.0,0,0.0
C2,1745,0.6996909593573912,18.4,17.9,1,4.4,16.40625,12.0,11.0,21.0,1.0,70,3.0,1,0.0
C2,1746,-0.0008632694816675945,132.8,83.7,1,18.4,16.40625,75.0,46.0,21.0,1.0,70,3.0,1,0.0
C2,1747,0.002077696117158731,128.89999999999998,82.60000000000001,1,16.4,16.40625,72.0,41.0,21.0,1.0,70,3.0,1,0.0
C2,1748,0.010480433041601872,111.9,69.8,1,4.4,16.40625,64.0,11.0,21.0,1.0,70,1.0,1,0.0
C2,1749,0.13720058573967076,66.10000000000001,43.7,1,6.8,16.40625,40.0,17.0,21.0,1.0,70,2.0,1,0.0
C2,1750,0.6949342494879829,17.8,17.5,1,2.4,16.40625,10.0,6.0,21.0,1.0,70,2.0,1,0.0
C2,1751,0.7006861961390762,18.1,17.7,1,4.8,16.40625,14.0,12.0,21.0,1.0,70,3.0,1,0.0
C2,1752,0.6931327226609154,18.2,17.7,1,1.6,16.40625,11.0,4.0,21.0,1.0,70,1.0,2,0.0
C2,1753,0.6967932929551672,18.2,17.9,1,3.2,16.40625,9.0,8.0,21.0,1.0,70,3.0,1,0.0
C2,1754,0.4282301737168955,50.0,17.6,1,0.8,16.40625,8.0,2.0,21.0,1.0,70,1.0,0,0.0
C2,1755,0.4290954344073689,50.0,17.6,1,1.2,16.40625,8.0,3.0,21.0,1.0,70,1.0,0,0.0
C2,1756,-0.12984764924747622,172.9,102.8,1,11.6,16.40625,93.0,29.0,21.0,1.0,70,2.0,0,0.0
C2,1757,-0.15569555859695422,189.4,112.10000000000001,1,16.8,16.40625,107.0,42.0,21.0,1.0,70,2.0,1,0.0
C2,1758,-0.08755314046077886,151.10000000000002,93.7,1,6.4,16.40625,81.0,16.0,21.0,1.0,70,1.0,1,0.0
C2,1759,-0.09816936876866492,178.2,102.5,1,24.0,16.40625,97.0,60.0,21.0,1.0,70,3.0,1,0.0
C2,1760,0.5894154970733592,32.800000000000004,25.9,1,5.2,16.40625,26.0,13.0,21.0,1.0,70,2.0,2,0.0
C2,1761,0.48285226187380353,46.6,35.6,1,10.4,16.40625,35.0,26.0,21.0,1.0,70,3.0,2,0.0
C2,1762,0.6940263352002114,18.2,17.7,1,2.0,16.40625,16.0,5.0,21.0,1.0,70,1.0,0,0.0
C2,1763,-0.2261828258454947,208.1,117.7,1,10.4,16.40625,116.0,26.0,21.0,1.0,70,1.0,2,0.0
C2,1764,-0.11014839015876424,173.2,104.5,1,17.6,16.40625,100.0,44.0,21.0,1.0,70,2.0,2,0.0
C2,1765,0.6931327226609154,18.1,17.8,1,1.6,16.40625,14.0,4.0,21.0,1.0,70,1.0,1,0.0
C2,1766,0.6996909593573912,18.4,17.9,1,4.4,16.40625,12.0,11.0,21.0,1.0,70,3.0,1,0.0
C2,1767,0.6949342494879829,18.599999999999998,17.7,1,2.4,16.40625,18.0,6.0,21.0,1.0,70,1.0,2,0.0
C2,1768,0.4299748279240733,50.0,18.1,1,1.6,16.40625,8.0,4.0,21.0,1.0,70,1.0,0,0.0
C2,1769,0.6949342494879829,19.0,17.8,1,2.4,16.40625,12.0,6.0,21.0,1.0,70,2.0,1,0.0
C2,1770,0.695856543421489,18.0,17.7,1,2.8,16.40625,10.0,7.0,21.0,1.0,70,2.0,2,0.0
C2,1771,0.6949342494879829,18.1,17.6,1,2.4,16.40625,19.0,6.0,21.0,1.0,70,1.0,2,0.0
C2,1772,0.6949342494879829,18.0,17.7,1,2.4,16.40625,11.0,6.0,21.0,1.0,70,2.0,0,0.0
C2,1773,0.692253329144211,18.4,17.8,1,1.2,16.40625,11.0,3.0,21.0,1.0,70,1.0,2,0.0
C2,1774,0.6931327226609154,18.2,17.7,1,1.6,16.40625,8.0,4.0,21.0,1.0,70,2.0,2,0.0
C2,1775,0.6996909593573912,18.1,17.6,1,4.4,16.40625,11.0,11.0,21.0,1.0,70,3.0,2,0.0
C2,1776,0.5800219687862286,33.099999999999994,27.400000000000002,1,2.4,16.40625,21.0,6.0,21.0,1.0,70,1.0,0,0.0
C2,1777,0.7048152805918526,18.0,17.7,1,6.4,16.40625,18.0,16.0,21.0,1.0,70,3.0,2,0.0
C2,1778,0.6967932929551672,18.0,17.7,1,3.2,16.40625,13.0,8.0,21.0,1.0,70,2.0,1,0.0
C2,1779,0.7006861961390762,18.0,17.8,1,4.8,16.40625,15.0,12.0,21.0,1.0,70,3.0,2,0.0
C2,1780,0.5782675828213163,33.300000000000004,26.8,1,2.4,16.40625,22.0,6.0,21.0,1.0,70,1.0,1,0.0
C2,1781,0.49712471960385946,44.699999999999996,35.4,1,9.6,16.40625,34.0,24.0,21.0,1.0,70,3.0,0,0.0
C2,1782,0.6940263352002114,18.2,17.5,1,2.0,16.40625,14.0,5.0,21.0,1.0,70,1.0,0,0.0
C2,1783,0.7048152805918526,18.2,17.7,1,6.4,16.40625,17.0,16.0,21.0,1.0,70,3.0,0,0.0
C2,1784,0.6977445678438781,18.0,17.7,1,3.6,16.40625,15.0,9.0,21.0,1.0,70,2.0,1,0.0
C2,1785,0.7006861961390762,18.3,17.8,1,4.8,16.40625,19.0,12.0,21.0,1.0,70,2.0,0,0.0
C2,1786,0.5909190295328299,32.4,25.5,1,4.4,16.40625,25.0,11.0,21.0,1.0,70,2.0,1,0.0
C2,1787,0.5852851266809654,32.5,26.1,1,2.4,16.40625,21.0,6.0,21.0,1.0,70,1.0,0,0.0
C2,1788,0.6949342494879829,18.3,17.7,1,2.4,16.40625,17.0,6.0,21.0,1.0,70,1.0,2,0.0
C2,1789,0.5817763547511409,32.9,27.0,1,2.4,16.40625,20.0,6.0,21.0,1.0,70,1.0,0,0.0
C2,1790,0.58921812959932,33.300000000000004,27.599999999999998,1,6.8,16.40625,22.0,17.0,21.0,1.0,70,3.0,0,0.0
C2,1791,0.01090672514353469,112.5,70.0,1,5.2,16.40625,65.0,13.0,21.0,1.0,70,1.0,1,0.0
C2,1792,0.6940263352002114,18.2,17.7,1,2.0,16.40625,16.0,5.0,21.0,1.0,70,1.0,2,0.0
C2,1793,0.5912818043109138,33.7,26.5,1,8.8,16.40625,28.0,22.0,21.0,1.0,70,3.0,2,0.0
C2,1794,0.7027210189426429,18.3,17.8,1,5.6,16.40625,16.0,14.0,21.0,1.0,70,3.0,1,0.0
C2,1795,0.5856558716380931,33.0,26.9,1,4.4,16.40625,23.0,11.0,21.0,1.0,70,2.0,1,0.0
C2,1796,0.5896476907768599,33.5,27.0,1,7.6,16.40625,27.0,19.0,21.0,1.0,70,3.0,0,0.0
C2,1797,-0.007251169593307405,119.4,78.89999999999999,1,5.2,16.40625,61.0,13.0,21.0,1.0,70,1.0,2,0.0
C2,1798,0.4874637436344076,44.900000000000006,35.6,1,6.8,16.40625,36.0,17.0,21.0,1.0,70,2.0,1,0.0
C2,1799,-0.14251977331060228,207.6,118.3,1,31.6,16.40625,135.0,79.0,21.0,1.0,70,3.0,0,0.0
C2,1800,0.011185595207136967,117.9,69.5,1,10.4,16.40625,62.0,26.0,21.0,1.0,70,2.0,2,0.0
C2,1801,0.04412137498738629,102.3,63.5,1,7.6,16.40625,51.0,19.0,21.0,1.0,70,2.0,1,0.0
C2,1802,0.02890148567318085,104.89999999999999,58.8,1,4.4,16.40625,53.0,11.0,21.0,1.0,70,1.0,2,0.0
C2,1803,-0.027479228194844663,134.0,86.3,1,11.6,16.40625,76.0,29.0,21.0,1.0,70,2.0,2,0.0
C2,1804,0.05819222185426498,106.5,64.8,1,15.6,16.40625,59.0,39.0,21.0,1.0,70,3.0,1,0.0
C2,1805,-0.1468859182310031,205.2,115.3,1,29.2,16.40625,124.0,73.0,21.0,1.0,70,3.0,0,0.0
C2,1806,-0.1466344936761862,191.1,110.5,1,20.4,16.40625,95.0,51.0,21.0,1.0,70,3.0,1,0.0
C2,1807,0.5988791055687717,33.099999999999994,27.7,1,9.6,16.40625,29.0,24.0,21.0,1.0,70,3.0,1,0.0
C2,1808,0.6987104359868719,18.4,17.9,1,4.0,16.40625,16.0,10.0,21.0,1.0,70,2.0,1,0.0
C2,1809,0.5821470997082685,33.4,27.2,1,4.4,16.40625,22.0,11.0,21.0,1.0,70,2.0,2,0.0
C2,1810,0.5922792697242283,33.2,26.4,1,7.6,16.40625,25.0,19.0,21.0,1.0,70,3.0,2,0.0
C2,1811,0.49779773673220357,43.6,34.7,1,6.4,16.40625,31.0,16.0,21.0,1.0,70,2.0,1,0.0
C2,1812,0.6949342494879829,19.5,17.9,1,2.4,16.40625,19.0,6.0,21.0,1.0,70,1.0,2,0.0
C2,1813,0.7048152805918526,18.0,17.6,1,6.4,16.40625,17.0,16.0,21.0,1.0,70,3.0,2,0.0
C2,1814,0.5803927137433562,33.6,26.700000000000003,1,4.4,16.40625,21.0,11.0,21.0,1.0,70,2.0,1,0.0
C2,1815,0.7417306257836167,33.300000000000004,26.3,1,5.2,16.40625,25.0,13.0,21.0,1.0,30,2.0,0,0.0
C2,1816,0.6387285169737931,43.9,36.6,1,2.8,16.40625,31.0,7.0,21.0,1.0,30,1.0,0,0.0
C2,1817,0.7384386553335449,33.300000000000004,27.099999999999998,1,4.4,16.40625,23.0,11.0,21.0,1.0,30,2.0,2,0.0
C2,1818,0.8449503405842114,17.9,17.5,1,2.0,16.40625,17.0,5.0,21.0,1.0,30,1.0,1,0.0
C2,1819,0.7462314194893644,32.599999999999994,26.4,1,4.8,16.40625,21.0,12.0,21.0,1.0,30,2.0,1,0.0
C2,1820,0.8449503405842114,18.9,17.9,1,2.0,16.40625,7.0,5.0,21.0,1.0,30,2.0,2,0.0
C2,1821,0.4936159476740349,45.1,35.2,1,9.6,16.40625,33.0,24.0,21.0,1.0,70,3.0,2,0.0
C2,1822,0.07750987448635249,90.89999999999999,52.8,1,8.8,16.40625,43.0,22.0,21.0,1.0,70,2.0,1,0.0
C2,1823,0.7058847962659864,18.2,17.7,1,6.8,16.40625,19.0,17.0,21.0,1.0,70,3.0,1,0.0
C2,1824,0.6940263352002114,18.1,17.6,1,2.0,16.40625,16.0,5.0,21.0,1.0,70,1.0,0,0.0
C2,1825,0.6914254775581583,20.400000000000002,17.8,1,2.4,16.40625,19.0,6.0,21.0,1.0,70,1.0,1,0.0
C2,1826,0.5895631242058008,32.9,26.599999999999998,1,5.6,16.40625,28.0,14.0,21.0,1.0,70,2.0,1,0.0
C2,1827,0.037845924534114714,100.4,65.60000000000001,1,3.2,16.40625,60.0,8.0,21.0,1.0,70,1.0,1,0.0
C2,1828,0.6687050510671897,18.1,17.8,1,6.4,16.40625,18.0,16.0,21.0,1.0,90,3.0,0,0.0
C2,1829,0.4542487185151182,44.6,34.9,1,7.6,16.40625,30.0,19.0,21.0,1.0,90,3.0,0,0.0
C2,1830,-0.22226751817815016,208.5,120.2,1,32.0,16.40625,130.0,80.0,21.0,1.0,90,3.0,0,0.0
C2,1831,0.08544977022593256,72.5,50.9,1,8.4,16.40625,45.0,21.0,21.0,1.0,90,2.0,1,0.0
C2,1832,-0.02507043958041369,120.1,72.5,1,18.0,16.40625,67.0,45.0,21.0,1.0,90,3.0,2,0.0
C2,1833,0.4564243493128037,44.2,34.3,1,6.4,17.1875,30.0,16.0,22.0,1.0,90,2.0,0,0.0
C2,1834,0.6687050510671897,18.1,17.7,1,6.4,16.40625,18.0,16.0,21.0,1.0,90,3.0,1,0.0
C2,1835,0.6655552192464198,17.8,17.5,1,3.2,16.40625,13.0,8.0,21.0,1.0,90,2.0,2,0.0
C2,1836,0.5578982426686252,32.4,26.8,1,4.4,16.40625,24.0,11.0,21.0,1.0,90,2.0,2,0.0
C2,1837,0.6674569236982506,18.1,17.7,1,5.2,16.40625,15.0,13.0,21.0,1.0,90,3.0,0,0.0
C2,1838,0.6659183675801024,18.3,17.9,1,3.6,16.40625,16.0,9.0,21.0,1.0,90,2.0,2,0.0
C2,1839,0.6674569236982506,18.1,17.8,1,5.2,16.40625,15.0,13.0,21.0,1.0,90,3.0,0,0.0
C2,1840,0.6641844064673916,18.0,17.6,1,1.6,16.40625,10.0,4.0,21.0,1.0,90,1.0,2,0.0
C2,1841,0.4494109135117138,44.6,33.8,1,2.8,16.40625,30.0,7.0,21.0,1.0,90,1.0,2,0.0
C2,1842,0.6652003871959242,17.9,17.6,1,2.8,16.40625,18.0,7.0,21.0,1.0,90,1.0,0,0.0
C2,1843,0.666289972053633,18.3,17.8,1,4.0,16.40625,16.0,10.0,21.0,1.0,90,2.0,2,0.0
C2,1844,0.5452168728925073,33.6,26.8,1,2.0,16.40625,21.0,5.0,21.0,1.0,90,1.0,2,0.0
C2,1845,0.5555471563303476,32.9,27.3,1,6.4,16.40625,20.0,16.0,21.0,1.0,90,3.0,2,0.0
C2,1846,0.5568802974624867,32.9,26.9,1,7.6,16.40625,24.0,19.0,21.0,1.0,90,3.0,1,0.0
C2,1847,0.6674569236982506,17.9,17.7,1,5.2,16.40625,15.0,13.0,21.0,1.0,90,3.0,2,0.0
C2,1848,0.5485296124706984,33.7,27.400000000000002,1,6.4,16.40625,29.0,16.0,21.0,1.0,90,2.0,1,0.0
C2,1849,0.5512038852224674,33.6,28.299999999999997,1,8.0,16.40625,25.0,20.0,21.0,1.0,90,3.0,0,0.0
C2,1850,0.6648537330978317,18.2,17.9,1,2.4,16.40625,18.0,6.0,21.0,1.0,90,1.0,2,0.0
C2,1851,0.4317468615201666,47.5,35.1,1,10.0,16.40625,36.0,25.0,21.0,1.0,90,3.0,2,0.0
C2,1852,0.550880698808976,33.2,28.1,1,4.4,16.40625,21.0,11.0,21.0,1.0,90,2.0,1,0.0
C2,1853,0.666289972053633,18.0,17.7,1,4.0,16.40625,18.0,10.0,21.0,1.0,90,2.0,2,0.0
C2,1854,0.5453797806499285,33.7,27.5,1,3.2,16.40625,22.0,8.0,21.0,1.0,90,1.0,2,0.0
C2,1855,0.5525730313434458,32.800000000000004,26.0,1,2.4,16.40625,23.0,6.0,21.0,1.0,90,1.0,1,0.0
C2,1856,0.553024021780459,33.0,25.8,1,4.8,16.40625,24.0,12.0,21.0,1.0,90,2.0,1,0.0
C2,1857,0.43023213200977506,47.5,34.3,1,8.8,16.40625,32.0,22.0,21.0,1.0,90,3.0,2,0.0
C2,1858,0.6655552192464198,18.2,17.8,1,3.2,16.40625,14.0,8.0,21.0,1.0,90,2.0,0,0.0
C2,1859,0.557736286647166,32.7,27.2,1,6.8,16.40625,20.0,17.0,21.0,1.0,90,3.0,1,0.0
C2,1860,0.5568762438528867,32.7,26.700000000000003,1,6.0,16.40625,21.0,15.0,21.0,1.0,90,3.0,1,0.0
C2,1861,0.45064293854466536,44.5,33.9,1,3.2,16.40625,33.0,8.0,21.0,1.0,90,1.0,0,0.0
C2,1862,0.66276073254163,20.2,17.9,1,2.0,16.40625,16.0,5.0,21.0,1.0,90,1.0,0,0.0
C2,1863,0.6691397954190959,18.1,17.8,1,6.8,16.40625,19.0,17.0,21.0,1.0,90,3.0,0,0.0
C2,1864,0.553828669866382,33.0,26.200000000000003,1,5.6,16.40625,28.0,14.0,21.0,1.0,90,2.0,2,0.0
C2,1865,0.553658090677918,32.599999999999994,26.1,1,1.6,16.40625,20.0,4.0,21.0,1.0,90,1.0,1,0.0
C2,1866,0.553828669866382,33.0,26.599999999999998,1,5.6,16.40625,21.0,14.0,21.0,1.0,90,3.0,1,0.0
C2,1867,0.557736286647166,32.7,26.599999999999998,1,6.8,16.40625,23.0,17.0,21.0,1.0,90,3.0,1,0.0
C2,1868,0.6666701724931865,18.2,17.9,1,4.4,16.40625,19.0,11.0,21.0,1.0,90,2.0,0,0.0
C2,1869,0.5508186453785335,33.0,25.7,1,2.4,16.40625,26.0,6.0,21.0,1.0,90,1.0,0,0.0
C2,1870,0.554009270299247,32.800000000000004,25.8,1,4.0,16.40625,21.0,10.0,21.0,1.0,90,2.0,1,0.0
C2,1871,0.5583023074483715,32.9,27.2,1,8.8,16.40625,29.0,22.0,21.0,1.0,90,3.0,2,0.0
C2,1872,0.6666701724931865,18.1,17.7,1,4.4,16.40625,18.0,11.0,21.0,1.0,90,2.0,2,0.0
C2,1873,0.6691397954190959,18.1,17.7,1,6.8,16.40625,19.0,17.0,21.0,1.0,90,3.0,1,0.0
C2,1874,0.552038384400523,33.300000000000004,27.400000000000002,1,6.4,16.40625,21.0,16.0,21.0,1.0,90,3.0,2,0.0
C2,1875,0.5511611914180669,33.4,26.1,1,6.4,16.40625,20.0,16.0,21.0,1.0,90,3.0,0,0.0
C2,1876,0.5511970909190136,33.300000000000004,28.5,1,5.6,16.40625,25.0,14.0,21.0,1.0,90,2.0,1,0.0
C2,1877,0.6670591094997571,18.3,18.0,1,4.8,16.40625,14.0,12.0,21.0,1.0,90,3.0,2,0.0
C2,1878,0.6678637575856803,18.3,17.9,1,5.6,16.40625,16.0,14.0,21.0,1.0,90,3.0,1,0.0
C2,1879,0.654535283660374,21.1,18.0,1,1.6,16.40625,12.0,4.0,21.0,1.0,90,1.0,0,0.0
C2,1880,0.6678637575856803,17.9,17.6,1,5.6,16.40625,16.0,14.0,21.0,1.0,90,3.0,0,0.0
C2,1881,0.4562692447730849,43.9,35.0,1,3.6,16.40625,35.0,9.0,21.0,1.0,90,1.0,1,0.0
C2,1882,0.547309873448709,33.4,25.4,1,2.4,16.40625,21.0,6.0,21.0,1.0,90,1.0,2,0.0
C2,1883,0.5564284573713629,32.4,26.599999999999998,1,2.8,16.40625,23.0,7.0,21.0,1.0,90,1.0,2,0.0
C2,1884,0.557736286647166,32.7,26.700000000000003,1,6.8,16.40625,23.0,17.0,21.0,1.0,90,3.0,1,0.0
C2,1885,0.5582146347786627,32.5,25.9,1,5.6,16.40625,20.0,14.0,21.0,1.0,90,3.0,2,0.0
C2,1886,0.56093388639574,32.599999999999994,26.3,1,8.8,16.40625,28.0,22.0,21.0,1.0,90,3.0,1,0.0
C2,1887,0.5568802974624867,32.9,26.5,1,7.6,16.40625,26.0,19.0,21.0,1.0,90,3.0,2,0.0
C2,1888,0.6659183675801024,18.4,17.8,1,3.6,16.40625,14.0,9.0,21.0,1.0,90,2.0,0,0.0
C2,1889,0.6666701724931865,18.0,17.7,1,4.4,16.40625,19.0,11.0,21.0,1.0,90,2.0,0,0.0
C2,1890,0.6682797526248165,18.0,17.7,1,6.0,16.40625,17.0,15.0,21.0,1.0,90,3.0,2,0.0
C2,1891,0.546883670903266,33.7,26.700000000000003,1,4.8,16.40625,26.0,12.0,21.0,1.0,90,2.0,2,0.0
C2,1892,0.6652003871959242,18.0,17.7,1,2.8,16.40625,10.0,7.0,21.0,1.0,90,2.0,2,0.0
C2,1893,0.841486331264437,18.3,17.7,1,1.2,16.40625,10.0,3.0,21.0,1.0,30,1.0,1,0.0
C2,1894,0.580064768450566,50.0,17.7,1,1.6,16.40625,8.0,4.0,21.0,1.0,30,1.0,1,0.0
C2,1895,0.8551053220002116,18.2,17.9,1,4.4,16.40625,12.0,11.0,21.0,1.0,30,3.0,1,0.0
C2,1896,0.6407252271782968,45.0,36.2,1,5.6,16.40625,30.0,14.0,21.0,1.0,30,2.0,2,0.0
C2,1897,0.8466688412521486,18.1,17.7,1,2.4,16.40625,15.0,6.0,21.0,1.0,30,1.0,1,0.0
C2,1898,0.8534405798950884,18.4,17.9,1,4.0,16.40625,11.0,10.0,21.0,1.0,30,3.0,2,0.0
C2,1899,0.8517640347262772,18.1,17.9,1,3.6,16.40625,15.0,9.0,21.0,1.0,30,2.0,0,0.0
C2,1900,0.843222663187408,18.0,17.7,1,1.6,16.40625,12.0,4.0,21.0,1.0,30,1.0,0,0.0
C2,1901,0.7440918910394421,33.4,26.9,1,6.0,16.40625,28.0,15.0,21.0,1.0,30,2.0,0,0.0
C2,1902,0.7493550489341789,32.800000000000004,26.599999999999998,1,6.0,16.40625,22.0,15.0,21.0,1.0,30,3.0,2,0.0
C2,1903,0.843222663187408,18.2,17.7,1,1.6,16.40625,6.0,4.0,21.0,1.0,30,2.0,1,0.0
C2,1904,0.841486331264437,18.1,17.7,1,1.2,16.40625,4.0,3.0,21.0,1.0,30,3.0,1,0.0
C2,1905,0.8567577352788383,18.2,17.8,1,4.8,16.40625,13.0,12.0,21.0,1.0,30,3.0,0,0.0
C2,1906,0.8567577352788383,18.1,17.8,1,4.8,16.40625,14.0,12.0,21.0,1.0,30,3.0,0,0.0
C2,1907,0.7622119447177791,18.2,17.8,1,3.2,16.40625,9.0,8.0,21.0,1.0,50,3.0,0,0.0
C2,1908,0.770543534362421,18.3,17.7,1,5.2,16.40625,13.0,13.0,21.0,1.0,50,3.0,0,0.0
C2,1909,0.7557347567600108,18.2,17.9,1,1.6,16.40625,6.0,4.0,21.0,1.0,50,2.0,2,0.0
C2,1910,0.7557347567600108,18.2,17.8,1,1.6,16.40625,6.0,4.0,21.0,1.0,50,2.0,1,0.0
C2,1911,0.5413515886994315,47.9,34.7,1,8.8,16.40625,30.0,22.0,21.0,1.0,50,3.0,0,0.0
C2,1912,0.758951238880883,18.2,17.9,1,2.4,16.40625,7.0,6.0,21.0,1.0,50,3.0,0,0.0
C2,1913,0.758951238880883,18.0,17.7,1,2.4,16.40625,6.0,6.0,21.0,1.0,50,3.0,2,0.0
C2,1914,0.7557347567600108,17.8,17.6,1,1.6,16.40625,12.0,4.0,21.0,1.0,50,1.0,0,0.0
C2,1915,0.7541437003574938,17.7,17.6,1,1.2,16.40625,6.0,3.0,21.0,1.0,50,2.0,0,0.0
C2,1916,0.7722384402787341,18.4,18.0,1,5.6,16.40625,17.0,14.0,21.0,1.0,50,3.0,2,0.0
C2,1917,0.670298957120484,33.2,27.099999999999998,1,8.8,16.40625,29.0,22.0,21.0,1.0,50,3.0,1,0.0
C2,1918,0.14616443721571348,97.9,51.7,1,11.6,16.40625,45.0,29.0,21.0,1.0,50,3.0,1,0.0
C2,1919,0.7459338387152292,21.3,17.9,1,2.0,16.40625,17.0,5.0,21.0,1.0,50,1.0,2,0.0
C2,1920,0.053862191071324006,147.29999999999998,94.3,1,20.0,16.40625,89.0,50.0,21.0,1.0,50,3.0,2,0.0
C2,1921,0.15012152554147934,91.0,48.0,1,8.4,16.40625,44.0,21.0,21.0,1.0,50,2.0,1,0.0
C2,1922,0.042626391108114114,127.90000000000002,80.8,1,6.0,16.40625,71.0,15.0,21.0,1.0,50,1.0,2,0.0
C2,1923,0.5747260765025566,44.699999999999996,33.4,1,10.0,16.40625,35.0,25.0,21.0,1.0,50,3.0,1,0.0
C2,1924,0.7573373474871592,18.1,17.7,1,2.0,16.40625,6.0,5.0,21.0,1.0,50,3.0,2,0.0
C2,1925,-0.14451750138746966,204.3,111.3,1,9.2,16.40625,108.0,23.0,21.0,1.0,50,1.0,2,0.0
C2,1926,0.6113353167371938,47.6,35.8,1,4.0,16.40625,38.0,10.0,21.0,1.0,30,1.0,0,0.0
C2,1927,0.2384177456136061,89.80000000000001,49.2,1,8.0,16.40625,47.0,20.0,21.0,1.0,30,2.0,0,0.0
C2,1928,0.18581910377815544,119.0,71.9,1,15.2,16.40625,61.0,38.0,21.0,1.0,30,3.0,1,0.0
C2,1929,0.09955335318285766,140.8,89.89999999999999,1,6.8,16.40625,87.0,17.0,21.0,1.0,30,1.0,0,0.0
C2,1930,0.18109547858160288,116.0,74.2,1,11.2,16.40625,65.0,28.0,21.0,1.0,30,2.0,2,0.0
C2,1931,0.14789473684210525,141.8,92.1,1,24.4,16.40625,88.0,61.0,21.0,1.0,30,3.0,2,0.0
C2,1932,-0.02936429831463866,204.6,114.8,1,19.2,16.40625,114.0,48.0,21.0,1.0,30,2.0,2,0.0
C2,1933,0.10164710968417681,140.6,95.0,1,7.2,16.40625,80.0,18.0,21.0,1.0,30,1.0,1,0.0
C2,1934,0.580064768450566,50.0,17.6,1,1.6,16.40625,4.0,4.0,21.0,1.0,30,2.0,0,0.0
C2,1935,0.8500762134230411,18.3,18.0,1,3.2,16.40625,11.0,8.0,21.0,1.0,30,2.0,0,0.0
C2,1936,0.1222228261447188,139.4,88.0,1,12.0,16.40625,85.0,30.0,21.0,1.0,30,2.0,1,0.0
C2,1937,0.7539003249307095,33.0,26.599999999999998,1,7.6,16.40625,26.0,19.0,21.0,1.0,30,3.0,0,0.0
C2,1938,0.7335109465153065,32.9,26.3,1,2.4,16.40625,20.0,6.0,21.0,1.0,30,1.0,1,0.0
C2,1939,0.6359745610420668,44.6,34.3,1,3.6,16.40625,38.0,9.0,21.0,1.0,30,1.0,2,0.0
C2,1940,0.804599463391229,24.6,18.0,1,2.0,16.40625,5.0,5.0,21.0,1.0,30,3.0,0,0.0
C2,1941,0.16431991221167716,131.0,80.69999999999999,1,19.2,16.40625,76.0,48.0,21.0,1.0,30,3.0,2,0.0
C2,1942,-0.017894736842105186,204.8,114.7,1,26.0,16.40625,111.0,65.0,21.0,1.0,30,3.0,1,0.0
C2,1943,0.14110943489909125,123.8,82.69999999999999,1,6.0,16.40625,74.0,15.0,21.0,1.0,30,1.0,1,0.0
C2,1944,0.14670122228238125,130.6,80.60000000000001,1,12.4,16.40625,76.0,31.0,21.0,1.0,30,2.0,0,0.0
C2,1945,0.16804350976783416,127.8,80.10000000000001,1,17.2,16.40625,71.0,43.0,21.0,1.0,30,3.0,1,0.0
C2,1946,0.14115795357915897,121.30000000000001,69.5,1,4.4,16.40625,63.0,11.0,21.0,1.0,30,1.0,1,0.0
C2,1947,0.27880177351313984,79.9,48.599999999999994,1,12.0,16.40625,47.0,30.0,21.0,1.0,30,3.0,2,0.0
C2,1948,0.14043645733627774,140.4,90.80000000000001,1,19.6,16.40625,88.0,49.0,21.0,1.0,30,3.0,0,0.0
C2,1949,0.16544194580515403,112.69999999999999,61.800000000000004,1,4.8,16.40625,57.0,12.0,21.0,1.0,30,1.0,1,0.0
C2,1950,0.6264879210522025,47.7,36.6,1,8.0,16.40625,38.0,20.0,21.0,1.0,30,2.0,0,0.0
C2,1951,0.05236842105263162,178.1,102.6,1,21.2,16.40625,94.0,53.0,21.0,1.0,30,3.0,1,0.0
C2,1952,0.20438244767799482,105.0,61.699999999999996,1,9.6,16.40625,54.0,24.0,21.0,1.0,30,2.0,0,0.0
C2,1953,0.6088481432476025,47.5,34.2,1,3.2,16.40625,32.0,8.0,21.0,1.0,30,1.0,1,0.0
C2,1954,0.6468655780554897,44.3,34.9,1,5.6,16.40625,32.0,14.0,21.0,1.0,30,2.0,0,0.0
C2,1955,0.8466688412521486,18.3,17.7,1,2.4,16.40625,19.0,6.0,21.0,1.0,30,1.0,2,0.0
C2,1956,-0.02526315789473682,207.6,114.1,1,26.8,16.40625,109.0,67.0,21.0,1.0,30,3.0,0,0.0
C2,1957,0.16064859070343387,125.3,77.39999999999999,1,12.4,16.40625,72.0,31.0,21.0,1.0,30,2.0,2,0.0
C2,1958,-0.0001874488922703199,178.1,103.2,1,6.4,16.40625,94.0,16.0,21.0,1.0,30,1.0,0,0.0
C2,1959,0.14868421052631584,141.5,88.9,1,21.6,16.40625,87.0,54.0,21.0,1.0,30,3.0,2,0.0
C2,1960,0.12322198692768024,140.5,89.7,1,13.2,16.40625,86.0,33.0,21.0,1.0,30,2.0,1,0.0
C2,1961,0.1935270243084855,116.5,70.5,1,15.6,16.40625,65.0,39.0,21.0,1.0,30,3.0,2,0.0
C2,1962,0.17254172049417243,128.20000000000002,78.10000000000001,1,19.6,16.40625,77.0,49.0,21.0,1.0,30,3.0,0,0.0
C2,1963,0.8309152528649133,21.6,17.9,1,2.0,16.40625,8.0,5.0,21.0,1.0,30,2.0,0,0.0
C2,1964,0.5748318922081663,50.0,17.8,1,0.4,16.40625,3.0,1.0,21.0,1.0,30,1.0,2,0.0
C2,1965,0.6069493518249129,48.099999999999994,33.4,1,4.0,16.40625,34.0,10.0,21.0,1.0,30,1.0,2,0.0
C2,1966,0.06052631578947376,175.0,106.7,1,21.2,16.40625,125.0,53.0,21.0,1.0,30,2.0,2,0.0
C2,1967,-0.011578947368420967,202.4,113.10000000000001,1,22.8,16.40625,144.0,57.0,21.0,1.0,30,2.0,0,0.0
C2,1968,-0.026456672454460817,196.39999999999998,111.9,1,12.4,16.40625,173.0,31.0,21.0,1.0,30,1.0,1,0.0
C2,1969,-0.034029855565040096,203.8,111.69999999999999,1,16.4,16.40625,211.0,41.0,21.0,1.0,30,1.0,1,0.0
C2,1970,0.00894736842105269,191.39999999999998,101.4,2,30.4,16.40625,197.0,76.0,21.0,1.0,30,2.0,0,0.0
C2,1971,0.1860764499441038,111.4,60.699999999999996,2,9.2,16.015625,239.0,46.0,41.0,1.0,30,1.0,0,0.0
C2,1972,0.1996469796527991,114.7,61.699999999999996,3,40.4,16.40625,312.0,202.0,42.0,1.0,30,3.0,1,0.0
C2,1973,0.25263898061377466,95.0,49.4,3,16.533333,15.885417,295.0,124.0,61.0,1.0,30,2.0,1,0.0
C2,1974,0.25467324197080715,97.19999999999999,49.3,3,19.866667,15.885417,235.0,149.0,61.0,1.0,30,3.0,2,0.0
C2,1975,0.24878881664001193,92.3,46.5,3,12.8,15.885417,245.0,96.0,61.0,1.0,30,2.0,0,0.0
C2,1976,0.27131578947368423,94.89999999999999,48.099999999999994,3,22.133333,15.885417,246.0,166.0,61.0,1.0,30,3.0,1,0.0
C2,1977,0.6056575215924446,48.5,30.8,3,4.5333333,15.885417,59.0,34.0,61.0,1.0,30,2.0,2,0.0
C2,1978,0.8397418658474918,18.5,17.8,3,0.8,15.885417,7.0,6.0,61.0,1.0,30,2.0,0,0.0
C2,1979,0.5760007652033463,50.0,17.7,3,0.6666667,15.885417,3.0,5.0,61.0,1.0,30,3.0,0,0.0
C2,1980,0.8397418658474918,18.3,17.8,3,0.8,15.885417,6.0,6.0,61.0,1.0,30,3.0,1,0.0
C2,1981,0.8324846682429368,18.3,17.7,2,1.0666667,15.885417,17.0,8.0,61.0,1.0,30,1.0,1,0.0
C2,1982,0.5699073838960158,50.0,17.6,1,1.2,16.40625,3.0,3.0,21.0,1.0,30,3.0,0,0.0
C2,1983,0.830038059882457,21.7,17.9,1,2.0,16.40625,5.0,5.0,21.0,1.0,30,3.0,1,0.0
C2,1984,0.5748318922081663,50.0,17.5,1,0.4,16.40625,3.0,1.0,21.0,1.0,30,1.0,1,0.0
C2,1985,0.5783284365275948,50.0,18.599999999999998,1,1.2,16.40625,4.0,3.0,21.0,1.0,30,2.0,2,0.0
C2,1986,0.2769330367292094,80.10000000000001,46.6,1,11.6,16.40625,43.0,29.0,21.0,1.0,30,3.0,2,0.0
C2,1987,0.8449503405842114,18.0,17.7,1,2.0,16.40625,6.0,5.0,21.0,1.0,30,2.0,1,0.0
C2,1988,0.5783284365275948,50.0,17.9,1,1.2,16.40625,2.0,3.0,21.0,1.0,30,3.0,2,0.0
C2,1989,0.8431959546192991,20.2,18.3,1,2.0,16.40625,6.0,5.0,21.0,1.0,30,2.0,1,0.0
C2,1990,0.5765839711106497,50.0,17.6,1,0.8,16.40625,3.0,2.0,21.0,1.0,30,1.0,1,0.0
C2,1991,0.8466688412521486,19.400000000000002,17.9,1,2.4,16.40625,18.0,6.0,21.0,1.0,30,1.0,1,0.0
C2,1992,0.8466688412521486,18.3,17.9,1,2.4,16.40625,10.0,6.0,21.0,1.0,30,2.0,2,0.0
C2,1993,0.5783284365275948,50.0,17.8,1,1.2,16.40625,4.0,3.0,21.0,1.0,30,2.0,1,0.0
C2,1994,0.5748318922081663,50.0,17.8,1,0.4,16.40625,1.0,1.0,21.0,1.0,30,2.0,1,0.0
C2,1995,0.8500762134230411,18.599999999999998,17.9,1,3.2,16.40625,8.0,8.0,21.0,1.0,30,3.0,1,0.0
C2,1996,0.8457916482696923,20.1,18.0,1,2.4,16.40625,12.0,6.0,21.0,1.0,30,2.0,1,0.0
C2,1997,0.8449503405842114,18.2,17.7,1,2.0,16.40625,8.0,5.0,21.0,1.0,30,2.0,2,0.0
C2,1998,0.5765839711106497,50.0,17.8,1,0.8,16.40625,5.0,2.0,21.0,1.0,30,1.0,1,0.0
C2,1999,0.5765839711106497,50.0,17.9,1,0.8,16.40625,2.0,2.0,21.0,1.0,30,1.0,2,0.0
C2,2000,0.5748318922081663,50.0,17.6,1,0.4,16.40625,2.0,1.0,21.0,1.0,30,1.0,0,0.0
C2,2001,-0.004473684210526296,199.7,111.3,1,24.8,16.40625,148.0,62.0,21.0,1.0,30,2.0,0,0.0
C2,2002,0.07212873595022665,149.4,93.0,1,5.6,16.40625,83.0,14.0,21.0,1.0,30,1.0,2,0.0
C2,2003,-0.006842105263157872,200.6,112.9,1,26.0,16.40625,104.0,65.0,21.0,1.0,30,3.0,1,0.0
C2,2004,0.12190619745399608,141.0,93.2,1,13.2,16.40625,84.0,33.0,21.0,1.0,30,2.0,1,0.0
C2,2005,0.18491507978983512,121.0,72.3,1,16.8,16.40625,67.0,42.0,21.0,1.0,30,3.0,0,0.0
C2,2006,0.018221986927680234,180.4,102.5,1,13.2,16.40625,94.0,33.0,21.0,1.0,30,2.0,1,0.0
C2,2007,0.16226285944018293,131.1,81.8,1,18.4,16.40625,79.0,46.0,21.0,1.0,30,3.0,0,0.0
C2,2008,0.15090703667103458,128.5,78.3,1,12.0,16.40625,77.0,30.0,21.0,1.0,30,2.0,2,0.0
C2,2009,-0.02072131136845476,187.1,102.0,1,7.2,16.40625,94.0,18.0,21.0,1.0,30,1.0,1,0.0
C2,2010,0.8483776397808107,18.3,18.0,1,2.8,16.40625,8.0,7.0,21.0,1.0,30,3.0,0,0.0
C2,2011,0.18902358184409385,101.2,61.800000000000004,1,3.2,16.40625,53.0,8.0,21.0,1.0,30,1.0,1,0.0
C2,2012,0.8616357506885648,18.2,17.9,1,6.0,16.40625,15.0,15.0,21.0,1.0,30,3.0,2,0.0
C2,2013,-0.037371728070604404,194.6,111.0,1,8.0,16.40625,134.0,20.0,21.0,1.0,30,1.0,2,0.0
C2,2014,-0.05612307115936102,131.89999999999998,84.0,1,18.0,16.40625,78.0,45.0,21.0,1.0,90,3.0,2,0.0
C2,2015,0.5508186453785335,33.0,26.5,1,2.4,16.40625,20.0,6.0,21.0,1.0,90,1.0,2,0.0
C2,2016,-0.24962432777144988,200.2,108.2,1,9.2,16.40625,95.0,23.0,21.0,1.0,90,1.0,1,0.0
C2,2017,-0.21726751817815027,206.6,117.6,1,32.0,16.40625,132.0,80.0,21.0,1.0,90,3.0,2,0.0
C2,2018,-0.045557295045898616,121.1,75.89999999999999,1,5.6,16.40625,72.0,14.0,21.0,1.0,90,1.0,1,0.0
C2,2019,0.04845924483090769,86.2,46.199999999999996,1,7.6,16.40625,44.0,19.0,21.0,1.0,90,2.0,2,0.0
C2,2020,-0.12166902715627348,154.4,93.5,1,14.4,16.40625,83.0,36.0,21.0,1.0,90,2.0,1,0.0
C2,2021,0.4511630752075423,44.900000000000006,35.9,1,7.2,16.40625,37.0,18.0,21.0,1.0,90,2.0,1,0.0
C2,2022,-0.03419999170021612,125.4,80.60000000000001,1,20.4,16.40625,77.0,51.0,21.0,1.0,90,3.0,0,0.0
C2,2023,-0.09487191649217239,143.5,93.2,1,13.2,16.40625,81.0,33.0,21.0,1.0,90,2.0,0,0.0
C2,2024,0.002585425289230933,102.5,63.4,1,4.8,16.40625,59.0,12.0,21.0,1.0,90,1.0,1,0.0
C2,2025,-0.17124351215613964,177.8,103.1,1,20.8,16.40625,91.0,52.0,21.0,1.0,90,3.0,1,0.0
C2,2026,-0.18215407377788034,184.0,102.8,1,23.2,16.40625,91.0,58.0,21.0,1.0,90,3.0,2,0.0
C2,2027,0.6666701724931865,18.1,17.7,1,4.4,16.40625,18.0,11.0,21.0,1.0,90,2.0,0,0.0
C2,2028,-0.23694538519870417,206.3,118.4,1,24.8,16.40625,104.0,62.0,21.0,1.0,90,3.0,2,0.0
C2,2029,-0.08586020458090401,136.9,84.8,1,6.8,16.40625,81.0,17.0,21.0,1.0,90,1.0,2,0.0
C2,2030,-0.2204254129149923,207.8,115.8,1,32.0,16.40625,137.0,80.0,21.0,1.0,90,3.0,1,0.0
C2,2031,-0.2546087585974356,204.2,115.8,1,13.2,16.40625,154.0,33.0,21.0,1.0,90,1.0,2,0.0
C2,2032,0.4622041561908448,43.8,33.7,1,8.4,16.40625,30.0,21.0,21.0,1.0,90,3.0,2,0.0
C2,2033,-0.1915407551690923,177.4,100.3,1,7.6,16.40625,90.0,19.0,21.0,1.0,90,1.0,1,0.0
C2,2034,-0.09724033754480402,144.4,92.8,1,13.2,16.40625,89.0,33.0,21.0,1.0,90,2.0,0,0.0
C2,2035,-0.19219212460603852,181.7,102.4,1,15.2,16.40625,91.0,38.0,21.0,1.0,90,2.0,1,0.0
C2,2036,-0.25592454807111975,204.7,113.5,1,13.2,16.40625,162.0,33.0,21.0,1.0,90,1.0,0,0.0
C2,2037,-0.028898153819796824,118.2,80.69999999999999,1,12.8,16.40625,75.0,32.0,21.0,1.0,90,2.0,1,0.0
C2,2038,-0.03138935005794935,118.7,74.1,1,12.0,16.40625,62.0,30.0,21.0,1.0,90,2.0,0,0.0
C2,2039,-0.0665420191358993,133.70000000000002,85.4,1,14.8,16.40625,79.0,37.0,21.0,1.0,90,2.0,0,0.0
C2,2040,-0.11415222236872016,151.29999999999998,96.69999999999999,1,14.0,16.40625,88.0,35.0,21.0,1.0,90,2.0,1,0.0
C2,2041,-0.18759338674803971,175.9,104.0,1,7.6,16.40625,97.0,19.0,21.0,1.0,90,1.0,1,0.0
C2,2042,0.023772713171934787,94.60000000000001,51.2,1,5.2,16.40625,44.0,13.0,21.0,1.0,90,1.0,0,0.0
C2,2043,-0.23294354746209084,203.3,115.2,1,23.2,16.40625,111.0,58.0,21.0,1.0,90,3.0,1,0.0
C2,2044,-0.21958877455913056,196.5,112.3,1,21.2,16.40625,134.0,53.0,21.0,1.0,90,2.0,0,0.0
C2,2045,-0.09119393158570965,138.6,88.0,1,6.0,16.40625,75.0,15.0,21.0,1.0,90,1.0,1,0.0
C2,2046,-0.1552821687678626,180.7,102.9,1,30.0,16.40625,125.0,75.0,21.0,1.0,90,3.0,0,0.0
C2,2047,-0.2488671735675526,200.3,113.3,1,10.0,16.40625,124.0,25.0,21.0,1.0,90,1.0,1,0.0
C2,2048,0.5474973149485234,33.5,28.0,1,3.6,16.40625,29.0,9.0,21.0,1.0,90,1.0,0,0.0
C2,2049,-0.28770812451090955,214.29999999999998,122.1,1,8.4,16.40625,104.0,21.0,21.0,1.0,90,1.0,0,0.0
C2,2050,0.04514441271152947,88.0,55.9,1,8.8,16.40625,45.0,22.0,21.0,1.0,90,2.0,1,0.0
C2,2051,-0.2622883649979942,205.6,117.5,1,10.4,16.40625,107.0,26.0,21.0,1.0,90,1.0,0,0.0
C2,2052,-0.06270277461716814,135.6,83.8,1,19.6,16.40625,71.0,49.0,21.0,1.0,90,3.0,2,0.0
C2,2053,-0.21852433256712517,199.3,115.7,1,24.8,16.40625,148.0,62.0,21.0,1.0,90,2.0,0,0.0
C2,2054,-0.016940018244054833,117.6,79.9,1,18.8,17.1875,70.0,47.0,22.0,1.0,90,3.0,0,0.0
C2,2055,-0.22676561610908202,203.6,116.6,1,26.0,16.40625,109.0,65.0,21.0,1.0,90,3.0,1,0.0
C2,2056,-0.21174120238867644,204.5,115.7,1,32.0,16.40625,134.0,80.0,21.0,1.0,90,3.0,2,0.0
C2,2057,0.01681628784310671,96.8,50.2,1,4.0,16.40625,45.0,10.0,21.0,1.0,90,1.0,2,0.0
C2,2058,0.4244201035020096,47.800000000000004,37.8,1,6.0,16.40625,31.0,15.0,21.0,1.0,90,2.0,0,0.0
C2,2059,-0.24766823335624316,204.4,116.6,1,17.6,16.40625,103.0,44.0,21.0,1.0,90,2.0,0,0.0
C2,2060,-0.2388343783818494,205.9,114.4,1,23.6,16.40625,104.0,59.0,21.0,1.0,90,3.0,1,0.0
C2,2061,-0.0063157894736841635,200.4,114.5,1,92.8,16.40625,611.0,232.0,21.0,1.0,90,2.0,0,0.0
C2,2062,0.138231240922387,91.6,46.0,4,17.7,15.8203125,258.0,177.0,81.0,1.0,30,3.0,1,0.0
C2,2063,0.7286759179628799,33.5,24.6,4,2.5,15.8203125,43.0,25.0,81.0,1.0,30,2.0,1,0.0
C2,2064,0.31614252546267485,51.6,37.400000000000006,4,2.4,15.8203125,106.0,24.0,81.0,1.0,30,1.0,2,0.0
C2,2065,0.6800748444115001,38.5,26.200000000000003,4,1.4,15.8203125,69.0,14.0,81.0,1.0,30,1.0,0,0.0
C2,2066,0.2891348414146767,61.699999999999996,38.199999999999996,4,2.3,15.8203125,93.0,23.0,81.0,1.0,30,1.0,2,0.0
C2,2067,0.6693417062966067,39.9,28.8,3,3.7333333,15.885417,56.0,28.0,61.0,1.0,30,2.0,2,0.0
C2,2068,0.10519099863925517,142.8,81.0,1,14.8,16.40625,83.0,37.0,21.0,1.0,30,2.0,1,0.0
C2,2069,-0.23120279943448113,203.0,114.6,1,23.6,16.40625,137.0,59.0,21.0,1.0,90,2.0,2,0.0
C2,2070,-0.22992103322084118,201.1,114.0,1,22.0,16.40625,140.0,55.0,21.0,1.0,90,2.0,2,0.0
C2,2071,-0.002657396367419601,104.2,65.19999999999999,1,4.0,16.40625,50.0,10.0,21.0,1.0,90,1.0,0,0.0
C2,2072,0.4494494992575551,45.199999999999996,35.3,1,8.0,16.40625,39.0,20.0,21.0,1.0,90,2.0,1,0.0
C2,2073,-0.04882551053307807,122.5,66.4,1,6.0,16.40625,60.0,15.0,21.0,1.0,90,1.0,1,0.0
C2,2074,-0.01925489523502394,115.0,69.4,1,13.6,16.40625,61.0,34.0,21.0,1.0,90,3.0,2,0.0
C2,2075,-0.2977503241305758,218.29999999999998,111.60000000000001,1,8.8,16.40625,120.0,22.0,21.0,1.0,90,1.0,2,0.0
C2,2076,-0.03458039085257614,203.6,116.4,1,16.0,16.40625,113.0,40.0,21.0,1.0,30,2.0,1,0.0
C2,2077,-0.07017222642868523,212.0,122.5,1,11.6,16.40625,110.0,29.0,21.0,1.0,30,1.0,0,0.0
C2,2078,0.18360613998943517,103.9,60.5,1,3.6,16.40625,51.0,9.0,21.0,1.0,30,1.0,2,0.0
C2,2079,-0.026315789473684126,208.0,117.2,1,20.0,16.40625,134.0,50.0,21.0,1.0,30,2.0,1,0.0
C2,2080,-0.06327365587426845,207.8,119.1,1,10.4,16.40625,132.0,26.0,21.0,1.0,30,1.0,0,0.0
C2,2081,-0.023684210526315697,207.0,118.1,1,30.8,16.40625,124.0,77.0,21.0,1.0,30,3.0,2,0.0
C2,2082,0.7417306257836167,33.300000000000004,27.0,1,5.2,16.40625,27.0,13.0,21.0,1.0,30,2.0,0,0.0
C2,2083,0.2691462264209926,78.7,45.8,1,8.4,16.40625,43.0,21.0,21.0,1.0,30,2.0,2,0.0
C2,2084,0.7527072879498349,32.599999999999994,27.099999999999998,1,6.4,16.40625,28.0,16.0,21.0,1.0,30,2.0,1,0.0
C2,2085,0.21570510369989082,93.60000000000001,52.699999999999996,1,4.8,16.40625,44.0,12.0,21.0,1.0,30,1.0,0,0.0
C2,2086,0.6642702037748542,44.4,34.9,1,10.4,16.40625,36.0,26.0,21.0,1.0,30,3.0,1,0.0
C2,2087,0.3087270575289713,67.5,44.3,1,11.2,16.40625,44.0,28.0,21.0,1.0,30,3.0,0,0.0
C2,2088,0.754103250035054,32.800000000000004,25.8,1,7.2,16.40625,26.0,18.0,21.0,1.0,30,3.0,1,0.0
C2,2089,0.2636580020084088,84.1,46.1,1,10.8,16.40625,42.0,27.0,21.0,1.0,30,3.0,2,0.0
C2,2090,0.7595848229122206,32.7,26.599999999999998,1,8.4,16.40625,29.0,21.0,21.0,1.0,30,3.0,1,0.0
C2,2091,0.23386010844235317,99.4,58.9,1,14.0,16.40625,56.0,35.0,21.0,1.0,30,3.0,2,0.0
C2,2092,0.659080545541892,32.9,26.4,1,5.6,16.40625,26.0,14.0,21.0,1.0,50,2.0,0,0.0
C2,2093,0.14165512648027218,87.7,50.9,1,4.4,16.40625,41.0,11.0,21.0,1.0,50,1.0,2,0.0
C2,2094,0.6694197711555143,33.099999999999994,26.700000000000003,1,8.4,16.40625,29.0,21.0,21.0,1.0,50,3.0,1,0.0
C2,2095,0.17126636790351218,82.3,47.1,1,8.0,16.40625,42.0,20.0,21.0,1.0,50,2.0,2,0.0
C2,2096,0.557385639625579,44.3,33.9,1,5.2,16.40625,33.0,13.0,21.0,1.0,50,2.0,2,0.0
C2,2097,0.14577799965238764,85.5,48.7,1,4.0,16.40625,44.0,10.0,21.0,1.0,50,1.0,0,0.0
C2,2098,0.6659453384270844,32.9,26.5,1,7.2,16.40625,26.0,18.0,21.0,1.0,50,3.0,2,0.0
C2,2099,0.16958548984729244,89.0,49.7,1,11.6,16.40625,45.0,29.0,21.0,1.0,50,3.0,1,0.0
C2,2100,0.544560005282063,45.0,37.0,1,3.6,16.40625,31.0,9.0,21.0,1.0,50,1.0,0,0.0
C2,2101,0.10679828808621455,108.8,63.2,1,9.2,16.40625,52.0,23.0,21.0,1.0,50,2.0,1,0.0
C2,2102,0.6456639066543381,33.099999999999994,25.7,1,2.8,16.40625,28.0,7.0,21.0,1.0,50,1.0,2,0.0
C2,2103,0.16819369396258937,84.8,51.6,1,8.8,16.40625,44.0,22.0,21.0,1.0,50,2.0,2,0.0
C2,2104,0.5192294885774282,47.7,33.8,1,3.2,16.40625,31.0,8.0,21.0,1.0,50,1.0,0,0.0
C2,2105,0.17937334660389592,84.6,49.3,1,11.2,16.40625,43.0,28.0,21.0,1.0,50,3.0,2,0.0
C2,2106,0.13849723174343004,88.9,46.1,1,4.4,16.40625,41.0,11.0,21.0,1.0,50,1.0,0,0.0
C2,2107,0.1780162623835846,80.4,46.5,1,8.4,17.1875,46.0,21.0,22.0,1.0,50,2.0,1,0.0
C2,2108,0.6592086476351955,32.5,26.3,1,4.8,16.40625,27.0,12.0,21.0,1.0,50,2.0,2,0.0
C2,2109,0.08954986332237745,107.5,65.19999999999999,1,4.4,16.40625,51.0,11.0,21.0,1.0,50,1.0,0,0.0
C2,2110,0.6564489665945237,33.2,26.5,1,5.6,16.40625,27.0,14.0,21.0,1.0,50,2.0,2,0.0
C2,2111,0.05859461254747628,119.9,72.0,1,4.8,16.40625,68.0,12.0,21.0,1.0,50,1.0,2,0.0
C2,2112,0.5756032694850128,44.6,34.9,1,10.0,16.40625,36.0,25.0,21.0,1.0,50,3.0,1,0.0
C2,2113,0.1471814422697459,85.6,49.3,1,4.4,16.40625,44.0,11.0,21.0,1.0,50,1.0,2,0.0
C2,2114,0.5482954856017066,44.2,34.7,1,2.8,16.40625,31.0,7.0,21.0,1.0,50,1.0,2,0.0
C2,2115,0.18554572602613417,84.3,45.6,1,12.4,16.40625,48.0,31.0,21.0,1.0,50,3.0,2,0.0
C2,2116,0.5773576554499251,44.4,34.0,1,10.0,16.40625,36.0,25.0,21.0,1.0,50,3.0,1,0.0
C2,2117,0.1852403478299764,85.1,48.099999999999994,1,12.8,16.40625,45.0,32.0,21.0,1.0,50,3.0,2,0.0
C2,2118,0.5703209078257023,45.0,35.4,1,9.6,16.40625,36.0,24.0,21.0,1.0,50,3.0,0,0.0
C2,2119,0.15585361485348287,94.89999999999999,49.2,1,12.0,16.40625,45.0,30.0,21.0,1.0,50,3.0,1,0.0
C2,2120,0.6491726785841627,32.7,25.9,1,2.8,16.40625,25.0,7.0,21.0,1.0,50,1.0,2,0.0
C2,2121,-0.0026315789473684847,199.0,112.9,1,50.4,16.40625,659.0,126.0,21.0,1.0,50,1.0,1,0.0
C2,2122,-0.09246869957843373,196.8,115.8,1,16.4,16.40625,102.0,41.0,21.0,1.0,50,2.0,1,0.0
C2,2123,0.14485836764674248,93.0,49.6,1,8.4,16.40625,43.0,21.0,21.0,1.0,50,2.0,0,0.0
C2,2124,0.576447410893232,44.1,34.7,1,9.2,16.40625,32.0,23.0,21.0,1.0,50,3.0,0,0.0
C2,2125,0.1365674733365982,89.0,45.6,1,4.0,16.40625,42.0,10.0,21.0,1.0,50,1.0,1,0.0
C2,2126,0.5353035646840414,47.4,35.0,1,6.4,16.40625,32.0,16.0,21.0,1.0,50,2.0,0,0.0
C2,2127,0.20988231133447427,70.3,50.5,1,9.6,16.40625,50.0,24.0,21.0,1.0,50,2.0,0,0.0
C2,2128,0.6446680850686564,33.4,26.200000000000003,1,3.2,16.40625,26.0,8.0,21.0,1.0,50,1.0,2,0.0
C2,2129,0.1602176081590891,91.2,51.3,1,10.8,16.40625,42.0,27.0,21.0,1.0,50,3.0,0,0.0
C2,2130,0.5582220359061145,47.6,35.8,1,12.0,16.40625,38.0,30.0,21.0,1.0,50,3.0,2,0.0
C2,2131,0.13051484175765077,91.30000000000001,54.699999999999996,1,4.0,16.40625,52.0,10.0,21.0,1.0,50,1.0,1,0.0
C2,2132,0.5720614459809514,44.6,34.2,1,9.2,16.40625,32.0,23.0,21.0,1.0,50,3.0,2,0.0
C2,2133,0.08280513886326574,110.7,56.4,1,4.8,16.40625,55.0,12.0,21.0,1.0,50,1.0,2,0.0
C2,2134,0.5192294885774282,47.7,34.3,1,3.2,16.40625,31.0,8.0,21.0,1.0,50,1.0,0,0.0
C2,2135,0.17664308853769342,87.0,48.5,1,12.0,16.40625,46.0,30.0,21.0,1.0,50,3.0,0,0.0
C2,2136,0.17611677274821974,87.2,46.1,1,12.0,16.40625,48.0,30.0,21.0,1.0,50,3.0,2,0.0
C2,2137,0.1480682967580026,85.9,49.099999999999994,1,4.8,16.40625,48.0,12.0,21.0,1.0,50,1.0,1,0.0
C2,2138,0.5353456893537281,47.199999999999996,34.8,1,6.0,16.40625,30.0,15.0,21.0,1.0,50,2.0,1,0.0
C2,2139,0.10972536807344027,99.2,60.199999999999996,1,4.0,16.40625,53.0,10.0,21.0,1.0,50,1.0,2,0.0
C2,2140,0.5520123560203949,45.3,36.0,1,6.0,16.40625,31.0,15.0,21.0,1.0,50,2.0,0,0.0
C2,2141,0.10363478895614375,108.0,62.1,1,8.0,16.40625,54.0,20.0,21.0,1.0,50,2.0,2,0.0
C2,2142,0.5128832628102824,48.800000000000004,36.6,1,4.0,16.40625,39.0,10.0,21.0,1.0,50,1.0,0,0.0
C2,2143,0.16221706879466086,91.80000000000001,49.6,1,11.6,16.40625,44.0,29.0,21.0,1.0,50,3.0,0,0.0
C2,2144,0.5616614788274124,44.2,35.3,1,6.0,16.40625,31.0,15.0,21.0,1.0,50,2.0,1,0.0
C2,2145,0.12712248173084206,94.5,62.1,1,5.2,16.40625,53.0,13.0,21.0,1.0,50,1.0,0,0.0
C2,2146,0.5589538503996176,44.900000000000006,35.5,1,6.8,16.40625,32.0,17.0,21.0,1.0,50,2.0,2,0.0
C2,2147,0.15919905228396658,80.4,47.0,1,4.0,16.40625,43.0,10.0,21.0,1.0,50,1.0,1,0.0
C2,2148,0.5598379721797873,46.6,36.7,1,10.4,16.40625,34.0,26.0,21.0,1.0,50,3.0,1,0.0
C2,2149,0.03971888645381047,91.89999999999999,52.400000000000006,1,12.4,16.40625,45.0,31.0,21.0,1.0,90,3.0,0,0.0
C2,2150,0.5573015422952599,32.7,26.9,1,6.4,16.40625,29.0,16.0,21.0,1.0,90,2.0,0,0.0
C2,2151,-0.043604015672815855,122.30000000000001,71.3,1,10.0,16.40625,61.0,25.0,21.0,1.0,90,2.0,1,0.0
C2,2152,0.5441477556169769,33.8,27.2,1,2.8,16.40625,28.0,7.0,21.0,1.0,90,1.0,0,0.0
C2,2153,0.09672336007995049,68.4,44.5,1,8.8,16.40625,46.0,22.0,21.0,1.0,90,2.0,1,0.0
C2,2154,0.4509019880180238,45.199999999999996,35.1,1,9.2,16.40625,34.0,23.0,21.0,1.0,90,3.0,2,0.0
C2,2155,0.040449770225932546,89.6,51.0,1,8.4,16.40625,45.0,21.0,21.0,1.0,90,2.0,0,0.0
C2,2156,0.44765652754680146,44.8,34.3,1,2.8,16.40625,37.0,7.0,21.0,1.0,90,1.0,0,0.0
C2,2157,0.016428303807497505,99.1,59.5,1,9.2,16.40625,54.0,23.0,21.0,1.0,90,2.0,0,0.0
C2,2158,0.5485337205292576,33.300000000000004,26.9,1,2.8,16.40625,28.0,7.0,21.0,1.0,90,1.0,2,0.0
C2,2159,0.04193289306939736,90.2,50.1,1,10.8,16.40625,42.0,27.0,21.0,1.0,90,3.0,1,0.0
C2,2160,0.4502839984356107,44.900000000000006,34.4,1,6.4,16.40625,35.0,16.0,21.0,1.0,90,2.0,0,0.0
C2,2161,0.04887082285751149,86.4,47.199999999999996,1,8.4,16.40625,47.0,21.0,21.0,1.0,90,2.0,0,0.0
C2,2162,0.5564670431172042,33.0,26.9,1,8.0,16.40625,24.0,20.0,21.0,1.0,90,3.0,0,0.0
C2,2163,0.006534578449186618,105.2,61.199999999999996,1,13.6,16.40625,54.0,34.0,21.0,1.0,90,3.0,1,0.0
C2,2164,0.4915161766696085,39.800000000000004,32.800000000000004,1,2.8,16.40625,30.0,7.0,21.0,1.0,90,1.0,2,0.0
C2,2165,0.11292364029905134,60.0,41.5,1,3.2,16.40625,45.0,8.0,21.0,1.0,90,1.0,2,0.0
C2,2166,0.03721779116613838,92.2,53.6,1,11.2,16.40625,40.0,28.0,21.0,1.0,90,3.0,1,0.0
C2,2167,0.061407014598449744,80.0,47.5,1,4.4,16.40625,43.0,11.0,21.0,1.0,90,1.0,1,0.0
C2,2168,0.4446782945013406,45.1,33.8,1,2.4,16.40625,30.0,6.0,21.0,1.0,90,1.0,1,0.0
C2,2169,0.02830230744837156,94.39999999999999,59.8,1,8.8,16.40625,50.0,22.0,21.0,1.0,90,2.0,1,0.0
C2,2170,0.5464326804662528,33.5,26.5,1,2.4,16.40625,27.0,6.0,21.0,1.0,90,1.0,2,0.0
C2,2171,-0.003802955709523187,106.6,66.69999999999999,1,8.8,16.40625,51.0,22.0,21.0,1.0,90,2.0,1,0.0
C2,2172,0.5555830558312943,32.800000000000004,27.3,1,5.6,16.40625,27.0,14.0,21.0,1.0,90,2.0,2,0.0
C2,2173,0.012868919422054065,98.3,47.9,1,4.0,16.40625,48.0,10.0,21.0,1.0,90,1.0,0,0.0
C2,2174,0.4512696358155467,44.6,34.6,1,4.8,16.40625,30.0,12.0,21.0,1.0,90,2.0,2,0.0
C2,2175,0.023374898973441416,94.60000000000001,55.1,1,4.8,16.40625,51.0,12.0,21.0,1.0,90,1.0,2,0.0
C2,2176,0.04497581504702883,87.7,49.0,1,8.0,16.40625,43.0,20.0,21.0,1.0,90,2.0,0,0.0
C2,2177,0.12324911986160764,56.5,42.7,1,4.4,16.40625,49.0,11.0,21.0,1.0,90,1.0,2,0.0
C2,2178,0.4338629916851429,47.199999999999996,34.7,1,9.6,16.40625,35.0,24.0,21.0,1.0,90,3.0,2,0.0
C2,2179,0.11827040907065536,60.400000000000006,41.300000000000004,1,9.2,16.40625,48.0,23.0,21.0,1.0,90,2.0,1,0.0
C2,2180,0.42584616709749434,48.0,36.2,1,8.8,16.40625,31.0,22.0,21.0,1.0,90,3.0,0,0.0
C2,2181,-0.10648389059416657,208.9,116.4,1,60.4,16.40625,258.0,151.0,21.0,1.0,90,3.0,1,0.0
C2,2182,-0.23123930031960832,205.3,114.8,1,26.0,16.40625,168.0,65.0,21.0,1.0,90,2.0,0,0.0
C2,2183,-0.023340857778078983,114.6,69.5,1,10.0,16.40625,50.0,25.0,21.0,1.0,90,2.0,0,0.0
C2,2184,0.4159183675801024,48.5,33.8,1,3.6,16.40625,33.0,9.0,21.0,1.0,90,1.0,2,0.0
C2,2185,0.19853285826834505,78.0,46.199999999999996,1,11.6,16.40625,46.0,29.0,21.0,1.0,50,3.0,2,0.0
C2,2186,0.5546365044986328,47.6,34.3,1,11.2,16.40625,38.0,28.0,21.0,1.0,50,3.0,1,0.0
C2,2187,0.11882967975552697,104.89999999999999,67.3,1,9.6,16.40625,51.0,24.0,21.0,1.0,50,2.0,2,0.0
C2,2188,0.5579446084087241,43.1,33.2,1,2.8,16.40625,33.0,7.0,21.0,1.0,50,1.0,0,0.0
C2,2189,0.14243256222190392,100.0,51.6,1,12.0,16.40625,45.0,30.0,21.0,1.0,50,3.0,1,0.0
C2,2190,0.5755840657204392,44.4,34.6,1,9.6,16.40625,34.0,24.0,21.0,1.0,50,3.0,2,0.0
C2,2191,0.01749650456045916,100.8,58.4,1,13.2,16.40625,55.0,33.0,21.0,1.0,90,3.0,1,0.0
C2,2192,0.4219546195969711,48.5,36.0,1,9.2,16.40625,31.0,23.0,21.0,1.0,90,3.0,0,0.0
C2,2193,0.017350465401178877,100.4,54.1,1,12.4,16.40625,48.0,31.0,21.0,1.0,90,3.0,2,0.0
C2,2194,0.454793535518547,44.699999999999996,34.9,1,8.8,16.40625,32.0,22.0,21.0,1.0,90,3.0,1,0.0
C2,2195,0.05248094906087522,86.4,48.5,1,11.2,16.40625,47.0,28.0,21.0,1.0,90,3.0,0,0.0
C2,2196,0.0780391495536347,75.5,46.800000000000004,1,8.8,16.40625,49.0,22.0,21.0,1.0,90,2.0,0,0.0
C2,2197,-0.013204048394979628,108.5,61.699999999999996,1,4.8,16.40625,55.0,12.0,21.0,1.0,90,1.0,2,0.0
C2,2198,0.4273218763520323,47.199999999999996,34.1,1,3.6,16.40625,33.0,9.0,21.0,1.0,90,1.0,1,0.0
C2,2199,0.01679773634392348,101.3,58.1,1,13.6,16.40625,53.0,34.0,21.0,1.0,90,3.0,2,0.0
C2,2200,0.4509019880180238,45.199999999999996,36.2,1,9.2,16.40625,34.0,23.0,21.0,1.0,90,3.0,1,0.0
C2,2201,-0.032288364997994146,118.2,66.4,1,10.4,16.40625,61.0,26.0,21.0,1.0,90,2.0,2,0.0
C2,2202,0.6297602615087119,47.5,35.3,1,8.4,16.40625,38.0,21.0,21.0,1.0,30,2.0,2,0.0
C2,2203,0.24765539731252484,88.0,46.0,1,9.2,16.40625,49.0,23.0,21.0,1.0,30,2.0,2,0.0
C2,2204,0.6544616739147471,43.8,34.0,1,6.4,16.40625,35.0,16.0,21.0,1.0,30,2.0,1,0.0
C2,2205,0.20372204972795038,105.80000000000001,63.5,1,10.0,16.40625,54.0,25.0,21.0,1.0,30,2.0,1,0.0
C2,2206,0.2521734254736505,83.4,45.199999999999996,1,7.2,16.40625,47.0,18.0,21.0,1.0,30,2.0,0,0.0
C2,2207,0.22064859070343387,102.5,61.1,1,12.4,16.40625,52.0,31.0,21.0,1.0,30,3.0,0,0.0
C2,2208,0.6088481432476025,47.5,34.2,1,3.2,16.40625,35.0,8.0,21.0,1.0,30,1.0,0,0.0
C2,2209,0.20967254221046636,101.3,65.4,1,8.4,16.40625,50.0,21.0,21.0,1.0,30,2.0,1,0.0
C2,2210,0.6309887306458581,47.7,35.2,1,9.2,16.40625,33.0,23.0,21.0,1.0,30,3.0,0,0.0
C2,2211,0.19093824660993944,119.1,69.7,1,17.2,17.1875,66.0,43.0,22.0,1.0,30,3.0,1,0.0
C2,2212,0.6590070458801174,45.0,34.4,1,10.4,16.40625,35.0,26.0,21.0,1.0,30,3.0,2,0.0
C2,2213,0.22064387877629774,102.0,62.9,1,12.0,16.40625,50.0,30.0,21.0,1.0,30,3.0,2,0.0
C2,2214,0.6368517540245229,44.5,34.1,1,3.6,16.40625,35.0,9.0,21.0,1.0,30,1.0,0,0.0
C2,2215,0.19789142982413244,105.2,63.6,1,8.0,16.40625,54.0,20.0,21.0,1.0,30,2.0,2,0.0
C2,2216,0.2848414482189593,78.60000000000001,47.4,1,12.8,17.1875,46.0,32.0,22.0,1.0,30,3.0,1,0.0
C2,2217,0.1923918938449635,103.7,62.5,1,5.6,16.40625,57.0,14.0,21.0,1.0,30,1.0,2,0.0
C2,2218,0.6332651412985972,45.1,34.4,1,4.0,16.40625,39.0,10.0,21.0,1.0,30,1.0,2,0.0
C2,2219,0.23482777357131465,96.10000000000001,60.0,1,11.6,16.40625,50.0,29.0,21.0,1.0,30,3.0,1,0.0
C2,2220,0.26083014949211303,80.69999999999999,47.6,1,7.6,16.40625,40.0,19.0,21.0,1.0,30,2.0,2,0.0
C2,2221,0.1456316377896853,119.6,70.8,1,4.4,16.40625,62.0,11.0,21.0,1.0,30,1.0,1,0.0
C2,2222,0.6359613950464158,47.300000000000004,36.6,1,9.6,16.40625,35.0,24.0,21.0,1.0,30,3.0,1,0.0
C2,2223,0.20617298305211643,103.2,61.6,1,8.8,16.40625,56.0,22.0,21.0,1.0,30,2.0,2,0.0
C2,2224,0.6560760509823962,44.5,35.2,1,8.4,16.40625,30.0,21.0,21.0,1.0,30,3.0,1,0.0
C2,2225,0.18773690094758003,103.6,62.199999999999996,1,4.4,16.40625,54.0,11.0,21.0,1.0,30,1.0,0,0.0
C2,2226,0.17112884500198858,108.0,60.8,1,3.2,16.40625,55.0,8.0,21.0,1.0,30,1.0,0,0.0
C2,2227,0.19465877156838257,99.7,56.800000000000004,1,3.6,16.40625,52.0,9.0,21.0,1.0,30,1.0,0,0.0
C2,2228,0.6078265448073692,48.0,35.8,1,4.0,16.40625,39.0,10.0,21.0,1.0,30,1.0,0,0.0
C2,2229,0.16971063358735614,119.8,75.30000000000001,1,10.8,16.40625,62.0,27.0,21.0,1.0,30,2.0,1,0.0
C2,2230,0.26403829988710414,85.0,48.4,1,11.6,16.40625,47.0,29.0,21.0,1.0,30,3.0,1,0.0
C2,2231,-0.06040445790149915,126.9,76.1,1,6.0,16.40625,69.0,15.0,21.0,1.0,90,1.0,2,0.0
C2,2232,0.05170784126431298,83.4,52.2,1,3.6,16.40625,43.0,9.0,21.0,1.0,90,1.0,0,0.0
C2,2233,-0.028330264825339457,116.9,68.4,1,10.8,16.40625,62.0,27.0,21.0,1.0,90,2.0,0,0.0
C2,2234,0.0015345784491866132,107.1,61.800000000000004,1,13.6,16.40625,52.0,34.0,21.0,1.0,90,3.0,0,0.0
C2,2235,-0.02891044018853084,119.4,75.6,1,14.8,16.40625,62.0,37.0,21.0,1.0,90,3.0,0,0.0
C2,2236,0.06969247318602872,81.19999999999999,47.7,1,13.6,16.40625,49.0,34.0,21.0,1.0,90,3.0,0,0.0
C2,2237,0.006297833822231508,104.6,62.0,1,12.4,16.40625,53.0,31.0,21.0,1.0,90,3.0,0,0.0
C2,2238,0.0589012147629151,81.10000000000001,48.300000000000004,1,4.8,16.40625,41.0,12.0,21.0,1.0,90,1.0,1,0.0
C2,2239,0.013344507068037817,99.9,57.9,1,8.4,16.40625,57.0,21.0,21.0,1.0,90,2.0,2,0.0
C2,2240,0.4371960509641342,47.0,35.1,1,10.8,16.40625,39.0,27.0,21.0,1.0,90,3.0,0,0.0
C2,2241,-0.12878569440027376,205.8,114.9,1,53.6,16.40625,694.0,134.0,21.0,1.0,90,1.0,1,0.0
C2,2242,-0.08034123444788743,204.2,115.9,1,63.6,16.40625,281.0,159.0,21.0,1.0,90,3.0,1,0.0
C2,2243,-0.025987633647660546,118.8,75.30000000000001,1,15.6,16.40625,61.0,39.0,21.0,1.0,90,3.0,0,0.0
C2,2244,0.0669221613177953,80.5,46.4,1,10.4,16.40625,43.0,26.0,21.0,1.0,90,3.0,0,0.0
C2,2245,0.002744093281181706,104.3,59.1,1,9.2,16.40625,58.0,23.0,21.0,1.0,90,2.0,2,0.0
C2,2246,0.001289972053633015,102.7,59.1,1,4.0,16.40625,52.0,10.0,21.0,1.0,90,1.0,0,0.0
C2,2247,-0.03360415447167836,118.7,75.39999999999999,1,10.4,16.40625,62.0,26.0,21.0,1.0,90,2.0,1,0.0
C2,2248,0.04387380783678749,90.1,48.599999999999994,1,12.0,16.40625,45.0,30.0,21.0,1.0,90,3.0,2,0.0
C2,2249,-0.0032022636560765094,108.89999999999999,61.800000000000004,1,13.6,16.40625,58.0,34.0,21.0,1.0,90,3.0,1,0.0
C2,2250,0.055869529738847956,84.7,46.6,1,10.4,16.40625,41.0,26.0,21.0,1.0,90,3.0,2,0.0
C2,2251,-0.04636194313182174,121.1,77.60000000000001,1,4.8,16.40625,65.0,12.0,21.0,1.0,90,1.0,1,0.0
C2,2252,0.4270345322612012,47.6,36.1,1,6.8,16.40625,36.0,17.0,21.0,1.0,90,2.0,2,0.0
C2,2253,-0.005046153658137487,105.39999999999999,59.7,1,4.8,16.40625,55.0,12.0,21.0,1.0,90,1.0,1,0.0
C2,2254,0.029339420211681413,91.89999999999999,48.599999999999994,1,3.6,16.40625,40.0,9.0,21.0,1.0,90,1.0,2,0.0
C2,2255,0.007060894238660298,105.0,62.5,1,13.6,16.40625,55.0,34.0,21.0,1.0,90,3.0,1,0.0
C2,2256,0.04760576152731723,85.1,45.5,1,4.0,16.40625,46.0,10.0,21.0,1.0,90,1.0,2,0.0
C2,2257,0.016637251315490376,101.6,61.5,1,14.0,16.40625,54.0,35.0,21.0,1.0,90,3.0,1,0.0
C2,2258,0.44765652754680146,44.8,34.0,1,2.8,16.40625,35.0,7.0,21.0,1.0,90,1.0,1,0.0
C2,2259,-0.027016760512275695,113.9,72.6,1,5.2,16.40625,61.0,13.0,21.0,1.0,90,1.0,1,0.0
C2,2260,0.45863062981779906,43.9,34.5,1,6.0,16.40625,35.0,15.0,21.0,1.0,90,2.0,0,0.0
C2,2261,-0.03585991326462423,124.2,84.8,1,18.0,16.40625,70.0,45.0,21.0,1.0,90,3.0,0,0.0
C2,2262,0.44702088642198506,45.699999999999996,35.0,1,9.6,16.40625,36.0,24.0,21.0,1.0,90,3.0,0,0.0
C2,2263,-0.007814680787467804,108.89999999999999,63.2,1,10.4,16.40625,54.0,26.0,21.0,1.0,90,2.0,1,0.0
C2,2264,0.04813207731679091,84.9,47.9,1,4.0,16.40625,43.0,10.0,21.0,1.0,90,1.0,1,0.0
C2,2265,0.0061651459127606695,103.0,63.6,1,9.2,16.40625,56.0,23.0,21.0,1.0,90,2.0,2,0.0
C2,2266,0.00268079354862423,106.2,59.4,1,12.8,16.40625,51.0,32.0,21.0,1.0,90,3.0,1,0.0
C2,2267,-0.04038089673049533,121.89999999999999,75.39999999999999,1,11.6,16.40625,65.0,29.0,21.0,1.0,90,2.0,1,0.0
C2,2268,0.44523734047468566,45.199999999999996,35.1,1,4.0,16.40625,36.0,10.0,21.0,1.0,90,1.0,0,0.0
C2,2269,-0.05636194313182169,124.89999999999999,75.5,1,4.8,16.40625,64.0,12.0,21.0,1.0,90,1.0,2,0.0
C2,2270,0.4298493564390764,47.6,34.5,1,9.2,16.40625,34.0,23.0,21.0,1.0,90,3.0,1,0.0
C2,2271,-0.04588085243451964,128.89999999999998,82.10000000000001,1,19.2,16.40625,79.0,48.0,21.0,1.0,90,3.0,1,0.0
C2,2272,0.004164372657651946,101.9,61.9,1,4.8,16.40625,56.0,12.0,21.0,1.0,90,1.0,2,0.0
C2,2273,-0.0547264957591343,130.8,83.0,1,17.2,16.40625,75.0,43.0,21.0,1.0,90,3.0,0,0.0
C2,2274,-0.09634947608683467,145.8,94.3,1,16.0,16.40625,87.0,40.0,21.0,1.0,90,2.0,2,0.0
C2,2275,-0.1003782482433411,151.2,94.7,1,21.2,16.40625,87.0,53.0,21.0,1.0,90,3.0,2,0.0
C2,2276,-0.04424718072466424,127.1,80.60000000000001,1,17.6,16.40625,74.0,44.0,21.0,1.0,90,3.0,2,0.0
C2,2277,-0.19571050690505165,188.1,104.89999999999999,1,22.0,16.40625,94.0,55.0,21.0,1.0,90,3.0,0,0.0
C2,2278,-0.009300606103641862,111.69999999999999,76.2,1,14.4,16.40625,60.0,36.0,21.0,1.0,90,3.0,0,0.0
C2,2279,-0.13918968577491553,157.0,95.5,1,6.4,16.40625,85.0,16.0,21.0,1.0,90,1.0,1,0.0
C2,2280,-0.05819454914571687,132.39999999999998,83.6,1,17.6,16.40625,71.0,44.0,21.0,1.0,90,3.0,1,0.0
C2,2281,-0.23674678524913334,208.2,114.2,1,26.8,16.40625,105.0,67.0,21.0,1.0,90,3.0,2,0.0
C2,2282,-0.009382459085760742,106.89999999999999,66.0,1,4.4,16.40625,65.0,11.0,21.0,1.0,90,1.0,1,0.0
C2,2283,-0.1051527142661419,144.4,93.0,1,7.2,16.40625,81.0,18.0,21.0,1.0,90,1.0,0,0.0
C2,2284,0.06800725117591853,79.5,53.699999999999996,1,9.2,16.40625,50.0,23.0,21.0,1.0,90,2.0,0,0.0
C2,2285,-0.06638935005794935,132.0,82.69999999999999,1,12.0,16.40625,73.0,30.0,21.0,1.0,90,2.0,0,0.0
C2,2286,0.00043623600162129295,108.0,63.4,1,14.4,16.40625,59.0,36.0,21.0,1.0,90,3.0,0,0.0
C2,2287,-0.05666984335402214,132.39999999999998,80.3,1,18.4,16.40625,74.0,46.0,21.0,1.0,90,3.0,2,0.0
C2,2288,-0.06991149735438101,130.20000000000002,71.5,1,5.2,16.40625,63.0,13.0,21.0,1.0,90,1.0,2,0.0
C2,2289,-0.19243417265552248,187.20000000000002,106.1,1,22.4,16.40625,98.0,56.0,21.0,1.0,90,3.0,1,0.0
C2,2290,-0.027540791141128923,116.6,69.4,1,10.8,16.40625,69.0,27.0,21.0,1.0,90,2.0,0,0.0
C2,2291,-0.20780529561630096,196.0,111.4,1,25.6,16.40625,103.0,64.0,21.0,1.0,90,3.0,2,0.0
C2,2292,-0.0026777326055059114,104.5,57.5,1,4.8,16.40625,51.0,12.0,21.0,1.0,90,1.0,2,0.0
C2,2293,0.009075451928880221,104.0,66.60000000000001,1,13.2,16.40625,50.0,33.0,21.0,1.0,90,3.0,1,0.0
C2,2294,0.6549449128766778,44.8,35.0,1,8.8,16.40625,34.0,22.0,21.0,1.0,30,3.0,0,0.0
C2,2295,0.18914622642099263,109.10000000000001,64.3,1,8.4,16.40625,51.0,21.0,21.0,1.0,30,2.0,2,0.0
C2,2296,0.1906316377896853,102.5,50.8,1,4.4,16.40625,41.0,11.0,21.0,1.0,30,1.0,0,0.0
C2,2297,0.21668426936863266,92.60000000000001,52.8,1,4.4,16.40625,49.0,11.0,21.0,1.0,30,1.0,1,0.0
C2,2298,0.6087037377898252,47.9,34.6,1,4.0,16.40625,38.0,10.0,21.0,1.0,30,1.0,1,0.0
C2,2299,0.2755904079803118,82.60000000000001,46.199999999999996,1,13.2,16.40625,48.0,33.0,21.0,1.0,30,3.0,2,0.0
C2,2300,0.6516900860701154,45.0,34.5,1,8.4,16.40625,33.0,21.0,21.0,1.0,30,3.0,2,0.0
C2,2301,0.15588136523516283,132.8,81.19999999999999,1,17.6,16.40625,71.0,44.0,21.0,1.0,30,3.0,2,0.0
C2,2302,0.6575816988507575,45.0,34.9,1,10.0,16.40625,33.0,25.0,21.0,1.0,30,3.0,0,0.0
C2,2303,0.21576571350291504,94.2,47.9,1,5.2,16.40625,46.0,13.0,21.0,1.0,30,1.0,2,0.0
C2,2304,0.6600428470026556,45.199999999999996,35.0,1,11.2,16.40625,38.0,28.0,21.0,1.0,30,3.0,1,0.0
C2,2305,0.26774914193419247,84.1,47.6,1,12.0,16.40625,49.0,30.0,21.0,1.0,30,3.0,0,0.0
C2,2306,0.21690619745399609,104.89999999999999,63.0,1,13.2,16.40625,52.0,33.0,21.0,1.0,30,3.0,2,0.0
C2,2307,0.08402354753290377,109.60000000000001,60.699999999999996,1,4.4,16.40625,53.0,11.0,21.0,1.0,50,1.0,0,0.0
C2,2308,0.5599577385243482,44.2,35.0,1,5.6,16.40625,31.0,14.0,21.0,1.0,50,2.0,2,0.0
C2,2309,0.10922774488873681,101.3,58.1,1,5.2,16.40625,48.0,13.0,21.0,1.0,50,1.0,0,0.0
C2,2310,0.1668369174239036,80.69999999999999,50.6,1,6.0,16.40625,40.0,15.0,21.0,1.0,50,2.0,0,0.0
C2,2311,0.05833145465273945,120.0,76.0,1,4.8,16.40625,61.0,12.0,21.0,1.0,50,1.0,2,0.0
C2,2312,0.5428056193171508,45.199999999999996,34.8,1,3.6,16.40625,33.0,9.0,21.0,1.0,50,1.0,1,0.0
C2,2313,0.10525168386291395,100.9,61.0,1,4.0,16.40625,54.0,10.0,21.0,1.0,50,1.0,0,0.0
C2,2314,0.5317608679434773,48.0,36.5,1,6.8,16.40625,33.0,17.0,21.0,1.0,50,2.0,1,0.0
C2,2315,0.1424899465941109,93.89999999999999,54.4,1,8.4,16.40625,48.0,21.0,21.0,1.0,50,2.0,2,0.0
C2,2316,0.1299104020211605,92.8,58.6,1,4.8,16.40625,48.0,12.0,21.0,1.0,50,1.0,0,0.0
C2,2317,0.1852989571204841,78.3,53.0,1,8.8,16.40625,50.0,22.0,21.0,1.0,50,2.0,2,0.0
C2,2318,0.5424138788752254,46.199999999999996,37.3,1,5.6,16.40625,31.0,14.0,21.0,1.0,50,2.0,1,0.0
C2,2319,0.11380573606779512,104.80000000000001,63.70000000000001,1,8.4,16.40625,54.0,21.0,21.0,1.0,50,2.0,1,0.0
C2,2320,0.5694298670335829,44.900000000000006,35.4,1,9.2,16.40625,33.0,23.0,21.0,1.0,50,3.0,1,0.0
C2,2321,0.09655677982512462,127.7,80.5,1,18.0,16.40625,75.0,45.0,21.0,1.0,50,3.0,1,0.0
C2,2322,0.23546201589467686,91.5,49.9,1,8.4,17.1875,41.0,21.0,22.0,1.0,30,2.0,1,0.0
C2,2323,0.22571140314732993,87.9,50.2,1,3.6,16.40625,47.0,9.0,21.0,1.0,30,1.0,1,0.0
C2,2324,0.6264478152194071,45.3,33.9,1,2.8,16.40625,31.0,7.0,21.0,1.0,30,1.0,1,0.0
C2,2325,0.22243259374740149,104.2,62.6,1,14.4,16.40625,56.0,36.0,21.0,1.0,30,3.0,1,0.0
C2,2326,0.16579595566277566,82.4,50.6,1,6.8,16.40625,41.0,17.0,21.0,1.0,50,2.0,2,0.0
C2,2327,0.11086565279606163,99.4,51.6,1,4.4,16.40625,46.0,11.0,21.0,1.0,50,1.0,2,0.0
C2,2328,0.5478831966557107,45.0,34.2,1,4.4,16.40625,36.0,11.0,21.0,1.0,50,1.0,2,0.0
C2,2329,0.06176555969961675,81.5,47.300000000000004,1,8.4,16.40625,47.0,21.0,21.0,1.0,90,2.0,0,0.0
C2,2330,0.4564602488137505,44.1,34.4,1,5.6,16.40625,32.0,14.0,21.0,1.0,90,2.0,2,0.0
C2,2331,-0.0292840869000546,117.9,72.3,1,12.0,16.40625,68.0,30.0,21.0,1.0,90,2.0,1,0.0
C2,2332,0.4579195318776729,44.4,34.3,1,9.2,16.40625,32.0,23.0,21.0,1.0,90,3.0,1,0.0
C2,2333,0.12097608601540624,59.0,42.9,1,8.4,16.40625,48.0,21.0,21.0,1.0,90,2.0,1,0.0
C2,2334,0.4140385935458182,48.800000000000004,34.9,1,4.4,16.40625,37.0,11.0,21.0,1.0,90,1.0,0,0.0
C2,2335,0.02732226739449406,93.10000000000001,51.2,1,4.8,16.40625,47.0,12.0,21.0,1.0,90,1.0,1,0.0
C2,2336,0.4512038852224674,45.0,35.7,1,8.0,16.40625,39.0,20.0,21.0,1.0,90,2.0,0,0.0
C2,2337,0.011933330387923435,98.8,57.9,1,4.4,16.40625,54.0,11.0,21.0,1.0,90,1.0,0,0.0
C2,2338,0.4252043420534373,47.4,34.5,1,3.2,16.40625,33.0,8.0,21.0,1.0,90,1.0,1,0.0
C2,2339,0.04461809692205576,88.2,49.3,1,8.8,16.40625,47.0,22.0,21.0,1.0,90,2.0,0,0.0
C2,2340,0.6288791763863164,45.6,34.3,1,4.0,16.40625,38.0,10.0,21.0,1.0,30,1.0,2,0.0
C2,2341,0.2226957516421383,104.1,61.5,1,14.4,16.40625,55.0,36.0,21.0,1.0,30,3.0,0,0.0
C2,2342,0.6027077923704096,48.2,36.0,1,3.2,16.40625,31.0,8.0,21.0,1.0,30,1.0,0,0.0
C2,2343,0.2106466672626427,101.5,60.3,1,8.8,16.40625,54.0,22.0,21.0,1.0,30,2.0,0,0.0
C2,2344,0.6204076805131262,47.5,35.3,1,6.0,16.40625,30.0,15.0,21.0,1.0,30,2.0,0,0.0
C2,2345,0.16222678869937407,86.4,45.8,1,8.4,16.40625,47.0,21.0,21.0,1.0,50,2.0,0,0.0
C2,2346,0.15521373632456478,88.4,47.7,1,8.0,16.40625,47.0,20.0,21.0,1.0,50,2.0,0,0.0
C2,2347,0.13521934071779348,98.0,52.5,1,9.2,16.40625,49.0,23.0,21.0,1.0,50,2.0,2,0.0
C2,2348,0.544868463524811,47.7,36.5,1,9.2,16.40625,32.0,23.0,21.0,1.0,50,3.0,2,0.0
C2,2349,0.1158390999605109,102.7,60.6,1,7.6,16.40625,55.0,19.0,21.0,1.0,50,2.0,2,0.0
C2,2350,0.5774105906152294,44.8,35.7,1,10.8,16.40625,34.0,27.0,21.0,1.0,50,3.0,1,0.0
C2,2351,0.12356652186079009,103.1,62.4,1,9.6,16.40625,54.0,24.0,21.0,1.0,50,2.0,0,0.0
C2,2352,0.5320937229715001,46.800000000000004,35.1,1,4.4,16.40625,39.0,11.0,21.0,1.0,50,1.0,1,0.0
C2,2353,0.10359509300136131,100.9,51.5,1,3.6,16.40625,47.0,9.0,21.0,1.0,50,1.0,2,0.0
C2,2354,0.5199986017732912,47.800000000000004,35.4,1,3.6,16.40625,32.0,9.0,21.0,1.0,50,1.0,0,0.0
C2,2355,0.11001341077627858,109.60000000000001,64.8,1,10.4,16.40625,57.0,26.0,21.0,1.0,50,2.0,0,0.0
C2,2356,0.15716940432716708,94.39999999999999,49.4,1,12.0,16.40625,47.0,30.0,21.0,1.0,50,3.0,1,0.0
C2,2357,0.1546874205350911,88.6,48.7,1,8.0,16.40625,47.0,20.0,21.0,1.0,50,2.0,0,0.0
C2,2358,0.5853382588845977,44.1,34.9,1,11.2,16.40625,38.0,28.0,21.0,1.0,50,3.0,2,0.0
C2,2359,0.06393589438922975,116.6,73.1,1,4.0,16.40625,62.0,10.0,21.0,1.0,50,1.0,2,0.0
C2,2360,0.5641909524621722,44.5,34.7,1,7.2,16.40625,30.0,18.0,21.0,1.0,50,3.0,0,0.0
C2,2361,-0.10781827015741388,204.0,115.5,1,17.2,16.40625,109.0,43.0,21.0,1.0,50,2.0,0,0.0
C2,2362,0.5624626223294423,44.5,34.3,1,6.8,16.40625,33.0,17.0,21.0,1.0,50,2.0,2,0.0
C2,2363,0.2053272990640092,76.1,47.6,1,12.0,16.40625,47.0,30.0,21.0,1.0,50,3.0,1,0.0
C2,2364,0.16636541574998456,83.5,47.6,1,7.6,16.40625,42.0,19.0,21.0,1.0,50,2.0,1,0.0
C2,2365,0.19190624643243026,81.19999999999999,46.4,1,12.0,16.40625,48.0,30.0,21.0,1.0,50,3.0,2,0.0
C2,2366,0.5334891980762071,48.0,36.2,1,7.2,16.40625,39.0,18.0,21.0,1.0,50,2.0,2,0.0
C2,2367,0.07780513886326573,112.60000000000001,66.3,1,4.8,16.40625,59.0,12.0,21.0,1.0,50,1.0,2,0.0
C2,2368,0.5256965665467106,48.300000000000004,36.900000000000006,1,6.0,16.40625,32.0,15.0,21.0,1.0,50,2.0,2,0.0
C2,2369,0.179011509590325,86.1,50.8,1,12.0,16.40625,47.0,30.0,21.0,1.0,50,3.0,2,0.0
C2,2370,0.5439912705423549,47.800000000000004,37.3,1,9.2,16.40625,35.0,23.0,21.0,1.0,50,3.0,0,0.0
C2,2371,0.08287256929880887,132.89999999999998,81.5,1,18.0,16.40625,77.0,45.0,21.0,1.0,50,3.0,2,0.0
C2,2372,0.5199986017732912,47.800000000000004,35.9,1,3.6,16.40625,31.0,9.0,21.0,1.0,50,1.0,0,0.0
C2,2373,0.1781350846720816,87.8,51.6,1,12.8,16.40625,49.0,32.0,21.0,1.0,50,3.0,1,0.0
C2,2374,0.13946221017870342,87.9,49.099999999999994,1,4.0,16.40625,42.0,10.0,21.0,1.0,50,1.0,2,0.0
C2,2375,0.1175419809685289,97.5,46.6,1,4.8,16.40625,47.0,12.0,21.0,1.0,50,1.0,1,0.0
C2,2376,0.04539633501557626,126.2,79.2,1,5.6,16.40625,77.0,14.0,21.0,1.0,50,1.0,0,0.0
C2,2377,-0.1242333363805499,202.7,110.39999999999999,1,12.8,16.40625,149.0,32.0,21.0,1.0,50,1.0,2,0.0
C2,2378,-0.040243630631227295,189.6,104.1,1,24.0,16.40625,99.0,60.0,21.0,1.0,50,3.0,1,0.0
C2,2379,0.04290970149209228,143.3,94.10000000000001,1,15.2,16.40625,85.0,38.0,21.0,1.0,50,2.0,0,0.0
C2,2380,0.11070035615925607,98.19999999999999,55.5,1,3.6,16.40625,45.0,9.0,21.0,1.0,50,1.0,2,0.0
C2,2381,0.030804438334197576,147.9,92.2,1,15.2,16.40625,85.0,38.0,21.0,1.0,50,2.0,2,0.0
C2,2382,-0.0549949796446057,190.0,106.39999999999999,1,20.8,16.40625,90.0,52.0,21.0,1.0,50,3.0,1,0.0
C2,2383,-0.132468758659262,203.1,108.89999999999999,1,11.2,16.40625,154.0,28.0,21.0,1.0,50,1.0,0,0.0
C2,2384,0.03410323316392655,133.1,80.5,1,7.2,16.40625,74.0,18.0,21.0,1.0,50,1.0,1,0.0
C2,2385,0.12061407728177098,112.4,67.8,1,14.4,16.40625,63.0,36.0,21.0,1.0,50,3.0,2,0.0
C2,2386,0.06263659930276277,145.3,90.6,1,20.8,16.40625,88.0,52.0,21.0,1.0,50,3.0,2,0.0
C2,2387,-0.04113070011040465,189.29999999999998,105.39999999999999,1,23.6,16.40625,98.0,59.0,21.0,1.0,50,3.0,1,0.0
C2,2388,0.07780513886326573,112.60000000000001,60.1,1,4.8,16.40625,54.0,12.0,21.0,1.0,50,1.0,1,0.0
C2,2389,-0.0852526232791635,144.8,92.8,1,20.4,16.40625,82.0,51.0,21.0,1.0,90,3.0,2,0.0
C2,2390,0.04272280407213397,87.1,50.4,1,4.4,16.40625,49.0,11.0,21.0,1.0,90,1.0,1,0.0
C2,2391,-0.11346986325156452,157.9,96.19999999999999,1,23.2,16.40625,90.0,58.0,21.0,1.0,90,3.0,2,0.0
C2,2392,-0.25010327993554626,211.29999999999998,117.9,1,24.8,16.40625,107.0,62.0,21.0,1.0,90,3.0,0,0.0
C2,2393,-0.19780367498152368,180.7,111.69999999999999,1,9.6,16.40625,129.0,24.0,21.0,1.0,90,1.0,1,0.0
C2,2394,-0.2296359392307818,211.29999999999998,118.8,1,32.0,16.40625,137.0,80.0,21.0,1.0,90,3.0,0,0.0
C2,2395,-0.25149998058926215,209.3,117.6,1,22.0,16.40625,128.0,55.0,21.0,1.0,90,2.0,2,0.0
C2,2396,-0.0578157700629463,135.7,94.2,1,22.0,16.40625,80.0,55.0,21.0,1.0,90,3.0,1,0.0
C2,2397,-0.23436324058193136,193.5,105.6,1,7.2,16.40625,90.0,18.0,21.0,1.0,90,1.0,1,0.0
C2,2398,-0.24620327513987084,198.9,115.8,1,9.2,16.40625,111.0,23.0,21.0,1.0,90,1.0,0,0.0
C2,2399,-0.2616041186517647,212.79999999999998,121.2,1,21.6,16.40625,129.0,54.0,21.0,1.0,90,2.0,1,0.0
C2,2400,-0.25149889131378367,201.5,113.4,1,10.4,16.40625,138.0,26.0,21.0,1.0,90,1.0,1,0.0
C2,2401,-0.21989282425578965,204.8,111.19999999999999,1,29.6,16.40625,200.0,74.0,21.0,1.0,90,2.0,0,0.0
C2,2402,-0.22712427403102048,208.0,117.1,1,30.0,16.40625,121.0,75.0,21.0,1.0,90,3.0,1,0.0
C2,2403,-0.21332573261755433,199.3,114.7,1,26.8,16.40625,111.0,67.0,21.0,1.0,90,3.0,2,0.0
C2,2404,-0.06686006091461055,132.39999999999998,81.60000000000001,1,12.4,16.40625,76.0,31.0,21.0,1.0,90,2.0,2,0.0
C2,2405,-0.09436115620228264,142.2,93.39999999999999,1,11.2,16.40625,80.0,28.0,21.0,1.0,90,2.0,2,0.0
C2,2406,-0.10488955637140507,144.3,92.2,1,7.2,16.40625,82.0,18.0,21.0,1.0,90,1.0,2,0.0
C2,2407,0.03542303824433955,102.8,59.6,1,4.8,16.40625,53.0,12.0,21.0,1.0,70,1.0,0,0.0
C2,2408,-0.0036797251895482885,135.6,83.3,1,19.6,16.40625,78.0,49.0,21.0,1.0,70,3.0,1,0.0
C2,2409,-0.14740244841572975,186.79999999999998,111.10000000000001,1,17.2,17.1875,107.0,43.0,22.0,1.0,70,2.0,1,0.0
C2,2410,-0.2004324007022173,206.4,113.69999999999999,1,16.8,16.40625,113.0,42.0,21.0,1.0,70,2.0,2,0.0
C2,2411,-0.0019880116985705742,117.4,75.80000000000001,1,5.2,16.40625,68.0,13.0,21.0,1.0,70,1.0,0,0.0
C2,2412,-0.05385792842577808,137.5,82.4,1,5.6,16.40625,71.0,14.0,21.0,1.0,70,1.0,2,0.0
C2,2413,-0.09887090173636134,200.6,113.60000000000001,1,37.2,16.40625,165.0,93.0,21.0,1.0,70,3.0,2,0.0
C2,2414,0.04899692580823359,101.3,59.6,1,8.4,16.40625,52.0,21.0,21.0,1.0,70,2.0,2,0.0
C2,2415,0.09582481059254318,89.1,49.099999999999994,1,13.2,16.40625,48.0,33.0,21.0,1.0,70,3.0,2,0.0
C2,2416,0.44774456784387795,48.5,38.3,1,3.6,16.40625,38.0,9.0,21.0,1.0,70,1.0,0,0.0
C2,2417,0.02345537974900183,119.7,76.89999999999999,1,15.6,16.40625,64.0,39.0,21.0,1.0,70,3.0,2,0.0
C2,2418,0.5179200064403692,40.5,33.7,1,3.6,16.40625,32.0,9.0,21.0,1.0,70,1.0,1,0.0
C2,2419,0.09634201493424038,78.89999999999999,45.5,1,4.0,16.40625,47.0,10.0,21.0,1.0,70,1.0,2,0.0
C2,2420,0.45309640089915265,48.0,36.1,1,4.0,16.40625,32.0,10.0,21.0,1.0,70,1.0,0,0.0
C2,2421,-0.0379258104075777,152.2,92.60000000000001,1,22.0,16.40625,83.0,55.0,21.0,1.0,70,3.0,1,0.0
C2,2422,0.48533964704881266,44.900000000000006,33.6,1,6.0,16.40625,31.0,15.0,21.0,1.0,70,2.0,2,0.0
C2,2423,0.09898270532938527,87.9,46.4,1,13.2,16.40625,48.0,33.0,21.0,1.0,70,3.0,1,0.0
C2,2424,0.485463866089492,44.2,34.0,1,3.6,16.40625,34.0,9.0,21.0,1.0,70,1.0,0,0.0
C2,2425,0.06645724290740512,95.10000000000001,50.2,1,8.8,16.40625,47.0,22.0,21.0,1.0,70,2.0,0,0.0
C2,2426,0.042142028070535686,106.6,59.8,1,10.8,16.40625,53.0,27.0,21.0,1.0,70,2.0,1,0.0
C2,2427,0.06156416763407911,97.4,59.8,1,9.2,16.40625,50.0,23.0,21.0,1.0,70,2.0,2,0.0
C2,2428,0.519600310499027,40.2,34.4,1,3.2,16.40625,32.0,8.0,21.0,1.0,70,1.0,0,0.0
C2,2429,0.013393745784790925,114.4,71.1,1,8.0,16.40625,50.0,20.0,21.0,1.0,70,2.0,2,0.0
C2,2430,0.4895631242058009,44.3,33.7,1,5.6,16.40625,33.0,14.0,21.0,1.0,70,2.0,2,0.0
C2,2431,-0.03399325116892443,128.8,79.60000000000001,1,4.4,16.40625,77.0,11.0,21.0,1.0,70,1.0,2,0.0
C2,2432,0.528159615433871,39.9,33.9,1,5.6,16.40625,30.0,14.0,21.0,1.0,70,2.0,0,0.0
C2,2433,0.10187744217149054,86.8,49.3,1,13.2,16.40625,46.0,33.0,21.0,1.0,70,3.0,1,0.0
C2,2434,0.5965449622056507,33.099999999999994,26.700000000000003,1,8.8,16.40625,28.0,22.0,21.0,1.0,70,3.0,1,0.0
C2,2435,0.08489672245486583,84.0,51.7,1,4.8,16.40625,44.0,12.0,21.0,1.0,70,1.0,0,0.0
C2,2436,0.47214849982280166,48.099999999999994,36.6,1,11.2,16.40625,37.0,28.0,21.0,1.0,70,3.0,0,0.0
C2,2437,0.042131488618450896,99.5,48.9,1,4.0,16.40625,43.0,10.0,21.0,1.0,70,1.0,0,0.0
C2,2438,0.5801266262885006,33.300000000000004,27.599999999999998,1,3.2,16.40625,26.0,8.0,21.0,1.0,70,1.0,1,0.0
C2,2439,0.07916171400779894,84.7,49.6,1,3.2,16.40625,46.0,8.0,21.0,1.0,70,1.0,0,0.0
C2,2440,0.4907621668374224,44.900000000000006,35.3,1,8.0,16.40625,31.0,20.0,21.0,1.0,70,3.0,0,0.0
C2,2441,0.22801701175606542,99.7,58.1,1,12.4,16.40625,54.0,31.0,21.0,1.0,30,3.0,2,0.0
C2,2442,0.6578304369473085,44.3,34.8,1,8.4,16.40625,30.0,21.0,21.0,1.0,30,3.0,0,0.0
C2,2443,0.20800005884231687,95.9,55.0,1,4.4,16.40625,44.0,11.0,21.0,1.0,30,1.0,2,0.0
C2,2444,0.6545580964907991,44.5,33.9,1,8.0,16.40625,30.0,20.0,21.0,1.0,30,3.0,0,0.0
C2,2445,0.23875237284207157,88.5,49.6,1,7.2,16.40625,46.0,18.0,21.0,1.0,30,2.0,1,0.0
C2,2446,0.6532260570525978,44.3,34.3,1,7.2,16.40625,36.0,18.0,21.0,1.0,30,2.0,1,0.0
C2,2447,0.24473353508729032,87.4,48.300000000000004,1,8.0,16.40625,43.0,20.0,21.0,1.0,30,2.0,2,0.0
C2,2448,0.6177761015657579,47.800000000000004,34.2,1,6.0,16.40625,32.0,15.0,21.0,1.0,30,2.0,0,0.0
C2,2449,0.2283567527367821,94.2,48.800000000000004,1,8.4,16.40625,47.0,21.0,21.0,1.0,30,2.0,2,0.0
C2,2450,0.6953009970963715,40.7,33.4,1,10.0,16.40625,33.0,25.0,21.0,1.0,30,3.0,2,0.0
C2,2451,0.1392105263157895,145.1,93.10000000000001,1,20.0,16.40625,81.0,50.0,21.0,1.0,30,3.0,1,0.0
C2,2452,0.7589440614030798,32.599999999999994,26.0,1,8.0,16.40625,28.0,20.0,21.0,1.0,30,3.0,0,0.0
C2,2453,0.2438045619994848,88.9,53.900000000000006,1,8.8,16.40625,48.0,22.0,21.0,1.0,30,2.0,0,0.0
C2,2454,0.6026412277087334,48.4,34.4,1,3.6,16.40625,32.0,9.0,21.0,1.0,30,1.0,1,0.0
C2,2455,0.25128958095577714,88.8,48.0,1,10.8,16.40625,43.0,27.0,21.0,1.0,30,3.0,2,0.0
C2,2456,0.6579704458445716,43.4,33.6,1,6.4,16.40625,37.0,16.0,21.0,1.0,30,2.0,0,0.0
C2,2457,0.2184177456136061,97.4,53.400000000000006,1,8.0,16.40625,48.0,20.0,21.0,1.0,30,2.0,2,0.0
C2,2458,0.7316551607914621,33.5,26.9,1,3.2,16.40625,28.0,8.0,21.0,1.0,30,1.0,2,0.0
C2,2459,0.24666987883447256,91.6,51.3,1,11.6,16.40625,45.0,29.0,21.0,1.0,30,3.0,2,0.0
C2,2460,0.6088481432476025,47.5,37.199999999999996,1,3.2,16.40625,30.0,8.0,21.0,1.0,30,1.0,0,0.0
C2,2461,0.15244413005509808,120.1,76.6,1,6.4,16.40625,62.0,16.0,21.0,1.0,30,1.0,2,0.0
C2,2462,0.6306335623512287,45.400000000000006,35.3,1,4.0,16.40625,31.0,10.0,21.0,1.0,30,1.0,2,0.0
C2,2463,0.28078976096990316,81.10000000000001,47.300000000000004,1,13.6,16.40625,49.0,34.0,21.0,1.0,30,3.0,2,0.0
C2,2464,0.6590070458801174,45.0,34.9,1,10.4,16.40625,33.0,26.0,21.0,1.0,30,3.0,0,0.0
C2,2465,0.29090982515737956,71.0,46.6,1,8.8,16.40625,45.0,22.0,21.0,1.0,30,2.0,0,0.0
C2,2466,0.6653060048973924,44.6,35.2,1,11.2,16.40625,38.0,28.0,21.0,1.0,30,3.0,2,0.0
C2,2467,0.07423675177634563,87.3,48.5,1,4.0,16.40625,44.0,10.0,21.0,1.0,70,1.0,0,0.0
C2,2468,0.5947905762407384,33.300000000000004,26.599999999999998,1,8.8,16.40625,29.0,22.0,21.0,1.0,70,3.0,2,0.0
C2,2469,0.061605172828977206,92.1,50.9,1,4.0,16.40625,45.0,10.0,21.0,1.0,70,1.0,2,0.0
C2,2470,0.47956900679230235,45.8,36.5,1,6.8,16.40625,31.0,17.0,21.0,1.0,70,2.0,1,0.0
C2,2471,0.04924586322412214,106.80000000000001,60.0,1,13.2,16.40625,53.0,33.0,21.0,1.0,70,3.0,0,0.0
C2,2472,0.46672040080214194,47.9,35.3,1,8.8,16.40625,30.0,22.0,21.0,1.0,70,3.0,0,0.0
C2,2473,0.064633564560129,91.7,51.3,1,4.8,16.40625,46.0,12.0,21.0,1.0,70,1.0,1,0.0
C2,2474,0.48079119438123946,45.3,37.1,1,5.6,16.40625,32.0,14.0,21.0,1.0,70,2.0,1,0.0
C2,2475,0.020744991050871797,115.2,68.7,1,11.2,16.40625,50.0,28.0,21.0,1.0,70,3.0,1,0.0
C2,2476,0.5030277004702948,44.3,34.5,1,10.4,17.1875,39.0,26.0,22.0,1.0,70,3.0,0,0.0
C2,2477,0.10246932392711292,85.1,48.099999999999994,1,12.0,16.40625,47.0,30.0,21.0,1.0,70,3.0,1,0.0
C2,2478,0.47941219037283683,45.0,35.0,1,4.0,16.40625,33.0,10.0,21.0,1.0,70,1.0,0,0.0
C2,2479,0.059164643567917646,93.39999999999999,47.199999999999996,1,4.4,16.40625,47.0,11.0,21.0,1.0,70,1.0,0,0.0
C2,2480,0.4971548205450757,44.3,34.7,1,8.4,16.40625,30.0,21.0,21.0,1.0,70,3.0,0,0.0
C2,2481,0.061515343328698055,164.20000000000002,75.39999999999999,3,40.133335,15.885417,646.0,301.0,61.0,1.0,30,2.0,2,0.0
C2,2482,0.29716943585266464,72.6,41.2,4,14.4,15.8203125,312.0,144.0,81.0,1.0,30,2.0,0,0.0
C2,2483,0.7307460627537696,33.7,23.2,4,3.4,15.8203125,45.0,34.0,81.0,1.0,30,3.0,0,0.0
C2,2484,0.7056541090431225,36.8,24.1,4,3.9,15.8203125,45.0,39.0,81.0,1.0,30,3.0,1,0.0
C2,2485,0.724377337034452,33.4,22.700000000000003,4,1.3,15.8203125,42.0,13.0,81.0,1.0,30,1.0,1,0.0
C2,2486,0.7339594028181855,32.800000000000004,21.8,4,2.3,15.8203125,37.0,23.0,81.0,1.0,30,2.0,2,0.0
C2,2487,0.5923041745467179,48.599999999999994,33.0,2,5.6,16.015625,51.0,28.0,41.0,1.0,30,3.0,1,0.0
C2,2488,0.6798008012222132,39.4,31.6,1,5.2,16.40625,30.0,13.0,21.0,1.0,30,2.0,2,0.0
C2,2489,0.21650087683154046,91.39999999999999,48.5,1,3.6,16.40625,42.0,9.0,21.0,1.0,30,1.0,2,0.0
C2,2490,0.6458462770043545,44.6,34.6,1,6.0,16.40625,34.0,15.0,21.0,1.0,30,2.0,0,0.0
C2,2491,0.1905641549911083,110.8,64.19999999999999,1,10.0,17.1875,50.0,25.0,22.0,1.0,30,2.0,0,0.0
C2,2492,0.7593308777889585,32.9,27.3,1,8.8,16.40625,29.0,22.0,21.0,1.0,30,3.0,2,0.0
C2,2493,0.2437080288914722,89.5,51.3,1,9.2,16.40625,49.0,23.0,21.0,1.0,30,2.0,2,0.0
C2,2494,0.6605227985551878,44.5,34.3,1,9.6,16.40625,30.0,24.0,21.0,1.0,30,3.0,2,0.0
C2,2495,0.2816698788344726,78.3,45.6,1,11.6,16.40625,41.0,29.0,21.0,1.0,30,3.0,2,0.0
C2,2496,0.19995658714923176,96.4,53.0,1,2.8,16.40625,40.0,7.0,21.0,1.0,30,1.0,2,0.0
C2,2497,0.2016586163407524,102.0,54.5,1,6.8,16.40625,45.0,17.0,21.0,1.0,30,2.0,1,0.0
C2,2498,0.7325881660966,33.2,26.9,1,2.8,16.40625,28.0,7.0,21.0,1.0,30,1.0,2,0.0
C2,2499,0.06272264080794997,81.69999999999999,48.0,1,9.6,16.40625,49.0,24.0,21.0,1.0,90,2.0,0,0.0
C2,2500,0.5490642594136212,33.2,27.400000000000002,1,30.0,40.0,100.0,1500.0,2000.0,1.0,50,1.0,0,0.0
C2,2501,-0.12289473684210522,180.7,75.80000000000001,5,56.1,15.8203125,731.0,561.0,81.0,1.0,50,3.0,0,0.0
C2,2502,0.2563526531514698,50.1,34.9,5,8.08,15.78125,457.0,101.0,101.0,1.0,50,1.0,2,0.0
C2,2503,0.33906396153955487,50.5,33.9,5,7.28,15.78125,141.0,91.0,101.0,1.0,30,3.0,0,0.0
C2,2504,0.5963258998160799,48.5,35.2,5,2.32,15.78125,125.0,29.0,101.0,1.0,30,1.0,2,0.0
C2,2505,0.6092092816843353,49.6,33.7,5,7.84,15.78125,134.0,98.0,101.0,1.0,30,3.0,1,0.0
C2,2506,0.25267356837906285,51.1,34.6,5,7.84,15.78125,140.0,98.0,101.0,1.0,50,3.0,0,0.0
C2,2507,-0.018883227251780266,113.3,59.7,2,12.0,16.015625,147.0,60.0,41.0,1.0,50,2.0,0,0.0
C2,2508,0.11496748020056052,119.0,64.69999999999999,2,17.0,16.015625,137.0,85.0,41.0,1.0,50,3.0,0,0.0
C2,2509,0.0988572250390444,116.9,64.5,2,12.2,16.015625,145.0,61.0,41.0,1.0,50,2.0,0,0.0
C2,2510,0.06697753172930176,135.4,74.89999999999999,1,17.8,16.015625,144.0,89.0,41.0,1.0,50,3.0,1,0.0
C2,2511,-0.07940891421134957,200.6,112.19999999999999,1,21.6,16.40625,147.0,54.0,21.0,1.0,50,2.0,1,0.0
C2,2512,-0.14392795818439208,209.5,115.3,1,12.4,16.40625,143.0,31.0,21.0,1.0,50,1.0,2,0.0
C2,2513,-0.14120398383691812,207.1,119.5,1,11.6,16.40625,134.0,29.0,21.0,1.0,50,1.0,0,0.0
C2,2514,-0.10951923394617402,193.70000000000002,110.10000000000001,1,10.8,16.40625,134.0,27.0,21.0,1.0,50,1.0,2,0.0
C2,2515,-0.08702904670702374,206.1,115.7,1,23.2,16.40625,141.0,58.0,21.0,1.0,50,2.0,2,0.0
C2,2516,-0.10479980376030887,196.0,113.0,1,13.2,16.40625,151.0,33.0,21.0,1.0,50,1.0,1,0.0
C2,2517,-0.053646371324681225,203.6,115.6,1,30.0,17.1875,132.0,75.0,22.0,1.0,50,3.0,0,0.0
C2,2518,-0.06127795027204955,206.5,115.9,1,30.0,16.40625,123.0,75.0,21.0,1.0,50,3.0,1,0.0
C2,2519,-0.13919711553951092,204.3,112.0,1,10.4,16.40625,142.0,26.0,21.0,1.0,50,1.0,0,0.0
C2,2520,-0.06981414338590305,191.6,111.8,1,18.4,16.40625,124.0,46.0,21.0,1.0,50,2.0,0,0.0
C2,2521,-0.08192017379461514,204.8,115.6,1,23.6,16.40625,158.0,59.0,21.0,1.0,50,2.0,1,0.0
C2,2522,-0.08859431868552203,205.4,115.5,1,22.4,16.40625,142.0,56.0,21.0,1.0,50,2.0,2,0.0
C2,2523,-0.06540596787234446,206.4,112.69999999999999,1,28.8,16.40625,133.0,72.0,21.0,1.0,50,3.0,2,0.0
C2,2524,-0.09387115197018162,208.7,116.5,1,23.2,17.1875,139.0,58.0,22.0,1.0,50,2.0,0,0.0
C2,2525,-0.1456440044549993,205.4,114.8,1,9.6,16.40625,122.0,24.0,21.0,1.0,50,1.0,0,0.0
C2,2526,-0.10754168710657475,212.60000000000002,122.1,1,22.4,16.40625,150.0,56.0,21.0,1.0,50,2.0,0,0.0
C2,2527,-0.1133440989360398,193.8,110.0,1,10.0,16.40625,122.0,25.0,21.0,1.0,50,1.0,2,0.0
C2,2528,-0.12852139023820935,201.6,114.2,1,11.2,16.40625,124.0,28.0,21.0,1.0,50,1.0,0,0.0
C2,2529,-0.0819064051579548,212.10000000000002,118.0,1,28.4,16.40625,122.0,71.0,21.0,1.0,50,3.0,1,0.0
C2,2530,-0.04805329169105349,205.1,115.0,1,32.8,16.40625,131.0,82.0,21.0,1.0,50,3.0,2,0.0
C2,2531,-0.1251176886655257,197.6,110.7,1,9.6,16.40625,158.0,24.0,21.0,1.0,50,1.0,0,0.0
C2,2532,-0.09757012002902299,203.5,113.9,1,19.2,16.40625,118.0,48.0,21.0,1.0,50,2.0,2,0.0
C2,2533,-0.123821190281868,212.79999999999998,118.0,1,18.8,16.40625,126.0,47.0,21.0,1.0,50,2.0,2,0.0
C2,2534,-0.13694244286978824,204.8,115.9,1,11.2,16.40625,135.0,28.0,21.0,1.0,50,1.0,2,0.0
C2,2535,-0.12021353161843637,192.39999999999998,110.7,1,7.6,16.40625,109.0,19.0,21.0,1.0,50,1.0,1,0.0
C2,2536,-0.13483717971189346,204.0,115.5,1,11.2,16.40625,133.0,28.0,21.0,1.0,50,1.0,2,0.0
C2,2537,-0.09297991419183393,203.1,110.0,1,20.0,16.40625,137.0,50.0,21.0,1.0,50,2.0,0,0.0
C2,2538,-0.11339213004346571,206.8,115.4,1,17.6,16.40625,114.0,44.0,21.0,1.0,50,2.0,2,0.0
C2,2539,-0.061550024780307855,187.1,110.9,1,17.6,16.40625,122.0,44.0,21.0,1.0,50,2.0,0,0.0
C2,2540,-0.034976178122374135,195.39999999999998,111.60000000000001,1,29.2,16.40625,134.0,73.0,21.0,1.0,50,3.0,1,0.0
C2,2541,-0.0503543944272683,201.8,114.5,1,29.6,16.40625,137.0,74.0,21.0,1.0,50,3.0,0,0.0
C2,2542,-0.10935273424863848,203.9,110.3,1,16.8,16.40625,123.0,42.0,21.0,1.0,50,2.0,0,0.0
C2,2543,-0.08806800289604844,205.2,119.6,1,22.4,16.40625,140.0,56.0,21.0,1.0,50,2.0,2,0.0
C2,2544,-0.14077606290793193,204.9,116.6,1,10.4,16.40625,141.0,26.0,21.0,1.0,50,1.0,0,0.0
C2,2545,-0.04726381800684287,204.8,113.4,1,32.8,16.40625,147.0,82.0,21.0,1.0,50,3.0,2,0.0
C2,2546,-0.13829669941071848,210.10000000000002,121.0,1,14.0,16.40625,142.0,35.0,21.0,1.0,50,1.0,0,0.0
C2,2547,-0.1576181681710898,211.29999999999998,117.2,1,10.4,16.40625,130.0,26.0,21.0,1.0,50,1.0,0,0.0
C2,2548,-0.09561149313920236,204.1,119.8,1,20.0,16.40625,135.0,50.0,21.0,1.0,50,2.0,0,0.0
C2,2549,-0.09598786157977054,206.9,113.4,1,21.6,16.40625,135.0,54.0,21.0,1.0,50,2.0,1,0.0
C2,2550,-0.043035613579235354,202.7,114.7,1,32.4,16.40625,136.0,81.0,21.0,1.0,50,3.0,1,0.0
C2,2551,-0.02499999999999991,207.5,117.9,1,40.4,16.40625,172.0,101.0,21.0,1.0,50,3.0,0,0.0
C2,2552,-0.10397017848581314,195.0,111.0,1,12.8,16.40625,155.0,32.0,21.0,1.0,50,1.0,1,0.0
C2,2553,-0.0987297602619635,189.6,108.8,1,10.8,16.40625,150.0,27.0,21.0,1.0,50,1.0,1,0.0
C2,2554,-0.04195649023216583,207.6,117.7,1,37.2,16.40625,151.0,93.0,21.0,1.0,50,3.0,2,0.0
C2,2555,-0.03621118642789556,200.6,112.5,1,32.8,16.40625,139.0,82.0,21.0,1.0,50,3.0,1,0.0
C2,2556,-0.08124008236720145,208.9,117.1,1,26.4,16.40625,152.0,66.0,21.0,1.0,50,2.0,0,0.0
C2,2557,-0.03949989605478668,199.3,113.9,1,30.8,16.40625,134.0,77.0,21.0,1.0,50,3.0,2,0.0
C2,2558,-0.175049421570172,213.9,126.7,1,8.0,16.40625,111.0,20.0,21.0,1.0,50,1.0,2,0.0
C2,2559,-0.03346446852893198,185.1,103.9,1,22.8,16.40625,98.0,57.0,21.0,1.0,50,3.0,1,0.0
C2,2560,-0.08244648958408879,205.0,115.0,1,23.6,16.40625,109.0,59.0,21.0,1.0,50,3.0,2,0.0
