Cluster,Step,Reward,Latency_P90,Latency_Avg,Replicas,CPU_Pct,RAM_Pct,Requests,Total_CPU,Total_RAM,Success,HPA_Target,Throughput,Enhancement,Forecast
C1,1,0.11867273649449292,95.8,47.800000000000004,1,4.0,16.40625,41.0,10.0,21.0,1.0,50,1.0,0,0.0
C1,2,-0.035271983479547075,180.5,106.2,1,19.6,16.40625,134.0,49.0,21.0,1.0,50,2.0,1,0.0
C1,3,-0.011813182675044664,168.2,93.60000000000001,1,17.6,16.40625,100.0,44.0,21.0,1.0,50,2.0,0,0.0
C1,4,-0.07004341589735313,199.0,108.60000000000001,1,22.8,16.40625,103.0,57.0,21.0,1.0,50,3.0,1,0.0
C1,5,-0.05928859484724677,196.20000000000002,106.89999999999999,1,23.6,16.40625,151.0,59.0,21.0,1.0,50,2.0,0,0.0
C1,6,-0.020187450788254097,185.70000000000002,103.7,1,26.4,16.40625,169.0,66.0,21.0,1.0,50,2.0,0,0.0
C1,7,0.018897946850880643,140.2,81.10000000000001,1,8.0,16.40625,85.0,20.0,21.0,1.0,50,1.0,0,0.0
C1,8,0.051440142694544694,138.0,83.0,1,14.0,16.40625,83.0,35.0,21.0,1.0,50,2.0,2,0.0
C1,9,0.7557347567600108,18.0,17.4,1,1.6,16.40625,12.0,4.0,21.0,1.0,50,1.0,0,0.0
C1,10,0.039023075527535284,163.20000000000002,98.5,1,26.4,16.40625,100.0,66.0,21.0,1.0,50,3.0,1,0.0
C1,11,-0.08528532543803319,196.8,106.6,1,18.0,16.40625,116.0,45.0,21.0,1.0,50,2.0,0,0.0
C1,12,0.22885825089609815,53.3,41.9,1,3.6,16.40625,41.0,9.0,21.0,1.0,50,1.0,0,0.0
C1,13,0.15147747209783555,99.3,54.6,1,13.6,16.40625,55.0,34.0,21.0,1.0,50,3.0,0,0.0
C1,14,0.18448016618909144,75.30000000000001,44.3,1,6.8,17.1875,42.0,17.0,22.0,1.0,50,2.0,0,0.0
C1,15,0.5887611642218549,43.1,32.9,1,10.0,16.40625,37.0,25.0,21.0,1.0,50,3.0,2,0.0
C1,16,-0.03102880970132152,193.89999999999998,108.3,1,29.2,16.40625,122.0,73.0,21.0,1.0,50,3.0,0,0.0
C1,17,0.5704840543138219,43.0,34.1,1,5.6,16.40625,33.0,14.0,21.0,1.0,50,2.0,2,0.0
C1,18,0.554988525968177,44.0,33.2,1,4.0,16.40625,38.0,10.0,21.0,1.0,50,1.0,1,0.0
C1,19,0.12827942027832145,99.3,55.7,1,8.4,16.40625,58.0,21.0,21.0,1.0,50,2.0,1,0.0
C1,20,-0.052344946329924646,196.70000000000002,103.0,1,25.6,16.40625,106.0,64.0,21.0,1.0,50,3.0,1,0.0
C1,21,0.13264654359735545,109.2,64.9,1,15.2,16.40625,64.0,38.0,21.0,1.0,50,3.0,2,0.0
C1,22,0.0838173876471552,111.60000000000001,67.5,1,5.6,16.40625,69.0,14.0,21.0,1.0,50,1.0,0,0.0
C1,23,0.0512528278186386,136.7,82.9,1,13.2,16.40625,87.0,33.0,21.0,1.0,50,2.0,2,0.0
C1,24,0.13056211501522097,99.1,53.6,1,8.8,16.40625,54.0,22.0,21.0,1.0,50,2.0,2,0.0
C1,25,-0.003036369195362737,149.2,84.0,1,8.4,16.40625,85.0,21.0,21.0,1.0,50,1.0,0,0.0
C1,26,-0.0030335415159815915,158.70000000000002,91.89999999999999,1,14.0,16.40625,91.0,35.0,21.0,1.0,50,2.0,1,0.0
C1,27,-0.03921383333376227,195.3,105.5,1,28.0,16.40625,117.0,70.0,21.0,1.0,50,3.0,0,0.0
C1,28,0.7557347567600108,17.6,17.3,1,1.6,16.40625,14.0,4.0,21.0,1.0,50,1.0,2,0.0
C1,29,0.5972996640160246,38.800000000000004,31.2,1,3.2,16.40625,36.0,8.0,21.0,1.0,50,1.0,1,0.0
C1,30,-0.09100300530264688,181.29999999999998,98.5,1,7.6,16.40625,97.0,19.0,21.0,1.0,50,1.0,2,0.0
C1,31,0.04605911355751249,127.90000000000002,72.8,1,6.8,16.40625,73.0,17.0,21.0,1.0,50,1.0,2,0.0
C1,32,0.015922650805049968,137.4,82.5,1,5.6,16.40625,86.0,14.0,21.0,1.0,50,1.0,2,0.0
C1,33,0.15001941023666052,97.8,53.900000000000006,1,12.4,16.40625,51.0,31.0,21.0,1.0,50,3.0,0,0.0
C1,34,0.09560326948501277,114.4,75.2,1,10.0,16.40625,70.0,25.0,21.0,1.0,50,2.0,2,0.0
C1,35,0.06237490303119672,121.7,72.6,1,6.8,16.40625,74.0,17.0,21.0,1.0,50,1.0,1,0.0
C1,36,0.6576201049155455,32.300000000000004,24.7,1,4.0,16.40625,25.0,10.0,21.0,1.0,50,2.0,2,0.0
C1,37,0.757337347487159,17.8,17.3,1,2.0,16.40625,11.0,5.0,21.0,1.0,50,1.0,2,0.0
C1,38,0.6566551264802722,32.599999999999994,25.4,1,4.4,16.40625,22.0,11.0,21.0,1.0,50,2.0,0,0.0
C1,39,0.18670047290990038,77.10000000000001,44.3,1,8.4,16.40625,49.0,21.0,21.0,1.0,50,2.0,0,0.0
C1,40,0.6686368980173747,32.2,25.5,1,6.4,16.40625,21.0,16.0,21.0,1.0,50,3.0,0,0.0
C1,41,0.5866652684399578,40.2,32.4,1,3.6,16.40625,30.0,9.0,21.0,1.0,50,1.0,1,0.0
C1,42,0.1880014184019896,68.2,44.2,1,3.2,16.40625,46.0,8.0,21.0,1.0,50,1.0,0,0.0
C1,43,0.6526814505139873,32.300000000000004,26.5,1,2.8,16.40625,24.0,7.0,21.0,1.0,50,1.0,0,0.0
C1,44,0.650049871566619,32.599999999999994,25.6,1,2.8,16.40625,22.0,7.0,21.0,1.0,50,1.0,2,0.0
C1,45,-0.11794415841227729,192.20000000000002,105.7,1,8.0,16.40625,113.0,20.0,21.0,1.0,50,1.0,2,0.0
C1,46,-0.07632461505849447,196.1,109.60000000000001,1,19.6,16.40625,248.0,49.0,21.0,1.0,50,1.0,0,0.0
C1,47,-0.017014338144527408,188.6,99.6,2,68.4,16.40625,308.0,171.0,21.0,1.0,50,3.0,1,0.0
C1,48,0.14600881440200403,93.89999999999999,46.9,2,9.2,16.40625,72.0,46.0,42.0,1.0,50,3.0,0,0.0
C1,49,0.19642247103356855,65.0,34.9,2,3.2,16.40625,58.0,16.0,42.0,1.0,50,1.0,0,0.0
C1,50,0.16497024709394525,83.7,42.0,2,7.4,16.40625,69.0,37.0,42.0,1.0,50,2.0,1,0.0
C1,51,0.6099577385243482,38.5,25.3,2,5.6,16.40625,36.0,28.0,42.0,1.0,50,3.0,1,0.0
C1,52,0.5151944897104996,49.4,34.8,2,5.8,16.40625,58.0,29.0,42.0,1.0,50,2.0,2,0.0
C1,53,0.21143731501516352,64.5,40.9,1,8.4,16.40625,44.0,21.0,21.0,1.0,50,2.0,1,0.0
C1,54,0.10148934938958154,103.6,57.4,1,4.8,16.40625,56.0,12.0,21.0,1.0,50,1.0,0,0.0
C1,55,0.6659268192587564,33.099999999999994,26.0,1,7.6,16.40625,27.0,19.0,21.0,1.0,50,3.0,0,0.0
C1,56,0.06894218058179835,117.9,64.3,1,6.0,16.40625,65.0,15.0,21.0,1.0,50,1.0,1,0.0
C1,57,0.27090127932097663,50.5,41.300000000000004,1,11.6,16.40625,44.0,29.0,21.0,1.0,50,3.0,2,0.0
C1,58,0.6625386718098685,32.7,25.6,1,6.0,16.40625,24.0,15.0,21.0,1.0,50,3.0,0,0.0
C1,59,0.576447410893232,44.1,34.5,1,9.2,16.40625,35.0,23.0,21.0,1.0,50,3.0,1,0.0
C1,60,0.19906889396253194,72.4,44.0,1,8.4,16.40625,46.0,21.0,21.0,1.0,50,2.0,2,0.0
C1,61,0.1218369174239036,97.8,56.300000000000004,1,6.0,16.40625,59.0,15.0,21.0,1.0,50,1.0,0,0.0
C1,62,0.4990745380657882,43.7,33.2,1,7.2,16.40625,36.0,18.0,21.0,1.0,70,2.0,0,0.0
C1,63,0.039370406665392196,101.3,53.8,1,4.8,16.40625,58.0,12.0,21.0,1.0,70,1.0,2,0.0
C1,64,0.1692458632241221,61.199999999999996,43.3,1,13.2,16.40625,48.0,33.0,21.0,1.0,70,3.0,1,0.0
C1,65,0.15278392969989218,65.5,43.4,1,11.6,16.40625,44.0,29.0,21.0,1.0,70,3.0,2,0.0
C1,66,0.49535848047651293,44.0,34.6,1,6.8,16.40625,35.0,17.0,21.0,1.0,70,2.0,0,0.0
C1,67,0.07269586655750089,96.9,59.8,1,12.4,16.40625,50.0,31.0,21.0,1.0,70,3.0,0,0.0
C1,68,0.18320745212402303,50.3,40.0,1,8.4,16.40625,45.0,21.0,21.0,1.0,70,2.0,1,0.0
C1,69,0.051533064620549254,96.3,54.4,1,4.4,16.40625,58.0,11.0,21.0,1.0,70,1.0,1,0.0
C1,70,0.5872182520544043,32.599999999999994,25.1,1,3.6,16.40625,21.0,9.0,21.0,1.0,70,2.0,1,0.0
C1,71,0.04225787603896401,111.5,62.9,1,14.8,16.40625,69.0,37.0,21.0,1.0,70,3.0,2,0.0
C1,72,0.6987104359868719,17.7,17.3,1,4.0,16.40625,19.0,10.0,21.0,1.0,70,2.0,0,0.0
C1,73,0.4290954344073689,50.0,17.5,1,1.2,16.40625,8.0,3.0,21.0,1.0,70,1.0,0,0.0
C1,74,0.7006861961390762,17.8,17.6,1,4.8,16.40625,13.0,12.0,21.0,1.0,70,3.0,2,0.0
C1,75,0.7016961988277453,18.0,17.6,1,5.2,17.1875,15.0,13.0,22.0,1.0,70,3.0,2,0.0
C1,76,0.5954004345801633,33.099999999999994,27.099999999999998,1,8.4,16.40625,28.0,21.0,21.0,1.0,70,3.0,0,0.0
C1,77,0.695856543421489,18.0,17.6,1,2.8,16.40625,19.0,7.0,21.0,1.0,70,1.0,1,0.0
C1,78,0.008272662472814635,128.20000000000002,75.0,1,17.6,16.40625,74.0,44.0,21.0,1.0,70,3.0,0,0.0
C1,79,0.13006428761013247,75.1,45.1,1,12.4,16.40625,49.0,31.0,21.0,1.0,70,3.0,1,0.0
C1,80,0.02297122599618112,108.7,67.10000000000001,1,6.0,16.40625,62.0,15.0,21.0,1.0,70,1.0,0,0.0
C1,81,0.10477217901359581,85.7,50.5,1,13.2,16.40625,55.0,33.0,21.0,1.0,70,3.0,0,0.0
C1,82,-0.14710139462861233,194.3,105.6,1,22.4,16.40625,107.0,56.0,21.0,1.0,70,3.0,1,0.0
C1,83,0.5935506084801982,32.099999999999994,25.1,1,4.4,16.40625,25.0,11.0,21.0,1.0,70,2.0,2,0.0
C1,84,0.5939490891180816,32.4,25.7,1,5.6,16.40625,24.0,14.0,21.0,1.0,70,2.0,2,0.0
C1,85,-0.11529423146020923,181.60000000000002,105.30000000000001,1,22.0,16.40625,101.0,55.0,21.0,1.0,70,3.0,0,0.0
C1,86,-0.073080941041303,178.5,95.9,1,30.0,17.1875,125.0,75.0,22.0,1.0,70,3.0,1,0.0
C1,87,0.5170627881895931,42.7,33.099999999999994,1,10.4,17.1875,38.0,26.0,22.0,1.0,70,3.0,1,0.0
C1,88,0.5852851266809654,32.5,26.200000000000003,1,2.4,17.1875,28.0,6.0,22.0,1.0,70,1.0,0,0.0
C1,89,-0.01383011696172845,121.89999999999999,68.2,1,5.2,17.1875,77.0,13.0,22.0,1.0,70,1.0,1,0.0
C1,90,0.05193742784493394,98.5,67.4,1,6.8,17.1875,75.0,17.0,22.0,1.0,70,1.0,2,0.0
C1,91,-0.21291374771523108,202.6,106.30000000000001,1,10.0,17.1875,107.0,25.0,22.0,1.0,70,1.0,2,0.0
C1,92,-0.1638401926768423,183.5,98.3,1,9.6,17.1875,117.0,24.0,22.0,1.0,70,1.0,1,0.0
C1,93,-0.0612661611237148,170.0,99.4,1,27.6,17.1875,111.0,69.0,22.0,1.0,70,3.0,2,0.0
C1,94,-0.13600975751908423,177.7,98.9,1,13.6,17.1875,200.0,34.0,22.0,1.0,70,1.0,0,0.0
C1,95,-0.12351020395998213,166.0,98.4,1,7.6,17.1875,100.0,19.0,22.0,1.0,70,1.0,2,0.0
C1,96,-0.1265744620316535,182.29999999999998,104.80000000000001,1,19.6,17.1875,133.0,49.0,22.0,1.0,70,2.0,2,0.0
C1,97,-0.01543539077610634,191.20000000000002,106.2,1,51.6,17.1875,231.0,129.0,22.0,1.0,70,3.0,0,0.0
C1,98,-0.15372869315965448,181.5,101.5,1,11.2,17.1875,165.0,28.0,22.0,1.0,70,1.0,2,0.0
C1,99,-0.06737725507209094,192.70000000000002,105.6,1,39.6,17.1875,184.0,99.0,22.0,1.0,70,3.0,1,0.0
C1,100,-0.14713633672336712,193.70000000000002,107.7,1,22.0,17.1875,290.0,55.0,22.0,1.0,70,1.0,2,0.0
C1,101,-0.15926524181228335,197.7,107.7,1,21.6,17.1875,270.0,54.0,22.0,1.0,70,1.0,2,0.0
C1,102,0.06315789473684212,170.8,89.2,2,72.4,16.796875,522.0,362.0,43.0,1.0,70,3.0,0,0.0
C1,103,0.03176263883390705,114.2,64.69999999999999,2,13.8,16.796875,148.0,69.0,43.0,1.0,70,2.0,2,0.0
C1,104,0.031001796991107125,112.5,61.400000000000006,2,12.2,16.796875,143.0,61.0,43.0,1.0,70,2.0,2,0.0
C1,105,0.060833792233330866,97.9,52.400000000000006,2,9.4,16.796875,81.0,47.0,43.0,1.0,70,3.0,0,0.0
C1,106,0.00531826006669088,119.9,66.0,2,10.2,16.796875,117.0,51.0,43.0,1.0,70,2.0,0,0.0
C1,107,0.05100044443769683,109.5,61.199999999999996,2,15.8,16.796875,194.0,79.0,43.0,1.0,70,2.0,0,0.0
C1,108,-0.1913895852711413,202.0,102.0,1,18.4,17.1875,107.0,46.0,22.0,1.0,70,2.0,0,0.0
C1,109,-0.01412108632051487,122.39999999999999,69.7,1,5.6,17.1875,78.0,14.0,22.0,1.0,70,1.0,0,0.0
C1,110,0.5880213631306059,32.4,26.4,1,3.2,17.1875,29.0,8.0,22.0,1.0,70,1.0,0,0.0
C1,111,0.030214345586746308,103.3,56.4,1,3.2,17.1875,54.0,8.0,22.0,1.0,70,1.0,1,0.0
C1,112,0.05773875469157874,99.3,55.300000000000004,1,9.6,17.1875,55.0,24.0,22.0,1.0,70,2.0,2,0.0
C1,113,-0.15564802025048957,179.5,99.7,1,8.8,17.1875,110.0,22.0,22.0,1.0,70,1.0,2,0.0
C1,114,-0.12013519056647182,174.8,102.0,1,16.0,17.1875,111.0,40.0,22.0,1.0,70,2.0,1,0.0
C1,115,0.458588827984462,44.5,33.8,1,10.4,17.1875,39.0,26.0,22.0,1.0,90,3.0,1,0.0
C1,116,0.5534322263662834,33.4,26.4,1,8.4,17.1875,26.0,21.0,22.0,1.0,90,3.0,2,0.0
C1,117,-0.15801348202531268,165.20000000000002,93.5,1,8.8,17.1875,97.0,22.0,22.0,1.0,90,1.0,0,0.0
C1,118,0.758951238880883,18.0,17.4,1,2.4,17.1875,18.0,6.0,22.0,1.0,50,1.0,0,0.0
C1,119,0.7557347567600108,17.6,17.3,1,1.6,17.1875,11.0,4.0,22.0,1.0,50,1.0,2,0.0
C1,120,0.4894065094559651,50.0,17.3,1,0.8,17.1875,6.0,2.0,22.0,1.0,50,1.0,2,0.0
C1,121,0.6466705371264969,32.800000000000004,24.1,1,2.4,17.1875,27.0,6.0,22.0,1.0,50,1.0,0,0.0
C1,122,0.7671814422697458,17.6,17.3,1,4.4,17.1875,13.0,11.0,22.0,1.0,50,3.0,2,0.0
C1,123,0.7605761873560926,17.7,17.3,1,2.8,17.1875,12.0,7.0,22.0,1.0,50,2.0,1,0.0
C1,124,0.6703573591715475,32.2,26.200000000000003,1,6.8,17.1875,24.0,17.0,22.0,1.0,50,3.0,0,0.0
C1,125,0.770543534362421,17.6,17.4,1,5.2,17.1875,14.0,13.0,22.0,1.0,50,3.0,1,0.0
C1,126,0.6211981008081585,39.199999999999996,33.300000000000004,1,9.6,17.1875,34.0,24.0,22.0,1.0,50,3.0,2,0.0
C1,127,0.650927064549075,32.5,27.099999999999998,1,2.8,17.1875,28.0,7.0,22.0,1.0,50,1.0,0,0.0
C1,128,0.23264879752031573,54.4,40.800000000000004,1,5.2,17.1875,49.0,13.0,22.0,1.0,50,1.0,0,0.0
C1,129,0.7541437003574938,17.5,17.3,1,1.2,17.1875,11.0,3.0,22.0,1.0,50,1.0,2,0.0
C1,130,0.7655148417576507,17.6,17.3,1,4.0,17.1875,12.0,10.0,22.0,1.0,50,3.0,1,0.0
C1,131,0.6185445711555717,39.1,33.2,1,8.8,17.1875,35.0,22.0,22.0,1.0,50,3.0,2,0.0
C1,132,0.7671814422697458,17.7,17.3,1,4.4,17.1875,12.0,11.0,22.0,1.0,50,3.0,1,0.0
C1,133,0.763858250896098,17.7,17.4,1,3.6,17.1875,16.0,9.0,22.0,1.0,50,2.0,2,0.0
C1,134,0.6534400148932178,32.4,26.200000000000003,1,3.2,17.1875,20.0,8.0,22.0,1.0,50,2.0,0,0.0
C1,135,0.763858250896098,17.7,17.4,1,3.6,17.1875,16.0,9.0,22.0,1.0,50,2.0,2,0.0
C1,136,0.665170250757237,32.4,24.8,1,6.0,17.1875,22.0,15.0,22.0,1.0,50,3.0,0,0.0
C1,137,0.7739421805817983,17.5,17.3,1,6.0,17.1875,17.0,15.0,22.0,1.0,50,3.0,2,0.0
C1,138,0.6466705371264969,32.800000000000004,25.7,1,2.4,17.1875,28.0,6.0,22.0,1.0,50,1.0,0,0.0
C1,139,0.758951238880883,17.5,17.2,1,2.4,17.1875,10.0,6.0,22.0,1.0,50,2.0,2,0.0
C1,140,0.7557347567600108,18.700000000000003,17.3,1,1.6,17.1875,14.0,4.0,22.0,1.0,50,1.0,0,0.0
C1,141,0.6465410996367944,33.0,26.700000000000003,1,2.8,17.1875,26.0,7.0,22.0,1.0,50,1.0,0,0.0
C1,142,0.763858250896098,17.5,17.2,1,3.6,17.1875,17.0,9.0,22.0,1.0,50,2.0,2,0.0
C1,143,0.6669246367221491,32.2,25.5,1,6.0,17.1875,20.0,15.0,22.0,1.0,50,3.0,1,0.0
C1,144,0.7541437003574938,17.9,17.4,1,1.2,17.1875,12.0,3.0,22.0,1.0,50,1.0,1,0.0
C1,145,0.6584095124451845,32.4,25.7,1,4.4,17.1875,27.0,11.0,22.0,1.0,50,2.0,0,0.0
C1,146,0.23373383680261617,57.9,41.7,1,7.6,17.1875,41.0,19.0,22.0,1.0,50,2.0,1,0.0
C1,147,0.65281088800369,32.099999999999994,23.900000000000002,1,2.4,17.1875,25.0,6.0,22.0,1.0,50,1.0,2,0.0
C1,148,0.6549007405153597,32.800000000000004,25.9,1,4.4,17.1875,20.0,11.0,22.0,1.0,50,2.0,1,0.0
C1,149,0.5729443631184057,43.7,33.8,1,7.6,17.1875,30.0,19.0,22.0,1.0,50,3.0,1,0.0
C1,150,0.6520741895924222,32.0,24.2,1,2.0,17.1875,22.0,5.0,22.0,1.0,50,1.0,0,0.0
C1,151,0.14884703081442224,96.19999999999999,52.0,1,11.2,17.1875,53.0,28.0,22.0,1.0,50,3.0,0,0.0
C1,152,0.7655148417576507,17.6,17.3,1,4.0,17.1875,18.0,10.0,22.0,1.0,50,2.0,2,0.0
C1,153,0.7655148417576507,17.5,17.2,1,4.0,17.1875,16.0,10.0,22.0,1.0,50,2.0,0,0.0
C1,154,0.7756544418770237,17.5,17.3,1,6.4,17.1875,18.0,16.0,22.0,1.0,50,3.0,2,0.0
C1,155,0.6521911037755463,33.300000000000004,26.200000000000003,1,4.8,17.1875,23.0,12.0,22.0,1.0,50,2.0,2,0.0
C1,156,0.5642930577747807,43.9,34.9,1,6.0,17.1875,30.0,15.0,22.0,1.0,50,2.0,0,0.0
C1,157,0.6608349315068043,32.7,25.9,1,5.6,17.1875,27.0,14.0,22.0,1.0,50,2.0,0,0.0
C1,158,0.6676997243919967,32.7,26.3,1,7.2,17.1875,25.0,18.0,22.0,1.0,50,3.0,2,0.0
C1,159,0.16155613730366059,94.10000000000001,51.7,1,12.8,17.1875,59.0,32.0,22.0,1.0,50,3.0,2,0.0
C1,160,-0.1648441352571261,208.7,118.1,1,7.2,17.1875,100.0,18.0,22.0,1.0,50,1.0,2,0.0
C1,161,0.021792445847369474,162.8,95.2,1,22.0,17.1875,94.0,55.0,22.0,1.0,50,3.0,1,0.0
C1,162,-0.0032451547155415428,189.5,103.8,1,34.0,17.1875,153.0,85.0,22.0,1.0,50,3.0,0,0.0
C1,163,0.04711174513645988,127.5,80.8,1,6.8,17.1875,75.0,17.0,22.0,1.0,50,1.0,2,0.0
C1,164,0.14868421052631584,141.5,83.1,1,21.6,17.1875,89.0,54.0,22.0,1.0,30,3.0,2,0.0
C1,165,0.017894736842105297,191.20000000000002,103.2,1,26.4,17.1875,114.0,66.0,22.0,1.0,30,3.0,2,0.0
C1,166,0.06289473684210532,170.9,87.1,2,34.0,16.796875,195.0,170.0,43.0,1.0,30,3.0,2,0.0
C1,167,0.20302920595892826,113.10000000000001,61.699999999999996,2,15.8,16.796875,127.0,79.0,43.0,1.0,30,3.0,2,0.0
C1,168,0.21837670648271282,104.1,54.800000000000004,2,13.0,16.796875,98.0,65.0,43.0,1.0,30,3.0,1,0.0
C1,169,0.1927984875045918,118.2,60.699999999999996,2,17.0,16.796875,141.0,85.0,43.0,1.0,30,3.0,2,0.0
C1,170,0.21423399910812135,95.4,46.4,2,5.6,16.796875,73.0,28.0,43.0,1.0,30,2.0,1,0.0
C1,171,0.20433087778895848,103.9,53.5,2,8.8,16.796875,99.0,44.0,43.0,1.0,30,2.0,2,0.0
C1,172,0.21212604256892606,99.5,54.9,2,7.8,16.796875,90.0,39.0,43.0,1.0,30,2.0,2,0.0
C1,173,0.23032628518763218,96.5,48.4,2,10.6,16.796875,87.0,53.0,43.0,1.0,30,3.0,0,0.0
C1,174,0.23140672093973572,97.4,52.3,2,11.6,16.796875,99.0,58.0,43.0,1.0,30,3.0,1,0.0
C1,175,0.13366045034502033,122.2,63.1,1,5.2,17.1875,77.0,13.0,22.0,1.0,30,1.0,0,0.0
C1,176,-0.02258873194471281,193.39999999999998,106.30000000000001,1,11.2,17.1875,127.0,28.0,22.0,1.0,30,1.0,2,0.0
C1,177,0.017631578947368498,191.3,105.0,1,24.8,17.1875,112.0,62.0,22.0,1.0,30,3.0,2,0.0
C1,178,0.16349676163404545,115.9,68.5,1,6.4,17.1875,79.0,16.0,22.0,1.0,30,1.0,0,0.0
C1,179,-0.04935140929656617,205.1,106.89999999999999,1,12.4,17.1875,142.0,31.0,22.0,1.0,30,1.0,2,0.0
C1,180,0.004104964703340819,191.20000000000002,106.30000000000001,1,18.4,17.1875,122.0,46.0,22.0,1.0,30,2.0,2,0.0
C1,181,-0.008001443484155102,193.5,108.60000000000001,1,16.0,17.1875,104.0,40.0,22.0,1.0,30,2.0,1,0.0
C1,182,0.07947368421052636,164.6,92.89999999999999,2,36.0,17.1875,173.0,90.0,22.0,1.0,30,3.0,0,0.0
C1,183,0.18139167057140318,110.0,59.6,2,7.0,16.796875,185.0,35.0,43.0,1.0,30,1.0,0,0.0
C1,184,0.20301851626396697,114.7,60.3,2,17.4,16.796875,138.0,87.0,43.0,1.0,30,3.0,1,0.0
C1,185,0.020174006566333655,111.4,61.9,2,7.6,16.796875,102.0,38.0,43.0,1.0,70,2.0,2,0.0
C1,186,-0.02802745874488427,124.89999999999999,63.3,2,2.6,16.796875,110.0,13.0,43.0,1.0,70,1.0,2,0.0
C1,187,-0.02386235733437697,127.1,70.3,2,6.6,16.796875,154.0,33.0,43.0,1.0,70,1.0,2,0.0
C1,188,0.037537059883336055,111.0,60.699999999999996,2,13.0,16.796875,159.0,65.0,43.0,1.0,70,2.0,2,0.0
C1,189,-0.08784517945492434,150.10000000000002,77.7,1,8.4,16.796875,195.0,42.0,43.0,1.0,70,1.0,0,0.0
C1,190,-0.06554848333277008,189.29999999999998,104.3,1,38.0,17.1875,172.0,95.0,22.0,1.0,70,3.0,2,0.0
C1,191,-0.1531440507225152,190.1,106.2,1,18.0,17.1875,128.0,45.0,22.0,1.0,70,2.0,1,0.0
C1,192,-0.1359876460375512,178.2,105.1,1,14.0,17.1875,107.0,35.0,22.0,1.0,70,2.0,1,0.0
C1,193,-0.03128045256535153,137.4,81.19999999999999,1,13.2,17.1875,85.0,33.0,22.0,1.0,70,2.0,0,0.0
C1,194,-0.18767679478259774,199.4,106.7,1,15.2,17.1875,103.0,38.0,22.0,1.0,70,2.0,1,0.0
C1,195,-0.09527463192655969,177.1,99.1,1,24.0,17.1875,100.0,60.0,22.0,1.0,70,3.0,2,0.0
C1,196,-0.15885345333379625,190.6,109.2,1,16.8,17.1875,108.0,42.0,22.0,1.0,70,2.0,1,0.0
C1,197,-0.13680534035051695,174.6,101.9,1,10.8,17.1875,137.0,27.0,22.0,1.0,70,1.0,0,0.0
C1,198,-0.10800202586418697,187.1,107.1,1,27.2,17.1875,117.0,68.0,22.0,1.0,70,3.0,1,0.0
C1,199,0.0349541172521282,102.6,52.699999999999996,1,4.4,17.1875,59.0,11.0,22.0,1.0,70,1.0,0,0.0
C1,200,-0.11327959919785802,163.39999999999998,95.0,1,8.8,17.1875,95.0,22.0,22.0,1.0,70,1.0,2,0.0
C1,201,-0.17647735393291247,194.1,108.39999999999999,1,14.4,17.1875,106.0,36.0,22.0,1.0,70,2.0,1,0.0
C1,202,-0.14456279976674696,195.20000000000002,104.2,1,23.6,17.1875,103.0,59.0,22.0,1.0,70,3.0,1,0.0
C1,203,0.019304441403045866,122.89999999999999,72.4,1,16.8,17.1875,76.0,42.0,22.0,1.0,70,3.0,2,0.0
C1,204,-0.09243524417634483,171.7,92.39999999999999,1,21.2,17.1875,100.0,53.0,22.0,1.0,70,3.0,2,0.0
C1,205,-0.10731886366545065,160.70000000000002,95.2,1,8.4,17.1875,91.0,21.0,22.0,1.0,70,1.0,1,0.0
C1,206,-0.16306397964958574,192.20000000000002,104.1,1,16.8,17.1875,115.0,42.0,22.0,1.0,70,2.0,2,0.0
C1,207,-0.0759377882944981,161.89999999999998,93.60000000000001,1,18.8,17.1875,92.0,47.0,22.0,1.0,70,3.0,2,0.0
C1,208,-0.02305630130133357,135.8,82.10000000000001,1,14.4,17.1875,87.0,36.0,22.0,1.0,70,2.0,1,0.0
C1,209,-0.1312729154138212,175.9,95.9,1,13.6,17.1875,100.0,34.0,22.0,1.0,70,2.0,0,0.0
C1,210,-0.019121086320514874,124.3,86.4,1,5.6,17.1875,70.0,14.0,22.0,1.0,70,1.0,0,0.0
C1,211,-0.0004838613342131315,125.2,74.1,1,12.8,17.1875,76.0,32.0,22.0,1.0,70,2.0,0,0.0
C1,212,-0.07632462349314365,196.1,107.7,1,39.6,17.1875,172.0,99.0,22.0,1.0,70,3.0,1,0.0
C1,213,-0.06178064634481256,189.9,104.0,1,39.2,17.1875,168.0,98.0,22.0,1.0,70,3.0,0,0.0
C1,214,-0.08664612517078396,168.9,94.5,1,20.8,17.1875,95.0,52.0,22.0,1.0,70,3.0,2,0.0
C1,215,-0.09923270391033939,198.0,109.0,1,35.6,17.1875,146.0,89.0,22.0,1.0,70,3.0,1,0.0
C1,216,-0.1747708694683614,197.2,105.7,1,17.2,17.1875,209.0,43.0,22.0,1.0,70,1.0,0,0.0
C1,217,-0.18336777059801335,203.3,107.7,1,19.2,17.1875,237.0,48.0,22.0,1.0,70,1.0,0,0.0
C1,218,-0.06177734352323827,193.89999999999998,105.7,1,41.6,17.1875,277.0,104.0,22.0,1.0,70,2.0,2,0.0
C1,219,-0.13999352213284805,198.6,106.30000000000001,1,26.8,17.1875,180.0,67.0,22.0,1.0,70,2.0,0,0.0
C1,220,-0.10350622998130765,207.1,115.2,1,20.0,17.1875,125.0,50.0,22.0,1.0,50,2.0,1,0.0
C1,221,-0.09287532660544476,190.1,103.4,1,12.4,17.1875,139.0,31.0,22.0,1.0,50,1.0,1,0.0
C1,222,-0.03048346550990061,196.39999999999998,106.5,1,31.2,17.1875,194.0,78.0,22.0,1.0,50,2.0,0,0.0
C1,223,-0.11277321130062581,190.89999999999998,103.8,1,8.4,17.1875,110.0,21.0,22.0,1.0,50,1.0,0,0.0
C1,224,-0.06838525340583163,174.7,101.0,1,8.8,17.1875,116.0,22.0,22.0,1.0,50,1.0,2,0.0
C1,225,-0.10712743214797257,201.0,107.89999999999999,1,15.6,17.1875,199.0,39.0,22.0,1.0,50,1.0,0,0.0
C1,226,-0.1327319165539988,203.2,105.1,1,11.2,17.1875,147.0,28.0,22.0,1.0,50,1.0,2,0.0
C1,227,-0.04191940654379786,181.0,100.8,1,18.4,17.1875,210.0,46.0,22.0,1.0,50,1.0,1,0.0
C1,228,-0.05061149313920238,187.0,107.30000000000001,1,20.0,17.1875,144.0,50.0,22.0,1.0,50,2.0,1,0.0
C1,229,0.012894736842105237,193.1,104.89999999999999,1,42.0,17.1875,188.0,105.0,22.0,1.0,50,3.0,2,0.0
C1,230,-0.030811642674288292,172.0,102.7,1,15.6,17.1875,211.0,39.0,22.0,1.0,50,1.0,1,0.0
C1,231,0.04631578947368424,177.2,88.6,2,40.2,16.796875,235.0,201.0,43.0,1.0,50,3.0,1,0.0
C1,232,0.09447897072406214,117.2,62.4,2,11.4,16.796875,133.0,57.0,43.0,1.0,50,2.0,0,0.0
C1,233,0.15333667872271464,117.3,62.9,2,24.8,16.796875,181.0,124.0,43.0,1.0,50,3.0,0,0.0
C1,234,0.1498267339460569,114.8,59.5,2,22.4,16.796875,176.0,112.0,43.0,1.0,50,3.0,2,0.0
C1,235,-0.028119702537513336,115.3,60.699999999999996,2,7.6,16.796875,204.0,38.0,43.0,1.0,90,1.0,1,0.0
C1,236,-0.03056000240262413,117.6,65.60000000000001,1,16.0,16.796875,182.0,80.0,43.0,1.0,90,2.0,0,0.0
C1,237,-0.16118861722548838,179.9,103.0,1,27.2,17.1875,117.0,68.0,22.0,1.0,90,3.0,2,0.0
C1,238,-0.16943692222345108,187.0,103.6,1,30.8,17.1875,139.0,77.0,22.0,1.0,90,3.0,2,0.0
C1,239,-0.2649198051465,206.4,110.2,1,10.0,17.1875,157.0,25.0,22.0,1.0,90,1.0,0,0.0
C1,240,-0.22741278997186598,194.1,107.30000000000001,1,13.6,17.1875,169.0,34.0,22.0,1.0,90,1.0,0,0.0
C1,241,-0.05993523826008046,193.20000000000002,106.2,1,61.6,17.1875,267.0,154.0,22.0,1.0,90,3.0,2,0.0
C1,242,-0.07457401755119955,181.10000000000002,103.8,1,51.2,17.1875,332.0,128.0,22.0,1.0,90,2.0,1,0.0
C1,243,-0.16679965391049661,188.4,104.7,1,32.8,17.1875,216.0,82.0,22.0,1.0,90,2.0,2,0.0
C1,244,-0.1346872220499697,197.9,107.2,1,47.6,17.1875,317.0,119.0,22.0,1.0,90,2.0,0,0.0
C1,245,-0.058082180046424375,200.1,109.5,1,66.4,17.1875,284.0,166.0,22.0,1.0,90,3.0,2,0.0
C1,246,-0.1553983484612086,188.20000000000002,103.8,1,36.0,17.1875,251.0,90.0,22.0,1.0,90,2.0,2,0.0
C1,247,-0.1573330810066848,185.29999999999998,102.5,1,33.2,17.1875,236.0,83.0,22.0,1.0,90,2.0,2,0.0
C1,248,-0.1790141915447659,204.6,115.4,1,41.2,17.1875,273.0,103.0,22.0,1.0,90,2.0,1,0.0
C1,249,-0.0930369447749543,197.7,108.5,1,56.8,17.1875,249.0,142.0,22.0,1.0,90,3.0,2,0.0
C1,250,-0.21285780860958348,189.29999999999998,105.2,1,14.8,17.1875,187.0,37.0,22.0,1.0,90,1.0,0,0.0
C1,251,-0.22248351140123585,197.6,105.6,1,21.2,17.1875,283.0,53.0,22.0,1.0,90,1.0,2,0.0
C1,252,-0.161668097377214,180.5,105.0,1,27.6,17.1875,180.0,69.0,22.0,1.0,90,2.0,2,0.0
C1,253,-0.21251905093912477,187.1,103.7,1,11.2,17.1875,155.0,28.0,22.0,1.0,90,1.0,2,0.0
C1,254,-0.1780052851315963,195.20000000000002,110.9,1,34.8,17.1875,150.0,87.0,22.0,1.0,90,3.0,2,0.0
C1,255,-0.18134947608683466,178.1,96.19999999999999,1,16.0,17.1875,120.0,40.0,22.0,1.0,90,2.0,0,0.0
C1,256,-0.22255314172683233,202.4,111.3,1,26.4,17.1875,116.0,66.0,22.0,1.0,90,3.0,2,0.0
C1,257,-0.1491735980832677,165.1,107.6,1,14.8,17.1875,100.0,37.0,22.0,1.0,90,2.0,2,0.0
C1,258,-0.2156764836450074,197.1,104.7,1,23.6,17.1875,109.0,59.0,22.0,1.0,90,3.0,0,0.0
C1,259,-0.09480259370815411,150.10000000000002,89.80000000000001,1,22.4,17.1875,96.0,56.0,22.0,1.0,90,3.0,0,0.0
C1,260,-0.17360772137224,183.4,103.8,1,26.0,17.1875,113.0,65.0,22.0,1.0,90,3.0,1,0.0
C1,261,-0.25511773883575845,203.5,107.30000000000001,1,11.6,17.1875,145.0,29.0,22.0,1.0,90,1.0,2,0.0
C1,262,-0.20091966795075777,198.5,105.39999999999999,1,30.4,17.1875,127.0,76.0,22.0,1.0,90,3.0,0,0.0
C1,263,-0.22359342272007632,191.1,105.80000000000001,1,10.8,17.1875,146.0,27.0,22.0,1.0,90,1.0,0,0.0
C1,264,-0.2048133876688042,182.79999999999998,105.6,1,8.4,17.1875,112.0,21.0,22.0,1.0,90,1.0,0,0.0
C1,265,-0.16431380625133568,178.7,102.5,1,24.8,17.1875,109.0,62.0,22.0,1.0,90,3.0,1,0.0
C1,266,-0.25727735919205,203.3,109.8,1,9.6,17.1875,135.0,24.0,22.0,1.0,90,1.0,1,0.0
C1,267,-0.2466768603493179,204.9,112.0,1,18.8,17.1875,123.0,47.0,22.0,1.0,90,2.0,0,0.0
C1,268,-0.17064506097268106,170.0,96.19999999999999,1,8.8,17.1875,109.0,22.0,22.0,1.0,90,1.0,1,0.0
C1,269,-0.14571903005345094,165.1,94.39999999999999,1,16.8,17.1875,100.0,42.0,22.0,1.0,90,2.0,2,0.0
C1,270,-0.10519815996345,148.9,89.7,1,15.6,17.1875,97.0,39.0,22.0,1.0,90,2.0,0,0.0
C1,271,-0.1885406840427885,181.10000000000002,101.7,1,16.4,17.1875,109.0,41.0,22.0,1.0,90,2.0,1,0.0
C1,272,-0.039807281685676876,125.7,72.7,1,18.0,17.1875,77.0,45.0,22.0,1.0,90,3.0,2,0.0
C1,273,-0.04908866842781495,122.6,75.39999999999999,1,6.0,17.1875,74.0,15.0,22.0,1.0,90,1.0,1,0.0
C1,274,-0.02191283615985143,112.60000000000001,63.2,1,6.8,17.1875,68.0,17.0,22.0,1.0,90,1.0,2,0.0
C1,275,-0.06554427144092634,131.89999999999998,78.7,1,12.4,17.1875,72.0,31.0,22.0,1.0,90,2.0,1,0.0
C1,276,0.01511476773597259,125.6,76.5,1,17.6,17.1875,76.0,44.0,22.0,1.0,70,3.0,1,0.0
C1,277,0.03003676491264097,111.19999999999999,63.6,1,10.8,17.1875,66.0,27.0,22.0,1.0,70,2.0,2,0.0
C1,278,-0.04601729467061466,143.0,74.7,1,13.2,17.1875,80.0,33.0,22.0,1.0,70,2.0,2,0.0
C1,279,-0.001886587896496622,123.8,73.0,1,11.2,17.1875,74.0,28.0,22.0,1.0,70,2.0,2,0.0
C1,280,0.01877812561357213,123.1,72.1,1,16.8,17.1875,72.0,42.0,22.0,1.0,70,3.0,0,0.0
C1,281,-0.08883252513660345,166.8,94.89999999999999,1,18.8,17.1875,120.0,47.0,22.0,1.0,70,2.0,2,0.0
C1,282,0.0160664755932743,125.8,76.89999999999999,1,18.0,17.1875,71.0,45.0,22.0,1.0,70,3.0,0,0.0
C1,283,-0.17464292701800682,196.6,108.7,1,16.8,17.1875,109.0,42.0,22.0,1.0,70,2.0,1,0.0
C1,284,-0.059459840196199376,154.5,94.7,1,18.0,17.1875,92.0,45.0,22.0,1.0,70,3.0,1,0.0
C1,285,0.03222010644234394,120.80000000000001,72.0,1,18.8,17.1875,79.0,47.0,22.0,1.0,70,3.0,1,0.0
C1,286,-0.09516783531296083,154.4,89.5,1,6.8,17.1875,96.0,17.0,22.0,1.0,70,1.0,2,0.0
C1,287,-0.04831436813722276,158.0,95.60000000000001,1,23.2,17.1875,92.0,58.0,22.0,1.0,70,3.0,0,0.0
C1,288,0.01090431696865976,128.89999999999998,72.1,1,18.8,17.1875,77.0,47.0,22.0,1.0,70,3.0,2,0.0
C1,289,0.022908580856432173,123.2,72.4,1,18.0,17.1875,78.0,45.0,22.0,1.0,70,3.0,2,0.0
C1,290,-0.12069415110243445,164.1,99.4,1,6.8,17.1875,91.0,17.0,22.0,1.0,70,1.0,0,0.0
C1,291,-0.17625150186355176,191.5,104.7,1,12.4,17.1875,117.0,31.0,22.0,1.0,70,1.0,2,0.0
C1,292,-0.05434651456579068,139.3,78.60000000000001,1,7.2,17.1875,71.0,18.0,22.0,1.0,70,1.0,2,0.0
C1,293,-0.04100975751908431,141.6,74.30000000000001,1,13.6,17.1875,80.0,34.0,22.0,1.0,70,2.0,2,0.0
C1,294,-0.024910560004725413,126.5,74.0,1,5.6,17.1875,73.0,14.0,22.0,1.0,70,1.0,1,0.0
C1,295,0.028022704170370324,118.5,67.7,1,16.0,17.1875,64.0,40.0,22.0,1.0,70,3.0,2,0.0
C1,296,-0.019529230518291446,142.8,87.9,1,20.4,17.1875,87.0,51.0,22.0,1.0,70,3.0,0,0.0
C1,297,0.016018604215849067,124.7,72.6,1,17.2,17.1875,72.0,43.0,22.0,1.0,70,3.0,2,0.0
C1,298,0.11716206647803865,132.89999999999998,72.4,1,6.0,17.1875,78.0,15.0,22.0,1.0,30,1.0,1,0.0
C1,299,0.09315458771886931,145.0,88.3,1,8.0,17.1875,85.0,20.0,22.0,1.0,30,1.0,1,0.0
C1,300,0.11773618506106456,142.1,84.1,1,12.8,17.1875,83.0,32.0,22.0,1.0,30,2.0,2,0.0
C1,301,-0.11777321130062587,192.8,108.7,1,28.4,17.1875,121.0,71.0,22.0,1.0,70,3.0,1,0.0
C1,302,-0.14061546711787687,172.5,97.5,1,7.6,17.1875,91.0,19.0,22.0,1.0,70,1.0,1,0.0
C1,303,-0.03226751817815024,136.3,82.19999999999999,1,12.0,17.1875,84.0,30.0,22.0,1.0,70,2.0,1,0.0
C1,304,-0.022816298355515657,126.5,77.2,1,6.4,17.1875,79.0,16.0,22.0,1.0,70,1.0,0,0.0
C1,305,-0.05875138832867871,158.29999999999998,95.10000000000001,1,20.8,17.1875,92.0,52.0,22.0,1.0,70,3.0,0,0.0
C1,306,-0.14044787730288405,171.2,95.4,1,6.4,17.1875,97.0,16.0,22.0,1.0,70,1.0,2,0.0
C1,307,-0.03728998256604199,132.0,82.5,1,6.4,17.1875,83.0,16.0,22.0,1.0,70,1.0,2,0.0
C1,308,-0.005558041796988794,136.9,84.8,1,20.0,17.1875,81.0,50.0,22.0,1.0,70,3.0,2,0.0
C1,309,-0.020951728704466016,132.0,64.3,1,12.0,17.1875,75.0,30.0,22.0,1.0,70,2.0,1,0.0
C1,310,-0.08152938998124012,150.9,93.10000000000001,1,8.4,17.1875,95.0,21.0,22.0,1.0,70,1.0,1,0.0
C1,311,-0.07554913014813272,184.2,104.1,1,32.8,17.1875,146.0,82.0,22.0,1.0,70,3.0,2,0.0
C1,312,-0.15993571238986748,185.29999999999998,109.8,1,12.4,17.1875,155.0,31.0,22.0,1.0,70,1.0,0,0.0
C1,313,-0.19265058982049416,194.89999999999998,108.39999999999999,1,10.0,17.1875,107.0,25.0,22.0,1.0,70,1.0,2,0.0
C1,314,-0.21152938998124005,200.3,109.60000000000001,1,8.4,17.1875,104.0,21.0,22.0,1.0,70,1.0,1,0.0
C1,315,-0.04266265251284085,154.0,94.60000000000001,1,22.0,17.1875,96.0,55.0,22.0,1.0,70,3.0,1,0.0
C1,316,-0.1641966823014625,194.3,108.60000000000001,1,18.0,17.1875,119.0,45.0,22.0,1.0,70,2.0,1,0.0
C1,317,-0.13752489445301214,191.89999999999998,107.80000000000001,1,23.2,17.1875,164.0,58.0,22.0,1.0,70,2.0,0,0.0
C1,318,-0.15618782214541915,188.5,105.1,1,16.0,17.1875,100.0,40.0,22.0,1.0,70,2.0,2,0.0
C1,319,-0.14946919887375892,191.0,106.80000000000001,1,19.6,17.1875,130.0,49.0,22.0,1.0,70,2.0,1,0.0
C1,320,-0.10194243860383115,191.5,107.80000000000001,1,31.2,17.1875,126.0,78.0,22.0,1.0,70,3.0,2,0.0
C1,321,0.04114654666620375,114.6,63.2,1,16.8,17.1875,69.0,42.0,22.0,1.0,70,3.0,1,0.0
C1,322,-0.11264305297919122,183.7,104.1,1,24.0,17.1875,107.0,60.0,22.0,1.0,70,3.0,0,0.0
C1,323,-0.1416457704921344,190.4,103.7,1,21.2,17.1875,139.0,53.0,22.0,1.0,70,2.0,2,0.0
C1,324,-0.06081164122750693,187.5,103.1,1,38.0,17.1875,164.0,95.0,22.0,1.0,70,3.0,0,0.0
C1,325,-0.19231886366545065,193.0,104.80000000000001,1,8.4,17.1875,115.0,21.0,22.0,1.0,70,1.0,2,0.0
C1,326,-0.1432247178605554,191.0,106.80000000000001,1,21.2,17.1875,127.0,53.0,22.0,1.0,70,2.0,2,0.0
C1,327,-0.19729193189855565,192.39999999999998,106.5,1,26.0,17.1875,153.0,65.0,22.0,1.0,90,2.0,1,0.0
C1,328,-0.25087955347206287,203.5,105.89999999999999,1,14.4,17.1875,170.0,36.0,22.0,1.0,90,1.0,2,0.0
C1,329,-0.23488748566618672,194.6,108.89999999999999,1,9.2,17.1875,131.0,23.0,22.0,1.0,90,1.0,0,0.0
C1,330,-0.15593778829449811,192.3,104.0,1,38.8,17.1875,167.0,97.0,22.0,1.0,90,3.0,2,0.0
C1,331,-0.002856897640470646,184.29999999999998,104.89999999999999,1,30.0,17.1875,199.0,75.0,22.0,1.0,50,2.0,1,0.0
C1,332,-0.09878448905211801,199.2,109.2,1,16.4,17.1875,175.0,41.0,22.0,1.0,50,1.0,0,0.0
C1,333,0.07807271738711347,138.1,86.5,1,20.0,17.1875,89.0,50.0,22.0,1.0,50,3.0,0,0.0
C1,334,-0.016198226486860173,192.0,106.6,1,32.0,17.1875,139.0,80.0,22.0,1.0,50,3.0,0,0.0
C1,335,-0.04683708490776359,186.9,105.0,1,20.8,17.1875,101.0,52.0,22.0,1.0,50,3.0,0,0.0
C1,336,-0.06609644875589071,174.5,100.9,1,9.2,17.1875,139.0,23.0,22.0,1.0,50,1.0,0,0.0
C1,337,-0.03041451015270752,165.0,93.2,1,11.6,17.1875,94.0,29.0,22.0,1.0,50,2.0,0,0.0
C1,338,-0.10571251998867134,190.89999999999998,104.0,1,10.0,17.1875,126.0,25.0,22.0,1.0,50,1.0,0,0.0
C1,339,-0.13258195267106804,197.1,106.39999999999999,1,7.6,17.1875,106.0,19.0,22.0,1.0,50,1.0,2,0.0
C1,340,-0.08307013324454474,189.79999999999998,107.39999999999999,1,14.4,17.1875,168.0,36.0,22.0,1.0,50,1.0,2,0.0
C1,341,0.025178237684571975,181.7,103.6,1,36.8,17.1875,170.0,92.0,22.0,1.0,50,3.0,1,0.0
C1,342,-0.05087465103393918,187.1,102.7,1,20.0,17.1875,239.0,50.0,22.0,1.0,50,1.0,0,0.0
C1,343,0.002169441535761929,187.9,103.5,1,34.4,17.1875,157.0,86.0,22.0,1.0,50,3.0,1,0.0
C1,344,-0.026818283385532077,192.3,104.6,1,29.2,17.1875,131.0,73.0,22.0,1.0,50,3.0,2,0.0
C1,345,-0.09394234806565818,204.8,109.3,1,20.8,17.1875,138.0,52.0,22.0,1.0,50,2.0,0,0.0
C1,346,-0.07923269385908593,194.5,106.30000000000001,1,18.0,17.1875,232.0,45.0,22.0,1.0,50,1.0,2,0.0
C1,347,-0.06806800289604839,197.6,102.0,1,22.4,17.1875,146.0,56.0,22.0,1.0,50,2.0,1,0.0
C1,348,-0.07498503535001297,188.1,104.2,1,15.2,17.1875,100.0,38.0,22.0,1.0,50,2.0,2,0.0
C1,349,-0.11340764185530042,194.5,103.9,1,10.4,17.1875,134.0,26.0,22.0,1.0,50,1.0,1,0.0
C1,350,-0.0028947368421052833,199.1,107.39999999999999,1,30.0,17.1875,130.0,75.0,22.0,1.0,30,3.0,2,0.0
C1,351,0.013421052631579056,192.89999999999998,103.3,1,20.4,17.1875,146.0,51.0,22.0,1.0,30,2.0,2,0.0
C1,352,0.03315789473684211,185.4,101.0,1,23.6,17.1875,109.0,59.0,22.0,1.0,30,3.0,2,0.0
C1,353,-0.02864637132468123,194.1,106.89999999999999,1,10.0,17.1875,119.0,25.0,22.0,1.0,30,1.0,2,0.0
C1,354,0.040789473684210584,179.29999999999998,92.39999999999999,2,37.2,17.1875,157.0,93.0,22.0,1.0,30,3.0,1,0.0
C1,355,-0.02534123444788744,103.3,47.9,7,56.4,16.601562,760.0,564.0,85.0,1.0,30,3.0,0,0.0
C1,356,0.6689183032628707,43.4,28.400000000000002,7,9.257143,16.40625,663.0,162.0,147.0,1.0,30,1.0,2,0.0
C1,357,0.7210526315789474,42.2,28.299999999999997,7,20.22857,16.517857,724.0,354.0,148.0,1.0,30,2.0,2,0.0
C1,358,0.7178947368421054,41.6,27.599999999999998,8,32.971428,16.517857,812.0,577.0,148.0,1.0,30,3.0,0,0.0
C1,359,0.7069784859236068,39.1,27.3,8,9.35,16.40625,775.0,187.0,168.0,1.0,30,1.0,0,0.0
C1,360,0.7315362158727263,39.6,26.700000000000003,8,19.05,16.503906,791.0,381.0,169.0,1.0,30,2.0,1,0.0
C1,361,0.7447368421052631,39.5,27.2,8,31.1,16.503906,828.0,622.0,169.0,1.0,30,3.0,1,0.0
C1,362,0.7096456055727316,38.9,27.0,8,9.6,16.503906,827.0,192.0,169.0,1.0,30,1.0,1,0.0
C1,363,0.7110904707805819,38.9,26.700000000000003,8,10.0,16.503906,801.0,200.0,169.0,1.0,30,1.0,1,0.0
C1,364,0.7473684210526315,39.199999999999996,27.0,8,30.4,16.503906,836.0,608.0,169.0,1.0,30,3.0,1,0.0
C1,365,0.7107044546508499,38.800000000000004,26.5,8,9.65,16.503906,791.0,193.0,169.0,1.0,30,1.0,1,0.0
C1,366,0.7059633108295762,42.2,27.599999999999998,8,17.85,16.503906,724.0,357.0,169.0,1.0,30,2.0,0,0.0
C1,367,0.7464912280701754,39.300000000000004,27.400000000000002,8,24.55,16.503906,683.0,491.0,169.0,1.0,30,3.0,2,0.0
C1,368,0.6791255072824287,42.4,27.799999999999997,8,9.65,16.503906,801.0,193.0,169.0,1.0,30,1.0,0,0.0
C1,369,0.7517543859649123,38.699999999999996,26.3,8,27.95,16.503906,799.0,559.0,169.0,1.0,30,3.0,1,0.0
C1,370,0.6722168008212968,43.0,27.2,8,9.2,16.503906,766.0,184.0,169.0,1.0,30,1.0,2,0.0
C1,371,0.7438596491228069,39.6,26.700000000000003,8,29.3,16.503906,784.0,586.0,169.0,1.0,30,3.0,1,0.0
C1,372,0.6981471638145575,38.5,26.700000000000003,8,5.7,16.503906,145.0,114.0,169.0,1.0,30,3.0,0,0.0
C1,373,0.7362527019841771,33.0,23.599999999999998,8,3.25,16.503906,77.0,65.0,169.0,1.0,30,3.0,0,0.0
C1,374,0.6782477886205696,39.199999999999996,25.7,8,2.4,16.503906,97.0,48.0,169.0,1.0,30,2.0,1,0.0
C1,375,0.6831492668590136,38.1,25.6,8,1.3,16.503906,92.0,26.0,169.0,1.0,30,1.0,2,0.0
C1,376,0.6657290812514973,40.2,25.7,7,3.5,16.503906,91.0,70.0,169.0,1.0,30,3.0,1,0.0
C1,377,0.019712221094059457,98.10000000000001,50.2,2,11.8,16.796875,110.0,59.0,43.0,1.0,30,3.0,1,0.0
C1,378,0.14842105263157898,138.4,81.19999999999999,1,20.4,17.1875,81.0,51.0,22.0,1.0,30,3.0,2,0.0
C1,379,-0.039740149123236035,195.5,104.89999999999999,1,8.0,17.1875,112.0,20.0,22.0,1.0,30,1.0,1,0.0
C1,380,0.15328016965080232,128.1,84.4,1,12.4,17.1875,80.0,31.0,22.0,1.0,30,2.0,2,0.0
C1,381,0.01473684210526327,192.39999999999998,107.2,1,27.6,17.1875,117.0,69.0,22.0,1.0,30,3.0,2,0.0
C1,382,0.15027947798746794,136.0,81.4,1,18.8,17.1875,82.0,47.0,22.0,1.0,30,3.0,0,0.0
C1,383,0.012567279052571628,176.2,92.5,1,8.4,17.1875,95.0,21.0,22.0,1.0,30,1.0,0,0.0
C1,384,0.12131607675937692,141.7,84.3,1,13.6,17.1875,86.0,34.0,22.0,1.0,30,2.0,1,0.0
C1,385,0.018741013846459625,170.3,99.1,1,6.0,17.1875,93.0,15.0,22.0,1.0,30,1.0,0,0.0
C1,386,0.1253273305895067,141.1,83.9,1,14.4,17.1875,89.0,36.0,22.0,1.0,30,2.0,0,0.0
C1,387,0.10631578947368425,157.6,92.60000000000001,1,22.0,17.1875,94.0,55.0,22.0,1.0,30,3.0,1,0.0
C1,388,0.009497502575682742,178.5,105.7,1,9.2,17.1875,127.0,23.0,22.0,1.0,30,1.0,1,0.0
C1,389,0.10315789473684217,155.6,82.4,2,25.8,16.796875,157.0,129.0,43.0,1.0,30,3.0,2,0.0
C1,390,0.22105263157894736,114.0,61.0,2,20.0,16.796875,165.0,100.0,43.0,1.0,30,3.0,0,0.0
C1,391,0.20653332376199754,114.1,61.1,2,18.2,16.796875,153.0,91.0,43.0,1.0,30,3.0,1,0.0
C1,392,0.18920203205899605,116.6,62.6,2,14.2,16.796875,123.0,71.0,43.0,1.0,30,3.0,2,0.0
C1,393,0.19046201589467684,108.60000000000001,60.8,2,8.4,16.796875,199.0,42.0,43.0,1.0,30,1.0,2,0.0
C1,394,0.21973684210526315,114.5,61.3,2,20.4,16.796875,162.0,102.0,43.0,1.0,30,3.0,1,0.0
C1,395,0.19660857746236596,114.9,63.0,2,15.2,16.796875,194.0,76.0,43.0,1.0,30,2.0,0,0.0
C1,396,0.2192105263157895,114.7,61.6,2,25.2,16.796875,207.0,126.0,43.0,1.0,30,3.0,2,0.0
C1,397,0.24951152341216085,88.4,46.800000000000004,2,10.0,16.796875,77.0,50.0,43.0,1.0,30,3.0,1,0.0
C1,398,0.2934778559517228,65.9,40.4,2,6.0,16.796875,65.0,30.0,43.0,1.0,30,2.0,1,0.0
C1,399,0.1946161742688858,110.60000000000001,62.300000000000004,2,11.0,16.796875,126.0,55.0,43.0,1.0,30,2.0,1,0.0
C1,400,0.19638679607170073,115.2,61.800000000000004,2,15.4,16.796875,182.0,77.0,43.0,1.0,30,2.0,2,0.0
C1,401,0.22105263157894736,114.0,61.699999999999996,2,21.2,16.796875,168.0,106.0,43.0,1.0,30,3.0,0,0.0
C1,402,0.1975466587372035,116.2,62.300000000000004,2,16.8,16.796875,207.0,84.0,43.0,1.0,30,2.0,2,0.0
C1,403,0.14550255560817824,120.89999999999999,63.4,2,5.2,16.796875,118.0,26.0,43.0,1.0,30,1.0,2,0.0
C1,404,0.17268838226751232,111.8,59.2,2,6.0,16.796875,162.0,30.0,43.0,1.0,30,1.0,0,0.0
C1,405,0.15479364542540705,118.6,63.4,2,6.0,16.796875,157.0,30.0,43.0,1.0,30,1.0,1,0.0
C1,406,0.19515759628228818,118.6,63.70000000000001,2,18.4,16.796875,156.0,92.0,43.0,1.0,30,3.0,1,0.0
C1,407,0.20176175985992578,114.4,60.5,2,16.6,16.796875,120.0,83.0,43.0,1.0,30,3.0,1,0.0
C1,408,0.1912633639661592,103.2,66.9,2,5.0,16.796875,119.0,25.0,43.0,1.0,30,1.0,0,0.0
C1,409,0.2006699437097958,99.0,58.3,2,4.6,16.796875,90.0,23.0,43.0,1.0,30,1.0,1,0.0
C1,410,0.17396814783208395,114.0,55.7,2,7.8,16.796875,86.0,39.0,43.0,1.0,30,2.0,1,0.0
C1,411,0.21004284700265552,105.0,51.5,2,11.2,16.796875,83.0,56.0,43.0,1.0,30,3.0,1,0.0
C1,412,0.21544194580515402,90.5,43.8,1,4.8,16.796875,62.0,24.0,43.0,1.0,30,2.0,0,0.0
C1,413,0.10345068272552385,150.29999999999998,90.39999999999999,1,15.2,17.1875,98.0,38.0,22.0,1.0,30,2.0,0,0.0
C1,414,0.034473684210526365,181.7,89.2,2,20.0,16.40625,248.0,100.0,42.0,1.0,30,2.0,2,0.0
C1,415,0.11736842105263162,105.39999999999999,53.400000000000006,5,34.4,16.666666,616.0,258.0,64.0,1.0,30,2.0,1,0.0
C1,416,0.6735087719298247,45.699999999999996,31.2,7,32.342857,16.40625,689.0,566.0,147.0,1.0,30,3.0,0,0.0
C1,417,0.7052631578947368,44.0,29.1,7,27.2,16.517857,703.0,476.0,148.0,1.0,30,3.0,1,0.0
C1,418,0.7041572143681856,42.4,28.5,7,17.828571,16.517857,670.0,312.0,148.0,1.0,30,2.0,0,0.0
C1,419,0.6946549219972311,40.2,27.900000000000002,7,8.6285715,16.517857,630.0,151.0,148.0,1.0,30,1.0,2,0.0
C1,420,0.7096491228070174,43.5,28.400000000000002,7,28.285715,16.517857,689.0,495.0,148.0,1.0,30,3.0,2,0.0
C1,421,0.713157894736842,43.1,28.400000000000002,7,30.914286,16.517857,743.0,541.0,148.0,1.0,30,3.0,1,0.0
C1,422,0.7089128299597895,42.3,28.400000000000002,7,19.542856,16.517857,666.0,342.0,148.0,1.0,30,2.0,1,0.0
C1,423,0.7342105263157894,40.7,28.1,7,24.514286,16.517857,561.0,429.0,148.0,1.0,30,3.0,1,0.0
C1,424,0.7301432243134529,39.5,27.5,7,18.057142,16.517857,653.0,316.0,148.0,1.0,30,2.0,0,0.0
C1,425,0.6694303147575891,43.1,29.1,7,8.685715,16.517857,645.0,152.0,148.0,1.0,30,1.0,1,0.0
C1,426,0.7062531410165842,42.3,28.299999999999997,7,18.342857,16.517857,680.0,321.0,148.0,1.0,30,2.0,1,0.0
C1,427,0.6889473684210525,44.900000000000006,29.8,6,22.733334,16.536459,697.0,341.0,127.0,1.0,30,2.0,2,0.0
C1,428,0.675691071921452,43.9,29.6,6,12.466666,16.536459,718.0,187.0,127.0,1.0,30,1.0,0,0.0
C1,429,0.6316513577822414,48.4,32.5,5,13.68,16.5625,731.0,171.0,106.0,1.0,30,1.0,1,0.0
C1,430,0.3625997207660914,50.2,34.2,5,13.76,16.5625,735.0,172.0,106.0,1.0,30,1.0,0,0.0
C1,431,0.6529824561403508,49.0,32.2,6,36.133335,16.40625,739.0,542.0,126.0,1.0,30,3.0,2,0.0
C1,432,0.7091349166297287,40.0,27.099999999999998,8,18.15,16.40625,744.0,363.0,168.0,1.0,30,2.0,2,0.0
C1,433,0.6627745615498228,43.1,28.0,8,6.95,16.40625,559.0,139.0,168.0,1.0,30,1.0,0,0.0
C1,434,0.7265300286858214,39.6,27.400000000000002,8,16.95,16.503906,712.0,339.0,169.0,1.0,30,2.0,0,0.0
C1,435,0.7171351068464731,39.0,26.4,8,12.0,16.503906,332.0,240.0,169.0,1.0,30,3.0,2,0.0
C1,436,0.7195565067030334,33.9,24.0,8,1.2,16.503906,70.0,24.0,169.0,1.0,30,1.0,2,0.0
C1,437,0.6045990023420105,33.7,23.0,5,3.44,16.5625,57.0,43.0,106.0,1.0,30,3.0,0,0.0
C1,438,0.6819796399419722,38.5,25.5,5,1.84,16.5625,70.0,23.0,106.0,1.0,30,1.0,1,0.0
C1,439,0.650602710599715,43.8,29.8,5,5.44,16.5625,83.0,68.0,106.0,1.0,30,3.0,2,0.0
C1,440,0.7287701727056892,33.300000000000004,24.299999999999997,4,4.1,16.601562,57.0,41.0,85.0,1.0,30,3.0,2,0.0
C1,441,0.01736842105263159,143.4,77.8,1,21.2,17.1875,83.0,53.0,22.0,1.0,30,3.0,0,0.0
C1,442,0.1964964602244335,116.2,75.6,1,16.4,17.1875,70.0,41.0,22.0,1.0,30,3.0,1,0.0
C1,443,0.1041261563314698,136.0,85.7,1,4.8,17.1875,81.0,12.0,22.0,1.0,30,1.0,1,0.0
C1,444,0.18369144287311465,122.6,69.3,1,18.0,17.1875,77.0,45.0,22.0,1.0,30,3.0,0,0.0
C1,445,0.08797044584457175,144.6,81.8,1,6.4,17.1875,82.0,16.0,22.0,1.0,30,1.0,0,0.0
C1,446,-0.0544498658453699,202.8,106.6,1,9.2,17.1875,105.0,23.0,22.0,1.0,30,1.0,0,0.0
C1,447,0.17078976096990323,122.89999999999999,74.0,1,13.6,17.1875,71.0,34.0,22.0,1.0,30,2.0,1,0.0
C1,448,0.14693303672920943,129.5,76.0,1,11.6,17.1875,71.0,29.0,22.0,1.0,30,2.0,1,0.0
C1,449,0.1654119308204658,128.8,76.0,1,17.2,17.1875,76.0,43.0,22.0,1.0,30,3.0,1,0.0
C1,450,0.05397084121338455,156.29999999999998,96.3,1,5.6,17.1875,96.0,14.0,22.0,1.0,30,1.0,1,0.0
C1,451,-0.03745965758516295,196.9,108.0,1,9.6,17.1875,113.0,24.0,22.0,1.0,30,1.0,0,0.0
C1,452,0.173538615618403,119.9,72.1,1,12.0,17.1875,76.0,30.0,22.0,1.0,30,2.0,0,0.0
C1,453,0.20213489325183964,112.8,63.9,1,15.2,17.1875,69.0,38.0,22.0,1.0,30,3.0,2,0.0
C1,454,0.029523310486826715,135.5,89.30000000000001,1,7.6,17.1875,70.0,19.0,22.0,1.0,50,1.0,2,0.0
C1,455,0.0824446001644827,110.2,60.900000000000006,1,4.4,17.1875,65.0,11.0,22.0,1.0,50,1.0,2,0.0
C1,456,0.05388440676600703,135.7,79.10000000000001,1,13.2,17.1875,85.0,33.0,22.0,1.0,50,2.0,0,0.0
C1,457,0.08339824256681849,123.8,74.1,1,12.8,17.1875,72.0,32.0,22.0,1.0,50,2.0,1,0.0
C1,458,0.11543370279772,125.9,73.80000000000001,1,21.2,17.1875,79.0,53.0,22.0,1.0,50,3.0,0,0.0
C1,459,0.08793053606785256,115.3,65.3,1,8.8,17.1875,64.0,22.0,22.0,1.0,50,2.0,2,0.0
C1,460,0.12390181868540487,105.0,61.400000000000006,1,10.8,17.1875,65.0,27.0,22.0,1.0,50,2.0,1,0.0
C1,461,-0.1381082684605417,199.2,106.0,1,7.6,17.1875,115.0,19.0,22.0,1.0,50,1.0,1,0.0
C1,462,0.11584092908378596,114.9,63.70000000000001,1,14.8,17.1875,63.0,37.0,22.0,1.0,50,3.0,0,0.0
C1,463,0.07284918710645752,124.39999999999999,72.6,1,10.8,17.1875,74.0,27.0,22.0,1.0,50,2.0,2,0.0
C1,464,0.12323407384869321,94.7,57.3,1,4.4,17.1875,58.0,11.0,22.0,1.0,50,1.0,1,0.0
C1,465,0.1415561373036606,101.7,55.300000000000004,1,12.8,17.1875,56.0,32.0,22.0,1.0,50,3.0,1,0.0
C1,466,0.07656747333659819,111.8,64.3,1,4.0,17.1875,63.0,10.0,22.0,1.0,50,1.0,2,0.0
C1,467,0.16434370343662888,81.0,46.4,1,5.6,17.1875,46.0,14.0,22.0,1.0,50,1.0,1,0.0
C1,468,0.1737200097520631,82.69999999999999,45.0,1,8.8,17.1875,45.0,22.0,22.0,1.0,50,2.0,1,0.0
C1,469,0.08517798054500819,135.4,80.9,1,20.0,17.1875,82.0,50.0,22.0,1.0,50,3.0,2,0.0
C1,470,-0.08758012354779299,192.20000000000002,106.80000000000001,1,14.8,17.1875,155.0,37.0,22.0,1.0,50,1.0,2,0.0
C1,471,0.010410554652047405,179.79999999999998,98.9,1,30.4,17.1875,133.0,76.0,22.0,1.0,50,3.0,0,0.0
C1,472,0.10446221017870344,101.2,54.9,1,4.0,17.1875,51.0,10.0,22.0,1.0,50,1.0,2,0.0
C1,473,0.04692986675545521,140.4,86.7,1,14.4,17.1875,89.0,36.0,22.0,1.0,50,2.0,2,0.0
C1,474,0.1474899465941109,92.0,55.199999999999996,1,8.4,17.1875,58.0,21.0,22.0,1.0,50,2.0,0,0.0
C1,475,0.10701614563294028,99.6,53.1,1,3.6,17.1875,51.0,9.0,22.0,1.0,50,1.0,2,0.0
C1,476,-0.02228065956033423,166.7,92.8,1,14.4,17.1875,96.0,36.0,22.0,1.0,50,2.0,2,0.0
C1,477,-0.04963152208233415,193.8,109.5,1,24.4,17.1875,109.0,61.0,22.0,1.0,50,3.0,1,0.0
C1,478,-0.06221255630975764,169.7,96.19999999999999,1,7.2,17.1875,97.0,18.0,22.0,1.0,50,1.0,2,0.0
C1,479,-0.14583329086115382,204.8,113.0,1,9.2,17.1875,128.0,23.0,22.0,1.0,50,1.0,1,0.0
C1,480,0.12892155100100144,54.199999999999996,42.3,1,4.0,17.1875,43.0,10.0,22.0,1.0,90,1.0,1,0.0
C1,481,0.006933330387923459,100.7,54.0,1,4.4,17.1875,53.0,11.0,22.0,1.0,90,1.0,2,0.0
C1,482,-0.0002941371511618329,103.9,54.0,1,5.6,17.1875,51.0,14.0,22.0,1.0,90,1.0,2,0.0
C1,483,0.13708730750644202,54.9,42.4,1,12.4,17.1875,48.0,31.0,22.0,1.0,90,3.0,2,0.0
C1,484,0.7487481696432658,32.5,26.700000000000003,1,5.2,17.1875,27.0,13.0,22.0,1.0,30,2.0,2,0.0
C1,485,-0.06474014912323589,205.0,119.3,1,8.0,17.1875,120.0,20.0,22.0,1.0,30,1.0,2,0.0
C1,486,0.1959682615946277,101.1,55.800000000000004,1,4.8,17.1875,57.0,12.0,22.0,1.0,30,1.0,0,0.0
C1,487,0.19517878791041715,101.4,56.2,1,4.8,17.1875,56.0,12.0,22.0,1.0,30,1.0,2,0.0
C1,488,-0.011223897922731874,196.3,106.6,1,17.6,17.1875,122.0,44.0,22.0,1.0,30,2.0,2,0.0
C1,489,0.6546182068289157,43.6,34.6,1,6.0,17.1875,30.0,15.0,22.0,1.0,30,2.0,2,0.0
C1,490,0.7593664079297908,32.2,25.6,1,7.2,17.1875,23.0,18.0,22.0,1.0,30,3.0,2,0.0
C1,491,0.3216551607914623,50.8,43.7,1,3.2,17.1875,41.0,8.0,22.0,1.0,30,1.0,1,0.0
C1,492,0.7443622047309852,33.0,26.599999999999998,1,5.2,17.1875,23.0,13.0,22.0,1.0,30,2.0,0,0.0
C1,493,0.735301217777194,32.5,25.2,1,2.0,17.1875,22.0,5.0,22.0,1.0,30,1.0,0,0.0
C1,494,0.7505025556081781,32.300000000000004,26.1,1,5.2,17.1875,25.0,13.0,22.0,1.0,30,2.0,0,0.0
C1,495,0.7591634828254463,32.4,25.7,1,7.6,17.1875,26.0,19.0,22.0,1.0,30,3.0,0,0.0
C1,496,0.7438692978841719,32.300000000000004,25.7,1,3.6,17.1875,29.0,9.0,22.0,1.0,30,1.0,2,0.0
C1,497,0.7468655780554898,32.9,26.1,1,5.6,17.1875,28.0,14.0,22.0,1.0,30,2.0,0,0.0
C1,498,0.7518300949673786,32.7,25.6,1,6.4,17.1875,21.0,16.0,22.0,1.0,30,3.0,0,0.0
C1,499,0.7591634828254463,32.4,26.1,1,7.6,17.1875,26.0,19.0,22.0,1.0,30,3.0,0,0.0
C1,500,-0.035064299894796785,194.3,107.30000000000001,1,8.4,17.1875,106.0,21.0,22.0,1.0,30,1.0,0,0.0
C1,501,-0.04181828689800157,198.0,105.1,1,9.2,17.1875,134.0,23.0,22.0,1.0,30,1.0,2,0.0
C1,502,0.019736842105263164,190.5,107.39999999999999,1,31.2,17.1875,137.0,78.0,22.0,1.0,30,3.0,2,0.0
C1,503,-0.10889789820557433,135.9,65.9,6,55.866665,16.666666,735.0,419.0,64.0,1.0,30,2.0,1,0.0
C1,504,0.6335617846535899,48.4,32.800000000000004,6,11.666667,16.40625,710.0,175.0,126.0,1.0,30,1.0,2,0.0
C1,505,0.6885964912280702,45.900000000000006,30.4,6,22.866667,16.40625,731.0,343.0,126.0,1.0,30,2.0,1,0.0
C1,506,0.6699914526121069,44.5,30.599999999999998,6,12.333333,16.40625,783.0,185.0,126.0,1.0,30,1.0,0,0.0
C1,507,0.6614373816572665,45.400000000000006,30.200000000000003,6,12.133333,16.40625,772.0,182.0,126.0,1.0,30,1.0,0,0.0
C1,508,0.7008771929824562,44.5,30.4,6,26.2,16.536459,854.0,393.0,127.0,1.0,30,2.0,2,0.0
C1,509,0.688421052631579,44.0,29.6,8,37.466667,16.536459,786.0,562.0,127.0,1.0,30,3.0,1,0.0
C1,510,0.706649816717847,39.199999999999996,26.8,8,9.5,16.40625,379.0,190.0,168.0,1.0,30,2.0,1,0.0
C1,511,0.8410509570079845,17.7,17.5,8,1.1,16.308594,21.0,22.0,167.0,1.0,30,3.0,1,0.0
C1,512,0.8390857004823207,17.8,17.1,8,0.65,16.308594,15.0,13.0,167.0,1.0,30,1.0,2,0.0
C1,513,0.8410509570079845,17.7,17.3,8,1.1,16.308594,16.0,22.0,167.0,1.0,30,3.0,1,0.0
C1,514,0.8408330815410683,17.5,17.2,8,1.05,16.308594,15.0,21.0,167.0,1.0,30,3.0,1,0.0
C1,515,0.6315397221860557,17.6,17.1,3,1.3333334,16.666666,17.0,10.0,64.0,1.0,30,2.0,1,0.0
C1,516,0.8263805579242502,17.6,17.2,1,1.6,17.1875,17.0,4.0,22.0,1.0,30,1.0,0,0.0
C1,517,0.843222663187408,17.8,17.5,1,1.6,17.1875,13.0,4.0,22.0,1.0,30,1.0,2,0.0
C1,518,0.8500762134230411,18.1,17.6,1,3.2,17.1875,11.0,8.0,22.0,1.0,30,2.0,2,0.0
C1,519,0.8449503405842116,18.0,17.4,1,2.0,17.1875,8.0,5.0,22.0,1.0,30,2.0,2,0.0
C1,520,0.5783284365275949,50.0,17.8,1,1.2,17.1875,8.0,3.0,22.0,1.0,30,1.0,0,0.0
C1,521,0.21236511403465874,99.7,47.6,1,8.0,17.1875,48.0,20.0,22.0,1.0,30,2.0,2,0.0
C1,522,0.7369183186861992,32.9,25.7,1,3.2,17.1875,26.0,8.0,22.0,1.0,30,1.0,2,0.0
C1,523,0.8466688412521486,17.7,17.4,1,2.4,17.1875,7.0,6.0,22.0,1.0,30,3.0,1,0.0
C1,524,0.8449503405842116,18.2,17.6,1,2.0,17.1875,7.0,5.0,22.0,1.0,30,2.0,0,0.0
C1,525,0.5783284365275949,50.0,17.2,1,1.2,17.1875,8.0,3.0,22.0,1.0,30,1.0,1,0.0
C1,526,0.8483776397808107,17.7,17.3,1,2.8,17.1875,14.0,7.0,22.0,1.0,30,2.0,2,0.0
C1,527,0.843222663187408,17.7,17.4,1,1.6,17.1875,11.0,4.0,22.0,1.0,30,1.0,2,0.0
C1,528,0.8449503405842116,17.6,17.2,1,2.0,17.1875,5.0,5.0,22.0,1.0,30,3.0,0,0.0
C1,529,0.07473684210526316,169.6,94.10000000000001,1,22.0,17.1875,95.0,55.0,22.0,1.0,30,3.0,0,0.0
C1,530,0.1624737430528432,113.19999999999999,71.7,1,4.4,17.1875,60.0,11.0,22.0,1.0,30,1.0,1,0.0
C1,531,0.19702089317357507,100.7,63.4,1,4.8,17.1875,50.0,12.0,22.0,1.0,30,1.0,2,0.0
C1,532,-0.0030782257645106392,179.79999999999998,100.9,1,6.8,17.1875,103.0,17.0,22.0,1.0,30,1.0,1,0.0
C1,533,0.20642176115059077,111.60000000000001,64.9,1,15.6,17.1875,69.0,39.0,22.0,1.0,30,3.0,0,0.0
C1,534,0.5765839711106497,50.0,17.3,1,0.8,17.1875,6.0,2.0,22.0,1.0,30,1.0,2,0.0
C1,535,0.2519474272633695,79.2,48.7,1,4.4,17.1875,58.0,11.0,22.0,1.0,30,1.0,0,0.0
C1,536,0.6018864117106353,48.099999999999994,33.6,1,2.8,17.1875,35.0,7.0,22.0,1.0,30,1.0,0,0.0
C1,537,0.21492784074451834,107.5,71.3,1,14.8,17.1875,60.0,37.0,22.0,1.0,30,3.0,2,0.0
C1,538,0.1537599195287823,119.6,77.7,1,6.4,17.1875,80.0,16.0,22.0,1.0,30,1.0,0,0.0
C1,539,0.03480500442101894,166.0,93.60000000000001,1,7.2,17.1875,100.0,18.0,22.0,1.0,30,1.0,2,0.0
C1,540,0.0751564512526871,161.89999999999998,95.10000000000001,1,16.0,17.1875,96.0,40.0,22.0,1.0,30,2.0,1,0.0
C1,541,0.7527072879498349,32.599999999999994,25.6,1,6.4,17.1875,21.0,16.0,22.0,1.0,30,3.0,0,0.0
C1,542,0.8600234727923319,17.8,17.4,1,5.6,17.1875,15.0,14.0,22.0,1.0,30,3.0,1,0.0
C1,543,0.7671814422697458,18.0,17.4,1,4.4,17.1875,12.0,11.0,22.0,1.0,50,3.0,2,0.0
C1,544,0.763858250896098,18.1,17.6,1,3.6,17.1875,15.0,9.0,22.0,1.0,50,2.0,0,0.0
C1,545,0.7622119447177791,17.6,17.3,1,3.2,17.1875,15.0,8.0,22.0,1.0,50,2.0,2,0.0
C1,546,0.6497577354452133,31.9,25.6,1,1.2,17.1875,20.0,3.0,22.0,1.0,50,1.0,2,0.0
C1,547,0.7557347567600108,17.7,17.3,1,1.6,17.1875,16.0,4.0,22.0,1.0,50,1.0,0,0.0
C1,548,0.758951238880883,17.7,17.3,1,2.4,17.1875,16.0,6.0,22.0,1.0,50,1.0,0,0.0
C1,549,0.7557347567600108,17.7,17.3,1,1.6,17.1875,12.0,4.0,22.0,1.0,50,1.0,1,0.0
C1,550,0.7373137041284317,22.1,17.9,1,1.6,17.1875,12.0,4.0,22.0,1.0,50,1.0,0,0.0
C1,551,0.5868919768297768,39.800000000000004,31.4,1,2.8,17.1875,32.0,7.0,22.0,1.0,50,1.0,2,0.0
C1,552,0.770543534362421,17.6,17.3,1,5.2,17.1875,15.0,13.0,22.0,1.0,50,3.0,1,0.0
C1,553,0.09981379580080224,112.8,65.19999999999999,1,10.0,17.1875,67.0,25.0,22.0,1.0,50,2.0,2,0.0
C1,554,-0.006891764678946283,173.7,99.7,1,22.0,17.1875,95.0,55.0,22.0,1.0,50,3.0,2,0.0
C1,555,0.04212022780788177,143.6,84.2,1,15.2,17.1875,87.0,38.0,22.0,1.0,50,2.0,0,0.0
C1,556,0.5755646135175472,43.6,33.2,1,8.0,17.1875,35.0,20.0,22.0,1.0,50,3.0,2,0.0
C1,557,-0.06618766338613397,169.9,95.10000000000001,1,6.4,17.1875,92.0,16.0,22.0,1.0,50,1.0,0,0.0
C1,558,-0.0632430720865707,191.8,108.10000000000001,1,20.0,17.1875,127.0,50.0,22.0,1.0,50,2.0,0,0.0
C1,559,0.12110408697852279,112.9,65.3,1,14.8,17.1875,69.0,37.0,22.0,1.0,50,3.0,1,0.0
C1,560,0.6659453384270844,32.9,25.9,1,7.2,17.1875,25.0,18.0,22.0,1.0,50,3.0,2,0.0
C1,561,0.05269572011664081,134.1,80.10000000000001,1,12.0,17.1875,81.0,30.0,22.0,1.0,50,2.0,1,0.0
C1,562,0.15258602921172065,94.10000000000001,56.099999999999994,1,10.8,17.1875,58.0,27.0,22.0,1.0,50,2.0,0,0.0
C1,563,0.1443722089399408,102.0,54.9,1,13.6,17.1875,59.0,34.0,22.0,1.0,50,3.0,0,0.0
C1,564,-0.08645742182694174,180.9,104.6,1,8.4,17.1875,105.0,21.0,22.0,1.0,50,1.0,2,0.0
C1,565,0.0958664273797496,114.3,62.5,1,10.0,17.1875,69.0,25.0,22.0,1.0,50,2.0,0,0.0
C1,566,0.05550414824617725,143.3,83.1,1,18.0,17.1875,84.0,45.0,22.0,1.0,50,3.0,0,0.0
C1,567,-0.04706458551023779,197.7,105.2,1,27.6,17.1875,122.0,69.0,22.0,1.0,50,3.0,2,0.0
C1,568,0.22424632554153673,63.5,42.1,1,8.8,17.1875,47.0,22.0,22.0,1.0,50,2.0,0,0.0
C1,569,0.191008814402004,76.8,55.0,1,9.2,17.1875,60.0,23.0,22.0,1.0,50,2.0,0,0.0
C1,570,-0.08572801476586522,199.0,106.2,1,19.2,17.1875,122.0,48.0,22.0,1.0,50,2.0,1,0.0
C1,571,-0.15431781946765238,204.7,110.60000000000001,1,7.2,17.1875,129.0,18.0,22.0,1.0,50,1.0,0,0.0
C1,572,-0.024301762848320863,191.89999999999998,108.3,1,29.6,17.1875,126.0,74.0,22.0,1.0,50,3.0,0,0.0
C1,573,-0.06235501027635301,175.1,102.9,1,10.4,17.1875,105.0,26.0,22.0,1.0,50,1.0,0,0.0
C1,574,-0.08741397078827928,185.29999999999998,108.3,1,10.8,17.1875,111.0,27.0,22.0,1.0,50,1.0,1,0.0
C1,575,-0.10030870763038457,190.20000000000002,105.30000000000001,1,10.8,17.1875,129.0,27.0,22.0,1.0,50,1.0,1,0.0
C1,576,-0.09781778314656628,187.9,104.6,1,10.0,17.1875,117.0,25.0,22.0,1.0,50,1.0,2,0.0
C1,577,-0.025751634482576002,193.0,102.6,1,30.0,17.1875,118.0,75.0,22.0,1.0,50,3.0,2,0.0
C1,578,-0.0847079195171499,195.89999999999998,107.7,1,17.6,17.1875,111.0,44.0,22.0,1.0,50,2.0,1,0.0
C1,579,-0.15233262182688434,206.6,115.1,1,8.8,17.1875,102.0,22.0,22.0,1.0,50,1.0,0,0.0
C1,580,-0.059894679977071014,197.7,105.89999999999999,1,24.4,17.1875,107.0,61.0,22.0,1.0,50,3.0,1,0.0
C1,581,-0.06083502341985825,175.2,102.6,1,10.8,17.1875,133.0,27.0,22.0,1.0,50,1.0,0,0.0
C1,582,-0.02153826972076417,188.0,106.30000000000001,1,27.6,17.1875,117.0,69.0,22.0,1.0,50,3.0,2,0.0
C1,583,-0.12347047420175095,194.3,105.0,1,8.0,17.1875,103.0,20.0,22.0,1.0,50,1.0,0,0.0
C1,584,0.09317511330978943,107.39999999999999,53.900000000000006,1,5.2,17.1875,57.0,13.0,22.0,1.0,50,1.0,1,0.0
C1,585,-0.04423428260381285,193.0,107.0,1,25.2,17.1875,116.0,63.0,22.0,1.0,50,3.0,0,0.0
C1,586,0.006836917423903632,141.5,85.6,1,6.0,17.1875,89.0,15.0,22.0,1.0,50,1.0,1,0.0
C1,587,-0.07233949846451837,191.20000000000002,106.1,1,17.6,17.1875,109.0,44.0,22.0,1.0,50,2.0,1,0.0
C1,588,-0.12300202999396814,192.8,102.1,1,7.2,17.1875,111.0,18.0,22.0,1.0,50,1.0,0,0.0
C1,589,-0.10627999024793694,189.1,105.5,1,8.8,17.1875,120.0,22.0,22.0,1.0,50,1.0,1,0.0
C1,590,-0.09645799740653335,199.0,108.0,1,16.8,17.1875,112.0,42.0,22.0,1.0,50,2.0,2,0.0
C1,591,-0.07487847445852067,176.5,98.6,1,8.4,17.1875,118.0,21.0,22.0,1.0,50,1.0,2,0.0
C1,592,-0.13583889525438264,199.0,109.2,1,8.0,17.1875,102.0,20.0,22.0,1.0,50,1.0,2,0.0
C1,593,-0.12619426393220495,196.0,100.8,1,8.4,17.1875,96.0,21.0,22.0,1.0,50,1.0,2,0.0
C1,594,-0.13442405793422585,197.8,107.1,1,7.6,17.1875,118.0,19.0,22.0,1.0,50,1.0,0,0.0
C1,595,-0.05981491063672037,196.39999999999998,107.30000000000001,1,23.6,17.1875,106.0,59.0,22.0,1.0,50,3.0,0,0.0
C1,596,-0.049959322352343016,198.8,109.3,1,27.6,17.1875,112.0,69.0,22.0,1.0,50,3.0,2,0.0
C1,597,-0.031337957016980666,176.3,99.8,1,18.0,17.1875,107.0,45.0,22.0,1.0,50,2.0,2,0.0
C1,598,-0.08031257946490894,177.9,95.9,1,8.0,17.1875,97.0,20.0,22.0,1.0,50,1.0,0,0.0
C1,599,-0.053627407206171845,197.8,108.8,1,26.0,17.1875,114.0,65.0,22.0,1.0,50,3.0,2,0.0
C1,600,-0.041822577999648364,190.20000000000002,107.6,1,24.0,17.1875,103.0,60.0,22.0,1.0,50,3.0,2,0.0
C1,601,-0.09104614960038226,180.0,104.3,1,6.8,17.1875,106.0,17.0,22.0,1.0,50,1.0,2,0.0
C1,602,-0.045227358668989526,165.9,99.4,1,8.8,17.1875,116.0,22.0,22.0,1.0,50,1.0,1,0.0
C1,603,-0.16134335651442033,191.0,104.3,1,16.4,17.1875,115.0,41.0,22.0,1.0,70,2.0,0,0.0
C1,604,-0.21442412682334527,201.4,115.8,1,8.4,17.1875,100.0,21.0,22.0,1.0,70,1.0,1,0.0
C1,605,-0.10197208401124325,182.2,100.8,1,25.6,17.1875,115.0,64.0,22.0,1.0,70,3.0,2,0.0
C1,606,-0.1280020258641869,194.70000000000002,105.39999999999999,1,27.2,17.1875,109.0,68.0,22.0,1.0,70,3.0,1,0.0
C1,607,-0.15849484842903594,192.70000000000002,105.6,1,18.4,17.1875,110.0,46.0,22.0,1.0,70,2.0,2,0.0
C1,608,-0.2065436104600883,204.0,110.5,1,13.2,17.1875,104.0,33.0,22.0,1.0,70,2.0,2,0.0
C1,609,-0.18047303375590812,202.2,108.60000000000001,1,19.2,17.1875,116.0,48.0,22.0,1.0,70,2.0,2,0.0
C1,610,-0.09118861982894857,153.29999999999998,92.0,1,7.2,17.1875,94.0,18.0,22.0,1.0,70,1.0,1,0.0
C1,611,-0.15922953718891525,182.2,100.8,1,10.0,17.1875,128.0,25.0,22.0,1.0,70,1.0,2,0.0
C1,612,-0.15935891647455364,191.89999999999998,105.80000000000001,1,17.6,17.1875,117.0,44.0,22.0,1.0,70,2.0,1,0.0
C1,613,-0.1833271375443225,199.9,105.6,1,16.8,17.1875,110.0,42.0,22.0,1.0,70,2.0,0,0.0
C1,614,-0.16464292701800676,192.8,104.6,1,16.8,17.1875,103.0,42.0,22.0,1.0,70,2.0,1,0.0
C1,615,-0.17224125140789598,184.10000000000002,103.1,1,7.2,17.1875,113.0,18.0,22.0,1.0,70,1.0,1,0.0
C1,616,-0.21643749393470013,202.6,109.89999999999999,1,8.8,17.1875,106.0,22.0,22.0,1.0,70,1.0,1,0.0
C1,617,-0.11776661280068121,189.5,106.7,1,26.4,17.1875,112.0,66.0,22.0,1.0,70,3.0,2,0.0
C1,618,-0.19617433878664486,194.89999999999998,105.5,1,28.8,17.1875,115.0,72.0,22.0,1.0,90,3.0,1,0.0
C1,619,-0.13464740087945876,168.2,97.4,1,25.6,17.1875,98.0,64.0,22.0,1.0,90,3.0,2,0.0
C1,620,-0.19465840488472708,191.8,105.1,1,26.4,17.1875,117.0,66.0,22.0,1.0,90,3.0,1,0.0
C1,621,-0.20724124880443567,197.4,104.89999999999999,1,27.2,17.1875,120.0,68.0,22.0,1.0,90,3.0,2,0.0
C1,622,-0.20214191756676952,187.1,105.39999999999999,1,17.6,17.1875,113.0,44.0,22.0,1.0,90,2.0,0,0.0
C1,623,-0.23686629021612898,194.8,108.2,1,8.0,17.1875,110.0,20.0,22.0,1.0,90,1.0,0,0.0
C1,624,-0.20634947608683468,187.6,107.6,1,16.0,17.1875,116.0,40.0,22.0,1.0,90,2.0,2,0.0
C1,625,-0.2342347112687606,193.8,107.30000000000001,1,8.0,17.1875,114.0,20.0,22.0,1.0,90,1.0,1,0.0
C1,626,0.03219648828266028,91.1,55.5,1,4.4,17.1875,48.0,11.0,22.0,1.0,90,1.0,2,0.0
C1,627,0.015301350094065566,98.8,57.9,1,7.6,17.1875,56.0,19.0,22.0,1.0,90,2.0,1,0.0
C1,628,-0.024911497354381,113.10000000000001,62.6,1,5.2,17.1875,64.0,13.0,22.0,1.0,90,1.0,2,0.0
C1,629,-0.05620326146544058,127.7,73.4,1,11.2,17.1875,76.0,28.0,22.0,1.0,90,2.0,1,0.0
C1,630,0.05497418257994881,82.3,51.6,1,4.0,17.1875,51.0,10.0,22.0,1.0,90,1.0,1,0.0
C1,631,0.17117980122368298,53.6,41.6,1,7.2,17.1875,42.0,18.0,22.0,1.0,70,2.0,0,0.0
C1,632,0.4299748279240733,50.0,17.4,1,1.6,17.1875,8.0,4.0,22.0,1.0,70,1.0,1,0.0
C1,633,0.17931770205999975,53.1,41.5,1,9.6,17.1875,40.0,24.0,22.0,1.0,70,3.0,0,0.0
C1,634,0.06961513764424723,93.89999999999999,53.3,1,8.8,17.1875,58.0,22.0,22.0,1.0,70,2.0,1,0.0
C1,635,0.6977445678438781,17.6,17.4,1,3.6,17.1875,10.0,9.0,22.0,1.0,70,3.0,2,0.0
C1,636,0.03390288578771389,110.2,67.3,1,11.2,17.1875,67.0,28.0,22.0,1.0,70,2.0,1,0.0
C1,637,0.4835307407160532,44.1,32.099999999999994,1,2.4,17.1875,33.0,6.0,22.0,1.0,70,1.0,0,0.0
C1,638,-0.13387119130179848,192.39999999999998,104.6,1,24.4,17.1875,106.0,61.0,22.0,1.0,70,3.0,1,0.0
C1,639,-0.10733409393520868,169.4,98.19999999999999,1,15.6,17.1875,92.0,39.0,22.0,1.0,70,2.0,2,0.0
C1,640,-0.1005718697816037,190.29999999999998,102.4,1,30.8,17.1875,140.0,77.0,22.0,1.0,70,3.0,1,0.0
C1,641,-0.10149117726572049,196.8,106.89999999999999,1,34.4,17.1875,136.0,86.0,22.0,1.0,70,3.0,0,0.0
C1,642,-0.13566150635594543,180.7,99.2,1,16.0,17.1875,107.0,40.0,22.0,1.0,70,2.0,2,0.0
C1,643,-0.11360803340706166,184.70000000000002,105.30000000000001,1,24.4,17.1875,105.0,61.0,22.0,1.0,70,3.0,2,0.0
C1,644,-0.17934571688226125,197.3,106.30000000000001,1,16.0,17.1875,116.0,40.0,22.0,1.0,70,2.0,0,0.0
C1,645,-0.12512997874808546,191.0,104.6,1,25.6,17.1875,115.0,64.0,22.0,1.0,70,3.0,2,0.0
C1,646,-0.24527793762907868,214.0,108.39999999999999,1,9.2,17.1875,105.0,23.0,22.0,1.0,70,1.0,2,0.0
C1,647,-0.2309821879481878,197.5,108.0,1,16.8,17.1875,105.0,42.0,22.0,1.0,90,2.0,2,0.0
C1,648,-0.22533359747515053,196.20000000000002,107.0,1,18.0,17.1875,113.0,45.0,22.0,1.0,90,2.0,1,0.0
C1,649,-0.17234219559207548,181.0,102.7,1,24.0,17.1875,111.0,60.0,22.0,1.0,90,3.0,0,0.0
C1,650,-0.17309289680555523,174.7,96.9,1,15.6,17.1875,99.0,39.0,22.0,1.0,90,2.0,1,0.0
C1,651,-0.1676463558991928,184.5,103.5,1,29.2,17.1875,117.0,73.0,22.0,1.0,90,3.0,1,0.0
C1,652,0.037480935386444855,91.1,53.1,1,9.2,17.1875,57.0,23.0,22.0,1.0,90,2.0,1,0.0
C1,653,0.022081078204923554,96.4,53.8,1,8.0,17.1875,58.0,20.0,22.0,1.0,90,2.0,0,0.0
C1,654,-0.025046153658137504,113.0,61.400000000000006,1,4.8,17.1875,65.0,12.0,22.0,1.0,90,1.0,0,0.0
C1,655,0.6641844064673916,17.4,17.2,1,1.6,17.1875,10.0,4.0,22.0,1.0,90,1.0,2,0.0
C1,656,0.8632336037393085,17.5,17.3,1,6.4,17.1875,18.0,16.0,22.0,1.0,30,3.0,2,0.0
C1,657,0.8483776397808107,17.7,17.4,1,2.8,17.1875,7.0,7.0,22.0,1.0,30,3.0,2,0.0
C1,658,0.5765839711106497,50.0,17.4,1,0.8,17.1875,4.0,2.0,22.0,1.0,30,1.0,0,0.0
C1,659,0.7496253626257221,32.4,25.6,1,5.2,17.1875,27.0,13.0,22.0,1.0,30,2.0,2,0.0
C1,660,0.6597248318094839,43.2,32.800000000000004,1,6.4,17.1875,35.0,16.0,22.0,1.0,30,2.0,2,0.0
C1,661,0.6525358093232085,44.2,33.2,1,6.8,17.1875,38.0,17.0,22.0,1.0,30,2.0,2,0.0
C1,662,0.32083232068686607,62.9,43.2,1,11.2,17.1875,42.0,28.0,22.0,1.0,30,3.0,2,0.0
C1,663,0.12558311910961753,129.70000000000002,77.10000000000001,1,6.0,17.1875,72.0,15.0,22.0,1.0,30,1.0,2,0.0
C1,664,0.2226511062108779,89.7,52.1,1,4.0,17.1875,58.0,10.0,22.0,1.0,30,1.0,1,0.0
C1,665,0.143421052631579,143.5,85.8,1,20.4,17.1875,86.0,51.0,22.0,1.0,30,3.0,0,0.0
C1,666,0.06947368421052635,171.6,97.69999999999999,1,21.2,17.1875,93.0,53.0,22.0,1.0,30,3.0,1,0.0
C1,667,0.1390947651783631,130.89999999999998,73.6,1,10.4,17.1875,73.0,26.0,22.0,1.0,30,2.0,1,0.0
C1,668,0.3295143600184288,54.6,42.4,1,7.6,17.1875,46.0,19.0,22.0,1.0,30,2.0,2,0.0
C1,669,0.22370373778982527,89.30000000000001,47.5,1,4.0,17.1875,48.0,10.0,22.0,1.0,30,1.0,0,0.0
C1,670,0.25060598476180507,83.4,43.7,1,6.8,17.1875,40.0,17.0,22.0,1.0,30,2.0,2,0.0
C1,671,0.23263186623306106,99.4,56.099999999999994,1,13.6,17.1875,55.0,34.0,22.0,1.0,30,3.0,1,0.0
C1,672,0.07006145891834537,139.8,84.6,1,19.2,17.1875,85.0,48.0,22.0,1.0,50,3.0,1,0.0
C1,673,0.0988470898952504,124.10000000000001,74.6,1,16.4,17.1875,74.0,41.0,22.0,1.0,50,3.0,1,0.0
C1,674,-0.10049051656372648,186.9,103.8,1,8.8,17.1875,112.0,22.0,22.0,1.0,50,1.0,2,0.0
C1,675,0.6711786486052664,32.7,25.6,1,8.0,17.1875,27.0,20.0,22.0,1.0,50,3.0,2,0.0
C1,676,0.09465954082462327,129.1,74.30000000000001,1,18.4,17.1875,77.0,46.0,22.0,1.0,50,3.0,2,0.0
C1,677,0.09827942027832143,110.7,61.9,1,8.4,17.1875,64.0,21.0,22.0,1.0,50,2.0,2,0.0
C1,678,0.12906831838294042,113.3,66.8,1,16.8,17.1875,61.0,42.0,22.0,1.0,50,3.0,2,0.0
C1,679,0.14122619149484472,88.5,58.4,1,4.8,17.1875,60.0,12.0,22.0,1.0,50,1.0,0,0.0
C1,680,0.10551749020466344,127.0,76.5,1,19.6,17.1875,78.0,49.0,22.0,1.0,50,3.0,0,0.0
C1,681,0.11471467456196674,120.80000000000001,70.7,1,18.0,17.1875,77.0,45.0,22.0,1.0,50,3.0,1,0.0
C1,682,0.5678018297046052,43.5,32.4,1,6.0,17.1875,32.0,15.0,22.0,1.0,50,2.0,2,0.0
C1,683,-0.024878474458520677,157.5,97.19999999999999,1,8.4,17.1875,99.0,21.0,22.0,1.0,50,1.0,0,0.0
C1,684,-0.12549051656372634,196.39999999999998,112.8,1,8.8,17.1875,115.0,22.0,22.0,1.0,50,1.0,1,0.0
C1,685,0.5468110316976855,44.0,32.300000000000004,1,2.0,17.1875,36.0,5.0,22.0,1.0,50,1.0,1,0.0
C1,686,-0.12676515156761875,198.9,102.9,1,10.0,17.1875,118.0,25.0,22.0,1.0,50,1.0,2,0.0
C1,687,-0.009317819467652422,149.60000000000002,92.89999999999999,1,7.2,17.1875,96.0,18.0,22.0,1.0,50,1.0,0,0.0
C1,688,0.1705759420657741,81.9,43.9,1,7.6,17.1875,45.0,19.0,22.0,1.0,50,2.0,0,0.0
C1,689,0.07644896659452365,114.4,65.9,1,5.6,17.1875,66.0,14.0,22.0,1.0,50,1.0,0,0.0
C1,690,0.06318681732495535,139.7,92.60000000000001,1,17.6,17.1875,80.0,44.0,22.0,1.0,50,3.0,1,0.0
C1,691,0.757337347487159,17.8,17.5,1,2.0,17.1875,15.0,5.0,22.0,1.0,50,1.0,0,0.0
C1,692,0.5678018297046052,43.5,34.8,1,6.0,17.1875,31.0,15.0,22.0,1.0,50,2.0,1,0.0
C1,693,0.04992193146854271,154.70000000000002,92.7,1,23.6,17.1875,91.0,59.0,22.0,1.0,50,3.0,2,0.0
C1,694,-0.07478650152105162,199.5,110.60000000000001,1,22.0,17.1875,100.0,55.0,22.0,1.0,50,3.0,1,0.0
C1,695,-0.06344322162165675,184.4,102.8,1,15.6,17.1875,109.0,39.0,22.0,1.0,50,2.0,1,0.0
C1,696,-0.03208573589438521,186.5,106.1,1,24.0,17.1875,109.0,60.0,22.0,1.0,50,3.0,1,0.0
C1,697,-0.08439721752583504,195.1,102.5,1,17.2,17.1875,115.0,43.0,22.0,1.0,50,2.0,1,0.0
C1,698,-0.09028532688481464,194.6,105.5,1,15.6,17.1875,101.0,39.0,22.0,1.0,50,2.0,1,0.0
C1,699,-0.12906505708657834,199.1,107.1,1,9.6,17.1875,122.0,24.0,22.0,1.0,50,1.0,2,0.0
C1,700,-0.04650273091755,190.70000000000002,104.4,1,23.2,17.1875,104.0,58.0,22.0,1.0,50,3.0,0,0.0
C1,701,-0.12967270093599076,203.4,111.3,1,12.0,17.1875,148.0,30.0,22.0,1.0,50,1.0,0,0.0
C1,702,-0.12810826846054163,195.39999999999998,108.10000000000001,1,7.6,17.1875,128.0,19.0,22.0,1.0,50,1.0,0,0.0
C1,703,0.013226060770824583,174.2,99.2,1,27.2,17.1875,120.0,68.0,22.0,1.0,50,3.0,1,0.0
C1,704,0.021315789473684177,189.9,106.0,1,20.0,17.1875,131.0,50.0,22.0,1.0,30,2.0,1,0.0
C1,705,0.015000000000000069,192.3,103.3,1,20.0,17.1875,130.0,50.0,22.0,1.0,30,2.0,0,0.0
C1,706,-0.07,160.6,71.9,5,36.2,16.601562,652.0,362.0,85.0,1.0,30,2.0,0,0.0
C1,707,0.6596491228070176,49.2,33.300000000000004,5,21.84,16.5625,1181.0,273.0,106.0,1.0,30,1.0,0,0.0
C1,708,0.6543859649122807,49.8,34.1,5,32.64,16.5625,859.0,408.0,106.0,1.0,30,2.0,2,0.0
C1,709,0.6586951120012037,48.0,32.7,5,19.44,16.5625,1003.0,243.0,106.0,1.0,30,1.0,2,0.0
C1,710,0.5333333333333333,44.4,29.9,9,38.0,16.294643,861.0,665.0,146.0,1.0,30,3.0,2,0.0
C1,711,0.5653034059247563,39.300000000000004,26.200000000000003,9,16.0,16.319445,759.0,360.0,188.0,1.0,70,2.0,2,0.0
C1,712,0.5964407751207347,38.199999999999996,25.5,9,21.688889,16.493055,985.0,488.0,190.0,1.0,70,2.0,0,0.0
C1,713,0.5473877764538411,39.0,26.700000000000003,9,9.688889,16.40625,411.0,218.0,189.0,1.0,70,2.0,0,0.0
C1,714,0.5457823042419749,37.8,25.6,9,5.288889,16.40625,160.0,119.0,189.0,1.0,70,3.0,0,0.0
C1,715,0.40375128026359414,34.1,23.8,5,2.8,16.40625,70.0,63.0,189.0,1.0,70,3.0,2,0.0
C1,716,0.11266590606479131,79.39999999999999,42.2,3,15.6,16.666666,252.0,117.0,64.0,1.0,70,2.0,2,0.0
C1,717,0.08189954241727246,83.9,43.2,3,3.4666667,16.666666,91.0,26.0,64.0,1.0,70,1.0,2,0.0
C1,718,0.6856052825686325,17.7,17.4,2,2.0,16.796875,14.0,10.0,43.0,1.0,70,3.0,2,0.0
C1,719,0.6856052825686325,17.8,17.5,1,2.0,17.1875,16.0,5.0,22.0,1.0,70,1.0,0,0.0
C1,720,-0.044693968045400045,143.0,84.8,1,13.6,17.1875,86.0,34.0,22.0,1.0,70,2.0,1,0.0
C1,721,-0.11443834730219365,169.0,95.10000000000001,1,13.2,17.1875,120.0,33.0,22.0,1.0,70,1.0,2,0.0
C1,722,0.5870087913405624,32.2,26.8,1,2.0,17.1875,21.0,5.0,22.0,1.0,70,1.0,0,0.0
C1,723,0.06250987448635248,96.60000000000001,64.8,1,8.8,17.1875,56.0,22.0,22.0,1.0,70,2.0,1,0.0
C1,724,0.03153373153319172,116.1,66.9,1,15.2,17.1875,66.0,38.0,22.0,1.0,70,3.0,0,0.0
C1,725,0.04699471814422716,109.7,60.1,1,14.8,17.1875,63.0,37.0,22.0,1.0,70,3.0,2,0.0
C1,726,-0.15784517945492432,179.9,102.9,1,8.4,17.1875,106.0,21.0,22.0,1.0,70,1.0,1,0.0
C1,727,0.5095104491231672,43.7,33.0,1,10.8,17.1875,39.0,27.0,22.0,1.0,70,3.0,2,0.0
C1,728,-0.19101017712368684,197.6,108.0,1,12.8,17.1875,101.0,32.0,22.0,1.0,70,2.0,2,0.0
C1,729,-0.1378775142389641,195.20000000000002,103.7,1,25.2,17.1875,109.0,63.0,22.0,1.0,70,3.0,2,0.0
C1,730,0.6987104359868719,17.8,17.4,1,4.0,17.1875,16.0,10.0,22.0,1.0,70,2.0,2,0.0
C1,731,0.5990745380657881,32.300000000000004,25.4,1,7.2,17.1875,24.0,18.0,22.0,1.0,70,3.0,0,0.0
C1,732,0.4976203488031986,43.5,33.7,1,6.0,17.1875,35.0,15.0,22.0,1.0,70,2.0,0,0.0
C1,733,0.695856543421489,17.8,17.4,1,2.8,17.1875,12.0,7.0,22.0,1.0,70,2.0,2,0.0
C1,734,0.4878087382408886,44.5,33.8,1,5.6,17.1875,31.0,14.0,22.0,1.0,70,2.0,1,0.0
C1,735,0.6977445678438781,17.8,17.5,1,3.6,17.1875,15.0,9.0,22.0,1.0,70,2.0,1,0.0
C1,736,0.022666915855701075,116.9,67.0,1,13.2,17.1875,67.0,33.0,22.0,1.0,70,2.0,0,0.0
C1,737,-0.18501901087312583,192.0,106.1,1,10.0,17.1875,123.0,25.0,22.0,1.0,70,1.0,0,0.0
C1,738,-0.004882748540675802,118.5,69.7,1,5.2,17.1875,74.0,13.0,22.0,1.0,70,1.0,2,0.0
C1,739,-0.13693122081937847,192.3,104.4,1,23.6,17.1875,109.0,59.0,22.0,1.0,70,3.0,2,0.0
C1,740,0.02985409356458732,105.30000000000001,64.3,1,5.2,17.1875,65.0,13.0,22.0,1.0,70,1.0,2,0.0
C1,741,-0.18159795824154684,190.70000000000002,105.39999999999999,1,10.0,17.1875,121.0,25.0,22.0,1.0,70,1.0,0,0.0
C1,742,-0.13704027761649862,178.60000000000002,97.4,1,14.0,17.1875,99.0,35.0,22.0,1.0,70,2.0,1,0.0
C1,743,-0.06727309847085555,143.8,82.3,1,6.8,17.1875,84.0,17.0,22.0,1.0,70,1.0,0,0.0
C1,744,-0.008416567294811439,137.4,81.69999999999999,1,19.6,17.1875,83.0,49.0,22.0,1.0,70,3.0,2,0.0
C1,745,0.026159807323157702,111.3,65.8,1,9.6,17.1875,67.0,24.0,22.0,1.0,70,2.0,0,0.0
C1,746,0.13056308070211464,73.0,43.0,1,10.8,17.1875,44.0,27.0,22.0,1.0,70,3.0,0,0.0
C1,747,0.10246374363440763,79.3,45.3,1,6.8,17.1875,41.0,17.0,22.0,1.0,70,2.0,1,0.0
C1,748,0.5958659628382863,32.300000000000004,26.200000000000003,1,6.0,17.1875,28.0,15.0,22.0,1.0,70,2.0,1,0.0
C1,749,-0.13092450753752333,194.5,106.7,1,26.4,17.1875,121.0,66.0,22.0,1.0,70,3.0,1,0.0
C1,750,-0.1371546847280668,199.5,109.10000000000001,1,28.0,17.1875,119.0,70.0,22.0,1.0,70,3.0,1,0.0
C1,751,0.5018081201003876,43.9,34.4,1,8.8,17.1875,31.0,22.0,22.0,1.0,70,3.0,2,0.0
C1,752,-0.13243524417634495,186.9,105.39999999999999,1,21.2,17.1875,130.0,53.0,22.0,1.0,70,2.0,0,0.0
C1,753,-0.12740244841572979,179.2,102.4,1,17.2,17.1875,111.0,43.0,22.0,1.0,70,2.0,2,0.0
C1,754,-0.0017248538038337202,117.3,67.2,1,5.2,17.1875,64.0,13.0,22.0,1.0,70,1.0,0,0.0
C1,755,-0.15925574215101884,188.6,103.4,1,15.2,17.1875,90.0,38.0,22.0,1.0,70,2.0,1,0.0
C1,756,0.16449990967108247,53.0,38.0,1,4.0,17.1875,40.0,10.0,22.0,1.0,70,1.0,0,0.0
C1,757,-0.2262487213984985,200.4,106.6,1,22.8,17.1875,103.0,57.0,22.0,1.0,90,3.0,2,0.0
C1,758,0.01274202257596338,99.6,54.5,1,7.2,17.1875,52.0,18.0,22.0,1.0,90,2.0,0,0.0
C1,759,-0.09724033754480402,144.4,84.2,1,13.2,17.1875,87.0,33.0,22.0,1.0,90,2.0,0,0.0
C1,760,-0.17504436891923436,174.2,100.2,1,13.6,17.1875,107.0,34.0,22.0,1.0,90,2.0,2,0.0
C1,761,-0.1893292714989968,177.1,102.2,1,8.8,17.1875,102.0,22.0,22.0,1.0,90,1.0,2,0.0
C1,762,0.4621222515594468,43.6,33.4,1,6.8,17.1875,38.0,17.0,22.0,1.0,90,2.0,2,0.0
C1,763,0.46736075780902336,43.5,42.1,1,10.4,17.1875,38.0,26.0,22.0,1.0,90,3.0,2,0.0
C1,764,0.49914760205311154,39.699999999999996,32.4,1,9.2,17.1875,35.0,23.0,22.0,1.0,90,3.0,2,0.0
C1,765,0.49677711029526167,39.699999999999996,32.4,1,7.2,17.1875,30.0,18.0,22.0,1.0,90,3.0,0,0.0
C1,766,0.06971102468521195,76.7,41.8,1,4.0,17.1875,40.0,10.0,22.0,1.0,90,1.0,0,0.0
C1,767,0.45467407140645066,44.0,34.0,1,2.8,17.1875,38.0,7.0,22.0,1.0,90,1.0,1,0.0
C1,768,0.4511652994766261,44.4,33.9,1,2.8,17.1875,30.0,7.0,22.0,1.0,90,1.0,1,0.0
C1,769,0.41153240266782176,49.0,33.0,1,3.6,17.1875,33.0,9.0,22.0,1.0,90,1.0,2,0.0
C1,770,0.4467793345643453,44.900000000000006,34.0,1,2.8,17.1875,36.0,7.0,22.0,1.0,90,1.0,1,0.0
C1,771,0.061428303807497475,82.0,45.3,1,9.2,17.1875,49.0,23.0,22.0,1.0,90,2.0,1,0.0
C1,772,0.464937075737322,43.6,33.6,1,9.2,17.1875,33.0,23.0,22.0,1.0,90,3.0,1,0.0
C1,773,0.45295827118737964,44.8,32.9,1,8.0,17.1875,30.0,20.0,22.0,1.0,90,3.0,2,0.0
C1,774,0.5507902570315839,33.300000000000004,26.1,1,5.2,17.1875,28.0,13.0,22.0,1.0,90,2.0,0,0.0
C1,775,0.659080545541892,32.9,25.2,1,5.6,17.1875,29.0,14.0,22.0,1.0,50,2.0,1,0.0
C1,776,0.2510660423552259,56.0,42.3,1,10.4,17.1875,40.0,26.0,22.0,1.0,50,3.0,2,0.0
C1,777,0.5968593238361052,39.800000000000004,32.7,1,5.2,17.1875,32.0,13.0,22.0,1.0,50,2.0,2,0.0
C1,778,0.6607842858449562,32.9,26.700000000000003,1,6.0,17.1875,28.0,15.0,22.0,1.0,50,2.0,1,0.0
C1,779,0.6465669370726419,44.699999999999996,33.8,1,6.4,17.1875,34.0,16.0,22.0,1.0,30,2.0,2,0.0
C1,780,0.7511094348990912,32.599999999999994,25.7,1,6.0,17.1875,29.0,15.0,22.0,1.0,30,2.0,0,0.0
C1,781,0.2300406758079025,92.39999999999999,44.0,1,7.6,17.1875,43.0,19.0,22.0,1.0,30,2.0,0,0.0
C1,782,0.6187954026168934,47.5,34.7,1,5.6,17.1875,32.0,14.0,22.0,1.0,30,2.0,0,0.0
C1,783,0.6610904707805818,44.6,34.1,1,10.0,17.1875,38.0,25.0,22.0,1.0,30,3.0,2,0.0
C1,784,0.843222663187408,17.8,17.5,1,1.6,17.1875,15.0,4.0,22.0,1.0,30,1.0,1,0.0
C1,785,0.8517640347262774,17.7,17.3,1,3.6,17.1875,10.0,9.0,22.0,1.0,30,3.0,1,0.0
C1,786,0.8551053220002116,17.8,17.4,1,4.4,17.1875,12.0,11.0,22.0,1.0,30,3.0,2,0.0
C1,787,0.841486331264437,17.7,17.5,1,1.2,17.1875,5.0,3.0,22.0,1.0,30,2.0,2,0.0
C1,788,0.8449503405842116,18.2,17.5,1,2.0,17.1875,8.0,5.0,22.0,1.0,30,2.0,0,0.0
C1,789,0.843222663187408,17.8,17.4,1,1.6,17.1875,5.0,4.0,22.0,1.0,30,3.0,0,0.0
C1,790,0.843222663187408,17.9,17.4,1,1.6,17.1875,6.0,4.0,22.0,1.0,30,2.0,0,0.0
C1,791,0.7584892149473346,32.300000000000004,25.9,1,7.2,17.1875,23.0,18.0,22.0,1.0,30,3.0,0,0.0
C1,792,0.5765839711106497,50.0,17.4,1,0.8,17.1875,8.0,2.0,22.0,1.0,30,1.0,2,0.0
C1,793,0.5765839711106497,50.0,17.2,1,0.8,17.1875,4.0,2.0,22.0,1.0,30,1.0,2,0.0
C1,794,0.580064768450566,50.0,17.5,1,1.6,17.1875,9.0,4.0,22.0,1.0,30,1.0,2,0.0
C1,795,0.8483776397808107,17.7,17.4,1,2.8,17.1875,8.0,7.0,22.0,1.0,30,3.0,2,0.0
C1,796,0.8440731476017553,20.1,17.7,1,2.0,17.1875,11.0,5.0,22.0,1.0,30,1.0,1,0.0
C1,797,0.8449503405842116,17.7,17.3,1,2.0,17.1875,8.0,5.0,22.0,1.0,30,2.0,0,0.0
C1,798,0.5783284365275949,50.0,17.3,1,1.2,17.1875,2.0,3.0,22.0,1.0,30,3.0,0,0.0
C1,799,0.843222663187408,18.3,17.5,1,1.6,17.1875,4.0,4.0,22.0,1.0,30,3.0,1,0.0
C1,800,0.5783284365275949,50.0,17.5,1,1.2,17.1875,6.0,3.0,22.0,1.0,30,1.0,0,0.0
C1,801,0.8517640347262774,17.9,17.7,1,3.6,17.1875,17.0,9.0,22.0,1.0,30,2.0,2,0.0
C1,802,0.580064768450566,50.0,17.5,1,1.6,17.1875,3.0,4.0,22.0,1.0,30,3.0,1,0.0
C1,803,0.8449503405842116,17.9,17.5,1,2.0,17.1875,8.0,5.0,22.0,1.0,30,2.0,0,0.0
C1,804,0.843222663187408,18.0,17.5,1,1.6,17.1875,4.0,4.0,22.0,1.0,30,3.0,2,0.0
C1,805,0.6641844064673916,17.9,17.6,1,1.6,17.1875,7.0,4.0,22.0,1.0,90,2.0,2,0.0
C1,806,0.6659183675801024,18.3,17.7,1,3.6,17.1875,14.0,9.0,22.0,1.0,90,2.0,0,0.0
C1,807,0.6652003871959242,18.0,17.6,1,2.8,17.1875,12.0,7.0,22.0,1.0,90,2.0,2,0.0
C1,808,0.40070356569969146,50.0,17.5,1,1.2,17.1875,2.0,3.0,22.0,1.0,90,1.0,0,0.0
C1,809,0.40070356569969146,50.0,17.6,1,1.2,17.1875,6.0,3.0,22.0,1.0,90,1.0,1,0.0
C1,810,0.6645151185065423,18.1,17.5,1,2.0,17.1875,5.0,5.0,22.0,1.0,90,2.0,1,0.0
C1,811,0.6687050510671897,17.8,17.5,1,6.4,17.1875,19.0,16.0,22.0,1.0,90,3.0,2,0.0
C1,812,0.4003882500542819,50.0,17.5,1,0.8,17.1875,9.0,2.0,22.0,1.0,90,1.0,0,0.0
C1,813,0.6641844064673916,18.3,17.5,1,1.6,17.1875,6.0,4.0,22.0,1.0,90,2.0,2,0.0
C1,814,0.40102651173054954,50.0,17.6,1,1.6,17.1875,4.0,4.0,22.0,1.0,90,2.0,0,0.0
C1,815,0.6652003871959242,17.9,17.5,1,2.8,17.1875,7.0,7.0,22.0,1.0,90,3.0,0,0.0
C1,816,0.6645151185065423,17.8,17.5,1,2.0,17.1875,14.0,5.0,22.0,1.0,90,1.0,2,0.0
C1,817,0.4003882500542819,50.0,17.6,1,0.8,17.1875,6.0,2.0,22.0,1.0,90,1.0,2,0.0
C1,818,0.6648537330978317,18.0,17.5,1,2.4,17.1875,5.0,6.0,22.0,1.0,90,3.0,2,0.0
C1,819,0.4003882500542819,50.0,17.4,1,0.8,17.1875,6.0,2.0,22.0,1.0,90,1.0,0,0.0
C1,820,0.40135722376970023,50.0,17.5,1,2.0,17.1875,3.0,5.0,22.0,1.0,90,3.0,0,0.0
C1,821,0.5603890693923113,32.5,25.7,1,7.6,17.1875,26.0,19.0,22.0,1.0,90,3.0,0,0.0
C1,822,0.6655552192464198,17.7,17.5,1,3.2,17.1875,11.0,8.0,22.0,1.0,90,2.0,2,0.0
C1,823,0.6645151185065423,17.8,17.6,1,2.0,17.1875,6.0,5.0,22.0,1.0,90,2.0,1,0.0
C1,824,0.40102651173054954,50.0,17.4,1,1.6,17.1875,3.0,4.0,22.0,1.0,90,3.0,2,0.0
C1,825,0.6655552192464198,18.3,17.8,1,3.2,17.1875,9.0,8.0,22.0,1.0,90,3.0,1,0.0
C1,826,0.6682797526248165,17.8,17.4,1,6.0,17.1875,16.0,15.0,22.0,1.0,90,3.0,1,0.0
C1,827,0.6648537330978317,17.8,17.5,1,2.4,17.1875,7.0,6.0,22.0,1.0,90,3.0,2,0.0
C1,828,0.40102651173054954,50.0,17.5,1,1.6,17.1875,7.0,4.0,22.0,1.0,90,1.0,0,0.0
C1,829,0.4003882500542819,50.0,17.6,1,0.8,17.1875,2.0,2.0,22.0,1.0,90,2.0,1,0.0
C1,830,0.6638614604365336,17.8,17.5,1,1.2,17.1875,11.0,3.0,22.0,1.0,90,1.0,1,0.0
C1,831,0.5583952352115277,32.300000000000004,25.0,1,4.0,17.1875,22.0,10.0,22.0,1.0,90,2.0,1,0.0
C1,832,0.6652003871959242,17.9,17.5,1,2.8,17.1875,9.0,7.0,22.0,1.0,90,2.0,1,0.0
C1,833,0.6645151185065423,18.2,17.5,1,2.0,17.1875,9.0,5.0,22.0,1.0,90,2.0,0,0.0
C1,834,0.6641844064673916,18.4,17.7,1,1.6,17.1875,6.0,4.0,22.0,1.0,90,2.0,0,0.0
C1,835,0.6648537330978317,17.8,17.5,1,2.4,17.1875,7.0,6.0,22.0,1.0,90,3.0,1,0.0
C1,836,0.5523973245095777,32.9,26.1,1,3.2,17.1875,21.0,8.0,22.0,1.0,90,2.0,0,0.0
C1,837,0.4003882500542819,50.0,17.6,1,0.8,17.1875,6.0,2.0,22.0,1.0,90,1.0,0,0.0
C1,838,0.6666701724931865,17.6,17.4,1,4.4,17.1875,10.0,11.0,22.0,1.0,90,3.0,1,0.0
C1,839,0.40070356569969146,50.0,17.3,1,1.2,17.1875,8.0,3.0,22.0,1.0,90,1.0,1,0.0
C1,840,0.40070356569969146,50.0,17.4,1,1.2,17.1875,3.0,3.0,22.0,1.0,90,2.0,1,0.0
C1,841,0.553450224325902,32.7,25.7,1,2.4,17.1875,25.0,6.0,22.0,1.0,90,1.0,2,0.0
C1,842,0.6645151185065423,17.7,17.4,1,2.0,17.1875,5.0,5.0,22.0,1.0,90,2.0,1,0.0
C1,843,0.4003882500542819,50.0,17.5,1,0.8,17.1875,5.0,2.0,22.0,1.0,90,1.0,1,0.0
C1,844,0.40070356569969146,50.0,17.6,1,1.2,17.1875,5.0,3.0,22.0,1.0,90,1.0,2,0.0
C1,845,0.6652003871959242,18.1,17.6,1,2.8,17.1875,8.0,7.0,22.0,1.0,90,3.0,0,0.0
C1,846,0.6678637575856803,17.7,17.3,1,5.6,17.1875,15.0,14.0,22.0,1.0,90,3.0,1,0.0
C1,847,0.4003882500542819,50.0,17.6,1,0.8,17.1875,5.0,2.0,22.0,1.0,90,1.0,2,0.0
C1,848,0.6645151185065423,17.8,17.5,1,2.0,17.1875,6.0,5.0,22.0,1.0,90,2.0,0,0.0
C1,849,-0.24051596944334475,201.4,108.0,1,17.2,17.1875,115.0,43.0,22.0,1.0,90,2.0,0,0.0
C1,850,-0.17826870187905514,191.3,103.1,1,31.6,17.1875,141.0,79.0,22.0,1.0,90,3.0,1,0.0
C1,851,-0.21377558927662488,192.70000000000002,105.7,1,19.2,17.1875,125.0,48.0,22.0,1.0,90,2.0,0,0.0
C1,852,0.5499414523960775,33.099999999999994,25.5,1,2.4,17.1875,26.0,6.0,22.0,1.0,90,1.0,1,0.0
C1,853,0.5494109135117138,33.2,26.599999999999998,1,2.8,17.1875,27.0,7.0,22.0,1.0,90,1.0,2,0.0
C1,854,0.4884551912213078,40.5,32.800000000000004,1,6.0,17.1875,30.0,15.0,22.0,1.0,90,2.0,1,0.0
C1,855,0.5450249485994331,33.7,25.7,1,2.8,17.1875,28.0,7.0,22.0,1.0,90,1.0,2,0.0
C1,856,0.46348458697685335,43.6,32.5,1,8.0,17.1875,33.0,20.0,22.0,1.0,90,3.0,0,0.0
C1,857,0.45917950043082767,44.2,32.599999999999994,1,8.8,17.1875,31.0,22.0,22.0,1.0,90,3.0,2,0.0
C1,858,0.5543274173083581,32.599999999999994,25.4,1,2.4,17.1875,25.0,6.0,22.0,1.0,90,1.0,0,0.0
C1,859,0.5590986220645726,32.7,26.4,1,8.0,17.1875,27.0,20.0,22.0,1.0,90,3.0,0,0.0
C1,860,0.5494109135117138,33.2,27.0,1,2.8,17.1875,27.0,7.0,22.0,1.0,90,1.0,2,0.0
C1,861,0.13865839310626457,50.5,41.2,1,4.0,17.1875,40.0,10.0,22.0,1.0,90,1.0,2,0.0
C1,862,0.5511611914180669,33.4,26.5,1,6.4,17.1875,27.0,16.0,22.0,1.0,90,2.0,2,0.0
C1,863,0.026245058576990707,94.3,49.0,1,6.8,17.1875,40.0,17.0,22.0,1.0,90,2.0,2,0.0
C1,864,0.13403843028163415,54.6,39.4,1,9.6,17.1875,40.0,24.0,22.0,1.0,90,3.0,1,0.0
C1,865,0.11089991731280546,62.300000000000004,44.0,1,7.2,17.1875,46.0,18.0,22.0,1.0,90,2.0,2,0.0
C1,866,0.02563883012328695,95.60000000000001,54.0,1,9.2,17.1875,56.0,23.0,22.0,1.0,90,2.0,2,0.0
C1,867,0.05302363073799719,82.9,46.9,1,3.6,17.1875,41.0,9.0,22.0,1.0,90,1.0,0,0.0
C1,868,0.458178735277716,44.0,33.2,1,6.4,17.1875,37.0,16.0,22.0,1.0,90,2.0,1,0.0
C1,869,0.5599331212426283,32.4,24.8,1,6.4,17.1875,25.0,16.0,22.0,1.0,90,3.0,2,0.0
C1,870,-2.2605183467412053,1000,1000,1,0.8,17.1875,1.0,2.0,22.0,0.0,90,1.0,0,0.0
C1,871,0.553450224325902,32.7,27.099999999999998,1,2.4,17.1875,20.0,6.0,22.0,1.0,90,1.0,1,0.0
C1,872,0.4003882500542819,50.0,17.7,1,0.8,17.1875,3.0,2.0,22.0,1.0,90,2.0,0,0.0
C1,873,0.4000804301987622,50.0,17.5,1,0.4,17.1875,3.0,1.0,22.0,1.0,90,1.0,2,0.0
C1,874,0.40070356569969146,50.0,17.3,1,1.2,17.1875,3.0,3.0,22.0,1.0,90,2.0,0,0.0
C1,875,0.40102651173054954,50.0,17.3,1,1.6,17.1875,6.0,4.0,22.0,1.0,90,1.0,1,0.0
C1,876,0.6645151185065423,17.7,17.3,1,2.0,17.1875,15.0,5.0,22.0,1.0,90,1.0,0,0.0
C1,877,0.40070356569969146,50.0,17.6,1,1.2,17.1875,2.0,3.0,22.0,1.0,90,1.0,2,0.0
C1,878,0.4003882500542819,50.0,17.4,1,0.8,17.1875,6.0,2.0,22.0,1.0,90,1.0,1,0.0
C1,879,0.4000804301987622,50.0,17.3,1,0.4,17.1875,3.0,1.0,22.0,1.0,90,1.0,0,0.0
C1,880,0.40070356569969146,50.0,17.3,1,1.2,17.1875,4.0,3.0,22.0,1.0,90,2.0,0,0.0
C1,881,0.5555512643889068,32.5,27.099999999999998,1,2.8,17.1875,25.0,7.0,22.0,1.0,90,1.0,2,0.0
C1,882,0.6641844064673916,17.8,17.3,1,1.6,17.1875,4.0,4.0,22.0,1.0,90,3.0,1,0.0
C1,883,0.40102651173054954,50.0,17.4,1,1.6,17.1875,3.0,4.0,22.0,1.0,90,2.0,1,0.0
C1,884,0.6645151185065423,17.8,17.4,1,2.0,17.1875,5.0,5.0,22.0,1.0,90,3.0,0,0.0
C1,885,0.6645151185065423,17.8,17.5,1,2.0,17.1875,4.0,5.0,22.0,1.0,90,3.0,1,0.0
C1,886,0.8500762134230411,17.9,17.6,1,3.2,17.1875,13.0,8.0,22.0,1.0,30,2.0,0,0.0
C1,887,0.8466688412521486,17.8,17.4,1,2.4,17.1875,7.0,6.0,22.0,1.0,30,3.0,2,0.0
C1,888,0.5765839711106497,50.0,17.5,1,0.8,17.1875,3.0,2.0,22.0,1.0,30,2.0,1,0.0
C1,889,0.8466688412521486,17.7,17.4,1,2.4,17.1875,10.0,6.0,22.0,1.0,30,2.0,0,0.0
C1,890,0.8483776397808107,17.9,17.6,1,2.8,17.1875,12.0,7.0,22.0,1.0,30,2.0,2,0.0
C1,891,0.7479858054542767,32.4,26.1,1,4.8,17.1875,20.0,12.0,22.0,1.0,30,2.0,0,0.0
C1,892,0.841486331264437,18.0,17.6,1,1.2,17.1875,6.0,3.0,22.0,1.0,30,2.0,0,0.0
C1,893,0.8534405798950884,18.1,17.6,1,4.0,17.1875,10.0,10.0,22.0,1.0,30,3.0,2,0.0
C1,894,0.5783284365275949,50.0,17.5,1,1.2,17.1875,7.0,3.0,22.0,1.0,30,1.0,2,0.0
C1,895,0.8466688412521486,17.9,17.4,1,2.4,17.1875,7.0,6.0,22.0,1.0,30,2.0,0,0.0
C1,896,0.7344240247947378,32.599999999999994,25.6,1,2.0,17.1875,22.0,5.0,22.0,1.0,30,1.0,2,0.0
C1,897,0.8466688412521486,18.5,17.6,1,2.4,17.1875,8.0,6.0,22.0,1.0,30,2.0,0,0.0
C1,898,0.8517640347262774,17.9,17.5,1,3.6,17.1875,10.0,9.0,22.0,1.0,30,3.0,0,0.0
C1,899,0.8517640347262774,17.9,17.6,1,3.6,17.1875,10.0,9.0,22.0,1.0,30,3.0,0,0.0
C1,900,0.5783284365275949,50.0,17.6,1,1.2,17.1875,4.0,3.0,22.0,1.0,30,2.0,1,0.0
C1,901,0.7472105851581061,32.300000000000004,25.6,1,4.4,17.1875,21.0,11.0,22.0,1.0,30,2.0,0,0.0
C1,902,0.5765839711106497,50.0,17.5,1,0.8,17.1875,7.0,2.0,22.0,1.0,30,1.0,0,0.0
C1,903,0.8500762134230411,17.9,17.6,1,3.2,17.1875,14.0,8.0,22.0,1.0,30,2.0,2,0.0
C1,904,0.8583972924502834,17.7,17.5,1,5.2,17.1875,14.0,13.0,22.0,1.0,30,3.0,1,0.0
C1,905,0.7370556037421061,32.300000000000004,25.5,1,2.0,17.1875,25.0,5.0,22.0,1.0,30,1.0,1,0.0
C1,906,0.8551053220002116,17.8,17.4,1,4.4,17.1875,19.0,11.0,22.0,1.0,30,2.0,2,0.0
C1,907,0.8551053220002116,17.7,17.4,1,4.4,17.1875,18.0,11.0,22.0,1.0,30,2.0,0,0.0
C1,908,0.8500762134230411,17.6,17.3,1,3.2,17.1875,13.0,8.0,22.0,1.0,30,2.0,0,0.0
C1,909,0.8534405798950884,17.7,17.4,1,4.0,17.1875,15.0,10.0,22.0,1.0,30,2.0,1,0.0
C1,910,0.7503743499853144,32.5,26.4,1,5.6,17.1875,27.0,14.0,22.0,1.0,30,2.0,2,0.0
C1,911,0.2908947956844221,64.4,44.3,1,4.4,17.1875,43.0,11.0,22.0,1.0,30,1.0,2,0.0
C1,912,0.8517640347262774,17.7,17.4,1,3.6,17.1875,15.0,9.0,22.0,1.0,30,2.0,2,0.0
C1,913,0.7388099897070186,32.099999999999994,24.0,1,2.0,17.1875,22.0,5.0,22.0,1.0,30,1.0,0,0.0
C1,914,0.8632336037393085,17.7,17.4,1,6.4,17.1875,18.0,16.0,22.0,1.0,30,3.0,1,0.0
C1,915,0.8534405798950884,17.6,17.3,1,4.0,17.1875,11.0,10.0,22.0,1.0,30,3.0,1,0.0
C1,916,0.7514945773841013,32.0,24.8,1,4.8,17.1875,26.0,12.0,22.0,1.0,30,2.0,1,0.0
C1,917,0.7496253626257221,32.4,26.0,1,5.2,17.1875,26.0,13.0,22.0,1.0,30,2.0,2,0.0
C1,918,0.8483776397808107,18.0,17.5,1,2.8,17.1875,11.0,7.0,22.0,1.0,30,2.0,2,0.0
C1,919,0.8500762134230411,17.7,17.3,1,3.2,17.1875,13.0,8.0,22.0,1.0,30,2.0,1,0.0
C1,920,0.7421149119192598,32.5,26.8,1,3.6,17.1875,21.0,9.0,22.0,1.0,30,2.0,1,0.0
C1,921,0.6379327967245625,43.6,35.8,1,2.0,17.1875,30.0,5.0,22.0,1.0,30,1.0,0,0.0
C1,922,0.8449503405842116,17.6,17.4,1,2.0,17.1875,8.0,5.0,22.0,1.0,30,2.0,1,0.0
C1,923,0.7326337535328502,33.0,25.8,1,2.4,17.1875,21.0,6.0,22.0,1.0,30,1.0,2,0.0
C1,924,0.6668825120524624,32.4,26.200000000000003,1,6.4,17.1875,20.0,16.0,22.0,1.0,50,3.0,0,0.0
C1,925,0.7655148417576507,17.5,17.3,1,4.0,17.1875,10.0,10.0,22.0,1.0,50,3.0,2,0.0
C1,926,0.5572333892454449,44.900000000000006,34.1,1,6.4,17.1875,32.0,16.0,22.0,1.0,50,2.0,0,0.0
C1,927,0.7756544418770237,17.6,17.3,1,6.4,17.1875,18.0,16.0,22.0,1.0,50,3.0,2,0.0
C1,928,0.7605761873560926,17.4,17.2,1,2.8,17.1875,8.0,7.0,22.0,1.0,50,3.0,1,0.0
C1,929,0.5946680850686562,39.1,33.6,1,3.2,17.1875,30.0,8.0,22.0,1.0,50,1.0,0,0.0
C1,930,0.6668825120524624,32.4,26.4,1,6.4,17.1875,21.0,16.0,22.0,1.0,50,3.0,2,0.0
C1,931,0.6642509331050939,32.7,25.7,1,6.4,17.1875,27.0,16.0,22.0,1.0,50,2.0,1,0.0
C1,932,0.5976770367699622,39.9,32.800000000000004,1,5.6,17.1875,36.0,14.0,22.0,1.0,50,2.0,2,0.0
C1,933,0.758951238880883,17.9,17.3,1,2.4,17.1875,17.0,6.0,22.0,1.0,50,1.0,0,0.0
C1,934,0.6484249230914094,32.599999999999994,25.0,1,2.4,17.1875,20.0,6.0,22.0,1.0,50,1.0,0,0.0
C1,935,0.6539454897404586,33.099999999999994,27.0,1,4.8,17.1875,25.0,12.0,22.0,1.0,50,2.0,2,0.0
C1,936,0.6476882246801416,32.5,25.1,1,2.0,17.1875,25.0,5.0,22.0,1.0,50,1.0,0,0.0
C1,937,0.7671814422697458,18.0,17.5,1,4.4,17.1875,13.0,11.0,22.0,1.0,50,3.0,2,0.0
C1,938,0.768857770442213,17.8,17.4,1,4.8,17.1875,19.0,12.0,22.0,1.0,50,2.0,2,0.0
C1,939,0.7622119447177791,17.8,17.5,1,3.2,17.1875,9.0,8.0,22.0,1.0,50,3.0,0,0.0
C1,940,0.7622119447177791,17.8,17.6,1,3.2,17.1875,8.0,8.0,22.0,1.0,50,3.0,2,0.0
C1,941,0.5390332090387044,46.199999999999996,34.7,1,4.8,17.1875,36.0,12.0,22.0,1.0,50,1.0,2,0.0
C1,942,0.7655148417576507,17.7,17.5,1,4.0,17.1875,12.0,10.0,22.0,1.0,50,3.0,1,0.0
C1,943,0.5178636632766328,47.300000000000004,33.7,1,2.0,17.1875,30.0,5.0,22.0,1.0,50,1.0,2,0.0
C1,944,0.7671814422697458,17.9,17.6,1,4.4,17.1875,19.0,11.0,22.0,1.0,50,2.0,1,0.0
C1,945,0.763858250896098,18.0,17.6,1,3.6,17.1875,10.0,9.0,22.0,1.0,50,3.0,1,0.0
C1,946,0.7773749030311967,17.8,17.3,1,6.8,17.1875,19.0,17.0,22.0,1.0,50,3.0,2,0.0
C1,947,0.6475477301089532,32.7,26.9,1,2.4,17.1875,21.0,6.0,22.0,1.0,50,1.0,0,0.0
C1,948,0.7671814422697458,17.7,17.4,1,4.4,17.1875,13.0,11.0,22.0,1.0,50,3.0,0,0.0
C1,949,0.768857770442213,17.7,17.4,1,4.8,17.1875,14.0,12.0,22.0,1.0,50,3.0,0,0.0
C1,950,0.6573261595769797,33.099999999999994,25.9,1,5.6,17.1875,20.0,14.0,22.0,1.0,50,3.0,2,0.0
C1,951,0.7671814422697458,17.7,17.4,1,4.4,17.1875,19.0,11.0,22.0,1.0,50,2.0,0,0.0
C1,952,0.7622119447177791,17.9,17.5,1,3.2,17.1875,9.0,8.0,22.0,1.0,50,3.0,0,0.0
C1,953,0.7622119447177791,17.9,17.5,1,3.2,17.1875,13.0,8.0,22.0,1.0,50,2.0,0,0.0
C1,954,0.6648537330978317,17.9,17.4,1,2.4,17.1875,8.0,6.0,22.0,1.0,90,3.0,1,0.0
C1,955,0.6652003871959242,17.6,17.3,1,2.8,17.1875,12.0,7.0,22.0,1.0,90,2.0,1,0.0
C1,956,0.5595621868561452,32.300000000000004,25.9,1,5.2,17.1875,27.0,13.0,22.0,1.0,90,2.0,2,0.0
C1,957,0.666289972053633,17.7,17.5,1,4.0,17.1875,11.0,10.0,22.0,1.0,90,3.0,1,0.0
C1,958,0.6655552192464198,17.9,17.5,1,3.2,17.1875,9.0,8.0,22.0,1.0,90,3.0,1,0.0
C1,959,0.6674569236982506,17.8,17.5,1,5.2,17.1875,16.0,13.0,22.0,1.0,90,3.0,0,0.0
C1,960,0.6659183675801024,17.9,17.6,1,3.6,17.1875,10.0,9.0,22.0,1.0,90,3.0,2,0.0
C1,961,0.5519037047130056,32.800000000000004,26.3,1,1.6,17.1875,24.0,4.0,22.0,1.0,90,1.0,2,0.0
C1,962,0.6670591094997571,17.9,17.6,1,4.8,17.1875,14.0,12.0,22.0,1.0,90,3.0,0,0.0
C1,963,0.6638614604365336,17.6,17.4,1,1.2,17.1875,10.0,3.0,22.0,1.0,90,1.0,2,0.0
C1,964,0.5783284365275949,50.0,17.3,1,1.2,17.1875,4.0,3.0,22.0,1.0,30,2.0,1,0.0
C1,965,0.8500762134230411,17.7,17.3,1,3.2,17.1875,9.0,8.0,22.0,1.0,30,3.0,2,0.0
C1,966,0.8583972924502834,17.8,17.5,1,5.2,17.1875,15.0,13.0,22.0,1.0,30,3.0,2,0.0
C1,967,0.5783284365275949,50.0,17.7,1,1.2,17.1875,3.0,3.0,22.0,1.0,30,3.0,2,0.0
C1,968,0.8500762134230411,17.8,17.5,1,3.2,17.1875,8.0,8.0,22.0,1.0,30,3.0,0,0.0
C1,969,0.5765839711106497,50.0,17.4,1,0.8,17.1875,3.0,2.0,22.0,1.0,30,3.0,1,0.0
C1,970,0.5748318922081663,50.0,17.4,1,0.4,17.1875,3.0,1.0,22.0,1.0,30,1.0,2,0.0
C1,971,0.7361784107596501,32.4,26.4,1,2.0,17.1875,29.0,5.0,22.0,1.0,30,1.0,2,0.0
C1,972,0.843222663187408,19.900000000000002,17.7,1,1.6,17.1875,4.0,4.0,22.0,1.0,30,3.0,2,0.0
C1,973,0.5783284365275949,50.0,17.7,1,1.2,17.1875,3.0,3.0,22.0,1.0,30,3.0,0,0.0
C1,974,0.8517640347262774,17.9,17.5,1,3.6,17.1875,10.0,9.0,22.0,1.0,30,3.0,0,0.0
C1,975,0.843222663187408,17.9,17.6,1,1.6,17.1875,5.0,4.0,22.0,1.0,30,2.0,1,0.0
C1,976,0.8517640347262774,17.9,17.5,1,3.6,17.1875,13.0,9.0,22.0,1.0,30,2.0,0,0.0
C1,977,0.8517640347262774,17.8,17.5,1,3.6,17.1875,11.0,9.0,22.0,1.0,30,3.0,0,0.0
C1,978,0.5765839711106497,50.0,17.8,1,0.8,17.1875,1.0,2.0,22.0,1.0,30,2.0,0,0.0
C1,979,0.5765839711106497,50.0,17.6,1,0.8,17.1875,2.0,2.0,22.0,1.0,30,2.0,2,0.0
C1,980,0.843222663187408,18.0,17.6,1,1.6,17.1875,11.0,4.0,22.0,1.0,30,1.0,2,0.0
C1,981,0.8517640347262774,17.8,17.3,1,3.6,17.1875,14.0,9.0,22.0,1.0,30,2.0,1,0.0
C1,982,0.5783284365275949,50.0,17.4,1,1.2,17.1875,3.0,3.0,22.0,1.0,30,3.0,0,0.0
C1,983,0.8466688412521486,17.8,17.5,1,2.4,17.1875,10.0,6.0,22.0,1.0,30,2.0,0,0.0
C1,984,0.5765839711106497,50.0,17.7,1,0.8,17.1875,2.0,2.0,22.0,1.0,30,3.0,2,0.0
C1,985,0.5783284365275949,50.0,17.5,1,1.2,17.1875,3.0,3.0,22.0,1.0,30,3.0,1,0.0
C1,986,0.6566551264802722,32.599999999999994,26.200000000000003,1,4.4,17.1875,23.0,11.0,22.0,1.0,50,2.0,2,0.0
C1,987,0.758951238880883,17.8,17.6,1,2.4,17.1875,7.0,6.0,22.0,1.0,50,2.0,0,0.0
C1,988,0.4894065094559651,50.0,17.3,1,0.8,17.1875,5.0,2.0,22.0,1.0,50,1.0,0,0.0
C1,989,0.757337347487159,18.1,17.6,1,2.0,17.1875,9.0,5.0,22.0,1.0,50,2.0,0,0.0
C1,990,0.4894065094559651,50.0,17.4,1,0.8,17.1875,2.0,2.0,22.0,1.0,50,1.0,0,0.0
C1,991,0.7622119447177791,17.7,17.3,1,3.2,17.1875,13.0,8.0,22.0,1.0,50,2.0,0,0.0
C1,992,0.763858250896098,17.8,17.4,1,3.6,17.1875,14.0,9.0,22.0,1.0,50,2.0,2,0.0
C1,993,0.4909858056206518,50.0,17.3,1,1.2,17.1875,4.0,3.0,22.0,1.0,50,2.0,1,0.0
C1,994,0.758951238880883,18.0,17.5,1,2.4,17.1875,6.0,6.0,22.0,1.0,50,3.0,2,0.0
C1,995,0.7605761873560926,18.0,17.6,1,2.8,17.1875,12.0,7.0,22.0,1.0,50,2.0,0,0.0
C1,996,0.7622119447177791,17.6,17.4,1,3.2,17.1875,13.0,8.0,22.0,1.0,50,2.0,0,0.0
C1,997,0.4909858056206518,50.0,17.4,1,1.2,17.1875,4.0,3.0,22.0,1.0,50,2.0,1,0.0
C1,998,0.7605761873560926,18.2,17.7,1,2.8,17.1875,8.0,7.0,22.0,1.0,50,3.0,1,0.0
C1,999,0.843222663187408,17.9,17.6,1,1.6,17.1875,5.0,4.0,22.0,1.0,30,2.0,0,0.0
C1,1000,0.5765839711106497,50.0,17.7,1,0.8,17.1875,4.0,2.0,22.0,1.0,30,1.0,2,0.0
C1,1001,0.7503743499853144,32.5,26.0,1,5.6,17.1875,27.0,14.0,22.0,1.0,30,2.0,0,0.0
C1,1002,0.580064768450566,50.0,17.3,1,1.6,17.1875,3.0,4.0,22.0,1.0,30,3.0,1,0.0
C1,1003,0.8632336037393085,17.6,17.3,1,6.4,17.1875,19.0,16.0,22.0,1.0,30,3.0,2,0.0
C1,1004,0.8466688412521486,18.9,17.5,1,2.4,17.1875,6.0,6.0,22.0,1.0,30,3.0,0,0.0
C1,1005,0.5783284365275949,50.0,17.5,1,1.2,17.1875,3.0,3.0,22.0,1.0,30,3.0,2,0.0
C1,1006,0.8551053220002116,18.1,17.5,1,4.4,17.1875,12.0,11.0,22.0,1.0,30,3.0,1,0.0
C1,1007,0.8500762134230411,17.7,17.5,1,3.2,17.1875,8.0,8.0,22.0,1.0,30,3.0,0,0.0
C1,1008,0.5765839711106497,50.0,17.6,1,0.8,17.1875,1.0,2.0,22.0,1.0,30,3.0,0,0.0
C1,1009,0.5765839711106497,50.0,17.5,1,0.8,17.1875,5.0,2.0,22.0,1.0,30,1.0,0,0.0
C1,1010,0.8517640347262774,17.9,17.5,1,3.6,17.1875,8.0,9.0,22.0,1.0,30,3.0,1,0.0
C1,1011,0.843222663187408,17.8,17.5,1,1.6,17.1875,15.0,4.0,22.0,1.0,30,1.0,0,0.0
C1,1012,0.7429142641056148,32.599999999999994,26.1,1,4.0,17.1875,22.0,10.0,22.0,1.0,30,2.0,0,0.0
C1,1013,0.2823422125347245,77.0,54.9,1,10.8,17.1875,60.0,27.0,22.0,1.0,30,2.0,0,0.0
C1,1014,0.2923041211578347,69.9,43.6,1,8.4,17.1875,41.0,21.0,22.0,1.0,30,2.0,2,0.0
C1,1015,0.5765839711106497,50.0,17.5,1,0.8,17.1875,3.0,2.0,22.0,1.0,30,1.0,1,0.0
C1,1016,0.27036847989494844,72.2,43.9,1,4.4,17.1875,43.0,11.0,22.0,1.0,30,1.0,2,0.0
C1,1017,0.20089544536111711,113.69999999999999,64.10000000000001,1,15.6,17.1875,67.0,39.0,22.0,1.0,30,3.0,0,0.0
C1,1018,0.5783284365275949,50.0,17.4,1,1.2,17.1875,9.0,3.0,22.0,1.0,30,1.0,0,0.0
C1,1019,0.5783284365275949,50.0,17.4,1,1.2,17.1875,9.0,3.0,22.0,1.0,30,1.0,0,0.0
C1,1020,0.643869297884172,43.7,35.1,1,3.6,17.1875,36.0,9.0,22.0,1.0,30,1.0,0,0.0
C1,1021,0.3274365833683873,54.800000000000004,43.6,1,7.2,17.1875,42.0,18.0,22.0,1.0,30,2.0,2,0.0
C1,1022,0.34109330738684984,50.2,40.4,1,7.6,17.1875,42.0,19.0,22.0,1.0,30,2.0,0,0.0
C1,1023,0.11123141948936455,133.3,78.5,1,4.8,17.1875,72.0,12.0,22.0,1.0,30,1.0,0,0.0
C1,1024,-0.05140702600621572,202.2,109.5,1,9.6,17.1875,103.0,24.0,22.0,1.0,30,1.0,1,0.0
C1,1025,0.7352197450439686,32.9,25.5,1,2.8,17.1875,26.0,7.0,22.0,1.0,30,1.0,2,0.0
C1,1026,0.6088481432476025,47.5,33.7,1,3.2,17.1875,36.0,8.0,22.0,1.0,30,1.0,0,0.0
C1,1027,0.5765839711106497,50.0,17.6,1,0.8,17.1875,5.0,2.0,22.0,1.0,30,1.0,0,0.0
C1,1028,0.8551053220002116,17.9,17.5,1,4.4,17.1875,12.0,11.0,22.0,1.0,30,3.0,1,0.0
C1,1029,0.7600406758079024,32.300000000000004,26.200000000000003,1,7.6,17.1875,25.0,19.0,22.0,1.0,30,3.0,1,0.0
C1,1030,0.841486331264437,18.0,17.4,1,1.2,17.1875,5.0,3.0,22.0,1.0,30,2.0,2,0.0
C1,1031,0.3381581820225348,59.3,43.3,1,13.6,17.1875,49.0,34.0,22.0,1.0,30,3.0,0,0.0
C1,1032,0.7565319038780778,32.7,26.200000000000003,1,7.6,17.1875,26.0,19.0,22.0,1.0,30,3.0,0,0.0
C1,1033,0.7006861961390762,17.9,17.5,1,4.8,17.1875,13.0,12.0,22.0,1.0,70,3.0,2,0.0
C1,1034,0.695856543421489,17.9,17.5,1,2.8,17.1875,12.0,7.0,22.0,1.0,70,2.0,0,0.0
C1,1035,0.4282301737168955,50.0,17.5,1,0.8,17.1875,7.0,2.0,22.0,1.0,70,1.0,0,0.0
C1,1036,0.6940263352002114,17.9,17.5,1,2.0,17.1875,16.0,5.0,22.0,1.0,70,1.0,0,0.0
C1,1037,0.6967932929551672,17.7,17.5,1,3.2,17.1875,13.0,8.0,22.0,1.0,70,2.0,2,0.0
C1,1038,0.6940263352002114,18.599999999999998,17.6,1,2.0,17.1875,6.0,5.0,22.0,1.0,70,3.0,2,0.0
C1,1039,0.4282301737168955,50.0,17.6,1,0.8,17.1875,6.0,2.0,22.0,1.0,70,1.0,2,0.0
C1,1040,0.6940263352002114,17.9,17.5,1,2.0,17.1875,7.0,5.0,22.0,1.0,70,2.0,1,0.0
C1,1041,0.16960085385526194,54.199999999999996,41.6,1,7.2,17.1875,43.0,18.0,22.0,1.0,70,2.0,0,0.0
C1,1042,0.4282301737168955,50.0,17.5,1,0.8,17.1875,6.0,2.0,22.0,1.0,70,1.0,2,0.0
C1,1043,0.6949342494879829,17.9,17.5,1,2.4,17.1875,9.0,6.0,22.0,1.0,70,2.0,0,0.0
C1,1044,0.6931327226609154,18.0,17.6,1,1.6,17.1875,5.0,4.0,22.0,1.0,70,2.0,2,0.0
C1,1045,0.6931327226609154,17.9,17.6,1,1.6,17.1875,6.0,4.0,22.0,1.0,70,2.0,1,0.0
C1,1046,0.6949342494879829,18.0,17.5,1,2.4,17.1875,19.0,6.0,22.0,1.0,70,1.0,1,0.0
C1,1047,0.6949342494879829,18.0,17.5,1,2.4,17.1875,10.0,6.0,22.0,1.0,70,2.0,0,0.0
C1,1048,0.757337347487159,17.6,17.4,1,2.0,17.1875,6.0,5.0,22.0,1.0,50,2.0,1,0.0
C1,1049,0.757337347487159,18.2,17.6,1,2.0,17.1875,8.0,5.0,22.0,1.0,50,2.0,2,0.0
C1,1050,0.757337347487159,18.0,17.6,1,2.0,17.1875,5.0,5.0,22.0,1.0,50,3.0,1,0.0
C1,1051,0.7739421805817983,17.9,17.5,1,6.0,17.1875,18.0,15.0,22.0,1.0,50,3.0,2,0.0
C1,1052,0.4909858056206518,50.0,17.6,1,1.2,17.1875,8.0,3.0,22.0,1.0,50,1.0,2,0.0
C1,1053,0.7557347567600108,19.8,17.5,1,1.6,17.1875,5.0,4.0,22.0,1.0,50,3.0,2,0.0
C1,1054,0.4894065094559651,50.0,17.5,1,0.8,17.1875,3.0,2.0,22.0,1.0,50,2.0,0,0.0
C1,1055,0.7622119447177791,17.9,17.5,1,3.2,17.1875,9.0,8.0,22.0,1.0,50,3.0,2,0.0
C1,1056,0.763858250896098,17.8,17.5,1,3.6,17.1875,15.0,9.0,22.0,1.0,50,2.0,0,0.0
C1,1057,0.7557347567600108,17.9,17.5,1,1.6,17.1875,11.0,4.0,22.0,1.0,50,1.0,1,0.0
C1,1058,0.757337347487159,17.8,17.6,1,2.0,17.1875,7.0,5.0,22.0,1.0,50,2.0,1,0.0
C1,1059,0.4909858056206518,50.0,17.6,1,1.2,17.1875,8.0,3.0,22.0,1.0,50,1.0,2,0.0
C1,1060,0.7605761873560926,18.1,17.5,1,2.8,17.1875,6.0,7.0,22.0,1.0,50,3.0,1,0.0
C1,1061,0.669435591188581,32.7,25.5,1,7.6,17.1875,25.0,19.0,22.0,1.0,50,3.0,2,0.0
C1,1062,0.4894065094559651,50.0,17.4,1,0.8,17.1875,7.0,2.0,22.0,1.0,50,1.0,2,0.0
C1,1063,0.7605761873560926,18.0,17.4,1,2.8,17.1875,9.0,7.0,22.0,1.0,50,2.0,1,0.0
C1,1064,0.757337347487159,18.0,17.5,1,2.0,17.1875,8.0,5.0,22.0,1.0,50,2.0,0,0.0
C1,1065,0.758951238880883,17.8,17.5,1,2.4,17.1875,6.0,6.0,22.0,1.0,50,3.0,0,0.0
C1,1066,0.7739421805817983,17.8,17.4,1,6.0,17.1875,16.0,15.0,22.0,1.0,50,3.0,1,0.0
C1,1067,0.7541437003574938,17.8,17.3,1,1.2,17.1875,11.0,3.0,22.0,1.0,50,1.0,1,0.0
C1,1068,0.757337347487159,18.0,17.4,1,2.0,17.1875,7.0,5.0,22.0,1.0,50,2.0,1,0.0
C1,1069,0.7605761873560926,17.8,17.4,1,2.8,17.1875,8.0,7.0,22.0,1.0,50,3.0,0,0.0
C1,1070,0.7605761873560926,18.0,17.6,1,2.8,17.1875,9.0,7.0,22.0,1.0,50,2.0,2,0.0
C1,1071,0.7655148417576507,18.0,17.5,1,4.0,17.1875,18.0,10.0,22.0,1.0,50,2.0,2,0.0
C1,1072,0.4909858056206518,50.0,17.5,1,1.2,17.1875,6.0,3.0,22.0,1.0,50,1.0,1,0.0
C1,1073,0.758951238880883,17.8,17.5,1,2.4,17.1875,10.0,6.0,22.0,1.0,50,2.0,1,0.0
C1,1074,0.4878391920465357,50.0,17.6,1,0.4,17.1875,3.0,1.0,22.0,1.0,50,1.0,0,0.0
C1,1075,0.758951238880883,17.9,17.5,1,2.4,17.1875,7.0,6.0,22.0,1.0,50,3.0,2,0.0
C1,1076,0.7655148417576507,17.7,17.5,1,4.0,17.1875,16.0,10.0,22.0,1.0,50,2.0,1,0.0
C1,1077,0.757337347487159,17.7,17.3,1,2.0,17.1875,8.0,5.0,22.0,1.0,50,2.0,0,0.0
C1,1078,0.757337347487159,17.6,17.4,1,2.0,17.1875,4.0,5.0,22.0,1.0,50,3.0,2,0.0
C1,1079,0.763858250896098,18.2,17.6,1,3.6,17.1875,10.0,9.0,22.0,1.0,50,3.0,2,0.0
C1,1080,0.4909858056206518,50.0,17.4,1,1.2,17.1875,6.0,3.0,22.0,1.0,50,1.0,2,0.0
C1,1081,0.6524547421241682,32.7,26.0,1,3.6,17.1875,20.0,9.0,22.0,1.0,50,2.0,1,0.0
C1,1082,0.7622119447177791,17.6,17.4,1,3.2,17.1875,13.0,8.0,22.0,1.0,50,2.0,0,0.0
C1,1083,0.4894065094559651,50.0,17.2,1,0.8,17.1875,6.0,2.0,22.0,1.0,50,1.0,0,0.0
C1,1084,0.757337347487159,18.2,17.6,1,2.0,17.1875,5.0,5.0,22.0,1.0,50,3.0,2,0.0
C1,1085,0.7605761873560926,17.8,17.4,1,2.8,17.1875,10.0,7.0,22.0,1.0,50,2.0,0,0.0
C1,1086,0.758951238880883,17.7,17.2,1,2.4,17.1875,15.0,6.0,22.0,1.0,50,1.0,1,0.0
C1,1087,0.758951238880883,17.8,17.3,1,2.4,17.1875,8.0,6.0,22.0,1.0,50,2.0,2,0.0
C1,1088,0.7622119447177791,17.7,17.4,1,3.2,17.1875,13.0,8.0,22.0,1.0,50,2.0,1,0.0
C1,1089,0.757337347487159,17.6,17.2,1,2.0,17.1875,5.0,5.0,22.0,1.0,50,3.0,2,0.0
C1,1090,0.758951238880883,17.8,17.5,1,2.4,17.1875,5.0,6.0,22.0,1.0,50,3.0,0,0.0
C1,1091,0.6650496262763004,33.2,26.5,1,7.6,17.1875,25.0,19.0,22.0,1.0,50,3.0,2,0.0
C1,1092,0.763858250896098,17.7,17.4,1,3.6,17.1875,15.0,9.0,22.0,1.0,50,2.0,0,0.0
C1,1093,0.7557347567600108,19.5,17.5,1,1.6,17.1875,5.0,4.0,22.0,1.0,50,3.0,1,0.0
C1,1094,0.758951238880883,18.0,17.5,1,2.4,17.1875,7.0,6.0,22.0,1.0,50,3.0,0,0.0
C1,1095,0.757337347487159,18.1,17.6,1,2.0,17.1875,6.0,5.0,22.0,1.0,50,3.0,2,0.0
C1,1096,0.7739421805817983,18.1,17.6,1,6.0,17.1875,17.0,15.0,22.0,1.0,50,3.0,2,0.0
C1,1097,0.7622119447177791,17.8,17.5,1,3.2,17.1875,8.0,8.0,22.0,1.0,50,3.0,1,0.0
C1,1098,0.4894065094559651,50.0,17.6,1,0.8,17.1875,9.0,2.0,22.0,1.0,50,1.0,1,0.0
C1,1099,0.7557347567600108,19.0,17.7,1,1.6,17.1875,5.0,4.0,22.0,1.0,50,2.0,0,0.0
C1,1100,0.7605761873560926,17.9,17.5,1,2.8,17.1875,10.0,7.0,22.0,1.0,50,2.0,2,0.0
C1,1101,0.6141667091388461,39.800000000000004,33.0,1,9.2,17.1875,35.0,23.0,22.0,1.0,50,3.0,1,0.0
C1,1102,0.49257686202316864,50.0,17.4,1,1.6,17.1875,8.0,4.0,22.0,1.0,50,1.0,2,0.0
C1,1103,0.758951238880883,17.9,17.5,1,2.4,17.1875,6.0,6.0,22.0,1.0,50,3.0,1,0.0
C1,1104,0.4894065094559651,50.0,17.6,1,0.8,17.1875,5.0,2.0,22.0,1.0,50,1.0,2,0.0
C1,1105,0.7557347567600108,17.7,17.3,1,1.6,17.1875,5.0,4.0,22.0,1.0,50,2.0,1,0.0
C1,1106,0.7756544418770237,17.8,17.4,1,6.4,17.1875,19.0,16.0,22.0,1.0,50,3.0,0,0.0
C1,1107,0.7557347567600108,17.8,17.4,1,1.6,17.1875,6.0,4.0,22.0,1.0,50,2.0,2,0.0
C1,1108,0.757337347487159,17.6,17.3,1,2.0,17.1875,8.0,5.0,22.0,1.0,50,2.0,2,0.0
C1,1109,0.7655148417576507,17.9,17.5,1,4.0,17.1875,11.0,10.0,22.0,1.0,50,3.0,2,0.0
C1,1110,0.4909858056206518,50.0,17.5,1,1.2,17.1875,7.0,3.0,22.0,1.0,50,1.0,1,0.0
C1,1111,0.655777933497816,32.7,27.400000000000002,1,4.4,17.1875,24.0,11.0,22.0,1.0,50,2.0,1,0.0
C1,1112,0.758951238880883,19.400000000000002,17.5,1,2.4,17.1875,9.0,6.0,22.0,1.0,50,2.0,0,0.0
C1,1113,0.758951238880883,17.8,17.4,1,2.4,17.1875,8.0,6.0,22.0,1.0,50,2.0,0,0.0
C1,1114,0.7605761873560926,17.9,17.5,1,2.8,17.1875,7.0,7.0,22.0,1.0,50,3.0,1,0.0
C1,1115,0.7557347567600108,18.0,17.6,1,1.6,17.1875,10.0,4.0,22.0,1.0,50,1.0,1,0.0
C1,1116,0.768857770442213,17.9,17.7,1,4.8,17.1875,19.0,12.0,22.0,1.0,50,2.0,0,0.0
C1,1117,0.763858250896098,18.1,17.6,1,3.6,17.1875,9.0,9.0,22.0,1.0,50,3.0,1,0.0
C1,1118,0.7622119447177791,18.0,17.5,1,3.2,17.1875,9.0,8.0,22.0,1.0,50,3.0,2,0.0
C1,1119,0.7655148417576507,17.8,17.5,1,4.0,17.1875,11.0,10.0,22.0,1.0,50,3.0,1,0.0
C1,1120,0.4909858056206518,50.0,17.6,1,1.2,17.1875,5.0,3.0,22.0,1.0,50,1.0,1,0.0
C1,1121,0.6475477301089532,32.7,25.9,1,2.4,17.1875,21.0,6.0,22.0,1.0,50,1.0,2,0.0
C1,1122,0.757337347487159,17.8,17.5,1,2.0,17.1875,7.0,5.0,22.0,1.0,50,2.0,2,0.0
C1,1123,0.757337347487159,18.3,17.7,1,2.0,17.1875,6.0,5.0,22.0,1.0,50,3.0,2,0.0
C1,1124,0.7622119447177791,18.0,17.6,1,3.2,17.1875,9.0,8.0,22.0,1.0,50,3.0,1,0.0
C1,1125,0.7605761873560926,17.9,17.5,1,2.8,17.1875,8.0,7.0,22.0,1.0,50,3.0,1,0.0
C1,1126,0.768857770442213,17.8,17.6,1,4.8,17.1875,13.0,12.0,22.0,1.0,50,3.0,0,0.0
C1,1127,0.7671814422697458,18.0,17.6,1,4.4,17.1875,13.0,11.0,22.0,1.0,50,3.0,0,0.0
C1,1128,0.7557347567600108,17.9,17.5,1,1.6,17.1875,12.0,4.0,22.0,1.0,50,1.0,1,0.0
C1,1129,0.757337347487159,18.1,17.5,1,2.0,17.1875,9.0,5.0,22.0,1.0,50,2.0,0,0.0
C1,1130,0.757337347487159,18.3,17.5,1,2.0,17.1875,8.0,5.0,22.0,1.0,50,2.0,1,0.0
C1,1131,0.7722384402787341,17.9,17.6,1,5.6,17.1875,16.0,14.0,22.0,1.0,50,3.0,1,0.0
C1,1132,0.7605761873560926,17.8,17.5,1,2.8,17.1875,10.0,7.0,22.0,1.0,50,2.0,2,0.0
C1,1133,0.7622119447177791,18.1,17.6,1,3.2,17.1875,9.0,8.0,22.0,1.0,50,3.0,2,0.0
C1,1134,0.758951238880883,17.8,17.4,1,2.4,17.1875,6.0,6.0,22.0,1.0,50,3.0,0,0.0
C1,1135,0.4909858056206518,50.0,17.5,1,1.2,17.1875,8.0,3.0,22.0,1.0,50,1.0,0,0.0
C1,1136,0.770543534362421,17.7,17.4,1,5.2,17.1875,15.0,13.0,22.0,1.0,50,3.0,1,0.0
C1,1137,0.4894065094559651,50.0,17.4,1,0.8,17.1875,8.0,2.0,22.0,1.0,50,1.0,1,0.0
C1,1138,0.757337347487159,18.0,17.5,1,2.0,17.1875,7.0,5.0,22.0,1.0,50,2.0,2,0.0
C1,1139,0.758951238880883,17.9,17.5,1,2.4,17.1875,9.0,6.0,22.0,1.0,50,2.0,0,0.0
C1,1140,0.7557347567600108,18.3,17.8,1,1.6,17.1875,5.0,4.0,22.0,1.0,50,2.0,1,0.0
C1,1141,0.5747068727379832,44.5,34.0,1,9.6,17.1875,33.0,24.0,22.0,1.0,50,3.0,1,0.0
C1,1142,0.758951238880883,17.8,17.5,1,2.4,17.1875,12.0,6.0,22.0,1.0,50,2.0,0,0.0
C1,1143,0.7557347567600108,17.9,17.6,1,1.6,17.1875,12.0,4.0,22.0,1.0,50,1.0,1,0.0
C1,1144,0.758951238880883,17.8,17.4,1,2.4,17.1875,8.0,6.0,22.0,1.0,50,3.0,2,0.0
C1,1145,0.6940263352002114,17.6,17.3,1,2.0,17.1875,7.0,5.0,22.0,1.0,70,2.0,0,0.0
C1,1146,0.6940263352002114,17.7,17.4,1,2.0,17.1875,16.0,5.0,22.0,1.0,70,1.0,0,0.0
C1,1147,0.6949342494879829,17.6,17.3,1,2.4,17.1875,10.0,6.0,22.0,1.0,70,2.0,2,0.0
C1,1148,0.6987104359868719,17.8,17.4,1,4.0,17.1875,16.0,10.0,22.0,1.0,70,2.0,1,0.0
C1,1149,0.695856543421489,17.8,17.4,1,2.8,17.1875,8.0,7.0,22.0,1.0,70,3.0,0,0.0
C1,1150,0.4282301737168955,50.0,17.2,1,0.8,17.1875,5.0,2.0,22.0,1.0,70,1.0,1,0.0
C1,1151,0.5835000194107378,32.599999999999994,25.6,1,2.0,17.1875,24.0,5.0,22.0,1.0,70,1.0,2,0.0
C1,1152,0.6967932929551672,17.8,17.4,1,3.2,17.1875,13.0,8.0,22.0,1.0,70,2.0,0,0.0
C1,1153,0.695856543421489,17.6,17.3,1,2.8,17.1875,8.0,7.0,22.0,1.0,70,3.0,0,0.0
C1,1154,0.6931327226609154,17.7,17.4,1,1.6,17.1875,8.0,4.0,22.0,1.0,70,2.0,2,0.0
C1,1155,0.6940263352002114,18.2,17.5,1,2.0,17.1875,6.0,5.0,22.0,1.0,70,3.0,0,0.0
C1,1156,0.7006861961390762,17.6,17.3,1,4.8,17.1875,14.0,12.0,22.0,1.0,70,3.0,2,0.0
C1,1157,0.6977445678438781,17.6,17.3,1,3.6,17.1875,11.0,9.0,22.0,1.0,70,3.0,1,0.0
C1,1158,0.692253329144211,17.7,17.4,1,1.2,17.1875,10.0,3.0,22.0,1.0,70,1.0,1,0.0
C1,1159,0.6931327226609154,18.1,17.4,1,1.6,17.1875,11.0,4.0,22.0,1.0,70,1.0,2,0.0
C1,1160,0.10268113633454937,80.9,44.2,1,8.4,17.1875,45.0,21.0,22.0,1.0,70,2.0,2,0.0
C1,1161,0.5097178312321373,43.4,34.0,1,10.0,17.1875,32.0,25.0,22.0,1.0,70,3.0,1,0.0
C1,1162,0.6967932929551672,17.9,17.5,1,3.2,17.1875,14.0,8.0,22.0,1.0,70,2.0,1,0.0
C1,1163,0.6977445678438781,17.6,17.3,1,3.6,17.1875,15.0,9.0,22.0,1.0,70,2.0,1,0.0
C1,1164,0.695856543421489,17.7,17.5,1,2.8,17.1875,12.0,7.0,22.0,1.0,70,2.0,2,0.0
C1,1165,0.6931327226609154,17.9,17.4,1,1.6,17.1875,13.0,4.0,22.0,1.0,70,1.0,2,0.0
C1,1166,0.16126990672581237,54.6,39.699999999999996,1,4.4,17.1875,45.0,11.0,22.0,1.0,70,1.0,2,0.0
C1,1167,-0.051003074191766445,139.3,85.4,1,8.4,17.1875,88.0,21.0,22.0,1.0,70,1.0,1,0.0
C1,1168,0.15884409087591847,55.9,42.6,1,4.8,17.1875,49.0,12.0,22.0,1.0,70,1.0,0,0.0
C1,1169,0.6940263352002114,17.9,17.4,1,2.0,17.1875,15.0,5.0,22.0,1.0,70,1.0,2,0.0
C1,1170,0.6940263352002114,17.7,17.4,1,2.0,17.1875,13.0,5.0,22.0,1.0,70,1.0,0,0.0
C1,1171,0.6001740065663335,32.300000000000004,24.8,1,7.6,17.1875,27.0,19.0,22.0,1.0,70,3.0,2,0.0
C1,1172,0.7027210189426429,17.8,17.5,1,5.6,17.1875,16.0,14.0,22.0,1.0,70,3.0,1,0.0
C1,1173,0.5362168400312688,39.1,32.9,1,6.0,17.1875,30.0,15.0,22.0,1.0,70,2.0,0,0.0
C1,1174,-0.03518471940814727,131.20000000000002,73.6,1,6.4,17.1875,73.0,16.0,22.0,1.0,70,1.0,0,0.0
C1,1175,0.0716805408039296,99.8,56.0,1,14.4,17.1875,58.0,36.0,22.0,1.0,70,3.0,0,0.0
C1,1176,0.013022704170370283,124.2,76.1,1,16.0,17.1875,75.0,40.0,22.0,1.0,70,3.0,1,0.0
C1,1177,0.14248140994914116,61.0,42.6,1,3.6,17.1875,46.0,9.0,22.0,1.0,70,1.0,0,0.0
C1,1178,0.4924073280428866,43.3,33.2,1,3.2,17.1875,36.0,8.0,22.0,1.0,70,1.0,1,0.0
C1,1179,0.4951129888965095,43.1,35.4,1,3.6,17.1875,33.0,9.0,22.0,1.0,70,1.0,0,0.0
C1,1180,0.4595909356698505,47.6,35.0,1,5.2,17.1875,34.0,13.0,22.0,1.0,70,2.0,2,0.0
C1,1181,0.08811234500119436,118.6,64.69999999999999,1,10.8,17.1875,61.0,27.0,22.0,1.0,50,2.0,1,0.0
C1,1182,0.558951238880883,42.8,33.0,1,2.4,17.1875,30.0,6.0,22.0,1.0,50,1.0,1,0.0
C1,1183,0.5491726785841629,44.1,33.099999999999994,1,2.8,17.1875,38.0,7.0,22.0,1.0,50,1.0,2,0.0
C1,1184,0.6290235818440939,45.199999999999996,32.800000000000004,1,3.2,17.1875,32.0,8.0,22.0,1.0,30,1.0,1,0.0
C1,1185,0.6333429820946983,44.900000000000006,32.300000000000004,1,3.6,17.1875,37.0,9.0,22.0,1.0,30,1.0,1,0.0
C1,1186,0.6494971570028583,44.0,34.5,1,5.6,17.1875,38.0,14.0,22.0,1.0,30,2.0,2,0.0
C1,1187,0.6482552627964526,43.2,31.3,1,3.6,17.1875,32.0,9.0,22.0,1.0,30,1.0,0,0.0
C1,1188,0.6484778559517228,44.3,33.5,1,6.0,17.1875,31.0,15.0,22.0,1.0,30,2.0,1,0.0
C1,1189,0.49978639949244413,44.0,33.8,1,8.4,17.1875,30.0,21.0,22.0,1.0,70,3.0,1,0.0
C1,1190,0.5830242926907246,33.300000000000004,27.0,1,4.4,17.1875,23.0,11.0,22.0,1.0,70,2.0,1,0.0
C1,1191,0.5117996302948562,43.3,32.599999999999994,1,10.4,17.1875,38.0,26.0,22.0,1.0,70,3.0,1,0.0
C1,1192,0.7037606996803916,17.8,17.5,1,6.0,17.1875,17.0,15.0,22.0,1.0,70,3.0,2,0.0
C1,1193,0.5870846135969274,32.4,25.2,1,2.8,17.1875,20.0,7.0,22.0,1.0,70,1.0,0,0.0
C1,1194,0.6996909593573912,17.8,17.4,1,4.4,17.1875,19.0,11.0,22.0,1.0,70,2.0,2,0.0
C1,1195,0.5855525412500298,32.9,26.700000000000003,1,4.0,17.1875,20.0,10.0,22.0,1.0,70,2.0,1,0.0
C1,1196,0.5818214557021906,33.0,26.700000000000003,1,2.8,17.1875,28.0,7.0,22.0,1.0,70,1.0,2,0.0
C1,1197,0.60041128964444,32.4,25.8,1,8.0,17.1875,25.0,20.0,22.0,1.0,70,3.0,0,0.0
C1,1198,0.593234383890918,32.599999999999994,25.8,1,6.0,17.1875,20.0,15.0,22.0,1.0,70,3.0,1,0.0
C1,1199,0.592791459296971,32.300000000000004,24.7,1,4.8,17.1875,21.0,12.0,22.0,1.0,70,2.0,0,0.0
C1,1200,0.6510565020387777,32.300000000000004,26.200000000000003,1,2.4,17.1875,20.0,6.0,22.0,1.0,50,1.0,0,0.0
C1,1201,0.5870067782569426,43.3,32.7,1,10.0,17.1875,36.0,25.0,22.0,1.0,50,3.0,0,0.0
C1,1202,0.665170250757237,32.4,25.3,1,6.0,17.1875,21.0,15.0,22.0,1.0,50,3.0,2,0.0
C1,1203,0.6634665104541728,32.4,26.3,1,5.6,17.1875,24.0,14.0,22.0,1.0,50,2.0,2,0.0
C1,1204,0.757337347487159,18.4,17.5,1,2.0,17.1875,18.0,5.0,22.0,1.0,50,1.0,0,0.0
C1,1205,0.6584095124451845,32.4,25.3,1,4.4,17.1875,23.0,11.0,22.0,1.0,50,2.0,2,0.0
C1,1206,0.5957933441440408,38.6,33.2,1,2.4,17.1875,30.0,6.0,22.0,1.0,50,1.0,2,0.0
C1,1207,0.7722384402787341,17.6,17.3,1,5.6,17.1875,15.0,14.0,22.0,1.0,50,3.0,2,0.0
C1,1208,0.6513919685855354,33.2,26.8,1,4.4,17.1875,22.0,11.0,22.0,1.0,50,2.0,2,0.0
C1,1209,0.647970982108528,33.4,27.0,1,4.0,17.1875,23.0,10.0,22.0,1.0,50,2.0,0,0.0
C1,1210,0.758951238880883,18.0,17.6,1,2.4,17.1875,10.0,6.0,22.0,1.0,50,2.0,2,0.0
C1,1211,0.5607842858449563,44.3,34.3,1,6.0,17.1875,32.0,15.0,22.0,1.0,50,2.0,0,0.0
C1,1212,0.770543534362421,17.8,17.5,1,5.2,17.1875,15.0,13.0,22.0,1.0,50,3.0,0,0.0
C1,1213,0.7722384402787341,17.7,17.4,1,5.6,17.1875,15.0,14.0,22.0,1.0,50,3.0,1,0.0
C1,1214,0.7739421805817983,17.9,17.6,1,6.0,17.1875,17.0,15.0,22.0,1.0,50,3.0,0,0.0
C1,1215,0.770543534362421,18.0,17.7,1,5.2,17.1875,14.0,13.0,22.0,1.0,50,3.0,2,0.0
C1,1216,0.6599070928624999,33.0,26.3,1,6.0,17.1875,22.0,15.0,22.0,1.0,50,3.0,1,0.0
C1,1217,0.6591400255904911,32.7,26.4,1,5.2,17.1875,24.0,13.0,22.0,1.0,50,2.0,2,0.0
C1,1218,0.7557347567600108,18.4,17.6,1,1.6,17.1875,13.0,4.0,22.0,1.0,50,1.0,2,0.0
C1,1219,0.7722384402787341,17.9,17.6,1,5.6,17.1875,13.0,14.0,22.0,1.0,50,3.0,0,0.0
C1,1220,0.758951238880883,18.1,17.6,1,2.4,17.1875,19.0,6.0,22.0,1.0,50,1.0,1,0.0
C1,1221,0.6437908920862001,33.5,25.8,1,3.2,17.1875,24.0,8.0,22.0,1.0,50,1.0,1,0.0
C1,1222,0.7605761873560926,18.0,17.5,1,2.8,17.1875,11.0,7.0,22.0,1.0,50,2.0,0,0.0
C1,1223,0.6914254775581583,20.400000000000002,17.8,1,2.4,17.1875,16.0,6.0,22.0,1.0,70,1.0,2,0.0
C1,1224,0.6940263352002114,18.3,17.6,1,2.0,17.1875,9.0,5.0,22.0,1.0,70,2.0,2,0.0
C1,1225,0.6940263352002114,18.8,17.9,1,2.0,17.1875,7.0,5.0,22.0,1.0,70,2.0,0,0.0
C1,1226,0.5765131968564039,33.5,26.5,1,2.4,17.1875,23.0,6.0,22.0,1.0,70,1.0,1,0.0
C1,1227,0.5060016771933427,44.1,32.599999999999994,1,10.8,17.1875,39.0,27.0,22.0,1.0,70,3.0,0,0.0
C1,1228,0.6940263352002114,18.2,17.4,1,2.0,17.1875,17.0,5.0,22.0,1.0,70,1.0,0,0.0
C1,1229,-0.03177711972176178,138.6,82.10000000000001,1,14.0,17.1875,88.0,35.0,22.0,1.0,70,2.0,1,0.0
C1,1230,-0.0770519811243291,162.89999999999998,96.8,1,19.2,17.1875,125.0,48.0,22.0,1.0,70,2.0,0,0.0
C1,1231,-0.18928432211324647,204.4,109.0,1,18.4,17.1875,121.0,46.0,22.0,1.0,70,2.0,0,0.0
C1,1232,-0.18245757238103483,188.4,104.1,1,7.6,17.1875,118.0,19.0,22.0,1.0,70,1.0,1,0.0
C1,1233,-0.15408255898752438,187.70000000000002,105.80000000000001,1,16.0,17.1875,113.0,40.0,22.0,1.0,70,2.0,2,0.0
C1,1234,-0.16954748000798325,196.9,107.7,1,18.4,17.1875,112.0,46.0,22.0,1.0,70,2.0,1,0.0
C1,1235,-0.16725365331665892,194.89999999999998,107.80000000000001,1,17.6,17.1875,131.0,44.0,22.0,1.0,70,2.0,2,0.0
C1,1236,-0.11220674703185282,199.5,110.2,1,33.6,17.1875,134.0,84.0,22.0,1.0,70,3.0,0,0.0
C1,1237,0.03976306756581932,100.4,47.7,1,4.0,17.1875,49.0,10.0,22.0,1.0,70,1.0,1,0.0
C1,1238,0.03643304093300839,102.8,59.3,1,5.2,17.1875,58.0,13.0,22.0,1.0,70,1.0,2,0.0
C1,1239,0.03353582036755151,118.6,67.3,1,17.6,17.1875,69.0,44.0,22.0,1.0,70,3.0,2,0.0
C1,1240,0.4906028049435495,44.3,33.9,1,6.0,17.1875,30.0,15.0,22.0,1.0,70,2.0,1,0.0
C1,1241,-0.10553150362872796,184.2,103.8,1,26.0,17.1875,119.0,65.0,22.0,1.0,70,3.0,0,0.0
C1,1242,-0.09829952709009962,185.4,103.7,1,28.4,17.1875,125.0,71.0,22.0,1.0,70,3.0,1,0.0
C1,1243,-0.14048955087683274,176.0,98.8,1,10.8,17.1875,134.0,27.0,22.0,1.0,70,1.0,0,0.0
C1,1244,0.5318308751189881,39.6,31.099999999999998,1,6.0,17.1875,33.0,15.0,22.0,1.0,70,2.0,0,0.0
C1,1245,0.11819323164517474,80.60000000000001,56.0,1,13.2,17.1875,60.0,33.0,22.0,1.0,70,3.0,1,0.0
C1,1246,-0.1181514168696901,190.29999999999998,108.5,1,26.8,17.1875,108.0,67.0,22.0,1.0,70,3.0,0,0.0
C1,1247,0.06037033363894714,98.3,56.2,1,9.6,17.1875,56.0,24.0,22.0,1.0,70,2.0,2,0.0
C1,1248,0.13249559069736722,68.3,44.4,1,7.2,17.1875,41.0,18.0,22.0,1.0,70,2.0,0,0.0
C1,1249,0.06957527764603488,100.6,56.4,1,14.4,17.1875,54.0,36.0,22.0,1.0,70,3.0,1,0.0
C1,1250,-0.13367773265916388,196.20000000000002,105.89999999999999,1,26.8,17.1875,127.0,67.0,22.0,1.0,70,3.0,0,0.0
C1,1251,-0.12219486514477854,188.6,101.8,1,24.8,17.1875,106.0,62.0,22.0,1.0,70,3.0,2,0.0
C1,1252,-0.13503402736309827,182.10000000000002,107.30000000000001,1,17.2,17.1875,105.0,43.0,22.0,1.0,70,2.0,2,0.0
C1,1253,-0.2126270936106009,215.0,121.80000000000001,1,19.6,17.1875,100.0,49.0,22.0,1.0,70,3.0,2,0.0
C1,1254,-0.19160651440915716,202.5,111.3,1,16.4,17.1875,104.0,41.0,22.0,1.0,70,2.0,1,0.0
C1,1255,-0.15276756719736956,176.7,98.0,1,7.2,17.1875,108.0,18.0,22.0,1.0,70,1.0,1,0.0
C1,1256,-0.20176561610908206,194.1,104.0,1,6.0,17.1875,110.0,15.0,22.0,1.0,70,1.0,0,0.0
C1,1257,-0.1733271375443226,196.1,103.2,1,16.8,17.1875,118.0,42.0,22.0,1.0,70,2.0,2,0.0
C1,1258,-0.14971961950212198,199.7,108.10000000000001,1,25.2,17.1875,103.0,63.0,22.0,1.0,70,3.0,2,0.0
C1,1259,-0.10615296491962065,193.1,107.30000000000001,1,31.2,17.1875,132.0,78.0,22.0,1.0,70,3.0,0,0.0
C1,1260,-0.11719486514477848,186.70000000000002,105.39999999999999,1,24.8,17.1875,105.0,62.0,22.0,1.0,70,3.0,1,0.0
C1,1261,-0.16875800632377286,196.6,107.0,1,18.4,17.1875,115.0,46.0,22.0,1.0,70,2.0,2,0.0
C1,1262,-0.11531257946490886,191.20000000000002,106.0,1,28.0,17.1875,114.0,70.0,22.0,1.0,70,3.0,0,0.0
C1,1263,-0.14027793762907875,174.1,98.6,1,9.2,17.1875,127.0,23.0,22.0,1.0,70,1.0,2,0.0
C1,1264,-0.03721580817156228,141.7,87.8,1,14.8,17.1875,89.0,37.0,22.0,1.0,70,2.0,1,0.0
C1,1265,-0.14354275709259484,174.9,103.0,1,8.8,17.1875,119.0,22.0,22.0,1.0,70,1.0,2,0.0
C1,1266,-0.06205539450664982,162.6,94.3,1,22.8,17.1875,99.0,57.0,22.0,1.0,70,3.0,0,0.0
C1,1267,-0.15060286135301482,162.20000000000002,96.10000000000001,1,8.4,17.1875,94.0,21.0,22.0,1.0,90,1.0,0,0.0
C1,1268,0.030702612236066698,97.0,64.4,1,15.2,17.1875,60.0,38.0,22.0,1.0,90,3.0,2,0.0
C1,1269,0.6691397954190959,17.9,17.5,1,6.8,17.1875,19.0,17.0,22.0,1.0,90,3.0,0,0.0
C1,1270,-0.24730342312134468,202.9,111.4,1,15.6,17.1875,105.0,39.0,22.0,1.0,90,2.0,0,0.0
C1,1271,-0.23148362735439648,206.2,109.89999999999999,1,26.8,17.96875,160.0,67.0,23.0,1.0,90,2.0,2,0.0
C1,1272,-0.20885658061481316,185.5,108.0,1,10.8,17.1875,140.0,27.0,22.0,1.0,90,1.0,0,0.0
C1,1273,-0.22709491681176586,196.3,109.7,1,17.2,17.1875,108.0,43.0,22.0,1.0,90,2.0,2,0.0
C1,1274,-0.23029981230361157,197.8,106.2,1,17.6,17.1875,111.0,44.0,22.0,1.0,90,2.0,1,0.0
C1,1275,-0.23062422877037053,198.8,107.89999999999999,1,18.8,17.1875,124.0,47.0,22.0,1.0,90,2.0,2,0.0
C1,1276,-0.2097263074896898,192.1,104.5,1,20.4,17.1875,117.0,51.0,22.0,1.0,90,2.0,1,0.0
C1,1277,-0.19335060900081935,183.2,98.9,1,16.8,17.1875,91.0,42.0,22.0,1.0,90,2.0,1,0.0
C1,1278,-0.22177166163239836,194.0,109.2,1,16.8,17.1875,108.0,42.0,22.0,1.0,90,2.0,2,0.0
C1,1279,-0.18731886366545064,191.1,105.89999999999999,1,28.4,17.1875,124.0,71.0,22.0,1.0,90,3.0,2,0.0
C1,1280,-0.22071903005345095,193.6,105.2,1,16.8,17.1875,115.0,42.0,22.0,1.0,90,2.0,1,0.0
C1,1281,-0.26301348202531266,205.1,112.0,1,8.8,17.1875,123.0,22.0,22.0,1.0,90,1.0,2,0.0
C1,1282,-0.013981055034203105,114.5,64.0,1,16.0,17.1875,64.0,40.0,22.0,1.0,90,3.0,1,0.0
C1,1283,-0.25208442261702074,199.9,112.3,1,6.4,17.1875,115.0,16.0,22.0,1.0,90,1.0,0,0.0
C1,1284,0.5542990289614085,32.9,26.8,1,5.2,17.1875,27.0,13.0,22.0,1.0,90,2.0,1,0.0
C1,1285,-0.035617211775074764,124.39999999999999,74.0,1,18.4,17.1875,73.0,46.0,22.0,1.0,90,3.0,1,0.0
C1,1286,-0.006250791542397355,111.3,65.4,1,15.6,17.1875,63.0,39.0,22.0,1.0,90,3.0,2,0.0
C1,1287,0.41142830380749745,49.7,40.4,1,9.2,17.1875,41.0,23.0,22.0,1.0,90,3.0,1,0.0
C1,1288,0.6659183675801024,17.8,17.4,1,3.6,17.1875,16.0,9.0,22.0,1.0,90,2.0,0,0.0
C1,1289,-0.004408686279239488,110.60000000000001,66.0,1,15.6,17.1875,68.0,39.0,22.0,1.0,90,3.0,1,0.0
C1,1290,-0.0621362424143197,127.40000000000002,80.0,1,5.6,17.1875,80.0,14.0,22.0,1.0,90,1.0,0,0.0
C1,1291,-0.15046801184240438,165.1,97.0,1,14.0,17.1875,94.0,35.0,22.0,1.0,90,2.0,1,0.0
C1,1292,0.5527808976954618,32.7,24.5,1,1.6,17.1875,20.0,4.0,22.0,1.0,90,1.0,2,0.0
C1,1293,-0.11217101476078564,156.70000000000002,93.2,1,22.4,17.1875,96.0,56.0,22.0,1.0,90,3.0,0,0.0
C1,1294,0.6670591094997571,17.7,17.3,1,4.8,17.1875,13.0,12.0,22.0,1.0,90,3.0,1,0.0
C1,1295,0.5551047076997977,33.0,26.9,1,6.8,17.1875,22.0,17.0,22.0,1.0,90,3.0,0,0.0
C1,1296,0.09929902896140848,65.9,45.6,1,5.2,17.1875,50.0,13.0,22.0,1.0,90,1.0,0,0.0
C1,1297,0.015575530390729522,101.3,66.19999999999999,1,12.8,17.1875,70.0,32.0,22.0,1.0,90,2.0,2,0.0
C1,1298,-0.0857525454516887,141.0,82.60000000000001,1,14.8,17.1875,85.0,37.0,22.0,1.0,90,2.0,2,0.0
C1,1299,-0.21719664190820392,194.0,105.6,1,19.2,17.1875,121.0,48.0,22.0,1.0,90,2.0,1,0.0
C1,1300,-0.22666809737721405,205.2,111.4,1,27.6,17.1875,163.0,69.0,22.0,1.0,90,2.0,1,0.0
C1,1301,-0.21206833492537303,189.0,107.80000000000001,1,14.8,17.1875,193.0,37.0,22.0,1.0,90,1.0,0,0.0
C1,1302,-0.22741723167261713,201.2,109.3,1,23.2,17.1875,153.0,58.0,22.0,1.0,90,2.0,2,0.0
C1,1303,-0.06122588946115534,195.0,106.2,1,62.4,17.1875,406.0,156.0,22.0,1.0,90,2.0,1,0.0
C1,1304,-0.07893683380547925,142.4,85.9,1,20.4,17.1875,81.0,51.0,22.0,1.0,90,3.0,2,0.0
C1,1305,-0.22977349651413798,197.6,104.89999999999999,1,17.6,17.1875,115.0,44.0,22.0,1.0,90,2.0,2,0.0
C1,1306,-0.23022496569540812,192.1,105.1,1,7.6,17.1875,104.0,19.0,22.0,1.0,90,1.0,2,0.0
C1,1307,-0.22194538519870416,200.6,107.0,1,24.8,17.1875,107.0,62.0,22.0,1.0,90,3.0,0,0.0
C1,1308,0.12067072850100312,59.3,42.2,1,8.8,17.1875,49.0,22.0,22.0,1.0,90,2.0,1,0.0
C1,1309,-0.2015293899812401,196.5,106.6,1,28.4,17.1875,117.0,71.0,22.0,1.0,90,3.0,2,0.0
C1,1310,-0.24037824824334103,204.4,112.9,1,21.2,17.1875,129.0,53.0,22.0,1.0,90,2.0,2,0.0
C1,1311,-0.19489840008132714,201.1,107.89999999999999,1,34.4,17.1875,143.0,86.0,22.0,1.0,90,3.0,0,0.0
C1,1312,-0.2399199439453626,197.1,113.9,1,10.4,17.1875,125.0,26.0,22.0,1.0,90,1.0,2,0.0
C1,1313,-0.24806710693060258,200.4,108.5,1,10.8,17.1875,116.0,27.0,22.0,1.0,90,1.0,1,0.0
C1,1314,-0.23453943581341724,203.2,117.2,1,22.4,17.1875,100.0,56.0,22.0,1.0,90,3.0,0,0.0
C1,1315,-0.23725589304438793,196.5,109.60000000000001,1,11.2,17.1875,125.0,28.0,22.0,1.0,90,1.0,1,0.0
C1,1316,-0.2048519324538673,190.89999999999998,106.80000000000001,1,21.2,17.1875,121.0,53.0,22.0,1.0,90,2.0,0,0.0
C1,1317,-0.19004881061998563,187.0,105.5,1,23.2,17.1875,107.0,58.0,22.0,1.0,90,3.0,2,0.0
C1,1318,-0.15120534584508916,161.89999999999998,88.8,1,7.2,17.1875,97.0,18.0,22.0,1.0,90,1.0,2,0.0
C1,1319,-0.22992955636924045,197.1,105.0,1,16.8,17.1875,114.0,42.0,22.0,1.0,90,2.0,2,0.0
C1,1320,0.04382962958529413,89.89999999999999,52.8,1,11.6,17.1875,52.0,29.0,22.0,1.0,90,3.0,2,0.0
C1,1321,-0.12361714245113012,161.39999999999998,92.7,1,22.8,17.1875,96.0,57.0,22.0,1.0,90,3.0,0,0.0
C1,1322,0.11879465415491074,59.3,43.4,1,7.2,17.1875,45.0,18.0,22.0,1.0,90,2.0,0,0.0
C1,1323,-0.21996307176747826,192.0,107.6,1,14.8,17.1875,106.0,37.0,22.0,1.0,90,2.0,0,0.0
C1,1324,-0.23541380145566032,194.8,108.2,1,9.2,17.1875,114.0,23.0,22.0,1.0,90,1.0,0,0.0
C1,1325,0.5622041561908449,32.4,25.5,1,8.4,17.1875,29.0,21.0,22.0,1.0,90,3.0,0,0.0
C1,1326,0.09455387906402625,69.8,45.1,1,10.0,17.1875,41.0,25.0,22.0,1.0,90,3.0,1,0.0
C1,1327,-0.1337499621292067,164.89999999999998,94.10000000000001,1,22.4,17.1875,97.0,56.0,22.0,1.0,90,3.0,2,0.0
C1,1328,-0.187777482957101,188.0,104.2,1,25.2,17.1875,109.0,63.0,22.0,1.0,90,3.0,1,0.0
C1,1329,-0.004656647251763207,107.5,61.6,1,10.0,17.1875,61.0,25.0,22.0,1.0,90,2.0,1,0.0
C1,1330,-0.21169403771702533,193.5,107.39999999999999,1,21.2,17.1875,101.0,53.0,22.0,1.0,90,3.0,1,0.0
C1,1331,-0.11401312002394356,157.4,94.60000000000001,1,22.4,17.1875,99.0,56.0,22.0,1.0,90,3.0,2,0.0
C1,1332,0.6674569236982506,17.8,17.5,1,5.2,17.1875,14.0,13.0,22.0,1.0,90,3.0,1,0.0
C1,1333,-0.0214877222436555,111.5,63.2,1,4.4,17.1875,62.0,11.0,22.0,1.0,90,1.0,2,0.0
C1,1334,-0.21767594786660288,190.4,103.8,1,13.6,17.1875,115.0,34.0,22.0,1.0,90,2.0,1,0.0
C1,1335,-0.2588369247924576,202.8,110.9,1,7.2,17.1875,115.0,18.0,22.0,1.0,90,1.0,1,0.0
C1,1336,-0.05603310431543787,195.6,107.6,1,64.0,17.1875,423.0,160.0,22.0,1.0,90,2.0,1,0.0
C1,1337,-0.17136167339918945,181.0,102.9,1,24.4,17.1875,161.0,61.0,22.0,1.0,90,2.0,2,0.0
C1,1338,-0.17019817235334073,191.20000000000002,105.5,1,34.0,17.1875,141.0,85.0,22.0,1.0,90,3.0,0,0.0
C1,1339,-0.1931830660201857,186.79999999999998,105.2,1,21.6,17.1875,103.0,54.0,22.0,1.0,90,3.0,0,0.0
C1,1340,0.04897627187799872,84.3,44.699999999999996,1,3.2,17.1875,40.0,8.0,22.0,1.0,90,1.0,0,0.0
C1,1341,-0.17530904182024204,182.5,102.0,1,24.4,17.1875,104.0,61.0,22.0,1.0,90,3.0,2,0.0
C1,1342,0.5489815070107815,33.6,26.9,1,6.0,17.1875,28.0,15.0,22.0,1.0,90,2.0,2,0.0
C1,1343,0.5006940911423567,39.699999999999996,33.6,1,10.4,17.1875,38.0,26.0,22.0,1.0,90,3.0,0,0.0
C1,1344,-0.008077699883342143,108.8,60.400000000000006,1,10.0,17.1875,68.0,25.0,22.0,1.0,90,2.0,0,0.0
C1,1345,-0.039989653653871166,125.2,75.0,1,17.2,17.1875,75.0,43.0,22.0,1.0,90,3.0,0,0.0
C1,1346,-0.001172262990156936,109.89999999999999,64.5,1,16.4,17.1875,69.0,41.0,22.0,1.0,90,3.0,1,0.0
C1,1347,0.4546718471373669,44.5,34.0,1,7.2,17.1875,36.0,18.0,22.0,1.0,90,2.0,1,0.0
C1,1348,-0.06535453664504601,136.3,82.0,1,19.2,17.1875,81.0,48.0,22.0,1.0,90,3.0,0,0.0
C1,1349,-0.03351194861718004,123.60000000000001,74.89999999999999,1,18.4,17.1875,76.0,46.0,22.0,1.0,90,3.0,0,0.0
C1,1350,0.5464326804662528,33.5,24.8,1,2.4,17.1875,23.0,6.0,22.0,1.0,90,1.0,1,0.0
C1,1351,-0.06787389630123136,129.89999999999998,87.1,1,6.4,17.1875,86.0,16.0,22.0,1.0,90,1.0,1,0.0
C1,1352,-0.14774666929597258,169.2,95.5,1,21.2,17.1875,91.0,53.0,22.0,1.0,90,3.0,1,0.0
C1,1353,-0.04677166163239832,127.5,73.7,1,16.8,17.1875,71.0,42.0,22.0,1.0,90,3.0,2,0.0
C1,1354,-0.22229797742187202,194.20000000000002,106.80000000000001,1,16.8,17.1875,102.0,42.0,22.0,1.0,90,2.0,1,0.0
C1,1355,0.5569306079087769,32.599999999999994,24.9,1,5.2,17.1875,23.0,13.0,22.0,1.0,90,2.0,0,0.0
C1,1356,0.736205119327759,32.2,26.4,1,1.6,17.1875,20.0,4.0,22.0,1.0,30,1.0,1,0.0
C1,1357,0.09481255110772968,142.0,82.60000000000001,1,6.4,17.1875,81.0,16.0,22.0,1.0,30,1.0,2,0.0
C1,1358,0.00026315789473696505,197.9,112.19999999999999,1,26.8,17.1875,118.0,67.0,22.0,1.0,30,3.0,2,0.0
C1,1359,-0.024699002903628586,192.6,103.1,1,10.0,17.1875,130.0,25.0,22.0,1.0,30,1.0,1,0.0
C1,1360,0.020789473684210524,190.1,109.0,1,20.8,17.1875,126.0,52.0,22.0,1.0,30,2.0,2,0.0
C1,1361,-0.039236734833696524,199.2,106.80000000000001,1,10.8,17.1875,151.0,27.0,22.0,1.0,30,1.0,2,0.0
C1,1362,-0.04418670443816361,198.9,110.10000000000001,1,29.2,17.1875,119.0,73.0,22.0,1.0,50,3.0,2,0.0
C1,1363,0.5514797540383525,44.4,33.0,1,4.0,17.1875,38.0,10.0,22.0,1.0,50,1.0,0,0.0
C1,1364,0.014595209752005678,142.5,85.4,1,8.4,17.1875,87.0,21.0,22.0,1.0,50,1.0,0,0.0
C1,1365,0.04238783128929213,138.7,82.9,1,12.4,17.1875,89.0,31.0,22.0,1.0,50,2.0,2,0.0
C1,1366,0.013313759479716053,141.0,85.9,1,7.2,17.1875,83.0,18.0,22.0,1.0,50,1.0,1,0.0
C1,1367,0.5654270563048336,43.0,33.300000000000004,1,4.4,17.1875,36.0,11.0,22.0,1.0,50,1.0,1,0.0
C1,1368,0.131215510947882,111.8,65.10000000000001,1,16.4,17.1875,65.0,41.0,22.0,1.0,50,3.0,1,0.0
C1,1369,0.5553130294613557,43.4,35.2,1,2.8,17.1875,35.0,7.0,22.0,1.0,50,1.0,2,0.0
C1,1370,0.11512812608755014,101.0,55.199999999999996,1,6.4,17.1875,58.0,16.0,22.0,1.0,50,1.0,1,0.0
C1,1371,0.07326970037360828,125.6,74.1,1,11.6,17.1875,74.0,29.0,22.0,1.0,50,2.0,0,0.0
C1,1372,0.10225073238710591,111.19999999999999,66.8,1,9.6,17.1875,64.0,24.0,22.0,1.0,50,2.0,0,0.0
C1,1373,-0.04387920238707013,195.89999999999998,107.30000000000001,1,27.2,17.1875,109.0,68.0,22.0,1.0,50,3.0,0,0.0
C1,1374,-0.08066852372232278,193.0,106.30000000000001,1,16.8,17.1875,116.0,42.0,22.0,1.0,50,2.0,2,0.0
C1,1375,0.07862378457921138,131.1,76.30000000000001,1,16.0,17.1875,72.0,40.0,22.0,1.0,50,3.0,2,0.0
C1,1376,0.12757115300026398,112.5,63.3,1,16.0,17.1875,65.0,40.0,22.0,1.0,50,3.0,2,0.0
C1,1377,0.7655148417576507,18.1,17.6,1,4.0,17.1875,16.0,10.0,22.0,1.0,50,2.0,0,0.0
C1,1378,0.2408390999605109,55.199999999999996,43.8,1,7.6,17.1875,40.0,19.0,22.0,1.0,50,2.0,1,0.0
C1,1379,0.7655148417576507,18.0,17.5,1,4.0,17.1875,17.0,10.0,22.0,1.0,50,2.0,2,0.0
C1,1380,0.6549885259681771,32.599999999999994,26.4,1,4.0,17.1875,20.0,10.0,22.0,1.0,50,2.0,1,0.0
C1,1381,-0.036380089368480945,194.8,107.1,1,28.4,17.1875,118.0,71.0,22.0,1.0,50,3.0,0,0.0
C1,1382,0.031072041815607937,143.0,83.1,1,12.4,17.1875,82.0,31.0,22.0,1.0,50,2.0,0,0.0
C1,1383,0.14301626238358459,93.7,54.199999999999996,1,8.4,17.1875,52.0,21.0,22.0,1.0,50,2.0,1,0.0
C1,1384,0.21706144598095137,66.9,43.2,1,9.2,17.1875,42.0,23.0,22.0,1.0,50,3.0,1,0.0
C1,1385,0.7655148417576507,17.9,17.6,1,4.0,17.1875,17.0,10.0,22.0,1.0,50,2.0,0,0.0
C1,1386,0.5528895490028509,45.199999999999996,34.1,1,6.0,17.1875,34.0,15.0,22.0,1.0,50,2.0,0,0.0
C1,1387,0.6686029732066352,32.4,26.200000000000003,1,6.8,17.1875,25.0,17.0,22.0,1.0,50,3.0,1,0.0
C1,1388,0.757337347487159,18.1,17.6,1,2.0,17.1875,14.0,5.0,22.0,1.0,50,1.0,2,0.0
C1,1389,0.564250933105094,44.1,33.0,1,6.4,17.1875,34.0,16.0,22.0,1.0,50,2.0,2,0.0
C1,1390,0.7671814422697458,18.0,17.6,1,4.4,17.1875,12.0,11.0,22.0,1.0,50,3.0,2,0.0
C1,1391,0.09481302121711428,105.5,62.7,1,4.4,17.1875,67.0,11.0,22.0,1.0,50,1.0,1,0.0
C1,1392,0.5711842529984952,44.699999999999996,34.3,1,9.2,17.1875,36.0,23.0,22.0,1.0,50,3.0,1,0.0
C1,1393,-0.030759843590265595,201.3,107.0,1,15.2,17.1875,103.0,38.0,22.0,1.0,30,2.0,0,0.0
C1,1394,0.8551053220002116,18.0,17.6,1,4.4,17.1875,12.0,11.0,22.0,1.0,30,3.0,0,0.0
C1,1395,0.6386061399894352,44.3,34.2,1,3.6,17.1875,32.0,9.0,22.0,1.0,30,1.0,2,0.0
C1,1396,0.33143614094685325,55.599999999999994,41.0,1,8.8,17.1875,48.0,22.0,22.0,1.0,30,2.0,1,0.0
C1,1397,0.29949321147403585,60.5,42.1,1,4.0,17.1875,44.0,10.0,22.0,1.0,30,1.0,0,0.0
C1,1398,0.8466688412521486,17.7,17.4,1,2.4,17.1875,16.0,6.0,22.0,1.0,30,1.0,0,0.0
C1,1399,0.8551053220002116,17.7,17.4,1,4.4,17.1875,17.0,11.0,22.0,1.0,30,2.0,0,0.0
C1,1400,0.6689852076226872,43.7,34.2,1,10.0,17.1875,37.0,25.0,22.0,1.0,30,3.0,2,0.0
C1,1401,-0.05645859589525207,203.0,105.80000000000001,1,8.8,17.1875,112.0,22.0,22.0,1.0,30,1.0,2,0.0
C1,1402,0.06315789473684219,174.0,97.9,1,20.8,17.1875,96.0,52.0,22.0,1.0,30,3.0,0,0.0
C1,1403,0.7376511062108779,33.2,26.1,1,4.0,17.1875,20.0,10.0,22.0,1.0,30,2.0,0,0.0
C1,1404,0.8449503405842116,18.1,17.5,1,2.0,17.1875,8.0,5.0,22.0,1.0,30,2.0,2,0.0
C1,1405,0.8551053220002116,18.0,17.5,1,4.4,17.1875,12.0,11.0,22.0,1.0,30,3.0,0,0.0
C1,1406,0.7369741310088809,32.7,25.8,1,2.8,17.1875,28.0,7.0,22.0,1.0,30,1.0,0,0.0
C1,1407,0.8500762134230411,17.6,17.3,1,3.2,17.1875,14.0,8.0,22.0,1.0,30,2.0,1,0.0
C1,1408,0.8500762134230411,18.0,17.5,1,3.2,17.1875,15.0,8.0,22.0,1.0,30,2.0,1,0.0
C1,1409,0.7422372889036177,32.099999999999994,25.7,1,2.8,17.1875,29.0,7.0,22.0,1.0,30,1.0,2,0.0
C1,1410,0.8583972924502834,17.9,17.5,1,5.2,17.1875,14.0,13.0,22.0,1.0,30,3.0,2,0.0
C1,1411,0.7584892149473346,32.300000000000004,26.200000000000003,1,7.2,17.1875,26.0,18.0,22.0,1.0,30,3.0,2,0.0
C1,1412,0.7503743499853144,32.5,25.9,1,5.6,17.1875,21.0,14.0,22.0,1.0,30,3.0,0,0.0
C1,1413,0.8583972924502834,18.0,17.5,1,5.2,17.1875,13.0,13.0,22.0,1.0,30,3.0,1,0.0
C1,1414,0.19225265991520518,110.7,65.3,1,10.4,17.1875,65.0,26.0,22.0,1.0,30,2.0,0,0.0
C1,1415,0.8534405798950884,17.5,17.3,1,4.0,17.1875,15.0,10.0,22.0,1.0,30,2.0,2,0.0
C1,1416,0.6553388668972033,43.7,32.9,1,6.4,17.1875,36.0,16.0,22.0,1.0,30,2.0,1,0.0
C1,1417,0.8534405798950884,17.6,17.3,1,4.0,17.1875,16.0,10.0,22.0,1.0,30,2.0,1,0.0
C1,1418,-0.011931963716353855,198.3,104.2,1,19.6,17.1875,134.0,49.0,22.0,1.0,30,2.0,0,0.0
C1,1419,-0.035327457789533584,194.39999999999998,106.0,1,8.4,17.1875,101.0,21.0,22.0,1.0,30,1.0,2,0.0
C1,1420,0.1840649314078767,115.9,70.7,1,12.0,17.1875,68.0,30.0,22.0,1.0,30,2.0,1,0.0
C1,1421,0.034210526315789566,181.79999999999998,92.2,2,27.2,17.1875,138.0,68.0,22.0,1.0,30,3.0,0,0.0
C1,1422,0.2019658846850196,115.1,62.7,2,17.4,16.796875,136.0,87.0,43.0,1.0,30,3.0,1,0.0
C1,1423,0.1796934292544949,104.1,43.7,2,2.8,16.796875,62.0,14.0,43.0,1.0,30,1.0,1,0.0
C1,1424,0.26546201589467683,80.10000000000001,46.800000000000004,2,8.4,16.796875,70.0,42.0,43.0,1.0,30,3.0,1,0.0
C1,1425,0.6098458585112505,46.9,30.900000000000002,2,2.2,16.796875,47.0,11.0,43.0,1.0,30,1.0,2,0.0
C1,1426,0.1689384775232815,121.89999999999999,63.5,2,12.2,16.796875,147.0,61.0,43.0,1.0,30,2.0,2,0.0
C1,1427,0.22476066047041954,93.5,46.199999999999996,1,9.2,16.796875,75.0,46.0,43.0,1.0,30,3.0,2,0.0
C1,1428,0.09333668264725928,140.1,83.7,1,4.8,17.1875,73.0,12.0,22.0,1.0,30,1.0,0,0.0
C1,1429,0.17175224680996193,128.5,76.0,1,19.6,17.1875,78.0,49.0,22.0,1.0,30,3.0,2,0.0
C1,1430,0.014210526315789507,192.6,106.80000000000001,1,28.0,17.1875,126.0,70.0,22.0,1.0,30,3.0,1,0.0
C1,1431,-0.010725300989440606,192.8,106.5,1,14.4,17.1875,177.0,36.0,22.0,1.0,30,1.0,0,0.0
C1,1432,0.23643806438764436,96.5,54.1,1,12.4,17.1875,51.0,31.0,22.0,1.0,30,3.0,1,0.0
C1,1433,0.6479858054542769,43.8,34.3,1,4.8,17.1875,39.0,12.0,22.0,1.0,30,1.0,2,0.0
C1,1434,0.7455458430529831,32.300000000000004,26.200000000000003,1,4.0,17.1875,20.0,10.0,22.0,1.0,30,2.0,2,0.0
C1,1435,0.8517640347262774,17.8,17.5,1,3.6,17.1875,13.0,9.0,22.0,1.0,30,2.0,2,0.0
C1,1436,0.7351639327212869,33.099999999999994,26.700000000000003,1,3.2,17.1875,28.0,8.0,22.0,1.0,30,1.0,1,0.0
C1,1437,0.8517640347262774,17.6,17.4,1,3.6,17.1875,15.0,9.0,22.0,1.0,30,2.0,1,0.0
C1,1438,0.6638614604365336,17.8,17.3,1,1.2,17.1875,10.0,3.0,22.0,1.0,90,1.0,0,0.0
C1,1439,0.5569589962557264,32.300000000000004,25.9,1,2.4,17.1875,20.0,6.0,22.0,1.0,90,1.0,0,0.0
C1,1440,0.6648537330978317,18.0,17.6,1,2.4,17.1875,10.0,6.0,22.0,1.0,90,2.0,2,0.0
C1,1441,0.5577574904449427,32.800000000000004,26.1,1,7.6,17.1875,24.0,19.0,22.0,1.0,90,3.0,0,0.0
C1,1442,0.6645151185065423,18.0,17.6,1,2.0,17.1875,15.0,5.0,22.0,1.0,90,1.0,1,0.0
C1,1443,0.6666701724931865,18.0,17.6,1,4.4,17.1875,17.0,11.0,22.0,1.0,90,2.0,2,0.0
C1,1444,0.666289972053633,18.0,17.6,1,4.0,17.1875,11.0,10.0,22.0,1.0,90,3.0,1,0.0
C1,1445,0.5533503217348854,33.2,26.599999999999998,1,6.8,17.1875,21.0,17.0,22.0,1.0,90,3.0,1,0.0
C1,1446,0.5561438567037129,32.599999999999994,25.6,1,4.4,17.1875,22.0,11.0,22.0,1.0,90,2.0,0,0.0
C1,1447,0.6666701724931865,17.9,17.6,1,4.4,17.1875,13.0,11.0,22.0,1.0,90,3.0,2,0.0
C1,1448,0.6682797526248165,17.9,17.6,1,6.0,17.1875,17.0,15.0,22.0,1.0,90,3.0,1,0.0
C1,1449,0.6652003871959242,17.9,17.6,1,2.8,17.1875,11.0,7.0,22.0,1.0,90,2.0,2,0.0
C1,1450,0.6655552192464198,18.2,17.6,1,3.2,17.1875,10.0,8.0,22.0,1.0,90,3.0,2,0.0
C1,1451,0.5547784077453712,32.800000000000004,25.8,1,4.8,17.1875,27.0,12.0,22.0,1.0,90,2.0,2,0.0
C1,1452,0.6670591094997571,18.0,17.5,1,4.8,17.1875,13.0,12.0,22.0,1.0,90,3.0,0,0.0
C1,1453,0.6655552192464198,18.2,17.7,1,3.2,17.1875,14.0,8.0,22.0,1.0,90,2.0,0,0.0
C1,1454,0.666289972053633,17.7,17.5,1,4.0,17.1875,17.0,10.0,22.0,1.0,90,2.0,2,0.0
C1,1455,0.6659183675801024,17.9,17.5,1,3.6,17.1875,10.0,9.0,22.0,1.0,90,3.0,2,0.0
C1,1456,0.5592724281939838,32.2,25.6,1,4.0,17.1875,21.0,10.0,22.0,1.0,90,2.0,0,0.0
C1,1457,0.5499414523960775,33.099999999999994,25.4,1,2.4,17.1875,22.0,6.0,22.0,1.0,90,1.0,2,0.0
C1,1458,0.6638614604365336,17.7,17.4,1,1.2,17.1875,11.0,3.0,22.0,1.0,90,1.0,1,0.0
C1,1459,0.666289972053633,17.9,17.4,1,4.0,17.1875,16.0,10.0,22.0,1.0,90,2.0,0,0.0
C1,1460,0.5548864632817032,32.7,27.0,1,4.0,17.1875,21.0,10.0,22.0,1.0,90,2.0,1,0.0
C1,1461,0.4635654653431084,43.7,33.7,1,8.8,17.1875,34.0,22.0,22.0,1.0,90,3.0,2,0.0
C1,1462,0.6648537330978317,17.9,17.5,1,2.4,17.1875,14.0,6.0,22.0,1.0,90,1.0,0,0.0
C1,1463,0.5513776913518786,33.099999999999994,26.4,1,4.0,17.1875,21.0,10.0,22.0,1.0,90,2.0,2,0.0
C1,1464,0.6648537330978317,18.0,17.6,1,2.4,17.1875,11.0,6.0,22.0,1.0,90,2.0,0,0.0
C1,1465,0.6652003871959242,17.9,17.6,1,2.8,17.1875,11.0,7.0,22.0,1.0,90,2.0,1,0.0
C1,1466,0.45997581504702884,44.0,33.4,1,8.0,17.1875,30.0,20.0,22.0,1.0,90,3.0,2,0.0
C1,1467,0.6674569236982506,17.8,17.5,1,5.2,17.1875,14.0,13.0,22.0,1.0,90,3.0,1,0.0
C1,1468,0.6641844064673916,17.8,17.4,1,1.6,17.1875,11.0,4.0,22.0,1.0,90,1.0,0,0.0
C1,1469,0.7048152805918526,17.9,17.6,1,6.4,17.1875,19.0,16.0,22.0,1.0,70,3.0,1,0.0
C1,1470,0.6940263352002114,17.9,17.6,1,2.0,17.1875,14.0,5.0,22.0,1.0,70,1.0,2,0.0
C1,1471,0.49929681358387745,43.8,33.5,1,7.6,17.1875,31.0,19.0,22.0,1.0,70,3.0,0,0.0
C1,1472,0.7048152805918526,18.0,17.6,1,6.4,17.1875,19.0,16.0,22.0,1.0,70,3.0,0,0.0
C1,1473,0.5977797106970715,32.7,26.8,1,8.0,17.1875,26.0,20.0,22.0,1.0,70,3.0,0,0.0
C1,1474,0.1895790062107379,102.9,60.1,1,4.4,17.1875,59.0,11.0,22.0,1.0,30,1.0,2,0.0
C1,1475,0.201552738850514,107.7,64.5,1,10.8,17.1875,65.0,27.0,22.0,1.0,30,2.0,0,0.0
C1,1476,0.3220271926210142,51.3,44.1,1,3.6,17.1875,43.0,9.0,22.0,1.0,30,1.0,1,0.0
C1,1477,0.3297775179131657,54.5,39.300000000000004,1,7.6,17.1875,48.0,19.0,22.0,1.0,30,2.0,1,0.0
C1,1478,0.6816551607914623,39.199999999999996,32.2,1,3.2,17.1875,39.0,8.0,22.0,1.0,30,1.0,2,0.0
C1,1479,0.28238794831614106,67.0,45.8,1,4.0,17.1875,50.0,10.0,22.0,1.0,30,1.0,0,0.0
C1,1480,0.8517640347262774,17.7,17.5,1,3.6,17.1875,10.0,9.0,22.0,1.0,30,3.0,0,0.0
C1,1481,0.06744809002496296,153.0,95.3,1,6.8,17.1875,96.0,17.0,22.0,1.0,30,1.0,1,0.0
C1,1482,0.14973684210526317,141.1,86.9,1,20.8,17.1875,85.0,52.0,22.0,1.0,30,3.0,2,0.0
C1,1483,0.05440152495504466,168.5,95.8,1,14.8,17.1875,98.0,37.0,22.0,1.0,30,2.0,2,0.0
C1,1484,0.2644870949868049,50.9,40.800000000000004,1,10.4,17.1875,43.0,26.0,22.0,1.0,50,3.0,0,0.0
C1,1485,0.14091099922568986,94.5,55.1,1,8.4,17.1875,56.0,21.0,22.0,1.0,50,2.0,0,0.0
C1,1486,0.5225323856172999,47.7,33.300000000000004,1,4.0,17.1875,38.0,10.0,22.0,1.0,50,1.0,0,0.0
C1,1487,-0.08276855870292066,197.2,106.7,1,18.8,17.1875,129.0,47.0,22.0,1.0,50,2.0,1,0.0
C1,1488,0.0032822479577026276,156.29999999999998,92.3,1,14.0,17.1875,93.0,35.0,22.0,1.0,50,2.0,0,0.0
C1,1489,-0.04763488596534127,198.5,107.30000000000001,1,28.0,17.1875,116.0,70.0,22.0,1.0,50,3.0,0,0.0
C1,1490,-0.11741223822957497,194.0,102.8,1,9.2,17.1875,119.0,23.0,22.0,1.0,50,1.0,1,0.0
C1,1491,0.2196912923696154,68.6,43.9,1,10.8,17.1875,42.0,27.0,22.0,1.0,50,3.0,2,0.0
C1,1492,0.25317130551312067,55.199999999999996,42.6,1,10.4,17.1875,41.0,26.0,22.0,1.0,50,3.0,2,0.0
C1,1493,0.6634158647923247,32.599999999999994,26.4,1,6.0,17.1875,23.0,15.0,22.0,1.0,50,3.0,2,0.0
C1,1494,0.25765098918402896,56.9,43.2,1,12.4,17.1875,44.0,31.0,22.0,1.0,50,3.0,1,0.0
C1,1495,0.23928748001132855,59.8,43.7,1,10.0,17.1875,44.0,25.0,22.0,1.0,50,3.0,1,0.0
C1,1496,0.5635259905027719,43.6,33.9,1,5.2,17.1875,32.0,13.0,22.0,1.0,50,2.0,0,0.0
C1,1497,0.028748980525492573,159.5,94.39999999999999,1,21.6,17.1875,93.0,54.0,22.0,1.0,50,3.0,2,0.0
C1,1498,0.08706184726054167,139.3,84.8,1,22.8,17.1875,89.0,57.0,22.0,1.0,50,3.0,0,0.0
C1,1499,0.7671814422697458,17.5,17.2,1,4.4,17.1875,18.0,11.0,22.0,1.0,50,2.0,2,0.0
C1,1500,0.11864039334937243,104.3,61.6,1,9.2,17.1875,65.0,23.0,22.0,1.0,50,2.0,2,0.0
C1,1501,0.6609630336001078,32.300000000000004,26.1,1,4.8,17.1875,24.0,12.0,22.0,1.0,50,2.0,0,0.0
C1,1502,0.6439095206894259,33.300000000000004,25.9,1,2.8,17.1875,22.0,7.0,22.0,1.0,50,1.0,1,0.0
C1,1503,0.7622119447177791,18.2,17.5,1,3.2,17.1875,14.0,8.0,22.0,1.0,50,2.0,1,0.0
C1,1504,0.7622119447177791,18.1,17.5,1,3.2,17.1875,14.0,8.0,22.0,1.0,50,2.0,0,0.0
C1,1505,0.770543534362421,17.8,17.4,1,5.2,17.1875,14.0,13.0,22.0,1.0,50,3.0,1,0.0
C1,1506,0.6600172185729474,32.599999999999994,25.9,1,5.2,17.1875,20.0,13.0,22.0,1.0,50,3.0,0,0.0
C1,1507,0.13077799965238762,91.2,44.4,1,4.0,17.1875,44.0,10.0,22.0,1.0,50,1.0,0,0.0
C1,1508,-0.06555007207749708,201.1,109.5,1,25.2,17.1875,175.0,63.0,22.0,1.0,50,2.0,0,0.0
C1,1509,-0.04601479237731276,200.7,113.8,1,30.0,17.1875,143.0,75.0,22.0,1.0,50,3.0,0,0.0
C1,1510,-0.009351403052919677,189.9,103.2,1,32.4,17.1875,203.0,81.0,22.0,1.0,50,2.0,2,0.0
C1,1511,-0.0796853867056877,189.20000000000002,106.80000000000001,1,14.8,17.1875,204.0,37.0,22.0,1.0,50,1.0,2,0.0
C1,1512,-0.029260185731577876,182.2,105.39999999999999,1,22.0,17.1875,298.0,55.0,22.0,1.0,50,1.0,2,0.0
C1,1513,-0.08554848477955143,192.8,107.30000000000001,1,15.6,17.1875,241.0,39.0,22.0,1.0,50,1.0,1,0.0
C1,1514,-0.12494854460042454,206.4,114.9,1,14.8,17.1875,174.0,37.0,22.0,1.0,50,1.0,0,0.0
C1,1515,0.030000000000000027,186.6,106.0,1,30.8,17.1875,210.0,77.0,22.0,1.0,30,2.0,1,0.0
C1,1516,0.13938382575733038,137.6,73.3,2,19.6,16.40625,236.0,98.0,42.0,1.0,30,2.0,1,0.0
C1,1517,0.23315789473684215,109.39999999999999,59.7,2,26.0,16.796875,206.0,130.0,43.0,1.0,30,3.0,2,0.0
C1,1518,0.23184210526315793,109.89999999999999,58.0,2,23.8,16.796875,180.0,119.0,43.0,1.0,30,3.0,0,0.0
C1,1519,0.21684210526315792,115.6,62.6,2,22.2,16.796875,161.0,111.0,43.0,1.0,30,3.0,1,0.0
C1,1520,0.16651464747362424,117.7,59.4,2,8.4,16.796875,182.0,42.0,43.0,1.0,30,1.0,2,0.0
C1,1521,0.1692786172237508,113.4,63.0,2,6.2,16.796875,133.0,31.0,43.0,1.0,30,1.0,0,0.0
C1,1522,0.23026315789473684,110.5,58.7,2,21.0,16.796875,163.0,105.0,43.0,1.0,30,3.0,2,0.0
C1,1523,0.1585283418825888,122.7,67.5,2,9.8,16.796875,207.0,49.0,43.0,1.0,30,1.0,0,0.0
C1,1524,0.08520945610279437,116.0,62.7,2,8.6,16.796875,212.0,43.0,43.0,1.0,50,1.0,2,0.0
C1,1525,0.20489972147419777,83.8,55.300000000000004,2,16.4,16.796875,353.0,82.0,43.0,1.0,50,1.0,1,0.0
C1,1526,0.22973684210526316,110.7,59.7,2,51.6,17.1875,590.0,258.0,44.0,1.0,50,2.0,1,0.0
C1,1527,0.09635100882380054,111.10000000000001,61.800000000000004,2,8.2,16.796875,174.0,41.0,43.0,1.0,50,1.0,0,0.0
C1,1528,0.1738629945121883,109.5,60.199999999999996,2,24.8,16.796875,196.0,124.0,43.0,1.0,50,3.0,1,0.0
C1,1529,0.223313759479716,61.199999999999996,39.199999999999996,2,7.2,16.796875,66.0,36.0,43.0,1.0,50,2.0,0,0.0
C1,1530,0.22754246142241394,53.8,37.400000000000006,2,3.6,16.796875,55.0,18.0,43.0,1.0,50,1.0,2,0.0
C1,1531,0.6446680850686564,33.4,24.7,2,3.2,16.796875,30.0,16.0,43.0,1.0,50,2.0,1,0.0
C1,1532,0.6912699067258123,17.9,17.4,1,4.4,17.1875,16.0,11.0,22.0,1.0,70,2.0,1,0.0
C1,1533,0.6987104359868719,17.8,17.5,1,4.0,17.1875,16.0,10.0,22.0,1.0,70,2.0,0,0.0
C1,1534,0.7037606996803916,17.7,17.4,1,6.0,17.1875,17.0,15.0,22.0,1.0,70,3.0,0,0.0
C1,1535,0.7006861961390762,17.6,17.3,1,4.8,17.1875,14.0,12.0,22.0,1.0,70,3.0,2,0.0
C1,1536,0.695856543421489,18.5,17.6,1,2.8,17.1875,19.0,7.0,22.0,1.0,70,1.0,0,0.0
C1,1537,0.6977445678438781,17.8,17.6,1,3.6,17.1875,16.0,9.0,22.0,1.0,70,2.0,2,0.0
C1,1538,0.6940263352002114,17.9,17.5,1,2.0,17.1875,16.0,5.0,22.0,1.0,70,1.0,2,0.0
C1,1539,0.6977445678438781,18.1,17.7,1,3.6,17.1875,13.0,9.0,22.0,1.0,70,2.0,1,0.0
C1,1540,0.6996909593573912,17.8,17.5,1,4.4,17.1875,13.0,11.0,22.0,1.0,70,3.0,2,0.0
C1,1541,0.6996909593573912,17.9,17.5,1,4.4,17.1875,19.0,11.0,22.0,1.0,70,2.0,1,0.0
C1,1542,0.6949342494879829,18.4,17.6,1,2.4,17.1875,7.0,6.0,22.0,1.0,70,2.0,0,0.0
C1,1543,0.695856543421489,18.5,17.7,1,2.8,17.1875,10.0,7.0,22.0,1.0,70,2.0,0,0.0
C1,1544,0.4909858056206518,50.0,17.5,1,1.2,17.1875,9.0,3.0,22.0,1.0,50,1.0,1,0.0
C1,1545,0.7541437003574938,17.9,17.5,1,1.2,17.1875,11.0,3.0,22.0,1.0,50,1.0,1,0.0
C1,1546,0.758951238880883,17.8,17.4,1,2.4,17.1875,16.0,6.0,22.0,1.0,50,1.0,0,0.0
C1,1547,0.7557347567600108,17.8,17.4,1,1.6,17.1875,7.0,4.0,22.0,1.0,50,2.0,0,0.0
C1,1548,0.7541437003574938,17.8,17.4,1,1.2,17.1875,11.0,3.0,22.0,1.0,50,1.0,2,0.0
C1,1549,0.7622119447177791,17.6,17.3,1,3.2,17.1875,14.0,8.0,22.0,1.0,50,2.0,1,0.0
C1,1550,0.7605761873560926,18.4,17.7,1,2.8,17.1875,10.0,7.0,22.0,1.0,50,2.0,1,0.0
C1,1551,0.5635946125474762,43.4,33.099999999999994,1,4.8,17.1875,30.0,12.0,22.0,1.0,50,2.0,1,0.0
C1,1552,0.763858250896098,17.7,17.4,1,3.6,17.1875,15.0,9.0,22.0,1.0,50,2.0,2,0.0
C1,1553,0.7773749030311967,17.7,17.4,1,6.8,17.1875,19.0,17.0,22.0,1.0,50,3.0,2,0.0
C1,1554,0.843222663187408,18.700000000000003,17.6,1,1.6,17.1875,4.0,4.0,22.0,1.0,30,3.0,1,0.0
C1,1555,0.8449503405842116,17.9,17.4,1,2.0,17.1875,5.0,5.0,22.0,1.0,30,3.0,0,0.0
C1,1556,0.8517640347262774,17.8,17.5,1,3.6,17.1875,10.0,9.0,22.0,1.0,30,3.0,0,0.0
C1,1557,0.08793541265000773,146.4,85.7,1,7.6,17.1875,89.0,19.0,22.0,1.0,30,1.0,1,0.0
C1,1558,0.7367739132284217,33.300000000000004,26.599999999999998,1,4.0,17.1875,20.0,10.0,22.0,1.0,30,2.0,2,0.0
C1,1559,0.8534405798950884,17.8,17.6,1,4.0,17.1875,12.0,10.0,22.0,1.0,30,3.0,2,0.0
C1,1560,0.22036847989494845,91.2,53.5,1,4.4,17.1875,51.0,11.0,22.0,1.0,30,1.0,1,0.0
C1,1561,-0.0177382855894182,197.2,109.89999999999999,1,16.0,17.1875,100.0,40.0,22.0,1.0,30,2.0,1,0.0
C1,1562,0.6549804430175101,44.1,33.5,1,7.2,17.1875,33.0,18.0,22.0,1.0,30,2.0,0,0.0
C1,1563,0.043356752736782106,164.5,92.60000000000001,1,8.4,17.1875,96.0,21.0,22.0,1.0,30,1.0,2,0.0
C1,1564,0.841486331264437,17.9,17.5,1,1.2,17.1875,11.0,3.0,22.0,1.0,30,1.0,1,0.0
C1,1565,0.8534405798950884,17.9,17.6,1,4.0,17.1875,16.0,10.0,22.0,1.0,30,2.0,0,0.0
C1,1566,0.2632782462100111,81.5,49.9,1,8.8,17.1875,55.0,22.0,22.0,1.0,30,2.0,2,0.0
C1,1567,0.07622852949498476,159.3,93.60000000000001,1,14.0,17.1875,97.0,35.0,22.0,1.0,30,2.0,0,0.0
C1,1568,0.5765839711106497,50.0,17.6,1,0.8,17.1875,3.0,2.0,22.0,1.0,30,2.0,0,0.0
C1,1569,0.2979142641056147,61.1,38.800000000000004,1,4.0,17.1875,44.0,10.0,22.0,1.0,30,1.0,2,0.0
C1,1570,0.11560598476180511,134.7,90.5,1,6.8,17.1875,90.0,17.0,22.0,1.0,30,1.0,1,0.0
C1,1571,0.7300021745854819,33.300000000000004,26.3,1,2.4,17.1875,26.0,6.0,22.0,1.0,30,1.0,1,0.0
C1,1572,0.7487481696432658,32.5,26.1,1,5.2,17.1875,24.0,13.0,22.0,1.0,30,2.0,0,0.0
C1,1573,0.6368517540245229,44.5,36.1,1,3.6,17.1875,35.0,9.0,22.0,1.0,30,1.0,2,0.0
C1,1574,0.5765839711106497,50.0,17.7,1,0.8,17.1875,4.0,2.0,22.0,1.0,30,1.0,1,0.0
C1,1575,0.5783284365275949,50.0,17.5,1,1.2,17.1875,8.0,3.0,22.0,1.0,30,1.0,2,0.0
C1,1576,0.8583972924502834,18.0,17.6,1,5.2,17.1875,15.0,13.0,22.0,1.0,30,3.0,0,0.0
C1,1577,0.841486331264437,18.0,17.5,1,1.2,17.1875,6.0,3.0,22.0,1.0,30,2.0,2,0.0
C1,1578,0.5765839711106497,50.0,17.4,1,0.8,17.1875,3.0,2.0,22.0,1.0,30,1.0,2,0.0
C1,1579,0.5783284365275949,50.0,17.4,1,1.2,17.1875,7.0,3.0,22.0,1.0,30,1.0,2,0.0
C1,1580,0.5783284365275949,50.0,17.5,1,1.2,17.1875,4.0,3.0,22.0,1.0,30,1.0,0,0.0
C1,1581,0.8551053220002116,17.8,17.3,1,4.4,17.1875,9.0,11.0,22.0,1.0,30,3.0,0,0.0
C1,1582,0.8449503405842116,17.6,17.3,1,2.0,17.1875,6.0,5.0,22.0,1.0,30,3.0,2,0.0
C1,1583,0.5783284365275949,50.0,17.4,1,1.2,17.1875,3.0,3.0,22.0,1.0,30,2.0,0,0.0
C1,1584,0.5765839711106497,50.0,17.4,1,0.8,17.1875,3.0,2.0,22.0,1.0,30,2.0,2,0.0
C1,1585,0.5765839711106497,50.0,17.4,1,0.8,17.1875,4.0,2.0,22.0,1.0,30,1.0,2,0.0
C1,1586,0.8449503405842116,17.6,17.3,1,2.0,17.1875,8.0,5.0,22.0,1.0,30,2.0,2,0.0
C1,1587,0.5748318922081663,50.0,17.4,1,0.4,17.1875,2.0,1.0,22.0,1.0,30,1.0,0,0.0
C1,1588,0.5765839711106497,50.0,17.5,1,0.8,17.1875,3.0,2.0,22.0,1.0,30,1.0,1,0.0
C1,1589,0.5783284365275949,50.0,17.3,1,1.2,17.1875,3.0,3.0,22.0,1.0,30,2.0,0,0.0
C1,1590,0.5765839711106497,50.0,17.4,1,0.8,17.1875,3.0,2.0,22.0,1.0,30,2.0,0,0.0
C1,1591,0.8517640347262774,18.0,17.4,1,3.6,17.1875,18.0,9.0,22.0,1.0,30,2.0,1,0.0
C1,1592,0.5765839711106497,50.0,17.5,1,0.8,17.1875,3.0,2.0,22.0,1.0,30,2.0,0,0.0
C1,1593,0.5765839711106497,50.0,17.4,1,0.8,17.1875,1.0,2.0,22.0,1.0,30,3.0,0,0.0
C1,1594,0.5765839711106497,50.0,17.4,1,0.8,17.1875,3.0,2.0,22.0,1.0,30,1.0,0,0.0
C1,1595,0.8500762134230411,17.8,17.5,1,3.2,17.1875,13.0,8.0,22.0,1.0,30,2.0,1,0.0
C1,1596,0.8483776397808107,18.0,17.6,1,2.8,17.1875,8.0,7.0,22.0,1.0,30,3.0,1,0.0
C1,1597,0.6553388668972033,43.7,32.9,1,6.4,17.1875,31.0,16.0,22.0,1.0,30,2.0,2,0.0
C1,1598,0.6704624148563845,43.2,33.099999999999994,1,9.2,17.1875,34.0,23.0,22.0,1.0,30,3.0,0,0.0
C1,1599,0.6157991224455757,46.9,34.2,1,3.6,17.1875,36.0,9.0,22.0,1.0,30,1.0,0,0.0
C1,1600,0.32501952726350947,50.8,43.3,1,4.0,17.1875,49.0,10.0,22.0,1.0,30,1.0,2,0.0
C1,1601,0.15924836551742402,122.7,73.5,1,10.0,17.1875,73.0,25.0,22.0,1.0,30,2.0,1,0.0
C1,1602,0.2916471096841768,68.4,42.3,1,7.2,17.1875,44.0,18.0,22.0,1.0,30,2.0,2,0.0
C1,1603,0.6421814765809359,43.7,33.6,1,3.2,17.1875,34.0,8.0,22.0,1.0,30,1.0,0,0.0
C1,1604,0.22361991063151895,96.0,54.6,1,8.4,17.1875,55.0,21.0,22.0,1.0,30,2.0,0,0.0
C1,1605,0.03342105263157902,185.29999999999998,104.6,1,26.8,17.1875,113.0,67.0,22.0,1.0,30,3.0,0,0.0
C1,1606,0.2308132920493669,94.39999999999999,52.3,1,9.2,17.1875,58.0,23.0,22.0,1.0,30,2.0,0,0.0
C1,1607,0.6299007748265499,45.1,34.9,1,3.2,17.1875,31.0,8.0,22.0,1.0,30,1.0,1,0.0
C1,1608,0.21564666726264273,99.6,57.1,1,8.8,17.1875,54.0,22.0,22.0,1.0,30,2.0,0,0.0
C1,1609,0.8466688412521486,18.700000000000003,17.7,1,2.4,17.1875,8.0,6.0,22.0,1.0,30,2.0,2,0.0
C1,1610,-0.021736133586251316,198.3,106.6,1,15.6,17.1875,103.0,39.0,22.0,1.0,30,2.0,0,0.0
C1,1611,0.6716167865700555,43.4,33.6,1,10.0,17.1875,38.0,25.0,22.0,1.0,30,3.0,1,0.0
C1,1612,0.007459352518683099,182.5,101.8,1,11.6,17.1875,174.0,29.0,22.0,1.0,30,1.0,0,0.0
C1,1613,0.07921052631578951,167.9,98.10000000000001,1,31.6,17.1875,200.0,79.0,22.0,1.0,30,2.0,2,0.0
C1,1614,0.2834405798950884,66.60000000000001,44.900000000000006,1,4.0,17.1875,40.0,10.0,22.0,1.0,30,1.0,1,0.0
C1,1615,0.843222663187408,19.0,17.5,1,1.6,17.1875,8.0,4.0,22.0,1.0,30,2.0,2,0.0
C1,1616,0.8500762134230411,17.7,17.4,1,3.2,17.1875,9.0,8.0,22.0,1.0,30,3.0,2,0.0
C1,1617,0.02973684210526316,183.5,90.7,2,35.8,16.796875,217.0,179.0,43.0,1.0,30,3.0,1,0.0
C1,1618,0.19872488633421828,104.3,51.5,2,7.6,16.796875,86.0,38.0,43.0,1.0,30,2.0,2,0.0
C1,1619,0.3243541542361116,52.0,35.2,2,4.6,16.796875,50.0,23.0,43.0,1.0,30,2.0,2,0.0
C1,1620,0.842355546165886,17.5,17.2,2,1.4,16.796875,15.0,7.0,43.0,1.0,30,1.0,2,0.0
C1,1621,0.6140793960871029,47.0,30.900000000000002,2,3.4,16.796875,45.0,17.0,43.0,1.0,30,2.0,2,0.0
C1,1622,0.7400352937907206,33.4,24.299999999999997,2,5.0,16.796875,35.0,25.0,43.0,1.0,30,3.0,0,0.0
C1,1623,0.7380798241999615,32.0,23.7,1,3.6,17.1875,20.0,9.0,22.0,1.0,30,2.0,0,0.0
C1,1624,0.5765839711106497,50.0,17.2,1,0.8,17.1875,3.0,2.0,22.0,1.0,30,1.0,2,0.0
C1,1625,0.5783284365275949,50.0,17.5,1,1.2,17.1875,4.0,3.0,22.0,1.0,30,2.0,1,0.0
C1,1626,0.8449503405842116,17.7,17.3,1,2.0,17.1875,8.0,5.0,22.0,1.0,30,2.0,1,0.0
C1,1627,0.5765839711106497,50.0,17.5,1,0.8,17.1875,5.0,2.0,22.0,1.0,30,1.0,1,0.0
C1,1628,0.5765839711106497,50.0,17.4,1,0.8,17.1875,3.0,2.0,22.0,1.0,30,2.0,0,0.0
C1,1629,0.8466688412521486,17.8,17.3,1,2.4,17.1875,6.0,6.0,22.0,1.0,30,3.0,2,0.0
C1,1630,0.841486331264437,17.7,17.4,1,1.2,17.1875,4.0,3.0,22.0,1.0,30,3.0,2,0.0
C1,1631,0.8327144014398755,21.0,17.9,1,1.2,17.1875,10.0,3.0,22.0,1.0,30,1.0,2,0.0
C1,1632,-0.02339142253763407,198.5,109.3,1,15.2,17.1875,102.0,38.0,22.0,1.0,30,2.0,2,0.0
C1,1633,0.02921052631578941,186.9,105.6,1,26.0,17.1875,120.0,65.0,22.0,1.0,30,3.0,0,0.0
C1,1634,0.13795154016224917,125.0,74.2,1,6.0,17.1875,79.0,15.0,22.0,1.0,30,1.0,2,0.0
C1,1635,0.1805691627921292,116.2,65.60000000000001,1,11.2,17.1875,62.0,28.0,22.0,1.0,30,2.0,2,0.0
C1,1636,0.3089440614030798,63.0,44.3,1,8.0,17.1875,43.0,20.0,22.0,1.0,30,2.0,0,0.0
C1,1637,0.12675484528445846,140.1,85.1,1,14.0,17.1875,88.0,35.0,22.0,1.0,30,2.0,1,0.0
C1,1638,0.3068799444647924,66.60000000000001,47.7,1,10.0,17.1875,50.0,25.0,22.0,1.0,30,2.0,0,0.0
C1,1639,0.12558311910961753,129.70000000000002,73.89999999999999,1,6.0,17.1875,72.0,15.0,22.0,1.0,30,1.0,2,0.0
C1,1640,0.28740626025426613,74.0,53.400000000000006,1,10.0,17.1875,60.0,25.0,22.0,1.0,30,2.0,2,0.0
C1,1641,0.3024887725258006,66.60000000000001,44.4,1,8.8,17.1875,47.0,22.0,22.0,1.0,30,2.0,2,0.0
C1,1642,0.1703725437906245,128.70000000000002,73.5,1,19.2,17.1875,78.0,48.0,22.0,1.0,30,3.0,0,0.0
C1,1643,0.30361991063151894,65.60000000000001,48.4,1,8.4,17.1875,50.0,21.0,22.0,1.0,30,2.0,2,0.0
C1,1644,0.3352369493768298,56.9,43.4,1,10.8,17.1875,41.0,27.0,22.0,1.0,30,3.0,2,0.0
C1,1645,0.295830149492113,67.4,44.5,1,7.6,17.1875,47.0,19.0,22.0,1.0,30,2.0,0,0.0
C1,1646,0.7519866278815475,32.5,26.3,1,6.0,17.1875,29.0,15.0,22.0,1.0,30,2.0,0,0.0
C1,1647,0.07526315789473687,169.4,98.7,1,24.4,17.1875,98.0,61.0,22.0,1.0,30,3.0,2,0.0
C1,1648,0.020789473684210524,190.1,108.5,1,20.4,17.1875,102.0,51.0,22.0,1.0,30,3.0,2,0.0
C1,1649,0.1908656871072517,100.5,55.599999999999994,1,3.2,17.1875,52.0,8.0,22.0,1.0,30,1.0,1,0.0
C1,1650,0.08905334009795918,156.20000000000002,93.0,1,15.6,17.1875,97.0,39.0,22.0,1.0,30,2.0,2,0.0
C1,1651,0.17830529149415256,116.0,64.69999999999999,1,10.4,17.1875,67.0,26.0,22.0,1.0,30,2.0,2,0.0
C1,1652,0.843222663187408,18.1,17.7,1,1.6,17.1875,4.0,4.0,22.0,1.0,30,3.0,0,0.0
C1,1653,0.5765839711106497,50.0,17.6,1,0.8,17.1875,4.0,2.0,22.0,1.0,30,1.0,2,0.0
C1,1654,0.7547775179131657,32.9,26.200000000000003,1,7.6,17.1875,27.0,19.0,22.0,1.0,30,3.0,1,0.0
C1,1655,0.11789473684210527,153.2,89.2,1,23.2,17.1875,90.0,58.0,22.0,1.0,30,3.0,1,0.0
C1,1656,0.8483776397808107,17.8,17.5,1,2.8,17.1875,11.0,7.0,22.0,1.0,30,2.0,0,0.0
C1,1657,0.739315848316001,33.2,26.700000000000003,1,4.4,17.1875,23.0,11.0,22.0,1.0,30,2.0,1,0.0
C1,1658,0.5783284365275949,50.0,17.6,1,1.2,17.1875,9.0,3.0,22.0,1.0,30,1.0,1,0.0
C1,1659,0.16807063475814268,124.39999999999999,73.80000000000001,1,14.0,17.1875,76.0,35.0,22.0,1.0,30,2.0,0,0.0
C1,1660,0.009210526315789447,194.5,107.7,1,25.2,17.1875,106.0,63.0,22.0,1.0,30,3.0,1,0.0
C1,1661,0.0010438059941371702,166.7,101.1,1,19.6,17.1875,125.0,49.0,22.0,1.0,50,2.0,1,0.0
C1,1662,-0.07814293008685505,189.29999999999998,100.3,1,15.2,17.1875,96.0,38.0,22.0,1.0,50,2.0,2,0.0
C1,1663,0.04469342620791006,155.4,94.89999999999999,1,22.8,17.1875,98.0,57.0,22.0,1.0,50,3.0,2,0.0
C1,1664,0.24559045695874604,60.8,43.8,1,12.0,17.1875,48.0,30.0,22.0,1.0,50,3.0,2,0.0
C1,1665,-0.009349330989665755,161.1,94.60000000000001,1,14.0,17.1875,95.0,35.0,22.0,1.0,50,2.0,1,0.0
C1,1666,-0.03903174232991699,190.4,106.39999999999999,1,24.8,17.1875,112.0,62.0,22.0,1.0,50,3.0,0,0.0
C1,1667,0.757337347487159,18.1,17.5,1,2.0,17.1875,5.0,5.0,22.0,1.0,50,3.0,1,0.0
C1,1668,0.758951238880883,17.6,17.4,1,2.4,17.1875,10.0,6.0,22.0,1.0,50,2.0,2,0.0
C1,1669,0.07167399577078382,141.2,85.1,1,20.4,17.96875,89.0,51.0,23.0,1.0,50,3.0,2,0.0
C1,1670,0.21872000975206304,65.60000000000001,47.199999999999996,1,8.8,17.1875,50.0,22.0,22.0,1.0,50,2.0,0,0.0
C1,1671,0.7671814422697458,18.0,17.5,1,4.4,17.1875,13.0,11.0,22.0,1.0,50,3.0,2,0.0
C1,1672,0.09907354656023726,128.1,76.1,1,18.8,17.1875,75.0,47.0,22.0,1.0,50,3.0,1,0.0
C1,1673,0.03001941023666052,143.4,88.3,1,12.4,17.1875,87.0,31.0,22.0,1.0,50,2.0,1,0.0
C1,1674,-0.09906505708657826,187.70000000000002,104.1,1,9.6,17.1875,113.0,24.0,22.0,1.0,50,1.0,0,0.0
C1,1675,-0.16575367445846323,211.7,111.4,1,8.8,17.1875,115.0,22.0,22.0,1.0,50,1.0,1,0.0
C1,1676,-0.11731879477633111,191.3,110.0,1,7.6,17.1875,103.0,19.0,22.0,1.0,50,1.0,2,0.0
C1,1677,-0.022536530545005706,177.0,100.0,1,20.4,17.1875,93.0,51.0,22.0,1.0,50,3.0,0,0.0
C1,1678,-0.12589676683607337,193.89999999999998,106.80000000000001,1,7.2,17.1875,112.0,18.0,22.0,1.0,50,1.0,2,0.0
C1,1679,-0.06393395764477397,175.7,102.1,1,10.4,17.1875,111.0,26.0,22.0,1.0,50,1.0,1,0.0
C1,1680,-0.014122764823492145,163.6,97.5,1,14.4,17.1875,99.0,36.0,22.0,1.0,50,2.0,2,0.0
C1,1681,-0.12372976026196358,199.1,106.2,1,10.8,17.1875,116.0,27.0,22.0,1.0,50,1.0,0,0.0
C1,1682,-0.0802273586689895,179.2,95.5,1,8.8,17.1875,97.0,22.0,22.0,1.0,50,1.0,0,0.0
C1,1683,-0.11247571420449443,188.79999999999998,100.4,1,7.2,17.1875,92.0,18.0,22.0,1.0,50,1.0,0,0.0
C1,1684,-0.12115992473081033,192.1,101.6,1,7.2,17.1875,110.0,18.0,22.0,1.0,50,1.0,1,0.0
C1,1685,0.08237344140802597,137.8,82.3,1,20.8,17.1875,88.0,52.0,22.0,1.0,50,3.0,0,0.0
C1,1686,-0.05418160372767622,184.29999999999998,107.30000000000001,1,17.6,17.1875,112.0,44.0,22.0,1.0,50,2.0,1,0.0
C1,1687,-0.0434840142866246,172.7,96.4,1,13.2,17.1875,98.0,33.0,22.0,1.0,50,2.0,2,0.0
C1,1688,-0.09498658922372141,187.5,104.5,1,10.4,17.1875,114.0,26.0,22.0,1.0,50,1.0,2,0.0
C1,1689,0.06042484051888819,133.89999999999998,82.3,1,13.6,17.1875,88.0,34.0,22.0,1.0,50,2.0,1,0.0
C1,1690,-0.01864353287865894,186.9,102.9,1,27.6,17.1875,118.0,69.0,22.0,1.0,50,3.0,2,0.0
C1,1691,-0.09672057972167844,184.79999999999998,100.5,1,8.4,17.1875,110.0,21.0,22.0,1.0,50,1.0,0,0.0
C1,1692,-0.07698431319600693,191.6,100.9,1,16.8,17.1875,105.0,42.0,22.0,1.0,50,2.0,2,0.0
C1,1693,-0.06987905003811226,188.9,107.1,1,16.8,17.1875,100.0,42.0,22.0,1.0,50,2.0,1,0.0
C1,1694,-0.10852139023820936,194.0,101.3,1,11.2,17.1875,108.0,28.0,22.0,1.0,50,1.0,1,0.0
C1,1695,-0.08299621211269081,188.4,105.39999999999999,1,13.6,17.1875,100.0,34.0,22.0,1.0,50,2.0,1,0.0
C1,1696,-0.05876858443517999,197.9,104.89999999999999,1,24.8,17.1875,114.0,62.0,22.0,1.0,50,3.0,2,0.0
C1,1697,-0.08270888022800835,196.5,107.7,1,18.4,17.1875,112.0,46.0,22.0,1.0,50,2.0,0,0.0
C1,1698,-0.005964870086650059,160.5,91.6,1,14.4,17.1875,96.0,36.0,22.0,1.0,50,2.0,2,0.0
C1,1699,-0.019065057086578296,157.29999999999998,92.0,1,9.6,17.1875,125.0,24.0,22.0,1.0,50,1.0,0,0.0
C1,1700,-0.10432821498131511,189.70000000000002,106.30000000000001,1,9.6,17.1875,108.0,24.0,22.0,1.0,50,1.0,2,0.0
C1,1701,-0.06339213004346567,187.79999999999998,101.6,1,17.6,17.1875,105.0,44.0,22.0,1.0,50,2.0,1,0.0
C1,1702,0.04864079462896276,153.9,91.39999999999999,1,22.8,17.1875,97.0,57.0,22.0,1.0,50,3.0,2,0.0
C1,1703,0.06572904773710608,136.0,83.2,1,16.0,17.1875,87.0,40.0,22.0,1.0,50,2.0,1,0.0
C1,1704,-0.005839133099998978,173.3,98.6,1,22.0,17.1875,96.0,55.0,22.0,1.0,50,3.0,1,0.0
C1,1705,-0.04971336738255622,195.70000000000002,106.89999999999999,1,25.6,17.1875,107.0,64.0,22.0,1.0,50,3.0,2,0.0
C1,1706,-0.03849912116303619,188.29999999999998,104.4,1,23.6,17.1875,103.0,59.0,22.0,1.0,50,3.0,2,0.0
C1,1707,-0.11235345640264452,202.3,110.7,1,15.2,17.1875,102.0,38.0,22.0,1.0,50,2.0,2,0.0
C1,1708,0.01482460359756041,152.60000000000002,92.0,1,14.4,17.1875,99.0,36.0,22.0,1.0,50,2.0,2,0.0
C1,1709,-0.054786263675435154,168.2,93.39999999999999,1,8.0,17.1875,99.0,20.0,22.0,1.0,50,1.0,0,0.0
C1,1710,-0.05234889378912208,194.20000000000002,107.2,1,24.0,17.1875,114.0,60.0,22.0,1.0,50,3.0,2,0.0
C1,1711,-0.00889056510090866,180.79999999999998,100.6,1,26.0,17.1875,111.0,65.0,22.0,1.0,50,3.0,2,0.0
C1,1712,-0.07543642394867991,200.4,110.2,1,22.4,17.1875,102.0,56.0,22.0,1.0,50,3.0,2,0.0
C1,1713,-0.08987564677913942,191.70000000000002,105.0,1,14.0,17.1875,108.0,35.0,22.0,1.0,50,2.0,2,0.0
C1,1714,-0.010604384320930887,177.7,97.4,1,23.6,17.1875,96.0,59.0,22.0,1.0,50,3.0,1,0.0
C1,1715,-0.07825817326264428,191.39999999999998,104.7,1,16.4,17.1875,113.0,41.0,22.0,1.0,50,2.0,1,0.0
C1,1716,-0.12443788498477909,196.0,105.89999999999999,1,8.8,17.1875,124.0,22.0,22.0,1.0,50,1.0,0,0.0
C1,1717,-0.10251005340588912,187.0,103.9,1,8.4,17.1875,110.0,21.0,22.0,1.0,50,1.0,1,0.0
C1,1718,-0.15669663603394673,209.60000000000002,114.4,1,9.6,17.1875,106.0,24.0,22.0,1.0,50,1.0,1,0.0
C1,1719,-0.09870637806961213,201.9,109.0,1,18.0,17.1875,109.0,45.0,22.0,1.0,50,2.0,1,0.0
C1,1720,-0.09992353331530876,201.0,112.60000000000001,1,17.2,17.1875,103.0,43.0,22.0,1.0,50,2.0,2,0.0
C1,1721,-0.047511231030239215,199.6,110.39999999999999,1,28.8,17.1875,110.0,72.0,22.0,1.0,50,3.0,1,0.0
C1,1722,0.004826733946056955,169.9,97.19999999999999,1,22.4,17.1875,92.0,56.0,22.0,1.0,50,3.0,0,0.0
C1,1723,-0.10211408874270489,205.9,109.0,1,19.6,17.1875,123.0,49.0,22.0,1.0,50,2.0,1,0.0
C1,1724,-0.1254766895131732,194.39999999999998,106.5,1,7.6,17.1875,108.0,19.0,22.0,1.0,50,1.0,2,0.0
C1,1725,-0.08842987821638915,200.7,108.0,1,19.6,17.1875,117.0,49.0,22.0,1.0,50,2.0,1,0.0
C1,1726,-0.07746869957843383,191.1,106.2,1,16.4,17.1875,104.0,41.0,22.0,1.0,50,2.0,1,0.0
C1,1727,-0.088081678285971,206.5,117.0,1,23.2,17.1875,100.0,58.0,22.0,1.0,50,3.0,0,0.0
C1,1728,-0.08119483951179643,193.20000000000002,109.2,1,16.8,17.1875,108.0,42.0,22.0,1.0,50,2.0,0,0.0
C1,1729,-0.03748418219005803,198.0,108.60000000000001,1,30.4,17.1875,130.0,76.0,22.0,1.0,50,3.0,0,0.0
C1,1730,0.023510944472372702,162.8,95.10000000000001,1,22.4,17.1875,91.0,56.0,22.0,1.0,50,3.0,2,0.0
C1,1731,-0.08776855870292072,199.1,108.39999999999999,1,18.8,17.1875,117.0,47.0,22.0,1.0,50,2.0,1,0.0
C1,1732,-0.05602915685624049,198.1,109.60000000000001,1,25.6,17.1875,115.0,64.0,22.0,1.0,50,3.0,1,0.0
C1,1733,-0.09028532688481464,194.6,106.0,1,15.6,17.1875,106.0,39.0,22.0,1.0,50,2.0,2,0.0
C1,1734,-0.020101475270585534,164.5,93.39999999999999,1,13.6,17.1875,95.0,34.0,22.0,1.0,50,2.0,1,0.0
C1,1735,-0.06925994788596146,173.7,101.8,1,8.0,17.1875,122.0,20.0,22.0,1.0,50,1.0,2,0.0
C1,1736,0.014286233422272171,172.6,101.0,1,26.4,17.1875,111.0,66.0,22.0,1.0,50,3.0,2,0.0
C1,1737,-0.04935215866904699,166.8,102.3,1,8.4,17.1875,98.0,21.0,22.0,1.0,50,1.0,2,0.0
C1,1738,0.029160866900001053,160.0,95.2,1,22.0,17.1875,97.0,55.0,22.0,1.0,50,3.0,2,0.0
C1,1739,-0.08438592271822895,190.29999999999998,104.0,1,14.4,17.1875,108.0,36.0,22.0,1.0,50,2.0,2,0.0
C1,1740,-0.0480821876303594,196.3,107.6,1,26.4,17.1875,115.0,66.0,22.0,1.0,50,3.0,0,0.0
C1,1741,-0.08835628263240208,204.0,113.0,1,21.6,17.1875,134.0,54.0,22.0,1.0,50,2.0,1,0.0
C1,1742,-0.08987847445852062,182.2,100.3,1,8.4,17.1875,100.0,21.0,22.0,1.0,50,1.0,2,0.0
C1,1743,-0.05598446554496497,200.5,108.39999999999999,1,27.2,17.1875,112.0,68.0,22.0,1.0,50,3.0,1,0.0
C1,1744,0.02637724839202954,156.4,96.4,1,19.2,17.1875,95.0,48.0,22.0,1.0,50,3.0,2,0.0
C1,1745,-0.024497440498549683,185.5,101.9,1,25.2,17.1875,108.0,63.0,22.0,1.0,50,3.0,1,0.0
C1,1746,-0.007916904385401657,167.4,103.1,1,18.0,17.1875,111.0,45.0,22.0,1.0,50,2.0,0,0.0
C1,1747,-0.09195979392868359,185.0,102.1,1,9.6,17.1875,118.0,24.0,22.0,1.0,50,1.0,0,0.0
C1,1748,-0.09908957635390178,200.0,109.2,1,16.8,17.1875,109.0,42.0,22.0,1.0,50,2.0,2,0.0
C1,1749,-0.1307536744584632,198.4,110.0,1,8.8,17.1875,118.0,22.0,22.0,1.0,50,1.0,1,0.0
C1,1750,-0.09396953741113048,196.0,106.2,1,15.6,17.96875,101.0,39.0,23.0,1.0,50,2.0,1,0.0
C1,1751,-0.2064066854592853,189.29999999999998,106.1,1,18.4,17.1875,131.0,46.0,22.0,1.0,90,2.0,1,0.0
C1,1752,-0.19804745110824706,179.7,107.30000000000001,1,7.2,17.1875,108.0,18.0,22.0,1.0,90,1.0,0,0.0
C1,1753,-0.25096156971836575,200.9,112.0,1,9.6,17.1875,102.0,24.0,22.0,1.0,90,1.0,0,0.0
C1,1754,0.45879672486012907,44.3,34.1,1,9.2,17.1875,30.0,23.0,22.0,1.0,90,3.0,0,0.0
C1,1755,0.016724366427399398,100.2,54.199999999999996,1,11.6,17.1875,54.0,29.0,22.0,1.0,90,3.0,2,0.0
C1,1756,0.47273047198031853,42.6,32.5,1,8.4,17.1875,31.0,21.0,22.0,1.0,90,3.0,2,0.0
C1,1757,0.4604497702259326,44.0,33.8,1,8.4,17.1875,32.0,21.0,22.0,1.0,90,3.0,2,0.0
C1,1758,0.40070356569969146,50.0,17.6,1,1.2,17.1875,8.0,3.0,22.0,1.0,90,1.0,2,0.0
C1,1759,0.4003882500542819,50.0,17.5,1,0.8,17.1875,9.0,2.0,22.0,1.0,90,1.0,0,0.0
C1,1760,0.6641844064673916,18.0,17.7,1,1.6,17.1875,7.0,4.0,22.0,1.0,90,2.0,2,0.0
C1,1761,0.028347492047313808,96.0,56.2,1,12.0,17.1875,52.0,30.0,22.0,1.0,90,3.0,2,0.0
C1,1762,-0.14636460009366975,170.4,97.9,1,23.2,17.1875,96.0,58.0,22.0,1.0,90,3.0,2,0.0
C1,1763,0.0785118404378184,76.30000000000001,46.1,1,10.8,17.1875,43.0,27.0,22.0,1.0,90,3.0,1,0.0
C1,1764,-0.006015703346425594,110.7,60.5,1,14.8,17.1875,56.0,37.0,22.0,1.0,90,3.0,2,0.0
C1,1765,0.40102651173054954,50.0,17.6,1,1.6,17.1875,7.0,4.0,22.0,1.0,90,1.0,0,0.0
C1,1766,0.5560818032732704,32.4,25.0,1,2.4,17.1875,27.0,6.0,22.0,1.0,90,1.0,2,0.0
C1,1767,0.45957257724347644,44.1,33.099999999999994,1,8.4,17.1875,36.0,21.0,22.0,1.0,90,3.0,2,0.0
C1,1768,-0.012224894569104305,114.1,66.3,1,16.4,17.1875,66.0,41.0,22.0,1.0,90,3.0,0,0.0
C1,1769,0.6645151185065423,18.4,17.7,1,2.0,17.1875,7.0,5.0,22.0,1.0,90,2.0,1,0.0
C1,1770,0.0068162878431067275,100.6,54.699999999999996,1,4.0,17.1875,58.0,10.0,22.0,1.0,90,1.0,1,0.0
C1,1771,0.01272280407213397,98.5,54.1,1,4.4,17.1875,52.0,11.0,22.0,1.0,90,1.0,0,0.0
C1,1772,-0.010700033688935962,121.1,76.30000000000001,1,5.6,17.1875,79.0,14.0,22.0,1.0,70,1.0,2,0.0
C1,1773,0.5953584804765129,32.599999999999994,25.3,1,6.8,17.1875,22.0,17.0,22.0,1.0,70,3.0,0,0.0
C1,1774,0.49644295911841985,44.0,33.300000000000004,1,7.2,17.1875,36.0,18.0,22.0,1.0,70,2.0,2,0.0
C1,1775,0.843222663187408,17.6,17.4,1,1.6,17.1875,6.0,4.0,22.0,1.0,30,2.0,2,0.0
C1,1776,-0.040496685695528695,205.0,115.9,1,15.2,17.1875,100.0,38.0,22.0,1.0,30,2.0,0,0.0
C1,1777,0.04789473684210538,179.79999999999998,93.7,1,24.0,17.1875,100.0,60.0,22.0,1.0,30,3.0,0,0.0
C1,1778,-0.004657173132931819,180.4,104.4,1,6.8,17.1875,107.0,17.0,22.0,1.0,30,1.0,0,0.0
C1,1779,0.19651464747362424,106.30000000000001,62.199999999999996,1,8.4,17.1875,63.0,21.0,22.0,1.0,30,2.0,2,0.0
C1,1780,0.843222663187408,17.7,17.4,1,1.6,17.1875,6.0,4.0,22.0,1.0,30,2.0,1,0.0
C1,1781,0.023338565487591417,182.0,102.5,1,16.4,17.1875,106.0,41.0,22.0,1.0,30,2.0,1,0.0
C1,1782,0.2402869762598932,90.80000000000001,60.900000000000006,1,9.2,17.1875,60.0,23.0,22.0,1.0,30,2.0,1,0.0
C1,1783,0.2380122998289293,95.4,52.900000000000006,1,12.0,17.1875,51.0,30.0,22.0,1.0,30,3.0,1,0.0
C1,1784,0.21649457738410138,93.3,60.5,1,4.8,17.1875,61.0,12.0,22.0,1.0,30,1.0,0,0.0
C1,1785,0.6625676780142793,44.1,34.2,1,9.2,17.1875,33.0,23.0,22.0,1.0,30,3.0,0,0.0
C1,1786,0.8449503405842116,17.7,17.4,1,2.0,17.1875,14.0,5.0,22.0,1.0,30,1.0,1,0.0
C1,1787,0.6157212816494744,47.1,33.300000000000004,1,4.0,17.1875,39.0,10.0,22.0,1.0,30,1.0,0,0.0
C1,1788,0.0028947368421053943,196.9,115.1,1,21.6,17.1875,100.0,54.0,22.0,1.0,30,3.0,0,0.0
C1,1789,0.15293758384476078,126.7,76.0,1,11.2,17.1875,73.0,28.0,22.0,1.0,30,2.0,2,0.0
C1,1790,0.8500762134230411,18.0,17.5,1,3.2,17.1875,8.0,8.0,22.0,1.0,30,3.0,0,0.0
C1,1791,0.695856543421489,18.0,17.5,1,2.8,17.1875,16.0,7.0,22.0,1.0,70,1.0,1,0.0
C1,1792,0.024287015469865336,108.2,64.5,1,6.0,17.1875,63.0,15.0,22.0,1.0,70,1.0,1,0.0
C1,1793,0.7058847962659864,17.6,17.3,1,6.8,17.1875,19.0,17.0,22.0,1.0,70,3.0,0,0.0
C1,1794,0.4290954344073689,50.0,17.4,1,1.2,17.1875,7.0,3.0,22.0,1.0,70,1.0,2,0.0
C1,1795,0.6949342494879829,18.599999999999998,17.5,1,2.4,17.1875,9.0,6.0,22.0,1.0,70,2.0,0,0.0
C1,1796,0.4282301737168955,50.0,17.4,1,0.8,17.1875,9.0,2.0,22.0,1.0,70,1.0,0,0.0
C1,1797,0.763858250896098,17.7,17.4,1,3.6,17.1875,10.0,9.0,22.0,1.0,50,3.0,0,0.0
C1,1798,0.4894065094559651,50.0,17.3,1,0.8,17.1875,7.0,2.0,22.0,1.0,50,1.0,2,0.0
C1,1799,0.4909858056206518,50.0,17.4,1,1.2,17.1875,8.0,3.0,22.0,1.0,50,1.0,0,0.0
C1,1800,0.4909858056206518,50.0,18.3,1,1.2,17.1875,5.0,3.0,22.0,1.0,50,1.0,2,0.0
C1,1801,0.7671814422697458,17.8,17.4,1,4.4,17.1875,19.0,11.0,22.0,1.0,50,2.0,1,0.0
C1,1802,0.6457933441440409,32.9,24.8,1,2.4,17.1875,24.0,6.0,22.0,1.0,50,1.0,2,0.0
C1,1803,0.6478400199179053,32.300000000000004,25.4,1,1.6,17.1875,21.0,4.0,22.0,1.0,50,1.0,2,0.0
C1,1804,0.7605761873560926,17.7,17.4,1,2.8,17.1875,7.0,7.0,22.0,1.0,50,3.0,1,0.0
C1,1805,0.4894065094559651,50.0,17.3,1,0.8,17.1875,5.0,2.0,22.0,1.0,50,1.0,1,0.0
C1,1806,0.763858250896098,17.7,17.4,1,3.6,17.1875,9.0,9.0,22.0,1.0,50,3.0,0,0.0
C1,1807,0.4894065094559651,50.0,17.6,1,0.8,17.1875,6.0,2.0,22.0,1.0,50,1.0,2,0.0
C1,1808,0.4894065094559651,50.0,17.5,1,0.8,17.1875,3.0,2.0,22.0,1.0,50,2.0,1,0.0
C1,1809,0.4894065094559651,50.0,17.5,1,0.8,17.1875,4.0,2.0,22.0,1.0,50,1.0,0,0.0
C1,1810,0.757337347487159,17.7,17.3,1,2.0,17.1875,5.0,5.0,22.0,1.0,50,3.0,1,0.0
C1,1811,0.5773246038756883,44.0,33.7,1,9.2,17.1875,35.0,23.0,22.0,1.0,50,3.0,1,0.0
C1,1812,0.5722384402787342,42.8,33.099999999999994,1,5.6,17.1875,31.0,14.0,22.0,1.0,50,2.0,2,0.0
C1,1813,0.7622119447177791,17.7,17.4,1,3.2,17.1875,14.0,8.0,22.0,1.0,50,2.0,2,0.0
C1,1814,0.758951238880883,18.599999999999998,17.5,1,2.4,17.1875,10.0,6.0,22.0,1.0,50,2.0,1,0.0
C1,1815,0.768857770442213,17.8,17.5,1,4.8,17.1875,12.0,12.0,22.0,1.0,50,3.0,1,0.0
C1,1816,0.6712084963218212,32.300000000000004,25.6,1,7.2,17.1875,24.0,18.0,22.0,1.0,50,3.0,2,0.0
C1,1817,0.768857770442213,17.8,17.3,1,4.8,17.1875,13.0,12.0,22.0,1.0,50,3.0,2,0.0
C1,1818,0.763858250896098,18.0,17.6,1,3.6,17.1875,14.0,9.0,22.0,1.0,50,2.0,0,0.0
C1,1819,0.7622119447177791,17.8,17.5,1,3.2,17.1875,10.0,8.0,22.0,1.0,50,3.0,1,0.0
C1,1820,0.7541437003574938,17.6,17.3,1,1.2,17.1875,5.0,3.0,22.0,1.0,50,2.0,1,0.0
C1,1821,0.6518042575315313,32.4,26.5,1,2.8,17.1875,23.0,7.0,22.0,1.0,50,1.0,2,0.0
C1,1822,0.757337347487159,17.9,17.6,1,2.0,17.1875,16.0,5.0,22.0,1.0,50,1.0,1,0.0
C1,1823,0.758951238880883,18.1,17.5,1,2.4,17.1875,10.0,6.0,22.0,1.0,50,2.0,1,0.0
C1,1824,0.7655148417576507,18.1,17.7,1,4.0,17.1875,12.0,10.0,22.0,1.0,50,3.0,1,0.0
C1,1825,0.7605761873560926,17.9,17.5,1,2.8,17.1875,11.0,7.0,22.0,1.0,50,2.0,0,0.0
C1,1826,0.7622119447177791,17.9,17.5,1,3.2,17.1875,14.0,8.0,22.0,1.0,50,2.0,1,0.0
C1,1827,0.763858250896098,17.9,17.4,1,3.6,17.1875,14.0,9.0,22.0,1.0,50,2.0,2,0.0
C1,1828,0.6584095124451845,32.4,25.8,1,4.4,17.1875,21.0,11.0,22.0,1.0,50,2.0,2,0.0
C1,1829,0.7048152805918526,17.9,17.6,1,6.4,17.1875,17.0,16.0,22.0,1.0,70,3.0,1,0.0
C1,1830,0.4282301737168955,50.0,17.5,1,0.8,17.1875,8.0,2.0,22.0,1.0,70,1.0,2,0.0
C1,1831,0.04693742784493393,100.4,49.4,1,6.8,17.1875,40.0,17.0,22.0,1.0,70,2.0,2,0.0
C1,1832,0.5921947031531694,32.599999999999994,25.8,1,5.6,17.1875,26.0,14.0,22.0,1.0,70,2.0,2,0.0
C1,1833,0.7544616739147472,32.4,26.1,1,6.4,17.1875,24.0,16.0,22.0,1.0,30,3.0,2,0.0
C1,1834,0.841486331264437,17.8,17.5,1,1.2,17.1875,11.0,3.0,22.0,1.0,30,1.0,2,0.0
C1,1835,0.736851754024523,33.099999999999994,26.0,1,3.6,17.1875,28.0,9.0,22.0,1.0,30,1.0,0,0.0
C1,1836,-0.042920945360012314,200.6,107.39999999999999,1,10.8,17.1875,114.0,27.0,22.0,1.0,30,1.0,2,0.0
C1,1837,0.8551053220002116,18.0,17.6,1,4.4,17.1875,19.0,11.0,22.0,1.0,30,2.0,0,0.0
C1,1838,0.7530059289326827,32.2,24.299999999999997,1,5.6,17.1875,29.0,14.0,22.0,1.0,30,2.0,2,0.0
C1,1839,0.5783284365275949,50.0,17.2,1,1.2,17.1875,7.0,3.0,22.0,1.0,30,1.0,1,0.0
C1,1840,0.8517640347262774,17.7,17.4,1,3.6,17.1875,9.0,9.0,22.0,1.0,30,3.0,1,0.0
C1,1841,0.7413042835984798,32.4,25.7,1,3.2,17.1875,29.0,8.0,22.0,1.0,30,1.0,2,0.0
C1,1842,0.20396689568456214,96.8,54.199999999999996,1,4.0,17.1875,56.0,10.0,22.0,1.0,30,1.0,0,0.0
C1,1843,-0.011405647926880202,198.1,105.39999999999999,1,19.6,17.1875,123.0,49.0,22.0,1.0,30,2.0,1,0.0
C1,1844,0.1197368421052632,152.5,93.8,1,20.4,17.1875,99.0,51.0,22.0,1.0,30,3.0,1,0.0
C1,1845,0.3124446344756728,54.300000000000004,40.9,1,3.2,17.1875,46.0,8.0,22.0,1.0,30,1.0,2,0.0
C1,1846,0.14247780694851925,139.3,84.5,1,19.2,17.1875,81.0,48.0,22.0,1.0,30,3.0,2,0.0
C1,1847,0.191157953579159,102.3,55.300000000000004,1,4.4,17.1875,55.0,11.0,22.0,1.0,30,1.0,1,0.0
C1,1848,0.11464958212656376,144.7,87.5,1,14.0,17.1875,84.0,35.0,22.0,1.0,30,2.0,2,0.0
C1,1849,0.8534405798950884,17.8,17.5,1,4.0,17.1875,10.0,10.0,22.0,1.0,30,3.0,1,0.0
C1,1850,0.008947368421052648,146.6,69.7,4,34.0,16.601562,691.0,340.0,85.0,1.0,30,2.0,0,0.0
C1,1851,0.3619154514487028,54.6,37.400000000000006,4,17.7,16.601562,413.0,177.0,85.0,1.0,30,2.0,2,0.0
C1,1852,0.2699917074365643,69.3,37.8,4,2.5,16.601562,107.0,25.0,85.0,1.0,30,1.0,0,0.0
C1,1853,0.8401787160497642,17.8,17.3,4,0.9,16.601562,7.0,9.0,85.0,1.0,30,3.0,0,0.0
C1,1854,0.32110927330508576,50.2,31.2,4,2.7,16.601562,75.0,27.0,85.0,1.0,30,1.0,1,0.0
C1,1855,0.34885613188852116,50.1,36.5,4,9.6,16.601562,130.0,96.0,85.0,1.0,30,3.0,0,0.0
C1,1856,0.24323547203503354,83.2,42.7,3,6.9333334,16.666666,121.0,52.0,64.0,1.0,30,2.0,1,0.0
C1,1857,0.16642111147389582,108.5,57.8,2,4.4,16.796875,101.0,22.0,43.0,1.0,30,1.0,2,0.0
C1,1858,0.1926069579361648,112.4,60.900000000000006,2,11.8,16.796875,133.0,59.0,43.0,1.0,30,2.0,1,0.0
C1,1859,0.14988047002558527,118.3,59.3,2,4.6,16.796875,106.0,23.0,43.0,1.0,30,1.0,2,0.0
C1,1860,0.6910702342809134,38.699999999999996,26.599999999999998,2,4.4,16.796875,30.0,22.0,43.0,1.0,30,3.0,2,0.0
C1,1861,0.19297095026514643,96.5,53.6,1,3.2,17.1875,51.0,8.0,22.0,1.0,30,1.0,2,0.0
C1,1862,0.15447368421052632,139.3,83.6,1,20.0,17.1875,86.0,50.0,22.0,1.0,30,3.0,0,0.0
C1,1863,0.008154587718869233,177.3,100.2,1,8.0,17.1875,126.0,20.0,22.0,1.0,30,1.0,2,0.0
C1,1864,0.20333379265287949,111.0,66.5,1,14.0,17.1875,62.0,35.0,22.0,1.0,30,3.0,2,0.0
C1,1865,-0.002624346600569455,193.39999999999998,106.2,1,18.0,17.1875,116.0,45.0,22.0,1.0,30,2.0,0,0.0
C1,1866,0.027448090024962984,168.2,99.2,1,6.8,17.1875,92.0,17.0,22.0,1.0,30,1.0,0,0.0
C1,1867,0.16064859070343387,125.3,81.8,1,12.4,17.1875,75.0,31.0,22.0,1.0,30,2.0,0,0.0
C1,1868,0.2108132920493669,102.0,56.2,1,9.2,17.1875,51.0,23.0,22.0,1.0,30,2.0,1,0.0
C1,1869,0.8483776397808107,17.6,17.4,1,2.8,17.1875,11.0,7.0,22.0,1.0,30,2.0,0,0.0
C1,1870,0.8483776397808107,17.7,17.4,1,2.8,17.1875,12.0,7.0,22.0,1.0,30,2.0,2,0.0
C1,1871,0.3412895809557771,54.6,42.5,1,10.8,17.1875,44.0,27.0,22.0,1.0,30,3.0,1,0.0
C1,1872,0.8534405798950884,18.0,17.6,1,4.0,17.1875,11.0,10.0,22.0,1.0,30,3.0,1,0.0
C1,1873,0.841486331264437,18.3,17.5,1,1.2,17.1875,10.0,3.0,22.0,1.0,30,1.0,2,0.0
C1,1874,0.15321469805698598,119.2,71.4,1,6.0,17.1875,60.0,15.0,22.0,1.0,30,1.0,1,0.0
C1,1875,0.7613392088771329,32.5,25.5,1,8.4,17.1875,29.0,21.0,22.0,1.0,30,3.0,0,0.0
C1,1876,0.19607644994410375,107.6,66.3,1,9.2,17.1875,63.0,23.0,22.0,1.0,30,2.0,0,0.0
C1,1877,0.015263157894736867,192.20000000000002,106.39999999999999,1,24.4,17.1875,108.0,61.0,22.0,1.0,30,3.0,2,0.0
C1,1878,0.7454561991931941,32.5,26.1,1,4.4,17.1875,23.0,11.0,22.0,1.0,30,2.0,1,0.0
C1,1879,0.110385432808697,144.4,86.4,1,12.4,17.1875,81.0,31.0,22.0,1.0,30,2.0,2,0.0
C1,1880,0.5800134107762787,44.3,34.2,1,10.4,17.1875,39.0,26.0,22.0,1.0,50,3.0,1,0.0
C1,1881,-0.14222295182342043,204.1,107.1,1,9.6,17.1875,119.0,24.0,22.0,1.0,50,1.0,2,0.0
C1,1882,0.12512094996188777,114.8,67.9,1,16.8,17.1875,67.0,42.0,22.0,1.0,50,3.0,1,0.0
C1,1883,0.10709378912607187,100.2,58.1,1,4.0,17.1875,59.0,10.0,22.0,1.0,50,1.0,1,0.0
C1,1884,-0.025172226428685246,194.89999999999998,105.7,1,31.6,17.1875,134.0,79.0,22.0,1.0,50,3.0,2,0.0
C1,1885,0.5738102275526349,43.8,33.099999999999994,1,8.0,17.1875,32.0,20.0,22.0,1.0,50,3.0,0,0.0
C1,1886,-0.033687517544288614,193.20000000000002,106.5,1,28.0,17.1875,182.0,70.0,22.0,1.0,50,2.0,2,0.0
C1,1887,-0.015404034631866986,192.20000000000002,105.2,1,32.4,17.1875,142.0,81.0,22.0,1.0,50,3.0,1,0.0
C1,1888,0.006345422289810443,187.20000000000002,104.6,1,35.2,17.1875,226.0,88.0,22.0,1.0,50,2.0,2,0.0
C1,1889,0.02263157894736839,189.4,104.6,1,46.4,17.1875,223.0,116.0,22.0,1.0,50,3.0,1,0.0
C1,1890,0.13547689421930165,95.9,57.9,1,8.0,17.1875,50.0,20.0,22.0,1.0,50,2.0,2,0.0
C1,1891,0.2163043154418613,58.7,42.1,1,4.0,17.1875,44.0,10.0,22.0,1.0,50,1.0,2,0.0
C1,1892,0.768857770442213,17.6,17.4,1,4.8,17.1875,14.0,12.0,22.0,1.0,50,3.0,1,0.0
C1,1893,0.21769572011664076,71.4,43.0,1,12.0,17.1875,48.0,30.0,22.0,1.0,50,3.0,2,0.0
C1,1894,0.11475025288154173,107.80000000000001,61.400000000000006,1,10.4,17.1875,64.0,26.0,22.0,1.0,50,2.0,2,0.0
C1,1895,0.5869656237871508,42.7,33.099999999999994,1,8.8,17.1875,35.0,22.0,22.0,1.0,50,3.0,2,0.0
C1,1896,-0.053134420014135264,197.0,109.5,1,25.6,17.1875,121.0,64.0,22.0,1.0,50,3.0,1,0.0
C1,1897,0.13732460387568823,97.19999999999999,52.2,1,9.2,17.1875,53.0,23.0,22.0,1.0,50,2.0,2,0.0
C1,1898,0.7671814422697458,17.9,17.6,1,4.4,17.1875,19.0,11.0,22.0,1.0,50,2.0,0,0.0
C1,1899,-0.0416432472632178,196.8,108.0,1,28.4,17.1875,116.0,71.0,22.0,1.0,50,3.0,2,0.0
C1,1900,0.763858250896098,17.8,17.4,1,3.6,17.1875,16.0,9.0,22.0,1.0,50,2.0,0,0.0
C1,1901,0.5592086476351956,43.9,32.9,1,4.8,17.1875,39.0,12.0,22.0,1.0,50,1.0,0,0.0
C1,1902,0.07050414824617729,137.6,81.0,1,18.0,17.1875,83.0,45.0,22.0,1.0,50,3.0,0,0.0
C1,1903,0.10581839627232373,123.5,73.3,1,17.6,17.1875,75.0,44.0,22.0,1.0,50,3.0,0,0.0
C1,1904,0.14201614563294024,86.3,44.699999999999996,1,3.6,17.1875,42.0,9.0,22.0,1.0,50,1.0,2,0.0
C1,1905,-0.03097296636233085,190.4,104.5,1,26.8,17.1875,178.0,67.0,22.0,1.0,50,2.0,0,0.0
C1,1906,-0.047303651053454854,188.4,106.80000000000001,1,21.6,17.1875,136.0,54.0,22.0,1.0,50,2.0,0,0.0
C1,1907,-0.11304608910007591,196.39999999999998,109.39999999999999,1,11.6,17.1875,131.0,29.0,22.0,1.0,50,1.0,0,0.0
C1,1908,-0.04051983381090851,160.8,92.2,1,6.8,17.1875,99.0,17.0,22.0,1.0,50,1.0,0,0.0
C1,1909,-0.018538741297104533,157.1,97.0,1,9.6,17.1875,97.0,24.0,22.0,1.0,50,1.0,0,0.0
C1,1910,0.08987001922610259,109.3,58.6,1,5.6,17.1875,67.0,14.0,22.0,1.0,50,1.0,2,0.0
C1,1911,-0.13705563688159428,198.8,105.1,1,7.6,17.1875,116.0,19.0,22.0,1.0,50,1.0,1,0.0
C1,1912,0.03337763673422589,159.70000000000002,94.3,1,22.8,17.1875,99.0,57.0,22.0,1.0,50,3.0,2,0.0
C1,1913,0.7671814422697458,17.8,17.4,1,4.4,17.1875,19.0,11.0,22.0,1.0,50,2.0,0,0.0
C1,1914,0.4894065094559651,50.0,17.6,1,0.8,17.1875,6.0,2.0,22.0,1.0,50,1.0,0,0.0
C1,1915,0.09869762130259438,113.9,65.9,1,10.4,17.1875,65.0,26.0,22.0,1.0,50,2.0,0,0.0
C1,1916,0.04791414707876582,136.6,86.3,1,12.4,17.1875,81.0,31.0,22.0,1.0,50,2.0,1,0.0
C1,1917,0.758951238880883,17.8,17.6,1,2.4,17.1875,12.0,6.0,22.0,1.0,50,2.0,2,0.0
C1,1918,0.5887758002843917,39.4,32.099999999999994,1,2.4,17.1875,33.0,6.0,22.0,1.0,50,1.0,2,0.0
C1,1919,0.011104086978522776,154.70000000000002,93.8,1,14.8,17.1875,97.0,37.0,22.0,1.0,50,2.0,1,0.0
C1,1920,0.004950340584211649,169.2,96.9,1,22.0,17.1875,93.0,55.0,22.0,1.0,50,3.0,1,0.0
C1,1921,-0.1111529691855778,195.0,102.9,1,11.2,17.1875,149.0,28.0,22.0,1.0,50,1.0,2,0.0
C1,1922,-0.05192017379461508,193.39999999999998,105.5,1,23.6,17.1875,142.0,59.0,22.0,1.0,50,2.0,1,0.0
C1,1923,0.0010720418156078548,154.4,83.8,1,12.4,17.1875,90.0,31.0,22.0,1.0,50,2.0,1,0.0
C1,1924,-0.03111693147374414,192.8,105.6,1,28.4,17.1875,185.0,71.0,22.0,1.0,50,2.0,1,0.0
C1,1925,-0.09698090993703415,194.39999999999998,109.7,1,14.0,17.1875,156.0,35.0,22.0,1.0,50,1.0,2,0.0
C1,1926,-0.0740895763539017,190.5,103.5,1,16.8,17.1875,223.0,42.0,22.0,1.0,50,1.0,1,0.0
C1,1927,-0.022041167954150148,195.70000000000002,107.0,1,33.2,17.96875,147.0,83.0,23.0,1.0,50,3.0,1,0.0
C1,1928,-0.0031578947368420818,199.2,108.7,1,49.2,17.1875,213.0,123.0,22.0,1.0,50,3.0,1,0.0
C1,1929,-0.020946665224065242,198.0,109.3,1,35.6,17.1875,216.0,89.0,22.0,1.0,50,2.0,1,0.0
C1,1930,-0.09402466970169251,200.8,107.2,1,18.4,17.1875,225.0,46.0,22.0,1.0,50,1.0,2,0.0
C1,1931,-0.0035059728417438374,192.6,107.1,1,36.8,17.1875,159.0,92.0,22.0,1.0,50,3.0,0,0.0
C1,1932,-0.025078068531457248,183.2,105.5,1,23.6,17.1875,163.0,59.0,22.0,1.0,50,2.0,0,0.0
C1,1933,0.017894736842105297,191.20000000000002,107.80000000000001,1,53.6,17.1875,227.0,134.0,22.0,1.0,50,3.0,1,0.0
C1,1934,-0.1422067384284802,210.9,111.0,1,13.6,17.1875,153.0,34.0,22.0,1.0,50,1.0,0,0.0
C1,1935,-0.04672175734602865,199.3,110.5,1,28.8,17.1875,175.0,72.0,22.0,1.0,50,2.0,1,0.0
C1,1936,0.023157894736842155,189.20000000000002,105.39999999999999,1,51.2,17.1875,225.0,128.0,22.0,1.0,50,3.0,0,0.0
C1,1937,-0.019970367183873794,197.2,105.6,1,35.2,17.1875,243.0,88.0,22.0,1.0,50,2.0,1,0.0
C1,1938,0.023947368421052606,188.9,104.4,1,40.0,17.1875,186.0,100.0,22.0,1.0,50,3.0,1,0.0
C1,1939,-0.09253653054500571,203.6,113.9,1,20.4,17.1875,261.0,51.0,22.0,1.0,50,1.0,2,0.0
C1,1940,0.04236842105263165,178.7,95.0,2,58.4,17.1875,264.0,146.0,22.0,1.0,50,3.0,0,0.0
C1,1941,0.15644781512766795,113.9,61.3,2,23.4,16.796875,192.0,117.0,43.0,1.0,50,3.0,2,0.0
C1,1942,0.13204230150284907,106.0,61.9,2,13.2,16.796875,175.0,66.0,43.0,1.0,50,2.0,1,0.0
C1,1943,0.07342753461014412,117.5,68.0,2,6.8,16.796875,195.0,34.0,43.0,1.0,50,1.0,2,0.0
C1,1944,0.09706144598095137,112.5,60.400000000000006,2,9.2,16.796875,237.0,46.0,43.0,1.0,50,1.0,0,0.0
C1,1945,0.21868421052631581,114.9,64.3,2,20.4,16.796875,246.0,102.0,43.0,1.0,30,2.0,1,0.0
C1,1946,0.1525672790525716,123.0,64.60000000000001,2,8.4,16.796875,196.0,42.0,43.0,1.0,30,1.0,1,0.0
C1,1947,0.21716790823710694,111.4,61.0,2,19.8,16.796875,277.0,99.0,43.0,1.0,30,2.0,1,0.0
C1,1948,0.22026315789473686,114.3,62.9,2,28.6,16.796875,235.0,143.0,43.0,1.0,30,3.0,0,0.0
C1,1949,0.17996863608732663,114.0,59.8,2,9.4,16.796875,202.0,47.0,43.0,1.0,30,1.0,0,0.0
C1,1950,0.17967480240042624,116.8,64.69999999999999,2,11.4,16.796875,280.0,57.0,43.0,1.0,30,1.0,1,0.0
C1,1951,0.20276226891367075,111.9,61.3,2,14.6,16.796875,355.0,73.0,43.0,1.0,30,1.0,2,0.0
C1,1952,0.22105263157894736,114.0,62.5,2,28.4,16.796875,326.0,142.0,43.0,1.0,30,2.0,0,0.0
C1,1953,0.2355263157894737,105.30000000000001,57.0,3,31.866667,16.666666,288.0,239.0,64.0,1.0,30,3.0,1,0.0
C1,1954,0.24936502167378843,97.4,46.6,3,17.733334,16.666666,290.0,133.0,64.0,1.0,30,2.0,0,0.0
C1,1955,0.2731652964032484,87.2,45.0,3,16.533333,16.666666,303.0,124.0,64.0,1.0,30,2.0,0,0.0
C1,1956,0.2736842105263158,94.0,45.6,3,28.133333,16.666666,954.0,211.0,64.0,1.0,30,1.0,0,0.0
C1,1957,-0.03284202735844083,76.2,38.699999999999996,9,64.73333,16.536459,969.0,971.0,127.0,1.0,30,3.0,1,0.0
C1,1958,0.7535087719298246,38.5,25.9,9,27.11111,16.319445,829.0,610.0,188.0,1.0,30,3.0,1,0.0
C1,1959,0.7433333333333334,38.699999999999996,25.9,10,33.555557,16.493055,1017.0,755.0,190.0,1.0,30,3.0,0,0.0
C1,1960,0.7711632705175431,35.1,25.2,10,19.12,16.40625,900.0,478.0,210.0,1.0,30,2.0,0,0.0
C1,1961,0.7780701754385964,35.7,24.8,10,26.72,16.484375,921.0,668.0,211.0,1.0,30,3.0,1,0.0
C1,1962,0.712131619641786,38.5,25.8,10,9.32,16.484375,946.0,233.0,211.0,1.0,30,1.0,1,0.0
C1,1963,0.7568479270106232,33.7,24.8,10,10.04,16.484375,974.0,251.0,211.0,1.0,30,1.0,1,0.0
C1,1964,0.7640350877192983,37.3,25.1,10,28.4,16.484375,964.0,710.0,211.0,1.0,30,3.0,0,0.0
C1,1965,0.7549801055654466,37.1,25.0,10,19.76,16.484375,1021.0,494.0,211.0,1.0,30,2.0,1,0.0
C1,1966,0.5930770051957928,34.3,24.9,10,31.16,16.484375,1019.0,779.0,211.0,1.0,90,3.0,2,0.0
C1,1967,0.5139955428896175,38.1,25.0,10,9.84,16.484375,1021.0,246.0,211.0,1.0,90,1.0,0,0.0
C1,1968,0.5548855546709701,37.400000000000006,24.7,10,27.4,16.484375,859.0,685.0,211.0,1.0,90,3.0,0,0.0
C1,1969,0.5533801423367435,37.8,25.3,10,28.12,16.484375,975.0,703.0,211.0,1.0,90,3.0,1,0.0
C1,1970,0.25182050325089467,39.6,26.8,4,12.457143,16.517857,964.0,218.0,148.0,1.0,90,1.0,2,0.0
C1,1971,0.2899534420446317,64.60000000000001,37.8,4,64.3,16.601562,983.0,643.0,85.0,1.0,90,3.0,1,0.0
C1,1972,0.1380251739335198,61.800000000000004,38.0,4,22.6,16.601562,977.0,226.0,85.0,1.0,90,1.0,1,0.0
C1,1973,0.3195532672941711,56.9,37.0,4,66.6,16.601562,1013.0,666.0,85.0,1.0,90,3.0,1,0.0
C1,1974,0.30565834949172377,57.2,37.5,4,63.4,16.601562,970.0,634.0,85.0,1.0,90,3.0,0,0.0
C1,1975,0.26938382175806225,88.2,44.3,3,79.6,16.927084,936.0,597.0,65.0,1.0,90,3.0,0,0.0
C1,1976,0.09983080300018131,90.5,45.900000000000006,3,35.466667,16.666666,603.0,266.0,64.0,1.0,90,2.0,1,0.0
C1,1977,0.061002526734067725,88.8,44.3,3,19.866667,16.666666,209.0,149.0,64.0,1.0,90,3.0,2,0.0
C1,1978,0.048248956597423634,87.2,44.3,3,9.6,16.666666,159.0,72.0,64.0,1.0,90,2.0,2,0.0
C1,1979,0.0845692408257126,71.6,41.2,3,5.4666667,16.666666,165.0,41.0,64.0,1.0,90,1.0,1,0.0
C1,1980,0.015226685915810959,97.5,48.599999999999994,3,4.266667,16.666666,152.0,32.0,64.0,1.0,90,1.0,1,0.0
C1,1981,0.04654492000532279,109.89999999999999,57.2,2,17.2,16.796875,217.0,86.0,43.0,1.0,70,2.0,2,0.0
C1,1982,-0.15300554398431832,178.5,102.6,1,11.6,17.1875,163.0,29.0,22.0,1.0,70,1.0,2,0.0
C1,1983,-0.05096273156641848,191.1,105.0,1,42.4,17.1875,188.0,106.0,22.0,1.0,70,3.0,1,0.0
C1,1984,-0.17864887361798304,193.39999999999998,105.89999999999999,1,13.2,17.1875,174.0,33.0,22.0,1.0,70,1.0,1,0.0
C1,1985,-0.05820755415263054,193.20000000000002,107.7,1,42.0,17.1875,183.0,105.0,22.0,1.0,70,3.0,2,0.0
C1,1986,-0.12310826638687272,193.5,105.1,1,27.6,17.96875,193.0,69.0,23.0,1.0,70,2.0,0,0.0
C1,1987,-0.21410893288028093,208.4,117.9,1,14.4,17.1875,182.0,36.0,22.0,1.0,70,1.0,0,0.0
C1,1988,-0.18608665894204568,201.5,106.89999999999999,1,17.2,17.1875,214.0,43.0,22.0,1.0,70,1.0,2,0.0
C1,1989,-0.0807130069995192,193.70000000000002,105.5,1,37.2,17.1875,234.0,93.0,22.0,1.0,70,2.0,0,0.0
C1,1990,-0.08720553309444559,194.8,105.80000000000001,1,36.4,17.1875,251.0,91.0,22.0,1.0,70,2.0,2,0.0
C1,1991,-0.06997108596096896,190.29999999999998,106.1,1,37.6,17.1875,256.0,94.0,22.0,1.0,70,2.0,0,0.0
C1,1992,0.008052337538257737,189.70000000000002,103.9,1,58.4,17.1875,264.0,146.0,22.0,1.0,70,3.0,0,0.0
C1,1993,-0.11725357776818235,177.6,104.1,1,18.8,17.1875,247.0,47.0,22.0,1.0,70,1.0,2,0.0
C1,1994,-0.18470251498784024,198.8,112.8,1,15.6,17.1875,207.0,39.0,22.0,1.0,70,1.0,1,0.0
C1,1995,-0.0916011249629709,195.1,106.7,1,35.6,17.1875,229.0,89.0,22.0,1.0,70,2.0,2,0.0
C1,1996,-0.1775782969138029,201.1,111.19999999999999,1,19.2,17.1875,259.0,48.0,22.0,1.0,70,1.0,0,0.0
C1,1997,-0.09007729277012344,199.3,108.5,1,38.4,17.1875,248.0,96.0,22.0,1.0,70,2.0,2,0.0
C1,1998,-0.10098849040967503,192.5,107.30000000000001,1,32.0,17.1875,209.0,80.0,22.0,1.0,70,2.0,0,0.0
C1,1999,-0.017525612592486195,196.70000000000002,106.2,1,55.6,17.1875,247.0,139.0,22.0,1.0,70,3.0,0,0.0
C1,2000,-0.1489428830842851,190.8,104.6,1,19.6,17.1875,254.0,49.0,22.0,1.0,70,1.0,1,0.0
C1,2001,0.4503761467912464,48.2,36.1,1,3.6,17.1875,36.0,9.0,22.0,1.0,70,1.0,0,0.0
C1,2002,0.695856543421489,17.8,17.5,1,2.8,17.1875,8.0,7.0,22.0,1.0,70,3.0,0,0.0
C1,2003,0.4282301737168955,50.0,17.6,1,0.8,17.1875,6.0,2.0,22.0,1.0,70,1.0,2,0.0
C1,2004,0.692253329144211,17.8,17.3,1,1.2,17.1875,5.0,3.0,22.0,1.0,70,2.0,0,0.0
C1,2005,0.6987104359868719,17.6,17.4,1,4.0,17.1875,11.0,10.0,22.0,1.0,70,3.0,0,0.0
C1,2006,0.6977445678438781,17.7,17.4,1,3.6,17.1875,11.0,9.0,22.0,1.0,70,3.0,0,0.0
C1,2007,0.6940263352002114,17.7,17.3,1,2.0,17.1875,6.0,5.0,22.0,1.0,70,2.0,2,0.0
C1,2008,0.4290954344073689,50.0,17.3,1,1.2,17.1875,8.0,3.0,22.0,1.0,70,1.0,1,0.0
C1,2009,0.6931327226609154,17.8,17.4,1,1.6,17.1875,6.0,4.0,22.0,1.0,70,2.0,2,0.0
C1,2010,0.4290954344073689,50.0,17.5,1,1.2,17.1875,9.0,3.0,22.0,1.0,70,1.0,2,0.0
C1,2011,0.5048152805918527,42.8,32.7,1,6.4,17.1875,36.0,16.0,22.0,1.0,70,2.0,1,0.0
C1,2012,0.4282301737168955,50.0,17.5,1,0.8,17.1875,6.0,2.0,22.0,1.0,70,1.0,2,0.0
C1,2013,0.6949342494879829,17.8,17.4,1,2.4,17.1875,10.0,6.0,22.0,1.0,70,2.0,2,0.0
C1,2014,-0.18592466425068227,199.8,106.39999999999999,1,16.0,17.1875,104.0,40.0,22.0,1.0,70,2.0,0,0.0
C1,2015,0.43889855611306205,49.4,37.400000000000006,1,3.2,17.1875,42.0,8.0,22.0,1.0,70,1.0,0,0.0
C1,2016,0.06630100973934226,95.60000000000001,51.9,1,9.2,17.1875,55.0,23.0,22.0,1.0,70,2.0,0,0.0
C1,2017,-0.11011768866552557,191.89999999999998,109.2,1,29.6,17.1875,128.0,74.0,22.0,1.0,70,3.0,2,0.0
C1,2018,0.040067069737278374,99.2,51.9,1,2.8,17.1875,52.0,7.0,22.0,1.0,70,1.0,2,0.0
C1,2019,0.06118559520713694,98.9,64.69999999999999,1,10.4,17.1875,60.0,26.0,22.0,1.0,70,2.0,2,0.0
C1,2020,-0.05863434187507094,161.3,97.5,1,22.8,17.1875,97.0,57.0,22.0,1.0,70,3.0,2,0.0
C1,2021,0.04368421052631587,178.2,94.8,2,75.2,17.1875,345.0,188.0,22.0,1.0,70,3.0,0,0.0
C1,2022,0.19879017688119796,114.5,62.5,2,55.6,16.796875,670.0,278.0,43.0,1.0,70,2.0,1,0.0
C1,2023,0.6918189376318811,18.0,17.4,2,1.0,16.796875,10.0,5.0,43.0,1.0,70,1.0,0,0.0
C1,2024,0.692253329144211,17.6,17.2,2,1.2,16.796875,14.0,6.0,43.0,1.0,70,1.0,2,0.0
C1,2025,0.6931327226609154,17.6,17.3,2,1.6,16.796875,11.0,8.0,43.0,1.0,70,2.0,1,0.0
C1,2026,0.6935777461800914,17.9,17.2,2,1.8,16.796875,12.0,9.0,43.0,1.0,70,2.0,0,0.0
C1,2027,0.5861315983581061,32.300000000000004,21.7,2,2.0,16.796875,23.0,10.0,43.0,1.0,70,2.0,1,0.0
C1,2028,0.5891213749873863,32.599999999999994,24.400000000000002,1,7.6,17.1875,25.0,19.0,22.0,1.0,70,3.0,2,0.0
C1,2029,0.6949342494879829,18.0,17.4,1,2.4,17.1875,6.0,6.0,22.0,1.0,70,3.0,2,0.0
C1,2030,0.6931327226609154,17.8,17.5,1,1.6,17.1875,7.0,4.0,22.0,1.0,70,2.0,1,0.0
C1,2031,0.5058847962659866,42.8,33.099999999999994,1,6.8,17.1875,35.0,17.0,22.0,1.0,70,2.0,1,0.0
C1,2032,0.692253329144211,18.0,17.4,1,1.2,17.1875,10.0,3.0,22.0,1.0,70,1.0,0,0.0
C1,2033,0.5886859312233447,33.0,26.200000000000003,1,5.6,17.1875,23.0,14.0,22.0,1.0,70,2.0,2,0.0
C1,2034,0.6940263352002114,17.7,17.5,1,2.0,17.1875,7.0,5.0,22.0,1.0,70,2.0,2,0.0
C1,2035,0.695856543421489,17.7,17.4,1,2.8,17.1875,8.0,7.0,22.0,1.0,70,3.0,0,0.0
C1,2036,0.5808991617686847,33.0,26.8,1,2.4,17.1875,26.0,6.0,22.0,1.0,70,1.0,1,0.0
C1,2037,0.7006861961390762,17.7,17.5,1,4.8,17.1875,13.0,12.0,22.0,1.0,70,3.0,1,0.0
C1,2038,0.4299748279240733,50.0,17.3,1,1.6,17.1875,9.0,4.0,22.0,1.0,70,1.0,0,0.0
C1,2039,0.4282301737168955,50.0,17.3,1,0.8,17.1875,8.0,2.0,22.0,1.0,70,1.0,2,0.0
C1,2040,0.8440731476017553,20.1,17.6,1,2.0,17.1875,7.0,5.0,22.0,1.0,30,2.0,0,0.0
C1,2041,0.234286235318256,89.0,47.5,1,6.4,17.1875,40.0,16.0,22.0,1.0,30,2.0,1,0.0
C1,2042,0.8567577352788383,17.8,17.4,1,4.8,17.1875,13.0,12.0,22.0,1.0,30,3.0,0,0.0
C1,2043,0.5783284365275949,50.0,17.2,1,1.2,17.1875,7.0,3.0,22.0,1.0,30,1.0,2,0.0
C1,2044,0.843222663187408,17.8,17.4,1,1.6,17.1875,7.0,4.0,22.0,1.0,30,2.0,2,0.0
C1,2045,0.841486331264437,17.8,17.5,1,1.2,17.1875,12.0,3.0,22.0,1.0,30,1.0,0,0.0
C1,2046,0.8551053220002116,17.6,17.3,1,4.4,17.1875,13.0,11.0,22.0,1.0,30,3.0,2,0.0
C1,2047,0.580064768450566,50.0,17.4,1,1.6,17.1875,9.0,4.0,22.0,1.0,30,1.0,2,0.0
C1,2048,0.841486331264437,17.5,17.3,1,1.2,17.1875,10.0,3.0,22.0,1.0,30,1.0,0,0.0
C1,2049,0.8466688412521486,17.7,17.3,1,2.4,17.1875,6.0,6.0,22.0,1.0,30,3.0,0,0.0
C1,2050,0.8449503405842116,18.1,17.6,1,2.0,17.1875,8.0,5.0,22.0,1.0,30,2.0,2,0.0
C1,2051,0.7417306257836167,33.300000000000004,26.700000000000003,1,5.2,17.1875,24.0,13.0,22.0,1.0,30,2.0,2,0.0
C1,2052,0.8500762134230411,17.8,17.4,1,3.2,17.1875,9.0,8.0,22.0,1.0,30,3.0,1,0.0
C1,2053,0.8466688412521486,17.7,17.3,1,2.4,17.1875,6.0,6.0,22.0,1.0,30,3.0,1,0.0
C1,2054,0.8534405798950884,17.7,17.5,1,4.0,17.1875,11.0,10.0,22.0,1.0,30,3.0,0,0.0
C1,2055,0.8466688412521486,18.3,17.5,1,2.4,17.1875,7.0,6.0,22.0,1.0,30,2.0,0,0.0
C1,2056,0.8600234727923319,17.8,17.4,1,5.6,17.1875,16.0,14.0,22.0,1.0,30,3.0,0,0.0
C1,2057,0.8449503405842116,18.4,17.5,1,2.0,17.1875,14.0,5.0,22.0,1.0,30,1.0,1,0.0
C1,2058,0.7686612596786362,28.5,24.1,1,1.6,17.1875,20.0,4.0,22.0,1.0,30,1.0,0,0.0
C1,2059,0.7521287359502264,32.300000000000004,25.2,1,5.6,17.1875,28.0,14.0,22.0,1.0,30,2.0,2,0.0
C1,2060,0.7361784107596501,32.4,25.8,1,2.0,17.1875,21.0,5.0,22.0,1.0,30,1.0,1,0.0
C1,2061,0.34878881664001193,54.300000000000004,42.6,1,12.8,17.1875,48.0,32.0,22.0,1.0,30,3.0,0,0.0
C1,2062,0.7476006629692666,33.0,25.7,1,6.0,17.1875,25.0,15.0,22.0,1.0,30,3.0,0,0.0
C1,2063,0.7542901952881209,32.599999999999994,25.4,1,6.8,17.1875,25.0,17.0,22.0,1.0,30,3.0,2,0.0
C1,2064,0.7325881660966,33.2,26.200000000000003,1,2.8,17.1875,24.0,7.0,22.0,1.0,30,1.0,2,0.0
C1,2065,-0.0419064051579546,196.9,111.69999999999999,1,8.4,17.1875,114.0,21.0,22.0,1.0,30,1.0,0,0.0
C1,2066,-0.022304248357861683,197.2,105.7,1,14.4,17.1875,105.0,36.0,22.0,1.0,30,2.0,2,0.0
C1,2067,0.020263157894736927,190.29999999999998,103.4,1,23.2,17.1875,141.0,58.0,22.0,1.0,30,2.0,0,0.0
C1,2068,0.037894736842105314,183.60000000000002,103.2,1,22.0,17.1875,138.0,55.0,22.0,1.0,30,2.0,0,0.0
C1,2069,0.20997623981870453,96.4,54.4,1,5.2,17.1875,52.0,13.0,22.0,1.0,30,1.0,2,0.0
C1,2070,0.737019718445131,32.5,27.799999999999997,1,2.4,17.1875,22.0,6.0,22.0,1.0,30,1.0,1,0.0
C1,2071,0.01736842105263163,188.20000000000002,99.4,2,32.8,17.1875,149.0,82.0,22.0,1.0,30,3.0,1,0.0
C1,2072,0.213113548587976,106.1,56.099999999999994,2,13.0,16.796875,97.0,65.0,43.0,1.0,30,3.0,0,0.0
C1,2073,0.6054192222691355,47.6,28.8,2,2.6,16.796875,44.0,13.0,43.0,1.0,30,1.0,2,0.0
C1,2074,0.7421495715256994,32.4,23.599999999999998,2,3.4,16.796875,26.0,17.0,43.0,1.0,30,3.0,2,0.0
C1,2075,0.2608459236076703,80.4,43.5,2,7.4,16.796875,73.0,37.0,43.0,1.0,30,2.0,2,0.0
C1,2076,0.1800681623157558,110.8,61.400000000000006,2,7.2,17.1875,151.0,36.0,44.0,1.0,30,1.0,1,0.0
C1,2077,0.22474407445206201,103.8,69.7,1,18.0,17.1875,80.0,45.0,22.0,1.0,30,3.0,2,0.0
C1,2078,-0.02011438496900786,199.3,109.10000000000001,1,17.2,17.1875,102.0,43.0,22.0,1.0,30,2.0,1,0.0
C1,2079,0.17821469805698598,109.7,79.0,1,6.0,17.1875,80.0,15.0,22.0,1.0,30,1.0,1,0.0
C1,2080,0.07453785690529621,160.39999999999998,97.60000000000001,1,14.4,17.1875,93.0,36.0,22.0,1.0,30,2.0,2,0.0
C1,2081,0.09105263157894739,160.20000000000002,83.0,2,21.6,16.40625,169.0,108.0,42.0,1.0,30,3.0,2,0.0
C1,2082,0.20553354813627256,114.3,60.0,2,18.0,16.796875,132.0,90.0,43.0,1.0,30,3.0,1,0.0
C1,2083,0.1584629621371847,116.9,63.70000000000001,2,5.8,16.796875,112.0,29.0,43.0,1.0,30,1.0,1,0.0
C1,2084,0.31560219688719265,59.0,38.199999999999996,2,7.0,16.796875,67.0,35.0,43.0,1.0,30,2.0,1,0.0
C1,2085,0.6870388409673907,38.1,30.599999999999998,2,2.2,16.796875,44.0,11.0,43.0,1.0,30,1.0,1,0.0
C1,2086,0.2316353972918808,91.5,49.5,2,7.4,16.796875,88.0,37.0,43.0,1.0,30,2.0,2,0.0
C1,2087,0.30973840448356593,55.599999999999994,37.8,1,5.4,16.796875,59.0,27.0,43.0,1.0,30,2.0,0,0.0
C1,2088,0.25083232068686606,89.5,46.4,1,11.2,17.1875,45.0,28.0,22.0,1.0,30,3.0,0,0.0
C1,2089,0.12457829032422243,139.5,83.5,1,12.8,17.1875,85.0,32.0,22.0,1.0,30,2.0,2,0.0
C1,2090,0.25167083891937336,96.4,65.8,1,17.6,17.1875,70.0,44.0,22.0,1.0,30,3.0,1,0.0
C1,2091,0.014210526315789507,192.6,107.0,1,27.6,17.1875,167.0,69.0,22.0,1.0,30,2.0,0,0.0
C1,2092,0.13743259374740144,136.5,84.1,1,14.4,17.1875,88.0,36.0,22.0,1.0,30,2.0,1,0.0
C1,2093,-0.029203293968990546,203.5,110.8,1,18.0,17.1875,114.0,45.0,22.0,1.0,30,2.0,0,0.0
C1,2094,0.02947368421052636,183.60000000000002,94.60000000000001,2,27.6,16.796875,157.0,138.0,43.0,1.0,30,3.0,0,0.0
C1,2095,0.19333668264725928,102.1,58.4,2,4.8,16.796875,113.0,24.0,43.0,1.0,30,1.0,0,0.0
C1,2096,0.17112700084848254,116.8,60.6,2,9.0,16.796875,113.0,45.0,43.0,1.0,30,2.0,1,0.0
C1,2097,0.30255350841048784,58.7,39.699999999999996,2,3.6,16.796875,68.0,18.0,43.0,1.0,30,1.0,1,0.0
C1,2098,0.17722282614471882,118.5,64.0,2,12.0,16.796875,132.0,60.0,43.0,1.0,30,2.0,1,0.0
C1,2099,0.24459403568369537,88.6,48.599999999999994,2,8.8,16.796875,70.0,44.0,43.0,1.0,30,3.0,2,0.0
C1,2100,0.08199087818888684,157.29999999999998,91.89999999999999,1,17.2,17.1875,95.0,43.0,22.0,1.0,30,2.0,1,0.0
C1,2101,-0.013827016947883491,186.79999999999998,108.2,1,8.8,17.1875,102.0,22.0,22.0,1.0,30,1.0,1,0.0
C1,2102,0.19953785690529618,112.9,65.8,1,14.4,17.1875,64.0,36.0,22.0,1.0,30,3.0,2,0.0
C1,2103,0.1901758979160374,116.0,65.4,1,14.0,17.1875,65.0,35.0,22.0,1.0,30,3.0,0,0.0
C1,2104,-0.02172454227633383,194.1,106.1,1,12.0,17.1875,165.0,30.0,22.0,1.0,30,1.0,0,0.0
C1,2105,0.14221058515810636,120.89999999999999,63.9,1,4.4,17.1875,68.0,11.0,22.0,1.0,30,1.0,0,0.0
C1,2106,0.34832981609904745,50.3,40.099999999999994,1,9.6,17.1875,40.0,24.0,22.0,1.0,30,3.0,0,0.0
C1,2107,0.7387285169737932,32.5,25.7,1,2.8,17.1875,24.0,7.0,22.0,1.0,30,1.0,1,0.0
C1,2108,0.6386727046511114,44.1,33.2,1,3.2,17.1875,33.0,8.0,22.0,1.0,30,1.0,2,0.0
C1,2109,0.7334095467563746,33.300000000000004,25.6,1,3.2,17.1875,27.0,8.0,22.0,1.0,30,1.0,0,0.0
C1,2110,0.668430701392944,40.9,32.300000000000004,1,3.6,17.1875,33.0,9.0,22.0,1.0,30,1.0,0,0.0
C1,2111,0.12036776400843296,141.1,82.10000000000001,1,12.8,17.1875,83.0,32.0,22.0,1.0,30,2.0,1,0.0
C1,2112,0.08558311910961755,144.9,87.3,1,6.0,17.1875,83.0,15.0,22.0,1.0,30,1.0,0,0.0
C1,2113,0.18228405106831191,106.30000000000001,70.1,1,4.8,17.1875,70.0,12.0,22.0,1.0,30,1.0,2,0.0
C1,2114,0.15114356304499887,127.90000000000002,75.0,1,11.6,17.1875,76.0,29.0,22.0,1.0,30,2.0,0,0.0
C1,2115,0.14085763599996626,125.7,76.30000000000001,1,7.2,17.1875,77.0,18.0,22.0,1.0,30,1.0,2,0.0
C1,2116,0.128421052631579,149.2,88.2,1,20.4,17.1875,93.0,51.0,22.0,1.0,30,3.0,2,0.0
C1,2117,0.3048421641054747,59.1,39.9,1,4.4,17.1875,40.0,11.0,22.0,1.0,30,1.0,2,0.0
C1,2118,0.6815885961297861,39.4,30.0,1,3.6,17.1875,36.0,9.0,22.0,1.0,30,1.0,0,0.0
C1,2119,0.6521287359502266,43.7,33.300000000000004,1,5.6,17.1875,33.0,14.0,22.0,1.0,30,2.0,2,0.0
C1,2120,0.737019718445131,32.5,25.5,1,2.4,17.1875,21.0,6.0,22.0,1.0,30,1.0,2,0.0
C1,2121,0.6481498444109279,44.699999999999996,34.5,1,6.8,17.1875,39.0,17.0,22.0,1.0,30,2.0,1,0.0
C1,2122,-0.0354884765878391,196.70000000000002,104.6,1,10.0,17.1875,127.0,25.0,22.0,1.0,30,1.0,1,0.0
C1,2123,0.0012259310204882912,193.3,105.2,1,19.6,17.1875,128.0,49.0,22.0,1.0,30,2.0,0,0.0
C1,2124,-0.20467255449513067,202.3,111.8,1,12.4,17.1875,134.0,31.0,22.0,1.0,70,1.0,2,0.0
C1,2125,-0.16199049542192206,192.89999999999998,103.5,1,17.6,17.1875,112.0,44.0,22.0,1.0,70,2.0,1,0.0
C1,2126,-0.12565629453755905,191.20000000000002,105.7,1,25.6,17.1875,107.0,64.0,22.0,1.0,70,3.0,2,0.0
C1,2127,-0.17528216876786262,188.29999999999998,103.1,1,10.0,17.1875,144.0,25.0,22.0,1.0,70,1.0,0,0.0
C1,2128,-0.15210139462861239,196.20000000000002,103.4,1,22.4,17.1875,137.0,56.0,22.0,1.0,70,2.0,1,0.0
C1,2129,0.027222514617218918,106.30000000000001,57.2,1,5.2,17.1875,55.0,13.0,22.0,1.0,70,1.0,0,0.0
C1,2130,0.014000650454618221,128.3,76.2,1,19.2,17.1875,79.0,48.0,22.0,1.0,70,3.0,2,0.0
C1,2131,-0.1269493942852396,194.3,104.80000000000001,1,27.2,17.1875,112.0,68.0,22.0,1.0,70,3.0,2,0.0
C1,2132,-0.03172485380383375,128.70000000000002,86.1,1,5.2,17.1875,75.0,13.0,22.0,1.0,70,1.0,1,0.0
C1,2133,0.030117251459324174,105.2,56.0,1,5.2,17.1875,58.0,13.0,22.0,1.0,70,1.0,0,0.0
C1,2134,0.146907090804554,70.7,44.6,1,14.0,17.1875,46.0,35.0,22.0,1.0,70,3.0,0,0.0
C1,2135,0.0662699067258124,90.7,58.0,1,4.4,17.1875,61.0,11.0,22.0,1.0,70,1.0,0,0.0
C1,2136,0.13042303824433954,66.69999999999999,45.900000000000006,1,4.8,17.1875,48.0,12.0,22.0,1.0,70,1.0,1,0.0
C1,2137,0.02268113633454938,111.3,73.1,1,8.4,17.1875,60.0,21.0,22.0,1.0,70,2.0,0,0.0
C1,2138,-0.09855624319805073,166.6,91.1,1,16.0,17.1875,100.0,40.0,22.0,1.0,70,2.0,2,0.0
C1,2139,-0.04279383396762393,140.3,83.7,1,12.0,17.1875,82.0,30.0,22.0,1.0,70,2.0,2,0.0
C1,2140,0.05301198830142942,96.5,55.7,1,5.2,17.1875,59.0,13.0,22.0,1.0,70,1.0,2,0.0
C1,2141,0.05477967927716558,160.8,76.7,2,88.8,17.1875,400.0,222.0,22.0,1.0,70,3.0,2,0.0
C1,2142,0.07979726905726006,114.1,62.1,2,26.2,16.796875,603.0,131.0,43.0,1.0,70,1.0,2,0.0
C1,2143,0.6918189376318811,18.0,17.2,2,1.0,16.796875,12.0,5.0,43.0,1.0,70,1.0,0,0.0
C1,2144,-0.026419067018818354,126.3,65.8,2,4.8,16.796875,113.0,24.0,43.0,1.0,70,1.0,1,0.0
C1,2145,0.4944784996498038,42.8,28.7,2,2.2,16.796875,46.0,11.0,43.0,1.0,70,1.0,0,0.0
C1,2146,0.6977445678438781,17.8,17.3,2,3.6,16.796875,19.0,18.0,43.0,1.0,70,3.0,2,0.0
C1,2147,0.5946218159602294,32.099999999999994,24.6,1,8.0,17.1875,27.0,20.0,22.0,1.0,70,3.0,2,0.0
C1,2148,0.5851771592935202,33.4,26.1,1,5.6,17.1875,26.0,14.0,22.0,1.0,70,2.0,2,0.0
C1,2149,0.5870395126458776,32.300000000000004,24.0,1,2.4,17.1875,24.0,6.0,22.0,1.0,70,1.0,2,0.0
C1,2150,0.5256905242417951,40.300000000000004,33.0,1,6.0,17.1875,36.0,15.0,22.0,1.0,70,2.0,2,0.0
C1,2151,0.5006216383712497,43.4,34.0,1,6.8,17.1875,34.0,17.0,22.0,1.0,70,2.0,0,0.0
C1,2152,0.695856543421489,17.9,17.4,1,2.8,17.1875,11.0,7.0,22.0,1.0,70,2.0,2,0.0
C1,2153,0.6666701724931865,17.6,17.4,1,4.4,17.1875,12.0,11.0,22.0,1.0,90,3.0,0,0.0
C1,2154,0.6655552192464198,17.8,17.5,1,3.2,17.1875,13.0,8.0,22.0,1.0,90,2.0,0,0.0
C1,2155,0.6670591094997571,17.7,17.4,1,4.8,17.1875,13.0,12.0,22.0,1.0,90,3.0,1,0.0
C1,2156,-0.1294066161353406,163.6,98.19999999999999,1,22.8,17.1875,99.0,57.0,22.0,1.0,90,3.0,0,0.0
C1,2157,-0.005172096034155305,107.5,59.7,1,9.6,17.1875,51.0,24.0,22.0,1.0,90,2.0,2,0.0
C1,2158,0.1415024018048799,51.2,41.7,1,8.4,17.1875,47.0,21.0,22.0,1.0,90,2.0,0,0.0
C1,2159,0.5485337205292576,33.300000000000004,25.3,1,2.8,17.1875,21.0,7.0,22.0,1.0,90,1.0,0,0.0
C1,2160,0.5559819006822538,32.9,25.9,1,6.8,17.1875,23.0,17.0,22.0,1.0,90,3.0,2,0.0
C1,2161,-0.1720685011708195,188.0,105.2,1,30.8,17.1875,129.0,77.0,22.0,1.0,90,3.0,0,0.0
C1,2162,-0.05804536672859842,128.39999999999998,73.89999999999999,1,11.2,17.1875,71.0,28.0,22.0,1.0,90,2.0,2,0.0
C1,2163,0.07140657727992368,79.0,45.6,1,10.8,17.1875,41.0,27.0,22.0,1.0,90,3.0,0,0.0
C1,2164,-0.02755138409386848,116.2,66.9,1,10.0,17.1875,64.0,25.0,22.0,1.0,90,2.0,0,0.0
C1,2165,0.5612450585769906,32.300000000000004,25.0,1,6.8,17.1875,22.0,17.0,22.0,1.0,90,3.0,0,0.0
C1,2166,0.5476565275468015,33.4,26.1,1,2.8,17.1875,26.0,7.0,22.0,1.0,90,1.0,2,0.0
C1,2167,0.5015959357699731,39.1,33.099999999999994,1,6.8,17.1875,39.0,17.0,22.0,1.0,90,2.0,2,0.0
C1,2168,-0.21410008268719438,185.79999999999998,106.30000000000001,1,7.2,17.1875,132.0,18.0,22.0,1.0,90,1.0,2,0.0
C1,2169,-0.17913403716171367,185.5,102.3,1,26.0,17.1875,117.0,65.0,22.0,1.0,90,3.0,1,0.0
C1,2170,-0.006696686204179569,109.10000000000001,69.6,1,11.6,17.1875,70.0,29.0,22.0,1.0,90,2.0,2,0.0
C1,2171,0.006659142221921016,103.2,57.2,1,10.0,17.1875,55.0,25.0,22.0,1.0,90,2.0,0,0.0
C1,2172,0.40070356569969146,50.0,17.5,1,1.2,17.1875,7.0,3.0,22.0,1.0,90,1.0,0,0.0
C1,2173,0.6659183675801024,17.8,17.5,1,3.6,17.1875,15.0,9.0,22.0,1.0,90,2.0,0,0.0
C1,2174,-0.1781852015836301,187.20000000000002,102.8,1,28.0,17.1875,124.0,70.0,22.0,1.0,90,3.0,1,0.0
C1,2175,0.5555512643889068,32.5,25.8,1,2.8,17.1875,22.0,7.0,22.0,1.0,90,1.0,0,0.0
C1,2176,0.6652003871959242,17.8,17.5,1,2.8,17.1875,13.0,7.0,22.0,1.0,90,2.0,0,0.0
C1,2177,-0.10029413715116176,141.9,85.3,1,5.6,17.1875,80.0,14.0,22.0,1.0,90,1.0,0,0.0
C1,2178,0.6645151185065423,18.2,17.5,1,2.0,17.1875,17.0,5.0,22.0,1.0,90,1.0,1,0.0
C1,2179,-0.2120790376973386,196.1,107.2,1,24.0,17.1875,107.0,60.0,22.0,1.0,90,3.0,2,0.0
C1,2180,-0.06521394329348101,132.0,80.3,1,12.8,17.1875,78.0,32.0,22.0,1.0,90,2.0,1,0.0
C1,2181,-0.19199808741368446,194.20000000000002,105.39999999999999,1,29.6,17.1875,124.0,74.0,22.0,1.0,90,3.0,0,0.0
C1,2182,0.02676854467889274,96.60000000000001,54.6,1,12.0,17.1875,52.0,30.0,22.0,1.0,90,3.0,1,0.0
C1,2183,-0.21556000240262418,191.1,105.5,1,16.0,17.1875,116.0,40.0,22.0,1.0,90,2.0,0,0.0
C1,2184,-0.2264137024545811,197.2,105.2,1,18.8,17.1875,116.0,47.0,22.0,1.0,90,2.0,0,0.0
C1,2185,-0.21438424298472197,198.5,111.4,1,25.6,17.1875,112.0,64.0,22.0,1.0,90,3.0,1,0.0
C1,2186,-0.26122500166744467,205.4,113.4,1,10.8,17.1875,129.0,27.0,22.0,1.0,90,1.0,0,0.0
C1,2187,-0.14059704668616718,157.70000000000002,92.1,1,6.8,17.1875,99.0,17.0,22.0,1.0,90,1.0,0,0.0
C1,2188,0.11488226116424148,62.9,43.9,1,11.6,17.1875,47.0,29.0,22.0,1.0,90,3.0,2,0.0
C1,2189,-0.20045924771428797,190.6,101.9,1,22.8,17.1875,97.0,57.0,22.0,1.0,90,3.0,2,0.0
C1,2190,-0.25176191040965784,201.4,110.2,1,10.0,17.1875,105.0,25.0,22.0,1.0,90,1.0,0,0.0
C1,2191,-0.17530763756689455,189.70000000000002,104.89999999999999,1,31.2,17.1875,130.0,78.0,22.0,1.0,90,3.0,1,0.0
C1,2192,0.6648537330978317,18.0,17.4,1,2.4,17.1875,19.0,6.0,22.0,1.0,90,1.0,2,0.0
C1,2193,-0.0481370541959682,122.39999999999999,72.9,1,6.4,17.1875,76.0,16.0,22.0,1.0,90,1.0,1,0.0
C1,2194,-0.08936324058193135,138.4,87.2,1,7.2,17.1875,89.0,18.0,22.0,1.0,90,1.0,0,0.0
C1,2195,0.5542990289614085,32.9,25.5,1,5.2,17.1875,27.0,13.0,22.0,1.0,90,2.0,2,0.0
C1,2196,0.6666701724931865,18.2,17.7,1,4.4,17.1875,13.0,11.0,22.0,1.0,90,3.0,1,0.0
C1,2197,0.4542990289614085,44.3,33.7,1,5.2,17.1875,32.0,13.0,22.0,1.0,90,2.0,1,0.0
C1,2198,0.6645151185065423,18.2,17.5,1,2.0,17.1875,6.0,5.0,22.0,1.0,90,3.0,1,0.0
C1,2199,0.6641844064673916,17.6,17.4,1,1.6,17.1875,7.0,4.0,22.0,1.0,90,2.0,2,0.0
C1,2200,0.6648537330978317,18.1,17.5,1,2.4,17.1875,6.0,6.0,22.0,1.0,90,3.0,1,0.0
C1,2201,-0.0955867417365781,197.3,109.60000000000001,1,36.0,17.1875,238.0,90.0,22.0,1.0,70,2.0,1,0.0
C1,2202,0.055268194923777256,141.7,73.0,3,99.2,16.796875,695.0,496.0,43.0,1.0,70,3.0,0,0.0
C1,2203,0.6916749237702937,17.6,17.2,3,0.93333334,16.666666,7.0,7.0,64.0,1.0,70,3.0,0,0.0
C1,2204,0.6919633429805396,17.7,17.1,3,1.0666667,16.666666,7.0,8.0,64.0,1.0,70,3.0,1,0.0
C1,2205,0.6913880684537377,17.9,17.3,3,0.8,16.666666,7.0,6.0,64.0,1.0,70,2.0,1,0.0
C1,2206,0.6925448856648679,17.8,17.4,3,1.3333334,16.666666,8.0,10.0,64.0,1.0,70,3.0,2,0.0
C1,2207,0.6931327226609154,18.1,17.5,3,1.6,16.666666,11.0,12.0,64.0,1.0,70,3.0,2,0.0
C1,2208,0.6771842299370536,18.5,17.6,1,2.0,17.1875,8.0,5.0,22.0,1.0,70,2.0,0,0.0
C1,2209,0.593234383890918,32.599999999999994,25.9,1,6.0,17.1875,21.0,15.0,22.0,1.0,70,3.0,0,0.0
C1,2210,0.5834835998538979,32.5,26.3,1,1.6,17.1875,22.0,4.0,22.0,1.0,70,1.0,0,0.0
C1,2211,0.695856543421489,17.8,17.5,1,2.8,17.1875,11.0,7.0,22.0,1.0,70,2.0,0,0.0
C1,2212,0.6940263352002114,17.9,17.4,1,2.0,17.1875,8.0,5.0,22.0,1.0,70,2.0,0,0.0
C1,2213,0.6931327226609154,17.8,17.5,1,1.6,17.1875,6.0,4.0,22.0,1.0,70,2.0,1,0.0
C1,2214,0.6940263352002114,18.2,17.5,1,2.0,17.1875,5.0,5.0,22.0,1.0,70,3.0,1,0.0
C1,2215,0.6949342494879829,17.8,17.5,1,2.4,17.1875,10.0,6.0,22.0,1.0,70,2.0,0,0.0
C1,2216,0.7037606996803916,18.0,17.6,1,6.0,17.1875,18.0,15.0,22.0,1.0,70,3.0,1,0.0
C1,2217,0.6931327226609154,17.8,17.4,1,1.6,17.1875,13.0,4.0,22.0,1.0,70,1.0,0,0.0
C1,2218,0.6987104359868719,17.9,17.5,1,4.0,17.1875,16.0,10.0,22.0,1.0,70,2.0,0,0.0
C1,2219,0.6940263352002114,17.6,17.3,1,2.0,17.1875,8.0,5.0,22.0,1.0,70,2.0,0,0.0
C1,2220,0.6996909593573912,18.599999999999998,17.6,1,4.4,17.1875,14.0,11.0,22.0,1.0,70,3.0,2,0.0
C1,2221,0.5897256119610933,33.0,25.7,1,6.0,17.1875,22.0,15.0,22.0,1.0,70,3.0,1,0.0
C1,2222,0.7006861961390762,17.7,17.4,1,4.8,17.1875,13.0,12.0,22.0,1.0,70,3.0,2,0.0
C1,2223,0.692253329144211,18.2,17.6,1,1.2,17.1875,10.0,3.0,22.0,1.0,70,1.0,0,0.0
C1,2224,0.4299748279240733,50.0,17.5,1,1.6,17.1875,9.0,4.0,22.0,1.0,70,1.0,1,0.0
C1,2225,0.6967932929551672,17.6,17.3,1,3.2,17.1875,13.0,8.0,22.0,1.0,70,2.0,1,0.0
C1,2226,0.6931327226609154,17.7,17.4,1,1.6,17.1875,12.0,4.0,22.0,1.0,70,1.0,1,0.0
C1,2227,0.006358243928944754,122.6,71.8,1,12.8,17.1875,74.0,32.0,22.0,1.0,70,2.0,2,0.0
C1,2228,0.12195935672248205,70.3,45.3,1,5.2,17.1875,48.0,13.0,22.0,1.0,70,1.0,2,0.0
C1,2229,-0.12460887477699811,176.5,102.5,1,16.0,17.1875,107.0,40.0,22.0,1.0,70,2.0,2,0.0
C1,2230,-0.0809000186978781,158.29999999999998,94.39999999999999,1,14.8,17.1875,94.0,37.0,22.0,1.0,70,2.0,2,0.0
C1,2231,0.03292906395952816,116.1,66.10000000000001,1,15.6,17.1875,62.0,39.0,22.0,1.0,70,3.0,0,0.0
C1,2232,-0.1616344936761861,196.8,105.6,1,20.4,17.1875,116.0,51.0,22.0,1.0,70,2.0,0,0.0
C1,2233,-0.020473033755908088,141.4,95.69999999999999,1,19.2,17.1875,80.0,48.0,22.0,1.0,70,3.0,2,0.0
C1,2234,0.04586596283828637,100.0,68.7,1,6.0,17.1875,80.0,15.0,22.0,1.0,70,1.0,0,0.0
C1,2235,-0.06857122162980617,141.2,82.0,1,3.6,17.1875,81.0,9.0,22.0,1.0,70,1.0,0,0.0
C1,2236,-0.02729193189855572,127.8,72.9,1,6.0,17.1875,76.0,15.0,22.0,1.0,70,1.0,1,0.0
C1,2237,0.1277839296998922,75.0,44.900000000000006,1,11.6,17.1875,46.0,29.0,22.0,1.0,70,3.0,0,0.0
C1,2238,-0.05463524866975458,147.79999999999998,88.4,1,14.4,17.1875,94.0,36.0,22.0,1.0,70,2.0,2,0.0
C1,2239,0.46848976105669876,48.099999999999994,35.0,1,10.0,17.1875,35.0,25.0,22.0,1.0,70,3.0,2,0.0
C1,2240,0.6931327226609154,17.9,17.5,1,1.6,17.1875,6.0,4.0,22.0,1.0,70,2.0,2,0.0
C1,2241,-0.014384244215251724,122.5,75.6,1,5.6,17.1875,78.0,14.0,22.0,1.0,70,1.0,2,0.0
C1,2242,0.517042813457913,40.599999999999994,32.300000000000004,1,3.6,17.1875,39.0,9.0,22.0,1.0,70,1.0,1,0.0
C1,2243,0.6940263352002114,17.7,17.3,1,2.0,17.1875,17.0,5.0,22.0,1.0,70,1.0,1,0.0
C1,2244,-0.09611559323399296,192.70000000000002,105.39999999999999,1,13.2,17.1875,132.0,33.0,22.0,1.0,50,1.0,2,0.0
C1,2245,-0.13288825486354006,195.89999999999998,104.80000000000001,1,6.8,17.1875,102.0,17.0,22.0,1.0,50,1.0,1,0.0
C1,2246,-0.012777173855281182,190.70000000000002,107.30000000000001,1,32.0,17.1875,138.0,80.0,22.0,1.0,50,3.0,0,0.0
C1,2247,0.030353049735530574,160.20000000000002,96.3,1,22.4,17.1875,92.0,56.0,22.0,1.0,50,3.0,2,0.0
C1,2248,0.11017798054500816,125.9,74.2,1,20.0,17.1875,78.0,50.0,22.0,1.0,50,3.0,0,0.0
C1,2249,0.1744515152204485,94.0,54.199999999999996,1,15.6,17.1875,57.0,39.0,22.0,1.0,50,3.0,0,0.0
C1,2250,0.03999481216074574,128.89999999999998,76.30000000000001,1,6.0,17.1875,72.0,15.0,22.0,1.0,50,1.0,2,0.0
C1,2251,0.07104744373969307,117.1,71.2,1,6.0,17.1875,64.0,15.0,22.0,1.0,50,1.0,1,0.0
C1,2252,-0.03619544155655499,195.3,107.80000000000001,1,28.8,17.1875,126.0,72.0,22.0,1.0,50,3.0,2,0.0
C1,2253,0.08228324370290291,136.5,81.60000000000001,1,20.0,17.1875,86.0,50.0,22.0,1.0,50,3.0,0,0.0
C1,2254,0.5527770481765796,47.0,33.7,1,9.6,17.1875,33.0,24.0,22.0,1.0,50,3.0,1,0.0
C1,2255,0.13159616594136836,92.8,54.1,1,5.2,17.1875,56.0,13.0,22.0,1.0,50,1.0,2,0.0
C1,2256,-0.07231879477633113,174.2,94.2,1,7.6,17.1875,92.0,19.0,22.0,1.0,50,1.0,2,0.0
C1,2257,0.1311403930712447,108.39999999999999,63.70000000000001,1,14.4,17.1875,63.0,36.0,22.0,1.0,50,3.0,2,0.0
C1,2258,0.6493021160738655,32.5,25.8,1,2.4,17.1875,22.0,6.0,22.0,1.0,50,1.0,1,0.0
C1,2259,0.12230799510552712,114.5,63.8,1,16.0,17.1875,66.0,40.0,22.0,1.0,50,3.0,1,0.0
C1,2260,-0.07043642394867997,198.5,104.6,1,22.4,17.1875,144.0,56.0,22.0,1.0,50,2.0,2,0.0
C1,2261,0.0644736842105263,170.3,87.5,2,48.0,16.796875,351.0,240.0,43.0,1.0,50,3.0,0,0.0
C1,2262,0.2321052631578947,103.4,50.4,4,56.4,16.601562,698.0,564.0,85.0,1.0,50,3.0,1,0.0
C1,2263,0.6419811644392983,33.8,23.2,4,3.4,16.601562,34.0,34.0,85.0,1.0,50,3.0,1,0.0
C1,2264,0.5930956791584459,39.0,24.9,4,2.6,16.601562,47.0,26.0,85.0,1.0,50,2.0,0,0.0
C1,2265,0.584283270648295,39.5,28.0,4,1.5,16.601562,71.0,15.0,85.0,1.0,50,1.0,1,0.0
C1,2266,0.23604744373969305,54.4,36.1,4,6.0,16.601562,131.0,60.0,85.0,1.0,50,2.0,0,0.0
C1,2267,0.4957933441440409,50.0,31.0,4,2.4,16.601562,80.0,24.0,85.0,1.0,50,1.0,1,0.0
C1,2268,-0.26617032024447307,203.2,97.4,1,9.6,17.1875,137.0,24.0,22.0,1.0,50,1.0,0,0.0
C1,2269,0.757337347487159,18.1,17.4,1,2.0,17.1875,8.0,5.0,22.0,1.0,50,2.0,0,0.0
C1,2270,0.7541437003574938,18.1,17.4,1,1.2,17.1875,5.0,3.0,22.0,1.0,50,2.0,0,0.0
C1,2271,0.5826016095800883,43.6,33.6,1,9.6,17.1875,39.0,24.0,22.0,1.0,50,3.0,1,0.0
C1,2272,0.4909858056206518,50.0,17.4,1,1.2,17.1875,4.0,3.0,22.0,1.0,50,2.0,2,0.0
C1,2273,0.757337347487159,17.8,17.5,1,2.0,17.1875,11.0,5.0,22.0,1.0,50,1.0,1,0.0
C1,2274,0.7773749030311967,17.6,17.4,1,6.8,17.1875,19.0,17.0,22.0,1.0,50,3.0,0,0.0
C1,2275,0.7605761873560926,17.7,17.3,1,2.8,17.1875,9.0,7.0,22.0,1.0,50,2.0,1,0.0
C1,2276,0.7541437003574938,17.6,17.3,1,1.2,17.1875,10.0,3.0,22.0,1.0,50,1.0,0,0.0
C1,2277,0.49257686202316864,50.0,17.4,1,1.6,17.1875,9.0,4.0,22.0,1.0,50,1.0,1,0.0
C1,2278,0.4909858056206518,50.0,17.5,1,1.2,17.1875,6.0,3.0,22.0,1.0,50,1.0,2,0.0
C1,2279,0.7557347567600108,17.8,17.4,1,1.6,17.1875,6.0,4.0,22.0,1.0,50,2.0,0,0.0
C1,2280,0.758951238880883,18.3,17.5,1,2.4,17.1875,5.0,6.0,22.0,1.0,50,3.0,2,0.0
C1,2281,0.758951238880883,18.0,17.6,1,2.4,17.1875,15.0,6.0,22.0,1.0,50,1.0,1,0.0
C1,2282,0.4909858056206518,50.0,17.5,1,1.2,17.1875,6.0,3.0,22.0,1.0,50,1.0,0,0.0
C1,2283,0.758951238880883,17.9,17.4,1,2.4,17.1875,4.0,6.0,22.0,1.0,50,3.0,2,0.0
C1,2284,0.4909858056206518,50.0,17.5,1,1.2,17.1875,6.0,3.0,22.0,1.0,50,1.0,1,0.0
C1,2285,0.49257686202316864,50.0,17.2,1,1.6,17.1875,8.0,4.0,22.0,1.0,50,1.0,1,0.0
C1,2286,0.24706144598095137,55.5,40.599999999999994,1,9.2,17.1875,48.0,23.0,22.0,1.0,50,2.0,0,0.0
C1,2287,0.07953845420970312,140.2,80.8,1,21.6,17.1875,84.0,54.0,22.0,1.0,50,3.0,1,0.0
C1,2288,0.16181993771986145,102.9,67.9,1,18.0,17.1875,70.0,45.0,22.0,1.0,50,3.0,0,0.0
C1,2289,-0.02648801590236946,195.39999999999998,107.30000000000001,1,31.6,17.1875,128.0,79.0,22.0,1.0,50,3.0,0,0.0
C1,2290,0.768857770442213,17.8,17.5,1,4.8,17.1875,13.0,12.0,22.0,1.0,50,3.0,1,0.0
C1,2291,0.019786468381563616,139.2,81.8,1,7.6,17.1875,81.0,19.0,22.0,1.0,50,1.0,2,0.0
C1,2292,0.6457933441440409,32.9,26.5,1,2.4,17.1875,24.0,6.0,22.0,1.0,50,1.0,0,0.0
C1,2293,-0.02431781946765238,155.29999999999998,93.8,1,7.2,17.1875,92.0,18.0,22.0,1.0,50,1.0,0,0.0
C1,2294,0.11065249392865825,123.7,74.89999999999999,1,18.8,17.1875,77.0,47.0,22.0,1.0,50,3.0,2,0.0
C1,2295,0.5739928262436464,42.6,32.2,1,5.6,17.1875,30.0,14.0,22.0,1.0,50,2.0,0,0.0
C1,2296,0.04789975719749964,150.9,93.2,1,20.8,17.1875,91.0,52.0,22.0,1.0,50,3.0,1,0.0
C1,2297,0.07211028351328916,141.7,81.69999999999999,1,20.8,17.1875,82.0,52.0,22.0,1.0,50,3.0,0,0.0
C1,2298,0.04438107121877269,152.9,91.89999999999999,1,21.2,17.1875,93.0,53.0,22.0,1.0,50,3.0,1,0.0
C1,2299,0.09069987570537102,107.7,61.6,1,4.8,17.1875,66.0,12.0,22.0,1.0,50,1.0,1,0.0
C1,2300,-0.08750540080818392,199.0,107.39999999999999,1,18.8,17.1875,126.0,47.0,22.0,1.0,50,2.0,2,0.0
C1,2301,0.6543172078756738,32.300000000000004,26.1,1,3.2,17.1875,27.0,8.0,22.0,1.0,50,1.0,0,0.0
C1,2302,0.12060249490132482,95.69999999999999,45.400000000000006,1,4.4,17.1875,49.0,11.0,22.0,1.0,50,1.0,0,0.0
C1,2303,0.07779439923547488,123.2,71.6,1,11.2,17.1875,71.0,28.0,22.0,1.0,50,2.0,2,0.0
C1,2304,0.09322203590611447,118.7,66.8,1,12.0,17.1875,69.0,30.0,22.0,1.0,50,2.0,2,0.0
C1,2305,-0.06970791951714994,190.20000000000002,105.30000000000001,1,17.6,17.1875,131.0,44.0,22.0,1.0,50,2.0,0,0.0
C1,2306,-0.13887041472551348,203.5,108.2,1,10.0,17.1875,135.0,25.0,22.0,1.0,50,1.0,2,0.0
C1,2307,0.16309493308179643,94.2,53.6,1,13.2,17.1875,55.0,33.0,22.0,1.0,50,3.0,0,0.0
C1,2308,-0.03711408874270494,181.2,99.3,1,19.6,17.1875,90.0,49.0,22.0,1.0,50,3.0,0,0.0
C1,2309,0.034450874145765864,142.4,81.8,1,12.8,17.1875,85.0,32.0,22.0,1.0,50,2.0,1,0.0
C1,2310,0.4909858056206518,50.0,17.4,1,1.2,17.1875,7.0,3.0,22.0,1.0,50,1.0,2,0.0
C1,2311,0.6485654176625977,32.4,26.5,1,2.0,17.1875,22.0,5.0,22.0,1.0,50,1.0,0,0.0
C1,2312,0.7557347567600108,17.7,17.5,1,1.6,17.1875,6.0,4.0,22.0,1.0,50,2.0,1,0.0
C1,2313,0.757337347487159,17.8,17.4,1,2.0,17.1875,5.0,5.0,22.0,1.0,50,3.0,1,0.0
C1,2314,0.758951238880883,17.6,17.4,1,2.4,17.1875,6.0,6.0,22.0,1.0,50,3.0,1,0.0
C1,2315,0.4909858056206518,50.0,17.5,1,1.2,17.1875,9.0,3.0,22.0,1.0,50,1.0,0,0.0
C1,2316,0.7622119447177791,17.7,17.3,1,3.2,17.1875,8.0,8.0,22.0,1.0,50,3.0,1,0.0
C1,2317,0.7557347567600108,18.5,17.4,1,1.6,17.1875,7.0,4.0,22.0,1.0,50,2.0,2,0.0
C1,2318,0.7557347567600108,17.7,17.4,1,1.6,17.1875,6.0,4.0,22.0,1.0,50,2.0,2,0.0
C1,2319,0.4894065094559651,50.0,17.3,1,0.8,17.1875,4.0,2.0,22.0,1.0,50,1.0,0,0.0
C1,2320,0.757337347487159,17.8,17.4,1,2.0,17.1875,6.0,5.0,22.0,1.0,50,3.0,1,0.0
C1,2321,0.09422393709206806,115.6,65.10000000000001,1,10.4,17.1875,64.0,26.0,22.0,1.0,50,2.0,2,0.0
C1,2322,0.7671814422697458,17.7,17.3,1,4.4,17.1875,19.0,11.0,22.0,1.0,50,2.0,0,0.0
C1,2323,0.4909858056206518,50.0,17.3,1,1.2,17.1875,8.0,3.0,22.0,1.0,50,1.0,1,0.0
C1,2324,0.758951238880883,18.4,17.5,1,2.4,17.1875,8.0,6.0,22.0,1.0,50,2.0,0,0.0
C1,2325,0.757337347487159,17.7,17.4,1,2.0,17.1875,5.0,5.0,22.0,1.0,50,3.0,0,0.0
C1,2326,0.7671814422697458,17.7,17.3,1,4.4,17.1875,12.0,11.0,22.0,1.0,50,3.0,2,0.0
C1,2327,0.7722384402787341,17.8,17.5,1,5.6,17.1875,15.0,14.0,22.0,1.0,50,3.0,2,0.0
C1,2328,0.5695140909998309,43.5,32.7,1,6.4,17.1875,35.0,16.0,22.0,1.0,50,2.0,1,0.0
C1,2329,0.7622119447177791,18.0,17.4,1,3.2,17.1875,12.0,8.0,22.0,1.0,50,2.0,0,0.0
C1,2330,0.7557347567600108,17.9,17.6,1,1.6,17.1875,4.0,4.0,22.0,1.0,50,3.0,2,0.0
C1,2331,0.5633737401226379,44.2,33.6,1,6.4,17.1875,36.0,16.0,22.0,1.0,50,2.0,2,0.0
C1,2332,0.7557347567600108,18.3,17.7,1,1.6,17.1875,6.0,4.0,22.0,1.0,50,2.0,2,0.0
C1,2333,0.7557347567600108,17.9,17.5,1,1.6,17.1875,6.0,4.0,22.0,1.0,50,2.0,0,0.0
C1,2334,0.4894065094559651,50.0,17.6,1,0.8,17.1875,3.0,2.0,22.0,1.0,50,1.0,0,0.0
C1,2335,0.758951238880883,18.0,17.6,1,2.4,17.1875,7.0,6.0,22.0,1.0,50,3.0,0,0.0
C1,2336,0.7605761873560926,18.0,17.5,1,2.8,17.1875,12.0,7.0,22.0,1.0,50,2.0,1,0.0
C1,2337,0.4909858056206518,50.0,17.4,1,1.2,17.1875,4.0,3.0,22.0,1.0,50,1.0,1,0.0
C1,2338,0.7541437003574938,17.9,17.6,1,1.2,17.1875,4.0,3.0,22.0,1.0,50,3.0,2,0.0
C1,2339,0.49257686202316864,50.0,17.4,1,1.6,17.1875,8.0,4.0,22.0,1.0,50,1.0,1,0.0
C1,2340,0.4894065094559651,50.0,17.4,1,0.8,17.1875,4.0,2.0,22.0,1.0,50,1.0,0,0.0
C1,2341,0.5791649765801417,44.6,35.0,1,10.8,17.1875,38.0,27.0,22.0,1.0,50,3.0,0,0.0
C1,2342,0.758951238880883,18.599999999999998,17.4,1,2.4,17.1875,9.0,6.0,22.0,1.0,50,2.0,2,0.0
C1,2343,0.4894065094559651,50.0,17.5,1,0.8,17.1875,5.0,2.0,22.0,1.0,50,1.0,2,0.0
C1,2344,0.4909858056206518,50.0,17.6,1,1.2,17.1875,7.0,3.0,22.0,1.0,50,1.0,0,0.0
C1,2345,0.4894065094559651,50.0,17.3,1,0.8,17.1875,5.0,2.0,22.0,1.0,50,1.0,2,0.0
C1,2346,0.763858250896098,17.7,17.4,1,3.6,17.1875,11.0,9.0,22.0,1.0,50,3.0,2,0.0
C1,2347,0.7557347567600108,17.8,17.5,1,1.6,17.1875,7.0,4.0,22.0,1.0,50,2.0,0,0.0
C1,2348,0.4894065094559651,50.0,17.5,1,0.8,17.1875,4.0,2.0,22.0,1.0,50,1.0,1,0.0
C1,2349,0.7605761873560926,17.9,17.5,1,2.8,17.1875,8.0,7.0,22.0,1.0,50,3.0,0,0.0
C1,2350,0.7655148417576507,17.6,17.3,1,4.0,17.1875,17.0,10.0,22.0,1.0,50,2.0,1,0.0
C1,2351,-0.011011953931290452,184.0,102.7,1,27.6,17.1875,118.0,69.0,22.0,1.0,50,3.0,1,0.0
C1,2352,0.09848251154992432,129.0,75.39999999999999,1,19.2,17.1875,79.0,48.0,22.0,1.0,50,3.0,0,0.0
C1,2353,0.758951238880883,17.7,17.4,1,2.4,17.1875,19.0,6.0,22.0,1.0,50,1.0,0,0.0
C1,2354,-0.12057573735964572,193.20000000000002,103.9,1,8.0,17.1875,107.0,20.0,22.0,1.0,50,1.0,1,0.0
C1,2355,0.011047443739693075,139.9,84.2,1,6.0,17.1875,86.0,15.0,22.0,1.0,50,1.0,0,0.0
C1,2356,0.017385639625578944,136.2,84.2,1,5.2,17.1875,83.0,13.0,22.0,1.0,50,1.0,0,0.0
C1,2357,-0.09593168161705953,198.8,104.1,1,16.8,17.1875,113.0,42.0,22.0,1.0,50,2.0,2,0.0
C1,2358,0.7655148417576507,17.9,17.5,1,4.0,17.1875,11.0,10.0,22.0,1.0,50,3.0,1,0.0
C1,2359,0.758951238880883,17.8,17.6,1,2.4,17.1875,8.0,6.0,22.0,1.0,50,2.0,2,0.0
C1,2360,0.7605761873560926,17.9,17.6,1,2.8,17.1875,11.0,7.0,22.0,1.0,50,2.0,0,0.0
C1,2361,0.15550350572471322,96.4,55.199999999999996,1,12.8,17.1875,55.0,32.0,22.0,1.0,50,3.0,2,0.0
C1,2362,-0.13036349550136722,202.3,113.8,1,11.2,17.1875,125.0,28.0,22.0,1.0,50,1.0,0,0.0
C1,2363,0.06295619576045067,142.5,83.4,1,19.2,17.1875,87.0,48.0,22.0,1.0,50,3.0,2,0.0
C1,2364,0.4909858056206518,50.0,17.4,1,1.2,17.1875,4.0,3.0,22.0,1.0,50,2.0,1,0.0
C1,2365,0.758951238880883,18.2,17.5,1,2.4,17.1875,5.0,6.0,22.0,1.0,50,3.0,1,0.0
C1,2366,0.7541437003574938,17.9,17.6,1,1.2,17.1875,10.0,3.0,22.0,1.0,50,1.0,0,0.0
C1,2367,0.4909858056206518,50.0,17.5,1,1.2,17.1875,8.0,3.0,22.0,1.0,50,1.0,0,0.0
C1,2368,0.4894065094559651,50.0,17.6,1,0.8,17.1875,4.0,2.0,22.0,1.0,50,1.0,2,0.0
C1,2369,0.49257686202316864,50.0,17.7,1,1.6,17.1875,7.0,4.0,22.0,1.0,50,1.0,2,0.0
C1,2370,0.4909858056206518,50.0,17.2,1,1.2,17.1875,3.0,3.0,22.0,1.0,50,2.0,0,0.0
C1,2371,0.7722384402787341,17.8,17.4,1,5.6,17.1875,15.0,14.0,22.0,1.0,50,3.0,2,0.0
C1,2372,0.758951238880883,17.8,17.4,1,2.4,17.1875,7.0,6.0,22.0,1.0,50,3.0,2,0.0
C1,2373,0.758951238880883,17.5,17.3,1,2.4,17.1875,4.0,6.0,22.0,1.0,50,3.0,2,0.0
C1,2374,0.757337347487159,17.8,17.4,1,2.0,17.1875,5.0,5.0,22.0,1.0,50,3.0,0,0.0
C1,2375,0.757337347487159,18.9,17.7,1,2.0,17.1875,7.0,5.0,22.0,1.0,50,2.0,1,0.0
C1,2376,0.763858250896098,17.9,17.5,1,3.6,17.1875,9.0,9.0,22.0,1.0,50,3.0,2,0.0
C1,2377,0.49257686202316864,50.0,17.7,1,1.6,17.1875,8.0,4.0,22.0,1.0,50,1.0,0,0.0
C1,2378,0.7605761873560926,17.8,17.5,1,2.8,17.1875,8.0,7.0,22.0,1.0,50,3.0,0,0.0
C1,2379,0.758951238880883,17.8,17.5,1,2.4,17.1875,5.0,6.0,22.0,1.0,50,3.0,1,0.0
C1,2380,0.757337347487159,17.8,17.5,1,2.0,17.1875,5.0,5.0,22.0,1.0,50,3.0,1,0.0
C1,2381,-0.029980472736490432,185.70000000000002,105.0,1,24.0,17.1875,293.0,60.0,22.0,1.0,50,1.0,0,0.0
C1,2382,-0.013081694434397273,174.8,90.89999999999999,2,76.8,16.796875,634.0,384.0,43.0,1.0,50,2.0,1,0.0
C1,2383,0.4894065094559651,50.0,17.1,2,0.8,16.796875,8.0,4.0,43.0,1.0,50,1.0,0,0.0
C1,2384,0.7565346245405911,17.5,17.1,2,1.8,16.796875,8.0,9.0,43.0,1.0,50,3.0,0,0.0
C1,2385,0.7541437003574938,17.6,16.9,2,1.2,16.796875,6.0,6.0,43.0,1.0,50,2.0,2,0.0
C1,2386,0.7541437003574938,17.6,17.1,2,1.2,16.796875,12.0,6.0,43.0,1.0,50,2.0,1,0.0
C1,2387,0.48862134015636516,50.0,17.1,2,0.6,16.796875,9.0,3.0,43.0,1.0,50,1.0,1,0.0
C1,2388,0.7473137041284317,17.9,17.3,1,1.6,17.1875,7.0,4.0,22.0,1.0,50,2.0,2,0.0
C1,2389,0.7622119447177791,17.7,17.4,1,3.2,17.1875,12.0,8.0,22.0,1.0,50,2.0,1,0.0
C1,2390,0.4894065094559651,50.0,17.5,1,0.8,17.1875,5.0,2.0,22.0,1.0,50,1.0,1,0.0
C1,2391,0.7756544418770237,17.7,17.4,1,6.4,17.1875,17.0,16.0,22.0,1.0,50,3.0,0,0.0
C1,2392,0.4909858056206518,50.0,17.3,1,1.2,17.1875,5.0,3.0,22.0,1.0,50,1.0,1,0.0
C1,2393,0.7557347567600108,17.6,17.4,1,1.6,17.1875,5.0,4.0,22.0,1.0,50,2.0,0,0.0
C1,2394,0.7557347567600108,18.5,17.6,1,1.6,17.1875,5.0,4.0,22.0,1.0,50,3.0,0,0.0
C1,2395,0.4894065094559651,50.0,17.4,1,0.8,17.1875,5.0,2.0,22.0,1.0,50,1.0,2,0.0
C1,2396,0.7557347567600108,17.7,17.5,1,1.6,17.1875,12.0,4.0,22.0,1.0,50,1.0,1,0.0
C1,2397,0.758951238880883,17.9,17.5,1,2.4,17.1875,8.0,6.0,22.0,1.0,50,2.0,0,0.0
C1,2398,0.4894065094559651,50.0,17.4,1,0.8,17.1875,4.0,2.0,22.0,1.0,50,1.0,1,0.0
C1,2399,0.758951238880883,18.1,17.4,1,2.4,17.1875,6.0,6.0,22.0,1.0,50,3.0,0,0.0
C1,2400,0.4878391920465357,50.0,17.5,1,0.4,17.1875,4.0,1.0,22.0,1.0,50,1.0,0,0.0
C1,2401,0.7557347567600108,17.9,17.5,1,1.6,17.1875,14.0,4.0,22.0,1.0,50,1.0,0,0.0
C1,2402,0.4909858056206518,50.0,17.3,1,1.2,17.1875,7.0,3.0,22.0,1.0,50,1.0,0,0.0
C1,2403,0.7557347567600108,17.7,17.3,1,1.6,17.1875,6.0,4.0,22.0,1.0,50,2.0,0,0.0
C1,2404,0.758951238880883,17.7,17.3,1,2.4,17.1875,6.0,6.0,22.0,1.0,50,3.0,0,0.0
C1,2405,0.7605761873560926,18.2,17.7,1,2.8,17.1875,8.0,7.0,22.0,1.0,50,3.0,2,0.0
C1,2406,0.757337347487159,17.9,17.5,1,2.0,17.1875,8.0,5.0,22.0,1.0,50,2.0,0,0.0
C1,2407,0.7622119447177791,18.2,17.7,1,3.2,17.1875,8.0,8.0,22.0,1.0,50,3.0,0,0.0
C1,2408,0.7557347567600108,17.9,17.5,1,1.6,17.1875,7.0,4.0,22.0,1.0,50,2.0,1,0.0
C1,2409,0.758951238880883,17.9,17.6,1,2.4,17.1875,8.0,6.0,22.0,1.0,50,3.0,0,0.0
C1,2410,0.757337347487159,17.7,17.3,1,2.0,17.1875,5.0,5.0,22.0,1.0,50,3.0,0,0.0
C1,2411,0.7655148417576507,17.7,17.6,1,4.0,17.1875,16.0,10.0,22.0,1.0,50,2.0,1,0.0
C1,2412,0.7557347567600108,17.7,17.4,1,1.6,17.1875,5.0,4.0,22.0,1.0,50,2.0,1,0.0
C1,2413,0.7557347567600108,18.1,17.5,1,1.6,17.1875,7.0,4.0,22.0,1.0,50,2.0,0,0.0
C1,2414,0.4894065094559651,50.0,17.4,1,0.8,17.1875,6.0,2.0,22.0,1.0,50,1.0,1,0.0
C1,2415,0.4894065094559651,50.0,17.6,1,0.8,17.1875,6.0,2.0,22.0,1.0,50,1.0,1,0.0
C1,2416,0.7622119447177791,17.7,17.5,1,3.2,17.1875,13.0,8.0,22.0,1.0,50,2.0,1,0.0
C1,2417,0.4909858056206518,50.0,17.5,1,1.2,17.1875,7.0,3.0,22.0,1.0,50,1.0,0,0.0
C1,2418,0.757337347487159,17.8,17.4,1,2.0,17.1875,5.0,5.0,22.0,1.0,50,3.0,1,0.0
C1,2419,0.7541437003574938,17.9,17.6,1,1.2,17.1875,5.0,3.0,22.0,1.0,50,2.0,2,0.0
C1,2420,0.7557347567600108,17.8,17.4,1,1.6,17.1875,6.0,4.0,22.0,1.0,50,2.0,0,0.0
C1,2421,0.758951238880883,17.9,17.6,1,2.4,17.1875,18.0,6.0,22.0,1.0,50,1.0,2,0.0
C1,2422,0.663313759479716,33.2,26.1,1,7.2,17.1875,24.0,18.0,22.0,1.0,50,3.0,2,0.0
C1,2423,0.4909858056206518,50.0,17.4,1,1.2,17.1875,7.0,3.0,22.0,1.0,50,1.0,0,0.0
C1,2424,0.757337347487159,18.3,17.4,1,2.0,17.1875,9.0,5.0,22.0,1.0,50,2.0,1,0.0
C1,2425,0.8534405798950884,18.5,17.5,1,4.0,17.1875,10.0,10.0,22.0,1.0,30,3.0,1,0.0
C1,2426,0.8449503405842116,17.8,17.4,1,2.0,17.1875,16.0,5.0,22.0,1.0,30,1.0,2,0.0
C1,2427,0.8517640347262774,18.3,17.5,1,3.6,17.1875,9.0,9.0,22.0,1.0,30,3.0,1,0.0
C1,2428,0.841486331264437,17.8,17.4,1,1.2,17.1875,10.0,3.0,22.0,1.0,30,1.0,1,0.0
C1,2429,0.8483776397808107,17.8,17.5,1,2.8,17.1875,10.0,7.0,22.0,1.0,30,2.0,2,0.0
C1,2430,0.841486331264437,17.9,17.5,1,1.2,17.1875,6.0,3.0,22.0,1.0,30,2.0,1,0.0
C1,2431,0.6386727046511114,44.1,33.7,1,3.2,17.1875,38.0,8.0,22.0,1.0,30,1.0,2,0.0
C1,2432,0.843222663187408,18.1,17.6,1,1.6,17.1875,11.0,4.0,22.0,1.0,30,1.0,2,0.0
C1,2433,0.5783284365275949,50.0,17.8,1,1.2,17.1875,9.0,3.0,22.0,1.0,30,1.0,2,0.0
C1,2434,0.8534405798950884,18.0,17.6,1,4.0,17.1875,11.0,10.0,22.0,1.0,30,3.0,1,0.0
C1,2435,0.5765839711106497,50.0,17.4,1,0.8,17.1875,9.0,2.0,22.0,1.0,30,1.0,2,0.0
C1,2436,0.8517640347262774,17.7,17.3,1,3.6,17.1875,15.0,9.0,22.0,1.0,30,2.0,2,0.0
C1,2437,0.8534405798950884,17.8,17.4,1,4.0,17.1875,11.0,10.0,22.0,1.0,30,3.0,1,0.0
C1,2438,0.8534405798950884,17.9,17.3,1,4.0,17.1875,11.0,10.0,22.0,1.0,30,3.0,0,0.0
C1,2439,0.5783284365275949,50.0,17.3,1,1.2,17.1875,7.0,3.0,22.0,1.0,30,1.0,0,0.0
C1,2440,0.580064768450566,50.0,17.3,1,1.6,17.1875,9.0,4.0,22.0,1.0,30,1.0,1,0.0
C1,2441,0.23854332754553914,95.69999999999999,54.199999999999996,1,12.4,17.1875,52.0,31.0,22.0,1.0,30,3.0,1,0.0
C1,2442,0.8483776397808107,18.0,17.5,1,2.8,17.1875,9.0,7.0,22.0,1.0,30,3.0,1,0.0
C1,2443,0.841486331264437,17.8,17.4,1,1.2,17.1875,11.0,3.0,22.0,1.0,30,1.0,2,0.0
C1,2444,0.8567577352788383,17.7,17.3,1,4.8,17.1875,13.0,12.0,22.0,1.0,30,3.0,2,0.0
C1,2445,0.8551053220002116,17.7,17.4,1,4.4,17.1875,13.0,11.0,22.0,1.0,30,3.0,1,0.0
C1,2446,0.7317565605503942,33.099999999999994,25.1,1,2.4,17.1875,24.0,6.0,22.0,1.0,30,1.0,0,0.0
C1,2447,0.1118655780554898,134.3,82.10000000000001,1,5.6,17.1875,87.0,14.0,22.0,1.0,30,1.0,2,0.0
C1,2448,0.3152826851582463,54.5,41.8,1,4.0,17.1875,48.0,10.0,22.0,1.0,30,1.0,2,0.0
C1,2449,0.6003360974586405,32.800000000000004,26.200000000000003,1,9.2,17.1875,28.0,23.0,22.0,1.0,70,3.0,1,0.0
C1,2450,-0.09465988840972403,186.70000000000002,104.80000000000001,1,30.0,17.1875,130.0,75.0,22.0,1.0,70,3.0,1,0.0
C1,2451,0.01344727809213514,110.39999999999999,65.19999999999999,1,4.0,17.1875,62.0,10.0,22.0,1.0,70,1.0,1,0.0
C1,2452,0.06566776922319459,95.4,54.0,1,8.8,17.1875,53.0,22.0,22.0,1.0,70,2.0,0,0.0
C1,2453,-0.1367888232295923,185.6,97.5,1,19.2,17.1875,90.0,48.0,22.0,1.0,70,3.0,1,0.0
C1,2454,-0.09896214815539456,158.4,92.7,1,9.2,17.1875,92.0,23.0,22.0,1.0,70,1.0,2,0.0
C1,2455,0.6996909593573912,17.8,17.5,1,4.4,17.1875,12.0,11.0,22.0,1.0,70,3.0,1,0.0
C1,2456,0.04763806092593356,127.3,73.4,1,6.8,17.1875,73.0,17.0,22.0,1.0,50,1.0,1,0.0
C1,2457,-0.11179247898685746,189.20000000000002,103.1,1,7.6,17.1875,104.0,19.0,22.0,1.0,50,1.0,2,0.0
C1,2458,-0.04103310431543791,189.9,105.2,1,24.0,17.1875,103.0,60.0,22.0,1.0,50,3.0,0,0.0
C1,2459,0.7722384402787341,17.9,17.5,1,5.6,17.1875,16.0,14.0,22.0,1.0,50,3.0,1,0.0
C1,2460,0.17810847316667008,79.69999999999999,44.5,1,8.0,17.1875,45.0,20.0,22.0,1.0,50,2.0,2,0.0
C1,2461,0.10165590106396011,112.10000000000001,64.8,1,10.0,17.1875,61.0,25.0,22.0,1.0,50,2.0,1,0.0
C1,2462,-0.07150248068372975,190.20000000000002,106.30000000000001,1,17.2,17.1875,105.0,43.0,22.0,1.0,50,2.0,2,0.0
C1,2463,0.051440142694544694,138.0,87.6,1,14.0,17.1875,89.0,35.0,22.0,1.0,50,2.0,1,0.0
C1,2464,-0.10284511056580475,185.79999999999998,102.5,1,7.6,17.1875,111.0,19.0,22.0,1.0,50,1.0,1,0.0
C1,2465,0.11727930352767713,95.69999999999999,56.2,1,3.6,17.1875,55.0,9.0,22.0,1.0,50,1.0,2,0.0
C1,2466,-0.1314230826255472,196.0,105.6,1,7.2,17.1875,105.0,18.0,22.0,1.0,50,1.0,2,0.0
C1,2467,-0.08743138270767728,189.4,103.5,1,13.2,17.1875,106.0,33.0,22.0,1.0,50,2.0,2,0.0
C1,2468,0.12323407384869321,94.7,53.5,1,4.4,17.1875,55.0,11.0,22.0,1.0,50,1.0,1,0.0
C1,2469,0.7557347567600108,17.6,17.4,1,1.6,17.1875,12.0,4.0,22.0,1.0,50,1.0,1,0.0
C1,2470,0.258638660790668,53.8,42.9,1,10.8,17.1875,45.0,27.0,22.0,1.0,50,3.0,0,0.0
C1,2471,0.02105765193434181,161.1,93.2,1,20.8,17.1875,94.0,52.0,22.0,1.0,50,3.0,0,0.0
C1,2472,0.22684858724172302,59.2,41.8,1,6.8,17.1875,47.0,17.0,22.0,1.0,50,2.0,1,0.0
C1,2473,-0.08908957635390172,196.20000000000002,104.80000000000001,1,16.8,17.1875,117.0,42.0,22.0,1.0,50,2.0,2,0.0
C1,2474,-0.03504965941578844,184.4,101.5,1,22.0,17.1875,102.0,55.0,22.0,1.0,50,3.0,0,0.0
C1,2475,0.7622119447177791,17.8,17.4,1,3.2,17.1875,14.0,8.0,22.0,1.0,50,2.0,0,0.0
C1,2476,0.763858250896098,17.6,17.4,1,3.6,17.1875,16.0,9.0,22.0,1.0,50,2.0,1,0.0
C1,2477,0.6711899771534933,32.5,25.7,1,7.6,17.1875,26.0,19.0,22.0,1.0,50,3.0,1,0.0
C1,2478,0.005913826905071057,155.29999999999998,91.1,1,14.0,17.1875,92.0,35.0,22.0,1.0,50,2.0,1,0.0
C1,2479,0.5218610675247967,47.4,33.7,1,3.2,17.1875,37.0,8.0,22.0,1.0,50,1.0,1,0.0
C1,2480,0.758951238880883,17.5,17.3,1,2.4,17.1875,10.0,6.0,22.0,1.0,50,2.0,2,0.0
C1,2481,-0.14827959919785794,176.7,102.1,1,8.8,17.1875,115.0,22.0,22.0,1.0,70,1.0,0,0.0
C1,2482,-0.05822085209356803,178.29999999999998,104.4,1,33.2,17.1875,143.0,83.0,22.0,1.0,70,3.0,2,0.0
C1,2483,-0.12451923820265637,199.4,108.8,1,30.8,17.1875,143.0,77.0,22.0,1.0,70,3.0,1,0.0
C1,2484,-0.18180534035051688,191.70000000000002,107.39999999999999,1,10.8,17.1875,137.0,27.0,22.0,1.0,70,1.0,1,0.0
C1,2485,-0.15310461270327647,191.8,105.39999999999999,1,19.2,17.1875,132.0,48.0,22.0,1.0,70,2.0,0,0.0
C1,2486,-0.15292581040757763,195.89999999999998,108.8,1,22.0,17.1875,146.0,55.0,22.0,1.0,70,2.0,0,0.0
C1,2487,-0.14393014581791147,197.5,110.0,1,25.2,17.1875,149.0,63.0,22.0,1.0,70,2.0,0,0.0
C1,2488,-0.1466457704921343,192.3,104.2,1,21.2,17.1875,146.0,53.0,22.0,1.0,70,2.0,1,0.0
C1,2489,-0.0848881943632338,185.70000000000002,103.6,1,31.6,17.1875,147.0,79.0,22.0,1.0,70,3.0,1,0.0
C1,2490,-0.10829669941071843,198.7,108.2,1,34.0,17.1875,142.0,85.0,22.0,1.0,70,3.0,1,0.0
C1,2491,-0.14802471559019065,199.7,109.2,1,25.6,17.1875,167.0,64.0,22.0,1.0,70,2.0,0,0.0
C1,2492,-0.0961529015154983,198.2,106.89999999999999,1,36.4,17.1875,150.0,91.0,22.0,1.0,70,3.0,1,0.0
C1,2493,-0.16161002093389348,199.2,107.1,1,22.0,17.1875,140.0,55.0,22.0,1.0,70,2.0,1,0.0
C1,2494,-0.20503725765235659,190.0,106.2,1,20.0,17.1875,129.0,50.0,22.0,1.0,90,2.0,2,0.0
C1,2495,-0.18037370618422788,196.1,106.39999999999999,1,34.8,17.1875,148.0,87.0,22.0,1.0,90,3.0,0,0.0
C1,2496,-0.2079604884449962,193.1,104.7,1,22.4,17.1875,145.0,56.0,22.0,1.0,90,2.0,0,0.0
C1,2497,-0.17914623257079182,192.6,107.30000000000001,1,32.4,17.1875,136.0,81.0,22.0,1.0,90,3.0,1,0.0
C1,2498,0.032631578947368456,185.6,105.0,1,30.0,17.1875,141.0,75.0,22.0,1.0,30,3.0,1,0.0
C1,2499,0.13014877292572893,139.0,75.1,2,17.2,16.40625,142.0,86.0,42.0,1.0,30,3.0,2,0.0
C1,2500,0.17623141948936452,108.60000000000001,59.1,1,30.0,40.0,100.0,1500.0,2000.0,1.0,50,1.0,0,0.0
C1,2501,0.5052113897890328,49.0,31.3,2,4.6,16.40625,41.0,23.0,42.0,1.0,50,2.0,1,0.0
C1,2502,0.10100863288666187,115.4,62.300000000000004,2,11.8,16.796875,134.0,59.0,43.0,1.0,50,2.0,1,0.0
C1,2503,0.06285738584814243,118.6,66.3,2,5.0,16.796875,100.0,25.0,43.0,1.0,50,1.0,1,0.0
C1,2504,0.1000491818122643,118.5,64.5,2,13.4,16.796875,103.0,67.0,43.0,1.0,50,3.0,1,0.0
C1,2505,0.12264220881060153,115.4,61.6,2,16.6,16.796875,151.0,83.0,43.0,1.0,50,3.0,2,0.0
C1,2506,-0.1690579134347202,188.6,88.6,1,14.8,17.1875,169.0,37.0,22.0,1.0,70,1.0,2,0.0
C1,2507,-0.05039914614473803,137.8,81.8,1,7.2,17.1875,85.0,18.0,22.0,1.0,70,1.0,1,0.0
C1,2508,-0.029986155985673113,143.3,85.5,1,18.0,17.1875,83.0,45.0,22.0,1.0,70,3.0,0,0.0
C1,2509,0.695856543421489,17.7,17.4,1,2.8,17.1875,12.0,7.0,22.0,1.0,70,2.0,2,0.0
C1,2510,-0.08934571688226123,163.1,95.8,1,16.0,17.1875,100.0,40.0,22.0,1.0,70,2.0,1,0.0
C1,2511,-0.08144576822176963,174.4,101.5,1,25.6,17.1875,116.0,64.0,22.0,1.0,70,3.0,1,0.0
C1,2512,0.12906035731756219,66.10000000000001,43.8,1,3.6,17.1875,41.0,9.0,22.0,1.0,70,1.0,0,0.0
C1,2513,0.08445467333740048,89.6,49.9,1,10.0,17.1875,55.0,25.0,22.0,1.0,70,2.0,2,0.0
C1,2514,0.15746374363440763,58.4,43.8,1,6.8,17.1875,42.0,17.0,22.0,1.0,70,2.0,0,0.0
C1,2515,0.6698624006051432,43.6,34.4,1,10.0,17.1875,37.0,25.0,22.0,1.0,30,3.0,1,0.0
C1,2516,-0.018485352526375814,188.0,105.6,1,8.4,17.1875,122.0,21.0,22.0,1.0,30,1.0,1,0.0
C1,2517,0.6526280617130824,45.400000000000006,34.5,1,9.6,17.1875,33.0,24.0,22.0,1.0,30,3.0,1,0.0
C1,2518,0.6456897440901856,44.8,34.6,1,6.4,17.1875,38.0,16.0,22.0,1.0,30,2.0,2,0.0
C1,2519,0.2352634451804295,98.4,54.5,1,13.6,17.1875,58.0,34.0,22.0,1.0,30,3.0,0,0.0
C1,2520,0.005331320210492624,177.2,102.1,1,7.2,17.1875,106.0,18.0,22.0,1.0,30,1.0,1,0.0
C1,2521,0.18651464747362423,110.10000000000001,64.60000000000001,1,8.4,17.1875,64.0,21.0,22.0,1.0,30,2.0,0,0.0
C1,2522,0.1922112348348013,117.0,66.10000000000001,1,15.6,17.1875,69.0,39.0,22.0,1.0,30,3.0,1,0.0
C1,2523,0.10953048753067018,135.8,78.5,1,6.0,17.1875,87.0,15.0,22.0,1.0,30,1.0,1,0.0
C1,2524,0.2439476557067453,95.10000000000001,54.5,1,13.6,17.1875,54.0,34.0,22.0,1.0,30,3.0,0,0.0
C1,2525,0.1366431200631909,136.8,80.8,1,14.4,17.1875,85.0,36.0,22.0,1.0,30,2.0,0,0.0
C1,2526,0.10052631578947374,159.8,95.4,1,22.8,17.1875,91.0,57.0,22.0,1.0,30,3.0,1,0.0
C1,2527,0.028684210526315812,187.1,107.30000000000001,1,21.2,17.1875,117.0,53.0,22.0,1.0,30,2.0,1,0.0
C1,2528,0.8500762134230411,17.7,17.3,1,3.2,17.1875,14.0,8.0,22.0,1.0,30,2.0,0,0.0
C1,2529,0.6990585071227471,39.6,33.099999999999994,1,8.4,17.1875,36.0,21.0,22.0,1.0,30,3.0,1,0.0
C1,2530,0.03473353508729038,167.2,93.3,1,8.0,17.1875,97.0,20.0,22.0,1.0,30,1.0,2,0.0
C1,2531,0.15193303672920946,127.6,75.80000000000001,1,11.6,17.1875,73.0,29.0,22.0,1.0,30,2.0,1,0.0
C1,2532,0.12953048753067017,128.20000000000002,80.5,1,6.0,17.1875,86.0,15.0,22.0,1.0,30,1.0,0,0.0
C1,2533,0.23447037719255348,91.30000000000001,51.4,1,8.0,17.1875,51.0,20.0,22.0,1.0,30,2.0,1,0.0
C1,2534,0.1930754075928546,117.5,77.10000000000001,1,16.4,17.1875,70.0,41.0,22.0,1.0,30,3.0,2,0.0
C1,2535,0.139286235318256,125.1,76.39999999999999,1,6.4,17.1875,74.0,16.0,22.0,1.0,30,1.0,1,0.0
C1,2536,0.7444770335244522,32.800000000000004,26.4,1,4.8,17.1875,25.0,12.0,22.0,1.0,30,2.0,0,0.0
C1,2537,0.843222663187408,17.7,17.5,1,1.6,17.1875,11.0,4.0,22.0,1.0,30,1.0,2,0.0
C1,2538,0.749740191419189,32.2,25.0,1,4.8,17.1875,22.0,12.0,22.0,1.0,30,2.0,0,0.0
C1,2539,0.3432007417394976,54.4,41.8,1,11.2,17.1875,49.0,28.0,22.0,1.0,30,3.0,2,0.0
C1,2540,0.7512515429677704,32.4,25.6,1,5.6,17.1875,21.0,14.0,22.0,1.0,30,3.0,1,0.0
C1,2541,0.6404270906160237,43.9,32.2,1,3.2,17.1875,30.0,8.0,22.0,1.0,30,1.0,1,0.0
C1,2542,0.12845924483090768,55.800000000000004,42.0,1,7.6,17.1875,46.0,19.0,22.0,1.0,90,2.0,2,0.0
C1,2543,0.5535122777563445,32.9,25.8,1,4.4,17.1875,24.0,11.0,22.0,1.0,90,2.0,2,0.0
C1,2544,0.5520424924590822,32.9,27.400000000000002,1,2.8,17.1875,22.0,7.0,22.0,1.0,90,1.0,0,0.0
C1,2545,-0.20115054455984427,187.6,105.89999999999999,1,18.8,17.1875,113.0,47.0,22.0,1.0,90,2.0,1,0.0
C1,2546,-0.17456506296083552,177.8,102.0,1,19.2,17.1875,248.0,48.0,22.0,1.0,90,1.0,1,0.0
C1,2547,-0.0340386118889959,195.6,107.7,1,69.6,17.1875,308.0,174.0,22.0,1.0,90,3.0,0,0.0
C1,2548,-0.05036107087563377,130.3,78.3,1,18.8,17.1875,72.0,47.0,22.0,1.0,90,3.0,2,0.0
C1,2549,0.006395984327184162,103.3,55.0,1,10.0,17.1875,58.0,25.0,22.0,1.0,90,2.0,2,0.0
C1,2550,-0.007824293211345673,112.69999999999999,64.4,1,16.8,17.1875,69.0,42.0,22.0,1.0,90,3.0,1,0.0
C1,2551,0.4610268141588962,43.4,34.7,1,4.0,17.1875,36.0,10.0,22.0,1.0,90,1.0,0,0.0
C1,2552,0.019136965731524333,99.5,54.4,1,12.0,17.1875,58.0,30.0,22.0,1.0,90,2.0,1,0.0
C1,2553,0.09040857695371515,72.2,43.9,1,11.6,17.1875,44.0,29.0,22.0,1.0,90,3.0,1,0.0
C1,2554,0.01503692823252177,102.7,57.4,1,14.8,17.1875,56.0,37.0,22.0,1.0,90,3.0,0,0.0
C1,2555,0.5586849938736892,32.4,26.5,1,5.2,17.1875,27.0,13.0,22.0,1.0,90,2.0,2,0.0
C1,2556,-0.029716001564389277,115.4,65.69999999999999,1,6.4,17.1875,65.0,16.0,22.0,1.0,90,1.0,1,0.0
C1,2557,0.11898556062038135,59.4,42.8,1,7.6,17.1875,44.0,19.0,22.0,1.0,90,2.0,0,0.0
C1,2558,0.559511876409855,32.599999999999994,26.5,1,7.6,17.1875,24.0,19.0,22.0,1.0,90,3.0,1,0.0
C1,2559,0.4625647001899967,43.5,32.800000000000004,1,6.4,17.1875,35.0,16.0,22.0,1.0,90,2.0,2,0.0
C1,2560,0.1420287175943536,51.0,40.9,1,8.4,17.1875,46.0,21.0,22.0,1.0,90,2.0,0,0.0
