Cluster,Step,Reward,Latency_P90,Latency_Avg,Replicas,CPU_Pct,Requests,Success,HPA_Target,Throughput,Forecast
C2,1,0.058734378152687276,92.60000000000001,50.3,1,28.799999237060547,82.0,1.0,90,2.0,70.5
C2,2,-0.11200532112373239,176.3,76.5,4,62.29999923706055,268.0,1.0,50,2.0,102.25
C2,3,0.2700354132276554,66.10000000000001,38.9,4,44.900001525878906,200.0,1.0,70,2.0,98.01667022705078
C2,4,0.29550955465248635,62.0,38.4,4,68.69999694824219,309.0,1.0,90,3.0,103.74333190917969
C2,5,0.19779132211060108,73.2,39.9,4,32.29999923706055,151.0,1.0,70,1.0,109.44599914550781
C2,6,0.6443333333333334,49.2,35.3,5,31.200000762939453,169.0,1.0,30,1.0,122.06759643554688
C2,7,0.6531020569369066,47.800000000000004,31.6,5,38.880001068115234,255.0,1.0,50,3.0,127.24056243896484
C2,8,0.6768299919607618,40.599999999999994,28.0,7,9.600000381469727,83.0,1.0,30,1.0,121.27767181396484
C2,9,0.7647227751804537,18.1,17.8,7,0.7428571581840515,24.0,1.0,50,2.0,96.7666015625
C2,10,0.6454483118340262,44.900000000000006,30.099999999999998,7,27.371429443359375,200.0,1.0,50,2.0,84.0599594116211
C2,11,0.7000000000000001,44.0,29.3,7,32.228572845458984,232.0,1.0,30,2.0,80.83597564697266
C2,12,0.6082240584955513,32.599999999999994,21.8,7,8.0,123.0,1.0,70,3.0,82.76824951171875
C2,13,0.6135410748316615,33.0,23.2,7,11.199999809265137,165.0,1.0,70,3.0,77.92761993408203
C2,14,0.6335267550965133,28.5,21.0,7,2.971428632736206,42.0,1.0,70,1.0,65.15657043457031
C2,15,0.6054705389805759,28.6,20.2,7,5.4285712242126465,111.0,1.0,90,3.0,56.960609436035156
C2,16,0.38414071547806977,46.800000000000004,31.3,4,16.571428298950195,122.0,1.0,70,1.0,60.97636413574219
C2,17,0.7344033940555171,34.2,24.0,3,7.066666603088379,66.0,1.0,30,2.0,62.18581771850586
C2,18,0.5597735682744981,34.3,24.400000000000002,3,11.199999809265137,114.0,1.0,90,3.0,63.04482650756836
C2,19,0.6214681020912114,44.2,30.099999999999998,3,19.733333587646484,116.0,1.0,50,2.0,55.026893615722656
C2,20,0.24952500000000005,90.89999999999999,45.3,4,58.79999923706055,212.0,1.0,50,2.0,59.94947052001953
C2,21,0.50295262907502,40.4,27.7,4,10.5,64.0,1.0,90,1.0,66.36968231201172
C2,22,0.5818966998748432,43.9,29.5,4,29.799999237060547,207.0,1.0,70,3.0,71.6884765625
C2,23,0.6459166666666667,49.9,34.5,4,32.400001525878906,174.0,1.0,30,2.0,72.34642028808594
C2,24,0.6733397698535952,38.800000000000004,26.5,4,20.299999237060547,162.0,1.0,50,3.0,71.40785217285156
C2,25,0.32241888594066476,50.1,35.2,4,47.099998474121094,255.0,1.0,70,3.0,72.97804260253906
C2,26,0.2679399024637934,54.699999999999996,36.6,4,36.79999923706055,182.0,1.0,70,2.0,74.4534912109375
C2,27,0.1174494139762373,68.5,40.0,4,25.899999618530273,117.0,1.0,90,1.0,83.73876190185547
C2,28,0.8489984091575853,17.9,17.5,4,1.100000023841858,28.0,1.0,30,2.0,79.84325408935547
C2,29,0.7506847568690308,32.9,22.3,4,6.099999904632568,72.0,1.0,30,2.0,70.17262268066406
C2,30,0.20225234781987378,53.400000000000006,35.8,4,19.899999618530273,97.0,1.0,70,1.0,61.70357131958008
C2,31,0.4802770226724762,47.7,31.5,4,11.699999809265137,73.0,1.0,70,1.0,64.48880767822266
C2,32,0.48750588599956024,48.7,33.5,4,16.799999237060547,86.0,1.0,70,1.0,72.82662200927734
C2,33,0.5820420910379511,48.4,33.5,2,23.399999618530273,102.0,1.0,50,2.0,71.69596862792969
C2,34,0.23525,99.0,49.7,2,22.399999618530273,70.0,1.0,30,1.0,70.61758422851562
C2,35,0.25780000000000003,90.80000000000001,47.800000000000004,2,45.0,148.0,1.0,50,2.0,68.37055206298828
C2,36,0.5730888059854089,32.4,22.2,2,7.800000190734863,75.0,1.0,90,3.0,63.5556640625
C2,37,0.8510615300280377,18.2,17.8,2,1.600000023841858,33.0,1.0,30,3.0,52.80006408691406
C2,38,0.7592202940939534,32.5,22.3,2,7.400000095367432,66.0,1.0,30,3.0,39.41337203979492
C2,39,0.4742837151110147,44.900000000000006,31.3,2,18.600000381469727,98.0,1.0,90,2.0,34.581356048583984
C2,40,0.7475031818482296,32.7,22.5,2,4.800000190734863,42.0,1.0,30,2.0,33.015480041503906
C2,41,0.6079935402225026,34.2,26.0,2,13.0,90.0,1.0,70,3.0,33.14262008666992
C2,42,0.47882145673168325,43.8,31.2,2,15.399999618530273,92.0,1.0,90,2.0,32.818904876708984
C2,43,0.5627737011694615,33.0,22.3,2,2.799999952316284,24.0,1.0,90,1.0,33.02467727661133
C2,44,0.76023135302923,31.9,21.3,2,6.199999809265137,66.0,1.0,30,3.0,32.08147430419922
C2,45,0.09879999999999999,142.8,67.2,4,53.5,226.0,1.0,50,2.0,40.448883056640625
C2,46,0.2912930439466671,42.8,27.900000000000002,14,44.327274322509766,496.0,1.0,30,2.0,75.33599853515625
C2,47,0.7349477260761113,33.8,23.5,14,64.17142486572266,924.0,1.0,90,3.0,134.40159606933594
C2,48,0.13198158485665773,28.8,20.2,30,1.9866666793823242,72.0,1.0,30,1.0,164.37429809570312
C2,49,0.6805316636743187,23.5,19.099999999999998,30,3.493333339691162,174.0,1.0,70,3.0,157.0245819091797
C2,50,0.8298989035258916,23.7,19.3,30,4.773333549499512,207.0,1.0,30,3.0,120.74807739257812
C2,51,0.7676448344320828,18.3,18.1,30,1.5199999809265137,108.0,1.0,50,3.0,94.18218231201172
C2,52,0.6706458297506052,21.1,18.700000000000003,30,1.2799999713897705,58.0,1.0,90,1.0,78.24264526367188
C2,53,-0.47329397075211815,32.5,21.8,4,2.0,44.0,1.0,90,1.0,65.34558868408203
C2,54,0.5918937114789423,39.0,26.8,4,21.100000381469727,168.0,1.0,70,3.0,60.274017333984375
C2,55,0.6046798923697058,27.799999999999997,19.599999999999998,3,5.300000190734863,81.0,1.0,90,3.0,53.09774398803711
C2,56,0.31362500000000004,70.5,40.099999999999994,3,33.400001525878906,130.0,1.0,30,2.0,51.59197998046875
C2,57,0.6737722099875699,43.5,28.1,3,11.866666793823242,88.0,1.0,30,2.0,49.08852005004883
C2,58,0.7774413720367368,28.8,21.3,3,3.3333332538604736,48.0,1.0,30,2.0,47.18644714355469
C2,59,0.6660303179719433,33.6,23.599999999999998,3,7.333333492279053,70.0,1.0,50,2.0,42.04520034790039
C2,60,0.5648697357936828,44.1,27.5,3,6.133333206176758,46.0,1.0,50,1.0,39.22711944580078
C2,61,0.6246172826097275,44.1,29.9,3,20.266666412353516,118.0,1.0,50,2.0,42.202938079833984
C2,62,0.6533434317034048,38.4,25.6,2,16.600000381469727,108.0,1.0,50,3.0,44.12176513671875
C2,63,0.656,48.800000000000004,35.2,2,28.0,116.0,1.0,30,2.0,46.8730583190918
C2,64,0.4713668046819038,45.3,32.0,2,19.0,96.0,1.0,90,2.0,47.057167053222656
C2,65,0.5418704874355724,47.9,31.4,2,9.0,44.0,1.0,50,1.0,48.23430252075195
C2,66,0.6059037048449167,39.300000000000004,27.400000000000002,2,5.400000095367432,35.0,1.0,50,1.0,45.8739128112793
C2,67,0.1527787540628853,53.5,37.8,2,23.399999618530273,100.0,1.0,90,2.0,44.72434997558594
C2,68,0.12627565538626187,55.1,35.2,1,16.200000762939453,90.0,1.0,90,2.0,44.16794204711914
C2,69,0.22260000000000002,103.6,63.6,1,49.20000076293945,116.0,1.0,50,2.0,46.90076446533203
C2,70,0.7515720870428331,32.300000000000004,22.4,2,7.0,63.0,1.0,30,3.0,44.67379379272461
C2,71,0.10090487404102368,86.0,43.8,2,36.599998474121094,138.0,1.0,90,2.0,46.5376091003418
C2,72,0.8425125806332836,18.0,17.7,3,1.4666666984558105,38.0,1.0,30,2.0,42.45589828491211
C2,73,0.6803688375515679,18.1,17.7,3,0.800000011920929,16.0,1.0,90,2.0,38.27354049682617
C2,74,0.6808721065332982,18.3,17.9,3,1.4666666984558105,26.0,1.0,90,2.0,28.297456741333008
C2,75,0.6812893625812153,18.1,17.8,3,2.0,45.0,1.0,90,3.0,21.778474807739258
C2,76,0.6985996909776333,29.1,20.9,3,5.199999809265137,56.0,1.0,50,2.0,20.533750534057617
C2,77,0.8291687325228745,21.0,17.8,1,2.4000000953674316,19.0,1.0,30,1.0,20.586917877197266
C2,78,0.15269999999999997,123.2,59.4,3,56.13333511352539,222.0,1.0,50,3.0,28.485483169555664
C2,79,0.5139196532229753,39.5,26.8,3,12.533333778381348,98.0,1.0,90,2.0,36.02462387084961
C2,80,0.5140496982024196,49.0,34.3,3,24.66666603088379,124.0,1.0,70,2.0,46.28144073486328
C2,81,0.6822655040880945,44.6,30.200000000000003,3,18.799999237060547,110.0,1.0,30,2.0,49.902198791503906
C2,82,0.029127651138016897,82.69999999999999,42.1,6,93.06666564941406,321.0,1.0,50,3.0,59.807987213134766
C2,83,0.6902843405288516,28.5,19.3,6,1.6666666269302368,25.0,1.0,50,1.0,60.81812286376953
C2,84,0.7772631997402409,28.2,20.1,6,1.9333332777023315,48.0,1.0,30,2.0,57.29087448120117
C2,85,0.6624166666666667,48.099999999999994,31.7,6,32.400001525878906,202.0,1.0,30,2.0,54.3745231628418
C2,86,0.5849221713794561,48.4,32.5,6,20.200000762939453,125.0,1.0,50,1.0,65.95804595947266
C2,87,0.5696696429097947,32.2,20.5,6,2.2666666507720947,38.0,1.0,90,1.0,74.77482604980469
C2,88,0.8213353991895412,23.599999999999998,19.099999999999998,6,2.4000000953674316,56.0,1.0,30,2.0,70.3315658569336
C2,89,0.48920307933741464,43.1,28.5,6,17.733333587646484,154.0,1.0,90,2.0,61.26560592651367
C2,90,0.6390236587873729,39.4,26.599999999999998,4,17.266666412353516,150.0,1.0,50,2.0,60.759361267089844
C2,91,0.242456734450676,81.8,42.1,5,88.53333282470703,321.0,1.0,70,3.0,70.98895263671875
C2,92,0.15649030157348445,50.6,35.2,5,21.440000534057617,117.0,1.0,90,1.0,82.46003723144531
C2,93,0.6569166666666667,48.7,34.1,5,42.880001068115234,222.0,1.0,50,2.0,94.14269256591797
C2,94,0.6268576829696868,49.9,34.0,5,75.91999816894531,400.0,1.0,90,2.0,113.55227661132812
C2,95,0.5154102877916955,44.8,29.9,8,24.5,200.0,1.0,50,2.0,122.93136596679688
C2,96,0.5155655396599674,39.6,27.0,13,46.150001525878906,399.0,1.0,30,3.0,131.49215698242188
C2,97,0.6895280758665709,34.7,24.299999999999997,13,35.261539459228516,462.0,1.0,70,2.0,140.761962890625
C2,98,0.7793333333333333,33.6,23.5,15,22.15999984741211,330.0,1.0,30,2.0,154.99050903320312
C2,99,0.7398371326339839,33.099999999999994,23.2,15,23.786666870117188,368.0,1.0,50,2.0,170.32763671875
C2,100,0.5829834679505123,33.300000000000004,23.2,15,19.84000015258789,290.0,1.0,90,1.0,187.39657592773438
C2,101,0.783,33.2,23.099999999999998,17,35.62666702270508,540.0,1.0,30,2.0,211.63795471191406
C2,102,0.09423391896560224,32.300000000000004,21.5,34,48.81739044189453,1044.0,1.0,30,2.0,271.24945068359375
C2,103,0.7145198166554336,29.2,20.5,34,9.29411792755127,296.0,1.0,50,2.0,288.0830078125
C2,104,0.7384401864277067,28.400000000000002,20.299999999999997,34,13.199999809265137,429.0,1.0,50,3.0,281.2497863769531
C2,105,0.7017113372506212,27.5,19.900000000000002,34,2.2588236331939697,81.0,1.0,50,1.0,218.34988403320312
C2,106,0.7713377964337633,29.7,20.7,34,3.8705883026123047,117.0,1.0,30,1.0,176.47659301757812
C2,107,0.3713968027685325,28.5,20.400000000000002,23,11.905881881713867,388.0,1.0,30,2.0,158.15261840820312
C2,108,0.26742316160024837,34.0,23.7,13,8.55384635925293,107.0,1.0,50,1.0,150.62490844726562
C2,109,0.5681201430861632,32.599999999999994,22.3,13,4.7076921463012695,78.0,1.0,90,1.0,140.9082794189453
C2,110,0.7665523908825357,18.4,18.2,13,1.2307692766189575,58.0,1.0,50,2.0,113.07830047607422
C2,111,0.7799008330655721,29.1,20.400000000000002,13,4.646153926849365,108.0,1.0,30,2.0,89.31364440917969
C2,112,0.45437727269356865,33.099999999999994,21.8,6,2.430769205093384,55.0,1.0,30,1.0,71.98818969726562
C2,113,0.14027499999999998,89.89999999999999,45.699999999999996,3,97.19999694824219,330.0,1.0,90,3.0,72.39291381835938
C2,114,0.4071666666666666,45.400000000000006,30.200000000000003,10,20.8799991607666,222.0,1.0,30,2.0,80.23574829101562
C2,115,0.6796400243385279,23.099999999999998,18.8,10,1.399999976158142,39.0,1.0,70,1.0,82.80811309814453
C2,116,0.7090689157653232,18.5,18.599999999999998,10,1.8799999952316284,78.0,1.0,70,3.0,73.15153503417969
C2,117,0.6486184287300398,36.2,25.1,10,8.880000114440918,97.0,1.0,50,1.0,65.49092102050781
C2,118,0.6802510186059749,17.9,17.6,10,0.6399999856948853,36.0,1.0,90,2.0,58.09455108642578
C2,119,0.4838927109097813,18.4,17.7,3,0.5199999809265137,11.0,1.0,50,1.0,51.65673065185547
C2,120,0.6988186650310507,18.3,17.7,2,0.800000011920929,12.0,1.0,70,2.0,35.66070556640625
C2,121,0.5730888059854089,32.4,22.4,2,7.800000190734863,81.0,1.0,90,3.0,27.263090133666992
C2,122,0.673131344019853,17.9,17.5,1,1.7999999523162842,26.0,1.0,90,2.0,22.491188049316406
C2,123,0.6833366638685273,18.0,17.6,1,4.400000095367432,36.0,1.0,90,3.0,20.42804527282715
C2,124,0.7496889658193819,32.800000000000004,27.599999999999998,1,5.599999904632568,24.0,1.0,30,1.0,18.7901611328125
C2,125,0.709325018440201,18.2,17.8,1,2.0,14.0,1.0,70,1.0,17.940763473510742
C2,126,0.65123142439895,44.2,34.4,1,27.200000762939453,102.0,1.0,50,3.0,20.364458084106445
C2,127,0.7136547354004878,32.599999999999994,26.0,1,16.399999618530273,84.0,1.0,50,3.0,22.352008819580078
C2,128,0.17744019051111026,82.0,46.699999999999996,1,33.20000076293945,98.0,1.0,70,2.0,28.211204528808594
C2,129,0.6812893625812153,18.0,17.6,1,2.0,11.0,1.0,90,1.0,28.660057067871094
C2,130,0.8607685509003341,18.0,17.8,1,4.0,36.0,1.0,30,3.0,26.79603385925293
C2,131,0.46565951844415826,44.4,34.3,1,10.0,35.0,1.0,90,1.0,23.81095314025879
C2,132,0.8623500559002011,18.0,17.6,1,4.400000095367432,36.0,1.0,30,3.0,22.15323829650879
C2,133,0.7772390996697683,18.599999999999998,17.9,1,4.0,32.0,1.0,50,2.0,21.691944122314453
C2,134,0.6583320050179599,32.800000000000004,25.9,1,3.5999999046325684,20.0,1.0,50,1.0,19.4151668548584
C2,135,0.8607685509003341,17.9,17.7,1,4.0,32.0,1.0,30,2.0,18.582433700561523
C2,136,0.6786987825977386,32.7,26.599999999999998,1,8.399999618530273,44.0,1.0,50,2.0,18.882793426513672
C2,137,0.709325018440201,18.1,17.6,1,2.0,17.0,1.0,70,1.0,18.663009643554688
C2,138,0.6287049022951852,33.0,26.5,1,16.0,84.0,1.0,70,3.0,20.131139755249023
C2,139,0.8510615300280377,17.8,17.5,1,1.600000023841858,10.0,1.0,30,1.0,19.412015914916992
C2,140,0.6826224492010974,18.1,17.6,1,3.5999999046325684,28.0,1.0,90,2.0,18.580543518066406
C2,141,0.7086322159629299,32.4,25.5,1,14.800000190734863,78.0,1.0,50,3.0,17.814992904663086
C2,142,0.8607685509003341,17.9,17.6,1,4.0,34.0,1.0,30,2.0,18.28899574279785
C2,143,0.602134380762035,33.5,26.599999999999998,1,8.800000190734863,40.0,1.0,70,2.0,19.373397827148438
C2,144,0.7147064113895217,18.2,17.7,1,4.400000095367432,36.0,1.0,70,3.0,18.157371520996094
C2,145,0.5965849679955109,33.2,26.599999999999998,1,5.599999904632568,27.0,1.0,70,1.0,18.761089324951172
C2,146,0.16978921641748765,87.9,48.2,1,15.199999809265137,41.0,1.0,50,1.0,21.923320770263672
C2,147,0.7684526139082195,32.5,26.9,1,10.0,50.0,1.0,30,2.0,25.553993225097656
C2,148,0.6912728820215944,32.800000000000004,26.599999999999998,1,11.600000381469727,60.0,1.0,50,3.0,26.799062728881836
C2,149,0.6183039631541367,47.300000000000004,35.4,1,26.0,90.0,1.0,50,3.0,26.079437255859375
C2,150,0.6953568530943733,33.099999999999994,26.8,1,13.199999809265137,66.0,1.0,50,3.0,25.247661590576172
C2,151,0.22095,104.2,60.699999999999996,1,63.20000076293945,159.0,1.0,70,3.0,29.148597717285156
C2,152,0.764547377988288,18.4,17.6,2,2.799999952316284,36.0,1.0,50,2.0,29.889158248901367
C2,153,0.772547377988288,18.0,17.6,2,2.799999952316284,48.0,1.0,50,3.0,29.53349494934082
C2,154,0.7702357508260332,17.9,17.5,2,2.200000047683716,36.0,1.0,50,2.0,24.653430938720703
C2,155,0.749600055900201,32.300000000000004,22.5,2,4.400000095367432,46.0,1.0,30,2.0,22.392057418823242
C2,156,0.6241381957677506,39.199999999999996,28.0,2,9.600000381469727,60.0,1.0,50,2.0,22.901901245117188
C2,157,0.6628765182647975,32.300000000000004,24.1,1,5.599999904632568,27.0,1.0,50,1.0,24.407808303833008
C2,158,0.7774171030202356,32.9,26.3,1,14.0,75.0,1.0,30,3.0,25.578018188476562
C2,159,0.1996609694589739,100.6,55.7,2,45.599998474121094,118.0,1.0,30,2.0,30.14681053161621
C2,160,0.14482325535001947,108.3,57.7,2,42.599998474121094,100.0,1.0,70,1.0,42.62141799926758
C2,161,0.16343637876269895,113.60000000000001,59.8,2,71.5999984741211,188.0,1.0,90,2.0,59.30618667602539
C2,162,0.18640252567155688,50.0,33.0,12,55.84000015258789,459.0,1.0,30,3.0,81.85037994384766
C2,163,0.5669504691620892,32.7,22.599999999999998,12,4.433333396911621,75.0,1.0,90,1.0,92.0435562133789
C2,164,0.5993232236667123,33.099999999999994,22.9,12,6.333333492279053,89.0,1.0,70,1.0,97.49280548095703
C2,165,0.6668162952563959,34.3,24.2,12,9.066666603088379,114.0,1.0,50,1.0,95.56234741210938
C2,166,0.7439635162757096,34.6,24.5,12,48.5,585.0,1.0,70,3.0,110.4040756225586
C2,167,0.7258227237987538,37.199999999999996,24.6,12,30.133333206176758,381.0,1.0,50,3.0,124.37577819824219
C2,168,0.7349587548975146,33.2,23.400000000000002,12,22.799999237060547,294.0,1.0,50,3.0,130.62547302246094
C2,169,0.6106440806627275,34.8,24.6,12,35.53333282470703,423.0,1.0,90,3.0,127.17527770996094
C2,170,0.7337556832985952,32.599999999999994,21.9,14,5.142857074737549,73.0,1.0,30,1.0,117.90516662597656
C2,171,0.586988348359967,32.800000000000004,22.700000000000003,14,19.542856216430664,297.0,1.0,90,3.0,112.47643280029297
C2,172,0.5695482452497693,33.300000000000004,23.099999999999998,14,11.657142639160156,180.0,1.0,90,2.0,102.41919708251953
C2,173,0.7803110712545703,32.9,22.5,14,15.028571128845215,261.0,1.0,30,3.0,98.25151824951172
C2,174,0.6022675105928483,32.9,22.700000000000003,14,6.77142858505249,99.0,1.0,70,1.0,95.75090789794922
C2,175,0.37416173821937504,34.3,24.2,7,6.0,77.0,1.0,50,1.0,92.5172119140625
C2,176,0.7009166666666666,43.9,29.6,7,50.28571319580078,381.0,1.0,50,3.0,95.91032409667969
C2,177,0.6018173657715995,44.4,29.9,7,15.54285717010498,112.0,1.0,50,1.0,99.67952728271484
C2,178,0.7044873644781106,36.900000000000006,25.2,7,23.657142639160156,237.0,1.0,50,3.0,102.20771789550781
C2,179,0.6938333333333334,43.8,28.8,8,57.88571548461914,426.0,1.0,50,3.0,105.7246322631836
C2,180,0.5264819277595099,43.7,28.5,8,14.75,122.0,1.0,70,1.0,109.1681137084961
C2,181,0.5825847592533382,41.8,28.1,8,25.299999237060547,208.0,1.0,70,2.0,114.56753540039062
C2,182,0.347171132425322,38.199999999999996,25.6,17,52.54545593261719,519.0,1.0,30,3.0,121.94052124023438
C2,183,0.5696105767926195,33.2,22.8,17,11.011764526367188,185.0,1.0,90,1.0,134.76431274414062
C2,184,0.658516650314542,32.800000000000004,22.5,17,23.647058486938477,414.0,1.0,70,3.0,146.99192810058594
C2,185,0.5837406050299685,32.9,22.5,17,18.30588150024414,306.0,1.0,90,3.0,144.86181640625
C2,186,0.600386951081489,33.099999999999994,22.9,17,6.752941131591797,110.0,1.0,70,1.0,133.58375549316406
C2,187,0.23657124413065103,33.2,22.9,6,8.988235473632812,154.0,1.0,50,1.0,128.95025634765625
C2,188,0.6052427032967,49.0,32.0,6,26.66666603088379,159.0,1.0,50,1.0,133.77015686035156
C2,189,0.4665883490327296,47.800000000000004,31.7,5,30.066667556762695,195.0,1.0,90,1.0,147.99542236328125
C2,190,0.5900820371937112,48.599999999999994,32.5,7,94.08000183105469,516.0,1.0,70,3.0,158.9305877685547
C2,191,0.6729197120960323,43.5,28.9,7,51.599998474121094,384.0,1.0,70,3.0,161.3583526611328
C2,192,0.70275,43.7,29.7,7,42.91428756713867,321.0,1.0,50,3.0,151.08168029785156
C2,193,0.4986068886171226,40.7,26.9,7,9.199999809265137,85.0,1.0,90,1.0,133.315673828125
C2,194,0.70275,43.7,28.9,7,40.4571418762207,309.0,1.0,50,3.0,119.32273864746094
C2,195,0.5986957881791376,44.5,29.9,7,15.028571128845215,100.0,1.0,50,1.0,109.99364471435547
C2,196,0.5454999999999999,43.4,28.400000000000002,11,33.9636344909668,324.0,1.0,30,3.0,107.46285247802734
C2,197,0.6422778693337963,35.5,25.0,11,25.781818389892578,274.0,1.0,70,2.0,110.47771453857422
C2,198,0.5709065436194034,37.5,25.2,11,30.727272033691406,351.0,1.0,90,3.0,114.55329132080078
C2,199,0.5971095006729635,32.599999999999994,20.9,11,3.4909090995788574,59.0,1.0,70,1.0,110.4653091430664
C2,200,0.7256782999104069,34.8,24.7,11,24.14545440673828,285.0,1.0,50,3.0,102.41252136230469
C2,201,0.3974542843408316,37.6,25.4,6,19.127273559570312,212.0,1.0,70,2.0,96.11418151855469
C2,202,0.579025928683584,47.1,31.5,6,16.0,103.0,1.0,50,1.0,98.20184326171875
C2,203,0.6551783621584006,39.6,26.700000000000003,6,17.733333587646484,152.0,1.0,50,2.0,96.92110443115234
C2,204,0.6706666666666667,47.199999999999996,32.2,6,31.399999618530273,200.0,1.0,30,2.0,95.3526611328125
C2,205,0.5294761670512306,44.5,29.7,6,37.79999923706055,273.0,1.0,90,3.0,92.81159973144531
C2,206,0.6803333333333332,44.4,29.1,8,28.700000762939453,230.0,1.0,30,2.0,96.4869613647461
C2,207,0.5454048471544155,39.9,27.599999999999998,8,9.5,92.0,1.0,70,1.0,97.6255111694336
C2,208,0.6120643031732796,35.3,25.5,8,17.299999237060547,174.0,1.0,70,2.0,97.77530670166016
C2,209,0.5007610411179845,41.0,27.7,8,12.949999809265137,100.0,1.0,90,1.0,95.86518096923828
C2,210,0.5856559980297055,34.5,25.0,8,6.0,70.0,1.0,70,1.0,91.78577423095703
C2,211,0.388235068935218,35.0,24.7,4,6.849999904632568,76.0,1.0,90,1.0,87.87146759033203
C2,212,-0.03557602465871715,65.10000000000001,39.300000000000004,10,71.4000015258789,344.0,1.0,30,2.0,95.12287902832031
C2,213,0.7390772136377564,38.1,25.7,10,17.559999465942383,168.0,1.0,30,1.0,112.54039764404297
C2,214,0.765338971260967,35.1,25.1,10,17.040000915527344,190.0,1.0,30,2.0,125.52423858642578
C2,215,0.7485833333333334,38.699999999999996,25.7,10,43.279998779296875,438.0,1.0,50,3.0,129.84786987304688
C2,216,0.74175,37.699999999999996,25.3,12,54.79999923706055,627.0,1.0,50,3.0,137.90872192382812
C2,217,0.77475,34.1,24.0,14,56.17142868041992,711.0,1.0,50,3.0,161.67857360839844
C2,218,0.7125568152890555,33.9,23.7,14,58.94285583496094,831.0,1.0,90,3.0,193.40713500976562
C2,219,0.6319298184802773,33.4,23.3,14,38.0,540.0,1.0,90,3.0,208.57762145996094
C2,220,0.7102741932118001,33.7,23.7,14,17.97142791748047,250.0,1.0,50,2.0,202.74656677246094
C2,221,0.7524383684874542,34.3,24.2,14,10.142857551574707,139.0,1.0,30,1.0,180.8479461669922
C2,222,0.783,33.2,23.5,12,41.68571472167969,582.0,1.0,50,3.0,169.575439453125
C2,223,0.5699130228641576,33.5,23.3,17,13.317646980285645,220.0,1.0,30,2.0,160.81192016601562
C2,224,0.6062483563211627,32.5,22.4,17,6.894117832183838,116.0,1.0,70,1.0,152.48715209960938
C2,225,0.5711564297241453,33.2,22.9,17,12.164706230163574,199.0,1.0,90,1.0,148.15896606445312
C2,226,0.7182903826313837,32.5,22.3,17,17.270587921142578,294.0,1.0,50,2.0,150.49537658691406
C2,227,0.6328529417605421,32.800000000000004,22.3,17,36.68235397338867,630.0,1.0,90,3.0,164.43055725097656
C2,228,0.6190446083606093,32.800000000000004,22.1,21,14.247618675231934,288.0,1.0,30,2.0,165.4583282470703
C2,229,0.8081666666666668,32.2,21.6,21,27.504762649536133,564.0,1.0,30,3.0,171.5416717529297
C2,230,0.8063333333333333,32.4,21.7,21,20.133333206176758,422.0,1.0,30,2.0,175.3249969482422
C2,231,0.7729533371897134,32.5,21.8,21,11.352380752563477,235.0,1.0,30,1.0,189.72833251953125
C2,232,0.6698663155369,32.9,22.1,21,6.704761981964111,133.0,1.0,50,1.0,191.03700256347656
C2,233,0.7207972175973014,32.300000000000004,21.7,21,17.428571701049805,362.0,1.0,50,2.0,187.82220458984375
C2,234,0.7617710025116685,32.7,22.1,21,8.60952377319336,176.0,1.0,30,1.0,178.0266571044922
C2,235,0.5180833333333333,33.300000000000004,23.0,14,25.799999237060547,408.0,1.0,30,2.0,181.61599731445312
C2,236,0.7935,33.8,23.7,14,26.285715103149414,364.0,1.0,30,2.0,183.90292358398438
C2,237,0.6009699624613898,33.5,23.8,14,8.371428489685059,117.0,1.0,70,1.0,177.40841674804688
C2,238,0.6783874551677992,33.4,23.7,14,9.857142448425293,139.0,1.0,50,1.0,164.8450469970703
C2,239,0.6190311710581746,33.5,23.7,14,34.4571418762207,471.0,1.0,90,3.0,153.97369384765625
C2,240,0.783,33.2,22.700000000000003,16,21.625,338.0,1.0,30,2.0,154.38421630859375
C2,241,0.7999166666666667,33.099999999999994,22.9,16,50.099998474121094,801.0,1.0,50,3.0,171.69720458984375
C2,242,0.7326981751838859,32.800000000000004,22.599999999999998,16,41.349998474121094,664.0,1.0,70,2.0,205.41831970214844
C2,243,0.6956654748369562,33.300000000000004,23.0,16,13.699999809265137,216.0,1.0,50,1.0,231.91766357421875
C2,244,0.60175,32.9,22.4,21,38.79999923706055,634.0,1.0,30,2.0,254.4839324951172
C2,245,0.797040872776964,32.300000000000004,21.4,21,39.79047775268555,852.0,1.0,50,3.0,261.6236877441406
C2,246,0.7850528231301892,32.599999999999994,21.8,21,35.771427154541016,753.0,1.0,50,3.0,270.57421875
C2,247,0.7381368211503216,32.599999999999994,21.8,21,22.22857093811035,472.0,1.0,50,2.0,265.14453125
C2,248,0.673501111139089,32.300000000000004,21.7,21,26.24761962890625,546.0,1.0,70,2.0,260.4200439453125
C2,249,0.7889862880054781,32.300000000000004,21.6,21,36.228572845458984,747.0,1.0,50,3.0,257.3186950683594
C2,250,0.45187078075062825,32.9,22.4,17,30.311111450195312,561.0,1.0,90,3.0,248.92454528808594
C2,251,0.6192008021092292,33.099999999999994,22.8,16,35.82500076293945,566.0,1.0,90,2.0,245.22140502929688
C2,252,0.7695492074591437,33.4,23.2,15,35.7066650390625,540.0,1.0,50,3.0,233.79949951171875
C2,253,0.7679340879785903,33.2,23.099999999999998,15,31.786666870117188,465.0,1.0,50,3.0,222.67970275878906
C2,254,0.6388304437315444,33.5,23.400000000000002,12,29.866666793823242,450.0,1.0,50,3.0,198.2744903564453
C2,255,0.7481693668392271,34.5,24.5,12,29.433332443237305,360.0,1.0,50,3.0,175.63136291503906
C2,256,0.5509921184122016,35.1,24.9,12,10.066666603088379,116.0,1.0,90,1.0,156.84548950195312
C2,257,0.5830174459943872,34.8,25.2,11,9.090909004211426,100.0,1.0,70,1.0,138.90728759765625
C2,258,0.7451666666666668,38.199999999999996,25.5,10,31.959999084472656,327.0,1.0,30,3.0,126.67770385742188
C2,259,0.7465130660702296,34.5,24.7,10,8.960000038146973,96.0,1.0,30,1.0,116.67329406738281
C2,260,0.7476666666666667,38.800000000000004,26.1,10,33.560001373291016,339.0,1.0,30,3.0,112.40397644042969
C2,261,0.7561666666666668,37.0,25.1,11,25.96363639831543,290.0,1.0,30,2.0,114.64238739013672
C2,262,0.598894029813458,35.6,25.0,11,34.181819915771484,381.0,1.0,90,3.0,120.11876678466797
C2,263,0.6316666666666666,34.0,23.900000000000002,15,33.476924896240234,438.0,1.0,30,3.0,127.8045883178711
C2,264,0.7971666666666668,33.4,23.400000000000002,15,22.02666664123535,336.0,1.0,30,3.0,128.01608276367188
C2,265,0.6228515191070476,33.300000000000004,23.2,15,15.066666603088379,218.0,1.0,70,2.0,125.74298858642578
C2,266,0.5994215904588148,33.9,24.0,15,9.146666526794434,135.0,1.0,70,1.0,122.91246032714844
C2,267,0.7775049705465452,33.6,23.3,15,16.399999618530273,246.0,1.0,30,2.0,122.6808090209961
C2,268,0.6998086438830298,33.4,23.3,15,14.880000114440918,218.0,1.0,50,2.0,122.54181671142578
C2,269,0.24625422330066013,37.5,25.5,8,7.723076820373535,100.0,1.0,90,1.0,117.79175567626953
C2,270,0.6264567277511346,39.5,26.8,8,10.800000190734863,97.0,1.0,50,1.0,111.47505187988281
C2,271,0.6050648170938471,40.099999999999994,27.599999999999998,11,40.45000076293945,327.0,1.0,30,3.0,107.6850357055664
C2,272,0.7057829557347621,33.0,22.5,11,15.418181419372559,231.0,1.0,50,3.0,102.34435272216797
C2,273,0.7787664389005191,32.9,22.2,11,14.472726821899414,222.0,1.0,30,3.0,96.07328033447266
C2,274,0.7722783515041495,32.800000000000004,21.7,11,12.0,204.0,1.0,30,3.0,86.84396362304688
C2,275,0.6763881957677507,33.5,23.099999999999998,11,9.600000381469727,144.0,1.0,50,2.0,80.63971710205078
C2,276,0.45170853084737517,32.9,22.1,7,10.254545211791992,152.0,1.0,70,2.0,77.18383026123047
C2,277,0.7517502729214081,34.7,24.299999999999997,6,13.600000381469727,132.0,1.0,30,2.0,74.8436279296875
C2,278,0.6697907046525227,43.7,28.9,6,11.199999809265137,80.0,1.0,30,1.0,74.50617980957031
C2,279,0.6821666666666667,44.2,29.2,4,20.639999389648438,148.0,1.0,30,2.0,74.03704071044922
C2,280,0.6629264762358709,44.900000000000006,30.5,4,12.5,72.0,1.0,30,1.0,74.55555725097656
C2,281,0.014901116116509412,53.8,35.1,11,57.349998474121094,360.0,1.0,30,3.0,80.20000457763672
C2,282,0.7801933979930343,32.800000000000004,22.4,11,14.654545783996582,213.0,1.0,30,3.0,83.1866683959961
C2,283,0.6777333357909172,38.3,25.2,11,20.254545211791992,218.0,1.0,50,2.0,89.91200256347656
C2,284,0.6585651850533824,34.6,24.2,11,7.74545431137085,92.0,1.0,50,1.0,90.2138671875
C2,285,0.6614164626175542,33.300000000000004,22.599999999999998,11,5.527272701263428,79.0,1.0,50,1.0,91.46165466308594
C2,286,0.6889523702192588,34.7,24.7,11,15.127272605895996,192.0,1.0,50,2.0,90.47698974609375
C2,287,0.35423809131174316,44.1,29.0,5,13.133333206176758,92.0,1.0,50,1.0,89.88619232177734
C2,288,0.7062873834414993,39.4,27.3,5,10.319999694824219,77.0,1.0,30,1.0,89.26505279541016
C2,289,0.4869911820261759,44.5,30.900000000000002,4,26.399999618530273,156.0,1.0,90,2.0,86.49236297607422
C2,290,0.47066666666666673,47.199999999999996,31.0,9,35.42856979370117,273.0,1.0,30,3.0,84.69541931152344
C2,291,0.5629623566021453,39.0,26.700000000000003,9,12.666666984558105,117.0,1.0,70,1.0,88.9505844116211
C2,292,0.6062130672444451,33.9,23.8,9,11.51111125946045,142.0,1.0,70,2.0,90.57035064697266
C2,293,0.7653810411512578,34.1,24.6,9,13.644444465637207,160.0,1.0,30,2.0,90.07554626464844
C2,294,0.7472804952781211,33.099999999999994,23.0,9,5.688889026641846,73.0,1.0,30,1.0,83.91199493408203
C2,295,0.43454614142626424,33.2,22.700000000000003,5,4.755555629730225,64.0,1.0,70,1.0,79.28053283691406
C2,296,0.6894999999999999,43.4,28.5,7,34.79999923706055,261.0,1.0,30,3.0,77.43498229980469
C2,297,0.7294448152559143,38.5,25.3,7,15.199999809265137,144.0,1.0,30,2.0,76.19432067871094
C2,298,0.5149336060616034,38.699999999999996,25.6,7,7.4285712242126465,78.0,1.0,90,1.0,77.31659698486328
C2,299,0.5281011231603494,39.199999999999996,26.599999999999998,7,19.428571701049805,170.0,1.0,90,2.0,77.7232894897461
C2,300,0.5508277181938999,39.199999999999996,26.5,7,9.142857551574707,83.0,1.0,70,1.0,79.43397521972656
C2,301,0.6920000000000001,44.0,29.6,8,33.20000076293945,242.0,1.0,30,2.0,86.19371795654297
C2,302,0.6695135342320556,43.2,27.400000000000002,8,9.75,91.0,1.0,30,1.0,91.049560546875
C2,303,0.7576647499484472,35.9,25.3,8,16.899999618530273,168.0,1.0,30,2.0,94.09640502929688
C2,304,0.7579680680431173,35.1,25.0,8,14.25,158.0,1.0,30,2.0,90.32450866699219
C2,305,0.5192001239976975,38.6,26.4,8,10.300000190734863,92.0,1.0,90,1.0,88.1947021484375
C2,306,0.74125,39.5,27.2,8,22.75,194.0,1.0,30,2.0,88.65015411376953
C2,307,0.7224999999999999,39.800000000000004,27.400000000000002,6,22.600000381469727,166.0,1.0,30,2.0,89.4567642211914
C2,308,0.6488459159314246,42.0,28.299999999999997,6,21.46666717529297,162.0,1.0,50,2.0,88.47406005859375
C2,309,0.6908731437118388,39.300000000000004,27.0,6,25.799999237060547,225.0,1.0,50,3.0,84.95110321044922
C2,310,0.46180192322939684,45.3,30.5,6,13.266666412353516,95.0,1.0,90,1.0,84.43732452392578
C2,311,0.5326703417694849,46.0,31.0,6,22.399999618530273,146.0,1.0,70,1.0,92.79573059082031
C2,312,0.2523152905180702,50.7,34.5,4,54.31999969482422,310.0,1.0,90,2.0,108.4774398803711
C2,313,0.21265304950833655,61.199999999999996,38.5,4,48.0,214.0,1.0,90,2.0,119.48646545410156
C2,314,0.32875000000000004,65.0,38.9,4,71.19999694824219,312.0,1.0,70,3.0,120.49187469482422
C2,315,0.2867253155992507,50.5,35.5,4,38.5,192.0,1.0,70,2.0,113.22846221923828
C2,316,0.14572784678777445,59.7,38.3,4,27.5,119.0,1.0,90,1.0,110.47040557861328
C2,317,0.3058505965519619,60.5,38.5,4,70.5,328.0,1.0,90,2.0,116.81558227539062
C2,318,0.6363333333333334,49.2,33.099999999999994,6,46.733333587646484,300.0,1.0,50,3.0,121.15601348876953
C2,319,0.4463496320021946,48.4,32.0,6,20.733333587646484,130.0,1.0,90,1.0,125.22694396972656
C2,320,0.6821666666666667,44.2,29.3,8,31.549999237060547,252.0,1.0,30,2.0,122.60282897949219
C2,321,0.661911718542021,33.300000000000004,23.3,8,5.650000095367432,69.0,1.0,50,1.0,116.89503479003906
C2,322,0.5169756720198591,39.199999999999996,27.2,8,12.75,107.0,1.0,90,1.0,110.4036865234375
C2,323,0.5946630731892851,43.2,28.1,8,51.29999923706055,417.0,1.0,90,3.0,108.2422103881836
C2,324,0.7234166666666667,39.699999999999996,27.5,10,54.7599983215332,492.0,1.0,50,3.0,119.61199188232422
C2,325,0.5511793465653237,37.5,25.7,10,23.040000915527344,230.0,1.0,90,2.0,127.50052642822266
C2,326,0.7504166666666667,38.5,26.0,10,23.799999237060547,254.0,1.0,30,2.0,130.63365173339844
C2,327,0.74675,38.9,26.5,10,30.600000381469727,306.0,1.0,30,2.0,131.04685974121094
C2,328,0.75525,37.1,25.5,11,33.439998626708984,340.0,1.0,30,2.0,138.62811279296875
C2,329,0.7568333333333334,37.8,25.4,11,22.945453643798828,262.0,1.0,30,2.0,143.710205078125
C2,330,0.740228564169562,35.7,25.1,11,30.327272415161133,334.0,1.0,50,2.0,148.62611389160156
C2,331,0.7646666666666666,35.2,24.9,13,31.046154022216797,398.0,1.0,30,2.0,155.4423370361328
C2,332,0.63625,33.5,23.3,17,34.63999938964844,525.0,1.0,30,3.0,165.39874267578125
C2,333,0.76653033746178,32.300000000000004,21.3,17,8.917647361755371,178.0,1.0,30,2.0,160.9725799560547
C2,334,0.6732967684719863,33.300000000000004,22.5,17,8.423529624938965,139.0,1.0,50,1.0,150.31687927246094
C2,335,0.7711477648618356,33.099999999999994,22.700000000000003,17,12.517646789550781,202.0,1.0,30,2.0,134.05679321289062
C2,336,0.7812310284285419,33.2,23.0,17,16.42352867126465,278.0,1.0,30,2.0,130.9674072265625
C2,337,0.6271122956942653,32.9,22.2,17,15.247058868408203,282.0,1.0,70,3.0,123.11377716064453
C2,338,0.24381627546445328,38.4,26.200000000000003,10,12.399999618530273,126.0,1.0,90,1.0,121.73493194580078
C2,339,0.6784156303854667,38.6,25.7,10,21.079999923706055,212.0,1.0,50,2.0,116.50762939453125
C2,340,0.7460833333333333,38.1,25.6,11,31.719999313354492,336.0,1.0,30,2.0,123.23790740966797
C2,341,0.6186945770254083,37.5,25.4,11,44.47272872924805,510.0,1.0,90,3.0,133.1427459716797
C2,342,0.7044127842460173,35.9,25.1,11,21.381818771362305,239.0,1.0,50,1.0,156.81898498535156
C2,343,0.584057573070173,35.3,24.9,11,28.218181610107422,314.0,1.0,90,2.0,169.5580596923828
C2,344,0.6055168788731176,34.1,24.8,11,11.890909194946289,131.0,1.0,70,1.0,172.00149536132812
C2,345,0.5842176740050566,38.3,25.5,11,37.20000076293945,414.0,1.0,90,3.0,160.0009002685547
C2,346,0.5991928869727212,38.199999999999996,25.4,11,21.090909957885742,232.0,1.0,70,1.0,162.800537109375
C2,347,0.7243333333333333,39.6,27.599999999999998,9,34.849998474121094,292.0,1.0,30,2.0,166.48033142089844
C2,348,0.7440000000000001,39.199999999999996,27.2,9,21.64444351196289,200.0,1.0,30,2.0,163.62152099609375
C2,349,0.7041170118889014,39.199999999999996,26.700000000000003,9,29.155555725097656,268.0,1.0,50,2.0,148.83958435058594
C2,350,0.7403333333333333,39.6,27.3,9,27.688888549804688,260.0,1.0,30,2.0,137.8370819091797
C2,351,0.63527273133735,39.800000000000004,27.099999999999998,9,33.511112213134766,292.0,1.0,70,2.0,137.36891174316406
C2,352,0.539311027807681,39.1,27.099999999999998,9,24.266666412353516,218.0,1.0,90,2.0,133.7546844482422
C2,353,0.7334999999999999,38.6,26.200000000000003,11,33.01818084716797,357.0,1.0,30,3.0,130.11947631835938
C2,354,0.63075,34.1,24.299999999999997,15,31.066667556762695,471.0,1.0,30,3.0,129.40501403808594
C2,355,0.5571666666666668,33.4,23.3,21,73.54285430908203,1520.0,1.0,70,2.0,215.77635192871094
C2,356,0.5204523167379602,31.3,21.0,27,24.82962989807129,663.0,1.0,50,1.0,340.1324768066406
C2,357,0.7690173932626487,31.6,21.0,27,27.822221755981445,724.0,1.0,50,1.0,490.3461608886719
C2,358,0.6881666666666668,32.2,22.4,30,78.31999969482422,2436.0,1.0,70,3.0,587.40771484375
C2,359,0.5299056145709264,29.2,20.400000000000002,34,23.235294342041016,775.0,1.0,70,1.0,660.5779418945312
C2,360,-0.6539280120031212,28.9,21.0,71,41.25161361694336,2373.0,1.0,30,3.0,713.4134521484375
C2,361,0.4723333333333333,25.2,20.2,81,38.98709487915039,2484.0,1.0,30,3.0,747.248046875
C2,362,0.7109748946383879,25.1,20.1,81,38.83225631713867,2481.0,1.0,90,3.0,774.482177734375
C2,363,0.8741666666666668,25.0,20.1,81,37.83871078491211,2403.0,1.0,30,3.0,792.1559448242188
C2,364,0.8616011595498682,23.7,19.400000000000002,81,13.948387145996094,836.0,1.0,30,1.0,803.826904296875
C2,365,0.678867791061621,24.299999999999997,19.5,81,25.88387107849121,1582.0,1.0,90,2.0,806.0294799804688
C2,366,0.8760000000000001,24.8,20.0,81,35.01290512084961,2172.0,1.0,30,3.0,797.0843505859375
C2,367,0.8796666666666667,24.400000000000002,19.8,81,32.90967559814453,2049.0,1.0,30,3.0,771.3172607421875
C2,368,0.6823728438463675,24.0,19.5,81,26.187097549438477,1602.0,1.0,90,2.0,757.1903686523438
C2,369,0.7079904075030554,25.1,20.1,81,37.99354934692383,2397.0,1.0,90,3.0,758.7142333984375
C2,370,0.7789225931740602,23.8,19.400000000000002,81,12.806451797485352,766.0,1.0,50,1.0,770.6951904296875
C2,371,0.6789901355800182,24.2,19.5,81,25.561290740966797,1568.0,1.0,90,2.0,775.6171264648438
C2,372,-0.48548762187541905,24.400000000000002,19.599999999999998,48,7.683870792388916,435.0,1.0,30,3.0,691.3703002929688
C2,373,0.7299542288582218,24.1,19.400000000000002,48,1.4916666746139526,77.0,1.0,50,1.0,548.9555053710938
C2,374,0.6638135334475519,25.0,19.7,48,2.1500000953674316,97.0,1.0,70,1.0,371.9066162109375
C2,375,0.7342515629294122,24.6,19.5,48,3.7916667461395264,184.0,1.0,50,2.0,258.61065673828125
C2,376,0.6308726959145485,25.5,19.7,48,2.0,91.0,1.0,90,1.0,192.49972534179688
C2,377,-0.8660407579119287,33.5,22.8,7,14.720000267028809,220.0,1.0,30,2.0,154.56649780273438
C2,378,0.5361471439361283,40.4,28.299999999999997,6,10.666666984558105,81.0,1.0,70,1.0,130.33990478515625
C2,379,0.6449966105997774,48.0,31.9,6,36.20000076293945,224.0,1.0,50,2.0,118.60394287109375
C2,380,0.49653184421764884,43.0,28.5,6,21.066667556762695,160.0,1.0,90,2.0,107.56236267089844
C2,381,0.5088215407076904,46.300000000000004,31.5,6,36.599998474121094,234.0,1.0,90,2.0,105.73741912841797
C2,382,0.6700884515347602,42.1,28.1,7,9.314285278320312,82.0,1.0,30,1.0,100.64244842529297
C2,383,0.6420910845639898,40.7,28.1,7,37.02857208251953,285.0,1.0,70,3.0,99.5854721069336
C2,384,0.6229377803188384,39.199999999999996,26.8,7,29.314285278320312,258.0,1.0,70,3.0,94.81794738769531
C2,385,0.6241174028229028,41.7,28.0,7,34.97142791748047,279.0,1.0,70,3.0,93.42410278320312
C2,386,0.5466666437366898,39.5,27.0,7,28.628570556640625,267.0,1.0,90,3.0,91.78779602050781
C2,387,0.7295833333333334,39.9,27.599999999999998,8,32.150001525878906,282.0,1.0,30,3.0,91.8726806640625
C2,388,0.5727812962633927,43.2,28.1,8,46.04999923706055,381.0,1.0,90,3.0,96.45693969726562
C2,389,0.7055752665166001,40.800000000000004,27.900000000000002,8,54.20000076293945,471.0,1.0,70,3.0,108.27416229248047
C2,390,0.3516666666666666,34.0,23.900000000000002,19,30.274999618530273,495.0,1.0,30,3.0,124.83116149902344
C2,391,0.6308308496105943,32.9,22.3,19,16.357894897460938,306.0,1.0,70,2.0,138.23202514648438
C2,392,0.7724594615003247,33.300000000000004,22.599999999999998,19,13.557894706726074,246.0,1.0,30,2.0,141.7392120361328
C2,393,0.6102337630272808,33.300000000000004,22.599999999999998,19,11.010526657104492,199.0,1.0,70,1.0,148.37686157226562
C2,394,0.7485021827570584,33.0,22.4,19,25.768421173095703,486.0,1.0,50,3.0,153.5594482421875
C2,395,0.7999166666666667,33.099999999999994,22.4,19,31.010526657104492,582.0,1.0,30,3.0,166.1356658935547
C2,396,0.5915264611614882,33.0,22.3,19,22.63157844543457,414.0,1.0,90,2.0,174.74806213378906
C2,397,0.6862720775770473,32.2,20.8,19,9.115789413452148,231.0,1.0,50,3.0,168.58216857910156
C2,398,0.571561115983718,32.2,20.7,19,4.463158130645752,130.0,1.0,90,2.0,147.68263244628906
C2,399,0.7309286329270426,32.4,22.0,19,20.042104721069336,378.0,1.0,50,3.0,124.3429183959961
C2,400,0.18349964470100308,33.099999999999994,22.700000000000003,9,19.157894134521484,364.0,1.0,90,2.0,124.33908081054688
C2,401,0.7300286027660412,38.9,26.599999999999998,9,36.844444274902344,336.0,1.0,50,2.0,138.0701141357422
C2,402,0.6055365226600002,38.9,26.4,12,64.88888549804688,621.0,1.0,50,3.0,157.10873413085938
C2,403,0.5507890702135534,35.2,24.6,12,10.633333206176758,118.0,1.0,90,1.0,159.9985809326172
C2,404,0.6354850590711685,34.0,24.2,12,40.5,486.0,1.0,90,3.0,160.93247985839844
C2,405,0.7390760366300333,34.4,24.400000000000002,12,26.66666603088379,314.0,1.0,50,2.0,154.82615661621094
C2,406,0.7775027769715444,34.1,24.299999999999997,12,38.33333206176758,468.0,1.0,50,3.0,156.22901916503906
C2,407,0.7294222654662663,35.0,24.9,10,29.96666717529297,360.0,1.0,50,3.0,151.4707489013672
C2,408,0.5958007592829562,39.4,26.5,10,23.079999923706055,238.0,1.0,70,2.0,143.5491180419922
C2,409,0.7121439245622752,35.9,25.1,10,23.280000686645508,270.0,1.0,50,3.0,129.9961395263672
C2,410,0.5934814723694873,33.9,23.599999999999998,10,6.920000076293945,86.0,1.0,70,1.0,117.33101654052734
C2,411,0.7648958042227143,34.1,24.400000000000002,10,13.479999542236328,166.0,1.0,30,2.0,104.93194580078125
C2,412,0.3497205697063963,34.7,24.7,5,5.599999904632568,62.0,1.0,90,1.0,93.75916290283203
C2,413,0.48641158354152975,49.0,32.5,5,17.280000686645508,98.0,1.0,70,1.0,88.65550231933594
C2,414,0.3122983136517632,46.1,29.5,12,83.04000091552734,744.0,1.0,50,3.0,107.59329986572266
C2,415,-0.4833653131107337,32.0,21.2,44,41.720001220703125,1232.0,1.0,30,2.0,192.82264709472656
C2,416,-0.029221988231738563,26.4,20.299999999999997,66,40.38490676879883,2067.0,1.0,30,3.0,322.76025390625
C2,417,0.6547474578031822,24.0,19.400000000000002,66,11.619355201721191,703.0,1.0,90,1.0,461.3894958496094
C2,418,0.8487988120780426,24.7,19.900000000000002,66,32.72903060913086,2010.0,1.0,50,3.0,551.7670288085938
C2,419,0.848139632516392,24.2,19.7,66,31.07741928100586,1890.0,1.0,50,3.0,598.1268920898438
C2,420,0.822409974851941,23.599999999999998,19.3,66,22.66451644897461,1378.0,1.0,50,2.0,624.0761108398438
C2,421,-0.03040192004989381,25.4,20.2,44,35.225807189941406,2229.0,1.0,50,3.0,649.3790283203125
C2,422,0.8494166666666667,27.7,20.5,44,45.181819915771484,1998.0,1.0,50,3.0,669.3607177734375
C2,423,0.7687096719288167,27.7,20.2,44,38.78181838989258,1683.0,1.0,70,3.0,664.2830810546875
C2,424,0.8475833333333334,27.900000000000002,20.400000000000002,44,44.28181838989258,1959.0,1.0,50,3.0,649.2365112304688
C2,425,0.8494166666666667,27.7,20.299999999999997,44,44.40909194946289,1935.0,1.0,50,3.0,637.4085693359375
C2,426,0.740683042932219,27.599999999999998,19.900000000000002,44,32.009090423583984,1360.0,1.0,70,2.0,646.178466796875
C2,427,0.8494166666666667,27.7,20.5,44,46.97272872924805,2091.0,1.0,50,3.0,657.3070678710938
C2,428,-0.07941666666666657,24.299999999999997,19.599999999999998,68,23.70967674255371,1436.0,1.0,30,2.0,673.7175903320312
C2,429,0.8550641408605729,24.9,20.1,68,35.554840087890625,2193.0,1.0,50,3.0,690.3638916015625
C2,430,0.8544892461090776,24.7,20.0,68,34.67096710205078,2205.0,1.0,50,3.0,705.4183349609375
C2,431,0.7810380163133458,23.5,19.3,68,12.658064842224121,739.0,1.0,50,1.0,717.2509765625
C2,432,0.8554653508870076,25.0,20.1,68,36.05806350708008,2232.0,1.0,50,3.0,726.0839233398438
C2,433,-0.0748072445951278,25.9,19.8,45,35.29166793823242,1677.0,1.0,50,3.0,707.9170532226562
C2,434,0.8485,27.799999999999997,20.5,45,47.19111251831055,2136.0,1.0,50,3.0,693.4168701171875
C2,435,-0.1893009983953024,23.900000000000002,19.5,71,11.019354820251465,664.0,1.0,30,2.0,629.783447265625
C2,436,0.6936185717827329,21.9,18.8,71,2.7870967388153076,210.0,1.0,70,3.0,526.4033813476562
C2,437,0.8514328812281522,19.5,18.3,71,1.6903226375579834,171.0,1.0,30,3.0,377.04205322265625
C2,438,0.6674067046772872,21.5,18.9,71,1.8322581052780151,140.0,1.0,90,2.0,252.4918975830078
C2,439,0.6859490070029984,22.4,19.099999999999998,71,1.3483871221542358,83.0,1.0,70,1.0,179.49513244628906
C2,440,-1.6229266874048687,23.7,19.2,10,1.582608699798584,57.0,1.0,30,1.0,135.69708251953125
C2,441,0.305933106709543,40.4,27.900000000000002,5,12.720000267028809,83.0,1.0,90,1.0,111.15158081054688
C2,442,0.5635361568883342,49.8,33.6,3,42.0,210.0,1.0,70,3.0,94.69094848632812
C2,443,0.615766042474678,48.4,31.3,5,12.800000190734863,81.0,1.0,30,1.0,88.01457214355469
C2,444,0.671753704963259,43.4,29.0,5,10.960000038146973,77.0,1.0,30,1.0,83.208740234375
C2,445,0.5853864211950418,44.5,30.5,5,11.920000076293945,82.0,1.0,50,1.0,81.92524719238281
C2,446,0.6379166666666667,49.9,33.9,6,57.119998931884766,315.0,1.0,50,3.0,84.35514831542969
C2,447,0.580344799237028,33.6,23.2,10,5.079999923706055,71.0,1.0,30,1.0,85.01309204101562
C2,448,0.5585773532141535,33.7,24.299999999999997,10,5.28000020980835,71.0,1.0,90,1.0,83.9411849975586
C2,449,0.5616763619882403,33.4,23.400000000000002,10,5.639999866485596,76.0,1.0,90,1.0,79.43138122558594
C2,450,0.6741355459079913,37.6,25.1,10,17.8799991607666,192.0,1.0,50,2.0,80.05883026123047
C2,451,0.6797400654389918,39.1,26.3,10,22.520000457763672,226.0,1.0,50,2.0,86.03529357910156
C2,452,0.7184301364464888,34.9,24.299999999999997,8,6.650000095367432,76.0,1.0,30,1.0,89.62117767333984
C2,453,0.6554037048449167,33.9,23.2,8,5.400000095367432,69.0,1.0,50,1.0,88.1727066040039
C2,454,0.6439927265626648,38.4,25.0,8,12.550000190734863,140.0,1.0,50,2.0,81.5702896118164
C2,455,0.6751861256649511,33.7,23.400000000000002,8,9.75,130.0,1.0,50,2.0,76.14217376708984
C2,456,0.6622218678893653,38.699999999999996,25.6,8,17.450000762939453,170.0,1.0,50,2.0,75.01863861083984
C2,457,0.13810718523966822,50.7,33.9,3,32.13333511352539,144.0,1.0,50,2.0,74.6111831665039
C2,458,0.19436881859735392,53.1,37.699999999999996,3,17.46666717529297,79.0,1.0,70,1.0,76.2333755493164
C2,459,0.6425431587441023,47.4,32.9,3,33.33333206176758,192.0,1.0,50,3.0,74.40669250488281
C2,460,0.648986871098845,47.800000000000004,33.6,3,37.06666564941406,195.0,1.0,50,3.0,72.37734985351562
C2,461,0.16370645756838198,75.89999999999999,40.5,6,62.46666717529297,345.0,1.0,50,3.0,75.9597396850586
C2,462,0.5988031936261939,37.8,25.5,6,20.0,189.0,1.0,70,3.0,77.97584533691406
C2,463,0.700999263143906,39.300000000000004,26.9,6,8.533333778381348,74.0,1.0,30,1.0,80.38550567626953
C2,464,0.6783543937003622,33.5,23.400000000000002,6,10.066666603088379,116.0,1.0,50,2.0,74.23130798339844
C2,465,0.6731358109041565,34.1,23.8,6,10.133333206176758,112.0,1.0,50,2.0,69.6054458618164
C2,466,0.6699961124262753,38.6,25.4,6,19.066667556762695,189.0,1.0,50,3.0,65.36326599121094
C2,467,0.6735000400843492,34.3,24.5,4,14.399999618530273,138.0,1.0,50,3.0,61.217960357666016
C2,468,0.6969781631069113,37.900000000000006,25.7,3,6.133333206176758,45.0,1.0,30,1.0,57.26411056518555
C2,469,0.3159395761622632,66.0,40.099999999999994,3,39.86666488647461,164.0,1.0,50,2.0,57.425132751464844
C2,470,0.254225,92.1,48.0,3,45.06666564941406,155.0,1.0,50,1.0,72.0550765991211
C2,471,0.12065193460636549,68.8,38.9,7,70.19999694824219,399.0,1.0,50,3.0,92.5663833618164
C2,472,0.6685915027377245,32.300000000000004,21.7,9,8.933333396911621,153.0,1.0,50,3.0,100.73983001708984
C2,473,0.7319055334358066,34.0,24.2,9,23.866666793823242,267.0,1.0,50,3.0,96.8438949584961
C2,474,0.5676192801880691,32.9,22.4,9,6.97777795791626,116.0,1.0,90,2.0,84.50634002685547
C2,475,0.6704984507501958,32.4,21.9,9,5.733333110809326,102.0,1.0,50,2.0,77.10380554199219
C2,476,0.6690345247143407,38.5,25.7,9,18.622222900390625,192.0,1.0,50,2.0,73.59561157226562
C2,477,0.5326666666666666,44.8,30.599999999999998,5,53.84000015258789,327.0,1.0,50,3.0,78.29070281982422
C2,478,0.614913318705454,49.099999999999994,32.599999999999994,5,49.599998474121094,291.0,1.0,70,3.0,87.2410888671875
C2,479,0.22182128084295416,52.2,35.5,5,24.15999984741211,128.0,1.0,70,1.0,96.87798309326172
C2,480,0.6784687870900192,33.9,23.599999999999998,5,10.960000038146973,129.0,1.0,50,3.0,93.86012268066406
C2,481,0.7013957838726501,33.9,24.1,5,16.31999969482422,159.0,1.0,50,3.0,86.1827392578125
C2,482,0.5511896371798644,33.6,24.0,4,4.960000038146973,51.0,1.0,90,1.0,71.30964660644531
C2,483,0.7594550237559468,34.7,25.1,4,13.5,144.0,1.0,30,3.0,63.052452087402344
C2,484,0.7852843452254158,28.1,20.2,3,5.733333110809326,81.0,1.0,30,3.0,54.631473541259766
C2,485,0.20252500000000004,110.9,58.7,3,99.80000305175781,240.0,1.0,90,2.0,58.77888488769531
C2,486,0.5938571192353932,35.1,24.8,7,12.857142448425293,171.0,1.0,30,3.0,62.46733093261719
C2,487,0.7663769810032649,33.6,23.5,7,12.45714282989502,168.0,1.0,30,3.0,68.54706573486328
C2,488,0.46202698970940687,40.9,27.799999999999997,13,46.70000076293945,366.0,1.0,30,3.0,72.4615707397461
C2,489,0.8174914858958735,23.8,19.099999999999998,13,1.907692313194275,60.0,1.0,30,2.0,71.21027374267578
C2,490,0.735608131232841,23.3,19.0,13,1.0461539030075073,46.0,1.0,50,2.0,66.05950164794922
C2,491,0.6125845826758952,27.599999999999998,19.2,13,3.1692306995391846,82.0,1.0,90,2.0,52.16903305053711
C2,492,0.7075133297184802,18.3,17.9,13,1.1384615898132324,46.0,1.0,70,2.0,42.90142059326172
C2,493,0.7653966217653879,19.8,18.5,13,0.9230769276618958,44.0,1.0,50,2.0,37.20751953125
C2,494,0.20053211593107204,32.5,23.3,1,8.399999618530273,75.0,1.0,50,3.0,31.65784454345703
C2,495,0.58208414829093,32.5,25.8,1,15.199999809265137,78.0,1.0,90,3.0,28.72804069519043
C2,496,0.5831363501593508,32.599999999999994,26.5,1,16.399999618530273,87.0,1.0,90,3.0,27.90349006652832
C2,497,0.605822664696372,32.300000000000004,27.0,1,6.0,28.0,1.0,70,1.0,27.808761596679688
C2,498,0.6904880126070344,32.7,26.200000000000003,1,11.199999809265137,63.0,1.0,50,3.0,27.085256576538086
C2,499,0.7039308830841544,33.099999999999994,26.700000000000003,1,15.199999809265137,78.0,1.0,50,3.0,26.25115394592285
C2,500,-0.5499691475489783,250.3,224.3,4,200.0,318.0,1.0,50,3.0,36.150691986083984
C2,501,0.24637970117829955,66.4,39.300000000000004,4,59.29999923706055,268.0,1.0,90,2.0,57.157081604003906
C2,502,0.19819810601076213,69.5,39.4,4,30.0,137.0,1.0,70,1.0,84.5609130859375
C2,503,-0.3303484575093732,59.2,34.4,16,111.54285430908203,735.0,1.0,50,1.0,184.86988830566406
C2,504,0.6594981018230097,33.300000000000004,22.9,16,45.04999923706055,710.0,1.0,90,1.0,321.8552551269531
C2,505,-0.2646698556472893,35.5,23.8,38,101.25454711914062,2193.0,1.0,50,3.0,483.2464904785156
C2,506,0.7724569569508853,28.2,20.2,38,20.768421173095703,783.0,1.0,50,1.0,586.481201171875
C2,507,0.6274306042756228,28.6,20.299999999999997,38,20.526315689086914,772.0,1.0,90,1.0,656.688720703125
C2,508,0.41751797027779347,29.2,21.1,48,63.726314544677734,2562.0,1.0,50,3.0,715.2132568359375
C2,509,0.7267344329803216,27.599999999999998,20.5,48,48.70833206176758,2358.0,1.0,90,3.0,750.7279663085938
C2,510,0.802696287803593,26.4,19.7,48,24.149999618530273,1137.0,1.0,50,3.0,719.6367797851562
C2,511,0.7641902731485469,18.3,18.2,48,0.6000000238418579,63.0,1.0,50,3.0,589.9154052734375
C2,512,0.7060936237818393,18.2,17.6,48,0.4416666626930237,15.0,1.0,70,1.0,409.2825622558594
C2,513,0.7061271101543497,17.8,17.5,48,0.4583333432674408,32.0,1.0,70,2.0,252.50286865234375
C2,514,0.7636945921904865,17.8,17.7,48,0.46666666865348816,45.0,1.0,50,3.0,157.6350555419922
C2,515,-0.11337631352166448,18.1,17.7,24,0.527999997138977,34.0,1.0,30,2.0,100.98103332519531
C2,516,-0.2355294302936038,18.0,17.7,1,5.599999904632568,51.0,1.0,90,3.0,67.12195587158203
C2,517,0.6837061540247694,18.700000000000003,17.9,1,4.800000190734863,39.0,1.0,90,3.0,46.53984069824219
C2,518,0.7788223701562585,18.2,17.8,1,4.400000095367432,33.0,1.0,50,3.0,33.39057159423828
C2,519,0.48993618398316685,50.0,17.8,1,0.800000011920929,8.0,1.0,50,1.0,24.301008224487305
C2,520,0.7110637162504144,18.1,17.7,1,2.799999952316284,24.0,1.0,70,3.0,18.180604934692383
C2,521,0.032034829028822404,92.89999999999999,50.2,1,17.200000762939453,48.0,1.0,90,1.0,19.441696166992188
C2,522,0.6030726646963721,32.599999999999994,27.0,1,6.0,26.0,1.0,70,1.0,22.598350524902344
C2,523,0.43181866503105076,50.0,17.7,1,0.800000011920929,7.0,1.0,70,1.0,24.359010696411133
C2,524,0.40566838741470695,50.0,17.5,1,1.2000000476837158,7.0,1.0,90,1.0,19.948740005493164
C2,525,0.49143651533961924,50.0,17.5,1,1.2000000476837158,8.0,1.0,50,1.0,14.90257740020752
C2,526,0.6816110464429402,17.9,17.6,1,2.4000000953674316,14.0,1.0,90,1.0,12.808213233947754
C2,527,0.7137749141875284,18.2,17.8,1,4.0,33.0,1.0,70,3.0,12.084927558898926
C2,528,0.7101875370135838,18.1,17.7,1,2.4000000953674316,15.0,1.0,70,3.0,11.250956535339355
C2,529,-0.016361078063081028,169.2,85.0,3,91.5999984741211,285.0,1.0,70,3.0,21.550573348999023
C2,530,0.5511156531329585,48.4,33.9,3,32.266666412353516,180.0,1.0,70,3.0,34.26367950439453
C2,531,0.557768016936305,43.6,29.7,3,23.200000762939453,150.0,1.0,70,3.0,47.89154052734375
C2,532,0.20761094724155282,92.7,46.6,4,90.0,309.0,1.0,70,3.0,57.134925842285156
C2,533,0.4722001920148748,43.7,29.0,4,10.100000381469727,69.0,1.0,90,1.0,63.88095474243164
C2,534,0.8477547725551173,17.7,17.4,4,0.800000011920929,12.0,1.0,30,2.0,62.06190490722656
C2,535,0.7485833333333334,38.699999999999996,26.0,4,22.200000762939453,174.0,1.0,30,3.0,54.97047805786133
C2,536,0.7659635162757095,32.2,21.7,4,8.5,105.0,1.0,30,3.0,46.18228530883789
C2,537,0.7066721870597004,38.9,28.0,4,9.100000381469727,60.0,1.0,30,1.0,48.109371185302734
C2,538,0.292023035329884,71.1,40.300000000000004,3,38.93333435058594,160.0,1.0,50,2.0,52.19895553588867
C2,539,0.2083631745270337,94.5,50.0,3,29.33333396911621,100.0,1.0,50,1.0,63.319374084472656
C2,540,0.16059161078162854,84.2,43.8,3,50.66666793823242,192.0,1.0,90,2.0,74.7916259765625
C2,541,0.7627139912782069,28.0,19.599999999999998,5,1.840000033378601,42.0,1.0,30,2.0,73.80831146240234
C2,542,0.6801925338628189,17.8,17.6,5,0.5600000023841858,15.0,1.0,90,1.0,61.88498306274414
C2,543,0.7649361839831669,18.0,17.5,5,0.800000011920929,24.0,1.0,50,2.0,43.53099060058594
C2,544,0.8477547725551173,17.8,17.4,5,0.800000011920929,30.0,1.0,30,2.0,31.71859359741211
C2,545,0.8480868152918877,17.7,17.6,5,0.8799999952316284,30.0,1.0,30,2.0,24.63115692138672
C2,546,0.439191580854195,32.5,23.8,1,4.0,20.0,1.0,70,1.0,21.44536018371582
C2,547,0.8654774278277694,18.0,17.6,1,5.199999809265137,48.0,1.0,30,3.0,19.667217254638672
C2,548,0.8607685509003341,18.2,17.6,1,4.0,32.0,1.0,30,2.0,18.73366355895996
C2,549,0.8510615300280377,18.3,17.8,1,1.600000023841858,12.0,1.0,30,1.0,17.10686492919922
C2,550,0.852702823555001,18.4,17.9,1,2.0,12.0,1.0,30,1.0,15.597452163696289
C2,551,0.6313643338995105,47.0,34.8,1,8.800000190734863,32.0,1.0,30,1.0,16.825138092041016
C2,552,0.7676371467794678,20.2,17.9,1,2.0,15.0,1.0,50,1.0,17.961750030517578
C2,553,0.1827,115.2,66.8,2,33.20000076293945,67.0,1.0,30,1.0,25.977048873901367
C2,554,0.21955000000000002,101.8,53.0,3,58.93333435058594,190.0,1.0,50,2.0,39.18622970581055
C2,555,0.5754166666666667,44.5,30.4,6,35.733333587646484,261.0,1.0,30,3.0,56.71173858642578
C2,556,0.7659275333181477,29.2,20.5,7,3.3714284896850586,70.0,1.0,30,2.0,62.96037673950195
C2,557,0.6864069148920892,42.9,28.299999999999997,7,34.228572845458984,276.0,1.0,50,3.0,66.30956268310547
C2,558,0.6708746734394342,43.5,28.9,7,50.97142791748047,381.0,1.0,70,3.0,73.65240478515625
C2,559,0.7133335167270114,33.300000000000004,23.5,7,17.828571319580078,207.0,1.0,50,3.0,82.59143829345703
C2,560,0.6514543532169474,23.3,18.8,7,2.5142858028411865,75.0,1.0,90,3.0,79.02153015136719
C2,561,0.7019452464724424,39.1,26.8,7,28.285715103149414,243.0,1.0,50,3.0,70.74625396728516
C2,562,0.6968229062494808,32.7,22.599999999999998,7,12.685714721679688,174.0,1.0,50,3.0,64.31441497802734
C2,563,0.7763776855669858,32.7,22.5,7,13.028571128845215,177.0,1.0,30,3.0,64.9886474609375
C2,564,0.07494876789921492,50.9,35.2,4,15.866666793823242,105.0,1.0,70,1.0,68.59319305419922
C2,565,0.5817506892280645,44.1,28.7,4,10.199999809265137,69.0,1.0,50,1.0,72.22257995605469
C2,566,0.6379340064263946,48.599999999999994,33.6,4,15.600000381469727,84.0,1.0,30,1.0,77.73355102539062
C2,567,0.28647526730342016,71.1,39.300000000000004,4,53.599998474121094,244.0,1.0,70,2.0,83.30679321289062
C2,568,0.6209524086395565,33.2,23.900000000000002,4,14.199999809265137,141.0,1.0,70,3.0,83.7174072265625
C2,569,0.5308284102098201,44.2,29.3,4,17.399999618530273,120.0,1.0,70,2.0,80.76377868652344
C2,570,0.3080052336491281,63.8,38.6,4,54.099998474121094,244.0,1.0,70,2.0,78.9916000366211
C2,571,0.30016759496154366,69.8,39.1,4,57.400001525878906,258.0,1.0,70,2.0,88.86162567138672
C2,572,0.30035083489511555,50.3,35.1,5,23.600000381469727,126.0,1.0,50,1.0,103.5836410522461
C2,573,0.2787316667396427,50.9,35.1,5,36.880001068115234,210.0,1.0,70,2.0,110.15018463134766
C2,574,0.5891526769496226,48.5,33.9,5,41.439998626708984,222.0,1.0,70,2.0,111.69010925292969
C2,575,0.5980110984035548,48.800000000000004,33.099999999999994,7,71.44000244140625,387.0,1.0,50,3.0,113.01406860351562
C2,576,0.5147858217909622,43.7,29.4,7,30.97142791748047,234.0,1.0,90,2.0,115.40843963623047
C2,577,0.5250461983921942,44.1,29.6,7,15.428571701049805,118.0,1.0,70,1.0,117.77839660644531
C2,578,0.70275,43.7,29.0,7,47.657142639160156,333.0,1.0,50,3.0,116.80036926269531
C2,579,0.70275,43.7,29.4,7,40.628570556640625,306.0,1.0,50,3.0,114.21355438232422
C2,580,0.7000000000000001,44.0,29.5,7,42.85714340209961,321.0,1.0,50,3.0,111.1948013305664
C2,581,0.6062741567076748,43.7,28.9,7,55.08571243286133,399.0,1.0,90,3.0,112.31687927246094
C2,582,0.6990833333333334,44.1,29.7,7,48.228572845458984,351.0,1.0,50,3.0,114.99012756347656
C2,583,0.5482607467170214,41.099999999999994,29.1,7,14.114285469055176,103.0,1.0,70,1.0,116.06074523925781
C2,584,0.7717222504655495,32.9,22.9,7,12.114285469055176,171.0,1.0,30,3.0,106.56977844238281
C2,585,0.6688378693678202,43.0,29.1,7,49.02857208251953,348.0,1.0,70,3.0,100.74186706542969
C2,586,0.6951844713370768,40.300000000000004,27.599999999999998,7,29.485713958740234,267.0,1.0,50,3.0,95.37845611572266
C2,587,0.70275,43.7,28.8,7,43.42856979370117,327.0,1.0,50,3.0,99.09374237060547
C2,588,0.7064166666666667,43.3,28.6,7,45.657142639160156,333.0,1.0,50,3.0,100.65624237060547
C2,589,0.5727425606435887,44.0,29.6,7,47.82857131958008,360.0,1.0,90,3.0,105.72708129882812
C2,590,0.5586666666666665,37.6,25.7,12,27.899999618530273,336.0,1.0,30,3.0,109.1695785522461
C2,591,0.5663236493348145,34.9,24.7,12,18.799999237060547,236.0,1.0,90,2.0,112.16841888427734
C2,592,0.6624769284701482,33.6,24.0,12,26.46666717529297,306.0,1.0,70,3.0,111.56771850585938
C2,593,0.7449781378872549,34.0,24.2,12,7.266666889190674,96.0,1.0,30,1.0,109.07395935058594
C2,594,0.7870833333333334,34.5,24.400000000000002,12,29.200000762939453,354.0,1.0,30,3.0,107.57771301269531
C2,595,0.5712061090902215,34.2,24.6,12,17.96666717529297,212.0,1.0,90,2.0,107.21329498291016
C2,596,0.5876526259190419,35.2,25.2,12,9.199999809265137,112.0,1.0,70,1.0,109.12797546386719
C2,597,0.5651314581739725,33.4,24.1,12,8.866666793823242,107.0,1.0,90,1.0,108.81011962890625
C2,598,0.5923235676088856,34.2,24.2,12,7.5333333015441895,97.0,1.0,70,1.0,107.41940307617188
C2,599,0.7834166666666667,34.9,24.7,12,28.5,342.0,1.0,30,3.0,106.85164642333984
C2,600,0.7907500000000001,34.1,24.299999999999997,12,25.53333282470703,309.0,1.0,30,3.0,105.97765350341797
C2,601,0.7889166666666667,34.3,24.1,12,26.233333587646484,318.0,1.0,30,3.0,106.65325927734375
C2,602,0.788,34.4,24.5,12,29.16666603088379,348.0,1.0,30,3.0,107.32528686523438
C2,603,0.7509222622119155,34.4,24.6,12,9.966666221618652,115.0,1.0,30,1.0,109.32850646972656
C2,604,0.7393400545336947,35.0,25.1,12,8.233333587646484,100.0,1.0,30,1.0,109.73043823242188
C2,605,0.5343272015826827,36.900000000000006,24.400000000000002,12,9.933333396911621,115.0,1.0,90,1.0,109.83826446533203
C2,606,0.6696460094692128,33.9,24.2,12,8.866666793823242,109.0,1.0,50,1.0,109.10295867919922
C2,607,0.7798471046884142,33.9,24.1,12,18.566667556762695,220.0,1.0,30,2.0,109.99510955810547
C2,608,0.5858333333333333,39.0,26.8,8,23.950000762939453,208.0,1.0,30,2.0,109.06372833251953
C2,609,0.7348333333333333,40.2,27.900000000000002,8,27.5,232.0,1.0,30,2.0,109.43824005126953
C2,610,0.7531666666666668,38.199999999999996,26.200000000000003,8,20.950000762939453,188.0,1.0,30,2.0,107.52960968017578
C2,611,0.6881262253778726,41.300000000000004,28.1,8,30.100000381469727,256.0,1.0,50,2.0,109.58443450927734
C2,612,0.6831446842640967,43.2,28.400000000000002,8,14.050000190734863,117.0,1.0,30,1.0,110.9506607055664
C2,613,0.6316367247637615,42.8,28.2,8,39.099998474121094,330.0,1.0,70,3.0,113.90373229980469
C2,614,0.5935664552648129,38.199999999999996,25.7,11,9.236363410949707,103.0,1.0,30,1.0,112.34223937988281
C2,615,0.7185303957902341,37.699999999999996,25.6,11,9.345454216003418,113.0,1.0,30,1.0,110.87200927734375
C2,616,0.7107026139082195,38.800000000000004,25.3,11,10.0,106.0,1.0,30,1.0,109.45653533935547
C2,617,0.7491498091706161,34.7,24.8,11,10.254545211791992,112.0,1.0,30,1.0,109.80725860595703
C2,618,0.6444633050899529,37.199999999999996,25.0,11,30.07272720336914,345.0,1.0,70,3.0,110.28435516357422
C2,619,0.32039047797796744,40.599999999999994,28.7,5,16.399999618530273,98.0,1.0,70,1.0,109.50394439697266
C2,620,0.5894983134791247,49.8,34.3,5,64.4800033569336,351.0,1.0,90,3.0,109.7023696899414
C2,621,0.4663385876148393,39.699999999999996,26.9,11,11.163636207580566,120.0,1.0,30,1.0,110.48809051513672
C2,622,0.6116191657728955,36.3,25.1,11,19.745454788208008,226.0,1.0,70,2.0,112.95951843261719
C2,623,0.7510359472415529,34.4,25.1,11,10.0,110.0,1.0,30,1.0,113.50904846191406
C2,624,0.7270211960209655,37.3,25.5,11,10.763636589050293,116.0,1.0,30,1.0,113.30542755126953
C2,625,0.5632292322021294,35.6,25.4,11,20.509090423583984,228.0,1.0,90,2.0,113.31658935546875
C2,626,0.6579822898115488,28.2,20.2,8,2.109090805053711,48.0,1.0,30,1.0,105.0566177368164
C2,627,0.7394917034970193,33.099999999999994,22.599999999999998,8,3.700000047683716,56.0,1.0,30,1.0,92.10063934326172
C2,628,0.6240422959908853,33.2,23.0,8,15.149999618530273,192.0,1.0,70,3.0,77.66038513183594
C2,629,0.7049546992974441,35.1,24.5,8,19.75,228.0,1.0,50,3.0,72.72956085205078
C2,630,0.5676955521858262,32.9,22.3,8,7.050000190734863,102.0,1.0,90,2.0,69.10440826416016
C2,631,0.5217829766899751,32.5,22.3,4,8.699999809265137,84.0,1.0,50,2.0,63.995975494384766
C2,632,0.7653102077737585,17.7,17.5,4,0.8999999761581421,24.0,1.0,50,3.0,51.864253997802734
C2,633,0.7607097555542586,34.3,24.400000000000002,4,12.699999809265137,120.0,1.0,30,3.0,43.118553161621094
C2,634,0.7396666666666667,38.800000000000004,27.5,3,21.200000762939453,174.0,1.0,30,3.0,40.00446319580078
C2,635,0.8477547725551173,18.599999999999998,17.8,3,0.800000011920929,10.0,1.0,30,1.0,38.402679443359375
C2,636,0.5440048283317157,49.3,34.0,3,12.533333778381348,67.0,1.0,50,1.0,41.04160690307617
C2,637,0.7634137770648778,33.0,23.0,3,9.866666793823242,99.0,1.0,30,3.0,39.291629791259766
C2,638,0.25092500000000006,93.3,48.5,3,30.53333282470703,106.0,1.0,30,1.0,51.04164505004883
C2,639,0.05979220542548552,66.0,37.8,8,57.733333587646484,276.0,1.0,30,3.0,61.42498779296875
C2,640,0.7091666666666667,43.0,27.799999999999997,8,50.099998474121094,420.0,1.0,50,3.0,81.92166137695312
C2,641,0.5516666666666666,34.0,24.1,14,28.714284896850586,408.0,1.0,30,3.0,98.21966552734375
C2,642,0.7971666666666668,33.4,23.5,14,22.485713958740234,321.0,1.0,30,3.0,109.99846649169922
C2,643,0.7435316416506651,34.2,23.8,14,7.371428489685059,105.0,1.0,30,1.0,112.39907836914062
C2,644,0.7971666666666668,33.4,23.7,14,24.742856979370117,348.0,1.0,30,3.0,111.17278289794922
C2,645,0.7944166666666667,33.7,23.7,14,23.97142791748047,345.0,1.0,30,3.0,111.50366973876953
C2,646,0.7953333333333333,33.6,23.7,14,22.542856216430664,315.0,1.0,30,3.0,111.70220184326172
C2,647,0.76925,34.7,24.5,12,25.53333282470703,315.0,1.0,30,3.0,110.35465240478516
C2,648,0.7815833333333334,35.1,24.5,12,28.66666603088379,339.0,1.0,30,3.0,109.27945709228516
C2,649,0.7572057878314897,33.4,23.900000000000002,12,9.133333206176758,111.0,1.0,30,1.0,109.43434143066406
C2,650,0.5880539610198758,33.300000000000004,23.7,12,22.299999237060547,297.0,1.0,90,3.0,108.7272720336914
C2,651,0.7788333333333334,35.4,24.7,12,20.299999237060547,234.0,1.0,30,2.0,108.83636474609375
C2,652,0.603861388886358,32.300000000000004,20.8,12,5.199999809265137,114.0,1.0,70,2.0,101.70182037353516
C2,653,0.6666015843592992,31.6,20.400000000000002,12,2.9000000953674316,58.0,1.0,50,1.0,91.95442199707031
C2,654,0.5611409569757885,32.9,22.700000000000003,9,9.422222137451172,130.0,1.0,50,2.0,79.17265319824219
C2,655,0.7644385924123176,17.8,17.5,9,0.6666666865348816,30.0,1.0,50,3.0,65.23692321777344
C2,656,0.5656849398620174,17.9,17.5,4,1.0,54.0,1.0,50,3.0,51.54215621948242
C2,657,0.7511908835991162,18.1,17.6,2,1.399999976158142,21.0,1.0,50,3.0,35.59196090698242
C2,658,0.7251865153396193,24.5,18.2,2,1.2000000476837158,12.0,1.0,50,3.0,25.22184181213379
C2,659,0.6715784048860417,32.4,21.4,2,6.0,54.0,1.0,50,2.0,20.199771881103516
C2,660,0.4895429821134467,45.400000000000006,34.9,1,10.399999618530273,35.0,1.0,70,1.0,20.919862747192383
C2,661,0.662836384892749,44.6,34.7,1,31.600000381469727,114.0,1.0,50,3.0,25.885251998901367
C2,662,0.26137499999999997,89.5,51.1,1,45.20000076293945,126.0,1.0,50,3.0,30.864484786987305
C2,663,0.17827500000000004,113.9,53.6,3,57.46666717529297,216.0,1.0,50,3.0,38.78535842895508
C2,664,0.6565577374781214,44.2,30.200000000000003,3,28.66666603088379,174.0,1.0,50,3.0,46.20454788208008
C2,665,0.11117608728082348,67.2,39.4,3,21.600000381469727,86.0,1.0,90,1.0,56.522727966308594
C2,666,0.1609771652047092,81.0,43.4,3,48.66666793823242,186.0,1.0,90,2.0,65.51363372802734
C2,667,0.358175,54.300000000000004,36.4,3,48.53333282470703,219.0,1.0,50,3.0,72.9081802368164
C2,668,0.6677006159430608,39.4,26.8,3,20.266666412353516,138.0,1.0,50,3.0,72.0115737915039
C2,669,0.6722416156944302,38.6,26.599999999999998,3,19.600000381469727,144.0,1.0,50,3.0,65.4736099243164
C2,670,0.7248020634123631,39.199999999999996,26.8,3,15.866666793823242,120.0,1.0,30,3.0,57.15083312988281
C2,671,0.7009166666666666,43.9,29.4,3,27.46666717529297,165.0,1.0,30,3.0,53.3571662902832
C2,672,0.6112590172576802,49.6,33.9,5,44.959999084472656,255.0,1.0,30,3.0,56.01430130004883
C2,673,0.7325833333333334,38.699999999999996,26.1,7,22.571428298950195,222.0,1.0,30,3.0,62.14191436767578
C2,674,0.7036666666666667,43.6,29.4,7,31.542856216430664,224.0,1.0,30,2.0,73.4184799194336
C2,675,0.7415343859053644,23.0,18.4,7,1.8857142925262451,54.0,1.0,50,2.0,72.45108795166016
C2,676,0.5226065587213563,38.9,25.9,7,14.685714721679688,154.0,1.0,90,2.0,72.2706527709961
C2,677,0.7793704305524933,33.7,24.0,7,17.542856216430664,192.0,1.0,30,3.0,65.76239013671875
C2,678,0.569789022284013,36.2,25.2,7,5.885714054107666,61.0,1.0,70,1.0,66.3907699584961
C2,679,0.7543157263796142,34.4,24.9,5,16.457143783569336,180.0,1.0,30,3.0,64.50112915039062
C2,680,0.5062578402255451,44.699999999999996,31.4,4,13.800000190734863,78.0,1.0,70,1.0,65.2340087890625
C2,681,0.6874166666666667,44.5,29.9,5,34.15999984741211,231.0,1.0,30,3.0,67.80707550048828
C2,682,0.7686238272669494,31.099999999999998,20.9,5,6.480000019073486,96.0,1.0,30,3.0,65.6175765991211
C2,683,0.5790833333333334,44.1,29.8,8,35.04999923706055,297.0,1.0,30,3.0,67.1038818359375
C2,684,0.6285833333333334,38.699999999999996,26.1,11,32.21818161010742,345.0,1.0,30,3.0,73.06232452392578
C2,685,0.8264057360852225,23.400000000000002,19.3,11,3.200000047683716,108.0,1.0,30,3.0,77.17073059082031
C2,686,0.7623333333333333,37.199999999999996,25.1,11,32.61818313598633,354.0,1.0,30,3.0,82.16910552978516
C2,687,0.7916666666666666,34.0,24.299999999999997,11,24.690908432006836,288.0,1.0,30,3.0,82.63479614257812
C2,688,0.6929708558664119,28.299999999999997,19.8,11,1.8909090757369995,45.0,1.0,50,1.0,84.11421203613281
C2,689,0.6081272188899917,32.599999999999994,21.9,11,7.96363639831543,132.0,1.0,70,2.0,78.06852722167969
C2,690,0.7839172564930359,33.2,23.5,11,17.527273178100586,240.0,1.0,30,3.0,72.30778503417969
C2,691,0.7064494453111294,17.9,17.6,11,0.6181818246841431,30.0,1.0,70,2.0,64.85133361816406
C2,692,0.6269366735923203,27.900000000000002,19.8,7,3.644444465637207,93.0,1.0,30,3.0,55.71080017089844
C2,693,0.72775,40.099999999999994,27.7,8,31.200000762939453,273.0,1.0,30,3.0,51.69314956665039
C2,694,0.5092895270825907,40.0,28.299999999999997,8,12.5,100.0,1.0,90,1.0,60.61589050292969
C2,695,0.7298333333333333,39.0,26.9,10,32.959999084472656,327.0,1.0,30,3.0,76.3695297241211
C2,696,0.7504166666666667,38.5,25.8,10,32.599998474121094,327.0,1.0,30,3.0,88.22171783447266
C2,697,0.5702515111545009,39.0,26.3,10,34.959999084472656,345.0,1.0,90,3.0,97.3330307006836
C2,698,0.5279928517774916,37.6,26.3,10,10.0,101.0,1.0,90,1.0,101.733154296875
C2,699,0.7146169530392367,39.199999999999996,26.0,10,12.319999694824219,122.0,1.0,30,1.0,106.10655975341797
C2,700,0.7705833333333334,36.3,25.8,10,20.520000457763672,208.0,1.0,30,2.0,107.26393127441406
C2,701,0.7485833333333334,38.699999999999996,26.0,10,28.440000534057617,296.0,1.0,30,2.0,114.22502899169922
C2,702,0.5628802815475409,39.0,25.8,10,12.640000343322754,128.0,1.0,70,1.0,119.2016830444336
C2,703,0.5398862341086101,39.0,26.200000000000003,10,24.1200008392334,240.0,1.0,90,2.0,124.32100677490234
C2,704,0.6676144448678469,38.199999999999996,25.7,10,37.63999938964844,393.0,1.0,70,3.0,125.12593841552734
C2,705,0.7463333333333333,37.199999999999996,25.0,12,21.366666793823242,260.0,1.0,30,2.0,125.87556457519531
C2,706,-0.3805082936500698,33.099999999999994,22.8,40,56.29999923706055,1304.0,1.0,30,2.0,197.2586669921875
C2,707,-0.3604356214844257,27.7,20.7,70,40.02580642700195,2362.0,1.0,30,2.0,380.0885314941406
C2,708,0.8750833333333334,24.9,19.8,70,28.270967483520508,1718.0,1.0,30,2.0,586.9864501953125
C2,709,0.8750833333333334,24.9,20.0,70,32.290321350097656,2006.0,1.0,30,2.0,757.9252319335938
C2,710,0.7865283653876314,23.7,19.400000000000002,70,14.367741584777832,861.0,1.0,50,1.0,817.82177734375
C2,711,0.8760000000000001,24.8,20.0,70,36.445159912109375,2277.0,1.0,30,3.0,840.4263916015625
C2,712,0.16416004900278652,26.3,20.299999999999997,87,43.703224182128906,2955.0,1.0,30,3.0,851.5891723632812
C2,713,0.6738362109254665,23.5,19.3,87,20.354839324951172,1233.0,1.0,90,3.0,798.286865234375
C2,714,0.8411401323095067,23.8,19.400000000000002,87,7.993548393249512,480.0,1.0,30,3.0,686.4387817382812
C2,715,0.7586736779832401,21.1,18.599999999999998,87,1.8129032850265503,140.0,1.0,50,2.0,497.3299255371094
C2,716,0.7780122029421439,23.8,19.400000000000002,87,12.593548774719238,756.0,1.0,50,3.0,362.66461181640625
C2,717,-0.9726866947753052,23.8,19.5,42,4.348387241363525,273.0,1.0,30,3.0,272.6654357910156
C2,718,0.8465269031330706,18.0,17.7,42,0.5047619342803955,42.0,1.0,30,3.0,211.1992645263672
C2,719,0.026202874110997712,18.4,17.8,25,0.4959999918937683,16.0,1.0,70,1.0,142.85289001464844
C2,720,0.6220824453014627,31.3,20.9,25,8.720000267028809,258.0,1.0,70,3.0,101.17840576171875
C2,721,0.6319572681819501,32.2,21.3,25,14.767999649047852,360.0,1.0,70,3.0,90.30704498291016
C2,722,0.3021874835994619,23.0,18.599999999999998,12,1.2666666507720947,63.0,1.0,30,3.0,84.45088958740234
C2,723,0.7930140817048118,28.8,20.6,12,7.366666793823242,168.0,1.0,30,3.0,76.93720245361328
C2,724,0.7697822185254802,32.599999999999994,22.0,12,10.666666984558105,198.0,1.0,30,3.0,65.22898864746094
C2,725,0.7677685914551261,32.5,21.6,12,9.800000190734863,189.0,1.0,30,3.0,63.80405807495117
C2,726,0.7889166666666667,34.3,24.400000000000002,12,25.799999237060547,318.0,1.0,30,3.0,69.61576843261719
C2,727,0.8170678205532862,23.8,19.3,11,3.781818151473999,117.0,1.0,30,3.0,69.50279235839844
C2,728,0.7788333333333334,35.4,25.2,11,27.272727966308594,303.0,1.0,30,3.0,74.50167846679688
C2,729,0.7678333333333334,36.6,25.1,11,30.03636360168457,327.0,1.0,30,3.0,77.90100860595703
C2,730,0.8477547725551173,18.1,17.8,11,0.800000011920929,48.0,1.0,30,3.0,76.87393951416016
C2,731,0.7059562704564261,20.299999999999997,18.3,11,1.7090909481048584,72.0,1.0,70,3.0,65.99102783203125
C2,732,0.769976915486924,28.6,19.900000000000002,11,1.0545454025268555,35.0,1.0,30,1.0,49.5946159362793
C2,733,0.7067446007797368,17.8,17.6,11,0.7636363506317139,36.0,1.0,70,3.0,39.22343826293945
C2,734,0.7774607850198273,27.799999999999997,19.599999999999998,11,1.0909091234207153,31.0,1.0,30,1.0,33.93406295776367
C2,735,0.45106153002803767,19.400000000000002,17.7,1,1.600000023841858,15.0,1.0,30,1.0,28.09377098083496
C2,736,0.12025838597242808,109.2,55.199999999999996,2,59.20000076293945,201.0,1.0,90,3.0,31.922929763793945
C2,737,0.1741,77.60000000000001,40.2,5,23.600000381469727,123.0,1.0,30,1.0,46.487091064453125
C2,738,0.6571631636861601,44.699999999999996,29.3,5,10.15999984741211,74.0,1.0,30,1.0,63.092254638671875
C2,739,0.3678,50.8,35.1,5,20.399999618530273,109.0,1.0,30,1.0,78.65534973144531
C2,740,0.7127807290083849,37.900000000000006,26.3,5,8.239999771118164,65.0,1.0,30,1.0,80.25988006591797
C2,741,0.360375,53.5,35.7,5,22.15999984741211,121.0,1.0,30,1.0,87.4892578125
C2,742,0.6233749790021941,49.9,33.9,4,17.760000228881836,99.0,1.0,30,1.0,90.4935531616211
C2,743,0.6311277456609818,49.4,34.0,4,15.800000190734863,84.0,1.0,30,1.0,94.8294677734375
C2,744,0.36285,52.6,35.2,4,46.900001525878906,249.0,1.0,50,3.0,92.36434936523438
C2,745,0.6665513628055959,43.2,28.2,4,28.899999618530273,201.0,1.0,50,3.0,86.61860656738281
C2,746,0.6828321415036229,34.7,24.1,4,13.699999809265137,132.0,1.0,50,3.0,77.83782958984375
C2,747,0.5969580333437785,33.8,24.299999999999997,4,7.900000095367432,82.0,1.0,70,2.0,66.96936798095703
C2,748,0.7156151635070891,27.2,19.599999999999998,4,5.099999904632568,84.0,1.0,50,3.0,55.248287200927734
C2,749,0.27693679790201214,53.699999999999996,35.9,6,77.9000015258789,363.0,1.0,50,3.0,58.482303619384766
C2,750,0.4939274905221,47.9,31.4,6,36.53333282470703,238.0,1.0,90,2.0,70.82271575927734
C2,751,0.7723518842336673,27.900000000000002,19.8,8,4.0,93.0,1.0,30,3.0,78.62696075439453
C2,752,0.5354746676127757,38.4,25.8,13,42.79999923706055,390.0,1.0,30,3.0,84.50951385498047
C2,753,0.5625863045402437,33.6,23.5,13,8.246153831481934,111.0,1.0,90,1.0,86.97237396240234
C2,754,0.7694039868976633,32.2,21.3,13,9.476922988891602,192.0,1.0,30,3.0,92.85009002685547
C2,755,0.6403299370698422,33.0,22.8,13,19.323076248168945,270.0,1.0,70,3.0,91.04338836669922
C2,756,0.7898186439518878,27.7,19.599999999999998,13,3.9076921939849854,120.0,1.0,30,3.0,80.4926986694336
C2,757,0.4028287624049101,35.4,24.9,8,14.830769538879395,206.0,1.0,70,2.0,79.36228942871094
C2,758,0.7622266375949174,33.4,23.0,8,10.600000381469727,156.0,1.0,30,3.0,73.61737060546875
C2,759,0.7650833333333333,36.900000000000006,25.0,8,25.25,261.0,1.0,30,3.0,76.43708801269531
C2,760,0.4920840283370747,41.9,28.1,8,12.649999618530273,107.0,1.0,90,1.0,78.6622543334961
C2,761,0.5835910064608781,44.5,29.7,7,13.371428489685059,102.0,1.0,50,1.0,86.66401672363281
C2,762,0.5983559151105087,32.0,20.5,7,1.5428571701049805,38.0,1.0,70,1.0,84.93174743652344
C2,763,0.7906479444346743,27.599999999999998,19.5,7,3.885714292526245,76.0,1.0,30,2.0,74.6923828125
C2,764,0.5839057360852224,32.4,21.4,3,3.200000047683716,70.0,1.0,30,2.0,59.61542892456055
C2,765,0.7027026139082195,38.800000000000004,27.3,2,10.0,60.0,1.0,30,2.0,49.50259017944336
C2,766,0.6520026591336767,47.4,32.0,2,16.799999237060547,80.0,1.0,30,2.0,43.70155334472656
C2,767,0.758441062280405,34.1,25.9,2,11.399999618530273,76.0,1.0,30,2.0,40.620933532714844
C2,768,0.6052435402225026,34.5,25.6,2,13.0,90.0,1.0,70,3.0,38.772560119628906
C2,769,0.7052026139082196,39.4,26.9,2,10.0,66.0,1.0,30,2.0,36.730201721191406
C2,770,0.7188917685746551,38.199999999999996,26.599999999999998,2,10.800000190734863,72.0,1.0,30,2.0,35.238121032714844
C2,771,0.6586428461585849,47.4,31.9,2,19.799999237060547,98.0,1.0,30,2.0,36.87620544433594
C2,772,0.708390026919445,39.199999999999996,27.5,2,10.399999618530273,66.0,1.0,30,2.0,37.85905838012695
C2,773,0.5044050393371653,39.5,26.1,2,4.199999809265137,30.0,1.0,90,1.0,37.64876937866211
C2,774,0.7591552568856765,32.099999999999994,21.5,2,6.400000095367432,56.0,1.0,30,2.0,34.72259521484375
C2,775,0.7656055817666098,32.2,22.3,2,8.399999618530273,87.0,1.0,30,3.0,32.433555603027344
C2,776,0.5203742650389558,49.7,33.099999999999994,2,7.800000190734863,40.0,1.0,50,1.0,32.39346694946289
C2,777,0.6819166666666666,45.1,34.5,1,28.399999618530273,96.0,1.0,30,3.0,32.902748107910156
C2,778,0.7821693258003434,33.2,27.2,1,16.799999237060547,84.0,1.0,30,3.0,33.074981689453125
C2,779,0.6734166666666667,46.9,34.8,1,28.399999618530273,102.0,1.0,30,3.0,32.37832260131836
C2,780,0.5600994723148077,33.7,26.1,1,6.800000190734863,29.0,1.0,90,1.0,31.560327529907227
C2,781,0.2684281511753199,76.39999999999999,43.6,2,44.79999923706055,129.0,1.0,30,3.0,33.06953048706055
C2,782,0.6884181509260544,39.4,26.200000000000003,2,5.400000095367432,32.0,1.0,30,1.0,33.7083854675293
C2,783,0.7295342571174352,39.1,26.599999999999998,2,17.399999618530273,114.0,1.0,30,3.0,35.29169845581055
C2,784,0.8559587577917702,17.9,17.6,2,2.799999952316284,45.0,1.0,30,3.0,32.50835037231445
C2,785,0.8518832352792386,17.8,17.6,2,1.7999999523162842,30.0,1.0,30,3.0,27.905010223388672
C2,786,0.8559587577917702,18.1,17.8,2,2.799999952316284,36.0,1.0,30,3.0,21.676340103149414
C2,787,0.8477547725551173,18.2,17.8,2,0.800000011920929,15.0,1.0,30,3.0,16.605804443359375
C2,788,0.8518832352792386,18.4,17.7,2,1.7999999523162842,24.0,1.0,30,3.0,13.296815872192383
C2,789,0.48193618398316684,50.0,17.4,1,0.800000011920929,5.0,1.0,50,1.0,10.37808895111084
C2,790,0.7037303829170811,20.8,17.8,1,2.799999952316284,18.0,1.0,70,3.0,8.760187149047852
C2,791,0.7774171030202356,32.9,26.599999999999998,1,14.0,69.0,1.0,30,3.0,9.789445877075195
C2,792,0.8575724027518892,18.2,17.8,1,3.200000047683716,24.0,1.0,30,3.0,10.807001113891602
C2,793,0.8510615300280377,17.9,17.6,1,1.600000023841858,12.0,1.0,30,3.0,11.150867462158203
C2,794,0.6826224492010974,18.1,17.7,1,3.5999999046325684,27.0,1.0,90,3.0,9.490520477294922
C2,795,0.8559587577917702,18.3,17.9,1,2.799999952316284,24.0,1.0,30,3.0,8.494312286376953
C2,796,0.8607685509003341,18.1,17.7,1,4.0,33.0,1.0,30,3.0,8.829920768737793
C2,797,0.8575724027518892,18.599999999999998,17.7,1,3.200000047683716,24.0,1.0,30,3.0,8.89795207977295
C2,798,0.5760615300280377,50.0,17.9,1,1.600000023841858,6.0,1.0,30,3.0,8.138771057128906
C2,799,0.852702823555001,18.599999999999998,17.9,1,2.0,12.0,1.0,30,3.0,6.749929428100586
C2,800,0.8559587577917702,18.1,17.8,1,2.799999952316284,18.0,1.0,30,3.0,5.649957656860352
C2,801,0.8685539631541367,17.9,17.6,1,6.0,51.0,1.0,30,3.0,6.989974498748779
C2,802,0.5710902975977581,50.0,18.1,1,0.4000000059604645,3.0,1.0,30,1.0,7.660651206970215
C2,803,0.5744120147012152,50.0,17.7,1,1.2000000476837158,8.0,1.0,30,1.0,8.329724311828613
C2,804,0.8543353991895412,18.4,17.8,1,2.4000000953674316,12.0,1.0,30,3.0,6.9978346824646
C2,805,0.5727547725551173,50.0,17.8,1,0.800000011920929,7.0,1.0,30,1.0,6.732034206390381
C2,806,0.8543353991895412,18.5,17.8,1,2.4000000953674316,14.0,1.0,30,1.0,7.372553825378418
C2,807,0.8510615300280377,19.2,17.8,1,1.600000023841858,12.0,1.0,30,1.0,8.823532104492188
C2,808,0.5744120147012152,50.0,17.7,1,1.2000000476837158,2.0,1.0,30,1.0,9.02745246887207
C2,809,0.5744120147012152,50.0,17.6,1,1.2000000476837158,6.0,1.0,30,1.0,8.083138465881348
C2,810,0.5760615300280377,50.0,17.6,1,1.600000023841858,5.0,1.0,30,1.0,6.583216190338135
C2,811,0.7788223701562585,17.9,17.6,1,4.400000095367432,38.0,1.0,50,2.0,7.949929714202881
C2,812,0.772547377988288,18.4,17.7,1,2.799999952316284,18.0,1.0,50,2.0,9.169958114624023
C2,813,0.8543353991895412,17.9,17.5,1,2.4000000953674316,18.0,1.0,30,3.0,10.035307884216309
C2,814,0.5727547725551173,50.0,17.8,1,0.800000011920929,4.0,1.0,30,1.0,8.55451774597168
C2,815,0.7694704801128012,19.2,17.9,1,2.0,14.0,1.0,50,2.0,7.399377346038818
C2,816,0.7772390996697683,18.1,17.6,1,4.0,28.0,1.0,50,2.0,7.7729597091674805
C2,817,0.7679480189220103,18.0,17.6,1,1.600000023841858,12.0,1.0,50,2.0,8.263775825500488
C2,818,0.7694704801128012,17.9,17.6,1,2.0,10.0,1.0,50,2.0,8.29159927368164
C2,819,0.7679480189220103,18.0,17.6,1,1.600000023841858,12.0,1.0,50,2.0,7.241625785827637
C2,820,0.5760615300280377,50.0,17.6,1,1.600000023841858,9.0,1.0,30,3.0,6.211642265319824
C2,821,0.7767276307266981,33.099999999999994,26.700000000000003,1,14.399999618530273,78.0,1.0,30,3.0,8.393651962280273
C2,822,0.8607685509003341,18.3,17.7,1,4.0,33.0,1.0,30,3.0,10.369524955749512
C2,823,0.852702823555001,17.9,17.7,1,2.0,18.0,1.0,30,3.0,11.955047607421875
C2,824,0.5777028235550009,50.0,17.9,1,2.0,9.0,1.0,30,3.0,9.839695930480957
C2,825,0.8591758329899635,18.2,17.8,1,3.5999999046325684,27.0,1.0,30,3.0,8.303817749023438
C2,826,0.8670222991527153,18.1,17.7,1,5.599999904632568,48.0,1.0,30,3.0,8.71562385559082
C2,827,0.8559587577917702,17.8,17.6,1,2.799999952316284,21.0,1.0,30,3.0,9.496041297912598
C2,828,0.7710036769368389,18.0,17.7,1,2.4000000953674316,14.0,1.0,50,2.0,9.697624206542969
C2,829,0.48993618398316685,50.0,17.9,1,0.800000011920929,4.0,1.0,50,2.0,7.951908111572266
C2,830,0.7137749141875284,18.0,17.8,1,4.0,33.0,1.0,70,3.0,7.437811374664307
C2,831,0.6768654492644054,32.9,26.5,1,8.399999618530273,44.0,1.0,50,2.0,9.129353523254395
C2,832,0.7694704801128012,18.3,17.8,1,2.0,18.0,1.0,50,2.0,11.077611923217773
C2,833,0.7710036769368389,18.3,17.7,1,2.4000000953674316,18.0,1.0,50,2.0,11.979900360107422
C2,834,0.5727547725551173,50.0,17.6,1,0.800000011920929,6.0,1.0,30,1.0,10.387940406799316
C2,835,0.5744120147012152,50.0,17.6,1,1.2000000476837158,7.0,1.0,30,1.0,9.166097640991211
C2,836,0.7456698485148964,32.9,27.0,1,4.800000190734863,21.0,1.0,30,1.0,10.032991409301758
C2,837,0.5727547725551173,50.0,18.1,1,0.800000011920929,6.0,1.0,30,1.0,10.553128242492676
C2,838,0.8494120147012151,18.1,17.8,1,1.2000000476837158,10.0,1.0,30,1.0,11.265210151672363
C2,839,0.7741013474818902,19.2,17.7,1,3.200000047683716,24.0,1.0,50,3.0,9.959126472473145
C2,840,0.49143651533961924,50.0,17.6,1,1.2000000476837158,9.0,1.0,50,3.0,8.77547550201416
C2,841,0.7787647820406258,33.0,27.5,1,14.800000190734863,75.0,1.0,30,3.0,10.065285682678223
C2,842,0.8543353991895412,18.4,17.7,1,2.4000000953674316,15.0,1.0,30,3.0,10.439170837402344
C2,843,0.43181866503105076,50.0,17.7,1,0.800000011920929,5.0,1.0,70,1.0,10.930169105529785
C2,844,0.49143651533961924,50.0,18.0,1,1.2000000476837158,5.0,1.0,50,1.0,8.558101654052734
C2,845,0.8575724027518892,18.2,17.8,1,3.200000047683716,24.0,1.0,30,3.0,7.534861087799072
C2,846,0.8685539631541367,18.5,17.8,1,6.0,45.0,1.0,30,3.0,8.254249572753906
C2,847,0.709325018440201,18.599999999999998,17.8,1,2.0,15.0,1.0,70,3.0,8.685883522033691
C2,848,0.8559587577917702,18.4,17.7,1,2.799999952316284,18.0,1.0,30,3.0,8.678196907043457
C2,849,-0.5896428210498981,228.3,102.9,7,108.93333435058594,345.0,1.0,30,3.0,22.00691795349121
C2,850,0.5095,38.6,26.3,13,37.015384674072266,423.0,1.0,30,3.0,48.13748550415039
C2,851,0.7916666666666666,34.0,24.0,13,28.461538314819336,375.0,1.0,30,3.0,79.68248748779297
C2,852,0.8510615300280377,17.8,17.8,13,1.600000023841858,78.0,1.0,30,3.0,86.74282836914062
C2,853,0.6089373277490825,27.799999999999997,18.700000000000003,13,0.892307698726654,27.0,1.0,90,1.0,75.7790298461914
C2,854,0.6728723389608429,24.1,19.099999999999998,13,2.5230770111083984,90.0,1.0,70,3.0,56.53408432006836
C2,855,0.6801242417198612,23.099999999999998,18.700000000000003,13,1.6307692527770996,84.0,1.0,70,3.0,45.2537841796875
C2,856,0.7071259965097736,20.400000000000002,18.5,13,2.6769230365753174,99.0,1.0,70,3.0,39.28560256958008
C2,857,0.042791074831661585,42.9,26.1,1,11.199999809265137,93.0,1.0,70,3.0,35.83802795410156
C2,858,0.6315403782898654,32.4,25.9,1,15.199999809265137,75.0,1.0,70,3.0,33.369483947753906
C2,859,0.6283949822370157,32.599999999999994,26.3,1,14.800000190734863,81.0,1.0,70,3.0,31.08835792541504
C2,860,0.6297070449565321,32.599999999999994,26.5,1,15.199999809265137,81.0,1.0,70,3.0,29.18634796142578
C2,861,0.23660068195578574,80.9,46.4,1,26.799999237060547,80.0,1.0,50,2.0,30.045141220092773
C2,862,0.689846073570798,32.4,26.3,1,10.399999618530273,54.0,1.0,50,2.0,30.5604190826416
C2,863,0.2136393305212727,91.89999999999999,47.0,1,28.799999237060547,80.0,1.0,50,2.0,32.6029167175293
C2,864,0.13073284952672726,54.9,43.4,1,13.600000381469727,40.0,1.0,90,1.0,33.82841873168945
C2,865,0.30947500000000006,69.1,40.7,2,33.400001525878906,138.0,1.0,30,3.0,37.097049713134766
C2,866,0.6855833333333333,44.699999999999996,31.099999999999998,3,28.53333282470703,168.0,1.0,30,3.0,41.19156265258789
C2,867,0.65578156913046,39.1,27.599999999999998,3,16.799999237060547,123.0,1.0,50,3.0,43.7816047668457
C2,868,0.6796233944178013,33.7,24.299999999999997,3,10.800000190734863,111.0,1.0,50,3.0,44.13562774658203
C2,869,0.7060888516900199,28.400000000000002,20.5,3,5.4666666984558105,75.0,1.0,50,3.0,40.2147102355957
C2,870,0.48844723244420896,50.0,17.4,3,0.4000000059604645,3.0,1.0,50,3.0,32.52882766723633
C2,871,0.6596648819201025,32.300000000000004,21.5,2,4.800000190734863,60.0,1.0,50,3.0,25.6506290435791
C2,872,0.4811902731485469,50.0,17.5,1,0.6000000238418579,6.0,1.0,50,2.0,18.590377807617188
C2,873,0.5744120147012152,50.0,17.6,1,1.2000000476837158,9.0,1.0,30,3.0,14.620893478393555
C2,874,0.5727547725551173,50.0,17.7,1,0.800000011920929,9.0,1.0,30,3.0,9.972536087036133
C2,875,0.5744120147012152,50.0,17.9,1,1.2000000476837158,6.0,1.0,30,1.0,7.583521366119385
C2,876,0.8654774278277694,18.0,17.7,1,5.199999809265137,45.0,1.0,30,3.0,7.750113010406494
C2,877,0.48993618398316685,50.0,17.5,1,0.800000011920929,4.0,1.0,50,2.0,7.716734409332275
C2,878,0.8543353991895412,19.8,17.8,1,2.4000000953674316,18.0,1.0,30,3.0,7.696707248687744
C2,879,0.5744120147012152,50.0,17.8,1,1.2000000476837158,9.0,1.0,30,3.0,6.084691047668457
C2,880,0.8510615300280377,18.3,17.7,1,1.600000023841858,12.0,1.0,30,3.0,5.384148120880127
C2,881,0.7787647820406258,33.0,26.599999999999998,1,14.800000190734863,75.0,1.0,30,3.0,7.497155666351318
C2,882,0.43181866503105076,50.0,17.9,1,0.800000011920929,4.0,1.0,70,1.0,8.898293495178223
C2,883,0.5744120147012152,50.0,17.8,1,1.2000000476837158,9.0,1.0,30,3.0,9.605642318725586
C2,884,0.852702823555001,18.3,17.7,1,2.0,15.0,1.0,30,3.0,7.3633856773376465
C2,885,0.8510615300280377,19.099999999999998,17.7,1,1.600000023841858,12.0,1.0,30,3.0,6.018031120300293
C2,886,0.8639198485148963,18.1,17.8,1,4.800000190734863,39.0,1.0,30,3.0,6.54415225982666
C2,887,0.8543353991895412,18.2,17.8,1,2.4000000953674316,21.0,1.0,30,3.0,7.126491069793701
C2,888,0.5727547725551173,50.0,17.8,1,0.800000011920929,9.0,1.0,30,3.0,7.3425612449646
C2,889,0.7076406626870005,18.700000000000003,17.7,1,1.2000000476837158,10.0,1.0,70,1.0,7.072203636169434
C2,890,0.8559587577917702,17.9,17.6,1,2.799999952316284,24.0,1.0,30,2.0,7.576655387878418
C2,891,0.7619389150999429,32.599999999999994,26.200000000000003,1,8.399999618530273,40.0,1.0,30,2.0,10.14599323272705
C2,892,0.7710036769368389,18.0,17.7,1,2.4000000953674316,18.0,1.0,50,3.0,11.15426254272461
C2,893,0.8591758329899635,18.2,17.8,1,3.5999999046325684,30.0,1.0,30,3.0,11.492557525634766
C2,894,0.8543353991895412,18.2,17.9,1,2.4000000953674316,21.0,1.0,30,3.0,9.962201118469238
C2,895,0.8559587577917702,18.0,17.7,1,2.799999952316284,21.0,1.0,30,3.0,9.17732048034668
C2,896,0.7765993758080113,32.599999999999994,26.8,1,12.800000190734863,66.0,1.0,30,3.0,10.306392669677734
C2,897,0.8559587577917702,18.0,17.8,1,2.799999952316284,24.0,1.0,30,3.0,11.117168426513672
C2,898,0.8591758329899635,18.2,17.9,1,3.5999999046325684,30.0,1.0,30,3.0,12.003634452819824
C2,899,0.8607685509003341,18.0,17.8,1,4.0,30.0,1.0,30,3.0,10.935514450073242
C2,900,0.8510615300280377,18.2,17.8,1,1.600000023841858,12.0,1.0,30,3.0,9.761308670043945
C2,901,0.7713616848374829,32.9,26.8,1,12.0,63.0,1.0,30,3.0,10.523451805114746
C2,902,0.8559587577917702,18.1,17.6,1,2.799999952316284,21.0,1.0,30,3.0,10.580738067626953
C2,903,0.8639198485148963,18.0,17.7,1,4.800000190734863,42.0,1.0,30,3.0,11.948442459106445
C2,904,0.8639198485148963,17.9,17.6,1,4.800000190734863,42.0,1.0,30,3.0,11.835732460021973
C2,905,0.7787647820406258,33.0,27.5,1,14.800000190734863,75.0,1.0,30,3.0,14.168106079101562
C2,906,0.8700719235523432,18.1,17.7,1,6.400000095367432,57.0,1.0,30,3.0,16.23419761657715
C2,907,0.8700719235523432,17.9,17.6,1,6.400000095367432,54.0,1.0,30,3.0,18.007184982299805
C2,908,0.8639198485148963,18.1,17.8,1,4.800000190734863,39.0,1.0,30,3.0,17.470977783203125
C2,909,0.7128573394516842,18.3,17.7,1,3.5999999046325684,30.0,1.0,70,2.0,16.61591911315918
C2,910,0.783921637213212,32.9,27.3,1,16.399999618530273,81.0,1.0,30,3.0,17.302885055541992
C2,911,0.22604763078374446,87.9,48.7,1,29.200000762939453,86.0,1.0,50,2.0,21.715065002441406
C2,912,0.8654774278277694,18.1,17.7,1,5.199999809265137,45.0,1.0,30,3.0,24.36237144470215
C2,913,0.7735328278349288,32.800000000000004,26.200000000000003,1,12.399999618530273,66.0,1.0,30,3.0,25.284090042114258
C2,914,0.8623500559002011,18.0,17.6,1,4.400000095367432,36.0,1.0,30,2.0,22.503787994384766
C2,915,0.8607685509003341,18.0,17.7,1,4.0,33.0,1.0,30,3.0,20.30227279663086
C2,916,0.5763117480347225,33.2,27.0,1,15.600000381469727,78.0,1.0,90,3.0,19.51469612121582
C2,917,0.7031322159629301,33.0,26.700000000000003,1,14.800000190734863,78.0,1.0,50,3.0,20.10881805419922
C2,918,0.7772390996697683,18.0,17.6,1,4.0,33.0,1.0,50,3.0,20.465290069580078
C2,919,0.7804148819201024,18.0,17.6,1,4.800000190734863,39.0,1.0,50,3.0,18.94584083557129
C2,920,0.6883942674441421,33.300000000000004,27.099999999999998,1,12.0,63.0,1.0,50,3.0,17.367504119873047
C2,921,0.6371018842336673,44.4,35.3,1,24.0,90.0,1.0,50,3.0,18.95383644104004
C2,922,0.7710036769368389,18.3,17.7,1,2.4000000953674316,24.0,1.0,50,3.0,19.238967895507812
C2,923,0.7731950181708162,32.7,26.9,1,12.0,63.0,1.0,30,3.0,19.41004753112793
C2,924,0.7697073713191893,32.800000000000004,26.5,1,11.199999809265137,60.0,1.0,30,3.0,18.17936134338379
C2,925,0.7128573394516842,18.2,17.9,1,3.5999999046325684,30.0,1.0,70,3.0,17.707616806030273
C2,926,0.66975,47.300000000000004,35.4,1,27.600000381469727,96.0,1.0,30,3.0,18.891237258911133
C2,927,0.8700719235523432,18.2,17.8,1,6.400000095367432,54.0,1.0,30,3.0,19.334741592407227
C2,928,0.8575724027518892,18.4,17.7,1,3.200000047683716,24.0,1.0,30,3.0,19.334178924560547
C2,929,0.69175,44.900000000000006,35.0,1,25.200000762939453,90.0,1.0,30,3.0,19.06717300415039
C2,930,0.769266042474678,33.4,27.400000000000002,1,12.800000190734863,63.0,1.0,30,3.0,19.306970596313477
C2,931,0.7820883038798786,33.099999999999994,27.2,1,16.399999618530273,81.0,1.0,30,3.0,21.984182357788086
C2,932,0.69175,44.900000000000006,35.3,1,29.200000762939453,108.0,1.0,30,3.0,24.3905086517334
C2,933,0.8685539631541367,18.1,17.8,1,6.0,51.0,1.0,30,3.0,25.30097198486328
C2,934,0.7678740379858562,33.0,27.0,1,11.199999809265137,60.0,1.0,30,3.0,24.913917541503906
C2,935,0.7796814487072925,32.9,27.099999999999998,1,14.800000190734863,75.0,1.0,30,3.0,23.215017318725586
C2,936,0.7783152953567194,33.4,27.5,1,16.0,75.0,1.0,30,3.0,23.26234245300293
C2,937,0.8639198485148963,18.0,17.7,1,4.800000190734863,39.0,1.0,30,3.0,22.357406616210938
C2,938,0.8715756855237148,18.1,17.7,1,6.800000190734863,57.0,1.0,30,3.0,21.01444435119629
C2,939,0.709325018440201,18.2,17.7,1,2.0,18.0,1.0,70,2.0,18.075332641601562
C2,940,0.709325018440201,18.3,17.8,1,2.0,16.0,1.0,70,2.0,15.6451997756958
C2,941,0.6862500000000001,45.5,35.3,1,31.600000381469727,108.0,1.0,30,3.0,16.453786849975586
C2,942,0.8623500559002011,18.2,17.8,1,4.400000095367432,36.0,1.0,30,3.0,17.338937759399414
C2,943,0.6748383038798784,44.8,35.6,1,16.399999618530273,60.0,1.0,30,2.0,20.803363800048828
C2,944,0.7156518863321226,17.9,17.6,1,4.800000190734863,38.0,1.0,70,2.0,20.6153507232666
C2,945,0.8543353991895412,17.8,17.5,1,2.4000000953674316,20.0,1.0,30,2.0,20.235877990722656
C2,946,0.8623500559002011,18.0,17.6,1,4.400000095367432,38.0,1.0,30,2.0,18.541526794433594
C2,947,0.7606143338995106,32.9,26.599999999999998,1,8.800000190734863,42.0,1.0,30,2.0,17.791582107543945
C2,948,0.8575724027518892,18.2,17.7,1,3.200000047683716,26.0,1.0,30,2.0,17.741615295410156
C2,949,0.8591758329899635,18.2,17.8,1,3.5999999046325684,28.0,1.0,30,2.0,17.04496955871582
C2,950,0.7573555817666097,33.099999999999994,27.099999999999998,1,8.399999618530273,40.0,1.0,30,2.0,16.493648529052734
C2,951,0.8623500559002011,18.2,17.7,1,4.400000095367432,38.0,1.0,30,2.0,16.96285629272461
C2,952,0.7710036769368389,18.3,17.8,1,2.4000000953674316,18.0,1.0,50,2.0,16.577713012695312
C2,953,0.7741013474818902,18.2,17.8,1,3.200000047683716,26.0,1.0,50,2.0,15.413294792175293
C2,954,0.7694704801128012,18.1,17.6,1,2.0,16.0,1.0,50,2.0,13.247977256774902
C2,955,0.772547377988288,18.0,17.6,1,2.799999952316284,24.0,1.0,50,2.0,12.348786354064941
C2,956,0.6868213459403678,33.099999999999994,27.400000000000002,1,11.199999809265137,54.0,1.0,50,2.0,13.675938606262207
C2,957,0.8607685509003341,18.2,17.8,1,4.0,33.0,1.0,30,3.0,14.87222957611084
C2,958,0.5744120147012152,50.0,17.8,1,1.2000000476837158,9.0,1.0,30,1.0,15.190004348754883
C2,959,0.8670222991527153,18.2,17.8,1,5.599999904632568,48.0,1.0,30,3.0,13.914002418518066
C2,960,0.8607685509003341,18.1,17.8,1,4.0,30.0,1.0,30,3.0,13.015068054199219
C2,961,0.7728337696869023,33.4,26.9,1,14.0,72.0,1.0,30,3.0,14.4757080078125
C2,962,0.8639198485148963,18.0,17.7,1,4.800000190734863,42.0,1.0,30,3.0,15.085424423217773
C2,963,0.8591758329899635,18.2,18.0,1,3.5999999046325684,30.0,1.0,30,3.0,15.451254844665527
C2,964,0.8494120147012151,18.3,17.8,1,1.2000000476837158,12.0,1.0,30,3.0,13.0040864944458
C2,965,0.8575724027518892,18.1,17.8,1,3.200000047683716,27.0,1.0,30,3.0,10.869118690490723
C2,966,0.8654774278277694,18.1,17.6,1,5.199999809265137,45.0,1.0,30,3.0,10.254804611206055
C2,967,0.5744120147012152,50.0,17.5,1,1.2000000476837158,9.0,1.0,30,3.0,9.752882957458496
C2,968,0.8591758329899635,17.8,17.6,1,3.5999999046325684,24.0,1.0,30,3.0,9.31839656829834
C2,969,0.5760615300280377,50.0,17.9,1,1.600000023841858,9.0,1.0,30,3.0,7.457704544067383
C2,970,0.5744120147012152,50.0,17.6,1,1.2000000476837158,9.0,1.0,30,3.0,6.341289520263672
C2,971,0.7849193258003434,32.9,26.9,1,16.799999237060547,87.0,1.0,30,3.0,8.471440315246582
C2,972,0.8510615300280377,18.0,17.7,1,1.600000023841858,12.0,1.0,30,3.0,9.882863998413086
C2,973,0.5744120147012152,50.0,17.9,1,1.2000000476837158,9.0,1.0,30,3.0,10.729718208312988
C2,974,0.8607685509003341,18.0,17.7,1,4.0,30.0,1.0,30,3.0,8.704497337341309
C2,975,0.852702823555001,19.099999999999998,17.9,1,2.0,15.0,1.0,30,3.0,7.622698783874512
C2,976,0.8639198485148963,18.2,17.6,1,4.800000190734863,39.0,1.0,30,3.0,8.306952476501465
C2,977,0.8607685509003341,18.2,17.7,1,4.0,33.0,1.0,30,3.0,8.850837707519531
C2,978,0.5727547725551173,50.0,17.6,1,0.800000011920929,3.0,1.0,30,3.0,8.64383602142334
C2,979,0.5744120147012152,50.0,17.6,1,1.2000000476837158,6.0,1.0,30,3.0,7.052968502044678
C2,980,0.8607685509003341,18.1,17.8,1,4.0,33.0,1.0,30,3.0,6.098447799682617
C2,981,0.8654774278277694,18.2,17.8,1,5.199999809265137,42.0,1.0,30,3.0,7.259068489074707
C2,982,0.5744120147012152,50.0,17.7,1,1.2000000476837158,9.0,1.0,30,3.0,8.088774681091309
C2,983,0.8591758329899635,18.2,17.8,1,3.5999999046325684,30.0,1.0,30,3.0,8.453264236450195
C2,984,0.5727547725551173,50.0,17.8,1,0.800000011920929,6.0,1.0,30,3.0,7.071959018707275
C2,985,0.5744120147012152,50.0,17.6,1,1.2000000476837158,9.0,1.0,30,3.0,6.243175506591797
C2,986,0.7768942209146296,32.7,26.4,1,13.199999809265137,69.0,1.0,30,3.0,7.479238510131836
C2,987,0.8543353991895412,18.4,17.9,1,2.4000000953674316,21.0,1.0,30,3.0,8.887542724609375
C2,988,0.852702823555001,18.1,17.6,1,2.0,15.0,1.0,30,3.0,9.999192237854004
C2,989,0.8591758329899635,18.0,17.7,1,3.5999999046325684,27.0,1.0,30,3.0,8.799515724182129
C2,990,0.5727547725551173,50.0,17.4,1,0.800000011920929,6.0,1.0,30,3.0,7.4130425453186035
C2,991,0.8639198485148963,18.0,17.6,1,4.800000190734863,39.0,1.0,30,3.0,7.647825717926025
C2,992,0.8639198485148963,18.0,17.8,1,4.800000190734863,42.0,1.0,30,3.0,8.455362319946289
C2,993,0.8494120147012151,18.1,17.7,1,1.2000000476837158,12.0,1.0,30,3.0,9.206550598144531
C2,994,0.8543353991895412,18.9,17.6,1,2.4000000953674316,18.0,1.0,30,3.0,8.723930358886719
C2,995,0.8623500559002011,18.1,17.7,1,4.400000095367432,36.0,1.0,30,3.0,8.167691230773926
C2,996,0.8639198485148963,18.2,17.9,1,4.800000190734863,39.0,1.0,30,3.0,9.033947944641113
C2,997,0.8510615300280377,17.9,17.6,1,1.600000023841858,12.0,1.0,30,3.0,9.287035942077637
C2,998,0.8559587577917702,18.3,17.7,1,2.799999952316284,24.0,1.0,30,3.0,8.90555477142334
C2,999,0.8510615300280377,18.2,17.7,1,1.600000023841858,15.0,1.0,30,3.0,7.609999656677246
C2,1000,0.8510615300280377,18.4,18.0,1,1.600000023841858,12.0,1.0,30,3.0,6.832666397094727
C2,1001,0.7815147820406257,32.7,26.3,1,14.800000190734863,81.0,1.0,30,3.0,8.8996000289917
C2,1002,0.5744120147012152,50.0,17.6,1,1.2000000476837158,9.0,1.0,30,3.0,9.873093605041504
C2,1003,0.8715756855237148,18.1,17.7,1,6.800000190734863,57.0,1.0,30,3.0,12.457189559936523
C2,1004,0.8481194902216677,20.5,17.8,1,2.0,18.0,1.0,30,3.0,11.207647323608398
C2,1005,0.5744120147012152,50.0,17.6,1,1.2000000476837158,9.0,1.0,30,3.0,10.457921028137207
C2,1006,0.8623500559002011,18.0,17.7,1,4.400000095367432,36.0,1.0,30,3.0,9.074752807617188
C2,1007,0.8559587577917702,18.1,17.6,1,2.799999952316284,24.0,1.0,30,3.0,8.511518478393555
C2,1008,0.5710902975977581,50.0,17.6,1,0.4000000059604645,3.0,1.0,30,3.0,7.9069108963012695
C2,1009,0.8510615300280377,18.4,17.8,1,1.600000023841858,15.0,1.0,30,3.0,6.610813140869141
C2,1010,0.8559587577917702,18.2,17.8,1,2.799999952316284,24.0,1.0,30,3.0,5.833154678344727
C2,1011,0.8654774278277694,17.9,17.6,1,5.199999809265137,45.0,1.0,30,3.0,7.233226299285889
C2,1012,0.7765993758080113,32.599999999999994,26.0,1,12.800000190734863,66.0,1.0,30,3.0,10.339935302734375
C2,1013,0.0923533426760887,106.5,59.1,3,67.19999694824219,180.0,1.0,30,3.0,19.13729476928711
C2,1014,0.5578947332148976,39.199999999999996,26.5,3,11.600000381469727,82.0,1.0,70,2.0,27.88237762451172
C2,1015,0.572200726943179,50.0,17.6,3,0.6666666865348816,6.0,1.0,30,2.0,30.596092224121094
C2,1016,0.7142710285771082,38.800000000000004,26.4,3,11.066666603088379,86.0,1.0,30,2.0,29.95765495300293
C2,1017,0.6532500000000001,49.099999999999994,33.8,3,26.0,134.0,1.0,30,2.0,33.041259765625
C2,1018,0.8494120147012151,19.3,17.6,3,1.2000000476837158,18.0,1.0,30,2.0,35.69142150878906
C2,1019,0.84886043483079,18.0,17.6,3,1.0666667222976685,18.0,1.0,30,2.0,32.74818801879883
C2,1020,0.7514923521903815,33.099999999999994,23.7,3,6.800000190734863,72.0,1.0,30,2.0,26.84891128540039
C2,1021,0.707374037985856,39.6,27.3,3,11.199999809265137,84.0,1.0,30,2.0,27.709346771240234
C2,1022,0.7118471044941357,39.300000000000004,27.0,3,11.733333587646484,84.0,1.0,30,2.0,32.625606536865234
C2,1023,0.22741692227438393,90.30000000000001,45.199999999999996,2,65.80000305175781,216.0,1.0,50,3.0,40.3753662109375
C2,1024,0.1653506949633588,90.2,45.6,4,80.5999984741211,309.0,1.0,50,3.0,53.15855407714844
C2,1025,0.573018751039423,28.7,19.900000000000002,7,2.857142925262451,78.0,1.0,50,3.0,58.695133209228516
C2,1026,0.6713322709078376,32.2,20.400000000000002,7,5.485714435577393,108.0,1.0,50,3.0,57.217079162597656
C2,1027,0.7647227751804537,18.3,17.8,7,0.7428571581840515,15.0,1.0,50,3.0,43.263580322265625
C2,1028,0.7653636977482211,18.1,17.7,7,0.9142857193946838,36.0,1.0,50,3.0,33.02481460571289
C2,1029,0.8254668449402642,23.2,18.9,7,2.5142858028411865,75.0,1.0,30,3.0,25.414888381958008
C2,1030,0.6083080145228291,18.2,17.7,1,0.9333333373069763,15.0,1.0,30,3.0,20.848934173583984
C2,1031,0.31167500000000004,68.3,40.0,2,35.79999923706055,147.0,1.0,30,3.0,23.042694091796875
C2,1032,0.7612199367316159,32.599999999999994,22.700000000000003,2,8.199999809265137,78.0,1.0,30,3.0,24.49228286743164
C2,1033,0.8543353991895412,18.0,17.7,2,2.4000000953674316,39.0,1.0,30,3.0,26.42870330810547
C2,1034,0.8502377688575918,18.0,17.7,2,1.399999976158142,36.0,1.0,30,3.0,22.6572208404541
C2,1035,0.8502377688575918,18.2,17.7,2,1.399999976158142,21.0,1.0,30,3.0,17.861000061035156
C2,1036,0.8575724027518892,18.1,17.7,2,3.200000047683716,48.0,1.0,30,3.0,15.38326644897461
C2,1037,0.8543500559002011,18.2,17.7,1,4.400000095367432,39.0,1.0,30,3.0,14.029959678649902
C2,1038,0.8543353991895412,18.8,17.6,1,2.4000000953674316,18.0,1.0,30,3.0,13.08464241027832
C2,1039,0.8543353991895412,19.599999999999998,17.5,1,2.4000000953674316,18.0,1.0,30,3.0,11.18411922454834
C2,1040,0.8559587577917702,17.9,17.8,1,2.799999952316284,21.0,1.0,30,3.0,9.243804931640625
C2,1041,0.26714999999999994,87.4,48.9,1,30.399999618530273,86.0,1.0,30,2.0,13.01294994354248
C2,1042,0.8543353991895412,18.3,17.6,1,2.4000000953674316,18.0,1.0,30,3.0,15.274435997009277
C2,1043,0.852702823555001,18.1,17.8,1,2.0,18.0,1.0,30,2.0,16.897994995117188
C2,1044,0.8510615300280377,18.0,17.7,1,1.600000023841858,10.0,1.0,30,2.0,12.805463790893555
C2,1045,0.8510615300280377,18.3,17.8,1,1.600000023841858,12.0,1.0,30,2.0,10.349945068359375
C2,1046,0.8623500559002011,17.9,17.6,1,4.400000095367432,38.0,1.0,30,2.0,10.209966659545898
C2,1047,0.8543353991895412,17.6,17.3,1,2.4000000953674316,20.0,1.0,30,2.0,10.792646408081055
C2,1048,0.8510615300280377,18.2,17.5,1,1.600000023841858,12.0,1.0,30,2.0,11.142254829406738
C2,1049,0.852702823555001,18.0,17.6,1,2.0,16.0,1.0,30,2.0,9.885353088378906
C2,1050,0.8510615300280377,17.7,17.5,1,1.600000023841858,10.0,1.0,30,2.0,8.464545249938965
C2,1051,0.788506157879637,17.9,17.5,1,6.800000190734863,54.0,1.0,50,3.0,9.21205997467041
C2,1052,0.7679480189220103,18.1,17.7,1,1.600000023841858,16.0,1.0,50,2.0,9.660569190979004
C2,1053,0.7664365153396193,18.4,17.7,1,1.2000000476837158,10.0,1.0,50,2.0,9.929675102233887
C2,1054,0.48993618398316685,50.0,18.2,1,0.800000011920929,6.0,1.0,50,2.0,8.09113883972168
C2,1055,0.7710036769368389,18.2,17.8,1,2.4000000953674316,18.0,1.0,50,2.0,7.121349811553955
C2,1056,0.7756653383512933,17.8,17.6,1,3.5999999046325684,30.0,1.0,50,2.0,7.872809886932373
C2,1057,0.772547377988288,18.1,17.6,1,2.799999952316284,22.0,1.0,50,2.0,9.390352249145508
C2,1058,0.7694704801128012,18.0,17.5,1,2.0,14.0,1.0,50,2.0,10.034211158752441
C2,1059,0.7679480189220103,19.5,17.8,1,1.600000023841858,16.0,1.0,50,2.0,9.487194061279297
C2,1060,0.7694704801128012,18.3,17.8,1,2.0,12.0,1.0,50,2.0,8.492316246032715
C2,1061,0.5743260532519056,32.599999999999994,26.1,1,10.399999618530273,50.0,1.0,90,2.0,10.295390129089355
C2,1062,0.7679480189220103,18.0,17.6,1,1.600000023841858,14.0,1.0,50,2.0,11.243900299072266
C2,1063,0.7398370102701722,23.400000000000002,18.0,1,2.4000000953674316,18.0,1.0,50,2.0,12.213006973266602
C2,1064,0.7694704801128012,18.3,17.8,1,2.0,16.0,1.0,50,2.0,10.527804374694824
C2,1065,0.7679480189220103,17.9,17.5,1,1.600000023841858,12.0,1.0,50,2.0,9.383349418640137
C2,1066,0.7756653383512933,17.8,17.7,1,3.5999999046325684,32.0,1.0,50,2.0,9.630009651184082
C2,1067,0.8559587577917702,17.9,17.5,1,2.799999952316284,22.0,1.0,30,2.0,10.178006172180176
C2,1068,0.8510615300280377,18.3,17.7,1,1.600000023841858,14.0,1.0,30,2.0,10.64013671875
C2,1069,0.852702823555001,17.9,17.6,1,2.0,16.0,1.0,30,2.0,9.850749015808105
C2,1070,0.8543353991895412,18.1,17.7,1,2.4000000953674316,18.0,1.0,30,2.0,9.110448837280273
C2,1071,0.8639198485148963,18.0,17.7,1,4.800000190734863,36.0,1.0,30,2.0,10.132936477661133
C2,1072,0.8494120147012151,18.0,17.7,1,1.2000000476837158,12.0,1.0,30,2.0,10.479762077331543
C2,1073,0.8543353991895412,17.9,17.6,1,2.4000000953674316,20.0,1.0,30,2.0,10.82119083404541
C2,1074,0.5744120147012152,50.0,17.5,1,1.2000000476837158,6.0,1.0,30,2.0,9.026047706604004
C2,1075,0.852702823555001,17.9,17.5,1,2.0,14.0,1.0,30,2.0,8.082295417785645
C2,1076,0.8591758329899635,18.1,17.8,1,3.5999999046325684,32.0,1.0,30,2.0,8.316043853759766
C2,1077,0.852702823555001,18.3,17.6,1,2.0,16.0,1.0,30,2.0,9.12295913696289
C2,1078,0.5744120147012152,50.0,17.8,1,1.2000000476837158,8.0,1.0,30,2.0,9.207109451293945
C2,1079,0.8559587577917702,19.3,18.1,1,2.799999952316284,20.0,1.0,30,2.0,8.457598686218262
C2,1080,0.8510615300280377,17.9,17.6,1,1.600000023841858,12.0,1.0,30,2.0,7.741225719451904
C2,1081,0.7568301916662592,33.0,26.8,1,8.0,40.0,1.0,30,2.0,9.444735527038574
C2,1082,0.8575724027518892,18.2,17.6,1,3.200000047683716,26.0,1.0,30,2.0,10.866841316223145
C2,1083,0.8409781966947044,21.1,17.8,1,1.600000023841858,12.0,1.0,30,2.0,11.720105171203613
C2,1084,0.8418948633613711,21.0,17.9,1,1.600000023841858,15.0,1.0,30,3.0,10.232063293457031
C2,1085,0.8591758329899635,18.2,17.9,1,3.5999999046325684,30.0,1.0,30,3.0,8.939237594604492
C2,1086,0.8670222991527153,18.1,17.8,1,5.599999904632568,45.0,1.0,30,3.0,9.363542556762695
C2,1087,0.8575724027518892,18.3,17.8,1,3.200000047683716,24.0,1.0,30,3.0,10.018125534057617
C2,1088,0.6822774582840988,18.3,17.7,1,3.200000047683716,26.0,1.0,90,2.0,10.810874938964844
C2,1089,0.8510615300280377,18.3,17.7,1,1.600000023841858,15.0,1.0,30,3.0,9.953191757202148
C2,1090,0.852702823555001,18.0,17.7,1,2.0,15.0,1.0,30,3.0,9.038581848144531
C2,1091,0.7835281485892476,32.599999999999994,26.700000000000003,1,15.199999809265137,75.0,1.0,30,3.0,10.089816093444824
C2,1092,0.8654774278277694,18.3,17.9,1,5.199999809265137,45.0,1.0,30,3.0,12.053889274597168
C2,1093,0.852702823555001,18.1,17.7,1,2.0,15.0,1.0,30,3.0,13.23233413696289
C2,1094,0.8559587577917702,18.2,17.9,1,2.799999952316284,21.0,1.0,30,3.0,11.539400100708008
C2,1095,0.8543353991895412,19.8,17.8,1,2.4000000953674316,18.0,1.0,30,3.0,9.323639869689941
C2,1096,0.8685539631541367,18.0,17.7,1,6.0,51.0,1.0,30,3.0,9.594183921813965
C2,1097,0.8559587577917702,18.2,17.6,1,2.799999952316284,24.0,1.0,30,3.0,9.889843940734863
C2,1098,0.8575724027518892,18.0,17.6,1,3.200000047683716,27.0,1.0,30,3.0,10.467239379882812
C2,1099,0.8543353991895412,18.1,17.6,1,2.4000000953674316,15.0,1.0,30,3.0,9.213677406311035
C2,1100,0.8591758329899635,17.8,17.5,1,3.5999999046325684,30.0,1.0,30,3.0,8.728206634521484
C2,1101,0.6926666666666667,44.8,34.5,1,20.399999618530273,70.0,1.0,30,2.0,11.903590202331543
C2,1102,0.852702823555001,18.4,17.7,1,2.0,16.0,1.0,30,2.0,14.208821296691895
C2,1103,0.852702823555001,17.9,17.6,1,2.0,12.0,1.0,30,2.0,15.058626174926758
C2,1104,0.8494120147012151,17.8,17.4,1,1.2000000476837158,10.0,1.0,30,2.0,11.568509101867676
C2,1105,0.43181866503105076,50.0,17.7,1,0.800000011920929,5.0,1.0,70,1.0,9.07443904876709
C2,1106,0.8623500559002011,17.8,17.6,1,4.400000095367432,38.0,1.0,30,2.0,9.31132984161377
C2,1107,0.8510615300280377,18.0,17.6,1,1.600000023841858,12.0,1.0,30,2.0,9.586797714233398
C2,1108,0.8543353991895412,18.4,17.7,1,2.4000000953674316,16.0,1.0,30,2.0,10.152078628540039
C2,1109,0.8575724027518892,18.0,17.7,1,3.200000047683716,22.0,1.0,30,2.0,9.424580574035645
C2,1110,0.8543353991895412,18.0,17.7,1,2.4000000953674316,21.0,1.0,30,3.0,9.121415138244629
C2,1111,0.7792504363535688,32.7,26.1,1,14.0,72.0,1.0,30,3.0,11.07284927368164
C2,1112,0.8575724027518892,18.0,17.7,1,3.200000047683716,27.0,1.0,30,3.0,11.977043151855469
C2,1113,0.8559587577917702,18.1,17.7,1,2.799999952316284,24.0,1.0,30,3.0,12.652892112731934
C2,1114,0.8559587577917702,18.0,17.7,1,2.799999952316284,21.0,1.0,30,3.0,10.791735649108887
C2,1115,0.8575724027518892,18.0,17.7,1,3.200000047683716,30.0,1.0,30,3.0,9.808374404907227
C2,1116,0.8715756855237148,18.0,17.6,1,6.800000190734863,57.0,1.0,30,3.0,10.685025215148926
C2,1117,0.8575724027518892,17.9,17.6,1,3.200000047683716,27.0,1.0,30,3.0,11.477681159973145
C2,1118,0.8575724027518892,18.8,17.7,1,3.200000047683716,27.0,1.0,30,3.0,11.819942474365234
C2,1119,0.772547377988288,17.8,17.5,1,2.799999952316284,22.0,1.0,50,2.0,10.958632469177246
C2,1120,0.7664365153396193,17.9,17.6,1,1.2000000476837158,10.0,1.0,50,2.0,9.908512115478516
C2,1121,0.6807030495083366,32.300000000000004,25.9,1,8.0,42.0,1.0,50,2.0,10.878440856933594
C2,1122,0.7679480189220103,17.9,17.5,1,1.600000023841858,14.0,1.0,50,2.0,10.927064895629883
C2,1123,0.7084760865278696,17.8,17.5,1,1.600000023841858,12.0,1.0,70,2.0,11.089571952819824
C2,1124,0.7682536769368389,20.299999999999997,17.8,1,2.4000000953674316,18.0,1.0,50,2.0,9.587076187133789
C2,1125,0.7685538134461346,20.1,17.7,1,2.0,16.0,1.0,50,2.0,8.818912506103516
C2,1126,0.7756653383512933,17.9,17.6,1,3.5999999046325684,26.0,1.0,50,2.0,9.29134750366211
C2,1127,0.7756653383512933,18.1,17.6,1,3.5999999046325684,26.0,1.0,50,2.0,10.108141899108887
C2,1128,0.7741013474818902,18.1,17.7,1,3.200000047683716,24.0,1.0,50,2.0,11.131551742553711
C2,1129,0.7557204801128011,21.5,17.9,1,2.0,18.0,1.0,50,2.0,11.212264060974121
C2,1130,0.772547377988288,18.0,17.7,1,2.799999952316284,24.0,1.0,50,3.0,10.594025611877441
C2,1131,0.8607685509003341,18.0,17.7,1,4.0,32.0,1.0,30,2.0,10.756415367126465
C2,1132,0.7756653383512933,18.599999999999998,17.8,1,3.5999999046325684,30.0,1.0,50,3.0,10.9871826171875
C2,1133,0.7741013474818902,18.1,17.8,1,3.200000047683716,27.0,1.0,50,3.0,11.258975982666016
C2,1134,0.7648871467794678,20.5,17.9,1,2.0,18.0,1.0,50,3.0,10.088719367980957
C2,1135,0.772547377988288,19.599999999999998,18.0,1,2.799999952316284,24.0,1.0,50,3.0,9.119897842407227
C2,1136,0.7820163576443,18.1,17.7,1,5.199999809265137,45.0,1.0,50,3.0,9.338605880737305
C2,1137,0.852702823555001,19.2,17.6,1,2.0,16.0,1.0,30,2.0,9.736496925354004
C2,1138,0.8543353991895412,17.7,17.4,1,2.4000000953674316,21.0,1.0,30,3.0,9.841897964477539
C2,1139,0.8591758329899635,18.2,17.9,1,3.5999999046325684,27.0,1.0,30,3.0,9.105138778686523
C2,1140,0.852702823555001,18.1,17.7,1,2.0,15.0,1.0,30,3.0,8.263083457946777
C2,1141,0.6954166666666667,44.5,35.5,1,26.399999618530273,99.0,1.0,30,3.0,11.224516868591309
C2,1142,0.8623500559002011,18.1,17.7,1,4.400000095367432,36.0,1.0,30,3.0,13.401376724243164
C2,1143,0.8510615300280377,18.3,17.9,1,1.600000023841858,12.0,1.0,30,1.0,15.640826225280762
C2,1144,0.8575724027518892,18.599999999999998,18.0,1,3.200000047683716,24.0,1.0,30,3.0,13.651162147521973
C2,1145,0.852702823555001,18.5,18.0,1,2.0,14.0,1.0,30,2.0,11.79069709777832
C2,1146,0.8577667225668677,20.5,18.1,1,4.400000095367432,32.0,1.0,30,2.0,11.207751274108887
C2,1147,0.7137749141875284,18.3,18.0,1,4.0,30.0,1.0,70,3.0,11.124650955200195
C2,1148,0.8670222991527153,18.1,17.9,1,5.599999904632568,48.0,1.0,30,3.0,12.27479076385498
C2,1149,0.8559587577917702,18.0,17.6,1,2.799999952316284,24.0,1.0,30,3.0,11.898207664489746
C2,1150,0.8510615300280377,18.4,17.7,1,1.600000023841858,10.0,1.0,30,2.0,11.00559139251709
C2,1151,0.7578643338995106,33.2,26.4,1,8.800000190734863,48.0,1.0,30,2.0,11.536687850952148
C2,1152,0.8575724027518892,18.0,17.6,1,3.200000047683716,26.0,1.0,30,2.0,12.522012710571289
C2,1153,0.852702823555001,18.5,17.8,1,2.0,16.0,1.0,30,2.0,13.51320743560791
C2,1154,0.8510615300280377,18.2,17.7,1,1.600000023841858,16.0,1.0,30,2.0,11.974591255187988
C2,1155,0.8426194902216676,21.1,18.3,1,2.0,12.0,1.0,30,2.0,10.118087768554688
C2,1156,0.8591758329899635,18.2,17.7,1,3.5999999046325684,28.0,1.0,30,2.0,9.80418586730957
C2,1157,0.8559587577917702,18.0,17.7,1,2.799999952316284,22.0,1.0,30,2.0,10.01584529876709
C2,1158,0.7710036769368389,18.2,17.8,1,2.4000000953674316,20.0,1.0,50,2.0,10.67617416381836
C2,1159,0.8559587577917702,18.1,17.7,1,2.799999952316284,22.0,1.0,30,2.0,10.672370910644531
C2,1160,0.266575,84.7,46.5,2,33.20000076293945,90.0,1.0,30,2.0,15.203422546386719
C2,1161,0.6262038207689057,38.699999999999996,26.9,2,9.0,64.0,1.0,50,2.0,20.85538673400879
C2,1162,0.7694704801128012,18.0,17.5,2,2.0,28.0,1.0,50,2.0,24.64656639099121
C2,1163,0.7679480189220103,17.8,17.6,2,1.600000023841858,30.0,1.0,50,2.0,22.92127227783203
C2,1164,0.852702823555001,17.9,17.7,2,2.0,36.0,1.0,30,3.0,19.219430923461914
C2,1165,0.8551482611556787,18.2,17.7,2,2.5999999046325684,39.0,1.0,30,3.0,16.864992141723633
C2,1166,0.30606710302023554,64.4,39.300000000000004,2,46.0,135.0,1.0,30,3.0,19.452327728271484
C2,1167,0.10275714668360639,84.6,40.4,6,41.13333511352539,264.0,1.0,30,3.0,31.138063430786133
C2,1168,0.7580045326797622,32.4,21.0,7,9.028571128845215,147.0,1.0,30,3.0,42.94950485229492
C2,1169,0.8482290298506394,17.8,17.5,7,0.9142857193946838,45.0,1.0,30,3.0,46.03636932373047
C2,1170,0.84846593349323,17.9,17.5,7,0.9714285731315613,39.0,1.0,30,3.0,37.88848876953125
C2,1171,0.8238754244584369,23.5,19.099999999999998,7,2.799999952316284,81.0,1.0,30,3.0,30.06642723083496
C2,1172,0.849175727382221,17.8,17.5,7,1.1428571939468384,48.0,1.0,30,3.0,25.50652313232422
C2,1173,0.6047726274468985,32.599999999999994,23.099999999999998,3,9.199999809265137,90.0,1.0,30,3.0,25.037246704101562
C2,1174,0.0266367501776868,111.10000000000001,53.3,4,82.5999984741211,219.0,1.0,30,3.0,30.889015197753906
C2,1175,0.7458333333333333,39.0,27.0,4,21.700000762939453,174.0,1.0,30,3.0,40.00007629394531
C2,1176,0.6764166666666667,45.699999999999996,30.700000000000003,5,33.84000015258789,225.0,1.0,30,3.0,51.466712951660156
C2,1177,0.7652233602527783,33.0,23.0,5,10.399999618530273,138.0,1.0,30,3.0,54.7466926574707
C2,1178,0.7560542545209097,32.7,21.6,5,7.039999961853027,108.0,1.0,30,3.0,53.781349182128906
C2,1179,0.760079485433566,31.9,20.5,5,6.159999847412109,99.0,1.0,30,3.0,47.602142333984375
C2,1180,0.7618746903243964,32.0,20.8,5,6.880000114440918,102.0,1.0,30,3.0,42.294620513916016
C2,1181,0.7458333333333333,39.0,26.4,5,20.959999084472656,183.0,1.0,30,3.0,42.44343948364258
C2,1182,0.7515882873161944,32.5,21.2,4,7.5,90.0,1.0,30,3.0,42.132728576660156
C2,1183,0.7690278435155151,32.4,22.2,4,9.899999618530273,114.0,1.0,30,3.0,42.479637145996094
C2,1184,0.7526219753508407,33.300000000000004,22.599999999999998,4,7.599999904632568,96.0,1.0,30,3.0,38.82111740112305
C2,1185,0.7622968496090428,32.599999999999994,22.2,4,8.5,111.0,1.0,30,3.0,37.5593376159668
C2,1186,0.7658173258819546,32.599999999999994,22.1,4,9.5,114.0,1.0,30,3.0,36.802268981933594
C2,1187,0.6137142901149804,38.5,25.3,2,9.399999618530273,64.0,1.0,50,2.0,36.348026275634766
C2,1188,0.6214642901149804,39.4,26.5,2,9.399999618530273,62.0,1.0,50,2.0,35.275482177734375
C2,1189,0.6481250403485704,36.4,26.9,2,9.199999809265137,60.0,1.0,50,2.0,33.56528854370117
C2,1190,0.7595720870428331,32.300000000000004,22.4,2,7.0,69.0,1.0,30,3.0,31.339174270629883
C2,1191,0.7362549705465452,38.1,26.1,2,16.399999618530273,114.0,1.0,30,3.0,30.936838150024414
C2,1192,0.8559587577917702,17.9,17.6,2,2.799999952316284,51.0,1.0,30,3.0,28.96210289001465
C2,1193,0.7588256855237148,32.300000000000004,21.9,2,6.800000190734863,60.0,1.0,30,3.0,27.377262115478516
C2,1194,0.8591758329899635,18.0,17.7,2,3.5999999046325684,57.0,1.0,30,3.0,23.893024444580078
C2,1195,0.7889054203761664,29.1,21.3,2,7.0,60.0,1.0,30,3.0,22.20248031616211
C2,1196,0.7677373174727251,32.2,21.5,2,9.0,84.0,1.0,30,3.0,22.25482177734375
C2,1197,0.7705609640600315,32.9,26.3,1,14.399999618530273,75.0,1.0,30,3.0,23.086225509643555
C2,1198,0.7624476672328439,32.7,26.700000000000003,1,8.800000190734863,40.0,1.0,30,2.0,23.58506965637207
C2,1199,0.754814754199968,32.9,26.4,1,7.199999809265137,42.0,1.0,30,2.0,22.95104217529297
C2,1200,0.7586635249995924,32.800000000000004,26.599999999999998,1,8.0,40.0,1.0,30,2.0,21.90395736694336
C2,1201,0.6794372499344266,45.0,35.8,1,19.200000762939453,72.0,1.0,30,2.0,23.409042358398438
C2,1202,0.7560310005661773,33.4,26.9,1,8.800000190734863,42.0,1.0,30,2.0,24.312091827392578
C2,1203,0.5729174816242635,33.5,26.9,1,15.199999809265137,72.0,1.0,90,3.0,25.38725471496582
C2,1204,0.7852450715527084,18.2,17.7,1,6.0,54.0,1.0,50,3.0,23.632352828979492
C2,1205,0.7615310005661772,32.800000000000004,26.5,1,8.800000190734863,46.0,1.0,30,2.0,22.846078872680664
C2,1206,0.6750039636400714,45.1,35.1,1,17.600000381469727,60.0,1.0,30,2.0,23.174314498901367
C2,1207,0.8591758329899635,18.2,18.2,1,3.5999999046325684,30.0,1.0,30,2.0,22.971254348754883
C2,1208,0.7587810005661773,33.099999999999994,27.2,1,8.800000190734863,44.0,1.0,30,2.0,22.71608543395996
C2,1209,0.7647726274468986,32.599999999999994,26.200000000000003,1,9.199999809265137,46.0,1.0,30,2.0,21.62965202331543
C2,1210,0.8559587577917702,18.3,17.9,1,2.799999952316284,20.0,1.0,30,2.0,20.311124801635742
C2,1211,0.6785988374214279,45.0,35.3,1,18.799999237060547,64.0,1.0,30,2.0,20.853342056274414
C2,1212,0.8575724027518892,18.1,17.7,1,3.200000047683716,30.0,1.0,30,2.0,20.11200523376465
C2,1213,0.8654774278277694,18.0,17.6,1,5.199999809265137,45.0,1.0,30,3.0,20.33386993408203
C2,1214,0.8685539631541367,18.1,17.7,1,6.0,51.0,1.0,30,3.0,18.46698760986328
C2,1215,0.8639198485148963,18.1,17.8,1,4.800000190734863,42.0,1.0,30,3.0,17.213525772094727
C2,1216,0.7756827091413446,32.7,26.599999999999998,1,12.800000190734863,66.0,1.0,30,3.0,17.39478302001953
C2,1217,0.777516042474678,32.5,25.7,1,12.800000190734863,72.0,1.0,30,3.0,18.43686866760254
C2,1218,0.8639198485148963,18.1,17.6,1,4.800000190734863,39.0,1.0,30,3.0,18.928789138793945
C2,1219,0.8623500559002011,17.9,17.5,1,4.400000095367432,39.0,1.0,30,3.0,18.02393913269043
C2,1220,0.8715756855237148,17.9,17.6,1,6.800000190734863,57.0,1.0,30,3.0,16.814363479614258
C2,1221,0.7785609640600315,32.9,25.9,1,14.399999618530273,72.0,1.0,30,3.0,17.55528450012207
C2,1222,0.8591758329899635,17.9,17.6,1,3.5999999046325684,33.0,1.0,30,3.0,17.733171463012695
C2,1223,0.7101875370135838,17.9,17.6,1,2.4000000953674316,16.0,1.0,70,1.0,17.439903259277344
C2,1224,0.8575724027518892,18.1,17.7,1,3.200000047683716,27.0,1.0,30,3.0,15.263941764831543
C2,1225,0.6809751861440221,18.3,17.6,1,1.600000023841858,14.0,1.0,90,2.0,13.425031661987305
C2,1226,0.7768942209146296,32.7,26.8,1,13.199999809265137,69.0,1.0,30,3.0,13.255019187927246
C2,1227,0.5781449930259406,45.699999999999996,35.1,1,32.79999923706055,117.0,1.0,70,3.0,17.153011322021484
C2,1228,0.8511758329899635,18.1,17.8,2,3.5999999046325684,51.0,1.0,30,3.0,20.82513999938965
C2,1229,-0.028930155213421075,87.4,42.1,8,55.20000076293945,264.0,1.0,30,3.0,31.695083618164062
C2,1230,0.564127108509875,40.099999999999994,27.5,8,16.149999618530273,125.0,1.0,70,1.0,49.6837158203125
C2,1231,0.5593742902862716,39.9,27.099999999999998,12,43.75,363.0,1.0,30,3.0,74.34356689453125
C2,1232,0.78525,34.7,24.400000000000002,12,29.100000381469727,354.0,1.0,30,3.0,93.13947296142578
C2,1233,0.7815833333333334,35.1,24.5,12,27.46666717529297,339.0,1.0,30,3.0,102.8170166015625
C2,1234,0.7916666666666666,34.0,24.2,12,27.266666412353516,336.0,1.0,30,3.0,107.42354583740234
C2,1235,0.562002915082594,34.0,24.1,12,10.800000190734863,131.0,1.0,90,1.0,111.92079162597656
C2,1236,0.5570890389121645,34.7,24.6,12,11.933333396911621,134.0,1.0,90,1.0,117.41914367675781
C2,1237,0.7917438229594725,28.1,20.0,12,5.333333492279053,147.0,1.0,30,3.0,112.31815338134766
C2,1238,0.7785327792448214,30.5,20.6,12,7.666666507720947,174.0,1.0,30,3.0,99.52422332763672
C2,1239,0.4928282671615805,32.4,21.4,5,11.033333778381348,207.0,1.0,30,3.0,83.18119812011719
C2,1240,0.757329704072525,32.0,21.0,5,5.679999828338623,90.0,1.0,30,3.0,70.84205627441406
C2,1241,0.3944735594849142,44.6,30.4,11,56.20000076293945,357.0,1.0,30,3.0,71.5718994140625
C2,1242,0.7701666666666668,34.6,24.6,13,31.72307777404785,375.0,1.0,30,3.0,79.47647094726562
C2,1243,0.7935,33.8,23.900000000000002,13,31.384614944458008,402.0,1.0,30,3.0,98.08588409423828
C2,1244,0.8271229883089071,23.2,18.9,13,2.923076868057251,99.0,1.0,30,3.0,97.78486633300781
C2,1245,0.7641026866169115,32.4,21.5,13,8.492307662963867,180.0,1.0,30,3.0,88.93758392333984
C2,1246,0.7935,33.8,24.1,13,24.369230270385742,324.0,1.0,30,3.0,80.16255187988281
C2,1247,0.76363907423056,31.8,20.5,13,6.861538410186768,168.0,1.0,30,3.0,77.96419525146484
C2,1248,0.7943260600262582,27.5,19.599999999999998,13,4.584615230560303,123.0,1.0,30,3.0,74.11185455322266
C2,1249,0.7467053086841741,32.2,21.0,11,7.599999904632568,162.0,1.0,30,3.0,64.6004409790039
C2,1250,0.7619166666666667,35.5,24.8,13,32.87272644042969,381.0,1.0,30,3.0,68.36026763916016
C2,1251,0.7944166666666667,33.7,24.1,13,24.615385055541992,318.0,1.0,30,3.0,79.28282928466797
C2,1252,0.7749233272515846,33.7,24.0,13,15.753846168518066,210.0,1.0,30,2.0,92.63636016845703
C2,1253,0.773026186579327,33.8,24.0,13,15.384614944458008,200.0,1.0,30,2.0,97.0484848022461
C2,1254,0.7686680341317516,34.4,24.299999999999997,13,15.815384864807129,208.0,1.0,30,2.0,99.42909240722656
C2,1255,0.7759552336050642,34.0,24.1,13,17.261537551879883,216.0,1.0,30,2.0,101.25745391845703
C2,1256,0.7683333333333333,34.8,24.5,11,27.85454559326172,330.0,1.0,30,3.0,103.68780517578125
C2,1257,0.7834166666666667,34.9,24.6,11,31.745454788208008,354.0,1.0,30,3.0,107.01268005371094
C2,1258,0.7650833333333333,36.900000000000006,25.0,11,28.254545211791992,309.0,1.0,30,3.0,108.3409423828125
C2,1259,0.7573333333333333,36.0,24.5,13,35.672725677490234,396.0,1.0,30,3.0,112.07123565673828
C2,1260,0.7935,33.8,24.0,13,22.615385055541992,315.0,1.0,30,3.0,112.5760726928711
C2,1261,0.7953333333333333,33.6,23.7,13,26.27692222595215,345.0,1.0,30,3.0,114.47897338867188
C2,1262,0.7916666666666666,34.0,24.2,13,25.230770111083984,342.0,1.0,30,3.0,113.22071838378906
C2,1263,0.7916666666666666,34.0,23.900000000000002,13,28.769229888916016,381.0,1.0,30,3.0,115.39910125732422
C2,1264,0.7839992864905417,32.9,22.700000000000003,13,16.430768966674805,267.0,1.0,30,3.0,113.23945617675781
C2,1265,0.7907500000000001,34.1,24.2,13,27.13846206665039,357.0,1.0,30,3.0,112.61034393310547
C2,1266,0.7962499999999999,33.5,23.8,13,21.507692337036133,297.0,1.0,30,3.0,108.49954223632812
C2,1267,0.7845014825949096,33.6,23.7,13,19.4769229888916,282.0,1.0,30,3.0,106.69972229003906
C2,1268,0.7681654552400683,32.099999999999994,21.0,13,8.861538887023926,180.0,1.0,30,3.0,97.75316619873047
C2,1269,0.8478825157724384,18.1,17.6,13,0.8307692408561707,57.0,1.0,30,3.0,81.71856689453125
C2,1270,0.788,34.4,24.1,13,23.938461303710938,315.0,1.0,30,3.0,73.5644760131836
C2,1271,0.77475,34.1,24.1,15,36.0,480.0,1.0,30,3.0,82.0053482055664
C2,1272,0.7820833333333334,33.300000000000004,23.0,17,25.67058753967285,420.0,1.0,30,3.0,103.20320892333984
C2,1273,0.7903819975956299,32.800000000000004,22.5,17,18.776470184326172,324.0,1.0,30,3.0,116.32192993164062
C2,1274,0.799,33.2,22.700000000000003,17,20.399999618530273,333.0,1.0,30,3.0,117.65982055664062
C2,1275,0.799,33.2,22.9,17,22.399999618530273,372.0,1.0,30,3.0,116.3292236328125
C2,1276,0.7759226028688266,33.099999999999994,22.599999999999998,17,14.117647171020508,234.0,1.0,30,2.0,116.73087310791016
C2,1277,0.7521792086680529,32.9,22.5,15,11.013333320617676,182.0,1.0,30,2.0,114.30519104003906
C2,1278,0.7563739114141459,34.1,24.0,13,16.184616088867188,216.0,1.0,30,2.0,110.71644592285156
C2,1279,0.7799181492615763,34.1,24.400000000000002,13,19.4769229888916,248.0,1.0,30,2.0,109.49653625488281
C2,1280,0.7807774514805785,33.6,24.1,13,17.75384521484375,230.0,1.0,30,2.0,111.96458435058594
C2,1281,0.7353333333333333,38.4,25.7,11,39.022220611572266,369.0,1.0,30,3.0,115.44541931152344
C2,1282,0.7652233602527783,33.0,22.0,11,10.399999618530273,192.0,1.0,30,3.0,109.53392028808594
C2,1283,0.7641666666666668,37.0,25.1,11,30.436363220214844,345.0,1.0,30,3.0,105.98701477050781
C2,1284,0.8524050402359732,18.0,18.2,11,1.9272726774215698,81.0,1.0,30,3.0,91.05887603759766
C2,1285,0.7788565787273807,32.800000000000004,22.8,11,14.181818008422852,219.0,1.0,30,3.0,83.30199432373047
C2,1286,0.563487541876071,33.0,22.700000000000003,11,3.6363637447357178,63.0,1.0,90,1.0,71.71453094482422
C2,1287,0.7762784956881795,29.7,21.0,11,5.127272605895996,123.0,1.0,30,3.0,66.62871551513672
C2,1288,0.8479057370613964,18.4,17.8,11,0.8363636136054993,48.0,1.0,30,3.0,55.977230072021484
C2,1289,0.5834166666666667,34.9,24.299999999999997,6,21.266666412353516,204.0,1.0,30,3.0,50.25300598144531
C2,1290,0.7302500000000001,40.7,28.400000000000002,6,32.13333511352539,240.0,1.0,30,3.0,52.018470764160156
C2,1291,0.6766666666666666,44.8,29.5,8,35.900001525878906,282.0,1.0,30,3.0,63.47774887084961
C2,1292,0.8529073822488951,18.700000000000003,18.4,8,2.049999952316284,60.0,1.0,30,3.0,63.95331573486328
C2,1293,0.7350833333333333,39.300000000000004,27.2,9,31.049999237060547,288.0,1.0,30,3.0,66.37198638916016
C2,1294,0.847200726943179,18.1,17.7,9,0.6666666865348816,39.0,1.0,30,3.0,57.023193359375
C2,1295,0.8521566698738302,19.5,18.4,9,1.8666666746139526,66.0,1.0,30,3.0,51.68058395385742
C2,1296,0.7647726274468986,32.599999999999994,21.8,9,9.199999809265137,150.0,1.0,30,3.0,42.34168243408203
C2,1297,0.6574530691270161,34.0,23.7,9,6.133333206176758,70.0,1.0,50,1.0,44.33834457397461
C2,1298,0.7667247827262588,34.3,24.8,9,14.755555152893066,170.0,1.0,30,2.0,53.93634033203125
C2,1299,0.483345323761324,47.7,31.5,5,45.439998626708984,242.0,1.0,30,2.0,69.16180419921875
C2,1300,0.49025,40.7,27.5,11,34.98181915283203,326.0,1.0,30,2.0,90.69708251953125
C2,1301,0.666500841052783,38.1,25.7,11,17.163637161254883,193.0,1.0,50,1.0,118.01824951171875
C2,1302,0.7112791252757917,35.2,25.0,11,41.490909576416016,459.0,1.0,70,3.0,138.6776123046875
C2,1303,-0.29813034026463037,32.7,22.3,37,56.622222900390625,1218.0,1.0,30,3.0,183.47323608398438
C2,1304,0.8234311039632307,24.9,19.400000000000002,37,5.945945739746094,243.0,1.0,30,3.0,195.4172821044922
C2,1305,0.8062723548305343,28.2,20.2,37,9.535135269165039,345.0,1.0,30,3.0,197.51702880859375
C2,1306,0.7980758255115897,28.7,20.299999999999997,37,8.508108139038086,312.0,1.0,30,3.0,158.51022338867188
C2,1307,0.801519167177059,28.400000000000002,20.2,37,8.702702522277832,321.0,1.0,30,3.0,138.5727996826172
C2,1308,0.8451610342950779,20.6,18.5,37,1.5027027130126953,98.0,1.0,30,2.0,117.81034851074219
C2,1309,-0.21998266024027205,33.099999999999994,22.599999999999998,12,15.600000381469727,234.0,1.0,30,2.0,107.0862045288086
C2,1310,0.7825,35.0,24.7,12,21.200000762939453,258.0,1.0,30,2.0,103.5850601196289
C2,1311,0.7907500000000001,34.1,24.2,12,24.700000762939453,286.0,1.0,30,2.0,114.0177001953125
C2,1312,0.7619166666666667,35.5,24.9,10,21.03333282470703,250.0,1.0,30,2.0,121.34395599365234
C2,1313,0.7559166666666667,37.900000000000006,25.6,10,22.959999084472656,232.0,1.0,30,2.0,124.0063705444336
C2,1314,0.7441264016297181,38.1,26.1,10,19.920000076293945,200.0,1.0,30,2.0,119.87049102783203
C2,1315,0.7440000000000001,39.199999999999996,26.700000000000003,10,24.600000381469727,250.0,1.0,30,2.0,117.38896179199219
C2,1316,0.7476666666666667,38.800000000000004,26.3,10,24.239999771118164,242.0,1.0,30,2.0,116.56671142578125
C2,1317,0.7280000000000001,39.199999999999996,27.0,8,26.700000762939453,214.0,1.0,30,2.0,117.0066909790039
C2,1318,0.7449166666666667,39.1,26.200000000000003,8,22.700000762939453,194.0,1.0,30,2.0,113.53734588623047
C2,1319,0.74125,39.5,27.599999999999998,8,27.399999618530273,228.0,1.0,30,2.0,110.52240753173828
C2,1320,0.7584691668056651,32.4,22.1,8,6.949999809265137,104.0,1.0,30,2.0,101.38011169433594
C2,1321,0.7449166666666667,39.1,26.700000000000003,8,21.75,192.0,1.0,30,2.0,95.76139831542969
C2,1322,0.7523392050905113,32.300000000000004,21.1,8,5.099999904632568,90.0,1.0,30,2.0,83.19017028808594
C2,1323,0.7100833333333334,42.9,28.5,8,25.600000381469727,212.0,1.0,30,2.0,82.8474349975586
C2,1324,0.7073333333333333,43.2,28.1,8,26.200000762939453,228.0,1.0,30,2.0,85.04179382324219
C2,1325,0.771774228533857,18.4,18.1,8,2.5999999046325684,87.0,1.0,50,3.0,84.2250747680664
C2,1326,0.7582634697798221,32.300000000000004,21.1,8,6.650000095367432,123.0,1.0,30,3.0,75.0683822631836
C2,1327,0.7378333333333333,39.0,26.4,9,31.299999237060547,291.0,1.0,30,3.0,67.30769348144531
C2,1328,0.7298333333333333,39.0,26.599999999999998,11,35.11111068725586,327.0,1.0,30,3.0,73.31794738769531
C2,1329,0.7743724463014148,32.2,21.1,11,10.945454597473145,183.0,1.0,30,3.0,79.59076690673828
C2,1330,0.7788333333333334,35.4,25.0,11,26.618181228637695,303.0,1.0,30,3.0,83.8877944946289
C2,1331,0.788,34.4,24.5,11,24.799999237060547,297.0,1.0,30,3.0,85.13267517089844
C2,1332,0.8476037480262871,17.9,17.6,11,0.7636363506317139,42.0,1.0,30,3.0,79.6129379272461
C2,1333,0.6107804972141835,32.300000000000004,21.8,11,7.927272796630859,124.0,1.0,70,2.0,71.1010971069336
C2,1334,0.7696666666666666,36.4,25.2,11,30.945453643798828,345.0,1.0,30,3.0,68.12732696533203
C2,1335,0.7559166666666667,37.900000000000006,25.1,11,31.600000381469727,345.0,1.0,30,3.0,79.80973052978516
C2,1336,-0.45774364882265944,34.9,24.0,39,70.70909118652344,1269.0,1.0,30,3.0,134.95249938964844
C2,1337,0.8163911454974409,28.299999999999997,20.2,39,12.923076629638672,483.0,1.0,30,3.0,174.1715087890625
C2,1338,0.8171575487359269,27.7,19.900000000000002,39,11.415384292602539,423.0,1.0,30,3.0,201.16957092285156
C2,1339,0.7984885833621871,28.5,20.299999999999997,39,8.112820625305176,309.0,1.0,30,3.0,174.7017364501953
C2,1340,0.851651684141103,19.400000000000002,18.2,39,1.7435897588729858,120.0,1.0,30,3.0,142.68771362304688
C2,1341,0.7114583217849398,27.900000000000002,20.1,39,5.661538600921631,208.0,1.0,50,2.0,118.54595947265625
C2,1342,-0.15512129510485023,18.0,17.8,16,0.7846153974533081,56.0,1.0,50,2.0,94.0609130859375
C2,1343,0.8182204763064982,23.2,18.9,15,2.700000047683716,114.0,1.0,30,3.0,79.10321044921875
C2,1344,0.6135256604849828,32.300000000000004,21.1,11,10.966666221618652,204.0,1.0,30,3.0,65.3285903930664
C2,1345,0.5058333333333334,39.0,26.5,5,26.33333396911621,225.0,1.0,30,3.0,63.33049011230469
C2,1346,0.7458333333333333,39.0,26.599999999999998,5,24.079999923706055,207.0,1.0,30,3.0,66.26496124267578
C2,1347,0.7612564368565196,32.099999999999994,21.3,5,6.960000038146973,108.0,1.0,30,3.0,63.758975982666016
C2,1348,0.68375,44.900000000000006,30.3,6,36.47999954223633,243.0,1.0,30,3.0,63.05538558959961
C2,1349,0.7494999999999999,38.6,26.5,6,24.799999237060547,228.0,1.0,30,3.0,63.566566467285156
C2,1350,0.7847283863971534,27.799999999999997,19.5,6,2.866666555404663,69.0,1.0,30,3.0,62.13993835449219
C2,1351,0.7240833333333333,40.5,27.7,7,32.66666793823242,258.0,1.0,30,3.0,61.95063018798828
C2,1352,0.7204166666666667,40.9,27.599999999999998,8,33.371429443359375,273.0,1.0,30,3.0,63.83704376220703
C2,1353,0.7665205832677601,35.5,25.0,8,19.200000762939453,213.0,1.0,30,3.0,71.368896484375
C2,1354,0.7179166666666666,40.300000000000004,27.900000000000002,10,36.54999923706055,306.0,1.0,30,3.0,78.0213394165039
C2,1355,0.8517190617376481,18.599999999999998,18.3,10,1.7599999904632568,69.0,1.0,30,3.0,72.94613647460938
C2,1356,0.8515548039944167,18.1,18.0,10,1.7200000286102295,60.0,1.0,30,3.0,63.10101318359375
C2,1357,0.7828348155344457,33.8,23.7,10,19.559999465942383,243.0,1.0,30,3.0,54.393943786621094
C2,1358,0.7504166666666667,38.5,25.7,10,23.440000534057617,236.0,1.0,30,2.0,61.83636474609375
C2,1359,0.7476666666666667,38.800000000000004,25.9,10,26.1200008392334,260.0,1.0,30,2.0,80.9684829711914
C2,1360,0.7350833333333333,39.300000000000004,26.8,9,28.0,252.0,1.0,30,2.0,98.44776153564453
C2,1361,0.5104166666666667,38.5,25.8,15,40.0,453.0,1.0,30,3.0,113.33531951904297
C2,1362,0.7962499999999999,33.5,23.400000000000002,15,22.799999237060547,357.0,1.0,30,3.0,120.80119323730469
C2,1363,0.8491608239432513,20.6,18.599999999999998,15,2.4800000190734863,114.0,1.0,30,3.0,113.5473861694336
C2,1364,0.7806202771155452,32.7,21.8,15,14.479999542236328,261.0,1.0,30,3.0,100.6617660522461
C2,1365,0.7785425754214048,33.0,22.2,15,14.720000267028809,267.0,1.0,30,3.0,88.93038940429688
C2,1366,0.6600123185218689,33.099999999999994,22.4,15,4.71999979019165,83.0,1.0,50,1.0,87.89157104492188
C2,1367,0.5831419398990791,22.9,18.8,11,2.066666603088379,72.0,1.0,50,2.0,80.46827697753906
C2,1368,0.5197863840227822,34.0,24.0,7,11.485713958740234,130.0,1.0,50,2.0,72.81430053710938
C2,1369,0.7848389060655503,28.7,20.2,7,4.971428394317627,105.0,1.0,30,3.0,61.8219108581543
C2,1370,0.7562460631463447,33.300000000000004,23.3,5,13.485713958740234,174.0,1.0,30,3.0,58.159812927246094
C2,1371,0.515829978021284,44.699999999999996,30.8,4,36.70000076293945,222.0,1.0,90,3.0,57.16255569458008
C2,1372,0.7341666666666667,39.4,27.099999999999998,5,22.479999542236328,192.0,1.0,30,3.0,60.43086624145508
C2,1373,0.4927960196142458,47.5,31.9,9,42.488887786865234,327.0,1.0,30,3.0,69.19185638427734
C2,1374,0.6304166666666667,38.5,25.8,12,29.16666603088379,348.0,1.0,30,3.0,80.04844665527344
C2,1375,0.7765750382631729,32.800000000000004,22.0,12,13.399999618530273,216.0,1.0,30,3.0,87.62906646728516
C2,1376,0.7699357622729801,32.4,21.5,12,10.166666984558105,195.0,1.0,30,3.0,86.31077575683594
C2,1377,0.8474778490641532,17.9,17.6,12,0.7333333492279053,48.0,1.0,30,3.0,72.18646240234375
C2,1378,0.7905872719218479,27.799999999999997,19.8,12,4.333333492279053,120.0,1.0,30,3.0,59.445213317871094
C2,1379,0.847616335657102,17.9,17.6,12,0.7666666507720947,51.0,1.0,30,3.0,45.40045928955078
C2,1380,0.5414755380405623,27.799999999999997,19.7,6,2.066666603088379,60.0,1.0,30,3.0,37.50694274902344
C2,1381,0.4131248648757829,49.7,33.8,10,59.771427154541016,354.0,1.0,30,3.0,43.170833587646484
C2,1382,0.7971666666666668,33.4,23.599999999999998,10,20.31999969482422,246.0,1.0,30,3.0,55.23583221435547
C2,1383,0.6672633294454764,32.800000000000004,21.7,10,5.840000152587891,104.0,1.0,50,2.0,66.74150085449219
C2,1384,0.667840245275232,31.9,20.5,10,3.9200000762939453,84.0,1.0,50,2.0,63.511566162109375
C2,1385,0.7649361839831669,18.1,17.7,10,0.800000011920929,34.0,1.0,50,2.0,52.90694046020508
C2,1386,0.741061584047093,23.3,19.2,10,2.4800000190734863,68.0,1.0,50,2.0,44.1441650390625
C2,1387,0.6112671513365423,19.0,18.3,4,1.649999976158142,50.0,1.0,30,2.0,36.61983108520508
C2,1388,0.732702823555001,17.9,17.6,1,2.0,28.0,1.0,30,2.0,31.705232620239258
C2,1389,0.6821872499344267,44.699999999999996,35.1,1,19.200000762939453,68.0,1.0,30,2.0,28.756473541259766
C2,1390,0.8559587577917702,18.1,17.8,1,2.799999952316284,24.0,1.0,30,2.0,25.253883361816406
C2,1391,0.06193120723347002,115.7,68.9,3,68.4000015258789,134.0,1.0,30,2.0,30.218996047973633
C2,1392,0.7576931455579408,32.800000000000004,23.5,3,7.733333110809326,72.0,1.0,30,2.0,33.4647331237793
C2,1393,0.13663968932426757,84.8,42.4,6,43.53333282470703,206.0,1.0,30,2.0,47.54550552368164
C2,1394,0.8477547725551173,18.0,17.7,6,0.800000011920929,24.0,1.0,30,2.0,48.66063690185547
C2,1395,0.7044151174168624,28.7,20.299999999999997,6,5.733333110809326,96.0,1.0,50,3.0,48.796382904052734
C2,1396,0.7558260639908633,32.599999999999994,22.1,6,6.733333110809326,96.0,1.0,30,2.0,41.54449462890625
C2,1397,0.7435719235523431,33.8,22.9,6,6.400000095367432,88.0,1.0,30,2.0,41.46002960205078
C2,1398,0.8477547725551173,18.0,17.8,6,0.800000011920929,32.0,1.0,30,2.0,39.27602005004883
C2,1399,0.6943353991895411,18.0,17.6,2,2.4000000953674316,34.0,1.0,30,2.0,33.832279205322266
C2,1400,0.7149686988887749,38.699999999999996,26.599999999999998,2,11.0,74.0,1.0,30,2.0,29.632699966430664
C2,1401,-0.059189065889191275,108.0,54.199999999999996,6,68.0,224.0,1.0,30,2.0,39.9129524230957
C2,1402,0.58275,43.7,28.7,9,37.24444580078125,288.0,1.0,30,3.0,56.614437103271484
C2,1403,0.8281410732288272,22.599999999999998,18.8,9,1.8222222328186035,60.0,1.0,30,3.0,64.36865997314453
C2,1404,0.8468309257411047,18.1,17.5,9,0.5777778029441833,24.0,1.0,30,3.0,55.1545295715332
C2,1405,0.706278083851657,17.8,17.5,9,0.5333333611488342,12.0,1.0,70,1.0,38.42605209350586
C2,1406,0.8268353991895412,23.0,18.599999999999998,9,2.4000000953674316,84.0,1.0,30,3.0,29.455631256103516
C2,1407,0.8483080145228291,18.4,17.9,9,0.9333333373069763,42.0,1.0,30,3.0,24.87337875366211
C2,1408,0.5454774278277693,18.2,17.7,1,5.199999809265137,45.0,1.0,30,3.0,22.52402687072754
C2,1409,0.7856486286900527,32.599999999999994,25.7,1,16.0,87.0,1.0,30,3.0,21.24774932861328
C2,1410,0.8654774278277694,18.1,17.7,1,5.199999809265137,42.0,1.0,30,3.0,20.481983184814453
C2,1411,0.7813109640600314,32.599999999999994,26.5,1,14.399999618530273,78.0,1.0,30,3.0,21.48918914794922
C2,1412,0.7443518842336673,32.7,26.700000000000003,1,4.0,21.0,1.0,30,1.0,21.02684783935547
C2,1413,0.8559587577917702,18.3,17.9,1,2.799999952316284,26.0,1.0,30,2.0,20.616107940673828
C2,1414,0.10039999999999999,104.4,48.4,4,28.100000381469727,130.0,1.0,30,2.0,25.569665908813477
C2,1415,0.8485843284339895,18.2,17.8,4,1.0,30.0,1.0,30,2.0,27.741798400878906
C2,1416,0.7510646863625633,32.9,22.4,4,6.199999809265137,72.0,1.0,30,2.0,32.11174774169922
C2,1417,0.7675691071158803,18.4,17.7,4,1.5,48.0,1.0,50,3.0,28.200380325317383
C2,1418,0.3476696566484597,48.7,31.5,11,47.6363639831543,402.0,1.0,30,3.0,41.72023010253906
C2,1419,0.7696666666666666,36.4,25.3,11,27.236364364624023,303.0,1.0,30,3.0,58.498802185058594
C2,1420,0.7728979185188807,32.4,21.7,11,11.054545402526855,204.0,1.0,30,3.0,75.49928283691406
C2,1421,0.6689166666666667,34.3,24.1,14,35.08571243286133,414.0,1.0,30,3.0,86.23290252685547
C2,1422,0.799,33.2,23.3,14,28.571428298950195,408.0,1.0,30,3.0,97.3397445678711
C2,1423,0.7652872018178706,32.099999999999994,21.1,14,8.057143211364746,186.0,1.0,30,3.0,103.20384216308594
C2,1424,0.7755626206984643,32.099999999999994,21.2,14,11.028571128845215,210.0,1.0,30,3.0,97.6556396484375
C2,1425,0.792345464147395,27.599999999999998,19.400000000000002,14,4.314285755157471,141.0,1.0,30,3.0,82.46005249023438
C2,1426,0.7980833333333334,33.300000000000004,23.3,14,30.799999237060547,441.0,1.0,30,3.0,84.67603302001953
C2,1427,0.7768695214632227,32.2,21.5,14,11.714285850524902,225.0,1.0,30,3.0,86.67228698730469
C2,1428,0.776395460630877,32.4,21.5,14,12.142857551574707,219.0,1.0,30,3.0,91.33670806884766
C2,1429,0.7774286683594246,32.5,21.6,14,12.771428108215332,234.0,1.0,30,3.0,84.93535614013672
C2,1430,0.7935,33.8,23.7,14,26.114286422729492,378.0,1.0,30,3.0,87.89454650878906
C2,1431,0.7839166666666667,33.099999999999994,23.0,16,32.599998474121094,531.0,1.0,30,3.0,103.53672790527344
C2,1432,0.7673400383766096,28.8,20.1,18,4.8222222328186035,153.0,1.0,30,3.0,109.32203674316406
C2,1433,0.8490361568883342,20.400000000000002,18.4,18,2.0,117.0,1.0,30,3.0,101.19322204589844
C2,1434,0.8489524234031322,18.1,18.1,18,1.0888888835906982,60.0,1.0,30,3.0,75.38259887695312
C2,1435,0.8469234084714489,17.9,17.6,18,0.6000000238418579,39.0,1.0,30,3.0,54.829559326171875
C2,1436,0.8319034769328136,21.9,18.4,18,1.1777777671813965,84.0,1.0,30,3.0,41.031070709228516
C2,1437,0.252702823555001,17.8,17.5,3,2.0,45.0,1.0,30,3.0,32.08530807495117
C2,1438,0.8430615300280377,17.8,17.5,2,1.600000023841858,30.0,1.0,30,3.0,26.317852020263672
C2,1439,0.7657530515594156,32.5,25.6,1,11.600000381469727,60.0,1.0,30,3.0,21.79071044921875
C2,1440,0.8591758329899635,17.7,17.5,1,3.5999999046325684,30.0,1.0,30,3.0,18.407760620117188
C2,1441,0.7808336062547414,32.4,26.1,1,13.600000381469727,72.0,1.0,30,3.0,18.24465560913086
C2,1442,0.8654774278277694,17.8,17.5,1,5.199999809265137,45.0,1.0,30,3.0,17.480127334594727
C2,1443,0.8700719235523432,18.2,17.8,1,6.400000095367432,51.0,1.0,30,3.0,17.954742431640625
C2,1444,0.8607685509003341,18.1,17.6,1,4.0,33.0,1.0,30,3.0,16.506179809570312
C2,1445,0.7753661611682622,32.599999999999994,26.200000000000003,1,12.399999618530273,63.0,1.0,30,3.0,16.437040328979492
C2,1446,0.7778108875812962,32.599999999999994,26.4,1,13.199999809265137,66.0,1.0,30,3.0,17.062225341796875
C2,1447,0.6826224492010974,17.8,17.5,1,3.5999999046325684,26.0,1.0,90,2.0,17.70400047302246
C2,1448,0.7836265182647975,18.2,17.8,1,5.599999904632568,51.0,1.0,50,3.0,17.555734634399414
C2,1449,0.7788223701562585,18.2,17.8,1,4.400000095367432,33.0,1.0,50,3.0,16.000106811523438
C2,1450,0.772547377988288,18.2,17.8,1,2.799999952316284,20.0,1.0,50,2.0,14.666730880737305
C2,1451,0.7085142164174877,32.599999999999994,26.1,1,15.199999809265137,81.0,1.0,50,3.0,15.20003890991211
C2,1452,0.7804148819201024,18.1,17.6,1,4.800000190734863,39.0,1.0,50,3.0,15.786689758300781
C2,1453,0.7820163576443,17.7,17.5,1,5.199999809265137,42.0,1.0,50,3.0,16.672014236450195
C2,1454,0.7852450715527084,17.9,17.6,1,6.0,51.0,1.0,50,3.0,15.869874954223633
C2,1455,0.7772390996697683,17.9,17.6,1,4.0,30.0,1.0,50,3.0,14.988591194152832
C2,1456,0.7744494945015955,32.7,26.9,1,12.399999618530273,63.0,1.0,30,3.0,15.393155097961426
C2,1457,0.7778108875812962,32.599999999999994,26.9,1,13.199999809265137,66.0,1.0,30,3.0,16.30255889892578
C2,1458,0.8591758329899635,19.0,17.9,1,3.5999999046325684,33.0,1.0,30,3.0,16.981534957885742
C2,1459,0.8685539631541367,18.0,17.7,1,6.0,48.0,1.0,30,3.0,16.72225570678711
C2,1460,0.7753661611682622,32.599999999999994,26.200000000000003,1,12.399999618530273,63.0,1.0,30,3.0,16.433353424072266
C2,1461,0.6945,44.6,34.5,1,28.799999237060547,102.0,1.0,30,3.0,19.326679229736328
C2,1462,0.8654774278277694,18.0,17.7,1,5.199999809265137,42.0,1.0,30,3.0,20.79600715637207
C2,1463,0.7726161611682623,32.9,26.200000000000003,1,12.399999618530273,63.0,1.0,30,3.0,21.67760467529297
C2,1464,0.8591758329899635,17.9,17.7,1,3.5999999046325684,33.0,1.0,30,3.0,19.139896392822266
C2,1465,0.8607685509003341,18.0,17.6,1,4.0,33.0,1.0,30,3.0,17.21727180480957
C2,1466,0.69175,44.900000000000006,34.7,1,25.200000762939453,90.0,1.0,30,3.0,17.263696670532227
C2,1467,0.8639198485148963,18.1,17.7,1,4.800000190734863,42.0,1.0,30,3.0,17.691551208496094
C2,1468,0.8607685509003341,18.0,17.6,1,4.0,33.0,1.0,30,3.0,17.94826316833496
C2,1469,0.8715756855237148,18.4,17.7,1,6.800000190734863,57.0,1.0,30,3.0,16.6356258392334
C2,1470,0.8639198485148963,18.0,17.6,1,4.800000190734863,42.0,1.0,30,3.0,15.848041534423828
C2,1471,0.7009166666666666,43.9,33.9,1,26.399999618530273,93.0,1.0,30,3.0,18.042158126831055
C2,1472,0.8700719235523432,17.9,17.6,1,6.400000095367432,57.0,1.0,30,3.0,19.35862922668457
C2,1473,0.7835281485892476,32.599999999999994,26.1,1,15.199999809265137,78.0,1.0,30,3.0,21.748510360717773
C2,1474,0.275075,78.7,40.599999999999994,3,33.86666488647461,177.0,1.0,30,3.0,26.915773391723633
C2,1475,0.6938333333333334,43.8,29.4,4,29.600000381469727,195.0,1.0,30,3.0,36.14946365356445
C2,1476,0.7713942209146296,33.300000000000004,23.900000000000002,4,13.199999809265137,129.0,1.0,30,3.0,43.95634460449219
C2,1477,0.7750062262602755,33.5,23.7,4,15.100000381469727,144.0,1.0,30,3.0,47.173805236816406
C2,1478,0.7675226274468987,32.300000000000004,22.0,4,9.199999809265137,117.0,1.0,30,3.0,45.63761901855469
C2,1479,0.715750272921408,39.5,26.4,4,13.600000381469727,100.0,1.0,30,2.0,45.64923858642578
C2,1480,0.8477547725551173,17.8,17.4,4,0.800000011920929,20.0,1.0,30,2.0,40.589542388916016
C2,1481,0.2411793216827552,90.30000000000001,42.8,5,40.099998474121094,192.0,1.0,30,2.0,45.153724670410156
C2,1482,0.6899166666666666,45.1,30.700000000000003,5,26.0,170.0,1.0,30,2.0,52.558902740478516
C2,1483,0.6535,48.2,32.099999999999994,6,32.08000183105469,196.0,1.0,30,2.0,68.73534393310547
C2,1484,0.7531508238886551,32.7,22.2,6,6.266666889190674,86.0,1.0,30,2.0,71.3745346069336
C2,1485,0.7533227237987539,34.2,24.0,6,10.133333206176758,112.0,1.0,30,2.0,69.09139251708984
C2,1486,0.75748135302923,32.2,20.5,6,6.199999809265137,114.0,1.0,30,3.0,59.721500396728516
C2,1487,0.5073333333333333,43.2,28.5,11,37.345455169677734,387.0,1.0,30,3.0,65.56623077392578
C2,1488,0.7675537125479653,33.6,23.400000000000002,13,19.015384674072266,279.0,1.0,30,3.0,74.00640869140625
C2,1489,0.7807011227543506,33.7,23.8,13,18.123077392578125,232.0,1.0,30,2.0,89.47051239013672
C2,1490,0.777034456087684,34.1,24.0,13,18.123077392578125,238.0,1.0,30,2.0,97.41564178466797
C2,1491,0.7817341663989055,28.9,20.2,13,4.646153926849365,126.0,1.0,30,3.0,95.38272094726562
C2,1492,0.8235385692637788,24.299999999999997,19.400000000000002,13,4.55384635925293,123.0,1.0,30,3.0,84.1629638671875
C2,1493,0.6553115300280377,23.900000000000002,19.0,9,1.600000023841858,69.0,1.0,30,3.0,64.63111114501953
C2,1494,0.7394401277269398,32.599999999999994,21.0,8,4.550000190734863,88.0,1.0,30,2.0,53.17866516113281
C2,1495,0.7493316640704049,32.2,20.7,8,4.099999904632568,88.0,1.0,30,2.0,46.70719909667969
C2,1496,0.4688692805748862,39.0,25.2,2,10.0,64.0,1.0,30,2.0,44.02431869506836
C2,1497,0.09152815117531983,100.0,47.9,5,44.79999923706055,186.0,1.0,30,2.0,48.94792556762695
C2,1498,0.6794166666666667,44.5,29.4,7,35.93333435058594,267.0,1.0,30,3.0,57.9020881652832
C2,1499,0.8494120147012151,18.2,17.7,7,1.2000000476837158,54.0,1.0,30,3.0,61.407920837402344
C2,1500,0.7851360630977804,33.2,23.5,7,18.05714225769043,195.0,1.0,30,3.0,59.77808380126953
C2,1501,0.8270678830137914,23.0,18.700000000000003,7,2.4571428298950195,72.0,1.0,30,3.0,50.13351821899414
C2,1502,0.78325045061685,27.5,19.3,7,1.8285714387893677,44.0,1.0,30,2.0,44.88011169433594
C2,1503,0.8487026854614304,18.2,17.9,7,1.0285714864730835,42.0,1.0,30,3.0,34.92806625366211
C2,1504,0.6643097861921672,18.1,17.6,5,0.7200000286102295,14.0,1.0,90,1.0,27.623506546020508
C2,1505,0.8427322686420453,18.1,17.7,4,1.5199999809265137,42.0,1.0,30,3.0,22.174104690551758
C2,1506,0.6513616848374829,32.9,23.599999999999998,1,12.0,60.0,1.0,30,3.0,19.7044620513916
C2,1507,0.334775,59.9,38.0,2,29.0,132.0,1.0,30,3.0,22.22267723083496
C2,1508,-0.5902266887997962,120.0,56.9,15,138.39999389648438,525.0,1.0,30,3.0,45.20027160644531
C2,1509,0.799,33.2,23.2,15,28.02666664123535,429.0,1.0,30,3.0,75.38683319091797
C2,1510,0.6380833333333333,33.300000000000004,22.700000000000003,19,34.37894821166992,609.0,1.0,30,3.0,114.69876861572266
C2,1511,0.8008333333333334,33.0,22.5,19,32.400001525878906,612.0,1.0,30,3.0,142.152587890625
C2,1512,0.48816666666666675,32.2,21.4,27,35.7185173034668,894.0,1.0,30,3.0,179.2915496826172
C2,1513,0.7046666666666667,30.4,20.8,30,24.373332977294922,723.0,1.0,30,3.0,206.6416015625
C2,1514,0.8107037335539727,30.4,20.7,30,18.013334274291992,522.0,1.0,30,3.0,219.05162048339844
C2,1515,0.8329166666666667,29.5,20.5,30,20.626667022705078,630.0,1.0,30,3.0,214.76431274414062
C2,1516,0.8310833333333334,29.7,20.6,30,24.066667556762695,708.0,1.0,30,3.0,211.52525329589844
C2,1517,0.8200833333333334,30.900000000000002,20.5,30,21.31999969482422,618.0,1.0,30,3.0,213.84848022460938
C2,1518,0.5709166666666667,31.9,21.1,24,21.516666412353516,540.0,1.0,30,3.0,211.242431640625
C2,1519,0.8090833333333334,32.099999999999994,21.2,24,21.149999618530273,483.0,1.0,30,3.0,199.6787872314453
C2,1520,0.8118333333333333,31.8,21.0,24,23.21666717529297,546.0,1.0,30,3.0,189.5406036376953
C2,1521,0.7518611598794022,32.5,21.4,24,5.449999809265137,133.0,1.0,30,1.0,177.19102478027344
C2,1522,0.6481666666666668,32.2,21.5,20,23.63809585571289,489.0,1.0,30,3.0,170.04795837402344
C2,1523,0.7946666666666666,32.800000000000004,22.3,21,33.01052474975586,621.0,1.0,30,3.0,169.09544372558594
C2,1524,0.771511877674145,32.300000000000004,21.6,21,30.36190414428711,636.0,1.0,50,3.0,179.05726623535156
C2,1525,0.24999999999999997,32.0,21.1,35,38.49032211303711,1059.0,1.0,30,3.0,210.36769104003906
C2,1526,-0.07333333333333336,28.0,20.5,58,39.85531997680664,1770.0,1.0,30,3.0,280.2206115722656
C2,1527,0.8396632886614085,24.6,19.599999999999998,58,9.648276329040527,522.0,1.0,30,3.0,317.0657043457031
C2,1528,0.844357605635706,24.400000000000002,19.5,58,10.489655494689941,588.0,1.0,30,3.0,318.2394104003906
C2,1529,0.8470862623293003,20.8,18.5,58,2.420689582824707,198.0,1.0,30,3.0,249.0769805908203
C2,1530,0.8501064939827403,20.2,18.5,58,1.8137930631637573,165.0,1.0,30,3.0,191.71286010742188
C2,1531,0.8477834084018246,18.4,17.9,58,0.8068965673446655,90.0,1.0,30,3.0,135.16104125976562
C2,1532,-0.6732430760115853,18.0,17.6,20,0.5600000023841858,48.0,1.0,30,3.0,94.56329345703125
C2,1533,0.8470066244198473,18.0,17.6,20,0.6200000047683716,48.0,1.0,30,3.0,65.00464630126953
C2,1534,0.21106153002803768,18.1,17.7,4,1.600000023841858,51.0,1.0,30,3.0,45.5361213684082
C2,1535,0.8399587577917702,18.1,17.7,2,2.799999952316284,42.0,1.0,30,3.0,33.58833694458008
C2,1536,0.8635756855237148,18.2,17.8,1,6.800000190734863,57.0,1.0,30,3.0,26.819669723510742
C2,1537,0.8670222991527153,18.2,17.7,1,5.599999904632568,48.0,1.0,30,3.0,22.62513542175293
C2,1538,0.8670222991527153,18.0,17.6,1,5.599999904632568,48.0,1.0,30,3.0,20.37508201599121
C2,1539,0.8623500559002011,17.8,17.5,1,4.400000095367432,39.0,1.0,30,3.0,18.225048065185547
C2,1540,0.8639198485148963,18.4,17.8,1,4.800000190734863,39.0,1.0,30,3.0,16.5350284576416
C2,1541,0.8700719235523432,18.0,17.8,1,6.400000095367432,57.0,1.0,30,3.0,15.92101764678955
C2,1542,0.8559587577917702,18.0,17.6,1,2.799999952316284,21.0,1.0,30,3.0,14.752610206604004
C2,1543,0.8591758329899635,17.9,17.5,1,3.5999999046325684,30.0,1.0,30,3.0,13.651566505432129
C2,1544,0.8559587577917702,17.9,17.5,1,2.799999952316284,27.0,1.0,30,3.0,11.65760612487793
C2,1545,0.8607685509003341,18.0,17.6,1,4.0,33.0,1.0,30,3.0,10.994564056396484
C2,1546,0.8670222991527153,17.8,17.5,1,5.599999904632568,48.0,1.0,30,3.0,11.396738052368164
C2,1547,0.8559587577917702,17.7,17.4,1,2.799999952316284,21.0,1.0,30,3.0,11.371376037597656
C2,1548,0.8607685509003341,17.9,17.6,1,4.0,33.0,1.0,30,3.0,11.356159210205078
C2,1549,0.8639198485148963,17.9,17.7,1,4.800000190734863,42.0,1.0,30,3.0,11.080362319946289
C2,1550,0.8591758329899635,17.9,17.5,1,3.5999999046325684,30.0,1.0,30,3.0,11.314884185791016
C2,1551,0.6926666666666667,44.8,34.5,1,23.600000381469727,90.0,1.0,30,3.0,13.988930702209473
C2,1552,0.8654774278277694,18.1,17.6,1,5.199999809265137,45.0,1.0,30,3.0,15.726691246032715
C2,1553,0.8715756855237148,18.0,17.6,1,6.800000190734863,57.0,1.0,30,3.0,17.969348907470703
C2,1554,0.8510615300280377,18.0,17.5,1,1.600000023841858,12.0,1.0,30,3.0,15.848275184631348
C2,1555,0.7664365153396193,18.1,17.6,1,1.2000000476837158,10.0,1.0,50,2.0,13.24229907989502
C2,1556,0.772547377988288,17.7,17.5,1,2.799999952316284,20.0,1.0,50,2.0,10.478713035583496
C2,1557,-0.08445419625736228,137.3,72.2,3,112.80000305175781,178.0,1.0,50,2.0,20.153894424438477
C2,1558,0.7428142392450612,23.3,19.7,3,2.933333396911621,40.0,1.0,50,2.0,27.959003448486328
C2,1559,0.8505125806332836,18.0,17.6,3,1.4666666984558105,36.0,1.0,30,3.0,32.90873336791992
C2,1560,0.6148450288250674,44.0,29.5,3,17.733333587646484,102.0,1.0,50,2.0,30.811908721923828
C2,1561,0.266575,84.7,44.900000000000006,4,59.20000076293945,200.0,1.0,50,2.0,40.22047805786133
C2,1562,0.6621331173143734,28.8,20.2,7,4.514285564422607,99.0,1.0,30,3.0,48.665618896484375
C2,1563,0.7064166666666667,43.3,28.400000000000002,7,23.94285774230957,192.0,1.0,30,2.0,59.732704162597656
C2,1564,0.847517421777062,18.2,17.6,7,0.7428571581840515,22.0,1.0,30,2.0,54.506290435791016
C2,1565,0.84846593349323,18.0,17.5,7,0.9714285731315613,32.0,1.0,30,2.0,49.10377502441406
C2,1566,0.7543999095401523,33.6,23.2,7,8.857142448425293,110.0,1.0,30,2.0,40.395599365234375
C2,1567,0.6920000000000001,44.0,29.6,6,26.733333587646484,194.0,1.0,30,2.0,46.637359619140625
C2,1568,0.571368191461169,50.0,17.6,6,0.46666666865348816,6.0,1.0,30,2.0,48.64908218383789
C2,1569,0.7528980196958965,32.7,21.8,6,6.199999809265137,88.0,1.0,30,2.0,48.38945007324219
C2,1570,0.6890000000000001,45.199999999999996,30.599999999999998,6,27.399999618530273,180.0,1.0,30,2.0,47.30033493041992
C2,1571,0.7817087577917702,28.1,19.599999999999998,6,2.799999952316284,78.0,1.0,30,3.0,49.71353530883789
C2,1572,0.8274334924509656,23.2,18.8,6,3.0,72.0,1.0,30,3.0,48.494789123535156
C2,1573,0.7897657246584184,28.400000000000002,20.2,6,5.5333333015441895,105.0,1.0,30,3.0,40.430206298828125
C2,1574,0.763942272804311,17.9,17.5,6,0.5333333611488342,12.0,1.0,50,3.0,32.65812301635742
C2,1575,0.8477547725551173,18.3,17.7,6,0.800000011920929,24.0,1.0,30,3.0,25.861541748046875
C2,1576,0.6654774278277693,18.5,17.9,1,5.199999809265137,45.0,1.0,30,3.0,19.116924285888672
C2,1577,0.8543353991895412,19.2,17.7,1,2.4000000953674316,18.0,1.0,30,3.0,15.336821556091309
C2,1578,0.5760615300280377,50.0,17.5,1,1.600000023841858,9.0,1.0,30,3.0,12.402092933654785
C2,1579,0.8559587577917702,17.8,17.6,1,2.799999952316284,21.0,1.0,30,3.0,9.574588775634766
C2,1580,0.8510615300280377,18.0,17.6,1,1.600000023841858,12.0,1.0,30,3.0,7.611420154571533
C2,1581,0.8575724027518892,18.3,17.8,1,3.200000047683716,27.0,1.0,30,3.0,7.233518600463867
C2,1582,0.8543353991895412,18.2,17.6,1,2.4000000953674316,18.0,1.0,30,3.0,6.873444557189941
C2,1583,0.5744120147012152,50.0,17.8,1,1.2000000476837158,9.0,1.0,30,3.0,6.524066925048828
C2,1584,0.5744120147012152,50.0,17.8,1,1.2000000476837158,9.0,1.0,30,3.0,5.514440059661865
C2,1585,0.8510615300280377,18.1,17.8,1,1.600000023841858,12.0,1.0,30,3.0,4.641997337341309
C2,1586,0.8575724027518892,18.1,17.7,1,3.200000047683716,24.0,1.0,30,3.0,4.785198211669922
C2,1587,0.5744120147012152,50.0,17.8,1,1.2000000476837158,6.0,1.0,30,3.0,4.737785816192627
C2,1588,0.5744120147012152,50.0,17.6,1,1.2000000476837158,9.0,1.0,30,3.0,4.576004981994629
C2,1589,0.5760615300280377,50.0,17.9,1,1.600000023841858,9.0,1.0,30,3.0,3.812269449234009
C2,1590,0.5744120147012152,50.0,17.8,1,1.2000000476837158,9.0,1.0,30,3.0,3.4873616695404053
C2,1591,0.8700719235523432,18.0,17.7,1,6.400000095367432,54.0,1.0,30,3.0,5.292417049407959
C2,1592,0.5744120147012152,50.0,17.6,1,1.2000000476837158,9.0,1.0,30,3.0,6.375450134277344
C2,1593,0.43181866503105076,50.0,17.6,1,0.800000011920929,2.0,1.0,70,2.0,6.758603572845459
C2,1594,0.5744120147012152,50.0,17.7,1,1.2000000476837158,9.0,1.0,30,3.0,4.988495349884033
C2,1595,0.8654774278277694,18.2,17.8,1,5.199999809265137,39.0,1.0,30,3.0,5.259763717651367
C2,1596,0.8510615300280377,17.9,17.6,1,1.600000023841858,16.0,1.0,30,2.0,6.355858325958252
C2,1597,0.6740026591336767,45.0,35.1,1,16.799999237060547,62.0,1.0,30,2.0,10.746848106384277
C2,1598,0.6823372969734047,44.3,34.5,1,17.600000381469727,68.0,1.0,30,2.0,16.181442260742188
C2,1599,0.6972500000000001,44.3,34.4,1,30.0,108.0,1.0,30,3.0,23.1755313873291
C2,1600,0.30617500000000003,70.3,40.0,2,35.599998474121094,147.0,1.0,30,3.0,29.77198600769043
C2,1601,0.19836295262474726,65.0,38.3,5,40.29999923706055,219.0,1.0,30,3.0,38.92985916137695
C2,1602,0.7687656419182068,33.099999999999994,23.0,5,11.760000228881836,132.0,1.0,30,3.0,45.491249084472656
C2,1603,0.7621927579361264,31.9,20.7,5,6.71999979019165,102.0,1.0,30,3.0,47.42808151245117
C2,1604,0.7382898789823354,37.900000000000006,25.1,5,16.479999542236328,165.0,1.0,30,3.0,46.190181732177734
C2,1605,0.4412539836997085,44.699999999999996,30.4,11,41.24444580078125,339.0,1.0,30,3.0,54.64744186401367
C2,1606,0.7662555931981112,32.2,21.0,11,8.581818580627441,174.0,1.0,30,3.0,62.92179870605469
C2,1607,0.7809391948732767,28.2,19.8,11,2.8363635540008545,93.0,1.0,30,3.0,64.68640899658203
C2,1608,0.602380454180599,32.5,21.2,11,5.345454692840576,108.0,1.0,70,2.0,57.87851333618164
C2,1609,0.8468477422026727,18.0,17.6,11,0.581818163394928,16.0,1.0,30,2.0,47.12710952758789
C2,1610,0.7624000119386043,35.9,24.9,11,18.9818172454834,206.0,1.0,30,2.0,50.27626419067383
C2,1611,0.6240039677831516,28.299999999999997,19.8,7,3.828571319580078,76.0,1.0,30,2.0,50.03242492675781
C2,1612,0.5313493728934993,41.9,28.6,11,47.20000076293945,348.0,1.0,30,2.0,72.01945495605469
C2,1613,0.7756666666666666,34.0,24.400000000000002,13,33.10769271850586,400.0,1.0,30,2.0,98.14500427246094
C2,1614,0.7779608854564477,28.400000000000002,20.1,13,2.5538461208343506,80.0,1.0,30,2.0,114.08700561523438
C2,1615,0.8466031846087607,17.7,17.5,13,0.5230769515037537,16.0,1.0,30,2.0,101.51886749267578
C2,1616,0.8467313049357402,17.7,17.4,13,0.5538461804389954,18.0,1.0,30,2.0,68.51132202148438
C2,1617,0.4985798886346609,33.300000000000004,23.3,20,44.25,651.0,1.0,30,3.0,72.30679321289062
C2,1618,0.7741422657607634,30.099999999999998,20.6,22,9.909090995788574,258.0,1.0,30,3.0,84.98407745361328
C2,1619,0.8097236122439067,25.6,19.3,22,4.072727203369141,150.0,1.0,30,3.0,98.05711364746094
C2,1620,0.8466963670404812,17.9,17.6,22,0.5454545617103577,45.0,1.0,30,3.0,78.96759796142578
C2,1621,0.8280566014976652,23.099999999999998,19.0,22,2.9272727966308594,135.0,1.0,30,3.0,62.04722595214844
C2,1622,0.8521069721852106,20.0,18.5,22,1.8545454740524292,105.0,1.0,30,3.0,49.89500427246094
C2,1623,0.21865289411399735,23.3,18.8,7,1.076923131942749,60.0,1.0,30,3.0,43.27033615112305
C2,1624,0.41208982284023365,50.0,17.6,3,0.6399999856948853,9.0,1.0,30,3.0,33.695533752441406
C2,1625,0.3975177143633456,50.0,17.8,2,1.0,8.0,1.0,90,2.0,23.817319869995117
C2,1626,0.7687078933135616,18.3,17.9,2,1.7999999523162842,24.0,1.0,50,3.0,16.29039192199707
C2,1627,0.4811902731485469,50.0,17.6,1,0.6000000238418579,5.0,1.0,50,1.0,12.040902137756348
C2,1628,0.5727547725551173,50.0,18.0,1,0.800000011920929,6.0,1.0,30,2.0,9.357874870300293
C2,1629,0.8543353991895412,18.2,18.0,1,2.4000000953674316,18.0,1.0,30,3.0,7.481391429901123
C2,1630,0.8510615300280377,18.0,17.6,1,1.600000023841858,12.0,1.0,30,3.0,6.22216796875
C2,1631,0.8575724027518892,18.2,18.0,1,3.200000047683716,30.0,1.0,30,3.0,6.399967670440674
C2,1632,-0.5028602793795061,222.0,114.2,7,80.5,306.0,1.0,30,3.0,19.3066463470459
C2,1633,0.58675,38.9,26.3,11,32.327274322509766,360.0,1.0,30,3.0,42.5173225402832
C2,1634,0.7754340064263946,33.6,23.5,11,15.600000381469727,237.0,1.0,30,3.0,65.64372253417969
C2,1635,0.7713029729077032,32.599999999999994,21.9,11,11.127272605895996,186.0,1.0,30,3.0,74.18623352050781
C2,1636,0.792285069857265,28.0,19.900000000000002,11,5.236363410949707,129.0,1.0,30,3.0,69.04507446289062
C2,1637,0.784778837276797,33.5,23.400000000000002,11,19.163637161254883,264.0,1.0,30,3.0,67.1603775024414
C2,1638,0.7619032824176304,32.2,20.8,11,7.3818182945251465,150.0,1.0,30,3.0,64.42955780029297
C2,1639,0.6597627540246052,34.1,24.1,8,19.399999618530273,216.0,1.0,30,3.0,66.6577377319336
C2,1640,0.7747525869923025,33.300000000000004,23.0,8,14.350000381469727,180.0,1.0,30,3.0,64.26130676269531
C2,1641,0.7619702940939536,32.2,21.3,8,7.400000095367432,141.0,1.0,30,3.0,62.4234504699707
C2,1642,0.7680833333333333,35.7,24.8,7,20.899999618530273,234.0,1.0,30,3.0,62.1207389831543
C2,1643,0.7568861463776896,33.9,23.900000000000002,6,12.866666793823242,150.0,1.0,30,3.0,60.605777740478516
C2,1644,0.767055128216148,32.300000000000004,21.9,6,9.066666603088379,123.0,1.0,30,3.0,58.89679718017578
C2,1645,0.7711705222372309,32.4,22.0,6,10.533333778381348,141.0,1.0,30,3.0,53.73807907104492
C2,1646,0.8254890694185558,23.5,19.2,6,3.200000047683716,87.0,1.0,30,3.0,47.84284591674805
C2,1647,0.5707424033116638,43.4,29.0,9,42.33333206176758,294.0,1.0,30,3.0,51.90570831298828
C2,1648,0.7243333333333333,39.6,26.8,11,34.22222137451172,306.0,1.0,30,3.0,61.6767578125
C2,1649,0.7868162493501099,29.7,20.8,11,7.927272796630859,156.0,1.0,30,3.0,70.6060562133789
C2,1650,0.7898333333333334,34.2,24.2,11,23.163637161254883,291.0,1.0,30,3.0,75.8302993774414
C2,1651,0.7736503253824636,32.599999999999994,21.9,11,11.854545593261719,201.0,1.0,30,3.0,74.29817962646484
C2,1652,0.846544934443576,17.9,17.6,11,0.5090909004211426,12.0,1.0,30,3.0,66.9789047241211
C2,1653,0.5710902975977581,50.0,17.5,11,0.4000000059604645,8.0,1.0,30,2.0,50.18734359741211
C2,1654,0.8046294027434198,23.2,18.8,9,1.3333333730697632,54.0,1.0,30,2.0,34.77907180786133
C2,1655,0.730920630306738,39.0,26.8,9,17.600000381469727,180.0,1.0,30,2.0,37.00077819824219
C2,1656,0.7280314951353773,18.8,17.8,6,0.8666666746139526,22.0,1.0,30,2.0,39.26713180541992
C2,1657,0.8178794027434197,23.5,18.8,6,1.3333333730697632,46.0,1.0,30,2.0,40.09361267089844
C2,1658,0.8469234084714489,18.700000000000003,17.5,6,0.6000000238418579,18.0,1.0,30,2.0,29.789501190185547
C2,1659,0.7335147909017153,38.699999999999996,25.9,6,17.53333282470703,152.0,1.0,30,2.0,32.27370071411133
C2,1660,0.6794216372132119,44.3,30.700000000000003,6,16.399999618530273,106.0,1.0,30,1.0,44.83088684082031
C2,1661,0.32209999999999994,61.6,37.900000000000006,4,28.100000381469727,125.0,1.0,30,1.0,67.83186340332031
C2,1662,0.6369645667154774,49.7,34.9,4,19.5,96.0,1.0,30,1.0,84.29911804199219
C2,1663,0.34286463067015915,50.2,34.2,6,40.400001525878906,196.0,1.0,30,2.0,93.11280822753906
C2,1664,0.758234283865004,32.5,21.8,6,7.133333206176758,96.0,1.0,30,2.0,88.13434600830078
C2,1665,0.6853333333333332,45.6,30.4,6,28.200000762939453,190.0,1.0,30,2.0,85.01394653320312
C2,1666,0.6782500000000001,45.5,30.900000000000002,7,30.91428565979004,224.0,1.0,30,2.0,85.00836944580078
C2,1667,0.8470422831418664,17.7,17.5,7,0.6285714507102966,10.0,1.0,30,2.0,79.27168273925781
C2,1668,0.847517421777062,18.0,17.6,7,0.7428571581840515,20.0,1.0,30,2.0,64.49634552001953
C2,1669,0.7336411374715156,39.199999999999996,27.099999999999998,7,19.714284896850586,178.0,1.0,30,2.0,52.56447219848633
C2,1670,0.7379352175670008,33.4,22.0,7,4.0,50.0,1.0,30,1.0,51.40534973144531
C2,1671,0.8477547725551173,18.2,17.6,7,0.800000011920929,26.0,1.0,30,2.0,51.10987854003906
C2,1672,0.7215833333333334,39.9,27.5,5,20.079999923706055,150.0,1.0,30,2.0,49.06592559814453
C2,1673,0.6871666666666667,45.400000000000006,30.8,5,27.360000610351562,174.0,1.0,30,2.0,52.77288818359375
C2,1674,0.6354166666666666,49.3,33.5,7,34.28571319580078,226.0,1.0,30,2.0,68.33039855957031
C2,1675,0.5564999999999999,42.2,28.0,11,36.87272644042969,345.0,1.0,30,3.0,82.99823760986328
C2,1676,0.7559166666666667,37.900000000000006,25.5,11,27.163637161254883,309.0,1.0,30,3.0,93.9322738647461
C2,1677,0.7907500000000001,34.1,24.1,11,22.727272033691406,279.0,1.0,30,3.0,97.82603454589844
C2,1678,0.7669166666666667,36.7,25.0,11,29.672727584838867,336.0,1.0,30,3.0,99.76228332519531
C2,1679,0.7678333333333334,36.6,25.0,11,30.399999618530273,333.0,1.0,30,3.0,101.99070739746094
C2,1680,0.7935,33.8,23.900000000000002,11,24.799999237060547,297.0,1.0,30,3.0,104.12775421142578
C2,1681,0.7696666666666666,36.4,25.1,11,31.309091567993164,348.0,1.0,30,3.0,105.94332122802734
C2,1682,0.77975,35.3,24.400000000000002,11,24.07272720336914,291.0,1.0,30,3.0,105.1659927368164
C2,1683,0.788,34.4,24.299999999999997,11,22.872726440429688,276.0,1.0,30,3.0,103.76626586914062
C2,1684,0.788,34.4,24.6,11,28.763635635375977,330.0,1.0,30,3.0,102.12642669677734
C2,1685,0.7492503369533318,33.300000000000004,23.400000000000002,11,6.690908908843994,88.0,1.0,30,1.0,99.94252014160156
C2,1686,0.7586666666666666,37.6,25.0,11,29.345455169677734,336.0,1.0,30,3.0,101.29884338378906
C2,1687,0.7935,33.8,23.8,11,23.236364364624023,294.0,1.0,30,3.0,100.51264190673828
C2,1688,0.7531666666666668,38.199999999999996,25.2,11,31.490909576416016,342.0,1.0,30,3.0,103.50758361816406
C2,1689,0.6105639496016917,34.0,23.5,11,13.236363410949707,176.0,1.0,70,2.0,102.10455322265625
C2,1690,0.777,35.6,24.8,11,30.9818172454834,354.0,1.0,30,3.0,103.92939758300781
C2,1691,0.7843333333333333,34.8,24.7,11,30.14545440673828,330.0,1.0,30,3.0,104.49097442626953
C2,1692,0.7788333333333334,35.4,24.7,11,27.490909576416016,315.0,1.0,30,3.0,107.0945816040039
C2,1693,0.7559166666666667,37.900000000000006,25.3,11,27.490909576416016,300.0,1.0,30,3.0,106.25675201416016
C2,1694,0.7522500000000001,38.3,25.3,11,28.472726821899414,324.0,1.0,30,3.0,105.48738098144531
C2,1695,0.7454167987961753,34.6,24.9,11,8.909090995788574,100.0,1.0,30,1.0,104.35910034179688
C2,1696,0.732872846419311,36.3,25.1,11,9.781818389892578,114.0,1.0,30,1.0,105.54878997802734
C2,1697,0.7269004629079102,37.3,25.0,11,10.727272987365723,112.0,1.0,30,1.0,106.79594421386719
C2,1698,0.7870833333333334,34.5,24.400000000000002,11,23.236364364624023,288.0,1.0,30,3.0,107.01089477539062
C2,1699,0.7834166666666667,34.9,25.0,11,32.94545364379883,375.0,1.0,30,3.0,108.60653686523438
C2,1700,0.7674166666666666,34.9,24.6,13,24.676923751831055,324.0,1.0,30,3.0,109.03058624267578
C2,1701,0.7898333333333334,34.2,24.299999999999997,13,24.24615478515625,315.0,1.0,30,3.0,110.48502349853516
C2,1702,0.7879190224759405,33.2,23.099999999999998,13,19.353845596313477,291.0,1.0,30,3.0,107.62434387207031
C2,1703,0.7843044910511723,33.0,22.8,13,16.923076629638672,261.0,1.0,30,3.0,103.10794067382812
C2,1704,0.7999166666666667,33.099999999999994,23.099999999999998,13,20.0,288.0,1.0,30,3.0,99.1980972290039
C2,1705,0.7674166666666666,34.9,24.6,11,24.58461570739746,321.0,1.0,30,3.0,98.1855239868164
C2,1706,0.777,35.6,24.9,11,27.090909957885742,309.0,1.0,30,3.0,99.71131896972656
C2,1707,0.7540833333333333,38.1,25.3,11,27.490909576416016,306.0,1.0,30,3.0,101.42678833007812
C2,1708,0.7925833333333334,33.9,24.299999999999997,11,24.254545211791992,297.0,1.0,30,3.0,101.389404296875
C2,1709,0.7889166666666667,34.3,24.2,11,24.472726821899414,297.0,1.0,30,3.0,100.8336410522461
C2,1710,0.75775,37.699999999999996,25.3,11,30.581817626953125,342.0,1.0,30,3.0,102.10018920898438
C2,1711,0.7669166666666667,36.7,24.9,11,28.763635635375977,333.0,1.0,30,3.0,104.46011352539062
C2,1712,0.7071480910656167,38.1,25.1,11,27.200000762939453,306.0,1.0,50,3.0,106.27606964111328
C2,1713,0.7278918327776978,36.3,25.0,11,28.363636016845703,324.0,1.0,50,3.0,106.56564331054688
C2,1714,0.7270028817367293,34.1,24.299999999999997,11,22.872726440429688,288.0,1.0,50,3.0,104.73938751220703
C2,1715,0.7242475843104275,37.199999999999996,24.9,11,29.672727584838867,339.0,1.0,50,3.0,105.11029815673828
C2,1716,0.6097141079964311,38.0,25.5,8,33.672725677490234,372.0,1.0,50,3.0,107.46617889404297
C2,1717,0.727411192853809,39.800000000000004,27.7,8,39.349998474121094,330.0,1.0,50,3.0,110.74637603759766
C2,1718,0.6505833333333334,36.3,25.0,11,28.472726821899414,318.0,1.0,30,3.0,111.78115844726562
C2,1719,0.75775,37.699999999999996,25.0,11,29.090909957885742,327.0,1.0,30,3.0,110.40203094482422
C2,1720,0.7623333333333333,37.199999999999996,25.2,11,28.254545211791992,309.0,1.0,30,3.0,108.64122009277344
C2,1721,0.7614166666666666,37.3,25.2,11,29.636363983154297,330.0,1.0,30,3.0,108.1180648803711
C2,1722,0.788,34.4,24.1,11,21.600000381469727,276.0,1.0,30,3.0,105.53750610351562
C2,1723,0.7705833333333334,36.3,24.9,11,32.509090423583984,369.0,1.0,30,3.0,106.65583801269531
C2,1724,0.7715,36.2,25.0,11,29.0181827545166,324.0,1.0,30,3.0,107.06016540527344
C2,1725,0.7595833333333334,37.5,25.3,11,31.85454559326172,351.0,1.0,30,3.0,110.63610076904297
C2,1726,0.7408539166010932,38.3,25.4,11,19.200000762939453,208.0,1.0,30,2.0,110.24832916259766
C2,1727,0.7441578999983244,37.5,25.7,11,17.381818771362305,200.0,1.0,30,2.0,108.9489974975586
C2,1728,0.7533629598544526,37.0,25.0,11,19.490909576416016,216.0,1.0,30,2.0,106.96939849853516
C2,1729,0.7650833333333333,36.900000000000006,25.1,11,22.363636016845703,260.0,1.0,30,2.0,109.24830627441406
C2,1730,0.7720043079471292,33.9,24.400000000000002,11,15.345454216003418,182.0,1.0,30,2.0,109.4156494140625
C2,1731,0.7261666666666667,39.4,27.099999999999998,9,25.200000762939453,234.0,1.0,30,2.0,110.71605682373047
C2,1732,0.7430833333333333,39.300000000000004,26.9,9,24.399999618530273,230.0,1.0,30,2.0,109.49629974365234
C2,1733,0.7485833333333334,38.699999999999996,26.5,9,22.933332443237305,212.0,1.0,30,2.0,110.76445007324219
C2,1734,0.7496513562506915,37.3,25.8,9,19.0222225189209,190.0,1.0,30,2.0,108.59200286865234
C2,1735,0.7250000000000001,40.4,27.400000000000002,8,42.95000076293945,366.0,1.0,50,3.0,108.22187042236328
C2,1736,0.6206666666666666,35.2,24.8,12,26.366666793823242,333.0,1.0,30,3.0,108.66645050048828
C2,1737,0.7935,33.8,23.7,12,22.96666717529297,294.0,1.0,30,3.0,109.33320617675781
C2,1738,0.7953333333333333,33.6,23.8,12,21.600000381469727,291.0,1.0,30,3.0,106.3999252319336
C2,1739,0.7870833333333334,34.5,24.5,12,26.33333396911621,324.0,1.0,30,3.0,104.23995208740234
C2,1740,0.7889166666666667,34.3,24.5,12,28.33333396911621,345.0,1.0,30,3.0,105.21063995361328
C2,1741,0.77475,34.1,24.1,14,33.06666564941406,402.0,1.0,30,3.0,110.72638702392578
C2,1742,0.7962499999999999,33.5,23.599999999999998,14,21.08571434020996,300.0,1.0,30,3.0,112.96916198730469
C2,1743,0.7971666666666668,33.4,23.5,14,24.22857093811035,336.0,1.0,30,3.0,113.91483306884766
C2,1744,0.786274101060517,33.2,23.0,14,18.571428298950195,285.0,1.0,30,3.0,109.28223419189453
C2,1745,0.7925833333333334,33.9,23.8,14,23.371429443359375,324.0,1.0,30,3.0,107.5693359375
C2,1746,0.7907500000000001,34.1,23.8,14,23.428571701049805,333.0,1.0,30,3.0,106.40827178955078
C2,1747,0.7756666666666666,34.0,24.0,12,20.0,236.0,1.0,30,2.0,108.7782974243164
C2,1748,0.7746082245136477,34.2,24.5,12,17.46666717529297,218.0,1.0,30,2.0,110.3336410522461
C2,1749,0.7708333333333334,35.4,24.7,11,31.236364364624023,354.0,1.0,30,3.0,112.20018768310547
C2,1750,0.7715,36.2,25.0,11,27.381818771362305,303.0,1.0,30,3.0,111.0534439086914
C2,1751,0.74725,37.1,25.1,13,35.05454635620117,393.0,1.0,30,3.0,113.29873657226562
C2,1752,0.7677905780808126,34.6,24.5,13,16.184616088867188,216.0,1.0,30,2.0,113.31257629394531
C2,1753,0.7699855638973123,34.3,24.299999999999997,13,15.969230651855469,204.0,1.0,30,2.0,113.45420837402344
C2,1754,0.6363191872457157,27.900000000000002,19.400000000000002,13,1.7230769395828247,60.0,1.0,70,2.0,100.07252502441406
C2,1755,0.7598547796817364,31.3,20.6,13,4.6769232749938965,108.0,1.0,30,2.0,84.84351348876953
C2,1756,0.8229914858958736,23.2,19.099999999999998,13,1.907692313194275,62.0,1.0,30,2.0,66.23944091796875
C2,1757,0.45956816518238,27.900000000000002,19.7,7,2.654545545578003,96.0,1.0,50,3.0,55.343666076660156
C2,1758,0.6045095992208213,18.3,17.6,3,0.6857143044471741,24.0,1.0,50,3.0,42.67286682128906
C2,1759,0.7584365153396193,18.0,17.7,2,1.2000000476837158,27.0,1.0,50,3.0,32.137054443359375
C2,1760,0.7671908835991162,18.2,17.8,2,1.399999976158142,21.0,1.0,50,3.0,22.48223114013672
C2,1761,0.2366,95.60000000000001,47.800000000000004,1,42.79999923706055,156.0,1.0,50,3.0,22.556005477905273
C2,1762,-0.10512069065582161,169.1,78.2,4,67.0999984741211,288.0,1.0,50,3.0,34.20027160644531
C2,1763,0.6870467227216511,34.1,24.5,4,13.399999618530273,129.0,1.0,50,3.0,45.9868278503418
C2,1764,0.659838102670958,40.5,27.599999999999998,4,20.799999237060547,168.0,1.0,50,3.0,53.592098236083984
C2,1765,0.7664365153396193,18.2,17.8,4,1.2000000476837158,21.0,1.0,50,3.0,46.28859329223633
C2,1766,0.7009057034895919,28.5,20.0,4,4.400000095367432,81.0,1.0,50,3.0,39.773155212402344
C2,1767,0.690532316630988,31.5,20.9,4,8.600000381469727,108.0,1.0,50,3.0,33.197227478027344
C2,1768,0.33969999999999995,55.199999999999996,36.8,2,54.599998474121094,198.0,1.0,50,3.0,37.11833572387695
C2,1769,0.7671908835991162,18.2,17.7,2,1.399999976158142,21.0,1.0,50,3.0,36.80433654785156
C2,1770,0.3448539166010933,55.0,37.900000000000006,2,39.20000076293945,174.0,1.0,50,3.0,39.54926681518555
C2,1771,0.5858902261515808,49.9,36.0,2,23.799999237060547,104.0,1.0,50,2.0,39.329559326171875
C2,1772,0.25670000000000004,91.2,47.199999999999996,2,49.20000076293945,158.0,1.0,50,2.0,48.79773712158203
C2,1773,0.6647978498890686,32.7,22.700000000000003,2,5.0,44.0,1.0,50,2.0,49.67864227294922
C2,1774,0.629346073570798,39.0,27.2,2,10.399999618530273,72.0,1.0,50,2.0,48.0738525390625
C2,1775,0.7656849398620174,18.1,17.6,2,1.0,12.0,1.0,50,2.0,37.37764358520508
C2,1776,0.1827,115.2,57.7,3,30.53333282470703,100.0,1.0,30,1.0,41.359920501708984
C2,1777,0.310025,68.9,41.4,4,53.20000076293945,200.0,1.0,50,2.0,52.28261947631836
C2,1778,0.329025,64.9,38.800000000000004,4,49.0,214.0,1.0,50,2.0,72.30290222167969
C2,1779,0.6167598971167254,44.1,29.1,4,18.399999618530273,126.0,1.0,50,2.0,79.38174438476562
C2,1780,0.7641902731485469,17.8,17.5,4,0.6000000238418579,12.0,1.0,50,2.0,71.09571075439453
C2,1781,0.3509749999999999,51.1,35.4,6,34.599998474121094,212.0,1.0,30,2.0,65.99076080322266
C2,1782,0.7535222099875699,34.8,24.9,6,11.866666793823242,120.0,1.0,30,2.0,62.52779006958008
C2,1783,0.7388502514358631,35.3,24.1,6,8.866666793823242,102.0,1.0,30,2.0,66.45000457763672
C2,1784,0.724755645492823,38.3,25.1,6,12.933333396911621,122.0,1.0,30,2.0,62.80333709716797
C2,1785,0.7478940686284316,32.4,21.0,6,4.199999809265137,66.0,1.0,30,2.0,57.01533508300781
C2,1786,0.8483080145228291,18.0,17.6,6,0.9333333373069763,42.0,1.0,30,3.0,48.60920333862305
C2,1787,0.6476170101293569,33.4,23.8,3,12.266666412353516,117.0,1.0,30,3.0,40.63218688964844
C2,1788,0.11548427244245849,57.3,36.5,8,49.25,300.0,1.0,30,3.0,44.77931213378906
C2,1789,0.7421554203761664,34.2,24.6,8,7.0,73.0,1.0,30,1.0,55.134254455566406
C2,1790,0.8471314154582048,18.2,17.7,8,0.6499999761581421,24.0,1.0,30,3.0,57.21388626098633
C2,1791,0.8487914274640148,17.9,17.5,8,1.0499999523162842,48.0,1.0,30,3.0,47.26166534423828
C2,1792,0.7696423746375349,34.1,23.400000000000002,8,15.149999618530273,189.0,1.0,30,3.0,39.957000732421875
C2,1793,0.8477547725551173,18.1,17.8,8,0.800000011920929,57.0,1.0,30,3.0,37.04086685180664
C2,1794,0.6045628712383057,17.9,17.7,4,0.699999988079071,21.0,1.0,50,3.0,34.0911865234375
C2,1795,0.8477547725551173,18.1,17.5,4,0.800000011920929,27.0,1.0,30,3.0,25.12137794494629
C2,1796,0.8481697802472762,19.099999999999998,17.8,4,0.8999999761581421,27.0,1.0,30,3.0,18.406160354614258
C2,1797,0.8494120147012151,17.7,17.4,4,1.2000000476837158,30.0,1.0,30,3.0,14.777029991149902
C2,1798,0.7359587577917702,18.8,17.8,1,2.799999952316284,21.0,1.0,30,3.0,12.332884788513184
C2,1799,0.8575724027518892,18.0,17.6,1,3.200000047683716,24.0,1.0,30,3.0,10.733063697814941
C2,1800,0.8543353991895412,18.0,17.6,1,2.4000000953674316,15.0,1.0,30,3.0,9.106505393981934
C2,1801,0.8700719235523432,18.4,17.8,1,6.400000095367432,57.0,1.0,30,3.0,9.730569839477539
C2,1802,0.7750981153739591,33.4,26.3,1,14.800000190734863,72.0,1.0,30,3.0,12.23834228515625
C2,1803,0.774766042474678,32.800000000000004,26.9,1,12.800000190734863,63.0,1.0,30,3.0,15.876338005065918
C2,1804,0.8559587577917702,18.1,17.7,1,2.799999952316284,21.0,1.0,30,3.0,16.459136962890625
C2,1805,0.8510615300280377,18.8,17.7,1,1.600000023841858,15.0,1.0,30,3.0,14.275482177734375
C2,1806,0.8575724027518892,18.2,17.7,1,3.200000047683716,27.0,1.0,30,3.0,11.365288734436035
C2,1807,0.7101875370135838,18.4,17.9,1,2.4000000953674316,18.0,1.0,70,3.0,9.48583984375
C2,1808,0.5760615300280377,50.0,17.7,1,1.600000023841858,9.0,1.0,30,3.0,8.091504096984863
C2,1809,0.8510615300280377,18.1,17.8,1,1.600000023841858,12.0,1.0,30,3.0,6.588235855102539
C2,1810,0.8543353991895412,17.8,17.5,1,2.4000000953674316,15.0,1.0,30,3.0,5.55294132232666
C2,1811,0.6899166666666666,45.1,35.2,1,30.0,105.0,1.0,30,3.0,9.198431968688965
C2,1812,0.6926666666666667,44.8,35.4,1,26.0,93.0,1.0,30,3.0,14.985725402832031
C2,1813,0.8654774278277694,18.0,17.7,1,5.199999809265137,42.0,1.0,30,3.0,19.65810203552246
C2,1814,0.8591758329899635,18.0,17.7,1,3.5999999046325684,30.0,1.0,30,3.0,19.12819480895996
C2,1815,0.8575724027518892,18.2,17.9,1,3.200000047683716,24.0,1.0,30,2.0,16.27691650390625
C2,1816,0.7810837696869022,32.5,26.599999999999998,1,14.0,72.0,1.0,30,3.0,15.899483680725098
C2,1817,0.8639198485148963,17.9,17.5,1,4.800000190734863,39.0,1.0,30,3.0,16.073022842407227
C2,1818,0.8670222991527153,18.0,17.6,1,5.599999904632568,42.0,1.0,30,3.0,16.44381332397461
C2,1819,0.7011427531945363,20.8,17.9,1,1.600000023841858,10.0,1.0,70,1.0,14.79962158203125
C2,1820,0.803202823555001,25.4,18.4,1,2.0,15.0,1.0,30,3.0,12.746439933776855
C2,1821,0.7768942209146296,32.7,26.4,1,13.199999809265137,69.0,1.0,30,3.0,12.714530944824219
C2,1822,0.8685539631541367,18.1,17.8,1,6.0,48.0,1.0,30,3.0,13.49538516998291
C2,1823,0.8591758329899635,18.0,17.6,1,3.5999999046325684,30.0,1.0,30,3.0,14.63056468963623
C2,1824,0.8607685509003341,17.9,17.6,1,4.0,36.0,1.0,30,3.0,13.84500503540039
C2,1825,0.8607685509003341,18.2,17.9,1,4.0,33.0,1.0,30,3.0,12.707003593444824
C2,1826,0.8654774278277694,17.9,17.7,1,5.199999809265137,42.0,1.0,30,3.0,12.557535171508789
C2,1827,0.8591758329899635,18.1,17.7,1,3.5999999046325684,28.0,1.0,30,2.0,12.73452091217041
C2,1828,0.759955308684174,32.5,26.1,1,7.599999904632568,42.0,1.0,30,2.0,14.17404556274414
C2,1829,0.8607685509003341,17.9,17.6,1,4.0,34.0,1.0,30,2.0,15.437761306762695
C2,1830,0.8543353991895412,19.900000000000002,17.7,1,2.4000000953674316,16.0,1.0,30,2.0,15.395990371704102
C2,1831,0.33321633427944247,54.699999999999996,37.400000000000006,2,42.79999923706055,120.0,1.0,30,3.0,17.904260635375977
C2,1832,0.7637722484332763,32.4,21.7,2,8.399999618530273,78.0,1.0,30,3.0,20.609222412109375
C2,1833,0.7630532700649493,32.4,23.099999999999998,2,8.199999809265137,72.0,1.0,30,3.0,24.36553382873535
C2,1834,0.8502377688575918,18.0,17.7,2,1.399999976158142,33.0,1.0,30,3.0,22.752653121948242
C2,1835,0.7654702042829603,32.599999999999994,22.9,2,9.399999618530273,84.0,1.0,30,3.0,22.051591873168945
C2,1836,-0.26009336187490056,97.9,44.6,10,85.9000015258789,342.0,1.0,30,3.0,33.63095474243164
C2,1837,0.8477547725551173,18.3,17.7,10,0.800000011920929,38.0,1.0,30,2.0,41.645240783691406
C2,1838,0.7787377688575918,27.799999999999997,18.9,10,1.399999976158142,58.0,1.0,30,2.0,46.58714294433594
C2,1839,0.8469234084714489,18.3,17.7,10,0.6000000238418579,14.0,1.0,30,2.0,35.28561782836914
C2,1840,0.8469234084714489,18.3,17.7,10,0.6000000238418579,18.0,1.0,30,2.0,27.171371459960938
C2,1841,0.8513904620560636,18.2,18.2,10,1.6799999475479126,58.0,1.0,30,2.0,22.302824020385742
C2,1842,-0.10495789697976449,97.5,45.3,2,46.0,112.0,1.0,30,2.0,25.915027618408203
C2,1843,-0.022838202097987797,95.8,43.9,7,57.900001525878906,246.0,1.0,30,2.0,43.2823486328125
C2,1844,0.7229166666666667,41.5,28.2,7,25.257143020629883,198.0,1.0,30,2.0,63.036075592041016
C2,1845,0.7528359819667344,32.599999999999994,22.4,7,5.942857265472412,92.0,1.0,30,2.0,73.55497741699219
C2,1846,0.7290155040880946,39.5,27.0,7,18.799999237060547,162.0,1.0,30,2.0,74.26631927490234
C2,1847,0.7617071917826599,32.4,22.3,7,7.828571319580078,110.0,1.0,30,2.0,68.82646179199219
C2,1848,0.7318869632680165,39.199999999999996,26.5,7,18.85714340209961,168.0,1.0,30,2.0,70.62921142578125
C2,1849,0.839200726943179,18.0,17.5,6,0.6666666865348816,20.0,1.0,30,2.0,62.24419021606445
C2,1850,-0.8719402105056158,63.9,31.7,30,125.95999908447266,1382.0,1.0,30,2.0,142.01318359375
C2,1851,0.4089766375949173,28.299999999999997,20.299999999999997,40,10.600000381469727,413.0,1.0,30,1.0,233.74124145507812
C2,1852,0.7993950543525201,28.400000000000002,20.299999999999997,40,8.109999656677246,321.0,1.0,30,3.0,301.71142578125
C2,1853,0.846173685446752,18.1,17.6,40,0.41999998688697815,21.0,1.0,30,3.0,251.29351806640625
C2,1854,0.8236457730077723,23.599999999999998,19.3,40,2.9700000286102295,150.0,1.0,30,2.0,175.97610473632812
C2,1855,0.8130962245940884,27.599999999999998,19.900000000000002,40,9.920000076293945,390.0,1.0,30,3.0,133.85232543945312
C2,1856,-0.4752554207871516,33.300000000000004,22.9,14,7.714285850524902,121.0,1.0,90,1.0,123.77806854248047
C2,1857,0.7738333333333334,34.2,24.5,12,24.733333587646484,303.0,1.0,30,3.0,121.2001724243164
C2,1858,0.7834166666666667,34.9,24.6,12,31.866666793823242,399.0,1.0,30,3.0,120.05343627929688
C2,1859,0.7916666666666666,34.0,24.299999999999997,12,27.866666793823242,318.0,1.0,30,3.0,117.36539459228516
C2,1860,0.8260853600122238,23.2,18.700000000000003,12,2.6666667461395264,90.0,1.0,30,3.0,106.28590393066406
C2,1861,0.7793660159071077,30.099999999999998,21.0,12,6.900000095367432,153.0,1.0,30,3.0,88.70487213134766
C2,1862,0.7804711628430081,33.5,23.2,12,17.233333587646484,258.0,1.0,30,3.0,75.48959350585938
C2,1863,0.7742500000000001,35.9,24.8,12,31.16666603088379,378.0,1.0,30,3.0,80.36042022705078
C2,1864,0.7712521504958899,32.5,21.5,12,10.833333015441895,186.0,1.0,30,3.0,84.74958801269531
C2,1865,0.7898333333333334,34.2,24.5,12,28.633333206176758,348.0,1.0,30,3.0,91.38308715820312
C2,1866,0.7944166666666667,33.7,23.7,12,21.200000762939453,276.0,1.0,30,3.0,90.82984924316406
C2,1867,0.7780871744843828,32.9,22.0,12,14.233333587646484,225.0,1.0,30,3.0,92.23124694824219
C2,1868,0.7601977860141915,32.0,20.7,12,6.433333396911621,153.0,1.0,30,3.0,84.40541076660156
C2,1869,0.846784676191858,17.8,17.5,12,0.5666666626930237,33.0,1.0,30,3.0,68.909912109375
C2,1870,0.8474778490641532,17.9,17.6,12,0.7333333492279053,36.0,1.0,30,3.0,51.212615966796875
C2,1871,0.6409885902190099,31.9,20.5,9,6.400000095367432,132.0,1.0,30,3.0,39.66090393066406
C2,1872,0.727200726943179,18.1,17.7,6,0.6666666865348816,33.0,1.0,30,3.0,32.72987365722656
C2,1873,0.7281697802472762,17.8,17.6,3,0.8999999761581421,30.0,1.0,30,3.0,28.30459213256836
C2,1874,0.334225,60.1,36.5,4,31.5,180.0,1.0,30,3.0,27.78275489807129
C2,1875,0.7877001957678513,28.400000000000002,20.2,4,5.0,87.0,1.0,30,3.0,29.869653701782227
C2,1876,0.7082500000000002,43.1,29.0,4,27.299999237060547,189.0,1.0,30,3.0,38.18845748901367
C2,1877,0.48813494799617063,48.300000000000004,32.0,8,41.29999923706055,324.0,1.0,30,3.0,49.579742431640625
C2,1878,0.8300548039944167,20.6,18.2,10,1.7200000286102295,69.0,1.0,30,3.0,55.6145133972168
C2,1879,0.7916666666666666,34.0,24.299999999999997,10,20.719999313354492,243.0,1.0,30,3.0,61.635372161865234
C2,1880,0.8256525256715568,23.900000000000002,19.400000000000002,10,4.159999847412109,117.0,1.0,30,3.0,56.047889709472656
C2,1881,0.7380833333333333,38.1,25.3,12,34.2400016784668,357.0,1.0,30,3.0,65.49539947509766
C2,1882,0.7723484940968192,32.5,21.7,12,11.166666984558105,201.0,1.0,30,3.0,69.2972412109375
C2,1883,0.7663589079806746,32.0,20.6,12,8.100000381469727,177.0,1.0,30,3.0,74.24501037597656
C2,1884,0.7701666666666668,34.6,24.5,14,31.799999237060547,402.0,1.0,30,3.0,79.21367645263672
C2,1885,0.783736928992393,27.599999999999998,19.3,14,2.171428680419922,96.0,1.0,30,3.0,77.52820587158203
C2,1886,0.7802499999999999,33.5,23.5,16,35.474998474121094,546.0,1.0,30,3.0,92.91692352294922
C2,1887,0.783976713789921,33.300000000000004,23.2,16,17.950000762939453,284.0,1.0,30,2.0,103.2168197631836
C2,1888,0.8008333333333334,33.0,22.700000000000003,16,28.200000762939453,452.0,1.0,30,2.0,135.263427734375
C2,1889,0.7999166666666667,33.099999999999994,23.2,16,28.200000762939453,446.0,1.0,30,2.0,159.9580535888672
C2,1890,0.781658370163686,28.5,20.2,16,3.700000047683716,100.0,1.0,30,2.0,162.50816345214844
C2,1891,0.7969884360230844,26.4,19.3,16,2.7249999046325684,88.0,1.0,30,2.0,139.7715606689453
C2,1892,0.8468193637327587,18.0,17.5,16,0.574999988079071,28.0,1.0,30,2.0,98.262939453125
C2,1893,0.7802858114967809,28.2,19.8,16,2.674999952316284,96.0,1.0,30,2.0,73.09109497070312
C2,1894,0.7902646816936688,28.299999999999997,19.900000000000002,16,5.425000190734863,128.0,1.0,30,2.0,60.654659271240234
C2,1895,0.24132065080605847,32.9,22.0,3,9.0,105.0,1.0,30,3.0,55.992794036865234
C2,1896,0.12365714668360633,77.0,39.6,7,41.13333511352539,242.0,1.0,30,2.0,62.92900848388672
C2,1897,0.7627438773490877,32.4,22.3,7,8.114285469055176,106.0,1.0,30,2.0,65.62406921386719
C2,1898,0.8487026854614304,18.1,17.6,7,1.0285714864730835,38.0,1.0,30,2.0,65.10778045654297
C2,1899,0.7045833333333333,43.5,29.2,7,47.42856979370117,348.0,1.0,50,3.0,64.13133239746094
C2,1900,0.7668672427133282,18.0,17.6,7,1.3142857551574707,48.0,1.0,50,3.0,58.61213302612305
C2,1901,0.6715588642285448,32.099999999999994,20.7,7,5.314285755157471,117.0,1.0,50,3.0,57.967281341552734
C2,1902,0.7026562327108404,39.0,26.9,7,28.22857093811035,249.0,1.0,50,3.0,53.18036651611328
C2,1903,0.6897699248473584,37.8,25.2,7,22.05714225769043,225.0,1.0,50,3.0,58.174888610839844
C2,1904,0.7588229028128938,32.0,21.5,6,8.228571891784668,126.0,1.0,30,3.0,61.571598052978516
C2,1905,0.23307332920959134,43.9,28.8,16,58.13333511352539,534.0,1.0,30,3.0,76.27629089355469
C2,1906,0.7980833333333334,33.300000000000004,22.700000000000003,16,25.25,408.0,1.0,30,3.0,93.2324447631836
C2,1907,0.8008333333333334,33.0,22.8,16,23.975000381469727,393.0,1.0,30,3.0,115.27279663085938
C2,1908,0.7866879144997191,32.800000000000004,22.2,16,17.149999618530273,297.0,1.0,30,3.0,117.96367645263672
C2,1909,0.7865451400747545,32.599999999999994,21.9,16,16.350000381469727,291.0,1.0,30,3.0,114.37820434570312
C2,1910,0.7676366033982827,31.9,20.6,16,8.199999809265137,201.0,1.0,30,3.0,103.69358825683594
C2,1911,0.7784166666666666,33.7,23.599999999999998,14,24.22857093811035,348.0,1.0,30,3.0,99.54948425292969
C2,1912,0.7860633191845987,33.4,23.3,14,19.342857360839844,297.0,1.0,30,3.0,97.3296890258789
C2,1913,0.8325843284339894,18.0,17.7,12,1.0,57.0,1.0,30,3.0,89.59781646728516
C2,1914,0.846784676191858,17.9,17.6,12,0.5666666626930237,18.0,1.0,30,3.0,70.29202270507812
C2,1915,0.7736705962287267,32.2,21.4,12,10.733333587646484,195.0,1.0,30,3.0,54.17521286010742
C2,1916,0.781087349701205,33.2,22.9,12,16.366666793823242,243.0,1.0,30,3.0,52.771793365478516
C2,1917,0.687385496981244,18.2,17.7,8,0.7111111283302307,36.0,1.0,30,3.0,52.72974395751953
C2,1918,0.77229978398104,29.0,20.400000000000002,7,4.514285564422607,99.0,1.0,30,3.0,48.43784713745117
C2,1919,0.7133333333333333,40.800000000000004,27.7,9,37.371429443359375,291.0,1.0,30,3.0,47.99604034423828
C2,1920,0.7513333333333333,38.4,26.0,9,28.266666412353516,279.0,1.0,30,3.0,58.53095626831055
C2,1921,0.5444290279365598,37.699999999999996,25.6,14,41.70000076293945,447.0,1.0,30,3.0,80.31857299804688
C2,1922,0.6112872485285957,33.2,23.099999999999998,14,31.05714225769043,426.0,1.0,90,3.0,99.39114379882812
C2,1923,0.7829030310288884,33.300000000000004,23.0,14,17.485713958740234,270.0,1.0,30,3.0,110.43468475341797
C2,1924,0.5980833333333333,33.300000000000004,23.0,19,39.02857208251953,555.0,1.0,30,3.0,121.86080932617188
C2,1925,0.8026666666666666,32.800000000000004,22.2,19,24.357894897460938,468.0,1.0,30,3.0,130.58316040039062
C2,1926,0.6454166666666666,32.5,22.0,23,34.18947219848633,669.0,1.0,30,3.0,153.54989624023438
C2,1927,0.7993104702814114,32.0,21.2,23,19.547826766967773,441.0,1.0,30,3.0,162.26327514648438
C2,1928,0.8081666666666668,32.2,21.4,23,27.982608795166016,639.0,1.0,30,3.0,175.09129333496094
C2,1929,0.8090833333333334,32.099999999999994,21.3,23,28.278261184692383,648.0,1.0,30,3.0,181.8547821044922
C2,1930,0.8090833333333334,32.099999999999994,21.5,23,28.991304397583008,675.0,1.0,30,3.0,196.3128662109375
C2,1931,0.8081666666666668,32.2,21.4,23,20.799999237060547,477.0,1.0,30,3.0,197.7877197265625
C2,1932,0.5741605851916782,32.2,21.1,23,7.095652103424072,163.0,1.0,90,1.0,191.60597229003906
C2,1933,0.81,32.0,21.2,23,30.086956024169922,681.0,1.0,30,3.0,188.16357421875
C2,1934,0.80725,32.300000000000004,21.5,23,20.556522369384766,459.0,1.0,30,3.0,185.2981414794922
C2,1935,0.8090833333333334,32.099999999999994,21.3,23,22.417390823364258,525.0,1.0,30,3.0,185.17889404296875
C2,1936,0.81,32.0,21.2,23,29.16521644592285,675.0,1.0,30,3.0,184.84066772460938
C2,1937,0.8081666666666668,32.2,21.3,23,31.947826385498047,729.0,1.0,30,3.0,196.63772583007812
C2,1938,0.8081666666666668,32.2,21.3,23,24.243478775024414,558.0,1.0,30,3.0,205.18263244628906
C2,1939,0.6900000000000001,32.0,21.2,26,34.27825927734375,783.0,1.0,30,3.0,215.10958862304688
C2,1940,0.8118333333333333,31.8,20.9,26,30.707693099975586,792.0,1.0,30,3.0,223.86575317382812
C2,1941,0.7489397775730199,31.6,20.9,26,22.630769729614258,576.0,1.0,50,3.0,229.91944885253906
C2,1942,0.8127500000000001,31.7,21.0,26,20.292306900024414,525.0,1.0,30,3.0,222.0850067138672
C2,1943,0.8090833333333334,32.099999999999994,21.2,26,23.353845596313477,585.0,1.0,30,3.0,208.18434143066406
C2,1944,0.8109166666666667,31.9,21.2,26,27.738462448120117,711.0,1.0,30,3.0,205.84393310546875
C2,1945,0.81,32.0,21.0,26,28.169231414794922,738.0,1.0,30,3.0,213.90635681152344
C2,1946,0.81,32.0,21.1,26,23.830768585205078,588.0,1.0,30,3.0,218.8771514892578
C2,1947,0.81,32.0,21.2,26,31.984615325927734,831.0,1.0,30,3.0,227.19296264648438
C2,1948,0.81,32.0,21.1,26,28.200000762939453,705.0,1.0,30,3.0,230.7157745361328
C2,1949,0.8090833333333334,32.099999999999994,21.2,26,23.261537551879883,606.0,1.0,30,3.0,233.6294708251953
C2,1950,0.81,32.0,21.2,26,32.79999923706055,840.0,1.0,30,3.0,235.77767944335938
C2,1951,0.46283333333333343,30.599999999999998,20.7,35,36.8258056640625,1065.0,1.0,30,3.0,253.0666046142578
C2,1952,0.8448333333333333,28.2,20.2,35,29.040000915527344,978.0,1.0,30,3.0,279.9732971191406
C2,1953,0.8420833333333334,28.5,20.400000000000002,35,24.628570556640625,864.0,1.0,30,3.0,297.1839904785156
C2,1954,0.8430000000000001,28.400000000000002,20.299999999999997,35,25.371429443359375,870.0,1.0,30,3.0,298.8437194824219
C2,1955,0.8430000000000001,28.400000000000002,20.2,35,26.21714210510254,909.0,1.0,30,3.0,296.77288818359375
C2,1956,-1.4837780870562371,29.0,21.2,91,61.35319137573242,2862.0,1.0,30,3.0,384.3304138183594
C2,1957,0.8448767120666474,26.8,20.5,91,41.458065032958984,2907.0,1.0,30,3.0,527.3982543945312
C2,1958,0.8714166666666666,25.3,20.2,91,38.935482025146484,2487.0,1.0,30,3.0,683.3722534179688
C2,1959,0.85675,26.9,20.5,91,39.00645065307617,3051.0,1.0,30,3.0,785.356689453125
C2,1960,0.8461718861690256,26.599999999999998,20.400000000000002,91,41.703224182128906,2700.0,1.0,30,3.0,837.3473510742188
C2,1961,0.8473548156119877,26.4,20.400000000000002,91,41.99354934692383,2763.0,1.0,30,3.0,880.8084106445312
C2,1962,0.8472083701197458,26.4,20.400000000000002,91,42.05806350708008,2838.0,1.0,30,3.0,897.4183959960938
C2,1963,0.8473255855622794,26.4,20.299999999999997,91,42.00645065307617,2922.0,1.0,30,3.0,917.2510375976562
C2,1964,0.8464422328986008,26.599999999999998,20.400000000000002,91,41.58064651489258,2892.0,1.0,30,3.0,934.8839721679688
C2,1965,0.845039990907231,26.700000000000003,20.5,91,41.79999923706055,3063.0,1.0,30,3.0,955.4636840820312
C2,1966,0.844048521303658,27.0,20.6,91,40.98709487915039,3057.0,1.0,30,3.0,973.8115844726562
C2,1967,0.8503520649582633,26.5,20.5,91,40.13548278808594,3063.0,1.0,30,3.0,992.4202880859375
C2,1968,0.7530025127439192,24.6,19.7,91,28.41290283203125,1718.0,1.0,70,2.0,981.9854736328125
C2,1969,0.8432502323765267,26.200000000000003,20.400000000000002,91,44.40645217895508,2925.0,1.0,30,3.0,969.8579711914062
C2,1970,0.8421802651444441,26.4,20.400000000000002,91,44.11613082885742,2892.0,1.0,30,3.0,954.9814453125
C2,1971,0.8431131636528484,26.200000000000003,20.299999999999997,91,44.458065032958984,2949.0,1.0,30,3.0,962.5888671875
C2,1972,0.8433527706573487,26.200000000000003,20.299999999999997,91,44.367740631103516,2931.0,1.0,30,3.0,967.4199829101562
C2,1973,0.83958356570986,26.599999999999998,20.400000000000002,91,44.40645217895508,3039.0,1.0,30,3.0,976.8519897460938
C2,1974,0.8458081412749825,26.200000000000003,20.299999999999997,91,43.41290283203125,2910.0,1.0,30,3.0,980.77783203125
C2,1975,0.8504516697982731,26.3,20.299999999999997,91,40.99354934692383,2808.0,1.0,30,3.0,977.6666870117188
C2,1976,0.8778333333333334,24.6,19.8,91,29.238710403442383,1809.0,1.0,30,3.0,921.1333618164062
C2,1977,0.8514117123981626,23.599999999999998,19.3,91,10.406451225280762,627.0,1.0,30,3.0,785.7467041015625
C2,1978,0.8420353179969902,23.900000000000002,19.3,91,8.496773719787598,477.0,1.0,30,3.0,600.9146728515625
C2,1979,0.8437532923501923,23.7,19.400000000000002,91,8.464515686035156,495.0,1.0,30,3.0,431.615478515625
C2,1980,0.8445957114579145,23.3,19.2,91,7.683870792388916,456.0,1.0,30,3.0,322.4359436035156
C2,1981,0.8518298103496692,23.7,19.400000000000002,91,10.806451797485352,651.0,1.0,30,3.0,264.66156005859375
C2,1982,-1.905845758361988,30.3,20.7,23,19.18400001525879,489.0,1.0,30,3.0,229.7302703857422
C2,1983,0.8090833333333334,32.099999999999994,21.3,23,25.408695220947266,564.0,1.0,30,3.0,213.57150268554688
C2,1984,0.8090833333333334,32.099999999999994,21.4,23,22.69565200805664,522.0,1.0,30,3.0,198.1428985595703
C2,1985,0.81,32.0,21.3,23,24.243478775024414,549.0,1.0,30,3.0,191.55239868164062
C2,1986,0.7930833333333334,32.099999999999994,21.4,21,26.017391204833984,579.0,1.0,30,3.0,188.2647705078125
C2,1987,0.79925,32.300000000000004,21.7,20,27.68000030517578,546.0,1.0,30,3.0,187.35887145996094
C2,1988,0.8054166666666667,32.5,21.7,20,32.040000915527344,642.0,1.0,30,3.0,190.9486541748047
C2,1989,0.6863333333333334,32.4,21.7,23,33.91304397583008,702.0,1.0,30,3.0,198.56919860839844
C2,1990,0.8081666666666668,32.2,21.3,23,32.73043441772461,753.0,1.0,30,3.0,212.34152221679688
C2,1991,0.6890833333333334,32.099999999999994,21.3,26,31.384614944458008,768.0,1.0,30,3.0,226.2049102783203
C2,1992,0.8109166666666667,31.9,20.9,26,30.384614944458008,792.0,1.0,30,3.0,238.52294921875
C2,1993,0.7285182372927334,32.099999999999994,21.2,26,18.815383911132812,494.0,1.0,50,2.0,245.38043212890625
C2,1994,0.7546071983063795,31.8,20.9,26,24.507692337036133,621.0,1.0,50,3.0,242.9615936279297
C2,1995,0.6815713371379539,31.7,21.0,26,26.876922607421875,687.0,1.0,70,3.0,236.8436279296875
C2,1996,0.7801026187264015,31.6,21.1,26,11.015384674072266,259.0,1.0,30,1.0,234.77284240722656
C2,1997,0.648044037171079,32.0,21.1,23,28.569231033325195,744.0,1.0,50,3.0,238.99703979492188
C2,1998,0.7943569209213621,32.4,21.6,23,18.92173957824707,418.0,1.0,30,2.0,238.86488342285156
C2,1999,0.80725,32.300000000000004,21.4,23,21.252174377441406,494.0,1.0,30,2.0,237.1855926513672
C2,2000,0.8063333333333333,32.4,21.7,23,22.556522369384766,508.0,1.0,30,2.0,236.97802734375
C2,2001,0.8499866604274999,18.599999999999998,18.2,23,1.3391304016113281,72.0,1.0,30,2.0,213.7868194580078
C2,2002,0.8465251781150517,18.2,17.9,23,0.5043478012084961,24.0,1.0,30,3.0,168.0054168701172
C2,2003,0.6465533490113271,18.0,17.7,18,0.5111111402511597,18.0,1.0,30,3.0,107.46991729736328
C2,2004,0.8462755811190693,18.1,17.6,18,0.4444444477558136,10.0,1.0,30,2.0,67.01528930664062
C2,2005,0.8388309257411047,17.9,17.6,17,0.5777778029441833,33.0,1.0,30,3.0,43.14250564575195
C2,2006,0.209412014701215,18.1,17.7,1,1.2000000476837158,33.0,1.0,30,3.0,29.485502243041992
C2,2007,0.852702823555001,18.0,17.6,1,2.0,18.0,1.0,30,3.0,21.42463493347168
C2,2008,0.8575724027518892,18.0,17.7,1,3.200000047683716,24.0,1.0,30,3.0,16.188114166259766
C2,2009,0.8543353991895412,17.9,17.5,1,2.4000000953674316,18.0,1.0,30,3.0,12.379535675048828
C2,2010,0.8591758329899635,18.4,17.7,1,3.5999999046325684,27.0,1.0,30,3.0,10.49438762664795
C2,2011,0.6935833333333333,44.699999999999996,34.9,1,29.600000381469727,108.0,1.0,30,3.0,13.096632957458496
C2,2012,0.8543353991895412,17.8,17.6,1,2.4000000953674316,18.0,1.0,30,3.0,14.657979965209961
C2,2013,0.8591758329899635,17.9,17.7,1,3.5999999046325684,30.0,1.0,30,3.0,15.728120803833008
C2,2014,-0.5449882498223132,234.6,122.80000000000001,7,82.5999984741211,312.0,1.0,30,3.0,25.436872482299805
C2,2015,0.7529489148190305,32.300000000000004,21.7,7,5.257143020629883,84.0,1.0,30,2.0,36.0621223449707
C2,2016,0.7721391610145039,33.2,22.599999999999998,7,13.142857551574707,165.0,1.0,30,3.0,48.43727493286133
C2,2017,0.6802783690336356,44.3,29.5,7,36.74285888671875,256.0,1.0,50,2.0,59.06236267089844
C2,2018,0.7496892941135652,32.5,21.8,9,9.199999809265137,156.0,1.0,30,3.0,66.770751953125
C2,2019,0.7661335341202876,33.300000000000004,23.099999999999998,9,11.51111125946045,180.0,1.0,30,3.0,72.06245422363281
C2,2020,0.7440000000000001,39.199999999999996,26.0,9,28.711111068725586,291.0,1.0,30,3.0,71.10413360595703
C2,2021,-0.3041024057671298,38.199999999999996,24.7,32,74.62222290039062,1035.0,1.0,30,3.0,109.59581756591797
C2,2022,-0.5359984234802128,28.5,20.8,66,43.70000076293945,2010.0,1.0,30,3.0,214.02415466308594
C2,2023,0.8463323448219497,18.3,17.8,66,0.4580645263195038,30.0,1.0,30,3.0,265.0811462402344
C2,2024,0.8463592300969925,18.3,17.9,66,0.46451613306999207,42.0,1.0,30,3.0,251.58203125
C2,2025,0.8462516782478399,18.0,17.8,66,0.43870967626571655,33.0,1.0,30,3.0,155.6158905029297
C2,2026,0.8463323448219497,18.2,17.9,66,0.4580645263195038,36.0,1.0,30,3.0,98.30286407470703
C2,2027,0.8470844557303471,18.8,18.1,66,0.6387096643447876,69.0,1.0,30,3.0,65.11505126953125
C2,2028,-1.835989653840179,29.2,21.2,1,0.9419354796409607,75.0,1.0,30,3.0,47.06903076171875
C2,2029,0.40536883755156783,50.0,18.1,1,0.800000011920929,6.0,1.0,90,1.0,35.4414176940918
C2,2030,0.8495420911251035,20.7,18.0,1,2.799999952316284,21.0,1.0,30,3.0,26.331518173217773
C2,2031,0.6761666666666667,46.6,35.7,1,30.0,105.0,1.0,30,3.0,22.198909759521484
C2,2032,0.8607685509003341,17.9,17.6,1,4.0,30.0,1.0,30,3.0,20.2526798248291
C2,2033,0.7785609640600315,32.9,26.700000000000003,1,14.399999618530273,69.0,1.0,30,3.0,21.21827507019043
C2,2034,0.8575724027518892,18.2,17.8,1,3.200000047683716,21.0,1.0,30,3.0,18.064298629760742
C2,2035,0.8575724027518892,18.2,17.8,1,3.200000047683716,24.0,1.0,30,3.0,15.905245780944824
C2,2036,0.7855173397597279,32.5,26.200000000000003,1,15.600000381469727,78.0,1.0,30,3.0,15.009814262390137
C2,2037,0.8639198485148963,18.2,17.7,1,4.800000190734863,39.0,1.0,30,3.0,15.272555351257324
C2,2038,0.8591758329899635,18.1,17.8,1,3.5999999046325684,27.0,1.0,30,3.0,15.563532829284668
C2,2039,0.8559587577917702,17.9,17.6,1,2.799999952316284,24.0,1.0,30,3.0,13.338119506835938
C2,2040,0.8575724027518892,18.3,17.9,1,3.200000047683716,21.0,1.0,30,3.0,11.202872276306152
C2,2041,0.0917617362643263,86.2,49.3,1,14.0,40.0,1.0,70,1.0,14.05505657196045
C2,2042,0.8639198485148963,18.0,17.6,1,4.800000190734863,39.0,1.0,30,3.0,16.433032989501953
C2,2043,0.8508694902216676,20.2,17.7,1,2.0,14.0,1.0,30,2.0,17.859819412231445
C2,2044,0.852702823555001,17.9,17.5,1,2.0,14.0,1.0,30,2.0,14.315892219543457
C2,2045,0.8559587577917702,18.1,17.7,1,2.799999952316284,24.0,1.0,30,2.0,12.056201934814453
C2,2046,0.8591758329899635,18.0,17.6,1,3.5999999046325684,26.0,1.0,30,2.0,11.500388145446777
C2,2047,0.852702823555001,18.2,17.6,1,2.0,18.0,1.0,30,2.0,11.433566093444824
C2,2048,0.8559587577917702,18.2,17.7,1,2.799999952316284,20.0,1.0,30,2.0,11.126806259155273
C2,2049,0.8510615300280377,18.3,17.6,1,1.600000023841858,12.0,1.0,30,2.0,10.009417533874512
C2,2050,0.6782737011694614,20.400000000000002,17.9,1,2.799999952316284,16.0,1.0,90,2.0,9.205650329589844
C2,2051,0.6846381957677505,32.599999999999994,26.599999999999998,1,9.600000381469727,48.0,1.0,50,2.0,10.590056419372559
C2,2052,0.772547377988288,18.1,17.6,1,2.799999952316284,18.0,1.0,50,2.0,11.820700645446777
C2,2053,0.8543353991895412,18.1,17.7,1,2.4000000953674316,18.0,1.0,30,3.0,12.292420387268066
C2,2054,0.8623500559002011,18.1,17.8,1,4.400000095367432,33.0,1.0,30,3.0,10.842119216918945
C2,2055,0.8559587577917702,17.9,17.6,1,2.799999952316284,21.0,1.0,30,3.0,9.70527172088623
C2,2056,0.8685539631541367,18.1,17.7,1,6.0,48.0,1.0,30,3.0,10.35649585723877
C2,2057,0.8639198485148963,18.0,17.6,1,4.800000190734863,42.0,1.0,30,3.0,11.147231101989746
C2,2058,0.7713616848374829,32.9,26.5,1,12.0,60.0,1.0,30,3.0,13.355005264282227
C2,2059,0.7875883038798784,32.5,25.9,1,16.399999618530273,84.0,1.0,30,3.0,16.27967071533203
C2,2060,0.7735328278349288,32.800000000000004,26.5,1,12.399999618530273,63.0,1.0,30,3.0,18.967802047729492
C2,2061,0.26520000000000005,85.2,43.4,2,34.400001525878906,144.0,1.0,30,3.0,24.314014434814453
C2,2062,0.7508940944944359,32.5,21.8,2,5.199999809265137,50.0,1.0,30,2.0,27.121742248535156
C2,2063,0.7532064806969921,32.5,21.8,2,5.800000190734863,50.0,1.0,30,2.0,29.339712142944336
C2,2064,0.7542722991527153,32.300000000000004,21.5,2,5.599999904632568,48.0,1.0,30,2.0,27.47049331665039
C2,2065,0.0529913614729841,115.1,64.8,2,45.20000076293945,114.0,1.0,90,1.0,38.21562957763672
C2,2066,0.021750681955785722,86.3,41.8,7,53.20000076293945,315.0,1.0,30,3.0,55.329376220703125
C2,2067,0.6012728689893899,39.1,26.5,10,14.239999771118164,141.0,1.0,30,1.0,81.19762420654297
C2,2068,0.7204200452859779,38.9,26.3,10,13.319999694824219,138.0,1.0,30,1.0,99.9185791015625
C2,2069,0.7614516457311791,32.7,21.9,10,8.520000457763672,156.0,1.0,30,3.0,104.08448028564453
C2,2070,0.8058857284043146,25.0,19.099999999999998,10,1.7599999904632568,66.0,1.0,30,3.0,90.71735382080078
C2,2071,0.5986666666666666,37.6,25.5,14,38.0,447.0,1.0,30,3.0,84.16374206542969
C2,2072,0.783524101060517,33.5,23.2,14,18.571428298950195,291.0,1.0,30,3.0,86.23158264160156
C2,2073,0.7835310744998433,28.5,20.2,14,4.171428680419922,132.0,1.0,30,3.0,90.4056167602539
C2,2074,0.8203410572092593,23.3,18.700000000000003,14,1.485714316368103,78.0,1.0,30,3.0,76.5100326538086
C2,2075,0.7726509841049275,32.7,22.1,14,11.828571319580078,219.0,1.0,30,3.0,64.97268676757812
C2,2076,0.7935,33.8,23.8,14,31.657142639160156,453.0,1.0,30,3.0,72.31694793701172
C2,2077,0.7793156454353323,32.800000000000004,22.4,14,14.342857360839844,240.0,1.0,30,3.0,83.92350006103516
C2,2078,0.7953333333333333,33.6,23.599999999999998,14,21.885713577270508,306.0,1.0,30,3.0,94.75409698486328
C2,2079,0.761105960780232,33.0,22.3,14,9.199999809265137,160.0,1.0,30,2.0,91.78579711914062
C2,2080,0.7698889171322162,33.099999999999994,22.9,14,12.114285469055176,186.0,1.0,30,2.0,91.73814392089844
C2,2081,0.7953333333333333,33.6,23.599999999999998,14,24.285715103149414,338.0,1.0,30,2.0,100.64288330078125
C2,2082,0.7765833333333334,33.9,23.900000000000002,12,21.899999618530273,264.0,1.0,30,2.0,112.9190673828125
C2,2083,0.7650659353710734,35.4,24.9,12,18.100000381469727,224.0,1.0,30,2.0,122.81810760498047
C2,2084,0.7574903650999485,32.5,22.0,12,6.933333396911621,134.0,1.0,30,2.0,115.15753173828125
C2,2085,0.7737532623994983,29.1,20.1,12,3.0999999046325684,88.0,1.0,30,2.0,98.82785034179688
C2,2086,0.77178217924107,32.9,22.700000000000003,12,12.133333206176758,176.0,1.0,30,2.0,85.83004760742188
C2,2087,0.6383167107647201,32.5,21.3,9,7.155555725097656,118.0,1.0,30,2.0,76.96469116210938
C2,2088,0.7431698485148963,32.300000000000004,21.1,8,4.800000190734863,90.0,1.0,30,2.0,71.77881622314453
C2,2089,0.5845833333333333,43.5,28.9,5,26.31999969482422,170.0,1.0,30,2.0,68.26728820800781
C2,2090,0.6900339017426895,43.6,28.6,5,18.15999984741211,140.0,1.0,30,2.0,67.62703704833984
C2,2091,0.43009686756538906,47.5,32.2,10,50.25,334.0,1.0,30,2.0,83.50955963134766
C2,2092,0.7898333333333334,34.2,24.5,10,20.920000076293945,264.0,1.0,30,3.0,93.43907165527344
C2,2093,0.7460833333333333,38.1,25.9,11,32.560001373291016,342.0,1.0,30,3.0,105.26344299316406
C2,2094,0.5889166666666666,34.3,24.400000000000002,16,35.79999923706055,471.0,1.0,30,3.0,111.02473449707031
C2,2095,0.7953333333333333,33.6,23.5,16,21.075000762939453,339.0,1.0,30,3.0,117.8148422241211
C2,2096,0.7953333333333333,33.6,23.2,16,21.450000762939453,339.0,1.0,30,3.0,121.75556945800781
C2,2097,0.7644351556013526,32.2,20.9,16,8.074999809265137,204.0,1.0,30,3.0,112.25334167480469
C2,2098,0.7962499999999999,33.5,23.2,16,25.350000381469727,396.0,1.0,30,3.0,109.08533477783203
C2,2099,0.7635055203930335,32.7,21.7,16,9.100000381469727,210.0,1.0,30,3.0,101.45120239257812
C2,2100,0.7699624611247565,33.2,22.8,14,18.428571701049805,285.0,1.0,30,3.0,100.47071838378906
C2,2101,0.7953333333333333,33.6,23.599999999999998,14,22.02857208251953,306.0,1.0,30,3.0,95.88243103027344
C2,2102,0.7665238623381269,32.2,21.0,14,8.657142639160156,192.0,1.0,30,3.0,92.32946014404297
C2,2103,0.6724048760989715,32.5,21.4,14,6.4285712242126465,130.0,1.0,50,2.0,86.19767761230469
C2,2104,0.754904179652646,34.3,24.299999999999997,16,43.672725677490234,495.0,1.0,30,3.0,90.9186019897461
C2,2105,0.7920761252623664,29.4,20.7,16,8.625,204.0,1.0,30,3.0,94.28450012207031
C2,2106,0.7811964330814918,28.2,19.900000000000002,16,2.9000000953674316,120.0,1.0,30,3.0,92.97069549560547
C2,2107,0.8492052715629252,18.5,18.3,16,1.149999976158142,72.0,1.0,30,3.0,73.38241577148438
C2,2108,0.8237799781226733,23.3,18.9,16,2.325000047683716,99.0,1.0,30,3.0,56.96278381347656
C2,2109,0.8507528570077354,18.3,18.1,16,1.524999976158142,81.0,1.0,30,3.0,45.37767028808594
C2,2110,0.3488762889968911,28.299999999999997,20.6,5,5.066666603088379,99.0,1.0,30,3.0,39.62660217285156
C2,2111,0.5875891995312904,49.4,34.8,6,54.900001525878906,249.0,1.0,30,3.0,42.842628479003906
C2,2112,0.7323333333333333,39.6,27.7,7,30.571428298950195,249.0,1.0,30,3.0,52.23891067504883
C2,2113,0.7870833333333334,34.5,25.3,7,22.0,210.0,1.0,30,3.0,62.81001281738281
C2,2114,0.654920884454183,38.5,25.6,7,15.314285278320312,152.0,1.0,50,2.0,68.2193374633789
C2,2115,0.7531666666666668,38.199999999999996,25.3,7,22.685714721679688,231.0,1.0,30,3.0,70.6649398803711
C2,2116,0.7128333333333334,42.6,28.2,7,34.68571472167969,279.0,1.0,30,3.0,75.19895935058594
C2,2117,0.7511801364464888,32.2,20.7,8,6.650000095367432,120.0,1.0,30,3.0,73.11937713623047
C2,2118,0.8302667225668677,23.5,19.5,8,4.400000095367432,108.0,1.0,30,3.0,66.40496063232422
C2,2119,0.7884250036805556,28.0,19.599999999999998,8,4.25,99.0,1.0,30,3.0,54.37630844116211
C2,2120,0.8231647953047857,23.2,18.599999999999998,8,1.9500000476837158,63.0,1.0,30,3.0,44.62578582763672
C2,2121,0.7928104076461532,27.799999999999997,19.5,8,4.900000095367432,117.0,1.0,30,3.0,39.175472259521484
C2,2122,0.5614308708167866,46.9,30.900000000000002,10,64.80000305175781,381.0,1.0,30,3.0,48.43861770629883
C2,2123,0.7435833333333334,37.5,25.0,12,36.16666793823242,384.0,1.0,30,3.0,68.26316833496094
C2,2124,0.772,34.4,24.6,14,32.96666717529297,402.0,1.0,30,3.0,92.82456970214844
C2,2125,0.7980833333333334,33.300000000000004,23.2,14,23.0,336.0,1.0,30,3.0,105.56140899658203
C2,2126,0.7971666666666668,33.4,23.599999999999998,14,21.91428565979004,321.0,1.0,30,3.0,110.40351104736328
C2,2127,0.7971666666666668,33.4,23.599999999999998,14,30.14285659790039,432.0,1.0,30,3.0,114.64210510253906
C2,2128,0.7980833333333334,33.300000000000004,23.5,14,29.399999618530273,411.0,1.0,30,3.0,120.51860046386719
C2,2129,0.7592062247504133,32.0,20.5,14,6.171428680419922,165.0,1.0,30,3.0,117.11116027832031
C2,2130,0.781734299775544,32.2,21.1,14,13.285714149475098,237.0,1.0,30,3.0,106.40003204345703
C2,2131,0.7980833333333334,33.300000000000004,23.599999999999998,14,23.94285774230957,336.0,1.0,30,3.0,96.6400146484375
C2,2132,0.7772343174382609,32.2,21.2,14,11.828571319580078,225.0,1.0,30,3.0,93.45067596435547
C2,2133,0.7993075009878113,28.0,19.8,14,7.085714340209961,174.0,1.0,30,3.0,88.73707580566406
C2,2134,0.6384974881311709,31.9,20.299999999999997,11,5.74545431137085,138.0,1.0,30,3.0,77.1089096069336
C2,2135,0.7712725980267883,32.300000000000004,21.5,11,10.290908813476562,183.0,1.0,30,3.0,68.26534271240234
C2,2136,0.757998554558659,32.0,20.8,11,5.854545593261719,144.0,1.0,30,3.0,61.62587356567383
C2,2137,0.5766693258003432,33.8,24.2,6,16.799999237060547,180.0,1.0,30,3.0,59.50885772705078
C2,2138,0.5318422583969399,46.4,31.0,9,46.622222900390625,300.0,1.0,30,3.0,63.43864822387695
C2,2139,0.777,35.6,24.9,9,21.0222225189209,246.0,1.0,30,3.0,70.3298568725586
C2,2140,0.772107422772981,32.2,21.6,9,10.266666412353516,177.0,1.0,30,3.0,74.33124542236328
C2,2141,-0.2698403796049577,36.900000000000006,24.400000000000002,32,69.23076629638672,1200.0,1.0,30,3.0,116.7320785522461
C2,2142,-0.03058333333333326,27.7,20.299999999999997,54,38.42222213745117,1809.0,1.0,30,3.0,211.63925170898438
C2,2143,0.8463064535262778,17.9,17.7,54,0.45185184478759766,36.0,1.0,30,3.0,262.31689453125
C2,2144,0.829492044253054,24.5,19.7,54,6.577777862548828,339.0,1.0,30,3.0,254.45680236816406
C2,2145,0.8502072204466224,19.099999999999998,18.3,54,1.3925925493240356,138.0,1.0,30,3.0,175.4740753173828
C2,2146,0.8463373237241508,18.1,17.7,54,0.4592592716217041,57.0,1.0,30,3.0,129.0177764892578
C2,2147,0.8473239165413787,18.0,17.6,54,0.6962962746620178,81.0,1.0,30,3.0,89.67733764648438
C2,2148,-0.8678930278147894,18.5,18.3,11,1.8545454740524292,78.0,1.0,30,3.0,63.406402587890625
C2,2149,0.8262911654691427,22.8,18.4,11,1.8181818723678589,72.0,1.0,30,3.0,48.310508728027344
C2,2150,0.40804120449191056,33.6,24.400000000000002,2,13.0,108.0,1.0,30,3.0,40.452972412109375
C2,2151,0.6920000000000001,44.0,32.2,1,27.200000762939453,102.0,1.0,30,3.0,36.80511474609375
C2,2152,0.8607685509003341,18.1,17.7,1,4.0,33.0,1.0,30,3.0,32.8830680847168
C2,2153,0.8623500559002011,18.0,17.7,1,4.400000095367432,36.0,1.0,30,3.0,27.32984161376953
C2,2154,0.8623500559002011,18.1,17.7,1,4.400000095367432,39.0,1.0,30,3.0,21.197904586791992
C2,2155,0.8623500559002011,17.9,17.6,1,4.400000095367432,39.0,1.0,30,3.0,17.785409927368164
C2,2156,-0.46670334225014903,199.2,93.5,7,88.5,297.0,1.0,30,3.0,27.33791160583496
C2,2157,0.7667706391896506,33.099999999999994,22.8,7,11.142857551574707,153.0,1.0,30,3.0,38.13608169555664
C2,2158,0.6665317877555395,32.9,21.5,7,5.885714054107666,94.0,1.0,50,2.0,49.1483154296875
C2,2159,0.8240702623257263,23.2,19.099999999999998,7,2.171428680419922,63.0,1.0,30,3.0,45.355655670166016
C2,2160,0.7821512163471248,27.900000000000002,19.400000000000002,7,2.4571428298950195,69.0,1.0,30,3.0,39.34672546386719
C2,2161,0.5384999999999999,39.800000000000004,27.400000000000002,12,33.56666564941406,387.0,1.0,30,3.0,46.67470169067383
C2,2162,0.7779853452230112,32.7,21.9,12,13.566666603088379,213.0,1.0,30,3.0,57.738155364990234
C2,2163,0.7811507779876311,28.7,20.2,12,4.0333333015441895,123.0,1.0,30,3.0,66.77622985839844
C2,2164,0.7716155518588136,32.4,21.6,12,10.666666984558105,192.0,1.0,30,3.0,63.53240203857422
C2,2165,0.849549776121309,18.700000000000003,18.1,12,1.2333333492279053,66.0,1.0,30,3.0,55.05277633666992
C2,2166,0.8250262325672525,22.9,18.5,12,1.7333333492279053,78.0,1.0,30,3.0,47.964996337890625
C2,2167,0.4203435704256186,32.099999999999994,20.9,6,2.4666666984558105,39.0,1.0,50,1.0,40.378997802734375
C2,2168,0.39173279631780705,49.099999999999994,32.4,12,45.0,396.0,1.0,30,3.0,50.49406433105469
C2,2169,0.7622105810659413,36.0,24.9,12,19.33333396911621,234.0,1.0,30,2.0,68.69644165039062
C2,2170,0.7620023578091104,32.800000000000004,22.3,12,8.933333396911621,140.0,1.0,30,2.0,83.7511978149414
C2,2171,0.7854560317945524,28.8,20.8,12,5.366666793823242,110.0,1.0,30,2.0,82.51738739013672
C2,2172,0.8466458959267463,17.9,17.6,12,0.5333333611488342,14.0,1.0,30,2.0,67.11042785644531
C2,2173,0.8473393125660467,17.9,17.7,12,0.699999988079071,30.0,1.0,30,2.0,50.53292465209961
C2,2174,0.7338802766342658,38.6,26.3,12,42.70000076293945,372.0,1.0,30,3.0,49.78642272949219
C2,2175,0.8224627360767531,23.0,18.599999999999998,12,1.3333333730697632,66.0,1.0,30,3.0,51.33852005004883
C2,2176,0.8473393125660467,18.0,17.7,12,0.699999988079071,39.0,1.0,30,3.0,52.00311279296875
C2,2177,0.7809868757132169,33.4,23.099999999999998,12,17.066667556762695,240.0,1.0,30,3.0,46.53520202636719
C2,2178,0.8474778490641532,18.3,18.0,12,0.7333333492279053,51.0,1.0,30,3.0,42.58778762817383
C2,2179,0.76875,36.5,24.8,12,27.33333396911621,321.0,1.0,30,3.0,52.75267028808594
C2,2180,0.7801105093768576,32.7,22.0,12,14.300000190734863,234.0,1.0,30,3.0,58.584938049316406
C2,2181,0.7907500000000001,34.1,24.2,12,30.866666793823242,372.0,1.0,30,3.0,76.35095977783203
C2,2182,0.778277224585991,30.3,20.5,12,7.099999904632568,156.0,1.0,30,3.0,79.67724609375
C2,2183,0.7898333333333334,34.2,24.5,12,28.766666412353516,348.0,1.0,30,3.0,86.73967742919922
C2,2184,0.5963152730038638,34.5,24.8,12,10.0,116.0,1.0,70,1.0,89.91047668457031
C2,2185,0.7870833333333334,34.5,24.5,12,27.53333282470703,336.0,1.0,30,3.0,99.81295013427734
C2,2186,0.7843333333333333,34.8,24.6,12,32.0,387.0,1.0,30,3.0,107.4877700805664
C2,2187,0.7971666666666668,33.4,23.400000000000002,12,22.600000381469727,297.0,1.0,30,3.0,109.82599639892578
C2,2188,0.7912274278277692,28.1,19.900000000000002,12,5.199999809265137,141.0,1.0,30,3.0,102.56226348876953
C2,2189,0.7935,33.8,23.8,12,22.133333206176758,291.0,1.0,30,3.0,93.9373550415039
C2,2190,0.7889166666666667,34.3,24.6,12,26.266666412353516,315.0,1.0,30,3.0,89.56241607666016
C2,2191,0.78525,34.7,24.5,12,32.03333282470703,390.0,1.0,30,3.0,98.00411224365234
C2,2192,0.8481697802472762,17.8,17.6,12,0.8999999761581421,57.0,1.0,30,3.0,92.66913604736328
C2,2193,0.7785725488717041,32.7,22.0,12,13.766666412353516,228.0,1.0,30,3.0,85.60147857666016
C2,2194,0.7832489656045662,33.4,23.400000000000002,12,18.03333282470703,267.0,1.0,30,3.0,75.89422607421875
C2,2195,0.8420733365404969,21.1,18.700000000000003,12,1.8666666746139526,81.0,1.0,30,3.0,71.13653564453125
C2,2196,0.8470620919847911,18.0,17.7,12,0.6333333253860474,39.0,1.0,30,3.0,59.881919860839844
C2,2197,0.6247259799654775,28.1,19.599999999999998,8,3.549999952316284,96.0,1.0,30,3.0,45.529151916503906
C2,2198,0.846507067464285,18.4,17.6,8,0.5,18.0,1.0,30,3.0,34.11749267578125
C2,2199,0.8393393125660467,17.9,17.5,7,0.699999988079071,21.0,1.0,30,3.0,26.470495223999023
C2,2200,0.612702823555001,18.2,17.6,1,2.0,18.0,1.0,30,3.0,18.415630340576172
C2,2201,-0.5640101781004216,211.9,80.5,7,145.39999389648438,714.0,1.0,30,3.0,44.51604461669922
C2,2202,-1.0650564982396635,43.4,26.200000000000003,48,72.97142791748047,2085.0,1.0,30,3.0,151.9096221923828
C2,2203,0.5262094180287202,18.3,17.8,56,0.4285714328289032,21.0,1.0,30,3.0,216.47911071777344
C2,2204,0.8461498621234952,18.8,17.9,56,0.41428571939468384,21.0,1.0,30,3.0,224.42079162597656
C2,2205,0.8462094180287203,18.3,17.7,56,0.4285714328289032,21.0,1.0,30,3.0,137.45248413085938
C2,2206,0.8461498621234952,18.0,17.5,56,0.41428571939468384,24.0,1.0,30,3.0,85.40482330322266
C2,2207,0.8461796410929479,18.0,17.5,56,0.4214285612106323,22.0,1.0,30,2.0,54.70956039428711
C2,2208,-1.347297176444999,17.9,17.5,1,2.0,16.0,1.0,30,2.0,36.42573547363281
C2,2209,0.7615310005661772,32.800000000000004,26.599999999999998,1,8.800000190734863,42.0,1.0,30,2.0,27.18877410888672
C2,2210,0.7670799919607617,32.5,26.0,1,9.600000381469727,44.0,1.0,30,2.0,23.113264083862305
C2,2211,0.7772390996697683,18.4,17.8,1,4.0,33.0,1.0,50,3.0,21.06795883178711
C2,2212,0.852702823555001,17.9,17.5,1,2.0,16.0,1.0,30,2.0,18.10744285583496
C2,2213,0.8510615300280377,17.6,17.4,1,1.600000023841858,12.0,1.0,30,2.0,14.197798728942871
C2,2214,0.8510615300280377,17.9,17.5,1,1.600000023841858,10.0,1.0,30,2.0,11.05201244354248
C2,2215,0.8559587577917702,18.1,17.6,1,2.799999952316284,20.0,1.0,30,2.0,9.431207656860352
C2,2216,0.8639198485148963,17.9,17.6,1,4.800000190734863,36.0,1.0,30,2.0,10.058724403381348
C2,2217,0.8575724027518892,18.1,17.6,1,3.200000047683716,26.0,1.0,30,2.0,11.501901626586914
C2,2218,0.8591758329899635,18.0,17.6,1,3.5999999046325684,32.0,1.0,30,2.0,13.167807579040527
C2,2219,0.852702823555001,18.2,17.7,1,2.0,16.0,1.0,30,2.0,12.834017753601074
C2,2220,0.8591758329899635,17.9,17.7,1,3.5999999046325684,28.0,1.0,30,2.0,12.767077445983887
C2,2221,0.7526219753508407,33.300000000000004,26.4,1,7.599999904632568,44.0,1.0,30,2.0,13.526912689208984
C2,2222,0.8575724027518892,18.2,17.9,1,3.200000047683716,26.0,1.0,30,2.0,14.649480819702148
C2,2223,0.8559587577917702,17.9,17.5,1,2.799999952316284,20.0,1.0,30,2.0,14.789689064025879
C2,2224,0.852702823555001,18.599999999999998,17.8,1,2.0,18.0,1.0,30,2.0,13.140480041503906
C2,2225,0.7741013474818902,18.2,17.7,1,3.200000047683716,26.0,1.0,50,2.0,12.150954246520996
C2,2226,0.772547377988288,18.700000000000003,17.9,1,2.799999952316284,24.0,1.0,50,2.0,11.823905944824219
C2,2227,0.14806315245080276,123.5,64.19999999999999,2,61.0,148.0,1.0,50,2.0,20.294343948364258
C2,2228,0.612176563783392,44.6,31.4,2,18.399999618530273,96.0,1.0,50,2.0,30.043272018432617
C2,2229,0.09288338159756548,108.8,55.1,4,85.5999984741211,214.0,1.0,50,2.0,48.559295654296875
C2,2230,0.35577769038795004,50.8,35.5,4,38.900001525878906,188.0,1.0,50,2.0,62.33557891845703
C2,2231,0.6126003155992507,44.6,29.9,4,18.5,124.0,1.0,50,2.0,72.46800994873047
C2,2232,0.3403,60.8,38.4,4,52.79999923706055,232.0,1.0,50,2.0,79.74747467041016
C2,2233,0.6178820039578645,49.0,33.4,4,30.200000762939453,160.0,1.0,50,2.0,82.24848175048828
C2,2234,0.6592500000000001,46.699999999999996,31.4,6,39.040000915527344,240.0,1.0,30,3.0,86.14909362792969
C2,2235,0.7091666666666667,43.0,28.299999999999997,6,31.600000381469727,243.0,1.0,30,3.0,83.82278442382812
C2,2236,0.7458333333333333,39.0,26.5,6,26.200000762939453,228.0,1.0,30,3.0,81.89366912841797
C2,2237,0.7654751186059277,32.800000000000004,22.2,6,9.933333396911621,138.0,1.0,30,3.0,76.20287322998047
C2,2238,0.5873333333333333,43.2,28.2,9,36.93333435058594,282.0,1.0,30,3.0,74.52172088623047
C2,2239,0.7890167225668677,28.0,19.599999999999998,9,4.400000095367432,105.0,1.0,30,3.0,68.0463638305664
C2,2240,0.846460780745289,18.0,17.7,9,0.4888888895511627,18.0,1.0,30,3.0,58.82781982421875
C2,2241,0.7816080015045418,33.7,23.8,9,18.53333282470703,234.0,1.0,30,3.0,51.16335678100586
C2,2242,0.7851325502835108,28.5,19.8,9,4.577777862548828,117.0,1.0,30,3.0,47.09801483154297
C2,2243,0.8484922467686467,17.8,17.6,9,0.9777777791023254,51.0,1.0,30,3.0,46.1254768371582
C2,2244,0.5488333333333334,47.4,31.3,6,20.200000762939453,132.0,1.0,30,1.0,52.74195098876953
C2,2245,0.639611481922581,48.300000000000004,32.2,6,15.199999809265137,102.0,1.0,30,1.0,65.1118392944336
C2,2246,0.68075,46.1,31.4,6,21.46666717529297,138.0,1.0,30,1.0,88.66709899902344
C2,2247,0.6254112664212488,49.0,32.7,5,15.279999732971191,92.0,1.0,30,1.0,97.46692657470703
C2,2248,0.7064166666666667,43.3,28.6,5,21.040000915527344,156.0,1.0,30,2.0,99.54682159423828
C2,2249,0.7282783515041495,37.6,25.0,5,12.0,114.0,1.0,30,2.0,89.99475860595703
C2,2250,0.7091666666666667,43.0,28.7,5,20.399999618530273,144.0,1.0,30,2.0,81.59685516357422
C2,2251,0.721456338171965,39.300000000000004,26.599999999999998,5,14.960000038146973,128.0,1.0,30,2.0,74.69144439697266
C2,2252,0.28464246138238075,70.7,39.199999999999996,4,55.400001525878906,252.0,1.0,70,2.0,79.74819946289062
C2,2253,0.5744087729646746,38.9,26.599999999999998,8,18.75,172.0,1.0,30,2.0,84.64891815185547
C2,2254,0.7048224330031015,27.900000000000002,19.900000000000002,8,4.0,99.0,1.0,50,3.0,83.45601654052734
C2,2255,0.6924024693546745,32.7,21.8,8,11.649999618530273,168.0,1.0,50,3.0,73.40694427490234
C2,2256,0.7060584320812859,39.6,27.0,8,30.799999237060547,276.0,1.0,50,3.0,68.17749786376953
C2,2257,0.7034429732705908,33.2,23.2,8,15.300000190734863,189.0,1.0,50,3.0,69.03983306884766
C2,2258,0.6223118762532305,23.400000000000002,18.9,5,3.0399999618530273,66.0,1.0,50,3.0,65.0239028930664
C2,2259,0.6846893234483689,39.0,26.5,5,23.520000457763672,198.0,1.0,50,3.0,59.147674560546875
C2,2260,0.4218333333333334,43.8,28.8,12,39.900001525878906,432.0,1.0,30,3.0,66.42193603515625
C2,2261,0.0035833333333332856,32.7,22.3,32,37.650001525878906,1053.0,1.0,30,3.0,114.65316009521484
C2,2262,-0.5142500000000001,28.1,20.7,66,36.400001525878906,2094.0,1.0,30,3.0,227.8585662841797
C2,2263,0.8479690271266443,19.0,18.3,66,0.85161292552948,102.0,1.0,30,3.0,281.1151428222656
C2,2264,0.8498118179450993,19.3,18.3,66,1.29677414894104,141.0,1.0,30,3.0,272.5357360839844
C2,2265,0.84671376120632,21.0,18.700000000000003,66,2.7806451320648193,213.0,1.0,30,3.0,183.78811645507812
C2,2266,0.8373449133554619,23.7,19.400000000000002,66,6.716128826141357,393.0,1.0,30,3.0,143.47286987304688
C2,2267,0.8356397274946916,22.5,19.099999999999998,66,3.4451613426208496,240.0,1.0,30,3.0,123.68372344970703
C2,2268,-1.3228333333333335,33.4,22.8,13,30.984615325927734,411.0,1.0,30,3.0,120.6102294921875
C2,2269,0.8469874223501775,18.0,17.6,13,0.6153846383094788,24.0,1.0,30,3.0,102.36614227294922
C2,2270,0.7563422197849173,20.8,18.0,13,0.4615384638309479,15.0,1.0,50,3.0,81.41968536376953
C2,2271,0.8237794454136544,23.7,19.3,13,3.230769157409668,117.0,1.0,30,3.0,55.7851448059082
C2,2272,0.8464750233761195,18.9,17.7,13,0.4923076927661896,12.0,1.0,30,3.0,39.87108612060547
C2,2273,0.8472433739529057,18.2,17.7,13,0.6769230961799622,33.0,1.0,30,3.0,31.122652053833008
C2,2274,0.4191758329899634,18.2,17.6,2,3.5999999046325684,57.0,1.0,30,3.0,23.206924438476562
C2,2275,0.8518832352792386,18.0,17.6,2,1.7999999523162842,27.0,1.0,30,3.0,19.124155044555664
C2,2276,0.8510615300280377,18.2,17.8,2,1.600000023841858,30.0,1.0,30,3.0,16.54115867614746
C2,2277,0.8495724027518892,18.3,17.8,1,3.200000047683716,27.0,1.0,30,3.0,13.658028602600098
C2,2278,0.8543353991895412,18.3,17.9,1,2.4000000953674316,18.0,1.0,30,3.0,11.52815055847168
C2,2279,0.8543353991895412,18.4,17.8,1,2.4000000953674316,18.0,1.0,30,3.0,9.716890335083008
C2,2280,0.8510615300280377,20.0,17.8,1,1.600000023841858,15.0,1.0,30,3.0,8.096800804138184
C2,2281,0.8654774278277694,18.1,17.9,1,5.199999809265137,45.0,1.0,30,3.0,8.324747085571289
C2,2282,0.8426194902216676,21.1,17.9,1,2.0,18.0,1.0,30,3.0,8.461515426635742
C2,2283,0.8510615300280377,18.2,17.6,1,1.600000023841858,12.0,1.0,30,3.0,8.410242080688477
C2,2284,0.772547377988288,18.0,17.6,1,2.799999952316284,18.0,1.0,50,3.0,7.179478645324707
C2,2285,0.772547377988288,18.0,17.7,1,2.799999952316284,24.0,1.0,50,3.0,6.7076873779296875
C2,2286,0.29135,78.60000000000001,48.0,1,50.400001525878906,144.0,1.0,50,3.0,12.291278839111328
C2,2287,0.05365000000000004,121.39999999999999,56.300000000000004,4,48.400001525878906,252.0,1.0,50,3.0,26.041433334350586
C2,2288,0.646255634363942,48.0,31.7,4,36.70000076293945,210.0,1.0,50,3.0,42.55819320678711
C2,2289,0.23276633427944243,50.5,35.0,7,62.79999923706055,384.0,1.0,50,3.0,63.13491439819336
C2,2290,0.7657921359688955,18.1,17.6,7,1.0285714864730835,39.0,1.0,50,3.0,66.0142822265625
C2,2291,0.6965707680045456,39.300000000000004,27.099999999999998,7,27.314285278320312,243.0,1.0,50,3.0,69.20857238769531
C2,2292,0.7721052621739098,19.0,18.3,7,2.6857142448425293,72.0,1.0,50,3.0,57.25847625732422
C2,2293,0.6846639072650998,43.3,28.400000000000002,7,34.91428756713867,276.0,1.0,50,3.0,60.62175369262695
C2,2294,0.6837813282601042,38.3,25.1,7,21.714284896850586,231.0,1.0,50,3.0,62.10638427734375
C2,2295,0.6618514665167008,32.0,20.5,5,6.639999866485596,90.0,1.0,50,3.0,63.79716491699219
C2,2296,0.6651666666666667,47.800000000000004,32.5,5,44.79999923706055,273.0,1.0,50,3.0,64.67829895019531
C2,2297,0.6838088964662269,44.2,29.7,5,37.84000015258789,246.0,1.0,50,3.0,65.87364196777344
C2,2298,0.6624166666666667,48.099999999999994,32.2,5,47.439998626708984,279.0,1.0,50,3.0,74.99085235595703
C2,2299,0.6857822766423947,38.6,26.599999999999998,5,22.8799991607666,198.0,1.0,50,3.0,77.12784576416016
C2,2300,0.6500833333333335,47.7,31.9,7,54.79999923706055,378.0,1.0,50,3.0,84.2767105102539
C2,2301,0.7427403320148973,23.3,18.8,7,2.914285659790039,81.0,1.0,50,3.0,79.76602172851562
C2,2302,0.6875417070152372,32.099999999999994,21.5,7,9.199999809265137,147.0,1.0,50,3.0,74.7929458618164
C2,2303,0.7494999999999999,38.6,25.6,7,22.342857360839844,213.0,1.0,30,3.0,64.47576904296875
C2,2304,0.7791875851257554,34.0,24.1,7,18.685714721679688,207.0,1.0,30,3.0,63.885459899902344
C2,2305,0.49849999999999994,39.800000000000004,27.3,13,37.563636779785156,393.0,1.0,30,3.0,74.46460723876953
C2,2306,0.7925833333333334,33.9,24.0,13,29.66153907775879,405.0,1.0,30,3.0,89.3454360961914
C2,2307,0.7622648030665957,32.0,20.7,13,6.984615325927734,165.0,1.0,30,3.0,96.40725708007812
C2,2308,0.7840155040880945,33.5,23.400000000000002,13,18.799999237060547,270.0,1.0,30,3.0,95.17768859863281
C2,2309,0.783545359735875,33.0,22.4,13,16.615385055541992,255.0,1.0,30,3.0,87.77327728271484
C2,2310,0.8464750233761195,18.0,17.8,13,0.4923076927661896,21.0,1.0,30,3.0,76.93063354492188
C2,2311,0.8509349298114924,18.0,18.0,13,1.5692307949066162,66.0,1.0,30,3.0,61.35837936401367
C2,2312,0.6467152920707133,18.0,17.7,8,0.550000011920929,12.0,1.0,30,2.0,41.48169708251953
C2,2313,0.8467152920707133,17.9,17.6,8,0.550000011920929,10.0,1.0,30,2.0,29.289016723632812
C2,2314,0.8385665713007887,18.2,17.8,7,0.5142857432365417,12.0,1.0,30,2.0,19.840076446533203
C2,2315,0.6143353991895412,19.8,18.0,1,2.4000000953674316,18.0,1.0,30,2.0,14.57071304321289
C2,2316,0.852702823555001,18.3,17.6,1,2.0,16.0,1.0,30,2.0,11.809094429016113
C2,2317,0.852702823555001,19.5,17.8,1,2.0,14.0,1.0,30,2.0,10.285456657409668
C2,2318,0.8510615300280377,18.3,17.9,1,1.600000023841858,12.0,1.0,30,2.0,8.971274375915527
C2,2319,0.5744120147012152,50.0,17.7,1,1.2000000476837158,8.0,1.0,30,2.0,7.649431228637695
C2,2320,0.8494120147012151,17.8,17.5,1,1.2000000476837158,12.0,1.0,30,2.0,6.722991943359375
C2,2321,0.09132500000000002,107.7,52.400000000000006,4,38.53333282470703,192.0,1.0,30,3.0,13.90046215057373
C2,2322,0.8481697802472762,20.0,17.9,4,0.8999999761581421,19.0,1.0,30,1.0,20.20694351196289
C2,2323,0.8477547725551173,18.2,17.7,4,0.800000011920929,24.0,1.0,30,3.0,24.25749969482422
C2,2324,0.8477547725551173,17.9,17.6,4,0.800000011920929,24.0,1.0,30,3.0,19.221166610717773
C2,2325,0.7645628712383057,18.3,17.6,4,0.699999988079071,15.0,1.0,50,3.0,14.3326997756958
C2,2326,0.8481697802472762,18.0,17.6,4,0.8999999761581421,24.0,1.0,30,2.0,11.932952880859375
C2,2327,0.7391758329899635,17.9,17.6,1,3.5999999046325684,30.0,1.0,30,2.0,11.426438331604004
C2,2328,0.6725,47.0,35.5,1,20.0,70.0,1.0,30,2.0,15.122529983520508
C2,2329,0.8559587577917702,18.5,17.8,1,2.799999952316284,24.0,1.0,30,2.0,17.340185165405273
C2,2330,0.5744120147012152,50.0,17.8,1,1.2000000476837158,8.0,1.0,30,2.0,17.204111099243164
C2,2331,0.6935833333333333,44.699999999999996,35.8,1,20.399999618530273,72.0,1.0,30,2.0,17.255800247192383
C2,2332,0.852702823555001,18.0,17.7,1,2.0,12.0,1.0,30,2.0,16.486812591552734
C2,2333,0.5744120147012152,50.0,17.7,1,1.2000000476837158,6.0,1.0,30,1.0,16.29208755493164
C2,2334,0.5727547725551173,50.0,17.6,1,0.800000011920929,3.0,1.0,30,1.0,11.775252342224121
C2,2335,0.772547377988288,18.0,17.8,1,2.799999952316284,21.0,1.0,50,3.0,9.198485374450684
C2,2336,0.7788223701562585,18.0,17.5,1,4.400000095367432,36.0,1.0,50,3.0,8.452424049377441
C2,2337,0.7679480189220103,17.9,17.5,1,1.600000023841858,12.0,1.0,50,3.0,8.138121604919434
C2,2338,0.8510615300280377,18.4,17.8,1,1.600000023841858,12.0,1.0,30,3.0,7.549539566040039
C2,2339,0.8575724027518892,17.9,17.6,1,3.200000047683716,24.0,1.0,30,3.0,6.66305685043335
C2,2340,0.852702823555001,18.1,17.8,1,2.0,12.0,1.0,30,3.0,6.131167411804199
C2,2341,0.6972500000000001,44.3,34.0,1,31.600000381469727,114.0,1.0,30,3.0,10.345367431640625
C2,2342,0.8591758329899635,18.1,17.9,1,3.5999999046325684,27.0,1.0,30,3.0,13.007220268249512
C2,2343,0.8462861568883343,20.7,18.0,1,2.0,15.0,1.0,30,3.0,14.737665176391602
C2,2344,0.8369187325228745,21.9,18.3,1,2.4000000953674316,21.0,1.0,30,3.0,11.642599105834961
C2,2345,0.8543353991895412,19.7,17.7,1,2.4000000953674316,15.0,1.0,30,3.0,9.252225875854492
C2,2346,0.8607685509003341,18.1,17.6,1,4.0,33.0,1.0,30,3.0,8.618002891540527
C2,2347,0.8559587577917702,19.0,17.9,1,2.799999952316284,21.0,1.0,30,3.0,8.237467765808105
C2,2348,0.8510615300280377,18.0,17.6,1,1.600000023841858,12.0,1.0,30,3.0,7.875814437866211
C2,2349,0.8513754244584368,20.5,18.1,1,2.799999952316284,24.0,1.0,30,3.0,7.258821964263916
C2,2350,0.8685539631541367,18.0,17.7,1,6.0,51.0,1.0,30,3.0,8.221960067749023
C2,2351,-0.2116639209422524,188.9,93.39999999999999,3,87.5999984741211,118.0,1.0,30,1.0,23.999841690063477
C2,2352,0.5275039591920083,48.099999999999994,32.2,6,42.400001525878906,237.0,1.0,30,3.0,42.9332389831543
C2,2353,0.8494120147012151,18.0,17.7,6,1.2000000476837158,57.0,1.0,30,3.0,54.55994415283203
C2,2354,0.4936433666790798,44.900000000000006,29.9,10,50.33333206176758,321.0,1.0,30,3.0,60.069297790527344
C2,2355,0.7889166666666667,34.3,24.2,10,21.15999984741211,258.0,1.0,30,3.0,64.30824279785156
C2,2356,0.7872870201536031,33.4,23.8,10,19.959999084472656,249.0,1.0,30,3.0,75.38494873046875
C2,2357,0.7522500000000001,38.3,25.7,10,32.68000030517578,339.0,1.0,30,3.0,82.83097076416016
C2,2358,0.6802510186059749,18.0,17.6,10,0.6399999856948853,33.0,1.0,90,3.0,77.298583984375
C2,2359,0.5717569239884147,50.0,17.6,10,0.5600000023841858,8.0,1.0,30,1.0,63.979148864746094
C2,2360,0.8467569239884147,17.8,17.5,10,0.5600000023841858,11.0,1.0,30,1.0,42.387489318847656
C2,2361,0.744339358604541,32.300000000000004,20.8,10,3.0799999237060547,55.0,1.0,30,1.0,35.29916000366211
C2,2362,0.5108253644287185,39.6,27.2,5,12.279999732971191,125.0,1.0,30,1.0,46.64616394042969
C2,2363,0.6383030680611201,48.0,31.5,5,13.760000228881836,87.0,1.0,30,1.0,63.58769607543945
C2,2364,0.5710902975977581,50.0,17.7,5,0.4000000059604645,4.0,1.0,30,1.0,66.95262145996094
C2,2365,0.8474224405069449,18.1,17.7,5,0.7200000286102295,15.0,1.0,30,3.0,52.97157287597656
C2,2366,0.8484185647735439,18.0,17.6,5,0.9599999785423279,30.0,1.0,30,3.0,34.31627655029297
C2,2367,0.8310898228402338,17.9,17.5,3,0.6399999856948853,24.0,1.0,30,3.0,23.65643310546875
C2,2368,0.847200726943179,18.2,17.7,3,0.6666666865348816,12.0,1.0,30,3.0,17.127193450927734
C2,2369,0.8399587577917702,18.0,17.8,1,2.799999952316284,21.0,1.0,30,3.0,12.809648513793945
C2,2370,0.5744120147012152,50.0,17.8,1,1.2000000476837158,9.0,1.0,30,3.0,9.55245590209961
C2,2371,0.8654774278277694,18.1,17.7,1,5.199999809265137,45.0,1.0,30,3.0,9.064806938171387
C2,2372,0.8543353991895412,18.0,17.7,1,2.4000000953674316,21.0,1.0,30,3.0,8.772217750549316
C2,2373,0.852702823555001,17.9,17.6,1,2.0,12.0,1.0,30,3.0,8.729997634887695
C2,2374,0.8270361568883342,22.8,18.1,1,2.0,15.0,1.0,30,3.0,7.371331691741943
C2,2375,0.8543353991895412,18.1,17.6,1,2.4000000953674316,21.0,1.0,30,3.0,6.5561323165893555
C2,2376,0.8575724027518892,18.4,17.8,1,3.200000047683716,27.0,1.0,30,3.0,6.733679294586182
C2,2377,0.49143651533961924,50.0,17.9,1,1.2000000476837158,8.0,1.0,50,1.0,7.240207672119141
C2,2378,0.8575724027518892,18.4,17.8,1,3.200000047683716,24.0,1.0,30,3.0,7.677457809448242
C2,2379,0.8510615300280377,18.599999999999998,17.9,1,1.600000023841858,10.0,1.0,30,2.0,7.406474590301514
C2,2380,0.8494120147012151,18.599999999999998,17.8,1,1.2000000476837158,10.0,1.0,30,2.0,6.8438849449157715
C2,2381,-0.6030704274879418,226.39999999999998,113.3,7,139.6999969482422,586.0,1.0,30,2.0,44.50633239746094
C2,2382,-0.41401465613354843,33.5,23.2,37,40.23783874511719,1268.0,1.0,30,2.0,150.970458984375
C2,2383,0.6862936530217554,18.4,17.7,41,0.44878047704696655,16.0,1.0,30,2.0,215.2489471435547
C2,2384,0.8462529900247001,17.8,17.5,41,0.4390243887901306,16.0,1.0,30,2.0,215.8160400390625
C2,2385,0.8462123229890758,18.3,17.7,41,0.4292683005332947,12.0,1.0,30,2.0,132.42295837402344
C2,2386,0.8463749669958424,18.4,17.6,41,0.4682926833629608,24.0,1.0,30,2.0,82.92044067382812
C2,2387,0.5711309767063587,50.0,17.6,41,0.4097560942173004,9.0,1.0,30,1.0,53.352264404296875
C2,2388,-0.7901595992023819,24.0,18.0,1,0.5,14.0,1.0,30,2.0,35.74468994140625
C2,2389,0.8575724027518892,18.3,17.7,1,3.200000047683716,24.0,1.0,30,2.0,25.18014907836914
C2,2390,0.8494120147012151,18.0,17.6,1,1.2000000476837158,10.0,1.0,30,2.0,18.308088302612305
C2,2391,0.8685539631541367,17.9,17.6,1,6.0,51.0,1.0,30,3.0,15.518186569213867
C2,2392,0.8543353991895412,18.9,17.6,1,2.4000000953674316,15.0,1.0,30,3.0,12.910911560058594
C2,2393,0.852702823555001,17.8,17.4,1,2.0,15.0,1.0,30,3.0,11.34654712677002
C2,2394,0.8510615300280377,17.9,17.5,1,1.600000023841858,15.0,1.0,30,3.0,8.807928085327148
C2,2395,0.7076406626870005,18.8,17.9,1,1.2000000476837158,10.0,1.0,70,2.0,7.284757137298584
C2,2396,0.8623500559002011,17.7,17.4,1,4.400000095367432,36.0,1.0,30,3.0,7.304187297821045
C2,2397,0.852702823555001,18.5,17.6,1,2.0,16.0,1.0,30,2.0,7.715846061706543
C2,2398,0.8510615300280377,19.5,17.9,1,1.600000023841858,12.0,1.0,30,3.0,7.829507350921631
C2,2399,0.8543353991895412,19.099999999999998,17.8,1,2.4000000953674316,18.0,1.0,30,3.0,7.0977044105529785
C2,2400,0.49143651533961924,50.0,17.8,1,1.2000000476837158,8.0,1.0,50,2.0,6.125289440155029
C2,2401,0.7756653383512933,18.2,17.8,1,3.5999999046325684,28.0,1.0,50,2.0,6.875173568725586
C2,2402,0.7679480189220103,17.8,17.5,1,1.600000023841858,14.0,1.0,50,2.0,7.458437442779541
C2,2403,0.8543353991895412,17.9,17.6,1,2.4000000953674316,18.0,1.0,30,3.0,8.07506275177002
C2,2404,0.8543353991895412,19.2,17.7,1,2.4000000953674316,18.0,1.0,30,3.0,7.378370761871338
C2,2405,0.8559587577917702,17.8,17.5,1,2.799999952316284,24.0,1.0,30,3.0,7.09368896484375
C2,2406,0.8559587577917702,18.0,17.8,1,2.799999952316284,24.0,1.0,30,3.0,7.189547061920166
C2,2407,0.8559587577917702,17.9,17.6,1,2.799999952316284,24.0,1.0,30,3.0,7.513728141784668
C2,2408,0.8543353991895412,17.9,17.5,1,2.4000000953674316,21.0,1.0,30,3.0,7.57490348815918
C2,2409,0.8575724027518892,18.1,17.6,1,3.200000047683716,24.0,1.0,30,3.0,7.611608982086182
C2,2410,0.852702823555001,19.2,17.6,1,2.0,15.0,1.0,30,3.0,7.2336320877075195
C2,2411,0.7836265182647975,18.0,17.6,1,5.599999904632568,48.0,1.0,50,3.0,8.206846237182617
C2,2412,0.852702823555001,18.2,17.8,1,2.0,15.0,1.0,30,3.0,8.39077377319336
C2,2413,0.8575724027518892,18.0,17.7,1,3.200000047683716,21.0,1.0,30,3.0,8.767797470092773
C2,2414,0.8488353991895411,20.6,17.8,1,2.4000000953674316,18.0,1.0,30,3.0,7.660678863525391
C2,2415,0.8543353991895412,19.2,17.6,1,2.4000000953674316,18.0,1.0,30,3.0,7.1297407150268555
C2,2416,0.8639198485148963,18.4,17.9,1,4.800000190734863,39.0,1.0,30,3.0,7.611177444458008
C2,2417,0.8543353991895412,18.0,17.7,1,2.4000000953674316,21.0,1.0,30,3.0,8.03337287902832
C2,2418,0.852702823555001,18.1,17.7,1,2.0,15.0,1.0,30,3.0,8.15335750579834
C2,2419,0.8510615300280377,19.8,18.0,1,1.600000023841858,15.0,1.0,30,3.0,7.1586809158325195
C2,2420,0.8543353991895412,17.8,17.5,1,2.4000000953674316,18.0,1.0,30,3.0,6.428542137145996
C2,2421,0.8700719235523432,18.0,17.6,1,6.400000095367432,54.0,1.0,30,3.0,7.72379207611084
C2,2422,0.7761948152559144,33.4,27.099999999999998,1,15.199999809265137,72.0,1.0,30,3.0,11.03427505493164
C2,2423,0.852702823555001,18.3,17.7,1,2.0,21.0,1.0,30,3.0,13.153898239135742
C2,2424,0.8575724027518892,18.5,17.9,1,3.200000047683716,27.0,1.0,30,3.0,13.225672721862793
C2,2425,0.8591758329899635,18.1,17.7,1,3.5999999046325684,30.0,1.0,30,3.0,11.402070045471191
C2,2426,0.8670222991527153,18.3,18.0,1,5.599999904632568,48.0,1.0,30,3.0,11.507908821105957
C2,2427,0.8559587577917702,18.2,17.6,1,2.799999952316284,27.0,1.0,30,3.0,11.571412086486816
C2,2428,0.8591758329899635,17.7,17.5,1,3.5999999046325684,30.0,1.0,30,3.0,11.609514236450195
C2,2429,0.8591758329899635,17.8,17.6,1,3.5999999046325684,30.0,1.0,30,3.0,10.832374572753906
C2,2430,0.8543353991895412,18.1,17.6,1,2.4000000953674316,18.0,1.0,30,3.0,9.966092109680176
C2,2431,0.7036666666666667,43.6,34.5,1,31.200000762939453,114.0,1.0,30,3.0,13.179655075073242
C2,2432,0.8607685509003341,18.0,17.6,1,4.0,33.0,1.0,30,3.0,15.24112606048584
C2,2433,0.8575724027518892,19.5,17.7,1,3.200000047683716,27.0,1.0,30,3.0,16.878009796142578
C2,2434,0.8591758329899635,18.0,17.6,1,3.5999999046325684,33.0,1.0,30,3.0,14.260138511657715
C2,2435,0.8575724027518892,18.599999999999998,17.6,1,3.200000047683716,27.0,1.0,30,3.0,12.422749519348145
C2,2436,0.8654774278277694,18.0,17.7,1,5.199999809265137,45.0,1.0,30,3.0,12.120316505432129
C2,2437,0.8607685509003341,18.1,17.7,1,4.0,33.0,1.0,30,3.0,11.938857078552246
C2,2438,0.8607685509003341,18.0,17.7,1,4.0,33.0,1.0,30,3.0,12.096647262573242
C2,2439,0.8559587577917702,18.1,17.6,1,2.799999952316284,21.0,1.0,30,3.0,11.124654769897461
C2,2440,0.8575724027518892,18.2,17.6,1,3.200000047683716,27.0,1.0,30,3.0,10.274792671203613
C2,2441,0.2090328711585772,95.69999999999999,49.7,2,47.0,156.0,1.0,30,3.0,15.231542587280273
C2,2442,0.8468775670112005,18.1,17.6,3,2.5333333015441895,27.0,1.0,30,3.0,18.472259521484375
C2,2443,0.8499627360767531,18.3,17.9,3,1.3333333730697632,33.0,1.0,30,3.0,20.6833553314209
C2,2444,0.8521566698738302,18.0,17.7,3,1.8666666746139526,39.0,1.0,30,3.0,16.810012817382812
C2,2445,0.8505125806332836,18.1,17.7,3,1.4666666984558105,39.0,1.0,30,3.0,15.019341468811035
C2,2446,0.7542722991527153,32.300000000000004,20.9,3,5.599999904632568,72.0,1.0,30,3.0,15.678271293640137
C2,2447,0.4518707167748325,49.7,34.1,7,49.68000030517578,261.0,1.0,30,3.0,25.940296173095703
C2,2448,0.792697667232844,29.4,20.7,7,8.800000190734863,144.0,1.0,30,3.0,36.76417922973633
C2,2449,0.8323565519890104,22.599999999999998,18.700000000000003,7,2.857142925262451,84.0,1.0,30,3.0,43.791839599609375
C2,2450,0.48432290624828034,41.0,28.0,12,51.771427154541016,390.0,1.0,30,3.0,53.74177169799805
C2,2451,0.6877347524050442,32.4,21.7,12,9.899999618530273,186.0,1.0,50,3.0,61.57839584350586
C2,2452,0.6763026472262732,32.300000000000004,21.1,12,6.933333396911621,159.0,1.0,50,3.0,69.61370086669922
C2,2453,0.7225340575501117,33.6,23.900000000000002,12,20.66666603088379,270.0,1.0,50,3.0,69.10155487060547
C2,2454,0.7251104382854943,33.5,23.599999999999998,12,21.066667556762695,276.0,1.0,50,3.0,72.79426574707031
C2,2455,0.7641902731485469,18.3,17.6,12,0.6000000238418579,36.0,1.0,50,3.0,69.54322814941406
C2,2456,0.5122500000000001,38.3,25.7,6,24.133333206176758,219.0,1.0,30,3.0,65.32593536376953
C2,2457,0.5184043964098981,44.0,29.8,10,45.02857208251953,312.0,1.0,30,3.0,64.39556121826172
C2,2458,0.7550000000000001,38.0,25.7,10,30.479999542236328,309.0,1.0,30,3.0,75.97067260742188
C2,2459,0.8477547725551173,17.8,17.5,10,0.800000011920929,48.0,1.0,30,3.0,75.31573486328125
C2,2460,0.7565680720866758,32.2,21.0,10,5.960000038146973,135.0,1.0,30,3.0,67.05610656738281
C2,2461,0.7728501624979847,32.4,21.8,10,11.039999961853027,183.0,1.0,30,3.0,56.50033187866211
C2,2462,0.7540833333333333,38.1,25.5,10,30.84000015258789,315.0,1.0,30,3.0,62.033531188964844
C2,2463,0.7907500000000001,34.1,24.299999999999997,10,21.040000915527344,267.0,1.0,30,3.0,71.2201156616211
C2,2464,0.7504166666666667,38.5,25.6,10,32.119998931884766,333.0,1.0,30,3.0,83.39873504638672
C2,2465,0.7673825822010438,32.300000000000004,21.3,10,9.15999984741211,165.0,1.0,30,3.0,84.03924560546875
C2,2466,0.7568333333333334,37.8,25.7,10,30.399999618530273,315.0,1.0,30,3.0,86.55687713623047
C2,2467,0.76325,37.1,25.5,10,20.920000076293945,212.0,1.0,30,2.0,87.40079498291016
C2,2468,0.7586912315782169,32.2,21.5,10,6.519999980926514,110.0,1.0,30,2.0,87.90714263916016
C2,2469,0.8465903701308001,18.0,17.5,10,0.5199999809265137,24.0,1.0,30,2.0,75.81095123291016
C2,2470,0.7903768120449345,27.799999999999997,19.8,10,4.28000020980835,90.0,1.0,30,2.0,60.41990661621094
C2,2471,0.7692335378767532,34.8,25.0,10,17.520000457763672,188.0,1.0,30,2.0,56.385276794433594
C2,2472,0.630505871757178,32.5,21.2,7,5.099999904632568,94.0,1.0,30,2.0,58.63116455078125
C2,2473,0.4770147793973777,44.1,29.1,12,45.20000076293945,351.0,1.0,30,3.0,69.57869720458984
C2,2474,0.7788333333333334,35.4,24.7,12,24.566667556762695,306.0,1.0,30,3.0,77.2138900756836
C2,2475,0.8473393125660467,17.8,17.5,12,0.699999988079071,42.0,1.0,30,3.0,77.3949966430664
C2,2476,0.8473393125660467,18.0,17.5,12,0.699999988079071,48.0,1.0,30,3.0,64.03700256347656
C2,2477,0.8503752023301926,18.0,18.0,12,1.4333332777023315,78.0,1.0,30,3.0,45.88886642456055
C2,2478,0.7838976005541388,33.7,24.0,12,19.633333206176758,276.0,1.0,30,3.0,45.399986267089844
C2,2479,0.77286905222491,27.599999999999998,19.400000000000002,10,3.440000057220459,111.0,1.0,30,3.0,47.90665817260742
C2,2480,0.8315470985856146,18.2,17.8,8,0.75,30.0,1.0,30,3.0,47.27732849121094
C2,2481,0.6212500000000001,39.5,26.9,11,36.327274322509766,345.0,1.0,30,3.0,49.96639633178711
C2,2482,0.6615833333333334,35.1,24.5,14,35.628570556640625,429.0,1.0,30,3.0,65.71317291259766
C2,2483,0.7980833333333334,33.300000000000004,23.400000000000002,14,30.628570556640625,429.0,1.0,30,3.0,92.89456939697266
C2,2484,0.787668061548317,33.300000000000004,23.400000000000002,14,19.685714721679688,274.0,1.0,30,2.0,112.1367416381836
C2,2485,0.7776735373961255,34.0,24.0,14,18.0,264.0,1.0,30,2.0,122.21537780761719
C2,2486,0.7962499999999999,33.5,23.599999999999998,14,20.685714721679688,292.0,1.0,30,2.0,128.66256713867188
C2,2487,0.7916666666666666,34.0,23.900000000000002,14,20.457143783569336,298.0,1.0,30,2.0,134.13087463378906
C2,2488,0.7907500000000001,34.1,24.0,14,21.457143783569336,292.0,1.0,30,2.0,139.2785186767578
C2,2489,0.6215833333333334,35.1,24.9,10,27.8799991607666,294.0,1.0,30,2.0,142.5004425048828
C2,2490,0.7531666666666668,38.199999999999996,25.9,10,28.31999969482422,284.0,1.0,30,2.0,143.50027465820312
C2,2491,0.7513333333333333,38.4,25.8,10,33.2400016784668,334.0,1.0,30,2.0,146.90016174316406
C2,2492,0.6206666666666666,35.2,24.7,14,37.657142639160156,450.0,1.0,30,3.0,149.34010314941406
C2,2493,0.7889166666666667,34.3,23.7,14,20.114286422729492,280.0,1.0,30,2.0,150.53738403320312
C2,2494,0.7841369632680164,33.5,23.7,14,18.85714340209961,258.0,1.0,30,2.0,146.18910217285156
C2,2495,0.7980833333333334,33.300000000000004,23.2,14,21.542856216430664,296.0,1.0,30,2.0,143.31346130371094
C2,2496,0.7962499999999999,33.5,23.3,14,21.200000762939453,290.0,1.0,30,2.0,142.25474548339844
C2,2497,0.799,33.2,23.2,14,29.08571434020996,408.0,1.0,30,3.0,142.55284118652344
C2,2498,0.7980833333333334,33.300000000000004,23.5,14,30.571428298950195,423.0,1.0,30,3.0,141.79837036132812
C2,2499,0.7962499999999999,33.5,23.599999999999998,14,29.685714721679688,426.0,1.0,30,3.0,140.94569396972656
C2,2500,0.7971666666666668,33.4,23.599999999999998,1,30.0,100.0,1.0,50,1.0,100.0
