Cluster,Step,Reward,Latency_P90,Latency_Avg,Replicas,CPU_Pct,Requests,Success,HPA_Target,Throughput,Forecast
C1,1,-0.31840928127589835,19.8,18.4,26,2.375,26.0,1.0,90,1.0,63.0
C1,2,0.6801097911364435,18.5,17.5,26,0.446153849363327,15.0,1.0,90,3.0,34.0
C1,3,0.40509865329593847,50.0,17.4,26,0.4307692348957062,6.0,1.0,90,2.0,24.933332443237305
C1,4,0.8462185797091187,18.2,17.4,26,0.4307692348957062,11.0,1.0,30,1.0,17.49333381652832
C1,5,-0.12898999133839342,50.0,17.3,12,0.4000000059604645,5.0,1.0,70,1.0,13.029333114624023
C1,6,0.24017310163146033,17.9,17.4,1,0.5333333611488342,15.0,1.0,90,1.0,11.950933456420898
C1,7,0.7156518863321226,17.6,17.4,1,4.800000190734863,42.0,1.0,70,3.0,11.703893661499023
C1,8,0.5727547725551173,50.0,17.3,1,0.800000011920929,4.0,1.0,30,2.0,11.155669212341309
C1,9,0.4326406626870005,50.0,17.4,1,1.2000000476837158,6.0,1.0,70,2.0,9.22673511505127
C1,10,0.8559587577917702,17.8,17.5,1,2.799999952316284,24.0,1.0,30,2.0,7.802707672119141
C1,11,0.7084760865278696,17.9,17.4,1,1.600000023841858,13.0,1.0,70,1.0,8.414958000183105
C1,12,0.7664365153396192,17.8,17.3,1,1.2000000476837158,10.0,1.0,50,2.0,9.048974990844727
C1,13,0.8591758329899635,17.9,17.4,1,3.5999999046325684,28.0,1.0,30,2.0,9.696051597595215
C1,14,0.5744120147012152,50.0,17.7,1,1.2000000476837158,6.0,1.0,30,2.0,8.750964164733887
C1,15,0.711953628307409,17.6,17.4,1,3.200000047683716,24.0,1.0,70,3.0,8.583911895751953
C1,16,0.6595180141485568,32.5,25.2,1,3.200000047683716,21.0,1.0,50,1.0,9.417014122009277
C1,17,0.7076406626870005,17.8,17.2,1,1.2000000476837158,10.0,1.0,70,2.0,10.183541297912598
C1,18,0.7679480189220103,18.599999999999998,17.5,1,1.600000023841858,14.0,1.0,50,1.0,11.443458557128906
C1,19,0.5955685529987893,33.099999999999994,25.4,1,4.800000190734863,26.0,1.0,70,1.0,12.866074562072754
C1,20,0.7110637162504144,17.8,17.5,1,2.799999952316284,22.0,1.0,70,2.0,14.519644737243652
C1,21,0.7634133252940951,32.9,26.4,1,9.600000381469727,48.0,1.0,30,2.0,16.84511947631836
C1,22,0.6812893625812153,18.3,17.6,1,2.0,16.0,1.0,90,1.0,16.907072067260742
C1,23,0.8510615300280377,18.3,17.7,1,1.600000023841858,14.0,1.0,30,2.0,16.41090965270996
C1,24,0.6822774582840988,18.0,17.7,1,3.200000047683716,24.0,1.0,90,3.0,13.979879379272461
C1,25,0.7386889658193819,34.0,26.9,1,5.599999904632568,23.0,1.0,30,1.0,13.454594612121582
C1,26,0.711953628307409,18.0,17.6,1,3.200000047683716,28.0,1.0,70,2.0,14.07275676727295
C1,27,0.8494120147012152,17.8,17.5,1,1.2000000476837158,11.0,1.0,30,1.0,14.843653678894043
C1,28,0.6525724330031015,33.6,27.400000000000002,1,4.0,20.0,1.0,50,1.0,14.906192779541016
C1,29,0.1637426740050566,63.9,42.9,1,17.200000762939453,49.0,1.0,70,1.0,19.610382080078125
C1,30,0.7694704801128012,18.2,17.5,1,2.0,13.0,1.0,50,1.0,22.699562072753906
C1,31,0.17928963067015913,115.5,66.9,1,59.599998474121094,128.0,1.0,70,2.0,30.419736862182617
C1,32,0.6400142164174877,39.199999999999996,27.599999999999998,2,15.199999809265137,108.0,1.0,50,3.0,33.31850814819336
C1,33,0.4374572485701772,49.8,37.699999999999996,2,22.600000381469727,100.0,1.0,90,2.0,39.99110412597656
C1,34,0.43442728171463596,47.6,31.3,2,8.399999618530273,48.0,1.0,90,1.0,41.861328125
C1,35,0.2793866848374828,71.9,40.099999999999994,2,52.0,195.0,1.0,70,3.0,46.85013198852539
C1,36,0.04679485969984812,103.5,51.3,5,95.19999694824219,393.0,1.0,70,3.0,60.64341354370117
C1,37,0.35024665862742843,38.699999999999996,25.4,14,9.600000381469727,133.0,1.0,30,1.0,80.25271606445312
C1,38,0.58195585207545,31.6,20.400000000000002,14,9.142857551574707,204.0,1.0,90,3.0,92.41829681396484
C1,39,0.6337292746018829,28.9,19.8,14,4.657142639160156,110.0,1.0,70,2.0,89.58431243896484
C1,40,0.7665441116430486,17.8,17.5,14,1.2285714149475098,54.0,1.0,50,2.0,73.7505874633789
C1,41,0.6518132858517733,27.400000000000002,19.099999999999998,14,6.4285712242126465,159.0,1.0,70,3.0,62.25035095214844
C1,42,0.40668555237171866,17.7,17.2,3,0.5428571701049805,26.0,1.0,30,2.0,49.75020980834961
C1,43,0.7051721850233532,28.5,20.299999999999997,3,5.4666666984558105,78.0,1.0,50,3.0,42.11679458618164
C1,44,0.765435040027858,17.3,17.0,3,0.9333333373069763,16.0,1.0,50,1.0,32.60340881347656
C1,45,0.7918746209817764,27.400000000000002,19.3,3,3.7333333492279053,42.0,1.0,30,2.0,27.962045669555664
C1,46,0.6065836307350881,32.4,23.0,3,6.666666507720947,64.0,1.0,70,2.0,25.97722816467285
C1,47,0.5461674108466714,33.300000000000004,24.1,1,5.199999809265137,24.0,1.0,90,1.0,25.853002548217773
C1,48,0.8591758329899635,17.8,17.4,1,3.5999999046325684,30.0,1.0,30,2.0,24.97846794128418
C1,49,0.6941546792737012,32.300000000000004,25.7,1,11.199999809265137,58.0,1.0,50,2.0,24.053747177124023
C1,50,0.6001202949740757,32.2,25.6,1,3.200000047683716,22.0,1.0,70,1.0,23.232248306274414
C1,51,0.16683261076155173,60.8,43.1,1,15.600000381469727,42.0,1.0,70,1.0,26.3393497467041
C1,52,0.25612500000000005,88.5,48.599999999999994,2,46.400001525878906,162.0,1.0,50,3.0,31.536943435668945
C1,53,0.22449999999999998,100.0,49.4,3,28.799999237060547,99.0,1.0,30,1.0,44.92216491699219
C1,54,0.2641,85.6,44.5,4,58.400001525878906,202.0,1.0,50,2.0,60.81996536254883
C1,55,0.6268884014059146,37.900000000000006,25.1,4,7.400000095367432,58.0,1.0,50,1.0,70.89198303222656
C1,56,0.32101101075379657,60.3,36.8,5,81.4000015258789,372.0,1.0,70,3.0,80.26852416992188
C1,57,0.524771611686123,37.5,24.1,5,6.320000171661377,58.0,1.0,90,1.0,80.1611099243164
C1,58,0.6358702949740758,28.299999999999997,19.5,5,3.200000047683716,69.0,1.0,70,3.0,75.43000030517578
C1,59,0.7658350300582394,17.6,17.3,5,1.0399999618530273,28.0,1.0,50,2.0,57.92466735839844
C1,60,0.8467569239884147,17.9,17.3,5,0.5600000023841858,15.0,1.0,30,1.0,41.688133239746094
C1,61,0.6080111670298723,32.599999999999994,22.1,5,7.920000076293945,90.0,1.0,70,2.0,34.879547119140625
C1,62,0.413002915082594,32.800000000000004,23.8,1,10.800000190734863,54.0,1.0,90,2.0,32.52772903442383
C1,63,0.556989034929958,44.2,34.2,1,24.399999618530273,90.0,1.0,70,3.0,33.11663818359375
C1,64,0.6626265182647975,33.2,27.900000000000002,1,5.599999904632568,25.0,1.0,50,1.0,30.803316116333008
C1,65,0.6826224492010974,17.8,17.5,1,3.5999999046325684,26.0,1.0,90,2.0,27.548656463623047
C1,66,0.6956017730581608,32.7,25.9,1,12.399999618530273,69.0,1.0,50,3.0,24.662527084350586
C1,67,0.08000275315666443,145.5,79.8,2,84.19999694824219,190.0,1.0,70,2.0,32.264183044433594
C1,68,0.22287500000000002,103.5,56.0,2,70.4000015258789,190.0,1.0,70,2.0,47.75851058959961
C1,69,0.5469473956750516,42.9,28.400000000000002,5,8.239999771118164,63.0,1.0,30,1.0,62.3884391784668
C1,70,0.6447097312709824,47.199999999999996,31.9,7,60.08000183105469,333.0,1.0,50,3.0,73.29972839355469
C1,71,0.5242835730436494,43.4,28.7,7,33.20000076293945,248.0,1.0,90,2.0,83.71317291259766
C1,72,0.7414999999999999,38.6,25.8,8,21.0,190.0,1.0,30,2.0,94.2279052734375
C1,73,0.7307132426686738,24.0,19.5,8,1.4500000476837158,32.0,1.0,50,1.0,90.00341033935547
C1,74,0.7256985582342629,35.1,24.8,8,24.850000381469727,249.0,1.0,50,3.0,82.00204467773438
C1,75,0.6423116637718109,38.699999999999996,26.8,8,12.800000190734863,108.0,1.0,50,1.0,78.93456268310547
C1,76,0.6212708703469172,29.7,20.2,8,2.4000000953674316,46.0,1.0,70,1.0,78.96073913574219
C1,77,0.35612468275354414,38.699999999999996,26.1,4,8.5,82.0,1.0,90,1.0,78.84310913085938
C1,78,0.5912988785395388,45.199999999999996,30.900000000000002,4,34.79999923706055,210.0,1.0,70,3.0,73.70586395263672
C1,79,0.6938333333333334,43.8,29.4,5,24.0,168.0,1.0,30,2.0,75.690185546875
C1,80,0.5846296705700895,43.4,28.0,5,29.360000610351562,213.0,1.0,70,3.0,75.41410827636719
C1,81,0.5963350304404531,33.099999999999994,23.5,5,5.119999885559082,50.0,1.0,70,1.0,72.58180236816406
C1,82,0.6500583480465566,23.5,19.2,5,3.0399999618530273,60.0,1.0,90,3.0,62.34907913208008
C1,83,0.7649361839831669,17.8,17.3,5,0.800000011920929,15.0,1.0,50,3.0,47.409446716308594
C1,84,0.6642510186059749,17.9,17.5,3,0.6399999856948853,12.0,1.0,90,1.0,33.37900161743164
C1,85,0.8516095659005859,18.0,17.5,3,1.7333333492279053,32.0,1.0,30,2.0,24.427400588989258
C1,86,0.7708717197831727,17.9,17.6,1,6.400000095367432,54.0,1.0,50,3.0,20.78977394104004
C1,87,0.8607685509003341,17.9,17.6,1,4.0,30.0,1.0,30,3.0,18.340530395507812
C1,88,0.709325018440201,19.599999999999998,17.7,1,2.0,15.0,1.0,70,1.0,16.737651824951172
C1,89,0.8639198485148963,17.9,17.6,1,4.800000190734863,42.0,1.0,30,3.0,15.24259090423584
C1,90,0.7110637162504144,17.8,17.6,1,2.799999952316284,24.0,1.0,70,2.0,14.612221717834473
C1,91,0.7702251019079882,32.599999999999994,26.1,1,10.800000190734863,54.0,1.0,30,2.0,15.833999633789062
C1,92,0.8494120147012152,18.1,17.5,1,1.2000000476837158,11.0,1.0,30,1.0,16.16706657409668
C1,93,0.7694704801128012,18.1,17.5,1,2.0,11.0,1.0,50,1.0,16.23357391357422
C1,94,0.7147064113895218,18.1,17.6,1,4.400000095367432,36.0,1.0,70,2.0,15.073476791381836
C1,95,0.8670222991527153,18.1,17.6,1,5.599999904632568,48.0,1.0,30,3.0,15.044086456298828
C1,96,0.5927749141875284,33.2,26.0,1,4.0,20.0,1.0,70,1.0,16.226451873779297
C1,97,0.852702823555001,18.1,17.6,1,2.0,14.0,1.0,30,1.0,16.402538299560547
C1,98,0.8510615300280377,17.9,17.6,1,1.600000023841858,14.0,1.0,30,1.0,16.24152183532715
C1,99,0.7694704801128012,18.2,17.7,1,2.0,12.0,1.0,50,3.0,14.011580467224121
C1,100,0.5744120147012152,50.0,17.4,1,1.2000000476837158,8.0,1.0,30,2.0,11.34028148651123
C1,101,0.7110637162504144,17.8,17.4,1,2.799999952316284,16.0,1.0,70,1.0,10.004168510437012
C1,102,0.40536883755156783,50.0,17.5,1,0.800000011920929,5.0,1.0,90,1.0,9.335834503173828
C1,103,0.8510615300280377,17.9,17.5,1,1.600000023841858,12.0,1.0,30,3.0,8.934834480285645
C1,104,0.43101000866160666,50.0,17.5,1,0.4000000059604645,2.0,1.0,70,1.0,6.827567100524902
C1,105,0.7076406626870005,17.7,17.4,1,1.2000000476837158,12.0,1.0,70,3.0,5.429873466491699
C1,106,0.6816110464429402,17.6,17.4,1,2.4000000953674316,18.0,1.0,90,1.0,6.4579243659973145
C1,107,0.7741013474818902,17.5,17.3,1,3.200000047683716,24.0,1.0,50,2.0,8.408087730407715
C1,108,0.49143651533961924,50.0,17.5,1,1.2000000476837158,6.0,1.0,50,3.0,9.311519622802734
C1,109,0.6816110464429402,17.9,17.6,1,2.4000000953674316,21.0,1.0,90,3.0,8.386911392211914
C1,110,0.40507640868882416,50.0,17.5,1,0.4000000059604645,2.0,1.0,90,2.0,6.365480422973633
C1,111,0.7788223701562585,18.0,17.6,1,4.400000095367432,42.0,1.0,50,3.0,6.752621650695801
C1,112,0.6812893625812153,17.8,17.5,1,2.0,18.0,1.0,90,3.0,6.8515729904174805
C1,113,0.49143651533961924,50.0,17.7,1,1.2000000476837158,6.0,1.0,50,2.0,7.177610397338867
C1,114,0.48844723244420896,50.0,17.5,1,0.4000000059604645,2.0,1.0,50,1.0,5.773232936859131
C1,115,0.7679480189220103,17.8,17.4,1,1.600000023841858,12.0,1.0,50,2.0,4.930606365203857
C1,116,0.7110637162504144,17.9,17.4,1,2.799999952316284,24.0,1.0,70,2.0,5.625030517578125
C1,117,0.7710036769368389,17.6,17.4,1,2.4000000953674316,12.0,1.0,50,3.0,6.308351516723633
C1,118,0.8494120147012152,17.7,17.3,1,1.2000000476837158,12.0,1.0,30,3.0,6.4516777992248535
C1,119,0.48844723244420896,50.0,17.4,1,0.4000000059604645,2.0,1.0,50,1.0,5.204339981079102
C1,120,0.43101000866160666,50.0,17.5,1,0.4000000059604645,3.0,1.0,70,1.0,4.322604179382324
C1,121,0.7632468583329259,32.300000000000004,25.6,1,8.0,42.0,1.0,30,2.0,6.0602288246154785
C1,122,0.49143651533961924,50.0,17.4,1,1.2000000476837158,8.0,1.0,50,1.0,7.902803897857666
C1,123,0.772547377988288,18.3,17.5,1,2.799999952316284,16.0,1.0,50,2.0,9.675015449523926
C1,124,0.8510615300280377,18.0,17.5,1,1.600000023841858,10.0,1.0,30,2.0,8.605009078979492
C1,125,0.7679480189220103,18.2,17.5,1,1.600000023841858,10.0,1.0,50,1.0,8.2296724319458
C1,126,0.7804148819201024,17.7,17.3,1,4.800000190734863,39.0,1.0,50,3.0,8.671136856079102
C1,127,0.7741013474818902,18.1,17.5,1,3.200000047683716,22.0,1.0,50,2.0,9.736015319824219
C1,128,0.6822774582840988,17.5,17.2,1,3.200000047683716,27.0,1.0,90,3.0,10.241609573364258
C1,129,0.6812893625812153,17.3,17.2,1,2.0,12.0,1.0,90,1.0,10.411632537841797
C1,130,0.7068186650310507,18.3,17.5,1,0.800000011920929,10.0,1.0,70,1.0,10.3803129196167
C1,131,0.7804148819201024,17.7,17.4,1,4.800000190734863,36.0,1.0,50,2.0,11.56152057647705
C1,132,0.7084760865278696,17.8,17.5,1,1.600000023841858,11.0,1.0,70,1.0,12.13691234588623
C1,133,0.8575724027518892,17.8,17.5,1,3.200000047683716,26.0,1.0,30,2.0,12.882147789001465
C1,134,0.40566838741470695,50.0,17.3,1,1.2000000476837158,8.0,1.0,90,2.0,11.462621688842773
C1,135,0.7741013474818902,17.9,17.5,1,3.200000047683716,21.0,1.0,50,3.0,10.0775728225708
C1,136,0.6864715291010839,32.4,25.6,1,9.600000381469727,48.0,1.0,50,2.0,10.713210105895996
C1,137,0.7084760865278696,17.9,17.5,1,1.600000023841858,11.0,1.0,70,1.0,12.027926445007324
C1,138,0.7110637162504144,18.0,17.3,1,2.799999952316284,24.0,1.0,70,3.0,12.950089454650879
C1,139,0.7147064113895218,17.6,17.3,1,4.400000095367432,39.0,1.0,70,3.0,12.036720275878906
C1,140,0.6819403678361281,17.7,17.5,1,2.799999952316284,21.0,1.0,90,3.0,10.955365180969238
C1,141,0.8607685509003341,18.3,17.6,1,4.0,32.0,1.0,30,2.0,11.37321949005127
C1,142,0.5744120147012152,50.0,17.7,1,1.2000000476837158,6.0,1.0,30,1.0,10.690598487854004
C1,143,0.7820163576443,17.9,17.5,1,5.199999809265137,45.0,1.0,50,3.0,11.347692489624023
C1,144,0.43181866503105076,50.0,17.3,1,0.800000011920929,6.0,1.0,70,2.0,10.008615493774414
C1,145,0.7804148819201024,17.6,17.4,1,4.800000190734863,36.0,1.0,50,3.0,10.005168914794922
C1,146,0.8494120147012152,17.8,17.5,1,1.2000000476837158,12.0,1.0,30,1.0,9.60310173034668
C1,147,0.7101875370135838,18.0,17.5,1,2.4000000953674316,14.0,1.0,70,2.0,9.895194053649902
C1,148,0.852702823555001,17.9,17.6,1,2.0,14.0,1.0,30,2.0,9.403782844543457
C1,149,0.7710036769368389,17.7,17.3,1,2.4000000953674316,14.0,1.0,50,1.0,9.375603675842285
C1,150,0.6809751861440221,17.7,17.4,1,1.600000023841858,12.0,1.0,90,2.0,9.225361824035645
C1,151,0.7450167225668677,32.800000000000004,25.8,1,4.400000095367432,22.0,1.0,30,1.0,11.13521671295166
C1,152,0.8559587577917702,17.4,17.3,1,2.799999952316284,24.0,1.0,30,3.0,11.481130599975586
C1,153,0.709325018440201,17.7,17.3,1,2.0,13.0,1.0,70,1.0,12.622011184692383
C1,154,0.43181866503105076,50.0,17.4,1,0.800000011920929,7.0,1.0,70,1.0,11.306540489196777
C1,155,0.7101875370135838,17.7,17.4,1,2.4000000953674316,20.0,1.0,70,2.0,10.783924102783203
C1,156,0.6833366638685273,17.9,17.5,1,4.400000095367432,36.0,1.0,90,3.0,10.337020874023438
C1,157,0.6837061540247694,18.2,17.8,1,4.800000190734863,36.0,1.0,90,3.0,10.735546112060547
C1,158,0.7110637162504144,18.2,17.6,1,2.799999952316284,22.0,1.0,70,2.0,11.107994079589844
C1,159,0.49143651533961924,50.0,17.5,1,1.2000000476837158,8.0,1.0,50,1.0,10.79813003540039
C1,160,0.8591758329899635,17.8,17.4,1,3.5999999046325684,28.0,1.0,30,2.0,10.878877639770508
C1,161,0.6833366638685273,17.8,17.4,1,4.400000095367432,38.0,1.0,90,2.0,11.993993759155273
C1,162,0.6809751861440221,17.8,17.4,1,1.600000023841858,14.0,1.0,90,1.0,13.463062286376953
C1,163,0.7110637162504144,18.4,17.5,1,2.799999952316284,19.0,1.0,70,1.0,15.011171340942383
C1,164,0.48993618398316685,50.0,17.3,1,0.800000011920929,8.0,1.0,50,2.0,13.940035820007324
C1,165,0.7679480189220103,17.6,17.3,1,1.600000023841858,12.0,1.0,50,3.0,11.964021682739258
C1,166,0.6351215689618517,32.300000000000004,25.7,1,16.0,81.0,1.0,70,3.0,11.84507942199707
C1,167,0.4326406626870005,50.0,17.4,1,1.2000000476837158,9.0,1.0,70,1.0,12.440381050109863
C1,168,0.8510615300280377,18.0,17.5,1,1.600000023841858,10.0,1.0,30,1.0,13.597561836242676
C1,169,0.6837061540247694,17.8,17.4,1,4.800000190734863,34.0,1.0,90,2.0,12.958537101745605
C1,170,0.5744120147012152,50.0,17.5,1,1.2000000476837158,8.0,1.0,30,2.0,11.908455848693848
C1,171,0.711953628307409,18.3,17.5,1,3.200000047683716,17.0,1.0,70,1.0,12.211740493774414
C1,172,0.709325018440201,17.7,17.3,1,2.0,17.0,1.0,70,1.0,12.39371109008789
C1,173,0.709325018440201,18.2,17.6,1,2.0,10.0,1.0,70,1.0,13.302892684936523
C1,174,0.8543353991895412,17.8,17.4,1,2.4000000953674316,18.0,1.0,30,3.0,12.381735801696777
C1,175,0.8575724027518892,17.7,17.4,1,3.200000047683716,26.0,1.0,30,2.0,11.295707702636719
C1,176,0.8607685509003341,18.1,17.5,1,4.0,36.0,1.0,30,2.0,11.710758209228516
C1,177,0.6816110464429402,18.599999999999998,17.6,1,2.4000000953674316,16.0,1.0,90,2.0,12.226454734802246
C1,178,0.7772390996697683,17.8,17.5,1,4.0,36.0,1.0,50,2.0,13.202539443969727
C1,179,0.8543353991895412,18.0,17.6,1,2.4000000953674316,12.0,1.0,30,1.0,12.988190650939941
C1,180,0.5727547725551173,50.0,17.7,1,0.800000011920929,6.0,1.0,30,1.0,12.592914581298828
C1,181,0.4793169214492216,44.0,34.0,1,16.799999237060547,62.0,1.0,90,2.0,14.089081764221191
C1,182,0.43181866503105076,50.0,17.5,1,0.800000011920929,8.0,1.0,70,1.0,14.453449249267578
C1,183,0.11237526730342012,131.5,72.6,2,46.400001525878906,82.0,1.0,30,1.0,24.805402755737305
C1,184,0.10552568159607227,106.80000000000001,55.199999999999996,3,125.80000305175781,327.0,1.0,90,3.0,41.41657638549805
C1,185,0.1657570265767117,76.1,40.4,4,48.5,216.0,1.0,90,2.0,64.71661376953125
C1,186,0.6869733576718612,22.3,18.2,4,1.399999976158142,25.0,1.0,70,1.0,71.09663391113281
C1,187,0.580202949256029,31.6,21.0,4,7.599999904632568,99.0,1.0,90,3.0,64.79131317138672
C1,188,0.6231607107221782,33.099999999999994,23.8,4,14.600000381469727,144.0,1.0,70,3.0,53.008121490478516
C1,189,0.5850374778291655,34.9,24.8,4,7.199999809265137,59.0,1.0,70,1.0,50.47153854370117
C1,190,0.5341601266982093,44.1,30.599999999999998,3,20.299999237060547,136.0,1.0,70,2.0,53.61625671386719
C1,191,0.6970343452254159,38.6,26.0,3,5.733333110809326,42.0,1.0,30,1.0,54.703086853027344
C1,192,0.6188326168128836,49.4,34.4,5,42.720001220703125,252.0,1.0,30,3.0,58.68851852416992
C1,193,0.6693066705369958,24.2,19.599999999999998,5,1.2799999713897705,26.0,1.0,70,1.0,55.47977828979492
C1,194,0.6445013627798334,27.3,19.2,5,2.9600000381469727,56.0,1.0,70,2.0,51.6878662109375
C1,195,0.6189620229910107,40.800000000000004,28.8,5,11.84000015258789,83.0,1.0,50,1.0,49.279388427734375
C1,196,0.6774122478075532,43.5,29.0,5,13.039999961853027,84.0,1.0,30,1.0,55.567630767822266
C1,197,0.7425586782465126,33.0,22.5,3,8.479999542236328,96.0,1.0,30,2.0,62.00724411010742
C1,198,0.43335493783582185,48.5,31.9,3,13.866666793823242,69.0,1.0,90,1.0,64.00434875488281
C1,199,0.847200726943179,17.6,17.3,3,0.6666666865348816,11.0,1.0,30,1.0,55.469276428222656
C1,200,0.7439841572219884,33.7,24.299999999999997,3,6.266666889190674,44.0,1.0,30,1.0,49.81489944458008
C1,201,0.6934880687338212,34.8,25.2,3,16.399999618530273,123.0,1.0,50,3.0,42.68893814086914
C1,202,0.6058804128511553,32.099999999999994,22.1,2,8.399999618530273,69.0,1.0,70,3.0,40.013362884521484
C1,203,0.7641635249995925,32.2,21.5,2,8.0,84.0,1.0,30,3.0,36.27468490600586
C1,204,0.5705029150825942,32.2,25.9,1,10.800000190734863,56.0,1.0,90,2.0,32.29814529418945
C1,205,0.6533500540217826,42.8,32.7,1,24.399999618530273,102.0,1.0,50,3.0,31.378887176513672
C1,206,0.48326000788479473,44.3,34.1,1,20.399999618530273,78.0,1.0,90,2.0,32.29399871826172
C1,207,0.5324549022951851,43.5,32.5,1,16.0,60.0,1.0,70,2.0,33.10973358154297
C1,208,0.588873390374143,43.6,34.3,1,30.799999237060547,114.0,1.0,70,3.0,34.13250732421875
C1,209,0.494691580854195,43.9,33.2,1,24.0,90.0,1.0,90,3.0,33.54616928100586
C1,210,0.7499774278277693,32.599999999999994,25.3,1,5.199999809265137,28.0,1.0,30,1.0,32.927703857421875
C1,211,0.016472180365099225,105.80000000000001,47.9,5,50.900001525878906,225.0,1.0,30,3.0,37.48995590209961
C1,212,0.6411736208384535,27.900000000000002,19.3,5,3.9200000762939453,84.0,1.0,70,3.0,39.96063995361328
C1,213,0.6068404936613502,28.2,19.099999999999998,5,2.880000114440918,58.0,1.0,90,2.0,41.576385498046875
C1,214,0.7872100344523979,28.299999999999997,20.1,5,4.639999866485596,70.0,1.0,30,2.0,37.21249771118164
C1,215,0.731440261391007,33.300000000000004,21.5,5,2.1600000858306885,30.0,1.0,30,1.0,34.86083221435547
C1,216,0.719759604825276,32.9,21.3,3,2.319999933242798,38.0,1.0,30,1.0,34.64983367919922
C1,217,-0.009790621847312681,111.69999999999999,59.1,1,28.799999237060547,61.0,1.0,90,1.0,37.989898681640625
C1,218,0.6012393313630386,32.800000000000004,25.5,1,6.0,28.0,1.0,70,1.0,39.727272033691406
C1,219,0.7475031818482296,32.7,25.6,1,4.800000190734863,29.0,1.0,30,1.0,39.569698333740234
C1,220,0.5370382356285185,43.0,33.0,1,16.0,60.0,1.0,70,2.0,35.341819763183594
C1,221,0.12264242690381408,127.40000000000002,62.5,3,63.86666488647461,249.0,1.0,50,3.0,40.138423919677734
C1,222,0.5369600547309319,44.0,28.8,6,8.266666412353516,74.0,1.0,30,1.0,49.016387939453125
C1,223,0.7067370698159033,38.699999999999996,26.3,6,8.600000381469727,72.0,1.0,30,1.0,59.94316482543945
C1,224,0.5884527038467096,44.699999999999996,30.4,6,53.06666564941406,339.0,1.0,90,3.0,70.49922943115234
C1,225,0.6502017452106928,45.199999999999996,30.900000000000002,6,49.46666717529297,310.0,1.0,70,2.0,87.63287353515625
C1,226,0.5849166666666666,39.1,26.5,10,28.079999923706055,282.0,1.0,30,2.0,107.1130599975586
C1,227,0.5652069983991642,38.800000000000004,25.1,10,12.800000190734863,133.0,1.0,70,1.0,121.46783447265625
C1,228,0.6807565766749339,38.0,25.1,10,40.31999969482422,411.0,1.0,70,3.0,127.68070220947266
C1,229,0.6241548706483393,33.300000000000004,23.0,14,18.02857208251953,246.0,1.0,30,2.0,129.0084228515625
C1,230,0.5674090560801078,33.099999999999994,23.0,14,8.45714282989502,115.0,1.0,90,1.0,127.4050521850586
C1,231,0.765702379512788,33.0,22.8,14,10.54285717010498,144.0,1.0,30,1.0,127.3763656616211
C1,232,0.7668420051689152,33.0,22.700000000000003,14,10.885714530944824,152.0,1.0,30,1.0,131.22581481933594
C1,233,0.7713695214632226,32.800000000000004,22.700000000000003,14,11.714285850524902,159.0,1.0,30,1.0,139.40216064453125
C1,234,0.4156513210826703,37.400000000000006,24.9,6,13.822221755981445,131.0,1.0,30,1.0,142.5746307373047
C1,235,0.69175,44.900000000000006,30.599999999999998,6,21.266666412353516,135.0,1.0,30,1.0,142.21144104003906
C1,236,0.5549148781124603,44.6,30.0,6,24.799999237060547,155.0,1.0,70,1.0,141.460205078125
C1,237,0.5436835915120327,43.5,28.9,9,71.13333129882812,471.0,1.0,50,3.0,144.4761199951172
C1,238,0.6956656339710398,38.6,26.0,9,45.377777099609375,408.0,1.0,70,3.0,146.41900634765625
C1,239,0.7209240821300386,37.8,25.1,9,30.311111450195312,274.0,1.0,50,2.0,145.1847381591797
C1,240,0.7096460298385332,38.199999999999996,25.3,9,28.133333206176758,266.0,1.0,50,2.0,141.24417114257812
C1,241,0.5972795352925004,38.6,25.6,9,41.55555725097656,381.0,1.0,90,3.0,137.67984008789062
C1,242,0.63625,33.5,23.599999999999998,13,29.13846206665039,366.0,1.0,30,3.0,133.54122924804688
C1,243,0.6084804828933867,32.9,23.099999999999998,13,9.10769271850586,117.0,1.0,70,1.0,128.92474365234375
C1,244,0.7522925039439301,33.2,23.2,13,27.261537551879883,354.0,1.0,50,3.0,124.95484161376953
C1,245,0.5643985974179375,33.7,23.3,13,10.523077011108398,134.0,1.0,90,1.0,124.17290496826172
C1,246,0.7962499999999999,33.5,23.5,13,30.799999237060547,396.0,1.0,30,3.0,125.70374298095703
C1,247,0.7285647306749807,33.099999999999994,22.9,13,21.015384674072266,297.0,1.0,50,3.0,124.08891296386719
C1,248,0.6802329932504657,19.5,17.4,13,0.6153846383094788,28.0,1.0,90,2.0,107.1200180053711
C1,249,0.8464750233761195,17.7,17.4,13,0.4923076927661896,19.0,1.0,30,1.0,81.87200927734375
C1,250,0.7626010939645494,31.8,20.8,13,6.584615230560303,132.0,1.0,30,2.0,62.323204040527344
C1,251,0.40524003431999855,33.300000000000004,22.8,8,9.2615385055542,114.0,1.0,70,1.0,63.9272575378418
C1,252,0.32739757627932997,46.800000000000004,31.0,3,42.93333435058594,286.0,1.0,90,2.0,81.42301940917969
C1,253,0.21016045655979596,55.300000000000004,36.1,6,66.31999969482422,345.0,1.0,50,3.0,98.45381164550781
C1,254,0.6954166666666667,44.5,30.099999999999998,6,60.46666717529297,390.0,1.0,70,3.0,110.80561828613281
C1,255,0.5192270242946774,38.3,25.8,6,8.0,70.0,1.0,90,1.0,108.4833755493164
C1,256,0.6773395989487934,44.6,30.4,6,16.66666603088379,100.0,1.0,30,1.0,105.09002685546875
C1,257,0.7338257322179298,38.699999999999996,25.7,6,17.66666603088379,146.0,1.0,30,2.0,95.45401763916016
C1,258,0.6874166666666667,44.5,30.0,7,36.06666564941406,226.0,1.0,30,2.0,95.4057388305664
C1,259,0.7322261451203415,39.0,26.700000000000003,7,18.171428680419922,162.0,1.0,30,2.0,92.84344482421875
C1,260,0.6191159440948851,33.9,24.1,7,15.600000381469727,158.0,1.0,70,2.0,92.10606384277344
C1,261,0.7348333333333333,40.2,27.900000000000002,7,32.228572845458984,248.0,1.0,30,2.0,93.13031005859375
C1,262,0.7424166666666667,38.5,26.1,8,20.75,184.0,1.0,30,2.0,95.21151733398438
C1,263,0.7862920911251035,27.599999999999998,19.400000000000002,8,2.799999952316284,62.0,1.0,30,2.0,90.06024169921875
C1,264,0.7559166666666667,37.900000000000006,25.4,8,20.850000381469727,188.0,1.0,30,2.0,82.969482421875
C1,265,0.6981245599802283,27.7,19.099999999999998,8,1.7999999523162842,60.0,1.0,50,3.0,69.11502075195312
C1,266,0.8256004846698757,22.8,18.5,8,1.649999976158142,48.0,1.0,30,2.0,59.86901092529297
C1,267,0.8309234084714489,18.3,17.2,6,0.6000000238418579,12.0,1.0,30,2.0,42.58807373046875
C1,268,0.5961443622542153,32.9,23.2,6,4.266666889190674,51.0,1.0,70,1.0,36.35284423828125
C1,269,0.559584802195561,34.0,24.7,4,19.33333396911621,195.0,1.0,90,3.0,38.078372955322266
C1,270,0.3455,56.0,36.3,5,31.760000228881836,180.0,1.0,30,2.0,50.313690185546875
C1,271,0.594712679589711,43.0,27.900000000000002,5,10.880000114440918,77.0,1.0,50,1.0,61.12154769897461
C1,272,0.6835,45.8,30.8,5,49.20000076293945,294.0,1.0,50,3.0,72.00626373291016
C1,273,0.6105192597494574,34.2,24.299999999999997,9,15.822221755981445,176.0,1.0,30,2.0,78.27042388916016
C1,274,0.6160379657503774,38.4,25.6,9,45.86666488647461,417.0,1.0,90,3.0,90.29558563232422
C1,275,0.6517274363662324,23.3,19.099999999999998,9,2.844444513320923,62.0,1.0,90,2.0,88.57735443115234
C1,276,0.5810658133676074,32.300000000000004,21.8,9,13.333333015441895,189.0,1.0,90,3.0,84.21308135986328
C1,277,0.7665210285771082,33.099999999999994,22.9,9,11.066666603088379,140.0,1.0,30,2.0,72.39451599121094
C1,278,0.11653986398733404,38.0,24.9,23,60.68571472167969,792.0,1.0,30,2.0,113.97003936767578
C1,279,-0.022666666666666564,31.2,21.3,44,58.754547119140625,2154.0,1.0,50,3.0,226.24868774414062
C1,280,0.7790103891518274,28.1,20.400000000000002,44,62.1363639831543,3600.0,1.0,90,3.0,494.68255615234375
C1,281,-0.9820000000000002,22.4,18.9,91,21.635164260864258,1825.0,1.0,30,1.0,846.2761840820312
C1,282,0.5343333333333333,22.8,19.099999999999998,100,29.091999053955078,3600.0,1.0,30,2.0,1378.9656982421875
C1,283,0.7127102264471012,22.599999999999998,19.0,100,32.47600173950195,3600.0,1.0,90,2.0,1936.179443359375
C1,284,0.898,22.4,19.0,100,33.58000183105469,3600.0,1.0,30,2.0,2363.17431640625
C1,285,0.8619715433689649,19.5,18.0,100,4.303999900817871,368.0,1.0,30,2.0,2226.43798828125
C1,286,0.7846452484649307,19.0,17.8,100,5.8520002365112305,513.0,1.0,50,3.0,1719.196044921875
C1,287,0.6813626803617482,19.2,17.9,100,2.0920000076293945,164.0,1.0,90,1.0,1100.7176513671875
C1,288,0.7688137060097955,20.1,18.2,100,2.068000078201294,167.0,1.0,50,1.0,727.3639526367188
C1,289,0.7752890799460967,19.7,18.1,100,3.503999948501587,302.0,1.0,50,2.0,500.6850280761719
C1,290,-3.0056768819781983,30.3,20.7,10,9.520000457763672,246.0,1.0,90,3.0,353.7443542480469
C1,291,0.7183204720837106,38.3,26.1,8,36.36000061035156,408.0,1.0,50,2.0,270.5132751464844
C1,292,0.5625639354433428,40.4,27.5,8,36.5,336.0,1.0,90,2.0,222.84129333496094
C1,293,0.6125204882770929,39.4,27.599999999999998,8,47.25,420.0,1.0,90,3.0,201.97145080566406
C1,294,0.5925833333333334,33.9,23.900000000000002,13,20.30769157409668,260.0,1.0,30,2.0,179.58287048339844
C1,295,0.7935,33.8,23.7,13,20.30769157409668,262.0,1.0,30,2.0,161.2163848876953
C1,296,0.7648990807693341,33.7,23.5,13,12.276923179626465,152.0,1.0,30,1.0,151.79649353027344
C1,297,0.7953333333333333,33.6,23.5,13,26.24615478515625,342.0,1.0,30,2.0,151.61123657226562
C1,298,0.7999166666666667,33.099999999999994,23.099999999999998,13,24.676923751831055,324.0,1.0,30,2.0,155.63340759277344
C1,299,0.7999166666666667,33.099999999999994,23.2,13,33.661537170410156,434.0,1.0,30,2.0,166.71337890625
C1,300,0.6259588197174097,33.7,23.5,13,17.076923370361328,222.0,1.0,70,1.0,180.16136169433594
C1,301,0.7830268059126491,33.300000000000004,23.400000000000002,13,17.538461685180664,228.0,1.0,30,2.0,181.8301544189453
C1,302,0.7776920232341487,33.300000000000004,23.3,13,15.415384292602539,200.0,1.0,30,2.0,167.23143005371094
C1,303,0.7980833333333334,33.300000000000004,23.5,13,28.123077392578125,370.0,1.0,30,2.0,153.53884887695312
C1,304,0.6418776348416165,33.2,23.7,13,20.24615478515625,266.0,1.0,70,2.0,147.8566436767578
C1,305,0.7860296577722783,28.9,20.299999999999997,13,5.753846168518066,120.0,1.0,30,2.0,139.11398315429688
C1,306,0.7848333333333334,33.0,23.0,15,34.769229888916016,452.0,1.0,30,2.0,139.33505249023438
C1,307,0.6834972431645717,32.7,22.3,15,49.54666519165039,750.0,1.0,90,3.0,155.0677032470703
C1,308,0.3692678861515232,31.7,21.0,25,8.144000053405762,159.0,1.0,30,1.0,177.70729064941406
C1,309,0.6044436797595734,30.0,20.5,25,14.847999572753906,352.0,1.0,90,2.0,184.62437438964844
C1,310,0.8194513875585684,28.7,20.299999999999997,25,15.263999938964844,362.0,1.0,30,2.0,179.5746307373047
C1,311,0.7983680542252352,31.0,20.7,25,15.263999938964844,368.0,1.0,30,2.0,179.87811279296875
C1,312,0.5977664552644469,29.5,20.400000000000002,25,5.984000205993652,143.0,1.0,90,1.0,175.6602020263672
C1,313,0.48724999999999996,32.300000000000004,21.7,17,33.733333587646484,576.0,1.0,30,3.0,174.5961151123047
C1,314,0.6456395961649003,32.4,22.0,17,19.270587921142578,322.0,1.0,70,2.0,170.89100646972656
C1,315,0.6516593598594045,32.300000000000004,21.7,17,20.658823013305664,354.0,1.0,70,2.0,173.20126342773438
C1,316,0.7632765714498828,32.5,22.2,17,8.517646789550781,142.0,1.0,30,1.0,167.92076110839844
C1,317,0.5841458339464647,32.4,21.9,17,15.905881881713867,262.0,1.0,90,2.0,160.75245666503906
C1,318,0.37646311225693724,32.7,22.3,12,12.682353019714355,212.0,1.0,90,2.0,146.98480224609375
C1,319,0.788,34.4,24.400000000000002,12,27.5,346.0,1.0,30,2.0,142.8575439453125
C1,320,0.7502328368327068,34.5,24.1,12,10.033333778381348,114.0,1.0,30,1.0,138.11453247070312
C1,321,0.7640971044941356,33.6,23.7,12,51.733333587646484,609.0,1.0,70,3.0,148.20205688476562
C1,322,0.7317417615083539,33.8,23.599999999999998,12,43.36666488647461,510.0,1.0,70,3.0,153.8545684814453
C1,323,0.6242904229005067,35.1,24.2,12,20.200000762939453,233.0,1.0,70,1.0,173.11273193359375
C1,324,0.7916666666666666,34.0,24.0,12,26.933332443237305,330.0,1.0,30,2.0,179.60098266601562
C1,325,0.7980833333333334,33.300000000000004,23.5,12,27.03333282470703,328.0,1.0,30,2.0,182.6939239501953
C1,326,0.5726450813680558,33.6,23.900000000000002,12,15.600000381469727,183.0,1.0,90,1.0,177.8830108642578
C1,327,0.595076204785097,33.6,23.599999999999998,12,26.46666717529297,316.0,1.0,90,2.0,174.06314086914062
C1,328,0.7417385884178251,34.0,24.0,12,26.399999618530273,318.0,1.0,50,3.0,164.0378875732422
C1,329,0.6982629651010508,33.5,23.599999999999998,12,14.733333587646484,198.0,1.0,50,2.0,146.82273864746094
C1,330,0.5616721870597003,32.9,22.3,7,9.100000381469727,146.0,1.0,30,2.0,125.16030883789062
C1,331,0.5342026139082195,40.599999999999994,27.3,11,50.0,370.0,1.0,30,2.0,122.69618225097656
C1,332,0.7925833333333334,33.9,24.1,11,27.0181827545166,300.0,1.0,30,2.0,128.01771545410156
C1,333,0.5605340383834947,37.3,24.7,11,26.218181610107422,298.0,1.0,90,2.0,141.34396362304688
C1,334,0.7635624899436314,33.9,24.2,11,32.436363220214844,363.0,1.0,50,3.0,140.80638122558594
C1,335,0.7669014619833022,33.6,23.8,13,18.707693099975586,244.0,1.0,30,2.0,136.75048828125
C1,336,0.7354905979157504,33.6,23.400000000000002,13,23.846153259277344,308.0,1.0,50,2.0,134.98362731933594
C1,337,0.7655248531085815,33.300000000000004,23.3,13,11.323077201843262,143.0,1.0,30,1.0,136.85684204101562
C1,338,0.670169288673647,32.0,20.7,13,4.738461494445801,77.0,1.0,50,1.0,131.98077392578125
C1,339,0.584095103678103,31.9,21.1,13,12.89230728149414,222.0,1.0,90,3.0,118.38846588134766
C1,340,0.7524392941135652,32.2,21.7,11,9.199999809265137,150.0,1.0,30,2.0,101.16641235351562
C1,341,0.6512680169363051,33.4,23.400000000000002,11,23.200000762939453,285.0,1.0,70,3.0,93.2331771850586
C1,342,0.7448628340208676,32.7,23.3,9,8.355555534362793,89.0,1.0,30,1.0,90.4732437133789
C1,343,0.5754981304485407,32.0,21.3,9,6.622222423553467,112.0,1.0,90,2.0,86.28394317626953
C1,344,0.5943351709440496,33.2,22.3,9,4.666666507720947,69.0,1.0,70,1.0,80.30370330810547
C1,345,0.7437269370244415,32.4,21.7,9,3.155555486679077,51.0,1.0,30,1.0,71.64888763427734
C1,346,0.6972679635085782,38.5,25.8,9,45.55555725097656,417.0,1.0,70,3.0,77.52266693115234
C1,347,0.5592240339460027,33.4,23.400000000000002,14,9.714285850524902,135.0,1.0,30,1.0,89.84693145751953
C1,348,0.7590888425640363,33.0,22.9,14,8.628571510314941,112.0,1.0,30,1.0,105.37482452392578
C1,349,0.7266070853408464,32.800000000000004,22.700000000000003,14,19.885713577270508,272.0,1.0,50,2.0,114.29156494140625
C1,350,0.7525084880608275,32.599999999999994,22.1,14,5.857142925262451,90.0,1.0,30,1.0,113.6416015625
C1,351,0.8197773073807008,23.400000000000002,19.0,14,1.5714285373687744,46.0,1.0,30,1.0,104.45162963867188
C1,352,0.555770657010164,33.9,24.1,9,10.04444408416748,99.0,1.0,30,1.0,94.00431060791016
C1,353,0.6913353571122275,37.900000000000006,25.9,9,22.66666603088379,210.0,1.0,50,2.0,89.73591613769531
C1,354,0.7485833333333334,38.699999999999996,26.0,9,27.64444351196289,250.0,1.0,30,2.0,97.70822143554688
C1,355,0.7318319156654818,38.199999999999996,25.5,9,15.066666603088379,136.0,1.0,30,1.0,107.42493438720703
C1,356,0.640569499998056,38.6,26.3,9,32.17777633666992,306.0,1.0,70,2.0,119.65496063232422
C1,357,0.5885011310797241,37.900000000000006,25.4,9,37.377777099609375,344.0,1.0,90,2.0,133.2596435546875
C1,358,0.6031645181365792,28.8,20.2,9,4.933333396911621,98.0,1.0,90,2.0,129.82244873046875
C1,359,0.7540833333333333,38.1,25.5,9,22.66666603088379,210.0,1.0,30,2.0,121.36013793945312
C1,360,0.6430641923595695,22.4,18.2,7,1.7142857313156128,48.0,1.0,90,2.0,96.5494155883789
C1,361,0.5526583343046376,38.4,26.1,7,27.08571434020996,243.0,1.0,90,3.0,85.92964935302734
C1,362,0.5984351145395249,43.3,28.5,7,32.400001525878906,240.0,1.0,70,2.0,81.55779266357422
C1,363,0.7213333333333333,40.800000000000004,27.7,8,30.5,248.0,1.0,30,2.0,92.26800537109375
C1,364,0.6740798297217063,33.5,24.400000000000002,8,9.050000190734863,88.0,1.0,50,1.0,99.62747192382812
C1,365,0.767650659215288,32.4,22.2,8,9.5,120.0,1.0,30,2.0,96.04315185546875
C1,366,0.5451245422503294,39.1,26.700000000000003,8,26.649999618530273,226.0,1.0,90,2.0,92.42588806152344
C1,367,0.7068186650310507,17.6,17.2,8,0.800000011920929,30.0,1.0,70,2.0,80.52220153808594
C1,368,0.6819589032210245,42.4,28.1,6,36.849998474121094,304.0,1.0,50,2.0,85.64665222167969
C1,369,0.6686965282171816,43.9,29.3,8,62.95000076293945,462.0,1.0,50,3.0,94.18799591064453
C1,370,0.4570549161951745,32.9,22.700000000000003,16,13.875,206.0,1.0,30,2.0,111.04612731933594
C1,371,0.7593980910656166,32.4,22.0,16,27.200000762939453,438.0,1.0,50,3.0,120.36100769042969
C1,372,0.7982861908981762,28.8,20.400000000000002,16,8.824999809265137,176.0,1.0,30,2.0,117.14994049072266
C1,373,0.6618026306125729,32.4,22.2,16,23.549999237060547,369.0,1.0,70,3.0,117.88996124267578
C1,374,0.6695179717029881,32.0,21.3,16,4.574999809265137,80.0,1.0,50,1.0,109.53398132324219
C1,375,0.7840003760043059,32.599999999999994,22.2,16,15.375,238.0,1.0,30,2.0,108.65371704101562
C1,376,0.7793250382631729,32.5,22.4,16,13.399999618530273,202.0,1.0,30,2.0,105.19223022460938
C1,377,0.4808333333333334,33.0,22.700000000000003,8,20.850000381469727,222.0,1.0,30,3.0,102.31533813476562
C1,378,0.7476666666666667,38.800000000000004,26.5,8,52.650001525878906,423.0,1.0,50,3.0,103.52253723144531
C1,379,0.5608333333333334,33.0,23.0,14,23.799999237060547,327.0,1.0,30,3.0,105.31352233886719
C1,380,0.6035659443104656,33.2,23.3,14,8.314285278320312,116.0,1.0,70,1.0,111.98811340332031
C1,381,0.7885,32.599999999999994,22.4,16,32.74285888671875,468.0,1.0,30,3.0,117.99286651611328
C1,382,0.5718809697361333,32.7,22.2,16,9.149999618530273,133.0,1.0,90,1.0,124.79572296142578
C1,383,0.8081666666666668,32.2,21.8,16,21.399999618530273,327.0,1.0,30,3.0,127.94409942626953
C1,384,0.6674210243334213,32.599999999999994,22.0,16,5.425000190734863,94.0,1.0,50,1.0,121.56645965576172
C1,385,0.6740314987394096,32.599999999999994,22.5,16,7.050000190734863,111.0,1.0,50,1.0,114.8065414428711
C1,386,0.80725,32.300000000000004,21.9,16,28.924999237060547,438.0,1.0,30,3.0,115.68392181396484
C1,387,0.6086757679343887,32.5,22.3,16,27.825000762939453,435.0,1.0,90,3.0,123.0103530883789
C1,388,0.6762607970335142,32.0,21.4,16,6.25,100.0,1.0,50,1.0,125.93954467773438
C1,389,0.6525131024401422,32.5,22.2,16,21.375,342.0,1.0,70,2.0,131.0303955078125
C1,390,0.68072070741216,32.4,22.0,16,28.225000381469727,435.0,1.0,70,3.0,134.08489990234375
C1,391,0.5644197863734124,32.300000000000004,22.1,11,48.32500076293945,771.0,1.0,70,3.0,156.85093688964844
C1,392,0.3476867965484375,32.300000000000004,21.6,22,15.727272987365723,330.0,1.0,30,2.0,169.7105712890625
C1,393,0.7293634787063428,31.9,21.0,22,18.581817626953125,406.0,1.0,50,2.0,185.15966796875
C1,394,0.7567458167566644,31.8,20.9,22,25.054546356201172,528.0,1.0,50,3.0,183.62913513183594
C1,395,0.5890860183801037,31.8,20.9,22,15.563636779785156,326.0,1.0,90,1.0,204.17747497558594
C1,396,0.7622482850669084,31.8,20.9,22,6.490909099578857,129.0,1.0,30,1.0,206.6398162841797
C1,397,0.19935373246048868,33.099999999999994,22.4,12,6.345454692840576,145.0,1.0,70,1.0,203.98388671875
C1,398,0.7672796554094875,33.9,24.2,12,13.666666984558105,167.0,1.0,30,1.0,181.19033813476562
C1,399,0.7962499999999999,33.5,23.400000000000002,12,20.733333587646484,258.0,1.0,30,2.0,167.5142059326172
C1,400,0.6760960735707979,33.9,24.1,12,30.399999618530273,380.0,1.0,70,2.0,165.3085174560547
C1,401,0.7708489212789322,33.7,23.900000000000002,12,14.266666412353516,177.0,1.0,30,1.0,165.31845092773438
C1,402,0.7612989684718676,33.8,24.1,12,11.433333396911621,141.0,1.0,30,1.0,166.92440795898438
C1,403,0.7461958478677145,32.7,22.0,12,4.4666666984558105,77.0,1.0,30,1.0,152.82130432128906
C1,404,0.7151939840410708,33.7,23.8,12,19.133333206176758,236.0,1.0,50,2.0,136.49278259277344
C1,405,0.7684426860899389,33.9,23.8,12,14.066666603088379,167.0,1.0,30,1.0,130.16233825683594
C1,406,0.5840000000000001,39.199999999999996,26.200000000000003,8,21.049999237060547,187.0,1.0,30,1.0,141.03073120117188
C1,407,0.7458333333333333,39.0,26.9,8,24.399999618530273,217.0,1.0,30,1.0,160.75177001953125
C1,408,0.39001476442258415,37.900000000000006,25.1,16,52.52000045776367,508.0,1.0,30,2.0,184.1844024658203
C1,409,0.7582961084140424,32.5,21.9,16,7.150000095367432,111.0,1.0,30,1.0,188.1106414794922
C1,410,0.7763393001464222,32.4,22.1,16,32.125,516.0,1.0,50,3.0,184.4663848876953
C1,411,0.7398240029619129,32.5,22.0,18,6.488888740539551,110.0,1.0,30,1.0,163.079833984375
C1,412,0.6043451323424512,32.800000000000004,21.9,18,7.222222328186035,130.0,1.0,70,1.0,152.78123474121094
C1,413,0.7697270216818285,32.0,21.3,18,9.04444408416748,150.0,1.0,30,1.0,143.66873168945312
C1,414,0.7147525951483791,32.2,21.7,18,15.800000190734863,264.0,1.0,50,2.0,141.13458251953125
C1,415,0.6872499999999999,32.300000000000004,21.7,21,37.46666717529297,651.0,1.0,30,3.0,151.21408081054688
C1,416,0.5954405176844959,32.0,21.0,21,20.114286422729492,396.0,1.0,90,3.0,154.86178588867188
C1,417,0.8284074088381896,22.3,18.2,21,1.2190476655960083,44.0,1.0,30,1.0,145.3170623779297
C1,418,0.7826320619006629,28.1,19.7,21,3.028571367263794,76.0,1.0,30,1.0,120.79023742675781
C1,419,0.7657421994018286,31.8,21.1,21,7.4285712242126465,144.0,1.0,30,1.0,107.67414093017578
C1,420,0.3395693803969873,32.099999999999994,21.1,14,10.438095092773438,215.0,1.0,70,1.0,122.60448455810547
C1,421,0.7566225544236418,33.5,22.9,14,9.228571891784668,117.0,1.0,30,1.0,137.02935791015625
C1,422,0.38830206341236306,41.0,28.299999999999997,6,15.866666793823242,100.0,1.0,30,1.0,139.81761169433594
C1,423,0.6358935931914523,36.5,25.1,6,6.4666666984558105,65.0,1.0,50,1.0,121.49057006835938
C1,424,0.5031725930177637,46.5,30.5,6,15.466666221618652,102.0,1.0,70,1.0,108.49433898925781
C1,425,0.6447079769724244,43.8,29.9,6,24.53333282470703,157.0,1.0,50,1.0,108.2966079711914
C1,426,0.6643520569369066,45.699999999999996,31.6,5,58.880001068115234,321.0,1.0,70,3.0,113.77796173095703
C1,427,0.5573456499535256,44.3,29.6,5,24.719999313354492,162.0,1.0,70,2.0,114.26677703857422
C1,428,0.6688333333333334,47.4,32.800000000000004,5,40.959999084472656,226.0,1.0,50,2.0,108.69339752197266
C1,429,0.6148284380004164,48.300000000000004,32.5,5,47.52000045776367,271.0,1.0,70,1.0,127.2160415649414
C1,430,0.6449159501462168,48.300000000000004,32.5,5,77.27999877929688,444.0,1.0,90,3.0,147.26295471191406
C1,431,0.3931666666666667,38.199999999999996,25.4,14,35.28571319580078,466.0,1.0,30,2.0,175.29110717773438
C1,432,0.7676312226240214,32.800000000000004,22.599999999999998,14,30.571428298950195,424.0,1.0,50,2.0,184.2413330078125
C1,433,0.5784087735155208,33.099999999999994,22.8,14,16.314285278320312,218.0,1.0,90,2.0,184.41146850585938
C1,434,0.6081178936683301,28.2,19.599999999999998,14,4.342857360839844,141.0,1.0,90,3.0,159.7135467529297
C1,435,0.6078579337294985,28.1,20.1,14,3.0,62.0,1.0,90,1.0,124.89479064941406
C1,436,0.3695047968011815,32.9,23.099999999999998,9,8.685714721679688,115.0,1.0,90,1.0,104.80354309082031
C1,437,0.45528640246034924,38.6,26.4,5,26.133333206176758,242.0,1.0,70,2.0,102.6154556274414
C1,438,0.6656666666666667,46.0,31.2,7,34.97142791748047,216.0,1.0,30,2.0,107.43594360351562
C1,439,0.5834395251408113,43.3,28.5,7,28.85714340209961,204.0,1.0,70,1.0,122.19490051269531
C1,440,0.6904740306640391,40.9,28.299999999999997,7,29.714284896850586,217.0,1.0,50,1.0,143.8502655029297
C1,441,0.44150043635356884,39.0,26.5,14,46.0,477.0,1.0,30,3.0,163.64349365234375
C1,442,0.7199108302646332,32.9,22.599999999999998,14,38.514286041259766,525.0,1.0,70,3.0,171.65277099609375
C1,443,0.6454166666666666,32.5,22.0,18,21.200000762939453,369.0,1.0,30,3.0,163.92498779296875
C1,444,0.631107140903724,32.099999999999994,21.4,18,14.222222328186035,240.0,1.0,70,2.0,154.0883331298828
C1,445,0.8503293976706711,18.4,17.9,18,1.4222222566604614,66.0,1.0,30,2.0,129.25299072265625
C1,446,0.657777713109607,22.599999999999998,18.5,18,2.4000000953674316,86.0,1.0,90,2.0,103.68513488769531
C1,447,0.8500544379755945,18.4,17.8,18,1.355555534362793,68.0,1.0,30,2.0,76.87774658203125
C1,448,0.2620403317324975,32.599999999999994,22.1,9,12.800000190734863,188.0,1.0,70,2.0,68.92665100097656
C1,449,0.6044328491116546,32.5,22.3,9,6.1777777671813965,78.0,1.0,70,1.0,68.8226547241211
C1,450,-0.19908664686804267,102.0,46.699999999999996,4,106.5999984741211,303.0,1.0,30,3.0,77.69359588623047
C1,451,0.48698713875037736,39.1,26.1,10,16.360000610351562,182.0,1.0,30,2.0,82.61615753173828
C1,452,0.7754166666666666,34.9,24.7,11,34.119998931884766,336.0,1.0,30,3.0,90.10302734375
C1,453,0.5037905977380148,33.099999999999994,23.2,18,42.911109924316406,579.0,1.0,30,3.0,106.86181640625
C1,454,0.7217507632384433,32.099999999999994,21.5,18,17.22222137451172,306.0,1.0,50,3.0,118.38375854492188
C1,455,0.81,32.0,21.4,18,32.77777862548828,579.0,1.0,30,3.0,136.096923828125
C1,456,0.5747025781280937,32.300000000000004,21.6,18,8.422222137451172,146.0,1.0,90,1.0,140.45814514160156
C1,457,0.5761314581739725,32.2,21.3,18,8.866666793823242,150.0,1.0,90,1.0,149.47488403320312
C1,458,0.8081666666666668,32.2,21.6,18,20.377777099609375,342.0,1.0,30,3.0,144.3516082763672
C1,459,0.6463810534215719,32.300000000000004,21.8,18,19.22222137451172,344.0,1.0,70,2.0,144.74429321289062
C1,460,0.405435042670862,32.5,22.0,12,19.46666717529297,352.0,1.0,70,2.0,148.4465789794922
C1,461,0.7839166666666667,33.099999999999994,23.0,14,35.485713958740234,447.0,1.0,30,3.0,155.33460998535156
C1,462,0.5857964400526927,32.099999999999994,21.7,14,15.228571891784668,261.0,1.0,90,3.0,148.13409423828125
C1,463,0.7857500000000001,32.9,22.599999999999998,16,33.371429443359375,474.0,1.0,30,3.0,141.41378784179688
C1,464,0.7728644325901066,32.5,22.2,16,11.324999809265137,172.0,1.0,30,1.0,140.44827270507812
C1,465,0.7588087578035259,33.0,22.5,16,8.550000190734863,130.0,1.0,30,1.0,145.602294921875
C1,466,0.7607913176050874,32.9,22.2,16,8.850000381469727,142.0,1.0,30,1.0,146.56138610839844
C1,467,0.6515313536116641,32.7,22.2,16,21.600000381469727,330.0,1.0,70,2.0,146.2034912109375
C1,468,0.7865485597772353,32.300000000000004,21.7,16,35.29999923706055,549.0,1.0,50,3.0,153.05543518066406
C1,469,0.6900000000000001,32.0,21.4,19,22.736841201782227,420.0,1.0,30,3.0,156.89991760253906
C1,470,0.7726956368600013,32.300000000000004,21.8,19,10.715789794921875,205.0,1.0,30,1.0,164.53994750976562
C1,471,0.7590153765271876,31.3,20.8,19,4.463158130645752,92.0,1.0,30,1.0,156.9906463623047
C1,472,0.7711656809496399,18.2,17.9,19,2.442105293273926,114.0,1.0,50,3.0,138.86105346679688
C1,473,0.634158227380505,31.8,20.9,19,14.315789222717285,282.0,1.0,70,3.0,113.18329620361328
C1,474,0.5628388756948758,27.799999999999997,19.8,15,8.213333129882812,192.0,1.0,50,3.0,94.0433120727539
C1,475,0.42125,39.5,27.099999999999998,7,44.85714340209961,366.0,1.0,50,3.0,93.75932312011719
C1,476,0.7100833333333334,42.9,28.2,7,63.94285583496094,489.0,1.0,70,3.0,102.78892517089844
C1,477,0.4168689785243682,33.099999999999994,23.0,16,14.449999809265137,218.0,1.0,30,2.0,114.2066879272461
C1,478,0.6111741623429989,32.300000000000004,21.7,16,8.074999809265137,118.0,1.0,70,1.0,120.52400970458984
C1,479,0.6994202002039308,32.4,22.2,16,12.649999618530273,202.0,1.0,50,2.0,116.04774475097656
C1,480,0.7310662619682791,32.4,22.0,16,20.075000762939453,304.0,1.0,50,2.0,119.0953140258789
C1,481,0.7917491357598196,32.300000000000004,22.0,16,37.349998474121094,586.0,1.0,50,2.0,144.25718688964844
C1,482,-0.10509646223448836,29.7,20.2,39,42.93333435058594,1280.0,1.0,30,2.0,231.22097778320312
C1,483,0.7347076278298049,27.799999999999997,19.599999999999998,39,11.035897254943848,411.0,1.0,50,3.0,281.3992614746094
C1,484,0.8100042542342041,25.6,19.2,39,4.143589973449707,146.0,1.0,30,1.0,291.9062194824219
C1,485,0.6271728197553404,27.5,19.400000000000002,39,14.728204727172852,549.0,1.0,90,3.0,237.27706909179688
C1,486,0.6159015902850296,27.400000000000002,19.5,39,4.830769062042236,170.0,1.0,90,1.0,208.89956665039062
C1,487,0.14575569213305,27.400000000000002,19.400000000000002,26,11.497435569763184,429.0,1.0,70,3.0,191.47308349609375
C1,488,0.36266666666666664,32.800000000000004,22.4,15,23.546667098999023,363.0,1.0,30,3.0,172.75051879882812
C1,489,0.6958259919271862,24.7,19.400000000000002,12,3.5333333015441895,90.0,1.0,30,2.0,144.85031127929688
C1,490,0.819452297648616,24.1,19.099999999999998,12,3.066666603088379,80.0,1.0,30,2.0,114.3768539428711
C1,491,0.7791888766542366,32.0,21.8,12,11.866666793823242,168.0,1.0,30,2.0,91.1594467163086
C1,492,0.7062109267736668,17.8,17.2,12,0.5,14.0,1.0,70,2.0,72.1623306274414
C1,493,0.669101547159215,33.4,22.8,12,7.633333206176758,99.0,1.0,50,1.0,68.63072967529297
C1,494,0.49143217075476114,43.6,29.2,7,41.20000076293945,254.0,1.0,30,2.0,72.24510955810547
C1,495,0.5894999999999999,38.6,26.0,11,37.880001068115234,376.0,1.0,30,2.0,98.54706573486328
C1,496,0.6919943225770195,32.300000000000004,21.9,11,10.690909385681152,158.0,1.0,50,2.0,111.66157531738281
C1,497,0.6135417172646513,33.7,23.900000000000002,11,33.30908966064453,375.0,1.0,90,3.0,119.26361083984375
C1,498,0.7346844272978829,33.099999999999994,23.0,13,6.584615230560303,92.0,1.0,30,1.0,111.02483367919922
C1,499,0.6435833333333333,32.7,22.3,17,37.907691955566406,513.0,1.0,30,3.0,118.34823608398438
C1,500,0.6150316708860238,32.4,22.0,17,29.811763763427734,510.0,1.0,90,3.0,128.74227905273438
C1,501,0.6812184406379587,32.5,21.9,17,48.56470489501953,819.0,1.0,90,3.0,159.11203002929688
C1,502,0.3419962840873047,31.5,20.6,28,11.314285278320312,293.0,1.0,30,1.0,193.60055541992188
C1,503,0.8162172560972617,29.0,20.1,28,15.085714340209961,400.0,1.0,30,1.0,244.9603271484375
C1,504,0.8086095454298016,28.5,20.2,28,11.04285717010498,300.0,1.0,30,1.0,279.3761901855469
C1,505,0.8102789568349942,29.1,20.2,28,13.328571319580078,363.0,1.0,30,1.0,309.3590393066406
C1,506,0.8061473106643913,29.3,20.299999999999997,28,12.571428298950195,334.0,1.0,30,1.0,318.54876708984375
C1,507,0.22912332424056425,32.800000000000004,22.5,14,18.200000762939453,266.0,1.0,30,1.0,319.5292663574219
C1,508,0.7803192788498392,33.099999999999994,23.2,14,15.714285850524902,237.0,1.0,30,1.0,303.31756591796875
C1,509,0.7696369366563651,33.5,23.5,13,16.092308044433594,218.0,1.0,30,1.0,278.1238708496094
C1,510,0.7785026591336767,33.6,23.8,13,16.799999237060547,226.0,1.0,30,1.0,257.67431640625
C1,511,0.6983785987510628,34.2,24.2,12,18.133333206176758,231.0,1.0,50,1.0,244.60459899902344
C1,512,0.7505938861043916,36.1,24.9,12,65.11111450195312,651.0,1.0,50,3.0,236.62942504882812
C1,513,0.5384327091413447,32.4,22.0,18,12.800000190734863,222.0,1.0,30,1.0,231.3109893798828
C1,514,0.777005645492823,32.599999999999994,22.0,18,12.933333396911621,227.0,1.0,30,1.0,227.5865936279297
C1,515,0.7124667243206934,32.2,21.8,18,35.266666412353516,608.0,1.0,70,2.0,236.9519500732422
C1,516,0.2127500000000001,31.7,20.6,33,35.76969528198242,1044.0,1.0,30,3.0,259.3711853027344
C1,517,0.8071230734019581,28.5,20.0,33,10.593939781188965,341.0,1.0,30,1.0,288.022705078125
C1,518,0.8243599763795816,27.900000000000002,19.7,33,14.38787841796875,454.0,1.0,30,2.0,294.94696044921875
C1,519,0.791969331741798,28.400000000000002,20.0,33,6.109090805053711,188.0,1.0,30,1.0,277.7681884765625
C1,520,0.8211714989977924,28.1,19.8,33,13.915151596069336,434.0,1.0,30,2.0,250.9275665283203
C1,521,0.7803853539333947,27.900000000000002,19.7,33,22.024242401123047,706.0,1.0,50,2.0,251.6232147216797
C1,522,0.18682038583720467,38.5,24.299999999999997,21,121.9000015258789,2592.0,1.0,90,3.0,342.1739196777344
C1,523,0.4911066591948508,31.099999999999998,20.8,25,17.45599937438965,413.0,1.0,70,1.0,422.6376953125
C1,524,0.6394729653318942,30.4,20.400000000000002,25,31.90399932861328,762.0,1.0,90,3.0,457.7159423828125
C1,525,0.7884378874130282,30.0,20.5,25,29.152000427246094,702.0,1.0,50,3.0,394.7629089355469
C1,526,0.6912947780565297,29.5,20.400000000000002,25,24.288000106811523,586.0,1.0,70,2.0,340.9910888671875
C1,527,0.6603965283658664,31.099999999999998,20.299999999999997,25,40.04800033569336,975.0,1.0,90,3.0,318.19464111328125
C1,528,0.5122671093926121,32.0,21.1,19,24.378948211669922,462.0,1.0,50,2.0,304.1167907714844
C1,529,0.7081604743653407,31.9,21.1,19,33.62105178833008,612.0,1.0,70,3.0,283.80340576171875
C1,530,0.5787093228624862,32.0,21.2,19,9.494736671447754,173.0,1.0,90,1.0,251.3487091064453
C1,531,0.7882803642465745,32.0,21.3,19,14.926316261291504,272.0,1.0,30,2.0,219.209228515625
C1,532,0.7082222612573681,32.099999999999994,21.3,19,14.06315803527832,260.0,1.0,50,2.0,190.05886840820312
C1,533,0.37883742693958566,34.3,24.2,10,46.36000061035156,489.0,1.0,70,3.0,171.23532104492188
C1,534,0.5896221658305063,38.0,25.6,10,17.959999084472656,188.0,1.0,70,1.0,166.87452697753906
C1,535,0.5153333333333333,33.6,23.400000000000002,17,39.28571319580078,522.0,1.0,30,2.0,181.72471618652344
C1,536,0.8063333333333333,32.4,21.7,17,26.141176223754883,440.0,1.0,30,2.0,198.23483276367188
C1,537,0.8090833333333334,32.099999999999994,21.7,17,25.835294723510742,432.0,1.0,30,2.0,211.87423706054688
C1,538,0.6603446813980478,32.300000000000004,21.8,17,22.941177368164062,374.0,1.0,70,2.0,210.1912078857422
C1,539,0.8090833333333334,32.099999999999994,21.6,17,21.247058868408203,358.0,1.0,30,2.0,203.7147216796875
C1,540,0.6432620418384343,32.2,21.8,17,18.094118118286133,290.0,1.0,70,2.0,190.36216735839844
C1,541,0.7903333333333333,32.4,21.9,15,49.78666687011719,738.0,1.0,50,3.0,190.21730041503906
C1,542,0.7875833333333333,32.7,22.3,17,55.813331604003906,819.0,1.0,50,3.0,202.66371154785156
C1,543,0.3832466632613445,31.7,20.7,27,12.281481742858887,322.0,1.0,30,2.0,212.264892578125
C1,544,0.8130999696252075,29.1,20.1,27,14.296296119689941,362.0,1.0,30,2.0,209.3589324951172
C1,545,0.8178851026458342,29.1,20.2,27,16.05925941467285,420.0,1.0,30,2.0,199.21536254882812
C1,546,0.8411666666666666,28.6,20.1,27,23.407407760620117,606.0,1.0,30,3.0,198.59588623046875
C1,547,0.7460144612431354,28.8,20.2,27,15.822221755981445,400.0,1.0,50,2.0,200.75753784179688
C1,548,0.5374243146585942,31.5,21.1,21,9.942856788635254,215.0,1.0,30,1.0,202.72119140625
C1,549,0.7907696613145528,30.4,21.2,21,10.914285659790039,215.0,1.0,30,1.0,205.63270568847656
C1,550,0.5784538763010242,32.2,21.4,21,10.7619047164917,214.0,1.0,90,1.0,209.2462921142578
C1,551,0.48431834913842603,32.099999999999994,21.7,14,7.790476322174072,153.0,1.0,30,1.0,203.1477813720703
C1,552,0.7550145654045932,33.4,23.3,14,28.514286041259766,400.0,1.0,50,2.0,197.48866271972656
C1,553,0.35072048011280116,39.5,26.200000000000003,8,22.0,184.0,1.0,70,1.0,190.09320068359375
C1,554,0.6735234002183018,40.099999999999994,27.900000000000002,8,23.25,204.0,1.0,50,1.0,192.45591735839844
C1,555,0.6904301346559979,39.699999999999996,27.2,8,26.649999618530273,228.0,1.0,50,1.0,197.6068878173828
C1,556,0.7120939356166481,39.4,27.0,8,52.099998474121094,444.0,1.0,70,2.0,205.76412963867188
C1,557,0.5744962261664879,39.300000000000004,27.0,7,19.299999237060547,165.0,1.0,70,1.0,205.45848083496094
C1,558,0.5233906641688261,40.099999999999994,27.799999999999997,7,21.200000762939453,157.0,1.0,90,1.0,195.8084259033203
C1,559,0.5594385973501377,43.2,28.9,7,22.685714721679688,158.0,1.0,70,1.0,181.48504638671875
C1,560,0.4923782803857994,38.4,26.0,13,44.040000915527344,424.0,1.0,30,2.0,179.15769958496094
C1,561,0.7980833333333334,33.300000000000004,23.3,13,20.86153793334961,272.0,1.0,30,2.0,174.96128845214844
C1,562,0.7980833333333334,33.300000000000004,23.3,13,21.538461685180664,270.0,1.0,30,2.0,169.37677001953125
C1,563,0.5660691495802859,33.6,23.5,13,11.10769271850586,146.0,1.0,90,1.0,157.22605895996094
C1,564,0.6870826788168323,33.300000000000004,23.400000000000002,13,31.69230842590332,420.0,1.0,70,3.0,150.46896362304688
C1,565,0.7271801544221167,33.0,23.0,13,20.461538314819336,258.0,1.0,50,2.0,145.61471557617188
C1,566,0.6541659501462169,34.2,24.1,10,37.279998779296875,393.0,1.0,50,3.0,140.70216369628906
C1,567,0.7297842616282104,38.199999999999996,25.5,9,37.400001525878906,372.0,1.0,50,2.0,143.88796997070312
C1,568,0.6171430650556039,38.1,25.2,12,63.24444580078125,576.0,1.0,50,3.0,154.19944763183594
C1,569,0.7300589754028775,34.1,23.8,12,23.633333206176758,282.0,1.0,50,2.0,161.71966552734375
C1,570,0.6812012739320639,34.8,24.2,12,13.533333778381348,156.0,1.0,50,1.0,162.23179626464844
C1,571,0.7396056343199049,33.9,23.8,12,25.600000381469727,318.0,1.0,50,2.0,158.1390838623047
C1,572,0.7385607279577565,34.0,24.0,12,25.566667556762695,298.0,1.0,50,2.0,156.7501220703125
C1,573,0.7238125603595982,33.4,23.599999999999998,12,40.53333282470703,486.0,1.0,70,3.0,156.71673583984375
C1,574,0.36598765260322486,39.800000000000004,27.400000000000002,7,35.88571548461914,288.0,1.0,90,2.0,154.6967010498047
C1,575,0.5666072326401197,43.7,28.9,7,25.657142639160156,188.0,1.0,70,1.0,158.6846923828125
C1,576,0.7100833333333334,42.9,28.1,7,46.342857360839844,352.0,1.0,50,2.0,162.94415283203125
C1,577,0.7036666666666667,43.6,28.9,7,50.0,374.0,1.0,50,2.0,171.233154296875
C1,578,0.6398735665995288,43.9,28.299999999999997,9,112.28571319580078,864.0,1.0,90,3.0,189.53988647460938
C1,579,0.5537556364531779,38.3,25.5,9,27.155555725097656,251.0,1.0,90,1.0,210.52394104003906
C1,580,0.5559166666666666,37.900000000000006,25.1,14,33.74285888671875,420.0,1.0,30,3.0,216.8477020263672
C1,581,0.12999999999999998,32.0,21.4,31,36.94193649291992,957.0,1.0,30,3.0,224.77528381347656
C1,582,0.84575,28.1,19.8,31,25.66451644897461,755.0,1.0,30,1.0,296.7318420410156
C1,583,0.8439166666666668,28.299999999999997,19.8,31,28.090322494506836,837.0,1.0,30,3.0,358.4390869140625
C1,584,0.8282142786662969,28.0,19.7,31,16.15483856201172,486.0,1.0,30,3.0,374.5301208496094
C1,585,0.818087462892343,27.900000000000002,19.8,31,12.283870697021484,351.0,1.0,30,3.0,299.1180725097656
C1,586,0.614816514690359,27.599999999999998,19.7,31,5.612903118133545,163.0,1.0,90,1.0,238.4041748046875
C1,587,0.7508387526084411,28.2,19.900000000000002,31,15.66451644897461,468.0,1.0,50,3.0,201.17584228515625
C1,588,0.8167611836473746,28.299999999999997,19.8,31,13.045161247253418,381.0,1.0,30,3.0,180.1721649169922
C1,589,0.0938516065286839,32.2,21.5,17,21.0,360.0,1.0,70,3.0,161.83663940429688
C1,590,0.7974166666666667,32.5,22.2,16,27.375,435.0,1.0,30,3.0,149.36865234375
C1,591,0.7683089298852952,32.7,22.3,16,10.5,164.0,1.0,30,1.0,146.82118225097656
C1,592,0.8026666666666666,32.800000000000004,22.3,16,24.399999618530273,399.0,1.0,30,3.0,147.0260467529297
C1,593,0.7958333333333333,31.8,21.6,18,32.75555419921875,561.0,1.0,30,3.0,152.74896240234375
C1,594,0.7515607390657487,32.0,21.4,18,24.200000762939453,426.0,1.0,50,3.0,153.24937438964844
C1,595,0.771490504873005,32.300000000000004,21.5,18,10.355555534362793,179.0,1.0,30,1.0,159.68295288085938
C1,596,0.8081666666666668,32.2,21.8,18,30.577777862548828,537.0,1.0,30,3.0,162.4764404296875
C1,597,0.8081666666666668,32.2,21.6,18,22.622222900390625,405.0,1.0,30,3.0,163.2191925048828
C1,598,0.7902183319459419,32.0,21.1,18,15.644444465637207,297.0,1.0,30,3.0,152.99818420410156
C1,599,0.8090833333333334,32.099999999999994,21.6,18,21.844444274902344,381.0,1.0,30,3.0,139.9322509765625
C1,600,0.8090833333333334,32.099999999999994,21.5,18,28.866666793823242,510.0,1.0,30,3.0,136.7593536376953
C1,601,0.81,32.0,21.3,18,25.955554962158203,450.0,1.0,30,3.0,141.65560913085938
C1,602,0.7939044046948853,32.300000000000004,21.9,18,18.288888931274414,312.0,1.0,30,3.0,141.52670288085938
C1,603,0.80725,32.300000000000004,21.8,18,20.200000762939453,360.0,1.0,30,3.0,134.78268432617188
C1,604,0.7966646344694639,32.300000000000004,21.7,18,19.600000381469727,342.0,1.0,30,2.0,133.53628540039062
C1,605,0.81,32.0,21.5,18,26.155555725097656,468.0,1.0,30,3.0,139.72177124023438
C1,606,0.6900000000000001,32.0,21.2,21,32.93333435058594,639.0,1.0,30,3.0,155.8330535888672
C1,607,0.7907869279737033,31.7,20.9,21,14.838095664978027,298.0,1.0,30,2.0,162.56649780273438
C1,608,0.81,32.0,21.2,21,25.542856216430664,522.0,1.0,30,3.0,169.00656127929688
C1,609,0.8118333333333333,31.8,20.8,21,27.27618980407715,555.0,1.0,30,3.0,169.13726806640625
C1,610,0.7909447390167059,31.7,20.9,21,14.895237922668457,303.0,1.0,30,3.0,162.81570434570312
C1,611,0.8109166666666667,31.9,21.0,21,25.104761123657227,516.0,1.0,30,3.0,158.75608825683594
C1,612,0.7727018990871509,32.099999999999994,21.2,21,10.171428680419922,200.0,1.0,30,1.0,158.3203125
C1,613,0.7986821707547613,31.9,21.1,21,18.799999237060547,390.0,1.0,30,2.0,170.59219360351562
C1,614,0.6714468570686448,31.5,20.6,21,23.904762268066406,468.0,1.0,70,3.0,175.8219757080078
C1,615,0.6890833333333334,32.099999999999994,21.6,18,31.955554962158203,579.0,1.0,30,3.0,178.02651977539062
C1,616,0.6900000000000001,32.0,21.2,21,31.885713577270508,621.0,1.0,30,3.0,180.94924926757812
C1,617,0.8118333333333333,31.8,21.0,21,27.69523811340332,564.0,1.0,30,3.0,186.96954345703125
C1,618,0.775258072528865,31.8,21.4,21,10.114285469055176,201.0,1.0,30,1.0,191.6483917236328
C1,619,0.6118333333333332,31.8,20.9,26,37.371429443359375,759.0,1.0,30,3.0,200.5890350341797
C1,620,0.6181307763980245,31.7,20.5,26,8.615385055541992,207.0,1.0,70,1.0,208.48675537109375
C1,621,0.6230299232451202,31.6,20.6,26,10.046154022216797,256.0,1.0,70,2.0,203.49205017089844
C1,622,0.44208333333333333,28.5,19.900000000000002,36,37.82666778564453,1050.0,1.0,30,3.0,213.42855834960938
C1,623,-0.6376421724096376,26.9,19.900000000000002,73,42.17499923706055,2196.0,1.0,30,3.0,289.3904724121094
C1,624,0.5789166666666666,22.3,19.099999999999998,81,31.822221755981445,2295.0,1.0,30,3.0,419.90093994140625
C1,625,0.8998333333333334,22.2,19.0,81,28.66666603088379,2169.0,1.0,30,3.0,547.9405517578125
C1,626,0.9035000000000001,21.8,18.8,81,29.97037124633789,2268.0,1.0,30,3.0,627.96435546875
C1,627,0.8674571986431606,22.0,18.9,81,30.819753646850586,2355.0,1.0,50,3.0,678.645263671875
C1,628,0.8989166666666667,22.3,18.9,81,28.86419677734375,2211.0,1.0,30,3.0,710.9204711914062
C1,629,0.679949322810956,21.1,18.1,81,10.562962532043457,789.0,1.0,90,1.0,734.6856079101562
C1,630,0.8914741725983106,21.6,18.1,81,18.05925941467285,1362.0,1.0,30,2.0,735.0780639648438
C1,631,0.8825322185254802,20.299999999999997,18.1,81,10.666666984558105,791.0,1.0,30,1.0,742.5134887695312
C1,632,0.90075,22.1,18.9,81,30.316049575805664,2301.0,1.0,30,3.0,744.0414428710938
C1,633,0.13891666666666666,22.3,19.0,100,34.36521911621094,2901.0,1.0,30,3.0,783.091552734375
C1,634,0.7447200033141247,19.900000000000002,18.0,100,15.052000045776367,1359.0,1.0,70,1.0,882.2549438476562
C1,635,0.7152794097346498,20.8,18.8,100,27.579999923706055,2559.0,1.0,90,3.0,953.2196044921875
C1,636,0.7901125692278195,20.2,18.1,100,7.636000156402588,689.0,1.0,50,1.0,958.7317504882812
C1,637,0.9126666666666667,20.8,18.700000000000003,100,22.34000015258789,2055.0,1.0,30,3.0,872.1724243164062
C1,638,-0.1273333333333333,20.8,18.599999999999998,74,21.472000122070312,1959.0,1.0,30,3.0,793.5701293945312
C1,639,0.898,22.4,19.0,74,29.502702713012695,2094.0,1.0,30,3.0,747.6087036132812
C1,640,0.5770833333333335,22.5,19.099999999999998,82,33.15675735473633,2319.0,1.0,30,3.0,731.7652587890625
C1,641,0.17433333333333337,22.8,19.0,100,32.339786529541016,3219.0,1.0,30,3.0,778.2591552734375
C1,642,0.7845817838848712,22.4,18.9,100,31.124000549316406,3600.0,1.0,70,3.0,888.6888427734375
C1,643,0.9126666666666667,20.8,18.700000000000003,100,22.384000778198242,2055.0,1.0,30,3.0,943.2133178710938
C1,644,0.9163333333333333,20.400000000000002,18.599999999999998,100,21.172000885009766,1983.0,1.0,30,3.0,920.99462890625
C1,645,0.9126666666666667,20.8,18.700000000000003,100,22.88800048828125,2100.0,1.0,30,3.0,825.3967895507812
C1,646,0.20853248864942062,21.1,18.9,84,23.459999084472656,2154.0,1.0,50,3.0,772.4380493164062
C1,647,0.9025833333333334,21.9,18.9,84,22.30476188659668,1731.0,1.0,30,3.0,729.4628295898438
C1,648,0.4900203035863422,22.2,18.5,74,19.99459457397461,1386.0,1.0,30,3.0,671.9443969726562
C1,649,0.8998333333333334,22.2,18.8,74,26.345945358276367,1809.0,1.0,30,3.0,622.0999755859375
C1,650,0.89525,22.700000000000003,19.099999999999998,74,27.227027893066406,1866.0,1.0,30,3.0,598.1932983398438
C1,651,0.898,22.4,18.8,74,23.664865493774414,1632.0,1.0,30,3.0,594.7826538085938
C1,652,0.8970833333333335,22.5,18.8,74,24.62162208557129,1698.0,1.0,30,3.0,587.8029174804688
C1,653,0.8970833333333335,22.5,18.8,74,23.72432518005371,1647.0,1.0,30,3.0,573.8817749023438
C1,654,0.706669433341534,22.5,18.700000000000003,74,10.124324798583984,693.0,1.0,70,1.0,585.3956909179688
C1,655,0.898,22.4,19.099999999999998,74,31.2702693939209,2145.0,1.0,30,3.0,612.1707763671875
C1,656,0.898,22.4,19.0,74,30.232433319091797,2103.0,1.0,30,3.0,648.50244140625
C1,657,0.8943333333333333,22.8,19.099999999999998,74,31.502702713012695,2190.0,1.0,30,3.0,675.2348022460938
C1,658,0.8989166666666667,22.3,18.700000000000003,74,25.28648567199707,1773.0,1.0,30,3.0,674.7409057617188
C1,659,0.8989166666666667,22.3,18.8,74,23.572973251342773,1620.0,1.0,30,3.0,652.9778442382812
C1,660,0.898,22.4,19.0,74,26.189189910888672,1836.0,1.0,30,3.0,624.1867065429688
C1,661,0.8961666666666668,22.599999999999998,19.0,74,27.048648834228516,1869.0,1.0,30,3.0,611.1787109375
C1,662,0.7456805385774027,22.2,18.599999999999998,74,21.043243408203125,1452.0,1.0,70,3.0,595.9072265625
C1,663,0.8550313544648257,22.4,18.5,74,8.286486625671387,552.0,1.0,30,1.0,578.7443237304688
C1,664,0.7545573694317422,22.4,18.700000000000003,74,23.8270263671875,1647.0,1.0,70,3.0,558.5799560546875
C1,665,0.8541924218610134,22.5,18.5,74,8.30810832977295,561.0,1.0,30,1.0,556.7479858398438
C1,666,0.11568107684931361,22.1,18.3,57,13.08108139038086,906.0,1.0,50,2.0,542.4487915039062
C1,667,0.8167337707775608,23.400000000000002,19.0,57,20.835086822509766,1128.0,1.0,50,2.0,535.8692626953125
C1,668,0.7532752463176292,23.2,18.9,57,5.347368240356445,282.0,1.0,50,2.0,475.92156982421875
C1,669,0.7559339853280269,23.400000000000002,19.0,57,6.456140518188477,354.0,1.0,50,2.0,403.1529235839844
C1,670,-0.6379631715775111,28.6,20.1,23,9.773913383483887,216.0,1.0,50,2.0,298.6917724609375
C1,671,0.7113725901841971,31.8,20.9,23,14.156521797180176,303.0,1.0,50,3.0,230.6817169189453
C1,672,0.8070522570635194,28.1,20.0,23,9.495652198791504,267.0,1.0,30,3.0,178.14236450195312
C1,673,0.22888882265002608,34.1,23.7,11,18.509090423583984,212.0,1.0,50,2.0,146.35208129882812
C1,674,0.7600833333333333,35.7,25.1,13,32.47272872924805,378.0,1.0,30,3.0,130.6112518310547
C1,675,0.776958928434349,32.300000000000004,21.7,13,12.030769348144531,222.0,1.0,30,3.0,119.166748046875
C1,676,0.786703550426424,33.4,22.9,13,19.66153907775879,276.0,1.0,30,3.0,110.43338775634766
C1,677,0.7821102083524343,32.800000000000004,22.3,13,15.353846549987793,240.0,1.0,30,3.0,99.06002807617188
C1,678,0.7857500000000001,32.9,22.9,15,33.7066650390625,456.0,1.0,30,3.0,102.63601684570312
C1,679,0.8017500000000001,32.9,22.599999999999998,15,27.200000762939453,405.0,1.0,30,3.0,110.51494598388672
C1,680,0.7222453771034193,27.3,19.5,15,6.960000038146973,177.0,1.0,50,3.0,112.44229888916016
C1,681,0.7999166666666667,33.099999999999994,22.8,15,24.586666107177734,369.0,1.0,30,3.0,109.73204803466797
C1,682,0.799,33.2,22.8,15,20.986665725708008,324.0,1.0,30,3.0,104.50589752197266
C1,683,0.7903333333333333,32.4,22.1,17,33.91999816894531,510.0,1.0,30,3.0,116.17020416259766
C1,684,0.5772137622145811,32.599999999999994,22.0,17,12.564705848693848,204.0,1.0,90,2.0,120.36878967285156
C1,685,0.686816573674472,31.9,20.9,17,8.588234901428223,170.0,1.0,50,2.0,119.82127380371094
C1,686,0.7044953714776137,32.4,22.1,17,13.835293769836426,234.0,1.0,50,2.0,112.42609405517578
C1,687,0.7027302739107818,29.2,20.5,17,6.44705867767334,140.0,1.0,50,2.0,103.72232818603516
C1,688,0.3115584945623876,32.800000000000004,22.4,8,26.89411735534668,453.0,1.0,70,3.0,107.30006408691406
C1,689,0.6735351866203965,31.9,22.0,7,7.314285755157471,102.0,1.0,50,2.0,100.6467056274414
C1,690,0.6832106154246627,35.2,24.8,7,14.857142448425293,142.0,1.0,50,2.0,96.78802490234375
C1,691,0.5615564044067,40.2,27.7,7,35.657142639160156,294.0,1.0,90,3.0,87.40614318847656
C1,692,0.7489090499394757,32.5,22.700000000000003,9,8.977777481079102,126.0,1.0,30,2.0,83.37702178955078
C1,693,0.7862236410497743,28.400000000000002,20.299999999999997,9,4.622222423553467,96.0,1.0,30,2.0,77.89287567138672
C1,694,0.7925674905553218,28.400000000000002,20.1,9,6.266666889190674,126.0,1.0,30,3.0,67.13572692871094
C1,695,0.7623333333333333,37.199999999999996,25.5,9,24.044445037841797,218.0,1.0,30,2.0,66.81477355957031
C1,696,0.568283570062916,38.6,25.7,9,13.199999809265137,121.0,1.0,70,1.0,76.35552978515625
C1,697,0.7250000000000001,40.4,27.099999999999998,8,27.25,224.0,1.0,30,2.0,91.41331481933594
C1,698,0.7281402088009986,38.1,25.5,8,33.45000076293945,297.0,1.0,50,3.0,99.11465454101562
C1,699,0.7369166666666667,39.1,26.5,9,29.33333396911621,266.0,1.0,30,2.0,105.33546447753906
C1,700,0.5226429558180808,39.0,26.3,9,15.288888931274414,133.0,1.0,90,1.0,111.8679428100586
C1,701,0.2511347914873382,44.1,26.700000000000003,17,112.33846282958984,1299.0,1.0,70,3.0,160.32077026367188
C1,702,0.2504201372502298,37.199999999999996,23.900000000000002,28,99.12000274658203,2220.0,1.0,70,3.0,270.3258056640625
C1,703,-0.7649082015187624,23.2,18.9,68,4.929411888122559,282.0,1.0,30,2.0,337.3954772949219
C1,704,0.836116805549078,22.599999999999998,18.5,68,3.7941176891326904,228.0,1.0,30,2.0,335.10394287109375
C1,705,0.8373914002144239,22.700000000000003,18.599999999999998,68,4.3470587730407715,254.0,1.0,30,2.0,251.99569702148438
C1,706,0.6577920799686163,22.599999999999998,18.5,68,2.417647123336792,135.0,1.0,90,1.0,201.33074951171875
C1,707,0.7580649692718173,22.599999999999998,18.599999999999998,68,5.17058801651001,312.0,1.0,50,3.0,169.59844970703125
C1,708,-1.6269496208765135,28.299999999999997,19.7,10,1.9117647409439087,183.0,1.0,50,3.0,141.7590789794922
C1,709,0.6849218895334168,30.4,21.0,10,4.760000228881836,104.0,1.0,50,2.0,113.98877716064453
C1,710,0.5694013832220247,32.800000000000004,22.1,7,11.15999984741211,180.0,1.0,50,3.0,91.45993041992188
C1,711,0.7037488745665904,38.699999999999996,26.5,7,27.77142906188965,267.0,1.0,50,3.0,81.67595672607422
C1,712,0.6109740584955514,32.300000000000004,22.3,7,8.0,114.0,1.0,70,2.0,76.47224426269531
C1,713,0.5300647645735953,34.5,24.7,4,5.440000057220459,54.0,1.0,50,1.0,72.55001068115234
C1,714,0.6795749490277636,37.8,25.2,4,19.600000381469727,162.0,1.0,50,3.0,65.5300064086914
C1,715,0.6806372476558685,36.900000000000006,25.6,4,17.899999618530273,153.0,1.0,50,3.0,60.51800537109375
C1,716,0.6527679997950822,43.2,28.8,3,27.299999237060547,192.0,1.0,50,3.0,58.84413528442383
C1,717,0.6506889676532382,43.6,29.4,3,25.600000381469727,165.0,1.0,50,3.0,57.973148345947266
C1,718,0.6577095498182115,39.199999999999996,26.599999999999998,3,17.46666717529297,141.0,1.0,50,3.0,56.91722106933594
C1,719,0.7168202090465502,40.4,28.7,3,17.066667556762695,106.0,1.0,30,2.0,54.81700134277344
C1,720,0.6680116954917341,38.199999999999996,25.4,3,17.733333587646484,132.0,1.0,50,3.0,52.0901985168457
C1,721,0.349075,54.699999999999996,36.8,4,57.06666564941406,246.0,1.0,50,3.0,55.12078857421875
C1,722,0.6575348022264841,37.6,26.200000000000003,4,14.0,108.0,1.0,50,2.0,57.072471618652344
C1,723,0.7429776863572612,38.0,25.6,4,18.899999618530273,153.0,1.0,30,3.0,59.176815032958984
C1,724,0.75775,37.699999999999996,25.3,4,20.5,159.0,1.0,30,3.0,56.572757720947266
C1,725,0.7586666666666666,37.6,25.4,4,20.799999237060547,171.0,1.0,30,3.0,55.41032028198242
C1,726,0.74125,39.5,28.299999999999997,4,26.100000381469727,183.0,1.0,30,3.0,56.04619216918945
C1,727,-0.45399414483516515,84.3,40.800000000000004,16,158.72000122070312,939.0,1.0,30,3.0,91.0943832397461
C1,728,0.5263333333333333,32.4,22.0,23,83.32173919677734,1962.0,1.0,90,3.0,191.72329711914062
C1,729,-0.8039999999999998,24.8,19.5,65,31.61846160888672,1881.0,1.0,30,3.0,327.56732177734375
C1,730,0.828123547640816,22.4,18.5,65,21.37230682373047,1316.0,1.0,50,2.0,455.07373046875
C1,731,0.8915833333333334,23.099999999999998,19.2,65,30.89230728149414,1890.0,1.0,30,3.0,528.3775634765625
C1,732,0.8934166666666666,22.9,19.0,65,30.683076858520508,1893.0,1.0,30,3.0,572.8931884765625
C1,733,0.8934166666666666,22.9,19.0,65,30.87384605407715,1920.0,1.0,30,3.0,597.2025756835938
C1,734,0.89525,22.700000000000003,19.0,65,30.68922996520996,1881.0,1.0,30,3.0,611.3882446289062
C1,735,0.8906666666666667,23.2,19.099999999999998,65,31.12615394592285,1926.0,1.0,30,3.0,621.3662719726562
C1,736,0.8961666666666668,22.599999999999998,18.4,65,20.535385131835938,1264.0,1.0,30,2.0,626.2864379882812
C1,737,0.8258078638065505,22.5,18.3,65,21.033845901489258,1290.0,1.0,50,2.0,631.6385498046875
C1,738,0.8602824554112469,22.8,18.5,65,10.867691993713379,648.0,1.0,30,1.0,635.6497802734375
C1,739,0.8582607185955705,22.9,18.9,65,30.535385131835938,1905.0,1.0,50,3.0,638.45654296875
C1,740,0.8627642981667596,22.599999999999998,18.5,65,11.064615249633789,666.0,1.0,30,1.0,642.9406127929688
C1,741,0.8970833333333335,22.5,18.4,65,21.88307762145996,1334.0,1.0,30,2.0,648.1643676757812
C1,742,0.8925000000000001,23.0,19.099999999999998,65,30.356922149658203,1860.0,1.0,30,3.0,649.298583984375
C1,743,0.89525,22.700000000000003,18.599999999999998,65,20.098461151123047,1224.0,1.0,30,2.0,642.7791748046875
C1,744,0.8850173259244606,22.700000000000003,18.4,65,19.778461456298828,1212.0,1.0,30,2.0,630.7341918945312
C1,745,0.8504452211987689,23.0,19.0,65,28.54153823852539,1773.0,1.0,50,3.0,619.6405029296875
C1,746,0.8526649187566988,23.0,19.0,65,29.169231414794922,1776.0,1.0,50,3.0,610.317626953125
C1,747,0.852414380403831,23.099999999999998,19.099999999999998,65,29.360000610351562,1803.0,1.0,50,3.0,604.0572509765625
C1,748,0.014191016303020158,25.1,19.7,44,35.91999816894531,1995.0,1.0,50,3.0,610.1676635742188
C1,749,0.012418718257154425,23.599999999999998,18.9,65,10.70769214630127,629.0,1.0,30,1.0,618.7672729492188
C1,750,0.683403950867084,22.9,18.8,65,2.307692289352417,122.0,1.0,70,1.0,560.0603637695312
C1,751,0.685571970271333,23.099999999999998,18.9,65,4.0923075675964355,236.0,1.0,70,2.0,451.90289306640625
C1,752,0.8483675458274814,19.3,18.2,65,0.947692334651947,67.0,1.0,30,1.0,312.0750732421875
C1,753,0.8370271354707758,22.0,18.5,65,2.6523077487945557,139.0,1.0,30,1.0,230.44503784179688
C1,754,-1.4752505851529265,27.7,19.599999999999998,10,8.452174186706543,252.0,1.0,50,3.0,176.93368530273438
C1,755,0.7414073362952462,33.2,23.3,9,6.488888740539551,77.0,1.0,30,1.0,146.16021728515625
C1,756,0.7028936149384142,38.6,25.8,9,27.288888931274414,250.0,1.0,50,2.0,125.82946014404297
C1,757,0.5158913342794424,44.900000000000006,30.5,5,37.20000076293945,214.0,1.0,50,2.0,116.69767761230469
C1,758,0.5874214360042913,48.4,33.099999999999994,5,20.799999237060547,119.0,1.0,50,1.0,116.818603515625
C1,759,0.6543156868622139,42.9,28.9,5,24.8799991607666,174.0,1.0,50,2.0,111.82449340820312
C1,760,0.631572081972733,43.0,28.0,5,19.520000457763672,146.0,1.0,50,2.0,104.2947006225586
C1,761,0.35917969196485355,46.1,31.0,11,81.42222595214844,574.0,1.0,50,2.0,122.17681884765625
C1,762,-1.352549322242781,33.9,23.2,64,46.275001525878906,2148.0,1.0,30,3.0,216.7727508544922
C1,763,0.8627992255724896,22.700000000000003,18.599999999999998,64,11.356249809265137,666.0,1.0,30,3.0,293.3970031738281
C1,764,0.8272938132959543,22.9,18.700000000000003,64,2.2874999046325684,125.0,1.0,30,1.0,317.7715148925781
C1,765,0.8568928629440569,19.900000000000002,18.3,64,3.03125,231.0,1.0,30,3.0,247.1962432861328
C1,766,0.8373421949365376,22.3,18.5,64,3.4124999046325684,240.0,1.0,30,3.0,185.91775512695312
C1,767,0.8513955991109009,18.700000000000003,17.9,64,1.681249976158142,174.0,1.0,30,3.0,140.21731567382812
C1,768,-0.9511133941859011,28.2,20.0,20,10.300000190734863,279.0,1.0,30,3.0,114.93038940429688
C1,769,0.5918665393975786,37.0,24.8,16,41.230770111083984,420.0,1.0,30,3.0,107.75823211669922
C1,770,0.7921277211940084,32.2,21.7,16,17.125,291.0,1.0,30,3.0,108.65493774414062
C1,771,0.7894166666666667,32.5,22.0,18,33.511112213134766,528.0,1.0,30,3.0,120.25962829589844
C1,772,0.7880544850965945,32.0,21.2,18,14.844444274902344,282.0,1.0,30,3.0,121.089111328125
C1,773,0.7932818626733263,32.4,21.9,18,18.422222137451172,321.0,1.0,30,3.0,122.92013549804688
C1,774,0.8081666666666668,32.2,21.5,18,24.88888931274414,435.0,1.0,30,3.0,119.88541412353516
C1,775,0.7848105774194012,32.300000000000004,21.6,18,14.666666984558105,256.0,1.0,30,2.0,122.59791564941406
C1,776,0.785119819051864,32.300000000000004,21.8,18,14.777777671813965,252.0,1.0,30,2.0,126.75875091552734
C1,777,0.6766363067304881,27.599999999999998,19.599999999999998,15,5.413333415985107,150.0,1.0,30,3.0,116.58858489990234
C1,778,0.7730076120319304,32.599999999999994,22.2,15,11.65333366394043,184.0,1.0,30,2.0,105.68648529052734
C1,779,0.7896559084030624,27.5,19.5,14,5.440000057220459,122.0,1.0,30,2.0,90.47855377197266
C1,780,0.3715033305351939,32.2,21.5,9,4.400000095367432,60.0,1.0,90,1.0,82.6871337890625
C1,781,0.7069734128615549,38.4,25.7,8,30.177778244018555,276.0,1.0,50,2.0,84.14561462402344
C1,782,0.7316666666666667,38.800000000000004,26.0,10,35.880001068115234,332.0,1.0,30,2.0,99.02069854736328
C1,783,0.7726666666666666,35.2,24.5,11,29.672727584838867,324.0,1.0,30,2.0,121.5457534790039
C1,784,0.7935,33.8,24.0,11,26.290908813476562,286.0,1.0,30,2.0,135.72744750976562
C1,785,0.669823422212346,33.9,24.2,11,28.909090042114258,314.0,1.0,70,2.0,143.03646850585938
C1,786,0.7898333333333334,34.2,24.2,11,40.400001525878906,438.0,1.0,50,3.0,145.28854370117188
C1,787,0.679,33.2,23.099999999999998,14,22.399999618530273,312.0,1.0,30,2.0,148.3731231689453
C1,788,0.7971666666666668,33.4,23.3,14,20.94285774230957,280.0,1.0,30,2.0,147.95721435546875
C1,789,0.799,33.2,23.0,14,22.171428680419922,300.0,1.0,30,2.0,148.24099731445312
C1,790,0.6103344069993379,32.9,22.8,14,9.771428108215332,126.0,1.0,70,1.0,144.41127014160156
C1,791,0.613129100878078,33.4,23.2,14,12.285714149475098,167.0,1.0,70,1.0,145.7134246826172
C1,792,0.5506304605363719,34.9,24.6,11,11.272727012634277,128.0,1.0,50,1.0,143.56138610839844
C1,793,0.6690881639777048,33.6,23.400000000000002,11,8.07272720336914,92.0,1.0,50,1.0,137.73683166503906
C1,794,0.4238138982984359,36.1,25.1,5,12.254545211791992,130.0,1.0,50,1.0,129.3087615966797
C1,795,0.33615,59.4,37.1,4,26.899999618530273,121.0,1.0,30,1.0,123.31859588623047
C1,796,0.6916992139917353,39.5,26.8,4,6.5,51.0,1.0,30,1.0,114.25782012939453
C1,797,0.6188403649164194,49.2,33.0,6,63.46666717529297,387.0,1.0,50,3.0,108.68802642822266
C1,798,0.7078740410989277,37.8,25.4,8,31.200000762939453,282.0,1.0,50,3.0,101.74614715576172
C1,799,0.7201391774904335,38.1,25.8,8,10.899999618530273,92.0,1.0,30,1.0,103.04769134521484
C1,800,0.7447314208666346,34.0,23.5,8,7.199999809265137,77.0,1.0,30,1.0,96.89527893066406
C1,801,0.7110698456212029,40.4,27.2,8,14.850000381469727,121.0,1.0,30,1.0,96.8038330078125
C1,802,0.6656756760443521,32.300000000000004,21.1,8,4.300000190734863,54.0,1.0,50,1.0,91.68230438232422
C1,803,0.7461589426407401,33.6,24.299999999999997,8,6.599999904632568,70.0,1.0,30,1.0,87.6760482788086
C1,804,0.4996666666666667,48.4,33.300000000000004,4,23.799999237060547,109.0,1.0,30,1.0,83.67229461669922
C1,805,0.2384317237074764,56.099999999999994,36.7,4,50.79999923706055,236.0,1.0,90,2.0,89.80337524414062
C1,806,0.5263324736195418,43.8,28.400000000000002,8,17.350000381469727,140.0,1.0,30,1.0,102.81536102294922
C1,807,0.7215140314466842,39.199999999999996,27.0,8,14.649999618530273,122.0,1.0,30,1.0,112.35588073730469
C1,808,0.7401448633613712,32.099999999999994,19.8,8,1.600000023841858,36.0,1.0,30,1.0,107.14686584472656
C1,809,0.5766320901203825,38.1,25.5,12,43.45000076293945,372.0,1.0,30,3.0,101.88811492919922
C1,810,0.5730404909725562,32.099999999999994,21.3,12,5.066666603088379,78.0,1.0,90,1.0,92.86620330810547
C1,811,0.7646993492404411,31.7,20.6,12,6.900000095367432,128.0,1.0,30,2.0,91.18638610839844
C1,812,0.7971666666666668,33.4,23.599999999999998,12,31.133333206176758,381.0,1.0,30,3.0,90.57849884033203
C1,813,0.7885890822260286,32.4,22.3,12,16.433332443237305,249.0,1.0,30,3.0,90.88043212890625
C1,814,0.7754247134937559,32.2,21.7,12,11.266666412353516,160.0,1.0,30,2.0,93.1949234008789
C1,815,0.7738105774194011,33.5,23.099999999999998,12,14.666666984558105,190.0,1.0,30,2.0,90.31695556640625
C1,816,0.7015342357924492,34.0,24.0,12,36.56666564941406,444.0,1.0,70,3.0,97.25684356689453
C1,817,0.6546055433209033,32.5,22.2,15,11.866666793823242,186.0,1.0,30,2.0,103.15410614013672
C1,818,0.603202967234948,32.4,22.1,15,25.30666732788086,372.0,1.0,90,3.0,110.55912780761719
C1,819,0.7794308231492324,32.300000000000004,21.7,15,12.826666831970215,198.0,1.0,30,2.0,108.46881103515625
C1,820,0.5886745256374738,32.599999999999994,22.1,15,19.46666717529297,290.0,1.0,90,2.0,114.14795684814453
C1,821,0.5156466054469088,32.2,21.7,22,41.33333206176758,660.0,1.0,30,2.0,145.02210998535156
C1,822,-0.2800709025596735,28.400000000000002,20.1,49,51.74193572998047,1570.0,1.0,30,2.0,255.0132598876953
C1,823,0.8364113032627879,22.1,18.4,49,2.7265305519104004,154.0,1.0,30,2.0,311.9412841796875
C1,824,0.8483982621068569,18.5,17.8,49,0.9551020264625549,84.0,1.0,30,2.0,307.6981201171875
C1,825,0.850792769577713,18.8,18.1,49,1.5346938371658325,110.0,1.0,30,2.0,207.81886291503906
C1,826,0.7272235675534195,24.8,18.9,49,2.4571428298950195,106.0,1.0,50,1.0,151.7579803466797
C1,827,0.8485335924778462,18.2,18.0,49,0.9877551198005676,82.0,1.0,30,2.0,117.98812103271484
C1,828,-1.299680096878091,41.0,27.099999999999998,4,12.640000343322754,83.0,1.0,90,1.0,101.45954132080078
C1,829,0.47115386129133435,48.0,31.7,8,48.560001373291016,266.0,1.0,30,2.0,95.14239501953125
C1,830,0.7430833333333333,39.300000000000004,27.0,8,24.549999237060547,200.0,1.0,30,2.0,99.21876525878906
C1,831,0.7752491402862085,34.1,24.7,8,17.350000381469727,174.0,1.0,30,2.0,102.19792938232422
C1,832,0.7476666666666667,38.800000000000004,26.599999999999998,8,28.100000381469727,238.0,1.0,30,2.0,102.11875915527344
C1,833,0.7334999999999999,38.6,26.0,10,31.079999923706055,302.0,1.0,30,2.0,108.87125396728516
C1,834,0.7834166666666667,34.9,24.9,10,25.520000457763672,252.0,1.0,30,2.0,118.12274932861328
C1,835,0.7623333333333333,37.199999999999996,25.2,10,24.520000457763672,250.0,1.0,30,2.0,124.47364807128906
C1,836,0.7586666666666666,37.6,25.1,10,23.15999984741211,240.0,1.0,30,2.0,124.1508560180664
C1,837,0.7779166666666667,35.5,24.7,10,32.36000061035156,320.0,1.0,30,2.0,128.49050903320312
C1,838,0.7683333333333333,34.8,24.5,12,31.66666603088379,366.0,1.0,30,2.0,138.82763671875
C1,839,0.64175,32.9,22.599999999999998,16,33.82500076293945,510.0,1.0,30,3.0,151.6965789794922
C1,840,0.7364453996985147,23.2,18.700000000000003,16,1.024999976158142,37.0,1.0,50,1.0,143.0179443359375
C1,841,0.80725,32.300000000000004,21.9,16,32.150001525878906,486.0,1.0,30,3.0,135.01077270507812
C1,842,0.8015713505732901,28.0,19.8,16,7.699999809265137,189.0,1.0,30,3.0,115.9397964477539
C1,843,0.7724086352094128,31.7,21.0,16,9.024999618530273,166.0,1.0,30,2.0,110.63054656982422
C1,844,0.7841728929269421,32.5,22.3,16,15.100000381469727,242.0,1.0,30,2.0,101.97832489013672
C1,845,0.7966594585956996,28.9,20.5,16,8.625,164.0,1.0,30,2.0,99.32032775878906
C1,846,0.7889132772664442,32.300000000000004,21.9,16,16.200000762939453,254.0,1.0,30,2.0,103.59220123291016
C1,847,0.4730915686279602,31.9,20.2,9,4.355555534362793,90.0,1.0,30,2.0,96.02198791503906
C1,848,0.7494999999999999,38.6,25.7,9,28.844444274902344,258.0,1.0,30,2.0,97.74652099609375
C1,849,0.7526448297735779,32.7,22.599999999999998,9,6.133333206176758,73.0,1.0,30,1.0,91.58124542236328
C1,850,0.7329359264161242,38.3,26.1,9,15.822221755981445,146.0,1.0,30,1.0,101.34874725341797
C1,851,0.7482393415329743,37.199999999999996,25.5,9,17.955554962158203,165.0,1.0,30,1.0,112.00924682617188
C1,852,0.723474415836916,38.6,25.8,9,13.422222137451172,125.0,1.0,30,1.0,125.33888244628906
C1,853,0.7323367716918157,38.800000000000004,26.700000000000003,9,17.422222137451172,163.0,1.0,30,1.0,135.60333251953125
C1,854,0.5485667355552212,38.9,26.599999999999998,13,50.35555648803711,429.0,1.0,30,3.0,138.8286590576172
C1,855,0.7537726274468987,33.8,23.599999999999998,13,9.199999809265137,123.0,1.0,30,1.0,140.4971923828125
C1,856,0.7691381469336076,33.099999999999994,23.3,13,11.876922607421875,157.0,1.0,30,1.0,140.6983184814453
C1,857,0.7481796534393561,32.9,22.4,13,5.44615364074707,81.0,1.0,30,1.0,132.5523223876953
C1,858,0.7419608561674496,32.300000000000004,20.2,13,2.492307662963867,53.0,1.0,30,1.0,118.3313980102539
C1,859,0.7512535565265739,33.0,22.8,13,26.492307662963867,339.0,1.0,50,3.0,103.93216705322266
C1,860,0.7756479152579943,28.7,20.0,12,4.666666507720947,106.0,1.0,30,2.0,91.5593032836914
C1,861,0.7607002441363708,32.0,21.2,12,6.566666603088379,128.0,1.0,30,2.0,85.60224914550781
C1,862,0.7902702322523546,26.9,19.099999999999998,12,2.200000047683716,70.0,1.0,30,2.0,71.62801361083984
C1,863,0.7828481406587016,33.8,23.599999999999998,12,19.566667556762695,234.0,1.0,30,2.0,71.77680969238281
C1,864,0.8136246455128224,24.5,19.2,11,4.5333333015441895,123.0,1.0,30,3.0,68.7994155883789
C1,865,0.6766219753508408,28.5,20.2,8,7.599999904632568,147.0,1.0,30,3.0,68.87965393066406
C1,866,0.7887011017905873,29.0,20.400000000000002,8,6.699999809265137,129.0,1.0,30,3.0,59.06112289428711
C1,867,0.7737259391091252,32.2,21.6,8,10.75,171.0,1.0,30,3.0,55.303340911865234
C1,868,0.7656353655554415,32.300000000000004,21.3,7,11.0,177.0,1.0,30,3.0,54.38200378417969
C1,869,0.6249166666666667,39.1,26.700000000000003,4,26.799999237060547,183.0,1.0,30,3.0,56.22920227050781
C1,870,0.743468281329504,37.900000000000006,25.5,4,18.700000762939453,150.0,1.0,30,3.0,56.40419006347656
C1,871,0.684,44.0,29.5,6,36.400001525878906,252.0,1.0,30,3.0,59.84251403808594
C1,872,0.7748692805748861,31.8,21.1,6,10.0,132.0,1.0,30,3.0,59.63883972167969
C1,873,0.8306080387034035,23.0,18.5,6,3.3333332538604736,81.0,1.0,30,3.0,56.44997024536133
C1,874,0.833202297648616,22.599999999999998,18.2,6,3.066666603088379,81.0,1.0,30,3.0,46.936649322509766
C1,875,0.6686769610272001,31.7,20.5,6,3.6666667461395264,68.0,1.0,50,2.0,39.89532470703125
C1,876,0.755616862434518,31.9,20.5,6,5.0,90.0,1.0,30,3.0,36.070526123046875
C1,877,0.6060752637893796,34.2,24.299999999999997,2,14.199999809265137,96.0,1.0,30,3.0,34.442317962646484
C1,878,0.7378333333333333,39.0,28.9,1,26.0,99.0,1.0,30,3.0,33.33205795288086
C1,879,0.6883048624344174,32.2,25.2,1,9.600000381469727,54.0,1.0,50,2.0,32.265899658203125
C1,880,0.7675226274468987,32.300000000000004,25.8,1,9.199999809265137,52.0,1.0,30,2.0,30.82620620727539
C1,881,-0.8301232952679632,206.8,88.1,14,146.6999969482422,714.0,1.0,30,2.0,73.16239166259766
C1,882,-0.19867108835953906,31.7,20.9,39,40.8121223449707,1166.0,1.0,30,2.0,172.6974334716797
C1,883,0.8493696157261145,18.2,17.8,39,1.1897436380386353,82.0,1.0,30,2.0,234.41845703125
C1,884,0.8508505027513532,19.099999999999998,18.0,39,1.548717975616455,126.0,1.0,30,3.0,229.45108032226562
C1,885,0.7067351133958789,17.9,17.4,39,0.7589743733406067,78.0,1.0,70,3.0,152.2039794921875
C1,886,0.8470727580630703,18.0,17.6,39,0.6358974575996399,54.0,1.0,30,2.0,103.98905181884766
C1,887,0.8480102159679023,18.0,17.9,39,0.8615384697914124,60.0,1.0,30,2.0,73.46009826660156
C1,888,-0.7297468181517703,32.4,20.6,2,4.800000190734863,52.0,1.0,30,2.0,55.14272689819336
C1,889,0.7405531131909727,32.5,22.700000000000003,1,4.599999904632568,40.0,1.0,30,2.0,43.21896743774414
C1,890,0.6786413342794425,44.6,34.3,1,17.200000762939453,62.0,1.0,30,2.0,36.19804763793945
C1,891,0.29380068195578574,60.1,43.5,1,26.799999237060547,82.0,1.0,50,2.0,33.985496520996094
C1,892,0.6735471449624855,32.9,26.200000000000003,1,7.599999904632568,46.0,1.0,50,2.0,33.05796432495117
C1,893,0.569122820691436,32.5,26.200000000000003,1,4.800000190734863,25.0,1.0,90,1.0,31.701444625854492
C1,894,0.6718980715057302,32.9,26.599999999999998,1,7.199999809265137,44.0,1.0,50,2.0,28.35420036315918
C1,895,0.6811250403485705,32.800000000000004,26.4,1,9.199999809265137,48.0,1.0,50,2.0,26.47918701171875
C1,896,0.6111092620169174,43.6,33.0,1,16.0,60.0,1.0,50,2.0,26.020845413208008
C1,897,0.852702823555001,18.700000000000003,17.6,1,2.0,15.0,1.0,30,1.0,24.81250762939453
C1,898,0.852702823555001,17.9,17.5,1,2.0,14.0,1.0,30,1.0,22.75417137145996
C1,899,0.7475031818482296,32.7,25.1,1,4.800000190734863,24.0,1.0,30,1.0,20.71916961669922
C1,900,0.7465865151815629,32.800000000000004,26.4,1,4.800000190734863,22.0,1.0,30,1.0,20.431501388549805
C1,901,0.7520865151815631,32.2,26.1,1,4.800000190734863,27.0,1.0,30,1.0,21.99223518371582
C1,902,0.745394094494436,33.099999999999994,26.700000000000003,1,5.199999809265137,26.0,1.0,30,1.0,23.195341110229492
C1,903,0.6938942674441421,32.7,26.9,1,12.0,60.0,1.0,50,3.0,23.650537490844727
C1,904,0.7772390996697683,18.3,17.6,1,4.0,34.0,1.0,50,2.0,22.590322494506836
C1,905,0.6759487825977387,33.0,27.099999999999998,1,8.399999618530273,42.0,1.0,50,2.0,21.287527084350586
C1,906,0.6868213459403678,33.099999999999994,26.1,1,11.199999809265137,56.0,1.0,50,2.0,21.5725154876709
C1,907,0.6802083736819039,32.9,26.0,1,9.199999809265137,48.0,1.0,50,2.0,22.676843643188477
C1,908,0.6219750526390948,43.9,34.1,1,19.200000762939453,68.0,1.0,50,2.0,25.072772979736328
C1,909,0.7804148819201024,17.8,17.3,1,4.800000190734863,38.0,1.0,50,2.0,25.31032943725586
C1,910,0.6957276007774754,32.5,25.8,1,12.0,63.0,1.0,50,3.0,25.05286407470703
C1,911,0.343875,59.5,42.8,1,44.79999923706055,135.0,1.0,50,3.0,26.36505126953125
C1,912,0.7025702651596104,32.5,25.8,1,13.600000381469727,75.0,1.0,50,3.0,27.952363967895508
C1,913,0.3267039166010932,61.6,40.9,1,39.20000076293945,120.0,1.0,50,3.0,31.438085556030273
C1,914,0.29896364376527407,59.3,43.4,1,27.600000381469727,80.0,1.0,50,2.0,32.862850189208984
C1,915,0.6184425953502508,42.8,33.0,1,16.0,68.0,1.0,50,2.0,34.91770935058594
C1,916,0.614786535898892,44.5,34.0,1,18.799999237060547,66.0,1.0,50,2.0,35.21729278564453
C1,917,0.6095622741672018,44.699999999999996,34.1,1,18.0,66.0,1.0,50,2.0,34.46371078491211
C1,918,0.6183947332148976,32.599999999999994,26.700000000000003,1,11.600000381469727,56.0,1.0,70,2.0,33.2115592956543
C1,919,0.61453156913046,43.6,33.7,1,16.799999237060547,64.0,1.0,50,2.0,32.326934814453125
C1,920,0.6777246676127758,44.699999999999996,34.6,1,17.200000762939453,66.0,1.0,30,2.0,31.796161651611328
C1,921,0.21783144606404437,94.39999999999999,48.5,2,45.20000076293945,114.0,1.0,30,2.0,35.344364166259766
C1,922,0.8535202322523546,18.3,17.4,2,2.200000047683716,34.0,1.0,30,2.0,35.47328567504883
C1,923,0.7627202042829604,32.9,24.400000000000002,2,9.399999618530273,62.0,1.0,30,2.0,35.28396987915039
C1,924,0.8494120147012152,17.7,17.2,2,1.2000000476837158,26.0,1.0,30,2.0,29.3037166595459
C1,925,0.7649361839831669,18.0,17.2,2,0.800000011920929,19.0,1.0,50,1.0,25.982229232788086
C1,926,0.7588066935861115,33.7,25.1,2,10.399999618530273,70.0,1.0,30,2.0,24.52267074584961
C1,927,0.7712504363535688,32.7,24.6,1,14.0,72.0,1.0,30,3.0,25.113601684570312
C1,928,0.8700719235523432,17.8,17.5,1,6.400000095367432,57.0,1.0,30,3.0,25.46816062927246
C1,929,0.6972500000000001,44.3,34.2,1,24.0,90.0,1.0,30,3.0,25.014230728149414
C1,930,0.8639198485148963,17.9,17.5,1,4.800000190734863,42.0,1.0,30,3.0,23.408538818359375
C1,931,0.34495000000000003,56.2,39.4,2,27.799999237060547,123.0,1.0,30,3.0,25.378456115722656
C1,932,0.7956589426407402,28.2,20.6,2,6.599999904632568,63.0,1.0,30,3.0,25.36040687561035
C1,933,0.8543353991895412,17.8,17.2,2,2.4000000953674316,36.0,1.0,30,3.0,25.082910537719727
C1,934,0.8543353991895412,17.8,17.1,2,2.4000000953674316,39.0,1.0,30,3.0,21.183080673217773
C1,935,0.776018591455126,31.6,21.5,2,9.800000190734863,87.0,1.0,30,3.0,19.909847259521484
C1,936,0.852702823555001,17.6,17.2,2,2.0,36.0,1.0,30,3.0,19.14590835571289
C1,937,0.8463353991895411,17.9,17.3,1,2.4000000953674316,16.0,1.0,30,1.0,19.08754539489746
C1,938,0.7425185509003341,32.9,26.1,1,4.0,20.0,1.0,30,1.0,17.852527618408203
C1,939,0.5744120147012152,50.0,17.5,1,1.2000000476837158,9.0,1.0,30,1.0,16.711515426635742
C1,940,0.8510615300280377,17.8,17.6,1,1.600000023841858,10.0,1.0,30,1.0,15.226909637451172
C1,941,0.26630000000000004,84.8,57.5,2,28.799999237060547,75.0,1.0,30,1.0,21.669479370117188
C1,942,0.6026929110551599,28.9,21.9,2,5.400000095367432,54.0,1.0,90,2.0,27.935020446777344
C1,943,0.8518832352792386,18.700000000000003,17.1,2,1.7999999523162842,17.0,1.0,30,1.0,32.62767791748047
C1,944,0.7432087577917701,32.300000000000004,22.3,2,2.799999952316284,22.0,1.0,30,1.0,28.37660789489746
C1,945,0.8477547725551174,17.6,17.2,2,0.800000011920929,11.0,1.0,30,1.0,23.692630767822266
C1,946,0.8405843284339894,17.8,17.1,1,1.0,10.0,1.0,30,1.0,19.948911666870117
C1,947,0.8639198485148963,17.6,17.2,1,4.800000190734863,39.0,1.0,30,3.0,16.5026798248291
C1,948,0.8543353991895412,18.0,17.4,1,2.4000000953674316,18.0,1.0,30,3.0,13.768275260925293
C1,949,0.8607685509003341,17.9,17.5,1,4.0,30.0,1.0,30,3.0,12.127632141113281
C1,950,0.7756653383512933,17.9,17.6,1,3.5999999046325684,34.0,1.0,50,2.0,11.676579475402832
C1,951,0.7810652953567194,33.099999999999994,26.700000000000003,1,16.0,81.0,1.0,30,3.0,14.205947875976562
C1,952,0.852702823555001,18.0,17.6,1,2.0,18.0,1.0,30,3.0,15.190235137939453
C1,953,0.8685539631541367,17.9,17.6,1,6.0,51.0,1.0,30,3.0,15.780807495117188
C1,954,0.8559587577917702,17.9,17.6,1,2.799999952316284,24.0,1.0,30,3.0,13.601818084716797
C1,955,0.8543353991895412,17.9,17.5,1,2.4000000953674316,21.0,1.0,30,3.0,12.427757263183594
C1,956,0.7710993758080114,33.2,26.4,1,12.800000190734863,66.0,1.0,30,3.0,12.38998794555664
C1,957,0.8494120147012152,17.8,17.5,1,1.2000000476837158,10.0,1.0,30,1.0,12.633993148803711
C1,958,0.8607685509003341,18.2,17.6,1,4.0,36.0,1.0,30,3.0,13.447062492370605
C1,959,0.8654774278277694,17.8,17.3,1,5.199999809265137,42.0,1.0,30,3.0,12.868237495422363
C1,960,0.8575724027518892,17.7,17.4,1,3.200000047683716,24.0,1.0,30,3.0,12.25427532196045
C1,961,0.7822276307266981,32.5,25.8,1,14.399999618530273,72.0,1.0,30,3.0,13.485898971557617
C1,962,0.8654774278277694,17.8,17.5,1,5.199999809265137,45.0,1.0,30,3.0,14.358205795288086
C1,963,0.8591758329899635,18.0,17.4,1,3.5999999046325684,27.0,1.0,30,3.0,15.014923095703125
C1,964,0.8639198485148963,17.6,17.3,1,4.800000190734863,42.0,1.0,30,3.0,14.075620651245117
C1,965,0.7036666666666667,43.6,33.5,1,27.600000381469727,96.0,1.0,30,3.0,15.778705596923828
C1,966,0.7054999999999999,43.4,33.300000000000004,1,24.799999237060547,96.0,1.0,30,3.0,19.867223739624023
C1,967,0.8700719235523432,17.5,17.3,1,6.400000095367432,57.0,1.0,30,3.0,22.987001419067383
C1,968,0.8639198485148963,17.5,17.3,1,4.800000190734863,45.0,1.0,30,3.0,22.592201232910156
C1,969,0.8607685509003341,17.6,17.2,1,4.0,32.0,1.0,30,2.0,20.221986770629883
C1,970,0.7615310005661772,32.800000000000004,25.1,1,8.800000190734863,46.0,1.0,30,2.0,19.333192825317383
C1,971,0.3579,54.4,41.5,1,28.0,86.0,1.0,30,2.0,22.533248901367188
C1,972,0.8591758329899635,17.7,17.4,1,3.5999999046325684,30.0,1.0,30,2.0,24.319950103759766
C1,973,0.8623500559002011,17.6,17.3,1,4.400000095367432,36.0,1.0,30,2.0,24.725303649902344
C1,974,0.724861481922581,39.0,32.7,1,15.199999809265137,62.0,1.0,30,2.0,23.368515014648438
C1,975,0.7628555817666097,32.5,26.200000000000003,1,8.399999618530273,46.0,1.0,30,2.0,23.621109008789062
C1,976,0.8623500559002011,17.8,17.5,1,4.400000095367432,36.0,1.0,30,2.0,23.77266502380371
C1,977,0.8543353991895412,17.6,17.2,1,2.4000000953674316,20.0,1.0,30,2.0,21.0635986328125
C1,978,0.8543353991895412,17.8,17.3,1,2.4000000953674316,18.0,1.0,30,2.0,17.57149314880371
C1,979,0.8559587577917702,17.8,17.4,1,2.799999952316284,18.0,1.0,30,2.0,14.276228904724121
C1,980,0.8543353991895412,17.6,17.3,1,2.4000000953674316,18.0,1.0,30,2.0,12.16573715209961
C1,981,0.8607685509003341,17.7,17.3,1,4.0,32.0,1.0,30,2.0,11.832776069641113
C1,982,0.8494120147012152,17.9,17.5,1,1.2000000476837158,12.0,1.0,30,2.0,11.232998847961426
C1,983,0.8591758329899635,17.7,17.4,1,3.5999999046325684,32.0,1.0,30,2.0,11.806466102600098
C1,984,0.8559587577917702,17.9,17.5,1,2.799999952316284,22.0,1.0,30,2.0,11.483880043029785
C1,985,0.852702823555001,18.0,17.6,1,2.0,18.0,1.0,30,3.0,11.290328025817871
C1,986,0.7693084352413216,32.7,26.1,1,10.800000190734863,63.0,1.0,30,3.0,11.840863227844238
C1,987,0.8559587577917702,17.9,17.6,1,2.799999952316284,24.0,1.0,30,3.0,11.771184921264648
C1,988,0.7756653383512933,17.9,17.6,1,3.5999999046325684,30.0,1.0,50,3.0,12.262710571289062
C1,989,0.8607685509003341,17.9,17.5,1,4.0,33.0,1.0,30,3.0,11.224292755126953
C1,990,0.8543353991895412,17.9,17.5,1,2.4000000953674316,21.0,1.0,30,3.0,10.46790885925293
C1,991,0.8700719235523432,17.7,17.4,1,6.400000095367432,57.0,1.0,30,3.0,11.214078903198242
C1,992,0.8607685509003341,17.9,17.6,1,4.0,33.0,1.0,30,3.0,11.66178035736084
C1,993,0.8494120147012152,18.1,17.5,1,1.2000000476837158,13.0,1.0,30,1.0,12.730401992797852
C1,994,0.5727547725551173,50.0,17.5,1,0.800000011920929,6.0,1.0,30,1.0,11.638240814208984
C1,995,0.8543353991895412,17.8,17.5,1,2.4000000953674316,21.0,1.0,30,3.0,10.44961166381836
C1,996,0.8670222991527153,17.8,17.4,1,5.599999904632568,48.0,1.0,30,3.0,10.136433601379395
C1,997,0.8543353991895412,17.6,17.3,1,2.4000000953674316,18.0,1.0,30,3.0,9.948526382446289
C1,998,0.8510615300280377,18.0,17.4,1,1.600000023841858,12.0,1.0,30,3.0,9.435782432556152
C1,999,0.8575724027518892,17.6,17.3,1,3.200000047683716,27.0,1.0,30,3.0,8.194803237915039
C1,1000,0.8510615300280377,17.7,17.4,1,1.600000023841858,12.0,1.0,30,3.0,7.183548450469971
C1,1001,0.361725,50.1,35.8,2,26.799999237060547,120.0,1.0,30,3.0,11.376795768737793
C1,1002,0.06049723808004559,99.8,47.5,4,79.5999984741211,240.0,1.0,30,3.0,23.359411239624023
C1,1003,0.6950000000000001,42.8,28.299999999999997,6,34.93333435058594,264.0,1.0,30,3.0,41.74898147583008
C1,1004,0.7723034897624294,28.0,19.400000000000002,7,2.2285714149475098,60.0,1.0,30,3.0,50.11605453491211
C1,1005,0.3937520716785691,39.699999999999996,27.099999999999998,14,57.599998474121094,426.0,1.0,30,3.0,63.4029655456543
C1,1006,0.8008333333333334,33.0,22.9,14,31.571428298950195,438.0,1.0,30,3.0,79.10844421386719
C1,1007,0.7999166666666667,33.099999999999994,23.099999999999998,14,25.257143020629883,360.0,1.0,30,3.0,101.86506652832031
C1,1008,0.8026666666666666,32.800000000000004,22.700000000000003,14,27.657142639160156,390.0,1.0,30,3.0,113.91903686523438
C1,1009,0.8017500000000001,32.9,22.599999999999998,14,27.85714340209961,384.0,1.0,30,3.0,118.75142669677734
C1,1010,0.7773278381220474,32.099999999999994,21.4,14,11.571428298950195,216.0,1.0,30,3.0,115.2508544921875
C1,1011,0.7999166666666667,33.099999999999994,22.9,14,27.542856216430664,363.0,1.0,30,3.0,111.95051574707031
C1,1012,0.799,33.2,23.099999999999998,14,26.08571434020996,357.0,1.0,30,3.0,108.77030944824219
C1,1013,0.8008333333333334,33.0,22.9,14,28.257143020629883,393.0,1.0,30,3.0,114.72885131835938
C1,1014,0.7811693054923445,32.4,21.7,14,13.714285850524902,240.0,1.0,30,3.0,112.83731079101562
C1,1015,0.7565646863625632,32.300000000000004,22.0,14,6.199999809265137,92.0,1.0,30,1.0,108.10238647460938
C1,1016,0.7580119737096507,33.5,23.099999999999998,14,9.628571510314941,135.0,1.0,30,1.0,105.79476165771484
C1,1017,0.7694781966947044,28.9,19.7,14,1.600000023841858,45.0,1.0,30,1.0,99.74352264404297
C1,1018,0.8157190856856035,24.2,19.099999999999998,14,2.3714284896850586,54.0,1.0,30,1.0,91.04611206054688
C1,1019,0.4457781485892476,38.9,26.9,7,15.199999809265137,129.0,1.0,30,1.0,85.02767181396484
C1,1020,0.5419740198263384,33.7,23.599999999999998,5,4.639999866485596,53.0,1.0,90,1.0,82.48326873779297
C1,1021,0.712322826395607,37.6,25.7,5,7.360000133514404,61.0,1.0,30,1.0,81.88996124267578
C1,1022,0.758813351743412,17.8,17.3,4,1.2999999523162842,39.0,1.0,50,3.0,66.06730651855469
C1,1023,0.6824869094417649,31.7,21.8,4,7.099999904632568,90.0,1.0,50,3.0,53.50705337524414
C1,1024,0.8329984091575853,17.8,17.3,2,1.100000023841858,24.0,1.0,30,2.0,39.437564849853516
C1,1025,0.6904216372132119,43.1,29.5,2,16.399999618530273,94.0,1.0,30,2.0,35.529205322265625
C1,1026,0.7869198485148964,28.400000000000002,20.400000000000002,2,4.800000190734863,50.0,1.0,30,2.0,32.51752471923828
C1,1027,0.6569166666666667,48.7,34.1,2,25.200000762939453,108.0,1.0,30,2.0,36.31051254272461
C1,1028,0.1925539631541367,90.0,44.5,4,54.0,164.0,1.0,30,2.0,43.25297546386719
C1,1029,0.7288994629844737,38.5,25.8,4,15.0,112.0,1.0,30,2.0,51.55178451538086
C1,1030,0.6651666666666667,47.800000000000004,32.599999999999994,4,32.900001525878906,178.0,1.0,30,2.0,61.19773864746094
C1,1031,0.5341666666666667,49.0,33.6,7,37.25714111328125,210.0,1.0,30,2.0,70.0519790649414
C1,1032,0.7039166666666666,42.7,28.0,8,32.400001525878906,240.0,1.0,30,2.0,83.8978500366211
C1,1033,0.7591801364464889,32.2,21.7,8,6.650000095367432,100.0,1.0,30,2.0,87.00537872314453
C1,1034,0.736537025548108,38.4,25.6,8,17.649999618530273,178.0,1.0,30,2.0,86.73655700683594
C1,1035,0.5646237116231988,39.699999999999996,27.5,8,15.199999809265137,126.0,1.0,70,1.0,87.3752670288086
C1,1036,0.7761262253778726,31.7,21.1,8,10.100000381469727,150.0,1.0,30,3.0,87.75849151611328
C1,1037,0.8559587577917702,18.9,18.1,8,2.799999952316284,81.0,1.0,30,3.0,79.72176361083984
C1,1038,0.6295,38.6,26.200000000000003,5,28.239999771118164,213.0,1.0,30,3.0,67.56639099121094
C1,1039,0.7925833333333334,33.9,25.1,5,21.1200008392334,186.0,1.0,30,3.0,61.8731689453125
C1,1040,0.8497425514228559,17.7,17.3,5,1.2799999713897705,45.0,1.0,30,3.0,56.857234954833984
C1,1041,-0.6020875946909107,94.5,45.5,20,160.0800018310547,2130.0,1.0,30,3.0,139.04766845703125
C1,1042,0.043916666666666694,28.299999999999997,19.8,40,27.479999542236328,1029.0,1.0,30,3.0,225.82859802246094
C1,1043,0.8360125474905964,23.5,18.9,40,5.880000114440918,261.0,1.0,30,3.0,287.4971618652344
C1,1044,0.8278127479241381,22.8,18.599999999999998,40,2.190000057220459,150.0,1.0,30,3.0,236.498291015625
C1,1045,0.8145391933959124,27.3,19.400000000000002,40,9.539999961853027,354.0,1.0,30,3.0,175.8989715576172
C1,1046,0.8089603624918993,26.9,19.2,40,6.96999979019165,273.0,1.0,30,3.0,140.07272338867188
C1,1047,0.8513410875157182,20.299999999999997,18.3,40,2.3399999141693115,153.0,1.0,30,3.0,118.71029663085938
C1,1048,-0.2732153238081421,18.5,17.4,12,0.5666666626930237,27.0,1.0,30,3.0,91.35951232910156
C1,1049,0.84886043483079,18.3,17.8,12,1.0666667222976685,48.0,1.0,30,2.0,66.01570892333984
C1,1050,0.7870833333333334,34.5,24.2,12,27.83333396911621,342.0,1.0,30,3.0,59.20942306518555
C1,1051,0.7681155125744032,33.300000000000004,23.599999999999998,12,12.133333206176758,150.0,1.0,30,1.0,73.92565155029297
C1,1052,0.7912370192092409,28.0,19.8,12,4.9666666984558105,138.0,1.0,30,3.0,85.68872833251953
C1,1053,0.8316374913818891,22.8,18.599999999999998,12,3.133333444595337,102.0,1.0,30,3.0,82.07990264892578
C1,1054,0.8271066592647885,24.2,19.3,12,5.233333110809326,138.0,1.0,30,3.0,66.04794311523438
C1,1055,0.8473393125660467,18.4,17.4,12,0.699999988079071,23.0,1.0,30,1.0,53.362098693847656
C1,1056,0.40193400642639454,43.8,28.2,5,15.600000381469727,104.0,1.0,30,1.0,55.083927154541016
C1,1057,0.6905310005661772,38.800000000000004,26.599999999999998,3,8.800000190734863,53.0,1.0,30,1.0,57.05035400390625
C1,1058,0.5722007269431791,50.0,17.3,3,0.6666666865348816,7.0,1.0,30,1.0,56.09687805175781
C1,1059,0.29120391660109324,71.6,42.1,4,40.79999923706055,143.0,1.0,30,1.0,60.724796295166016
C1,1060,0.5723393125660466,50.0,17.4,4,0.699999988079071,8.0,1.0,30,1.0,57.50154495239258
C1,1061,0.332325,63.70000000000001,37.900000000000006,4,31.0,139.0,1.0,30,1.0,73.16759490966797
C1,1062,0.644892846158585,48.9,33.9,4,19.799999237060547,94.0,1.0,30,1.0,76.03388977050781
C1,1063,0.7714044355242584,28.6,20.1,4,1.399999976158142,22.0,1.0,30,1.0,79.62033081054688
C1,1064,0.6293045200006857,48.5,31.8,4,12.300000190734863,77.0,1.0,30,1.0,73.50553131103516
C1,1065,0.7234083715965062,38.6,25.6,4,13.399999618530273,112.0,1.0,30,2.0,64.76998901367188
C1,1066,0.2174277066527628,53.900000000000006,36.2,7,45.119998931884766,218.0,1.0,30,2.0,71.128662109375
C1,1067,0.7679448152559143,34.3,24.400000000000002,7,15.199999809265137,150.0,1.0,30,2.0,74.67719268798828
C1,1068,0.7627462840873048,33.6,23.400000000000002,7,11.314285278320312,138.0,1.0,30,2.0,78.5396499633789
C1,1069,0.7188333333333333,40.2,27.7,9,36.44444274902344,286.0,1.0,30,2.0,85.39045715332031
C1,1070,0.7522500000000001,38.3,25.8,9,24.88888931274414,224.0,1.0,30,2.0,94.43427276611328
C1,1071,0.7540833333333333,38.1,25.6,9,30.044445037841797,276.0,1.0,30,2.0,109.06056213378906
C1,1072,0.7494999999999999,38.6,26.200000000000003,9,27.155555725097656,246.0,1.0,30,2.0,115.16967010498047
C1,1073,0.76282454270666,31.9,20.6,9,6.888888835906982,116.0,1.0,30,2.0,111.63513946533203
C1,1074,0.7504166666666667,38.5,25.6,9,22.35555648803711,200.0,1.0,30,2.0,104.44774627685547
C1,1075,0.7205884956945775,38.5,26.1,9,12.177778244018555,119.0,1.0,30,1.0,99.60198211669922
C1,1076,0.7549926503017071,32.7,22.4,9,6.755555629730225,78.0,1.0,30,1.0,99.36119079589844
C1,1077,0.744428785662647,34.7,24.7,9,8.88888931274414,90.0,1.0,30,1.0,97.88337707519531
C1,1078,0.73063729648747,33.300000000000004,22.9,7,6.0,63.0,1.0,30,1.0,89.530029296875
C1,1079,0.6084825074938498,44.1,28.7,7,36.4571418762207,264.0,1.0,70,2.0,91.718017578125
C1,1080,0.7570684000959982,33.0,22.5,9,12.844444274902344,195.0,1.0,30,3.0,89.69747924804688
C1,1081,0.63775,37.699999999999996,25.1,12,39.119998931884766,369.0,1.0,30,3.0,96.48515319824219
C1,1082,0.846784676191858,17.9,17.3,12,0.5666666626930237,27.0,1.0,30,3.0,84.15776062011719
C1,1083,0.763286927148144,33.7,24.0,12,11.766666412353516,129.0,1.0,30,1.0,85.2946548461914
C1,1084,0.7608724544981564,33.0,23.099999999999998,12,9.133333206176758,101.0,1.0,30,1.0,83.04345703125
C1,1085,0.7812007269431792,27.2,18.5,12,0.6666666865348816,25.0,1.0,30,1.0,83.8260726928711
C1,1086,0.7745208169327953,28.2,19.2,12,1.2666666507720947,39.0,1.0,30,1.0,72.29564666748047
C1,1087,0.4368289144742198,39.199999999999996,26.599999999999998,5,13.039999961853027,84.0,1.0,30,1.0,63.110721588134766
C1,1088,0.34662520454341983,50.1,33.7,4,17.520000457763672,100.0,1.0,30,1.0,67.59976196289062
C1,1089,0.3925490120797482,44.2,29.5,11,46.439998626708984,378.0,1.0,30,3.0,81.89319610595703
C1,1090,0.7802985543858992,32.0,21.1,11,12.218181610107422,204.0,1.0,30,3.0,88.3359146118164
C1,1091,0.7907500000000001,34.1,24.2,11,31.85454559326172,357.0,1.0,30,3.0,94.7348861694336
C1,1092,0.8471503197378882,17.8,17.3,11,0.6545454263687134,42.0,1.0,30,3.0,83.64093017578125
C1,1093,0.5788013310508404,33.0,23.3,11,16.0,188.0,1.0,90,2.0,80.45122528076172
C1,1094,0.850911906514988,18.1,17.9,11,1.5636364221572876,66.0,1.0,30,3.0,65.60406494140625
C1,1095,0.7935,33.8,23.8,11,29.054546356201172,321.0,1.0,30,3.0,69.09577178955078
C1,1096,0.7959123395691974,28.0,20.0,11,6.181818008422852,144.0,1.0,30,3.0,65.05746459960938
C1,1097,0.852702823555001,17.8,17.7,11,2.0,87.0,1.0,30,3.0,63.567813873291016
C1,1098,0.8468477422026727,17.7,17.3,11,0.581818163394928,33.0,1.0,30,3.0,49.874019622802734
C1,1099,0.8507622149359635,18.1,18.0,11,1.5272727012634277,69.0,1.0,30,3.0,38.32441329956055
C1,1100,0.8471503197378882,18.1,17.5,11,0.6545454263687134,27.0,1.0,30,3.0,28.727981567382812
C1,1101,0.42949999999999994,38.6,26.4,3,25.33333396911621,171.0,1.0,30,3.0,29.10345458984375
C1,1102,0.8537922063976937,17.7,17.4,3,2.2666666507720947,48.0,1.0,30,3.0,28.39540672302246
C1,1103,0.6956666666666667,43.6,30.5,4,34.79999923706055,183.0,1.0,30,3.0,34.90391159057617
C1,1104,0.7716632772435906,31.5,21.0,4,8.300000190734863,99.0,1.0,30,3.0,35.609012603759766
C1,1105,0.7697053045495368,32.099999999999994,21.4,4,9.300000190734863,111.0,1.0,30,3.0,38.83207321166992
C1,1106,0.7837242371199793,28.1,19.400000000000002,4,3.299999952316284,63.0,1.0,30,3.0,35.432579040527344
C1,1107,0.34629120449191064,44.699999999999996,30.099999999999998,12,47.0,411.0,1.0,30,3.0,47.25954818725586
C1,1108,0.07001367730164759,32.2,21.4,30,43.72800064086914,870.0,1.0,30,3.0,88.08905792236328
C1,1109,0.8411666666666666,28.6,20.0,30,20.1200008392334,573.0,1.0,30,1.0,186.186767578125
C1,1110,0.8448333333333333,28.2,19.8,30,27.586666107177734,778.0,1.0,30,1.0,330.5120544433594
C1,1111,0.7266666666666667,28.0,19.599999999999998,33,34.150001525878906,996.0,1.0,30,1.0,511.2405700683594
C1,1112,-1.2306205426210906,27.099999999999998,20.1,84,52.42068862915039,3212.0,1.0,30,2.0,757.4110107421875
C1,1113,0.35358333333333325,20.7,18.599999999999998,98,26.44489860534668,2426.0,1.0,30,2.0,963.11328125
C1,1114,0.9135833333333333,20.7,18.700000000000003,98,28.151020050048828,2584.0,1.0,30,2.0,1126.0013427734375
C1,1115,0.9080833333333335,21.3,18.700000000000003,98,29.167346954345703,2754.0,1.0,30,2.0,1193.2008056640625
C1,1116,0.9117500000000001,20.9,18.599999999999998,98,26.77142906188965,2452.0,1.0,30,2.0,1235.2537841796875
C1,1117,0.9163333333333333,20.400000000000002,18.5,98,25.0938777923584,2286.0,1.0,30,2.0,1240.618896484375
C1,1118,0.9181666666666668,20.2,18.4,98,22.94693946838379,2108.0,1.0,30,2.0,1200.7713623046875
C1,1119,0.9145,20.6,18.599999999999998,98,24.669387817382812,2234.0,1.0,30,2.0,1162.3294677734375
C1,1120,0.9190833333333335,20.1,18.4,98,20.67346954345703,1872.0,1.0,30,2.0,1111.664306640625
C1,1121,0.38441666666666663,21.7,18.8,85,29.00235366821289,2364.0,1.0,30,3.0,1045.798583984375
C1,1122,0.8972006246766542,21.4,18.5,85,19.915294647216797,1587.0,1.0,30,3.0,927.879150390625
C1,1123,0.8778935215367007,19.900000000000002,18.1,85,8.527058601379395,651.0,1.0,30,3.0,761.2608642578125
C1,1124,0.9001465980225564,20.1,18.0,85,15.967059135437012,1266.0,1.0,30,3.0,612.4898071289062
C1,1125,0.29616666666666674,22.599999999999998,19.0,100,31.06800079345703,3600.0,1.0,30,3.0,637.6272583007812
C1,1126,0.9126666666666667,20.8,18.700000000000003,100,30.70400047302246,2832.0,1.0,30,3.0,749.6430053710938
C1,1127,0.9099166666666667,21.1,18.700000000000003,100,25.040000915527344,2304.0,1.0,30,3.0,862.9857788085938
C1,1128,0.8979604214353392,20.5,18.3,100,16.54800033569336,1544.0,1.0,30,2.0,848.991455078125
C1,1129,0.8891931158320326,19.599999999999998,18.0,100,11.868000030517578,1066.0,1.0,30,2.0,785.7948608398438
C1,1130,0.7977042154250035,19.5,18.0,100,9.020000457763672,822.0,1.0,50,1.0,755.076904296875
C1,1131,0.8694450181708162,22.2,18.9,100,32.0,3600.0,1.0,50,3.0,815.7128295898438
C1,1132,0.23954131103731366,22.4,19.0,84,36.152381896972656,2871.0,1.0,50,3.0,908.627685546875
C1,1133,0.16150000000000012,24.2,19.5,66,43.55757522583008,2820.0,1.0,50,3.0,980.1099243164062
C1,1134,0.8702972498313352,23.7,19.400000000000002,66,37.23030471801758,2385.0,1.0,50,3.0,946.9993286132812
C1,1135,0.8558101749732145,22.9,19.099999999999998,66,29.81212043762207,1872.0,1.0,50,3.0,882.73291015625
C1,1136,0.8760000000000001,24.8,19.5,66,43.57575607299805,3579.0,1.0,50,3.0,877.9064331054688
C1,1137,0.88425,23.900000000000002,19.400000000000002,66,41.15757751464844,2646.0,1.0,50,3.0,886.6105346679688
C1,1138,0.8259293841538055,23.3,19.2,66,22.85454559326172,1431.0,1.0,50,3.0,872.2329711914062
C1,1139,0.8209661401317345,22.599999999999998,18.5,66,20.090909957885742,1240.0,1.0,50,1.0,869.8731079101562
C1,1140,0.8961666666666668,22.599999999999998,19.099999999999998,66,27.27878761291504,1710.0,1.0,30,2.0,864.857177734375
C1,1141,0.8906666666666667,23.2,19.3,66,29.436363220214844,1838.0,1.0,30,2.0,920.781005859375
C1,1142,-0.35666666666666663,24.0,19.3,97,33.55876159667969,3228.0,1.0,30,3.0,932.4685668945312
C1,1143,0.8819194171764945,19.7,18.0,97,9.674226760864258,846.0,1.0,30,2.0,881.8811645507812
C1,1144,0.909,21.2,18.9,97,29.05979347229004,2598.0,1.0,30,2.0,902.1953735351562
C1,1145,0.9099166666666667,21.1,18.700000000000003,97,22.92783546447754,2032.0,1.0,30,2.0,906.3839111328125
C1,1146,0.9010914069931737,20.8,18.5,97,19.113401412963867,1692.0,1.0,30,2.0,965.2969970703125
C1,1147,0.7163409431589626,21.6,18.9,97,30.61855697631836,2750.0,1.0,90,2.0,1010.7781982421875
C1,1148,0.8897981974814891,21.1,18.4,97,15.517525672912598,1404.0,1.0,30,2.0,996.2002563476562
C1,1149,0.90625,21.5,19.0,97,29.777318954467773,2716.0,1.0,30,2.0,1055.7200927734375
C1,1150,0.909,21.2,18.8,97,26.69278335571289,2406.0,1.0,30,3.0,1015.0321044921875
C1,1151,0.90625,21.5,18.9,97,29.026803970336914,2880.0,1.0,30,3.0,1025.019287109375
C1,1152,0.8998333333333334,22.2,18.9,97,30.507217407226562,3600.0,1.0,30,3.0,1027.8115234375
C1,1153,0.9108333333333334,21.0,18.8,97,27.44329833984375,2442.0,1.0,30,3.0,1031.0869140625
C1,1154,0.7770833333333335,22.5,18.9,100,26.5,3600.0,1.0,30,3.0,1081.7188720703125
C1,1155,0.7599072392315104,21.1,18.700000000000003,100,22.13599967956543,2037.0,1.0,70,3.0,1024.7646484375
C1,1156,0.8894724140259488,19.400000000000002,17.9,100,11.956000328063965,1083.0,1.0,30,3.0,930.192138671875
C1,1157,0.8633874636649933,19.3,18.0,100,4.664000034332275,408.0,1.0,30,3.0,714.915283203125
C1,1158,0.8479208302101465,17.9,17.6,100,0.8399999737739563,123.0,1.0,30,3.0,500.6824951171875
C1,1159,-0.3491195233150343,18.1,17.7,70,1.555999994277954,204.0,1.0,30,3.0,333.076171875
C1,1160,0.8476835826066301,17.8,17.6,70,0.7828571200370789,99.0,1.0,30,3.0,218.77903747558594
C1,1161,-0.4749050014209331,25.0,19.400000000000002,37,12.420000076293945,508.0,1.0,30,1.0,212.46742248535156
C1,1162,0.007249999999999923,32.300000000000004,21.6,17,26.541175842285156,481.0,1.0,30,1.0,263.74713134765625
C1,1163,0.7501864908364514,31.9,20.6,17,3.6235294342041016,76.0,1.0,30,1.0,300.2482604980469
C1,1164,0.7756726646407193,28.8,20.2,17,2.894117593765259,67.0,1.0,30,1.0,263.3489685058594
C1,1165,0.7849182912482172,27.3,19.599999999999998,17,1.7882353067398071,52.0,1.0,30,1.0,184.00938415527344
C1,1166,0.7754536811802658,28.1,19.5,17,1.2705882787704468,43.0,1.0,30,1.0,132.00563049316406
C1,1167,0.8310898228402338,17.8,17.5,15,0.6399999856948853,21.0,1.0,30,1.0,94.6700439453125
C1,1168,0.05192340847144881,50.0,17.2,2,0.6000000238418579,2.0,1.0,30,1.0,65.6020278930664
C1,1169,0.7783535655856879,28.2,21.2,2,2.200000047683716,20.0,1.0,30,1.0,45.094547271728516
C1,1170,0.48193618398316684,50.0,17.5,1,0.800000011920929,6.0,1.0,50,2.0,30.39006233215332
C1,1171,0.7652466586274284,32.7,26.3,1,9.600000381469727,50.0,1.0,30,2.0,24.634037017822266
C1,1172,0.8460902975977581,5.0,5.0,1,0.4000000059604645,0.0,1.0,30,2.0,18.513755798339844
C1,1173,0.8639198485148963,18.1,17.6,1,4.800000190734863,36.0,1.0,30,2.0,16.84158706665039
C1,1174,0.5727547725551173,50.0,17.9,1,0.800000011920929,2.0,1.0,30,2.0,12.638285636901855
C1,1175,0.8591758329899635,17.9,17.6,1,3.5999999046325684,32.0,1.0,30,2.0,12.249637603759766
C1,1176,0.8591758329899635,18.0,17.6,1,3.5999999046325684,30.0,1.0,30,2.0,11.616449356079102
C1,1177,0.8623500559002011,18.0,17.6,1,4.400000095367432,34.0,1.0,30,2.0,13.369869232177734
C1,1178,0.5727547725551173,50.0,17.8,1,0.800000011920929,2.0,1.0,30,2.0,12.421921730041504
C1,1179,0.8639198485148963,17.8,17.4,1,4.800000190734863,36.0,1.0,30,2.0,12.253152847290039
C1,1180,0.48993618398316685,50.0,17.5,1,0.800000011920929,2.0,1.0,50,2.0,10.018558502197266
C1,1181,0.6808231060107621,33.2,26.5,1,10.0,48.0,1.0,50,2.0,11.744468688964844
C1,1182,0.48993618398316685,50.0,17.6,1,0.800000011920929,4.0,1.0,50,2.0,10.64668083190918
C1,1183,0.8623500559002011,17.9,17.6,1,4.400000095367432,34.0,1.0,30,2.0,12.121341705322266
C1,1184,0.6773506730930613,44.3,33.7,1,15.600000381469727,60.0,1.0,30,2.0,13.80613899230957
C1,1185,0.23082500000000003,97.69999999999999,50.6,2,39.20000076293945,102.0,1.0,30,2.0,21.35034942626953
C1,1186,0.6873837350100024,43.8,31.099999999999998,2,17.799999237060547,86.0,1.0,30,2.0,29.343544006347656
C1,1187,0.35652500000000004,54.9,36.7,2,23.399999618530273,102.0,1.0,30,2.0,36.93946075439453
C1,1188,0.7613099709282505,33.5,25.5,2,10.600000381469727,68.0,1.0,30,2.0,39.230342864990234
C1,1189,0.6932655040880945,43.4,30.5,2,18.799999237060547,90.0,1.0,30,2.0,40.87154006958008
C1,1190,0.7605398140303254,31.7,22.5,2,5.800000190734863,52.0,1.0,30,2.0,38.52292251586914
C1,1191,0.30425,71.0,40.2,3,33.20000076293945,126.0,1.0,30,2.0,40.98041915893555
C1,1192,0.7833803224876603,28.5,20.1,3,4.133333206176758,52.0,1.0,30,2.0,39.92158508300781
C1,1193,0.7534744291296774,33.099999999999994,22.8,3,7.333333492279053,72.0,1.0,30,2.0,40.6196174621582
C1,1194,0.7759890694185558,28.9,20.400000000000002,3,3.200000047683716,42.0,1.0,30,2.0,35.438438415527344
C1,1195,0.7480185509003341,32.300000000000004,22.8,3,4.0,36.0,1.0,30,1.0,33.663063049316406
C1,1196,0.8237400032071636,23.099999999999998,18.700000000000003,3,1.8666666746139526,23.0,1.0,30,1.0,30.864503860473633
C1,1197,0.6470226274468985,43.7,33.2,1,9.199999809265137,37.0,1.0,30,1.0,31.318702697753906
C1,1198,0.5744120147012152,50.0,17.5,1,1.2000000476837158,9.0,1.0,30,1.0,27.991222381591797
C1,1199,0.7499774278277693,32.599999999999994,26.200000000000003,1,5.199999809265137,29.0,1.0,30,1.0,26.79473304748535
C1,1200,0.7431833892335344,33.0,26.8,1,4.400000095367432,21.0,1.0,30,1.0,23.943506240844727
C1,1201,0.32380000000000003,66.8,43.9,1,31.600000381469727,92.0,1.0,30,2.0,27.16610336303711
C1,1202,0.852702823555001,17.7,17.4,1,2.0,17.0,1.0,30,1.0,27.499662399291992
C1,1203,0.3183,68.8,48.800000000000004,1,20.799999237060547,50.0,1.0,30,1.0,31.566463470458984
C1,1204,0.852702823555001,18.700000000000003,17.7,1,2.0,15.0,1.0,30,1.0,29.873210906982422
C1,1205,0.6504968583329258,44.6,34.6,1,8.0,30.0,1.0,30,1.0,30.590593338012695
C1,1206,0.7477667225668677,32.5,26.9,1,4.400000095367432,23.0,1.0,30,1.0,27.421022415161133
C1,1207,0.7481552568856765,33.300000000000004,26.700000000000003,1,6.400000095367432,28.0,1.0,30,1.0,27.252613067626953
C1,1208,0.852702823555001,17.9,17.4,1,2.0,18.0,1.0,30,1.0,25.55156898498535
C1,1209,0.6268299919607617,47.800000000000004,36.4,1,9.600000381469727,34.0,1.0,30,1.0,25.997608184814453
C1,1210,0.8510615300280377,17.7,17.5,1,1.600000023841858,13.0,1.0,30,1.0,24.26523208618164
C1,1211,0.29841096406003137,67.6,44.6,1,14.399999618530273,41.0,1.0,30,1.0,26.29247283935547
C1,1212,0.6507390996697683,33.8,27.099999999999998,1,4.0,20.0,1.0,50,1.0,25.642148971557617
C1,1213,0.667911738219375,32.800000000000004,26.5,1,6.0,28.0,1.0,50,1.0,27.251956939697266
C1,1214,0.6651557034895919,32.4,27.2,1,4.400000095367432,21.0,1.0,50,1.0,25.55117416381836
C1,1215,0.5838048624344172,43.6,33.5,1,9.600000381469727,34.0,1.0,50,1.0,26.397371292114258
C1,1216,0.7694704801128012,17.7,17.3,1,2.0,18.0,1.0,50,1.0,25.57175636291504
C1,1217,0.2534035984929438,55.0,42.2,1,13.600000381469727,42.0,1.0,50,1.0,27.876386642456055
C1,1218,0.35019999999999996,57.2,42.3,1,28.399999618530273,86.0,1.0,30,2.0,30.459165573120117
C1,1219,0.351575,56.7,42.8,1,29.200000762939453,88.0,1.0,30,2.0,35.47549819946289
C1,1220,0.15655,121.80000000000001,61.1,3,37.33333206176758,148.0,1.0,30,2.0,42.7519645690918
C1,1221,-0.01032644051508591,79.2,39.9,9,56.20000076293945,306.0,1.0,30,2.0,61.78451156616211
C1,1222,0.7808421264090918,28.7,20.299999999999997,9,3.9555554389953613,80.0,1.0,30,2.0,72.67070770263672
C1,1223,0.850695664133622,18.4,18.0,9,1.5111111402511597,58.0,1.0,30,2.0,73.20242309570312
C1,1224,0.8466458959267463,17.8,17.3,9,0.5333333611488342,26.0,1.0,30,2.0,54.85478973388672
C1,1225,0.7479884345466438,31.7,20.2,9,2.6222221851348877,64.0,1.0,30,2.0,42.779541015625
C1,1226,0.847385496981244,17.9,17.4,9,0.7111111283302307,36.0,1.0,30,2.0,34.06772232055664
C1,1227,0.34899665862742835,43.2,27.400000000000002,1,9.600000381469727,64.0,1.0,30,2.0,31.37396812438965
C1,1228,0.8543353991895412,17.8,17.5,1,2.4000000953674316,18.0,1.0,30,2.0,26.69104766845703
C1,1229,0.7684526139082195,32.5,25.4,1,10.0,54.0,1.0,30,2.0,25.081295013427734
C1,1230,0.7195745165622601,17.7,17.5,1,6.400000095367432,57.0,1.0,70,3.0,22.382110595703125
C1,1231,0.6875652953567194,43.3,33.300000000000004,1,16.0,60.0,1.0,30,2.0,23.562599182128906
C1,1232,0.7196486286900526,39.800000000000004,33.099999999999994,1,16.0,60.0,1.0,30,2.0,24.6708927154541
C1,1233,0.15600000000000006,122.0,61.5,3,57.733333587646484,213.0,1.0,50,3.0,32.269203186035156
C1,1234,0.6549880687338212,39.0,26.700000000000003,3,16.399999618530273,120.0,1.0,50,3.0,38.161521911621094
C1,1235,0.6990833333333334,44.1,29.6,3,26.399999618530273,168.0,1.0,30,3.0,45.163578033447266
C1,1236,0.7672368757132167,34.9,25.5,3,17.066667556762695,123.0,1.0,30,3.0,45.36481475830078
C1,1237,0.7336735373961256,38.800000000000004,25.7,3,18.0,135.0,1.0,30,3.0,46.1522216796875
C1,1238,0.7639510118920825,31.3,20.9,3,5.733333110809326,81.0,1.0,30,3.0,42.757999420166016
C1,1239,0.7274125404720443,38.800000000000004,26.5,3,15.466666221618652,120.0,1.0,30,3.0,40.588134765625
C1,1240,0.8516095659005859,17.7,17.3,3,1.7333333492279053,48.0,1.0,30,3.0,35.41954803466797
C1,1241,0.6954166666666667,44.5,31.4,3,36.0,168.0,1.0,30,3.0,36.185062408447266
C1,1242,0.8537922063976937,17.5,17.2,3,2.2666666507720947,57.0,1.0,30,3.0,33.8443717956543
C1,1243,0.7624893904654205,33.2,22.8,3,10.133333206176758,99.0,1.0,30,3.0,34.70662307739258
C1,1244,0.7516852175670008,31.9,20.8,3,4.0,63.0,1.0,30,3.0,30.55730628967285
C1,1245,0.569202949256029,32.800000000000004,23.2,3,7.599999904632568,74.0,1.0,90,2.0,30.46771812438965
C1,1246,0.7698304437315444,32.300000000000004,22.2,3,9.866666793823242,96.0,1.0,30,3.0,30.280630111694336
C1,1247,0.7323299439331108,37.6,25.3,2,16.200000762939453,105.0,1.0,30,3.0,32.0350456237793
C1,1248,0.8559587577917702,17.7,17.4,2,2.799999952316284,54.0,1.0,30,3.0,30.554359436035156
C1,1249,0.7617422759740735,31.9,21.5,2,6.599999904632568,84.0,1.0,30,3.0,29.13261604309082
C1,1250,0.7694704801128012,17.8,17.4,2,2.0,24.0,1.0,50,3.0,24.679569244384766
C1,1251,0.300675,72.3,40.2,3,50.400001525878906,222.0,1.0,50,3.0,29.474409103393555
C1,1252,0.7669391189371192,17.7,17.2,3,1.3333333730697632,30.0,1.0,50,3.0,29.951311111450195
C1,1253,0.7054950715527083,28.7,20.6,3,6.0,78.0,1.0,50,3.0,32.637454986572266
C1,1254,0.7098315485867691,27.7,19.5,3,4.800000190734863,72.0,1.0,50,3.0,27.58247184753418
C1,1255,0.6703801093308238,31.6,20.400000000000002,3,3.866666555404663,66.0,1.0,50,3.0,26.14948272705078
C1,1256,0.7689617891113334,17.5,17.1,3,1.8666666746139526,48.0,1.0,50,3.0,23.956356048583984
C1,1257,0.697097549750821,32.099999999999994,24.1,1,15.199999809265137,87.0,1.0,50,3.0,23.307147979736328
C1,1258,0.8623500559002011,17.5,17.3,1,4.400000095367432,38.0,1.0,30,2.0,22.517621994018555
C1,1259,0.7675359472415528,32.599999999999994,26.200000000000003,1,10.0,52.0,1.0,30,2.0,23.377239227294922
C1,1260,0.8559587577917702,17.5,17.2,1,2.799999952316284,22.0,1.0,30,2.0,21.493009567260742
C1,1261,0.30535,70.6,43.9,2,33.79999923706055,114.0,1.0,30,2.0,25.429140090942383
C1,1262,0.8397547725551174,17.8,17.3,3,0.800000011920929,22.0,1.0,30,2.0,25.790817260742188
C1,1263,0.7541581122693098,32.7,22.700000000000003,3,6.5333333015441895,60.0,1.0,30,2.0,28.541156768798828
C1,1264,0.7481080387034035,32.0,20.8,3,3.3333332538604736,42.0,1.0,30,2.0,25.391361236572266
C1,1265,0.7503224027518891,31.7,21.3,3,3.200000047683716,42.0,1.0,30,2.0,24.834815979003906
C1,1266,0.7912408315778685,27.7,19.900000000000002,3,4.266666889190674,52.0,1.0,30,2.0,23.96755599975586
C1,1267,0.7569751019079882,32.300000000000004,23.900000000000002,1,10.800000190734863,58.0,1.0,30,2.0,24.513866424560547
C1,1268,0.8510615300280377,17.8,17.3,1,1.600000023841858,14.0,1.0,30,2.0,22.974987030029297
C1,1269,0.7253997164681737,39.800000000000004,32.099999999999994,1,18.399999618530273,70.0,1.0,30,2.0,23.251659393310547
C1,1270,0.8559587577917702,17.4,17.2,1,2.799999952316284,24.0,1.0,30,2.0,21.1509952545166
C1,1271,0.788267339759728,32.2,25.9,1,15.600000381469727,84.0,1.0,30,3.0,22.690597534179688
C1,1272,-0.5959712981642071,214.2,84.1,8,113.30000305175781,399.0,1.0,30,3.0,36.681026458740234
C1,1273,-1.401298334685196,42.8,25.5,56,90.54285430908203,2157.0,1.0,30,3.0,139.34194946289062
C1,1274,0.29616666666666674,22.599999999999998,18.9,71,24.952112197875977,1671.0,1.0,30,3.0,271.4718322753906
C1,1275,0.8989166666666667,22.3,18.599999999999998,71,22.597183227539062,1506.0,1.0,30,3.0,399.94976806640625
C1,1276,0.898,22.4,18.700000000000003,71,24.01690101623535,1596.0,1.0,30,3.0,452.1031799316406
C1,1277,0.8961666666666668,22.599999999999998,18.8,71,23.774648666381836,1617.0,1.0,30,3.0,480.9952392578125
C1,1278,0.8493654350346778,17.9,17.5,71,1.188732385635376,144.0,1.0,30,3.0,437.7971496582031
C1,1279,0.40670063182666094,17.6,17.3,60,0.5464788675308228,78.0,1.0,30,3.0,344.41162109375
C1,1280,0.726236580958949,17.9,17.3,57,0.4350877106189728,27.0,1.0,30,3.0,217.71363830566406
C1,1281,0.8813056176349863,23.0,18.700000000000003,57,19.298246383666992,1053.0,1.0,30,3.0,182.0948486328125
C1,1282,0.8879166666666667,23.5,19.0,57,32.014034271240234,1752.0,1.0,30,3.0,235.1235809326172
C1,1283,0.8590122187569774,23.0,18.8,57,11.038596153259277,585.0,1.0,30,3.0,291.7408142089844
C1,1284,0.8462658314273891,17.8,17.3,57,0.4421052634716034,33.0,1.0,30,3.0,280.3778076171875
C1,1285,0.8466458959267463,17.8,17.4,57,0.5333333611488342,60.0,1.0,30,3.0,198.3600311279297
C1,1286,0.8469088072229082,17.7,17.5,57,0.5964912176132202,75.0,1.0,30,3.0,126.48268127441406
C1,1287,0.8469964058994346,17.7,17.4,57,0.6175438761711121,78.0,1.0,30,3.0,85.35627746582031
C1,1288,-0.673862050117578,18.4,17.3,19,0.4114285707473755,15.0,1.0,30,3.0,58.6804313659668
C1,1289,0.014828681367881881,32.5,22.3,1,1.2000000476837158,48.0,1.0,30,2.0,42.54159164428711
C1,1290,0.7147064113895218,18.0,17.3,1,4.400000095367432,36.0,1.0,70,3.0,30.991622924804688
C1,1291,0.6837673397597279,43.6,33.300000000000004,1,15.600000381469727,64.0,1.0,30,2.0,27.661640167236328
C1,1292,0.852702823555001,17.6,17.3,1,2.0,14.0,1.0,30,2.0,23.396984100341797
C1,1293,0.7746697182260822,32.4,26.1,1,11.600000381469727,58.0,1.0,30,2.0,23.104856491088867
C1,1294,0.5727547725551173,50.0,17.3,1,0.800000011920929,6.0,1.0,30,1.0,19.462913513183594
C1,1295,0.749600055900201,32.300000000000004,25.4,1,4.400000095367432,21.0,1.0,30,1.0,19.1444149017334
C1,1296,0.7484198485148963,32.599999999999994,26.8,1,4.800000190734863,21.0,1.0,30,1.0,17.886648178100586
C1,1297,0.7455091663232968,32.4,26.0,1,3.5999999046325684,21.0,1.0,30,1.0,19.131988525390625
C1,1298,0.5744120147012152,50.0,17.4,1,1.2000000476837158,6.0,1.0,30,1.0,17.879194259643555
C1,1299,0.7520865151815631,32.2,26.0,1,4.800000190734863,27.0,1.0,30,1.0,17.92751693725586
C1,1300,0.5710902975977581,50.0,17.5,1,0.4000000059604645,5.0,1.0,30,1.0,15.823176383972168
C1,1301,0.7487722991527154,32.9,27.799999999999997,1,5.599999904632568,28.0,1.0,30,1.0,17.493906021118164
C1,1302,0.8510615300280377,17.7,17.5,1,1.600000023841858,10.0,1.0,30,1.0,16.229677200317383
C1,1303,0.779000272921408,32.599999999999994,26.700000000000003,1,13.600000381469727,66.0,1.0,30,3.0,17.73780632019043
C1,1304,0.5744120147012152,50.0,17.7,1,1.2000000476837158,6.0,1.0,30,3.0,15.176016807556152
C1,1305,-0.10398204207902068,108.7,52.5,5,78.53333282470703,231.0,1.0,30,3.0,22.572277069091797
C1,1306,0.4014791375560475,43.2,27.3,12,46.52000045776367,393.0,1.0,30,3.0,41.543365478515625
C1,1307,0.8089479983545818,22.9,18.5,14,1.7142857313156128,66.0,1.0,30,2.0,57.05935287475586
C1,1308,0.785522597016636,29.2,20.5,14,6.342857360839844,134.0,1.0,30,2.0,65.03561401367188
C1,1309,0.7639357862965337,32.099999999999994,20.8,14,7.685714244842529,142.0,1.0,30,2.0,61.82136535644531
C1,1310,0.7814335378507132,33.099999999999994,22.9,14,16.14285659790039,220.0,1.0,30,2.0,70.15948486328125
C1,1311,0.8035833333333333,32.7,22.700000000000003,14,21.685714721679688,306.0,1.0,30,2.0,86.6290283203125
C1,1312,0.6676126965468102,28.2,19.900000000000002,11,4.509090900421143,100.0,1.0,30,2.0,93.71074676513672
C1,1313,0.8473015213715362,17.8,17.3,11,0.6909090876579285,38.0,1.0,30,2.0,85.82644653320312
C1,1314,0.7761574850746773,33.5,23.8,11,15.527273178100586,180.0,1.0,30,2.0,72.69586944580078
C1,1315,0.7449770736111755,23.099999999999998,18.9,11,3.018181800842285,99.0,1.0,50,3.0,62.55085372924805
C1,1316,0.7898333333333334,34.2,24.400000000000002,11,22.290908813476562,246.0,1.0,30,2.0,70.33051300048828
C1,1317,0.7399166666666667,37.900000000000006,25.3,9,28.711111068725586,264.0,1.0,30,2.0,80.59830474853516
C1,1318,0.7682421298062306,35.2,24.7,9,18.711111068725586,194.0,1.0,30,2.0,95.29232025146484
C1,1319,0.7504166666666667,38.5,25.8,9,29.866666793823242,266.0,1.0,30,2.0,105.44205474853516
C1,1320,0.7612427677085397,32.0,21.3,9,6.711111068725586,110.0,1.0,30,2.0,101.2652359008789
C1,1321,0.7644078517874924,32.4,21.8,9,8.577777862548828,124.0,1.0,30,2.0,94.09247589111328
C1,1322,0.8466458959267463,17.8,17.3,9,0.5333333611488342,16.0,1.0,30,2.0,73.12215423583984
C1,1323,0.7730663831348406,34.6,24.6,9,18.399999618530273,192.0,1.0,30,2.0,66.00662231445312
C1,1324,0.8501461159253723,17.7,17.5,9,1.3777778148651123,44.0,1.0,30,2.0,56.40397262573242
C1,1325,0.6401593717531365,32.099999999999994,21.1,6,6.666666507720947,92.0,1.0,30,2.0,55.70905303955078
C1,1326,0.6830833333333334,44.1,29.6,8,34.599998474121094,246.0,1.0,30,2.0,58.89209747314453
C1,1327,0.7686852581217927,32.4,21.7,8,9.800000190734863,150.0,1.0,30,3.0,64.5352554321289
C1,1328,0.8287702322523546,22.700000000000003,18.4,8,2.200000047683716,66.0,1.0,30,3.0,64.72115325927734
C1,1329,0.7753847347097841,33.2,22.9,8,14.25,192.0,1.0,30,3.0,56.966026306152344
C1,1330,0.7223928461585849,38.699999999999996,26.0,10,40.20000076293945,342.0,1.0,30,3.0,60.846282958984375
C1,1331,0.77475,34.1,24.299999999999997,12,32.53333282470703,381.0,1.0,30,3.0,77.1744384765625
C1,1332,0.783,33.2,23.2,14,32.599998474121094,405.0,1.0,30,3.0,96.43799591064453
C1,1333,0.5122325102518127,32.5,22.1,21,41.63809585571289,657.0,1.0,30,3.0,121.99613189697266
C1,1334,0.8127500000000001,31.7,20.8,21,28.742856979370117,588.0,1.0,30,3.0,146.531005859375
C1,1335,0.8118333333333333,31.8,20.9,21,25.504762649536133,516.0,1.0,30,3.0,166.18527221679688
C1,1336,0.7638975178747806,31.7,20.9,21,26.685714721679688,543.0,1.0,50,3.0,172.91116333007812
C1,1337,0.7653207680045456,31.8,21.0,21,27.314285278320312,555.0,1.0,50,3.0,175.4800262451172
C1,1338,0.714340892939117,32.0,21.1,21,15.276190757751465,309.0,1.0,50,3.0,167.82135009765625
C1,1339,0.765863631819897,17.7,17.5,21,1.047619104385376,66.0,1.0,50,3.0,142.02613830566406
C1,1340,0.35489988877449197,28.0,19.8,12,6.733333110809326,158.0,1.0,50,2.0,112.41568756103516
C1,1341,0.7011580817879516,28.0,20.0,12,3.299999952316284,92.0,1.0,50,2.0,87.0494155883789
C1,1342,0.5712292680775939,50.0,17.4,12,0.4333333373069763,5.0,1.0,30,1.0,69.56298065185547
C1,1343,0.5327400688709033,38.4,25.5,7,16.100000381469727,141.0,1.0,30,1.0,67.3377914428711
C1,1344,0.6359706298208033,44.5,30.099999999999998,8,54.0,310.0,1.0,30,2.0,80.53600311279297
C1,1345,0.7541583715965061,33.5,23.599999999999998,10,13.399999618530273,162.0,1.0,30,2.0,98.58827209472656
C1,1346,0.7883427345646783,28.6,20.400000000000002,10,5.639999866485596,112.0,1.0,30,2.0,98.08629608154297
C1,1347,0.7932846762883167,27.5,19.5,10,4.320000171661377,96.0,1.0,30,2.0,83.51844024658203
C1,1348,0.826898935308712,22.599999999999998,18.4,10,1.5199999809265137,58.0,1.0,30,2.0,67.84439849853516
C1,1349,0.7667720763302455,29.8,20.7,10,2.9600000381469727,55.0,1.0,30,1.0,58.306640625
C1,1350,0.5616892636833026,31.8,20.8,5,6.342857360839844,98.0,1.0,30,2.0,52.717315673828125
C1,1351,0.5497928993209338,45.6,29.4,2,17.33333396911621,104.0,1.0,30,2.0,52.430389404296875
C1,1352,0.755386870949627,33.7,24.400000000000002,2,9.399999618530273,62.0,1.0,30,2.0,49.05823516845703
C1,1353,0.6841497164681738,44.3,30.8,2,18.399999618530273,94.0,1.0,30,2.0,46.768272399902344
C1,1354,0.7674751019079883,32.9,24.5,2,10.800000190734863,68.0,1.0,30,2.0,42.99429702758789
C1,1355,0.64558599246701,48.099999999999994,31.6,2,16.799999237060547,88.0,1.0,30,2.0,42.4632453918457
C1,1356,0.6755173397597279,44.5,29.8,2,15.600000381469727,86.0,1.0,30,2.0,41.61128234863281
C1,1357,0.684150789601449,43.5,29.6,2,15.399999618530273,86.0,1.0,30,2.0,42.30010223388672
C1,1358,0.8559587577917702,17.7,17.4,2,2.799999952316284,45.0,1.0,30,3.0,38.84672927856445
C1,1359,0.7421666666666668,39.4,29.5,2,24.200000762939453,129.0,1.0,30,3.0,36.77470397949219
C1,1360,0.7634364071071466,32.2,21.3,2,7.800000190734863,78.0,1.0,30,3.0,33.26482009887695
C1,1361,0.6571666666666667,47.800000000000004,33.2,3,39.0,177.0,1.0,30,3.0,37.02555847167969
C1,1362,0.7986754522599813,27.400000000000002,20.0,3,5.4666666984558105,81.0,1.0,30,3.0,37.1486701965332
C1,1363,0.7155833333333333,42.3,28.2,3,25.066667556762695,150.0,1.0,30,3.0,40.42253494262695
C1,1364,0.45347922702626486,49.8,35.0,6,59.46666717529297,252.0,1.0,30,3.0,45.72018814086914
C1,1365,0.7494999999999999,38.6,25.8,6,24.133333206176758,210.0,1.0,30,3.0,54.63211441040039
C1,1366,0.6995833333333333,42.3,28.1,8,38.628570556640625,285.0,1.0,30,3.0,65.9792709350586
C1,1367,0.7605,37.400000000000006,24.6,8,24.75,249.0,1.0,30,3.0,72.65422821044922
C1,1368,0.7440000000000001,39.199999999999996,27.0,8,23.649999618530273,200.0,1.0,30,2.0,80.6592025756836
C1,1369,0.7494999999999999,38.6,26.1,8,20.850000381469727,186.0,1.0,30,2.0,85.19551849365234
C1,1370,0.7724166666666666,36.1,24.9,8,20.049999237060547,180.0,1.0,30,2.0,88.85064697265625
C1,1371,0.7458333333333333,39.0,26.4,8,24.200000762939453,206.0,1.0,30,2.0,91.44371795654297
C1,1372,0.6087931849314642,38.199999999999996,24.400000000000002,7,5.599999904632568,66.0,1.0,50,1.0,89.39956665039062
C1,1373,0.6614890368229251,32.800000000000004,22.2,7,4.400000095367432,57.0,1.0,50,1.0,83.7730712890625
C1,1374,0.6027477501243471,31.6,19.599999999999998,7,1.8857142925262451,36.0,1.0,70,1.0,71.4638442993164
C1,1375,0.6971595487475346,28.2,19.8,7,2.7428572177886963,42.0,1.0,50,1.0,60.8783073425293
C1,1376,0.6445095992208213,17.5,17.1,4,0.6857143044471741,17.0,1.0,50,1.0,49.19364929199219
C1,1377,0.536114685588677,32.2,22.700000000000003,1,1.600000023841858,29.0,1.0,50,1.0,41.2495231628418
C1,1378,0.6566648819201024,33.5,26.0,1,4.800000190734863,25.0,1.0,50,1.0,34.21638107299805
C1,1379,0.24906813555981747,57.2,44.0,1,14.0,43.0,1.0,50,1.0,33.46316146850586
C1,1380,0.5749506759311266,44.2,33.4,1,8.800000190734863,33.0,1.0,50,1.0,33.54456329345703
C1,1381,0.12387499999999999,139.5,85.4,1,54.0,86.0,1.0,50,1.0,41.72673797607422
C1,1382,-0.06352781963490077,105.80000000000001,50.3,7,50.900001525878906,224.0,1.0,30,2.0,55.83604431152344
C1,1383,0.7530081918579185,33.2,22.8,8,9.699999809265137,126.0,1.0,30,2.0,68.30162811279297
C1,1384,0.8467152920707133,17.8,17.3,8,0.550000011920929,12.0,1.0,30,2.0,65.11431121826172
C1,1385,0.7592835291011846,31.5,20.6,8,5.0,86.0,1.0,30,2.0,54.00191879272461
C1,1386,0.7378333333333333,39.0,26.3,9,34.66666793823242,286.0,1.0,30,2.0,58.00115203857422
C1,1387,0.7442500000000001,38.3,25.6,10,32.560001373291016,328.0,1.0,30,2.0,81.46735382080078
C1,1388,0.7614166666666666,37.3,24.9,10,20.600000381469727,206.0,1.0,30,2.0,103.54708099365234
C1,1389,0.7440421954769455,36.8,25.1,10,14.84000015258789,151.0,1.0,30,1.0,117.86157989501953
C1,1390,0.7781482611556787,28.400000000000002,19.900000000000002,10,2.5999999046325684,47.0,1.0,30,1.0,110.85028076171875
C1,1391,0.7383473657361574,38.3,25.4,10,18.040000915527344,188.0,1.0,30,1.0,117.97683715820312
C1,1392,0.723314594457121,38.1,25.2,10,11.880000114440918,122.0,1.0,30,1.0,118.38610076904297
C1,1393,0.558516042474678,43.3,28.2,7,12.800000190734863,102.0,1.0,30,1.0,125.96499633789062
C1,1394,0.6956666666666667,43.6,29.8,6,22.066667556762695,140.0,1.0,30,1.0,124.1123275756836
C1,1395,0.6892500000000001,44.3,30.200000000000003,7,33.599998474121094,208.0,1.0,30,1.0,134.46739196777344
C1,1396,0.7119166666666666,42.7,28.5,7,27.714284896850586,209.0,1.0,30,1.0,154.94711303710938
C1,1397,0.7204350949614684,40.099999999999994,28.1,7,17.428571701049805,127.0,1.0,30,1.0,165.50160217285156
C1,1398,0.6754843174382608,43.3,28.0,7,11.828571319580078,93.0,1.0,30,1.0,156.50096130371094
C1,1399,0.849175727382221,17.8,17.2,7,1.1428571939468384,57.0,1.0,30,3.0,125.76724243164062
C1,1400,0.8470422831418664,17.6,17.3,7,0.6285714507102966,21.0,1.0,30,3.0,91.32701110839844
C1,1401,0.48899929129926367,38.9,26.3,13,43.56922912597656,411.0,1.0,30,3.0,76.529541015625
C1,1402,0.8462185797091187,17.7,17.3,13,0.4307692348957062,15.0,1.0,30,3.0,65.78439331054688
C1,1403,0.7450858171983761,32.0,20.7,13,2.584615468978882,56.0,1.0,30,1.0,65.87063598632812
C1,1404,0.8463468217097462,17.8,17.3,13,0.4615384638309479,26.0,1.0,30,2.0,49.38904571533203
C1,1405,0.824280242051158,22.700000000000003,18.0,13,1.1076923608779907,42.0,1.0,30,2.0,41.633426666259766
C1,1406,0.8471154189899653,17.8,17.3,13,0.6461538672447205,30.0,1.0,30,2.0,31.513389587402344
C1,1407,0.2401666666666667,41.8,29.6,1,20.0,74.0,1.0,30,2.0,28.641366958618164
C1,1408,0.7601892941135653,33.099999999999994,25.9,1,9.199999809265137,48.0,1.0,30,2.0,27.318153381347656
C1,1409,0.2952,77.2,44.8,1,27.200000762939453,80.0,1.0,30,2.0,29.857559204101562
C1,1410,0.8591758329899635,17.9,17.5,1,3.5999999046325684,33.0,1.0,30,3.0,27.914535522460938
C1,1411,0.2898359472415528,62.8,38.4,2,50.0,147.0,1.0,30,3.0,30.082054138183594
C1,1412,0.5710902975977581,50.0,17.2,2,0.4000000059604645,3.0,1.0,30,3.0,26.182565689086914
C1,1413,0.7643530737738131,32.099999999999994,22.0,2,7.800000190734863,78.0,1.0,30,3.0,25.842872619628906
C1,1414,0.7650801916662593,32.099999999999994,21.6,2,8.0,72.0,1.0,30,3.0,22.305723190307617
C1,1415,0.738700923784102,38.1,25.7,2,17.399999618530273,111.0,1.0,30,3.0,24.983434677124023
C1,1416,0.7064166666666667,43.3,29.5,2,23.200000762939453,129.0,1.0,30,3.0,28.856727600097656
C1,1417,0.7082500000000002,43.1,29.7,2,26.0,141.0,1.0,30,3.0,34.24736785888672
C1,1418,0.772105960780232,31.8,21.6,2,9.199999809265137,84.0,1.0,30,3.0,36.28175354003906
C1,1419,0.7054999999999999,43.4,30.099999999999998,2,25.200000762939453,135.0,1.0,30,3.0,37.7690544128418
C1,1420,0.6709870381782501,32.2,21.2,2,5.400000095367432,56.0,1.0,50,2.0,36.12809753417969
C1,1421,0.279525,82.9,45.1,2,43.0,142.0,1.0,50,2.0,40.87685775756836
C1,1422,0.5610607198195375,33.4,24.8,2,5.0,33.0,1.0,90,1.0,42.12611389160156
C1,1423,0.5876286551428366,47.0,31.3,2,17.799999237060547,92.0,1.0,50,2.0,45.27566909790039
C1,1424,0.6687008202995812,32.099999999999994,21.4,2,4.599999904632568,50.0,1.0,50,2.0,41.032066345214844
C1,1425,0.7822246676127759,33.300000000000004,24.7,2,17.200000762939453,111.0,1.0,30,3.0,39.01924133300781
C1,1426,0.7018333333333334,43.8,29.8,2,24.600000381469727,129.0,1.0,30,3.0,37.41154479980469
C1,1427,0.7036666666666667,43.6,30.099999999999998,2,24.399999618530273,144.0,1.0,30,3.0,39.51359176635742
C1,1428,0.7284919304560462,38.3,26.3,2,14.199999809265137,99.0,1.0,30,3.0,40.24148941040039
C1,1429,0.7036666666666667,43.6,30.099999999999998,2,26.399999618530273,141.0,1.0,30,3.0,41.2115592956543
C1,1430,0.7260837696869022,38.5,26.4,2,14.0,93.0,1.0,30,3.0,39.52693557739258
C1,1431,0.66175,47.300000000000004,32.599999999999994,3,32.266666412353516,171.0,1.0,30,3.0,41.71615982055664
C1,1432,0.758626288996891,31.6,20.6,3,5.066666603088379,84.0,1.0,30,3.0,40.49636459350586
C1,1433,0.7403580015045419,38.199999999999996,25.4,3,18.53333282470703,129.0,1.0,30,3.0,41.36448669433594
C1,1434,0.7546593717531364,32.7,22.8,3,6.666666507720947,66.0,1.0,30,2.0,38.68535614013672
C1,1435,0.7251055433209033,37.900000000000006,26.0,3,11.866666793823242,94.0,1.0,30,2.0,39.61121368408203
C1,1436,0.7610856911424438,32.9,23.0,3,8.933333396911621,78.0,1.0,30,2.0,39.63339614868164
C1,1437,0.6819166666666666,45.1,31.9,2,21.799999237060547,102.0,1.0,30,2.0,42.04670333862305
C1,1438,0.7587064806969922,31.9,21.8,2,5.800000190734863,58.0,1.0,30,2.0,41.094688415527344
C1,1439,0.6937899909072309,43.2,29.2,2,18.200000762939453,94.0,1.0,30,2.0,41.590145111083984
C1,1440,0.8559587577917702,17.5,17.1,2,2.799999952316284,38.0,1.0,30,2.0,37.62075424194336
C1,1441,0.756768591455126,33.7,24.6,2,9.800000190734863,64.0,1.0,30,2.0,35.63911819458008
C1,1442,0.8494120147012152,17.5,17.1,2,1.2000000476837158,12.0,1.0,30,2.0,28.983470916748047
C1,1443,0.7588556324860486,31.8,21.0,2,5.599999904632568,50.0,1.0,30,2.0,25.790082931518555
C1,1444,0.5719234084714488,50.0,17.1,2,0.6000000238418579,6.0,1.0,30,1.0,20.40738296508789
C1,1445,0.7535310005661772,32.800000000000004,24.9,1,8.800000190734863,46.0,1.0,30,2.0,19.444429397583008
C1,1446,0.8607685509003341,17.8,17.5,1,4.0,32.0,1.0,30,2.0,17.666658401489258
C1,1447,0.7592726274468986,33.2,26.8,1,9.199999809265137,44.0,1.0,30,2.0,18.733327865600586
C1,1448,0.8559587577917702,17.9,17.4,1,2.799999952316284,20.0,1.0,30,2.0,17.639997482299805
C1,1449,0.7657026139082195,32.800000000000004,26.0,1,10.0,50.0,1.0,30,2.0,18.183998107910156
C1,1450,0.8543353991895412,17.9,17.4,1,2.4000000953674316,16.0,1.0,30,2.0,16.64373207092285
C1,1451,0.30125,75.0,45.6,1,31.200000762939453,96.0,1.0,30,2.0,20.786239624023438
C1,1452,0.7000000000000001,44.0,34.9,1,20.799999237060547,76.0,1.0,30,2.0,25.005077362060547
C1,1453,0.2619,86.4,47.0,2,31.0,110.0,1.0,30,2.0,33.80304718017578
C1,1454,0.7533556324860486,32.4,22.599999999999998,2,5.599999904632568,54.0,1.0,30,2.0,36.28182601928711
C1,1455,0.7195520322221083,38.199999999999996,25.9,2,11.0,74.0,1.0,30,2.0,37.635765075683594
C1,1456,0.29630000000000006,76.8,40.7,2,32.599998474121094,120.0,1.0,30,2.0,39.11479187011719
C1,1457,0.34852500000000003,54.9,36.0,3,23.46666717529297,120.0,1.0,30,2.0,44.40220642089844
C1,1458,0.7945167225668677,27.400000000000002,19.400000000000002,3,4.400000095367432,58.0,1.0,30,2.0,46.507991790771484
C1,1459,0.7819352175670007,28.6,19.900000000000002,3,4.0,54.0,1.0,30,2.0,43.3714599609375
C1,1460,0.5710902975977581,50.0,17.2,3,0.4000000059604645,4.0,1.0,30,2.0,33.75621032714844
C1,1461,0.65875,48.5,33.4,3,31.733333587646484,152.0,1.0,30,2.0,34.253726959228516
C1,1462,0.7151827091413447,39.300000000000004,26.3,3,12.800000190734863,94.0,1.0,30,2.0,37.218902587890625
C1,1463,0.7173471044941356,38.699999999999996,26.0,3,11.733333587646484,86.0,1.0,30,2.0,44.46467590332031
C1,1464,0.7518219235523432,32.9,23.599999999999998,3,6.400000095367432,62.0,1.0,30,2.0,42.812137603759766
C1,1465,0.6689158220257148,43.7,27.400000000000002,3,10.933333396911621,86.0,1.0,30,2.0,41.28728103637695
C1,1466,0.751276478891274,33.5,23.400000000000002,3,7.733333110809326,66.0,1.0,30,2.0,39.03903579711914
C1,1467,0.7737722991527154,29.3,21.5,2,5.599999904632568,50.0,1.0,30,2.0,36.89008712768555
C1,1468,0.5719234084714488,50.0,17.4,2,0.6000000238418579,4.0,1.0,30,2.0,30.134052276611328
C1,1469,0.8543353991895412,17.7,17.2,2,2.4000000953674316,36.0,1.0,30,2.0,24.08043098449707
C1,1470,0.8397547725551174,17.7,17.1,1,0.800000011920929,10.0,1.0,30,2.0,17.781593322753906
C1,1471,0.7752073713191895,32.2,25.4,1,11.199999809265137,58.0,1.0,30,2.0,17.6022891998291
C1,1472,0.5744120147012152,50.0,17.3,1,1.2000000476837158,8.0,1.0,30,2.0,15.628040313720703
C1,1473,0.7623301916662591,32.4,26.0,1,8.0,40.0,1.0,30,2.0,16.443490982055664
C1,1474,0.7710036769368389,17.6,17.3,1,2.4000000953674316,21.0,1.0,50,3.0,13.999427795410156
C1,1475,0.294925,77.3,44.6,1,28.399999618530273,86.0,1.0,30,2.0,17.732990264892578
C1,1476,0.4706698421008858,43.8,33.9,1,9.600000381469727,39.0,1.0,90,1.0,22.506460189819336
C1,1477,0.298775,75.89999999999999,45.5,1,30.0,88.0,1.0,30,2.0,30.303876876831055
C1,1478,0.7675359472415528,32.599999999999994,26.5,1,10.0,50.0,1.0,30,2.0,32.58232498168945
C1,1479,0.29932499999999995,75.7,45.3,1,29.200000762939453,90.0,1.0,30,2.0,34.74939727783203
C1,1480,0.8623500559002011,17.8,17.5,1,4.400000095367432,38.0,1.0,30,2.0,32.716304779052734
C1,1481,0.2905407077655943,64.0,41.0,2,48.79999923706055,144.0,1.0,30,3.0,34.563114166259766
C1,1482,0.5727547725551173,50.0,17.4,2,0.800000011920929,9.0,1.0,30,3.0,30.071203231811523
C1,1483,0.8599735623329522,17.8,17.2,2,3.799999952316284,54.0,1.0,30,3.0,27.242721557617188
C1,1484,0.5710902975977581,50.0,17.3,2,0.4000000059604645,3.0,1.0,30,3.0,19.278966903686523
C1,1485,0.7577387537094997,32.5,22.599999999999998,2,7.0,60.0,1.0,30,3.0,16.767379760742188
C1,1486,0.8535202322523546,17.7,17.3,2,2.200000047683716,30.0,1.0,30,3.0,14.193760871887207
C1,1487,0.5562777131096069,32.800000000000004,23.7,1,2.4000000953674316,20.0,1.0,90,1.0,15.182923316955566
C1,1488,0.852702823555001,18.0,17.6,1,2.0,15.0,1.0,30,3.0,13.776420593261719
C1,1489,0.7695283515041496,33.099999999999994,26.200000000000003,1,12.0,60.0,1.0,30,3.0,14.265851974487305
C1,1490,0.7707233602527783,32.4,25.5,1,10.399999618530273,60.0,1.0,30,3.0,14.559511184692383
C1,1491,0.3099039166010933,64.8,39.4,2,40.79999923706055,123.0,1.0,30,3.0,19.535707473754883
C1,1492,0.8518832352792386,17.6,17.2,2,1.7999999523162842,30.0,1.0,30,3.0,21.188091278076172
C1,1493,0.7624923521903815,31.9,22.0,2,6.800000190734863,63.0,1.0,30,3.0,22.312854766845703
C1,1494,0.8510615300280377,18.0,17.0,2,1.600000023841858,21.0,1.0,30,3.0,18.45438003540039
C1,1495,0.7645386420175074,32.0,22.4,2,7.599999904632568,69.0,1.0,30,3.0,17.87262725830078
C1,1496,0.856766825784299,17.7,17.2,2,3.0,45.0,1.0,30,3.0,16.72357749938965
C1,1497,0.7549526139082195,33.099999999999994,24.9,1,10.0,84.0,1.0,30,3.0,18.83414649963379
C1,1498,0.7463107611611026,33.0,26.200000000000003,1,5.199999809265137,28.0,1.0,30,1.0,20.767154693603516
C1,1499,0.26268144870729243,81.0,48.0,1,14.800000190734863,43.0,1.0,30,1.0,25.66029167175293
C1,1500,0.6600386420175073,43.4,34.3,1,7.599999904632568,30.0,1.0,30,1.0,28.862842559814453
C1,1501,-0.08145929223440562,144.0,71.4,5,48.79999923706055,139.0,1.0,30,1.0,45.584373474121094
C1,1502,0.6523333333333334,49.2,33.099999999999994,5,20.15999984741211,111.0,1.0,30,1.0,64.6839599609375
C1,1503,0.5529027513657141,44.5,30.3,8,45.36000061035156,244.0,1.0,30,2.0,88.4103775024414
C1,1504,0.7494999999999999,38.6,25.8,8,20.950000762939453,182.0,1.0,30,2.0,96.24622344970703
C1,1505,0.7485833333333334,38.699999999999996,26.5,8,27.100000381469727,224.0,1.0,30,2.0,101.08106994628906
C1,1506,0.7494999999999999,38.6,25.7,8,21.75,196.0,1.0,30,2.0,100.78197479248047
C1,1507,0.8481697802472762,17.6,17.2,8,0.8999999761581421,30.0,1.0,30,2.0,90.46918487548828
C1,1508,0.8473393125660467,17.8,17.2,8,0.699999988079071,28.0,1.0,30,2.0,71.21484375
C1,1509,0.7065138600730766,17.8,17.3,8,0.6499999761581421,26.0,1.0,70,2.0,48.32890701293945
C1,1510,0.8477547725551174,18.1,17.4,8,0.800000011920929,38.0,1.0,30,2.0,35.13067626953125
C1,1511,0.806452823555001,23.3,18.599999999999998,6,2.0,48.0,1.0,30,2.0,28.545072555541992
C1,1512,0.27261888594066475,65.3,36.8,5,52.900001525878906,255.0,1.0,30,3.0,34.19371032714844
C1,1513,0.7754945997545821,33.5,24.0,5,15.279999732971191,150.0,1.0,30,3.0,41.716224670410156
C1,1514,0.7694148875860946,31.5,21.1,5,7.679999828338623,114.0,1.0,30,3.0,48.09640121459961
C1,1515,0.7348333333333333,40.2,27.599999999999998,5,31.360000610351562,237.0,1.0,30,3.0,51.124507904052734
C1,1516,0.5882500000000002,43.1,28.6,8,33.54999923706055,276.0,1.0,30,3.0,58.5413703918457
C1,1517,0.7796453644294804,27.900000000000002,19.5,9,3.8222222328186035,108.0,1.0,30,3.0,62.724822998046875
C1,1518,0.7870833333333334,34.5,24.2,9,22.0,243.0,1.0,30,3.0,65.5015640258789
C1,1519,0.8477547725551174,17.8,17.3,9,0.800000011920929,36.0,1.0,30,3.0,56.50093460083008
C1,1520,0.7491115036264375,32.2,20.400000000000002,9,4.044444561004639,80.0,1.0,30,2.0,51.63389587402344
C1,1521,0.6227073970235365,32.800000000000004,22.3,9,13.600000381469727,195.0,1.0,70,3.0,46.58033752441406
C1,1522,0.6158765728704483,39.199999999999996,26.9,7,31.428571701049805,270.0,1.0,70,3.0,53.948204040527344
C1,1523,0.5755813529236908,33.300000000000004,23.3,7,15.714285850524902,180.0,1.0,90,3.0,61.035587310791016
C1,1524,0.45199668367024254,33.300000000000004,23.0,4,13.399999618530273,132.0,1.0,90,3.0,62.48801803588867
C1,1525,0.33780759774823793,56.7,36.900000000000006,4,78.0999984741211,360.0,1.0,90,3.0,67.35948181152344
C1,1526,0.5534469168767134,47.0,31.8,5,31.68000030517578,194.0,1.0,70,2.0,75.21569061279297
C1,1527,0.5645646390214729,49.2,33.7,5,57.119998931884766,318.0,1.0,90,3.0,88.19607543945312
C1,1528,0.6573242644252373,22.700000000000003,18.4,5,2.9600000381469727,63.0,1.0,90,3.0,82.78431701660156
C1,1529,0.6100031930331815,47.7,32.4,5,64.80000305175781,348.0,1.0,90,3.0,82.07058715820312
C1,1530,0.5812051586683418,33.099999999999994,23.3,5,17.920000076293945,177.0,1.0,90,3.0,75.37568664550781
C1,1531,0.5611551767764512,34.8,24.5,4,19.799999237060547,165.0,1.0,90,3.0,75.89208221435547
C1,1532,0.2962088057337495,60.699999999999996,37.3,4,67.9000015258789,315.0,1.0,90,3.0,74.73524475097656
C1,1533,0.5777911828600606,32.7,23.0,4,13.600000381469727,141.0,1.0,90,3.0,72.44114685058594
C1,1534,0.509276824780149,46.4,30.700000000000003,4,37.0,228.0,1.0,90,3.0,73.86469268798828
C1,1535,0.6592500000000001,46.699999999999996,32.0,6,29.920000076293945,188.0,1.0,30,2.0,73.25214385986328
C1,1536,0.7602026139082195,33.4,23.5,6,10.0,114.0,1.0,30,2.0,74.21795654296875
C1,1537,0.8101646756903194,24.7,19.2,6,2.133333444595337,50.0,1.0,30,2.0,67.9974365234375
C1,1538,0.7606548378709042,33.099999999999994,23.0,6,9.333333015441895,110.0,1.0,30,2.0,59.06513214111328
C1,1539,0.7491329577104209,33.0,21.6,6,5.933333396911621,84.0,1.0,30,2.0,51.705745697021484
C1,1540,0.7690620024499154,33.4,24.299999999999997,6,12.733333587646484,128.0,1.0,30,2.0,52.4901123046875
C1,1541,0.3668517093375286,49.8,34.6,3,19.46666717529297,85.0,1.0,70,1.0,56.96073532104492
C1,1542,0.15845359447921759,59.4,35.3,7,46.46666717529297,279.0,1.0,30,3.0,66.44310760498047
C1,1543,0.5522500000000001,38.3,25.2,12,34.33333206176758,387.0,1.0,30,3.0,80.7991943359375
C1,1544,0.7920147747942318,28.0,19.599999999999998,12,5.166666507720947,144.0,1.0,30,3.0,84.4795150756836
C1,1545,0.7953333333333333,33.6,23.8,12,31.433332443237305,387.0,1.0,30,3.0,91.48770904541016
C1,1546,0.8501002800109216,18.9,17.9,12,1.3666666746139526,69.0,1.0,30,3.0,81.55929565429688
C1,1547,0.8505125806332836,17.7,17.5,12,1.4666666984558105,66.0,1.0,30,3.0,72.13557434082031
C1,1548,0.8478931589779795,17.7,17.4,12,0.8333333134651184,51.0,1.0,30,3.0,51.548011779785156
C1,1549,0.6804430524100542,17.6,17.2,12,0.8999999761581421,57.0,1.0,90,3.0,38.662139892578125
C1,1550,0.6810010839207008,17.5,17.2,12,1.6333333253860474,72.0,1.0,90,3.0,31.197284698486328
C1,1551,-0.3140700785528348,53.699999999999996,32.9,1,7.199999809265137,123.0,1.0,90,3.0,29.918371200561523
C1,1552,0.6844705697063963,17.9,17.5,1,5.599999904632568,48.0,1.0,90,3.0,28.751022338867188
C1,1553,0.7746697182260822,32.4,25.7,1,11.600000381469727,63.0,1.0,30,3.0,27.65061378479004
C1,1554,0.8654774278277694,17.8,17.4,1,5.199999809265137,42.0,1.0,30,3.0,23.39036750793457
C1,1555,0.777516042474678,32.5,25.5,1,12.800000190734863,72.0,1.0,30,3.0,21.900888442993164
C1,1556,0.7054999999999999,43.4,33.6,1,23.200000762939453,90.0,1.0,30,3.0,22.207199096679688
C1,1557,0.8685539631541367,17.9,17.5,1,6.0,51.0,1.0,30,3.0,22.790987014770508
C1,1558,0.7771669395880747,32.800000000000004,26.700000000000003,1,13.600000381469727,72.0,1.0,30,3.0,23.141258239746094
C1,1559,0.7737530515594156,32.5,25.3,1,11.600000381469727,60.0,1.0,30,3.0,22.018089294433594
C1,1560,0.7788223701562585,17.6,17.3,1,4.400000095367432,39.0,1.0,50,3.0,20.810853958129883
C1,1561,0.6470223009865717,44.0,34.2,1,25.600000381469727,99.0,1.0,50,3.0,21.28651237487793
C1,1562,0.7820163576443,17.9,17.6,1,5.199999809265137,42.0,1.0,50,3.0,20.771907806396484
C1,1563,0.711953628307409,17.9,17.5,1,3.200000047683716,28.0,1.0,70,2.0,20.596477508544922
C1,1564,0.7128573394516842,17.8,17.5,1,3.5999999046325684,32.0,1.0,70,2.0,18.22455406188965
C1,1565,0.7128573394516842,17.8,17.5,1,3.5999999046325684,26.0,1.0,70,2.0,16.668066024780273
C1,1566,0.6155652730038638,32.4,25.8,1,10.0,52.0,1.0,70,2.0,17.33417320251465
C1,1567,0.7652233602527783,33.0,26.3,1,10.399999618530273,54.0,1.0,30,2.0,19.200504302978516
C1,1568,0.7836265182647975,18.4,17.7,1,5.599999904632568,48.0,1.0,50,3.0,20.72030258178711
C1,1569,0.8607685509003341,17.9,17.5,1,4.0,32.0,1.0,30,2.0,20.298847198486328
C1,1570,0.8575724027518892,17.6,17.4,1,3.200000047683716,24.0,1.0,30,2.0,18.045974731445312
C1,1571,0.635452823555001,43.7,33.4,1,22.0,78.0,1.0,50,2.0,19.76091766357422
C1,1572,0.7772390996697683,17.6,17.4,1,4.0,34.0,1.0,50,2.0,20.9232177734375
C1,1573,0.6205335700629161,32.9,25.9,1,13.199999809265137,69.0,1.0,70,3.0,23.087263107299805
C1,1574,0.7788223701562585,17.8,17.5,1,4.400000095367432,36.0,1.0,50,2.0,21.585691452026367
C1,1575,0.7741013474818902,17.7,17.4,1,3.200000047683716,28.0,1.0,50,2.0,20.284748077392578
C1,1576,0.7788223701562585,17.6,17.3,1,4.400000095367432,36.0,1.0,50,2.0,18.837514877319336
C1,1577,0.7788223701562585,17.6,17.3,1,4.400000095367432,38.0,1.0,50,2.0,18.102508544921875
C1,1578,0.7741013474818902,17.8,17.4,1,3.200000047683716,30.0,1.0,50,2.0,17.79483985900879
C1,1579,0.772547377988288,17.8,17.4,1,2.799999952316284,24.0,1.0,50,2.0,16.81023597717285
C1,1580,0.6889294069041313,32.5,25.6,1,10.399999618530273,52.0,1.0,50,2.0,17.152809143066406
C1,1581,0.198125,112.5,52.2,1,40.400001525878906,100.0,1.0,50,2.0,22.0250186920166
C1,1582,0.30311932580034334,68.2,48.099999999999994,1,36.79999923706055,100.0,1.0,50,2.0,30.015010833740234
C1,1583,0.6983517730581608,32.4,25.8,1,12.399999618530273,46.0,1.0,50,2.0,34.40900802612305
C1,1584,0.772547377988288,17.5,17.2,1,2.799999952316284,28.0,1.0,50,2.0,32.24540328979492
C1,1585,0.7772390996697683,17.6,17.3,1,4.0,34.0,1.0,50,2.0,26.547243118286133
C1,1586,0.6838750403485705,32.5,25.7,1,9.199999809265137,46.0,1.0,50,2.0,23.128345489501953
C1,1587,0.7828986286900528,32.9,26.8,1,16.0,81.0,1.0,30,3.0,22.810340881347656
C1,1588,0.8591758329899635,17.7,17.4,1,3.5999999046325684,30.0,1.0,30,3.0,21.68620491027832
C1,1589,0.8654774278277694,17.8,17.5,1,5.199999809265137,45.0,1.0,30,3.0,19.94505500793457
C1,1590,0.7750283515041495,32.5,25.9,1,12.0,60.0,1.0,30,3.0,17.96703338623047
C1,1591,0.6850580009461091,43.9,33.7,1,17.200000762939453,64.0,1.0,30,2.0,19.71355438232422
C1,1592,0.765124037985856,33.300000000000004,27.0,1,11.199999809265137,58.0,1.0,30,2.0,22.628131866455078
C1,1593,0.766140026919445,32.9,26.3,1,10.399999618530273,56.0,1.0,30,2.0,25.443546295166016
C1,1594,0.7642810005661772,32.5,25.5,1,8.800000190734863,46.0,1.0,30,2.0,25.93279457092285
C1,1595,0.7707233602527783,32.4,25.8,1,10.399999618530273,58.0,1.0,30,2.0,26.226343154907227
C1,1596,0.3249,66.4,44.5,1,28.0,82.0,1.0,30,2.0,28.135805130004883
C1,1597,0.7608719753508407,32.4,26.200000000000003,1,7.599999904632568,44.0,1.0,30,2.0,29.148149490356445
C1,1598,0.7666192805748862,32.7,26.4,1,10.0,52.0,1.0,30,2.0,29.35555648803711
C1,1599,0.8607685509003341,17.7,17.3,1,4.0,34.0,1.0,30,2.0,26.280000686645508
C1,1600,0.768890026919445,32.599999999999994,25.7,1,10.399999618530273,52.0,1.0,30,2.0,24.968000411987305
C1,1601,0.310875,71.5,44.900000000000006,1,28.0,84.0,1.0,30,2.0,26.314132690429688
C1,1602,0.5812083736819038,43.7,33.4,1,9.199999809265137,31.0,1.0,50,1.0,28.988479614257812
C1,1603,0.7593980875333013,32.4,25.7,1,7.199999809265137,42.0,1.0,30,2.0,29.926422119140625
C1,1604,0.8623500559002011,17.6,17.4,1,4.400000095367432,36.0,1.0,30,2.0,27.289186477661133
C1,1605,0.7905068707294589,32.599999999999994,26.1,1,18.0,87.0,1.0,30,3.0,25.44017791748047
C1,1606,0.7768942209146296,32.7,26.0,1,13.199999809265137,72.0,1.0,30,3.0,24.73077392578125
C1,1607,0.6972500000000001,44.3,34.5,1,27.600000381469727,102.0,1.0,30,3.0,26.438465118408203
C1,1608,0.8607685509003341,17.9,17.5,1,4.0,36.0,1.0,30,3.0,25.1964111328125
C1,1609,0.8670222991527153,18.1,17.6,1,5.599999904632568,48.0,1.0,30,3.0,23.38451385498047
C1,1610,0.8700719235523432,18.0,17.6,1,6.400000095367432,57.0,1.0,30,3.0,20.297374725341797
C1,1611,0.6981666666666667,44.2,33.8,1,26.399999618530273,105.0,1.0,30,3.0,21.51175880432129
C1,1612,0.10170161466283736,99.4,48.0,4,41.29999923706055,204.0,1.0,30,3.0,29.173721313476562
C1,1613,0.331775,63.9,39.199999999999996,4,27.600000381469727,120.0,1.0,30,1.0,47.23756790161133
C1,1614,0.7418004671996409,34.6,26.3,4,7.900000095367432,59.0,1.0,30,1.0,61.27587127685547
C1,1615,0.7513301916662591,33.6,24.8,4,8.0,57.0,1.0,30,1.0,68.23219299316406
C1,1616,0.6393777456609818,48.5,32.7,4,15.800000190734863,88.0,1.0,30,1.0,68.13931274414062
C1,1617,0.7529587596160812,31.5,20.7,4,3.4000000953674316,35.0,1.0,30,1.0,64.88359069824219
C1,1618,0.7206872499344267,40.5,28.6,4,19.200000762939453,130.0,1.0,30,2.0,63.99681854248047
C1,1619,0.2601524315263778,64.3,37.5,6,54.79999923706055,236.0,1.0,30,2.0,67.46475982666016
C1,1620,0.6416699953390903,27.7,18.9,6,3.3333332538604736,78.0,1.0,70,3.0,68.34552001953125
C1,1621,0.6938333333333334,43.8,29.6,7,33.33333206176758,212.0,1.0,30,2.0,74.34064483642578
C1,1622,0.784564452364711,33.4,23.7,7,18.628570556640625,204.0,1.0,30,3.0,71.27105712890625
C1,1623,0.7385448602085425,38.5,25.9,7,18.97142791748047,166.0,1.0,30,2.0,77.029296875
C1,1624,0.8482290298506394,17.9,17.3,7,0.9142857193946838,38.0,1.0,30,2.0,68.88424682617188
C1,1625,0.7664129507539714,33.2,23.3,7,11.314285278320312,130.0,1.0,30,2.0,63.59721374511719
C1,1626,0.7896698485148963,28.1,19.599999999999998,7,4.800000190734863,93.0,1.0,30,3.0,53.491661071777344
C1,1627,0.7449348060550771,32.2,20.7,5,7.119999885559082,105.0,1.0,30,3.0,49.56166458129883
C1,1628,0.7076406626870005,17.8,17.2,5,1.2000000476837158,30.0,1.0,70,2.0,40.5369987487793
C1,1629,0.5556458959267463,50.0,17.3,3,0.5333333611488342,6.0,1.0,30,3.0,31.25553321838379
C1,1630,0.8521566698738302,17.6,17.3,3,1.8666666746139526,42.0,1.0,30,3.0,22.88665199279785
C1,1631,0.7314166666666667,39.699999999999996,28.7,2,26.799999237060547,138.0,1.0,30,3.0,21.998659133911133
C1,1632,0.7679480189220103,18.0,17.5,2,1.600000023841858,28.0,1.0,50,2.0,23.065860748291016
C1,1633,0.852702823555001,17.8,17.5,2,2.0,30.0,1.0,30,2.0,23.83951759338379
C1,1634,0.7561056324860487,32.099999999999994,21.0,2,5.599999904632568,50.0,1.0,30,2.0,21.50370979309082
C1,1635,0.7879697798576394,28.2,20.8,2,4.599999904632568,42.0,1.0,30,2.0,21.035558700561523
C1,1636,0.7554774278277693,32.0,20.9,2,5.199999809265137,44.0,1.0,30,2.0,21.68800163269043
C1,1637,0.8559198485148963,17.6,17.3,1,4.800000190734863,38.0,1.0,30,2.0,21.279468536376953
C1,1638,0.8607685509003341,17.8,17.5,1,4.0,34.0,1.0,30,2.0,20.501014709472656
C1,1639,0.8559587577917702,18.0,17.7,1,2.799999952316284,24.0,1.0,30,2.0,18.70060920715332
C1,1640,0.8607685509003341,18.0,17.6,1,4.0,32.0,1.0,30,2.0,17.220365524291992
C1,1641,0.7781840064263946,33.300000000000004,26.9,1,15.600000381469727,75.0,1.0,30,3.0,17.39888572692871
C1,1642,0.8575724027518892,18.1,17.6,1,3.200000047683716,27.0,1.0,30,3.0,17.105998992919922
C1,1643,0.8654774278277694,17.9,17.6,1,5.199999809265137,48.0,1.0,30,3.0,16.930265426635742
C1,1644,0.8591758329899635,18.0,17.5,1,3.5999999046325684,27.0,1.0,30,3.0,14.691493034362793
C1,1645,0.8623500559002011,18.1,17.7,1,4.400000095367432,36.0,1.0,30,3.0,13.748229026794434
C1,1646,0.785006870729459,33.2,27.400000000000002,1,18.0,84.0,1.0,30,3.0,14.782270431518555
C1,1647,0.8639198485148963,18.1,17.6,1,4.800000190734863,42.0,1.0,30,3.0,16.06936264038086
C1,1648,0.5744120147012152,50.0,17.6,1,1.2000000476837158,9.0,1.0,30,1.0,16.441617965698242
C1,1649,0.8543353991895412,18.0,17.5,1,2.4000000953674316,18.0,1.0,30,1.0,15.331637382507324
C1,1650,0.8575724027518892,17.8,17.5,1,3.200000047683716,24.0,1.0,30,3.0,13.865649223327637
C1,1651,0.7502531818482296,32.4,25.3,1,4.800000190734863,27.0,1.0,30,1.0,15.386055946350098
C1,1652,0.852702823555001,18.1,17.6,1,2.0,14.0,1.0,30,1.0,15.76496696472168
C1,1653,0.852702823555001,18.5,17.6,1,2.0,15.0,1.0,30,1.0,16.925647735595703
C1,1654,0.6819403678361281,17.9,17.7,1,2.799999952316284,24.0,1.0,90,3.0,15.08872127532959
C1,1655,0.7390924996566302,33.099999999999994,25.9,1,3.5999999046325684,21.0,1.0,30,1.0,14.919899940490723
C1,1656,0.5918573394516841,33.2,26.700000000000003,1,3.5999999046325684,20.0,1.0,70,1.0,15.485273361206055
C1,1657,0.5727547725551173,50.0,17.7,1,0.800000011920929,7.0,1.0,30,1.0,15.691164016723633
C1,1658,0.7679480189220103,17.8,17.5,1,1.600000023841858,14.0,1.0,50,1.0,14.881364822387695
C1,1659,0.8559587577917702,18.0,17.6,1,2.799999952316284,22.0,1.0,30,2.0,13.195486068725586
C1,1660,0.6809751861440221,18.2,17.6,1,1.600000023841858,10.0,1.0,90,1.0,12.58395767211914
C1,1661,0.5790731060107622,44.3,33.6,1,10.0,36.0,1.0,50,1.0,15.150374412536621
C1,1662,0.8591758329899635,18.0,17.7,1,3.5999999046325684,28.0,1.0,30,2.0,17.090225219726562
C1,1663,0.7601892941135653,33.099999999999994,25.7,1,9.199999809265137,48.0,1.0,30,2.0,20.12080192565918
C1,1664,0.8591758329899635,17.8,17.5,1,3.5999999046325684,30.0,1.0,30,2.0,19.13914680480957
C1,1665,0.8559587577917702,17.7,17.5,1,2.799999952316284,22.0,1.0,30,2.0,18.150156021118164
C1,1666,0.8623500559002011,17.9,17.6,1,4.400000095367432,36.0,1.0,30,2.0,16.756759643554688
C1,1667,0.8607685509003341,17.6,17.4,1,4.0,36.0,1.0,30,2.0,16.320722579956055
C1,1668,0.8591758329899635,17.8,17.6,1,3.5999999046325684,30.0,1.0,30,3.0,15.925766944885254
C1,1669,0.852702823555001,18.1,17.5,1,2.0,18.0,1.0,30,3.0,14.088793754577637
C1,1670,0.8591758329899635,17.9,17.5,1,3.5999999046325684,27.0,1.0,30,3.0,11.786609649658203
C1,1671,0.8654774278277694,17.8,17.4,1,5.199999809265137,45.0,1.0,30,3.0,11.071965217590332
C1,1672,0.8543353991895412,19.599999999999998,17.6,1,2.4000000953674316,18.0,1.0,30,3.0,10.643178939819336
C1,1673,0.7753336062547415,33.0,26.4,1,13.600000381469727,72.0,1.0,30,3.0,12.385907173156738
C1,1674,0.8591758329899635,17.8,17.3,1,3.5999999046325684,30.0,1.0,30,3.0,12.764878273010254
C1,1675,0.852702823555001,17.8,17.4,1,2.0,16.0,1.0,30,2.0,13.258926391601562
C1,1676,0.8607685509003341,17.6,17.4,1,4.0,36.0,1.0,30,2.0,12.755355834960938
C1,1677,0.8543353991895412,18.0,17.5,1,2.4000000953674316,18.0,1.0,30,2.0,12.319880485534668
C1,1678,0.8559587577917702,17.9,17.6,1,2.799999952316284,20.0,1.0,30,2.0,12.325261116027832
C1,1679,0.8607685509003341,17.7,17.4,1,4.0,36.0,1.0,30,3.0,11.52849006652832
C1,1680,0.8559587577917702,17.8,17.5,1,2.799999952316284,24.0,1.0,30,3.0,10.917094230651855
C1,1681,0.7018333333333334,43.8,33.7,1,31.600000381469727,117.0,1.0,30,3.0,14.416923522949219
C1,1682,0.8543353991895412,17.6,17.3,1,2.4000000953674316,21.0,1.0,30,3.0,15.850153923034668
C1,1683,0.8559587577917702,17.7,17.4,1,2.799999952316284,27.0,1.0,30,3.0,16.843425750732422
C1,1684,0.8639198485148963,18.0,17.4,1,4.800000190734863,39.0,1.0,30,3.0,13.972722053527832
C1,1685,0.8591758329899635,17.7,17.4,1,3.5999999046325684,27.0,1.0,30,3.0,12.516966819763184
C1,1686,0.784731962023386,32.7,25.9,1,16.0,87.0,1.0,30,3.0,14.310179710388184
C1,1687,0.8575724027518892,17.7,17.3,1,3.200000047683716,30.0,1.0,30,2.0,15.652774810791016
C1,1688,0.8510615300280377,17.9,17.6,1,1.600000023841858,14.0,1.0,30,2.0,16.191665649414062
C1,1689,0.852702823555001,17.7,17.4,1,2.0,16.0,1.0,30,2.0,13.714999198913574
C1,1690,0.5744120147012152,50.0,17.4,1,1.2000000476837158,8.0,1.0,30,1.0,11.295665740966797
C1,1691,0.6248301916662592,47.4,35.0,1,8.0,30.0,1.0,30,1.0,12.910733222961426
C1,1692,0.8494120147012152,17.9,17.6,1,1.2000000476837158,10.0,1.0,30,1.0,14.146439552307129
C1,1693,0.772547377988288,17.8,17.5,1,2.799999952316284,21.0,1.0,50,3.0,14.754530906677246
C1,1694,0.7486833892335344,32.4,25.7,1,4.400000095367432,21.0,1.0,30,1.0,13.919384956359863
C1,1695,0.852702823555001,18.1,17.4,1,2.0,12.0,1.0,30,3.0,12.618297576904297
C1,1696,0.8654774278277694,17.6,17.4,1,5.199999809265137,42.0,1.0,30,3.0,12.770978927612305
C1,1697,0.8575724027518892,17.7,17.4,1,3.200000047683716,27.0,1.0,30,3.0,11.262587547302246
C1,1698,0.8543353991895412,17.7,17.4,1,2.4000000953674316,18.0,1.0,30,3.0,10.624218940734863
C1,1699,0.8559587577917702,18.599999999999998,17.5,1,2.799999952316284,21.0,1.0,30,3.0,9.307865142822266
C1,1700,0.8559587577917702,17.7,17.3,1,2.799999952316284,21.0,1.0,30,3.0,8.251385688781738
C1,1701,0.8670222991527153,17.8,17.5,1,5.599999904632568,48.0,1.0,30,3.0,8.950831413269043
C1,1702,0.852702823555001,17.8,17.5,1,2.0,18.0,1.0,30,3.0,9.237165451049805
C1,1703,0.8607685509003341,17.8,17.5,1,4.0,33.0,1.0,30,3.0,9.942298889160156
C1,1704,0.8715756855237148,17.9,17.4,1,6.800000190734863,54.0,1.0,30,3.0,10.632046699523926
C1,1705,0.8591758329899635,18.0,17.6,1,3.5999999046325684,30.0,1.0,30,3.0,11.579227447509766
C1,1706,0.7748942973933647,33.300000000000004,26.5,1,14.399999618530273,75.0,1.0,30,3.0,14.014203071594238
C1,1707,0.8591758329899635,17.9,17.6,1,3.5999999046325684,30.0,1.0,30,3.0,14.40852165222168
C1,1708,0.8559587577917702,18.0,17.4,1,2.799999952316284,18.0,1.0,30,3.0,14.111780166625977
C1,1709,0.8591758329899635,17.8,17.4,1,3.5999999046325684,30.0,1.0,30,3.0,11.933734893798828
C1,1710,0.8510615300280377,17.9,17.4,1,1.600000023841858,15.0,1.0,30,3.0,9.960240364074707
C1,1711,0.873064754199968,17.9,17.6,1,7.199999809265137,57.0,1.0,30,3.0,10.509477615356445
C1,1712,0.8575724027518892,18.5,17.8,1,3.200000047683716,27.0,1.0,30,3.0,10.705686569213867
C1,1713,0.8591758329899635,18.1,17.7,1,3.5999999046325684,24.0,1.0,30,3.0,11.223411560058594
C1,1714,0.852702823555001,17.9,17.6,1,2.0,15.0,1.0,30,3.0,9.667380332946777
C1,1715,0.8623500559002011,17.9,17.9,1,4.400000095367432,33.0,1.0,30,3.0,9.000428199768066
C1,1716,0.7753661611682622,32.599999999999994,26.1,1,12.399999618530273,72.0,1.0,30,3.0,10.733590126037598
C1,1717,0.873064754199968,17.7,17.5,1,7.199999809265137,57.0,1.0,30,3.0,13.640153884887695
C1,1718,0.8715756855237148,18.0,17.6,1,6.800000190734863,57.0,1.0,30,3.0,16.450759887695312
C1,1719,0.8559587577917702,18.0,17.5,1,2.799999952316284,18.0,1.0,30,3.0,15.737122535705566
C1,1720,0.8654774278277694,17.9,17.5,1,5.199999809265137,48.0,1.0,30,3.0,14.908940315246582
C1,1721,0.8715756855237148,17.9,17.4,1,6.800000190734863,57.0,1.0,30,3.0,14.412030220031738
C1,1722,0.8510615300280377,18.0,17.5,1,1.600000023841858,12.0,1.0,30,3.0,13.84721851348877
C1,1723,0.8559587577917702,18.0,17.6,1,2.799999952316284,21.0,1.0,30,3.0,12.308331489562988
C1,1724,0.8559587577917702,17.8,17.4,1,2.799999952316284,24.0,1.0,30,3.0,9.91833209991455
C1,1725,0.7857549705465451,32.7,25.8,1,16.399999618530273,87.0,1.0,30,3.0,11.817666053771973
C1,1726,0.20946044950874274,95.10000000000001,49.9,2,47.400001525878906,153.0,1.0,30,3.0,18.823932647705078
C1,1727,0.7581994945015955,33.6,24.7,3,12.399999618530273,108.0,1.0,30,3.0,26.76102638244629
C1,1728,0.7794746676127758,33.6,24.9,3,17.200000762939453,132.0,1.0,30,3.0,33.52328109741211
C1,1729,0.7387441753262052,38.5,25.5,3,19.066667556762695,141.0,1.0,30,3.0,37.04730224609375
C1,1730,0.7326693258003433,38.6,26.1,3,16.799999237060547,135.0,1.0,30,3.0,40.36171340942383
C1,1731,0.7429605810659413,38.1,25.7,3,19.33333396911621,147.0,1.0,30,3.0,43.01702880859375
C1,1732,0.7816698485148963,28.1,20.400000000000002,2,4.800000190734863,72.0,1.0,30,3.0,41.54355239868164
C1,1733,0.7681006730930613,34.4,25.0,2,15.600000381469727,105.0,1.0,30,3.0,39.32612991333008
C1,1734,0.7965756093074068,28.1,20.8,2,6.599999904632568,63.0,1.0,30,3.0,34.26234436035156
C1,1735,0.7697810005661773,31.9,21.4,2,8.800000190734863,81.0,1.0,30,3.0,31.624073028564453
C1,1736,0.7406006730930612,37.400000000000006,25.8,2,15.600000381469727,108.0,1.0,30,3.0,30.1744441986084
C1,1737,0.7785580009461092,33.7,25.4,2,17.200000762939453,117.0,1.0,30,3.0,31.704666137695312
C1,1738,0.6935833333333333,44.699999999999996,32.4,2,22.600000381469727,120.0,1.0,30,3.0,34.35613250732422
C1,1739,0.73083599246701,38.800000000000004,26.8,2,16.799999237060547,114.0,1.0,30,3.0,36.213680267333984
C1,1740,0.7100833333333334,42.9,29.2,2,24.799999237060547,126.0,1.0,30,3.0,37.728206634521484
C1,1741,0.3609,50.4,34.7,3,34.79999923706055,156.0,1.0,30,3.0,40.23692321777344
C1,1742,0.6908333333333334,45.0,29.2,3,26.933332443237305,162.0,1.0,30,3.0,43.87548828125
C1,1743,0.6951735373961256,43.0,29.9,3,18.0,116.0,1.0,30,2.0,48.191959381103516
C1,1744,0.7054999999999999,43.4,28.5,3,29.200000762939453,177.0,1.0,30,3.0,51.71517562866211
C1,1745,0.7394801039234323,38.1,25.5,3,17.733333587646484,141.0,1.0,30,3.0,52.89577102661133
C1,1746,0.7128333333333334,42.6,28.8,3,26.133333206176758,156.0,1.0,30,3.0,52.80413055419922
C1,1747,0.6626666666666667,47.199999999999996,31.5,4,33.733333587646484,186.0,1.0,30,3.0,53.14914321899414
C1,1748,0.7652930888875918,33.8,24.1,4,12.699999809265137,123.0,1.0,30,3.0,52.55615234375
C1,1749,0.7710993758080114,33.2,23.5,4,12.800000190734863,135.0,1.0,30,3.0,51.267024993896484
C1,1750,0.7768777456609819,33.5,23.8,4,15.800000190734863,147.0,1.0,30,3.0,48.760215759277344
C1,1751,0.7030000000000001,42.8,28.299999999999997,5,32.959999084472656,237.0,1.0,30,3.0,52.32279586791992
C1,1752,0.7511892267222421,32.4,21.8,5,5.039999961853027,90.0,1.0,30,3.0,52.46034240722656
C1,1753,0.7683947253275367,33.0,22.8,5,11.359999656677246,135.0,1.0,30,3.0,52.00954055786133
C1,1754,0.7639814208666347,31.9,21.0,5,7.199999809265137,114.0,1.0,30,3.0,46.27239227294922
C1,1755,0.7641635249995925,32.2,21.2,5,8.0,105.0,1.0,30,3.0,43.496768951416016
C1,1756,0.746850055900201,32.599999999999994,22.4,5,4.400000095367432,49.0,1.0,30,1.0,42.36472702026367
C1,1757,0.6079917049298396,38.1,25.4,2,13.399999618530273,90.0,1.0,30,3.0,40.61883544921875
C1,1758,0.7655661296511405,34.5,25.1,2,15.0,102.0,1.0,30,3.0,39.43796920776367
C1,1759,0.574922820640461,43.3,29.7,2,26.799999237060547,141.0,1.0,70,3.0,38.4627799987793
C1,1760,0.2538033263592739,50.7,36.1,1,32.79999923706055,150.0,1.0,70,3.0,40.544334411621094
C1,1761,0.23622891660109327,94.5,53.900000000000006,1,59.20000076293945,153.0,1.0,70,3.0,44.059932708740234
C1,1762,0.23027499999999995,97.9,48.4,2,21.399999618530273,72.0,1.0,30,1.0,49.502628326416016
C1,1763,0.3084466372132118,65.9,39.5,2,16.399999618530273,68.0,1.0,30,1.0,55.168243408203125
C1,1764,0.6949774278277693,38.6,26.9,2,5.199999809265137,33.0,1.0,30,1.0,56.1676139831543
C1,1765,0.6257907046525227,48.5,34.4,2,11.199999809265137,51.0,1.0,30,1.0,53.96723556518555
C1,1766,0.2977216372132118,69.8,40.4,2,16.399999618530273,64.0,1.0,30,1.0,52.11367416381836
C1,1767,0.7064166666666667,43.3,30.099999999999998,2,26.600000381469727,135.0,1.0,30,3.0,52.60153579711914
C1,1768,0.16203234053724294,50.3,36.1,2,23.600000381469727,102.0,1.0,90,2.0,52.894256591796875
C1,1769,0.6535,48.2,33.099999999999994,3,37.400001525878906,162.0,1.0,30,3.0,51.73655319213867
C1,1770,0.7698304437315444,32.300000000000004,22.8,3,9.866666793823242,102.0,1.0,30,3.0,49.57526397705078
C1,1771,0.6846666666666666,44.8,30.4,4,38.53333282470703,198.0,1.0,30,3.0,50.27849197387695
C1,1772,0.7806766268856503,32.7,22.9,4,14.5,135.0,1.0,30,3.0,49.50042724609375
C1,1773,0.7626922413140078,32.4,22.1,4,8.100000381469727,102.0,1.0,30,3.0,49.033592224121094
C1,1774,0.7732354553892467,32.9,23.099999999999998,4,12.600000381469727,120.0,1.0,30,3.0,45.28681945800781
C1,1775,0.7782771760435243,32.9,23.599999999999998,4,14.300000190734863,141.0,1.0,30,3.0,43.30542755126953
C1,1776,0.7737941097226935,33.2,23.400000000000002,4,13.699999809265137,135.0,1.0,30,3.0,43.583255767822266
C1,1777,0.6931666666666667,43.0,29.3,2,23.600000381469727,126.0,1.0,30,3.0,44.01662063598633
C1,1778,0.659,47.6,32.800000000000004,3,36.20000076293945,165.0,1.0,30,3.0,45.34330368041992
C1,1779,0.7647726274468986,32.599999999999994,23.400000000000002,3,9.199999809265137,93.0,1.0,30,3.0,44.27265167236328
C1,1780,0.768890026919445,32.599999999999994,22.3,3,10.399999618530273,102.0,1.0,30,3.0,42.56359100341797
C1,1781,-0.8557160218148709,100.7,43.4,24,132.60000610351562,1017.0,1.0,30,3.0,79.40482330322266
C1,1782,-0.8546979512786773,27.900000000000002,20.400000000000002,66,45.27659606933594,2055.0,1.0,30,3.0,188.70956420898438
C1,1783,0.850886962192295,18.8,18.0,66,1.5575757026672363,162.0,1.0,30,3.0,256.9590759277344
C1,1784,0.8491614016336461,18.0,17.8,66,1.139393925666809,138.0,1.0,30,3.0,258.84210205078125
C1,1785,0.8480817865230857,17.9,17.4,66,0.8787878751754761,117.0,1.0,30,3.0,173.83859252929688
C1,1786,0.8504876070023168,18.4,17.9,66,1.4606060981750488,150.0,1.0,30,3.0,122.30316162109375
C1,1787,0.851186164400222,18.1,17.7,66,1.6303030252456665,168.0,1.0,30,3.0,92.71522521972656
C1,1788,-1.755424756597307,33.099999999999994,22.4,3,10.479999542236328,135.0,1.0,30,3.0,75.7624740600586
C1,1789,0.7666192805748862,32.7,23.099999999999998,3,10.0,102.0,1.0,30,3.0,63.457481384277344
C1,1790,0.7307272440860678,38.199999999999996,26.0,3,14.666666984558105,126.0,1.0,30,3.0,54.207820892333984
C1,1791,0.730869406845728,38.5,26.0,3,15.733333587646484,141.0,1.0,30,3.0,48.9246940612793
C1,1792,0.7639924220057,35.0,26.0,3,16.133333206176758,129.0,1.0,30,3.0,46.95481491088867
C1,1793,0.6929166666666666,43.9,30.5,2,25.200000762939453,138.0,1.0,30,3.0,46.30622482299805
C1,1794,0.7670281485892477,34.4,25.5,2,15.199999809265137,102.0,1.0,30,3.0,44.18373489379883
C1,1795,0.6516666666666667,48.4,34.5,3,33.599998474121094,156.0,1.0,30,3.0,44.1102409362793
C1,1796,0.7342866326952353,38.699999999999996,26.5,3,17.866666793823242,132.0,1.0,30,3.0,43.799476623535156
C1,1797,0.7973256855237147,28.1,19.599999999999998,3,6.800000190734863,78.0,1.0,30,3.0,42.54635238647461
C1,1798,0.7555921189266481,32.099999999999994,21.0,3,5.4666666984558105,84.0,1.0,30,3.0,38.594478607177734
C1,1799,0.7373163831348404,38.5,25.9,3,18.399999618530273,138.0,1.0,30,3.0,36.490020751953125
C1,1800,0.6672500000000001,46.699999999999996,31.7,4,33.86666488647461,198.0,1.0,30,3.0,40.5606803894043
C1,1801,0.7740865332149226,33.2,23.3,4,13.800000190734863,141.0,1.0,30,3.0,45.536407470703125
C1,1802,0.7119166666666666,42.7,28.2,4,26.600000381469727,189.0,1.0,30,3.0,50.788509368896484
C1,1803,0.7684392941135653,32.2,21.5,4,9.199999809265137,111.0,1.0,30,3.0,50.07310485839844
C1,1804,0.7677373174727251,32.2,21.9,4,9.0,117.0,1.0,30,3.0,48.57719802856445
C1,1805,0.7776507896014491,33.300000000000004,23.2,4,15.399999618530273,144.0,1.0,30,3.0,45.67965316772461
C1,1806,0.7650801916662593,32.099999999999994,21.4,4,8.0,102.0,1.0,30,3.0,43.5411262512207
C1,1807,0.7735412044919106,33.0,23.599999999999998,4,13.0,135.0,1.0,30,3.0,43.058006286621094
C1,1808,0.5272883459991029,36.4,25.1,2,13.199999809265137,105.0,1.0,90,3.0,41.03480529785156
C1,1809,0.7650801916662593,32.099999999999994,21.5,2,8.0,84.0,1.0,30,3.0,39.02088165283203
C1,1810,0.7045833333333333,43.5,30.0,2,28.200000762939453,147.0,1.0,30,3.0,38.345863342285156
C1,1811,0.6635833333333333,47.1,31.0,3,27.066667556762695,177.0,1.0,30,3.0,41.14085006713867
C1,1812,0.7321262326542671,38.800000000000004,26.700000000000003,3,17.33333396911621,141.0,1.0,30,3.0,45.35117721557617
C1,1813,0.7329236982497527,38.5,25.9,3,16.53333282470703,123.0,1.0,30,3.0,46.810707092285156
C1,1814,0.7110000000000001,42.8,28.8,3,26.933332443237305,168.0,1.0,30,3.0,47.28642272949219
C1,1815,0.768456230616512,32.4,22.4,3,9.733333587646484,96.0,1.0,30,3.0,45.57185363769531
C1,1816,0.7412341572219884,34.0,25.1,3,6.266666889190674,42.0,1.0,30,1.0,44.67644500732422
C1,1817,0.7188050283512079,39.699999999999996,28.0,3,15.333333015441895,102.0,1.0,30,2.0,43.4725341796875
C1,1818,0.678,46.4,31.3,3,22.133333206176758,120.0,1.0,30,2.0,46.4835205078125
C1,1819,0.6874868757132168,43.6,29.8,3,17.066667556762695,100.0,1.0,30,2.0,49.35677719116211
C1,1820,0.7250173397597279,39.1,28.0,3,15.600000381469727,100.0,1.0,30,2.0,50.9473991394043
C1,1821,0.3689,50.4,35.5,3,32.13333511352539,146.0,1.0,30,2.0,53.635108947753906
C1,1822,0.7612314208666348,32.2,21.5,3,7.199999809265137,62.0,1.0,30,2.0,52.71439743041992
C1,1823,0.7720871889038976,32.300000000000004,22.4,3,10.533333778381348,108.0,1.0,30,3.0,50.29530334472656
C1,1824,0.7000000000000001,44.0,29.4,3,25.33333396911621,159.0,1.0,30,3.0,46.177181243896484
C1,1825,0.7750971044941356,32.4,22.3,3,11.733333587646484,111.0,1.0,30,3.0,44.506309509277344
C1,1826,0.6972536982273219,34.7,25.2,3,17.066667556762695,141.0,1.0,50,3.0,44.97045135498047
C1,1827,0.7656417685746549,33.099999999999994,23.599999999999998,3,10.800000190734863,105.0,1.0,30,3.0,42.84893798828125
C1,1828,0.8537922063976937,17.7,17.2,3,2.2666666507720947,54.0,1.0,30,3.0,39.04269790649414
C1,1829,0.5891082475208617,33.6,23.2,3,4.0,36.0,1.0,70,1.0,35.29228591918945
C1,1830,0.76958599246701,33.7,24.6,2,16.799999237060547,111.0,1.0,30,3.0,33.3087043762207
C1,1831,0.2847629526247472,71.4,38.699999999999996,4,40.29999923706055,213.0,1.0,30,3.0,39.18522262573242
C1,1832,0.7892451029155917,28.400000000000002,20.400000000000002,5,7.519999980926514,117.0,1.0,30,3.0,43.11113357543945
C1,1833,0.7960342741836514,28.5,20.2,5,7.440000057220459,117.0,1.0,30,3.0,45.73334503173828
C1,1834,0.788009604825276,27.2,19.7,5,2.319999933242798,46.0,1.0,30,2.0,40.906673431396484
C1,1835,0.7652611086111314,32.300000000000004,22.2,5,8.5600004196167,94.0,1.0,30,2.0,39.07733917236328
C1,1836,0.7605405041289992,32.5,21.9,5,7.760000228881836,94.0,1.0,30,2.0,39.04640197753906
C1,1837,0.6078986286900527,38.9,26.1,2,16.0,94.0,1.0,30,2.0,42.227840423583984
C1,1838,0.6938004016766691,43.1,29.3,2,17.799999237060547,96.0,1.0,30,2.0,44.27003860473633
C1,1839,0.6834966105997775,43.8,29.5,2,16.200000762939453,84.0,1.0,30,2.0,44.82868957519531
C1,1840,0.7081116848374829,39.800000000000004,28.299999999999997,2,12.0,78.0,1.0,30,2.0,44.09721374511719
C1,1841,0.34219999999999995,57.2,36.7,3,28.799999237060547,132.0,1.0,30,2.0,46.058326721191406
C1,1842,0.7128295320631309,40.800000000000004,27.799999999999997,3,16.933332443237305,106.0,1.0,30,2.0,48.701663970947266
C1,1843,0.6808134372567657,44.5,30.099999999999998,3,17.733333587646484,116.0,1.0,30,2.0,52.82099914550781
C1,1844,0.6679166666666667,47.5,32.4,3,23.866666793823242,122.0,1.0,30,2.0,54.62593078613281
C1,1845,0.7513301916662591,33.6,24.0,3,8.0,76.0,1.0,30,2.0,53.708892822265625
C1,1846,0.7147187300790298,40.300000000000004,28.8,3,15.866666793823242,102.0,1.0,30,2.0,52.22533416748047
C1,1847,0.5044600832113176,50.0,34.4,6,44.63999938964844,255.0,1.0,30,3.0,54.53520202636719
C1,1848,0.38583333333333336,39.0,26.9,15,39.599998474121094,417.0,1.0,30,3.0,69.38778686523438
C1,1849,0.7981840879785904,29.9,20.8,15,11.786666870117188,234.0,1.0,30,3.0,81.89933776855469
C1,1850,0.7790915005558293,31.7,20.7,15,10.986666679382324,228.0,1.0,30,3.0,88.20626831054688
C1,1851,0.7971410016130506,28.0,19.599999999999998,15,6.506666660308838,174.0,1.0,30,3.0,81.1904296875
C1,1852,0.8208872964874699,25.2,19.3,15,6.0,159.0,1.0,30,3.0,73.64759063720703
C1,1853,0.8490811684291172,17.8,17.5,15,1.1200000047683716,69.0,1.0,30,3.0,62.05522155761719
C1,1854,0.22177623034905314,39.0,26.8,6,38.33333206176758,276.0,1.0,90,3.0,59.63313293457031
C1,1855,0.7280000000000001,39.199999999999996,26.8,8,32.400001525878906,291.0,1.0,30,3.0,64.04654693603516
C1,1856,0.5931666666666667,38.199999999999996,25.4,12,33.53333282470703,384.0,1.0,30,3.0,80.69459533691406
C1,1857,0.7879352581217927,30.3,20.5,12,9.800000190734863,180.0,1.0,30,3.0,86.41675567626953
C1,1858,0.7502314243989501,33.4,23.2,12,27.200000762939453,327.0,1.0,50,3.0,91.4500503540039
C1,1859,0.7816520118896779,32.300000000000004,21.6,12,13.566666603088379,222.0,1.0,30,3.0,87.27003479003906
C1,1860,0.7977811193475248,27.900000000000002,19.8,12,6.433333396911621,150.0,1.0,30,3.0,83.4286880493164
C1,1861,0.720031401906108,33.6,23.400000000000002,12,20.066667556762695,228.0,1.0,50,2.0,81.79054260253906
C1,1862,0.6899894545012382,32.599999999999994,22.1,12,10.866666793823242,160.0,1.0,50,2.0,81.60765838623047
C1,1863,0.707048772884,27.400000000000002,19.3,12,3.4000000953674316,88.0,1.0,50,2.0,80.69792938232422
C1,1864,0.4443126761358795,32.300000000000004,21.9,6,8.866666793823242,100.0,1.0,50,2.0,71.61875915527344
C1,1865,0.6734753105496963,35.4,25.2,5,14.880000114440918,120.0,1.0,50,2.0,63.50458908081055
C1,1866,0.6505,49.4,34.0,5,42.560001373291016,230.0,1.0,50,2.0,68.10275268554688
C1,1867,0.6616456061260928,37.900000000000006,25.1,5,15.600000381469727,126.0,1.0,50,2.0,72.59498596191406
C1,1868,0.6851477632080424,44.5,29.6,5,39.7599983215332,261.0,1.0,50,3.0,78.89032745361328
C1,1869,0.6553333333333332,48.0,32.599999999999994,6,57.7599983215332,321.0,1.0,50,3.0,81.60086059570312
C1,1870,0.721894516721532,33.7,24.299999999999997,6,20.733333587646484,201.0,1.0,50,3.0,83.76051330566406
C1,1871,0.6779771612241571,32.9,22.700000000000003,6,8.666666984558105,126.0,1.0,50,3.0,79.05631256103516
C1,1872,0.765435040027858,17.5,17.2,6,0.9333333373069763,27.0,1.0,50,3.0,63.167118072509766
C1,1873,0.7671908835991162,17.7,17.2,6,1.399999976158142,39.0,1.0,50,3.0,46.4336051940918
C1,1874,0.686677592725177,32.5,21.6,6,9.866666793823242,138.0,1.0,50,3.0,36.92683029174805
C1,1875,0.6484542993016464,17.6,17.2,3,1.7333333492279053,45.0,1.0,50,3.0,32.02276611328125
C1,1876,0.5940208703469172,31.8,20.2,2,2.4000000953674316,24.0,1.0,70,1.0,30.5469913482666
C1,1877,-0.12893864662465263,107.30000000000001,53.8,5,123.5999984741211,318.0,1.0,50,3.0,37.661529541015625
C1,1878,0.6724175711183945,31.9,21.0,7,8.971428871154785,132.0,1.0,50,3.0,45.79691696166992
C1,1879,0.7421666666666668,39.4,27.2,7,24.22857093811035,184.0,1.0,30,2.0,59.744815826416016
C1,1880,0.7535393203223327,32.9,21.7,7,6.857142925262451,98.0,1.0,30,2.0,60.51355743408203
C1,1881,0.7119166666666666,42.7,27.799999999999997,7,31.542856216430664,228.0,1.0,30,2.0,70.30813598632812
C1,1882,0.7073333333333333,43.2,27.900000000000002,7,27.200000762939453,200.0,1.0,30,2.0,77.25154876708984
C1,1883,0.7465883870086317,37.699999999999996,25.4,7,19.314285278320312,166.0,1.0,30,2.0,85.950927734375
C1,1884,0.8477547725551174,17.8,17.4,7,0.800000011920929,12.0,1.0,30,2.0,76.77055358886719
C1,1885,0.847517421777062,18.0,17.3,7,0.7428571581840515,36.0,1.0,30,3.0,59.52899932861328
C1,1886,0.8494120147012152,17.9,17.3,7,1.2000000476837158,54.0,1.0,30,3.0,40.517398834228516
C1,1887,0.8470422831418664,17.9,17.2,7,0.6285714507102966,27.0,1.0,30,3.0,29.510440826416016
C1,1888,0.7261666666666667,39.4,27.099999999999998,5,26.399999618530273,210.0,1.0,30,3.0,30.639596939086914
C1,1889,0.5711535377655116,43.2,28.5,8,42.93333435058594,282.0,1.0,30,3.0,41.45042419433594
C1,1890,0.74675,38.9,26.200000000000003,8,31.200000762939453,270.0,1.0,30,3.0,58.73692321777344
C1,1891,0.7929553086841741,28.9,20.400000000000002,8,7.599999904632568,147.0,1.0,30,3.0,66.30882263183594
C1,1892,0.7595720870428331,32.300000000000004,21.4,8,7.0,129.0,1.0,30,3.0,64.05195617675781
C1,1893,0.6154321707547612,38.800000000000004,26.1,11,41.20000076293945,342.0,1.0,30,3.0,65.89784240722656
C1,1894,0.7980833333333334,33.300000000000004,23.099999999999998,11,23.89090919494629,282.0,1.0,30,3.0,73.00537109375
C1,1895,0.8480566416697268,18.0,17.3,11,0.8727272748947144,39.0,1.0,30,3.0,73.26988983154297
C1,1896,0.7953333333333333,33.6,23.7,11,22.436363220214844,270.0,1.0,30,3.0,70.22859954833984
C1,1897,0.799,33.2,23.5,11,22.14545440673828,273.0,1.0,30,3.0,68.00382995605469
C1,1898,0.6804227677545805,17.8,17.3,11,0.8727272748947144,57.0,1.0,90,3.0,67.46896362304688
C1,1899,0.7709407783148071,32.9,22.4,9,17.64444351196289,237.0,1.0,30,3.0,65.68138122558594
C1,1900,0.7755761547181097,32.800000000000004,22.4,9,13.066666603088379,189.0,1.0,30,3.0,60.875492095947266
C1,1901,0.7806666666666666,35.2,25.5,9,22.35555648803711,210.0,1.0,30,2.0,69.45862579345703
C1,1902,0.8323080145228291,17.8,17.3,7,0.9333333373069763,48.0,1.0,30,3.0,66.20851135253906
C1,1903,0.7529975793701313,34.5,23.8,7,10.857142448425293,126.0,1.0,30,2.0,64.25843811035156
C1,1904,0.7411076210464212,33.300000000000004,23.599999999999998,7,4.5714287757873535,58.0,1.0,30,1.0,56.82173156738281
C1,1905,0.8472799248274688,17.7,17.3,7,0.6857143044471741,26.0,1.0,30,2.0,51.9597053527832
C1,1906,0.7438940996363521,32.2,20.7,7,2.7428572177886963,66.0,1.0,30,2.0,45.04248809814453
C1,1907,0.3124145667154774,61.199999999999996,37.199999999999996,5,40.5,190.0,1.0,30,2.0,45.82549285888672
C1,1908,0.7785857645422366,29.0,20.1,5,4.079999923706055,64.0,1.0,30,2.0,48.82862854003906
C1,1909,0.8497425514228559,17.6,17.3,5,1.2799999713897705,34.0,1.0,30,2.0,48.49717712402344
C1,1910,0.6926666666666667,44.8,31.099999999999998,5,30.719999313354492,184.0,1.0,30,2.0,47.89830780029297
C1,1911,0.7626612664212487,34.9,25.3,5,15.279999732971191,122.0,1.0,30,2.0,51.4056510925293
C1,1912,0.8470898228402338,17.7,17.4,5,0.6399999856948853,20.0,1.0,30,2.0,52.576725006103516
C1,1913,0.8470898228402338,17.7,17.3,5,0.6399999856948853,18.0,1.0,30,2.0,42.21269989013672
C1,1914,0.5714237475143212,50.0,17.4,5,0.47999998927116394,6.0,1.0,30,2.0,28.260953903198242
C1,1915,0.8467569239884147,18.4,17.6,5,0.5600000023841858,12.0,1.0,30,2.0,19.3565731048584
C1,1916,0.836702823555001,17.9,17.5,3,2.0,39.0,1.0,30,3.0,14.547276496887207
C1,1917,0.836702823555001,17.5,17.0,1,2.0,12.0,1.0,30,3.0,11.795032501220703
C1,1918,0.8543353991895412,17.3,16.8,1,2.4000000953674316,18.0,1.0,30,3.0,10.143686294555664
C1,1919,0.8607685509003341,17.4,16.9,1,4.0,33.0,1.0,30,3.0,8.886211395263672
C1,1920,0.5710902975977581,50.0,17.0,1,0.4000000059604645,3.0,1.0,30,3.0,7.731727123260498
C1,1921,0.8623500559002011,17.2,16.8,1,4.400000095367432,36.0,1.0,30,3.0,7.839036464691162
C1,1922,0.852702823555001,17.2,16.8,1,2.0,15.0,1.0,30,3.0,7.103421688079834
C1,1923,0.8510615300280377,17.2,16.9,1,1.600000023841858,12.0,1.0,30,3.0,7.062053203582764
C1,1924,0.852702823555001,17.1,16.8,1,2.0,15.0,1.0,30,3.0,6.103898525238037
C1,1925,0.8575724027518892,17.0,16.8,1,3.200000047683716,30.0,1.0,30,3.0,6.195672512054443
C1,1926,0.6816110464429402,17.1,16.9,1,2.4000000953674316,22.0,1.0,90,2.0,7.184070110321045
C1,1927,0.8543353991895412,17.3,17.0,1,2.4000000953674316,21.0,1.0,30,3.0,8.04377555847168
C1,1928,0.8483115300280377,20.299999999999997,17.4,1,1.600000023841858,12.0,1.0,30,3.0,7.759598731994629
C1,1929,0.8575724027518892,17.2,17.0,1,3.200000047683716,24.0,1.0,30,3.0,7.189092636108398
C1,1930,0.5744120147012152,50.0,17.2,1,1.2000000476837158,6.0,1.0,30,3.0,6.180122375488281
C1,1931,0.8685539631541367,17.4,17.0,1,6.0,54.0,1.0,30,3.0,7.441406726837158
C1,1932,0.8591758329899635,17.5,17.1,1,3.5999999046325684,27.0,1.0,30,3.0,8.331510543823242
C1,1933,0.8607685509003341,17.2,17.0,1,4.0,30.0,1.0,30,3.0,9.932239532470703
C1,1934,0.8607685509003341,17.4,17.1,1,4.0,30.0,1.0,30,3.0,9.826010704040527
C1,1935,0.8559587577917702,17.3,16.9,1,2.799999952316284,18.0,1.0,30,3.0,9.362273216247559
C1,1936,0.8623500559002011,17.4,17.0,1,4.400000095367432,36.0,1.0,30,3.0,9.35069751739502
C1,1937,0.8607685509003341,17.3,17.0,1,4.0,33.0,1.0,30,3.0,9.47708511352539
C1,1938,0.8607685509003341,17.5,17.1,1,4.0,33.0,1.0,30,3.0,10.219584465026855
C1,1939,0.852702823555001,17.3,17.0,1,2.0,16.0,1.0,30,2.0,10.131750106811523
C1,1940,0.8575724027518892,17.5,17.1,1,3.200000047683716,24.0,1.0,30,2.0,10.212383270263672
C1,1941,0.7628555817666097,32.5,26.8,1,8.399999618530273,40.0,1.0,30,2.0,11.460763931274414
C1,1942,0.7590386420175074,32.599999999999994,26.0,1,7.599999904632568,40.0,1.0,30,2.0,13.809791564941406
C1,1943,0.8591758329899635,17.6,17.1,1,3.5999999046325684,28.0,1.0,30,2.0,15.485875129699707
C1,1944,0.8510615300280377,17.4,17.0,1,1.600000023841858,14.0,1.0,30,2.0,14.75819206237793
C1,1945,0.7608719753508407,32.4,26.3,1,7.599999904632568,40.0,1.0,30,2.0,14.321581840515137
C1,1946,0.8607685509003341,17.0,16.8,1,4.0,32.0,1.0,30,2.0,14.326282501220703
C1,1947,0.8575724027518892,17.0,16.8,1,3.200000047683716,22.0,1.0,30,2.0,14.862436294555664
C1,1948,0.8494120147012152,17.2,16.8,1,1.2000000476837158,14.0,1.0,30,2.0,13.45079517364502
C1,1949,0.689670630306738,43.5,33.4,1,17.600000381469727,64.0,1.0,30,2.0,14.737143516540527
C1,1950,0.8607685509003341,17.4,16.9,1,4.0,32.0,1.0,30,2.0,16.17561912536621
C1,1951,0.8700719235523432,17.1,16.8,1,6.400000095367432,54.0,1.0,30,3.0,18.50537109375
C1,1952,0.7894216372132119,32.300000000000004,25.8,1,16.399999618530273,84.0,1.0,30,3.0,19.369890213012695
C1,1953,0.7009166666666666,43.9,34.4,1,32.400001525878906,117.0,1.0,30,3.0,22.95526695251465
C1,1954,-0.6351781490968796,261.5,141.8,7,100.19999694824219,312.0,1.0,30,3.0,36.57316207885742
C1,1955,0.6623124708893809,32.2,21.9,10,13.479999542236328,195.0,1.0,30,3.0,49.67723083496094
C1,1956,0.8179438944013577,24.2,19.099999999999998,10,2.9200000762939453,93.0,1.0,30,3.0,56.47300338745117
C1,1957,0.7531666666666668,38.199999999999996,25.2,10,30.479999542236328,315.0,1.0,30,3.0,60.68380355834961
C1,1958,0.8569281422643564,19.599999999999998,18.4,10,3.0399999618530273,90.0,1.0,30,3.0,58.54361343383789
C1,1959,0.775437372145505,32.4,21.7,10,11.84000015258789,189.0,1.0,30,3.0,61.52616882324219
C1,1960,0.6071938449656232,32.0,21.0,10,5.440000057220459,104.0,1.0,70,2.0,56.2490348815918
C1,1961,0.543323127977753,37.900000000000006,24.7,14,94.30000305175781,1071.0,1.0,70,3.0,96.68275451660156
C1,1962,-1.4942601421037853,28.2,20.5,71,55.96521759033203,2211.0,1.0,30,3.0,210.8096466064453
C1,1963,0.8486893511908218,17.8,17.5,71,1.025352120399475,120.0,1.0,30,3.0,277.685791015625
C1,1964,0.8530484767130259,18.8,17.9,71,2.0845069885253906,195.0,1.0,30,3.0,278.8781433105469
C1,1965,0.8393305771319693,22.9,18.599999999999998,71,5.312675952911377,330.0,1.0,30,3.0,195.99354553222656
C1,1966,0.770743800651549,19.3,18.0,71,2.3323943614959717,213.0,1.0,50,3.0,150.39613342285156
C1,1967,0.8461842545938588,17.7,17.2,71,0.4225352108478546,26.0,1.0,30,2.0,116.1043472290039
C1,1968,-1.596075429388837,17.7,17.3,12,0.5285714268684387,42.0,1.0,50,3.0,82.7292709350586
C1,1969,0.7636945921904865,17.9,17.5,12,0.46666666865348816,12.0,1.0,50,3.0,53.770896911621094
C1,1970,0.5829599646473406,23.2,18.8,6,1.899999976158142,60.0,1.0,30,2.0,38.662540435791016
C1,1971,0.7437188302918608,32.0,20.7,5,4.239999771118164,62.0,1.0,30,2.0,31.86418914794922
C1,1972,0.6959587577917702,17.9,17.6,1,2.799999952316284,28.0,1.0,30,2.0,29.118513107299805
C1,1973,0.6981666666666667,44.2,34.0,1,20.399999618530273,74.0,1.0,30,2.0,28.404441833496094
C1,1974,0.7729751019079882,32.300000000000004,26.9,1,10.800000190734863,50.0,1.0,30,2.0,27.17599868774414
C1,1975,0.08401813555981748,111.4,58.0,3,66.0,138.0,1.0,30,2.0,33.77226638793945
C1,1976,0.23487500000000003,55.5,35.9,6,39.0,206.0,1.0,30,2.0,46.530025482177734
C1,1977,0.7002500000000002,43.1,28.6,7,30.97142791748047,212.0,1.0,30,2.0,64.98468017578125
C1,1978,0.7821368230957627,27.799999999999997,19.2,7,2.2285714149475098,54.0,1.0,30,2.0,70.45747375488281
C1,1979,0.7238333333333334,41.4,28.2,7,32.342857360839844,228.0,1.0,30,2.0,75.20781707763672
C1,1980,0.7054999999999999,43.4,28.7,7,30.97142791748047,226.0,1.0,30,2.0,78.9913558959961
C1,1981,0.7541989496723667,35.9,24.299999999999997,7,15.54285717010498,150.0,1.0,30,2.0,87.66148376464844
C1,1982,0.6455678791353683,42.8,28.1,7,42.4571418762207,306.0,1.0,70,3.0,91.26355743408203
C1,1983,0.6515,36.2,24.8,10,23.1200008392334,276.0,1.0,30,3.0,90.62480163574219
C1,1984,0.7770253375472936,32.5,21.8,10,12.640000343322754,204.0,1.0,30,3.0,89.30821228027344
C1,1985,0.8127023855582434,25.0,19.2,10,3.440000057220459,108.0,1.0,30,3.0,79.71826171875
C1,1986,0.7997458300331767,28.8,21.1,10,9.239999771118164,168.0,1.0,30,3.0,69.16429138183594
C1,1987,0.7525,37.400000000000006,25.1,11,33.119998931884766,330.0,1.0,30,3.0,68.4319076538086
C1,1988,0.7802499999999999,33.5,23.400000000000002,13,33.29230880737305,399.0,1.0,30,3.0,80.92581176757812
C1,1989,0.7917095192931497,32.9,22.8,13,19.876922607421875,282.0,1.0,30,3.0,93.48882293701172
C1,1990,0.785444847393707,32.4,21.9,13,15.230769157409668,243.0,1.0,30,3.0,97.15995788574219
C1,1991,0.8518201017938979,18.4,17.8,13,1.784615397453308,87.0,1.0,30,3.0,85.4959716796875
C1,1992,0.8503012068917191,17.8,17.7,13,1.4153846502304077,75.0,1.0,30,3.0,69.2975845336914
C1,1993,0.8477547725551174,17.7,17.3,13,0.800000011920929,57.0,1.0,30,3.0,51.311885833740234
C1,1994,0.6877547725551174,17.9,17.2,9,0.800000011920929,36.0,1.0,30,3.0,38.2537956237793
C1,1995,0.8327026854614303,17.8,17.2,7,1.0285714864730835,48.0,1.0,30,3.0,29.218944549560547
C1,1996,0.5190386420175074,32.599999999999994,23.0,1,7.599999904632568,66.0,1.0,30,3.0,24.198034286499023
C1,1997,0.8591758329899635,17.8,17.4,1,3.5999999046325684,32.0,1.0,30,2.0,21.718820571899414
C1,1998,0.5727547725551173,50.0,17.9,1,0.800000011920929,6.0,1.0,30,2.0,18.49795913696289
C1,1999,0.5744120147012152,50.0,17.4,1,1.2000000476837158,6.0,1.0,30,2.0,14.032108306884766
C1,2000,0.5744120147012152,50.0,17.4,1,1.2000000476837158,8.0,1.0,30,2.0,9.752598762512207
C1,2001,0.70275,43.7,33.2,1,25.600000381469727,96.0,1.0,30,3.0,11.051559448242188
C1,2002,0.7715407046525227,32.599999999999994,25.4,1,11.199999809265137,60.0,1.0,30,3.0,14.097601890563965
C1,2003,0.852702823555001,17.5,17.2,1,2.0,15.0,1.0,30,3.0,16.058561325073242
C1,2004,0.8575724027518892,17.7,17.3,1,3.200000047683716,24.0,1.0,30,3.0,14.035137176513672
C1,2005,0.8543353991895412,18.0,17.3,1,2.4000000953674316,18.0,1.0,30,3.0,10.954415321350098
C1,2006,0.8639198485148963,17.6,17.3,1,4.800000190734863,42.0,1.0,30,3.0,10.30598258972168
C1,2007,0.8591758329899635,17.4,17.2,1,3.5999999046325684,30.0,1.0,30,3.0,10.183589935302734
C1,2008,0.852702823555001,17.8,17.3,1,2.0,18.0,1.0,30,3.0,10.110154151916504
C1,2009,0.7664365153396192,17.9,17.3,1,1.2000000476837158,10.0,1.0,50,2.0,8.866092681884766
C1,2010,0.6959372499344265,43.2,33.6,1,19.200000762939453,74.0,1.0,30,2.0,11.71965503692627
C1,2011,0.330125,64.5,43.7,1,30.399999618530273,88.0,1.0,30,2.0,18.49846076965332
C1,2012,0.8685539631541367,17.5,17.3,1,6.0,54.0,1.0,30,3.0,24.299076080322266
C1,2013,0.746850055900201,32.599999999999994,26.9,1,4.400000095367432,20.0,1.0,30,1.0,25.512779235839844
C1,2014,0.852702823555001,17.7,17.4,1,2.0,12.0,1.0,30,1.0,21.974334716796875
C1,2015,0.7788223701562585,17.8,17.3,1,4.400000095367432,36.0,1.0,50,3.0,19.051267623901367
C1,2016,0.6444352175670007,43.6,34.4,1,24.0,93.0,1.0,50,3.0,18.76409339904785
C1,2017,0.29740000000000005,76.39999999999999,44.3,1,48.400001525878906,144.0,1.0,50,3.0,23.39179039001465
C1,2018,0.33149999999999996,64.0,43.4,1,46.400001525878906,138.0,1.0,50,3.0,30.701740264892578
C1,2019,-0.5178363476723481,267.7,156.20000000000002,4,121.5999984741211,324.0,1.0,50,3.0,45.35437774658203
C1,2020,0.6528333333333334,47.4,31.9,6,42.400001525878906,291.0,1.0,50,3.0,60.67929458618164
C1,2021,0.6889697817290024,39.0,26.3,6,24.600000381469727,213.0,1.0,50,3.0,73.20757293701172
C1,2022,0.7084090152891191,37.8,24.9,6,26.799999237060547,228.0,1.0,50,3.0,76.45787811279297
C1,2023,0.6890000000000001,45.199999999999996,30.3,6,51.06666564941406,330.0,1.0,50,3.0,80.14139556884766
C1,2024,0.6774761451203415,44.1,29.9,7,61.82857131958008,408.0,1.0,50,3.0,91.01817321777344
C1,2025,0.7016917300926558,42.4,27.799999999999997,7,38.4571418762207,278.0,1.0,50,2.0,105.9442367553711
C1,2026,0.6214308830841543,42.1,28.1,7,15.199999809265137,110.0,1.0,50,1.0,114.89987182617188
C1,2027,0.6588297335941173,34.3,24.2,7,7.142857074737549,70.0,1.0,50,1.0,111.47325897216797
C1,2028,0.6304738157812971,39.300000000000004,27.2,7,11.314285278320312,95.0,1.0,50,1.0,103.55062103271484
C1,2029,0.667905703489592,32.099999999999994,22.2,7,4.400000095367432,53.0,1.0,50,1.0,91.19703674316406
C1,2030,0.4806945921904865,50.0,17.0,6,0.46666666865348816,8.0,1.0,50,1.0,75.51822662353516
C1,2031,0.5458499557142293,33.5,24.299999999999997,3,7.066666603088379,49.0,1.0,50,1.0,59.97760009765625
C1,2032,0.7490222991527153,32.0,20.5,2,5.599999904632568,52.0,1.0,30,2.0,47.053226470947266
C1,2033,0.30576463067015913,66.60000000000001,39.800000000000004,3,40.400001525878906,158.0,1.0,30,2.0,48.7652702331543
C1,2034,0.7032549705465452,41.7,28.5,3,16.399999618530273,104.0,1.0,30,2.0,50.1924934387207
C1,2035,0.7009166666666666,43.9,30.5,3,22.799999237060547,130.0,1.0,30,2.0,56.24882888793945
C1,2036,-0.10557786094747132,74.5,39.4,10,72.4000015258789,326.0,1.0,30,2.0,71.08263397216797
C1,2037,0.77975,35.3,25.0,10,30.360000610351562,304.0,1.0,30,2.0,93.31624603271484
C1,2038,0.7605,37.400000000000006,25.0,10,21.520000457763672,218.0,1.0,30,2.0,112.52307891845703
C1,2039,0.7559166666666667,37.900000000000006,25.1,10,22.920000076293945,232.0,1.0,30,2.0,117.780517578125
C1,2040,0.8155693495126295,23.8,18.4,10,1.440000057220459,54.0,1.0,30,2.0,104.268310546875
C1,2041,0.7485833333333334,38.699999999999996,25.7,10,22.31999969482422,220.0,1.0,30,2.0,96.29431915283203
C1,2042,0.7794715106124972,32.300000000000004,21.7,10,12.84000015258789,198.0,1.0,30,3.0,84.84326171875
C1,2043,0.7614171030202356,32.9,22.3,8,14.0,195.0,1.0,30,3.0,83.03929138183594
C1,2044,0.7858001965192153,28.2,19.599999999999998,8,4.050000190734863,90.0,1.0,30,3.0,71.29023742675781
C1,2045,0.7751028674625884,32.300000000000004,21.9,8,11.449999809265137,171.0,1.0,30,3.0,63.040809631347656
C1,2046,0.7289166666666667,39.1,26.599999999999998,10,37.15999984741211,324.0,1.0,30,3.0,63.824485778808594
C1,2047,0.8472561670987857,17.9,17.4,10,0.6800000071525574,21.0,1.0,30,3.0,61.228023529052734
C1,2048,0.7946419505810192,28.7,20.6,10,7.559999942779541,153.0,1.0,30,3.0,58.870147705078125
C1,2049,0.7870833333333334,34.5,24.2,10,25.040000915527344,276.0,1.0,30,3.0,55.32209014892578
C1,2050,0.8479208302101465,17.7,17.3,10,0.8399999737739563,51.0,1.0,30,3.0,54.526588439941406
C1,2051,0.8477547725551174,17.7,17.2,10,0.800000011920929,36.0,1.0,30,3.0,48.84928512573242
C1,2052,0.7843676785587492,28.2,20.2,9,5.733333110809326,123.0,1.0,30,3.0,38.642906188964844
C1,2053,0.7837163441509202,32.5,21.9,9,14.933333396911621,204.0,1.0,30,3.0,39.31907653808594
C1,2054,0.7866381538185134,33.0,23.099999999999998,9,17.91111183166504,216.0,1.0,30,3.0,47.72477722167969
C1,2055,0.44656199376833716,39.4,26.700000000000003,14,64.71111297607422,516.0,1.0,30,3.0,70.23487091064453
C1,2056,0.7660428787446091,30.200000000000003,20.1,16,7.875,204.0,1.0,30,3.0,83.74092102050781
C1,2057,0.80725,32.300000000000004,22.1,16,29.600000381469727,447.0,1.0,30,3.0,102.11122131347656
C1,2058,0.8307055847170287,22.5,18.3,16,2.2249999046325684,102.0,1.0,30,3.0,94.7333984375
C1,2059,0.7991747315405462,26.599999999999998,18.8,16,3.7249999046325684,129.0,1.0,30,3.0,86.97337341308594
C1,2060,0.6413791667681707,28.299999999999997,20.1,16,5.550000190734863,136.0,1.0,70,2.0,71.5173568725586
C1,2061,-0.3571331980411264,32.0,21.4,43,62.73103332519531,1305.0,1.0,30,3.0,115.71041107177734
C1,2062,0.4286666666666667,25.6,19.2,54,35.5428581237793,1527.0,1.0,30,3.0,204.35958862304688
C1,2063,0.8391254262827479,22.1,18.3,54,3.4000000953674316,231.0,1.0,30,3.0,258.74908447265625
C1,2064,0.8476932511188761,17.6,17.5,54,0.7851851582527161,90.0,1.0,30,3.0,237.38278198242188
C1,2065,0.7549707739646293,23.099999999999998,18.700000000000003,54,5.540740966796875,270.0,1.0,50,2.0,174.6963348388672
C1,2066,0.8544861044353393,19.2,18.1,54,2.4370369911193848,192.0,1.0,30,3.0,135.35113525390625
C1,2067,0.7442270872517172,22.599999999999998,18.4,54,1.6296296119689941,124.0,1.0,50,2.0,116.01068115234375
C1,2068,-1.0313557790853705,33.6,23.099999999999998,9,13.199999809265137,300.0,1.0,30,3.0,99.73973846435547
C1,2069,0.2865007776251206,34.9,24.2,20,55.413333892822266,642.0,1.0,30,3.0,109.97718048095703
C1,2070,0.8090833333333334,32.099999999999994,21.4,20,24.399999618530273,468.0,1.0,30,3.0,128.65296936035156
C1,2071,0.8007086884518931,28.299999999999997,19.900000000000002,20,8.220000267028809,219.0,1.0,30,3.0,136.25845336914062
C1,2072,0.8118333333333333,31.8,21.0,20,24.440000534057617,468.0,1.0,30,3.0,133.08840942382812
C1,2073,0.850213991278207,20.2,18.1,20,1.840000033378601,93.0,1.0,30,3.0,114.51970672607422
C1,2074,0.8054894387899514,28.6,20.2,20,10.380000114440918,246.0,1.0,30,3.0,104.5784912109375
C1,2075,0.6289181627249629,32.099999999999994,21.3,16,15.5,303.0,1.0,30,3.0,91.28042602539062
C1,2076,0.7971861574577637,30.599999999999998,20.8,16,13.550000190734863,267.0,1.0,30,3.0,91.03492736816406
C1,2077,0.7776303224664395,31.9,20.7,16,11.100000381469727,231.0,1.0,30,3.0,90.22095489501953
C1,2078,0.5753707696253905,25.5,19.2,10,5.28000020980835,126.0,1.0,30,3.0,81.86590576171875
C1,2079,0.7710030515594155,32.800000000000004,22.1,10,11.600000381469727,186.0,1.0,30,3.0,73.25287628173828
C1,2080,0.7568333333333334,37.8,25.2,10,30.479999542236328,306.0,1.0,30,3.0,71.41839599609375
C1,2081,0.790916912813901,28.1,19.7,10,5.119999885559082,120.0,1.0,30,3.0,70.05103302001953
C1,2082,0.7962499999999999,33.5,23.8,10,24.280000686645508,270.0,1.0,30,3.0,72.96395111083984
C1,2083,0.7910642339177899,27.5,19.599999999999998,10,3.759999990463257,86.0,1.0,30,2.0,66.84503936767578
C1,2084,0.7788659533331528,33.8,24.2,10,17.719999313354492,190.0,1.0,30,2.0,70.50702667236328
C1,2085,0.8505675161087387,17.7,17.8,10,1.4800000190734863,54.0,1.0,30,2.0,64.30421447753906
C1,2086,0.7729164695727602,33.0,23.099999999999998,8,18.950000762939453,213.0,1.0,30,3.0,64.31586456298828
C1,2087,0.7645359345431383,31.9,20.5,8,7.349999904632568,129.0,1.0,30,3.0,57.38951873779297
C1,2088,0.830368191461169,17.9,17.2,6,0.46666666865348816,12.0,1.0,30,3.0,50.16704177856445
C1,2089,0.571368191461169,50.0,17.4,6,0.46666666865348816,6.0,1.0,30,2.0,36.76689147949219
C1,2090,0.770190261391007,28.2,19.400000000000002,5,2.1600000858306885,40.0,1.0,30,2.0,25.66013526916504
C1,2091,0.32175208373725533,44.2,29.9,12,64.9000015258789,414.0,1.0,30,2.0,46.062747955322266
C1,2092,0.8328210036550078,19.2,18.1,14,1.0571428537368774,42.0,1.0,30,2.0,60.704315185546875
C1,2093,0.7909213258448587,28.0,19.8,14,4.885714054107666,116.0,1.0,30,2.0,74.55592346191406
C1,2094,0.7469884848784871,32.4,21.5,14,3.971428632736206,74.0,1.0,30,1.0,65.13355255126953
C1,2095,0.5713285038881722,50.0,17.6,14,0.4571428596973419,5.0,1.0,30,1.0,57.346797943115234
C1,2096,0.8471611219869789,18.599999999999998,17.9,14,0.6571428775787354,24.0,1.0,30,1.0,48.14141082763672
C1,2097,0.24551416723883307,33.4,22.4,2,0.9428571462631226,30.0,1.0,30,1.0,36.75151443481445
C1,2098,0.6598661611682622,45.199999999999996,33.5,2,12.399999618530273,59.0,1.0,30,1.0,37.117576599121094
C1,2099,0.8477547725551174,17.8,17.3,2,0.800000011920929,12.0,1.0,30,1.0,35.737213134765625
C1,2100,0.8414120147012152,17.8,17.4,1,1.2000000476837158,11.0,1.0,30,1.0,32.37565994262695
C1,2101,0.8543353991895412,17.8,17.3,1,2.4000000953674316,17.0,1.0,30,1.0,24.758729934692383
C1,2102,0.23552499999999998,98.9,57.5,1,21.600000381469727,57.0,1.0,30,1.0,26.18857192993164
C1,2103,0.8623500559002011,18.0,17.7,1,4.400000095367432,33.0,1.0,30,3.0,27.046476364135742
C1,2104,-0.19824917272549308,132.70000000000002,63.0,8,56.400001525878906,243.0,1.0,30,3.0,36.09455108642578
C1,2105,0.7711344504146549,32.300000000000004,22.1,8,10.25,153.0,1.0,30,3.0,40.72339630126953
C1,2106,0.7531666666666668,38.199999999999996,25.7,8,31.299999237060547,276.0,1.0,30,3.0,54.30070495605469
C1,2107,0.8477547725551174,17.8,17.4,8,0.800000011920929,36.0,1.0,30,3.0,53.24708938598633
C1,2108,-0.15500779937867315,37.8,24.400000000000002,30,48.45517349243164,1080.0,1.0,30,3.0,93.8149185180664
C1,2109,0.6866666666666666,28.0,19.7,34,30.035293579101562,960.0,1.0,30,3.0,148.5556182861328
C1,2110,0.8487305285504089,19.2,18.0,34,1.0352941751480103,74.0,1.0,30,2.0,184.73336791992188
C1,2111,0.8322390451525676,23.3,18.9,34,4.435294151306152,160.0,1.0,30,2.0,169.106689453125
C1,2112,0.7980720870428331,28.1,19.900000000000002,34,7.0,222.0,1.0,30,2.0,131.864013671875
C1,2113,0.8497036811802657,19.900000000000002,18.2,34,1.2705882787704468,82.0,1.0,30,2.0,110.05174255371094
C1,2114,0.39136442037401337,27.3,19.400000000000002,24,3.3764705657958984,142.0,1.0,30,2.0,95.7643814086914
C1,2115,0.21249812863811895,19.8,18.3,8,1.9500000476837158,58.0,1.0,30,2.0,76.25862884521484
C1,2116,0.788,34.4,24.6,8,24.600000381469727,258.0,1.0,30,3.0,70.55517578125
C1,2117,0.8395470985856146,17.8,17.5,7,0.75,36.0,1.0,30,3.0,59.26643753051758
C1,2118,0.7816723989378016,33.300000000000004,23.5,7,16.97142791748047,192.0,1.0,30,3.0,57.15986251831055
C1,2119,0.8470422831418664,18.0,17.5,7,0.6285714507102966,18.0,1.0,30,3.0,45.229251861572266
C1,2120,0.7622068964480517,32.300000000000004,21.2,7,7.714285850524902,135.0,1.0,30,3.0,42.470882415771484
C1,2121,0.7562783515041495,32.800000000000004,22.5,5,12.0,165.0,1.0,30,3.0,39.61586380004883
C1,2122,0.6893548191174695,43.0,28.299999999999997,4,19.0,128.0,1.0,30,2.0,45.63618469238281
C1,2123,0.5640350818208957,34.4,24.9,4,14.800000190734863,118.0,1.0,90,2.0,51.11504364013672
C1,2124,0.6425,49.4,34.4,3,32.79999923706055,150.0,1.0,30,2.0,57.069026947021484
C1,2125,0.7509376952437748,34.8,25.0,3,11.066666603088379,82.0,1.0,30,2.0,57.57474899291992
C1,2126,0.7535386420175074,33.2,23.2,3,7.599999904632568,74.0,1.0,30,2.0,54.94485092163086
C1,2127,0.6345,49.4,33.2,5,39.0,231.0,1.0,30,3.0,53.633575439453125
C1,2128,0.7817762482871143,29.4,20.1,5,5.840000152587891,93.0,1.0,30,3.0,51.51347732543945
C1,2129,0.6964785429198972,28.400000000000002,19.099999999999998,5,3.0399999618530273,58.0,1.0,50,2.0,49.17475509643555
C1,2130,0.8470898228402338,19.099999999999998,17.6,5,0.6399999856948853,18.0,1.0,30,3.0,38.30485153198242
C1,2131,0.7796659546944209,33.6,24.400000000000002,5,17.280000686645508,171.0,1.0,30,3.0,35.249576568603516
C1,2132,0.6990833333333334,44.1,29.7,5,25.920000076293945,166.0,1.0,30,2.0,40.61641311645508
C1,2133,0.7246814487072925,38.9,26.200000000000003,5,14.800000190734863,120.0,1.0,30,2.0,51.03651428222656
C1,2134,0.7672181153238579,33.099999999999994,23.400000000000002,5,11.279999732971191,110.0,1.0,30,2.0,57.021907806396484
C1,2135,0.7340281485892477,38.0,25.5,5,15.199999809265137,128.0,1.0,30,2.0,58.079811096191406
C1,2136,0.7064936063615679,18.2,17.4,5,0.6399999856948853,16.0,1.0,70,1.0,52.8478889465332
C1,2137,0.8477547725551174,17.7,17.3,5,0.800000011920929,18.0,1.0,30,2.0,43.57539749145508
C1,2138,0.7040903649164193,39.9,28.0,3,16.53333282470703,100.0,1.0,30,2.0,36.145240783691406
C1,2139,-0.8433433849439693,97.9,44.699999999999996,24,122.13333129882812,858.0,1.0,30,2.0,86.7538070678711
C1,2140,0.27749999999999997,29.0,20.1,38,39.88965606689453,1110.0,1.0,30,2.0,189.9189453125
C1,2141,0.8479732544812298,18.1,17.8,38,0.8526315689086914,48.0,1.0,30,1.0,251.55137634277344
C1,2142,0.8489766270066158,19.3,18.0,38,1.0947368144989014,59.0,1.0,30,1.0,239.19749450683594
C1,2143,0.8476236231223835,17.8,17.7,38,0.7684210538864136,41.0,1.0,30,1.0,163.2518310546875
C1,2144,0.7802476886008606,28.5,19.900000000000002,38,3.3473684787750244,109.0,1.0,30,1.0,125.81776428222656
C1,2145,0.8489766270066158,18.599999999999998,18.1,38,1.0947368144989014,54.0,1.0,30,1.0,102.69065856933594
C1,2146,-0.681429792495324,43.9,28.1,4,14.699999809265137,84.0,1.0,30,1.0,94.5477294921875
C1,2147,0.5719234084714488,50.0,17.5,4,0.6000000238418579,9.0,1.0,30,1.0,76.3286361694336
C1,2148,0.6502341229347823,47.199999999999996,32.599999999999994,4,15.399999618530273,80.0,1.0,30,1.0,68.86384582519531
C1,2149,0.7362436211250288,33.8,24.6,4,4.5,48.0,1.0,30,1.0,59.58497619628906
C1,2150,0.5559234084714488,50.0,17.4,2,0.6000000238418579,8.0,1.0,30,1.0,53.88431930541992
C1,2151,0.8502377688575918,18.0,17.6,2,1.399999976158142,19.0,1.0,30,1.0,42.33059310913086
C1,2152,0.6805177143633456,18.1,17.8,2,1.0,12.0,1.0,90,3.0,29.531688690185547
C1,2153,0.5727547725551173,50.0,17.6,2,0.800000011920929,7.0,1.0,30,1.0,21.719013214111328
C1,2154,0.5664120147012152,50.0,17.5,1,1.2000000476837158,7.0,1.0,30,1.0,15.431407928466797
C1,2155,0.8494120147012152,17.8,17.4,1,1.2000000476837158,12.0,1.0,30,2.0,11.925511360168457
C1,2156,0.8575724027518892,18.0,17.7,1,3.200000047683716,28.0,1.0,30,2.0,10.7553071975708
C1,2157,0.3576,51.6,36.4,2,27.200000762939453,147.0,1.0,30,3.0,15.653183937072754
C1,2158,-0.16941605384241187,100.9,47.199999999999996,9,70.30000305175781,303.0,1.0,30,3.0,31.258577346801758
C1,2159,0.7568333333333334,37.8,24.9,9,27.733333587646484,276.0,1.0,30,3.0,51.021812438964844
C1,2160,0.78265977693353,32.300000000000004,21.8,9,13.911110877990723,195.0,1.0,30,3.0,65.0130844116211
C1,2161,0.60875,36.5,24.9,13,37.599998474121094,357.0,1.0,30,3.0,75.80785369873047
C1,2162,0.7914101191059377,32.099999999999994,21.7,13,16.461538314819336,255.0,1.0,30,3.0,81.35137939453125
C1,2163,0.7962499999999999,33.5,23.5,13,28.33846092224121,360.0,1.0,30,3.0,92.01082611083984
C1,2164,0.8035833333333333,32.7,22.599999999999998,13,20.953845977783203,288.0,1.0,30,3.0,95.33982849121094
C1,2165,0.7877765937341792,32.099999999999994,21.6,13,15.076923370361328,240.0,1.0,30,3.0,96.67056274414062
C1,2166,0.7055363632418585,33.5,23.5,13,16.430768966674805,212.0,1.0,50,2.0,95.60234069824219
C1,2167,0.7914835022679698,28.8,20.1,13,6.953845977783203,165.0,1.0,30,3.0,89.49473571777344
C1,2168,0.8419204037900371,18.0,17.9,12,1.3230769634246826,60.0,1.0,30,3.0,77.8301773071289
C1,2169,0.6741344455165812,28.1,19.900000000000002,9,5.955555438995361,123.0,1.0,30,3.0,62.164772033691406
C1,2170,0.830804498154994,17.8,17.4,7,0.5714285969734192,15.0,1.0,30,3.0,46.09886169433594
C1,2171,0.5749099832733783,32.599999999999994,22.1,7,10.857142448425293,153.0,1.0,90,3.0,40.5926513671875
C1,2172,0.64,48.800000000000004,32.800000000000004,5,37.099998474121094,186.0,1.0,30,2.0,44.22225570678711
C1,2173,0.6862500000000001,45.5,30.8,5,24.239999771118164,160.0,1.0,30,2.0,56.400020599365234
C1,2174,0.7551490239180179,31.9,20.8,5,4.880000114440918,72.0,1.0,30,2.0,61.70668029785156
C1,2175,0.8252667801103729,23.099999999999998,18.700000000000003,5,2.240000009536743,48.0,1.0,30,2.0,55.690673828125
C1,2176,0.655027713109607,22.9,18.5,5,2.4000000953674316,58.0,1.0,90,2.0,45.281070709228516
C1,2177,0.8247358760718234,23.3,18.599999999999998,5,2.559999942779541,58.0,1.0,30,2.0,38.10197448730469
C1,2178,0.36945,50.2,34.6,5,35.5,184.0,1.0,30,2.0,42.86118698120117
C1,2179,0.66975,47.300000000000004,31.2,5,30.799999237060547,188.0,1.0,30,2.0,54.38337707519531
C1,2180,0.8467569239884147,18.0,17.4,5,0.5600000023841858,10.0,1.0,30,2.0,58.09669494628906
C1,2181,0.32680240446644376,44.0,28.9,13,54.4571418762207,376.0,1.0,30,2.0,73.12467956542969
C1,2182,0.7741284015801124,33.9,23.7,13,16.153846740722656,202.0,1.0,30,2.0,83.0748062133789
C1,2183,0.6799166666666667,33.099999999999994,23.0,16,35.13846206665039,462.0,1.0,30,2.0,119.17822265625
C1,2184,0.7807365122878694,32.800000000000004,22.3,16,14.850000381469727,226.0,1.0,30,2.0,130.84027099609375
C1,2185,0.8470274256705971,17.8,17.3,16,0.625,48.0,1.0,30,3.0,126.50415802001953
C1,2186,0.7891856568476149,32.2,21.6,16,15.949999809265137,273.0,1.0,30,3.0,105.23583221435547
C1,2187,0.8470274256705971,17.7,17.1,16,0.625,18.0,1.0,30,3.0,78.20816040039062
C1,2188,0.7964280098660849,28.7,20.2,16,8.050000190734863,204.0,1.0,30,3.0,68.92489624023438
C1,2189,0.46552735902482245,33.300000000000004,22.8,8,18.649999618530273,231.0,1.0,30,3.0,61.48827362060547
C1,2190,0.7062841536329145,28.0,19.3,8,4.599999904632568,117.0,1.0,50,3.0,61.42629623413086
C1,2191,0.690411754900352,32.2,21.8,8,10.100000381469727,153.0,1.0,50,3.0,59.12244415283203
C1,2192,0.571098958418328,45.0,30.200000000000003,9,88.4800033569336,504.0,1.0,50,3.0,69.87346649169922
C1,2193,0.6104402046760178,34.3,24.299999999999997,13,63.85454559326172,714.0,1.0,50,3.0,102.85741424560547
C1,2194,-0.2259860051640931,36.8,23.900000000000002,34,98.38260650634766,2196.0,1.0,50,3.0,213.44778442382812
C1,2195,0.4102304408781317,27.099999999999998,19.5,42,8.447619438171387,318.0,1.0,50,3.0,271.53533935546875
C1,2196,0.7715170879884009,19.0,18.0,42,2.5333333015441895,168.0,1.0,50,3.0,282.1212158203125
C1,2197,0.7636592354244225,17.9,17.2,42,0.4571428596973419,18.0,1.0,50,3.0,191.67271423339844
C1,2198,0.7522498288269357,22.8,18.5,42,4.171428680419922,222.0,1.0,50,3.0,133.136962890625
C1,2199,0.8511007057152832,19.2,18.1,42,1.6095237731933594,120.0,1.0,30,3.0,95.8821792602539
C1,2200,-0.6244347046432808,33.7,23.0,7,16.0,210.0,1.0,30,3.0,82.06263732910156
C1,2201,0.29239802331504444,39.300000000000004,27.0,17,53.79999923706055,627.0,1.0,30,3.0,91.77091979980469
C1,2202,0.7959830539946782,32.099999999999994,21.5,17,38.400001525878906,657.0,1.0,50,3.0,121.4625473022461
C1,2203,0.7332421724629128,32.300000000000004,21.7,17,20.3764705657959,339.0,1.0,50,3.0,145.0108642578125
C1,2204,0.7959822491767485,32.2,21.7,17,38.82352828979492,666.0,1.0,50,3.0,160.87318420410156
C1,2205,0.7445385323994463,32.7,22.2,17,24.04705810546875,396.0,1.0,50,3.0,158.7905731201172
C1,2206,0.7671464323608551,17.9,17.7,17,1.388235330581665,87.0,1.0,50,3.0,146.3410186767578
C1,2207,0.7284659334932301,18.8,18.2,14,0.9714285731315613,40.0,1.0,30,2.0,111.93794250488281
C1,2208,0.6477422104530495,28.1,19.8,14,7.342857360839844,171.0,1.0,70,3.0,81.29609680175781
C1,2209,0.769805808250575,33.0,23.0,13,14.45714282989502,206.0,1.0,30,2.0,72.77765655517578
C1,2210,0.6100366326952352,34.8,24.8,9,17.866666793823242,180.0,1.0,30,2.0,76.99993133544922
C1,2211,0.5648187998965967,39.9,28.2,7,20.342857360839844,152.0,1.0,70,1.0,92.19995880126953
C1,2212,0.5858333333333333,39.0,26.5,11,35.70909118652344,366.0,1.0,30,3.0,103.85330963134766
C1,2213,0.7793333333333333,33.6,23.7,13,31.015384674072266,396.0,1.0,30,3.0,116.44532012939453
C1,2214,0.7770365385873335,31.7,20.7,13,10.369231224060059,204.0,1.0,30,3.0,112.80052185058594
C1,2215,0.8468593842574794,17.6,17.3,13,0.5846154093742371,21.0,1.0,30,3.0,95.28031158447266
C1,2216,0.849793375883717,18.0,17.9,13,1.292307734489441,60.0,1.0,30,3.0,69.83485412597656
C1,2217,0.7962499999999999,33.5,23.5,13,25.96923065185547,330.0,1.0,30,3.0,60.167579650878906
C1,2218,0.7714121534544542,32.2,21.2,13,10.061538696289062,201.0,1.0,30,3.0,62.36721420288086
C1,2219,0.7756666666666666,34.0,24.2,11,29.672727584838867,318.0,1.0,30,3.0,75.1536636352539
C1,2220,0.7738333333333334,34.2,24.299999999999997,13,33.05454635620117,381.0,1.0,30,3.0,85.09219360351562
C1,2221,0.799,33.2,23.0,13,33.78461456298828,429.0,1.0,30,3.0,101.18865203857422
C1,2222,0.780009430534281,28.2,19.8,15,6.693333148956299,168.0,1.0,30,3.0,104.17985534667969
C1,2223,0.7915447723264537,32.4,22.1,15,17.65333366394043,288.0,1.0,30,3.0,101.84124755859375
C1,2224,0.7889741389100801,32.800000000000004,22.1,15,18.133333206176758,297.0,1.0,30,3.0,94.57141876220703
C1,2225,0.7827454345351667,32.2,21.4,15,13.626667022705078,243.0,1.0,30,3.0,93.5428466796875
C1,2226,0.5968060363496488,32.7,22.599999999999998,15,23.760000228881836,342.0,1.0,90,3.0,95.3257064819336
C1,2227,0.24861210325703673,50.0,17.2,9,0.4444444477558136,6.0,1.0,50,1.0,83.99542236328125
C1,2228,0.48861210325703675,50.0,17.5,9,0.4444444477558136,5.0,1.0,50,1.0,67.06391906738281
C1,2229,0.6613148266095927,33.5,23.099999999999998,9,5.955555438995361,70.0,1.0,50,1.0,51.038352966308594
C1,2230,0.6360252862920073,40.2,27.5,7,18.285715103149414,132.0,1.0,50,1.0,58.2230110168457
C1,2231,0.6263765728704482,39.800000000000004,27.2,7,11.428571701049805,91.0,1.0,50,1.0,74.00047302246094
C1,2232,0.441475033006393,44.900000000000006,31.4,3,16.53333282470703,78.0,1.0,50,1.0,84.53361511230469
C1,2233,0.21053375489751458,84.7,42.0,3,22.799999237060547,90.0,1.0,50,1.0,85.25350189208984
C1,2234,0.14078144606404433,52.6,34.9,8,45.20000076293945,276.0,1.0,30,3.0,85.81877136230469
C1,2235,0.7227052391311355,38.9,26.3,8,14.100000381469727,119.0,1.0,30,1.0,91.62459564208984
C1,2236,0.7201861574577636,39.0,26.700000000000003,8,13.550000190734863,119.0,1.0,30,1.0,98.9747543334961
C1,2237,0.7142114598698782,39.1,27.2,8,11.899999618530273,101.0,1.0,30,1.0,104.58485412597656
C1,2238,0.8181271122914775,23.3,18.4,8,0.949999988079071,24.0,1.0,30,1.0,95.28424835205078
C1,2239,0.7702531135806095,28.5,19.0,8,0.8999999761581421,24.0,1.0,30,1.0,77.03721618652344
C1,2240,0.4114237475143212,50.0,17.4,4,0.47999998927116394,7.0,1.0,30,1.0,53.555660247802734
C1,2241,0.7316964330814918,33.6,22.700000000000003,4,2.9000000953674316,35.0,1.0,30,1.0,40.93339538574219
C1,2242,0.7760786813678818,28.0,19.3,4,1.2000000476837158,23.0,1.0,30,1.0,33.22670364379883
C1,2243,0.5823555817666096,39.1,29.0,1,8.399999618530273,31.0,1.0,30,1.0,31.802690505981445
C1,2244,0.8510615300280377,17.7,17.4,1,1.600000023841858,12.0,1.0,30,1.0,27.881614685058594
C1,2245,0.8559587577917702,18.0,17.6,1,2.799999952316284,24.0,1.0,30,3.0,23.528968811035156
C1,2246,0.8654774278277694,17.9,17.5,1,5.199999809265137,45.0,1.0,30,3.0,18.784048080444336
C1,2247,0.7759450181708162,32.4,25.8,1,12.0,63.0,1.0,30,3.0,17.137094497680664
C1,2248,0.8623500559002011,17.9,17.5,1,4.400000095367432,36.0,1.0,30,3.0,16.6822566986084
C1,2249,0.8670222991527153,18.0,17.7,1,5.599999904632568,45.0,1.0,30,3.0,16.40935516357422
C1,2250,0.7000000000000001,44.0,34.3,1,25.200000762939453,93.0,1.0,30,3.0,17.57894515991211
C1,2251,0.7895872969734047,32.599999999999994,26.200000000000003,1,17.600000381469727,87.0,1.0,30,3.0,20.547367095947266
C1,2252,0.8654774278277694,17.8,17.5,1,5.199999809265137,45.0,1.0,30,3.0,22.328420639038086
C1,2253,0.8685539631541367,17.8,17.5,1,6.0,51.0,1.0,30,3.0,21.530385971069336
C1,2254,0.7737530515594156,32.5,25.8,1,11.600000381469727,63.0,1.0,30,3.0,19.98489761352539
C1,2255,0.8685539631541367,17.8,17.5,1,6.0,51.0,1.0,30,3.0,19.32427215576172
C1,2256,0.70275,43.7,33.300000000000004,1,28.399999618530273,111.0,1.0,30,3.0,21.594562530517578
C1,2257,0.1560083859724281,96.19999999999999,50.7,2,60.79999923706055,159.0,1.0,30,3.0,27.223403930664062
C1,2258,0.7381904230725083,32.9,22.2,3,4.933333396911621,69.0,1.0,30,3.0,31.40070915222168
C1,2259,-0.111313605289839,74.39999999999999,37.699999999999996,10,73.86666870117188,348.0,1.0,30,3.0,44.440425872802734
C1,2260,0.7525,37.400000000000006,25.2,11,34.040000915527344,339.0,1.0,30,3.0,60.26425552368164
C1,2261,0.7898333333333334,34.2,24.5,11,29.92727279663086,327.0,1.0,30,3.0,81.2252197265625
C1,2262,0.7764003253824636,32.300000000000004,21.5,11,11.854545593261719,204.0,1.0,30,3.0,87.40180206298828
C1,2263,0.7683393785067604,32.7,21.8,11,10.5090913772583,183.0,1.0,30,3.0,84.1744155883789
C1,2264,0.7765833333333334,33.9,23.900000000000002,13,36.79999923706055,402.0,1.0,30,3.0,85.5713119506836
C1,2265,0.7953333333333333,33.6,23.5,13,26.676923751831055,339.0,1.0,30,3.0,92.40945434570312
C1,2266,0.8473712870149946,17.9,17.4,13,0.7076923251152039,36.0,1.0,30,3.0,89.97900390625
C1,2267,0.7780204148721168,32.300000000000004,21.5,13,12.369231224060059,219.0,1.0,30,3.0,80.38740539550781
C1,2268,0.7980833333333334,33.300000000000004,23.400000000000002,13,29.507692337036133,369.0,1.0,30,3.0,75.96577453613281
C1,2269,0.7980833333333334,33.300000000000004,23.5,13,27.876922607421875,348.0,1.0,30,3.0,87.1794662475586
C1,2270,0.8510615300280377,18.0,18.0,13,1.600000023841858,81.0,1.0,30,3.0,87.77434539794922
C1,2271,0.7924897456469967,28.400000000000002,20.2,13,6.246153831481934,159.0,1.0,30,3.0,78.79794311523438
C1,2272,0.799,33.2,23.400000000000002,13,25.44615364074707,327.0,1.0,30,3.0,72.47876739501953
C1,2273,0.7372379548117043,23.8,19.2,13,2.6769230365753174,55.0,1.0,50,1.0,72.42059326171875
C1,2274,0.6725807006543618,33.2,23.3,13,8.030769348144531,109.0,1.0,50,1.0,79.85235595703125
C1,2275,0.7723043852048339,32.300000000000004,22.0,11,15.96363639831543,231.0,1.0,30,3.0,80.04474639892578
C1,2276,0.7884130105048637,32.4,22.1,11,16.363636016845703,237.0,1.0,30,3.0,83.36018371582031
C1,2277,0.6395051952211602,28.2,20.1,7,7.636363506317139,159.0,1.0,30,3.0,77.88277435302734
C1,2278,0.7606723115265948,32.2,21.2,6,9.266666412353516,132.0,1.0,30,3.0,70.19633483886719
C1,2279,0.7919615739037633,28.299999999999997,20.400000000000002,6,5.866666793823242,108.0,1.0,30,3.0,59.851131439208984
C1,2280,0.7137479640034924,39.6,27.2,8,40.400001525878906,285.0,1.0,30,3.0,59.24401092529297
C1,2281,0.8312561670987857,17.8,17.4,10,0.6800000071525574,33.0,1.0,30,3.0,54.479740142822266
C1,2282,0.7686420115798458,31.9,21.1,10,8.479999542236328,150.0,1.0,30,3.0,53.48784637451172
C1,2283,0.7637441026154991,17.8,17.3,10,0.47999998927116394,15.0,1.0,50,3.0,40.89270782470703
C1,2284,0.7680892749702015,32.099999999999994,21.1,10,8.84000015258789,168.0,1.0,30,3.0,39.33562469482422
C1,2285,0.7725799919607618,31.9,20.5,10,9.600000381469727,171.0,1.0,30,3.0,39.33470916748047
C1,2286,0.5705125806332836,17.9,17.4,3,1.4666666984558105,39.0,1.0,30,3.0,40.40082550048828
C1,2287,0.7923676785587492,28.2,19.900000000000002,3,5.733333110809326,84.0,1.0,30,3.0,37.30716323852539
C1,2288,0.68375,44.900000000000006,31.0,4,35.06666564941406,195.0,1.0,30,3.0,36.51763153076172
C1,2289,0.7595882873161944,32.5,22.3,4,7.5,99.0,1.0,30,3.0,38.71057891845703
C1,2290,0.4402087548975145,47.9,31.7,8,57.20000076293945,285.0,1.0,30,3.0,48.959678649902344
C1,2291,0.7737996650175811,32.300000000000004,21.5,8,11.050000190734863,168.0,1.0,30,3.0,53.909141540527344
C1,2292,0.8473393125660467,17.8,17.3,8,0.699999988079071,30.0,1.0,30,3.0,53.81215286254883
C1,2293,0.7892135962316043,28.0,19.8,8,4.449999809265137,99.0,1.0,30,3.0,45.48728942871094
C1,2294,0.7723884660199264,32.2,21.9,8,10.350000381469727,162.0,1.0,30,3.0,40.2257080078125
C1,2295,0.63225,38.3,25.8,11,35.272727966308594,348.0,1.0,30,3.0,51.202091217041016
C1,2296,0.7944166666666667,33.7,23.599999999999998,11,22.363636016845703,270.0,1.0,30,3.0,65.38792419433594
C1,2297,0.850462631523572,19.0,18.0,11,1.454545497894287,63.0,1.0,30,3.0,69.49942016601562
C1,2298,0.8476037480262871,17.8,17.3,11,0.7636363506317139,42.0,1.0,30,3.0,58.36631774902344
C1,2299,0.7766318877192325,32.4,21.4,11,12.218181610107422,198.0,1.0,30,3.0,48.48645782470703
C1,2300,0.7833481153739591,32.5,22.2,11,14.800000190734863,231.0,1.0,30,3.0,50.02520751953125
C1,2301,0.783,33.2,23.5,9,23.422222137451172,261.0,1.0,30,3.0,60.681793212890625
C1,2302,0.773893118850351,28.1,19.5,7,4.857142925262451,108.0,1.0,30,3.0,63.075740814208984
C1,2303,0.776813977331058,32.5,22.3,7,12.571428298950195,162.0,1.0,30,3.0,61.4454460144043
C1,2304,0.7100833333333334,42.9,28.1,7,27.828571319580078,206.0,1.0,30,2.0,62.60060119628906
C1,2305,0.7620335570795939,32.5,22.599999999999998,7,8.171428680419922,104.0,1.0,30,2.0,65.4270248413086
C1,2306,0.7662343174382609,33.4,23.099999999999998,7,11.828571319580078,130.0,1.0,30,2.0,68.58954620361328
C1,2307,0.8300607663030186,22.8,18.4,7,2.7428572177886963,78.0,1.0,30,3.0,60.22039794921875
C1,2308,0.7396666666666667,38.800000000000004,26.599999999999998,8,33.70000076293945,285.0,1.0,30,3.0,60.9322395324707
C1,2309,0.7618227237987538,32.4,21.4,9,10.133333206176758,171.0,1.0,30,3.0,60.29267501831055
C1,2310,0.7595833333333334,37.5,24.9,9,28.9777774810791,291.0,1.0,30,3.0,69.37560272216797
C1,2311,0.7470000000000001,38.0,25.4,10,33.720001220703125,315.0,1.0,30,3.0,76.15869903564453
C1,2312,0.7531666666666668,38.199999999999996,25.3,10,30.600000381469727,303.0,1.0,30,3.0,86.09521484375
C1,2313,0.8464237475143213,17.7,17.3,10,0.47999998927116394,15.0,1.0,30,3.0,79.79046630859375
C1,2314,0.8513904620560636,17.7,17.7,10,1.6799999475479126,60.0,1.0,30,3.0,64.67427825927734
C1,2315,0.8479208302101465,17.7,17.2,10,0.8399999737739563,51.0,1.0,30,3.0,44.40456771850586
C1,2316,0.6175362268326428,32.5,22.4,10,11.0,154.0,1.0,70,2.0,41.84273910522461
C1,2317,0.7864616161940099,32.5,22.4,10,15.960000038146973,222.0,1.0,30,3.0,47.505645751953125
C1,2318,0.58125,39.5,27.2,6,38.53333282470703,273.0,1.0,30,3.0,60.77005386352539
C1,2319,0.7567186988887749,32.4,22.0,8,11.0,168.0,1.0,30,3.0,65.92869567871094
C1,2320,0.63225,38.3,25.9,11,37.022220611572266,315.0,1.0,30,3.0,73.15721893310547
C1,2321,0.7775,33.8,24.1,13,32.79999923706055,375.0,1.0,30,3.0,82.02766418457031
C1,2322,0.7928133518861087,32.7,22.3,13,19.507692337036133,279.0,1.0,30,3.0,92.28326416015625
C1,2323,0.8467313049357402,17.7,17.3,13,0.5538461804389954,18.0,1.0,30,3.0,85.23662567138672
C1,2324,0.7626074225640079,31.9,20.7,13,6.830769062042236,132.0,1.0,30,2.0,73.14197540283203
C1,2325,0.8516937968590622,17.7,17.7,13,1.7538461685180664,64.0,1.0,30,2.0,57.75185012817383
C1,2326,0.7701070136850188,32.099999999999994,21.2,13,9.415384292602539,154.0,1.0,30,2.0,57.98444366455078
C1,2327,0.6047092352224355,33.099999999999994,22.700000000000003,9,10.520000457763672,140.0,1.0,30,2.0,58.65733337402344
C1,2328,0.49266666666666664,44.8,29.8,4,32.20000076293945,178.0,1.0,30,2.0,66.66106414794922
C1,2329,0.7794557586510577,29.0,21.2,4,4.300000190734863,60.0,1.0,30,2.0,65.19664001464844
C1,2330,0.8285259605222559,23.3,18.9,4,3.5,50.0,1.0,30,2.0,58.31798553466797
C1,2331,0.6862500000000001,45.5,32.5,4,29.200000762939453,160.0,1.0,30,2.0,52.99079132080078
C1,2332,0.24917500000000004,50.3,34.5,7,36.11428451538086,226.0,1.0,30,2.0,60.861141204833984
C1,2333,0.7366666666666667,40.0,27.5,7,23.542856216430664,190.0,1.0,30,2.0,74.91668701171875
C1,2334,0.7020833333333334,42.9,28.0,8,32.4571418762207,244.0,1.0,30,2.0,88.95001220703125
C1,2335,0.7639839925486213,32.800000000000004,22.4,8,9.5,130.0,1.0,30,2.0,90.97000885009766
C1,2336,0.7365595128252516,38.9,26.200000000000003,8,19.799999237060547,182.0,1.0,30,2.0,91.64867401123047
C1,2337,0.7760696788762678,34.1,24.7,8,17.700000762939453,176.0,1.0,30,2.0,87.52253723144531
C1,2338,0.8475470985856146,17.7,17.4,8,0.75,27.0,1.0,30,3.0,77.58018493652344
C1,2339,0.7774663316842477,31.9,21.4,8,11.050000190734863,162.0,1.0,30,3.0,66.68144989013672
C1,2340,0.77475,34.1,24.299999999999997,6,20.33333396911621,207.0,1.0,30,3.0,57.60886764526367
C1,2341,0.73325,39.5,27.2,7,34.400001525878906,261.0,1.0,30,3.0,62.5653190612793
C1,2342,0.58675,38.9,26.599999999999998,11,38.581817626953125,360.0,1.0,30,3.0,74.33919525146484
C1,2343,0.7925833333333334,33.9,24.0,11,30.254545211791992,330.0,1.0,30,3.0,86.87018585205078
C1,2344,0.7935,33.8,23.900000000000002,11,31.81818199157715,354.0,1.0,30,3.0,98.52210998535156
C1,2345,0.7755863848927489,32.300000000000004,21.4,11,11.600000381469727,198.0,1.0,30,3.0,98.31326293945312
C1,2346,0.7967117960303488,28.299999999999997,19.900000000000002,11,7.127272605895996,150.0,1.0,30,3.0,90.18795776367188
C1,2347,0.8008333333333334,33.0,22.700000000000003,11,20.472726821899414,267.0,1.0,30,3.0,81.44610595703125
C1,2348,0.7743251830517734,32.099999999999994,20.9,11,10.654545783996582,186.0,1.0,30,3.0,75.66766357421875
C1,2349,0.848358268721131,17.9,17.4,11,0.9454545378684998,54.0,1.0,30,3.0,67.93392944335938
C1,2350,0.6561029763530982,32.4,21.8,8,12.050000190734863,177.0,1.0,30,3.0,59.29369354248047
C1,2351,0.7316666666666667,38.800000000000004,26.1,10,38.08000183105469,342.0,1.0,30,3.0,61.04288101196289
C1,2352,0.7839166666666667,33.099999999999994,23.099999999999998,12,22.566667556762695,291.0,1.0,30,3.0,72.625732421875
C1,2353,0.8511986252339127,17.8,17.6,12,1.6333333253860474,66.0,1.0,30,3.0,74.64210510253906
C1,2354,0.8510615300280377,17.6,17.5,12,1.600000023841858,63.0,1.0,30,3.0,63.45193099975586
C1,2355,0.8466458959267463,17.5,17.2,12,0.5333333611488342,24.0,1.0,30,2.0,45.40449142456055
C1,2356,0.8474778490641534,18.0,17.4,12,0.7333333492279053,39.0,1.0,30,3.0,33.37602615356445
C1,2357,0.7277547725551174,17.8,17.4,9,0.800000011920929,33.0,1.0,30,3.0,24.82561683654785
C1,2358,0.5285843284339894,17.7,17.4,1,1.0,30.0,1.0,30,3.0,19.42870330810547
C1,2359,0.8639198485148963,17.8,17.5,1,4.800000190734863,42.0,1.0,30,3.0,16.323888778686523
C1,2360,0.8700719235523432,17.6,17.4,1,6.400000095367432,51.0,1.0,30,3.0,15.26099967956543
C1,2361,-0.06399842813161732,119.7,55.9,5,61.599998474121094,237.0,1.0,30,3.0,23.823266983032227
C1,2362,0.7612145691735428,33.2,22.9,5,9.760000228881836,120.0,1.0,30,3.0,32.42729187011719
C1,2363,0.7879523855582434,27.7,19.0,5,3.440000057220459,81.0,1.0,30,3.0,38.92304229736328
C1,2364,0.8490811684291172,17.9,17.5,5,1.1200000047683716,33.0,1.0,30,3.0,33.75382614135742
C1,2365,0.8490811684291172,17.8,17.3,5,1.1200000047683716,42.0,1.0,30,3.0,27.18562889099121
C1,2366,0.7917358590048902,27.599999999999998,19.3,5,4.159999847412109,78.0,1.0,30,3.0,23.111377716064453
C1,2367,0.7354186933455571,17.8,17.4,2,2.6666667461395264,57.0,1.0,30,3.0,21.73349380493164
C1,2368,0.7657530515594156,32.5,24.299999999999997,1,11.600000381469727,69.0,1.0,30,3.0,22.106761932373047
C1,2369,0.8607685509003341,17.6,17.3,1,4.0,36.0,1.0,30,3.0,20.46405792236328
C1,2370,0.8715756855237148,17.6,17.3,1,6.800000190734863,54.0,1.0,30,3.0,19.34510040283203
C1,2371,0.7792504363535688,32.7,25.7,1,14.0,72.0,1.0,30,3.0,18.80706024169922
C1,2372,-0.06214097877989461,118.7,56.0,4,71.19999694824219,213.0,1.0,30,3.0,26.350902557373047
C1,2373,0.7674389150999431,32.0,20.7,4,8.399999618530273,114.0,1.0,30,3.0,33.54387664794922
C1,2374,0.8494120147012152,17.6,17.2,4,1.2000000476837158,33.0,1.0,30,3.0,36.12632369995117
C1,2375,0.7914983307370714,27.599999999999998,19.5,4,4.099999904632568,72.0,1.0,30,3.0,31.409128189086914
C1,2376,0.7440000000000001,39.199999999999996,27.599999999999998,4,25.5,183.0,1.0,30,3.0,31.645477294921875
C1,2377,0.7892785242986406,28.1,20.0,4,4.699999809265137,72.0,1.0,30,3.0,33.5206184387207
C1,2378,0.7992274019617649,26.8,18.9,4,4.199999809265137,66.0,1.0,30,3.0,34.3790397644043
C1,2379,0.76815373648257,32.0,21.4,4,8.600000381469727,108.0,1.0,30,3.0,31.56075668334961
C1,2380,0.7835420911251035,27.900000000000002,19.599999999999998,4,2.799999952316284,52.0,1.0,30,2.0,30.13645362854004
C1,2381,0.6548271476311857,32.800000000000004,23.400000000000002,4,2.700000047683716,35.0,1.0,50,1.0,31.01520538330078
C1,2382,0.8334120147012152,17.6,17.3,2,1.2000000476837158,32.0,1.0,30,2.0,28.875789642333984
C1,2383,0.8510615300280377,17.8,17.4,2,1.600000023841858,24.0,1.0,30,2.0,25.725473403930664
C1,2384,0.8502377688575918,17.7,17.3,2,1.399999976158142,22.0,1.0,30,2.0,20.635284423828125
C1,2385,0.8527685509003341,17.9,17.7,1,4.0,34.0,1.0,30,2.0,17.71450424194336
C1,2386,0.7719197182260823,32.7,26.599999999999998,1,11.600000381469727,60.0,1.0,30,3.0,17.028701782226562
C1,2387,0.8510615300280377,18.1,17.5,1,1.600000023841858,12.0,1.0,30,1.0,16.75055503845215
C1,2388,0.5744120147012152,50.0,17.6,1,1.2000000476837158,9.0,1.0,30,1.0,15.516999244689941
C1,2389,0.6844705697063963,18.1,17.6,1,5.599999904632568,48.0,1.0,90,3.0,14.24353313446045
C1,2390,0.8685539631541367,17.7,17.5,1,6.0,51.0,1.0,30,3.0,14.146120071411133
C1,2391,-0.139746094755434,119.4,59.6,4,93.0,219.0,1.0,30,3.0,22.62100601196289
C1,2392,0.7597397946576644,32.9,23.0,5,10.880000114440918,132.0,1.0,30,3.0,31.43927001953125
C1,2393,0.7570262482871143,32.099999999999994,21.2,5,5.840000152587891,108.0,1.0,30,3.0,39.2635612487793
C1,2394,0.7796875888124214,33.8,24.2,5,18.079999923706055,174.0,1.0,30,3.0,41.95813751220703
C1,2395,0.7100833333333334,42.9,27.799999999999997,5,31.040000915527344,228.0,1.0,30,3.0,47.841548919677734
C1,2396,0.7721958302760056,32.5,22.2,5,11.119999885559082,132.0,1.0,30,3.0,52.438262939453125
C1,2397,0.5653460912238061,44.4,30.3,8,40.599998474121094,285.0,1.0,30,3.0,60.12962341308594
C1,2398,0.8294827547230554,22.599999999999998,18.1,8,2.1500000953674316,60.0,1.0,30,3.0,57.277774810791016
C1,2399,0.8479623335123107,17.6,17.4,8,0.8500000238418579,45.0,1.0,30,3.0,51.69999694824219
C1,2400,0.58125,39.5,26.599999999999998,12,39.233333587646484,360.0,1.0,30,3.0,51.68666458129883
C1,2401,0.7878092010966105,33.2,23.3,12,19.299999237060547,228.0,1.0,30,2.0,64.21199798583984
C1,2402,0.6085083762767699,28.2,20.0,12,4.766666889190674,100.0,1.0,90,2.0,76.39386749267578
C1,2403,0.758983782300016,31.8,20.400000000000002,12,5.633333206176758,118.0,1.0,30,2.0,75.56965637207031
C1,2404,0.7980833333333334,33.300000000000004,23.0,12,22.0,288.0,1.0,30,3.0,72.67512512207031
C1,2405,0.7786495034993735,31.4,20.6,12,10.033333778381348,183.0,1.0,30,3.0,72.40507507324219
C1,2406,0.7339733836246337,17.6,17.6,9,2.3111112117767334,81.0,1.0,30,3.0,67.97637939453125
C1,2407,0.8481236909542431,17.6,17.3,9,0.8888888955116272,45.0,1.0,30,3.0,54.519161224365234
C1,2408,0.7796204921254339,32.300000000000004,21.9,9,12.88888931274414,189.0,1.0,30,3.0,46.71149444580078
C1,2409,0.7334999999999999,38.6,25.6,11,35.15999984741211,333.0,1.0,30,3.0,53.226898193359375
C1,2410,0.7917897177729091,32.800000000000004,22.599999999999998,11,19.454545974731445,267.0,1.0,30,3.0,67.0028076171875
C1,2411,0.5981858882549915,32.9,22.1,11,5.127272605895996,74.0,1.0,70,1.0,76.73501586914062
C1,2412,0.8336016070793657,22.1,18.1,11,2.0363636016845703,81.0,1.0,30,3.0,71.37434387207031
C1,2413,0.828423497172538,23.099999999999998,18.5,11,3.018181800842285,93.0,1.0,30,3.0,60.42460632324219
C1,2414,0.7915316328940719,27.3,19.099999999999998,11,3.418181896209717,105.0,1.0,30,3.0,48.654762268066406
C1,2415,0.5335202322523546,17.8,17.7,3,2.200000047683716,75.0,1.0,30,3.0,41.32619094848633
C1,2416,0.8479587577917702,17.8,17.4,2,2.799999952316284,42.0,1.0,30,3.0,34.66238021850586
C1,2417,0.852702823555001,17.7,17.4,2,2.0,30.0,1.0,30,3.0,27.33076286315918
C1,2418,0.8543353991895412,17.6,17.3,2,2.4000000953674316,48.0,1.0,30,3.0,21.73179054260254
C1,2419,0.856766825784299,17.7,17.4,2,3.0,57.0,1.0,30,3.0,19.039073944091797
C1,2420,0.8479587577917702,18.3,17.4,1,2.799999952316284,18.0,1.0,30,3.0,16.890111923217773
C1,2421,0.78583599246701,32.800000000000004,26.0,1,16.799999237060547,84.0,1.0,30,3.0,17.200733184814453
C1,2422,0.6981666666666667,44.2,34.0,1,25.600000381469727,93.0,1.0,30,3.0,18.987106323242188
C1,2423,0.7788223701562585,17.9,17.5,1,4.400000095367432,36.0,1.0,50,3.0,20.858930587768555
C1,2424,0.7868717197831727,17.6,17.4,1,6.400000095367432,51.0,1.0,50,3.0,20.515357971191406
C1,2425,0.7741013474818902,17.7,17.4,1,3.200000047683716,27.0,1.0,50,3.0,17.37588119506836
C1,2426,0.7771669395880747,32.800000000000004,26.599999999999998,1,13.600000381469727,69.0,1.0,30,3.0,16.9588623046875
C1,2427,0.8685539631541367,18.0,17.7,1,6.0,54.0,1.0,30,3.0,16.841983795166016
C1,2428,0.8543353991895412,17.7,17.4,1,2.4000000953674316,12.0,1.0,30,1.0,17.171857833862305
C1,2429,0.8543353991895412,18.0,17.5,1,2.4000000953674316,18.0,1.0,30,2.0,15.503114700317383
C1,2430,0.8623500559002011,17.8,17.4,1,4.400000095367432,36.0,1.0,30,2.0,14.50186824798584
C1,2431,0.7587810005661773,33.099999999999994,26.4,1,8.800000190734863,42.0,1.0,30,2.0,15.101120948791504
C1,2432,0.8700719235523432,17.9,17.6,1,6.400000095367432,51.0,1.0,30,3.0,16.527339935302734
C1,2433,0.8685539631541367,17.7,17.5,1,6.0,51.0,1.0,30,3.0,17.249736785888672
C1,2434,0.8623500559002011,17.9,17.5,1,4.400000095367432,39.0,1.0,30,3.0,16.61650848388672
C1,2435,0.8607685509003341,17.8,17.5,1,4.0,39.0,1.0,30,3.0,15.703238487243652
C1,2436,0.7018333333333334,43.8,33.7,1,23.200000762939453,90.0,1.0,30,3.0,16.888608932495117
C1,2437,0.8715756855237148,17.9,17.6,1,6.800000190734863,57.0,1.0,30,3.0,18.399831771850586
C1,2438,0.8670222991527153,17.9,17.6,1,5.599999904632568,45.0,1.0,30,3.0,19.573232650756836
C1,2439,0.7726161611682623,32.9,26.4,1,12.399999618530273,60.0,1.0,30,3.0,18.943939208984375
C1,2440,0.8700719235523432,18.0,17.6,1,6.400000095367432,54.0,1.0,30,3.0,18.43303108215332
C1,2441,0.259975,87.1,44.900000000000006,2,37.0,168.0,1.0,30,3.0,23.593151092529297
C1,2442,0.7508556324860486,31.8,20.400000000000002,3,5.599999904632568,75.0,1.0,30,3.0,27.35589027404785
C1,2443,0.8505125806332836,18.0,17.4,3,1.4666666984558105,36.0,1.0,30,3.0,28.813533782958984
C1,2444,0.8494120147012152,18.0,17.6,3,1.2000000476837158,27.0,1.0,30,3.0,23.42145347595215
C1,2445,0.79063729648747,28.5,19.8,3,6.0,84.0,1.0,30,3.0,20.586206436157227
C1,2446,0.7898174905553217,28.7,20.9,3,6.266666889190674,81.0,1.0,30,3.0,20.88505744934082
C1,2447,0.761516042474678,32.5,24.1,1,12.800000190734863,66.0,1.0,30,3.0,22.797700881958008
C1,2448,0.8700719235523432,18.0,17.5,1,6.400000095367432,54.0,1.0,30,3.0,22.611953735351562
C1,2449,0.8623500559002011,17.9,17.5,1,4.400000095367432,33.0,1.0,30,3.0,20.367172241210938
C1,2450,0.8575724027518892,18.0,17.3,1,3.200000047683716,24.0,1.0,30,3.0,17.153636932373047
C1,2451,0.056290697905822744,95.60000000000001,44.4,5,47.33333206176758,195.0,1.0,30,3.0,21.4921817779541
C1,2452,0.8507322686420454,17.9,17.4,5,1.5199999809265137,48.0,1.0,30,3.0,24.76197624206543
C1,2453,0.7926525256715569,27.5,19.099999999999998,5,4.159999847412109,87.0,1.0,30,3.0,29.52385139465332
C1,2454,0.7898285835271154,27.599999999999998,19.400000000000002,5,3.680000066757202,75.0,1.0,30,3.0,27.047645568847656
C1,2455,0.8266254244584369,23.2,18.5,5,2.799999952316284,60.0,1.0,30,3.0,26.095252990722656
C1,2456,0.7839171409722627,28.0,19.5,5,3.119999885559082,60.0,1.0,30,3.0,24.32381820678711
C1,2457,0.624731962023386,32.7,25.2,1,16.0,84.0,1.0,30,3.0,23.66095733642578
C1,2458,0.8700719235523432,18.0,17.7,1,6.400000095367432,54.0,1.0,30,3.0,22.99657440185547
C1,2459,0.8591758329899635,17.7,17.5,1,3.5999999046325684,30.0,1.0,30,2.0,21.931278228759766
C1,2460,0.8654774278277694,18.0,17.5,1,5.199999809265137,38.0,1.0,30,2.0,20.092100143432617
C1,2461,0.7633643338995105,32.599999999999994,26.9,1,8.800000190734863,48.0,1.0,30,2.0,19.788593292236328
C1,2462,0.7544553086841741,33.099999999999994,26.5,1,7.599999904632568,40.0,1.0,30,2.0,20.273155212402344
C1,2463,0.8607685509003341,17.8,17.5,1,4.0,34.0,1.0,30,2.0,20.29722785949707
C1,2464,0.8559587577917702,17.9,17.5,1,2.799999952316284,22.0,1.0,30,2.0,18.578336715698242
C1,2465,0.8543353991895412,17.8,17.4,1,2.4000000953674316,20.0,1.0,30,2.0,16.213668823242188
C1,2466,0.7706240379858561,32.7,26.1,1,11.199999809265137,58.0,1.0,30,2.0,16.394866943359375
C1,2467,0.8575724027518892,17.7,17.5,1,3.200000047683716,30.0,1.0,30,2.0,17.03692054748535
C1,2468,0.8654774278277694,17.9,17.6,1,5.199999809265137,38.0,1.0,30,2.0,18.62215232849121
C1,2469,0.7769314487072925,33.2,26.3,1,14.800000190734863,78.0,1.0,30,3.0,19.17329216003418
C1,2470,0.8700719235523432,17.8,17.5,1,6.400000095367432,54.0,1.0,30,3.0,19.903974533081055
C1,2471,0.6981666666666667,44.2,34.1,1,24.799999237060547,90.0,1.0,30,3.0,21.809051513671875
C1,2472,0.7741116848374828,32.599999999999994,25.9,1,12.0,60.0,1.0,30,3.0,22.152097702026367
C1,2473,0.8670222991527153,18.0,17.7,1,5.599999904632568,48.0,1.0,30,3.0,22.091259002685547
C1,2474,0.873064754199968,18.0,17.5,1,7.199999809265137,57.0,1.0,30,3.0,20.588088989257812
C1,2475,0.8623500559002011,17.8,17.5,1,4.400000095367432,39.0,1.0,30,3.0,18.752853393554688
C1,2476,0.7822276307266981,32.5,26.1,1,14.399999618530273,78.0,1.0,30,3.0,18.985044479370117
C1,2477,0.7706240379858561,32.7,26.200000000000003,1,11.199999809265137,63.0,1.0,30,3.0,19.391027450561523
C1,2478,0.7796442209146296,32.4,25.2,1,13.199999809265137,69.0,1.0,30,3.0,20.96794891357422
C1,2479,0.7792504363535688,32.7,26.0,1,14.0,78.0,1.0,30,3.0,21.91410255432129
C1,2480,0.8700719235523432,17.9,17.6,1,6.400000095367432,48.0,1.0,30,3.0,21.815128326416016
C1,2481,0.34009972066134475,53.199999999999996,39.199999999999996,2,41.599998474121094,135.0,1.0,30,3.0,24.689077377319336
C1,2482,0.8018643338995106,28.400000000000002,20.8,2,8.800000190734863,81.0,1.0,30,3.0,26.54677963256836
C1,2483,0.7659352581217926,32.7,22.5,2,9.800000190734863,87.0,1.0,30,3.0,29.39473533630371
C1,2484,0.8543353991895412,17.7,17.2,2,2.4000000953674316,33.0,1.0,30,3.0,26.570173263549805
C1,2485,0.8559587577917702,18.0,17.3,2,2.799999952316284,48.0,1.0,30,3.0,23.408771514892578
C1,2486,0.856766825784299,17.6,17.3,2,3.0,45.0,1.0,30,3.0,19.645261764526367
C1,2487,0.769516042474678,32.5,25.1,1,12.800000190734863,69.0,1.0,30,3.0,18.987157821655273
C1,2488,0.873064754199968,17.8,17.5,1,7.199999809265137,57.0,1.0,30,3.0,18.992294311523438
C1,2489,0.777516042474678,32.5,25.8,1,12.800000190734863,63.0,1.0,30,3.0,19.79537582397461
C1,2490,0.7792504363535688,32.7,26.4,1,14.0,66.0,1.0,30,3.0,20.143892288208008
C1,2491,0.5782756960158405,39.1,33.2,1,17.600000381469727,64.0,1.0,70,2.0,22.086336135864258
C1,2492,0.6096526259190418,32.800000000000004,26.200000000000003,1,9.199999809265137,46.0,1.0,70,2.0,23.518468856811523
C1,2493,0.7147064113895218,17.9,17.5,1,4.400000095367432,36.0,1.0,70,2.0,23.84441375732422
C1,2494,0.7137749141875284,17.6,17.4,1,4.0,32.0,1.0,70,2.0,21.906648635864258
C1,2495,0.6060072231193538,32.5,25.9,1,6.800000190734863,40.0,1.0,70,2.0,20.3439884185791
C1,2496,0.168675,120.3,64.5,2,60.0,142.0,1.0,70,2.0,26.473060607910156
C1,2497,0.6065397447228551,31.8,21.2,2,4.400000095367432,42.0,1.0,70,2.0,30.817169189453125
C1,2498,0.23996481037850548,78.3,44.2,2,45.79999923706055,150.0,1.0,70,2.0,40.7569694519043
C1,2499,0.6956666666666667,43.6,29.4,3,26.933332443237305,171.0,1.0,30,3.0,44.85417938232422
C1,2500,0.097275,61.9,35.0,1,30.0,100.0,1.0,50,1.0,100.0
