Cluster,Step,Reward,Latency_P90,Latency_Avg,Replicas,CPU_Pct,RAM_Pct,Requests,Total_CPU,Total_RAM,Success,HPA_Target,Throughput,Enhancement,Forecast
C1,1,0.6438049321986072,31.8,21.9,2,1.6,16.40625,26.0,8.0,42.0,1.0,50,1.0,0,0.0
C1,2,0.7533525682758075,17.4,17.1,2,1.0,16.40625,5.0,5.0,42.0,1.0,50,2.0,2,0.0
C1,3,0.4894065094559651,50.0,17.0,2,0.8,16.40625,3.0,4.0,42.0,1.0,50,3.0,2,0.0
C1,4,0.757337347487159,18.0,17.2,2,2.0,16.40625,11.0,10.0,42.0,1.0,50,3.0,1,0.0
C1,5,0.4894065094559651,50.0,17.2,2,0.8,16.40625,5.0,4.0,42.0,1.0,50,1.0,1,0.0
C1,6,0.7621224817308418,17.7,17.3,1,5.2,17.1875,15.0,13.0,22.0,1.0,50,3.0,1,0.0
C1,7,0.8500762134230411,17.9,17.4,1,3.2,17.1875,14.0,8.0,22.0,1.0,30,2.0,1,0.0
C1,8,0.5765839711106497,50.0,17.8,1,0.8,17.1875,2.0,2.0,22.0,1.0,30,2.0,1,0.0
C1,9,0.5765839711106497,50.0,17.4,1,0.8,17.1875,3.0,2.0,22.0,1.0,30,1.0,2,0.0
C1,10,0.843222663187408,18.0,17.3,1,1.6,17.1875,12.0,4.0,22.0,1.0,30,1.0,2,0.0
C1,11,0.8500762134230411,18.1,17.4,1,3.2,17.1875,13.0,8.0,22.0,1.0,30,2.0,1,0.0
C1,12,0.843222663187408,17.5,17.2,1,1.6,17.1875,5.0,4.0,22.0,1.0,30,3.0,1,0.0
C1,13,0.8500762134230411,18.0,17.3,1,3.2,17.1875,14.0,8.0,22.0,1.0,30,2.0,1,0.0
C1,14,0.5765839711106497,50.0,17.5,1,0.8,17.1875,3.0,2.0,22.0,1.0,30,2.0,0,0.0
C1,15,0.580064768450566,50.0,17.4,1,1.6,17.1875,8.0,4.0,22.0,1.0,30,1.0,2,0.0
C1,16,0.7523488640701417,33.0,26.1,1,7.2,17.1875,21.0,18.0,22.0,1.0,30,3.0,1,0.0
C1,17,0.843222663187408,17.7,17.3,1,1.6,17.1875,5.0,4.0,22.0,1.0,30,2.0,1,0.0
C1,18,0.8567577352788383,17.7,17.3,1,4.8,17.1875,14.0,12.0,22.0,1.0,30,3.0,0,0.0
C1,19,0.7325323537739183,33.4,27.099999999999998,1,3.2,17.1875,26.0,8.0,22.0,1.0,30,1.0,1,0.0
C1,20,0.843222663187408,17.8,17.4,1,1.6,17.1875,11.0,4.0,22.0,1.0,30,1.0,0,0.0
C1,21,0.7567348289824225,32.5,26.4,1,7.2,17.1875,24.0,18.0,22.0,1.0,30,3.0,0,0.0
C1,22,0.8600234727923319,17.9,17.5,1,5.6,17.1875,16.0,14.0,22.0,1.0,30,3.0,1,0.0
C1,23,0.8483776397808107,17.7,17.4,1,2.8,17.1875,7.0,7.0,22.0,1.0,30,3.0,0,0.0
C1,24,0.5765839711106497,50.0,17.2,1,0.8,17.1875,8.0,2.0,22.0,1.0,30,1.0,2,0.0
C1,25,0.7593664079297908,32.2,26.8,1,7.2,17.1875,23.0,18.0,22.0,1.0,30,3.0,2,0.0
C1,26,0.8583972924502834,17.7,17.3,1,5.2,17.96875,14.0,13.0,23.0,1.0,30,3.0,0,0.0
C1,27,0.8534405798950884,17.9,17.4,1,4.0,17.1875,11.0,10.0,22.0,1.0,30,3.0,1,0.0
C1,28,0.7458462770043544,33.2,26.1,1,6.0,17.1875,20.0,15.0,22.0,1.0,30,3.0,1,0.0
C1,29,0.3082625008505382,69.7,45.0,1,12.8,17.1875,49.0,32.0,22.0,1.0,30,3.0,2,0.0
C1,30,0.8551053220002116,17.9,17.4,1,4.4,17.1875,13.0,11.0,22.0,1.0,30,3.0,1,0.0
C1,31,0.1852369493768298,113.9,65.9,1,10.8,17.1875,64.0,27.0,22.0,1.0,30,2.0,1,0.0
C1,32,0.6742483655174238,43.1,33.099999999999994,1,10.0,17.1875,36.0,25.0,22.0,1.0,30,3.0,1,0.0
C1,33,0.3164067209397357,65.10000000000001,48.5,1,11.6,17.1875,50.0,29.0,22.0,1.0,30,3.0,0,0.0
C1,34,0.23631248245571138,90.6,45.6,1,8.0,17.1875,48.0,20.0,22.0,1.0,30,2.0,1,0.0
C1,35,0.18003783920163455,114.8,66.69999999999999,1,10.0,17.1875,65.0,25.0,22.0,1.0,30,2.0,2,0.0
C1,36,-0.032371728070604344,192.70000000000002,107.39999999999999,1,8.0,17.1875,131.0,20.0,22.0,1.0,30,1.0,1,0.0
C1,37,-0.013748510421112609,186.20000000000002,105.39999999999999,1,8.4,17.1875,133.0,21.0,22.0,1.0,30,1.0,2,0.0
C1,38,0.21431649799269603,108.60000000000001,60.5,1,15.6,17.1875,68.0,39.0,22.0,1.0,30,3.0,0,0.0
C1,39,0.1832632167370537,105.30000000000001,59.5,1,4.4,17.1875,55.0,11.0,22.0,1.0,30,1.0,2,0.0
C1,40,0.7598212543855358,32.5,25.3,1,8.0,17.1875,27.0,20.0,22.0,1.0,30,3.0,0,0.0
C1,41,0.21439561367364574,92.2,48.4,1,3.6,17.1875,53.0,9.0,22.0,1.0,30,1.0,1,0.0
C1,42,0.6996909593573912,18.0,17.3,1,4.4,17.1875,13.0,11.0,22.0,1.0,70,3.0,1,0.0
C1,43,0.597320152100876,32.5,25.7,1,7.2,17.1875,26.0,18.0,22.0,1.0,70,3.0,1,0.0
C1,44,0.6977445678438781,17.5,17.3,1,3.6,17.1875,16.0,9.0,22.0,1.0,70,2.0,0,0.0
C1,45,0.5897161925442959,32.099999999999994,25.2,1,2.8,17.1875,21.0,7.0,22.0,1.0,70,1.0,1,0.0
C1,46,0.45695899625572656,43.7,34.3,1,2.4,17.1875,32.0,6.0,22.0,1.0,90,1.0,1,0.0
C1,47,0.5539012147629151,32.9,26.1,1,4.8,17.1875,24.0,12.0,22.0,1.0,90,2.0,1,0.0
C1,48,0.6659183675801024,17.6,17.2,1,3.6,17.1875,15.0,9.0,22.0,1.0,90,2.0,1,0.0
C1,49,0.5559060964394023,32.5,26.700000000000003,1,3.2,17.1875,29.0,8.0,22.0,1.0,90,1.0,1,0.0
C1,50,0.5582871796751958,32.4,25.3,1,4.8,17.1875,22.0,12.0,22.0,1.0,90,2.0,1,0.0
C1,51,0.12975768264613702,54.800000000000004,42.5,1,6.4,17.1875,42.0,16.0,22.0,1.0,90,2.0,0,0.0
C1,52,0.037985798702686785,91.1,49.7,1,9.6,17.1875,54.0,24.0,22.0,1.0,90,2.0,1,0.0
C1,53,-0.12023693243418068,161.20000000000002,94.7,1,24.0,17.1875,99.0,60.0,22.0,1.0,90,3.0,0,0.0
C1,54,-0.19870938180965952,188.9,105.2,1,21.6,17.1875,101.0,54.0,22.0,1.0,90,3.0,0,0.0
C1,55,0.03281819127856414,92.5,52.400000000000006,1,8.4,17.1875,58.0,21.0,22.0,1.0,90,2.0,2,0.0
C1,56,-0.19009137875030907,183.7,104.5,1,19.2,17.96875,124.0,48.0,23.0,1.0,90,2.0,1,0.0
C1,57,0.017953040789174576,101.1,60.900000000000006,1,14.0,17.1875,58.0,35.0,22.0,1.0,90,3.0,2,0.0
C1,58,0.5565327937102835,32.599999999999994,25.9,1,4.8,17.1875,23.0,12.0,22.0,1.0,90,2.0,2,0.0
C1,59,0.6674569236982506,17.6,17.2,1,5.2,17.1875,14.0,13.0,22.0,1.0,90,3.0,1,0.0
C1,60,0.6648537330978317,17.5,17.3,1,2.4,17.1875,15.0,6.0,22.0,1.0,90,1.0,0,0.0
C1,61,0.09986573600115506,65.10000000000001,43.2,1,3.6,17.1875,45.0,9.0,22.0,1.0,90,1.0,0,0.0
C1,62,0.5537968784239944,32.7,24.9,1,2.8,17.1875,27.0,7.0,22.0,1.0,90,1.0,0,0.0
C1,63,0.5029582711873797,39.1,33.2,1,8.0,17.1875,30.0,20.0,22.0,1.0,90,3.0,1,0.0
C1,64,0.5599350050321037,32.5,25.4,1,7.2,17.1875,25.0,18.0,22.0,1.0,90,3.0,1,0.0
C1,65,0.6641844064673916,17.6,17.3,1,1.6,17.1875,13.0,4.0,22.0,1.0,90,1.0,0,0.0
C1,66,0.5582871796751958,32.4,26.0,1,4.8,17.1875,23.0,12.0,22.0,1.0,90,2.0,2,0.0
C1,67,-0.15724656316465707,163.70000000000002,96.4,1,6.0,17.1875,95.0,15.0,22.0,1.0,90,1.0,2,0.0
C1,68,-0.11118770596585661,149.7,86.8,1,13.2,17.1875,95.0,33.0,22.0,1.0,90,2.0,2,0.0
C1,69,-0.021487885507839505,113.69999999999999,63.2,1,9.6,17.1875,63.0,24.0,22.0,1.0,90,2.0,2,0.0
C1,70,-0.2229926498230021,195.89999999999998,106.7,1,18.8,17.1875,111.0,47.0,22.0,1.0,90,2.0,1,0.0
C1,71,-0.23149889131378354,193.89999999999998,106.39999999999999,1,10.4,17.1875,124.0,26.0,22.0,1.0,90,1.0,2,0.0
C1,72,-0.14791990812544897,169.6,97.3,1,21.6,17.1875,95.0,54.0,22.0,1.0,90,3.0,0,0.0
C1,73,0.4564284573713629,43.8,33.5,1,2.8,17.1875,32.0,7.0,22.0,1.0,90,1.0,1,0.0
C1,74,-0.06799264982300221,137.0,80.9,1,18.8,17.1875,83.0,47.0,22.0,1.0,90,3.0,2,0.0
C1,75,-0.2133085382977657,186.4,106.39999999999999,1,9.2,17.1875,108.0,23.0,22.0,1.0,90,1.0,0,0.0
C1,76,0.10851227775634448,62.1,43.4,1,4.4,17.1875,46.0,11.0,22.0,1.0,90,1.0,2,0.0
C1,77,-0.07951805312976074,137.9,81.8,1,13.6,17.1875,82.0,34.0,22.0,1.0,90,2.0,1,0.0
C1,78,-0.0124391519493251,109.0,71.9,1,6.8,17.1875,70.0,17.0,22.0,1.0,90,1.0,1,0.0
C1,79,-0.06980803777506289,138.3,84.3,1,19.6,17.1875,84.0,49.0,22.0,1.0,90,3.0,0,0.0
C1,80,-0.05075254545168875,127.7,71.8,1,14.8,17.1875,71.0,37.0,22.0,1.0,90,3.0,0,0.0
C1,81,0.10847026723283473,66.0,47.9,1,12.8,17.1875,50.0,32.0,22.0,1.0,90,3.0,0,0.0
C1,82,0.5545352836603741,32.5,26.1,1,1.6,17.1875,20.0,4.0,22.0,1.0,90,1.0,1,0.0
C1,83,0.6638614604365336,17.6,17.3,1,1.2,17.1875,5.0,3.0,22.0,1.0,90,2.0,1,0.0
C1,84,0.6648537330978317,17.6,17.3,1,2.4,17.1875,12.0,6.0,22.0,1.0,90,2.0,2,0.0
C1,85,0.6674569236982506,17.8,17.4,1,5.2,17.1875,16.0,13.0,22.0,1.0,90,3.0,0,0.0
C1,86,0.6687050510671897,17.8,17.4,1,6.4,17.1875,18.0,16.0,22.0,1.0,90,3.0,2,0.0
C1,87,0.6641844064673916,17.5,17.2,1,1.6,17.1875,10.0,4.0,22.0,1.0,90,1.0,1,0.0
C1,88,0.666289972053633,17.5,17.3,1,4.0,17.1875,15.0,10.0,22.0,1.0,90,2.0,2,0.0
C1,89,0.6670591094997571,17.8,17.5,1,4.8,17.1875,14.0,12.0,22.0,1.0,90,3.0,2,0.0
C1,90,0.6648537330978317,17.5,17.3,1,2.4,17.1875,12.0,6.0,22.0,1.0,90,2.0,1,0.0
C1,91,0.5626073939943972,32.300000000000004,25.3,1,8.0,17.1875,27.0,20.0,22.0,1.0,90,3.0,1,0.0
C1,92,0.6652003871959242,17.7,17.4,1,2.8,17.1875,11.0,7.0,22.0,1.0,90,2.0,2,0.0
C1,93,0.6638614604365336,17.5,17.2,1,1.2,17.1875,11.0,3.0,22.0,1.0,90,1.0,2,0.0
C1,94,0.757337347487159,17.5,17.2,1,2.0,17.1875,18.0,5.0,22.0,1.0,50,1.0,2,0.0
C1,95,0.757337347487159,17.5,17.2,1,2.0,17.1875,16.0,5.0,22.0,1.0,50,1.0,2,0.0
C1,96,0.6559635140539928,32.300000000000004,25.4,1,3.6,17.1875,20.0,9.0,22.0,1.0,50,2.0,0,0.0
C1,97,0.768857770442213,17.7,17.3,1,4.8,17.1875,14.0,12.0,22.0,1.0,50,3.0,1,0.0
C1,98,0.7557347567600108,17.7,17.3,1,1.6,17.1875,14.0,4.0,22.0,1.0,50,1.0,0,0.0
C1,99,0.4909858056206518,50.0,17.4,1,1.2,17.1875,4.0,3.0,22.0,1.0,50,2.0,2,0.0
C1,100,0.4894065094559651,50.0,17.6,1,0.8,17.1875,4.0,2.0,22.0,1.0,50,2.0,1,0.0
C1,101,0.770543534362421,17.6,17.2,1,5.2,17.1875,16.0,13.0,22.0,1.0,50,3.0,1,0.0
C1,102,0.7541437003574938,17.7,17.4,1,1.2,17.1875,5.0,3.0,22.0,1.0,50,2.0,2,0.0
C1,103,0.7541437003574938,17.6,17.3,1,1.2,17.1875,4.0,3.0,22.0,1.0,50,3.0,0,0.0
C1,104,0.4894065094559651,50.0,17.2,1,0.8,17.1875,2.0,2.0,22.0,1.0,50,1.0,0,0.0
C1,105,0.7557347567600108,17.3,17.1,1,1.6,17.1875,4.0,4.0,22.0,1.0,50,3.0,0,0.0
C1,106,0.7671814422697458,17.7,17.3,1,4.4,17.1875,18.0,11.0,22.0,1.0,50,2.0,0,0.0
C1,107,0.7605761873560926,17.7,17.5,1,2.8,17.1875,12.0,7.0,22.0,1.0,50,2.0,2,0.0
C1,108,0.4894065094559651,50.0,17.5,1,0.8,17.1875,2.0,2.0,22.0,1.0,50,2.0,1,0.0
C1,109,0.4909858056206518,50.0,17.2,1,1.2,17.96875,7.0,3.0,23.0,1.0,50,1.0,2,0.0
C1,110,0.4878391920465357,50.0,17.4,1,0.4,17.1875,1.0,1.0,22.0,1.0,50,2.0,0,0.0
C1,111,0.7655148417576507,18.1,17.5,1,4.0,17.1875,14.0,10.0,22.0,1.0,50,2.0,2,0.0
C1,112,0.7557347567600108,17.6,17.3,1,1.6,17.1875,6.0,4.0,22.0,1.0,50,2.0,2,0.0
C1,113,0.49257686202316864,50.0,17.2,1,1.6,17.1875,3.0,4.0,22.0,1.0,50,3.0,1,0.0
C1,114,0.4878391920465357,50.0,17.0,1,0.4,17.1875,2.0,1.0,22.0,1.0,50,1.0,0,0.0
C1,115,0.7605761873560926,17.7,17.2,1,2.8,17.1875,6.0,7.0,22.0,1.0,50,3.0,2,0.0
C1,116,0.7655148417576507,17.6,17.2,1,4.0,17.1875,12.0,10.0,22.0,1.0,50,3.0,0,0.0
C1,117,0.4894065094559651,50.0,17.5,1,0.8,17.1875,4.0,2.0,22.0,1.0,50,1.0,2,0.0
C1,118,0.4909858056206518,50.0,17.4,1,1.2,17.1875,4.0,3.0,22.0,1.0,50,2.0,0,0.0
C1,119,0.4894065094559651,50.0,17.3,1,0.8,17.1875,2.0,2.0,22.0,1.0,50,1.0,1,0.0
C1,120,0.4878391920465357,50.0,17.2,1,0.4,17.1875,3.0,1.0,22.0,1.0,50,1.0,0,0.0
C1,121,0.6574542616702832,32.7,26.599999999999998,1,4.8,17.1875,21.0,12.0,22.0,1.0,50,2.0,1,0.0
C1,122,0.758951238880883,17.4,17.2,1,2.4,17.1875,8.0,6.0,22.0,1.0,50,2.0,1,0.0
C1,123,0.4909858056206518,50.0,17.2,1,1.2,17.1875,8.0,3.0,22.0,1.0,50,1.0,2,0.0
C1,124,0.7541437003574938,19.2,17.5,1,1.2,17.1875,5.0,3.0,22.0,1.0,50,2.0,0,0.0
C1,125,0.757337347487159,17.8,17.3,1,2.0,17.1875,10.0,5.0,22.0,1.0,50,2.0,2,0.0
C1,126,0.7622119447177791,17.9,17.3,1,3.2,17.1875,13.0,8.0,22.0,1.0,50,2.0,2,0.0
C1,127,0.7557347567600108,17.6,17.3,1,1.6,17.1875,11.0,4.0,22.0,1.0,50,1.0,0,0.0
C1,128,0.757337347487159,17.7,17.3,1,2.0,17.1875,9.0,5.0,22.0,1.0,50,2.0,1,0.0
C1,129,0.7541437003574938,17.6,17.4,1,1.2,17.1875,12.0,3.0,22.0,1.0,50,1.0,0,0.0
C1,130,0.763858250896098,17.7,17.4,1,3.6,17.1875,10.0,9.0,22.0,1.0,50,3.0,1,0.0
C1,131,0.757337347487159,18.4,17.4,1,2.0,17.1875,18.0,5.0,22.0,1.0,50,1.0,1,0.0
C1,132,0.7557347567600108,17.6,17.3,1,1.6,17.1875,11.0,4.0,22.0,1.0,50,1.0,0,0.0
C1,133,0.7622119447177791,17.7,17.3,1,3.2,17.1875,13.0,8.0,22.0,1.0,50,2.0,1,0.0
C1,134,0.4894065094559651,50.0,17.3,1,0.8,17.1875,4.0,2.0,22.0,1.0,50,2.0,0,0.0
C1,135,0.757337347487159,17.5,17.1,1,2.0,17.1875,7.0,5.0,22.0,1.0,50,2.0,2,0.0
C1,136,0.6482954856017067,32.800000000000004,24.400000000000002,1,2.8,17.1875,24.0,7.0,22.0,1.0,50,1.0,0,0.0
C1,137,0.7605761873560926,17.5,17.2,1,2.8,17.1875,11.0,7.0,22.0,1.0,50,2.0,1,0.0
C1,138,0.7622119447177791,17.5,17.2,1,3.2,17.1875,8.0,8.0,22.0,1.0,50,3.0,0,0.0
C1,139,0.763858250896098,17.7,17.3,1,3.6,17.1875,13.0,9.0,22.0,1.0,50,2.0,2,0.0
C1,140,0.758951238880883,17.5,17.3,1,2.4,17.1875,7.0,6.0,22.0,1.0,50,3.0,2,0.0
C1,141,0.7739421805817983,17.5,17.2,1,6.0,17.1875,16.0,15.0,22.0,1.0,50,3.0,2,0.0
C1,142,0.4894065094559651,50.0,17.3,1,0.8,17.1875,6.0,2.0,22.0,1.0,50,1.0,0,0.0
C1,143,0.7557347567600108,18.4,17.6,1,1.6,17.1875,15.0,4.0,22.0,1.0,50,1.0,1,0.0
C1,144,0.4909858056206518,50.0,17.3,1,1.2,17.1875,3.0,3.0,22.0,1.0,50,2.0,2,0.0
C1,145,0.7605761873560926,17.5,17.2,1,2.8,17.1875,12.0,7.0,22.0,1.0,50,2.0,1,0.0
C1,146,0.7655148417576507,17.8,17.4,1,4.0,17.1875,12.0,10.0,22.0,1.0,50,3.0,0,0.0
C1,147,0.757337347487159,18.0,17.3,1,2.0,17.1875,7.0,5.0,22.0,1.0,50,2.0,2,0.0
C1,148,0.7557347567600108,17.6,17.2,1,1.6,17.1875,7.0,4.0,22.0,1.0,50,2.0,0,0.0
C1,149,0.768857770442213,17.6,17.3,1,4.8,17.1875,14.0,12.0,22.0,1.0,50,3.0,2,0.0
C1,150,0.7557347567600108,17.4,17.2,1,1.6,17.1875,6.0,4.0,22.0,1.0,50,2.0,1,0.0
C1,151,0.6694801661890912,32.300000000000004,26.0,1,6.8,17.1875,22.0,17.0,22.0,1.0,50,3.0,1,0.0
C1,152,0.49257686202316864,50.0,17.3,1,1.6,17.1875,8.0,4.0,22.0,1.0,50,1.0,1,0.0
C1,153,0.763858250896098,17.6,17.3,1,3.6,17.1875,13.0,9.0,22.0,1.0,50,2.0,2,0.0
C1,154,0.757337347487159,18.1,17.3,1,2.0,17.1875,7.0,5.0,22.0,1.0,50,2.0,1,0.0
C1,155,0.7541437003574938,17.6,17.4,1,1.2,17.1875,10.0,3.0,22.0,1.0,50,1.0,1,0.0
C1,156,0.7605761873560926,17.5,17.2,1,2.8,17.1875,12.0,7.0,22.0,1.0,50,2.0,1,0.0
C1,157,0.7671814422697458,17.5,17.2,1,4.4,17.1875,12.0,11.0,22.0,1.0,50,3.0,1,0.0
C1,158,0.7655148417576507,17.5,17.2,1,4.0,17.1875,11.0,10.0,22.0,1.0,50,3.0,2,0.0
C1,159,0.757337347487159,17.8,17.3,1,2.0,17.1875,8.0,5.0,22.0,1.0,50,2.0,2,0.0
C1,160,0.763858250896098,17.6,17.3,1,3.6,17.1875,14.0,9.0,22.0,1.0,50,2.0,1,0.0
C1,161,0.7756544418770237,17.3,17.2,1,6.4,17.1875,19.0,16.0,22.0,1.0,50,3.0,2,0.0
C1,162,0.7622119447177791,17.4,17.2,1,3.2,17.1875,14.0,8.0,22.0,1.0,50,2.0,0,0.0
C1,163,0.7756544418770237,17.3,17.2,1,6.4,17.1875,19.0,16.0,22.0,1.0,50,3.0,1,0.0
C1,164,0.40070356569969146,50.0,17.2,1,1.2,17.1875,4.0,3.0,22.0,1.0,90,2.0,2,0.0
C1,165,0.4003882500542819,50.0,17.6,1,0.8,17.1875,4.0,2.0,22.0,1.0,90,1.0,2,0.0
C1,166,0.55166745001404,33.2,26.5,1,5.2,17.1875,27.0,13.0,22.0,1.0,90,2.0,2,0.0
C1,167,0.40070356569969146,50.0,17.2,1,1.2,17.1875,9.0,3.0,22.0,1.0,90,1.0,1,0.0
C1,168,0.6641844064673916,17.5,17.2,1,1.6,17.1875,10.0,4.0,22.0,1.0,90,1.0,0,0.0
C1,169,0.6987104359868719,17.7,17.3,1,4.0,17.1875,17.0,10.0,22.0,1.0,70,2.0,2,0.0
C1,170,0.6931327226609154,17.6,17.3,1,1.6,17.1875,4.0,4.0,22.0,1.0,70,3.0,1,0.0
C1,171,0.7037606996803916,17.5,17.2,1,6.0,17.1875,17.0,15.0,22.0,1.0,70,3.0,0,0.0
C1,172,0.7027210189426429,17.6,17.3,1,5.6,17.1875,17.0,14.0,22.0,1.0,70,3.0,1,0.0
C1,173,0.6949342494879829,17.4,17.2,1,2.4,17.1875,10.0,6.0,22.0,1.0,70,2.0,0,0.0
C1,174,0.6940263352002114,17.8,17.2,1,2.0,17.1875,6.0,5.0,22.0,1.0,70,3.0,1,0.0
C1,175,0.6931327226609154,17.4,17.2,1,1.6,17.1875,13.0,4.0,22.0,1.0,70,1.0,1,0.0
C1,176,0.7048152805918526,17.6,17.3,1,6.4,17.1875,18.0,16.0,22.0,1.0,70,3.0,1,0.0
C1,177,0.4282301737168955,50.0,17.4,1,0.8,17.1875,8.0,2.0,22.0,1.0,70,1.0,1,0.0
C1,178,0.7048152805918526,17.5,17.2,1,6.4,17.1875,18.0,16.0,22.0,1.0,70,3.0,1,0.0
C1,179,0.6931327226609154,17.5,17.3,1,1.6,17.1875,12.0,4.0,22.0,1.0,70,1.0,1,0.0
C1,180,0.4282301737168955,50.0,17.3,1,0.8,17.1875,6.0,2.0,22.0,1.0,70,1.0,1,0.0
C1,181,0.4930718961356254,43.9,33.7,1,5.6,17.1875,31.0,14.0,22.0,1.0,70,2.0,0,0.0
C1,182,0.6940263352002114,19.099999999999998,17.7,1,2.0,17.1875,8.0,5.0,22.0,1.0,70,2.0,0,0.0
C1,183,-0.032596242039035744,137.9,78.10000000000001,1,13.2,17.1875,82.0,33.0,22.0,1.0,70,2.0,2,0.0
C1,184,-0.11326518375892383,189.1,107.1,1,27.2,17.1875,109.0,68.0,22.0,1.0,70,3.0,1,0.0
C1,185,-0.14314405072251513,186.29999999999998,107.7,1,18.0,17.1875,108.0,45.0,22.0,1.0,70,2.0,1,0.0
C1,186,0.5964429591184198,32.599999999999994,26.700000000000003,1,7.2,17.1875,25.0,18.0,22.0,1.0,70,3.0,0,0.0
C1,187,0.5362168400312688,39.1,32.300000000000004,1,6.0,17.1875,33.0,15.0,22.0,1.0,70,2.0,0,0.0
C1,188,0.16134201493424036,54.199999999999996,44.6,1,4.0,17.1875,48.0,10.0,22.0,1.0,70,1.0,2,0.0
C1,189,0.026959356722482092,106.39999999999999,57.2,1,5.2,17.1875,59.0,13.0,22.0,1.0,70,1.0,1,0.0
C1,190,0.019247291228430455,115.3,65.5,1,10.8,17.1875,68.0,27.0,22.0,1.0,70,2.0,2,0.0
C1,191,0.15442487190253576,56.099999999999994,40.5,1,3.2,17.1875,42.0,8.0,22.0,1.0,70,1.0,2,0.0
C1,192,-0.06069415110243451,141.3,83.1,1,6.8,17.1875,84.0,17.0,22.0,1.0,70,1.0,1,0.0
C1,193,0.5903026082412268,33.300000000000004,26.9,1,7.2,17.1875,26.0,18.0,22.0,1.0,70,3.0,0,0.0
C1,194,0.5916393598198786,33.4,27.0,1,8.0,17.1875,28.0,20.0,22.0,1.0,70,3.0,1,0.0
C1,195,-0.029701505196930517,136.8,85.5,1,13.2,17.1875,83.0,33.0,22.0,1.0,70,2.0,0,0.0
C1,196,-0.019157244282223873,140.9,81.60000000000001,1,19.2,17.1875,84.0,48.0,22.0,1.0,70,3.0,1,0.0
C1,197,0.1634563895399116,63.4,45.400000000000006,1,13.2,17.1875,48.0,33.0,22.0,1.0,70,3.0,2,0.0
C1,198,0.05932529405176204,108.8,62.5,1,17.6,17.1875,69.0,44.0,22.0,1.0,70,3.0,0,0.0
C1,199,0.695856543421489,17.8,17.4,1,2.8,17.1875,11.0,7.0,22.0,1.0,70,2.0,1,0.0
C1,200,0.194121408790835,66.5,44.1,1,3.6,17.1875,44.0,9.0,22.0,1.0,50,1.0,0,0.0
C1,201,0.22620849632182127,60.1,43.8,1,7.2,17.1875,41.0,18.0,22.0,1.0,50,2.0,1,0.0
C1,202,0.6651281260875501,32.599999999999994,26.0,1,6.4,17.1875,23.0,16.0,22.0,1.0,50,3.0,0,0.0
C1,203,0.6489459701943439,33.099999999999994,27.5,1,3.6,17.1875,28.0,9.0,22.0,1.0,50,1.0,2,0.0
C1,204,0.6617121244892605,32.599999999999994,26.599999999999998,1,5.6,17.1875,28.0,14.0,22.0,1.0,50,2.0,0,0.0
C1,205,0.576447410893232,44.1,34.6,1,9.2,17.1875,34.0,23.0,22.0,1.0,50,3.0,2,0.0
C1,206,0.6221474327204926,39.699999999999996,33.099999999999994,1,10.8,17.1875,39.0,27.0,22.0,1.0,50,3.0,2,0.0
C1,207,0.5729305360678525,44.3,34.5,1,8.8,17.1875,30.0,22.0,22.0,1.0,50,3.0,2,0.0
C1,208,0.5624365664972599,44.699999999999996,33.8,1,7.2,17.1875,38.0,18.0,22.0,1.0,50,2.0,0,0.0
C1,209,0.5128832628102824,48.800000000000004,34.7,1,4.0,17.1875,30.0,10.0,22.0,1.0,50,1.0,1,0.0
C1,210,0.6546945806296114,33.4,25.7,1,5.6,17.1875,28.0,14.0,22.0,1.0,50,2.0,2,0.0
C1,211,0.01776475606820789,136.7,78.89999999999999,1,5.6,17.1875,75.0,14.0,22.0,1.0,50,1.0,0,0.0
C1,212,0.650927064549075,32.5,26.200000000000003,1,2.8,17.1875,28.0,7.0,22.0,1.0,50,1.0,2,0.0
C1,213,0.6642170082943546,32.9,26.700000000000003,1,6.8,17.1875,29.0,17.0,22.0,1.0,50,2.0,0,0.0
C1,214,0.5756274458639978,44.8,34.5,1,10.4,17.1875,35.0,26.0,22.0,1.0,50,3.0,2,0.0
C1,215,0.5676653851906022,44.699999999999996,34.6,1,8.4,17.1875,30.0,21.0,22.0,1.0,50,3.0,1,0.0
C1,216,0.5765663290600362,45.1,34.2,1,11.2,17.1875,38.0,28.0,22.0,1.0,50,3.0,0,0.0
C1,217,0.09863866079066805,114.6,64.5,1,10.8,17.1875,61.0,27.0,22.0,1.0,50,2.0,2,0.0
C1,218,0.6773246038756882,32.599999999999994,26.5,1,9.2,17.96875,28.0,23.0,23.0,1.0,50,3.0,0,0.0
C1,219,0.6711761501029403,33.099999999999994,26.0,1,8.8,17.1875,29.0,22.0,22.0,1.0,50,3.0,1,0.0
C1,220,0.5412779417420575,45.0,32.800000000000004,1,2.8,17.1875,30.0,7.0,22.0,1.0,50,1.0,0,0.0
C1,221,0.036893560662733305,144.9,86.0,1,14.8,17.1875,83.0,37.0,22.0,1.0,50,2.0,2,0.0
C1,222,0.0642746674850618,129.70000000000002,73.0,1,12.0,17.1875,74.0,30.0,22.0,1.0,50,2.0,2,0.0
C1,223,0.02987001922610262,132.1,74.1,1,5.6,17.1875,72.0,14.0,22.0,1.0,50,1.0,1,0.0
C1,224,-0.12959137287605194,199.3,107.30000000000001,1,9.6,17.1875,113.0,24.0,22.0,1.0,50,1.0,1,0.0
C1,225,0.006496465296027959,188.4,105.6,1,36.4,17.1875,155.0,91.0,22.0,1.0,50,3.0,1,0.0
C1,226,-0.1370283094623556,202.8,109.2,1,10.0,17.1875,141.0,25.0,22.0,1.0,50,1.0,2,0.0
C1,227,-0.03736340069723712,183.29999999999998,102.1,1,20.8,17.1875,133.0,52.0,22.0,1.0,50,2.0,1,0.0
C1,228,-0.12682869448687933,199.6,109.2,1,10.4,17.1875,137.0,26.0,22.0,1.0,50,1.0,2,0.0
C1,229,-0.0162779502720497,189.4,108.8,1,30.0,17.1875,123.0,75.0,22.0,1.0,50,3.0,1,0.0
C1,230,-0.07446720223196113,173.7,99.1,1,6.8,17.1875,115.0,17.0,22.0,1.0,50,1.0,2,0.0
C1,231,-0.054786501521051495,191.89999999999998,105.7,1,22.0,17.1875,144.0,55.0,22.0,1.0,50,2.0,0,0.0
C1,232,-0.2223832007869735,205.3,111.5,1,9.2,17.1875,152.0,23.0,22.0,1.0,70,1.0,1,0.0
C1,233,-0.16353185977379198,185.70000000000002,106.6,1,11.6,17.1875,159.0,29.0,22.0,1.0,70,1.0,0,0.0
C1,234,-0.1687115173731038,183.60000000000002,103.4,1,8.0,17.1875,131.0,20.0,22.0,1.0,70,1.0,1,0.0
C1,235,-0.09524974711845827,187.6,104.7,1,30.4,17.96875,135.0,76.0,23.0,1.0,70,3.0,0,0.0
C1,236,-0.16467255449513069,187.1,105.1,1,12.4,17.1875,155.0,31.0,22.0,1.0,70,1.0,2,0.0
C1,237,-0.09495037165003051,182.79999999999998,104.80000000000001,1,27.6,17.1875,157.0,69.0,22.0,1.0,70,2.0,0,0.0
C1,238,-0.11058927314619965,198.2,108.7,1,33.2,17.1875,136.0,83.0,22.0,1.0,70,3.0,2,0.0
C1,239,-0.08220559649856798,184.0,106.30000000000001,1,31.2,17.1875,137.0,78.0,22.0,1.0,70,3.0,2,0.0
C1,240,-0.2059002808264236,201.8,110.39999999999999,1,11.6,17.1875,133.0,29.0,22.0,1.0,70,1.0,1,0.0
C1,241,-0.12848787575529225,185.4,104.2,1,21.2,17.1875,127.0,53.0,22.0,1.0,70,2.0,1,0.0
C1,242,-0.11714907612573985,193.89999999999998,109.3,1,29.2,17.1875,122.0,73.0,22.0,1.0,70,3.0,0,0.0
C1,243,-0.16240244841572987,192.5,104.89999999999999,1,17.2,17.1875,117.0,43.0,22.0,1.0,70,2.0,0,0.0
C1,244,-0.16706849824525377,186.1,103.1,1,10.8,17.1875,118.0,27.0,22.0,1.0,70,1.0,2,0.0
C1,245,-0.14321344104460715,189.79999999999998,106.7,1,20.4,17.1875,134.0,51.0,22.0,1.0,70,2.0,2,0.0
C1,246,-0.12942040217696066,182.79999999999998,104.1,1,19.2,17.1875,132.0,48.0,22.0,1.0,70,2.0,2,0.0
C1,247,-0.09013019426654728,156.4,90.5,1,10.4,17.1875,99.0,26.0,22.0,1.0,70,1.0,2,0.0
C1,248,0.6940263352002114,17.7,17.3,1,2.0,17.1875,14.0,5.0,22.0,1.0,70,1.0,2,0.0
C1,249,0.7006861961390762,17.6,17.3,1,4.8,17.1875,19.0,12.0,22.0,1.0,70,2.0,0,0.0
C1,250,0.028639727892977085,112.19999999999999,61.400000000000006,1,11.2,17.1875,66.0,28.0,22.0,1.0,70,2.0,1,0.0
C1,251,-0.1562662320865032,179.29999999999998,101.1,1,8.4,17.1875,114.0,21.0,22.0,1.0,70,1.0,1,0.0
C1,252,-0.20583395631754925,201.3,110.3,1,11.2,17.1875,143.0,28.0,22.0,1.0,70,1.0,0,0.0
C1,253,-0.1767349295189476,188.4,104.89999999999999,1,9.6,17.1875,115.0,24.0,22.0,1.0,70,1.0,0,0.0
C1,254,-0.07143347813920986,177.2,103.8,1,29.6,17.1875,130.0,74.0,22.0,1.0,70,3.0,2,0.0
C1,255,-0.007253653316659003,134.1,67.0,1,17.6,17.1875,70.0,44.0,22.0,1.0,70,3.0,2,0.0
C1,256,-0.18879475553998332,199.3,112.0,1,14.8,17.1875,100.0,37.0,22.0,1.0,70,2.0,2,0.0
C1,257,-0.02423783316257755,128.70000000000002,74.89999999999999,1,8.0,17.1875,73.0,20.0,22.0,1.0,70,1.0,0,0.0
C1,258,-0.10430012830267318,181.79999999999998,102.9,1,24.8,17.1875,113.0,62.0,22.0,1.0,70,3.0,2,0.0
C1,259,-0.07039914614473805,145.4,87.7,1,7.2,17.1875,81.0,18.0,22.0,1.0,70,1.0,1,0.0
C1,260,0.03158343270518854,122.2,70.8,1,19.6,17.1875,79.0,49.0,22.0,1.0,70,3.0,2,0.0
C1,261,-0.16733165613999063,186.20000000000002,105.6,1,10.8,17.1875,124.0,27.0,22.0,1.0,70,1.0,0,0.0
C1,262,-0.09759624203903572,162.6,94.39999999999999,1,13.2,17.1875,92.0,33.0,22.0,1.0,70,2.0,1,0.0
C1,263,0.5350295321610785,39.0,31.6,1,5.2,17.1875,31.0,13.0,22.0,1.0,70,2.0,1,0.0
C1,264,-0.1326767947825977,178.5,96.4,1,15.2,17.1875,94.0,38.0,22.0,1.0,70,2.0,2,0.0
C1,265,0.5817456334458255,32.800000000000004,26.3,1,2.0,17.1875,20.0,5.0,22.0,1.0,70,1.0,0,0.0
C1,266,0.5901598803496027,32.599999999999994,25.3,1,4.8,17.1875,24.0,12.0,22.0,1.0,70,2.0,1,0.0
C1,267,0.6949342494879829,18.599999999999998,17.3,1,2.4,17.1875,6.0,6.0,22.0,1.0,70,3.0,2,0.0
C1,268,0.15025168386291393,83.8,47.9,1,4.0,17.1875,51.0,10.0,22.0,1.0,50,1.0,0,0.0
C1,269,0.054480166189091433,124.7,68.6,1,6.8,17.1875,65.0,17.0,22.0,1.0,50,1.0,0,0.0
C1,270,-0.033528345783441826,158.79999999999998,81.60000000000001,1,7.2,17.1875,90.0,18.0,22.0,1.0,50,1.0,1,0.0
C1,271,0.06637993064295661,128.89999999999998,72.7,1,12.0,17.1875,77.0,30.0,22.0,1.0,50,2.0,0,0.0
C1,272,0.01769634894654515,163.70000000000002,97.5,1,21.6,17.1875,98.0,54.0,22.0,1.0,50,3.0,1,0.0
C1,273,0.00399699469735304,145.2,82.60000000000001,1,7.6,17.1875,88.0,19.0,22.0,1.0,50,1.0,0,0.0
C1,274,0.0017548452844584617,187.6,104.7,1,34.0,17.1875,139.0,85.0,22.0,1.0,50,3.0,1,0.0
C1,275,0.511334751735323,48.599999999999994,34.5,1,3.2,17.1875,31.0,8.0,22.0,1.0,50,1.0,2,0.0
C1,276,0.11877197201861306,113.10000000000001,60.699999999999996,1,14.4,17.1875,63.0,36.0,22.0,1.0,50,3.0,2,0.0
C1,277,0.1616907530051872,92.0,62.300000000000004,1,11.6,17.1875,70.0,29.0,22.0,1.0,50,2.0,2,0.0
C1,278,0.05502963281612615,165.5,85.7,2,35.2,16.796875,396.0,176.0,43.0,1.0,50,2.0,0,0.0
C1,279,0.22815789473684217,104.89999999999999,52.400000000000006,4,51.6,16.601562,718.0,516.0,85.0,1.0,50,3.0,1,0.0
C1,280,0.37184210526315786,50.3,34.8,6,51.4,16.536459,1578.0,771.0,127.0,1.0,50,2.0,0,0.0
C1,281,0.7047368421052631,43.1,29.0,7,51.714287,16.40625,1800.0,905.0,147.0,1.0,50,2.0,1,0.0
C1,282,0.5421052631578946,38.6,26.1,12,57.333332,16.210938,1800.0,1720.0,249.0,1.0,50,2.0,2,0.0
C1,283,0.782280701754386,33.300000000000004,23.3,14,55.6,16.40625,1800.0,1668.0,252.0,1.0,50,2.0,0,0.0
C1,284,0.8043859649122806,32.7,22.599999999999998,14,54.0,16.40625,1200.0,1800.0,294.0,1.0,50,3.0,1,0.0
C1,285,0.6513919685855354,33.2,22.4,14,4.4,16.350447,184.0,154.0,293.0,1.0,50,3.0,2,0.0
C1,286,0.6567429119330894,32.4,22.5,14,4.0,16.40625,171.0,140.0,294.0,1.0,50,3.0,1,0.0
C1,287,0.651931676535803,32.800000000000004,22.599999999999998,14,3.6857142,16.40625,164.0,129.0,294.0,1.0,50,3.0,1,0.0
C1,288,0.6472125040694823,33.5,22.9,14,4.0285716,16.350447,167.0,141.0,293.0,1.0,50,3.0,1,0.0
C1,289,0.6454371982645191,33.5,23.2,14,3.6,16.40625,151.0,126.0,294.0,1.0,50,3.0,1,0.0
C1,290,-0.3300297529060548,79.8,38.9,2,7.4,16.40625,82.0,37.0,42.0,1.0,50,3.0,2,0.0
C1,291,0.13016287936893464,112.19999999999999,59.0,2,16.4,16.40625,204.0,82.0,42.0,1.0,50,2.0,0,0.0
C1,292,0.09478602391752747,120.5,63.8,2,13.4,16.40625,168.0,67.0,42.0,1.0,50,2.0,2,0.0
C1,293,0.06394218058179835,119.8,64.0,2,6.0,16.40625,140.0,30.0,42.0,1.0,50,1.0,1,0.0
C1,294,-0.046993457521128545,168.1,92.3,1,11.6,16.40625,130.0,29.0,21.0,1.0,50,1.0,2,0.0
C1,295,-0.02493183396601753,188.70000000000002,106.30000000000001,1,27.2,16.40625,131.0,68.0,21.0,1.0,50,3.0,2,0.0
C1,296,-0.002790133796316707,187.9,105.5,1,32.8,16.40625,152.0,82.0,21.0,1.0,50,3.0,2,0.0
C1,297,-0.10137875112872982,194.70000000000002,104.7,1,13.2,16.40625,171.0,33.0,21.0,1.0,50,1.0,1,0.0
C1,298,-0.08883556278428645,187.20000000000002,106.5,1,11.6,16.40625,162.0,29.0,21.0,1.0,50,1.0,0,0.0
C1,299,0.017368421052631644,191.39999999999998,106.7,1,48.0,16.40625,217.0,120.0,21.0,1.0,50,3.0,2,0.0
C1,300,-0.009672746901518675,191.0,107.89999999999999,1,33.2,16.40625,222.0,83.0,21.0,1.0,50,2.0,2,0.0
C1,301,-0.03834534552509625,192.6,108.10000000000001,1,26.4,16.40625,114.0,66.0,21.0,1.0,50,3.0,2,0.0
C1,302,-0.17093110603746792,213.0,116.7,1,8.4,16.40625,100.0,21.0,21.0,1.0,50,1.0,0,0.0
C1,303,0.001999705959310316,192.0,106.30000000000001,1,38.4,16.40625,185.0,96.0,21.0,1.0,50,3.0,2,0.0
C1,304,-0.07191940654379772,192.39999999999998,108.5,1,18.4,16.40625,133.0,46.0,21.0,1.0,50,2.0,2,0.0
C1,305,0.0764898298434666,111.19999999999999,66.3,1,3.6,16.40625,60.0,9.0,21.0,1.0,50,1.0,1,0.0
C1,306,0.017894736842105297,191.20000000000002,108.60000000000001,1,51.2,16.40625,226.0,128.0,21.0,1.0,50,3.0,2,0.0
C1,307,0.04105263157894734,182.4,109.5,1,54.8,16.40625,250.0,137.0,21.0,1.0,50,3.0,0,0.0
C1,308,0.1027718235203578,128.5,67.9,2,21.8,16.40625,159.0,109.0,42.0,1.0,50,3.0,2,0.0
C1,309,0.08214048250801106,116.5,65.10000000000001,2,8.2,16.40625,176.0,41.0,42.0,1.0,50,1.0,0,0.0
C1,310,0.09711867393417328,114.5,62.4,2,10.4,16.40625,181.0,52.0,42.0,1.0,50,1.0,0,0.0
C1,311,0.14390395252369959,117.7,64.3,2,22.8,16.796875,184.0,114.0,43.0,1.0,50,3.0,0,0.0
C1,312,0.09903582970288005,118.2,62.4,2,13.0,16.40625,143.0,65.0,42.0,1.0,50,2.0,0,0.0
C1,313,-0.06258012354779297,179.5,96.8,1,14.8,16.40625,192.0,37.0,21.0,1.0,50,1.0,0,0.0
C1,314,-0.13457402181715666,203.9,115.5,1,11.2,16.40625,161.0,28.0,21.0,1.0,50,1.0,0,0.0
C1,315,-0.0004169298935859933,193.6,108.60000000000001,1,39.2,17.1875,177.0,98.0,22.0,1.0,50,3.0,2,0.0
C1,316,-0.021407026006215635,190.8,106.1,1,29.6,16.40625,142.0,74.0,21.0,1.0,50,3.0,0,0.0
C1,317,-0.1138704147255136,194.0,103.8,1,10.0,17.1875,131.0,25.0,22.0,1.0,50,1.0,2,0.0
C1,318,-0.035610689698338,189.1,106.39999999999999,1,24.8,16.40625,106.0,62.0,21.0,1.0,50,3.0,1,0.0
C1,319,-0.0019564902321657085,192.39999999999998,105.39999999999999,1,37.2,16.40625,173.0,93.0,21.0,1.0,50,3.0,1,0.0
C1,320,-0.05186586155118117,195.89999999999998,107.5,1,25.2,16.40625,114.0,63.0,21.0,1.0,50,3.0,1,0.0
C1,321,-0.003923546543426831,183.60000000000002,105.1,1,29.2,16.40625,203.0,73.0,21.0,1.0,50,2.0,1,0.0
C1,322,-0.024924292893517302,187.5,105.89999999999999,1,26.4,16.40625,170.0,66.0,21.0,1.0,50,2.0,0,0.0
C1,323,-0.08370637806961223,196.20000000000002,112.3,1,18.0,16.40625,233.0,45.0,21.0,1.0,50,1.0,2,0.0
C1,324,-0.03212901944591812,188.4,107.0,1,25.2,16.40625,165.0,63.0,21.0,1.0,50,2.0,2,0.0
C1,325,-0.008315086276696748,193.20000000000002,108.0,1,35.6,16.40625,164.0,89.0,21.0,1.0,50,3.0,2,0.0
C1,326,-0.0388716613145699,192.8,109.5,1,26.4,16.40625,183.0,66.0,21.0,1.0,50,2.0,2,0.0
C1,327,-0.016812472447031768,196.0,110.2,1,35.2,16.40625,158.0,88.0,21.0,1.0,50,3.0,1,0.0
C1,328,-0.11935215866904689,193.39999999999998,109.10000000000001,1,8.4,16.40625,106.0,21.0,21.0,1.0,50,1.0,2,0.0
C1,329,0.0049395740528956344,159.1,97.69999999999999,1,16.0,16.40625,99.0,40.0,21.0,1.0,50,2.0,1,0.0
C1,330,0.06348519380085133,130.0,81.3,1,12.0,16.40625,73.0,30.0,21.0,1.0,50,2.0,1,0.0
C1,331,-0.00666880982088508,196.3,109.2,1,39.6,16.40625,185.0,99.0,21.0,1.0,50,3.0,2,0.0
C1,332,-0.0008328895815635784,172.7,101.7,1,22.8,16.40625,150.0,57.0,21.0,1.0,50,2.0,2,0.0
C1,333,0.0014203925194729017,186.29999999999998,105.7,1,32.8,16.40625,149.0,82.0,21.0,1.0,50,3.0,0,0.0
C1,334,-0.12425994788596151,194.6,110.39999999999999,1,8.0,16.40625,121.0,20.0,21.0,1.0,50,1.0,2,0.0
C1,335,-0.12071251998867147,196.6,110.39999999999999,1,10.0,16.40625,122.0,25.0,21.0,1.0,50,1.0,2,0.0
C1,336,-0.04899702783684104,189.70000000000002,108.10000000000001,1,22.0,16.40625,154.0,55.0,21.0,1.0,50,2.0,1,0.0
C1,337,-0.03418670443816371,195.1,108.39999999999999,1,29.2,16.40625,143.0,73.0,21.0,1.0,50,3.0,2,0.0
C1,338,0.05241804732893199,126.8,77.39999999999999,1,7.6,16.40625,77.0,19.0,21.0,1.0,50,1.0,2,0.0
C1,339,0.0679012188206704,119.6,80.8,1,6.8,16.40625,74.0,17.0,21.0,1.0,50,1.0,1,0.0
C1,340,0.05006414116927238,135.1,86.0,1,12.0,16.40625,75.0,30.0,21.0,1.0,50,2.0,0,0.0
C1,341,-0.031057819418201654,155.9,93.8,1,6.0,16.40625,95.0,15.0,21.0,1.0,50,1.0,1,0.0
C1,342,0.05177914360811223,136.5,84.3,1,13.2,17.1875,89.0,33.0,22.0,1.0,50,2.0,0,0.0
C1,343,0.12670047290990039,99.9,59.6,1,8.4,16.40625,56.0,21.0,21.0,1.0,50,2.0,0,0.0
C1,344,0.11112958527448644,108.5,66.3,1,10.0,16.40625,69.0,25.0,21.0,1.0,50,2.0,1,0.0
C1,345,0.12553279776803883,97.69999999999999,55.800000000000004,1,6.8,16.40625,51.0,17.0,21.0,1.0,50,2.0,0,0.0
C1,346,-0.08239058859592796,195.70000000000002,108.2,1,18.0,16.40625,139.0,45.0,21.0,1.0,50,2.0,2,0.0
C1,347,-0.06145276922923648,189.1,110.9,1,18.8,16.40625,135.0,47.0,21.0,1.0,50,2.0,0,0.0
C1,348,-0.08795516278920962,194.39999999999998,105.80000000000001,1,16.0,16.40625,112.0,40.0,21.0,1.0,50,2.0,2,0.0
C1,349,-0.1281444839605636,200.1,109.8,1,10.4,16.40625,136.0,26.0,21.0,1.0,50,1.0,2,0.0
C1,350,-0.19957159719142326,187.0,100.1,1,18.8,16.40625,90.0,47.0,21.0,1.0,90,3.0,1,0.0
C1,351,0.010763656264159344,99.1,47.300000000000004,1,4.0,16.40625,46.0,10.0,21.0,1.0,90,1.0,0,0.0
C1,352,-0.1386192125950289,161.6,96.9,1,15.6,16.40625,99.0,39.0,21.0,1.0,90,2.0,1,0.0
C1,353,-0.1988563065604711,181.10000000000002,106.0,1,9.6,16.40625,105.0,24.0,21.0,1.0,90,1.0,2,0.0
C1,354,-0.06785893761635797,174.5,101.4,1,8.8,16.40625,125.0,22.0,21.0,1.0,50,1.0,0,0.0
C1,355,-0.06553514137428396,192.0,107.1,1,19.6,16.40625,136.0,49.0,21.0,1.0,50,2.0,0,0.0
C1,356,-0.08176515156761874,181.79999999999998,105.7,1,10.0,16.40625,153.0,25.0,21.0,1.0,50,1.0,1,0.0
C1,357,-0.05955886156025503,190.4,106.6,1,40.0,17.1875,172.0,100.0,22.0,1.0,70,3.0,1,0.0
C1,358,0.07170611701315668,91.39999999999999,45.900000000000006,1,7.2,16.40625,49.0,18.0,21.0,1.0,70,2.0,0,0.0
C1,359,-0.21778756109789482,204.0,108.5,1,9.6,16.40625,105.0,24.0,21.0,1.0,70,1.0,2,0.0
C1,360,0.5800219687862286,33.099999999999994,24.9,1,2.4,16.40625,24.0,6.0,21.0,1.0,70,1.0,1,0.0
C1,361,-0.05071103519762091,137.1,88.0,1,6.4,16.40625,81.0,16.0,21.0,1.0,70,1.0,0,0.0
C1,362,-0.1142445536788877,174.2,103.2,1,17.2,16.40625,120.0,43.0,21.0,1.0,70,2.0,1,0.0
C1,363,-0.12419330371264836,190.0,109.7,1,25.2,16.40625,124.0,63.0,21.0,1.0,70,3.0,1,0.0
C1,364,-0.03364175607105524,137.8,87.1,1,12.8,16.40625,88.0,32.0,21.0,1.0,70,2.0,1,0.0
C1,365,0.03972206237092123,105.7,69.2,1,9.2,16.40625,60.0,23.0,21.0,1.0,70,2.0,1,0.0
C1,366,-0.2266690271562734,194.3,105.80000000000001,1,14.4,16.40625,113.0,36.0,21.0,1.0,90,2.0,1,0.0
C1,367,0.6674569236982506,17.7,17.4,1,5.2,16.40625,15.0,13.0,21.0,1.0,90,3.0,0,0.0
C1,368,-0.15041378778123005,163.5,98.3,1,11.2,16.40625,152.0,28.0,21.0,1.0,90,1.0,0,0.0
C1,369,-0.21265675023071212,194.20000000000002,110.7,1,21.6,16.40625,154.0,54.0,21.0,1.0,90,2.0,0,0.0
C1,370,-0.19661263398157158,183.9,107.30000000000001,1,16.0,16.40625,103.0,40.0,21.0,1.0,90,2.0,0,0.0
C1,371,-0.17805699186236068,191.70000000000002,109.2,1,32.0,16.40625,146.0,80.0,21.0,1.0,90,3.0,1,0.0
C1,372,-0.09218180872143586,140.0,87.9,1,8.4,16.40625,88.0,21.0,21.0,1.0,90,1.0,0,0.0
C1,373,-0.18617137676215478,175.9,104.80000000000001,1,8.8,17.1875,123.0,22.0,22.0,1.0,90,1.0,0,0.0
C1,374,-0.09538190307794422,141.4,91.5,1,8.8,16.40625,80.0,22.0,21.0,1.0,90,1.0,0,0.0
C1,375,-0.25307783868220474,202.1,117.2,1,10.4,16.40625,119.0,26.0,21.0,1.0,90,1.0,0,0.0
C1,376,-0.2662357334190468,207.1,114.6,1,10.4,16.40625,101.0,26.0,21.0,1.0,90,1.0,0,0.0
C1,377,-0.037621232601239535,124.3,78.2,1,17.2,16.40625,74.0,43.0,21.0,1.0,90,3.0,1,0.0
C1,378,-0.22932826515154792,193.70000000000002,108.39999999999999,1,11.6,17.1875,141.0,29.0,22.0,1.0,90,1.0,1,0.0
C1,379,-0.21193300124875897,191.39999999999998,106.89999999999999,1,18.4,17.1875,109.0,46.0,22.0,1.0,90,2.0,1,0.0
C1,380,-0.23704026522660798,199.0,110.7,1,15.6,17.1875,116.0,39.0,22.0,1.0,90,2.0,2,0.0
C1,381,-0.22097366479978847,197.7,109.8,1,22.0,17.1875,156.0,55.0,22.0,1.0,90,2.0,2,0.0
C1,382,-0.21245979980294072,192.20000000000002,109.5,1,19.2,17.1875,133.0,48.0,22.0,1.0,90,2.0,1,0.0
C1,383,-0.21130544312755528,190.29999999999998,111.4,1,17.2,17.1875,109.0,43.0,22.0,1.0,90,2.0,2,0.0
C1,384,-0.18376075608985692,174.8,99.2,1,8.4,17.1875,94.0,21.0,22.0,1.0,90,1.0,0,0.0
C1,385,-0.19397253970439632,187.1,107.7,1,21.6,17.1875,111.0,54.0,22.0,1.0,90,3.0,0,0.0
C1,386,-0.22701420129731315,191.8,108.2,1,9.6,17.1875,146.0,24.0,22.0,1.0,90,1.0,2,0.0
C1,387,-0.22559675536988733,196.3,104.7,1,18.0,17.1875,145.0,45.0,22.0,1.0,90,2.0,2,0.0
C1,388,-0.21535001934288067,190.5,109.8,1,15.2,17.1875,100.0,38.0,22.0,1.0,90,2.0,0,0.0
C1,389,-0.037655335235391774,190.5,107.0,1,25.2,17.1875,171.0,63.0,22.0,1.0,50,2.0,0,0.0
C1,390,-0.0059480285331587335,189.1,108.60000000000001,1,32.8,17.1875,145.0,82.0,22.0,1.0,50,3.0,2,0.0
C1,391,-0.07855803238713122,195.6,108.60000000000001,1,18.8,17.1875,257.0,47.0,22.0,1.0,50,1.0,1,0.0
C1,392,0.0035992903161508327,189.9,107.7,1,36.8,17.1875,165.0,92.0,22.0,1.0,50,3.0,0,0.0
C1,393,-0.013923546543426896,187.4,105.0,1,29.2,17.1875,203.0,73.0,22.0,1.0,50,2.0,1,0.0
C1,394,-0.028364249311435025,188.20000000000002,107.80000000000001,1,26.0,17.1875,176.0,65.0,22.0,1.0,50,2.0,1,0.0
C1,395,0.05210526315789481,175.0,93.10000000000001,2,50.2,16.796875,326.0,251.0,43.0,1.0,50,3.0,2,0.0
C1,396,0.11948431407375942,116.6,64.3,2,16.6,16.796875,129.0,83.0,43.0,1.0,50,3.0,0,0.0
C1,397,0.04680475426919503,124.7,68.0,2,5.0,16.796875,145.0,25.0,43.0,1.0,50,1.0,1,0.0
C1,398,0.06933865240333965,118.4,61.0,2,6.4,16.796875,167.0,32.0,43.0,1.0,50,1.0,1,0.0
C1,399,0.10418951286879571,110.8,58.3,2,9.8,16.796875,129.0,49.0,43.0,1.0,50,2.0,1,0.0
C1,400,0.12715672358842853,113.0,59.6,2,16.2,16.796875,190.0,81.0,43.0,1.0,50,2.0,1,0.0
C1,401,-0.03698491524076544,192.39999999999998,96.9,1,28.8,17.1875,177.0,72.0,22.0,1.0,50,2.0,2,0.0
C1,402,-0.10119426393220485,186.5,108.7,1,8.4,17.1875,141.0,21.0,22.0,1.0,50,1.0,1,0.0
C1,403,0.0952409903514404,128.20000000000002,74.30000000000001,1,18.0,17.1875,77.0,45.0,22.0,1.0,50,3.0,0,0.0
C1,404,-0.14460871601771297,199.7,109.7,1,6.4,17.1875,118.0,16.0,22.0,1.0,50,1.0,1,0.0
C1,405,0.007473024098420211,184.0,104.7,1,32.8,17.1875,167.0,82.0,22.0,1.0,50,3.0,1,0.0
C1,406,-0.035610689698338,189.1,106.89999999999999,1,24.8,17.1875,187.0,62.0,22.0,1.0,50,2.0,0,0.0
C1,407,-0.05836959723200352,181.10000000000002,107.39999999999999,1,14.8,17.1875,217.0,37.0,22.0,1.0,50,1.0,0,0.0
C1,408,0.011578947368421008,190.4,105.2,2,56.8,17.1875,254.0,142.0,22.0,1.0,50,3.0,2,0.0
C1,409,0.08796881211745622,109.7,63.6,2,5.4,16.796875,111.0,27.0,43.0,1.0,50,1.0,0,0.0
C1,410,0.1420246420627618,114.8,63.6,2,20.6,16.796875,172.0,103.0,43.0,1.0,50,3.0,1,0.0
C1,411,0.0922360684620587,112.0,62.9,2,7.8,16.796875,110.0,39.0,43.0,1.0,50,2.0,1,0.0
C1,412,0.10190024376979145,113.69999999999999,64.60000000000001,2,11.0,16.796875,130.0,55.0,43.0,1.0,50,2.0,2,0.0
C1,413,0.13818293696178696,112.9,64.0,2,18.6,16.796875,150.0,93.0,43.0,1.0,50,3.0,0,0.0
C1,414,-0.1433714263552786,198.0,108.5,1,7.6,17.1875,132.0,19.0,22.0,1.0,50,1.0,1,0.0
C1,415,-0.10912276482349217,199.7,107.39999999999999,1,14.4,17.1875,217.0,36.0,22.0,1.0,50,1.0,1,0.0
C1,416,-0.07133795701698065,191.5,105.39999999999999,1,18.0,17.1875,132.0,45.0,22.0,1.0,50,2.0,0,0.0
C1,417,0.15790814761838384,91.39999999999999,47.0,1,10.4,17.1875,44.0,26.0,22.0,1.0,50,3.0,0,0.0
C1,418,0.08501341077627858,119.1,74.1,1,10.4,17.1875,76.0,26.0,22.0,1.0,50,2.0,0,0.0
C1,419,-0.018330121165527374,192.3,106.89999999999999,1,31.6,17.1875,144.0,79.0,22.0,1.0,50,3.0,2,0.0
C1,420,0.013947368421052708,192.70000000000002,107.6,1,46.4,17.1875,215.0,116.0,22.0,1.0,50,3.0,0,0.0
C1,421,-0.048578890503386735,193.39999999999998,109.8,1,24.4,17.1875,117.0,61.0,22.0,1.0,50,3.0,1,0.0
C1,422,-0.027205541683696932,172.0,104.3,1,16.4,17.1875,100.0,41.0,22.0,1.0,50,2.0,2,0.0
C1,423,-0.018562352638341273,111.0,66.5,1,6.0,17.1875,65.0,15.0,22.0,1.0,90,1.0,1,0.0
C1,424,-0.21224033754480398,188.1,109.3,1,13.2,17.1875,102.0,33.0,22.0,1.0,90,2.0,0,0.0
C1,425,-0.16305629481816925,189.0,105.2,1,34.4,17.1875,157.0,86.0,22.0,1.0,90,3.0,0,0.0
C1,426,-0.16013519056647185,190.0,109.60000000000001,1,16.0,17.1875,107.0,40.0,22.0,1.0,70,2.0,2,0.0
C1,427,-0.029899097125518637,135.4,85.5,1,12.0,17.1875,81.0,30.0,22.0,1.0,70,2.0,0,0.0
C1,428,-0.2054767584022928,198.0,109.0,1,8.4,17.1875,113.0,21.0,22.0,1.0,70,1.0,2,0.0
C1,429,0.004210526315789553,196.39999999999998,110.3,1,60.8,17.1875,271.0,152.0,22.0,1.0,70,3.0,2,0.0
C1,430,-0.0923912354112906,190.6,108.5,1,32.8,17.1875,148.0,82.0,22.0,1.0,70,3.0,2,0.0
C1,431,-0.08641727334764224,189.70000000000002,107.5,1,33.6,17.1875,233.0,84.0,22.0,1.0,70,2.0,0,0.0
C1,432,-0.05834138741496234,200.8,109.89999999999999,1,46.8,17.1875,212.0,117.0,22.0,1.0,70,3.0,2,0.0
C1,433,-0.16134335651442033,191.0,111.0,1,16.4,17.1875,109.0,41.0,22.0,1.0,70,2.0,1,0.0
C1,434,0.16818412019739826,51.6,40.5,1,4.0,17.1875,47.0,10.0,22.0,1.0,70,1.0,2,0.0
C1,435,0.03972206237092123,105.7,63.6,1,9.2,17.1875,62.0,23.0,22.0,1.0,70,2.0,0,0.0
C1,436,-0.17650050888183155,184.9,109.39999999999999,1,6.4,17.1875,115.0,16.0,22.0,1.0,70,1.0,2,0.0
C1,437,-0.15235457703830457,189.79999999999998,106.1,1,18.0,17.1875,121.0,45.0,22.0,1.0,70,2.0,2,0.0
C1,438,-0.16450125125126236,192.20000000000002,105.80000000000001,1,16.4,17.1875,108.0,41.0,22.0,1.0,70,2.0,0,0.0
C1,439,-0.17943935709310338,196.8,106.89999999999999,1,15.6,17.1875,204.0,39.0,22.0,1.0,70,1.0,2,0.0
C1,440,-0.1731235676194191,194.39999999999998,109.0,1,15.6,17.1875,217.0,39.0,22.0,1.0,70,1.0,1,0.0
C1,441,-0.09325937861080011,192.3,106.2,1,33.6,17.1875,159.0,84.0,22.0,1.0,70,3.0,0,0.0
C1,442,-0.12089094895479602,202.8,110.60000000000001,1,13.6,17.1875,175.0,34.0,22.0,1.0,50,1.0,1,0.0
C1,443,-0.04941222529218092,185.20000000000002,107.1,1,19.2,17.1875,123.0,48.0,22.0,1.0,50,2.0,0,0.0
C1,444,-0.04008437390886424,190.8,109.8,1,24.8,17.1875,120.0,62.0,22.0,1.0,50,3.0,1,0.0
C1,445,0.5852193407177935,43.1,34.0,1,9.2,17.1875,33.0,23.0,22.0,1.0,50,3.0,1,0.0
C1,446,0.2000064819785651,69.4,42.9,1,6.8,17.1875,43.0,17.0,22.0,1.0,50,2.0,2,0.0
C1,447,0.4969025177146154,44.2,35.0,1,8.0,17.1875,34.0,20.0,22.0,1.0,70,2.0,1,0.0
C1,448,-0.026645770492134263,146.7,96.5,1,21.2,17.1875,94.0,53.0,22.0,1.0,70,3.0,0,0.0
C1,449,0.029143348513426565,124.89999999999999,78.10000000000001,1,20.8,17.1875,78.0,52.0,22.0,1.0,70,3.0,0,0.0
C1,450,-0.13057153162470297,177.7,105.2,1,15.2,17.1875,101.0,38.0,22.0,1.0,70,2.0,0,0.0
C1,451,-0.08188732109838728,159.20000000000002,96.8,1,15.2,17.1875,91.0,38.0,22.0,1.0,70,2.0,2,0.0
C1,452,-0.18410335057157917,191.20000000000002,110.60000000000001,1,9.6,17.1875,112.0,24.0,22.0,1.0,70,1.0,0,0.0
C1,453,-0.11530871188686687,195.89999999999998,112.9,1,30.8,17.1875,193.0,77.0,22.0,1.0,70,2.0,1,0.0
C1,454,-0.18226682761712304,196.3,109.39999999999999,1,14.4,17.1875,102.0,36.0,22.0,1.0,70,2.0,2,0.0
C1,455,-0.05491009998747107,192.6,110.3,1,42.4,17.1875,193.0,106.0,22.0,1.0,70,3.0,1,0.0
C1,456,-0.13463015761090696,190.8,110.7,1,23.2,17.1875,146.0,58.0,22.0,1.0,70,2.0,0,0.0
C1,457,-0.1517412023886765,181.7,104.2,1,12.0,17.1875,150.0,30.0,22.0,1.0,70,1.0,0,0.0
C1,458,-0.2415005088818315,209.60000000000002,118.1,1,6.4,17.1875,114.0,16.0,22.0,1.0,70,1.0,1,0.0
C1,459,-0.19951816684386497,198.9,111.60000000000001,1,11.2,17.1875,172.0,28.0,22.0,1.0,70,1.0,1,0.0
C1,460,-0.11145742182694177,190.4,108.7,1,28.4,17.1875,176.0,71.0,22.0,1.0,70,2.0,1,0.0
C1,461,-0.18888308081092015,196.3,109.7,1,12.4,17.1875,149.0,31.0,22.0,1.0,70,1.0,1,0.0
C1,462,-0.03311544028158153,137.6,88.2,1,12.8,17.1875,87.0,32.0,22.0,1.0,70,2.0,2,0.0
C1,463,-0.13967255449513066,177.6,105.7,1,12.4,17.1875,158.0,31.0,22.0,1.0,70,1.0,2,0.0
C1,464,-0.07764041296682786,196.6,110.7,1,39.6,17.1875,172.0,99.0,22.0,1.0,70,3.0,1,0.0
C1,465,-0.1579264628496203,194.8,110.10000000000001,1,20.0,17.1875,130.0,50.0,22.0,1.0,70,2.0,0,0.0
C1,466,-0.141897651570923,189.29999999999998,107.6,1,20.4,17.1875,142.0,51.0,22.0,1.0,70,2.0,2,0.0
C1,467,-0.1692550089491282,187.4,109.10000000000001,1,11.2,17.1875,165.0,28.0,22.0,1.0,70,1.0,1,0.0
C1,468,-0.18179965080789734,194.1,109.89999999999999,1,12.8,17.1875,183.0,32.0,22.0,1.0,70,1.0,2,0.0
C1,469,-0.08940954304125395,188.1,107.5,1,32.0,17.1875,140.0,80.0,22.0,1.0,70,3.0,2,0.0
C1,470,-0.17120102173771162,196.39999999999998,110.0,1,17.6,17.1875,205.0,44.0,22.0,1.0,70,1.0,1,0.0
C1,471,-0.08610734707544118,169.9,98.6,1,21.6,17.1875,92.0,54.0,22.0,1.0,70,3.0,2,0.0
C1,472,0.5044546733374005,44.0,33.9,1,10.0,17.1875,38.0,25.0,22.0,1.0,70,3.0,1,0.0
C1,473,-0.13636100530891354,179.9,99.0,1,15.2,17.1875,94.0,38.0,22.0,1.0,70,2.0,2,0.0
C1,474,-0.0027348564925025465,117.3,73.4,1,4.8,17.1875,64.0,12.0,22.0,1.0,70,1.0,0,0.0
C1,475,-0.19276177321391558,195.39999999999998,115.0,1,10.4,17.1875,122.0,26.0,22.0,1.0,70,1.0,1,0.0
C1,476,-0.16470252167500282,191.20000000000002,107.5,1,35.6,17.1875,163.0,89.0,22.0,1.0,90,3.0,2,0.0
C1,477,-0.21826117467238837,199.2,109.5,1,24.8,17.1875,109.0,62.0,22.0,1.0,90,3.0,1,0.0
C1,478,-0.22191254484357148,194.89999999999998,111.3,1,18.0,17.1875,118.0,45.0,22.0,1.0,90,2.0,0,0.0
C1,479,-0.21544625973483617,187.79999999999998,106.80000000000001,1,10.4,17.1875,101.0,26.0,22.0,1.0,90,1.0,1,0.0
C1,480,-0.2230671069306025,190.89999999999998,110.60000000000001,1,10.8,17.1875,152.0,27.0,22.0,1.0,90,1.0,2,0.0
C1,481,-0.05781852039123428,195.0,107.80000000000001,1,63.2,17.1875,293.0,158.0,22.0,1.0,90,3.0,0,0.0
C1,482,0.00868421052631585,194.70000000000002,109.89999999999999,1,94.0,17.1875,640.0,235.0,22.0,1.0,90,2.0,0,0.0
C1,483,-0.21493293192481433,196.1,115.4,1,22.8,17.1875,137.0,57.0,22.0,1.0,90,2.0,1,0.0
C1,484,-0.18206239544295272,195.20000000000002,110.9,1,33.6,17.1875,146.0,84.0,22.0,1.0,90,3.0,1,0.0
C1,485,-0.14952840732145162,194.0,107.89999999999999,1,41.6,17.1875,183.0,104.0,22.0,1.0,90,3.0,2,0.0
C1,486,-0.2233316114057745,201.9,113.0,1,25.6,17.1875,170.0,64.0,22.0,1.0,90,2.0,2,0.0
C1,487,-0.23439362815588893,195.0,114.1,1,10.4,17.1875,143.0,26.0,22.0,1.0,90,1.0,0,0.0
C1,488,-0.2050241849529711,182.7,107.6,1,8.0,17.1875,121.0,20.0,22.0,1.0,90,1.0,0,0.0
C1,489,0.13297479289674266,55.4,42.5,1,10.4,17.1875,45.0,26.0,22.0,1.0,90,3.0,2,0.0
C1,490,0.07956474607110783,75.30000000000001,43.2,1,9.6,17.1875,40.0,24.0,22.0,1.0,90,3.0,0,0.0
C1,491,-0.09507356058426514,142.9,88.7,1,12.0,17.1875,84.0,30.0,22.0,1.0,90,2.0,0,0.0
C1,492,0.6645151185065423,18.1,17.6,1,2.0,17.1875,7.0,5.0,22.0,1.0,90,2.0,2,0.0
C1,493,-0.16285780860958354,170.3,96.0,1,14.8,17.1875,99.0,37.0,22.0,1.0,90,2.0,0,0.0
C1,494,-0.20724124880443567,197.4,109.89999999999999,1,27.2,17.1875,127.0,68.0,22.0,1.0,90,3.0,2,0.0
C1,495,-0.1371013869064202,190.5,107.1,1,42.4,17.1875,188.0,106.0,22.0,1.0,90,3.0,2,0.0
C1,496,-0.03214252081025126,124.3,77.2,1,20.0,17.1875,79.0,50.0,22.0,1.0,90,3.0,0,0.0
C1,497,-0.2228162996215693,202.5,111.8,1,26.4,17.1875,125.0,66.0,22.0,1.0,90,3.0,0,0.0
C1,498,-0.1644528436696524,166.6,96.5,1,6.4,17.1875,92.0,16.0,22.0,1.0,90,1.0,2,0.0
C1,499,-0.23554427144092638,196.5,109.8,1,12.4,17.1875,171.0,31.0,22.0,1.0,90,1.0,0,0.0
C1,500,-0.18385658061481314,176.0,104.80000000000001,1,10.8,17.1875,170.0,27.0,22.0,1.0,90,1.0,1,0.0
C1,501,-0.21266883659972485,192.89999999999998,111.60000000000001,1,20.0,17.1875,273.0,50.0,22.0,1.0,90,1.0,2,0.0
C1,502,-0.14059313891318698,190.0,108.39999999999999,1,41.2,17.1875,293.0,103.0,22.0,1.0,90,2.0,1,0.0
C1,503,-0.1535947693005114,175.4,101.8,1,25.6,17.1875,400.0,64.0,22.0,1.0,90,1.0,2,0.0
C1,504,-0.12963015761090707,188.9,107.7,1,43.2,17.1875,300.0,108.0,22.0,1.0,90,2.0,2,0.0
C1,505,-0.19294062076761043,189.20000000000002,107.6,1,24.4,17.1875,363.0,61.0,22.0,1.0,90,1.0,0,0.0
C1,506,-0.12470104707447915,196.1,108.89999999999999,1,48.8,17.1875,334.0,122.0,22.0,1.0,90,2.0,2,0.0
C1,507,-0.21270277461716813,192.6,106.7,1,19.6,17.1875,266.0,49.0,22.0,1.0,90,1.0,2,0.0
C1,508,-0.19714191756676952,185.20000000000002,106.6,1,17.6,17.1875,237.0,44.0,22.0,1.0,90,1.0,0,0.0
C1,509,-0.11643347813920985,194.3,109.7,1,29.6,17.1875,218.0,74.0,22.0,1.0,70,2.0,0,0.0
C1,510,-0.18069555859695408,198.9,113.4,1,16.8,17.1875,226.0,42.0,22.0,1.0,70,1.0,2,0.0
C1,511,-0.17030837372996616,192.8,110.3,1,15.2,17.1875,231.0,38.0,22.0,1.0,70,1.0,0,0.0
C1,512,-0.16581704072494652,192.70000000000002,107.80000000000001,1,16.4,17.1875,217.0,41.0,22.0,1.0,70,1.0,2,0.0
C1,513,-0.17806397964958565,197.9,111.9,1,16.8,17.1875,222.0,42.0,22.0,1.0,70,1.0,1,0.0
C1,514,-0.09536464176869494,193.1,109.39999999999999,1,33.6,17.1875,227.0,84.0,22.0,1.0,70,2.0,1,0.0
C1,515,-0.059558058119390606,198.2,110.0,1,44.8,17.1875,304.0,112.0,22.0,1.0,70,2.0,2,0.0
C1,516,-0.040378912282888535,199.1,111.5,1,50.4,17.1875,348.0,126.0,22.0,1.0,70,2.0,1,0.0
C1,517,0.019736842105263164,190.5,108.5,1,73.2,17.1875,341.0,183.0,22.0,1.0,70,3.0,2,0.0
C1,518,-0.04601683654816335,163.0,79.69999999999999,2,28.8,16.796875,227.0,144.0,43.0,1.0,70,3.0,1,0.0
C1,519,0.05416620062228644,116.9,62.0,2,21.8,16.796875,188.0,109.0,43.0,1.0,70,3.0,0,0.0
C1,520,0.046146546666203755,112.69999999999999,61.5,2,16.8,16.796875,217.0,84.0,43.0,1.0,70,2.0,2,0.0
C1,521,0.06052004637422262,104.3,60.8,2,14.6,16.796875,353.0,73.0,43.0,1.0,70,1.0,0,0.0
C1,522,0.12169989733030884,116.1,61.5,2,36.8,16.796875,864.0,184.0,43.0,1.0,70,1.0,1,0.0
C1,523,0.12941072685380034,107.0,58.7,2,33.2,16.796875,413.0,166.0,43.0,1.0,70,2.0,0,0.0
C1,524,0.04732393841929286,105.1,57.9,2,11.2,16.796875,254.0,56.0,43.0,1.0,70,1.0,0,0.0
C1,525,0.010173784878047126,117.6,61.699999999999996,2,9.8,16.796875,234.0,49.0,43.0,1.0,70,1.0,1,0.0
C1,526,0.020327445504869326,116.8,63.4,2,12.4,16.796875,293.0,62.0,43.0,1.0,70,1.0,0,0.0
C1,527,0.1357952681187258,116.5,60.5,2,40.2,17.1875,325.0,201.0,44.0,1.0,70,3.0,0,0.0
C1,528,0.08118343272730466,116.2,61.699999999999996,2,27.8,16.796875,231.0,139.0,43.0,1.0,70,3.0,1,0.0
C1,529,0.07795516379410214,114.8,61.3,2,26.2,16.796875,204.0,131.0,43.0,1.0,70,3.0,2,0.0
C1,530,0.0329376109019683,113.5,62.6,2,13.6,16.796875,173.0,68.0,43.0,1.0,70,2.0,1,0.0
C1,531,-0.008082296346318879,120.7,64.10000000000001,2,6.2,16.796875,136.0,31.0,43.0,1.0,70,1.0,1,0.0
C1,532,0.05275954627563344,109.10000000000001,60.199999999999996,2,16.0,16.796875,130.0,80.0,43.0,1.0,70,3.0,2,0.0
C1,533,-0.09656397841409448,193.1,106.39999999999999,1,35.2,17.1875,163.0,88.0,22.0,1.0,70,3.0,2,0.0
C1,534,-0.17478205794049256,194.5,108.8,1,15.2,17.1875,188.0,38.0,22.0,1.0,70,1.0,0,0.0
C1,535,-0.09077450472988391,194.1,107.89999999999999,1,35.2,17.1875,261.0,88.0,22.0,1.0,70,2.0,0,0.0
C1,536,-0.15691590106061498,192.1,110.8,1,18.4,17.1875,220.0,46.0,22.0,1.0,70,1.0,2,0.0
C1,537,-0.10541451015270759,193.5,108.0,1,31.6,17.1875,216.0,79.0,22.0,1.0,70,2.0,2,0.0
C1,538,-0.145687880248702,182.4,105.7,1,14.4,17.1875,187.0,36.0,22.0,1.0,70,1.0,0,0.0
C1,539,-0.06446866385513192,193.6,109.10000000000001,1,40.8,17.1875,179.0,102.0,22.0,1.0,70,3.0,1,0.0
C1,540,-0.11120398383691804,195.70000000000002,105.39999999999999,1,31.6,17.1875,145.0,79.0,22.0,1.0,70,3.0,2,0.0
C1,541,-0.14740244841572975,186.79999999999998,106.30000000000001,1,17.2,17.1875,246.0,43.0,22.0,1.0,70,1.0,2,0.0
C1,542,0.01168491372330327,185.6,105.5,1,55.6,17.1875,273.0,139.0,22.0,1.0,70,3.0,0,0.0
C1,543,-0.1328448681908604,189.5,104.1,1,22.8,17.1875,161.0,57.0,22.0,1.0,70,2.0,1,0.0
C1,544,-0.05158778138788042,186.70000000000002,107.1,1,39.6,17.1875,181.0,99.0,22.0,1.0,70,3.0,0,0.0
C1,545,-0.10461531656378373,187.79999999999998,106.30000000000001,1,28.4,17.1875,210.0,71.0,22.0,1.0,70,2.0,2,0.0
C1,546,-0.05227852104010264,191.6,108.0,1,42.4,17.1875,202.0,106.0,22.0,1.0,70,3.0,2,0.0
C1,547,-0.10522736286395279,188.70000000000002,109.2,1,28.8,17.1875,200.0,72.0,22.0,1.0,70,2.0,0,0.0
C1,548,-0.045976916888529645,195.5,106.30000000000001,1,46.4,17.1875,215.0,116.0,22.0,1.0,70,3.0,1,0.0
C1,549,-0.0444974404985497,193.1,108.8,1,45.2,17.1875,215.0,113.0,22.0,1.0,70,3.0,1,0.0
C1,550,-0.1136498834088929,171.8,101.1,1,15.6,17.1875,214.0,39.0,22.0,1.0,70,1.0,1,0.0
C1,551,-0.21469438765000265,206.6,111.5,1,12.8,17.1875,153.0,32.0,22.0,1.0,70,1.0,2,0.0
C1,552,-0.10910893288028092,168.5,100.2,1,14.4,17.1875,200.0,36.0,22.0,1.0,70,1.0,0,0.0
C1,553,-0.10583889525438256,187.6,107.1,1,28.0,17.1875,184.0,70.0,22.0,1.0,70,2.0,2,0.0
C1,554,-0.04281852039123421,189.29999999999998,106.5,1,43.2,17.1875,204.0,108.0,22.0,1.0,70,3.0,2,0.0
C1,555,-0.02206459286925566,188.20000000000002,107.1,1,47.6,17.1875,228.0,119.0,22.0,1.0,70,3.0,0,0.0
C1,556,-0.14682826124883092,187.70000000000002,106.5,1,18.0,17.1875,222.0,45.0,22.0,1.0,70,1.0,0,0.0
C1,557,-0.05455175274198351,194.39999999999998,107.2,1,23.6,17.1875,165.0,59.0,22.0,1.0,50,2.0,2,0.0
C1,558,-0.03376227905777304,186.5,104.1,1,23.6,17.1875,157.0,59.0,22.0,1.0,50,2.0,0,0.0
C1,559,-0.009409505832658982,192.3,106.39999999999999,1,34.4,17.1875,158.0,86.0,22.0,1.0,50,3.0,1,0.0
C1,560,0.008421052631579051,194.8,108.8,1,47.2,17.1875,212.0,118.0,22.0,1.0,50,3.0,2,0.0
C1,561,-0.013161201754814944,185.4,105.2,1,28.0,17.1875,136.0,70.0,22.0,1.0,50,3.0,2,0.0
C1,562,-0.07757012002902297,195.89999999999998,110.10000000000001,1,19.2,17.1875,135.0,48.0,22.0,1.0,50,2.0,1,0.0
C1,563,0.0644736842105263,170.3,91.0,2,29.2,17.1875,146.0,73.0,22.0,1.0,30,3.0,2,0.0
C1,564,0.21079670603100942,112.3,60.5,2,18.0,16.796875,140.0,90.0,43.0,1.0,30,3.0,2,0.0
C1,565,0.2085684493888894,104.5,59.1,2,10.4,16.796875,129.0,52.0,43.0,1.0,30,2.0,1,0.0
C1,566,0.20884066177900282,111.10000000000001,59.0,2,16.0,16.796875,131.0,80.0,43.0,1.0,30,3.0,0,0.0
C1,567,0.19377610207726811,118.4,64.69999999999999,2,17.6,16.796875,186.0,88.0,43.0,1.0,30,2.0,2,0.0
C1,568,0.1788830685262558,113.0,60.1,2,8.4,16.796875,192.0,42.0,43.0,1.0,30,1.0,1,0.0
C1,569,0.16579103606251328,113.5,64.19999999999999,2,5.4,16.796875,141.0,27.0,43.0,1.0,30,1.0,0,0.0
C1,570,0.17559447810522943,112.5,62.300000000000004,2,7.2,16.796875,156.0,36.0,43.0,1.0,30,1.0,0,0.0
C1,571,0.18657923465411372,116.9,60.199999999999996,2,13.6,17.1875,159.0,68.0,44.0,1.0,30,2.0,2,0.0
C1,572,0.2006500952113354,115.6,60.699999999999996,2,17.4,16.796875,149.0,87.0,43.0,1.0,30,3.0,0,0.0
C1,573,0.2013004793571017,110.10000000000001,60.0,2,12.6,16.796875,162.0,63.0,43.0,1.0,30,2.0,1,0.0
C1,574,0.19640633145501196,118.3,63.70000000000001,2,18.6,16.796875,144.0,93.0,43.0,1.0,30,3.0,1,0.0
C1,575,0.2067096373347234,110.39999999999999,60.6,2,14.6,16.796875,188.0,73.0,43.0,1.0,30,2.0,2,0.0
C1,576,0.2205263157894737,114.2,61.5,2,21.4,16.796875,176.0,107.0,43.0,1.0,30,3.0,0,0.0
C1,577,0.1816471096841768,110.2,60.400000000000006,2,7.2,16.796875,187.0,36.0,43.0,1.0,30,1.0,1,0.0
C1,578,0.20763157894736844,115.9,61.699999999999996,3,36.2,16.796875,288.0,181.0,43.0,1.0,30,3.0,2,0.0
C1,579,0.2757232404850589,84.1,45.199999999999996,3,14.533334,16.666666,251.0,109.0,64.0,1.0,30,2.0,2,0.0
C1,580,0.23414622642099264,92.0,47.199999999999996,3,8.4,16.666666,140.0,63.0,64.0,1.0,30,2.0,2,0.0
C1,581,0.21663697706962934,99.6,47.6,3,9.066667,16.666666,319.0,68.0,64.0,1.0,30,1.0,1,0.0
C1,582,0.10895744021696593,76.0,40.099999999999994,7,51.3,16.601562,755.0,513.0,85.0,1.0,30,3.0,1,0.0
C1,583,0.6648749711831805,44.4,29.5,7,10.571428,16.40625,279.0,185.0,147.0,1.0,30,3.0,2,0.0
C1,584,0.6004223329969736,48.099999999999994,30.599999999999998,7,2.4571428,16.40625,162.0,43.0,147.0,1.0,30,1.0,1,0.0
C1,585,0.6312997373037941,44.3,29.4,7,1.8857143,16.40625,117.0,33.0,147.0,1.0,30,1.0,2,0.0
C1,586,0.6847884400303146,40.599999999999994,27.5,7,6.9714284,16.40625,163.0,122.0,147.0,1.0,30,3.0,2,0.0
C1,587,0.6405061572833362,43.6,29.0,5,6.6857142,16.40625,156.0,117.0,147.0,1.0,30,3.0,0,0.0
C1,588,0.23550459281249103,84.7,43.5,3,8.133333,16.666666,127.0,61.0,64.0,1.0,30,2.0,0,0.0
C1,589,0.18645025859050723,116.2,60.1,2,15.8,16.796875,120.0,79.0,43.0,1.0,30,3.0,1,0.0
C1,590,0.22704016047452924,107.0,60.1,2,19.0,16.796875,145.0,95.0,43.0,1.0,30,3.0,0,0.0
C1,591,0.19509108759465535,113.9,61.1,2,13.8,16.796875,164.0,69.0,43.0,1.0,30,2.0,1,0.0
C1,592,0.19957900621073793,99.1,60.900000000000006,2,4.4,16.796875,133.0,22.0,43.0,1.0,30,1.0,1,0.0
C1,593,0.1608653547819295,117.8,59.5,2,7.0,16.796875,187.0,35.0,43.0,1.0,30,1.0,1,0.0
C1,594,0.21936812259807767,109.39999999999999,60.3,2,18.4,16.796875,142.0,92.0,43.0,1.0,30,3.0,1,0.0
C1,595,0.19052660307516636,115.4,61.199999999999996,2,13.6,16.796875,179.0,68.0,43.0,1.0,30,2.0,1,0.0
C1,596,0.22105263157894736,114.0,63.2,2,23.2,16.796875,179.0,116.0,43.0,1.0,30,3.0,1,0.0
C1,597,0.17344452542391087,110.9,63.8,2,5.6,16.796875,135.0,28.0,43.0,1.0,30,1.0,2,0.0
C1,598,0.15664287925799816,115.1,59.7,2,4.2,16.796875,99.0,21.0,43.0,1.0,30,1.0,2,0.0
C1,599,0.15344057989508844,116.0,64.8,2,4.0,16.796875,127.0,20.0,43.0,1.0,30,1.0,0,0.0
C1,600,0.21753512799632238,104.89999999999999,58.7,2,13.4,16.796875,170.0,67.0,43.0,1.0,30,2.0,2,0.0
C1,601,0.2633246016805329,87.5,55.599999999999994,2,13.4,16.796875,150.0,67.0,43.0,1.0,30,2.0,0,0.0
C1,602,0.039473684210526425,179.79999999999998,99.1,1,22.4,17.1875,104.0,56.0,22.0,1.0,30,3.0,0,0.0
C1,603,-0.03366039216115932,194.89999999999998,107.80000000000001,1,9.2,17.1875,120.0,23.0,22.0,1.0,30,1.0,0,0.0
C1,604,0.03578947368421054,184.4,107.5,1,26.4,17.1875,171.0,66.0,22.0,1.0,30,2.0,1,0.0
C1,605,0.015263157894736867,192.20000000000002,109.5,1,24.0,17.1875,156.0,60.0,22.0,1.0,30,2.0,1,0.0
C1,606,-0.018001443484155055,197.3,105.2,1,16.0,17.1875,213.0,40.0,22.0,1.0,30,1.0,1,0.0
C1,607,-0.033973576938959665,197.2,111.8,1,10.8,17.96875,149.0,27.0,23.0,1.0,30,1.0,1,0.0
C1,608,-0.06210497587220201,211.4,115.4,1,13.6,17.1875,174.0,34.0,22.0,1.0,30,1.0,0,0.0
C1,609,-5.551115123125783e-17,198.0,108.10000000000001,1,26.8,17.1875,185.0,67.0,22.0,1.0,30,2.0,1,0.0
C1,610,0.023684210526315752,189.0,104.5,1,22.8,17.1875,101.0,57.0,22.0,1.0,30,3.0,2,0.0
C1,611,-0.03145667245446088,198.3,110.10000000000001,1,12.4,17.1875,172.0,31.0,22.0,1.0,30,1.0,1,0.0
C1,612,0.04254665873720355,171.9,91.0,2,43.2,17.1875,200.0,108.0,22.0,1.0,30,3.0,0,0.0
C1,613,0.19210195613992193,107.39999999999999,60.699999999999996,2,8.0,16.796875,195.0,40.0,43.0,1.0,30,1.0,1,0.0
C1,614,0.21560598476180504,96.69999999999999,56.9,2,6.8,16.796875,156.0,34.0,43.0,1.0,30,1.0,1,0.0
C1,615,0.18913018091255734,119.2,61.800000000000004,2,16.6,16.796875,193.0,83.0,43.0,1.0,30,2.0,1,0.0
C1,616,0.225,112.5,59.4,2,26.0,16.796875,207.0,130.0,43.0,1.0,30,3.0,0,0.0
C1,617,0.1977984875045918,116.3,61.1,2,17.0,16.796875,188.0,85.0,43.0,1.0,30,2.0,1,0.0
C1,618,0.22342105263157894,113.10000000000001,59.7,2,24.8,16.796875,201.0,124.0,43.0,1.0,30,3.0,0,0.0
C1,619,0.23210526315789476,109.8,59.2,2,21.2,16.796875,253.0,106.0,43.0,1.0,30,2.0,2,0.0
C1,620,0.20670272679028276,113.3,60.6,2,17.4,16.796875,207.0,87.0,43.0,1.0,30,2.0,0,0.0
C1,621,0.14137259279382808,123.7,62.4,2,6.0,16.796875,128.0,30.0,43.0,1.0,30,1.0,2,0.0
C1,622,0.21529278798868173,107.80000000000001,58.6,2,15.2,16.796875,350.0,76.0,43.0,1.0,30,1.0,1,0.0
C1,623,0.22342105263157894,113.10000000000001,61.5,2,29.4,16.796875,732.0,147.0,43.0,1.0,30,1.0,1,0.0
C1,624,0.21105263157894738,117.8,62.4,2,31.6,16.796875,765.0,158.0,43.0,1.0,30,1.0,1,0.0
C1,625,-0.0005525276337340901,88.5,42.3,8,49.2,16.601562,723.0,492.0,85.0,1.0,30,3.0,2,0.0
C1,626,0.6635513366710335,38.800000000000004,26.8,8,18.25,16.40625,756.0,365.0,168.0,1.0,50,2.0,1,0.0
C1,627,0.6598496036284536,39.4,26.700000000000003,8,18.6,16.40625,785.0,372.0,168.0,1.0,50,2.0,1,0.0
C1,628,0.6978412778860372,38.9,26.700000000000003,8,26.5,16.503906,737.0,530.0,169.0,1.0,50,3.0,1,0.0
C1,629,0.615943898833708,39.9,27.599999999999998,8,9.8,16.503906,789.0,196.0,169.0,1.0,50,1.0,2,0.0
C1,630,0.49047770607253227,39.4,26.700000000000003,5,9.0,16.503906,681.0,180.0,169.0,1.0,50,1.0,0,0.0
C1,631,0.6526315789473685,50.0,33.7,5,41.68,16.5625,791.0,521.0,106.0,1.0,50,3.0,2,0.0
C1,632,0.6640350877192982,48.7,33.0,5,44.56,16.5625,767.0,557.0,106.0,1.0,50,3.0,2,0.0
C1,633,0.6640350877192982,48.7,32.9,5,53.76,16.5625,967.0,672.0,106.0,1.0,50,3.0,0,0.0
C1,634,0.6684210526315788,48.2,32.7,5,47.92,16.5625,1359.0,599.0,106.0,1.0,50,2.0,1,0.0
C1,635,0.6692982456140351,48.099999999999994,32.5,5,46.48,16.5625,853.0,581.0,106.0,1.0,50,3.0,1,0.0
C1,636,0.5419581470109656,49.7,33.4,5,12.48,16.5625,689.0,156.0,106.0,1.0,50,1.0,2,0.0
C1,637,0.6476867185480744,48.4,33.300000000000004,5,36.32,16.5625,685.0,454.0,106.0,1.0,50,3.0,1,0.0
C1,638,0.5980877761632799,49.3,34.0,5,24.4,16.5625,653.0,305.0,106.0,1.0,50,2.0,2,0.0
C1,639,0.5493355813930536,48.9,33.6,5,12.56,16.5625,698.0,157.0,106.0,1.0,50,1.0,0,0.0
C1,640,0.6701754385964911,48.0,33.099999999999994,5,42.72,16.5625,773.0,534.0,106.0,1.0,50,3.0,2,0.0
C1,641,0.5790315658969329,49.2,33.9,5,19.76,16.5625,1073.0,247.0,106.0,1.0,50,1.0,0,0.0
C1,642,0.6657894736842105,48.5,32.9,5,46.96,16.5625,1317.0,587.0,106.0,1.0,50,2.0,1,0.0
C1,643,0.553047365373836,48.599999999999994,33.0,5,12.8,16.5625,685.0,160.0,106.0,1.0,50,1.0,0,0.0
C1,644,0.6487771670504139,48.300000000000004,32.599999999999994,5,36.4,16.5625,661.0,455.0,106.0,1.0,50,3.0,1,0.0
C1,645,0.5791601427965622,45.5,32.7,5,12.56,16.5625,700.0,157.0,106.0,1.0,50,1.0,0,0.0
C1,646,0.604888524413731,48.9,32.7,5,25.2,16.5625,718.0,315.0,106.0,1.0,50,2.0,2,0.0
C1,647,0.53878534060084,49.0,33.0,5,10.4,16.5625,577.0,130.0,106.0,1.0,50,1.0,2,0.0
C1,648,0.3218892560033806,60.199999999999996,37.0,4,31.9,16.601562,462.0,319.0,85.0,1.0,50,3.0,0,0.0
C1,649,0.3755263157894737,55.300000000000004,36.3,4,40.3,16.601562,603.0,403.0,85.0,1.0,50,3.0,2,0.0
C1,650,0.3107578317576825,62.6,38.199999999999996,4,28.2,16.601562,622.0,282.0,85.0,1.0,50,2.0,2,0.0
C1,651,0.22938354082851808,67.3,38.800000000000004,4,12.2,16.601562,544.0,122.0,85.0,1.0,50,1.0,0,0.0
C1,652,0.33938395222545026,62.4,37.400000000000006,4,36.9,16.601562,566.0,369.0,85.0,1.0,50,3.0,1,0.0
C1,653,0.2593835408285181,55.9,37.3,4,12.2,16.601562,549.0,122.0,85.0,1.0,50,1.0,1,0.0
C1,654,0.3807894736842105,53.3,36.900000000000006,4,46.2,16.601562,693.0,462.0,85.0,1.0,50,3.0,1,0.0
C1,655,0.3193759361004993,64.10000000000001,37.400000000000006,4,31.7,16.601562,715.0,317.0,85.0,1.0,50,2.0,1,0.0
C1,656,0.34342105263157896,67.5,38.3,4,47.2,16.601562,701.0,472.0,85.0,1.0,50,3.0,0,0.0
C1,657,0.32294117107180353,65.19999999999999,38.4,4,33.7,16.601562,730.0,337.0,85.0,1.0,50,2.0,2,0.0
C1,658,0.25452286602279056,59.8,37.1,4,13.4,16.601562,591.0,134.0,85.0,1.0,50,1.0,2,0.0
C1,659,0.2617981065708724,54.300000000000004,36.8,4,11.8,16.601562,540.0,118.0,85.0,1.0,50,1.0,0,0.0
C1,660,0.23174062999257236,68.8,38.4,4,13.6,16.601562,612.0,136.0,85.0,1.0,50,1.0,0,0.0
C1,661,0.32917888438926146,55.599999999999994,37.1,4,28.2,16.601562,623.0,282.0,85.0,1.0,50,2.0,0,0.0
C1,662,0.16189107797788738,92.60000000000001,44.900000000000006,3,13.866667,16.666666,484.0,104.0,64.0,1.0,50,1.0,0,0.0
C1,663,0.29289473684210526,86.7,44.8,3,45.733334,16.666666,552.0,343.0,64.0,1.0,50,3.0,0,0.0
C1,664,0.2968421052631579,85.2,44.1,3,49.6,16.666666,549.0,372.0,64.0,1.0,50,3.0,1,0.0
C1,665,0.28868421052631577,88.3,45.199999999999996,3,47.2,16.666666,561.0,354.0,64.0,1.0,50,3.0,1,0.0
C1,666,0.06000031177654759,95.3,46.6,3,26.666666,16.666666,453.0,200.0,64.0,1.0,90,2.0,1,0.0
C1,667,0.08329371179490579,93.2,47.0,3,32.666668,16.666666,564.0,245.0,64.0,1.0,90,2.0,1,0.0
C1,668,0.03666263870909266,91.1,45.6,3,8.533334,16.666666,141.0,64.0,64.0,1.0,90,2.0,1,0.0
C1,669,0.05732618950207484,84.7,44.3,3,11.466666,16.666666,177.0,86.0,64.0,1.0,90,2.0,1,0.0
C1,670,0.054117719866009176,81.9,45.8,2,9.866667,16.666666,108.0,74.0,64.0,1.0,90,3.0,1,0.0
C1,671,-0.02804538040302884,116.0,62.199999999999996,2,9.2,16.796875,101.0,46.0,43.0,1.0,90,2.0,1,0.0
C1,672,0.04595267298648974,85.8,45.8,2,4.2,16.796875,89.0,21.0,43.0,1.0,90,1.0,0,0.0
C1,673,-0.2396263984766681,192.3,112.8,1,7.2,17.1875,106.0,18.0,22.0,1.0,90,1.0,2,0.0
C1,674,-0.23007043958041373,198.0,109.3,1,18.0,17.1875,126.0,45.0,22.0,1.0,90,2.0,2,0.0
C1,675,-0.03372086493519061,123.1,74.80000000000001,1,17.6,17.1875,74.0,44.0,22.0,1.0,90,3.0,2,0.0
C1,676,-0.10733149282010976,149.2,95.0,1,14.8,17.1875,92.0,37.0,22.0,1.0,90,2.0,1,0.0
C1,677,-0.07724656316465703,133.3,89.0,1,6.0,17.1875,80.0,15.0,22.0,1.0,90,1.0,0,0.0
C1,678,-0.2118672765465015,193.89999999999998,107.30000000000001,1,21.6,17.1875,152.0,54.0,22.0,1.0,90,2.0,2,0.0
C1,679,-0.19896214537287688,196.39999999999998,109.2,1,29.2,17.1875,135.0,73.0,22.0,1.0,90,3.0,1,0.0
C1,680,-0.016487722243655495,109.60000000000001,60.400000000000006,1,4.4,17.1875,59.0,11.0,22.0,1.0,90,1.0,0,0.0
C1,681,-0.21585991326462417,192.6,107.5,1,18.0,17.1875,123.0,45.0,22.0,1.0,90,2.0,0,0.0
C1,682,-0.1878685113815492,186.9,105.6,1,24.0,17.1875,108.0,60.0,22.0,1.0,90,3.0,1,0.0
C1,683,-0.15603878756462042,191.20000000000002,110.10000000000001,1,38.0,17.1875,170.0,95.0,22.0,1.0,90,3.0,0,0.0
C1,684,-0.19111838318183821,186.70000000000002,110.7,1,22.4,17.1875,102.0,56.0,22.0,1.0,90,3.0,0,0.0
C1,685,-0.10752113531877347,145.3,92.89999999999999,1,7.2,17.1875,85.0,18.0,22.0,1.0,90,1.0,1,0.0
C1,686,-0.22833161140577451,203.8,112.60000000000001,1,25.6,17.1875,117.0,64.0,22.0,1.0,90,3.0,2,0.0
C1,687,-0.07067694567596691,133.20000000000002,83.8,1,11.2,17.1875,70.0,28.0,22.0,1.0,90,2.0,2,0.0
C1,688,-0.21111838318183823,194.3,109.0,1,22.4,17.1875,151.0,56.0,22.0,1.0,90,2.0,2,0.0
C1,689,0.007291875489090452,102.2,62.300000000000004,1,8.4,17.1875,51.0,21.0,22.0,1.0,90,2.0,2,0.0
C1,690,-0.04406699983226223,126.2,78.5,1,16.4,17.1875,71.0,41.0,22.0,1.0,90,3.0,0,0.0
C1,691,-0.1016233162876555,146.3,96.0,1,13.6,17.1875,98.0,34.0,22.0,1.0,90,2.0,2,0.0
C1,692,-0.021224727613102706,113.60000000000001,66.4,1,9.6,17.1875,63.0,24.0,22.0,1.0,90,2.0,1,0.0
C1,693,0.08208730750644203,75.80000000000001,44.5,1,12.4,17.1875,48.0,31.0,22.0,1.0,90,3.0,2,0.0
C1,694,0.04905781204964757,85.8,44.5,1,7.2,17.1875,42.0,18.0,22.0,1.0,90,2.0,1,0.0
C1,695,-0.26376075608985694,205.2,114.0,1,8.4,17.1875,109.0,21.0,22.0,1.0,90,1.0,2,0.0
C1,696,-0.2255159694433448,195.70000000000002,108.8,1,17.2,17.1875,121.0,43.0,22.0,1.0,90,2.0,1,0.0
C1,697,-0.24371789713946623,201.8,115.1,1,16.0,17.1875,112.0,40.0,22.0,1.0,90,2.0,2,0.0
C1,698,-0.15924718072466426,170.8,99.8,1,17.6,17.1875,99.0,44.0,22.0,1.0,90,2.0,2,0.0
C1,699,-0.19936116987671304,181.10000000000002,108.60000000000001,1,9.2,17.1875,133.0,23.0,22.0,1.0,90,1.0,0,0.0
C1,700,-0.19772072895616138,194.20000000000002,108.39999999999999,1,27.6,17.1875,133.0,69.0,22.0,1.0,90,3.0,1,0.0
C1,701,0.017368421052631644,191.39999999999998,108.39999999999999,1,95.2,17.1875,433.0,238.0,22.0,1.0,90,3.0,0,0.0
C1,702,0.043568456138164166,160.8,84.5,3,109.6,16.796875,740.0,548.0,43.0,1.0,90,3.0,2,0.0
C1,703,0.031816287843106694,91.1,46.5,3,4.0,16.666666,141.0,30.0,64.0,1.0,90,1.0,2,0.0
C1,704,0.04223415705378668,87.0,43.1,3,3.6,16.666666,114.0,27.0,64.0,1.0,90,1.0,0,0.0
C1,705,0.007851471899033569,100.4,50.5,3,4.5333333,16.666666,127.0,34.0,64.0,1.0,90,1.0,0,0.0
C1,706,0.03740661325196032,90.39999999999999,46.800000000000004,3,7.6,16.666666,135.0,57.0,64.0,1.0,90,2.0,1,0.0
C1,707,0.03558090703467444,86.1,43.9,2,2.9333334,16.666666,104.0,22.0,64.0,1.0,90,1.0,0,0.0
C1,708,-0.03550547524859979,114.4,61.0,1,6.4,17.1875,61.0,16.0,22.0,1.0,90,1.0,1,0.0
C1,709,0.02255503338382729,96.4,56.599999999999994,1,8.4,17.1875,52.0,21.0,22.0,1.0,90,2.0,2,0.0
C1,710,0.042448615906131526,89.6,61.3,1,10.0,17.1875,60.0,25.0,22.0,1.0,90,2.0,0,0.0
C1,711,-0.06485193245386739,137.7,87.0,1,21.2,17.1875,89.0,53.0,22.0,1.0,90,3.0,0,0.0
C1,712,0.03413696573152436,93.8,53.1,1,12.0,17.1875,57.0,30.0,22.0,1.0,90,3.0,1,0.0
C1,713,0.01219376580351375,99.0,57.8,1,5.2,17.1875,54.0,13.0,22.0,1.0,90,1.0,2,0.0
C1,714,0.04110184618020317,91.6,53.400000000000006,1,12.8,17.1875,54.0,32.0,22.0,1.0,90,3.0,0,0.0
C1,715,0.023533580639822582,97.4,54.5,1,11.2,17.1875,51.0,28.0,22.0,1.0,90,3.0,0,0.0
C1,716,-0.017319206451375746,113.8,67.0,1,12.8,17.1875,64.0,32.0,22.0,1.0,90,3.0,0,0.0
C1,717,0.014660296541722004,99.4,60.199999999999996,1,8.4,17.1875,55.0,21.0,22.0,1.0,90,2.0,2,0.0
C1,718,0.0774973149485235,73.6,44.4,1,3.6,17.1875,47.0,9.0,22.0,1.0,90,1.0,1,0.0
C1,719,0.021768544678892762,98.5,55.300000000000004,1,12.0,17.1875,53.0,30.0,22.0,1.0,90,3.0,1,0.0
C1,720,0.06892155100100145,77.0,40.7,1,4.0,17.1875,44.0,10.0,22.0,1.0,90,1.0,2,0.0
C1,721,-0.07135244388255899,137.4,82.8,1,17.6,17.1875,82.0,44.0,22.0,1.0,90,3.0,1,0.0
C1,722,0.022512833764160994,96.60000000000001,56.7,1,8.8,17.1875,54.0,22.0,22.0,1.0,90,2.0,1,0.0
C1,723,0.01830331379582044,99.6,57.1,1,11.6,17.1875,51.0,29.0,22.0,1.0,90,3.0,2,0.0
C1,724,-0.020552133209524898,111.0,58.4,1,4.0,17.1875,53.0,10.0,22.0,1.0,90,1.0,0,0.0
C1,725,0.02024520224328416,99.3,56.300000000000004,1,12.4,17.1875,57.0,31.0,22.0,1.0,90,3.0,1,0.0
C1,726,-0.02061317723761752,116.5,68.4,1,15.2,17.1875,61.0,38.0,22.0,1.0,90,3.0,0,0.0
C1,727,-0.10179248520786452,185.4,107.1,1,47.6,17.1875,313.0,119.0,22.0,1.0,90,2.0,2,0.0
C1,728,0.029656491694213263,176.6,91.30000000000001,2,103.4,16.796875,654.0,517.0,43.0,1.0,90,3.0,0,0.0
C1,729,0.15982461220796365,94.3,47.7,3,54.4,16.666666,627.0,408.0,64.0,1.0,90,3.0,0,0.0
C1,730,0.06047621094459407,89.0,45.6,3,19.866667,16.666666,658.0,149.0,64.0,1.0,90,1.0,0,0.0
C1,731,0.1075235800330771,87.4,46.300000000000004,3,35.333332,16.666666,630.0,265.0,64.0,1.0,90,2.0,1,0.0
C1,732,0.18298338800865288,91.89999999999999,45.3,3,56.266666,16.666666,631.0,422.0,64.0,1.0,90,3.0,1,0.0
C1,733,0.10076573381475111,90.5,45.5,3,35.733334,16.666666,640.0,268.0,64.0,1.0,90,2.0,1,0.0
C1,734,0.013344630438776331,107.80000000000001,54.699999999999996,2,24.6,16.796875,627.0,123.0,43.0,1.0,90,1.0,1,0.0
C1,735,0.2054119211929431,113.60000000000001,61.1,2,77.2,17.1875,642.0,386.0,44.0,1.0,90,3.0,2,0.0
C1,736,0.11076665932555149,113.4,62.300000000000004,2,52.8,16.796875,632.0,264.0,43.0,1.0,90,2.0,0,0.0
C1,737,0.22131578947368424,113.9,61.3,2,80.0,17.1875,645.0,400.0,44.0,1.0,90,3.0,0,0.0
C1,738,0.21422395567418193,112.19999999999999,60.900000000000006,2,79.4,16.796875,648.0,397.0,43.0,1.0,90,3.0,2,0.0
C1,739,-0.00333995008066007,118.5,62.9,2,25.8,16.796875,635.0,129.0,43.0,1.0,90,1.0,2,0.0
C1,740,0.10234740337702786,111.5,60.699999999999996,2,49.8,16.796875,666.0,249.0,43.0,1.0,90,2.0,1,0.0
C1,741,0.02902580564158866,106.80000000000001,59.0,2,26.4,16.796875,667.0,132.0,43.0,1.0,90,1.0,0,0.0
C1,742,0.09689224364041046,112.9,60.900000000000006,2,49.4,17.1875,620.0,247.0,44.0,1.0,90,2.0,1,0.0
C1,743,0.19043905581077425,115.9,61.5,2,74.0,16.796875,612.0,370.0,43.0,1.0,90,3.0,1,0.0
C1,744,0.19627144332481808,112.5,61.199999999999996,2,73.0,16.796875,606.0,365.0,43.0,1.0,90,3.0,2,0.0
C1,745,0.07583934233545538,110.2,59.6,2,22.8,16.796875,591.0,114.0,43.0,1.0,70,1.0,2,0.0
C1,746,0.0786326432646806,110.7,60.1,2,23.8,16.796875,592.0,119.0,43.0,1.0,70,1.0,0,0.0
C1,747,0.07124711722738356,116.7,65.4,2,25.8,17.1875,601.0,129.0,44.0,1.0,70,1.0,0,0.0
C1,748,0.20041960914742388,114.3,60.900000000000006,2,56.0,16.796875,665.0,280.0,43.0,1.0,70,2.0,2,0.0
C1,749,0.21631578947368424,115.8,61.5,2,75.6,16.796875,629.0,378.0,43.0,1.0,70,3.0,2,0.0
C1,750,0.03463671637034489,116.8,65.10000000000001,2,16.6,16.796875,122.0,83.0,43.0,1.0,70,3.0,2,0.0
C1,751,0.018465371180699283,114.0,59.0,2,9.4,16.796875,118.0,47.0,43.0,1.0,70,2.0,2,0.0
C1,752,0.1433722403235884,60.3,38.5,2,3.2,16.796875,67.0,16.0,43.0,1.0,70,1.0,0,0.0
C1,753,0.04095973004542457,115.5,61.199999999999996,2,17.4,16.796875,139.0,87.0,43.0,1.0,70,3.0,1,0.0
C1,754,0.032114510162953885,107.5,52.6,2,8.2,17.1875,84.0,41.0,44.0,1.0,70,2.0,2,0.0
C1,755,0.1809470699664987,120.80000000000001,69.2,1,18.4,17.1875,77.0,46.0,22.0,1.0,30,3.0,0,0.0
C1,756,-0.07048847658783902,210.0,118.7,1,10.0,17.1875,125.0,25.0,22.0,1.0,30,1.0,2,0.0
C1,757,0.01921052631578951,190.70000000000002,109.10000000000001,1,24.0,17.1875,107.0,60.0,22.0,1.0,30,3.0,1,0.0
C1,758,-0.048120055535207595,201.5,112.3,1,10.0,17.1875,119.0,25.0,22.0,1.0,30,1.0,0,0.0
C1,759,0.09692177423548923,141.8,86.2,1,6.8,17.1875,87.0,17.0,22.0,1.0,30,1.0,2,0.0
C1,760,0.12208150297659928,129.8,78.3,1,5.2,17.1875,73.0,13.0,22.0,1.0,30,1.0,2,0.0
C1,761,0.036578947368421044,184.10000000000002,106.1,1,21.2,17.1875,287.0,53.0,22.0,1.0,30,1.0,1,0.0
C1,762,0.023421052631578884,185.9,93.39999999999999,2,37.4,16.796875,716.0,187.0,43.0,1.0,30,1.0,0,0.0
C1,763,0.036855949277484826,117.9,64.4,2,18.0,16.796875,222.0,90.0,43.0,1.0,70,2.0,1,0.0
C1,764,0.02337583679634961,119.2,64.60000000000001,2,15.2,16.796875,125.0,76.0,43.0,1.0,70,3.0,2,0.0
C1,765,0.07218086154841796,90.2,46.4,2,6.2,16.796875,77.0,31.0,43.0,1.0,70,2.0,0,0.0
C1,766,0.04562163837124972,100.9,52.400000000000006,2,6.8,16.796875,80.0,34.0,43.0,1.0,70,2.0,0,0.0
C1,767,0.43889855611306205,49.4,34.9,2,3.2,16.796875,58.0,16.0,43.0,1.0,70,1.0,2,0.0
C1,768,-0.14882019877631697,172.0,96.60000000000001,1,7.2,17.1875,93.0,18.0,22.0,1.0,70,1.0,0,0.0
C1,769,-0.1399961314707176,191.6,104.0,1,22.4,17.1875,140.0,56.0,22.0,1.0,70,2.0,0,0.0
C1,770,-0.1409741930923578,171.4,93.3,1,6.4,17.1875,97.0,16.0,22.0,1.0,70,1.0,0,0.0
C1,771,-0.12448515824234913,188.20000000000002,107.89999999999999,1,24.0,17.1875,176.0,60.0,22.0,1.0,70,2.0,0,0.0
C1,772,-0.06887087926697677,143.6,92.1,1,6.0,17.1875,94.0,15.0,22.0,1.0,70,1.0,2,0.0
C1,773,-0.14213633672336712,191.8,107.0,1,22.0,17.1875,107.0,55.0,22.0,1.0,70,3.0,2,0.0
C1,774,-0.11889749976980774,184.2,106.0,1,22.8,17.1875,145.0,57.0,22.0,1.0,70,2.0,1,0.0
C1,775,-0.10268100051754048,186.4,104.7,1,28.0,17.1875,128.0,70.0,22.0,1.0,70,3.0,2,0.0
C1,776,-0.11011768866552557,191.89999999999998,108.7,1,29.6,17.1875,126.0,74.0,22.0,1.0,70,3.0,2,0.0
C1,777,0.13436287706831324,72.5,53.1,1,11.6,17.1875,50.0,29.0,22.0,1.0,70,3.0,0,0.0
C1,778,-0.1469312565915611,174.9,101.5,1,7.6,17.1875,92.0,19.0,22.0,1.0,70,1.0,1,0.0
C1,779,0.006269906725812388,113.5,71.3,1,4.4,17.1875,61.0,11.0,22.0,1.0,70,1.0,2,0.0
C1,780,-0.008730093274187611,119.2,75.39999999999999,1,4.4,17.1875,60.0,11.0,22.0,1.0,70,1.0,2,0.0
C1,781,-0.17810833734966114,187.6,104.0,1,8.4,17.1875,138.0,21.0,22.0,1.0,70,1.0,2,0.0
C1,782,-0.14460366295861166,198.4,110.7,1,25.6,17.1875,166.0,64.0,22.0,1.0,70,2.0,2,0.0
C1,783,-0.11328787348492747,186.5,107.30000000000001,1,25.6,17.1875,162.0,64.0,22.0,1.0,70,2.0,0,0.0
C1,784,-0.09355985730545532,193.1,109.89999999999999,1,34.0,17.1875,143.0,85.0,22.0,1.0,70,3.0,1,0.0
C1,785,-0.14262771041808603,192.6,108.2,1,22.4,17.1875,157.0,56.0,22.0,1.0,70,2.0,2,0.0
C1,786,-0.17583395631754933,189.9,103.5,1,11.2,17.1875,146.0,28.0,22.0,1.0,70,1.0,1,0.0
C1,787,-0.18177781765302542,193.6,110.7,1,12.4,17.1875,156.0,31.0,22.0,1.0,70,1.0,0,0.0
C1,788,-0.18216080946565988,204.6,116.1,1,20.4,17.1875,140.0,51.0,22.0,1.0,70,2.0,1,0.0
C1,789,-0.18293921947544395,192.6,112.60000000000001,1,11.2,17.1875,150.0,28.0,22.0,1.0,70,1.0,1,0.0
C1,790,-0.11609818557107748,196.20000000000002,111.0,1,30.8,17.1875,126.0,77.0,22.0,1.0,70,3.0,2,0.0
C1,791,-0.1358790756710943,193.8,109.2,1,24.8,17.1875,167.0,62.0,22.0,1.0,70,2.0,0,0.0
C1,792,-0.18541914004526333,191.70000000000002,111.0,1,9.6,17.1875,128.0,24.0,22.0,1.0,70,1.0,0,0.0
C1,793,-0.08857752603195965,173.3,99.0,1,23.2,17.1875,92.0,58.0,22.0,1.0,70,3.0,2,0.0
C1,794,-0.11294415841227723,190.29999999999998,108.39999999999999,1,28.0,17.1875,130.0,70.0,22.0,1.0,70,3.0,2,0.0
C1,795,-0.17731513901906604,201.0,108.10000000000001,1,19.2,17.1875,121.0,48.0,22.0,1.0,70,2.0,0,0.0
C1,796,0.05608939649158835,101.3,56.4,1,10.8,17.1875,51.0,27.0,22.0,1.0,70,3.0,2,0.0
C1,797,-0.14399118138889783,204.1,109.60000000000001,1,29.2,17.1875,129.0,73.0,22.0,1.0,70,3.0,1,0.0
C1,798,-0.060856651486573377,159.1,97.3,1,20.8,17.1875,94.0,52.0,22.0,1.0,70,3.0,2,0.0
C1,799,-0.10677711972176174,167.1,96.8,1,14.0,17.1875,92.0,35.0,22.0,1.0,70,2.0,1,0.0
C1,800,-0.0016234300017597958,123.7,76.30000000000001,1,11.2,17.1875,77.0,28.0,22.0,1.0,70,2.0,1,0.0
C1,801,0.019999999999999962,190.4,110.3,1,24.8,17.1875,121.0,62.0,22.0,1.0,30,3.0,0,0.0
C1,802,0.2369330367292094,95.3,56.099999999999994,1,11.6,17.1875,54.0,29.0,22.0,1.0,30,3.0,2,0.0
C1,803,0.16401553073680838,116.9,76.6,1,7.2,17.1875,70.0,18.0,22.0,1.0,30,1.0,1,0.0
C1,804,0.01135863647633975,180.5,107.39999999999999,1,11.2,17.1875,109.0,28.0,22.0,1.0,30,1.0,0,0.0
C1,805,0.0011445231298997105,191.6,108.3,1,17.6,17.1875,118.0,44.0,22.0,1.0,30,2.0,2,0.0
C1,806,0.02763157894736845,187.5,105.89999999999999,1,29.2,17.1875,140.0,73.0,22.0,1.0,30,3.0,1,0.0
C1,807,0.018421052631578894,191.0,108.8,1,28.8,17.1875,122.0,72.0,22.0,1.0,30,3.0,0,0.0
C1,808,0.6648479808069576,43.5,33.6,1,8.4,17.1875,36.0,21.0,22.0,1.0,30,3.0,1,0.0
C1,809,-0.016643247263217836,187.29999999999998,104.89999999999999,1,8.4,17.1875,124.0,21.0,22.0,1.0,30,1.0,2,0.0
C1,810,0.13025985087676403,130.89999999999998,76.5,1,8.0,17.1875,78.0,20.0,22.0,1.0,30,1.0,1,0.0
C1,811,0.20517589791603744,110.3,65.60000000000001,1,14.0,17.1875,64.0,35.0,22.0,1.0,30,3.0,1,0.0
C1,812,-0.008799971663742162,187.1,105.89999999999999,1,10.4,17.1875,127.0,26.0,22.0,1.0,30,1.0,1,0.0
C1,813,0.12444747569261924,137.0,86.8,1,10.8,17.1875,83.0,27.0,22.0,1.0,30,2.0,2,0.0
C1,814,0.1340649314078767,134.9,88.1,1,12.0,17.1875,80.0,30.0,22.0,1.0,30,2.0,0,0.0
C1,815,0.02032733058950667,181.0,101.8,1,14.4,17.1875,95.0,36.0,22.0,1.0,30,2.0,2,0.0
C1,816,-0.0299571529973445,196.20000000000002,107.89999999999999,1,11.2,17.1875,148.0,28.0,22.0,1.0,30,1.0,0,0.0
C1,817,0.06823360373930856,152.10000000000002,95.60000000000001,1,6.4,17.1875,93.0,16.0,22.0,1.0,30,1.0,0,0.0
C1,818,0.03315789473684211,185.4,106.1,1,20.0,17.1875,124.0,50.0,22.0,1.0,30,2.0,2,0.0
C1,819,0.08894736842105261,164.20000000000002,98.5,1,23.6,17.1875,99.0,59.0,22.0,1.0,30,3.0,2,0.0
C1,820,0.028684210526315812,187.1,108.8,1,22.4,17.1875,145.0,56.0,22.0,1.0,30,2.0,2,0.0
C1,821,0.01713489597402089,179.9,98.10000000000001,2,44.8,17.1875,330.0,112.0,22.0,1.0,30,2.0,1,0.0
C1,822,-0.19112905851739687,108.7,52.5,7,95.4,16.796875,785.0,477.0,43.0,1.0,30,3.0,0,0.0
C1,823,0.7295937714363545,33.9,24.299999999999997,7,3.5428572,16.183035,77.0,62.0,145.0,1.0,30,3.0,0,0.0
C1,824,0.7665568735269888,28.400000000000002,20.400000000000002,7,0.9142857,16.183035,42.0,16.0,145.0,1.0,30,1.0,1,0.0
C1,825,0.7361784107596501,32.4,22.5,7,2.0,16.183035,55.0,35.0,145.0,1.0,30,2.0,0,0.0
C1,826,0.6531911472358545,42.5,27.5,7,3.3142858,16.294643,106.0,58.0,146.0,1.0,30,2.0,0,0.0
C1,827,0.7380935853288746,31.9,20.5,7,1.4285715,16.294643,41.0,25.0,146.0,1.0,30,2.0,1,0.0
C1,828,-0.08357823884940921,125.8,59.8,1,15.6,17.1875,83.0,39.0,22.0,1.0,30,3.0,0,0.0
C1,829,0.016407681024636633,185.79999999999998,110.39999999999999,1,17.6,17.1875,133.0,44.0,22.0,1.0,30,2.0,2,0.0
C1,830,0.06789473684210534,172.2,100.0,1,21.2,17.1875,100.0,53.0,22.0,1.0,30,3.0,2,0.0
C1,831,0.15721464905378238,133.70000000000002,85.8,1,19.2,17.1875,87.0,48.0,22.0,1.0,30,3.0,2,0.0
C1,832,0.018421052631578894,191.0,107.0,1,26.0,17.1875,119.0,65.0,22.0,1.0,30,3.0,2,0.0
C1,833,-0.025642076926900098,193.5,107.6,1,10.4,17.1875,151.0,26.0,22.0,1.0,30,1.0,0,0.0
C1,834,-0.0448526032426895,200.8,109.5,1,10.4,17.1875,126.0,26.0,22.0,1.0,30,1.0,1,0.0
C1,835,0.08315789473684215,166.4,102.4,1,27.2,17.1875,125.0,68.0,22.0,1.0,30,3.0,1,0.0
C1,836,0.05439119706653886,170.2,102.3,1,16.4,17.1875,120.0,41.0,22.0,1.0,30,2.0,0,0.0
C1,837,0.023157894736842086,186.0,104.6,2,34.4,17.1875,160.0,86.0,22.0,1.0,30,3.0,1,0.0
C1,838,0.21631578947368424,115.8,63.4,2,21.0,16.796875,183.0,105.0,43.0,1.0,30,3.0,0,0.0
C1,839,0.17236870833832424,122.30000000000001,63.6,2,13.6,16.796875,170.0,68.0,43.0,1.0,30,2.0,2,0.0
C1,840,0.6712805985395494,39.699999999999996,26.200000000000003,2,1.8,16.796875,37.0,9.0,43.0,1.0,30,1.0,2,0.0
C1,841,0.17754431896866898,120.80000000000001,65.0,2,14.0,16.796875,162.0,70.0,43.0,1.0,30,2.0,2,0.0
C1,842,0.2210092187281791,88.4,39.6,2,2.8,16.796875,63.0,14.0,43.0,1.0,30,1.0,0,0.0
C1,843,0.1746587715683826,107.30000000000001,54.699999999999996,2,3.6,16.796875,83.0,18.0,43.0,1.0,30,1.0,1,0.0
C1,844,0.014130180912557341,182.5,88.1,1,16.6,16.796875,121.0,83.0,43.0,1.0,30,3.0,0,0.0
C1,845,0.14384180680860398,138.1,87.0,1,18.4,17.1875,82.0,46.0,22.0,1.0,30,3.0,2,0.0
C1,846,0.004210526315789553,196.39999999999998,109.5,1,28.8,17.1875,127.0,72.0,22.0,1.0,30,3.0,1,0.0
C1,847,0.27576326516630345,79.5,43.7,1,10.8,17.1875,45.0,27.0,22.0,1.0,30,3.0,0,0.0
C1,848,0.026052631578947383,188.1,107.2,1,29.2,17.1875,129.0,73.0,22.0,1.0,30,3.0,1,0.0
C1,849,0.17088136523516287,127.1,79.3,1,17.6,17.1875,73.0,44.0,22.0,1.0,30,3.0,1,0.0
C1,850,0.009473684210526412,194.39999999999998,107.80000000000001,1,32.0,17.1875,146.0,80.0,22.0,1.0,30,3.0,2,0.0
C1,851,0.011052631578947425,193.8,107.2,1,23.2,17.1875,165.0,58.0,22.0,1.0,30,2.0,0,0.0
C1,852,0.02789473684210525,187.4,109.7,1,27.2,17.1875,125.0,68.0,22.0,1.0,30,3.0,0,0.0
C1,853,0.12289473684210526,148.10000000000002,81.5,2,20.4,16.796875,163.0,102.0,43.0,1.0,30,3.0,1,0.0
C1,854,0.13813413455554663,123.7,65.5,2,5.2,16.796875,143.0,26.0,43.0,1.0,30,1.0,2,0.0
C1,855,0.19345068272552385,116.1,65.0,2,15.2,16.796875,123.0,76.0,43.0,1.0,30,3.0,0,0.0
C1,856,0.1350057944345153,116.8,62.300000000000004,2,20.2,16.796875,157.0,101.0,43.0,1.0,50,3.0,2,0.0
C1,857,0.08318901251585906,109.60000000000001,50.5,2,4.2,16.796875,81.0,21.0,43.0,1.0,50,1.0,2,0.0
C1,858,0.11375828580166675,96.69999999999999,43.6,1,5.4,16.796875,53.0,27.0,43.0,1.0,50,2.0,0,0.0
C1,859,-0.051818630540450994,196.5,111.10000000000001,1,25.6,17.1875,113.0,64.0,22.0,1.0,50,3.0,1,0.0
C1,860,0.13080669225715782,93.10000000000001,54.9,1,5.2,17.1875,53.0,13.0,22.0,1.0,50,1.0,0,0.0
C1,861,0.08701566517905521,109.10000000000001,60.1,1,4.8,17.1875,64.0,12.0,22.0,1.0,50,1.0,1,0.0
C1,862,0.6063983209326755,39.1,33.099999999999994,1,6.0,17.1875,35.0,15.0,22.0,1.0,50,2.0,2,0.0
C1,863,-0.07746869957843383,191.1,105.6,1,16.4,17.1875,117.0,41.0,22.0,1.0,50,2.0,1,0.0
C1,864,0.17694878682304221,72.4,43.5,1,3.2,17.1875,41.0,8.0,22.0,1.0,50,1.0,2,0.0
C1,865,0.17718144226974586,74.2,45.3,1,4.4,17.1875,49.0,11.0,22.0,1.0,50,1.0,2,0.0
C1,866,0.17610225785524777,79.8,45.1,1,7.6,17.1875,43.0,19.0,22.0,1.0,50,2.0,1,0.0
C1,867,0.15489852472941448,98.0,55.7,1,13.6,17.96875,57.0,34.0,23.0,1.0,50,3.0,0,0.0
C1,868,0.14493703834495436,101.1,56.2,1,13.2,17.1875,59.0,33.0,22.0,1.0,50,3.0,1,0.0
C1,869,0.13696363080463722,96.0,63.5,1,8.4,17.1875,61.0,21.0,22.0,1.0,50,2.0,2,0.0
C1,870,0.19258215737719636,74.2,53.1,1,8.0,17.1875,50.0,20.0,22.0,1.0,50,2.0,1,0.0
C1,871,0.02302791396294475,134.7,80.9,1,5.6,17.1875,84.0,14.0,22.0,1.0,50,1.0,1,0.0
C1,872,0.12614385670371292,55.4,40.0,1,4.4,17.1875,44.0,11.0,22.0,1.0,90,1.0,0,0.0
C1,873,0.5512696358155467,33.2,25.3,1,4.8,17.1875,27.0,12.0,22.0,1.0,90,2.0,0,0.0
C1,874,0.561689390997016,32.300000000000004,26.4,1,7.2,17.1875,27.0,18.0,22.0,1.0,90,3.0,1,0.0
C1,875,0.6645940356836952,43.7,34.9,1,8.8,17.1875,34.0,22.0,22.0,1.0,30,3.0,0,0.0
C1,876,0.6204076805131262,47.5,34.6,1,6.0,17.1875,30.0,15.0,22.0,1.0,30,2.0,2,0.0
C1,877,0.606149999638558,48.0,32.7,1,3.6,17.1875,32.0,9.0,22.0,1.0,30,1.0,1,0.0
C1,878,0.6404270906160237,43.9,33.099999999999994,1,3.2,17.1875,33.0,8.0,22.0,1.0,30,1.0,1,0.0
C1,879,0.5853302276320151,32.599999999999994,25.0,1,2.8,17.1875,27.0,7.0,22.0,1.0,70,1.0,1,0.0
C1,880,0.6287563715776727,28.2,23.7,1,4.8,17.1875,26.0,12.0,22.0,1.0,70,2.0,1,0.0
C1,881,0.024736842105263168,188.6,107.30000000000001,1,76.8,17.1875,357.0,192.0,22.0,1.0,70,3.0,1,0.0
C1,882,0.07506393585868285,142.9,78.8,2,44.2,16.796875,583.0,221.0,43.0,1.0,70,2.0,0,0.0
C1,883,0.4951892107209784,43.6,30.200000000000003,2,5.4,16.796875,41.0,27.0,43.0,1.0,70,3.0,2,0.0
C1,884,0.5417962225152861,38.0,27.099999999999998,2,4.4,16.796875,42.0,22.0,43.0,1.0,70,2.0,0,0.0
C1,885,0.5928143348523824,31.8,22.1,2,3.0,16.796875,26.0,15.0,43.0,1.0,70,2.0,2,0.0
C1,886,0.5812970444257054,32.800000000000004,23.099999999999998,2,1.8,16.796875,27.0,9.0,43.0,1.0,70,1.0,2,0.0
C1,887,0.5393055629225578,37.900000000000006,25.3,2,3.0,16.796875,30.0,15.0,43.0,1.0,70,2.0,0,0.0
C1,888,0.5902538770830807,32.099999999999994,24.0,1,6.4,17.1875,26.0,16.0,22.0,1.0,70,3.0,0,0.0
C1,889,0.5808684404633694,32.9,26.0,1,2.0,17.1875,20.0,5.0,22.0,1.0,70,1.0,2,0.0
C1,890,0.5318810122534129,38.800000000000004,32.599999999999994,1,3.2,17.1875,31.0,8.0,22.0,1.0,70,1.0,1,0.0
C1,891,0.1109224373124001,80.0,44.5,1,10.4,17.1875,41.0,26.0,22.0,1.0,70,3.0,2,0.0
C1,892,0.5870846135969274,32.4,25.6,1,2.8,17.1875,23.0,7.0,22.0,1.0,70,1.0,1,0.0
C1,893,0.6019283925312459,32.099999999999994,24.7,1,7.6,17.1875,25.0,19.0,22.0,1.0,70,3.0,1,0.0
C1,894,0.5881841201973983,32.599999999999994,25.5,1,4.0,17.1875,22.0,10.0,22.0,1.0,70,2.0,0,0.0
C1,895,0.5885383040909031,32.9,25.8,1,5.2,17.1875,24.0,13.0,22.0,1.0,70,2.0,0,0.0
C1,896,0.5021656756093522,43.6,34.1,1,8.0,17.1875,30.0,20.0,22.0,1.0,70,3.0,2,0.0
C1,897,0.7016961988277453,17.8,17.4,1,5.2,17.1875,15.0,13.0,22.0,1.0,70,3.0,0,0.0
C1,898,0.6931327226609154,17.7,17.2,1,1.6,17.1875,14.0,4.0,22.0,1.0,70,1.0,0,0.0
C1,899,0.5926734154977422,32.2,25.1,1,4.4,17.1875,24.0,11.0,22.0,1.0,70,2.0,1,0.0
C1,900,0.5969205437497473,32.300000000000004,25.7,1,6.4,17.1875,22.0,16.0,22.0,1.0,70,3.0,1,0.0
C1,901,0.5841523391786223,33.4,26.3,1,5.2,17.1875,27.0,13.0,22.0,1.0,70,2.0,1,0.0
C1,902,0.5975424276189651,32.599999999999994,25.6,1,7.6,17.1875,26.0,19.0,22.0,1.0,70,3.0,2,0.0
C1,903,0.5909190295328299,32.4,25.3,1,4.4,17.1875,20.0,11.0,22.0,1.0,70,2.0,0,0.0
C1,904,0.6987104359868719,18.1,17.5,1,4.0,17.1875,17.0,10.0,22.0,1.0,70,2.0,1,0.0
C1,905,0.588148613925186,33.300000000000004,26.5,1,6.4,17.1875,21.0,16.0,22.0,1.0,70,3.0,1,0.0
C1,906,0.5879167056283339,32.2,26.599999999999998,1,2.4,17.1875,28.0,6.0,22.0,1.0,70,1.0,2,0.0
C1,907,0.5962356734589691,32.5,25.9,1,6.8,17.1875,24.0,17.0,22.0,1.0,70,3.0,1,0.0
C1,908,0.5013065086620281,43.2,34.2,1,6.4,17.1875,34.0,16.0,22.0,1.0,70,2.0,2,0.0
C1,909,0.6987104359868719,17.8,17.5,1,4.0,17.1875,19.0,10.0,22.0,1.0,70,2.0,2,0.0
C1,910,0.7480877781405624,32.2,25.3,1,4.4,17.1875,21.0,11.0,22.0,1.0,30,2.0,2,0.0
C1,911,0.29293758384476076,73.5,44.8,1,11.2,17.1875,45.0,28.0,22.0,1.0,30,3.0,0,0.0
C1,912,0.7343881394977625,32.800000000000004,24.9,1,2.4,17.1875,25.0,6.0,22.0,1.0,30,1.0,2,0.0
C1,913,0.10918470889573828,61.699999999999996,40.300000000000004,1,4.0,17.1875,40.0,10.0,22.0,1.0,90,1.0,2,0.0
C1,914,0.05223415705378667,83.2,43.6,1,3.6,17.1875,40.0,9.0,22.0,1.0,90,1.0,1,0.0
C1,915,0.45467407140645066,44.0,33.7,1,2.8,17.1875,34.0,7.0,22.0,1.0,90,1.0,1,0.0
C1,916,0.4660734721198212,43.1,32.5,1,6.4,17.1875,33.0,16.0,22.0,1.0,90,2.0,2,0.0
C1,917,0.5012696358155466,38.9,32.0,1,4.8,17.1875,33.0,12.0,22.0,1.0,90,2.0,1,0.0
C1,918,0.5617234067084873,32.099999999999994,25.3,1,5.6,17.1875,28.0,14.0,22.0,1.0,90,2.0,0,0.0
C1,919,0.6474446344756728,43.1,31.6,1,3.2,17.1875,32.0,8.0,22.0,1.0,30,1.0,1,0.0
C1,920,0.6850973680596106,39.0,32.300000000000004,1,3.6,17.1875,33.0,9.0,22.0,1.0,30,1.0,0,0.0
C1,921,0.2087076833186477,97.5,55.9,1,5.6,17.1875,57.0,14.0,22.0,1.0,30,1.0,2,0.0
C1,922,0.8616357506885648,17.9,17.5,1,6.0,17.1875,17.0,15.0,22.0,1.0,30,3.0,1,0.0
C1,923,0.6663536286753187,44.0,35.1,1,10.0,17.1875,31.0,25.0,22.0,1.0,30,3.0,0,0.0
C1,924,0.8517640347262774,17.6,17.3,1,3.6,17.1875,13.0,9.0,22.0,1.0,30,2.0,2,0.0
C1,925,0.8466688412521486,17.6,17.2,1,2.4,17.1875,19.0,6.0,22.0,1.0,30,1.0,2,0.0
C1,926,0.68071140314733,39.5,32.599999999999994,1,3.6,17.1875,35.0,9.0,22.0,1.0,30,1.0,0,0.0
C1,927,0.7488629984367328,32.300000000000004,26.1,1,4.8,17.1875,24.0,12.0,22.0,1.0,30,2.0,2,0.0
C1,928,0.8551053220002116,17.4,17.2,1,4.4,17.1875,19.0,11.0,22.0,1.0,30,2.0,1,0.0
C1,929,0.6598813647236528,43.0,33.4,1,6.0,17.1875,30.0,15.0,22.0,1.0,30,2.0,1,0.0
C1,930,0.8517640347262774,17.6,17.2,1,3.6,17.1875,14.0,9.0,22.0,1.0,30,2.0,1,0.0
C1,931,0.34267442595002395,54.6,40.4,1,11.2,17.1875,41.0,28.0,22.0,1.0,30,3.0,2,0.0
C1,932,0.7528638208640035,32.4,25.6,1,6.0,17.1875,21.0,15.0,22.0,1.0,30,3.0,0,0.0
C1,933,0.8466688412521486,18.1,17.6,1,2.4,17.1875,12.0,6.0,22.0,1.0,30,2.0,0,0.0
C1,934,0.841486331264437,18.4,17.6,1,1.2,17.1875,13.0,3.0,22.0,1.0,30,1.0,2,0.0
C1,935,0.7377955116686552,32.800000000000004,26.700000000000003,1,3.2,17.1875,29.0,8.0,22.0,1.0,30,1.0,0,0.0
C1,936,0.8500762134230411,17.9,17.4,1,3.2,17.1875,12.0,8.0,22.0,1.0,30,2.0,2,0.0
C1,937,0.8600234727923319,17.8,17.4,1,5.6,17.1875,16.0,14.0,22.0,1.0,30,3.0,0,0.0
C1,938,0.7352653324802187,32.7,24.8,1,2.4,17.1875,20.0,6.0,22.0,1.0,30,1.0,1,0.0
C1,939,0.8483776397808107,17.6,17.3,1,2.8,17.1875,9.0,7.0,22.0,1.0,30,3.0,1,0.0
C1,940,0.843222663187408,18.0,17.5,1,1.6,17.1875,10.0,4.0,22.0,1.0,30,1.0,1,0.0
C1,941,0.13849676163404542,125.4,79.2,1,6.4,17.1875,75.0,16.0,22.0,1.0,30,1.0,1,0.0
C1,942,0.7521287359502264,32.300000000000004,26.200000000000003,1,5.6,17.1875,27.0,14.0,22.0,1.0,30,2.0,2,0.0
C1,943,0.8517640347262774,17.9,17.5,1,3.6,17.1875,17.0,9.0,22.0,1.0,30,2.0,1,0.0
C1,944,0.7444770335244522,32.800000000000004,26.4,1,4.8,17.1875,22.0,12.0,22.0,1.0,30,2.0,0,0.0
C1,945,0.843222663187408,20.0,17.7,1,1.6,17.1875,11.0,4.0,22.0,1.0,30,1.0,2,0.0
C1,946,0.843222663187408,18.0,17.4,1,1.6,17.1875,10.0,4.0,22.0,1.0,30,1.0,2,0.0
C1,947,0.7006861961390762,17.8,17.4,1,4.8,17.1875,13.0,12.0,22.0,1.0,70,3.0,0,0.0
C1,948,0.6949342494879829,17.6,17.3,1,2.4,17.1875,6.0,6.0,22.0,1.0,70,3.0,0,0.0
C1,949,0.6949342494879829,17.5,17.3,1,2.4,17.1875,10.0,6.0,22.0,1.0,70,2.0,0,0.0
C1,950,0.6996909593573912,17.5,17.3,1,4.4,17.1875,17.0,11.0,22.0,1.0,70,2.0,2,0.0
C1,951,0.601288482626896,32.300000000000004,25.5,1,8.0,17.1875,27.0,20.0,22.0,1.0,70,3.0,0,0.0
C1,952,0.4282301737168955,50.0,17.3,1,0.8,17.1875,6.0,2.0,22.0,1.0,70,1.0,0,0.0
C1,953,0.7037606996803916,17.6,17.3,1,6.0,17.1875,17.0,15.0,22.0,1.0,70,3.0,0,0.0
C1,954,0.4290954344073689,50.0,17.2,1,1.2,17.1875,8.0,3.0,22.0,1.0,70,1.0,0,0.0
C1,955,0.6931327226609154,18.2,17.6,1,1.6,17.1875,7.0,4.0,22.0,1.0,70,2.0,0,0.0
C1,956,0.5926734154977422,32.2,24.2,1,4.4,17.1875,22.0,11.0,22.0,1.0,70,2.0,0,0.0
C1,957,0.6977445678438781,17.6,17.3,1,3.6,17.1875,10.0,9.0,22.0,1.0,70,3.0,2,0.0
C1,958,0.6996909593573912,17.6,17.3,1,4.4,17.1875,12.0,11.0,22.0,1.0,70,3.0,2,0.0
C1,959,0.7006861961390762,17.9,17.4,1,4.8,17.1875,14.0,12.0,22.0,1.0,70,3.0,2,0.0
C1,960,0.6967932929551672,18.3,17.6,1,3.2,17.1875,8.0,8.0,22.0,1.0,70,3.0,2,0.0
C1,961,0.5919142663145149,32.4,25.1,1,4.8,17.1875,24.0,12.0,22.0,1.0,70,2.0,0,0.0
C1,962,0.7027210189426429,17.5,17.3,1,5.6,17.1875,15.0,14.0,22.0,1.0,70,3.0,1,0.0
C1,963,0.695856543421489,17.7,17.3,1,2.8,17.1875,9.0,7.0,22.0,1.0,70,3.0,2,0.0
C1,964,0.6931327226609154,18.2,17.6,1,1.6,17.1875,14.0,4.0,22.0,1.0,70,1.0,2,0.0
C1,965,0.4897256119610934,44.4,33.8,1,6.0,17.1875,32.0,15.0,22.0,1.0,70,2.0,2,0.0
C1,966,0.4991765411530191,44.2,33.2,1,8.8,17.1875,32.0,22.0,22.0,1.0,70,3.0,0,0.0
C1,967,0.6949342494879829,17.6,17.4,1,2.4,17.1875,19.0,6.0,22.0,1.0,70,1.0,0,0.0
C1,968,0.6977445678438781,17.7,17.4,1,3.6,17.1875,15.0,9.0,22.0,1.0,70,2.0,2,0.0
C1,969,0.6940263352002114,18.1,17.6,1,2.0,17.1875,16.0,5.0,22.0,1.0,70,1.0,2,0.0
C1,970,0.5977977367322036,32.2,25.3,1,6.4,17.1875,23.0,16.0,22.0,1.0,70,3.0,2,0.0
C1,971,0.14302770047029484,67.8,43.5,1,10.4,17.1875,43.0,26.0,22.0,1.0,70,3.0,0,0.0
C1,972,0.7006861961390762,17.8,17.4,1,4.8,17.1875,15.0,12.0,22.0,1.0,70,3.0,2,0.0
C1,973,0.6949342494879829,17.9,17.5,1,2.4,17.1875,18.0,6.0,22.0,1.0,70,1.0,2,0.0
C1,974,0.5331197328257774,40.2,33.5,1,8.4,17.1875,31.0,21.0,22.0,1.0,70,3.0,1,0.0
C1,975,0.5936040945116006,32.800000000000004,25.7,1,6.8,17.1875,23.0,17.0,22.0,1.0,70,3.0,2,0.0
C1,976,0.6996909593573912,17.7,17.3,1,4.4,17.1875,18.0,11.0,22.0,1.0,70,2.0,0,0.0
C1,977,0.6648537330978317,17.7,17.5,1,2.4,17.1875,10.0,6.0,22.0,1.0,90,2.0,0,0.0
C1,978,0.6648537330978317,17.6,17.3,1,2.4,17.1875,9.0,6.0,22.0,1.0,90,2.0,1,0.0
C1,979,0.40070356569969146,50.0,17.3,1,1.2,17.1875,9.0,3.0,22.0,1.0,90,1.0,1,0.0
C1,980,0.666289972053633,17.8,17.3,1,4.0,17.1875,9.0,10.0,22.0,1.0,90,3.0,2,0.0
C1,981,0.6678637575856803,17.5,17.3,1,5.6,17.1875,16.0,14.0,22.0,1.0,90,3.0,2,0.0
C1,982,0.40070356569969146,50.0,17.3,1,1.2,17.1875,6.0,3.0,22.0,1.0,90,1.0,1,0.0
C1,983,0.666289972053633,17.9,17.5,1,4.0,17.1875,16.0,10.0,22.0,1.0,90,2.0,0,0.0
C1,984,0.6648537330978317,17.9,17.5,1,2.4,17.1875,11.0,6.0,22.0,1.0,90,2.0,2,0.0
C1,985,0.6645151185065423,17.8,17.6,1,2.0,17.1875,6.0,5.0,22.0,1.0,90,3.0,1,0.0
C1,986,0.555743188681981,32.4,24.1,1,2.0,17.1875,21.0,5.0,22.0,1.0,90,1.0,0,0.0
C1,987,0.6652003871959242,17.8,17.4,1,2.8,17.1875,8.0,7.0,22.0,1.0,90,3.0,0,0.0
C1,988,0.6659183675801024,17.9,17.5,1,3.6,17.1875,10.0,9.0,22.0,1.0,90,3.0,0,0.0
C1,989,0.6641844064673916,18.2,17.7,1,1.6,17.1875,11.0,4.0,22.0,1.0,90,1.0,0,0.0
C1,990,0.6652003871959242,17.7,17.4,1,2.8,17.1875,7.0,7.0,22.0,1.0,90,3.0,0,0.0
C1,991,0.6666701724931865,17.7,17.3,1,4.4,17.1875,19.0,11.0,22.0,1.0,90,2.0,1,0.0
C1,992,0.666289972053633,17.5,17.3,1,4.0,17.1875,11.0,10.0,22.0,1.0,90,3.0,2,0.0
C1,993,0.6641844064673916,17.5,17.3,1,1.6,17.1875,13.0,4.0,22.0,1.0,90,1.0,0,0.0
C1,994,0.6641844064673916,19.3,17.7,1,1.6,17.1875,6.0,4.0,22.0,1.0,90,2.0,0,0.0
C1,995,0.6648537330978317,17.5,17.3,1,2.4,17.1875,7.0,6.0,22.0,1.0,90,3.0,2,0.0
C1,996,0.6645151185065423,17.7,17.2,1,2.0,17.1875,16.0,5.0,22.0,1.0,90,1.0,0,0.0
C1,997,0.6641844064673916,17.5,17.2,1,1.6,17.1875,6.0,4.0,22.0,1.0,90,2.0,1,0.0
C1,998,0.6638614604365336,17.5,17.1,1,1.2,17.1875,4.0,3.0,22.0,1.0,90,3.0,1,0.0
C1,999,0.6648537330978317,17.5,17.3,1,2.4,17.1875,9.0,6.0,22.0,1.0,90,2.0,1,0.0
C1,1000,0.6645151185065423,18.1,17.2,1,2.0,17.1875,4.0,5.0,22.0,1.0,90,3.0,1,0.0
C1,1001,0.0774973149485235,73.6,48.800000000000004,1,3.6,17.1875,40.0,9.0,22.0,1.0,90,1.0,0,0.0
C1,1002,-0.05640716822399333,132.89999999999998,83.7,1,19.2,17.96875,80.0,48.0,23.0,1.0,90,3.0,1,0.0
C1,1003,-0.06245979980294067,135.2,85.3,1,19.2,17.1875,88.0,48.0,22.0,1.0,90,3.0,0,0.0
C1,1004,0.559969020743575,32.300000000000004,26.0,1,5.6,17.1875,20.0,14.0,22.0,1.0,90,3.0,1,0.0
C1,1005,-0.1648990971255186,186.70000000000002,107.5,1,32.0,17.1875,142.0,80.0,22.0,1.0,90,3.0,2,0.0
C1,1006,-0.17993570625500227,192.89999999999998,109.5,1,32.4,17.1875,146.0,81.0,22.0,1.0,90,3.0,1,0.0
C1,1007,-0.18114401032925642,180.29999999999998,106.2,1,19.2,17.1875,120.0,48.0,22.0,1.0,90,2.0,0,0.0
C1,1008,-0.20541378778123004,184.4,106.2,1,11.2,17.1875,130.0,28.0,22.0,1.0,90,1.0,2,0.0
C1,1009,-0.22646643303460773,191.39999999999998,112.4,1,9.2,17.1875,128.0,23.0,22.0,1.0,90,1.0,1,0.0
C1,1010,0.07843446340785751,121.6,75.2,1,10.4,17.1875,72.0,26.0,22.0,1.0,50,2.0,1,0.0
C1,1011,0.0011981008081585198,149.60000000000002,99.9,1,9.6,17.1875,121.0,24.0,22.0,1.0,50,1.0,2,0.0
C1,1012,-0.12630930749511898,193.39999999999998,107.0,1,6.8,17.1875,119.0,17.0,22.0,1.0,50,1.0,0,0.0
C1,1013,-0.06148389896605827,191.8,109.89999999999999,1,20.4,17.1875,131.0,51.0,22.0,1.0,50,2.0,0,0.0
C1,1014,0.042586029211720694,135.9,80.9,1,10.8,17.1875,80.0,27.0,22.0,1.0,50,2.0,1,0.0
C1,1015,-0.057373608891885836,165.9,95.5,1,6.0,17.1875,92.0,15.0,22.0,1.0,50,1.0,2,0.0
C1,1016,-0.03935333629339713,196.5,109.0,1,28.8,17.1875,135.0,72.0,22.0,1.0,50,3.0,0,0.0
C1,1017,0.22442813447487855,66.8,43.5,1,10.8,17.1875,45.0,27.0,22.0,1.0,50,3.0,0,0.0
C1,1018,0.15205584158772267,89.6,55.1,1,8.0,17.1875,54.0,20.0,22.0,1.0,50,2.0,2,0.0
C1,1019,-0.08714908033483809,182.5,101.8,1,9.2,17.1875,129.0,23.0,22.0,1.0,50,1.0,0,0.0
C1,1020,0.14179655552751014,98.19999999999999,55.199999999999996,1,10.8,17.1875,53.0,27.0,22.0,1.0,50,3.0,1,0.0
C1,1021,0.13047689421930164,97.8,61.800000000000004,1,8.0,17.1875,61.0,20.0,22.0,1.0,50,2.0,2,0.0
C1,1022,0.7622119447177791,17.7,17.3,1,3.2,17.1875,13.0,8.0,22.0,1.0,50,2.0,1,0.0
C1,1023,0.5608349315068044,44.1,33.5,1,5.6,17.1875,30.0,14.0,22.0,1.0,50,2.0,1,0.0
C1,1024,0.7605761873560926,17.7,17.4,1,2.8,17.1875,12.0,7.0,22.0,1.0,50,2.0,1,0.0
C1,1025,0.11709378912607185,96.4,44.900000000000006,1,4.0,17.1875,47.0,10.0,22.0,1.0,50,1.0,0,0.0
C1,1026,0.6609630336001078,32.300000000000004,25.4,1,4.8,17.1875,25.0,12.0,22.0,1.0,50,2.0,0,0.0
C1,1027,0.10112958527448646,112.3,62.199999999999996,1,10.0,17.1875,54.0,25.0,22.0,1.0,50,2.0,0,0.0
C1,1028,0.05038751111559736,138.4,86.6,1,14.0,17.1875,82.0,35.0,22.0,1.0,50,2.0,0,0.0
C1,1029,0.24743251324346976,93.3,56.7,1,13.2,17.1875,56.0,33.0,22.0,1.0,30,3.0,0,0.0
C1,1030,0.11769575164213833,144.0,88.9,1,14.4,17.1875,89.0,36.0,22.0,1.0,30,2.0,1,0.0
C1,1031,-0.047248069579462565,199.5,112.10000000000001,1,8.8,17.1875,105.0,22.0,22.0,1.0,30,1.0,1,0.0
C1,1032,-0.04181828689800157,198.0,114.0,1,9.2,17.1875,120.0,23.0,22.0,1.0,30,1.0,1,0.0
C1,1033,0.27923399910812136,70.7,50.1,1,5.6,17.1875,50.0,14.0,22.0,1.0,30,2.0,0,0.0
C1,1034,0.15605263157894741,138.7,86.7,1,20.4,17.1875,89.0,51.0,22.0,1.0,30,3.0,0,0.0
C1,1035,-0.015220310892081285,190.6,108.8,1,11.2,17.1875,126.0,28.0,22.0,1.0,30,1.0,2,0.0
C1,1036,0.27260537042946137,80.69999999999999,52.2,1,10.8,17.1875,50.0,27.0,22.0,1.0,30,3.0,1,0.0
C1,1037,0.7565319038780778,32.7,25.6,1,7.6,17.1875,27.0,19.0,22.0,1.0,30,3.0,1,0.0
C1,1038,0.14380177351313983,131.20000000000002,77.8,1,12.0,17.1875,71.0,30.0,22.0,1.0,30,2.0,2,0.0
C1,1039,0.1719183186861991,107.7,64.10000000000001,1,3.2,17.1875,62.0,8.0,22.0,1.0,30,1.0,1,0.0
C1,1040,0.8583972924502834,17.5,17.3,1,5.2,17.1875,15.0,13.0,22.0,1.0,30,3.0,1,0.0
C1,1041,-0.08818572685798512,159.5,80.8,4,56.2,16.796875,710.0,281.0,43.0,1.0,30,2.0,1,0.0
C1,1042,0.3245143600184288,56.5,36.4,4,7.6,16.601562,343.0,76.0,85.0,1.0,30,1.0,1,0.0
C1,1043,0.5963333921756502,49.5,33.5,4,4.4,16.601562,87.0,44.0,85.0,1.0,30,2.0,0,0.0
C1,1044,0.6876914691224059,38.800000000000004,27.3,4,3.8,16.601562,50.0,38.0,85.0,1.0,30,3.0,2,0.0
C1,1045,0.3301944809147691,52.1,35.8,4,6.1,16.601562,118.0,61.0,85.0,1.0,30,2.0,1,0.0
C1,1046,0.6006440039458862,47.9,32.599999999999994,4,2.1,16.601562,91.0,21.0,85.0,1.0,30,1.0,1,0.0
C1,1047,0.07428673973883068,96.8,49.7,1,3.2,17.1875,51.0,8.0,22.0,1.0,30,1.0,0,0.0
C1,1048,0.8466688412521486,17.9,17.2,1,2.4,17.1875,9.0,6.0,22.0,1.0,30,2.0,2,0.0
C1,1049,0.7505025556081781,32.300000000000004,25.9,1,5.2,17.1875,24.0,13.0,22.0,1.0,30,2.0,2,0.0
C1,1050,-0.055502497424317315,203.2,109.10000000000001,1,9.2,17.1875,114.0,23.0,22.0,1.0,30,1.0,2,0.0
C1,1051,0.016842105263157936,191.6,109.3,1,31.2,17.1875,150.0,78.0,22.0,1.0,30,3.0,0,0.0
C1,1052,0.6082374834814808,48.2,32.300000000000004,2,6.6,16.40625,46.0,33.0,42.0,1.0,30,3.0,0,0.0
C1,1053,0.6925454220274256,39.0,28.2,2,5.4,16.796875,34.0,27.0,43.0,1.0,30,3.0,1,0.0
C1,1054,0.6028091921293415,47.800000000000004,29.6,2,2.4,16.40625,46.0,12.0,42.0,1.0,30,1.0,2,0.0
C1,1055,0.7439039574906117,32.2,22.700000000000003,2,3.4,16.40625,23.0,17.0,42.0,1.0,30,3.0,0,0.0
C1,1056,0.16617298305211642,118.4,64.5,2,8.8,16.796875,104.0,44.0,43.0,1.0,30,2.0,1,0.0
C1,1057,0.22283043694730842,93.10000000000001,47.0,1,8.4,17.1875,53.0,21.0,22.0,1.0,30,2.0,1,0.0
C1,1058,0.8449503405842116,17.5,17.3,1,2.0,17.1875,7.0,5.0,22.0,1.0,30,2.0,0,0.0
C1,1059,0.015263157894736867,192.20000000000002,105.6,1,31.2,17.1875,143.0,78.0,22.0,1.0,30,3.0,1,0.0
C1,1060,0.8449503405842116,17.7,17.4,1,2.0,17.1875,8.0,5.0,22.0,1.0,30,2.0,1,0.0
C1,1061,0.011578947368421078,193.6,109.39999999999999,1,34.0,17.1875,139.0,85.0,22.0,1.0,30,3.0,0,0.0
C1,1062,0.17444747569261926,114.8,62.5,2,10.8,16.796875,94.0,54.0,43.0,1.0,30,3.0,0,0.0
C1,1063,0.7421495715256994,32.4,21.8,2,3.4,16.796875,22.0,17.0,43.0,1.0,30,3.0,0,0.0
C1,1064,0.24675086873062638,88.9,45.6,2,9.6,16.796875,77.0,48.0,43.0,1.0,30,3.0,2,0.0
C1,1065,0.5878247288957532,49.8,37.1,2,3.0,16.796875,56.0,15.0,43.0,1.0,30,1.0,2,0.0
C1,1066,0.18808573548136046,117.7,64.4,2,14.8,16.796875,109.0,74.0,43.0,1.0,30,3.0,0,0.0
C1,1067,0.16921775866258837,124.89999999999999,75.39999999999999,1,18.0,17.1875,75.0,45.0,22.0,1.0,30,3.0,1,0.0
C1,1068,0.1719474272633695,109.60000000000001,66.69999999999999,1,4.4,17.1875,69.0,11.0,22.0,1.0,30,1.0,1,0.0
C1,1069,0.019736842105263164,190.5,110.10000000000001,1,20.8,17.1875,143.0,52.0,22.0,1.0,30,2.0,2,0.0
C1,1070,-0.07443300840262387,208.1,110.7,1,7.6,17.1875,112.0,19.0,22.0,1.0,30,1.0,1,0.0
C1,1071,0.006407681024636569,189.6,106.0,1,17.6,17.1875,138.0,44.0,22.0,1.0,30,2.0,0,0.0
C1,1072,-0.02172175378998878,189.79999999999998,108.3,1,8.8,17.1875,123.0,22.0,22.0,1.0,30,1.0,0,0.0
C1,1073,0.19412615633146982,101.8,59.7,1,4.8,17.1875,58.0,12.0,22.0,1.0,30,1.0,1,0.0
C1,1074,0.03605263157894745,184.29999999999998,106.80000000000001,1,22.4,17.1875,100.0,56.0,22.0,1.0,30,3.0,0,0.0
C1,1075,-0.050853773579007305,200.3,109.2,1,8.4,17.1875,119.0,21.0,22.0,1.0,30,1.0,0,0.0
C1,1076,0.15511756298682405,126.9,80.60000000000001,1,12.0,17.1875,78.0,30.0,22.0,1.0,30,2.0,2,0.0
C1,1077,-0.020698542218159005,193.20000000000002,101.4,1,11.6,17.1875,90.0,29.0,22.0,1.0,30,2.0,0,0.0
C1,1078,0.20831434598952916,111.3,66.10000000000001,1,16.0,17.1875,63.0,40.0,22.0,1.0,30,3.0,1,0.0
C1,1079,-0.01098853938810923,191.5,105.89999999999999,1,13.2,17.1875,132.0,33.0,22.0,1.0,30,1.0,2,0.0
C1,1080,0.20773755062427499,111.10000000000001,64.60000000000001,1,15.6,17.1875,65.0,39.0,22.0,1.0,30,3.0,0,0.0
C1,1081,-0.03745965758516295,196.9,111.10000000000001,1,9.6,17.1875,123.0,24.0,22.0,1.0,30,1.0,0,0.0
C1,1082,0.580064768450566,50.0,17.4,1,1.6,17.1875,9.0,4.0,22.0,1.0,30,1.0,2,0.0
C1,1083,-0.023563859053146757,190.5,106.39999999999999,1,8.8,17.1875,129.0,22.0,22.0,1.0,30,1.0,2,0.0
C1,1084,0.033684210526315816,185.20000000000002,104.89999999999999,1,21.6,17.1875,101.0,54.0,22.0,1.0,30,3.0,0,0.0
C1,1085,0.7609178687903586,32.2,24.5,1,7.6,17.1875,25.0,19.0,22.0,1.0,30,3.0,1,0.0
C1,1086,0.6728035003095736,43.1,33.099999999999994,1,9.6,17.1875,39.0,24.0,22.0,1.0,30,3.0,1,0.0
C1,1087,0.13083232068686607,135.1,85.6,1,11.2,17.1875,84.0,28.0,22.0,1.0,30,2.0,0,0.0
C1,1088,0.026842105263158,187.79999999999998,108.5,1,20.8,17.1875,100.0,52.0,22.0,1.0,30,3.0,2,0.0
C1,1089,-0.0019488119052076813,191.20000000000002,105.89999999999999,1,16.0,17.1875,126.0,40.0,22.0,1.0,30,2.0,0,0.0
C1,1090,0.18135362867531876,114.3,68.7,1,10.0,17.1875,68.0,25.0,22.0,1.0,30,2.0,2,0.0
C1,1091,-0.011663867578585924,195.70000000000002,107.1,1,16.8,17.1875,119.0,42.0,22.0,1.0,30,2.0,2,0.0
C1,1092,0.843222663187408,17.6,17.3,1,1.6,17.1875,14.0,4.0,22.0,1.0,30,1.0,2,0.0
C1,1093,0.0942401564097344,153.79999999999998,95.5,1,15.2,17.1875,94.0,38.0,22.0,1.0,30,2.0,0,0.0
C1,1094,0.7544616739147472,32.4,26.0,1,6.4,17.1875,22.0,16.0,22.0,1.0,30,3.0,1,0.0
C1,1095,-0.05361604821056001,199.6,110.5,1,7.2,17.1875,107.0,18.0,22.0,1.0,30,1.0,0,0.0
C1,1096,0.31688495226581337,64.4,41.9,1,11.2,17.1875,48.0,28.0,22.0,1.0,30,3.0,1,0.0
C1,1097,0.7591634828254463,32.4,25.5,1,7.6,17.1875,29.0,19.0,22.0,1.0,30,3.0,2,0.0
C1,1098,0.8483776397808107,17.6,17.3,1,2.8,17.1875,11.0,7.0,22.0,1.0,30,2.0,1,0.0
C1,1099,0.7490546149828077,31.9,24.299999999999997,1,4.0,17.1875,23.0,10.0,22.0,1.0,30,2.0,0,0.0
C1,1100,0.8500762134230411,17.7,17.4,1,3.2,17.1875,9.0,8.0,22.0,1.0,30,3.0,1,0.0
C1,1101,0.23115723769264349,99.0,55.1,1,12.8,17.1875,57.0,32.0,22.0,1.0,30,3.0,0,0.0
C1,1102,0.8600234727923319,17.9,17.5,1,5.6,17.1875,16.0,14.0,22.0,1.0,30,3.0,1,0.0
C1,1103,0.1559682615946277,116.3,69.5,1,4.8,17.1875,61.0,12.0,22.0,1.0,30,1.0,2,0.0
C1,1104,0.6669536429265599,43.6,33.0,1,9.2,17.1875,33.0,23.0,22.0,1.0,30,3.0,1,0.0
C1,1105,0.6588476388270279,43.3,33.0,1,6.4,17.1875,37.0,16.0,22.0,1.0,30,2.0,2,0.0
C1,1106,0.7412377189368036,32.599999999999994,25.2,1,3.6,17.1875,21.0,9.0,22.0,1.0,30,2.0,1,0.0
C1,1107,0.024383825757330335,184.5,105.80000000000001,1,19.6,17.1875,137.0,49.0,22.0,1.0,30,2.0,0,0.0
C1,1108,0.052894736842105314,174.7,90.7,2,29.2,16.40625,290.0,146.0,42.0,1.0,30,2.0,2,0.0
C1,1109,0.13894736842105265,97.19999999999999,46.300000000000004,5,38.8,16.601562,573.0,388.0,85.0,1.0,30,3.0,2,0.0
C1,1110,0.6615636372518385,44.6,31.099999999999998,6,12.6,16.40625,778.0,189.0,126.0,1.0,30,1.0,0,0.0
C1,1111,0.688421052631579,44.0,29.2,8,38.3,16.308594,996.0,766.0,167.0,1.0,30,3.0,2,0.0
C1,1112,0.44340047688988876,34.1,23.7,16,40.73846,16.286058,1200.0,1324.0,271.0,1.0,30,3.0,0,0.0
C1,1113,0.7604119224674448,32.4,22.2,16,7.925,16.16211,1213.0,317.0,331.0,1.0,30,1.0,1,0.0
C1,1114,0.762091652437793,32.5,22.2,16,8.6,16.210938,1292.0,344.0,332.0,1.0,30,1.0,0,0.0
C1,1115,0.7642748862891844,32.4,22.1,16,8.95,16.16211,1377.0,358.0,331.0,1.0,30,1.0,0,0.0
C1,1116,0.8061403508771929,32.5,22.1,16,24.125,16.210938,1200.0,965.0,332.0,1.0,30,3.0,1,0.0
C1,1117,0.8078947368421052,32.300000000000004,21.9,16,21.85,16.308594,1143.0,874.0,334.0,1.0,30,3.0,2,0.0
C1,1118,0.6291150590103816,33.2,23.099999999999998,13,8.461538,16.346153,1054.0,275.0,272.0,1.0,30,1.0,1,0.0
C1,1119,0.7991228070175438,33.300000000000004,23.2,13,25.292307,16.40625,1117.0,822.0,273.0,1.0,30,3.0,1,0.0
C1,1120,0.7496775140250718,33.4,23.3,13,7.415385,16.40625,936.0,241.0,273.0,1.0,30,1.0,2,0.0
C1,1121,0.7845282758154402,33.2,23.3,13,17.692308,16.466347,788.0,575.0,274.0,1.0,30,3.0,2,0.0
C1,1122,0.7457187212335885,33.8,23.8,12,9.533334,16.471354,529.0,286.0,253.0,1.0,30,2.0,1,0.0
C1,1123,0.734515121187248,34.2,23.8,12,5.366667,16.471354,217.0,161.0,253.0,1.0,30,3.0,1,0.0
C1,1124,0.7489494914643391,33.8,23.8,11,10.433333,16.471354,422.0,313.0,253.0,1.0,30,3.0,0,0.0
C1,1125,0.5869006623828266,40.800000000000004,27.099999999999998,8,15.9,16.503906,1387.0,318.0,169.0,1.0,30,1.0,1,0.0
C1,1126,0.7517543859649123,38.699999999999996,26.3,8,22.35,16.503906,944.0,447.0,169.0,1.0,30,2.0,2,0.0
C1,1127,0.735438596491228,39.6,28.0,7,21.314285,16.517857,768.0,373.0,148.0,1.0,30,2.0,2,0.0
C1,1128,0.670534366307292,43.5,29.1,7,9.942857,16.517857,772.0,174.0,148.0,1.0,30,1.0,0,0.0
C1,1129,0.6626707387556532,43.6,28.8,7,8.057143,16.517857,533.0,141.0,148.0,1.0,30,1.0,1,0.0
C1,1130,0.7421052631578946,39.800000000000004,28.0,7,21.828571,16.517857,822.0,382.0,148.0,1.0,30,2.0,2,0.0
C1,1131,0.7261403508771931,39.699999999999996,27.400000000000002,9,33.733334,16.319445,1365.0,759.0,188.0,1.0,30,2.0,2,0.0
C1,1132,0.75,38.9,26.1,9,21.733334,16.40625,957.0,489.0,189.0,1.0,30,2.0,2,0.0
C1,1133,0.7552631578947369,38.3,25.9,9,31.2,16.40625,940.0,702.0,189.0,1.0,30,3.0,1,0.0
C1,1134,0.7412106863757981,38.1,26.1,9,17.555555,16.493055,795.0,395.0,190.0,1.0,30,2.0,1,0.0
C1,1135,0.5042764085146805,38.800000000000004,25.9,9,6.8444443,16.493055,624.0,154.0,190.0,1.0,90,1.0,2,0.0
C1,1136,0.5510557753224301,34.3,25.4,9,12.533334,16.493055,1193.0,282.0,190.0,1.0,90,1.0,0,0.0
C1,1137,0.5443970035936605,38.9,26.3,9,28.355556,16.493055,882.0,638.0,190.0,1.0,90,3.0,0,0.0
C1,1138,0.5048448665210554,39.199999999999996,26.4,9,10.222222,16.493055,477.0,230.0,190.0,1.0,90,2.0,0,0.0
C1,1139,0.22433682468919897,43.9,29.4,3,18.466667,16.536459,1240.0,277.0,127.0,1.0,90,1.0,1,0.0
C1,1140,0.15715488321318813,87.0,44.5,3,47.6,16.666666,855.0,357.0,64.0,1.0,90,2.0,0,0.0
C1,1141,0.18309493738011612,86.6,44.6,3,53.2,16.666666,919.0,399.0,64.0,1.0,90,2.0,1,0.0
C1,1142,0.21410094072940156,87.3,44.699999999999996,3,60.533333,16.666666,1076.0,454.0,64.0,1.0,90,2.0,2,0.0
C1,1143,0.10646125025822697,106.39999999999999,55.4,2,49.6,16.796875,423.0,248.0,43.0,1.0,90,3.0,2,0.0
C1,1144,0.2007069916118175,111.4,58.6,3,103.6,16.796875,1299.0,518.0,43.0,1.0,90,2.0,0,0.0
C1,1145,0.3068421052631579,81.4,43.5,3,86.666664,16.666666,1016.0,650.0,64.0,1.0,90,3.0,1,0.0
C1,1146,0.2707954193579283,84.1,43.8,3,72.933334,16.666666,846.0,547.0,64.0,1.0,90,3.0,0,0.0
C1,1147,0.27772346581614915,86.5,44.2,3,77.6,16.666666,1375.0,582.0,64.0,1.0,90,2.0,1,0.0
C1,1148,0.09930650078890807,75.1,42.8,3,20.933332,16.666666,702.0,157.0,64.0,1.0,90,1.0,0,0.0
C1,1149,0.2150950567742544,83.5,44.3,4,119.6,16.666666,1200.0,897.0,64.0,1.0,90,3.0,0,0.0
C1,1150,0.2594865723521119,59.8,37.199999999999996,4,54.5,16.601562,802.0,545.0,85.0,1.0,90,3.0,2,0.0
C1,1151,0.2127726631765512,60.199999999999996,37.199999999999996,4,44.1,16.601562,960.0,441.0,85.0,1.0,90,2.0,1,0.0
C1,1152,0.16671191099661065,58.8,37.199999999999996,4,30.4,16.601562,1334.0,304.0,85.0,1.0,90,1.0,0,0.0
C1,1153,0.13689068202907312,59.6,37.699999999999996,4,19.4,16.601562,814.0,194.0,85.0,1.0,90,1.0,1,0.0
C1,1154,0.35657894736842105,62.5,37.3,4,89.5,16.601562,1200.0,895.0,85.0,1.0,90,3.0,1,0.0
C1,1155,0.21226418969139288,63.6,38.199999999999996,4,46.1,16.601562,679.0,461.0,85.0,1.0,90,3.0,0,0.0
C1,1156,0.14601907392969435,53.900000000000006,37.0,4,16.3,16.601562,361.0,163.0,85.0,1.0,90,2.0,1,0.0
C1,1157,0.08888459772224007,69.0,38.9,4,2.8,16.601562,136.0,28.0,85.0,1.0,90,1.0,2,0.0
C1,1158,0.5557276495398231,32.5,23.599999999999998,4,3.0,16.601562,41.0,30.0,85.0,1.0,90,3.0,1,0.0
C1,1159,0.13647136823591544,50.5,31.6,4,1.5,16.601562,68.0,15.0,85.0,1.0,90,1.0,0,0.0
C1,1160,0.5227604728432603,34.4,23.400000000000002,2,3.6,16.666666,33.0,27.0,64.0,1.0,90,3.0,2,0.0
C1,1161,-0.0993589234904052,165.9,85.4,1,37.6,17.1875,508.0,94.0,22.0,1.0,90,1.0,1,0.0
C1,1162,-0.00853680701973053,183.79999999999998,94.5,2,70.4,16.796875,481.0,352.0,43.0,1.0,90,3.0,1,0.0
C1,1163,0.0480391495536347,86.9,45.3,2,8.8,16.796875,76.0,44.0,43.0,1.0,90,3.0,2,0.0
C1,1164,0.0638766375243591,80.0,40.300000000000004,2,6.8,16.796875,67.0,34.0,43.0,1.0,90,2.0,0,0.0
C1,1165,0.41239446752340964,48.800000000000004,33.2,2,2.6,16.796875,52.0,13.0,43.0,1.0,90,1.0,2,0.0
C1,1166,0.46316140056336197,43.2,29.2,2,4.4,16.796875,43.0,22.0,43.0,1.0,90,2.0,0,0.0
C1,1167,0.5929693395681914,28.1,21.1,2,1.4,16.796875,21.0,7.0,43.0,1.0,90,1.0,2,0.0
C1,1168,0.3916593775671833,50.0,17.4,1,0.4,17.1875,2.0,1.0,22.0,1.0,90,1.0,1,0.0
C1,1169,0.5608462137260312,32.2,25.0,1,5.6,17.1875,20.0,14.0,22.0,1.0,90,3.0,1,0.0
C1,1170,0.4000804301987622,50.0,17.1,1,0.4,17.1875,3.0,1.0,22.0,1.0,90,1.0,2,0.0
C1,1171,0.5555512643889068,32.5,25.4,1,2.8,17.1875,25.0,7.0,22.0,1.0,90,1.0,0,0.0
C1,1172,0.6632383249356044,5.0,5.0,1,0.4,17.1875,0.0,1.0,22.0,1.0,90,1.0,0,0.0
C1,1173,0.6666701724931865,17.7,17.3,1,4.4,17.1875,18.0,11.0,22.0,1.0,90,2.0,2,0.0
C1,1174,0.4003882500542819,50.0,17.3,1,0.8,17.1875,1.0,2.0,22.0,1.0,90,3.0,0,0.0
C1,1175,0.6648537330978317,17.7,17.4,1,2.4,17.1875,16.0,6.0,22.0,1.0,90,1.0,2,0.0
C1,1176,0.6645151185065423,17.7,17.3,1,2.0,17.1875,15.0,5.0,22.0,1.0,90,1.0,1,0.0
C1,1177,0.6648537330978317,17.7,17.2,1,2.4,17.1875,17.0,6.0,22.0,1.0,90,1.0,2,0.0
C1,1178,0.4000804301987622,50.0,17.5,1,0.4,17.1875,1.0,1.0,22.0,1.0,90,2.0,2,0.0
C1,1179,0.6648537330978317,17.9,17.3,1,2.4,17.1875,18.0,6.0,22.0,1.0,90,1.0,0,0.0
C1,1180,0.4003882500542819,50.0,17.3,1,0.8,17.1875,1.0,2.0,22.0,1.0,90,3.0,2,0.0
C1,1181,0.5590559282601721,32.5,25.2,1,6.4,17.1875,24.0,16.0,22.0,1.0,90,3.0,0,0.0
C1,1182,0.40070356569969146,50.0,17.5,1,1.2,17.1875,2.0,3.0,22.0,1.0,90,3.0,1,0.0
C1,1183,0.6678637575856803,17.5,17.2,1,5.6,17.1875,17.0,14.0,22.0,1.0,90,3.0,1,0.0
C1,1184,0.4483745079309796,44.8,35.4,1,3.6,17.1875,30.0,9.0,22.0,1.0,90,1.0,1,0.0
C1,1185,0.022680793548624248,98.6,55.800000000000004,1,12.8,17.1875,51.0,32.0,22.0,1.0,90,3.0,0,0.0
C1,1186,0.09850110868621634,68.5,43.5,1,10.4,17.1875,43.0,26.0,22.0,1.0,90,3.0,0,0.0
C1,1187,0.03476574556220924,89.7,52.5,1,3.2,17.1875,51.0,8.0,22.0,1.0,90,1.0,1,0.0
C1,1188,0.4551047076997977,44.4,34.3,1,6.8,17.1875,34.0,17.0,22.0,1.0,90,2.0,1,0.0
C1,1189,0.0988738078367875,69.2,43.3,1,12.0,17.1875,45.0,30.0,22.0,1.0,90,3.0,1,0.0
C1,1190,0.5559819006822538,32.9,26.200000000000003,1,6.8,17.1875,26.0,17.0,22.0,1.0,90,3.0,0,0.0
C1,1191,-0.02634676873010916,113.8,70.3,1,5.6,17.1875,63.0,14.0,22.0,1.0,90,1.0,2,0.0
C1,1192,0.5495152498506344,33.4,26.200000000000003,1,4.8,17.1875,26.0,12.0,22.0,1.0,90,2.0,2,0.0
C1,1193,0.4511652994766261,44.4,34.0,1,2.8,17.1875,36.0,7.0,22.0,1.0,90,1.0,1,0.0
C1,1194,0.5595078228002552,32.4,25.4,1,6.0,17.1875,21.0,15.0,22.0,1.0,90,3.0,1,0.0
C1,1195,0.49853372052925765,39.0,32.4,1,2.8,17.1875,36.0,7.0,22.0,1.0,90,1.0,2,0.0
C1,1196,0.5610268141588961,32.0,24.299999999999997,1,4.0,17.1875,23.0,10.0,22.0,1.0,90,2.0,1,0.0
C1,1197,0.4608144222836436,43.3,32.5,1,2.8,17.1875,37.0,7.0,22.0,1.0,90,1.0,1,0.0
C1,1198,0.6648537330978317,17.5,17.2,1,2.4,17.1875,9.0,6.0,22.0,1.0,90,2.0,0,0.0
C1,1199,0.5532745174920337,32.800000000000004,26.0,1,3.2,17.1875,29.0,8.0,22.0,1.0,90,1.0,0,0.0
C1,1200,0.5616875072075405,32.2,25.3,1,6.4,17.1875,21.0,16.0,22.0,1.0,90,3.0,2,0.0
C1,1201,0.06734260363258038,77.60000000000001,43.3,1,4.0,17.1875,46.0,10.0,22.0,1.0,90,1.0,2,0.0
C1,1202,0.6682797526248165,17.3,17.2,1,6.0,17.1875,17.0,15.0,22.0,1.0,90,3.0,1,0.0
C1,1203,0.10484728573385808,64.60000000000001,49.8,1,7.2,17.1875,50.0,18.0,22.0,1.0,90,2.0,2,0.0
C1,1204,0.6674569236982506,17.5,17.2,1,5.2,17.1875,15.0,13.0,22.0,1.0,90,3.0,2,0.0
C1,1205,0.457753436835343,44.0,33.9,1,6.0,17.1875,30.0,15.0,22.0,1.0,90,2.0,1,0.0
C1,1206,0.5603678655945346,32.4,25.1,1,6.8,17.1875,23.0,17.0,22.0,1.0,90,3.0,0,0.0
C1,1207,0.5595078228002552,32.4,25.7,1,6.0,17.1875,28.0,15.0,22.0,1.0,90,2.0,0,0.0
C1,1208,0.6645151185065423,17.7,17.2,1,2.0,17.1875,18.0,5.0,22.0,1.0,90,1.0,0,0.0
C1,1209,0.464937075737322,43.6,34.3,1,9.2,17.1875,34.0,23.0,22.0,1.0,90,3.0,2,0.0
C1,1210,0.6641844064673916,17.6,17.3,1,1.6,17.1875,13.0,4.0,22.0,1.0,90,1.0,0,0.0
C1,1211,0.14456474607110784,50.6,41.6,1,9.6,17.1875,41.0,24.0,22.0,1.0,90,3.0,2,0.0
C1,1212,0.5562896696252864,32.300000000000004,25.4,1,1.6,17.1875,20.0,4.0,22.0,1.0,90,1.0,2,0.0
C1,1213,0.5539888027170687,32.599999999999994,24.9,1,2.0,17.1875,28.0,5.0,22.0,1.0,90,1.0,2,0.0
C1,1214,0.5612622087651675,32.2,26.1,1,6.0,17.1875,21.0,15.0,22.0,1.0,90,3.0,0,0.0
C1,1215,0.5044107599478482,39.1,32.599999999999994,1,9.2,17.1875,34.0,23.0,22.0,1.0,90,3.0,0,0.0
C1,1216,0.6687050510671897,17.6,17.4,1,6.4,17.1875,18.0,16.0,22.0,1.0,90,3.0,1,0.0
C1,1217,0.06486573600115508,78.39999999999999,44.4,1,3.6,17.1875,42.0,9.0,22.0,1.0,90,1.0,1,0.0
C1,1218,0.03396820896192651,91.2,45.6,1,6.4,17.1875,43.0,16.0,22.0,1.0,90,2.0,0,0.0
C1,1219,0.06913696573152432,80.5,43.8,1,12.0,17.1875,44.0,30.0,22.0,1.0,90,3.0,0,0.0
C1,1220,-0.05495078539874415,128.1,78.39999999999999,1,12.8,17.1875,74.0,32.0,22.0,1.0,90,2.0,1,0.0
C1,1221,-0.19725589304438784,181.29999999999998,102.0,1,11.2,17.1875,153.0,28.0,22.0,1.0,90,1.0,2,0.0
C1,1222,0.04065520968536561,87.6,43.8,1,3.6,17.1875,40.0,9.0,22.0,1.0,90,1.0,0,0.0
C1,1223,0.559969020743575,32.300000000000004,25.4,1,5.6,17.1875,29.0,14.0,22.0,1.0,90,2.0,1,0.0
C1,1224,0.6666701724931865,17.9,17.3,1,4.4,17.1875,13.0,11.0,22.0,1.0,90,3.0,1,0.0
C1,1225,0.5764373150151636,43.7,35.2,1,8.4,17.1875,32.0,21.0,22.0,1.0,50,3.0,2,0.0
C1,1226,0.7756544418770237,17.5,17.4,1,6.4,17.1875,18.0,16.0,22.0,1.0,50,3.0,1,0.0
C1,1227,0.5963143912469753,39.1,32.599999999999994,1,3.6,17.1875,32.0,9.0,22.0,1.0,50,1.0,2,0.0
C1,1228,0.757337347487159,17.9,17.4,1,2.0,17.1875,9.0,5.0,22.0,1.0,50,2.0,0,0.0
C1,1229,0.669435591188581,32.7,25.8,1,7.6,17.1875,27.0,19.0,22.0,1.0,50,3.0,1,0.0
C1,1230,0.768857770442213,17.9,17.6,1,4.8,17.1875,19.0,12.0,22.0,1.0,50,2.0,2,0.0
C1,1231,0.6020630016822429,39.4,33.0,1,5.6,17.1875,30.0,14.0,22.0,1.0,50,2.0,0,0.0
C1,1232,0.6630621251126823,43.0,33.7,1,6.8,17.1875,30.0,17.0,22.0,1.0,30,3.0,1,0.0
C1,1233,0.15962108096783675,123.1,74.30000000000001,1,10.4,17.1875,71.0,26.0,22.0,1.0,30,2.0,1,0.0
C1,1234,0.32886299843673295,50.6,39.800000000000004,1,4.8,17.1875,40.0,12.0,22.0,1.0,30,1.0,2,0.0
C1,1235,0.22485911701922331,100.9,56.300000000000004,1,12.4,17.1875,56.0,31.0,22.0,1.0,30,3.0,1,0.0
C1,1236,0.25504067580790246,82.9,47.800000000000004,1,7.6,17.1875,41.0,19.0,22.0,1.0,30,2.0,1,0.0
C1,1237,0.3384892149473347,50.6,41.6,1,7.2,17.1875,45.0,18.0,22.0,1.0,30,2.0,1,0.0
C1,1238,0.7602436009122469,32.099999999999994,25.8,1,7.2,17.1875,27.0,18.0,22.0,1.0,30,3.0,2,0.0
C1,1239,0.3132341081598833,54.0,39.6,1,3.2,17.1875,40.0,8.0,22.0,1.0,30,1.0,2,0.0
C1,1240,0.8616357506885648,17.9,17.5,1,6.0,17.1875,16.0,15.0,22.0,1.0,30,3.0,0,0.0
C1,1241,-0.01096140645418181,107.5,58.4,1,4.4,17.1875,56.0,11.0,22.0,1.0,90,1.0,2,0.0
C1,1242,0.6666701724931865,17.9,17.6,1,4.4,17.1875,19.0,11.0,22.0,1.0,90,2.0,1,0.0
C1,1243,0.49311135003624285,39.699999999999996,32.9,1,3.6,17.1875,33.0,9.0,22.0,1.0,90,1.0,2,0.0
C1,1244,0.5529155773829791,33.2,26.8,1,6.4,17.1875,21.0,16.0,22.0,1.0,90,3.0,2,0.0
C1,1245,0.46193316712373944,44.0,33.7,1,9.6,17.1875,37.0,24.0,22.0,1.0,90,3.0,1,0.0
C1,1246,0.45192230011665785,45.199999999999996,36.1,1,10.0,17.1875,32.0,25.0,22.0,1.0,90,3.0,1,0.0
C1,1247,0.45616514591276064,44.6,33.0,1,9.2,17.1875,35.0,23.0,22.0,1.0,90,3.0,2,0.0
C1,1248,0.6648537330978317,17.7,17.4,1,2.4,17.1875,18.0,6.0,22.0,1.0,90,1.0,1,0.0
C1,1249,0.5510060868783481,33.099999999999994,26.9,1,3.6,17.1875,28.0,9.0,22.0,1.0,90,1.0,2,0.0
C1,1250,0.6648537330978317,17.9,17.6,1,2.4,17.1875,8.0,6.0,22.0,1.0,90,2.0,1,0.0
C1,1251,-0.043984022829927416,127.0,78.39999999999999,1,17.6,17.1875,74.0,44.0,22.0,1.0,90,3.0,1,0.0
C1,1252,0.6652003871959242,18.1,17.6,1,2.8,17.1875,10.0,7.0,22.0,1.0,90,2.0,1,0.0
C1,1253,0.5551259114975744,33.099999999999994,26.3,1,7.6,17.1875,26.0,19.0,22.0,1.0,90,3.0,1,0.0
C1,1254,0.5565327937102835,32.599999999999994,26.0,1,4.8,17.1875,24.0,12.0,22.0,1.0,90,2.0,2,0.0
C1,1255,0.555743188681981,32.4,26.200000000000003,1,2.0,17.1875,22.0,5.0,22.0,1.0,90,1.0,1,0.0
C1,1256,0.666289972053633,17.4,17.2,1,4.0,17.1875,16.0,10.0,22.0,1.0,90,2.0,0,0.0
C1,1257,0.5946782945013406,28.0,23.599999999999998,1,2.4,17.1875,29.0,6.0,22.0,1.0,90,1.0,2,0.0
C1,1258,0.6648537330978317,18.1,17.6,1,2.4,17.1875,19.0,6.0,22.0,1.0,90,1.0,0,0.0
C1,1259,0.5539012147629151,32.9,26.200000000000003,1,4.8,17.1875,26.0,12.0,22.0,1.0,90,2.0,2,0.0
C1,1260,0.6655552192464198,17.8,17.5,1,3.2,17.1875,11.0,8.0,22.0,1.0,90,2.0,2,0.0
C1,1261,0.004164372657651946,101.9,58.8,1,4.8,17.1875,57.0,12.0,22.0,1.0,90,1.0,0,0.0
C1,1262,0.6645151185065423,17.8,17.4,1,2.0,17.1875,11.0,5.0,22.0,1.0,90,1.0,1,0.0
C1,1263,0.4539888027170687,44.0,34.4,1,2.0,17.1875,30.0,5.0,22.0,1.0,90,1.0,0,0.0
C1,1264,0.5546740714064506,32.599999999999994,25.8,1,2.8,17.1875,21.0,7.0,22.0,1.0,90,1.0,1,0.0
C1,1265,0.5536376658257165,32.800000000000004,24.9,1,3.6,17.1875,21.0,9.0,22.0,1.0,90,2.0,2,0.0
C1,1266,0.5596526286335375,32.2,24.299999999999997,1,4.4,17.1875,26.0,11.0,22.0,1.0,90,2.0,2,0.0
C1,1267,0.5595078228002552,32.4,25.3,1,6.0,17.1875,29.0,15.0,22.0,1.0,90,2.0,2,0.0
C1,1268,0.6645151185065423,17.5,17.3,1,2.0,17.1875,7.0,5.0,22.0,1.0,90,2.0,2,0.0
C1,1269,0.504793535518547,39.0,33.2,1,8.8,17.1875,35.0,22.0,22.0,1.0,90,3.0,0,0.0
C1,1270,0.666289972053633,17.5,17.2,1,4.0,17.1875,12.0,10.0,22.0,1.0,90,3.0,0,0.0
C1,1271,0.5527604728432604,32.9,26.9,1,3.6,17.1875,28.0,9.0,22.0,1.0,90,1.0,2,0.0
C1,1272,-0.2184922483013786,194.8,109.5,1,19.6,17.1875,133.0,49.0,22.0,1.0,90,2.0,0,0.0
C1,1273,-0.08277038362124481,189.0,106.30000000000001,1,54.0,17.1875,719.0,135.0,22.0,1.0,90,1.0,2,0.0
C1,1274,-0.15821343359995205,195.5,109.5,1,40.4,17.1875,557.0,101.0,22.0,1.0,90,1.0,2,0.0
C1,1275,-0.1808346862096108,196.8,110.5,1,35.2,17.1875,502.0,88.0,22.0,1.0,90,1.0,0,0.0
C1,1276,-0.1558632623391365,191.70000000000002,107.30000000000001,1,38.4,17.1875,532.0,96.0,22.0,1.0,90,1.0,0,0.0
C1,1277,-0.16122187438642788,191.5,108.2,1,36.8,17.1875,539.0,92.0,22.0,1.0,90,1.0,0,0.0
C1,1278,0.0825580183631033,75.39999999999999,44.2,1,12.0,17.1875,48.0,30.0,22.0,1.0,90,3.0,2,0.0
C1,1279,0.5529514768839259,33.099999999999994,27.0,1,5.6,17.1875,26.0,14.0,22.0,1.0,90,2.0,2,0.0
C1,1280,0.40070356569969146,50.0,17.6,1,1.2,17.1875,9.0,3.0,22.0,1.0,90,1.0,2,0.0
C1,1281,-0.20755314172683237,196.70000000000002,110.7,1,26.4,17.1875,351.0,66.0,22.0,1.0,90,1.0,2,0.0
C1,1282,0.008947368421052648,194.6,110.10000000000001,1,83.6,17.1875,584.0,209.0,22.0,1.0,90,2.0,1,0.0
C1,1283,-0.14284486819086034,193.3,109.60000000000001,1,42.8,17.1875,195.0,107.0,22.0,1.0,90,3.0,2,0.0
C1,1284,0.6554124766428302,21.0,17.8,1,1.6,17.1875,11.0,4.0,22.0,1.0,90,1.0,1,0.0
C1,1285,0.5573374417962067,32.599999999999994,25.2,1,5.6,17.1875,20.0,14.0,22.0,1.0,90,3.0,2,0.0
C1,1286,0.5578361892381827,32.2,26.4,1,2.4,17.1875,25.0,6.0,22.0,1.0,90,1.0,1,0.0
C1,1287,0.5595621868561452,32.300000000000004,26.4,1,5.2,17.1875,26.0,13.0,22.0,1.0,90,2.0,2,0.0
C1,1288,0.8449503405842116,17.6,17.2,1,2.0,17.1875,5.0,5.0,22.0,1.0,30,3.0,2,0.0
C1,1289,0.737019718445131,32.5,24.6,1,2.4,17.1875,24.0,6.0,22.0,1.0,30,1.0,0,0.0
C1,1290,0.8483776397808107,17.6,17.4,1,2.8,17.1875,12.0,7.0,22.0,1.0,30,2.0,1,0.0
C1,1291,0.6353746955581387,47.199999999999996,34.3,1,9.2,17.1875,32.0,23.0,22.0,1.0,30,3.0,0,0.0
C1,1292,0.8483776397808107,17.6,17.3,1,2.8,17.1875,7.0,7.0,22.0,1.0,30,3.0,0,0.0
C1,1293,0.7404270906160237,32.5,26.700000000000003,1,3.2,17.1875,29.0,8.0,22.0,1.0,30,1.0,1,0.0
C1,1294,0.5765839711106497,50.0,17.5,1,0.8,17.1875,6.0,2.0,22.0,1.0,30,1.0,1,0.0
C1,1295,0.7530059289326827,32.2,25.3,1,5.6,17.1875,21.0,14.0,22.0,1.0,30,3.0,1,0.0
C1,1296,0.737728947006979,33.0,26.5,1,3.6,17.1875,21.0,9.0,22.0,1.0,30,2.0,0,0.0
C1,1297,0.7446686500705271,32.4,26.200000000000003,1,4.0,17.1875,21.0,10.0,22.0,1.0,30,2.0,0,0.0
C1,1298,0.843222663187408,17.9,17.3,1,1.6,17.1875,6.0,4.0,22.0,1.0,30,2.0,0,0.0
C1,1299,0.7624528333329044,32.2,25.1,1,8.0,17.1875,27.0,20.0,22.0,1.0,30,3.0,2,0.0
C1,1300,0.841486331264437,17.7,17.3,1,1.2,17.1875,5.0,3.0,22.0,1.0,30,2.0,2,0.0
C1,1301,0.7589440614030798,32.599999999999994,25.8,1,8.0,17.1875,28.0,20.0,22.0,1.0,30,3.0,0,0.0
C1,1302,0.8483776397808107,17.7,17.3,1,2.8,17.1875,10.0,7.0,22.0,1.0,30,2.0,2,0.0
C1,1303,0.7473002290178954,32.099999999999994,25.4,1,4.0,17.1875,22.0,10.0,22.0,1.0,30,2.0,0,0.0
C1,1304,0.5748318922081663,50.0,17.2,1,0.4,17.1875,2.0,1.0,22.0,1.0,30,2.0,1,0.0
C1,1305,0.1424441300550981,123.89999999999999,80.9,1,6.4,17.1875,77.0,16.0,22.0,1.0,30,1.0,0,0.0
C1,1306,0.021578947368421142,189.79999999999998,106.0,1,28.0,17.1875,131.0,70.0,22.0,1.0,30,3.0,1,0.0
C1,1307,0.6361784107596502,43.8,32.4,1,2.0,17.1875,33.0,5.0,22.0,1.0,30,1.0,0,0.0
C1,1308,0.16886299843673297,111.4,66.4,1,4.8,17.1875,67.0,12.0,22.0,1.0,30,1.0,1,0.0
C1,1309,0.17752487230531863,123.0,73.7,1,16.0,17.1875,71.0,40.0,22.0,1.0,30,3.0,2,0.0
C1,1310,0.0004119308204657557,191.5,105.2,1,17.2,17.1875,110.0,43.0,22.0,1.0,30,2.0,1,0.0
C1,1311,0.04999999999999992,175.8,92.89999999999999,2,30.4,17.1875,153.0,76.0,22.0,1.0,30,3.0,1,0.0
C1,1312,0.6106020247919401,48.800000000000004,34.5,2,6.4,16.796875,50.0,32.0,43.0,1.0,30,3.0,0,0.0
C1,1313,0.8475244854270301,17.5,17.1,2,2.6,16.796875,19.0,13.0,43.0,1.0,30,2.0,0,0.0
C1,1314,0.17712604256892608,112.8,63.0,2,7.8,16.796875,90.0,39.0,43.0,1.0,30,2.0,0,0.0
C1,1315,0.6970528376503697,38.3,26.1,2,5.0,16.796875,33.0,25.0,43.0,1.0,30,3.0,0,0.0
C1,1316,0.15307352475252242,117.4,59.9,2,4.8,16.796875,123.0,24.0,43.0,1.0,30,1.0,2,0.0
C1,1317,0.01236842105263157,190.1,105.39999999999999,1,28.4,17.1875,132.0,71.0,22.0,1.0,30,3.0,2,0.0
C1,1318,0.0692105263157895,171.7,97.4,1,22.0,17.1875,97.0,55.0,22.0,1.0,30,3.0,2,0.0
C1,1319,-0.025488476587839037,192.89999999999998,108.2,1,10.0,17.1875,133.0,25.0,22.0,1.0,30,1.0,0,0.0
C1,1320,0.21906771989422166,98.3,56.599999999999994,1,8.8,17.1875,55.0,22.0,22.0,1.0,30,2.0,1,0.0
C1,1321,0.1983488933760973,113.8,70.6,1,14.8,17.1875,62.0,37.0,22.0,1.0,30,3.0,0,0.0
C1,1322,0.8449503405842116,17.4,17.2,1,2.0,17.1875,8.0,5.0,22.0,1.0,30,2.0,0,0.0
C1,1323,0.0736842105263158,170.0,98.10000000000001,1,22.4,17.1875,96.0,56.0,22.0,1.0,30,3.0,0,0.0
C1,1324,0.7577989672179453,32.2,25.4,1,6.8,17.1875,22.0,17.0,22.0,1.0,30,3.0,0,0.0
C1,1325,0.32999669298202716,55.0,42.1,1,8.0,17.1875,46.0,20.0,22.0,1.0,30,2.0,0,0.0
C1,1326,-0.0036842105263157343,199.4,110.0,1,27.2,17.1875,123.0,68.0,22.0,1.0,30,3.0,2,0.0
C1,1327,0.2471849321302261,84.7,56.800000000000004,1,6.8,17.1875,50.0,17.0,22.0,1.0,30,2.0,1,0.0
C1,1328,0.7420370711231585,32.7,26.200000000000003,1,4.0,17.1875,22.0,10.0,22.0,1.0,30,2.0,1,0.0
C1,1329,0.2013799621684541,112.19999999999999,68.8,1,14.4,17.1875,64.0,36.0,22.0,1.0,30,3.0,1,0.0
C1,1330,0.005594478105229478,177.1,104.1,1,7.2,17.1875,114.0,18.0,22.0,1.0,30,1.0,1,0.0
C1,1331,0.028015088315274356,170.9,101.8,1,8.8,17.1875,127.0,22.0,22.0,1.0,30,1.0,1,0.0
C1,1332,0.006578947368421018,195.5,109.2,1,28.4,17.1875,135.0,71.0,22.0,1.0,30,3.0,2,0.0
C1,1333,-0.011137551789112327,195.5,107.5,1,16.8,17.1875,219.0,42.0,22.0,1.0,30,1.0,2,0.0
C1,1334,0.04736842105263149,176.8,90.6,2,38.4,17.1875,196.0,96.0,22.0,1.0,30,3.0,2,0.0
C1,1335,0.1966431200631909,114.0,62.8,2,14.4,16.796875,172.0,72.0,43.0,1.0,30,2.0,1,0.0
C1,1336,0.1545143600184288,121.1,61.0,2,7.6,16.796875,181.0,38.0,43.0,1.0,30,1.0,1,0.0
C1,1337,0.20171341648524405,113.60000000000001,61.800000000000004,2,15.8,16.796875,185.0,79.0,43.0,1.0,30,2.0,0,0.0
C1,1338,0.1875872327985023,115.8,63.1,2,13.0,16.796875,103.0,65.0,43.0,1.0,30,3.0,2,0.0
C1,1339,0.7463333921756501,32.4,21.7,2,4.4,16.796875,22.0,22.0,43.0,1.0,30,3.0,0,0.0
C1,1340,0.14112834058141385,121.2,67.7,1,6.4,17.1875,79.0,16.0,22.0,1.0,30,1.0,0,0.0
C1,1341,0.2313353167371937,86.4,44.8,1,4.0,17.1875,46.0,10.0,22.0,1.0,30,1.0,2,0.0
C1,1342,0.843222663187408,17.5,17.3,1,1.6,17.1875,5.0,4.0,22.0,1.0,30,2.0,0,0.0
C1,1343,0.034226846408520584,180.10000000000002,101.6,1,18.8,17.1875,141.0,47.0,22.0,1.0,30,2.0,0,0.0
C1,1344,-0.21954724479479143,190.20000000000002,109.0,1,12.0,17.1875,155.0,30.0,22.0,1.0,90,1.0,0,0.0
C1,1345,-0.07712321880934744,136.3,87.5,1,12.4,17.1875,81.0,31.0,22.0,1.0,90,2.0,2,0.0
C1,1346,0.020880535544792023,97.60000000000001,58.2,1,9.6,17.1875,56.0,24.0,22.0,1.0,90,2.0,0,0.0
C1,1347,0.09361064994205065,71.2,42.6,1,12.0,17.1875,48.0,30.0,22.0,1.0,90,3.0,0,0.0
C1,1348,0.5536376658257165,32.800000000000004,24.2,1,3.6,17.1875,29.0,9.0,22.0,1.0,90,1.0,1,0.0
C1,1349,0.015765288731239335,98.8,55.5,1,8.0,17.1875,55.0,20.0,22.0,1.0,90,2.0,0,0.0
C1,1350,0.10567173484845199,66.4,42.9,1,11.6,17.1875,49.0,29.0,22.0,1.0,90,3.0,0,0.0
C1,1351,0.016353981673012927,98.4,54.1,1,7.6,17.1875,52.0,19.0,22.0,1.0,90,2.0,1,0.0
C1,1352,0.46570253773333836,43.0,33.2,1,5.2,17.1875,31.0,13.0,22.0,1.0,90,2.0,1,0.0
C1,1353,0.06260739399439724,81.0,44.6,1,8.0,17.1875,47.0,20.0,22.0,1.0,90,2.0,1,0.0
C1,1354,0.4695822440496458,42.7,33.099999999999994,1,6.4,17.1875,34.0,16.0,22.0,1.0,90,2.0,0,0.0
C1,1355,0.03328678863273404,90.39999999999999,50.4,1,3.6,17.1875,44.0,9.0,22.0,1.0,90,1.0,1,0.0
C1,1356,0.08828678863273401,69.5,42.9,1,3.6,17.1875,43.0,9.0,22.0,1.0,90,1.0,0,0.0
C1,1357,0.07009078780623947,79.5,43.0,1,10.8,17.1875,43.0,27.0,22.0,1.0,90,3.0,1,0.0
C1,1358,0.6655552192464198,17.6,17.3,1,3.2,17.1875,15.0,8.0,22.0,1.0,90,2.0,2,0.0
C1,1359,0.08040757060626627,74.6,42.8,1,8.8,17.1875,43.0,22.0,22.0,1.0,90,2.0,0,0.0
C1,1360,0.592791459296971,32.300000000000004,25.7,1,4.8,17.1875,26.0,12.0,22.0,1.0,70,2.0,0,0.0
C1,1361,0.044523241597707264,103.0,57.8,1,8.4,17.1875,59.0,21.0,22.0,1.0,70,2.0,2,0.0
C1,1362,0.6010511995487897,32.2,25.4,1,7.6,17.1875,27.0,19.0,22.0,1.0,70,3.0,0,0.0
C1,1363,0.18563163778968528,104.4,68.3,1,4.4,17.1875,50.0,11.0,22.0,1.0,30,1.0,2,0.0
C1,1364,0.13045415653399203,139.6,90.6,1,14.8,17.1875,84.0,37.0,22.0,1.0,30,2.0,2,0.0
C1,1365,0.12944992402923086,127.0,83.9,1,5.2,17.1875,70.0,13.0,22.0,1.0,30,1.0,0,0.0
C1,1366,0.12421052631578955,150.79999999999998,95.4,1,22.4,17.1875,95.0,56.0,22.0,1.0,30,3.0,0,0.0
C1,1367,0.13857864891386712,140.1,92.2,1,18.4,17.1875,83.0,46.0,22.0,1.0,30,3.0,1,0.0
C1,1368,0.01578947368421052,192.0,108.89999999999999,1,21.2,17.1875,100.0,53.0,22.0,1.0,30,3.0,1,0.0
C1,1369,0.032432593747401456,176.4,99.3,1,14.4,17.1875,93.0,36.0,22.0,1.0,30,2.0,0,0.0
C1,1370,0.12668833326430873,145.3,94.0,1,19.2,17.1875,90.0,48.0,22.0,1.0,30,3.0,2,0.0
C1,1371,-0.057292712050165034,199.8,116.8,1,6.4,17.1875,103.0,16.0,22.0,1.0,30,1.0,0,0.0
C1,1372,0.20333613242141402,114.0,69.1,1,16.8,17.1875,66.0,42.0,22.0,1.0,30,3.0,0,0.0
C1,1373,0.21506417269476988,107.0,61.5,1,14.4,17.1875,57.0,36.0,22.0,1.0,30,3.0,1,0.0
C1,1374,0.6511094348990913,44.0,34.0,1,6.0,17.1875,36.0,15.0,22.0,1.0,30,2.0,0,0.0
C1,1375,0.2826053704294614,76.89999999999999,43.6,1,10.8,17.1875,42.0,27.0,22.0,1.0,30,3.0,2,0.0
C1,1376,0.8483776397808107,18.0,17.5,1,2.8,17.1875,17.0,7.0,22.0,1.0,30,1.0,0,0.0
C1,1377,0.7563124824557113,32.9,25.9,1,8.0,17.1875,29.0,20.0,22.0,1.0,30,3.0,2,0.0
C1,1378,0.7530059289326827,32.2,24.7,1,5.6,17.1875,25.0,14.0,22.0,1.0,30,2.0,0,0.0
C1,1379,0.3216167865700556,61.0,42.2,1,10.0,17.1875,43.0,25.0,22.0,1.0,30,3.0,0,0.0
C1,1380,0.6665527388505139,44.3,34.1,1,10.8,17.1875,33.0,27.0,22.0,1.0,30,3.0,0,0.0
C1,1381,0.12694671137685404,138.6,87.0,1,12.8,17.1875,86.0,32.0,22.0,1.0,30,2.0,2,0.0
C1,1382,-0.041143868111478854,198.3,109.3,1,9.6,17.1875,112.0,24.0,22.0,1.0,30,1.0,0,0.0
C1,1383,0.15570510369989085,116.4,72.3,1,4.8,17.1875,63.0,12.0,22.0,1.0,30,1.0,1,0.0
C1,1384,0.8449503405842116,17.5,17.2,1,2.0,17.1875,6.0,5.0,22.0,1.0,30,2.0,1,0.0
C1,1385,0.2452826851582463,81.10000000000001,45.1,1,4.0,17.1875,43.0,10.0,22.0,1.0,30,1.0,0,0.0
C1,1386,0.0028947368421053943,196.9,108.89999999999999,1,20.8,17.1875,143.0,52.0,22.0,1.0,30,2.0,2,0.0
C1,1387,0.039473684210526425,179.79999999999998,92.8,2,22.0,16.796875,164.0,110.0,43.0,1.0,30,3.0,1,0.0
C1,1388,0.16512035147316903,118.8,63.70000000000001,2,8.8,16.796875,103.0,44.0,43.0,1.0,30,2.0,1,0.0
C1,1389,0.18643335246050824,115.0,60.8,2,12.0,16.796875,151.0,60.0,43.0,1.0,30,2.0,1,0.0
C1,1390,0.6506699437097958,43.4,28.400000000000002,2,4.6,16.796875,47.0,23.0,43.0,1.0,30,2.0,2,0.0
C1,1391,0.20394736842105268,120.5,63.8,2,23.6,16.796875,188.0,118.0,43.0,1.0,30,3.0,2,0.0
C1,1392,0.18646318623099467,112.9,60.8,2,10.4,16.796875,122.0,52.0,43.0,1.0,30,2.0,2,0.0
C1,1393,0.1908638429537457,109.3,62.9,2,9.0,16.796875,102.0,45.0,43.0,1.0,30,2.0,2,0.0
C1,1394,0.17427861722375076,111.5,60.0,2,6.2,16.796875,140.0,31.0,43.0,1.0,30,1.0,1,0.0
C1,1395,0.20631578947368423,119.6,63.70000000000001,2,24.8,16.796875,208.0,124.0,43.0,1.0,30,3.0,1,0.0
C1,1396,0.16796910611164045,118.0,63.1,2,9.0,16.796875,209.0,45.0,43.0,1.0,30,1.0,1,0.0
C1,1397,0.15267348845297418,119.1,65.5,2,5.8,16.796875,127.0,29.0,43.0,1.0,30,1.0,2,0.0
C1,1398,0.18859984054199608,103.9,55.199999999999996,2,4.8,16.796875,93.0,24.0,43.0,1.0,30,1.0,1,0.0
C1,1399,0.8509215013502609,17.6,17.0,2,3.4,16.796875,19.0,17.0,43.0,1.0,30,3.0,2,0.0
C1,1400,0.839741865847492,17.2,16.9,2,0.8,16.796875,7.0,4.0,43.0,1.0,30,2.0,2,0.0
C1,1401,-0.021224858007632658,190.20000000000002,100.6,1,11.6,17.1875,137.0,29.0,22.0,1.0,30,1.0,0,0.0
C1,1402,0.5765839711106497,50.0,17.4,1,0.8,17.1875,5.0,2.0,22.0,1.0,30,1.0,1,0.0
C1,1403,0.21844487099673535,99.1,52.699999999999996,1,9.2,17.1875,56.0,23.0,22.0,1.0,30,2.0,0,0.0
C1,1404,0.8567577352788383,17.7,17.4,1,4.8,17.1875,13.0,12.0,22.0,1.0,30,3.0,0,0.0
C1,1405,0.7454561991931941,32.5,26.200000000000003,1,4.4,17.1875,21.0,11.0,22.0,1.0,30,2.0,2,0.0
C1,1406,0.8583972924502834,17.9,17.3,1,5.2,17.1875,15.0,13.0,22.0,1.0,30,3.0,2,0.0
C1,1407,0.6473780698139966,43.3,31.7,1,3.6,17.1875,37.0,9.0,22.0,1.0,30,1.0,0,0.0
C1,1408,0.7600406758079024,32.300000000000004,26.0,1,7.6,17.1875,24.0,19.0,22.0,1.0,30,3.0,1,0.0
C1,1409,0.19655518718712556,101.5,44.1,1,5.2,17.1875,40.0,13.0,22.0,1.0,30,2.0,1,0.0
C1,1410,0.8534405798950884,17.9,17.4,1,4.0,17.1875,11.0,10.0,22.0,1.0,30,3.0,2,0.0
C1,1411,0.6241526507061224,49.6,40.0,1,12.0,17.1875,49.0,30.0,22.0,1.0,30,3.0,0,0.0
C1,1412,0.5765839711106497,50.0,17.3,1,0.8,17.1875,1.0,2.0,22.0,1.0,30,3.0,1,0.0
C1,1413,0.7577989672179453,32.2,24.6,1,6.8,17.1875,26.0,17.0,22.0,1.0,30,3.0,1,0.0
C1,1414,0.7609178687903586,32.2,25.4,1,7.6,17.1875,24.0,19.0,22.0,1.0,30,3.0,0,0.0
C1,1415,0.6853199612148806,40.099999999999994,33.4,1,6.0,17.1875,37.0,15.0,22.0,1.0,30,2.0,2,0.0
C1,1416,0.3003428268670682,64.5,42.4,1,6.8,17.1875,43.0,17.0,22.0,1.0,30,2.0,2,0.0
C1,1417,0.34748598403945563,53.8,41.8,1,12.0,17.1875,47.0,30.0,22.0,1.0,30,3.0,0,0.0
C1,1418,0.7360411257037429,33.0,25.8,1,3.2,17.1875,28.0,8.0,22.0,1.0,30,1.0,1,0.0
C1,1419,0.6034130023056647,49.8,41.5,1,6.8,17.1875,45.0,17.0,22.0,1.0,30,2.0,2,0.0
C1,1420,0.7513797485906344,32.2,24.8,1,5.2,17.1875,28.0,13.0,22.0,1.0,30,2.0,2,0.0
C1,1421,0.15061724725552525,128.1,77.2,1,11.6,17.1875,71.0,29.0,22.0,1.0,30,2.0,2,0.0
C1,1422,0.7023133339293093,39.4,33.0,1,8.8,17.1875,33.0,22.0,22.0,1.0,30,3.0,2,0.0
C1,1423,0.5921149119192597,49.6,40.0,1,3.6,17.1875,46.0,9.0,22.0,1.0,30,1.0,2,0.0
C1,1424,0.7360969380264246,32.800000000000004,24.7,1,2.8,17.1875,25.0,7.0,22.0,1.0,30,1.0,1,0.0
C1,1425,0.6958462770043543,38.9,31.8,1,6.0,17.1875,37.0,15.0,22.0,1.0,30,2.0,0,0.0
C1,1426,0.280936870441521,77.0,44.699999999999996,1,10.4,17.1875,43.0,26.0,22.0,1.0,30,3.0,1,0.0
C1,1427,0.2908947956844221,64.4,43.1,1,4.4,17.1875,48.0,11.0,22.0,1.0,30,1.0,0,0.0
C1,1428,0.6351639327212868,44.5,34.0,1,3.2,17.1875,33.0,8.0,22.0,1.0,30,1.0,1,0.0
C1,1429,0.2814203955873803,79.9,44.8,1,12.8,17.1875,47.0,32.0,22.0,1.0,30,3.0,2,0.0
C1,1430,0.648619964020402,44.1,33.9,1,5.6,17.1875,31.0,14.0,22.0,1.0,30,2.0,0,0.0
C1,1431,0.23447037719255348,91.30000000000001,52.5,1,8.0,17.1875,57.0,20.0,22.0,1.0,30,2.0,0,0.0
C1,1432,0.753883121915139,32.099999999999994,24.8,1,5.6,17.1875,28.0,14.0,22.0,1.0,30,2.0,0,0.0
C1,1433,0.26375237284207154,79.0,42.2,1,7.2,17.1875,43.0,18.0,22.0,1.0,30,2.0,2,0.0
C1,1434,0.660698447367992,43.8,33.5,1,8.0,17.1875,33.0,20.0,22.0,1.0,30,3.0,1,0.0
C1,1435,0.21791426410561476,91.5,49.4,1,4.0,17.1875,47.0,10.0,22.0,1.0,30,1.0,2,0.0
C1,1436,0.6534130023056648,44.1,32.5,1,6.8,17.1875,39.0,17.0,22.0,1.0,30,2.0,1,0.0
C1,1437,0.220830149492113,95.9,56.099999999999994,1,7.6,17.1875,51.0,19.0,22.0,1.0,30,2.0,1,0.0
C1,1438,0.7615756403504481,32.300000000000004,26.3,1,8.0,17.1875,29.0,20.0,22.0,1.0,30,3.0,2,0.0
C1,1439,0.3299156300156803,50.2,41.5,1,4.8,17.1875,47.0,12.0,22.0,1.0,30,1.0,2,0.0
C1,1440,0.8483776397808107,17.4,17.1,1,2.8,17.1875,19.0,7.0,22.0,1.0,30,1.0,1,0.0
C1,1441,0.6669536429265599,43.6,34.2,1,9.2,17.1875,32.0,23.0,22.0,1.0,30,3.0,0,0.0
C1,1442,0.5783284365275949,50.0,17.3,1,1.2,17.1875,6.0,3.0,22.0,1.0,30,1.0,2,0.0
C1,1443,0.7537410138464595,32.300000000000004,25.0,1,6.0,17.1875,25.0,15.0,22.0,1.0,30,2.0,2,0.0
C1,1444,0.5765839711106497,50.0,17.7,1,0.8,17.1875,6.0,2.0,22.0,1.0,30,1.0,0,0.0
C1,1445,0.7453542265069084,32.7,25.3,1,4.8,17.1875,23.0,12.0,22.0,1.0,30,2.0,2,0.0
C1,1446,0.8449503405842116,18.4,17.5,1,2.0,17.1875,16.0,5.0,22.0,1.0,30,1.0,1,0.0
C1,1447,0.7428246202458255,32.800000000000004,25.4,1,4.4,17.1875,22.0,11.0,22.0,1.0,30,2.0,2,0.0
C1,1448,0.8466688412521486,17.6,17.4,1,2.4,17.1875,10.0,6.0,22.0,1.0,30,2.0,2,0.0
C1,1449,0.7487481696432658,32.5,25.9,1,5.2,17.1875,25.0,13.0,22.0,1.0,30,2.0,0,0.0
C1,1450,0.8483776397808107,17.7,17.3,1,2.8,17.1875,8.0,7.0,22.0,1.0,30,3.0,0,0.0
C1,1451,0.3179856683081568,64.5,44.5,1,11.6,17.1875,48.0,29.0,22.0,1.0,30,3.0,0,0.0
C1,1452,0.6577989672179454,43.6,33.099999999999994,1,6.8,17.1875,38.0,17.0,22.0,1.0,30,2.0,1,0.0
C1,1453,0.2321055504435874,99.6,55.199999999999996,1,13.6,17.1875,55.0,34.0,22.0,1.0,30,3.0,1,0.0
C1,1454,0.7361784107596501,32.4,25.0,1,2.0,17.1875,27.0,5.0,22.0,1.0,30,1.0,0,0.0
C1,1455,0.6473780698139966,43.3,33.9,1,3.6,17.1875,37.0,9.0,22.0,1.0,30,1.0,0,0.0
C1,1456,0.16459403568369538,119.0,67.9,1,8.8,17.1875,60.0,22.0,22.0,1.0,30,2.0,2,0.0
C1,1457,-0.033834840412808986,119.2,69.1,1,11.2,17.1875,60.0,28.0,22.0,1.0,90,2.0,2,0.0
C1,1458,0.5586953842610203,32.800000000000004,25.5,1,8.4,17.1875,29.0,21.0,22.0,1.0,90,3.0,1,0.0
C1,1459,0.5569306079087769,32.599999999999994,26.5,1,5.2,17.1875,27.0,13.0,22.0,1.0,90,2.0,1,0.0
C1,1460,0.4003882500542819,50.0,17.5,1,0.8,17.1875,2.0,2.0,22.0,1.0,90,1.0,2,0.0
C1,1461,-0.04272247493296949,127.1,79.10000000000001,1,18.4,17.1875,76.0,46.0,22.0,1.0,90,3.0,2,0.0
C1,1462,0.09509078780623946,70.0,44.5,1,10.8,17.1875,47.0,27.0,22.0,1.0,90,3.0,1,0.0
C1,1463,0.4266016716987704,47.7,38.1,1,7.2,17.1875,43.0,18.0,22.0,1.0,90,2.0,1,0.0
C1,1464,0.46523897294176564,43.4,33.099999999999994,1,8.0,17.1875,31.0,20.0,22.0,1.0,90,3.0,0,0.0
C1,1465,0.042568808248555884,86.6,43.6,1,2.8,17.1875,43.0,7.0,22.0,1.0,90,1.0,0,0.0
C1,1466,0.45821463477866275,43.9,34.3,1,5.6,17.1875,33.0,14.0,22.0,1.0,90,2.0,2,0.0
C1,1467,0.5542275147173416,33.099999999999994,25.9,1,6.8,17.1875,25.0,17.0,22.0,1.0,90,3.0,0,0.0
C1,1468,0.4003882500542819,50.0,17.5,1,0.8,17.1875,2.0,2.0,22.0,1.0,90,3.0,0,0.0
C1,1469,0.6648537330978317,18.1,17.4,1,2.4,17.1875,18.0,6.0,22.0,1.0,90,1.0,0,0.0
C1,1470,0.6645151185065423,17.8,17.4,1,2.0,17.1875,5.0,5.0,22.0,1.0,90,3.0,1,0.0
C1,1471,0.5599350050321037,32.5,25.4,1,7.2,17.1875,29.0,18.0,22.0,1.0,90,3.0,2,0.0
C1,1472,0.4003882500542819,50.0,17.3,1,0.8,17.1875,4.0,2.0,22.0,1.0,90,1.0,1,0.0
C1,1473,0.5548864632817032,32.7,25.3,1,4.0,17.1875,20.0,10.0,22.0,1.0,90,2.0,2,0.0
C1,1474,0.6648537330978317,17.6,17.4,1,2.4,17.1875,7.0,6.0,22.0,1.0,90,2.0,0,0.0
C1,1475,0.05635398167301295,83.2,42.8,1,7.6,17.1875,43.0,19.0,22.0,1.0,90,2.0,1,0.0
C1,1476,0.45590609643940216,43.9,32.7,1,3.2,17.1875,39.0,8.0,22.0,1.0,90,1.0,2,0.0
C1,1477,0.031816287843106694,91.1,44.1,1,4.0,17.1875,44.0,10.0,22.0,1.0,90,1.0,1,0.0
C1,1478,0.5629994445419029,32.099999999999994,25.0,1,6.8,17.1875,25.0,17.0,22.0,1.0,90,3.0,1,0.0
C1,1479,0.11146120853266255,64.19999999999999,41.2,1,11.6,17.1875,45.0,29.0,22.0,1.0,90,3.0,0,0.0
C1,1480,0.6687050510671897,17.7,17.4,1,6.4,17.1875,19.0,16.0,22.0,1.0,90,3.0,0,0.0
C1,1481,0.14593489274318883,51.1,40.4,1,11.6,17.1875,48.0,29.0,22.0,1.0,90,3.0,0,0.0
C1,1482,0.40070356569969146,50.0,17.3,1,1.2,17.1875,3.0,3.0,22.0,1.0,90,3.0,2,0.0
C1,1483,0.6682797526248165,17.9,17.5,1,6.0,17.1875,18.0,15.0,22.0,1.0,90,3.0,1,0.0
C1,1484,0.4000804301987622,50.0,17.4,1,0.4,17.1875,1.0,1.0,22.0,1.0,90,2.0,0,0.0
C1,1485,0.7522569415730904,32.099999999999994,25.0,1,5.2,17.1875,20.0,13.0,22.0,1.0,30,3.0,2,0.0
C1,1486,0.8466688412521486,17.5,17.3,1,2.4,17.1875,10.0,6.0,22.0,1.0,30,2.0,2,0.0
C1,1487,0.7455458430529831,32.300000000000004,25.1,1,4.0,17.1875,20.0,10.0,22.0,1.0,30,2.0,2,0.0
C1,1488,0.5765839711106497,50.0,17.4,1,0.8,17.1875,5.0,2.0,22.0,1.0,30,1.0,2,0.0
C1,1489,0.7378969114275873,32.4,26.4,1,2.4,17.1875,20.0,6.0,22.0,1.0,30,1.0,1,0.0
C1,1490,0.7412377189368036,32.599999999999994,25.0,1,3.6,17.1875,20.0,9.0,22.0,1.0,30,2.0,1,0.0
C1,1491,0.3054105546520473,67.7,43.8,1,10.4,17.1875,41.0,26.0,22.0,1.0,30,3.0,0,0.0
C1,1492,0.8500762134230411,17.3,17.1,1,3.2,17.1875,10.0,8.0,22.0,1.0,30,3.0,2,0.0
C1,1493,0.7455458430529831,32.300000000000004,24.9,1,4.0,17.1875,21.0,10.0,22.0,1.0,30,2.0,1,0.0
C1,1494,0.5783284365275949,50.0,17.2,1,1.2,17.1875,7.0,3.0,22.0,1.0,30,1.0,1,0.0
C1,1495,0.7404829029387052,32.300000000000004,25.2,1,2.8,17.1875,23.0,7.0,22.0,1.0,30,1.0,2,0.0
C1,1496,0.8500762134230411,17.5,17.3,1,3.2,17.1875,15.0,8.0,22.0,1.0,30,2.0,2,0.0
C1,1497,0.7413600959211615,32.2,24.8,1,2.8,17.1875,28.0,7.0,22.0,1.0,30,1.0,2,0.0
C1,1498,0.749740191419189,32.2,25.5,1,4.8,17.1875,28.0,12.0,22.0,1.0,30,2.0,1,0.0
C1,1499,0.610698447367992,49.5,40.0,1,8.0,17.1875,43.0,20.0,22.0,1.0,30,2.0,1,0.0
C1,1500,0.6522569415730906,43.5,32.4,1,5.2,17.1875,30.0,13.0,22.0,1.0,30,2.0,0,0.0
C1,1501,-0.01022031089208128,188.70000000000002,105.30000000000001,1,11.2,17.1875,139.0,28.0,22.0,1.0,30,1.0,2,0.0
C1,1502,-0.014696166297360674,185.4,104.2,1,7.6,17.1875,111.0,19.0,22.0,1.0,30,1.0,1,0.0
C1,1503,0.008512944182531346,188.79999999999998,105.0,1,17.6,17.1875,122.0,44.0,22.0,1.0,30,2.0,1,0.0
C1,1504,-0.04281506786977382,194.89999999999998,105.30000000000001,1,6.8,17.1875,91.0,17.0,22.0,1.0,30,1.0,0,0.0
C1,1505,0.01034282686706825,174.7,104.6,1,6.8,17.1875,112.0,17.0,22.0,1.0,30,1.0,2,0.0
C1,1506,0.07782257758662361,159.6,97.9,1,14.8,17.1875,98.0,37.0,22.0,1.0,30,2.0,1,0.0
C1,1507,0.8500762134230411,17.5,17.3,1,3.2,17.1875,15.0,8.0,22.0,1.0,30,2.0,0,0.0
C1,1508,0.8567577352788383,17.6,17.3,1,4.8,17.1875,14.0,12.0,22.0,1.0,30,3.0,2,0.0
C1,1509,0.8551053220002116,17.5,17.3,1,4.4,17.1875,13.0,11.0,22.0,1.0,30,3.0,1,0.0
C1,1510,0.8663839517894398,17.6,17.3,1,7.2,17.1875,19.0,18.0,22.0,1.0,30,3.0,0,0.0
C1,1511,0.7463333921756501,32.4,24.299999999999997,1,4.4,17.1875,24.0,11.0,22.0,1.0,30,2.0,2,0.0
C1,1512,0.02446849637127202,134.8,84.2,1,6.0,17.1875,85.0,15.0,22.0,1.0,50,1.0,2,0.0
C1,1513,0.09162881893504,104.2,52.3,1,2.8,17.1875,50.0,7.0,22.0,1.0,50,1.0,2,0.0
C1,1514,0.5532341400032648,44.2,35.3,1,4.0,17.1875,38.0,10.0,22.0,1.0,50,1.0,0,0.0
C1,1515,0.06795887801137762,128.3,81.9,1,12.0,17.1875,79.0,30.0,22.0,1.0,50,2.0,0,0.0
C1,1516,-0.0353646331653224,170.3,102.0,1,13.6,17.1875,92.0,34.0,22.0,1.0,50,2.0,2,0.0
C1,1517,0.6211842529984952,39.0,32.300000000000004,1,9.2,17.1875,36.0,23.0,22.0,1.0,50,3.0,1,0.0
C1,1518,0.04722961637875525,139.6,85.9,1,14.0,17.1875,81.0,35.0,22.0,1.0,50,2.0,2,0.0
C1,1519,0.7655148417576507,18.2,17.5,1,4.0,17.1875,12.0,10.0,22.0,1.0,50,3.0,2,0.0
C1,1520,0.28665465637088755,69.1,41.9,1,6.4,17.1875,40.0,16.0,22.0,1.0,30,2.0,1,0.0
C1,1521,0.18319573393847663,113.60000000000001,69.0,1,10.0,17.1875,65.0,25.0,22.0,1.0,30,2.0,0,0.0
C1,1522,0.12038543280869701,140.6,89.0,1,12.4,17.1875,90.0,31.0,22.0,1.0,30,2.0,2,0.0
C1,1523,0.194473971496219,113.9,60.6,1,13.6,17.1875,60.0,34.0,22.0,1.0,30,3.0,2,0.0
C1,1524,0.20995445026435222,72.3,43.8,1,10.8,17.1875,44.0,27.0,22.0,1.0,50,3.0,2,0.0
C1,1525,-0.004495851753822666,166.1,102.5,1,18.0,17.1875,120.0,45.0,22.0,1.0,50,2.0,2,0.0
C1,1526,-0.0037768235180693777,171.2,96.9,1,21.2,17.1875,97.0,53.0,22.0,1.0,50,3.0,0,0.0
C1,1527,-0.08133795846376199,191.20000000000002,107.2,1,15.6,17.1875,106.0,39.0,22.0,1.0,50,2.0,1,0.0
C1,1528,0.6643437034366289,32.300000000000004,25.4,1,5.6,17.1875,21.0,14.0,22.0,1.0,50,3.0,0,0.0
C1,1529,-0.09492304630446083,186.79999999999998,104.7,1,10.0,17.1875,116.0,25.0,22.0,1.0,50,1.0,0,0.0
C1,1530,0.15606604235522592,92.1,59.8,1,10.4,17.1875,59.0,26.0,22.0,1.0,50,2.0,2,0.0
C1,1531,0.13232460387568823,99.1,57.2,1,9.2,17.1875,55.0,23.0,22.0,1.0,50,2.0,2,0.0
C1,1532,-0.07840152536806946,204.1,109.3,1,24.0,17.1875,105.0,60.0,22.0,1.0,50,3.0,0,0.0
C1,1533,0.2601118056367661,54.6,41.300000000000004,1,11.6,17.1875,47.0,29.0,22.0,1.0,50,3.0,1,0.0
C1,1534,0.10287256929880886,125.3,76.5,1,18.0,17.1875,76.0,45.0,22.0,1.0,50,3.0,1,0.0
C1,1535,-0.05087465103393918,187.1,102.8,1,20.0,17.1875,94.0,50.0,22.0,1.0,50,3.0,1,0.0
C1,1536,0.16426198171536488,96.5,57.1,1,14.8,17.1875,57.0,37.0,22.0,1.0,50,3.0,2,0.0
C1,1537,0.6592867054276406,32.300000000000004,24.6,1,4.4,17.1875,25.0,11.0,22.0,1.0,50,2.0,0,0.0
C1,1538,0.1307400521140385,97.69999999999999,54.300000000000004,1,8.0,17.1875,55.0,20.0,22.0,1.0,50,2.0,0,0.0
C1,1539,0.2511981008081585,54.6,42.2,1,9.6,17.1875,42.0,24.0,22.0,1.0,50,3.0,2,0.0
C1,1540,0.12155677837834328,114.1,70.0,1,15.6,17.1875,64.0,39.0,22.0,1.0,50,3.0,0,0.0
C1,1541,0.07728324370290293,138.4,86.9,1,20.0,17.1875,85.0,50.0,22.0,1.0,50,3.0,0,0.0
C1,1542,-0.0013093074951190942,145.9,89.80000000000001,1,6.8,17.1875,93.0,17.0,22.0,1.0,50,1.0,2,0.0
C1,1543,-0.10198431319600701,201.1,110.0,1,16.8,17.1875,129.0,42.0,22.0,1.0,50,2.0,0,0.0
C1,1544,0.206529525798249,68.9,43.2,1,8.0,17.1875,48.0,20.0,22.0,1.0,50,2.0,1,0.0
C1,1545,-0.05909017839866018,204.0,112.69999999999999,1,28.8,17.1875,129.0,72.0,22.0,1.0,50,3.0,2,0.0
C1,1546,0.650049871566619,32.599999999999994,26.3,1,2.8,17.1875,23.0,7.0,22.0,1.0,50,1.0,0,0.0
C1,1547,0.6526814505139873,32.300000000000004,25.0,1,2.8,17.1875,22.0,7.0,22.0,1.0,50,1.0,2,0.0
C1,1548,0.757337347487159,18.0,17.3,1,2.0,17.1875,17.0,5.0,22.0,1.0,50,1.0,0,0.0
C1,1549,0.7756544418770237,17.6,17.4,1,6.4,17.1875,19.0,16.0,22.0,1.0,50,3.0,2,0.0
C1,1550,0.6600858406176517,32.4,25.5,1,4.8,17.1875,24.0,12.0,22.0,1.0,50,2.0,0,0.0
C1,1551,0.1946365044986328,78.8,43.1,1,11.2,17.1875,41.0,28.0,22.0,1.0,50,3.0,1,0.0
C1,1552,0.757337347487159,17.8,17.4,1,2.0,17.1875,16.0,5.0,22.0,1.0,50,1.0,1,0.0
C1,1553,0.665170250757237,32.4,25.3,1,6.0,17.1875,21.0,15.0,22.0,1.0,50,3.0,1,0.0
C1,1554,0.6670591094997571,17.6,17.3,1,4.8,17.1875,14.0,12.0,22.0,1.0,90,3.0,2,0.0
C1,1555,0.5570210496861691,32.5,25.9,1,4.4,17.1875,24.0,11.0,22.0,1.0,90,2.0,0,0.0
C1,1556,0.5035122777563444,38.6,32.2,1,4.4,17.1875,30.0,11.0,22.0,1.0,90,2.0,2,0.0
C1,1557,0.6682797526248165,17.6,17.3,1,6.0,17.1875,17.0,15.0,22.0,1.0,90,3.0,2,0.0
C1,1558,0.5596526286335375,32.2,25.1,1,4.4,17.1875,24.0,11.0,22.0,1.0,90,2.0,2,0.0
C1,1559,0.5589008237204534,32.2,24.6,1,3.6,17.1875,20.0,9.0,22.0,1.0,90,2.0,1,0.0
C1,1560,0.6655552192464198,17.4,17.2,1,3.2,17.1875,13.0,8.0,22.0,1.0,90,2.0,1,0.0
C1,1561,0.45295147688392595,44.5,32.800000000000004,1,5.6,17.1875,33.0,14.0,22.0,1.0,90,2.0,1,0.0
C1,1562,0.6655552192464198,17.5,17.2,1,3.2,17.1875,14.0,8.0,22.0,1.0,90,2.0,2,0.0
C1,1563,0.6670591094997571,17.6,17.2,1,4.8,17.1875,14.0,12.0,22.0,1.0,90,3.0,2,0.0
C1,1564,0.666289972053633,18.0,17.5,1,4.0,17.1875,16.0,10.0,22.0,1.0,90,2.0,1,0.0
C1,1565,0.6645151185065423,17.6,17.3,1,2.0,17.1875,13.0,5.0,22.0,1.0,90,1.0,0,0.0
C1,1566,0.5604393798386014,32.2,23.8,1,5.2,17.1875,26.0,13.0,22.0,1.0,90,2.0,1,0.0
C1,1567,0.555743188681981,32.4,24.9,1,2.0,17.1875,27.0,5.0,22.0,1.0,90,1.0,1,0.0
C1,1568,0.6641844064673916,18.0,17.4,1,1.6,17.1875,16.0,4.0,22.0,1.0,90,1.0,0,0.0
C1,1569,0.666289972053633,17.6,17.3,1,4.0,17.1875,16.0,10.0,22.0,1.0,90,2.0,0,0.0
C1,1570,0.6648537330978317,18.0,17.4,1,2.4,17.1875,12.0,6.0,22.0,1.0,90,2.0,1,0.0
C1,1571,0.5000248087099981,39.9,33.2,1,11.2,17.1875,39.0,28.0,22.0,1.0,90,3.0,1,0.0
C1,1572,0.6645151185065423,17.8,17.4,1,2.0,17.1875,17.0,5.0,22.0,1.0,90,1.0,2,0.0
C1,1573,0.557305650353819,32.300000000000004,23.900000000000002,1,2.8,17.1875,23.0,7.0,22.0,1.0,90,1.0,2,0.0
C1,1574,0.6645151185065423,18.0,17.3,1,2.0,17.1875,18.0,5.0,22.0,1.0,90,1.0,2,0.0
C1,1575,0.6641844064673916,17.6,17.2,1,1.6,17.1875,14.0,4.0,22.0,1.0,90,1.0,2,0.0
C1,1576,0.6645151185065423,17.7,17.3,1,2.0,17.1875,18.0,5.0,22.0,1.0,90,1.0,0,0.0
C1,1577,0.6652003871959242,17.6,17.2,1,2.8,17.1875,19.0,7.0,22.0,1.0,90,1.0,1,0.0
C1,1578,0.6659183675801024,17.6,17.3,1,3.6,17.1875,15.0,9.0,22.0,1.0,90,2.0,0,0.0
C1,1579,0.6659183675801024,17.6,17.3,1,3.6,17.1875,12.0,9.0,22.0,1.0,90,2.0,0,0.0
C1,1580,0.5609187586225641,32.099999999999994,25.8,1,4.8,17.1875,26.0,12.0,22.0,1.0,90,2.0,1,0.0
C1,1581,0.04930175144055503,84.6,58.0,1,4.4,17.1875,50.0,11.0,22.0,1.0,90,1.0,1,0.0
C1,1582,0.0343559453747678,93.5,59.8,1,11.6,17.1875,50.0,29.0,22.0,1.0,90,3.0,0,0.0
C1,1583,0.5583952352115277,32.300000000000004,24.8,1,4.0,17.1875,23.0,10.0,22.0,1.0,90,2.0,2,0.0
C1,1584,0.6670591094997571,17.7,17.4,1,4.8,17.1875,14.0,12.0,22.0,1.0,90,3.0,0,0.0
C1,1585,0.6659183675801024,17.7,17.3,1,3.6,17.1875,17.0,9.0,22.0,1.0,90,2.0,1,0.0
C1,1586,0.555743188681981,32.4,27.5,1,2.0,17.1875,23.0,5.0,22.0,1.0,90,1.0,1,0.0
C1,1587,0.5625665839794721,32.2,25.5,1,7.2,17.1875,27.0,18.0,22.0,1.0,90,3.0,0,0.0
C1,1588,0.6652003871959242,17.4,17.2,1,2.8,17.1875,10.0,7.0,22.0,1.0,90,2.0,0,0.0
C1,1589,0.6641844064673916,17.5,17.3,1,1.6,17.1875,15.0,4.0,22.0,1.0,90,1.0,1,0.0
C1,1590,0.555743188681981,32.4,27.0,1,2.0,17.1875,20.0,5.0,22.0,1.0,90,1.0,1,0.0
C1,1591,0.4610268141588962,43.4,33.099999999999994,1,4.0,17.1875,32.0,10.0,22.0,1.0,90,1.0,1,0.0
C1,1592,0.5599372293011875,32.0,24.1,1,2.8,17.1875,29.0,7.0,22.0,1.0,90,1.0,2,0.0
C1,1593,0.5511652994766261,33.0,26.0,1,2.8,17.1875,28.0,7.0,22.0,1.0,90,1.0,1,0.0
C1,1594,0.5587133822206388,32.099999999999994,25.0,1,2.4,17.1875,23.0,6.0,22.0,1.0,90,1.0,0,0.0
C1,1595,0.5622041561908449,32.4,25.8,1,8.4,17.1875,29.0,21.0,22.0,1.0,90,3.0,2,0.0
C1,1596,0.09986573600115506,65.10000000000001,44.0,1,3.6,17.1875,41.0,9.0,22.0,1.0,90,1.0,2,0.0
C1,1597,0.5612622087651675,32.2,24.9,1,6.0,17.1875,22.0,15.0,22.0,1.0,90,3.0,1,0.0
C1,1598,0.5595621868561452,32.300000000000004,25.0,1,5.2,17.1875,26.0,13.0,22.0,1.0,90,2.0,2,0.0
C1,1599,0.6666701724931865,17.6,17.3,1,4.4,17.1875,17.0,11.0,22.0,1.0,90,2.0,2,0.0
C1,1600,0.5573374417962067,32.599999999999994,26.4,1,5.6,17.1875,26.0,14.0,22.0,1.0,90,2.0,2,0.0
C1,1601,0.09444786679047512,67.3,42.6,1,4.0,17.1875,42.0,10.0,22.0,1.0,90,1.0,0,0.0
C1,1602,0.49681112600673294,39.5,32.599999999999994,1,5.6,17.1875,31.0,14.0,22.0,1.0,90,2.0,2,0.0
C1,1603,0.5568762438528867,32.7,26.0,1,6.0,17.1875,21.0,15.0,22.0,1.0,90,3.0,1,0.0
C1,1604,0.666289972053633,17.5,17.3,1,4.0,17.1875,18.0,10.0,22.0,1.0,90,2.0,2,0.0
C1,1605,0.5617234067084873,32.099999999999994,25.0,1,5.6,17.1875,29.0,14.0,22.0,1.0,90,2.0,2,0.0
C1,1606,0.5578982426686252,32.4,25.3,1,4.4,17.1875,24.0,11.0,22.0,1.0,90,2.0,0,0.0
C1,1607,0.45839523521152775,43.7,34.7,1,4.0,17.1875,34.0,10.0,22.0,1.0,90,1.0,0,0.0
C1,1608,0.6641844064673916,17.9,17.4,1,1.6,17.1875,12.0,4.0,22.0,1.0,90,1.0,2,0.0
C1,1609,0.666289972053633,17.7,17.4,1,4.0,17.1875,16.0,10.0,22.0,1.0,90,2.0,0,0.0
C1,1610,0.6691397954190959,17.7,17.3,1,6.8,17.1875,19.0,17.0,22.0,1.0,90,3.0,1,0.0
C1,1611,0.4621222515594468,43.6,34.4,1,6.8,17.1875,35.0,17.0,22.0,1.0,90,2.0,2,0.0
C1,1612,-0.020972436725447408,113.69999999999999,65.0,1,10.0,17.1875,68.0,25.0,22.0,1.0,90,2.0,1,0.0
C1,1613,-0.15161620502077755,169.7,106.89999999999999,1,20.0,17.1875,120.0,50.0,22.0,1.0,90,2.0,1,0.0
C1,1614,0.011723360079950507,100.7,57.7,1,8.8,17.1875,59.0,22.0,22.0,1.0,90,2.0,2,0.0
C1,1615,0.005712928120669411,102.8,59.6,1,8.4,17.1875,57.0,21.0,22.0,1.0,90,2.0,2,0.0
C1,1616,-0.06427627791868043,138.5,86.7,1,22.4,17.1875,88.0,56.0,22.0,1.0,90,3.0,2,0.0
C1,1617,0.5020742839014698,38.9,33.099999999999994,1,5.6,17.1875,35.0,14.0,22.0,1.0,90,2.0,2,0.0
C1,1618,-0.012277359192050058,110.2,66.60000000000001,1,9.6,17.1875,65.0,24.0,22.0,1.0,90,2.0,1,0.0
C1,1619,-0.19911520630176488,193.89999999999998,106.80000000000001,1,26.8,17.1875,118.0,67.0,22.0,1.0,90,3.0,0,0.0
C1,1620,0.5591643726576518,32.300000000000004,26.0,1,4.8,17.1875,26.0,12.0,22.0,1.0,90,2.0,1,0.0
C1,1621,-0.19417359808326767,182.2,107.2,1,14.8,17.1875,106.0,37.0,22.0,1.0,90,2.0,1,0.0
C1,1622,-0.03476265952531435,116.4,66.8,1,4.0,17.1875,68.0,10.0,22.0,1.0,90,1.0,1,0.0
C1,1623,-0.0902048539476675,142.2,90.6,1,14.0,17.1875,83.0,35.0,22.0,1.0,90,2.0,0,0.0
C1,1624,0.6648537330978317,17.6,17.3,1,2.4,17.1875,19.0,6.0,22.0,1.0,90,1.0,0,0.0
C1,1625,-0.02648788550783951,115.6,69.1,1,9.6,17.1875,65.0,24.0,22.0,1.0,90,2.0,2,0.0
C1,1626,0.45993722930118747,43.4,34.6,1,2.8,17.1875,31.0,7.0,22.0,1.0,90,1.0,2,0.0
C1,1627,0.4496233053869664,44.699999999999996,33.0,1,4.0,17.1875,35.0,10.0,22.0,1.0,90,1.0,0,0.0
C1,1628,0.6645151185065423,17.5,17.3,1,2.0,17.1875,15.0,5.0,22.0,1.0,90,1.0,2,0.0
C1,1629,0.4003882500542819,50.0,17.2,1,0.8,17.1875,2.0,2.0,22.0,1.0,90,2.0,0,0.0
C1,1630,0.6638614604365336,17.6,17.2,1,1.2,17.1875,14.0,3.0,22.0,1.0,90,1.0,1,0.0
C1,1631,0.10739732450957765,62.1,42.4,1,3.2,17.1875,46.0,8.0,22.0,1.0,90,1.0,1,0.0
C1,1632,0.666289972053633,17.5,17.2,1,4.0,17.1875,14.0,10.0,22.0,1.0,90,2.0,2,0.0
C1,1633,0.6674569236982506,17.5,17.2,1,5.2,17.1875,15.0,13.0,22.0,1.0,90,3.0,1,0.0
C1,1634,0.5581828433362752,32.2,24.6,1,2.8,17.1875,25.0,7.0,22.0,1.0,90,1.0,0,0.0
C1,1635,0.5576604824043143,32.300000000000004,24.8,1,3.2,17.1875,21.0,8.0,22.0,1.0,90,2.0,1,0.0
C1,1636,0.5625647001899967,32.099999999999994,24.8,1,6.4,17.1875,22.0,16.0,22.0,1.0,90,3.0,0,0.0
C1,1637,0.6666701724931865,17.6,17.3,1,4.4,17.1875,19.0,11.0,22.0,1.0,90,2.0,0,0.0
C1,1638,0.6666701724931865,17.6,17.3,1,4.4,17.1875,17.0,11.0,22.0,1.0,90,2.0,0,0.0
C1,1639,0.6666701724931865,17.7,17.2,1,4.4,17.1875,12.0,11.0,22.0,1.0,90,3.0,0,0.0
C1,1640,0.6687050510671897,17.7,17.3,1,6.4,17.1875,16.0,16.0,22.0,1.0,90,3.0,0,0.0
C1,1641,0.5485337205292576,33.300000000000004,26.1,1,2.8,17.1875,25.0,7.0,22.0,1.0,90,1.0,2,0.0
C1,1642,0.40070356569969146,50.0,17.3,1,1.2,17.1875,9.0,3.0,22.0,1.0,90,1.0,0,0.0
C1,1643,0.6678637575856803,17.6,17.3,1,5.6,17.1875,16.0,14.0,22.0,1.0,90,3.0,2,0.0
C1,1644,0.6659183675801024,17.5,17.3,1,3.6,17.1875,9.0,9.0,22.0,1.0,90,3.0,2,0.0
C1,1645,0.666289972053633,17.6,17.2,1,4.0,17.1875,12.0,10.0,22.0,1.0,90,3.0,0,0.0
C1,1646,0.5474973149485234,33.5,26.8,1,3.6,17.1875,28.0,9.0,22.0,1.0,90,1.0,2,0.0
C1,1647,0.6670591094997571,17.8,17.4,1,4.8,17.1875,14.0,12.0,22.0,1.0,90,3.0,0,0.0
C1,1648,0.6659183675801024,17.7,17.3,1,3.6,17.1875,9.0,9.0,22.0,1.0,90,3.0,2,0.0
C1,1649,0.666289972053633,17.8,17.5,1,4.0,17.1875,18.0,10.0,22.0,1.0,90,2.0,1,0.0
C1,1650,0.5817924458473693,50.0,17.6,1,2.0,17.1875,8.0,5.0,22.0,1.0,30,1.0,1,0.0
C1,1651,0.731710973114144,33.300000000000004,25.9,1,2.8,17.1875,27.0,7.0,22.0,1.0,30,1.0,0,0.0
C1,1652,0.8567577352788383,17.9,17.6,1,4.8,17.1875,14.0,12.0,22.0,1.0,30,3.0,0,0.0
C1,1653,0.843222663187408,17.9,17.5,1,1.6,17.1875,15.0,4.0,22.0,1.0,30,1.0,1,0.0
C1,1654,0.8466688412521486,17.9,17.3,1,2.4,17.1875,8.0,6.0,22.0,1.0,30,2.0,1,0.0
C1,1655,0.7360969380264246,32.800000000000004,27.099999999999998,1,2.8,17.1875,21.0,7.0,22.0,1.0,30,1.0,1,0.0
C1,1656,0.7560445812530332,32.4,26.200000000000003,1,6.8,17.1875,20.0,17.0,22.0,1.0,30,3.0,1,0.0
C1,1657,0.5765839711106497,50.0,17.5,1,0.8,17.1875,7.0,2.0,22.0,1.0,30,1.0,0,0.0
C1,1658,0.8600234727923319,17.5,17.2,1,5.6,17.1875,14.0,14.0,22.0,1.0,30,3.0,0,0.0
C1,1659,0.8517640347262774,17.8,17.3,1,3.6,17.1875,11.0,9.0,22.0,1.0,30,3.0,2,0.0
C1,1660,0.8517640347262774,17.6,17.2,1,3.6,17.1875,10.0,9.0,22.0,1.0,30,3.0,0,0.0
C1,1661,0.694091891039442,39.1,32.800000000000004,1,6.0,17.1875,36.0,15.0,22.0,1.0,30,2.0,2,0.0
C1,1662,0.8500762134230411,17.6,17.2,1,3.2,17.1875,14.0,8.0,22.0,1.0,30,2.0,1,0.0
C1,1663,0.7443622047309852,33.0,26.200000000000003,1,5.2,17.1875,24.0,13.0,22.0,1.0,30,2.0,0,0.0
C1,1664,0.843222663187408,17.7,17.4,1,1.6,17.1875,15.0,4.0,22.0,1.0,30,1.0,2,0.0
C1,1665,0.8449503405842116,18.4,17.4,1,2.0,17.1875,11.0,5.0,22.0,1.0,30,1.0,2,0.0
C1,1666,0.8534405798950884,17.6,17.2,1,4.0,17.1875,18.0,10.0,22.0,1.0,30,2.0,2,0.0
C1,1667,0.8449503405842116,17.7,17.3,1,2.0,17.1875,18.0,5.0,22.0,1.0,30,1.0,2,0.0
C1,1668,0.8517640347262774,17.6,17.2,1,3.6,17.1875,10.0,9.0,22.0,1.0,30,3.0,0,0.0
C1,1669,0.8483776397808107,18.1,17.3,1,2.8,17.1875,6.0,7.0,22.0,1.0,30,3.0,0,0.0
C1,1670,0.5765839711106497,50.0,17.3,1,0.8,17.1875,9.0,2.0,22.0,1.0,30,1.0,1,0.0
C1,1671,0.8500762134230411,17.6,17.3,1,3.2,17.1875,15.0,8.0,22.0,1.0,30,2.0,1,0.0
C1,1672,0.8449503405842116,17.6,17.3,1,2.0,17.1875,6.0,5.0,22.0,1.0,30,3.0,1,0.0
C1,1673,0.7471086124718207,32.5,26.700000000000003,1,4.8,17.1875,24.0,12.0,22.0,1.0,30,2.0,1,0.0
C1,1674,0.8517640347262774,17.6,17.2,1,3.6,17.1875,10.0,9.0,22.0,1.0,30,3.0,0,0.0
C1,1675,0.5783284365275949,50.0,17.3,1,1.2,17.1875,8.0,3.0,22.0,1.0,30,1.0,0,0.0
C1,1676,0.8466688412521486,17.9,17.5,1,2.4,17.1875,18.0,6.0,22.0,1.0,30,1.0,2,0.0
C1,1677,0.8500762134230411,17.6,17.3,1,3.2,17.1875,9.0,8.0,22.0,1.0,30,3.0,2,0.0
C1,1678,0.8466688412521486,17.7,17.4,1,2.4,17.1875,10.0,6.0,22.0,1.0,30,2.0,2,0.0
C1,1679,0.8551053220002116,17.7,17.3,1,4.4,17.1875,12.0,11.0,22.0,1.0,30,3.0,2,0.0
C1,1680,0.5783284365275949,50.0,17.4,1,1.2,17.1875,8.0,3.0,22.0,1.0,30,1.0,2,0.0
C1,1681,0.6739193265818719,43.3,32.0,1,10.4,17.1875,39.0,26.0,22.0,1.0,30,3.0,0,0.0
C1,1682,0.5783284365275949,50.0,17.3,1,1.2,17.1875,7.0,3.0,22.0,1.0,30,1.0,2,0.0
C1,1683,0.8500762134230411,17.6,17.3,1,3.2,17.1875,9.0,8.0,22.0,1.0,30,3.0,1,0.0
C1,1684,0.8567577352788383,17.6,17.3,1,4.8,17.1875,13.0,12.0,22.0,1.0,30,3.0,2,0.0
C1,1685,0.5783284365275949,50.0,17.3,1,1.2,17.1875,9.0,3.0,22.0,1.0,30,1.0,2,0.0
C1,1686,0.5585376753867706,32.2,25.1,1,3.2,17.1875,29.0,8.0,22.0,1.0,90,1.0,2,0.0
C1,1687,0.666289972053633,17.5,17.2,1,4.0,17.1875,15.0,10.0,22.0,1.0,90,2.0,1,0.0
C1,1688,0.40070356569969146,50.0,17.2,1,1.2,17.1875,7.0,3.0,22.0,1.0,90,1.0,1,0.0
C1,1689,0.6652003871959242,17.8,17.4,1,2.8,17.1875,8.0,7.0,22.0,1.0,90,3.0,1,0.0
C1,1690,0.6655552192464198,17.6,17.4,1,3.2,17.1875,8.0,8.0,22.0,1.0,90,3.0,2,0.0
C1,1691,0.4574975746468932,43.6,33.099999999999994,1,2.0,17.1875,30.0,5.0,22.0,1.0,90,1.0,0,0.0
C1,1692,0.6641844064673916,17.6,17.2,1,1.6,17.1875,10.0,4.0,22.0,1.0,90,1.0,2,0.0
C1,1693,0.6641844064673916,19.2,17.4,1,1.6,17.1875,7.0,4.0,22.0,1.0,90,2.0,2,0.0
C1,1694,0.5564243493128036,32.800000000000004,27.2,1,6.4,17.1875,21.0,16.0,22.0,1.0,90,3.0,1,0.0
C1,1695,0.6641844064673916,17.7,17.2,1,1.6,17.1875,4.0,4.0,22.0,1.0,90,3.0,0,0.0
C1,1696,0.6670591094997571,17.8,17.3,1,4.8,17.1875,14.0,12.0,22.0,1.0,90,3.0,1,0.0
C1,1697,0.6648537330978317,17.9,17.5,1,2.4,17.1875,9.0,6.0,22.0,1.0,90,2.0,2,0.0
C1,1698,0.4003882500542819,50.0,17.3,1,0.8,17.1875,6.0,2.0,22.0,1.0,90,1.0,0,0.0
C1,1699,0.6645151185065423,17.9,17.5,1,2.0,17.1875,7.0,5.0,22.0,1.0,90,2.0,0,0.0
C1,1700,0.40070356569969146,50.0,17.3,1,1.2,17.1875,7.0,3.0,22.0,1.0,90,1.0,1,0.0
C1,1701,0.6678637575856803,17.8,17.5,1,5.6,17.1875,16.0,14.0,22.0,1.0,90,3.0,1,0.0
C1,1702,0.4003882500542819,50.0,17.3,1,0.8,17.1875,6.0,2.0,22.0,1.0,90,1.0,2,0.0
C1,1703,0.666289972053633,17.5,17.3,1,4.0,17.1875,11.0,10.0,22.0,1.0,90,3.0,1,0.0
C1,1704,0.6648537330978317,17.8,17.3,1,2.4,17.1875,18.0,6.0,22.0,1.0,90,1.0,2,0.0
C1,1705,0.6949342494879829,17.7,17.2,1,2.4,17.1875,10.0,6.0,22.0,1.0,70,2.0,1,0.0
C1,1706,0.6295155207609,28.0,23.599999999999998,1,4.4,17.1875,25.0,11.0,22.0,1.0,70,2.0,1,0.0
C1,1707,0.6949342494879829,17.5,17.3,1,2.4,17.1875,10.0,6.0,22.0,1.0,70,2.0,0,0.0
C1,1708,0.4282301737168955,50.0,17.2,1,0.8,17.1875,6.0,2.0,22.0,1.0,70,1.0,1,0.0
C1,1709,0.6977445678438781,17.6,17.3,1,3.6,17.1875,10.0,9.0,22.0,1.0,70,3.0,0,0.0
C1,1710,0.579972627389825,32.800000000000004,18.8,1,1.2,17.1875,5.0,3.0,22.0,1.0,70,2.0,0,0.0
C1,1711,0.6940263352002114,17.8,17.4,1,2.0,17.1875,19.0,5.0,22.0,1.0,70,1.0,2,0.0
C1,1712,0.6977445678438781,17.9,17.4,1,3.6,17.1875,9.0,9.0,22.0,1.0,70,3.0,0,0.0
C1,1713,0.6931327226609154,17.6,17.3,1,1.6,17.1875,8.0,4.0,22.0,1.0,70,2.0,0,0.0
C1,1714,0.6931327226609154,17.9,17.4,1,1.6,17.1875,5.0,4.0,22.0,1.0,70,2.0,1,0.0
C1,1715,0.6987104359868719,17.8,17.4,1,4.0,17.1875,11.0,10.0,22.0,1.0,70,3.0,0,0.0
C1,1716,0.5844079336985093,32.599999999999994,26.1,1,2.4,17.1875,24.0,6.0,22.0,1.0,70,1.0,2,0.0
C1,1717,0.6940263352002114,18.5,17.3,1,2.0,17.1875,19.0,5.0,22.0,1.0,70,1.0,0,0.0
C1,1718,0.7048152805918526,18.0,17.3,1,6.4,17.1875,19.0,16.0,22.0,1.0,70,3.0,0,0.0
C1,1719,0.6940263352002114,17.6,17.2,1,2.0,17.1875,6.0,5.0,22.0,1.0,70,3.0,2,0.0
C1,1720,0.7027210189426429,17.7,17.5,1,5.6,17.1875,16.0,14.0,22.0,1.0,70,3.0,0,0.0
C1,1721,0.6949342494879829,18.1,17.4,1,2.4,17.1875,19.0,6.0,22.0,1.0,70,1.0,0,0.0
C1,1722,0.4290954344073689,50.0,17.5,1,1.2,17.1875,4.0,3.0,22.0,1.0,70,2.0,2,0.0
C1,1723,0.6641844064673916,17.9,17.4,1,1.6,17.1875,7.0,4.0,22.0,1.0,90,2.0,2,0.0
C1,1724,0.6645151185065423,18.1,17.5,1,2.0,17.1875,8.0,5.0,22.0,1.0,90,2.0,1,0.0
C1,1725,0.5583747676293493,32.099999999999994,25.1,1,2.0,17.1875,29.0,5.0,22.0,1.0,90,1.0,0,0.0
C1,1726,0.00879673853455945,103.0,56.0,1,11.2,17.1875,51.0,28.0,22.0,1.0,90,3.0,2,0.0
C1,1727,0.4622041561908448,43.8,32.7,1,8.4,17.1875,36.0,21.0,22.0,1.0,90,3.0,0,0.0
C1,1728,0.09695463327140152,69.5,43.2,1,11.2,17.1875,44.0,28.0,22.0,1.0,90,3.0,0,0.0
C1,1729,0.07988226116424146,76.2,43.4,1,11.6,17.1875,47.0,29.0,22.0,1.0,90,3.0,2,0.0
C1,1730,0.41214345535722346,49.4,39.199999999999996,1,7.6,17.1875,45.0,19.0,22.0,1.0,90,2.0,1,0.0
C1,1731,0.08929058237042689,72.0,42.6,1,10.4,17.1875,49.0,26.0,22.0,1.0,90,3.0,1,0.0
C1,1732,0.5587754356510812,32.300000000000004,25.6,1,4.4,17.1875,24.0,11.0,22.0,1.0,90,2.0,1,0.0
C1,1733,0.46795143025538904,43.2,33.7,1,8.8,17.1875,35.0,22.0,22.0,1.0,90,3.0,0,0.0
C1,1734,0.5569589962557264,32.300000000000004,26.200000000000003,1,2.4,17.1875,21.0,6.0,22.0,1.0,90,1.0,1,0.0
C1,1735,0.7378969114275873,32.4,24.400000000000002,1,2.4,17.1875,27.0,6.0,22.0,1.0,30,1.0,2,0.0
C1,1736,0.6538831219151389,43.5,32.7,1,5.6,17.1875,36.0,14.0,22.0,1.0,30,2.0,1,0.0
C1,1737,0.6422372889036176,43.5,33.300000000000004,1,2.8,17.1875,39.0,7.0,22.0,1.0,30,1.0,2,0.0
C1,1738,0.5877955116686553,49.9,40.0,1,3.2,17.1875,40.0,8.0,22.0,1.0,30,1.0,1,0.0
C1,1739,0.6410702342809134,44.4,33.300000000000004,1,4.4,17.1875,38.0,11.0,22.0,1.0,30,1.0,0,0.0
C1,1740,0.34951152341216085,50.4,40.599999999999994,1,10.0,17.1875,42.0,25.0,22.0,1.0,30,3.0,1,0.0
C1,1741,0.21228405106831189,94.89999999999999,55.1,1,4.8,17.1875,52.0,12.0,22.0,1.0,30,1.0,1,0.0
C1,1742,0.2295959591244865,99.1,58.6,1,12.4,17.1875,54.0,31.0,22.0,1.0,30,3.0,0,0.0
C1,1743,0.21754720896304874,92.89999999999999,53.8,1,4.8,17.1875,58.0,12.0,22.0,1.0,30,1.0,1,0.0
C1,1744,0.23532725008557498,97.9,53.1,1,13.2,17.1875,59.0,33.0,22.0,1.0,30,3.0,1,0.0
C1,1745,0.22360613998943524,88.7,45.6,1,3.6,17.1875,47.0,9.0,22.0,1.0,30,1.0,1,0.0
C1,1746,0.21457900621073792,93.39999999999999,52.6,1,4.4,17.1875,52.0,11.0,22.0,1.0,30,1.0,1,0.0
C1,1747,0.18036847989494847,106.39999999999999,65.0,1,4.4,17.1875,62.0,11.0,22.0,1.0,30,1.0,0,0.0
C1,1748,0.31506816231575574,59.5,41.8,1,7.2,17.1875,41.0,18.0,22.0,1.0,30,2.0,1,0.0
C1,1749,0.33665465637088754,50.1,42.1,1,6.4,17.1875,45.0,16.0,22.0,1.0,30,2.0,2,0.0
C1,1750,0.6065319038780779,49.8,39.5,1,7.6,17.1875,49.0,19.0,22.0,1.0,30,2.0,1,0.0
C1,1751,0.134251202123692,128.8,80.0,1,7.6,17.1875,79.0,19.0,22.0,1.0,30,1.0,1,0.0
C1,1752,0.6439358625458482,43.5,33.9,1,3.2,17.1875,30.0,8.0,22.0,1.0,30,1.0,2,0.0
C1,1753,0.3251850873578563,50.1,40.599999999999994,1,3.6,17.1875,45.0,9.0,22.0,1.0,30,1.0,2,0.0
C1,1754,0.6465674414932165,43.2,32.300000000000004,1,3.2,17.1875,38.0,8.0,22.0,1.0,30,1.0,0,0.0
C1,1755,0.6572497857762842,43.3,33.9,1,6.0,17.1875,35.0,15.0,22.0,1.0,30,2.0,2,0.0
C1,1756,0.1257129281206694,57.2,39.9,1,8.4,17.1875,49.0,21.0,22.0,1.0,90,2.0,2,0.0
C1,1757,0.46043937983860145,43.6,31.9,1,5.2,17.1875,30.0,13.0,22.0,1.0,90,2.0,2,0.0
C1,1758,0.4656310234892713,43.2,33.0,1,6.8,17.1875,34.0,17.0,22.0,1.0,90,2.0,2,0.0
C1,1759,0.054449499257555156,84.1,44.5,1,8.0,17.1875,47.0,20.0,22.0,1.0,90,2.0,0,0.0
C1,1760,0.026006477920809845,93.60000000000001,56.7,1,4.8,17.1875,50.0,12.0,22.0,1.0,90,1.0,1,0.0
C1,1761,0.04787678119065254,88.8,53.1,1,12.4,17.1875,51.0,31.0,22.0,1.0,90,3.0,2,0.0
C1,1762,-0.07660992662484595,132.89999999999998,80.10000000000001,1,5.6,17.1875,72.0,14.0,22.0,1.0,90,1.0,0,0.0
C1,1763,-0.031720247375183364,116.0,70.5,1,6.0,17.1875,68.0,15.0,22.0,1.0,90,1.0,1,0.0
C1,1764,0.5033715255326621,39.0,31.3,1,7.6,17.1875,33.0,19.0,22.0,1.0,90,3.0,1,0.0
C1,1765,-0.004908774875234445,105.2,55.4,1,4.4,17.1875,51.0,11.0,22.0,1.0,90,1.0,1,0.0
C1,1766,0.1059349429134217,109.8,66.9,1,9.6,17.1875,64.0,24.0,22.0,1.0,50,2.0,2,0.0
C1,1767,0.15801626238358463,88.0,46.4,1,8.4,17.1875,45.0,21.0,22.0,1.0,50,2.0,1,0.0
C1,1768,0.13800654247887137,101.0,56.5,1,11.6,17.1875,51.0,29.0,22.0,1.0,50,3.0,0,0.0
C1,1769,0.1307400521140385,97.69999999999999,56.0,1,8.0,17.1875,54.0,20.0,22.0,1.0,50,2.0,0,0.0
C1,1770,0.5738296797555269,44.6,34.9,1,9.6,17.1875,34.0,24.0,22.0,1.0,50,3.0,2,0.0
C1,1771,0.12681993627308008,112.10000000000001,67.9,1,15.6,17.1875,66.0,39.0,22.0,1.0,50,3.0,2,0.0
C1,1772,0.2354807660538259,62.6,42.4,1,10.8,17.1875,45.0,27.0,22.0,1.0,50,3.0,1,0.0
C1,1773,0.5528474243331643,45.400000000000006,33.6,1,6.4,17.1875,34.0,16.0,22.0,1.0,50,2.0,0,0.0
C1,1774,0.2239607791973312,66.3,41.4,1,10.4,17.1875,40.0,26.0,22.0,1.0,50,3.0,2,0.0
C1,1775,0.2420156651790552,50.2,42.0,1,4.8,17.1875,47.0,12.0,22.0,1.0,50,1.0,2,0.0
C1,1776,0.2182075210131425,63.8,45.1,1,7.6,17.1875,45.0,19.0,22.0,1.0,50,2.0,2,0.0
C1,1777,0.19215488943419512,73.7,44.1,1,7.6,17.1875,42.0,19.0,22.0,1.0,50,2.0,1,0.0
C1,1778,0.14050350572471323,102.1,58.0,1,12.8,17.1875,55.0,32.0,22.0,1.0,50,3.0,0,0.0
C1,1779,0.5529513825748784,43.3,34.9,1,2.0,17.1875,31.0,5.0,22.0,1.0,50,1.0,2,0.0
C1,1780,0.5596989943736365,42.9,33.099999999999994,1,2.8,17.1875,34.0,7.0,22.0,1.0,50,1.0,2,0.0
C1,1781,0.008947368421052648,194.6,110.3,1,50.4,17.1875,339.0,126.0,22.0,1.0,50,2.0,0,0.0
C1,1782,0.0021052631578947767,197.2,107.80000000000001,1,48.8,17.1875,685.0,122.0,22.0,1.0,50,1.0,1,0.0
C1,1783,0.12705971342224698,103.8,58.5,1,10.8,17.1875,54.0,27.0,22.0,1.0,50,3.0,2,0.0
C1,1784,0.17715488943419513,79.39999999999999,44.4,1,7.6,17.1875,46.0,19.0,22.0,1.0,50,2.0,1,0.0
C1,1785,0.5695140909998309,43.5,33.9,1,6.4,17.1875,39.0,16.0,22.0,1.0,50,2.0,2,0.0
C1,1786,0.15416497658014172,93.5,57.4,1,10.8,17.1875,50.0,27.0,22.0,1.0,50,3.0,2,0.0
C1,1787,0.1670824530931343,92.0,54.9,1,12.8,17.1875,56.0,32.0,22.0,1.0,50,3.0,1,0.0
C1,1788,0.19863866079066803,76.6,42.8,1,10.8,17.1875,45.0,27.0,22.0,1.0,50,3.0,2,0.0
C1,1789,0.5773722915124619,40.7,33.300000000000004,1,2.4,17.1875,34.0,6.0,22.0,1.0,50,1.0,0,0.0
C1,1790,0.19323484843238117,77.3,43.5,1,10.0,17.1875,42.0,25.0,22.0,1.0,50,3.0,1,0.0
C1,1791,0.2368615154998184,64.8,42.3,1,12.4,17.1875,47.0,31.0,22.0,1.0,50,3.0,1,0.0
C1,1792,0.21305060158497915,65.10000000000001,43.7,1,7.2,17.1875,43.0,18.0,22.0,1.0,50,2.0,2,0.0
C1,1793,0.17074392394856275,87.2,45.8,1,10.8,17.1875,46.0,27.0,22.0,1.0,50,3.0,1,0.0
C1,1794,0.5668825120524624,43.8,33.6,1,6.4,17.1875,34.0,16.0,22.0,1.0,50,2.0,1,0.0
C1,1795,0.12458548984729245,106.1,57.5,1,11.6,17.1875,52.0,29.0,22.0,1.0,50,3.0,1,0.0
C1,1796,0.21905917405781875,70.2,43.6,1,11.6,17.1875,44.0,29.0,22.0,1.0,50,3.0,2,0.0
C1,1797,0.6625893174717166,32.5,25.3,1,5.6,17.1875,26.0,14.0,22.0,1.0,50,2.0,2,0.0
C1,1798,0.674687420535091,32.300000000000004,25.1,1,8.0,17.1875,28.0,20.0,22.0,1.0,50,3.0,2,0.0
C1,1799,0.22323484843238117,65.9,41.9,1,10.0,17.1875,46.0,25.0,22.0,1.0,50,3.0,0,0.0
C1,1800,-0.020709417629573096,113.8,66.8,1,10.4,17.1875,66.0,26.0,22.0,1.0,90,2.0,1,0.0
C1,1801,0.07623924391014307,76.0,43.6,1,8.4,17.1875,47.0,21.0,22.0,1.0,90,2.0,2,0.0
C1,1802,-0.00582045294063549,106.0,62.4,1,5.6,17.1875,63.0,14.0,22.0,1.0,90,1.0,1,0.0
C1,1803,0.4664324122288759,42.7,32.9,1,3.2,17.1875,37.0,8.0,22.0,1.0,90,1.0,1,0.0
C1,1804,0.46579297951073045,42.9,33.2,1,4.4,17.1875,39.0,11.0,22.0,1.0,90,1.0,1,0.0
C1,1805,0.08787055188913406,71.4,44.1,1,8.0,17.1875,48.0,20.0,22.0,1.0,90,2.0,2,0.0
C1,1806,0.5078181912785641,38.6,32.2,1,8.4,17.1875,34.0,21.0,22.0,1.0,90,3.0,2,0.0
C1,1807,0.10618152547483926,62.7,44.5,1,3.6,17.1875,45.0,9.0,22.0,1.0,90,1.0,0,0.0
C1,1808,0.4524943325502059,44.8,34.2,1,7.6,17.1875,35.0,19.0,22.0,1.0,90,2.0,1,0.0
C1,1809,0.5604393798386014,32.2,24.8,1,5.2,17.1875,28.0,13.0,22.0,1.0,90,2.0,0,0.0
C1,1810,0.13715447775915052,55.1,41.2,1,12.8,17.1875,49.0,32.0,22.0,1.0,90,3.0,2,0.0
C1,1811,0.020407570606266273,97.4,55.9,1,8.8,17.1875,59.0,22.0,22.0,1.0,90,2.0,0,0.0
C1,1812,0.04813370978387094,86.5,45.5,1,8.0,17.1875,47.0,20.0,22.0,1.0,90,2.0,2,0.0
C1,1813,0.04456490933529185,86.4,44.5,1,4.4,17.1875,41.0,11.0,22.0,1.0,90,1.0,1,0.0
C1,1814,0.027863757585680313,93.2,56.099999999999994,1,5.6,17.1875,56.0,14.0,22.0,1.0,90,1.0,0,0.0
C1,1815,0.46093388639574,44.0,34.0,1,8.8,17.1875,32.0,22.0,22.0,1.0,90,3.0,2,0.0
C1,1816,0.06430131412202897,81.69999999999999,45.199999999999996,1,10.8,17.1875,42.0,27.0,22.0,1.0,90,3.0,1,0.0
C1,1817,0.02300518047070023,95.69999999999999,58.0,1,7.2,17.1875,51.0,18.0,22.0,1.0,90,2.0,0,0.0
C1,1818,0.03548194687023923,94.2,62.7,1,13.6,17.1875,60.0,34.0,22.0,1.0,90,3.0,0,0.0
C1,1819,0.014923454436458886,99.3,57.4,1,8.4,17.1875,50.0,21.0,22.0,1.0,90,2.0,2,0.0
C1,1820,0.007196488282660313,100.6,62.8,1,4.4,17.1875,50.0,11.0,22.0,1.0,90,1.0,0,0.0
C1,1821,-0.046698578779630656,127.2,74.5,1,16.4,17.1875,73.0,41.0,22.0,1.0,90,3.0,1,0.0
C1,1822,0.4634777926733996,43.3,33.5,1,5.6,17.1875,31.0,14.0,22.0,1.0,90,2.0,2,0.0
C1,1823,0.464937075737322,43.6,32.4,1,9.2,17.1875,36.0,23.0,22.0,1.0,90,3.0,0,0.0
C1,1824,0.018873807836787507,99.6,56.7,1,12.0,17.1875,53.0,30.0,22.0,1.0,90,3.0,0,0.0
C1,1825,0.49872564482233184,38.9,31.6,1,2.0,17.1875,37.0,5.0,22.0,1.0,90,1.0,1,0.0
C1,1826,0.06387082285751151,80.69999999999999,46.199999999999996,1,8.4,17.1875,47.0,21.0,22.0,1.0,90,2.0,2,0.0
C1,1827,0.4919639631511324,40.099999999999994,33.6,1,6.0,17.1875,35.0,15.0,22.0,1.0,90,2.0,0,0.0
C1,1828,0.6666701724931865,18.0,17.5,1,4.4,17.1875,18.0,11.0,22.0,1.0,90,2.0,2,0.0
C1,1829,0.4606552096853656,43.4,34.1,1,3.6,17.1875,36.0,9.0,22.0,1.0,90,1.0,1,0.0
C1,1830,0.4309876366110511,47.199999999999996,34.4,1,7.2,17.1875,37.0,18.0,22.0,1.0,90,2.0,2,0.0
C1,1831,-0.045455872158714106,127.0,78.10000000000001,1,16.8,17.1875,71.0,42.0,22.0,1.0,90,3.0,1,0.0
C1,1832,0.4796832613967464,41.5,33.5,1,6.0,17.1875,39.0,15.0,22.0,1.0,90,2.0,2,0.0
C1,1833,0.4651981629268406,43.3,33.300000000000004,1,7.2,17.1875,39.0,18.0,22.0,1.0,90,2.0,1,0.0
C1,1834,0.5586134796296223,32.599999999999994,25.6,1,6.8,17.1875,23.0,17.0,22.0,1.0,90,3.0,0,0.0
C1,1835,0.417020612367643,49.3,40.0,1,10.8,17.1875,47.0,27.0,22.0,1.0,90,3.0,0,0.0
C1,1836,0.11774410695561205,61.6,43.0,1,11.2,17.1875,47.0,28.0,22.0,1.0,90,3.0,1,0.0
C1,1837,0.07340309698012625,79.10000000000001,45.8,1,12.4,17.1875,47.0,31.0,22.0,1.0,90,3.0,1,0.0
C1,1838,0.09540857695371516,70.3,43.1,1,11.6,17.1875,48.0,29.0,22.0,1.0,90,3.0,0,0.0
C1,1839,0.076689390997016,75.30000000000001,43.9,1,7.2,17.1875,42.0,18.0,22.0,1.0,90,2.0,0,0.0
C1,1840,0.4996524653693535,39.699999999999996,33.0,1,9.6,17.1875,39.0,24.0,22.0,1.0,90,3.0,0,0.0
C1,1841,-0.027940890500242732,114.1,65.3,1,4.8,17.1875,66.0,12.0,22.0,1.0,90,1.0,0,0.0
C1,1842,0.01255503338382731,100.2,60.900000000000006,1,8.4,17.1875,53.0,21.0,22.0,1.0,90,2.0,1,0.0
C1,1843,-0.01148772224365549,107.7,60.8,1,4.4,17.1875,58.0,11.0,22.0,1.0,90,1.0,1,0.0
C1,1844,-0.0012788612411623879,108.89999999999999,66.60000000000001,1,14.8,17.1875,61.0,37.0,22.0,1.0,90,3.0,1,0.0
C1,1845,0.45977801670290946,43.5,33.300000000000004,1,3.6,17.1875,38.0,9.0,22.0,1.0,90,1.0,1,0.0
C1,1846,0.034057812049647584,91.5,53.3,1,7.2,17.1875,51.0,18.0,22.0,1.0,90,2.0,1,0.0
C1,1847,-0.07367367591074239,140.4,88.6,1,20.4,17.1875,85.0,51.0,22.0,1.0,90,3.0,0,0.0
C1,1848,-0.23323145532110717,195.39999999999998,108.60000000000001,1,12.0,17.1875,139.0,30.0,22.0,1.0,90,1.0,2,0.0
C1,1849,-0.053993522079190115,124.0,78.3,1,4.8,17.1875,78.0,12.0,22.0,1.0,90,1.0,0,0.0
C1,1850,-0.04301247567786376,122.89999999999999,77.0,1,11.6,17.1875,76.0,29.0,22.0,1.0,90,2.0,0,0.0
C1,1851,0.020144412711529447,97.5,57.7,1,8.8,17.1875,58.0,22.0,22.0,1.0,90,2.0,1,0.0
C1,1852,0.02003819219932873,97.0,53.400000000000006,1,7.6,17.1875,53.0,19.0,22.0,1.0,90,2.0,0,0.0
C1,1853,0.5634418931724527,32.0,24.8,1,6.4,17.1875,23.0,16.0,22.0,1.0,90,3.0,1,0.0
C1,1854,-0.12103179103807352,150.10000000000002,95.5,1,6.4,17.1875,92.0,16.0,22.0,1.0,90,1.0,1,0.0
C1,1855,-0.1380908266616564,166.9,96.5,1,22.8,17.1875,97.0,57.0,22.0,1.0,90,3.0,2,0.0
C1,1856,-0.21867367591074244,195.5,108.8,1,20.4,17.1875,128.0,51.0,22.0,1.0,90,2.0,0,0.0
C1,1857,0.011534578449186622,103.3,66.9,1,13.6,17.1875,60.0,34.0,22.0,1.0,90,3.0,1,0.0
C1,1858,-0.2160970004981817,189.79999999999998,110.60000000000001,1,13.6,17.1875,109.0,34.0,22.0,1.0,90,2.0,2,0.0
C1,1859,-0.07033388879143035,131.0,77.2,1,6.8,17.1875,74.0,17.0,22.0,1.0,90,1.0,2,0.0
C1,1860,0.01655476241544987,98.5,58.7,1,8.0,17.1875,50.0,20.0,22.0,1.0,90,2.0,0,0.0
C1,1861,-0.23755152289273102,196.20000000000002,110.9,1,10.4,17.1875,114.0,26.0,22.0,1.0,90,1.0,2,0.0
C1,1862,-0.054827738090864275,131.70000000000002,86.0,1,18.4,17.1875,80.0,46.0,22.0,1.0,90,3.0,2,0.0
C1,1863,0.08905781204964759,70.6,42.3,1,7.2,17.1875,44.0,18.0,22.0,1.0,90,2.0,2,0.0
C1,1864,0.039301314122028946,91.2,57.3,1,10.8,17.1875,50.0,27.0,22.0,1.0,90,3.0,2,0.0
C1,1865,0.014354939027318908,99.7,66.3,1,8.8,17.1875,60.0,22.0,22.0,1.0,90,2.0,1,0.0
C1,1866,-0.2435716961925024,197.9,110.60000000000001,1,9.2,17.1875,115.0,23.0,22.0,1.0,90,1.0,0,0.0
C1,1867,-0.027151416816032226,113.8,73.0,1,4.8,17.1875,63.0,12.0,22.0,1.0,90,1.0,1,0.0
C1,1868,-0.06082673133656702,135.2,84.5,1,20.0,17.1875,87.0,50.0,22.0,1.0,90,3.0,2,0.0
C1,1869,-0.22829919474360438,190.70000000000002,106.6,1,6.0,17.1875,107.0,15.0,22.0,1.0,90,1.0,1,0.0
C1,1870,-0.023308538297765663,114.2,70.2,1,9.2,17.1875,67.0,23.0,22.0,1.0,90,2.0,2,0.0
C1,1871,0.11155312994836986,60.8,40.4,1,4.0,17.1875,42.0,10.0,22.0,1.0,90,1.0,0,0.0
C1,1872,0.6967932929551672,17.9,17.4,1,3.2,17.1875,9.0,8.0,22.0,1.0,70,3.0,1,0.0
C1,1873,0.6977445678438781,18.0,17.4,1,3.6,17.1875,13.0,9.0,22.0,1.0,70,2.0,2,0.0
C1,1874,0.09741797843981251,82.9,47.0,1,8.4,17.1875,46.0,21.0,22.0,1.0,70,2.0,2,0.0
C1,1875,0.6940263352002114,17.9,17.6,1,2.0,17.1875,15.0,5.0,22.0,1.0,70,1.0,2,0.0
C1,1876,0.5891646435679176,32.599999999999994,25.5,1,4.4,17.1875,24.0,11.0,22.0,1.0,70,2.0,2,0.0
C1,1877,-0.18204097554776222,193.70000000000002,106.89999999999999,1,12.4,17.1875,106.0,31.0,22.0,1.0,70,2.0,0,0.0
C1,1878,0.09538040935406102,80.4,46.5,1,5.2,17.1875,44.0,13.0,22.0,1.0,70,1.0,1,0.0
C1,1879,-0.11458449135273932,167.1,99.0,1,11.6,17.1875,92.0,29.0,22.0,1.0,70,2.0,2,0.0
C1,1880,0.15459093566985047,57.9,43.2,1,5.2,17.1875,49.0,13.0,22.0,1.0,70,1.0,2,0.0
C1,1881,-0.13844861967231492,182.29999999999998,106.2,1,16.4,17.1875,114.0,41.0,22.0,1.0,70,2.0,1,0.0
C1,1882,-0.13171413793489278,179.2,101.5,1,16.0,17.1875,100.0,40.0,22.0,1.0,70,2.0,0,0.0
C1,1883,-0.056483624786644954,139.7,84.1,1,6.8,17.1875,83.0,17.0,22.0,1.0,70,1.0,1,0.0
C1,1884,0.6940263352002114,17.9,17.5,1,2.0,17.1875,6.0,5.0,22.0,1.0,70,3.0,2,0.0
C1,1885,0.695856543421489,17.6,17.3,1,2.8,17.1875,12.0,7.0,22.0,1.0,70,2.0,1,0.0
C1,1886,0.6996909593573912,17.6,17.2,1,4.4,17.1875,18.0,11.0,22.0,1.0,70,2.0,1,0.0
C1,1887,0.6949342494879829,19.7,17.4,1,2.4,17.1875,9.0,6.0,22.0,1.0,70,2.0,1,0.0
C1,1888,0.0012705736384549249,127.6,69.3,1,15.2,17.1875,70.0,38.0,22.0,1.0,70,3.0,0,0.0
C1,1889,-0.1388689299344631,170.6,94.2,1,6.4,17.1875,94.0,16.0,22.0,1.0,70,1.0,1,0.0
C1,1890,-0.056514659758288566,146.0,95.5,1,12.4,17.1875,90.0,31.0,22.0,1.0,70,2.0,0,0.0
C1,1891,0.1079442942292862,78.89999999999999,44.0,1,8.4,17.1875,49.0,21.0,22.0,1.0,70,2.0,0,0.0
C1,1892,0.1307003223558073,69.4,43.7,1,7.6,17.1875,43.0,19.0,22.0,1.0,70,2.0,1,0.0
C1,1893,-0.16267679478259783,189.9,107.2,1,15.2,17.1875,114.0,38.0,22.0,1.0,70,2.0,0,0.0
C1,1894,-0.07351020395998215,147.0,97.4,1,7.6,17.1875,94.0,19.0,22.0,1.0,70,1.0,2,0.0
C1,1895,0.6931327226609154,18.0,17.3,1,1.6,17.1875,13.0,4.0,22.0,1.0,70,1.0,0,0.0
C1,1896,-0.04598834396881485,142.0,90.89999999999999,1,12.4,17.1875,90.0,31.0,22.0,1.0,70,2.0,1,0.0
C1,1897,-0.10574701922895002,165.20000000000002,99.2,1,12.8,17.1875,91.0,32.0,22.0,1.0,70,2.0,1,0.0
C1,1898,0.7048152805918526,18.0,17.5,1,6.4,17.1875,19.0,16.0,22.0,1.0,70,3.0,1,0.0
C1,1899,-0.015173717899462286,122.80000000000001,79.39999999999999,1,5.6,17.1875,79.0,14.0,22.0,1.0,70,1.0,1,0.0
C1,1900,-0.0014500534725291336,103.6,62.6,1,3.6,17.1875,63.0,9.0,22.0,1.0,90,1.0,2,0.0
C1,1901,-0.24229797742187198,201.8,112.60000000000001,1,16.8,17.1875,105.0,42.0,22.0,1.0,90,2.0,1,0.0
C1,1902,0.6645151185065423,17.9,17.5,1,2.0,17.1875,16.0,5.0,22.0,1.0,90,1.0,2,0.0
C1,1903,-0.01741457471076907,110.10000000000001,67.7,1,4.8,17.1875,63.0,12.0,22.0,1.0,90,1.0,1,0.0
C1,1904,0.04162816196967686,91.39999999999999,52.1,1,12.8,17.1875,58.0,32.0,22.0,1.0,90,3.0,2,0.0
C1,1905,0.6641844064673916,18.0,17.3,1,1.6,17.1875,13.0,4.0,22.0,1.0,90,1.0,2,0.0
C1,1906,0.457753436835343,44.0,33.7,1,6.0,17.1875,33.0,15.0,22.0,1.0,90,2.0,1,0.0
C1,1907,-0.070571531624703,154.9,96.19999999999999,1,15.2,17.1875,95.0,38.0,22.0,1.0,70,2.0,2,0.0
C1,1908,0.5433937457847908,38.9,32.5,1,8.0,17.1875,32.0,20.0,22.0,1.0,70,3.0,0,0.0
C1,1909,0.6987104359868719,17.7,17.3,1,4.0,17.1875,17.0,10.0,22.0,1.0,70,2.0,2,0.0
C1,1910,-0.0690364839772733,166.5,101.9,1,23.6,17.1875,92.0,59.0,22.0,1.0,70,3.0,2,0.0
C1,1911,0.03565428311773873,115.6,68.2,1,16.0,17.1875,61.0,40.0,22.0,1.0,70,3.0,1,0.0
C1,1912,0.692253329144211,18.1,17.6,1,1.2,17.1875,10.0,3.0,22.0,1.0,70,1.0,2,0.0
C1,1913,0.4290954344073689,50.0,17.3,1,1.2,17.1875,9.0,3.0,22.0,1.0,70,1.0,0,0.0
C1,1914,0.4282301737168955,50.0,17.5,1,0.8,17.1875,3.0,2.0,22.0,1.0,70,1.0,1,0.0
C1,1915,0.6949342494879829,17.9,17.4,1,2.4,17.1875,6.0,6.0,22.0,1.0,70,3.0,1,0.0
C1,1916,0.7016961988277453,17.6,17.2,1,5.2,17.1875,13.0,13.0,22.0,1.0,70,3.0,0,0.0
C1,1917,0.6931327226609154,17.8,17.6,1,1.6,17.1875,4.0,4.0,22.0,1.0,70,3.0,1,0.0
C1,1918,0.6931327226609154,18.599999999999998,17.4,1,1.6,17.1875,6.0,4.0,22.0,1.0,70,2.0,1,0.0
C1,1919,0.6949342494879829,17.9,17.4,1,2.4,17.1875,11.0,6.0,22.0,1.0,70,2.0,2,0.0
C1,1920,0.4282301737168955,50.0,17.7,1,0.8,17.1875,1.0,2.0,22.0,1.0,70,3.0,1,0.0
C1,1921,0.6996909593573912,18.2,17.8,1,4.4,17.1875,12.0,11.0,22.0,1.0,70,3.0,2,0.0
C1,1922,0.4282301737168955,50.0,17.9,1,0.8,17.1875,5.0,2.0,22.0,1.0,70,1.0,0,0.0
C1,1923,0.4282301737168955,50.0,17.8,1,0.8,17.1875,4.0,2.0,22.0,1.0,70,1.0,1,0.0
C1,1924,0.4282301737168955,50.0,17.4,1,0.8,17.1875,5.0,2.0,22.0,1.0,70,1.0,2,0.0
C1,1925,0.695856543421489,17.8,17.4,1,2.8,17.1875,10.0,7.0,22.0,1.0,70,2.0,0,0.0
C1,1926,0.695856543421489,17.8,17.4,1,2.8,17.1875,11.0,7.0,22.0,1.0,70,2.0,1,0.0
C1,1927,0.4282301737168955,50.0,17.6,1,0.8,17.1875,7.0,2.0,22.0,1.0,70,1.0,1,0.0
C1,1928,0.4282301737168955,50.0,17.4,1,0.8,17.1875,4.0,2.0,22.0,1.0,70,1.0,0,0.0
C1,1929,0.6940263352002114,18.2,17.3,1,2.0,17.1875,8.0,5.0,22.0,1.0,70,2.0,0,0.0
C1,1930,0.4282301737168955,50.0,17.2,1,0.8,17.1875,2.0,2.0,22.0,1.0,70,2.0,1,0.0
C1,1931,0.7058847962659864,17.6,17.3,1,6.8,17.1875,18.0,17.0,22.0,1.0,70,3.0,1,0.0
C1,1932,0.6967932929551672,17.7,17.3,1,3.2,17.1875,9.0,8.0,22.0,1.0,70,3.0,2,0.0
C1,1933,0.695856543421489,17.8,17.5,1,2.8,17.1875,10.0,7.0,22.0,1.0,70,2.0,2,0.0
C1,1934,0.692253329144211,17.5,17.3,1,1.2,17.1875,10.0,3.0,22.0,1.0,70,1.0,2,0.0
C1,1935,0.4290954344073689,50.0,17.2,1,1.2,17.1875,6.0,3.0,22.0,1.0,70,1.0,1,0.0
C1,1936,0.692253329144211,18.700000000000003,17.5,1,1.2,17.1875,12.0,3.0,22.0,1.0,70,1.0,1,0.0
C1,1937,0.6931327226609154,17.5,17.2,1,1.6,17.1875,11.0,4.0,22.0,1.0,70,1.0,2,0.0
C1,1938,0.6949342494879829,17.7,17.3,1,2.4,17.1875,11.0,6.0,22.0,1.0,70,2.0,1,0.0
C1,1939,0.763858250896098,17.5,17.2,1,3.6,17.1875,8.0,9.0,22.0,1.0,50,3.0,2,0.0
C1,1940,0.7605761873560926,17.7,17.3,1,2.8,17.1875,12.0,7.0,22.0,1.0,50,2.0,0,0.0
C1,1941,0.6660980894015411,32.099999999999994,24.9,1,5.6,17.1875,20.0,14.0,22.0,1.0,50,3.0,1,0.0
C1,1942,0.6594722859838176,31.9,25.6,1,3.6,17.1875,20.0,9.0,22.0,1.0,50,2.0,1,0.0
C1,1943,0.757337347487159,17.4,17.3,1,2.0,17.1875,14.0,5.0,22.0,1.0,50,1.0,2,0.0
C1,1944,0.758951238880883,17.5,17.3,1,2.4,17.1875,7.0,6.0,22.0,1.0,50,3.0,2,0.0
C1,1945,0.651196996609966,32.099999999999994,24.0,1,2.0,17.1875,20.0,5.0,22.0,1.0,50,1.0,1,0.0
C1,1946,0.7722384402787341,17.5,17.3,1,5.6,17.1875,16.0,14.0,22.0,1.0,50,3.0,0,0.0
C1,1947,0.7605761873560926,17.7,17.3,1,2.8,17.1875,11.0,7.0,22.0,1.0,50,2.0,0,0.0
C1,1948,0.4909858056206518,50.0,17.2,1,1.2,17.1875,7.0,3.0,22.0,1.0,50,1.0,1,0.0
C1,1949,0.5706902141995704,42.4,33.7,1,4.4,17.1875,32.0,11.0,22.0,1.0,50,2.0,2,0.0
C1,1950,0.763858250896098,17.9,17.3,1,3.6,17.1875,16.0,9.0,22.0,1.0,50,2.0,1,0.0
C1,1951,0.8632336037393085,17.5,17.3,1,6.4,17.1875,18.0,16.0,22.0,1.0,30,3.0,2,0.0
C1,1952,0.7396512973924994,32.2,24.5,1,2.4,17.1875,28.0,6.0,22.0,1.0,30,1.0,0,0.0
C1,1953,0.6649879897042208,42.6,33.0,1,6.4,17.1875,39.0,16.0,22.0,1.0,30,2.0,2,0.0
C1,1954,-0.03467266941049321,201.9,109.2,1,14.4,17.1875,104.0,36.0,22.0,1.0,30,2.0,1,0.0
C1,1955,0.20808573548136045,110.10000000000001,69.1,1,14.8,17.1875,65.0,37.0,22.0,1.0,30,3.0,1,0.0
C1,1956,0.6698008012222132,41.5,33.4,1,5.2,17.1875,31.0,13.0,22.0,1.0,30,2.0,2,0.0
C1,1957,-0.007631578947368323,200.9,112.3,1,22.0,17.1875,105.0,55.0,22.0,1.0,30,3.0,1,0.0
C1,1958,0.6593308777889586,44.3,34.6,1,8.8,17.1875,30.0,22.0,22.0,1.0,30,3.0,1,0.0
C1,1959,0.1661323005512787,115.5,69.2,1,6.8,17.1875,63.0,17.0,22.0,1.0,30,1.0,1,0.0
C1,1960,0.16258816609660018,110.60000000000001,58.1,1,2.8,17.1875,52.0,7.0,22.0,1.0,30,1.0,0,0.0
C1,1961,0.0244736842105263,185.5,96.69999999999999,2,33.8,16.40625,357.0,169.0,42.0,1.0,30,2.0,0,0.0
C1,1962,-0.018330639976807034,102.8,51.6,6,64.666664,16.666666,737.0,485.0,64.0,1.0,30,3.0,0,0.0
C1,1963,0.7312565980674981,32.5,21.2,6,1.0666667,16.276041,40.0,16.0,125.0,1.0,30,1.0,1,0.0
C1,1964,0.6855707435765197,38.3,24.2,6,2.2666667,16.276041,65.0,34.0,125.0,1.0,30,2.0,1,0.0
C1,1965,0.5847263191654353,49.6,30.8,6,1.8666667,16.40625,110.0,28.0,126.0,1.0,30,1.0,0,0.0
C1,1966,0.6843425520615125,38.699999999999996,25.5,6,2.8,16.40625,71.0,42.0,126.0,1.0,30,2.0,0,0.0
C1,1967,0.8411961375650374,17.7,17.1,6,1.1333333,16.40625,13.0,17.0,126.0,1.0,30,3.0,2,0.0
C1,1968,0.6395498976335674,17.7,17.3,1,3.2,17.1875,14.0,8.0,22.0,1.0,30,2.0,0,0.0
C1,1969,0.841486331264437,17.4,17.3,1,1.2,17.1875,4.0,3.0,22.0,1.0,30,3.0,1,0.0
C1,1970,0.6401930412984571,44.5,33.4,1,4.4,17.1875,30.0,11.0,22.0,1.0,30,2.0,0,0.0
C1,1971,0.6650844122802728,43.3,32.300000000000004,1,8.0,17.1875,31.0,20.0,22.0,1.0,30,3.0,0,0.0
C1,1972,0.8567577352788383,17.4,17.2,1,4.8,17.1875,14.0,12.0,22.0,1.0,30,3.0,1,0.0
C1,1973,0.6604305461653137,43.3,32.599999999999994,1,6.8,17.1875,37.0,17.0,22.0,1.0,30,2.0,1,0.0
C1,1974,0.7544616739147472,32.4,25.3,1,6.4,17.1875,25.0,16.0,22.0,1.0,30,3.0,0,0.0
C1,1975,0.16900417174119653,113.19999999999999,67.4,1,6.0,17.1875,69.0,15.0,22.0,1.0,30,1.0,0,0.0
C1,1976,-0.03334534362911243,190.70000000000002,105.1,1,6.4,17.1875,103.0,16.0,22.0,1.0,30,1.0,0,0.0
C1,1977,-0.03149927839608965,190.6,109.7,1,6.8,17.1875,106.0,17.0,22.0,1.0,30,1.0,2,0.0
C1,1978,0.7503743499853144,32.5,25.8,1,5.6,17.1875,27.0,14.0,22.0,1.0,30,2.0,0,0.0
C1,1979,0.028421052631579014,187.20000000000002,106.1,1,23.2,17.1875,114.0,58.0,22.0,1.0,30,3.0,2,0.0
C1,1980,0.04973684210526319,179.10000000000002,103.9,1,24.0,17.1875,113.0,60.0,22.0,1.0,30,3.0,2,0.0
C1,1981,0.18859929031615089,119.6,74.0,1,16.8,17.1875,75.0,42.0,22.0,1.0,30,3.0,0,0.0
C1,1982,-0.006549317274476191,192.1,107.80000000000001,1,15.2,17.1875,102.0,38.0,22.0,1.0,30,2.0,2,0.0
C1,1983,0.11668833326430872,149.10000000000002,94.2,1,19.2,17.1875,92.0,48.0,22.0,1.0,30,3.0,0,0.0
C1,1984,0.18628958095577713,113.5,72.4,1,10.8,17.1875,68.0,27.0,22.0,1.0,30,2.0,1,0.0
C1,1985,0.6687080288914722,43.4,33.099999999999994,1,9.2,17.1875,36.0,23.0,22.0,1.0,30,3.0,1,0.0
C1,1986,0.22107644994410372,98.10000000000001,56.599999999999994,1,9.2,17.1875,56.0,23.0,22.0,1.0,30,2.0,1,0.0
C1,1987,-0.039976181634843594,197.3,104.89999999999999,1,9.2,17.1875,110.0,23.0,22.0,1.0,30,1.0,0,0.0
C1,1988,0.024736842105263168,188.6,104.5,1,29.2,17.1875,133.0,73.0,22.0,1.0,30,3.0,2,0.0
C1,1989,0.07683879824518508,151.2,98.7,1,8.0,17.1875,94.0,20.0,22.0,1.0,30,1.0,0,0.0
C1,1990,0.13795890953687512,136.3,83.9,1,14.4,17.1875,81.0,36.0,22.0,1.0,30,2.0,1,0.0
C1,1991,0.7503743499853144,32.5,25.7,1,5.6,17.1875,29.0,14.0,22.0,1.0,30,2.0,1,0.0
C1,1992,0.7479858054542767,32.4,25.6,1,4.8,17.1875,25.0,12.0,22.0,1.0,30,2.0,2,0.0
C1,1993,0.8466688412521486,17.6,17.3,1,2.4,17.1875,19.0,6.0,22.0,1.0,30,1.0,0,0.0
C1,1994,0.8567577352788383,17.9,17.6,1,4.8,17.1875,12.0,12.0,22.0,1.0,30,3.0,2,0.0
C1,1995,0.8600234727923319,17.7,17.4,1,5.6,17.1875,16.0,14.0,22.0,1.0,30,3.0,1,0.0
C1,1996,0.7471086124718207,32.5,25.1,1,4.8,17.1875,22.0,12.0,22.0,1.0,30,2.0,1,0.0
C1,1997,0.8600234727923319,18.0,17.6,1,5.6,17.1875,16.0,14.0,22.0,1.0,30,3.0,2,0.0
C1,1998,0.5783284365275949,50.0,17.9,1,1.2,17.1875,3.0,3.0,22.0,1.0,30,2.0,0,0.0
C1,1999,0.580064768450566,50.0,17.7,1,1.6,17.1875,3.0,4.0,22.0,1.0,30,3.0,0,0.0
C1,2000,0.5783284365275949,50.0,17.6,1,1.2,17.1875,4.0,3.0,22.0,1.0,30,2.0,0,0.0
C1,2001,0.6895493932129928,39.800000000000004,32.9,1,6.4,17.1875,32.0,16.0,22.0,1.0,30,2.0,0,0.0
C1,2002,0.7428246202458255,32.800000000000004,27.099999999999998,1,4.4,17.1875,20.0,11.0,22.0,1.0,30,2.0,2,0.0
C1,2003,0.841486331264437,17.8,17.5,1,1.2,17.1875,5.0,3.0,22.0,1.0,30,2.0,1,0.0
C1,2004,0.580064768450566,50.0,17.8,1,1.6,17.1875,8.0,4.0,22.0,1.0,30,1.0,2,0.0
C1,2005,0.843222663187408,17.8,17.6,1,1.6,17.1875,6.0,4.0,22.0,1.0,30,2.0,2,0.0
C1,2006,0.8449503405842116,18.1,17.5,1,2.0,17.1875,14.0,5.0,22.0,1.0,30,1.0,1,0.0
C1,2007,0.8466688412521486,17.9,17.6,1,2.4,17.1875,10.0,6.0,22.0,1.0,30,2.0,1,0.0
C1,2008,0.8449503405842116,18.3,17.5,1,2.0,17.1875,6.0,5.0,22.0,1.0,30,2.0,1,0.0
C1,2009,0.841486331264437,18.1,17.5,1,1.2,17.1875,5.0,3.0,22.0,1.0,30,2.0,1,0.0
C1,2010,0.6456236838490843,43.5,33.099999999999994,1,3.6,17.1875,37.0,9.0,22.0,1.0,30,1.0,1,0.0
C1,2011,0.310605984761805,60.6,42.4,1,6.8,17.1875,44.0,17.0,22.0,1.0,30,2.0,0,0.0
C1,2012,0.8551053220002116,17.7,17.2,1,4.4,17.1875,18.0,11.0,22.0,1.0,30,2.0,0,0.0
C1,2013,0.7388099897070186,32.099999999999994,25.0,1,2.0,17.1875,20.0,5.0,22.0,1.0,30,1.0,1,0.0
C1,2014,0.843222663187408,17.8,17.3,1,1.6,17.1875,12.0,4.0,22.0,1.0,30,1.0,0,0.0
C1,2015,0.8449503405842116,17.4,17.3,1,2.0,17.1875,12.0,5.0,22.0,1.0,30,1.0,1,0.0
C1,2016,0.6212848734955825,47.4,34.6,1,6.0,17.1875,31.0,15.0,22.0,1.0,30,2.0,1,0.0
C1,2017,0.24333668264725927,83.1,43.7,1,4.8,17.1875,48.0,12.0,22.0,1.0,30,1.0,0,0.0
C1,2018,0.31774914193419246,65.10000000000001,43.9,1,12.0,17.1875,46.0,30.0,22.0,1.0,30,3.0,0,0.0
C1,2019,0.016842105263157936,191.6,106.30000000000001,1,23.6,17.1875,108.0,59.0,22.0,1.0,30,3.0,2,0.0
C1,2020,0.10357750388426595,151.10000000000002,97.0,1,16.0,17.1875,97.0,40.0,22.0,1.0,30,2.0,0,0.0
C1,2021,0.16702034294772983,127.8,77.89999999999999,1,16.8,17.1875,71.0,42.0,22.0,1.0,30,3.0,1,0.0
C1,2022,0.15526344518042953,128.8,77.0,1,13.6,17.1875,76.0,34.0,22.0,1.0,30,2.0,2,0.0
C1,2023,0.004935700105203195,179.10000000000002,100.9,1,8.4,17.1875,110.0,21.0,22.0,1.0,30,1.0,1,0.0
C1,2024,0.014210526315789507,192.6,107.0,1,29.6,17.96875,136.0,74.0,23.0,1.0,30,3.0,2,0.0
C1,2025,0.01236842105263164,193.3,107.89999999999999,1,22.4,17.1875,139.0,56.0,22.0,1.0,30,2.0,0,0.0
C1,2026,-0.03042034411256711,201.6,111.9,1,15.6,17.1875,110.0,39.0,22.0,1.0,30,2.0,2,0.0
C1,2027,0.16374838322108567,126.5,75.1,1,14.4,17.1875,70.0,36.0,22.0,1.0,30,3.0,1,0.0
C1,2028,0.09436697756847656,154.6,95.8,1,16.0,17.1875,95.0,40.0,22.0,1.0,30,2.0,1,0.0
C1,2029,0.22204096326309788,96.60000000000001,54.1,1,8.4,17.1875,53.0,21.0,22.0,1.0,30,2.0,0,0.0
C1,2030,0.8449503405842116,17.7,17.2,1,2.0,17.1875,8.0,5.0,22.0,1.0,30,2.0,0,0.0
C1,2031,0.6089440614030798,49.7,40.800000000000004,1,8.0,17.1875,49.0,20.0,22.0,1.0,30,2.0,2,0.0
C1,2032,0.7505025556081781,32.300000000000004,26.0,1,5.2,17.1875,26.0,13.0,22.0,1.0,30,2.0,2,0.0
C1,2033,0.16160276573357743,120.7,73.5,1,9.2,17.1875,79.0,23.0,22.0,1.0,30,2.0,0,0.0
C1,2034,0.20348921494733468,101.9,53.5,1,7.2,17.1875,52.0,18.0,22.0,1.0,30,2.0,0,0.0
C1,2035,0.16681834508186244,112.8,67.10000000000001,1,5.2,17.1875,65.0,13.0,22.0,1.0,30,1.0,2,0.0
C1,2036,0.006578947368421018,195.5,107.1,1,23.6,17.1875,163.0,59.0,22.0,1.0,30,2.0,0,0.0
C1,2037,0.12789473684210534,146.2,83.7,2,22.0,16.796875,152.0,110.0,43.0,1.0,30,3.0,2,0.0
C1,2038,0.09949321147403581,136.5,71.0,2,4.0,16.796875,109.0,20.0,43.0,1.0,30,1.0,2,0.0
C1,2039,0.18251204897295373,105.89999999999999,60.400000000000006,2,4.6,16.796875,116.0,23.0,43.0,1.0,30,1.0,1,0.0
C1,2040,0.7448130555283043,32.0,20.400000000000002,2,3.2,16.796875,27.0,16.0,43.0,1.0,30,2.0,0,0.0
C1,2041,0.19772266654202375,112.9,62.199999999999996,2,13.8,16.796875,110.0,69.0,43.0,1.0,30,3.0,2,0.0
C1,2042,0.29959403568369536,67.7,40.0,2,8.8,16.796875,66.0,44.0,43.0,1.0,30,3.0,2,0.0
C1,2043,0.19535408936078835,107.89999999999999,61.400000000000006,1,11.6,17.1875,65.0,29.0,22.0,1.0,30,2.0,1,0.0
C1,2044,0.6935998405419961,38.6,32.800000000000004,1,4.8,17.1875,30.0,12.0,22.0,1.0,30,2.0,1,0.0
C1,2045,0.2519643801771181,90.6,53.1,1,12.4,17.1875,57.0,31.0,22.0,1.0,30,3.0,1,0.0
C1,2046,0.010000000000000009,194.20000000000002,106.7,1,22.4,17.1875,108.0,56.0,22.0,1.0,30,3.0,2,0.0
C1,2047,0.8483776397808107,17.6,17.3,1,2.8,17.1875,7.0,7.0,22.0,1.0,30,3.0,1,0.0
C1,2048,0.08622667194872975,107.5,61.1,1,3.6,17.1875,51.0,9.0,22.0,1.0,50,1.0,1,0.0
C1,2049,-0.0003646331653223145,157.0,97.19999999999999,1,13.6,17.1875,92.0,34.0,22.0,1.0,50,2.0,1,0.0
C1,2050,0.758951238880883,17.8,17.3,1,2.4,17.1875,17.0,6.0,22.0,1.0,50,1.0,1,0.0
C1,2051,0.7671814422697458,17.5,17.2,1,4.4,17.1875,12.0,11.0,22.0,1.0,50,3.0,2,0.0
C1,2052,0.19016282028810644,80.5,44.4,1,11.2,17.1875,41.0,28.0,22.0,1.0,50,3.0,1,0.0
C1,2053,0.08043671781063416,111.60000000000001,63.5,1,4.8,17.1875,68.0,12.0,22.0,1.0,50,1.0,1,0.0
C1,2054,0.03806829675800258,127.7,81.4,1,4.8,17.1875,72.0,12.0,22.0,1.0,50,1.0,1,0.0
C1,2055,0.0012308692635193685,190.8,107.89999999999999,1,36.8,17.1875,172.0,92.0,22.0,1.0,50,3.0,1,0.0
C1,2056,0.1083755028959312,110.9,66.69999999999999,1,10.8,17.1875,68.0,27.0,22.0,1.0,50,2.0,1,0.0
C1,2057,-0.08577606290793197,184.0,102.8,1,10.4,17.1875,149.0,26.0,22.0,1.0,50,1.0,1,0.0
C1,2058,0.5349108824750455,46.1,32.300000000000004,1,3.6,17.1875,34.0,9.0,22.0,1.0,50,2.0,0,0.0
C1,2059,0.19459520975200564,74.1,43.1,1,8.4,17.1875,43.0,21.0,22.0,1.0,50,2.0,2,0.0
C1,2060,0.11311234500119433,109.10000000000001,62.300000000000004,1,10.8,17.1875,68.0,27.0,22.0,1.0,50,2.0,0,0.0
C1,2061,0.07815789473684215,165.1,86.0,2,47.2,16.796875,435.0,236.0,43.0,1.0,50,2.0,1,0.0
C1,2062,0.21605263157894739,115.9,61.800000000000004,2,40.0,16.796875,509.0,200.0,43.0,1.0,50,2.0,1,0.0
C1,2063,0.15349723174343008,83.2,44.3,2,4.4,16.796875,77.0,22.0,43.0,1.0,50,1.0,2,0.0
C1,2064,0.6135946125474763,37.699999999999996,25.9,2,4.8,16.796875,30.0,24.0,43.0,1.0,50,3.0,1,0.0
C1,2065,0.12349751931627023,116.1,63.9,2,17.2,16.796875,135.0,86.0,43.0,1.0,50,3.0,0,0.0
C1,2066,0.1627623842515324,85.2,42.5,2,7.8,16.796875,64.0,39.0,43.0,1.0,50,3.0,0,0.0
C1,2067,0.23126636790351218,59.5,37.900000000000006,2,8.0,16.796875,62.0,40.0,43.0,1.0,50,3.0,2,0.0
C1,2068,-0.09777321130062591,182.0,100.3,1,8.4,17.1875,100.0,21.0,22.0,1.0,50,1.0,2,0.0
C1,2069,0.022368421052631593,189.5,107.80000000000001,1,45.2,17.1875,214.0,113.0,22.0,1.0,50,3.0,1,0.0
C1,2070,-0.050618928781227396,189.0,106.89999999999999,1,21.2,17.1875,156.0,53.0,22.0,1.0,50,2.0,0,0.0
C1,2071,0.03159616594136837,130.8,78.10000000000001,1,5.2,17.1875,73.0,13.0,22.0,1.0,50,1.0,1,0.0
C1,2072,-0.003769130736480636,192.70000000000002,107.5,1,36.8,17.1875,156.0,92.0,22.0,1.0,50,3.0,0,0.0
C1,2073,0.5622119447177791,42.8,33.6,1,3.2,17.1875,31.0,8.0,22.0,1.0,50,1.0,2,0.0
C1,2074,0.06323436142153338,139.0,89.1,1,17.2,17.1875,82.0,43.0,22.0,1.0,50,3.0,1,0.0
C1,2075,-0.021790649863582423,167.2,102.6,1,14.8,17.1875,101.0,37.0,22.0,1.0,50,2.0,2,0.0
C1,2076,0.07097533029830747,138.1,83.1,1,18.4,17.1875,89.0,46.0,22.0,1.0,50,3.0,0,0.0
C1,2077,0.03657375952916672,130.20000000000002,81.10000000000001,1,6.0,17.96875,77.0,15.0,23.0,1.0,50,1.0,0,0.0
C1,2078,0.5343993756885592,49.5,40.800000000000004,1,10.4,17.1875,42.0,26.0,22.0,1.0,50,3.0,1,0.0
C1,2079,0.08464724412642363,110.0,62.9,1,4.8,17.1875,62.0,12.0,22.0,1.0,50,1.0,0,0.0
C1,2080,-0.09815141275827688,182.7,109.10000000000001,1,6.8,17.1875,102.0,17.0,22.0,1.0,50,1.0,0,0.0
C1,2081,0.16026963987330195,84.5,45.699999999999996,1,6.8,17.1875,40.0,17.0,22.0,1.0,50,2.0,1,0.0
C1,2082,0.057166722076240156,144.7,87.5,1,19.2,17.1875,90.0,48.0,22.0,1.0,50,3.0,0,0.0
C1,2083,0.24705971342224697,58.2,42.0,1,10.8,17.1875,43.0,27.0,22.0,1.0,50,3.0,1,0.0
C1,2084,0.05184712561855229,149.4,97.0,1,20.8,17.1875,95.0,52.0,22.0,1.0,50,3.0,1,0.0
C1,2085,0.6642930577747808,32.5,26.200000000000003,1,6.0,17.1875,27.0,15.0,22.0,1.0,50,2.0,1,0.0
C1,2086,0.06291195541505258,118.9,73.4,1,5.2,17.1875,71.0,13.0,22.0,1.0,50,1.0,0,0.0
C1,2087,0.17596351405399288,73.4,43.2,1,3.6,17.1875,43.0,9.0,22.0,1.0,50,1.0,2,0.0
C1,2088,0.7557347567600108,17.7,17.3,1,1.6,17.1875,4.0,4.0,22.0,1.0,50,3.0,1,0.0
C1,2089,0.4894065094559651,50.0,17.2,1,0.8,17.1875,3.0,2.0,22.0,1.0,50,2.0,1,0.0
C1,2090,0.6576201049155455,32.300000000000004,25.7,1,4.0,17.1875,20.0,10.0,22.0,1.0,50,2.0,0,0.0
C1,2091,-0.09859644903401846,195.70000000000002,107.30000000000001,1,14.4,17.1875,207.0,36.0,22.0,1.0,50,1.0,1,0.0
C1,2092,0.6567429119330894,32.4,25.7,1,4.0,17.1875,21.0,10.0,22.0,1.0,50,2.0,0,0.0
C1,2093,0.14677914360811223,100.4,53.5,1,13.2,17.1875,58.0,33.0,22.0,1.0,50,3.0,2,0.0
C1,2094,0.07590127932097665,124.60000000000001,77.60000000000001,1,11.6,17.1875,74.0,29.0,22.0,1.0,50,2.0,2,0.0
C1,2095,0.4894065094559651,50.0,17.3,1,0.8,17.1875,5.0,2.0,22.0,1.0,50,1.0,1,0.0
C1,2096,0.6668225314095404,32.800000000000004,26.700000000000003,1,7.2,17.1875,24.0,18.0,22.0,1.0,50,3.0,2,0.0
C1,2097,0.6038173876471552,39.199999999999996,32.5,1,5.6,17.1875,30.0,14.0,22.0,1.0,50,2.0,1,0.0
C1,2098,0.14560326948501273,95.4,56.300000000000004,1,10.0,17.1875,59.0,25.0,22.0,1.0,50,2.0,1,0.0
C1,2099,0.7605761873560926,17.5,17.2,1,2.8,17.1875,12.0,7.0,22.0,1.0,50,2.0,2,0.0
C1,2100,0.7541437003574938,17.5,17.2,1,1.2,17.1875,11.0,3.0,22.0,1.0,50,1.0,1,0.0
C1,2101,0.7739421805817983,17.9,17.5,1,6.0,17.1875,17.0,15.0,22.0,1.0,50,3.0,2,0.0
C1,2102,0.15142759511045034,95.9,53.900000000000006,1,11.6,17.1875,57.0,29.0,22.0,1.0,50,3.0,2,0.0
C1,2103,0.7655148417576507,17.5,17.3,1,4.0,17.1875,11.0,10.0,22.0,1.0,50,3.0,1,0.0
C1,2104,0.08491482265027134,135.5,86.3,1,20.0,17.1875,81.0,50.0,22.0,1.0,50,3.0,2,0.0
C1,2105,0.12201614563294028,93.89999999999999,53.699999999999996,1,3.6,17.1875,51.0,9.0,22.0,1.0,50,1.0,1,0.0
C1,2106,0.05559108578865052,149.29999999999998,94.7,1,21.6,17.1875,92.0,54.0,22.0,1.0,50,3.0,0,0.0
C1,2107,0.757337347487159,17.4,17.2,1,2.0,17.1875,12.0,5.0,22.0,1.0,50,1.0,0,0.0
C1,2108,0.024736842105263168,188.6,107.0,1,54.8,17.1875,360.0,137.0,22.0,1.0,50,2.0,1,0.0
C1,2109,0.0018421052631579227,197.3,109.5,1,46.4,17.1875,320.0,116.0,22.0,1.0,50,2.0,0,0.0
C1,2110,0.5808252729099578,43.4,33.0,1,8.8,17.1875,37.0,22.0,22.0,1.0,50,3.0,0,0.0
C1,2111,0.026448966594523657,133.39999999999998,82.69999999999999,1,5.6,17.1875,80.0,14.0,22.0,1.0,50,1.0,1,0.0
C1,2112,-0.04173678524022886,190.8,107.0,1,24.4,17.1875,111.0,61.0,22.0,1.0,50,3.0,2,0.0
C1,2113,0.23469302492831978,60.199999999999996,42.6,1,9.2,17.1875,41.0,23.0,22.0,1.0,50,3.0,1,0.0
C1,2114,0.10596745422921872,127.5,76.8,1,20.0,17.1875,71.0,50.0,22.0,1.0,50,3.0,1,0.0
C1,2115,0.6592086476351955,32.5,24.7,1,4.8,17.1875,29.0,12.0,22.0,1.0,50,2.0,0,0.0
C1,2116,0.04775593216822893,139.4,85.9,1,14.0,17.1875,86.0,35.0,22.0,1.0,50,2.0,0,0.0
C1,2117,0.7605761873560926,17.6,17.4,1,2.8,17.1875,12.0,7.0,22.0,1.0,50,2.0,0,0.0
C1,2118,0.1256506690103342,109.8,67.3,1,14.0,17.1875,64.0,35.0,22.0,1.0,50,3.0,0,0.0
C1,2119,0.4894065094559651,50.0,17.6,1,0.8,17.1875,6.0,2.0,22.0,1.0,50,1.0,1,0.0
C1,2120,0.20747510261251592,60.8,40.300000000000004,1,3.2,17.1875,45.0,8.0,22.0,1.0,50,1.0,2,0.0
C1,2121,0.13212467339455525,104.6,58.5,1,12.4,17.1875,55.0,31.0,22.0,1.0,50,3.0,2,0.0
C1,2122,0.12651852142131662,112.9,68.9,1,16.0,17.1875,64.0,40.0,22.0,1.0,50,3.0,2,0.0
C1,2123,0.14020019623969115,102.9,56.599999999999994,1,13.2,17.1875,59.0,33.0,22.0,1.0,50,3.0,2,0.0
C1,2124,0.11379601616308191,110.2,73.6,1,11.6,17.1875,75.0,29.0,22.0,1.0,50,2.0,0,0.0
C1,2125,0.18244537474817063,81.4,45.1,1,10.0,17.1875,41.0,25.0,22.0,1.0,50,3.0,0,0.0
C1,2126,0.5508084359458493,44.1,33.9,1,3.2,17.1875,37.0,8.0,22.0,1.0,50,1.0,2,0.0
C1,2127,0.09586594036890184,126.6,78.3,1,17.2,17.1875,77.0,43.0,22.0,1.0,50,3.0,1,0.0
C1,2128,0.5878986073019357,39.5,32.300000000000004,1,2.4,17.1875,31.0,6.0,22.0,1.0,50,1.0,0,0.0
C1,2129,0.6764373150151635,32.300000000000004,26.1,1,8.4,17.1875,29.0,21.0,22.0,1.0,50,3.0,2,0.0
C1,2130,0.758951238880883,17.8,17.2,1,2.4,17.1875,6.0,6.0,22.0,1.0,50,3.0,2,0.0
C1,2131,0.10752428579550549,105.2,57.0,1,7.2,17.1875,57.0,18.0,22.0,1.0,50,2.0,2,0.0
C1,2132,0.057743384584134555,131.5,85.2,1,11.6,17.1875,83.0,29.0,22.0,1.0,50,2.0,2,0.0
C1,2133,0.11463536683467765,113.3,62.5,1,13.6,17.1875,60.0,34.0,22.0,1.0,50,3.0,0,0.0
C1,2134,0.15265098918402895,96.8,53.900000000000006,1,12.4,17.1875,55.0,31.0,22.0,1.0,50,3.0,2,0.0
C1,2135,0.16748877252580063,117.9,72.3,1,8.8,17.1875,64.0,22.0,22.0,1.0,30,2.0,2,0.0
C1,2136,0.8534405798950884,17.8,17.4,1,4.0,17.1875,16.0,10.0,22.0,1.0,30,2.0,1,0.0
C1,2137,0.8466688412521486,17.8,17.4,1,2.4,17.1875,9.0,6.0,22.0,1.0,30,2.0,1,0.0
C1,2138,0.21530600489739238,103.0,66.5,1,11.2,17.1875,50.0,28.0,22.0,1.0,30,3.0,0,0.0
C1,2139,0.13421052631578947,143.8,79.69999999999999,2,34.6,16.796875,429.0,173.0,43.0,1.0,30,2.0,0,0.0
C1,2140,0.2347368421052632,105.6,53.3,3,37.733334,16.666666,555.0,283.0,64.0,1.0,30,2.0,0,0.0
C1,2141,0.68855398841778,39.300000000000004,26.8,3,5.0666666,16.666666,48.0,38.0,64.0,1.0,30,3.0,1,0.0
C1,2142,0.6312175472356107,44.3,32.0,3,1.8666667,16.666666,59.0,14.0,64.0,1.0,30,1.0,2,0.0
C1,2143,0.7398620677002976,32.5,23.7,3,3.0666666,16.666666,41.0,23.0,64.0,1.0,30,2.0,0,0.0
C1,2144,0.22546395379612016,97.9,48.4,3,10.266666,16.666666,109.0,77.0,64.0,1.0,30,3.0,0,0.0
C1,2145,0.6556375078800512,43.3,29.2,3,5.6,16.666666,54.0,42.0,64.0,1.0,30,3.0,2,0.0
C1,2146,0.14673654365070923,130.6,68.5,1,18.4,17.1875,84.0,46.0,22.0,1.0,30,3.0,0,0.0
C1,2147,0.580064768450566,50.0,17.8,1,1.6,17.1875,9.0,4.0,22.0,1.0,30,1.0,1,0.0
C1,2148,0.12693303672920944,137.1,84.9,1,11.6,17.1875,80.0,29.0,22.0,1.0,30,2.0,0,0.0
C1,2149,0.32760537042946136,59.8,42.9,1,10.8,17.1875,48.0,27.0,22.0,1.0,30,3.0,1,0.0
C1,2150,0.580064768450566,50.0,17.4,1,1.6,17.1875,8.0,4.0,22.0,1.0,30,1.0,1,0.0
C1,2151,0.8466688412521486,17.5,17.2,1,2.4,17.1875,19.0,6.0,22.0,1.0,30,1.0,2,0.0
C1,2152,0.843222663187408,17.4,17.3,1,1.6,17.1875,4.0,4.0,22.0,1.0,30,3.0,2,0.0
C1,2153,0.5765839711106497,50.0,17.4,1,0.8,17.1875,7.0,2.0,22.0,1.0,30,1.0,0,0.0
C1,2154,0.8466688412521486,17.5,17.2,1,2.4,17.1875,7.0,6.0,22.0,1.0,30,3.0,0,0.0
C1,2155,0.5783284365275949,50.0,17.2,1,1.2,17.1875,6.0,3.0,22.0,1.0,30,1.0,1,0.0
C1,2156,0.8583972924502834,17.7,17.3,1,5.2,17.1875,14.0,13.0,22.0,1.0,30,3.0,1,0.0
C1,2157,0.31852565874527505,65.8,43.6,1,12.8,17.1875,49.0,32.0,22.0,1.0,30,3.0,1,0.0
C1,2158,-0.004130857343458055,180.2,99.9,1,6.8,17.1875,101.0,17.0,22.0,1.0,30,1.0,0,0.0
C1,2159,0.12106895167167847,147.10000000000002,92.1,1,18.8,17.1875,92.0,47.0,22.0,1.0,30,3.0,1,0.0
C1,2160,0.18201402662536323,113.5,65.4,1,9.6,17.1875,65.0,24.0,22.0,1.0,30,2.0,2,0.0
C1,2161,-0.04851228916411049,201.1,107.5,1,9.6,17.1875,119.0,24.0,22.0,1.0,30,1.0,0,0.0
C1,2162,0.14316512708364096,138.0,85.6,1,18.0,17.1875,85.0,45.0,22.0,1.0,30,3.0,1,0.0
C1,2163,-0.010529622807446515,184.4,105.2,1,8.0,17.1875,120.0,20.0,22.0,1.0,30,1.0,1,0.0
C1,2164,0.10255941969188673,150.2,95.10000000000001,1,14.8,17.1875,96.0,37.0,22.0,1.0,30,2.0,0,0.0
C1,2165,0.14085364637898046,135.2,83.2,1,14.4,17.1875,80.0,36.0,22.0,1.0,30,2.0,1,0.0
C1,2166,0.04447368421052633,181.10000000000002,103.2,1,21.6,17.1875,106.0,54.0,22.0,1.0,30,3.0,0,0.0
C1,2167,0.22248877252580063,97.0,54.9,1,8.8,17.1875,55.0,22.0,22.0,1.0,30,2.0,0,0.0
C1,2168,0.753883121915139,32.099999999999994,25.1,1,5.6,17.1875,20.0,14.0,22.0,1.0,30,3.0,2,0.0
C1,2169,0.3181545877188693,59.5,40.5,1,8.0,17.1875,41.0,20.0,22.0,1.0,30,2.0,1,0.0
C1,2170,0.5765839711106497,50.0,17.2,1,0.8,17.1875,5.0,2.0,22.0,1.0,30,1.0,1,0.0
C1,2171,0.21585763599996627,97.19999999999999,53.0,1,7.2,17.1875,51.0,18.0,22.0,1.0,30,2.0,2,0.0
C1,2172,0.00602887139765193,173.9,97.5,1,5.2,17.1875,93.0,13.0,22.0,1.0,30,1.0,1,0.0
C1,2173,0.10347785595172285,138.1,83.3,1,6.0,17.1875,80.0,15.0,22.0,1.0,30,1.0,1,0.0
C1,2174,0.6866842693686326,39.199999999999996,31.4,1,4.4,17.1875,36.0,11.0,22.0,1.0,30,1.0,1,0.0
C1,2175,0.7463333921756501,32.4,25.7,1,4.4,17.1875,24.0,11.0,22.0,1.0,30,2.0,0,0.0
C1,2176,0.7360969380264246,32.800000000000004,26.9,1,2.8,17.1875,29.0,7.0,22.0,1.0,30,1.0,1,0.0
C1,2177,0.7477427710379458,32.800000000000004,25.8,1,5.6,17.1875,29.0,14.0,22.0,1.0,30,2.0,2,0.0
C1,2178,0.08289473684210524,166.5,97.9,1,20.0,17.1875,92.0,50.0,22.0,1.0,30,3.0,2,0.0
C1,2179,0.029023077423519145,167.0,99.3,1,6.4,17.1875,94.0,16.0,22.0,1.0,30,1.0,0,0.0
C1,2180,0.843222663187408,17.9,17.5,1,1.6,17.1875,5.0,4.0,22.0,1.0,30,2.0,1,0.0
C1,2181,0.012541716494904473,185.79999999999998,98.19999999999999,2,40.4,17.1875,188.0,101.0,22.0,1.0,30,3.0,1,0.0
C1,2182,0.18365256498064833,110.9,60.699999999999996,2,8.2,16.796875,101.0,41.0,43.0,1.0,30,2.0,0,0.0
C1,2183,0.14909476517836312,127.1,65.3,2,10.4,16.796875,231.0,52.0,43.0,1.0,30,1.0,2,0.0
C1,2184,0.015107175744210277,115.5,62.9,2,9.6,16.796875,113.0,48.0,43.0,1.0,70,2.0,1,0.0
C1,2185,0.6963231067822069,17.5,17.0,2,3.0,16.796875,16.0,15.0,43.0,1.0,70,3.0,2,0.0
C1,2186,0.0026247696464328923,119.6,61.6,1,11.8,16.796875,91.0,59.0,43.0,1.0,70,3.0,1,0.0
C1,2187,0.6949342494879829,17.7,17.3,1,2.4,17.1875,6.0,6.0,22.0,1.0,70,3.0,2,0.0
C1,2188,0.026147954160723436,108.3,63.70000000000001,1,6.8,17.1875,68.0,17.0,22.0,1.0,70,1.0,2,0.0
C1,2189,0.01537800117918603,127.2,77.5,1,18.8,17.1875,77.0,47.0,22.0,1.0,70,3.0,1,0.0
C1,2190,0.6562160598796594,43.6,32.2,1,6.4,17.1875,39.0,16.0,22.0,1.0,30,2.0,2,0.0
C1,2191,0.21739223941778796,99.5,57.4,1,9.2,17.1875,51.0,23.0,22.0,1.0,30,2.0,0,0.0
C1,2192,-0.000263157894736743,194.89999999999998,102.3,2,38.0,17.1875,168.0,95.0,22.0,1.0,30,3.0,1,0.0
C1,2193,0.21263157894736845,117.2,63.1,2,20.0,16.796875,238.0,100.0,43.0,1.0,30,2.0,1,0.0
C1,2194,-0.039300682553760236,105.39999999999999,51.2,6,67.8,16.601562,732.0,678.0,85.0,1.0,30,3.0,1,0.0
C1,2195,0.6489593036944041,40.300000000000004,27.3,8,1.75,16.113281,106.0,35.0,165.0,1.0,30,1.0,0,0.0
C1,2196,0.7335613002939354,32.599999999999994,21.6,8,1.8,16.113281,56.0,36.0,165.0,1.0,30,2.0,2,0.0
C1,2197,0.5754897811270665,50.0,17.3,8,0.55,16.113281,6.0,11.0,165.0,1.0,30,1.0,2,0.0
C1,2198,0.7325022234647129,32.300000000000004,21.4,8,0.95,16.113281,74.0,19.0,165.0,1.0,30,1.0,0,0.0
C1,2199,0.7388606965971818,31.6,20.2,8,1.0,16.210938,40.0,20.0,166.0,1.0,30,2.0,2,0.0
C1,2200,-0.14990906853394853,130.3,66.3,1,11.6,16.40625,70.0,29.0,21.0,1.0,30,2.0,2,0.0
C1,2201,0.07236842105263158,167.3,88.2,2,32.0,16.40625,209.0,160.0,42.0,1.0,30,3.0,2,0.0
C1,2202,0.22315789473684214,113.19999999999999,62.1,2,21.0,16.40625,219.0,105.0,42.0,1.0,30,2.0,1,0.0
C1,2203,0.1800238183651564,113.69999999999999,59.9,2,9.2,16.40625,113.0,46.0,42.0,1.0,30,2.0,0,0.0
C1,2204,0.23578947368421058,108.39999999999999,55.199999999999996,2,27.2,16.40625,222.0,136.0,42.0,1.0,30,3.0,2,0.0
C1,2205,0.19956461567657782,109.5,59.6,2,11.6,16.40625,132.0,58.0,42.0,1.0,30,2.0,0,0.0
C1,2206,0.751596550070387,31.8,20.8,2,4.4,16.40625,29.0,22.0,42.0,1.0,30,3.0,0,0.0
C1,2207,0.749132455778909,31.7,21.5,2,3.6,16.40625,20.0,18.0,42.0,1.0,30,3.0,0,0.0
C1,2208,0.26044824525259314,74.7,40.300000000000004,2,3.6,16.40625,57.0,18.0,42.0,1.0,30,1.0,0,0.0
C1,2209,0.185327250085575,116.9,60.400000000000006,2,13.2,16.40625,103.0,66.0,42.0,1.0,30,3.0,0,0.0
C1,2210,-0.004959324192097464,178.5,87.3,1,7.6,16.40625,90.0,19.0,21.0,1.0,30,1.0,2,0.0
C1,2211,0.05552631578947374,173.7,95.2,2,32.0,16.40625,152.0,80.0,21.0,1.0,30,3.0,1,0.0
C1,2212,0.19313168621893506,110.9,61.6,2,10.8,16.40625,122.0,54.0,42.0,1.0,30,2.0,1,0.0
C1,2213,0.18284231133458026,106.39999999999999,56.599999999999994,2,5.0,16.40625,132.0,25.0,42.0,1.0,30,1.0,2,0.0
C1,2214,0.2540677198942216,85.0,41.4,2,8.8,16.40625,68.0,44.0,42.0,1.0,30,3.0,0,0.0
C1,2215,0.843222663187408,17.7,17.1,2,1.6,16.40625,7.0,8.0,42.0,1.0,30,3.0,0,0.0
C1,2216,0.7405643756719309,31.9,21.3,2,2.0,16.40625,20.0,10.0,42.0,1.0,30,2.0,0,0.0
C1,2217,-0.06022248208683437,199.5,106.0,1,7.6,16.40625,110.0,19.0,21.0,1.0,30,1.0,1,0.0
C1,2218,0.16844452542391086,112.8,64.19999999999999,1,5.6,16.40625,67.0,14.0,21.0,1.0,30,1.0,2,0.0
C1,2219,-0.026541108166786453,193.3,106.2,1,10.0,16.40625,106.0,25.0,21.0,1.0,30,1.0,1,0.0
C1,2220,-0.029011668315849476,192.0,103.6,1,8.4,16.40625,127.0,21.0,21.0,1.0,30,1.0,2,0.0
C1,2221,0.02552631578947373,188.29999999999998,107.30000000000001,1,20.0,16.40625,143.0,50.0,21.0,1.0,30,2.0,0,0.0
C1,2222,0.21440152495504466,107.7,59.6,1,14.8,16.40625,56.0,37.0,21.0,1.0,30,3.0,1,0.0
C1,2223,-0.12850791407972278,157.5,95.4,1,15.2,16.40625,96.0,38.0,21.0,1.0,90,2.0,2,0.0
C1,2224,-0.1203500193428807,154.4,92.7,1,15.2,16.40625,99.0,38.0,21.0,1.0,90,2.0,0,0.0
C1,2225,-0.08329296912375136,139.1,82.69999999999999,1,13.2,16.40625,81.0,33.0,21.0,1.0,90,2.0,1,0.0
C1,2226,-0.21385204840702815,199.5,108.89999999999999,1,26.8,16.40625,114.0,67.0,21.0,1.0,90,3.0,2,0.0
C1,2227,0.40070356569969146,50.0,17.4,1,1.2,16.40625,6.0,3.0,21.0,1.0,90,1.0,0,0.0
C1,2228,0.40102651173054954,50.0,17.2,1,1.6,16.40625,5.0,4.0,21.0,1.0,90,1.0,0,0.0
C1,2229,-0.06044612093597376,128.70000000000002,82.0,1,10.0,16.40625,70.0,25.0,21.0,1.0,90,2.0,2,0.0
C1,2230,-0.19270277461716817,185.0,104.5,1,19.6,16.40625,132.0,49.0,21.0,1.0,90,2.0,1,0.0
C1,2231,-0.12182126472228402,150.4,98.3,1,6.4,16.40625,91.0,16.0,21.0,1.0,90,1.0,2,0.0
C1,2232,-0.03349149221199266,123.30000000000001,71.5,1,18.0,16.40625,78.0,45.0,21.0,1.0,90,3.0,0,0.0
C1,2233,-0.15767594786660283,167.6,81.8,1,13.6,16.40625,90.0,34.0,21.0,1.0,90,2.0,0,0.0
C1,2234,-0.11046801184240437,149.9,93.60000000000001,1,14.0,16.40625,92.0,35.0,21.0,1.0,90,2.0,2,0.0
C1,2235,-0.2098555872884706,184.9,102.9,1,8.8,16.40625,119.0,22.0,21.0,1.0,90,1.0,2,0.0
C1,2236,-0.1966703261187302,186.20000000000002,103.0,1,19.2,16.40625,119.0,48.0,21.0,1.0,90,2.0,1,0.0
C1,2237,-0.225616395577326,193.89999999999998,105.39999999999999,1,14.4,16.40625,101.0,36.0,21.0,1.0,90,2.0,0,0.0
C1,2238,0.5603890693923113,32.5,26.1,1,7.6,16.40625,24.0,19.0,21.0,1.0,90,3.0,2,0.0
C1,2239,0.5559819006822538,32.9,26.599999999999998,1,6.8,16.40625,24.0,17.0,21.0,1.0,90,3.0,2,0.0
C1,2240,0.6652003871959242,17.7,17.4,1,2.8,16.40625,7.0,7.0,21.0,1.0,90,3.0,2,0.0
C1,2241,0.4688286232378452,43.1,33.5,1,8.8,16.40625,35.0,22.0,21.0,1.0,90,3.0,1,0.0
C1,2242,0.55685909366471,32.800000000000004,26.0,1,6.8,16.40625,23.0,17.0,21.0,1.0,90,3.0,2,0.0
C1,2243,0.4575180422290716,43.8,34.5,1,4.0,16.40625,31.0,10.0,21.0,1.0,90,1.0,1,0.0
C1,2244,0.6670591094997571,17.8,17.4,1,4.8,16.40625,12.0,12.0,21.0,1.0,90,3.0,1,0.0
C1,2245,0.6645151185065423,17.6,17.3,1,2.0,16.40625,8.0,5.0,21.0,1.0,90,2.0,2,0.0
C1,2246,0.6648537330978317,18.5,17.4,1,2.4,16.40625,15.0,6.0,21.0,1.0,90,1.0,0,0.0
C1,2247,0.5578361892381827,32.2,24.299999999999997,1,2.4,16.40625,21.0,6.0,21.0,1.0,90,1.0,0,0.0
C1,2248,0.6670591094997571,17.5,17.3,1,4.8,16.40625,12.0,12.0,21.0,1.0,90,3.0,0,0.0
C1,2249,0.6645151185065423,18.1,17.4,1,2.0,16.40625,15.0,5.0,21.0,1.0,90,1.0,2,0.0
C1,2250,0.47070509694830087,43.0,33.2,1,9.6,16.40625,31.0,24.0,21.0,1.0,90,3.0,2,0.0
C1,2251,0.5626882723606523,32.4,25.7,1,8.8,16.40625,29.0,22.0,21.0,1.0,90,3.0,0,0.0
C1,2252,0.6645151185065423,17.8,17.3,1,2.0,16.40625,15.0,5.0,21.0,1.0,90,1.0,1,0.0
C1,2253,0.666289972053633,17.8,17.4,1,4.0,16.40625,17.0,10.0,21.0,1.0,90,2.0,1,0.0
C1,2254,0.553658090677918,32.599999999999994,25.3,1,1.6,16.40625,21.0,4.0,21.0,1.0,90,1.0,0,0.0
C1,2255,0.6682797526248165,17.9,17.5,1,6.0,16.40625,17.0,15.0,21.0,1.0,90,3.0,2,0.0
C1,2256,0.4551047076997977,44.4,34.8,1,6.8,16.40625,37.0,17.0,21.0,1.0,90,2.0,2,0.0
C1,2257,0.0061630752075423345,102.1,59.4,1,7.2,16.40625,53.0,18.0,21.0,1.0,90,2.0,1,0.0
C1,2258,0.5480113595972969,33.4,26.0,1,3.2,16.40625,23.0,8.0,21.0,1.0,90,1.0,2,0.0
C1,2259,-0.23975479775671588,198.1,111.3,1,12.4,16.40625,116.0,31.0,21.0,1.0,90,1.0,0,0.0
C1,2260,-0.21087633513235426,188.79999999999998,107.30000000000001,1,15.2,17.1875,113.0,38.0,22.0,1.0,90,2.0,1,0.0
C1,2261,-0.2341896857749156,193.1,103.7,1,6.4,16.40625,109.0,16.0,21.0,1.0,90,1.0,2,0.0
C1,2262,-0.028446870051630158,114.0,66.0,1,4.0,16.40625,68.0,10.0,21.0,1.0,90,1.0,1,0.0
C1,2263,0.03431770205999979,108.2,62.199999999999996,1,9.6,16.40625,61.0,24.0,21.0,1.0,70,2.0,2,0.0
C1,2264,-0.13731879270266206,198.9,110.3,1,27.6,16.40625,134.0,69.0,21.0,1.0,70,3.0,0,0.0
C1,2265,-0.1336669879231746,193.6,108.39999999999999,1,25.2,16.40625,113.0,63.0,21.0,1.0,70,3.0,2,0.0
C1,2266,0.695856543421489,19.3,17.8,1,2.8,16.40625,12.0,7.0,21.0,1.0,70,2.0,2,0.0
C1,2267,-0.00530764052807553,125.1,73.3,1,11.2,16.40625,73.0,28.0,21.0,1.0,70,2.0,1,0.0
C1,2268,-0.18732596659737105,196.20000000000002,111.0,1,12.8,16.40625,123.0,32.0,21.0,1.0,70,1.0,0,0.0
C1,2269,-0.211500510147885,198.2,110.2,1,26.4,16.40625,116.0,66.0,21.0,1.0,90,3.0,0,0.0
C1,2270,0.5555512643889068,32.5,25.9,1,2.8,16.40625,27.0,7.0,21.0,1.0,90,1.0,2,0.0
C1,2271,0.03403859354581819,90.39999999999999,51.8,1,4.4,16.40625,53.0,11.0,21.0,1.0,90,1.0,2,0.0
C1,2272,-0.18633997442665534,175.6,100.1,1,8.0,16.40625,109.0,20.0,21.0,1.0,90,1.0,0,0.0
C1,2273,0.02557553039072949,97.5,56.099999999999994,1,12.8,16.40625,55.0,32.0,21.0,1.0,90,3.0,2,0.0
C1,2274,-0.23683175891702912,200.0,106.80000000000001,1,17.2,16.40625,109.0,43.0,21.0,1.0,90,2.0,2,0.0
C1,2275,-0.05456376399837867,128.89999999999998,73.2,1,14.4,16.40625,77.0,36.0,21.0,1.0,90,2.0,1,0.0
C1,2276,-0.0590209290053178,129.20000000000002,77.39999999999999,1,12.0,16.40625,79.0,30.0,21.0,1.0,90,2.0,1,0.0
C1,2277,0.018509555277197942,96.60000000000001,54.699999999999996,1,5.2,16.40625,53.0,13.0,21.0,1.0,90,1.0,2,0.0
C1,2278,0.02298596196687079,94.60000000000001,51.4,1,4.4,16.40625,44.0,11.0,21.0,1.0,90,1.0,2,0.0
C1,2279,0.49135696407133056,39.9,33.300000000000004,1,3.6,16.40625,36.0,9.0,21.0,1.0,90,1.0,2,0.0
C1,2280,-0.10719212460603855,149.4,95.4,1,15.2,16.40625,95.0,38.0,21.0,1.0,90,2.0,2,0.0
C1,2281,0.6648537330978317,17.5,17.3,1,2.4,16.40625,11.0,6.0,21.0,1.0,90,2.0,2,0.0
C1,2282,0.08318679819378817,71.3,52.699999999999996,1,3.2,16.40625,50.0,8.0,21.0,1.0,90,1.0,0,0.0
C1,2283,0.6641844064673916,18.8,17.4,1,1.6,16.40625,5.0,4.0,21.0,1.0,90,3.0,0,0.0
C1,2284,-0.005171932769971299,105.30000000000001,58.2,1,4.4,16.40625,56.0,11.0,21.0,1.0,90,1.0,1,0.0
C1,2285,0.012456923698250577,98.9,56.800000000000004,1,5.2,16.40625,57.0,13.0,21.0,1.0,90,1.0,1,0.0
C1,2286,0.6655552192464198,18.1,17.6,1,3.2,16.40625,13.0,8.0,21.0,1.0,90,2.0,2,0.0
C1,2287,0.5537927703654353,33.099999999999994,25.8,1,6.4,16.40625,28.0,16.0,21.0,1.0,90,2.0,1,0.0
C1,2288,-0.025030979256424946,113.3,67.7,1,5.6,16.40625,65.0,14.0,21.0,1.0,90,1.0,1,0.0
C1,2289,0.5020810782049235,39.199999999999996,32.5,1,8.0,16.40625,33.0,20.0,21.0,1.0,90,3.0,0,0.0
C1,2290,-0.1016233162876555,146.3,86.4,1,13.6,16.40625,95.0,34.0,21.0,1.0,90,2.0,0,0.0
C1,2291,0.007985798702686814,102.5,53.400000000000006,1,9.6,16.40625,56.0,24.0,21.0,1.0,90,2.0,1,0.0
C1,2292,0.6638614604365336,17.6,17.3,1,1.2,16.40625,10.0,3.0,21.0,1.0,90,1.0,1,0.0
C1,2293,0.4634777926733996,43.3,33.5,1,5.6,16.40625,33.0,14.0,21.0,1.0,90,2.0,2,0.0
C1,2294,-0.010698248559444956,107.39999999999999,57.3,1,4.4,17.1875,54.0,11.0,22.0,1.0,90,1.0,0,0.0
C1,2295,-0.2354352539288922,195.0,108.60000000000001,1,9.6,16.40625,116.0,24.0,21.0,1.0,90,1.0,0,0.0
C1,2296,-0.22517209603415533,191.1,103.8,1,9.6,16.40625,90.0,24.0,21.0,1.0,90,1.0,0,0.0
C1,2297,0.5531116097346125,32.7,27.099999999999998,1,2.0,16.40625,21.0,5.0,21.0,1.0,90,1.0,0,0.0
C1,2298,0.6670591094997571,17.5,17.3,1,4.8,16.40625,14.0,12.0,21.0,1.0,90,3.0,0,0.0
C1,2299,-0.004145528384502661,110.5,64.10000000000001,1,15.6,16.40625,66.0,39.0,21.0,1.0,90,3.0,0,0.0
C1,2300,-0.053856580614813104,126.6,74.39999999999999,1,10.8,16.40625,77.0,27.0,21.0,1.0,90,2.0,0,0.0
C1,2301,-0.09741278997186598,144.7,86.8,1,13.6,16.40625,87.0,34.0,21.0,1.0,90,2.0,2,0.0
C1,2302,0.46368755308865167,43.8,34.4,1,9.6,16.40625,36.0,24.0,21.0,1.0,90,3.0,1,0.0
C1,2303,0.015901988018023824,99.3,58.3,1,9.2,16.40625,54.0,23.0,21.0,1.0,90,2.0,1,0.0
C1,2304,-0.243991737340287,200.4,104.6,1,13.6,16.40625,103.0,34.0,21.0,1.0,90,2.0,2,0.0
C1,2305,0.0275580183631033,96.3,52.5,1,12.0,16.40625,52.0,30.0,21.0,1.0,90,3.0,0,0.0
C1,2306,-0.00019815996345001752,109.0,62.0,1,15.6,16.40625,65.0,39.0,21.0,1.0,90,3.0,2,0.0
C1,2307,0.5564602488137504,32.7,26.0,1,5.6,16.40625,26.0,14.0,21.0,1.0,90,2.0,0,0.0
C1,2308,-0.10322862563353558,143.5,91.2,1,6.8,16.40625,95.0,17.0,21.0,1.0,90,1.0,0,0.0
C1,2309,0.020452755205208548,99.0,53.8,1,12.0,16.40625,57.0,30.0,21.0,1.0,90,3.0,0,0.0
C1,2310,-0.13778429321351027,156.79999999999998,96.19999999999999,1,7.2,16.40625,97.0,18.0,21.0,1.0,90,1.0,1,0.0
C1,2311,-0.23143453465689162,193.1,108.7,1,8.8,16.40625,105.0,22.0,21.0,1.0,90,1.0,1,0.0
C1,2312,-0.22412202367017037,188.79999999999998,106.5,1,5.2,16.40625,101.0,13.0,21.0,1.0,90,1.0,2,0.0
C1,2313,0.4003882500542819,50.0,17.3,1,0.8,16.40625,5.0,2.0,21.0,1.0,90,1.0,0,0.0
C1,2314,0.5551218578879745,32.9,26.1,1,6.0,16.40625,20.0,15.0,21.0,1.0,90,3.0,0,0.0
C1,2315,0.6645151185065423,18.0,17.5,1,2.0,16.40625,17.0,5.0,21.0,1.0,90,1.0,1,0.0
C1,2316,-0.06138935005794932,130.1,76.0,1,12.0,17.1875,77.0,30.0,22.0,1.0,90,2.0,1,0.0
C1,2317,-0.05254079114112889,126.1,73.2,1,10.8,16.40625,74.0,27.0,21.0,1.0,90,2.0,0,0.0
C1,2318,-0.1302262296622151,157.9,97.60000000000001,1,14.8,17.1875,91.0,37.0,22.0,1.0,90,2.0,1,0.0
C1,2319,0.03926883026285877,93.0,54.4,1,14.0,17.1875,56.0,35.0,22.0,1.0,90,3.0,0,0.0
C1,2320,-0.044894679977071056,192.0,105.7,1,24.4,16.40625,105.0,61.0,21.0,1.0,50,3.0,2,0.0
C1,2321,-0.030644004454999374,161.70000000000002,100.2,1,9.6,16.40625,125.0,24.0,21.0,1.0,50,1.0,2,0.0
C1,2322,0.012553510415911157,168.9,99.1,1,23.6,16.40625,93.0,59.0,21.0,1.0,50,3.0,1,0.0
C1,2323,0.4894065094559651,50.0,17.4,1,0.8,16.40625,6.0,2.0,21.0,1.0,50,1.0,0,0.0
C1,2324,0.12527812254472387,112.0,67.3,1,15.2,16.40625,66.0,38.0,21.0,1.0,50,3.0,2,0.0
C1,2325,0.5817105687879689,43.5,33.300000000000004,1,9.2,16.40625,32.0,23.0,21.0,1.0,50,3.0,0,0.0
C1,2326,0.0322333892454449,132.5,76.2,1,6.4,16.40625,77.0,16.0,21.0,1.0,50,1.0,1,0.0
C1,2327,0.06955063790606542,124.3,81.0,1,10.0,16.40625,70.0,25.0,21.0,1.0,50,2.0,0,0.0
C1,2328,-0.08139233503722529,135.9,85.2,1,8.4,16.40625,89.0,21.0,21.0,1.0,90,1.0,0,0.0
C1,2329,0.45863468342739894,44.1,33.4,1,7.6,16.40625,30.0,19.0,21.0,1.0,90,3.0,1,0.0
C1,2330,0.5457429289836112,33.7,27.3,1,3.6,16.40625,25.0,9.0,21.0,1.0,90,1.0,1,0.0
C1,2331,-0.1126557639003396,147.60000000000002,77.39999999999999,1,8.0,16.40625,80.0,20.0,21.0,1.0,90,1.0,0,0.0
C1,2332,-0.2121944131666877,199.7,106.5,1,27.6,16.40625,113.0,69.0,21.0,1.0,90,3.0,2,0.0
C1,2333,-0.1193606941713232,160.5,96.10000000000001,1,23.6,16.40625,95.0,59.0,21.0,1.0,90,3.0,1,0.0
C1,2334,-0.18745757106142447,190.29999999999998,106.30000000000001,1,27.6,16.40625,122.0,69.0,21.0,1.0,90,3.0,1,0.0
C1,2335,-0.01403744820890504,113.5,65.19999999999999,1,14.4,16.40625,65.0,36.0,21.0,1.0,90,3.0,1,0.0
C1,2336,-0.14559987637373878,162.1,94.0,1,12.0,16.40625,91.0,30.0,21.0,1.0,90,2.0,1,0.0
C1,2337,-0.11488748566618673,149.0,90.0,1,9.2,16.40625,88.0,23.0,21.0,1.0,90,1.0,1,0.0
C1,2338,0.6659183675801024,17.8,17.6,1,3.6,16.40625,9.0,9.0,21.0,1.0,90,3.0,2,0.0
C1,2339,0.027079445737843544,92.89999999999999,55.300000000000004,1,4.0,16.40625,54.0,10.0,21.0,1.0,90,1.0,2,0.0
C1,2340,-0.011031791038073474,108.3,62.7,1,6.4,16.40625,69.0,16.0,21.0,1.0,90,1.0,1,0.0
C1,2341,-0.07243961672243132,139.3,82.19999999999999,1,19.6,17.1875,87.0,49.0,22.0,1.0,90,3.0,0,0.0
C1,2342,-0.1474021076657821,165.20000000000002,102.1,1,16.0,16.40625,120.0,40.0,21.0,1.0,90,2.0,2,0.0
C1,2343,-0.15845770704045375,170.5,102.2,1,17.6,16.40625,110.0,44.0,21.0,1.0,90,2.0,0,0.0
C1,2344,-0.2209618437727079,190.1,107.1,1,10.8,16.40625,118.0,27.0,21.0,1.0,90,1.0,2,0.0
C1,2345,-0.01411930119102392,108.7,62.7,1,4.4,16.40625,66.0,11.0,21.0,1.0,90,1.0,1,0.0
C1,2346,0.08532146184180613,75.5,51.5,1,14.0,16.40625,50.0,35.0,21.0,1.0,90,3.0,2,0.0
C1,2347,-0.06656841275284764,137.7,89.80000000000001,1,20.4,16.40625,89.0,51.0,21.0,1.0,90,3.0,2,0.0
C1,2348,-0.034034229869196464,121.6,69.0,1,15.2,16.40625,62.0,38.0,21.0,1.0,90,3.0,1,0.0
C1,2349,0.6666701724931865,17.9,17.6,1,4.4,16.40625,18.0,11.0,21.0,1.0,90,2.0,2,0.0
C1,2350,0.02653457844918658,97.60000000000001,54.9,1,13.6,16.40625,59.0,34.0,21.0,1.0,90,3.0,2,0.0
C1,2351,-0.20650245821434515,195.89999999999998,107.30000000000001,1,26.0,16.40625,114.0,65.0,21.0,1.0,90,3.0,2,0.0
C1,2352,-0.13541332575027054,166.6,99.0,1,23.6,16.40625,97.0,59.0,21.0,1.0,90,3.0,1,0.0
C1,2353,0.5587754356510812,32.300000000000004,25.4,1,4.4,16.40625,22.0,11.0,21.0,1.0,90,2.0,1,0.0
C1,2354,0.5603678655945346,32.4,26.599999999999998,1,6.8,16.40625,21.0,17.0,21.0,1.0,90,3.0,1,0.0
C1,2355,0.6666701724931865,17.5,17.2,1,4.4,16.40625,12.0,11.0,21.0,1.0,90,3.0,0,0.0
C1,2356,0.6652003871959242,17.6,17.3,1,2.8,16.40625,13.0,7.0,21.0,1.0,90,2.0,0,0.0
C1,2357,0.6659183675801024,17.5,17.2,1,3.6,16.40625,11.0,9.0,21.0,1.0,90,3.0,0,0.0
C1,2358,0.666289972053633,17.5,17.2,1,4.0,16.40625,10.0,10.0,21.0,1.0,90,3.0,1,0.0
C1,2359,0.6670591094997571,17.6,17.3,1,4.8,16.40625,14.0,12.0,21.0,1.0,90,3.0,2,0.0
C1,2360,0.6645151185065423,17.7,17.3,1,2.0,16.40625,17.0,5.0,21.0,1.0,90,1.0,1,0.0
C1,2361,-0.04758236434611257,125.3,73.5,1,12.8,16.40625,79.0,32.0,21.0,1.0,90,2.0,0,0.0
C1,2362,0.12433942021168139,55.800000000000004,43.2,1,3.6,16.40625,40.0,9.0,21.0,1.0,90,1.0,1,0.0
C1,2363,0.5603890693923113,32.5,25.6,1,7.6,16.40625,27.0,19.0,21.0,1.0,90,3.0,0,0.0
C1,2364,0.6641844064673916,17.9,17.4,1,1.6,16.40625,11.0,4.0,21.0,1.0,90,1.0,1,0.0
C1,2365,0.6659183675801024,17.7,17.2,1,3.6,16.40625,14.0,9.0,21.0,1.0,90,2.0,2,0.0
C1,2366,0.5541517104744899,32.7,26.3,1,3.2,16.40625,26.0,8.0,21.0,1.0,90,1.0,0,0.0
C1,2367,0.6652003871959242,17.7,17.3,1,2.8,16.40625,19.0,7.0,21.0,1.0,90,1.0,2,0.0
C1,2368,0.5459021415818892,33.6,25.3,1,2.8,16.40625,23.0,7.0,21.0,1.0,90,1.0,0,0.0
C1,2369,0.6645151185065423,17.9,17.4,1,2.0,16.40625,12.0,5.0,21.0,1.0,90,1.0,0,0.0
C1,2370,0.6648537330978317,18.8,17.5,1,2.4,17.1875,18.0,6.0,22.0,1.0,90,1.0,0,0.0
C1,2371,0.5621222515594468,32.2,25.4,1,6.8,16.40625,24.0,17.0,21.0,1.0,90,3.0,1,0.0
C1,2372,-0.027438860633045237,121.0,74.2,1,18.0,16.40625,71.0,45.0,21.0,1.0,90,3.0,0,0.0
C1,2373,0.49135696407133056,39.9,33.5,1,3.6,16.40625,38.0,9.0,21.0,1.0,90,1.0,1,0.0
C1,2374,0.666289972053633,18.0,17.7,1,4.0,16.40625,11.0,10.0,21.0,1.0,90,3.0,1,0.0
C1,2375,0.5537927703654353,33.099999999999994,26.4,1,6.4,16.40625,24.0,16.0,21.0,1.0,90,3.0,1,0.0
C1,2376,-0.03806939209122309,118.1,60.400000000000006,1,5.2,16.40625,61.0,13.0,21.0,1.0,90,1.0,2,0.0
C1,2377,0.5531116097346125,32.7,25.0,1,2.0,16.40625,24.0,5.0,21.0,1.0,90,1.0,1,0.0
C1,2378,0.5582146347786627,32.5,25.2,1,5.6,16.40625,22.0,14.0,21.0,1.0,90,3.0,1,0.0
C1,2379,0.4480113595972969,44.8,33.300000000000004,1,3.2,16.40625,36.0,8.0,21.0,1.0,90,1.0,0,0.0
C1,2380,0.5573442360996603,32.9,27.099999999999998,1,8.0,16.40625,26.0,20.0,21.0,1.0,90,3.0,0,0.0
C1,2381,0.4594906726120784,43.9,33.8,1,6.8,16.40625,35.0,17.0,21.0,1.0,90,2.0,1,0.0
C1,2382,0.6678637575856803,17.9,17.7,1,5.6,16.40625,16.0,14.0,21.0,1.0,90,3.0,0,0.0
C1,2383,0.6655552192464198,18.2,17.7,1,3.2,16.40625,12.0,8.0,21.0,1.0,90,2.0,0,0.0
C1,2384,0.6641844064673916,18.4,17.8,1,1.6,16.40625,11.0,4.0,21.0,1.0,90,1.0,0,0.0
C1,2385,0.6678637575856803,18.0,17.7,1,5.6,16.40625,17.0,14.0,21.0,1.0,90,3.0,1,0.0
C1,2386,0.5539888027170687,32.599999999999994,25.8,1,2.0,16.40625,20.0,5.0,21.0,1.0,90,1.0,2,0.0
C1,2387,0.6641844064673916,17.9,17.7,1,1.6,16.40625,12.0,4.0,21.0,1.0,90,1.0,2,0.0
C1,2388,0.6648537330978317,18.8,17.9,1,2.4,16.40625,9.0,6.0,21.0,1.0,90,2.0,0,0.0
C1,2389,0.6641844064673916,18.4,17.7,1,1.6,16.40625,16.0,4.0,21.0,1.0,90,1.0,0,0.0
C1,2390,0.6682797526248165,18.1,17.7,1,6.0,16.40625,17.0,15.0,21.0,1.0,90,3.0,1,0.0
C1,2391,-0.04177166163239829,125.6,75.6,1,16.8,17.1875,73.0,42.0,22.0,1.0,90,3.0,0,0.0
C1,2392,0.10902756327455258,64.3,44.8,1,10.0,16.40625,44.0,25.0,21.0,1.0,90,3.0,2,0.0
C1,2393,0.4606942299412192,44.2,34.7,1,10.0,16.40625,36.0,25.0,21.0,1.0,90,3.0,1,0.0
C1,2394,0.02425974091704529,98.0,54.5,1,12.8,16.40625,58.0,32.0,21.0,1.0,90,3.0,0,0.0
C1,2395,-0.06997915945912614,130.70000000000002,74.0,1,6.4,16.40625,76.0,16.0,21.0,1.0,90,1.0,0,0.0
C1,2396,0.13140657727992366,56.2,41.9,1,10.8,16.40625,44.0,27.0,21.0,1.0,90,3.0,0,0.0
C1,2397,-0.11930190506609861,156.79999999999998,93.0,1,19.2,16.40625,95.0,48.0,21.0,1.0,90,3.0,0,0.0
C1,2398,0.5936253946850162,28.2,24.2,1,3.2,16.40625,20.0,8.0,21.0,1.0,90,2.0,1,0.0
C1,2399,0.6659183675801024,17.5,17.2,1,3.6,16.40625,15.0,9.0,21.0,1.0,90,2.0,1,0.0
C1,2400,-0.2025421377215641,194.0,108.39999999999999,1,25.6,16.40625,120.0,64.0,21.0,1.0,90,3.0,2,0.0
C1,2401,-0.2193564303255221,200.0,109.89999999999999,1,25.2,16.40625,114.0,63.0,21.0,1.0,90,3.0,2,0.0
C1,2402,0.06853149626017391,78.39999999999999,55.1,1,7.2,16.40625,50.0,18.0,21.0,1.0,90,2.0,0,0.0
C1,2403,0.025481946870239247,98.0,56.4,1,13.6,16.40625,59.0,34.0,21.0,1.0,90,3.0,1,0.0
C1,2404,-0.10703298584035018,153.4,92.0,1,20.8,16.40625,96.0,52.0,21.0,1.0,90,3.0,1,0.0
C1,2405,0.0059175571920381115,105.2,61.699999999999996,1,13.2,16.40625,61.0,33.0,21.0,1.0,90,3.0,2,0.0
C1,2406,0.5499414523960775,33.099999999999994,25.6,1,2.4,16.40625,27.0,6.0,21.0,1.0,90,1.0,1,0.0
C1,2407,0.6659183675801024,17.8,17.3,1,3.6,16.40625,15.0,9.0,21.0,1.0,90,2.0,0,0.0
C1,2408,-0.022255906718818302,113.8,65.10000000000001,1,9.2,16.40625,63.0,23.0,21.0,1.0,90,2.0,2,0.0
C1,2409,-0.2029435474620907,191.89999999999998,104.4,1,23.2,16.40625,111.0,58.0,21.0,1.0,90,3.0,2,0.0
C1,2410,-0.09515271426614189,140.6,85.7,1,7.2,16.40625,89.0,18.0,21.0,1.0,90,1.0,2,0.0
C1,2411,-0.05515062988649319,127.3,77.89999999999999,1,11.2,16.40625,74.0,28.0,21.0,1.0,90,2.0,0,0.0
C1,2412,0.5559060964394023,32.5,25.9,1,3.2,17.1875,27.0,8.0,22.0,1.0,90,1.0,0,0.0
C1,2413,0.4266356874102417,47.5,33.0,1,5.6,16.40625,31.0,14.0,21.0,1.0,90,2.0,2,0.0
C1,2414,0.427051682449378,47.5,34.0,1,6.0,16.40625,35.0,15.0,21.0,1.0,90,2.0,2,0.0
C1,2415,0.5560534149263208,32.7,26.5,1,5.2,16.40625,25.0,13.0,21.0,1.0,90,2.0,1,0.0
C1,2416,0.6645151185065423,17.5,17.2,1,2.0,16.40625,14.0,5.0,21.0,1.0,90,1.0,2,0.0
C1,2417,0.6641844064673916,17.6,17.3,1,1.6,16.40625,10.0,4.0,21.0,1.0,90,1.0,2,0.0
C1,2418,0.6659183675801024,17.5,17.2,1,3.6,16.40625,16.0,9.0,21.0,1.0,90,2.0,0,0.0
C1,2419,0.6674569236982506,17.6,17.3,1,5.2,16.40625,19.0,13.0,21.0,1.0,90,2.0,2,0.0
C1,2420,0.6641844064673916,17.7,17.4,1,1.6,16.40625,6.0,4.0,21.0,1.0,90,2.0,2,0.0
C1,2421,0.5483745079309796,33.4,26.3,1,3.6,16.40625,28.0,9.0,21.0,1.0,90,1.0,1,0.0
C1,2422,0.4560818032732704,43.8,32.599999999999994,1,2.4,16.40625,31.0,6.0,21.0,1.0,90,1.0,0,0.0
C1,2423,0.666289972053633,17.7,17.4,1,4.0,16.40625,12.0,10.0,21.0,1.0,90,3.0,0,0.0
C1,2424,0.7027210189426429,17.6,17.3,1,5.6,16.40625,17.0,14.0,21.0,1.0,70,3.0,0,0.0
C1,2425,0.6977445678438781,17.8,17.3,1,3.6,16.40625,9.0,9.0,21.0,1.0,70,3.0,0,0.0
C1,2426,0.6220965106388079,28.2,24.1,1,2.0,16.40625,23.0,5.0,21.0,1.0,70,1.0,0,0.0
C1,2427,0.6996909593573912,17.6,17.3,1,4.4,16.40625,18.0,11.0,21.0,1.0,70,2.0,1,0.0
C1,2428,0.692253329144211,17.5,17.2,1,1.2,16.40625,12.0,3.0,21.0,1.0,70,1.0,0,0.0
C1,2429,0.695856543421489,18.5,17.2,1,2.8,16.40625,9.0,7.0,21.0,1.0,70,2.0,1,0.0
C1,2430,0.6940263352002114,17.5,17.3,1,2.0,16.40625,18.0,5.0,21.0,1.0,70,1.0,0,0.0
C1,2431,0.5949887698558303,32.4,25.4,1,6.0,16.40625,21.0,15.0,21.0,1.0,70,3.0,2,0.0
C1,2432,0.6977445678438781,17.6,17.3,1,3.6,16.40625,17.0,9.0,21.0,1.0,70,2.0,0,0.0
C1,2433,0.7058847962659864,17.6,17.3,1,6.8,17.1875,17.0,17.0,22.0,1.0,70,3.0,2,0.0
C1,2434,0.6652003871959242,17.6,17.3,1,2.8,16.40625,13.0,7.0,21.0,1.0,90,2.0,1,0.0
C1,2435,0.6655552192464198,17.6,17.3,1,3.2,16.40625,13.0,8.0,21.0,1.0,90,2.0,1,0.0
C1,2436,0.45730565035381904,43.7,34.8,1,2.8,16.40625,30.0,7.0,21.0,1.0,90,1.0,2,0.0
C1,2437,0.6652003871959242,17.7,17.3,1,2.8,16.40625,19.0,7.0,21.0,1.0,90,1.0,0,0.0
C1,2438,0.8583972924502834,17.6,17.3,1,5.2,16.40625,15.0,13.0,21.0,1.0,30,3.0,0,0.0
C1,2439,0.7488629984367328,32.300000000000004,24.7,1,4.8,16.40625,20.0,12.0,21.0,1.0,30,2.0,1,0.0
C1,2440,0.8466688412521486,17.7,17.3,1,2.4,16.40625,18.0,6.0,21.0,1.0,30,1.0,2,0.0
C1,2441,0.19991563001568033,99.6,53.8,1,4.8,16.40625,56.0,12.0,21.0,1.0,30,1.0,0,0.0
C1,2442,0.7613392088771329,32.5,26.4,1,8.4,16.40625,25.0,21.0,21.0,1.0,30,3.0,0,0.0
C1,2443,0.8449503405842116,18.0,17.3,1,2.0,16.40625,12.0,5.0,21.0,1.0,30,1.0,2,0.0
C1,2444,0.8500762134230411,17.5,17.2,1,3.2,16.40625,9.0,8.0,21.0,1.0,30,3.0,2,0.0
C1,2445,0.7421814765809358,32.300000000000004,25.5,1,3.2,16.40625,28.0,8.0,21.0,1.0,30,1.0,0,0.0
C1,2446,0.7496253626257221,32.4,25.4,1,5.2,16.40625,27.0,13.0,21.0,1.0,30,2.0,2,0.0
C1,2447,0.7569217742354892,32.300000000000004,25.6,1,6.8,16.40625,22.0,17.0,21.0,1.0,30,3.0,0,0.0
C1,2448,0.8632336037393085,17.5,17.3,1,6.4,16.40625,18.0,16.0,21.0,1.0,30,3.0,2,0.0
C1,2449,0.8449503405842116,17.8,17.4,1,2.0,16.40625,11.0,5.0,21.0,1.0,30,1.0,0,0.0
C1,2450,0.8483776397808107,17.9,17.4,1,2.8,16.40625,8.0,7.0,21.0,1.0,30,3.0,2,0.0
C1,2451,0.1884588918332135,111.60000000000001,64.69999999999999,1,10.0,16.40625,65.0,25.0,21.0,1.0,30,2.0,0,0.0
C1,2452,0.843222663187408,17.9,17.3,1,1.6,16.40625,16.0,4.0,21.0,1.0,30,1.0,1,0.0
C1,2453,0.7395498976335675,32.599999999999994,25.4,1,3.2,16.40625,29.0,8.0,21.0,1.0,30,1.0,1,0.0
C1,2454,0.7438692978841719,32.300000000000004,25.2,1,3.6,16.40625,25.0,9.0,21.0,1.0,30,1.0,0,0.0
C1,2455,0.7570932528621155,32.099999999999994,25.3,1,6.4,16.40625,20.0,16.0,21.0,1.0,30,3.0,1,0.0
C1,2456,0.7421149119192598,32.5,26.200000000000003,1,3.6,16.40625,20.0,9.0,21.0,1.0,30,2.0,1,0.0
C1,2457,0.7496253626257221,32.4,25.1,1,5.2,16.40625,28.0,13.0,21.0,1.0,30,2.0,1,0.0
C1,2458,0.8632336037393085,17.9,17.5,1,6.4,16.40625,18.0,16.0,21.0,1.0,30,3.0,2,0.0
C1,2459,0.6940263352002114,17.8,17.6,1,2.0,16.40625,15.0,5.0,21.0,1.0,70,1.0,0,0.0
C1,2460,0.6949342494879829,17.8,17.5,1,2.4,16.40625,19.0,6.0,21.0,1.0,70,1.0,0,0.0
C1,2461,0.5853897841832374,32.7,25.2,1,3.2,16.40625,24.0,8.0,21.0,1.0,70,1.0,1,0.0
C1,2462,0.5845866731070359,32.9,27.3,1,3.6,16.40625,20.0,9.0,21.0,1.0,70,2.0,2,0.0
C1,2463,0.7037606996803916,17.6,17.3,1,6.0,16.40625,17.0,15.0,21.0,1.0,70,3.0,0,0.0
C1,2464,0.695856543421489,17.6,17.2,1,2.8,16.40625,11.0,7.0,21.0,1.0,70,2.0,0,0.0
C1,2465,0.695856543421489,18.2,17.7,1,2.8,17.1875,10.0,7.0,22.0,1.0,70,2.0,2,0.0
C1,2466,0.5945232415977073,33.2,26.700000000000003,1,8.4,16.40625,29.0,21.0,21.0,1.0,70,3.0,2,0.0
C1,2467,0.6931327226609154,18.599999999999998,17.5,1,1.6,16.40625,15.0,4.0,21.0,1.0,70,1.0,0,0.0
C1,2468,0.6987104359868719,17.7,17.4,1,4.0,16.40625,19.0,10.0,21.0,1.0,70,2.0,0,0.0
C1,2469,0.5910370733320589,32.5,26.0,1,4.8,16.40625,26.0,12.0,21.0,1.0,70,2.0,2,0.0
C1,2470,0.6996909593573912,17.8,17.5,1,4.4,16.40625,18.0,11.0,21.0,1.0,70,2.0,1,0.0
C1,2471,0.5001740065663336,43.7,33.4,1,7.6,16.40625,30.0,19.0,21.0,1.0,70,3.0,2,0.0
C1,2472,0.5913175101707131,32.7,25.2,1,5.6,16.40625,20.0,14.0,21.0,1.0,70,3.0,1,0.0
C1,2473,0.7027210189426429,17.5,17.2,1,5.6,16.40625,16.0,14.0,21.0,1.0,70,3.0,0,0.0
C1,2474,0.758951238880883,17.5,17.2,1,2.4,16.40625,19.0,6.0,21.0,1.0,50,1.0,0,0.0
C1,2475,0.768857770442213,17.6,17.3,1,4.8,16.40625,13.0,12.0,21.0,1.0,50,3.0,1,0.0
C1,2476,0.6591400255904911,32.7,27.400000000000002,1,5.2,16.40625,26.0,13.0,21.0,1.0,50,2.0,2,0.0
C1,2477,0.6582033525594357,33.0,25.7,1,5.6,16.40625,21.0,14.0,21.0,1.0,50,3.0,2,0.0
C1,2478,0.6633737401226378,32.800000000000004,26.200000000000003,1,6.4,16.40625,23.0,16.0,21.0,1.0,50,3.0,0,0.0
C1,2479,0.6650681454446281,33.0,26.4,1,7.2,16.40625,26.0,18.0,21.0,1.0,50,3.0,0,0.0
C1,2480,0.757337347487159,17.7,17.4,1,2.0,16.40625,16.0,5.0,21.0,1.0,50,1.0,0,0.0
C1,2481,0.17094533842708443,81.10000000000001,44.0,1,7.2,16.40625,45.0,18.0,21.0,1.0,50,2.0,1,0.0
C1,2482,0.638646362794689,33.9,27.099999999999998,1,2.8,16.40625,27.0,7.0,21.0,1.0,50,1.0,1,0.0
C1,2483,0.6685425781730583,33.2,25.3,1,8.4,16.40625,29.0,21.0,21.0,1.0,50,3.0,1,0.0
C1,2484,0.7655148417576507,17.9,17.5,1,4.0,16.40625,11.0,10.0,21.0,1.0,50,3.0,1,0.0
C1,2485,0.7655148417576507,17.9,17.3,1,4.0,16.40625,16.0,10.0,21.0,1.0,50,2.0,0,0.0
C1,2486,0.757337347487159,17.9,17.4,1,2.0,16.40625,15.0,5.0,21.0,1.0,50,1.0,2,0.0
C1,2487,0.6475477301089532,32.7,25.3,1,2.4,16.40625,23.0,6.0,21.0,1.0,50,1.0,1,0.0
C1,2488,0.7791032331639265,17.8,17.4,1,7.2,16.40625,19.0,18.0,21.0,1.0,50,3.0,1,0.0
C1,2489,0.6532341400032649,32.800000000000004,27.099999999999998,1,4.0,16.40625,21.0,10.0,21.0,1.0,50,2.0,0,0.0
C1,2490,0.6504367178106341,33.5,25.8,1,4.8,16.40625,22.0,12.0,21.0,1.0,50,2.0,2,0.0
C1,2491,0.543302259767861,44.4,33.099999999999994,1,2.0,16.40625,32.0,5.0,21.0,1.0,50,1.0,0,0.0
C1,2492,0.6659713942592669,32.7,26.5,1,6.8,16.40625,23.0,17.0,21.0,1.0,50,3.0,1,0.0
C1,2493,0.757337347487159,17.6,17.3,1,2.0,16.40625,18.0,5.0,21.0,1.0,50,1.0,0,0.0
C1,2494,0.7722384402787341,17.6,17.3,1,5.6,16.40625,16.0,14.0,21.0,1.0,50,3.0,2,0.0
C1,2495,0.6519336950212338,32.2,24.8,1,2.4,16.40625,20.0,6.0,21.0,1.0,50,1.0,1,0.0
C1,2496,0.0511858086997868,124.0,73.5,1,5.6,16.40625,71.0,14.0,21.0,1.0,50,1.0,0,0.0
C1,2497,0.6449161511615846,33.0,26.4,1,2.4,16.40625,21.0,6.0,21.0,1.0,50,1.0,2,0.0
C1,2498,0.07028256813139741,128.1,84.3,1,12.4,16.40625,75.0,31.0,21.0,1.0,50,2.0,2,0.0
C1,2499,0.15892455835629216,95.10000000000001,53.900000000000006,1,12.8,16.40625,57.0,32.0,21.0,1.0,50,3.0,0,0.0
C1,2500,-0.006559420104911645,176.8,103.5,1,30.0,40.0,100.0,1500.0,2000.0,1.0,50,1.0,0,0.0
C1,2501,0.6575323194627283,32.5,26.0,1,4.4,16.40625,26.0,11.0,21.0,1.0,50,2.0,2,0.0
C1,2502,0.7557347567600108,17.7,17.3,1,1.6,16.40625,5.0,4.0,21.0,1.0,50,3.0,0,0.0
C1,2503,0.4282301737168955,50.0,17.4,1,0.8,16.40625,3.0,2.0,21.0,1.0,70,1.0,2,0.0
C1,2504,0.6931327226609154,17.7,17.2,1,1.6,16.40625,11.0,4.0,21.0,1.0,70,1.0,2,0.0
C1,2505,0.6931327226609154,17.4,17.1,1,1.6,16.40625,5.0,4.0,21.0,1.0,70,3.0,2,0.0
C1,2506,0.6940263352002114,17.8,17.3,1,2.0,16.40625,15.0,5.0,21.0,1.0,70,1.0,2,0.0
C1,2507,0.6931327226609154,18.1,17.5,1,1.6,16.40625,14.0,4.0,21.0,1.0,70,1.0,1,0.0
C1,2508,0.4282301737168955,50.0,17.2,1,0.8,16.40625,2.0,2.0,21.0,1.0,70,3.0,0,0.0
C1,2509,0.4290954344073689,50.0,17.3,1,1.2,16.40625,3.0,3.0,21.0,1.0,70,3.0,1,0.0
C1,2510,0.6987104359868719,17.5,17.2,1,4.0,16.40625,12.0,10.0,21.0,1.0,70,3.0,0,0.0
C1,2511,0.6996909593573912,17.7,17.3,1,4.4,16.40625,13.0,11.0,21.0,1.0,70,3.0,2,0.0
C1,2512,0.6940263352002114,17.7,17.2,1,2.0,16.40625,5.0,5.0,21.0,1.0,70,3.0,0,0.0
C1,2513,0.6977445678438781,17.6,17.3,1,3.6,16.40625,14.0,9.0,21.0,1.0,70,2.0,1,0.0
C1,2514,0.4290954344073689,50.0,17.4,1,1.2,16.40625,3.0,3.0,21.0,1.0,70,3.0,1,0.0
C1,2515,0.4290954344073689,50.0,17.4,1,1.2,16.40625,8.0,3.0,21.0,1.0,70,1.0,2,0.0
C1,2516,0.5826064068714418,32.599999999999994,26.1,1,1.6,16.40625,21.0,4.0,21.0,1.0,70,1.0,2,0.0
C1,2517,0.6931327226609154,17.5,17.2,1,1.6,16.40625,5.0,4.0,21.0,1.0,70,2.0,1,0.0
C1,2518,0.6931327226609154,17.6,17.2,1,1.6,16.40625,14.0,4.0,21.0,1.0,70,1.0,1,0.0
C1,2519,0.5835758416671029,32.800000000000004,25.8,1,2.8,16.40625,26.0,7.0,21.0,1.0,70,1.0,0,0.0
C1,2520,0.6949342494879829,17.9,17.5,1,2.4,16.40625,11.0,6.0,21.0,1.0,70,2.0,0,0.0
C1,2521,0.5936686522794272,32.2,25.4,1,4.8,17.1875,24.0,12.0,22.0,1.0,70,2.0,2,0.0
C1,2522,0.7037606996803916,17.5,17.3,1,6.0,16.40625,16.0,15.0,21.0,1.0,70,3.0,2,0.0
C1,2523,0.6949342494879829,17.6,17.3,1,2.4,16.40625,7.0,6.0,21.0,1.0,70,3.0,1,0.0
C1,2524,0.6967932929551672,17.5,17.3,1,3.2,17.1875,8.0,8.0,22.0,1.0,70,3.0,2,0.0
C1,2525,0.5999517310482443,32.2,25.8,1,7.2,16.40625,23.0,18.0,21.0,1.0,70,3.0,2,0.0
C1,2526,0.6977445678438781,17.6,17.3,1,3.6,16.40625,14.0,9.0,21.0,1.0,70,2.0,1,0.0
C1,2527,0.695856543421489,17.3,17.1,1,2.8,16.40625,11.0,7.0,21.0,1.0,70,2.0,0,0.0
C1,2528,0.7577989672179453,32.2,25.4,1,6.8,16.40625,20.0,17.0,21.0,1.0,30,3.0,1,0.0
C1,2529,0.5971086124718206,49.6,40.2,1,4.8,16.40625,49.0,12.0,21.0,1.0,30,1.0,2,0.0
C1,2530,0.8449503405842116,17.4,17.2,1,2.0,16.40625,13.0,5.0,21.0,1.0,30,1.0,2,0.0
C1,2531,0.18135362867531876,114.3,65.8,1,10.0,16.40625,64.0,25.0,21.0,1.0,30,2.0,0,0.0
C1,2532,0.6448130555283043,43.4,33.300000000000004,1,3.2,16.40625,36.0,8.0,21.0,1.0,30,1.0,0,0.0
C1,2533,0.28544824525259316,65.19999999999999,50.2,1,3.6,16.40625,50.0,9.0,21.0,1.0,30,1.0,0,0.0
C1,2534,0.31019885799993996,63.1,42.2,1,8.4,16.40625,48.0,21.0,21.0,1.0,30,2.0,1,0.0
C1,2535,0.17924836551742404,115.1,65.9,1,10.0,16.40625,65.0,25.0,21.0,1.0,30,2.0,2,0.0
C1,2536,0.00973684210526321,194.3,109.10000000000001,1,28.4,17.1875,131.0,71.0,22.0,1.0,30,3.0,2,0.0
C1,2537,0.015263157894736867,192.20000000000002,105.39999999999999,1,20.4,16.40625,133.0,51.0,21.0,1.0,30,2.0,1,0.0
C1,2538,0.15528663068706874,117.8,74.6,1,5.6,16.40625,68.0,14.0,21.0,1.0,30,1.0,2,0.0
C1,2539,0.06510159343550856,102.3,57.0,1,14.4,16.40625,55.0,36.0,21.0,1.0,70,3.0,0,0.0
C1,2540,0.5925345788374667,32.800000000000004,26.200000000000003,1,6.4,16.40625,27.0,16.0,21.0,1.0,70,2.0,2,0.0
C1,2541,0.07109508603420793,98.0,55.1,1,12.8,16.40625,53.0,32.0,21.0,1.0,70,3.0,1,0.0
C1,2542,0.7006861961390762,17.5,17.3,1,4.8,16.40625,13.0,12.0,21.0,1.0,70,3.0,2,0.0
C1,2543,0.5939490891180816,32.4,26.3,1,5.6,16.40625,26.0,14.0,21.0,1.0,70,2.0,0,0.0
C1,2544,0.6949342494879829,17.5,17.2,1,2.4,16.40625,16.0,6.0,21.0,1.0,70,1.0,2,0.0
C1,2545,0.5960433507672913,32.4,26.4,1,6.4,16.40625,21.0,16.0,21.0,1.0,70,3.0,0,0.0
C1,2546,0.5256811048249976,39.4,32.7,1,2.8,16.40625,32.0,7.0,21.0,1.0,70,1.0,1,0.0
C1,2547,0.591796222515286,32.300000000000004,25.9,1,4.4,16.40625,24.0,11.0,21.0,1.0,70,2.0,0,0.0
C1,2548,0.6977445678438781,17.8,17.5,1,3.6,16.40625,15.0,9.0,21.0,1.0,70,2.0,0,0.0
C1,2549,0.6001740065663335,32.300000000000004,25.8,1,7.6,16.40625,29.0,19.0,21.0,1.0,70,3.0,2,0.0
C1,2550,0.5882874505854614,32.7,26.0,1,4.4,16.40625,22.0,11.0,21.0,1.0,70,2.0,2,0.0
C1,2551,0.11428701546986533,74.0,43.5,1,6.0,16.40625,42.0,15.0,21.0,1.0,70,2.0,1,0.0
C1,2552,0.054516558270389356,105.30000000000001,58.5,1,13.6,17.1875,54.0,34.0,22.0,1.0,70,3.0,0,0.0
C1,2553,-0.12834456347750306,166.2,91.30000000000001,1,6.0,16.40625,99.0,15.0,21.0,1.0,70,1.0,1,0.0
C1,2554,-0.19765888579415647,194.6,105.6,1,8.0,16.40625,101.0,20.0,21.0,1.0,70,1.0,0,0.0
C1,2555,0.0638256639600367,96.10000000000001,53.5,1,8.8,16.40625,58.0,22.0,21.0,1.0,70,2.0,2,0.0
C1,2556,-0.14302977069541806,199.1,108.89999999999999,1,26.4,16.40625,124.0,66.0,21.0,1.0,70,3.0,2,0.0
C1,2557,0.05495411725212819,95.0,55.800000000000004,1,4.4,16.40625,58.0,11.0,21.0,1.0,70,1.0,2,0.0
C1,2558,0.5969205437497473,32.300000000000004,25.3,1,6.4,16.40625,23.0,16.0,21.0,1.0,70,3.0,0,0.0
C1,2559,0.6967932929551672,17.5,17.2,1,3.2,16.40625,14.0,8.0,21.0,1.0,70,2.0,2,0.0
C1,2560,0.7016961988277453,17.4,17.1,1,5.2,16.40625,15.0,13.0,21.0,1.0,70,3.0,0,0.0
