Cluster,Step,Reward,Latency_P90,Latency_Avg,Replicas,CPU_Pct,RAM_Pct,Requests,Total_CPU,Total_RAM,Success,HPA_Target,Throughput,Enhancement,Forecast
C2,1,0.6578264770397262,29.0,20.8,3,1.0666667,15.364583,26.0,8.0,59.0,1.0,50,1.0,0,0.0
C2,2,0.7525644041928072,18.5,17.7,3,0.8,15.625,5.0,6.0,60.0,1.0,50,2.0,2,0.0
C2,3,0.4894065094559651,50.0,17.7,3,0.8,15.364583,3.0,6.0,59.0,1.0,50,3.0,2,0.0
C2,4,0.7562676834754172,18.0,17.6,3,1.7333333,15.364583,11.0,13.0,59.0,1.0,50,3.0,1,0.0
C2,5,0.4878391920465357,50.0,17.6,3,0.4,15.364583,5.0,3.0,59.0,1.0,50,1.0,1,0.0
C2,6,0.7553963350155761,18.2,17.7,1,5.6,17.1875,15.0,14.0,22.0,1.0,50,3.0,1,0.0
C2,7,0.8500762134230411,18.0,17.6,1,3.2,16.40625,14.0,8.0,21.0,1.0,30,2.0,1,0.0
C2,8,0.5765839711106497,50.0,18.3,1,0.8,16.40625,2.0,2.0,21.0,1.0,30,2.0,1,0.0
C2,9,0.5765839711106497,50.0,17.7,1,0.8,17.1875,3.0,2.0,22.0,1.0,30,1.0,2,0.0
C2,10,0.8449503405842114,18.3,17.7,1,2.0,17.1875,12.0,5.0,22.0,1.0,30,1.0,2,0.0
C2,11,0.8500762134230411,18.4,17.9,1,3.2,16.40625,13.0,8.0,21.0,1.0,30,2.0,1,0.0
C2,12,0.8466688412521486,18.3,17.6,1,2.4,16.40625,5.0,6.0,21.0,1.0,30,3.0,1,0.0
C2,13,0.8500762134230411,18.4,17.8,1,3.2,16.40625,14.0,8.0,21.0,1.0,30,2.0,1,0.0
C2,14,0.5783284365275948,50.0,17.7,1,1.2,16.40625,3.0,3.0,21.0,1.0,30,2.0,0,0.0
C2,15,0.5783284365275948,50.0,17.5,1,1.2,16.40625,8.0,3.0,21.0,1.0,30,1.0,2,0.0
C2,16,0.754558096490799,33.099999999999994,27.2,1,8.0,16.40625,21.0,20.0,21.0,1.0,30,3.0,1,0.0
C2,17,0.843222663187408,18.2,17.9,1,1.6,16.40625,5.0,4.0,21.0,1.0,30,2.0,1,0.0
C2,18,0.8583972924502834,18.2,17.9,1,5.2,16.40625,14.0,13.0,21.0,1.0,30,3.0,0,0.0
C2,19,0.7264934026556573,33.7,26.8,1,2.4,16.40625,26.0,6.0,21.0,1.0,30,1.0,1,0.0
C2,20,0.843222663187408,19.5,17.8,1,1.6,16.40625,11.0,4.0,21.0,1.0,30,1.0,0,0.0
C2,21,0.755167388270577,32.5,26.3,1,6.8,16.40625,24.0,17.0,21.0,1.0,30,3.0,0,0.0
C2,22,0.8616357506885648,18.2,17.8,1,6.0,16.40625,16.0,15.0,21.0,1.0,30,3.0,1,0.0
C2,23,0.8483776397808107,18.2,17.8,1,2.8,16.40625,7.0,7.0,21.0,1.0,30,3.0,0,0.0
C2,24,0.580064768450566,50.0,17.9,1,1.6,16.40625,8.0,4.0,21.0,1.0,30,1.0,2,0.0
C2,25,0.7527072879498349,32.599999999999994,27.099999999999998,1,6.4,16.40625,23.0,16.0,21.0,1.0,30,3.0,2,0.0
C2,26,0.8583972924502834,17.9,17.6,1,5.2,16.40625,14.0,13.0,21.0,1.0,30,3.0,0,0.0
C2,27,0.8534405798950884,17.9,17.5,1,4.0,16.40625,11.0,10.0,21.0,1.0,30,3.0,1,0.0
C2,28,0.742479613143209,33.4,26.9,1,5.6,16.40625,20.0,14.0,21.0,1.0,30,3.0,1,0.0
C2,29,0.25617490649290753,89.0,48.099999999999994,1,12.4,16.40625,49.0,31.0,21.0,1.0,30,3.0,2,0.0
C2,30,0.8583972924502834,18.1,17.7,1,5.2,16.40625,13.0,13.0,21.0,1.0,30,3.0,1,0.0
C2,31,0.17267442595002394,119.2,71.4,1,11.2,16.40625,64.0,28.0,21.0,1.0,30,2.0,1,0.0
C2,32,0.6656755458680579,44.4,34.8,1,10.8,16.40625,36.0,27.0,21.0,1.0,30,3.0,1,0.0
C2,33,0.31690619745399606,66.9,50.6,1,13.2,16.40625,50.0,33.0,21.0,1.0,30,3.0,0,0.0
C2,34,0.25722561463106375,83.8,49.2,1,8.8,16.40625,48.0,22.0,21.0,1.0,30,2.0,1,0.0
C2,35,0.1785929739937843,114.8,74.89999999999999,1,9.6,16.40625,65.0,24.0,21.0,1.0,30,2.0,2,0.0
C2,36,-0.0352203108920813,198.2,112.10000000000001,1,11.2,17.1875,131.0,28.0,22.0,1.0,30,1.0,1,0.0
C2,37,-0.05022031089208126,203.9,118.5,1,11.2,16.40625,133.0,28.0,21.0,1.0,30,1.0,2,0.0
C2,38,0.1987761020772681,116.5,69.4,1,17.6,16.40625,68.0,44.0,21.0,1.0,30,3.0,0,0.0
C2,39,0.17984216410547477,106.6,63.4,1,4.4,16.40625,55.0,11.0,21.0,1.0,30,1.0,2,0.0
C2,40,0.7606984473679921,32.4,26.0,1,8.0,16.40625,27.0,20.0,21.0,1.0,30,3.0,0,0.0
C2,41,0.20273690094758,97.9,62.199999999999996,1,4.4,16.40625,53.0,11.0,21.0,1.0,30,1.0,1,0.0
C2,42,0.7006861961390762,18.1,17.7,1,4.8,16.40625,13.0,12.0,21.0,1.0,70,3.0,1,0.0
C2,43,0.5995340966619839,32.5,26.200000000000003,1,8.0,16.40625,26.0,20.0,21.0,1.0,70,3.0,1,0.0
C2,44,0.6977445678438781,17.9,17.7,1,3.6,16.40625,16.0,9.0,21.0,1.0,70,2.0,0,0.0
C2,45,0.5826228264282816,32.7,26.3,1,2.0,16.40625,21.0,5.0,21.0,1.0,70,1.0,1,0.0
C2,46,0.4213407380731173,47.800000000000004,33.8,1,2.8,16.40625,32.0,7.0,21.0,1.0,90,1.0,1,0.0
C2,47,0.5521468287980028,33.099999999999994,27.400000000000002,1,4.8,16.40625,24.0,12.0,21.0,1.0,90,2.0,1,0.0
C2,48,0.6659183675801024,17.9,17.6,1,3.6,16.40625,15.0,9.0,21.0,1.0,90,2.0,1,0.0
C2,49,0.5541517104744899,32.7,25.6,1,3.2,16.40625,29.0,8.0,21.0,1.0,90,1.0,1,0.0
C2,50,0.5473719268791515,33.6,25.9,1,4.4,16.40625,22.0,11.0,21.0,1.0,90,2.0,1,0.0
C2,51,0.028196086936170844,93.89999999999999,49.8,1,7.6,16.40625,42.0,19.0,21.0,1.0,90,2.0,0,0.0
C2,52,0.027478864681226525,94.0,59.7,1,7.2,17.1875,54.0,18.0,22.0,1.0,90,2.0,1,0.0
C2,53,-0.18760535348681212,186.79999999999998,104.7,1,24.0,16.40625,99.0,60.0,21.0,1.0,90,3.0,0,0.0
C2,54,-0.23646595732921782,205.0,115.3,1,23.6,16.40625,101.0,59.0,21.0,1.0,90,3.0,0,0.0
C2,55,-0.003760756089856876,106.39999999999999,62.4,1,8.4,16.40625,58.0,21.0,21.0,1.0,90,2.0,2,0.0
C2,56,-0.24406245876965682,205.8,116.6,1,21.2,16.40625,124.0,53.0,21.0,1.0,90,2.0,1,0.0
C2,57,0.010218788975502408,103.8,63.6,1,13.6,16.40625,58.0,34.0,21.0,1.0,90,3.0,2,0.0
C2,58,0.5542990289614085,32.9,27.0,1,5.2,16.40625,23.0,13.0,21.0,1.0,90,2.0,2,0.0
C2,59,0.6670591094997571,18.1,17.6,1,4.8,16.40625,14.0,12.0,21.0,1.0,90,3.0,1,0.0
C2,60,0.6501493187480933,21.6,18.700000000000003,1,1.6,16.40625,15.0,4.0,21.0,1.0,90,1.0,0,0.0
C2,61,0.004974182579948833,101.3,53.1,1,4.0,16.40625,45.0,10.0,21.0,1.0,90,1.0,0,0.0
C2,62,0.5494109135117138,33.2,26.5,1,2.8,16.40625,27.0,7.0,21.0,1.0,90,1.0,0,0.0
C2,63,0.42448485794523083,48.099999999999994,36.4,1,8.4,16.40625,30.0,21.0,21.0,1.0,90,3.0,1,0.0
C2,64,0.5581806190671914,32.7,26.8,1,7.2,17.1875,25.0,18.0,22.0,1.0,90,3.0,1,0.0
C2,65,0.6641844064673916,18.0,17.6,1,1.6,16.40625,13.0,4.0,21.0,1.0,90,1.0,0,0.0
C2,66,0.5556556007278273,32.7,26.200000000000003,1,4.8,16.40625,23.0,12.0,21.0,1.0,90,2.0,2,0.0
C2,67,-0.20443549201119748,182.29999999999998,102.1,1,7.6,16.40625,95.0,19.0,21.0,1.0,90,1.0,2,0.0
C2,68,-0.1874880524638411,180.7,106.1,1,16.4,16.40625,95.0,41.0,21.0,1.0,90,2.0,2,0.0
C2,69,-0.03225589304438792,118.6,76.8,1,11.2,16.40625,63.0,28.0,21.0,1.0,90,2.0,2,0.0
C2,70,-0.2419125448435716,202.5,112.69999999999999,1,18.0,17.96875,111.0,45.0,23.0,1.0,90,2.0,1,0.0
C2,71,-0.24176191040965794,197.6,110.0,1,10.0,16.40625,124.0,25.0,21.0,1.0,90,1.0,2,0.0
C2,72,-0.1549210332208411,172.6,100.8,1,22.0,16.40625,95.0,55.0,21.0,1.0,90,3.0,0,0.0
C2,73,0.4241847088957383,47.6,34.4,1,4.0,16.40625,32.0,10.0,21.0,1.0,90,1.0,1,0.0
C2,74,-0.08035405388033795,141.4,90.39999999999999,1,18.4,16.40625,83.0,46.0,21.0,1.0,90,3.0,2,0.0
C2,75,-0.24665549293196215,198.7,118.8,1,8.4,16.40625,108.0,21.0,21.0,1.0,90,1.0,0,0.0
C2,76,0.07286891942205406,75.5,46.4,1,4.0,16.40625,46.0,10.0,21.0,1.0,90,1.0,2,0.0
C2,77,-0.08829296912375134,141.0,90.7,1,13.2,16.40625,82.0,33.0,21.0,1.0,90,2.0,1,0.0
C2,78,-0.08154075516909229,135.6,84.4,1,7.6,17.1875,70.0,19.0,22.0,1.0,90,1.0,1,0.0
C2,79,-0.08897253970439628,147.2,93.0,1,21.6,16.40625,84.0,54.0,21.0,1.0,90,3.0,0,0.0
C2,80,-0.05293199449446184,132.20000000000002,82.5,1,20.0,16.40625,71.0,50.0,21.0,1.0,90,3.0,0,0.0
C2,81,0.05057553039072951,88.0,56.2,1,12.8,16.40625,50.0,32.0,21.0,1.0,90,3.0,0,0.0
C2,82,0.5564284573713629,32.4,26.3,1,2.8,16.40625,20.0,7.0,21.0,1.0,90,1.0,1,0.0
C2,83,0.6641844064673916,17.9,17.6,1,1.6,16.40625,5.0,4.0,21.0,1.0,90,2.0,1,0.0
C2,84,0.6655552192464198,18.0,17.6,1,3.2,16.40625,12.0,8.0,21.0,1.0,90,2.0,2,0.0
C2,85,0.6682797526248165,18.2,17.8,1,6.0,16.40625,16.0,15.0,21.0,1.0,90,3.0,0,0.0
C2,86,0.6687050510671897,18.2,17.8,1,6.4,16.40625,18.0,16.0,21.0,1.0,90,3.0,2,0.0
C2,87,0.6641844064673916,18.2,17.7,1,1.6,16.40625,10.0,4.0,21.0,1.0,90,1.0,1,0.0
C2,88,0.6659183675801024,18.1,17.7,1,3.6,16.40625,15.0,9.0,21.0,1.0,90,2.0,2,0.0
C2,89,0.6670591094997571,18.2,17.8,1,4.8,16.40625,14.0,12.0,21.0,1.0,90,3.0,2,0.0
C2,90,0.6652003871959242,18.2,17.8,1,2.8,16.40625,12.0,7.0,21.0,1.0,90,2.0,1,0.0
C2,91,0.5586953842610203,32.800000000000004,26.8,1,8.4,16.40625,27.0,21.0,21.0,1.0,90,3.0,1,0.0
C2,92,0.6652003871959242,19.2,17.8,1,2.8,16.40625,11.0,7.0,21.0,1.0,90,2.0,2,0.0
C2,93,0.6648537330978317,18.2,17.8,1,2.4,16.40625,11.0,6.0,21.0,1.0,90,1.0,2,0.0
C2,94,0.758951238880883,18.700000000000003,17.6,1,2.4,16.40625,18.0,6.0,21.0,1.0,50,1.0,2,0.0
C2,95,0.7573373474871592,19.099999999999998,17.7,1,2.0,16.40625,16.0,5.0,21.0,1.0,50,1.0,2,0.0
C2,96,0.6496375826206231,33.4,27.5,1,4.4,16.40625,20.0,11.0,21.0,1.0,50,2.0,0,0.0
C2,97,0.768857770442213,18.0,17.7,1,4.8,16.40625,14.0,12.0,21.0,1.0,50,3.0,1,0.0
C2,98,0.7573373474871592,18.1,17.7,1,2.0,16.40625,14.0,5.0,21.0,1.0,50,1.0,0,0.0
C2,99,0.49257686202316864,50.0,17.7,1,1.6,16.40625,4.0,4.0,21.0,1.0,50,2.0,2,0.0
C2,100,0.4909858056206518,50.0,17.8,1,1.2,16.40625,4.0,3.0,21.0,1.0,50,2.0,1,0.0
C2,101,0.7739421805817983,18.1,17.7,1,6.0,16.40625,16.0,15.0,21.0,1.0,50,3.0,1,0.0
C2,102,0.7557347567600108,17.8,17.5,1,1.6,16.40625,5.0,4.0,21.0,1.0,50,2.0,2,0.0
C2,103,0.7573373474871592,18.2,17.8,1,2.0,16.40625,4.0,5.0,21.0,1.0,50,3.0,0,0.0
C2,104,0.4878391920465357,50.0,17.4,1,0.4,16.40625,2.0,1.0,21.0,1.0,50,1.0,0,0.0
C2,105,0.7573373474871592,17.6,17.4,1,2.0,16.40625,4.0,5.0,21.0,1.0,50,3.0,0,0.0
C2,106,0.7655148417576507,17.7,17.5,1,4.0,16.40625,18.0,10.0,21.0,1.0,50,2.0,0,0.0
C2,107,0.763858250896098,17.9,17.6,1,3.6,16.40625,12.0,9.0,21.0,1.0,50,2.0,2,0.0
C2,108,0.4894065094559651,50.0,17.2,1,0.8,16.40625,2.0,2.0,21.0,1.0,50,2.0,1,0.0
C2,109,0.4909858056206518,50.0,17.9,1,1.2,16.40625,7.0,3.0,21.0,1.0,50,1.0,2,0.0
C2,110,0.4894065094559651,50.0,18.1,1,0.8,16.40625,1.0,2.0,21.0,1.0,50,2.0,0,0.0
C2,111,0.7622119447177791,18.1,17.6,1,3.2,16.40625,14.0,8.0,21.0,1.0,50,2.0,2,0.0
C2,112,0.7541437003574938,17.8,17.5,1,1.2,16.40625,6.0,3.0,21.0,1.0,50,2.0,2,0.0
C2,113,0.4909858056206518,50.0,17.5,1,1.2,16.40625,3.0,3.0,21.0,1.0,50,3.0,1,0.0
C2,114,0.4878391920465357,50.0,17.5,1,0.4,16.40625,2.0,1.0,21.0,1.0,50,1.0,0,0.0
C2,115,0.758951238880883,17.8,17.5,1,2.4,16.40625,6.0,6.0,21.0,1.0,50,3.0,2,0.0
C2,116,0.7671814422697458,17.6,17.4,1,4.4,16.40625,12.0,11.0,21.0,1.0,50,3.0,0,0.0
C2,117,0.4909858056206518,50.0,17.6,1,1.2,16.40625,4.0,3.0,21.0,1.0,50,1.0,2,0.0
C2,118,0.4909858056206518,50.0,17.7,1,1.2,16.40625,4.0,3.0,21.0,1.0,50,2.0,0,0.0
C2,119,0.4878391920465357,50.0,17.8,1,0.4,16.40625,2.0,1.0,21.0,1.0,50,1.0,1,0.0
C2,120,0.4894065094559651,50.0,17.5,1,0.8,16.40625,3.0,2.0,21.0,1.0,50,1.0,0,0.0
C2,121,0.6566551264802722,32.599999999999994,26.599999999999998,1,4.4,16.40625,21.0,11.0,21.0,1.0,50,2.0,1,0.0
C2,122,0.758951238880883,18.0,17.5,1,2.4,16.40625,8.0,6.0,21.0,1.0,50,2.0,1,0.0
C2,123,0.49257686202316864,50.0,17.5,1,1.6,16.40625,8.0,4.0,21.0,1.0,50,1.0,2,0.0
C2,124,0.7557347567600108,17.8,17.5,1,1.6,16.40625,5.0,4.0,21.0,1.0,50,2.0,0,0.0
C2,125,0.7573373474871592,18.0,17.6,1,2.0,16.40625,10.0,5.0,21.0,1.0,50,2.0,2,0.0
C2,126,0.7622119447177791,18.0,17.6,1,3.2,16.40625,13.0,8.0,21.0,1.0,50,2.0,2,0.0
C2,127,0.7541437003574938,19.0,17.7,1,1.2,16.40625,11.0,3.0,21.0,1.0,50,1.0,0,0.0
C2,128,0.758951238880883,18.2,17.7,1,2.4,16.40625,9.0,6.0,21.0,1.0,50,2.0,1,0.0
C2,129,0.7573373474871592,18.1,17.5,1,2.0,16.40625,12.0,5.0,21.0,1.0,50,1.0,0,0.0
C2,130,0.7622119447177791,18.2,17.7,1,3.2,16.40625,10.0,8.0,21.0,1.0,50,3.0,1,0.0
C2,131,0.7605761873560926,18.3,17.8,1,2.8,16.40625,18.0,7.0,21.0,1.0,50,1.0,1,0.0
C2,132,0.7541437003574938,18.1,17.7,1,1.2,16.40625,11.0,3.0,21.0,1.0,50,1.0,0,0.0
C2,133,0.763858250896098,18.0,17.6,1,3.6,16.40625,13.0,9.0,21.0,1.0,50,2.0,1,0.0
C2,134,0.4909858056206518,50.0,17.6,1,1.2,16.40625,4.0,3.0,21.0,1.0,50,2.0,0,0.0
C2,135,0.7557347567600108,18.599999999999998,17.7,1,1.6,16.40625,7.0,4.0,21.0,1.0,50,2.0,2,0.0
C2,136,0.6380391018731242,33.6,26.200000000000003,1,2.0,16.40625,24.0,5.0,21.0,1.0,50,1.0,0,0.0
C2,137,0.758951238880883,18.2,17.8,1,2.4,16.40625,11.0,6.0,21.0,1.0,50,2.0,1,0.0
C2,138,0.7622119447177791,18.4,17.9,1,3.2,16.40625,8.0,8.0,21.0,1.0,50,3.0,0,0.0
C2,139,0.7622119447177791,18.2,17.6,1,3.2,16.40625,13.0,8.0,21.0,1.0,50,2.0,2,0.0
C2,140,0.7605761873560926,17.9,17.6,1,2.8,16.40625,7.0,7.0,21.0,1.0,50,3.0,2,0.0
C2,141,0.7739421805817983,18.0,17.7,1,6.0,16.40625,16.0,15.0,21.0,1.0,50,3.0,2,0.0
C2,142,0.4909858056206518,50.0,17.8,1,1.2,16.40625,6.0,3.0,21.0,1.0,50,1.0,0,0.0
C2,143,0.7354075229257557,22.5,18.1,1,2.0,16.40625,15.0,5.0,21.0,1.0,50,1.0,1,0.0
C2,144,0.4909858056206518,50.0,17.8,1,1.2,16.40625,3.0,3.0,21.0,1.0,50,2.0,2,0.0
C2,145,0.7605761873560926,18.3,17.7,1,2.8,16.40625,12.0,7.0,21.0,1.0,50,2.0,1,0.0
C2,146,0.7655148417576507,18.0,17.5,1,4.0,16.40625,12.0,10.0,21.0,1.0,50,3.0,0,0.0
C2,147,0.7573373474871592,18.4,17.8,1,2.0,16.40625,7.0,5.0,21.0,1.0,50,2.0,2,0.0
C2,148,0.7487172129003616,20.8,17.6,1,1.6,16.40625,7.0,4.0,21.0,1.0,50,2.0,0,0.0
C2,149,0.770543534362421,17.9,17.5,1,5.2,16.40625,14.0,13.0,21.0,1.0,50,3.0,2,0.0
C2,150,0.7557347567600108,18.0,17.6,1,1.6,16.40625,6.0,4.0,21.0,1.0,50,2.0,1,0.0
C2,151,0.6677257802241792,32.5,25.7,1,6.8,16.40625,22.0,17.0,21.0,1.0,50,3.0,1,0.0
C2,152,0.4909858056206518,50.0,17.4,1,1.2,16.40625,8.0,3.0,21.0,1.0,50,1.0,1,0.0
C2,153,0.7622119447177791,18.599999999999998,17.8,1,3.2,16.40625,13.0,8.0,21.0,1.0,50,2.0,2,0.0
C2,154,0.7522259848301862,20.400000000000002,17.8,1,1.6,16.40625,7.0,4.0,21.0,1.0,50,2.0,1,0.0
C2,155,0.7573373474871592,17.8,17.6,1,2.0,16.40625,10.0,5.0,21.0,1.0,50,1.0,1,0.0
C2,156,0.7605761873560926,17.9,17.5,1,2.8,16.40625,12.0,7.0,21.0,1.0,50,2.0,1,0.0
C2,157,0.7671814422697458,17.7,17.5,1,4.4,16.40625,12.0,11.0,21.0,1.0,50,3.0,1,0.0
C2,158,0.7655148417576507,18.0,17.6,1,4.0,16.40625,11.0,10.0,21.0,1.0,50,3.0,2,0.0
C2,159,0.758951238880883,18.2,17.7,1,2.4,16.40625,8.0,6.0,21.0,1.0,50,2.0,2,0.0
C2,160,0.763858250896098,18.2,17.7,1,3.6,16.40625,14.0,9.0,21.0,1.0,50,2.0,1,0.0
C2,161,0.7756544418770237,18.1,17.7,1,6.4,16.40625,19.0,16.0,21.0,1.0,50,3.0,2,0.0
C2,162,0.763858250896098,18.1,17.7,1,3.6,16.40625,14.0,9.0,21.0,1.0,50,2.0,0,0.0
C2,163,0.7773749030311967,18.0,17.6,1,6.8,16.40625,19.0,17.0,21.0,1.0,50,3.0,1,0.0
C2,164,0.40070356569969146,50.0,17.5,1,1.2,16.40625,4.0,3.0,21.0,1.0,90,2.0,2,0.0
C2,165,0.4000804301987622,50.0,17.4,1,0.4,16.40625,4.0,1.0,21.0,1.0,90,1.0,2,0.0
C2,166,0.5542990289614085,32.9,27.0,1,5.2,16.40625,27.0,13.0,21.0,1.0,90,2.0,2,0.0
C2,167,0.40102651173054954,50.0,17.5,1,1.6,16.40625,9.0,4.0,21.0,1.0,90,1.0,1,0.0
C2,168,0.6638614604365336,18.1,17.8,1,1.2,16.40625,10.0,3.0,21.0,1.0,90,1.0,0,0.0
C2,169,0.6977445678438781,18.2,17.7,1,3.6,16.40625,17.0,9.0,21.0,1.0,70,2.0,2,0.0
C2,170,0.6931327226609154,18.3,17.7,1,1.6,16.40625,4.0,4.0,21.0,1.0,70,3.0,1,0.0
C2,171,0.7037606996803916,18.1,17.7,1,6.0,16.40625,17.0,15.0,21.0,1.0,70,3.0,0,0.0
C2,172,0.7048152805918526,17.9,17.6,1,6.4,16.40625,17.0,16.0,21.0,1.0,70,3.0,1,0.0
C2,173,0.6949342494879829,18.1,17.8,1,2.4,16.40625,10.0,6.0,21.0,1.0,70,2.0,0,0.0
C2,174,0.6949342494879829,19.400000000000002,17.9,1,2.4,16.40625,6.0,6.0,21.0,1.0,70,3.0,1,0.0
C2,175,0.6931327226609154,18.3,17.7,1,1.6,16.40625,13.0,4.0,21.0,1.0,70,1.0,1,0.0
C2,176,0.7048152805918526,18.0,17.7,1,6.4,16.40625,18.0,16.0,21.0,1.0,70,3.0,1,0.0
C2,177,0.4290954344073689,50.0,17.5,1,1.2,16.40625,8.0,3.0,21.0,1.0,70,1.0,1,0.0
C2,178,0.7027210189426429,18.0,17.7,1,5.6,16.40625,18.0,14.0,21.0,1.0,70,3.0,1,0.0
C2,179,0.6931327226609154,18.4,17.7,1,1.6,16.40625,12.0,4.0,21.0,1.0,70,1.0,1,0.0
C2,180,0.4282301737168955,50.0,17.6,1,0.8,16.40625,6.0,2.0,21.0,1.0,70,1.0,1,0.0
C2,181,0.490440317188257,44.2,34.8,1,5.6,16.40625,31.0,14.0,21.0,1.0,70,2.0,0,0.0
C2,182,0.6940263352002114,18.1,17.6,1,2.0,16.40625,8.0,5.0,21.0,1.0,70,2.0,0,0.0
C2,183,-0.04888308081092013,143.1,88.6,1,12.4,16.40625,82.0,31.0,21.0,1.0,70,2.0,2,0.0
C2,184,-0.1669720840112432,206.9,116.4,1,25.6,16.40625,109.0,64.0,21.0,1.0,70,3.0,1,0.0
C2,185,-0.1588940863874871,194.0,110.60000000000001,1,19.2,16.40625,108.0,48.0,21.0,1.0,70,2.0,1,0.0
C2,186,0.5946885731535074,32.800000000000004,25.9,1,7.2,16.40625,25.0,18.0,21.0,1.0,70,3.0,0,0.0
C2,187,0.49779773673220357,43.6,35.1,1,6.4,16.40625,33.0,16.0,21.0,1.0,70,2.0,0,0.0
C2,188,0.07779145929697112,86.7,50.8,1,4.8,16.40625,48.0,12.0,21.0,1.0,70,1.0,2,0.0
C2,189,0.03297122599618116,104.89999999999999,60.1,1,6.0,16.40625,59.0,15.0,21.0,1.0,70,1.0,1,0.0
C2,190,0.015306031954599883,120.2,71.2,1,13.6,16.40625,68.0,34.0,21.0,1.0,70,2.0,2,0.0
C2,191,0.14371043598687194,60.900000000000006,44.6,1,4.0,16.40625,42.0,10.0,21.0,1.0,70,1.0,2,0.0
C2,192,-0.05908335667105383,141.1,87.6,1,7.2,16.40625,84.0,18.0,21.0,1.0,70,1.0,1,0.0
C2,193,0.5957880416540529,32.800000000000004,26.8,1,7.6,16.40625,26.0,19.0,21.0,1.0,70,3.0,0,0.0
C2,194,0.5977045185112722,33.099999999999994,27.3,1,9.2,16.40625,28.0,23.0,21.0,1.0,70,3.0,1,0.0
C2,195,-0.04358261709080724,143.6,92.1,1,14.4,16.40625,83.0,36.0,21.0,1.0,70,2.0,0,0.0
C2,196,-0.018715936533830912,141.9,93.39999999999999,1,20.0,16.40625,84.0,50.0,21.0,1.0,70,3.0,1,0.0
C2,197,0.09241087550789215,89.89999999999999,49.3,1,12.8,16.40625,48.0,32.0,21.0,1.0,70,3.0,2,0.0
C2,198,0.03523559085400081,116.3,73.5,1,16.4,16.40625,69.0,41.0,21.0,1.0,70,3.0,0,0.0
C2,199,0.6949342494879829,18.0,17.6,1,2.4,16.40625,11.0,6.0,21.0,1.0,70,2.0,1,0.0
C2,200,0.13946221017870342,87.9,49.2,1,4.0,16.40625,44.0,10.0,21.0,1.0,50,1.0,0,0.0
C2,201,0.14328602082439224,90.30000000000001,46.1,1,6.4,16.40625,41.0,16.0,21.0,1.0,50,2.0,1,0.0
C2,202,0.6694541103569089,32.5,26.700000000000003,1,7.2,16.40625,23.0,18.0,21.0,1.0,50,3.0,0,0.0
C2,203,0.6389162948555802,33.5,27.0,1,2.0,16.40625,28.0,5.0,21.0,1.0,50,1.0,2,0.0
C2,204,0.6642930577747808,32.5,26.4,1,6.0,16.40625,28.0,15.0,21.0,1.0,50,2.0,0,0.0
C2,205,0.5694437148432463,45.1,34.7,1,9.6,16.40625,34.0,24.0,21.0,1.0,50,3.0,2,0.0
C2,206,0.5800751009898608,44.699999999999996,34.4,1,11.2,16.40625,39.0,28.0,21.0,1.0,50,3.0,2,0.0
C2,207,0.5431059746643437,47.7,35.3,1,8.8,16.40625,30.0,22.0,21.0,1.0,50,3.0,2,0.0
C2,208,0.5633398153118985,44.4,34.5,1,6.8,16.40625,38.0,17.0,21.0,1.0,50,2.0,0,0.0
C2,209,0.5095803657704107,48.800000000000004,34.4,1,3.2,16.40625,30.0,8.0,21.0,1.0,50,1.0,1,0.0
C2,210,0.6599070928624999,33.0,25.8,1,6.0,16.40625,28.0,15.0,21.0,1.0,50,2.0,2,0.0
C2,211,0.0618369174239036,120.6,81.4,1,6.0,16.40625,75.0,15.0,21.0,1.0,50,1.0,0,0.0
C2,212,0.6410512333522385,34.0,27.099999999999998,1,3.6,16.40625,28.0,9.0,21.0,1.0,50,1.0,2,0.0
C2,213,0.659080545541892,32.9,26.0,1,5.6,16.40625,29.0,14.0,21.0,1.0,50,2.0,0,0.0
C2,214,0.5694437148432463,45.1,34.7,1,9.6,16.40625,35.0,24.0,21.0,1.0,50,3.0,2,0.0
C2,215,0.5702969641379705,44.4,34.6,1,8.4,16.40625,30.0,21.0,21.0,1.0,50,3.0,1,0.0
C2,216,0.5862521565139591,44.2,34.5,1,11.6,16.40625,38.0,29.0,21.0,1.0,50,3.0,0,0.0
C2,217,0.07685551603943647,122.2,73.1,1,10.4,16.40625,61.0,26.0,21.0,1.0,50,2.0,2,0.0
C2,218,0.6711761501029403,33.099999999999994,26.8,1,8.8,16.40625,28.0,22.0,21.0,1.0,50,3.0,0,0.0
C2,219,0.6685425781730583,33.2,26.9,1,8.4,16.40625,29.0,21.0,21.0,1.0,50,3.0,1,0.0
C2,220,0.5550863210715367,43.8,33.099999999999994,1,3.6,16.40625,30.0,9.0,21.0,1.0,50,1.0,0,0.0
C2,221,0.03817730497350258,140.3,89.30000000000001,1,12.4,17.1875,83.0,31.0,22.0,1.0,50,2.0,2,0.0
C2,222,0.06059045695874607,131.1,81.10000000000001,1,12.0,16.40625,74.0,30.0,21.0,1.0,50,2.0,2,0.0
C2,223,0.027363233213377247,133.70000000000002,83.8,1,6.0,16.40625,72.0,15.0,21.0,1.0,50,1.0,1,0.0
C2,224,-0.17846486980852233,217.20000000000002,120.3,1,9.2,16.40625,113.0,23.0,21.0,1.0,50,1.0,1,0.0
C2,225,-0.026927025473322846,201.5,114.4,1,36.8,17.1875,155.0,92.0,22.0,1.0,50,3.0,1,0.0
C2,226,-0.14393395764477407,206.1,113.8,1,10.4,16.40625,141.0,26.0,21.0,1.0,50,1.0,2,0.0
C2,227,-0.08437863580816363,200.5,111.3,1,20.4,17.1875,133.0,51.0,22.0,1.0,50,2.0,1,0.0
C2,228,-0.10506296165504567,196.1,109.10000000000001,1,13.2,16.40625,137.0,33.0,21.0,1.0,50,1.0,2,0.0
C2,229,-0.06822219463163884,206.9,120.3,1,28.4,17.1875,123.0,71.0,22.0,1.0,50,3.0,1,0.0
C2,230,-0.13741223822957493,201.6,116.4,1,9.2,16.40625,115.0,23.0,21.0,1.0,50,1.0,2,0.0
C2,231,-0.08834483618070796,206.6,116.3,1,23.2,16.40625,144.0,58.0,21.0,1.0,50,2.0,0,0.0
C2,232,-0.23038486235575267,207.9,116.4,1,8.8,16.40625,152.0,22.0,21.0,1.0,70,1.0,1,0.0
C2,233,-0.2100444826333387,202.9,113.3,1,11.2,16.40625,159.0,28.0,21.0,1.0,70,1.0,0,0.0
C2,234,-0.19817267447118403,196.1,111.8,1,9.2,16.40625,131.0,23.0,21.0,1.0,70,1.0,1,0.0
C2,235,-0.12656553659214248,199.5,114.3,1,30.4,17.1875,135.0,76.0,22.0,1.0,70,3.0,0,0.0
C2,236,-0.20738743192575743,200.5,113.19999999999999,1,10.0,16.40625,155.0,25.0,21.0,1.0,70,1.0,2,0.0
C2,237,-0.1458009477160334,196.3,107.80000000000001,1,24.0,16.40625,157.0,60.0,21.0,1.0,70,2.0,0,0.0
C2,238,-0.11143347813920981,192.39999999999998,107.5,1,29.6,17.1875,136.0,74.0,22.0,1.0,70,3.0,2,0.0
C2,239,-0.11988819436323395,199.0,113.0,1,31.6,17.1875,137.0,79.0,22.0,1.0,70,3.0,2,0.0
C2,240,-0.21384646554657127,205.3,114.6,1,12.0,16.40625,133.0,30.0,21.0,1.0,70,1.0,1,0.0
C2,241,-0.18033033569709966,204.5,118.4,1,20.8,16.40625,127.0,52.0,21.0,1.0,70,2.0,1,0.0
C2,242,-0.14408240227436547,199.5,116.5,1,26.4,16.40625,122.0,66.0,21.0,1.0,70,3.0,0,0.0
C2,243,-0.1868282612488309,202.9,117.4,1,18.0,17.1875,117.0,45.0,22.0,1.0,70,2.0,0,0.0
C2,244,-0.21264635868171033,201.6,117.2,1,9.2,16.40625,118.0,23.0,21.0,1.0,70,1.0,2,0.0
C2,245,-0.16532998101845003,199.4,114.3,1,21.2,16.40625,134.0,53.0,21.0,1.0,70,2.0,2,0.0
C2,246,-0.16420604097902203,196.6,112.60000000000001,1,19.6,16.40625,132.0,49.0,21.0,1.0,70,2.0,2,0.0
C2,247,-0.17055362263626167,184.29999999999998,100.0,1,8.0,16.40625,99.0,20.0,21.0,1.0,70,1.0,2,0.0
C2,248,0.6940263352002114,19.0,17.7,1,2.0,17.1875,14.0,5.0,22.0,1.0,70,1.0,2,0.0
C2,249,0.6987104359868719,17.9,17.6,1,4.0,16.40625,19.0,10.0,21.0,1.0,70,2.0,0,0.0
C2,250,0.017349410179505767,115.1,69.9,1,10.0,16.40625,66.0,25.0,21.0,1.0,70,2.0,1,0.0
C2,251,-0.23697809351315913,208.7,116.4,1,7.2,16.40625,114.0,18.0,21.0,1.0,70,1.0,1,0.0
C2,252,-0.22414623870565703,209.7,115.2,1,12.4,16.40625,143.0,31.0,21.0,1.0,70,1.0,0,0.0
C2,253,-0.21749861531917875,204.8,114.4,1,10.4,16.40625,115.0,26.0,21.0,1.0,70,1.0,0,0.0
C2,254,-0.13199345752112862,203.6,115.4,1,31.6,16.40625,130.0,79.0,21.0,1.0,70,3.0,2,0.0
C2,255,0.09212022780788176,124.60000000000001,82.0,1,15.2,16.40625,70.0,38.0,21.0,1.0,50,3.0,2,0.0
C2,256,-0.02889591302147715,169.9,104.89999999999999,1,14.8,16.40625,100.0,37.0,21.0,1.0,50,2.0,2,0.0
C2,257,0.023549178719129107,135.8,84.6,1,6.4,16.40625,73.0,16.0,21.0,1.0,50,1.0,0,0.0
C2,258,-0.07560438432093092,202.4,116.8,1,23.6,16.40625,113.0,59.0,21.0,1.0,50,3.0,2,0.0
C2,259,-0.029866822879160537,154.79999999999998,98.0,1,5.6,16.40625,81.0,14.0,21.0,1.0,50,1.0,1,0.0
C2,260,0.10058777470781904,128.20000000000002,80.4,1,19.2,16.40625,79.0,48.0,21.0,1.0,50,3.0,2,0.0
C2,261,-0.11446027343424767,194.89999999999998,111.60000000000001,1,10.4,16.40625,124.0,26.0,21.0,1.0,50,1.0,0,0.0
C2,262,-0.04130082482369721,175.3,96.9,1,15.2,16.40625,92.0,38.0,21.0,1.0,50,2.0,1,0.0
C2,263,0.5405067419358562,47.199999999999996,34.9,1,7.2,16.40625,31.0,18.0,21.0,1.0,50,2.0,1,0.0
C2,264,-0.05570171219191325,179.4,103.9,1,14.4,16.40625,94.0,36.0,21.0,1.0,50,2.0,2,0.0
C2,265,0.6414073792317603,33.4,27.0,1,2.4,16.40625,20.0,6.0,21.0,1.0,50,1.0,0,0.0
C2,266,0.6583314546527395,32.599999999999994,26.599999999999998,1,4.8,16.40625,24.0,12.0,21.0,1.0,50,2.0,1,0.0
C2,267,0.7519336950212339,20.8,17.7,1,2.4,16.40625,6.0,6.0,21.0,1.0,50,3.0,2,0.0
C2,268,0.08517404036978239,107.89999999999999,59.7,1,3.6,16.40625,51.0,9.0,21.0,1.0,50,1.0,0,0.0
C2,269,0.06578428584495624,119.1,68.5,1,6.0,16.40625,65.0,15.0,21.0,1.0,50,1.0,0,0.0
C2,270,-0.0882929265440287,178.29999999999998,93.8,1,6.4,16.40625,90.0,16.0,21.0,1.0,50,1.0,1,0.0
C2,271,0.07234561098787112,128.0,80.3,1,12.8,16.40625,77.0,32.0,21.0,1.0,50,2.0,0,0.0
C2,272,0.006009215681594349,170.1,99.0,1,22.8,16.40625,98.0,57.0,21.0,1.0,50,3.0,1,0.0
C2,273,0.0019702313507081043,144.0,93.3,1,6.4,16.40625,88.0,16.0,21.0,1.0,50,1.0,0,0.0
C2,274,-0.03987771884239333,201.5,113.60000000000001,1,32.4,16.40625,139.0,81.0,21.0,1.0,50,3.0,1,0.0
C2,275,0.5484249230914093,44.0,33.4,1,2.4,16.40625,31.0,6.0,21.0,1.0,50,1.0,2,0.0
C2,276,0.11418835732571167,116.9,70.4,1,15.6,16.40625,63.0,39.0,21.0,1.0,50,3.0,2,0.0
C2,277,0.08927466748506183,120.2,81.60000000000001,1,12.0,16.40625,70.0,30.0,21.0,1.0,50,2.0,2,0.0
C2,278,0.025650099959519543,178.9,87.3,2,37.4,16.40625,396.0,187.0,42.0,1.0,50,2.0,0,0.0
C2,279,0.22368421052631582,106.6,52.3,4,48.4,15.8203125,718.0,484.0,81.0,1.0,50,3.0,1,0.0
C2,280,0.6366666666666667,49.9,34.2,6,51.466667,15.755208,1578.0,772.0,121.0,1.0,50,2.0,0,0.0
C2,281,0.6731578947368422,46.699999999999996,30.700000000000003,7,56.333332,15.755208,1800.0,845.0,121.0,1.0,50,2.0,1,0.0
C2,282,0.4947368421052631,39.199999999999996,26.8,13,57.345455,15.553977,1800.0,1577.0,219.0,1.0,50,2.0,2,0.0
C2,283,0.7929824561403507,34.0,23.8,13,50.76923,15.685096,1800.0,1650.0,261.0,1.0,50,2.0,0,0.0
C2,284,0.7770175438596492,33.9,23.8,15,57.138462,15.685096,1200.0,1800.0,261.0,1.0,50,3.0,1,0.0
C2,285,0.647315430002321,33.5,23.3,15,4.0533333,15.625,184.0,152.0,300.0,1.0,50,3.0,2,0.0
C2,286,0.6470797418608782,33.2,23.2,15,3.36,15.625,171.0,126.0,300.0,1.0,50,3.0,1,0.0
C2,287,0.6454350649491738,33.4,23.7,15,3.3866668,15.625,164.0,127.0,300.0,1.0,50,3.0,1,0.0
C2,288,0.6447774270629789,33.5,23.7,15,3.44,15.625,167.0,129.0,300.0,1.0,50,3.0,1,0.0
C2,289,0.6436815106118239,33.5,23.8,15,3.1733334,15.625,151.0,119.0,300.0,1.0,50,3.0,1,0.0
C2,290,-0.4891603963701962,111.60000000000001,51.1,1,9.4,16.015625,82.0,47.0,41.0,1.0,50,3.0,2,0.0
C2,291,-0.026536097088847937,194.89999999999998,114.2,1,31.2,17.1875,204.0,78.0,22.0,1.0,50,2.0,0,0.0
C2,292,-0.08271595285623262,207.0,115.2,1,24.8,16.40625,168.0,62.0,21.0,1.0,50,2.0,2,0.0
C2,293,-0.1589115691953054,209.1,119.8,1,8.8,16.40625,140.0,22.0,21.0,1.0,50,1.0,1,0.0
C2,294,-0.12852139023820935,201.6,113.4,1,11.2,16.40625,130.0,28.0,21.0,1.0,50,1.0,2,0.0
C2,295,-0.0401990626909923,202.6,116.0,1,33.2,17.1875,131.0,83.0,22.0,1.0,50,3.0,2,0.0
C2,296,-0.040946665224065204,205.6,117.7,1,35.6,16.40625,152.0,89.0,21.0,1.0,50,3.0,2,0.0
C2,297,-0.13682269502649735,206.8,114.8,1,12.4,16.40625,171.0,31.0,21.0,1.0,50,1.0,1,0.0
C2,298,-0.14348401428662455,210.7,119.5,1,13.2,17.1875,162.0,33.0,22.0,1.0,50,1.0,0,0.0
C2,299,-0.01447368421052625,203.5,117.0,1,48.8,16.40625,217.0,122.0,21.0,1.0,50,3.0,2,0.0
C2,300,-0.0460097812993743,202.3,115.8,1,31.2,16.40625,222.0,78.0,21.0,1.0,50,2.0,2,0.0
C2,301,-0.09324226864570628,211.0,117.8,1,24.8,16.40625,114.0,62.0,21.0,1.0,50,3.0,2,0.0
C2,302,-0.15258195267106806,204.7,121.39999999999999,1,7.6,16.40625,100.0,19.0,21.0,1.0,50,1.0,0,0.0
C2,303,-0.011842105263157932,202.5,113.0,1,42.8,17.1875,185.0,107.0,22.0,1.0,50,3.0,2,0.0
C2,304,-0.09885232001868982,206.0,115.5,1,20.4,16.40625,133.0,51.0,21.0,1.0,50,2.0,2,0.0
C2,305,0.0580279139629447,121.39999999999999,82.19999999999999,1,5.6,16.40625,60.0,14.0,21.0,1.0,50,1.0,1,0.0
C2,306,-0.007368421052631524,200.8,114.1,1,53.2,17.96875,226.0,133.0,23.0,1.0,50,3.0,2,0.0
C2,307,-0.03147434432263241,195.6,97.3,2,32.8,16.015625,250.0,164.0,41.0,1.0,50,3.0,0,0.0
C2,308,0.13173756519683164,116.7,65.10000000000001,2,19.4,16.015625,159.0,97.0,41.0,1.0,50,3.0,2,0.0
C2,309,0.07381103940586567,121.0,66.5,2,9.0,16.015625,176.0,45.0,41.0,1.0,50,1.0,0,0.0
C2,310,0.0867004729099004,115.1,65.4,2,8.4,16.015625,181.0,42.0,41.0,1.0,50,1.0,0,0.0
C2,311,0.1385915975345621,117.1,67.7,2,21.2,16.40625,184.0,106.0,42.0,1.0,50,3.0,0,0.0
C2,312,0.09524034782997637,119.3,63.8,2,12.8,16.015625,143.0,64.0,41.0,1.0,50,2.0,0,0.0
C2,313,-0.12573801828463504,203.5,109.39999999999999,1,14.8,16.40625,192.0,37.0,21.0,1.0,50,1.0,0,0.0
C2,314,-0.10073801828463508,197.2,114.3,1,14.8,16.40625,161.0,37.0,21.0,1.0,50,1.0,0,0.0
C2,315,-0.015263157894736756,203.8,113.3,1,42.4,17.1875,177.0,106.0,22.0,1.0,50,3.0,2,0.0
C2,316,-0.04283064163836073,203.6,114.9,1,33.2,16.40625,142.0,83.0,21.0,1.0,50,3.0,0,0.0
C2,317,-0.11899291815670038,197.3,117.5,1,10.8,17.1875,131.0,27.0,22.0,1.0,50,1.0,2,0.0
C2,318,-0.09055007207749702,210.60000000000002,118.7,1,25.2,17.1875,106.0,63.0,22.0,1.0,50,3.0,1,0.0
C2,319,-0.024563546662990376,203.1,113.9,1,39.6,16.40625,173.0,99.0,21.0,1.0,50,3.0,1,0.0
C2,320,-0.0588792023870702,201.6,113.4,1,27.2,16.40625,114.0,68.0,21.0,1.0,50,3.0,1,0.0
C2,321,-0.055552527633734056,205.4,113.60000000000001,1,30.8,17.1875,203.0,77.0,22.0,1.0,50,2.0,1,0.0
C2,322,-0.04680142761550099,197.6,114.5,1,27.6,16.40625,170.0,69.0,21.0,1.0,50,2.0,0,0.0
C2,323,-0.09014220793284908,196.6,111.9,1,16.8,17.1875,233.0,42.0,22.0,1.0,50,1.0,2,0.0
C2,324,-0.055813229972233785,197.4,111.4,1,25.2,17.1875,165.0,63.0,22.0,1.0,50,2.0,2,0.0
C2,325,-0.025114384969007947,201.2,114.5,1,37.2,17.1875,164.0,93.0,22.0,1.0,50,3.0,2,0.0
C2,326,-0.05545814975549121,200.3,112.10000000000001,1,27.2,16.40625,183.0,68.0,21.0,1.0,50,2.0,2,0.0
C2,327,-0.028093716358974785,199.4,112.69999999999999,1,34.4,16.40625,158.0,86.0,21.0,1.0,50,3.0,1,0.0
C2,328,-0.13087907166304996,191.89999999999998,106.80000000000001,1,4.8,16.40625,106.0,12.0,21.0,1.0,50,1.0,2,0.0
C2,329,-0.06603766692896026,184.70000000000002,103.1,1,15.2,16.40625,99.0,38.0,21.0,1.0,50,2.0,1,0.0
C2,330,0.07084092908378595,132.0,81.8,1,14.8,16.40625,73.0,37.0,21.0,1.0,50,2.0,1,0.0
C2,331,-0.01552631578947361,203.9,114.9,1,43.6,16.40625,185.0,109.0,21.0,1.0,50,3.0,2,0.0
C2,332,-0.09399078431840574,208.1,113.0,1,22.8,16.40625,150.0,57.0,21.0,1.0,50,2.0,2,0.0
C2,333,-0.03918089349966322,204.5,115.6,1,35.2,16.40625,149.0,88.0,21.0,1.0,50,3.0,0,0.0
C2,334,-0.10741784262280357,188.20000000000002,106.1,1,8.0,16.40625,121.0,20.0,21.0,1.0,50,1.0,2,0.0
C2,335,-0.1436072568307767,205.3,116.2,1,10.0,16.40625,122.0,25.0,21.0,1.0,50,1.0,2,0.0
C2,336,-0.06397112470907598,200.5,116.9,1,25.2,17.1875,154.0,63.0,22.0,1.0,50,2.0,1,0.0
C2,337,-0.04677801005941337,205.1,119.7,1,33.2,16.40625,143.0,83.0,21.0,1.0,50,3.0,2,0.0
C2,338,0.040521127950219366,128.70000000000002,76.8,1,6.0,16.40625,77.0,15.0,21.0,1.0,50,1.0,2,0.0
C2,339,0.04294436311840566,130.39999999999998,83.3,1,7.6,16.40625,74.0,19.0,21.0,1.0,50,1.0,1,0.0
C2,340,0.09540862712394799,113.8,76.2,1,9.6,16.40625,75.0,24.0,21.0,1.0,50,2.0,0,0.0
C2,341,-0.1228451105658048,193.39999999999998,102.7,1,7.6,16.40625,95.0,19.0,21.0,1.0,50,1.0,1,0.0
C2,342,0.03561407728177102,144.7,90.7,1,14.4,16.40625,89.0,36.0,21.0,1.0,50,2.0,0,0.0
C2,343,0.11206144598095139,106.80000000000001,63.5,1,9.2,16.40625,56.0,23.0,21.0,1.0,50,2.0,0,0.0
C2,344,0.08826970037360823,119.9,72.2,1,11.6,16.40625,69.0,29.0,21.0,1.0,50,2.0,1,0.0
C2,345,0.12390355124410929,102.3,58.4,1,9.2,16.40625,51.0,23.0,21.0,1.0,50,2.0,0,0.0
C2,346,-0.0891206344749958,205.6,116.0,1,22.4,17.1875,139.0,56.0,22.0,1.0,50,2.0,2,0.0
C2,347,-0.09861944052713897,207.9,113.19999999999999,1,21.6,17.1875,135.0,54.0,22.0,1.0,50,2.0,0,0.0
C2,348,-0.13228065956033425,208.5,115.3,1,14.4,16.40625,112.0,36.0,21.0,1.0,50,2.0,2,0.0
C2,349,-0.18109644875589076,218.20000000000002,120.1,1,9.2,16.40625,136.0,23.0,21.0,1.0,50,1.0,2,0.0
C2,350,-0.23614352756454848,200.6,117.4,1,18.4,16.40625,90.0,46.0,21.0,1.0,90,3.0,1,0.0
C2,351,0.043653231269890846,87.2,46.5,1,5.6,16.40625,46.0,14.0,21.0,1.0,90,1.0,0,0.0
C2,352,-0.14662331628765546,163.39999999999998,102.4,1,13.6,16.40625,99.0,34.0,21.0,1.0,90,2.0,1,0.0
C2,353,-0.25423471126876057,201.4,117.0,1,8.0,16.40625,105.0,20.0,21.0,1.0,90,1.0,2,0.0
C2,354,-0.07136133920933191,179.2,105.2,1,10.8,17.1875,125.0,27.0,22.0,1.0,50,1.0,0,0.0
C2,355,-0.0627241919391221,193.6,111.8,1,21.2,17.1875,136.0,53.0,22.0,1.0,50,2.0,0,0.0
C2,356,-0.12795769849715083,204.8,111.10000000000001,1,13.2,16.40625,153.0,33.0,21.0,1.0,50,1.0,1,0.0
C2,357,-0.08174704848890352,199.5,112.10000000000001,1,40.4,16.40625,172.0,101.0,21.0,1.0,70,3.0,1,0.0
C2,358,0.09145724290740515,85.6,49.0,1,8.8,16.40625,49.0,22.0,21.0,1.0,70,2.0,0,0.0
C2,359,-0.22439524572393676,203.1,111.60000000000001,1,6.4,16.40625,105.0,16.0,21.0,1.0,70,1.0,2,0.0
C2,360,0.5853302276320151,32.599999999999994,26.8,1,2.8,16.40625,24.0,7.0,21.0,1.0,70,1.0,1,0.0
C2,361,-0.07460967246052749,147.0,93.8,1,7.2,16.40625,81.0,18.0,21.0,1.0,70,1.0,0,0.0
C2,362,-0.10020987586117125,171.7,106.89999999999999,1,19.2,17.1875,120.0,48.0,22.0,1.0,70,2.0,1,0.0
C2,363,-0.14617032024447313,205.6,118.9,1,29.6,16.40625,124.0,74.0,21.0,1.0,70,3.0,1,0.0
C2,364,-0.042859399933772635,141.8,90.7,1,13.2,16.40625,88.0,33.0,21.0,1.0,70,2.0,1,0.0
C2,365,0.008376569998240213,119.9,78.0,1,11.2,16.40625,60.0,28.0,21.0,1.0,70,2.0,1,0.0
C2,366,-0.23877107197445957,199.4,113.4,1,15.2,16.40625,113.0,38.0,21.0,1.0,90,2.0,1,0.0
C2,367,0.6678637575856803,18.1,17.6,1,5.6,16.40625,15.0,14.0,21.0,1.0,90,3.0,0,0.0
C2,368,-0.2728145419886053,209.4,117.1,1,10.0,16.40625,152.0,25.0,21.0,1.0,90,1.0,0,0.0
C2,369,-0.22609851550445254,201.8,116.6,1,24.4,16.40625,154.0,61.0,21.0,1.0,90,2.0,0,0.0
C2,370,-0.22983475508616008,198.5,113.60000000000001,1,18.8,16.40625,103.0,47.0,21.0,1.0,90,2.0,0,0.0
C2,371,-0.212589127594707,205.8,117.4,1,32.8,16.40625,146.0,82.0,21.0,1.0,90,3.0,1,0.0
C2,372,-0.160860204580904,165.39999999999998,93.10000000000001,1,6.8,16.40625,88.0,17.0,21.0,1.0,90,1.0,0,0.0
C2,373,-0.2688348404128089,208.5,120.2,1,11.2,16.40625,123.0,28.0,21.0,1.0,90,1.0,0,0.0
C2,374,-0.0961233624756409,140.8,91.1,1,6.8,16.40625,80.0,17.0,21.0,1.0,90,1.0,0,0.0
C2,375,-0.26936116987671305,207.7,119.3,1,9.2,16.40625,119.0,23.0,21.0,1.0,90,1.0,0,0.0
C2,376,-0.2659421879503523,205.5,112.9,1,7.2,16.40625,101.0,18.0,21.0,1.0,90,1.0,0,0.0
C2,377,-0.05825580771773903,133.3,83.4,1,18.8,16.40625,74.0,47.0,21.0,1.0,90,3.0,1,0.0
C2,378,-0.23544625973483618,195.39999999999998,118.4,1,10.4,16.40625,141.0,26.0,21.0,1.0,90,1.0,1,0.0
C2,379,-0.2298072816856767,197.9,115.2,1,18.0,16.40625,109.0,45.0,21.0,1.0,90,2.0,1,0.0
C2,380,-0.2555157811739002,209.5,115.8,1,20.4,16.40625,116.0,51.0,21.0,1.0,90,2.0,2,0.0
C2,381,-0.23399325234655782,204.8,116.7,1,24.4,17.1875,156.0,61.0,22.0,1.0,90,2.0,2,0.0
C2,382,-0.2548282208555723,208.3,119.3,1,19.2,16.40625,133.0,48.0,21.0,1.0,90,2.0,1,0.0
C2,383,-0.2371966419082039,201.6,113.0,1,19.2,16.40625,109.0,48.0,21.0,1.0,90,2.0,2,0.0
C2,384,-0.19357376689772082,178.0,98.19999999999999,1,7.2,16.40625,94.0,18.0,21.0,1.0,90,1.0,0,0.0
C2,385,-0.23674678524913334,208.2,120.1,1,26.8,16.40625,111.0,67.0,21.0,1.0,90,3.0,0,0.0
C2,386,-0.26337183803032316,207.3,120.89999999999999,1,12.8,16.40625,146.0,32.0,21.0,1.0,90,1.0,2,0.0
C2,387,-0.23348680423446982,202.8,113.60000000000001,1,22.4,16.40625,145.0,56.0,21.0,1.0,90,2.0,2,0.0
C2,388,-0.2830874511060826,217.29999999999998,112.3,1,16.8,16.40625,100.0,42.0,21.0,1.0,90,2.0,0,0.0
C2,389,-0.04500330701797284,197.5,113.8,1,28.0,16.40625,171.0,70.0,21.0,1.0,50,2.0,0,0.0
C2,390,-0.0470410847800275,206.6,115.8,1,34.4,16.40625,145.0,86.0,21.0,1.0,50,3.0,2,0.0
C2,391,-0.10888590950270721,207.8,120.6,1,19.2,16.40625,257.0,48.0,21.0,1.0,50,1.0,1,0.0
C2,392,-0.01642134667226866,199.0,113.0,1,38.4,17.1875,165.0,96.0,22.0,1.0,50,3.0,0,0.0
C2,393,-0.050266464912709696,199.5,113.9,1,28.0,16.40625,203.0,70.0,21.0,1.0,50,2.0,1,0.0
C2,394,-0.0920857358943852,209.3,114.2,1,24.0,16.40625,176.0,60.0,21.0,1.0,50,2.0,1,0.0
C2,395,0.03473684210526322,181.60000000000002,93.2,2,41.2,16.015625,326.0,206.0,41.0,1.0,50,3.0,2,0.0
C2,396,0.10824834577022349,119.5,64.60000000000001,2,15.8,16.015625,129.0,79.0,41.0,1.0,50,3.0,0,0.0
C2,397,0.06888208787050533,118.9,61.9,2,6.6,16.015625,145.0,33.0,41.0,1.0,50,1.0,1,0.0
C2,398,0.06523340498868208,121.6,66.9,2,7.4,16.015625,167.0,37.0,41.0,1.0,50,1.0,1,0.0
C2,399,0.07758602921172064,122.6,66.60000000000001,2,10.8,16.015625,129.0,54.0,41.0,1.0,50,2.0,1,0.0
C2,400,0.10603046258886958,120.0,66.3,2,15.6,16.015625,190.0,78.0,41.0,1.0,50,2.0,1,0.0
C2,401,-0.06124762343970172,199.3,105.80000000000001,1,27.2,16.40625,177.0,68.0,21.0,1.0,50,2.0,2,0.0
C2,402,-0.13735501027635305,203.6,114.9,1,10.4,16.40625,141.0,26.0,21.0,1.0,50,1.0,1,0.0
C2,403,0.08603046403565093,131.70000000000002,83.3,1,18.0,16.40625,77.0,45.0,21.0,1.0,50,3.0,0,0.0
C2,404,-0.15951923394617407,212.7,117.2,1,10.8,16.40625,118.0,27.0,21.0,1.0,50,1.0,1,0.0
C2,405,-0.02673271936727023,203.6,117.5,1,39.2,16.40625,167.0,98.0,21.0,1.0,50,3.0,1,0.0
C2,406,-0.046799254983584865,202.6,116.1,1,31.2,16.40625,187.0,78.0,21.0,1.0,50,2.0,0,0.0
C2,407,-0.10786581425399205,204.7,117.8,1,17.6,16.40625,217.0,44.0,21.0,1.0,50,1.0,0,0.0
C2,408,0.003840661779002927,185.79999999999998,95.2,2,36.0,16.40625,254.0,180.0,42.0,1.0,50,3.0,2,0.0
C2,409,0.05991040202116049,119.4,65.10000000000001,2,4.8,16.015625,111.0,24.0,41.0,1.0,50,1.0,0,0.0
C2,410,0.15699817167462987,112.4,63.6,2,22.6,16.015625,172.0,113.0,41.0,1.0,50,3.0,1,0.0
C2,411,0.07933735519533933,118.9,66.10000000000001,2,9.0,16.015625,110.0,45.0,41.0,1.0,50,2.0,1,0.0
C2,412,0.07937334660389589,122.6,65.9,2,11.2,16.015625,130.0,56.0,41.0,1.0,50,2.0,2,0.0
C2,413,0.1144365866031381,122.6,65.0,2,19.0,16.015625,150.0,95.0,41.0,1.0,50,3.0,0,0.0
C2,414,-0.1601862041991977,208.4,111.10000000000001,1,10.0,16.40625,132.0,25.0,21.0,1.0,50,1.0,1,0.0
C2,415,-0.11615291010474954,205.8,112.19999999999999,1,16.4,16.40625,217.0,41.0,21.0,1.0,50,1.0,1,0.0
C2,416,-0.09016810949237408,202.7,112.5,1,20.4,16.40625,132.0,51.0,21.0,1.0,50,2.0,0,0.0
C2,417,0.19758602921172064,77.0,45.400000000000006,1,10.8,16.40625,44.0,27.0,21.0,1.0,50,3.0,0,0.0
C2,418,0.06265098918402892,131.0,81.3,1,12.4,16.40625,76.0,31.0,21.0,1.0,50,2.0,0,0.0
C2,419,-0.036929365241857304,202.3,114.9,1,34.0,16.40625,144.0,85.0,21.0,1.0,50,3.0,2,0.0
C2,420,-0.012368421052631529,202.7,115.2,1,52.8,17.1875,215.0,132.0,22.0,1.0,50,3.0,0,0.0
C2,421,-0.0661370054878116,200.7,113.9,1,24.8,16.40625,117.0,62.0,21.0,1.0,50,3.0,1,0.0
C2,422,-0.040323583841841315,176.3,107.5,1,16.0,16.40625,100.0,40.0,21.0,1.0,50,2.0,2,0.0
C2,423,-0.04517465524911782,120.80000000000001,72.8,1,5.2,16.40625,65.0,13.0,21.0,1.0,90,1.0,1,0.0
C2,424,-0.2600900797878523,207.0,116.7,1,14.4,16.40625,102.0,36.0,21.0,1.0,90,2.0,0,0.0
C2,425,-0.19450771157362456,204.7,114.1,1,37.2,16.40625,157.0,93.0,21.0,1.0,90,3.0,0,0.0
C2,426,-0.19276676951384014,202.4,114.9,1,16.0,16.40625,107.0,40.0,21.0,1.0,70,2.0,2,0.0
C2,427,-0.042215808171562286,143.6,97.69999999999999,1,14.8,17.1875,81.0,37.0,22.0,1.0,70,2.0,0,0.0
C2,428,-0.23679254787597687,209.9,121.0,1,8.4,16.40625,113.0,21.0,21.0,1.0,70,1.0,2,0.0
C2,429,-0.01105263157894737,202.2,114.0,1,63.6,16.40625,271.0,159.0,21.0,1.0,70,3.0,2,0.0
C2,430,-0.11164190472514701,198.6,112.3,1,33.2,16.40625,148.0,83.0,21.0,1.0,70,3.0,2,0.0
C2,431,-0.10321832068394654,200.2,113.5,1,36.0,17.1875,233.0,90.0,22.0,1.0,70,2.0,0,0.0
C2,432,-0.06228875583601498,202.3,114.9,1,46.8,16.40625,212.0,117.0,21.0,1.0,70,3.0,2,0.0
C2,433,-0.1542380933565255,188.29999999999998,110.0,1,16.4,16.40625,109.0,41.0,21.0,1.0,70,2.0,1,0.0
C2,434,0.11995411725212816,70.3,44.1,1,4.4,16.40625,47.0,11.0,21.0,1.0,70,1.0,2,0.0
C2,435,0.009510449123167286,119.0,73.80000000000001,1,10.8,16.40625,62.0,27.0,21.0,1.0,70,2.0,0,0.0
C2,436,-0.20793921947544408,202.1,114.3,1,11.2,17.1875,115.0,28.0,22.0,1.0,70,1.0,2,0.0
C2,437,-0.19148503228116476,203.0,114.7,1,16.8,16.40625,121.0,42.0,21.0,1.0,70,2.0,2,0.0
C2,438,-0.17739598809336765,197.1,112.9,1,16.4,16.40625,108.0,41.0,21.0,1.0,70,2.0,0,0.0
C2,439,-0.19721580817156237,202.5,111.4,1,14.8,16.40625,204.0,37.0,21.0,1.0,70,1.0,2,0.0
C2,440,-0.1910183044615245,201.2,113.10000000000001,1,15.6,16.40625,217.0,39.0,21.0,1.0,70,1.0,1,0.0
C2,441,-0.10540536582758583,202.4,115.0,1,36.8,16.40625,159.0,92.0,21.0,1.0,70,3.0,0,0.0
C2,442,-0.11649118587612381,202.5,112.10000000000001,1,14.4,16.40625,175.0,36.0,21.0,1.0,50,1.0,1,0.0
C2,443,-0.09914906739744411,204.1,117.6,1,19.2,16.40625,123.0,48.0,21.0,1.0,50,2.0,0,0.0
C2,444,-0.06953798410532311,207.4,115.0,1,28.4,17.1875,120.0,71.0,22.0,1.0,50,3.0,1,0.0
C2,445,0.5790928376502638,44.0,34.8,1,9.6,16.40625,33.0,24.0,21.0,1.0,50,3.0,1,0.0
C2,446,0.17854917871912912,76.89999999999999,46.300000000000004,1,6.4,16.40625,43.0,16.0,21.0,1.0,50,2.0,2,0.0
C2,447,0.500251927750567,43.2,34.0,1,6.0,16.40625,34.0,15.0,21.0,1.0,70,2.0,1,0.0
C2,448,-0.061048763049664945,161.6,96.8,1,22.4,17.1875,94.0,56.0,22.0,1.0,70,3.0,0,0.0
C2,449,0.004741327442030666,132.39999999999998,80.8,1,19.6,16.40625,78.0,49.0,21.0,1.0,70,3.0,0,0.0
C2,450,-0.19391304130362969,202.3,112.5,1,15.6,16.40625,101.0,39.0,21.0,1.0,70,2.0,0,0.0
C2,451,-0.14233409393520863,182.7,103.7,1,15.6,16.40625,91.0,39.0,21.0,1.0,70,2.0,2,0.0
C2,452,-0.21120861372947392,201.5,112.8,1,9.6,16.40625,112.0,24.0,21.0,1.0,70,1.0,0,0.0
C2,453,-0.12725661541586542,201.8,111.4,1,31.6,17.1875,193.0,79.0,22.0,1.0,70,2.0,1,0.0
C2,454,-0.18592466425068227,199.8,114.5,1,16.0,16.40625,102.0,40.0,21.0,1.0,70,2.0,2,0.0
C2,455,-0.07899078431840562,202.4,114.8,1,42.8,16.40625,193.0,107.0,21.0,1.0,70,3.0,1,0.0
C2,456,-0.1710481462421799,199.2,110.8,1,19.6,16.40625,146.0,49.0,21.0,1.0,70,2.0,0,0.0
C2,457,-0.1966234300017597,197.8,118.3,1,11.2,16.40625,150.0,28.0,21.0,1.0,70,1.0,0,0.0
C2,458,-0.19614178290735057,193.6,112.4,1,7.6,16.40625,114.0,19.0,21.0,1.0,70,1.0,1,0.0
C2,459,-0.20537370290840445,205.6,114.2,1,14.8,16.40625,172.0,37.0,21.0,1.0,70,1.0,1,0.0
C2,460,-0.14183562739600591,199.3,113.8,1,26.8,16.40625,176.0,67.0,21.0,1.0,70,2.0,1,0.0
C2,461,-0.21495712594013694,207.7,118.6,1,13.6,16.40625,149.0,34.0,21.0,1.0,70,1.0,1,0.0
C2,462,-0.04625080393228809,144.1,89.5,1,14.0,16.40625,87.0,35.0,21.0,1.0,70,2.0,2,0.0
C2,463,-0.15601017712368676,184.29999999999998,103.5,1,12.8,17.1875,158.0,32.0,22.0,1.0,70,1.0,2,0.0
C2,464,-0.08768123836315683,204.4,116.1,1,42.0,16.40625,172.0,105.0,21.0,1.0,70,3.0,1,0.0
C2,465,-0.1936309284927502,207.2,116.0,1,19.2,16.40625,130.0,48.0,21.0,1.0,70,2.0,0,0.0
C2,466,-0.17927734943950274,204.7,119.3,1,21.2,16.40625,142.0,53.0,21.0,1.0,70,2.0,2,0.0
C2,467,-0.21019887028460432,204.4,117.0,1,12.4,16.40625,165.0,31.0,21.0,1.0,70,1.0,1,0.0
C2,468,-0.20410893288028092,204.6,114.7,1,14.4,17.1875,183.0,36.0,22.0,1.0,70,1.0,2,0.0
C2,469,-0.1128432857478539,201.8,111.4,1,34.8,17.1875,140.0,87.0,22.0,1.0,70,3.0,2,0.0
C2,470,-0.18462207436929062,201.5,111.60000000000001,1,17.6,16.40625,205.0,44.0,21.0,1.0,70,1.0,1,0.0
C2,471,-0.10348787575529225,175.9,101.3,1,21.2,16.40625,92.0,53.0,21.0,1.0,70,3.0,2,0.0
C2,472,0.5056592794176633,44.0,33.8,1,10.4,16.40625,38.0,26.0,21.0,1.0,70,3.0,1,0.0
C2,473,-0.1506878802487019,184.29999999999998,102.7,1,14.4,16.40625,94.0,36.0,21.0,1.0,70,2.0,2,0.0
C2,474,0.009826282100537737,113.3,67.2,1,5.6,17.1875,64.0,14.0,22.0,1.0,70,1.0,0,0.0
C2,475,-0.2067349295189475,199.8,114.3,1,9.6,16.40625,122.0,24.0,21.0,1.0,70,1.0,1,0.0
C2,476,-0.16902115707597865,196.70000000000002,112.69999999999999,1,38.4,16.40625,163.0,96.0,21.0,1.0,90,3.0,2,0.0
C2,477,-0.21360577330577984,199.0,118.2,1,26.4,17.1875,109.0,66.0,22.0,1.0,90,3.0,1,0.0
C2,478,-0.2516698433540221,206.5,119.5,1,18.4,17.1875,118.0,46.0,22.0,1.0,90,2.0,0,0.0
C2,479,-0.2841193011910239,211.29999999999998,120.6,1,4.4,16.40625,101.0,11.0,21.0,1.0,90,1.0,1,0.0
C2,480,-0.25791269249355786,205.0,116.6,1,12.4,17.1875,152.0,31.0,22.0,1.0,90,1.0,2,0.0
C2,481,-0.05728874081315649,200.4,115.3,1,66.8,16.40625,293.0,167.0,21.0,1.0,90,3.0,0,0.0
C2,482,-0.0031578947368420818,199.2,112.8,1,98.8,17.1875,640.0,247.0,22.0,1.0,90,2.0,0,0.0
C2,483,-0.23879930087491996,203.8,112.5,1,21.2,16.40625,137.0,53.0,21.0,1.0,90,2.0,1,0.0
C2,484,-0.19932107460528048,203.3,115.9,1,34.8,17.1875,146.0,87.0,22.0,1.0,90,3.0,1,0.0
C2,485,-0.192364544801157,211.5,119.8,1,42.4,16.40625,183.0,106.0,21.0,1.0,90,3.0,2,0.0
C2,486,-0.2280814055827663,204.1,113.0,1,26.0,16.40625,170.0,65.0,21.0,1.0,90,2.0,2,0.0
C2,487,-0.1859615697183658,176.2,106.6,1,9.6,16.40625,143.0,24.0,21.0,1.0,90,1.0,0,0.0
C2,488,-0.23481338766880427,194.20000000000002,107.89999999999999,1,8.4,16.40625,121.0,21.0,21.0,1.0,90,1.0,0,0.0
C2,489,0.04182414961170519,91.1,48.099999999999994,1,12.4,16.40625,45.0,31.0,21.0,1.0,90,3.0,2,0.0
C2,490,0.04088026149045,90.6,47.5,1,10.8,16.40625,40.0,27.0,21.0,1.0,90,3.0,0,0.0
C2,491,-0.15758236434611256,167.1,96.4,1,12.8,16.40625,84.0,32.0,21.0,1.0,90,2.0,0,0.0
C2,492,0.6645151185065423,17.8,17.5,1,2.0,16.40625,7.0,5.0,21.0,1.0,90,2.0,2,0.0
C2,493,-0.20827752614805167,188.6,104.6,1,16.4,16.40625,99.0,41.0,21.0,1.0,90,2.0,0,0.0
C2,494,-0.21043099577544916,198.2,112.10000000000001,1,26.8,16.40625,127.0,67.0,21.0,1.0,90,3.0,2,0.0
C2,495,-0.15860802543667324,201.8,115.2,1,44.4,17.1875,188.0,111.0,22.0,1.0,90,3.0,2,0.0
C2,496,-0.05296517642251897,130.70000000000002,79.8,1,18.0,17.1875,79.0,45.0,22.0,1.0,90,3.0,0,0.0
C2,497,-0.22573991629702955,205.7,119.2,1,28.4,16.40625,125.0,71.0,21.0,1.0,90,3.0,0,0.0
C2,498,-0.20875494142300927,183.60000000000002,102.9,1,6.8,16.40625,92.0,17.0,21.0,1.0,90,1.0,2,0.0
C2,499,-0.23875777111058094,197.5,112.19999999999999,1,12.0,16.40625,171.0,30.0,21.0,1.0,90,1.0,0,0.0
C2,500,-0.2703982322816461,210.2,118.2,1,13.2,16.40625,170.0,33.0,21.0,1.0,90,1.0,1,0.0
C2,501,-0.23217101476078567,202.3,114.4,1,22.4,17.1875,273.0,56.0,22.0,1.0,90,1.0,2,0.0
C2,502,-0.14468722204996975,201.7,112.4,1,47.6,17.1875,293.0,119.0,22.0,1.0,90,2.0,1,0.0
C2,503,-0.2096296663610528,200.9,115.7,1,29.6,16.40625,400.0,74.0,21.0,1.0,90,1.0,2,0.0
C2,504,-0.16104615371179548,206.6,121.2,1,46.8,16.40625,300.0,117.0,21.0,1.0,90,2.0,2,0.0
C2,505,-0.22212427403102059,206.1,114.9,1,30.0,16.40625,363.0,75.0,21.0,1.0,90,1.0,0,0.0
C2,506,-0.12215081715002485,198.5,115.2,1,50.8,16.40625,334.0,127.0,21.0,1.0,90,2.0,2,0.0
C2,507,-0.2225593016298238,197.3,110.9,1,20.8,16.40625,266.0,52.0,21.0,1.0,90,1.0,2,0.0
C2,508,-0.22875465010672946,197.5,109.10000000000001,1,18.0,16.40625,237.0,45.0,21.0,1.0,90,1.0,0,0.0
C2,509,-0.12498058118646499,202.3,115.8,1,32.4,16.40625,218.0,81.0,21.0,1.0,70,2.0,0,0.0
C2,510,-0.18902116421850967,204.3,113.60000000000001,1,18.4,16.40625,226.0,46.0,21.0,1.0,70,1.0,2,0.0
C2,511,-0.2187580063237729,215.60000000000002,120.3,1,18.4,16.40625,231.0,46.0,21.0,1.0,70,1.0,0,0.0
C2,512,-0.17221580817156235,193.0,111.3,1,14.8,16.40625,217.0,37.0,21.0,1.0,70,1.0,2,0.0
C2,513,-0.20134335651442026,206.2,118.5,1,16.4,16.40625,222.0,41.0,21.0,1.0,70,1.0,1,0.0
C2,514,-0.11551134683514702,203.5,117.2,1,35.2,16.40625,227.0,88.0,21.0,1.0,70,2.0,1,0.0
C2,515,-0.05416985602715041,200.4,114.2,1,47.6,17.1875,304.0,119.0,22.0,1.0,70,2.0,2,0.0
C2,516,-0.031651109406269085,201.2,114.7,1,54.8,17.1875,348.0,137.0,22.0,1.0,70,2.0,1,0.0
C2,517,-0.018421052631578894,201.8,113.4,2,78.4,17.1875,341.0,196.0,22.0,1.0,70,3.0,2,0.0
C2,518,0.08726113203054986,112.9,62.1,2,27.2,16.015625,227.0,136.0,41.0,1.0,70,3.0,1,0.0
C2,519,0.07731685379099641,111.19999999999999,62.300000000000004,2,23.8,16.015625,188.0,119.0,41.0,1.0,70,3.0,0,0.0
C2,520,0.03847433466514456,119.0,64.3,2,19.2,16.40625,217.0,96.0,42.0,1.0,70,2.0,2,0.0
C2,521,0.05547412864822315,107.80000000000001,62.1,2,15.8,16.015625,353.0,79.0,41.0,1.0,70,1.0,0,0.0
C2,522,0.10895798970027368,120.6,65.3,2,36.6,16.015625,864.0,183.0,41.0,1.0,70,1.0,1,0.0
C2,523,0.1138853850272748,115.3,63.6,2,34.6,16.015625,413.0,173.0,41.0,1.0,70,2.0,0,0.0
C2,524,0.029788912037592374,112.0,62.0,2,11.4,16.40625,254.0,57.0,42.0,1.0,70,1.0,0,0.0
C2,525,0.05148957435173132,101.9,58.2,2,9.8,16.015625,234.0,49.0,41.0,1.0,70,1.0,1,0.0
C2,526,-0.00614715064297966,127.6,66.19999999999999,2,13.0,16.015625,293.0,65.0,41.0,1.0,70,1.0,0,0.0
C2,527,0.15480160384518266,111.60000000000001,61.6,2,41.6,16.40625,325.0,208.0,42.0,1.0,70,3.0,0,0.0
C2,528,0.09997898232439628,112.4,62.1,2,29.8,16.015625,231.0,149.0,41.0,1.0,70,3.0,1,0.0
C2,529,0.07144896862033566,116.3,62.5,2,25.6,16.015625,204.0,128.0,41.0,1.0,70,3.0,2,0.0
C2,530,0.03057477903149952,117.8,64.8,2,16.2,16.015625,173.0,81.0,41.0,1.0,70,2.0,1,0.0
C2,531,-0.0014616959090968662,117.2,62.0,2,5.2,16.015625,136.0,26.0,41.0,1.0,70,1.0,1,0.0
C2,532,0.02950192082120942,119.3,63.70000000000001,2,17.0,16.015625,130.0,85.0,41.0,1.0,70,3.0,2,0.0
C2,533,-0.07823518750696556,191.6,102.5,1,38.4,16.40625,163.0,96.0,21.0,1.0,70,3.0,2,0.0
C2,534,-0.21232596659737102,205.7,112.3,1,12.8,17.1875,188.0,32.0,22.0,1.0,70,1.0,0,0.0
C2,535,-0.09701536314536585,208.6,116.0,1,42.4,17.1875,261.0,106.0,22.0,1.0,70,2.0,0,0.0
C2,536,-0.17796853263956236,200.1,114.8,1,18.4,16.40625,220.0,46.0,21.0,1.0,70,1.0,2,0.0
C2,537,-0.13809375356756975,206.6,116.6,1,32.0,16.40625,216.0,80.0,21.0,1.0,70,2.0,2,0.0
C2,538,-0.1936413364664527,199.6,112.3,1,13.6,16.40625,187.0,34.0,21.0,1.0,70,1.0,0,0.0
C2,539,-0.07543641577694477,200.4,115.5,1,42.4,17.1875,179.0,106.0,22.0,1.0,70,3.0,1,0.0
C2,540,-0.1263008205193576,207.6,115.5,1,35.2,17.1875,145.0,88.0,22.0,1.0,70,3.0,2,0.0
C2,541,-0.17257829691380283,199.2,110.10000000000001,1,19.2,16.40625,246.0,48.0,21.0,1.0,70,1.0,2,0.0
C2,542,-0.003947368421052644,199.5,113.60000000000001,1,61.6,17.1875,273.0,154.0,22.0,1.0,70,3.0,0,0.0
C2,543,-0.15276155769545385,201.5,114.6,1,25.6,17.1875,161.0,64.0,22.0,1.0,70,2.0,1,0.0
C2,544,-0.06478025800261628,197.0,112.0,1,42.8,17.1875,181.0,107.0,22.0,1.0,70,3.0,0,0.0
C2,545,-0.12588980702488378,200.6,112.60000000000001,1,31.2,16.40625,210.0,78.0,21.0,1.0,70,2.0,2,0.0
C2,546,-0.056999935225835296,196.6,113.8,1,44.4,17.1875,202.0,111.0,22.0,1.0,70,3.0,2,0.0
C2,547,-0.09364841549553171,184.29999999999998,105.1,1,28.8,16.40625,200.0,72.0,21.0,1.0,70,2.0,0,0.0
C2,548,-0.04816120175481492,198.7,111.69999999999999,1,48.0,16.40625,215.0,120.0,21.0,1.0,70,3.0,1,0.0
C2,549,-0.05834138741496234,200.8,113.0,1,46.8,17.1875,215.0,117.0,22.0,1.0,70,3.0,1,0.0
C2,550,-0.19924455367888766,206.5,117.6,1,17.2,17.1875,214.0,43.0,22.0,1.0,70,1.0,1,0.0
C2,551,-0.1971497457912335,198.0,109.5,1,11.2,16.40625,153.0,28.0,21.0,1.0,70,1.0,2,0.0
C2,552,-0.13651396182702497,178.4,105.89999999999999,1,14.0,16.40625,200.0,35.0,21.0,1.0,70,1.0,0,0.0
C2,553,-0.15575367865342643,207.9,116.7,1,28.8,16.40625,184.0,72.0,21.0,1.0,70,2.0,2,0.0
C2,554,-0.05601196129030839,201.1,113.9,1,47.6,17.1875,204.0,119.0,22.0,1.0,70,3.0,2,0.0
C2,555,-0.05495714972042695,205.7,114.3,1,51.2,17.1875,228.0,128.0,22.0,1.0,70,3.0,0,0.0
C2,556,-0.19699041987344545,207.9,116.6,1,18.8,16.40625,222.0,47.0,21.0,1.0,70,1.0,0,0.0
C2,557,-0.04623612425706766,196.20000000000002,111.8,1,26.8,17.1875,165.0,67.0,22.0,1.0,50,2.0,2,0.0
C2,558,-0.08498047273649054,206.6,115.7,1,24.0,16.40625,157.0,60.0,21.0,1.0,50,2.0,0,0.0
C2,559,-0.0048217623154281075,193.1,110.9,1,36.8,16.40625,158.0,92.0,21.0,1.0,50,3.0,1,0.0
C2,560,-0.012894736842105181,202.9,113.60000000000001,1,50.8,17.1875,212.0,127.0,22.0,1.0,50,3.0,2,0.0
C2,561,-0.03574662340463744,198.4,112.69999999999999,1,31.2,16.40625,136.0,78.0,21.0,1.0,50,3.0,2,0.0
C2,562,-0.10078445332881614,207.4,116.1,1,20.8,16.40625,135.0,52.0,21.0,1.0,50,2.0,1,0.0
C2,563,0.00473684210526315,196.20000000000002,111.10000000000001,1,37.6,17.1875,146.0,94.0,22.0,1.0,30,3.0,2,0.0
C2,564,0.15789473684210528,134.8,75.6,2,20.0,16.015625,140.0,100.0,41.0,1.0,30,3.0,2,0.0
C2,565,0.18845889183321352,111.60000000000001,63.8,2,10.0,16.015625,129.0,50.0,41.0,1.0,30,2.0,1,0.0
C2,566,0.18333613242141403,121.6,65.69999999999999,2,16.8,16.015625,131.0,84.0,41.0,1.0,30,3.0,0,0.0
C2,567,0.19754029185941488,115.6,63.6,2,16.2,16.40625,186.0,81.0,42.0,1.0,30,2.0,2,0.0
C2,568,0.1739852076226872,117.1,61.699999999999996,2,10.0,16.015625,192.0,50.0,41.0,1.0,30,1.0,1,0.0
C2,569,0.163214698056986,115.4,61.6,2,6.0,16.015625,141.0,30.0,41.0,1.0,30,1.0,0,0.0
C2,570,0.16951559371613212,112.69999999999999,65.0,2,5.8,16.015625,156.0,29.0,41.0,1.0,30,1.0,0,0.0
C2,571,0.1704298648384276,122.80000000000001,66.10000000000001,2,13.4,16.015625,159.0,67.0,41.0,1.0,30,2.0,2,0.0
C2,572,0.22894736842105262,111.0,61.6,2,20.0,16.015625,149.0,100.0,41.0,1.0,30,3.0,0,0.0
C2,573,0.1951306899663023,114.8,62.9,2,14.6,16.015625,162.0,73.0,41.0,1.0,30,2.0,1,0.0
C2,574,0.22061685777080142,109.10000000000001,61.800000000000004,2,18.6,16.015625,144.0,93.0,41.0,1.0,30,3.0,1,0.0
C2,575,0.20954469080854282,110.2,60.6,2,15.4,16.015625,188.0,77.0,41.0,1.0,30,2.0,2,0.0
C2,576,0.2123684210526316,117.3,64.8,2,23.2,16.015625,176.0,116.0,41.0,1.0,30,3.0,0,0.0
C2,577,0.15786337292943195,122.39999999999999,65.10000000000001,2,9.4,16.015625,187.0,47.0,41.0,1.0,30,1.0,1,0.0
C2,578,0.2128947368421053,113.9,59.9,3,34.666668,16.145834,288.0,260.0,62.0,1.0,30,3.0,2,0.0
C2,579,0.2589769985149975,91.2,46.6,3,15.2,16.145834,251.0,114.0,62.0,1.0,30,2.0,2,0.0
C2,580,0.22501321911561964,94.7,49.3,3,7.866667,15.885417,140.0,59.0,61.0,1.0,30,2.0,2,0.0
C2,581,0.24117298305211643,89.89999999999999,46.0,3,8.8,15.885417,319.0,66.0,61.0,1.0,30,1.0,1,0.0
C2,582,0.16103771507534018,68.2,38.6,7,40.857143,15.625,755.0,715.0,140.0,1.0,30,3.0,1,0.0
C2,583,0.6687195397491141,44.3,29.8,7,11.428572,15.736608,279.0,200.0,141.0,1.0,30,3.0,2,0.0
C2,584,0.6296528262884395,44.6,30.5,7,2.1142857,15.736608,162.0,37.0,141.0,1.0,30,1.0,1,0.0
C2,585,0.6306689914746646,44.4,32.4,7,1.9428571,15.736608,117.0,34.0,141.0,1.0,30,1.0,2,0.0
C2,586,0.6203463528620514,48.2,30.5,7,7.542857,15.736608,163.0,132.0,141.0,1.0,30,3.0,2,0.0
C2,587,0.6416894715877985,45.1,30.5,7,6.0571427,15.736608,156.0,106.0,141.0,1.0,30,3.0,0,0.0
C2,588,0.07244809002496291,87.1,44.2,3,6.8,15.885417,127.0,51.0,61.0,1.0,30,2.0,0,0.0
C2,589,0.16845068272552388,122.39999999999999,66.5,2,15.2,16.015625,120.0,76.0,41.0,1.0,30,3.0,1,0.0
C2,590,0.2073684210526316,119.2,65.8,2,20.8,16.015625,145.0,104.0,41.0,1.0,30,3.0,0,0.0
C2,591,0.19232407490376544,114.0,63.5,2,13.0,16.015625,164.0,65.0,41.0,1.0,30,2.0,1,0.0
C2,592,0.18977875161086893,105.0,60.6,2,5.8,16.015625,133.0,29.0,41.0,1.0,30,1.0,1,0.0
C2,593,0.1625672790525716,119.2,62.9,2,8.4,16.015625,187.0,42.0,41.0,1.0,30,1.0,1,0.0
C2,594,0.22342828497837783,107.5,60.6,2,18.0,16.015625,142.0,90.0,41.0,1.0,30,3.0,1,0.0
C2,595,0.2040818375378757,112.69999999999999,62.1,2,15.8,16.40625,179.0,79.0,42.0,1.0,30,2.0,1,0.0
C2,596,0.21105263157894738,117.8,65.3,2,22.2,16.015625,179.0,111.0,41.0,1.0,30,3.0,1,0.0
C2,597,0.171157953579159,109.89999999999999,61.199999999999996,2,4.4,16.015625,135.0,22.0,41.0,1.0,30,1.0,2,0.0
C2,598,0.14791426410561476,118.1,61.5,2,4.0,16.015625,99.0,20.0,41.0,1.0,30,1.0,2,0.0
C2,599,0.1944971570028582,102.9,59.2,2,5.6,16.015625,127.0,28.0,41.0,1.0,30,1.0,0,0.0
C2,600,0.18755941969188678,117.9,65.9,2,14.8,16.015625,170.0,74.0,41.0,1.0,30,2.0,2,0.0
C2,601,0.21788624258531183,105.7,63.5,2,14.2,16.015625,150.0,71.0,41.0,1.0,30,2.0,0,0.0
C2,602,0.04473684210526312,177.8,96.10000000000001,1,22.0,16.40625,104.0,55.0,21.0,1.0,30,3.0,0,0.0
C2,603,-0.022081444792738325,190.5,114.8,1,9.2,17.1875,120.0,23.0,22.0,1.0,30,1.0,0,0.0
C2,604,-0.016842105263157825,204.4,116.2,1,26.4,16.40625,171.0,66.0,21.0,1.0,30,2.0,1,0.0
C2,605,0.014473684210526305,192.5,110.0,1,24.4,16.40625,156.0,61.0,21.0,1.0,30,2.0,1,0.0
C2,606,0.002022776013907185,190.1,110.10000000000001,1,16.4,16.40625,213.0,41.0,21.0,1.0,30,1.0,1,0.0
C2,607,-0.04758873194471283,202.9,114.9,1,11.2,16.40625,149.0,28.0,21.0,1.0,30,1.0,1,0.0
C2,608,-0.03382509350709245,199.2,111.9,1,12.4,16.40625,174.0,31.0,21.0,1.0,30,1.0,0,0.0
C2,609,-0.012894736842105181,202.9,118.0,1,29.2,16.40625,185.0,73.0,21.0,1.0,30,2.0,1,0.0
C2,610,-0.023684210526315697,207.0,114.0,1,22.8,16.40625,101.0,57.0,21.0,1.0,30,3.0,2,0.0
C2,611,-0.05811504773418649,206.9,116.6,1,11.2,16.40625,172.0,28.0,21.0,1.0,30,1.0,1,0.0
C2,612,-0.03789473684210526,209.2,90.89999999999999,2,37.2,16.015625,200.0,186.0,41.0,1.0,30,3.0,0,0.0
C2,613,0.1708653547819295,114.0,64.10000000000001,2,7.0,16.015625,195.0,35.0,41.0,1.0,30,1.0,1,0.0
C2,614,0.14664703827638237,122.0,68.3,2,6.2,16.015625,156.0,31.0,41.0,1.0,30,1.0,1,0.0
C2,615,0.18330666766257103,122.0,67.2,2,17.2,16.015625,193.0,86.0,41.0,1.0,30,2.0,1,0.0
C2,616,0.21973684210526315,114.5,63.8,2,25.2,16.015625,207.0,126.0,41.0,1.0,30,3.0,0,0.0
C2,617,0.22122450238573066,106.6,59.2,2,16.2,16.015625,188.0,81.0,41.0,1.0,30,2.0,1,0.0
C2,618,0.22026315789473686,114.3,64.4,2,26.0,16.015625,201.0,130.0,41.0,1.0,30,3.0,0,0.0
C2,619,0.21526315789473685,116.2,65.60000000000001,2,21.8,16.015625,253.0,109.0,41.0,1.0,30,2.0,2,0.0
C2,620,0.19356982555730784,118.1,64.19999999999999,2,17.2,16.015625,207.0,86.0,41.0,1.0,30,2.0,0,0.0
C2,621,0.15425243582139528,118.5,65.3,2,5.8,16.015625,128.0,29.0,41.0,1.0,30,1.0,2,0.0
C2,622,0.1929858244367606,114.7,66.5,2,13.8,16.40625,350.0,69.0,42.0,1.0,30,1.0,1,0.0
C2,623,0.22026315789473686,114.3,63.8,2,30.8,16.40625,732.0,154.0,42.0,1.0,30,1.0,1,0.0
C2,624,0.22078947368421056,114.1,64.10000000000001,2,32.4,16.015625,765.0,162.0,41.0,1.0,30,1.0,1,0.0
C2,625,0.06594015035038153,95.10000000000001,45.400000000000006,6,49.3,16.015625,723.0,493.0,82.0,1.0,30,3.0,2,0.0
C2,626,0.6294354271799931,45.6,32.0,6,24.133333,15.755208,756.0,362.0,121.0,1.0,50,2.0,1,0.0
C2,627,0.6368564630372411,45.1,30.900000000000002,6,24.866667,15.755208,785.0,373.0,121.0,1.0,50,2.0,1,0.0
C2,628,0.6464108201763838,48.300000000000004,32.099999999999994,6,35.533333,15.885417,737.0,533.0,122.0,1.0,50,3.0,1,0.0
C2,629,0.5805642539601654,45.6,31.9,6,13.066667,15.755208,789.0,196.0,121.0,1.0,50,1.0,2,0.0
C2,630,0.5408906037587347,47.800000000000004,31.6,5,10.4,15.755208,681.0,156.0,121.0,1.0,50,1.0,0,0.0
C2,631,0.6578947368421053,49.4,34.3,5,43.6,15.78125,791.0,545.0,101.0,1.0,50,3.0,2,0.0
C2,632,0.6552631578947368,49.7,34.5,5,42.72,15.78125,767.0,534.0,101.0,1.0,50,3.0,2,0.0
C2,633,0.38921052631578945,50.1,34.3,5,52.4,15.78125,967.0,655.0,101.0,1.0,50,3.0,0,0.0
C2,634,0.6552631578947368,49.7,34.0,5,48.8,15.78125,1359.0,610.0,101.0,1.0,50,2.0,1,0.0
C2,635,0.6578947368421053,49.4,33.9,5,46.24,15.78125,853.0,578.0,101.0,1.0,50,3.0,1,0.0
C2,636,0.5452650479625178,49.2,33.6,5,12.24,15.78125,689.0,153.0,101.0,1.0,50,1.0,2,0.0
C2,637,0.6380375957410567,49.5,34.5,5,36.32,15.78125,685.0,454.0,101.0,1.0,50,3.0,1,0.0
C2,638,0.599191951083032,49.4,34.8,5,24.88,15.78125,653.0,311.0,101.0,1.0,50,2.0,2,0.0
C2,639,0.5504633541344282,49.099999999999994,34.4,5,13.2,15.78125,698.0,165.0,101.0,1.0,50,1.0,0,0.0
C2,640,0.3881578947368421,50.5,34.6,5,43.04,15.9375,773.0,538.0,102.0,1.0,50,3.0,2,0.0
C2,641,0.5862353992795557,48.7,33.4,5,20.4,15.9375,1073.0,255.0,102.0,1.0,50,1.0,0,0.0
C2,642,0.6543859649122807,49.8,34.8,5,47.6,15.78125,1317.0,595.0,101.0,1.0,50,2.0,1,0.0
C2,643,0.5508734342543329,49.3,34.0,5,13.68,15.78125,685.0,171.0,101.0,1.0,50,1.0,0,0.0
C2,644,0.638485101902807,49.4,34.2,5,36.16,15.78125,661.0,452.0,101.0,1.0,50,3.0,1,0.0
C2,645,0.5566529106943268,48.599999999999994,33.7,5,13.6,15.78125,700.0,170.0,101.0,1.0,50,1.0,0,0.0
C2,646,0.344447731487557,50.2,34.9,5,28.48,15.78125,718.0,356.0,101.0,1.0,50,2.0,2,0.0
C2,647,0.23394180184182622,60.8,37.0,4,11.28,15.78125,577.0,141.0,101.0,1.0,50,1.0,2,0.0
C2,648,0.3032801758944488,71.1,39.6,4,32.4,16.210938,462.0,324.0,83.0,1.0,50,3.0,0,0.0
C2,649,0.32027658725312924,71.9,39.6,4,39.4,15.8203125,603.0,394.0,81.0,1.0,50,3.0,2,0.0
C2,650,0.28731695301814364,69.3,39.699999999999996,4,26.7,16.015625,622.0,267.0,82.0,1.0,50,2.0,2,0.0
C2,651,0.2656147770713011,54.9,38.1,4,13.0,15.8203125,544.0,130.0,81.0,1.0,50,1.0,0,0.0
C2,652,0.3503881197962117,59.7,38.3,4,38.5,15.8203125,566.0,385.0,81.0,1.0,50,3.0,1,0.0
C2,653,0.2236270591397166,70.0,39.300000000000004,4,12.5,15.8203125,549.0,125.0,81.0,1.0,50,1.0,1,0.0
C2,654,0.3592105263157895,61.5,38.5,4,49.1,16.015625,693.0,491.0,82.0,1.0,50,3.0,1,0.0
C2,655,0.3183964284197444,64.60000000000001,38.800000000000004,4,31.8,15.8203125,715.0,318.0,81.0,1.0,50,2.0,1,0.0
C2,656,0.34842105263157896,65.60000000000001,39.1,4,46.0,15.8203125,701.0,460.0,81.0,1.0,50,3.0,0,0.0
C2,657,0.3316700320346724,62.0,38.800000000000004,4,33.8,16.015625,730.0,338.0,82.0,1.0,50,2.0,2,0.0
C2,658,0.25741760286489584,58.7,37.699999999999996,4,13.4,15.8203125,591.0,134.0,81.0,1.0,50,1.0,2,0.0
C2,659,0.24167508019280684,62.8,37.6,4,12.3,15.8203125,540.0,123.0,81.0,1.0,50,1.0,0,0.0
C2,660,0.21121747215379372,79.0,40.0,4,15.0,15.8203125,612.0,150.0,81.0,1.0,50,1.0,0,0.0
C2,661,0.30222561107502394,66.69999999999999,39.5,4,28.8,15.8203125,623.0,288.0,81.0,1.0,50,2.0,0,0.0
C2,662,0.17053850132043483,90.0,45.6,3,14.266666,15.885417,484.0,107.0,61.0,1.0,50,1.0,0,0.0
C2,663,0.2744736842105263,93.7,48.0,3,45.066666,15.885417,552.0,338.0,61.0,1.0,50,3.0,0,0.0
C2,664,0.2707894736842105,95.10000000000001,46.800000000000004,3,46.4,15.885417,549.0,348.0,61.0,1.0,50,3.0,1,0.0
C2,665,0.2768421052631579,92.8,46.699999999999996,3,47.6,15.885417,561.0,357.0,61.0,1.0,50,3.0,1,0.0
C2,666,0.22797231039694094,92.2,48.2,3,26.933332,15.885417,453.0,202.0,61.0,1.0,50,2.0,1,0.0
C2,667,0.2539533140947704,90.5,46.699999999999996,3,32.933334,15.885417,564.0,247.0,61.0,1.0,50,2.0,1,0.0
C2,668,0.13790155530862608,95.2,47.9,3,8.133333,15.885417,141.0,61.0,61.0,1.0,50,2.0,1,0.0
C2,669,0.143444515480998,97.8,49.3,3,10.933333,15.885417,177.0,82.0,61.0,1.0,50,2.0,1,0.0
C2,670,0.14442029975301401,95.4,47.199999999999996,3,9.733334,15.885417,108.0,73.0,61.0,1.0,50,3.0,1,0.0
C2,671,0.11049656288341894,101.2,57.1,2,7.4,16.015625,101.0,37.0,41.0,1.0,50,2.0,1,0.0
C2,672,0.08091314417499773,111.10000000000001,53.1,2,4.6,16.015625,89.0,23.0,41.0,1.0,50,1.0,0,0.0
C2,673,-0.13891156919530534,198.3,109.3,1,8.8,17.1875,106.0,22.0,22.0,1.0,50,1.0,2,0.0
C2,674,-0.11150248068372973,205.4,118.1,1,17.2,16.40625,126.0,43.0,21.0,1.0,50,2.0,2,0.0
C2,675,0.0993963829298864,127.3,78.7,1,18.4,16.40625,74.0,46.0,21.0,1.0,50,3.0,2,0.0
C2,676,-0.036115593233992965,169.9,102.1,1,13.2,16.40625,92.0,33.0,21.0,1.0,50,2.0,1,0.0
C2,677,0.061003210008775316,124.2,86.6,1,8.0,17.1875,80.0,20.0,22.0,1.0,50,1.0,0,0.0
C2,678,-0.07602915685624045,205.7,112.9,1,25.6,17.1875,152.0,64.0,22.0,1.0,50,2.0,2,0.0
C2,679,-0.04502621184426034,201.4,112.19999999999999,1,30.8,16.40625,135.0,77.0,21.0,1.0,50,3.0,1,0.0
C2,680,0.09675250728431842,105.39999999999999,61.800000000000004,1,4.8,16.40625,59.0,12.0,21.0,1.0,50,1.0,0,0.0
C2,681,-0.10797203812274522,206.1,114.2,1,18.4,16.40625,123.0,46.0,21.0,1.0,50,2.0,0,0.0
C2,682,-0.0749765252772931,205.3,113.60000000000001,1,25.6,16.40625,108.0,64.0,21.0,1.0,50,3.0,1,0.0
C2,683,-0.0005263157894736525,198.2,114.7,1,40.8,17.1875,170.0,102.0,22.0,1.0,50,3.0,0,0.0
C2,684,-0.07478025800261617,200.8,115.5,1,22.8,16.40625,102.0,57.0,21.0,1.0,50,3.0,0,0.0
C2,685,0.014075494508602807,139.4,89.39999999999999,1,6.4,16.40625,85.0,16.0,21.0,1.0,50,1.0,1,0.0
C2,686,-0.07123612425706763,205.7,115.3,1,26.8,16.40625,117.0,67.0,21.0,1.0,50,3.0,2,0.0
C2,687,0.13580888392087104,103.2,70.6,1,12.4,16.40625,70.0,31.0,21.0,1.0,50,2.0,2,0.0
C2,688,-0.09665701589987835,210.4,118.2,1,23.6,17.1875,151.0,59.0,22.0,1.0,50,2.0,2,0.0
C2,689,0.12222678869937409,101.6,61.199999999999996,1,8.4,16.40625,51.0,21.0,21.0,1.0,50,2.0,2,0.0
C2,690,0.09055523837758689,129.3,80.9,1,17.6,16.40625,71.0,44.0,21.0,1.0,50,3.0,0,0.0
C2,691,-0.04415907091621396,175.7,101.7,1,14.8,16.40625,98.0,37.0,21.0,1.0,50,2.0,2,0.0
C2,692,0.0981936939625894,111.4,68.4,1,8.8,16.40625,63.0,22.0,21.0,1.0,50,2.0,1,0.0
C2,693,0.2060298215141869,77.2,46.1,1,12.8,16.40625,48.0,32.0,21.0,1.0,50,3.0,2,0.0
C2,694,0.14995057842982795,90.39999999999999,49.2,1,8.0,16.40625,42.0,20.0,21.0,1.0,50,2.0,1,0.0
C2,695,-0.15425434349273276,208.0,119.8,1,9.2,16.40625,109.0,23.0,21.0,1.0,50,1.0,2,0.0
C2,696,-0.09423269385908589,200.2,115.5,1,18.0,16.40625,121.0,45.0,21.0,1.0,50,2.0,1,0.0
C2,697,-0.0879720381227452,198.5,112.4,1,18.4,16.40625,112.0,46.0,21.0,1.0,50,2.0,2,0.0
C2,698,-0.006790649863582465,161.5,96.8,1,14.8,16.40625,99.0,37.0,21.0,1.0,50,2.0,2,0.0
C2,699,-0.12224689551115228,194.5,111.9,1,8.4,16.40625,133.0,21.0,21.0,1.0,50,1.0,0,0.0
C2,700,-0.06287091496447939,206.0,115.9,1,29.2,16.40625,133.0,73.0,21.0,1.0,50,3.0,1,0.0
C2,701,0.02500000000000001,182.10000000000002,85.9,3,58.4,15.885417,433.0,438.0,61.0,1.0,50,3.0,0,0.0
C2,702,0.2797368421052632,88.5,44.1,4,52.2,15.8203125,740.0,522.0,81.0,1.0,50,3.0,2,0.0
C2,703,0.2277706381235089,53.400000000000006,36.5,4,3.4,15.8203125,141.0,34.0,81.0,1.0,50,1.0,2,0.0
C2,704,0.15823483625535373,79.2,40.0,4,3.0,15.8203125,114.0,30.0,81.0,1.0,50,1.0,0,0.0
C2,705,0.15426039788240842,80.4,39.699999999999996,4,2.8,16.015625,127.0,28.0,82.0,1.0,50,1.0,0,0.0
C2,706,0.16094840633376656,83.1,42.0,4,6.1,15.8203125,135.0,61.0,81.0,1.0,50,2.0,1,0.0
C2,707,0.12292024056195466,88.8,42.8,3,2.6,15.8203125,104.0,26.0,81.0,1.0,50,1.0,0,0.0
C2,708,0.03938408623168681,120.80000000000001,68.0,1,4.8,16.40625,61.0,12.0,21.0,1.0,50,1.0,1,0.0
C2,709,0.11582527290995781,104.7,62.9,1,8.8,16.40625,52.0,22.0,21.0,1.0,50,2.0,2,0.0
C2,710,0.08610225785524772,114.0,69.9,1,7.6,16.40625,60.0,19.0,21.0,1.0,50,2.0,0,0.0
C2,711,0.07614767998131008,139.5,88.7,1,20.4,17.1875,89.0,51.0,22.0,1.0,50,3.0,0,0.0
C2,712,0.1469664584840184,101.7,59.9,1,14.0,16.40625,57.0,35.0,21.0,1.0,50,3.0,1,0.0
C2,713,0.11247510261251593,96.9,55.4,1,3.2,16.40625,54.0,8.0,21.0,1.0,50,1.0,2,0.0
C2,714,0.13035091938703414,108.7,61.1,1,14.4,16.40625,54.0,36.0,21.0,1.0,50,3.0,0,0.0
C2,715,0.13914756466074382,103.3,61.0,1,13.2,16.40625,51.0,33.0,21.0,1.0,50,3.0,0,0.0
C2,716,0.1082456562291394,117.1,68.6,1,14.4,16.40625,64.0,36.0,21.0,1.0,50,3.0,0,0.0
C2,717,0.13320752101314245,96.10000000000001,57.9,1,7.6,16.40625,55.0,19.0,21.0,1.0,50,2.0,2,0.0
C2,718,0.13175250728431837,92.1,50.3,1,4.8,16.40625,47.0,12.0,21.0,1.0,50,1.0,1,0.0
C2,719,0.13125282781863856,106.30000000000001,63.4,1,13.2,16.40625,53.0,33.0,21.0,1.0,50,3.0,1,0.0
C2,720,0.15833193510662447,80.10000000000001,45.0,1,3.6,16.40625,44.0,9.0,21.0,1.0,50,1.0,2,0.0
C2,721,0.06393854283624237,142.8,92.3,1,19.6,16.40625,82.0,49.0,21.0,1.0,50,3.0,1,0.0
C2,722,0.11485836764674248,104.4,59.4,1,8.4,16.40625,54.0,21.0,21.0,1.0,50,2.0,1,0.0
C2,723,0.14813508467208164,99.2,59.7,1,12.8,16.40625,51.0,32.0,21.0,1.0,50,3.0,2,0.0
C2,724,0.09648934938958154,105.5,61.199999999999996,1,4.8,16.40625,53.0,12.0,21.0,1.0,50,1.0,0,0.0
C2,725,0.137419876452207,106.7,61.6,1,14.8,16.40625,57.0,37.0,21.0,1.0,50,3.0,1,0.0
C2,726,0.12234625206255378,113.8,71.2,1,15.6,16.40625,61.0,39.0,21.0,1.0,50,3.0,0,0.0
C2,727,-0.013421052631578945,203.1,111.4,1,46.0,16.40625,313.0,115.0,21.0,1.0,50,2.0,2,0.0
C2,728,0.05052631578947368,172.4,78.10000000000001,3,59.866665,15.885417,654.0,449.0,61.0,1.0,50,3.0,0,0.0
C2,729,0.3178947368421053,74.0,40.7,4,42.7,16.015625,627.0,427.0,82.0,1.0,50,3.0,0,0.0
C2,730,0.24474973024684876,65.4,39.0,4,14.5,15.8203125,658.0,145.0,81.0,1.0,50,1.0,0,0.0
C2,731,0.28037779787439426,74.0,39.4,4,28.1,15.8203125,630.0,281.0,81.0,1.0,50,2.0,1,0.0
C2,732,0.3394736842105263,69.0,38.800000000000004,4,41.2,15.8203125,631.0,412.0,81.0,1.0,50,3.0,1,0.0
C2,733,0.3013901587432194,67.3,38.699999999999996,4,29.0,16.015625,640.0,290.0,82.0,1.0,50,2.0,1,0.0
C2,734,0.21016484057484636,79.39999999999999,40.300000000000004,4,15.0,15.8203125,627.0,150.0,81.0,1.0,50,1.0,1,0.0
C2,735,0.33710526315789474,69.9,39.4,4,42.9,16.015625,642.0,429.0,82.0,1.0,50,3.0,2,0.0
C2,736,0.2922256110750239,70.5,39.699999999999996,4,28.8,15.8203125,632.0,288.0,81.0,1.0,50,2.0,0,0.0
C2,737,0.35157894736842105,64.4,38.800000000000004,4,43.5,16.015625,645.0,435.0,82.0,1.0,50,3.0,0,0.0
C2,738,0.31894736842105265,76.8,40.7,4,43.3,15.8203125,648.0,433.0,81.0,1.0,50,3.0,2,0.0
C2,739,0.2496738804502175,61.3,38.9,4,13.2,15.8203125,635.0,132.0,81.0,1.0,50,1.0,2,0.0
C2,740,0.3053340272441628,66.5,38.699999999999996,4,29.5,15.8203125,666.0,295.0,81.0,1.0,50,2.0,1,0.0
C2,741,0.24132867761526983,66.69999999999999,39.1,4,14.5,15.8203125,667.0,145.0,81.0,1.0,50,1.0,0,0.0
C2,742,0.27178304528770725,75.80000000000001,39.699999999999996,4,27.1,15.8203125,620.0,271.0,81.0,1.0,50,2.0,1,0.0
C2,743,0.34578947368421054,66.60000000000001,39.1,4,41.5,15.8203125,612.0,415.0,81.0,1.0,50,3.0,1,0.0
C2,744,0.32289473684210523,75.30000000000001,39.6,4,40.7,16.210938,606.0,407.0,83.0,1.0,50,3.0,2,0.0
C2,745,0.13326298035335032,74.5,39.6,4,12.9,15.8203125,591.0,129.0,81.0,1.0,70,1.0,2,0.0
C2,746,0.15984192772177136,64.4,38.9,4,12.9,15.8203125,592.0,129.0,81.0,1.0,70,1.0,0,0.0
C2,747,0.13004287405986303,76.6,40.5,4,13.6,15.8203125,601.0,136.0,81.0,1.0,70,1.0,0,0.0
C2,748,0.21477263713604713,67.10000000000001,39.199999999999996,4,28.8,15.8203125,665.0,288.0,81.0,1.0,70,2.0,2,0.0
C2,749,0.2504420245307496,74.5,40.800000000000004,3,43.1,15.8203125,629.0,431.0,81.0,1.0,70,3.0,2,0.0
C2,750,0.09879140140285433,85.7,45.6,3,11.333333,15.885417,122.0,85.0,61.0,1.0,70,3.0,2,0.0
C2,751,0.12763189200184716,69.6,42.9,3,6.6666665,15.885417,118.0,50.0,61.0,1.0,70,2.0,2,0.0
C2,752,0.44638440318506684,48.300000000000004,35.4,3,2.2666667,15.885417,67.0,17.0,61.0,1.0,70,1.0,0,0.0
C2,753,0.059509021118858946,102.9,50.4,3,13.2,16.145834,139.0,99.0,62.0,1.0,70,3.0,1,0.0
C2,754,0.12993089464894608,67.4,40.800000000000004,3,5.3333335,15.885417,84.0,40.0,61.0,1.0,70,2.0,2,0.0
C2,755,0.13564387877629772,127.90000000000002,65.8,1,12.0,16.40625,77.0,30.0,21.0,1.0,30,3.0,0,0.0
C2,756,-0.018512289164110407,189.70000000000002,112.8,1,9.6,16.40625,125.0,24.0,21.0,1.0,30,1.0,2,0.0
C2,757,-0.007631578947368323,200.9,110.39999999999999,1,26.8,16.40625,107.0,67.0,21.0,1.0,30,3.0,1,0.0
C2,758,-0.051933341795689314,202.4,112.9,1,9.6,17.1875,119.0,24.0,22.0,1.0,30,1.0,0,0.0
C2,759,0.09504067580790251,143.7,93.2,1,7.6,16.40625,87.0,19.0,21.0,1.0,30,1.0,2,0.0
C2,760,0.11953048753067019,132.0,83.3,1,6.0,16.40625,73.0,15.0,21.0,1.0,30,1.0,2,0.0
C2,761,-0.02684210526315789,208.2,118.1,1,22.4,16.40625,287.0,56.0,21.0,1.0,30,1.0,1,0.0
C2,762,0.03947368421052637,176.6,88.8,3,37.2,16.015625,716.0,186.0,41.0,1.0,30,1.0,0,0.0
C2,763,0.08840891499951407,93.10000000000001,46.199999999999996,3,14.133333,15.885417,222.0,106.0,61.0,1.0,70,2.0,1,0.0
C2,764,0.06518346098043028,98.0,50.2,3,10.933333,15.885417,125.0,82.0,61.0,1.0,70,3.0,2,0.0
C2,765,0.1330887893857882,66.19999999999999,37.8,3,5.3333335,15.885417,77.0,40.0,61.0,1.0,70,2.0,2,0.0
C2,766,0.16338964144640933,54.300000000000004,38.199999999999996,3,4.9333334,15.885417,80.0,37.0,61.0,1.0,70,2.0,0,0.0
C2,767,0.4539765032639846,47.4,29.5,3,2.1333334,15.885417,58.0,16.0,61.0,1.0,70,1.0,2,0.0
C2,768,-0.20844835947836693,192.3,100.8,1,8.0,16.40625,93.0,20.0,21.0,1.0,70,1.0,0,0.0
C2,769,-0.17187317882863035,203.1,115.4,1,22.0,16.40625,140.0,55.0,21.0,1.0,70,2.0,0,0.0
C2,770,-0.16779941426032918,182.0,105.80000000000001,1,6.8,16.40625,97.0,17.0,21.0,1.0,70,1.0,0,0.0
C2,771,-0.1413596024415294,203.1,115.4,1,29.2,16.40625,176.0,73.0,21.0,1.0,70,2.0,0,0.0
C2,772,-0.1738708792669768,183.5,100.4,1,6.0,16.40625,94.0,15.0,21.0,1.0,70,1.0,2,0.0
C2,773,-0.14761435634422715,198.9,113.19999999999999,1,25.2,16.40625,107.0,63.0,21.0,1.0,70,3.0,2,0.0
C2,774,-0.17532998101845015,203.2,114.0,1,21.2,16.40625,145.0,53.0,21.0,1.0,70,2.0,1,0.0
C2,775,-0.1463596024415293,205.0,114.5,1,29.2,16.40625,128.0,73.0,21.0,1.0,70,3.0,2,0.0
C2,776,-0.14169663603394672,203.9,116.7,1,29.6,16.40625,126.0,74.0,21.0,1.0,70,3.0,2,0.0
C2,777,0.10716955076802721,83.8,56.0,1,12.4,16.40625,50.0,31.0,21.0,1.0,70,3.0,0,0.0
C2,778,-0.19591117814522635,194.8,106.1,1,8.8,16.40625,92.0,22.0,21.0,1.0,70,1.0,1,0.0
C2,779,-0.0017526652678833132,117.7,72.1,1,5.6,16.40625,61.0,14.0,21.0,1.0,70,1.0,2,0.0
C2,780,0.04640522946895875,99.4,66.0,1,5.6,16.40625,60.0,14.0,21.0,1.0,70,1.0,2,0.0
C2,781,-0.20907756268759986,201.6,114.6,1,10.4,16.40625,138.0,26.0,21.0,1.0,70,1.0,2,0.0
C2,782,-0.1762396123544301,208.5,119.8,1,24.4,16.40625,166.0,61.0,21.0,1.0,70,2.0,2,0.0
C2,783,-0.15140539146056797,199.7,115.5,1,24.8,17.1875,162.0,62.0,22.0,1.0,70,2.0,0,0.0
C2,784,-0.11212807751655382,198.1,117.0,1,32.8,16.40625,143.0,82.0,21.0,1.0,70,3.0,1,0.0
C2,785,-0.1621943787141153,201.9,112.69999999999999,1,23.6,16.40625,157.0,59.0,21.0,1.0,70,2.0,2,0.0
C2,786,-0.21685688499749983,203.2,112.19999999999999,1,9.2,16.40625,146.0,23.0,21.0,1.0,70,1.0,1,0.0
C2,787,-0.22475162183960506,206.2,115.7,1,9.2,16.40625,156.0,23.0,21.0,1.0,70,1.0,0,0.0
C2,788,-0.16683761992639046,197.6,113.60000000000001,1,19.6,16.40625,140.0,49.0,21.0,1.0,70,2.0,1,0.0
C2,789,-0.17993571238986744,192.89999999999998,112.9,1,12.4,17.1875,150.0,31.0,22.0,1.0,70,1.0,1,0.0
C2,790,-0.13773886796945006,198.4,113.19999999999999,1,27.2,16.40625,126.0,68.0,21.0,1.0,70,3.0,2,0.0
C2,791,-0.15314067213370097,201.0,112.69999999999999,1,25.2,16.40625,167.0,63.0,21.0,1.0,70,2.0,0,0.0
C2,792,-0.2117349295189475,201.7,115.3,1,9.6,16.40625,128.0,24.0,21.0,1.0,70,1.0,0,0.0
C2,793,-0.11006682312371327,178.4,102.3,1,21.2,16.40625,92.0,53.0,21.0,1.0,70,3.0,2,0.0
C2,794,-0.10741397504476158,192.89999999999998,113.69999999999999,1,30.8,16.40625,130.0,77.0,21.0,1.0,70,3.0,2,0.0
C2,795,-0.21160651440915718,210.10000000000002,114.4,1,16.4,16.40625,121.0,41.0,21.0,1.0,70,2.0,0,0.0
C2,796,0.05793719129736584,103.0,60.1,1,12.8,16.40625,51.0,32.0,21.0,1.0,70,3.0,2,0.0
C2,797,-0.14101683654816333,202.3,113.9,1,28.8,17.1875,129.0,72.0,22.0,1.0,70,3.0,1,0.0
C2,798,-0.09875138832867869,173.5,100.7,1,20.8,16.40625,94.0,52.0,21.0,1.0,70,3.0,2,0.0
C2,799,-0.15549198867205077,187.70000000000002,106.2,1,15.6,16.40625,92.0,39.0,21.0,1.0,70,2.0,1,0.0
C2,800,-0.009957545544739432,128.8,84.4,1,12.8,16.40625,77.0,32.0,21.0,1.0,70,2.0,1,0.0
C2,801,-0.019473684210526254,205.4,113.9,1,28.4,16.40625,121.0,71.0,21.0,1.0,30,3.0,0,0.0
C2,802,0.22874830271715393,100.4,59.8,1,13.2,16.40625,54.0,33.0,21.0,1.0,30,3.0,2,0.0
C2,803,0.11744809002496293,134.0,78.7,1,6.8,16.40625,70.0,17.0,21.0,1.0,30,1.0,1,0.0
C2,804,-0.08680142945525535,212.79999999999998,122.80000000000001,1,7.6,16.40625,109.0,19.0,21.0,1.0,30,1.0,0,0.0
C2,805,-0.03772143740056444,208.1,116.3,1,19.6,16.40625,118.0,49.0,21.0,1.0,30,2.0,2,0.0
C2,806,-0.013157894736842035,199.8,103.4,2,32.4,16.40625,140.0,81.0,21.0,1.0,30,3.0,1,0.0
C2,807,0.18168491904532766,121.0,65.5,2,15.6,16.015625,122.0,78.0,41.0,1.0,30,3.0,0,0.0
C2,808,0.7399138430800571,33.6,25.0,2,5.4,16.015625,36.0,27.0,41.0,1.0,30,3.0,1,0.0
C2,809,0.14552787816777643,121.2,69.2,2,5.4,16.40625,124.0,27.0,42.0,1.0,30,1.0,2,0.0
C2,810,0.2957616445610023,61.6,41.6,2,3.8,16.015625,78.0,19.0,41.0,1.0,30,1.0,1,0.0
C2,811,0.3289440614030798,55.4,38.699999999999996,2,8.0,16.015625,64.0,40.0,41.0,1.0,30,3.0,1,0.0
C2,812,-0.04096170011289582,197.7,102.3,1,11.6,16.40625,127.0,29.0,21.0,1.0,30,1.0,1,0.0
C2,813,0.12570221370551107,140.5,87.9,1,14.0,16.40625,83.0,35.0,21.0,1.0,30,2.0,2,0.0
C2,814,0.11695966824998197,141.4,88.3,1,12.0,16.40625,80.0,30.0,21.0,1.0,30,2.0,0,0.0
C2,815,0.0105559458834186,185.6,104.7,1,15.2,16.40625,95.0,38.0,21.0,1.0,30,2.0,2,0.0
C2,816,-0.06308973242108637,203.2,115.7,1,7.2,16.40625,148.0,18.0,21.0,1.0,30,1.0,0,0.0
C2,817,0.00030099709637140815,183.10000000000002,100.8,1,10.0,16.40625,93.0,25.0,21.0,1.0,30,1.0,0,0.0
C2,818,-0.014037226874248632,199.1,112.60000000000001,1,19.6,16.40625,124.0,49.0,21.0,1.0,30,2.0,2,0.0
C2,819,0.047631578947368414,179.9,103.0,1,22.8,16.40625,99.0,57.0,21.0,1.0,30,3.0,2,0.0
C2,820,-0.025526315789473675,207.7,115.7,1,22.4,16.40625,145.0,56.0,21.0,1.0,30,2.0,2,0.0
C2,821,-0.04453797690850636,194.70000000000002,100.2,2,51.6,17.1875,330.0,129.0,22.0,1.0,30,2.0,1,0.0
C2,822,-0.141343349693908,103.4,50.3,7,83.6,15.885417,785.0,627.0,61.0,1.0,30,3.0,0,0.0
C2,823,0.711809243442876,35.9,25.5,7,3.4857142,15.625,77.0,61.0,140.0,1.0,30,3.0,0,0.0
C2,824,0.7665568735269888,28.400000000000002,19.7,7,0.9142857,15.736608,42.0,16.0,141.0,1.0,30,1.0,1,0.0
C2,825,0.7242821934441448,33.7,24.1,7,1.8857143,15.625,55.0,33.0,140.0,1.0,30,2.0,0,0.0
C2,826,0.6688902265144219,40.599999999999994,28.1,7,3.0857143,15.625,106.0,54.0,140.0,1.0,30,2.0,0,0.0
C2,827,0.7317051839943411,32.599999999999994,22.3,7,1.3714286,15.736608,41.0,24.0,141.0,1.0,30,2.0,1,0.0
C2,828,-0.10210526315789475,140.8,76.0,1,22.8,17.1875,83.0,57.0,22.0,1.0,30,3.0,0,0.0
C2,829,-0.02763157894736834,208.5,116.8,1,20.8,16.40625,133.0,52.0,21.0,1.0,30,2.0,2,0.0
C2,830,0.033684210526315816,185.20000000000002,102.1,1,23.2,16.40625,100.0,58.0,21.0,1.0,30,3.0,2,0.0
C2,831,0.14947368421052637,141.2,90.5,1,20.4,16.40625,87.0,51.0,21.0,1.0,30,3.0,2,0.0
C2,832,-0.013157894736842146,203.0,116.8,1,26.8,17.1875,119.0,67.0,22.0,1.0,30,3.0,2,0.0
C2,833,-0.0651455949079128,210.60000000000002,114.0,1,12.0,16.40625,151.0,30.0,21.0,1.0,30,1.0,0,0.0
C2,834,-0.05285689764047066,203.3,113.10000000000001,1,10.0,16.40625,126.0,25.0,21.0,1.0,30,1.0,1,0.0
C2,835,0.03605263157894745,184.29999999999998,106.5,1,31.2,16.40625,125.0,78.0,21.0,1.0,30,3.0,1,0.0
C2,836,0.043793596422203374,176.8,103.0,1,19.2,16.40625,120.0,48.0,21.0,1.0,30,2.0,0,0.0
C2,837,-0.019736842105263108,202.3,99.8,2,21.2,16.40625,160.0,106.0,42.0,1.0,30,3.0,1,0.0
C2,838,0.19526315789473686,123.8,66.19999999999999,2,23.0,16.015625,183.0,115.0,41.0,1.0,30,3.0,0,0.0
C2,839,0.19367571626952237,114.9,62.1,2,14.2,16.015625,170.0,71.0,41.0,1.0,30,2.0,2,0.0
C2,840,0.6405476128972154,43.4,28.299999999999997,2,2.2,16.015625,37.0,11.0,41.0,1.0,30,1.0,2,0.0
C2,841,0.17957829032422246,118.6,62.7,2,12.8,16.015625,162.0,64.0,41.0,1.0,30,2.0,2,0.0
C2,842,0.2458071850361041,79.3,44.0,2,3.0,16.015625,63.0,15.0,41.0,1.0,30,1.0,0,0.0
C2,843,0.1698688697713135,108.8,52.3,2,3.4,16.015625,83.0,17.0,41.0,1.0,30,1.0,1,0.0
C2,844,0.018421052631579046,187.79999999999998,98.5,1,30.4,16.40625,121.0,76.0,21.0,1.0,30,3.0,0,0.0
C2,845,0.13475316219799427,141.9,89.0,1,18.8,16.40625,82.0,47.0,21.0,1.0,30,3.0,2,0.0
C2,846,-0.0034210526315788803,199.3,111.69999999999999,1,28.4,16.40625,127.0,71.0,21.0,1.0,30,3.0,1,0.0
C2,847,0.26745935251868314,83.7,47.199999999999996,1,11.6,16.40625,45.0,29.0,21.0,1.0,30,3.0,0,0.0
C2,848,0.03921052631578947,183.10000000000002,109.3,1,30.4,17.1875,129.0,76.0,22.0,1.0,30,3.0,1,0.0
C2,849,0.16903925997200495,127.8,77.5,1,17.6,16.40625,73.0,44.0,21.0,1.0,30,3.0,1,0.0
C2,850,-0.006052631578947365,197.1,104.3,2,32.8,16.40625,146.0,82.0,21.0,1.0,30,3.0,2,0.0
C2,851,0.17953785690529625,120.5,65.60000000000001,2,14.4,16.015625,165.0,72.0,41.0,1.0,30,2.0,0,0.0
C2,852,0.27702277601390723,85.6,57.2,2,16.4,16.015625,125.0,82.0,41.0,1.0,30,3.0,0,0.0
C2,853,0.2086842105263158,118.7,65.8,2,20.0,16.40625,163.0,100.0,42.0,1.0,30,3.0,1,0.0
C2,854,0.16372612003192158,114.9,61.400000000000006,2,5.8,16.015625,143.0,29.0,41.0,1.0,30,1.0,2,0.0
C2,855,0.19749911101893391,113.9,64.8,2,14.6,16.015625,123.0,73.0,41.0,1.0,30,3.0,0,0.0
C2,856,0.1411476799813101,114.8,64.19999999999999,2,20.4,16.015625,157.0,102.0,41.0,1.0,50,3.0,2,0.0
C2,857,0.1010411575471245,102.5,50.5,2,4.0,16.015625,81.0,20.0,41.0,1.0,50,1.0,2,0.0
C2,858,0.17364685953235293,76.5,38.699999999999996,2,5.0,16.015625,53.0,25.0,41.0,1.0,50,2.0,0,0.0
C2,859,-0.06364353287865882,200.8,112.9,1,27.6,16.40625,113.0,69.0,21.0,1.0,50,3.0,1,0.0
C2,860,0.10349723174343008,102.2,59.7,1,4.4,16.40625,53.0,11.0,21.0,1.0,50,1.0,0,0.0
C2,861,0.07026963987330198,118.7,65.8,1,6.8,16.40625,64.0,17.0,21.0,1.0,50,1.0,1,0.0
C2,862,0.5598049875498914,45.0,35.1,1,7.2,16.40625,35.0,18.0,21.0,1.0,50,2.0,2,0.0
C2,863,-0.10198431319600701,201.1,116.0,1,16.8,16.40625,117.0,42.0,21.0,1.0,50,2.0,1,0.0
C2,864,0.11510668155988435,95.9,51.5,1,3.2,16.40625,41.0,8.0,21.0,1.0,50,1.0,2,0.0
C2,865,0.2042867054276406,63.9,44.8,1,4.4,16.40625,49.0,11.0,21.0,1.0,50,1.0,2,0.0
C2,866,0.17211174513645985,80.0,45.400000000000006,1,6.8,16.40625,43.0,17.0,21.0,1.0,50,2.0,1,0.0
C2,867,0.13813508467208166,103.0,58.3,1,12.8,16.40625,57.0,32.0,21.0,1.0,50,3.0,0,0.0
C2,868,0.14222961637875525,103.5,61.699999999999996,1,14.0,16.40625,59.0,35.0,21.0,1.0,50,3.0,1,0.0
C2,869,0.08372000975206306,116.9,67.9,1,8.8,16.40625,61.0,22.0,21.0,1.0,50,2.0,2,0.0
C2,870,0.2124899465941109,67.3,49.9,1,8.4,16.40625,50.0,21.0,21.0,1.0,50,2.0,1,0.0
C2,871,0.006573759529166778,141.6,91.89999999999999,1,6.0,16.40625,84.0,15.0,21.0,1.0,50,1.0,1,0.0
C2,872,0.037497314948523486,88.8,48.2,1,3.6,16.40625,44.0,9.0,21.0,1.0,90,1.0,0,0.0
C2,873,0.5574099866927397,32.5,25.2,1,4.8,16.40625,27.0,12.0,21.0,1.0,90,2.0,0,0.0
C2,874,0.5590578120496477,32.599999999999994,27.099999999999998,1,7.2,16.40625,27.0,18.0,21.0,1.0,90,3.0,1,0.0
C2,875,0.6323422125347244,48.2,35.0,1,10.8,16.40625,34.0,27.0,21.0,1.0,30,3.0,0,0.0
C2,876,0.6502322419166351,44.1,35.6,1,6.0,16.40625,30.0,15.0,21.0,1.0,30,2.0,2,0.0
C2,877,0.6088481432476025,47.5,35.3,1,3.2,16.40625,32.0,8.0,21.0,1.0,30,1.0,1,0.0
C2,878,0.5992548327632669,48.4,34.5,1,2.8,16.40625,33.0,7.0,21.0,1.0,30,1.0,1,0.0
C2,879,0.5853897841832374,32.7,26.200000000000003,1,3.2,16.40625,27.0,8.0,21.0,1.0,70,1.0,1,0.0
C2,880,0.5910370733320589,32.5,26.0,1,4.8,16.40625,26.0,12.0,21.0,1.0,70,2.0,1,0.0
C2,881,-0.01498367135279527,195.6,101.1,2,81.2,16.40625,357.0,203.0,21.0,1.0,70,3.0,1,0.0
C2,882,0.1769845953215174,117.3,63.8,2,51.0,16.015625,583.0,255.0,41.0,1.0,70,2.0,0,0.0
C2,883,0.5284994911181684,40.099999999999994,28.5,2,6.4,16.015625,41.0,32.0,41.0,1.0,70,3.0,2,0.0
C2,884,0.48721825205440433,44.0,31.3,2,3.6,16.015625,42.0,18.0,41.0,1.0,70,2.0,0,0.0
C2,885,0.584042405027821,32.800000000000004,21.5,2,3.0,16.015625,26.0,15.0,41.0,1.0,70,2.0,2,0.0
C2,886,0.5843607928363541,32.4,21.0,2,1.6,16.015625,27.0,8.0,41.0,1.0,70,1.0,2,0.0
C2,887,0.5310779011772113,39.0,26.0,2,3.6,16.015625,30.0,18.0,41.0,1.0,70,2.0,0,0.0
C2,888,0.5886918138098463,32.4,25.9,1,6.8,16.40625,26.0,17.0,21.0,1.0,70,3.0,0,0.0
C2,889,0.5861623196634216,32.4,26.200000000000003,1,2.4,16.40625,20.0,6.0,21.0,1.0,70,1.0,2,0.0
C2,890,0.45388491872107095,47.800000000000004,38.3,1,3.6,16.40625,31.0,9.0,21.0,1.0,70,1.0,1,0.0
C2,891,0.1070862522847689,81.0,47.1,1,10.0,16.40625,41.0,25.0,21.0,1.0,70,3.0,2,0.0
C2,892,0.5800670697372783,33.2,26.700000000000003,1,2.8,16.40625,23.0,7.0,21.0,1.0,70,1.0,1,0.0
C2,893,0.596665234636509,32.7,26.8,1,7.6,16.40625,25.0,19.0,21.0,1.0,70,3.0,1,0.0
C2,894,0.5867839181259908,33.099999999999994,26.9,1,5.2,16.40625,22.0,13.0,21.0,1.0,70,2.0,0,0.0
C2,895,0.5910370733320589,32.5,25.9,1,4.8,16.40625,24.0,12.0,21.0,1.0,70,2.0,0,0.0
C2,896,0.4910144696678827,45.0,35.6,1,8.4,16.40625,30.0,21.0,21.0,1.0,70,3.0,2,0.0
C2,897,0.7016961988277453,17.9,17.7,1,5.2,16.40625,15.0,13.0,21.0,1.0,70,3.0,0,0.0
C2,898,0.6940263352002114,19.7,17.9,1,2.0,16.40625,14.0,5.0,21.0,1.0,70,1.0,0,0.0
C2,899,0.5869315452584325,33.2,27.099999999999998,1,5.6,16.40625,24.0,14.0,21.0,1.0,70,2.0,1,0.0
C2,900,0.588148613925186,33.300000000000004,26.1,1,6.4,16.40625,22.0,16.0,21.0,1.0,70,3.0,1,0.0
C2,901,0.5879712259961811,33.2,27.599999999999998,1,6.0,16.40625,27.0,15.0,21.0,1.0,70,2.0,1,0.0
C2,902,0.5929341871885951,33.0,26.3,1,7.2,16.40625,26.0,18.0,21.0,1.0,70,3.0,2,0.0
C2,903,0.5874102576030054,32.800000000000004,27.0,1,4.4,16.40625,20.0,11.0,21.0,1.0,70,2.0,0,0.0
C2,904,0.6987104359868719,17.9,17.5,1,4.0,16.40625,17.0,10.0,21.0,1.0,70,2.0,1,0.0
C2,905,0.593234383890918,32.599999999999994,26.4,1,6.0,16.40625,21.0,15.0,21.0,1.0,70,3.0,1,0.0
C2,906,0.5835000194107378,32.599999999999994,26.599999999999998,1,2.0,16.40625,28.0,5.0,21.0,1.0,70,1.0,2,0.0
C2,907,0.596665234636509,32.7,26.700000000000003,1,7.6,16.40625,24.0,19.0,21.0,1.0,70,3.0,1,0.0
C2,908,0.4739361382768829,46.199999999999996,34.7,1,6.0,16.40625,34.0,15.0,21.0,1.0,70,2.0,2,0.0
C2,909,0.6996909593573912,18.0,17.6,1,4.4,16.40625,19.0,11.0,21.0,1.0,70,2.0,2,0.0
C2,910,0.7469937836783536,32.7,26.700000000000003,1,5.2,16.40625,21.0,13.0,21.0,1.0,30,2.0,2,0.0
C2,911,0.26198950202046833,84.2,49.8,1,10.4,16.40625,45.0,26.0,21.0,1.0,30,3.0,0,0.0
C2,912,0.7377955116686552,32.800000000000004,27.0,1,3.2,16.40625,25.0,8.0,21.0,1.0,30,1.0,2,0.0
C2,913,0.01670784126431299,96.69999999999999,50.8,1,3.6,16.40625,40.0,9.0,21.0,1.0,90,1.0,2,0.0
C2,914,0.022848583183967763,94.8,49.7,1,4.8,16.40625,40.0,12.0,21.0,1.0,90,1.0,1,0.0
C2,915,0.4216955701236127,47.800000000000004,35.7,1,3.2,16.40625,34.0,8.0,21.0,1.0,90,1.0,1,0.0
C2,916,0.42484540194438264,47.800000000000004,33.8,1,6.4,16.40625,33.0,16.0,21.0,1.0,90,2.0,2,0.0
C2,917,0.45775749044494274,44.2,34.3,1,7.6,16.40625,33.0,19.0,21.0,1.0,90,2.0,1,0.0
C2,918,0.5586306298177991,32.5,26.8,1,6.0,16.40625,28.0,15.0,21.0,1.0,90,2.0,0,0.0
C2,919,0.6299565871492316,44.900000000000006,33.5,1,2.8,16.40625,32.0,7.0,21.0,1.0,30,1.0,1,0.0
C2,920,0.6307779678090062,45.0,34.2,1,3.2,16.40625,33.0,8.0,21.0,1.0,30,1.0,0,0.0
C2,921,0.18366045034502035,106.39999999999999,59.6,1,5.2,17.1875,57.0,13.0,22.0,1.0,30,1.0,2,0.0
C2,922,0.8632336037393085,17.8,17.5,1,6.4,16.40625,17.0,16.0,21.0,1.0,30,3.0,1,0.0
C2,923,0.661339208877133,43.9,34.1,1,8.4,16.40625,31.0,21.0,21.0,1.0,30,3.0,0,0.0
C2,924,0.8500762134230411,17.8,17.4,1,3.2,16.40625,13.0,8.0,21.0,1.0,30,2.0,2,0.0
C2,925,0.8466688412521486,18.2,17.6,1,2.4,16.40625,19.0,6.0,21.0,1.0,30,1.0,2,0.0
C2,926,0.6386061399894352,44.3,34.9,1,3.6,16.40625,35.0,9.0,21.0,1.0,30,1.0,0,0.0
C2,927,0.7469937836783536,32.7,27.400000000000002,1,5.2,16.40625,24.0,13.0,21.0,1.0,30,2.0,2,0.0
C2,928,0.8551053220002116,19.400000000000002,17.8,1,4.4,16.40625,19.0,11.0,21.0,1.0,30,2.0,1,0.0
C2,929,0.6171692222748448,47.5,33.9,1,5.2,16.40625,30.0,13.0,21.0,1.0,30,2.0,1,0.0
C2,930,0.8500762134230411,17.8,17.5,1,3.2,16.40625,14.0,8.0,21.0,1.0,30,2.0,1,0.0
C2,931,0.29997379148209297,70.3,44.1,1,10.8,16.40625,41.0,27.0,21.0,1.0,30,3.0,2,0.0
C2,932,0.7534130023056647,32.7,26.200000000000003,1,6.8,16.40625,21.0,17.0,21.0,1.0,30,3.0,0,0.0
C2,933,0.8500762134230411,18.1,17.7,1,3.2,16.40625,12.0,8.0,21.0,1.0,30,2.0,0,0.0
C2,934,0.843222663187408,18.0,17.6,1,1.6,16.40625,13.0,4.0,21.0,1.0,30,1.0,2,0.0
C2,935,0.7404270906160237,32.5,25.6,1,3.2,16.40625,29.0,8.0,21.0,1.0,30,1.0,0,0.0
C2,936,0.8483776397808107,17.9,17.6,1,2.8,16.40625,12.0,7.0,21.0,1.0,30,2.0,2,0.0
C2,937,0.8616357506885648,18.0,17.7,1,6.0,16.40625,16.0,15.0,21.0,1.0,30,3.0,0,0.0
C2,938,0.7335468318122815,32.7,25.6,1,2.0,16.40625,20.0,5.0,21.0,1.0,30,1.0,1,0.0
C2,939,0.8500762134230411,18.2,17.6,1,3.2,16.40625,9.0,8.0,21.0,1.0,30,3.0,1,0.0
C2,940,0.843222663187408,17.9,17.5,1,1.6,16.40625,10.0,4.0,21.0,1.0,30,1.0,1,0.0
C2,941,0.11954939321299285,132.6,82.9,1,6.4,16.40625,75.0,16.0,21.0,1.0,30,1.0,1,0.0
C2,942,0.7519866278815475,32.5,26.5,1,6.0,16.40625,27.0,15.0,21.0,1.0,30,2.0,2,0.0
C2,943,0.8534405798950884,17.8,17.5,1,4.0,16.40625,17.0,10.0,21.0,1.0,30,2.0,1,0.0
C2,944,0.743485011748529,33.099999999999994,27.900000000000002,1,5.2,16.40625,22.0,13.0,21.0,1.0,30,2.0,0,0.0
C2,945,0.841486331264437,17.9,17.4,1,1.2,16.40625,11.0,3.0,21.0,1.0,30,1.0,2,0.0
C2,946,0.841486331264437,18.599999999999998,17.8,1,1.2,16.40625,10.0,3.0,21.0,1.0,30,1.0,2,0.0
C2,947,0.6996909593573912,18.2,17.5,1,4.4,16.40625,13.0,11.0,21.0,1.0,70,3.0,0,0.0
C2,948,0.6949342494879829,18.3,17.6,1,2.4,16.40625,6.0,6.0,21.0,1.0,70,3.0,0,0.0
C2,949,0.6949342494879829,17.7,17.5,1,2.4,16.40625,10.0,6.0,21.0,1.0,70,2.0,0,0.0
C2,950,0.6996909593573912,18.2,17.7,1,4.4,16.40625,17.0,11.0,21.0,1.0,70,2.0,2,0.0
C2,951,0.5969025177146154,32.800000000000004,27.2,1,8.0,16.40625,27.0,20.0,21.0,1.0,70,3.0,0,0.0
C2,952,0.4282301737168955,50.0,18.3,1,0.8,16.40625,6.0,2.0,21.0,1.0,70,1.0,0,0.0
C2,953,0.7037606996803916,17.8,17.8,1,6.0,16.40625,17.0,15.0,21.0,1.0,70,3.0,0,0.0
C2,954,0.4282301737168955,50.0,17.7,1,0.8,16.40625,8.0,2.0,21.0,1.0,70,1.0,0,0.0
C2,955,0.6940263352002114,18.0,17.6,1,2.0,16.40625,7.0,5.0,21.0,1.0,70,2.0,0,0.0
C2,956,0.5890613131798543,32.5,25.9,1,4.0,16.40625,22.0,10.0,21.0,1.0,70,2.0,0,0.0
C2,957,0.6987104359868719,18.0,17.7,1,4.0,16.40625,10.0,10.0,21.0,1.0,70,3.0,2,0.0
C2,958,0.6996909593573912,18.599999999999998,17.8,1,4.4,16.40625,12.0,11.0,21.0,1.0,70,3.0,2,0.0
C2,959,0.7016961988277453,18.1,17.7,1,5.2,16.40625,14.0,13.0,21.0,1.0,70,3.0,2,0.0
C2,960,0.6977445678438781,18.2,17.8,1,3.6,16.40625,8.0,9.0,21.0,1.0,70,3.0,2,0.0
C2,961,0.5901598803496027,32.599999999999994,26.200000000000003,1,4.8,16.40625,24.0,12.0,21.0,1.0,70,2.0,0,0.0
C2,962,0.7016961988277453,17.8,17.6,1,5.2,16.40625,15.0,13.0,21.0,1.0,70,3.0,1,0.0
C2,963,0.6977445678438781,18.3,17.7,1,3.6,16.40625,9.0,9.0,21.0,1.0,70,3.0,2,0.0
C2,964,0.6931327226609154,18.2,17.7,1,1.6,16.40625,14.0,4.0,21.0,1.0,70,1.0,2,0.0
C2,965,0.48727142094272985,44.8,35.2,1,6.4,16.40625,32.0,16.0,21.0,1.0,70,2.0,2,0.0
C2,966,0.5003360974586405,44.2,35.5,1,9.2,16.40625,32.0,23.0,21.0,1.0,70,3.0,0,0.0
C2,967,0.6949342494879829,18.5,17.9,1,2.4,16.40625,19.0,6.0,21.0,1.0,70,1.0,0,0.0
C2,968,0.6987104359868719,17.8,17.5,1,4.0,16.40625,15.0,10.0,21.0,1.0,70,2.0,2,0.0
C2,969,0.6931327226609154,18.2,17.6,1,1.6,16.40625,16.0,4.0,21.0,1.0,70,1.0,2,0.0
C2,970,0.5938113801710514,32.9,26.200000000000003,1,7.2,16.40625,23.0,18.0,21.0,1.0,70,3.0,2,0.0
C2,971,0.07118559520713694,95.10000000000001,53.5,1,10.4,16.40625,43.0,26.0,21.0,1.0,70,3.0,0,0.0
C2,972,0.7016961988277453,18.0,17.7,1,5.2,16.40625,15.0,13.0,21.0,1.0,70,3.0,2,0.0
C2,973,0.6861315983581062,20.9,17.8,1,2.0,16.40625,18.0,5.0,21.0,1.0,70,1.0,2,0.0
C2,974,0.5024179784398125,43.7,34.3,1,8.4,16.40625,31.0,21.0,21.0,1.0,70,3.0,1,0.0
C2,975,0.5971128664414251,32.4,25.8,1,6.8,16.40625,23.0,17.0,21.0,1.0,70,3.0,2,0.0
C2,976,0.6996909593573912,17.9,17.6,1,4.4,16.40625,18.0,11.0,21.0,1.0,70,2.0,0,0.0
C2,977,0.6648537330978317,17.8,17.6,1,2.4,16.40625,10.0,6.0,21.0,1.0,90,2.0,0,0.0
C2,978,0.6648537330978317,18.0,17.6,1,2.4,16.40625,9.0,6.0,21.0,1.0,90,2.0,1,0.0
C2,979,0.40070356569969146,50.0,17.6,1,1.2,16.40625,9.0,3.0,21.0,1.0,90,1.0,1,0.0
C2,980,0.6655552192464198,18.4,17.8,1,3.2,16.40625,9.0,8.0,21.0,1.0,90,3.0,2,0.0
C2,981,0.6678637575856803,18.4,17.9,1,5.6,16.40625,16.0,14.0,21.0,1.0,90,3.0,2,0.0
C2,982,0.4003882500542819,50.0,17.5,1,0.8,16.40625,6.0,2.0,21.0,1.0,90,1.0,1,0.0
C2,983,0.666289972053633,17.9,17.7,1,4.0,16.40625,16.0,10.0,21.0,1.0,90,2.0,0,0.0
C2,984,0.6639765401153757,20.1,17.8,1,2.4,16.40625,11.0,6.0,21.0,1.0,90,2.0,2,0.0
C2,985,0.6645151185065423,18.1,17.5,1,2.0,16.40625,6.0,5.0,21.0,1.0,90,3.0,1,0.0
C2,986,0.5532745174920337,32.800000000000004,27.0,1,3.2,16.40625,21.0,8.0,21.0,1.0,90,1.0,0,0.0
C2,987,0.6652003871959242,18.1,17.7,1,2.8,16.40625,8.0,7.0,21.0,1.0,90,3.0,0,0.0
C2,988,0.6659183675801024,18.0,17.7,1,3.6,16.40625,10.0,9.0,21.0,1.0,90,3.0,0,0.0
C2,989,0.6641844064673916,18.8,17.8,1,1.6,16.40625,11.0,4.0,21.0,1.0,90,1.0,0,0.0
C2,990,0.6652003871959242,18.1,17.7,1,2.8,16.40625,7.0,7.0,21.0,1.0,90,3.0,0,0.0
C2,991,0.6670591094997571,17.9,17.5,1,4.8,16.40625,19.0,12.0,21.0,1.0,90,2.0,1,0.0
C2,992,0.666289972053633,17.8,17.6,1,4.0,16.40625,11.0,10.0,21.0,1.0,90,3.0,2,0.0
C2,993,0.6645151185065423,18.5,17.8,1,2.0,16.40625,13.0,5.0,21.0,1.0,90,1.0,0,0.0
C2,994,0.6641844064673916,17.9,17.6,1,1.6,16.40625,6.0,4.0,21.0,1.0,90,2.0,0,0.0
C2,995,0.6648537330978317,18.0,17.6,1,2.4,16.40625,7.0,6.0,21.0,1.0,90,3.0,2,0.0
C2,996,0.6645151185065423,18.3,17.7,1,2.0,16.40625,16.0,5.0,21.0,1.0,90,1.0,0,0.0
C2,997,0.6641844064673916,18.0,17.6,1,1.6,16.40625,6.0,4.0,21.0,1.0,90,2.0,1,0.0
C2,998,0.6641844064673916,19.900000000000002,17.5,1,1.6,16.40625,4.0,4.0,21.0,1.0,90,3.0,1,0.0
C2,999,0.6645151185065423,17.9,17.4,1,2.0,16.40625,9.0,5.0,21.0,1.0,90,2.0,1,0.0
C2,1000,0.6641844064673916,17.8,17.6,1,1.6,16.40625,4.0,4.0,21.0,1.0,90,3.0,1,0.0
C2,1001,0.06012889389589195,80.19999999999999,45.8,1,3.6,16.40625,40.0,9.0,21.0,1.0,90,1.0,0,0.0
C2,1002,-0.09693300124875898,147.7,86.9,1,18.4,16.40625,80.0,46.0,21.0,1.0,90,3.0,2,0.0
C2,1003,-0.07676313848399902,142.9,92.89999999999999,1,22.0,16.40625,88.0,55.0,21.0,1.0,90,3.0,0,0.0
C2,1004,0.557753436835343,32.599999999999994,26.700000000000003,1,6.0,16.40625,20.0,15.0,21.0,1.0,90,3.0,1,0.0
C2,1005,-0.19019886414973913,196.8,112.3,1,32.4,17.1875,142.0,81.0,22.0,1.0,90,3.0,2,0.0
C2,1006,-0.2072675181781502,202.8,113.8,1,32.0,17.1875,146.0,80.0,22.0,1.0,90,3.0,1,0.0
C2,1007,-0.2774663340335284,216.6,128.39999999999998,1,18.8,16.40625,120.0,47.0,21.0,1.0,90,2.0,0,0.0
C2,1008,-0.2527493177831269,202.6,119.3,1,11.6,16.40625,130.0,29.0,21.0,1.0,90,1.0,2,0.0
C2,1009,-0.24676191040965795,199.5,113.60000000000001,1,10.0,16.40625,128.0,25.0,21.0,1.0,90,1.0,1,0.0
C2,1010,0.07326970037360828,125.6,77.10000000000001,1,11.6,16.40625,72.0,29.0,21.0,1.0,50,2.0,1,0.0
C2,1011,-0.12748610971815727,198.5,112.3,1,9.6,17.1875,121.0,24.0,22.0,1.0,50,1.0,2,0.0
C2,1012,-0.1270918523816162,199.7,117.7,1,10.4,16.40625,119.0,26.0,21.0,1.0,50,1.0,0,0.0
C2,1013,-0.09779968843974257,205.6,115.7,1,20.4,16.40625,131.0,51.0,21.0,1.0,50,2.0,0,0.0
C2,1014,0.03888440676600699,141.4,85.0,1,13.2,16.40625,80.0,33.0,21.0,1.0,50,2.0,1,0.0
C2,1015,-0.06057573735964572,170.4,99.9,1,8.0,16.40625,92.0,20.0,21.0,1.0,50,1.0,2,0.0
C2,1016,-0.058561929368709076,208.6,117.5,1,32.4,17.1875,135.0,81.0,22.0,1.0,50,3.0,0,0.0
C2,1017,0.1760660423552259,84.5,45.900000000000006,1,10.4,16.40625,45.0,26.0,21.0,1.0,50,3.0,0,0.0
C2,1018,0.11810847316667009,102.5,60.699999999999996,1,8.0,16.40625,54.0,20.0,21.0,1.0,50,2.0,2,0.0
C2,1019,-0.13416090003948905,197.7,112.9,1,7.6,16.40625,129.0,19.0,21.0,1.0,50,1.0,0,0.0
C2,1020,0.13339824256681848,104.80000000000001,62.6,1,12.8,16.40625,53.0,32.0,21.0,1.0,50,3.0,1,0.0
C2,1021,0.11290814761838383,108.5,68.1,1,10.4,16.40625,61.0,26.0,21.0,1.0,50,2.0,2,0.0
C2,1022,0.7605761873560926,17.8,17.5,1,2.8,16.40625,13.0,7.0,21.0,1.0,50,2.0,1,0.0
C2,1023,0.5608349315068044,44.1,34.6,1,5.6,16.40625,30.0,14.0,21.0,1.0,50,2.0,1,0.0
C2,1024,0.7605761873560926,19.7,17.9,1,2.8,16.40625,12.0,7.0,21.0,1.0,50,2.0,1,0.0
C2,1025,0.15840957859975607,80.69999999999999,46.199999999999996,1,4.0,16.40625,47.0,10.0,21.0,1.0,50,1.0,0,0.0
C2,1026,0.6548226827229149,33.0,26.599999999999998,1,4.8,16.40625,25.0,12.0,21.0,1.0,50,2.0,0,0.0
C2,1027,0.11285091966516189,106.5,62.5,1,9.2,16.40625,54.0,23.0,21.0,1.0,50,2.0,0,0.0
C2,1028,0.0052403478299763995,153.5,94.7,1,12.8,16.40625,82.0,32.0,21.0,1.0,50,2.0,0,0.0
C2,1029,0.23176994600767625,101.1,61.800000000000004,1,14.8,16.40625,56.0,37.0,21.0,1.0,30,3.0,0,0.0
C2,1030,0.10473712939095584,148.0,97.4,1,13.6,16.40625,89.0,34.0,21.0,1.0,30,2.0,1,0.0
C2,1031,-0.052292712050164974,197.9,107.6,1,6.4,16.40625,105.0,16.0,21.0,1.0,30,1.0,1,0.0
C2,1032,-0.056277950272049654,204.6,120.6,1,10.0,16.40625,120.0,25.0,21.0,1.0,30,1.0,1,0.0
C2,1033,0.18940938431572948,109.0,69.5,1,8.4,16.40625,50.0,21.0,21.0,1.0,30,2.0,0,0.0
C2,1034,0.11052631578947375,156.0,94.39999999999999,1,21.2,17.1875,89.0,53.0,22.0,1.0,30,3.0,0,0.0
C2,1035,-0.08596170011289575,218.0,115.7,1,11.6,16.40625,126.0,29.0,21.0,1.0,30,1.0,2,0.0
C2,1036,0.300327250085575,73.2,51.6,1,13.2,16.40625,50.0,33.0,21.0,1.0,30,3.0,1,0.0
C2,1037,0.7581817131019986,33.2,27.2,1,9.2,16.40625,27.0,23.0,21.0,1.0,30,3.0,1,0.0
C2,1038,0.12722282614471878,137.5,84.3,1,12.0,16.40625,71.0,30.0,21.0,1.0,30,2.0,2,0.0
C2,1039,0.14471308192396767,121.2,77.8,1,5.2,16.40625,62.0,13.0,21.0,1.0,30,1.0,1,0.0
C2,1040,0.8600234727923319,18.0,17.6,1,5.6,17.1875,15.0,14.0,22.0,1.0,30,3.0,1,0.0
C2,1041,-0.12237725507209099,165.6,75.0,4,60.4,16.40625,710.0,302.0,42.0,1.0,30,2.0,1,0.0
C2,1042,0.3131786741478734,61.1,38.3,4,7.8,15.8203125,343.0,78.0,81.0,1.0,30,1.0,1,0.0
C2,1043,0.6107317799634815,48.0,33.2,4,4.7,15.8203125,87.0,47.0,81.0,1.0,30,2.0,0,0.0
C2,1044,0.6853441625877497,39.4,27.2,4,4.5,15.8203125,50.0,45.0,81.0,1.0,30,3.0,2,0.0
C2,1045,0.25609454108455315,79.8,41.6,4,5.8,15.8203125,118.0,58.0,81.0,1.0,30,2.0,1,0.0
C2,1046,0.3109769466778346,50.2,34.2,3,2.3,15.8203125,91.0,23.0,81.0,1.0,30,1.0,1,0.0
C2,1047,0.1666688412521486,102.0,43.8,1,2.4,16.015625,51.0,12.0,41.0,1.0,30,1.0,0,0.0
C2,1048,0.8387741044100434,20.9,17.9,1,2.4,16.40625,9.0,6.0,21.0,1.0,30,2.0,2,0.0
C2,1049,0.7479858054542767,32.4,26.200000000000003,1,4.8,16.40625,24.0,12.0,21.0,1.0,30,2.0,2,0.0
C2,1050,-0.05781506786977389,200.6,108.5,1,6.8,16.40625,114.0,17.0,21.0,1.0,30,1.0,2,0.0
C2,1051,0.029934897316634554,178.7,92.89999999999999,2,19.0,16.015625,150.0,95.0,41.0,1.0,30,3.0,0,0.0
C2,1052,0.6110213622041615,49.2,33.7,2,7.4,16.015625,46.0,37.0,41.0,1.0,30,3.0,0,0.0
C2,1053,0.6899762398187046,39.199999999999996,27.3,2,5.2,16.015625,34.0,26.0,41.0,1.0,30,3.0,1,0.0
C2,1054,0.31896866552879427,50.2,30.5,2,2.2,16.015625,46.0,11.0,41.0,1.0,30,1.0,2,0.0
C2,1055,0.744625335398349,32.5,23.5,2,4.2,16.015625,23.0,21.0,41.0,1.0,30,3.0,0,0.0
C2,1056,0.15964560557273166,118.8,66.0,1,9.6,16.015625,104.0,48.0,41.0,1.0,30,2.0,1,0.0
C2,1057,0.21327824621001112,100.5,61.1,1,8.8,16.40625,53.0,22.0,21.0,1.0,30,2.0,1,0.0
C2,1058,0.8449503405842114,17.9,17.5,1,2.0,16.40625,7.0,5.0,21.0,1.0,30,2.0,0,0.0
C2,1059,-0.03736842105263144,209.0,118.3,2,33.2,16.40625,143.0,83.0,21.0,1.0,30,3.0,1,0.0
C2,1060,0.843222663187408,18.1,17.8,2,1.6,15.625,8.0,8.0,40.0,1.0,30,3.0,1,0.0
C2,1061,0.19175081817520434,117.8,63.9,2,16.2,16.015625,139.0,81.0,41.0,1.0,30,3.0,0,0.0
C2,1062,0.21656363725183855,104.3,58.4,2,12.6,16.015625,94.0,63.0,41.0,1.0,30,3.0,0,0.0
C2,1063,0.7447811504730677,32.099999999999994,21.8,2,3.4,16.015625,22.0,17.0,41.0,1.0,30,3.0,0,0.0
C2,1064,0.22844487099673538,95.3,48.800000000000004,2,9.2,16.015625,77.0,46.0,41.0,1.0,30,3.0,2,0.0
C2,1065,0.28179869241238964,65.3,38.4,2,2.8,16.015625,56.0,14.0,41.0,1.0,30,1.0,2,0.0
C2,1066,0.17585364637898043,121.89999999999999,68.1,2,14.4,16.015625,109.0,72.0,41.0,1.0,30,3.0,0,0.0
C2,1067,0.17027947798746793,125.2,68.8,1,18.8,16.40625,75.0,47.0,21.0,1.0,30,3.0,1,0.0
C2,1068,0.1823918938449635,107.5,66.10000000000001,1,5.6,16.40625,69.0,14.0,21.0,1.0,30,1.0,1,0.0
C2,1069,-0.013421052631578945,203.1,114.3,1,24.0,16.40625,143.0,60.0,21.0,1.0,30,2.0,2,0.0
C2,1070,-0.04777438536893622,199.7,109.89999999999999,1,8.8,16.40625,112.0,22.0,21.0,1.0,30,1.0,1,0.0
C2,1071,-0.006842105263157872,200.6,111.4,1,21.6,16.40625,138.0,54.0,21.0,1.0,30,2.0,0,0.0
C2,1072,-0.03798597337463677,197.1,113.60000000000001,1,9.6,16.40625,123.0,24.0,21.0,1.0,30,1.0,0,0.0
C2,1073,0.16228405106831192,113.9,64.19999999999999,1,4.8,16.40625,58.0,12.0,21.0,1.0,30,1.0,1,0.0
C2,1074,-0.03210526315789475,210.2,114.4,1,22.0,16.40625,100.0,55.0,21.0,1.0,30,3.0,0,0.0
C2,1075,-0.05681828689800145,203.7,114.1,1,9.2,16.40625,119.0,23.0,21.0,1.0,30,1.0,0,0.0
C2,1076,0.15012227491396019,129.3,81.5,1,12.4,16.40625,78.0,31.0,21.0,1.0,30,2.0,2,0.0
C2,1077,0.030526603075166386,176.2,99.8,1,13.6,16.40625,90.0,34.0,21.0,1.0,30,2.0,0,0.0
C2,1078,0.18861205127083416,117.5,70.5,1,14.8,17.1875,63.0,37.0,22.0,1.0,30,3.0,1,0.0
C2,1079,-0.029351409296566155,197.5,114.6,1,12.4,17.1875,132.0,31.0,22.0,1.0,30,1.0,2,0.0
C2,1080,0.1938648812770651,117.2,73.1,1,16.4,16.40625,65.0,41.0,21.0,1.0,30,3.0,0,0.0
C2,1081,-0.06722102429532109,209.3,118.2,1,10.4,16.40625,123.0,26.0,21.0,1.0,30,1.0,0,0.0
C2,1082,0.5765839711106497,50.0,17.9,1,0.8,16.40625,9.0,2.0,21.0,1.0,30,1.0,2,0.0
C2,1083,-0.016168392716373797,189.9,112.8,1,10.4,16.40625,129.0,26.0,21.0,1.0,30,1.0,2,0.0
C2,1084,0.0018421052631579227,197.3,112.19999999999999,1,22.4,16.40625,101.0,56.0,21.0,1.0,30,3.0,0,0.0
C2,1085,0.7558576359999662,32.599999999999994,26.700000000000003,1,7.2,16.40625,25.0,18.0,21.0,1.0,30,3.0,1,0.0
C2,1086,0.6643220639791914,43.9,34.5,1,9.2,16.40625,39.0,23.0,21.0,1.0,30,3.0,1,0.0
C2,1087,0.12078976096990321,141.9,90.7,1,13.6,16.40625,84.0,34.0,21.0,1.0,30,2.0,0,0.0
C2,1088,-0.01447368421052625,203.5,114.4,1,20.4,16.40625,100.0,51.0,21.0,1.0,30,3.0,2,0.0
C2,1089,-0.012615258854637212,197.9,113.0,1,18.8,16.40625,126.0,47.0,21.0,1.0,30,2.0,0,0.0
C2,1090,0.18617019456577144,115.1,72.3,1,12.0,16.40625,68.0,30.0,21.0,1.0,30,2.0,2,0.0
C2,1091,-0.027624346600569477,202.9,117.0,1,18.0,16.40625,119.0,45.0,21.0,1.0,30,2.0,2,0.0
C2,1092,0.843222663187408,18.4,17.7,1,1.6,16.40625,14.0,4.0,21.0,1.0,30,1.0,2,0.0
C2,1093,0.10694807694006447,149.4,98.0,1,15.6,16.40625,94.0,39.0,21.0,1.0,30,2.0,0,0.0
C2,1094,0.7509529019849226,32.800000000000004,26.0,1,6.4,16.40625,22.0,16.0,21.0,1.0,30,3.0,1,0.0
C2,1095,-0.013010497979531604,188.70000000000002,110.8,1,10.4,16.40625,107.0,26.0,21.0,1.0,30,1.0,0,0.0
C2,1096,0.2714380643876444,83.2,47.4,1,12.4,16.40625,48.0,31.0,21.0,1.0,30,3.0,1,0.0
C2,1097,0.7591634828254463,32.4,26.1,1,7.6,16.40625,29.0,19.0,21.0,1.0,30,3.0,2,0.0
C2,1098,0.8500762134230411,18.0,17.6,1,3.2,16.40625,11.0,8.0,21.0,1.0,30,2.0,1,0.0
C2,1099,0.7445790062107378,32.599999999999994,26.4,1,4.4,16.40625,23.0,11.0,21.0,1.0,30,2.0,0,0.0
C2,1100,0.8500762134230411,18.1,17.7,1,3.2,16.40625,9.0,8.0,21.0,1.0,30,3.0,1,0.0
C2,1101,0.2296495821265637,101.0,59.3,1,14.0,16.40625,57.0,35.0,21.0,1.0,30,3.0,0,0.0
C2,1102,0.8600234727923319,18.4,18.1,1,5.6,16.40625,16.0,14.0,21.0,1.0,30,3.0,1,0.0
C2,1103,0.13675773527883822,123.60000000000001,76.8,1,4.8,16.40625,61.0,12.0,21.0,1.0,30,1.0,2,0.0
C2,1104,0.6295115234121609,48.2,34.4,1,10.0,16.40625,33.0,25.0,21.0,1.0,30,3.0,1,0.0
C2,1105,0.6264879210522025,47.7,35.0,1,8.0,16.40625,37.0,20.0,21.0,1.0,30,2.0,2,0.0
C2,1106,0.738528299193334,33.099999999999994,26.4,1,4.0,16.40625,21.0,10.0,21.0,1.0,30,2.0,1,0.0
C2,1107,-0.008157894736842142,201.1,114.8,1,21.2,16.40625,137.0,53.0,21.0,1.0,30,2.0,0,0.0
C2,1108,0.03210526315789479,182.60000000000002,89.1,2,23.4,16.015625,290.0,117.0,41.0,1.0,30,2.0,2,0.0
C2,1109,0.06911427697827596,101.2,49.3,6,43.0,15.8203125,573.0,430.0,81.0,1.0,30,3.0,2,0.0
C2,1110,0.6541633420913155,46.0,31.4,6,11.533334,15.755208,778.0,173.0,121.0,1.0,30,1.0,0,0.0
C2,1111,0.5009024890236731,44.699999999999996,30.200000000000003,10,47.333332,15.755208,996.0,710.0,121.0,1.0,30,3.0,2,0.0
C2,1112,0.5350877192982457,34.6,24.400000000000002,16,38.73846,15.625,1200.0,1259.0,260.0,1.0,30,3.0,0,0.0
C2,1113,0.7448135310494155,34.2,23.5,16,7.975,15.576172,1213.0,319.0,319.0,1.0,30,1.0,1,0.0
C2,1114,0.7516900860701154,33.6,23.099999999999998,16,8.4,15.4296875,1292.0,336.0,316.0,1.0,30,1.0,0,0.0
C2,1115,0.7566992988415902,33.2,23.3,16,8.8,15.673828,1377.0,352.0,321.0,1.0,30,1.0,0,0.0
C2,1116,0.7991228070175438,33.300000000000004,23.099999999999998,16,23.375,15.673828,1200.0,935.0,321.0,1.0,30,3.0,1,0.0
C2,1117,0.7991228070175438,33.300000000000004,23.099999999999998,16,22.0,15.673828,1143.0,880.0,321.0,1.0,30,3.0,2,0.0
C2,1118,0.6233875091336336,33.8,23.7,13,8.338462,15.685096,1054.0,271.0,261.0,1.0,30,1.0,1,0.0
C2,1119,0.7903508771929824,34.3,24.2,13,25.784615,15.685096,1117.0,838.0,261.0,1.0,30,3.0,1,0.0
C2,1120,0.7464071418036551,33.8,24.299999999999997,13,7.476923,15.685096,936.0,243.0,261.0,1.0,30,1.0,2,0.0
C2,1121,0.7767031766939969,34.3,24.299999999999997,13,18.461538,15.685096,788.0,600.0,261.0,1.0,30,3.0,2,0.0
C2,1122,0.7273300171323256,34.5,24.8,11,8.5,15.6901045,529.0,255.0,241.0,1.0,30,2.0,1,0.0
C2,1123,0.731786528914943,35.1,25.7,11,6.6545453,15.696023,217.0,183.0,221.0,1.0,30,3.0,1,0.0
C2,1124,0.7343366702068472,36.900000000000006,25.2,11,11.636364,15.696023,422.0,320.0,221.0,1.0,30,3.0,0,0.0
C2,1125,0.5966740405616802,39.9,27.5,8,16.6,15.722656,1387.0,332.0,161.0,1.0,30,1.0,1,0.0
C2,1126,0.7192982456140351,42.4,28.5,8,22.95,15.722656,944.0,459.0,161.0,1.0,30,2.0,2,0.0
C2,1127,0.6863157894736842,45.199999999999996,29.9,7,21.028572,15.736608,768.0,368.0,141.0,1.0,30,2.0,2,0.0
C2,1128,0.6777741696371717,43.4,29.0,7,11.771428,15.736608,772.0,206.0,141.0,1.0,30,1.0,0,0.0
C2,1129,0.7070175438596491,43.8,29.4,7,22.22857,15.736608,533.0,389.0,141.0,1.0,30,3.0,1,0.0
C2,1130,0.7078947368421051,43.7,28.9,7,22.4,15.736608,822.0,392.0,141.0,1.0,30,2.0,2,0.0
C2,1131,0.6840350877192982,44.5,29.4,9,37.942856,15.848214,1365.0,664.0,142.0,1.0,30,2.0,2,0.0
C2,1132,0.73859649122807,40.2,27.2,9,21.244444,15.711805,957.0,478.0,181.0,1.0,30,2.0,2,0.0
C2,1133,0.7491228070175437,39.0,26.8,9,31.822222,15.711805,940.0,716.0,181.0,1.0,30,3.0,1,0.0
C2,1134,0.7227803518730973,40.099999999999994,27.3,9,17.2,15.711805,795.0,387.0,181.0,1.0,30,2.0,1,0.0
C2,1135,0.501693842462712,39.1,26.9,9,6.888889,15.711805,624.0,155.0,181.0,1.0,90,1.0,2,0.0
C2,1136,0.5024183716002246,39.800000000000004,27.5,9,12.266666,15.711805,1193.0,276.0,181.0,1.0,90,1.0,0,0.0
C2,1137,0.5353978345523258,40.099999999999994,27.0,9,28.88889,15.711805,882.0,650.0,181.0,1.0,90,3.0,0,0.0
C2,1138,0.5074764454684239,38.9,26.700000000000003,9,10.222222,15.711805,477.0,230.0,181.0,1.0,90,2.0,0,0.0
C2,1139,0.17560468041388938,49.5,33.6,3,18.666666,15.755208,1240.0,280.0,121.0,1.0,90,1.0,1,0.0
C2,1140,0.15600881861110216,90.1,46.9,3,49.2,15.885417,855.0,369.0,61.0,1.0,90,2.0,0,0.0
C2,1141,0.16397083553022032,90.0,46.9,3,50.933334,15.885417,919.0,382.0,61.0,1.0,90,2.0,1,0.0
C2,1142,0.21833669442089276,92.60000000000001,47.0,3,64.8,15.885417,1076.0,486.0,61.0,1.0,90,2.0,2,0.0
C2,1143,0.10515138799721466,91.2,47.5,3,37.466667,15.885417,423.0,281.0,61.0,1.0,90,3.0,2,0.0
C2,1144,0.26289039616085486,90.0,46.9,3,75.46667,16.145834,1299.0,566.0,62.0,1.0,90,2.0,0,0.0
C2,1145,0.28605263157894734,89.30000000000001,46.300000000000004,3,88.0,16.40625,1016.0,660.0,63.0,1.0,90,3.0,1,0.0
C2,1146,0.2639533140947704,86.7,45.8,3,72.933334,15.885417,846.0,547.0,61.0,1.0,90,3.0,0,0.0
C2,1147,0.2735786533277314,88.8,46.4,3,78.4,16.145834,1375.0,588.0,62.0,1.0,90,2.0,1,0.0
C2,1148,0.0586590392429721,91.1,47.5,3,21.6,15.885417,702.0,162.0,61.0,1.0,90,1.0,0,0.0
C2,1149,0.248222620200941,80.10000000000001,43.8,4,113.86667,16.145834,1200.0,854.0,62.0,1.0,90,3.0,0,0.0
C2,1150,0.24956981274800116,59.8,38.4,4,52.3,15.8203125,802.0,523.0,81.0,1.0,90,3.0,2,0.0
C2,1151,0.20562606701390143,62.6,38.4,4,43.9,16.210938,960.0,439.0,83.0,1.0,90,2.0,1,0.0
C2,1152,0.16399168697017297,58.7,38.3,4,29.4,16.015625,1334.0,294.0,82.0,1.0,90,1.0,0,0.0
C2,1153,0.09490862124969085,75.39999999999999,39.6,4,19.2,16.015625,814.0,192.0,82.0,1.0,90,1.0,1,0.0
C2,1154,0.3671052631578947,58.5,37.699999999999996,4,87.5,15.8203125,1200.0,875.0,81.0,1.0,90,3.0,1,0.0
C2,1155,0.22775279765458797,56.099999999999994,38.0,4,45.1,16.015625,679.0,451.0,82.0,1.0,90,3.0,0,0.0
C2,1156,0.11715858461711778,64.8,39.300000000000004,4,16.2,15.8203125,361.0,162.0,81.0,1.0,90,2.0,1,0.0
C2,1157,0.06564522116970228,78.0,41.7,4,3.3,15.8203125,136.0,33.0,81.0,1.0,90,1.0,2,0.0
C2,1158,0.5002006817632274,38.800000000000004,24.7,4,2.7,15.8203125,41.0,27.0,81.0,1.0,90,3.0,1,0.0
C2,1159,0.45119088844195043,44.3,29.0,4,1.8,15.8203125,68.0,18.0,81.0,1.0,90,1.0,0,0.0
C2,1160,0.4990795420744722,37.199999999999996,25.0,2,4.5333333,15.885417,33.0,34.0,61.0,1.0,90,3.0,2,0.0
C2,1161,-0.15462199882081396,188.6,100.3,1,38.8,16.40625,508.0,97.0,21.0,1.0,90,1.0,1,0.0
C2,1162,-0.04447699122849913,194.1,105.6,2,112.0,17.1875,481.0,280.0,22.0,1.0,90,3.0,1,0.0
C2,1163,0.026132826432447326,95.8,48.300000000000004,2,10.0,16.015625,76.0,50.0,41.0,1.0,90,3.0,2,0.0
C2,1164,0.10081031422508441,65.8,39.800000000000004,2,6.4,16.015625,67.0,32.0,41.0,1.0,90,2.0,0,0.0
C2,1165,0.10923657278656754,61.199999999999996,37.699999999999996,2,2.6,16.015625,52.0,13.0,41.0,1.0,90,1.0,2,0.0
C2,1166,0.11595267298648973,59.2,34.6,2,4.2,16.015625,43.0,21.0,41.0,1.0,90,2.0,0,0.0
C2,1167,0.597517739800725,27.599999999999998,20.299999999999997,2,1.6,16.015625,21.0,8.0,41.0,1.0,90,1.0,1,0.0
C2,1168,0.3916593775671833,50.0,17.9,1,0.4,16.40625,2.0,1.0,21.0,1.0,90,1.0,1,0.0
C2,1169,0.5494068054531547,33.6,26.1,1,6.4,16.40625,20.0,16.0,21.0,1.0,90,3.0,1,0.0
C2,1170,0.4003882500542819,50.0,18.0,1,0.8,16.40625,3.0,2.0,21.0,1.0,90,1.0,2,0.0
C2,1171,0.5485337205292576,33.300000000000004,25.7,1,2.8,16.40625,25.0,7.0,21.0,1.0,90,1.0,0,0.0
C2,1172,0.6632383249356044,5.0,5.0,1,0.4,16.40625,0.0,1.0,21.0,1.0,90,1.0,0,0.0
C2,1173,0.666289972053633,18.1,17.8,1,4.0,16.40625,18.0,10.0,21.0,1.0,90,2.0,2,0.0
C2,1174,0.4003882500542819,50.0,17.5,1,0.8,16.40625,1.0,2.0,21.0,1.0,90,3.0,0,0.0
C2,1175,0.6645151185065423,18.0,17.7,1,2.0,16.40625,16.0,5.0,21.0,1.0,90,1.0,2,0.0
C2,1176,0.6645151185065423,17.9,17.6,1,2.0,16.40625,15.0,5.0,21.0,1.0,90,1.0,1,0.0
C2,1177,0.6645151185065423,17.9,17.5,1,2.0,16.40625,17.0,5.0,21.0,1.0,90,1.0,2,0.0
C2,1178,0.4003882500542819,50.0,17.9,1,0.8,16.40625,1.0,2.0,21.0,1.0,90,2.0,2,0.0
C2,1179,0.6652003871959242,18.2,17.7,1,2.8,17.1875,18.0,7.0,22.0,1.0,90,1.0,0,0.0
C2,1180,0.4003882500542819,50.0,17.8,1,0.8,16.40625,1.0,2.0,21.0,1.0,90,3.0,2,0.0
C2,1181,0.5507399465852937,33.6,27.3,1,7.6,16.40625,24.0,19.0,21.0,1.0,90,3.0,0,0.0
C2,1182,0.4003882500542819,50.0,18.0,1,0.8,16.40625,2.0,2.0,21.0,1.0,90,3.0,1,0.0
C2,1183,0.6687050510671897,18.1,17.7,1,6.4,17.1875,17.0,16.0,22.0,1.0,90,3.0,1,0.0
C2,1184,0.4180443580185453,48.300000000000004,36.0,1,4.0,16.40625,30.0,10.0,21.0,1.0,90,1.0,1,0.0
C2,1185,0.01619805063792569,100.4,57.0,1,11.6,16.40625,51.0,29.0,21.0,1.0,90,3.0,0,0.0
C2,1186,0.05616515958719098,85.0,48.9,1,11.2,16.40625,43.0,28.0,21.0,1.0,90,3.0,0,0.0
C2,1187,-0.007394238472682779,106.0,62.300000000000004,1,4.0,16.40625,51.0,10.0,21.0,1.0,90,1.0,1,0.0
C2,1188,0.4494068054531546,45.0,35.0,1,6.4,16.40625,34.0,16.0,21.0,1.0,90,2.0,1,0.0
C2,1189,0.05971888645381046,84.3,49.0,1,12.4,16.40625,45.0,31.0,21.0,1.0,90,3.0,1,0.0
C2,1190,0.5524943325502059,33.4,26.9,1,7.6,16.40625,26.0,19.0,21.0,1.0,90,3.0,0,0.0
C2,1191,-0.053452031888003904,124.10000000000001,71.4,1,5.6,16.40625,63.0,14.0,21.0,1.0,90,1.0,2,0.0
C2,1192,0.5489815070107815,33.6,26.4,1,6.0,16.40625,26.0,15.0,21.0,1.0,90,2.0,2,0.0
C2,1193,0.4299534552994007,46.9,34.0,1,3.6,16.40625,36.0,9.0,21.0,1.0,90,1.0,1,0.0
C2,1194,0.5515959357699731,33.4,26.8,1,6.8,16.40625,21.0,17.0,21.0,1.0,90,3.0,1,0.0
C2,1195,0.4515201315271215,44.4,34.2,1,3.2,16.40625,36.0,8.0,21.0,1.0,90,1.0,2,0.0
C2,1196,0.5542990289614085,32.9,26.4,1,5.2,16.40625,23.0,13.0,21.0,1.0,90,2.0,1,0.0
C2,1197,0.44239336965206466,45.400000000000006,35.7,1,2.8,16.40625,37.0,7.0,21.0,1.0,90,1.0,1,0.0
C2,1198,0.6648537330978317,18.2,17.8,1,2.4,16.40625,9.0,6.0,21.0,1.0,90,2.0,0,0.0
C2,1199,0.5445025876674723,33.8,27.400000000000002,1,3.2,16.40625,29.0,8.0,21.0,1.0,90,1.0,0,0.0
C2,1200,0.5555471563303476,32.9,26.5,1,6.4,16.40625,21.0,16.0,21.0,1.0,90,3.0,2,0.0
C2,1201,0.04232226739449406,87.4,47.6,1,4.8,16.40625,46.0,12.0,21.0,1.0,90,1.0,2,0.0
C2,1202,0.6682797526248165,18.1,17.7,1,6.0,16.40625,17.0,15.0,21.0,1.0,90,3.0,1,0.0
C2,1203,0.01982790396584469,98.0,62.6,1,9.6,16.40625,50.0,24.0,21.0,1.0,90,2.0,2,0.0
C2,1204,0.6674569236982506,18.1,17.7,1,5.2,16.40625,15.0,13.0,21.0,1.0,90,3.0,2,0.0
C2,1205,0.45512185788797455,44.3,33.9,1,6.0,16.40625,30.0,15.0,21.0,1.0,90,2.0,1,0.0
C2,1206,0.5581806190671914,32.7,26.3,1,7.2,16.40625,23.0,18.0,21.0,1.0,90,3.0,0,0.0
C2,1207,0.5485655119716453,33.6,27.0,1,5.6,16.40625,28.0,14.0,21.0,1.0,90,2.0,0,0.0
C2,1208,0.6648537330978317,18.3,17.7,1,2.4,16.40625,18.0,6.0,21.0,1.0,90,1.0,0,0.0
C2,1209,0.45630826502893856,44.699999999999996,36.1,1,10.0,16.40625,34.0,25.0,21.0,1.0,90,3.0,2,0.0
C2,1210,0.6641844064673916,18.3,17.8,1,1.6,16.40625,13.0,4.0,21.0,1.0,90,1.0,0,0.0
C2,1211,0.04377499833255527,89.5,47.6,1,10.8,17.1875,41.0,27.0,22.0,1.0,90,3.0,2,0.0
C2,1212,0.5499414523960775,33.099999999999994,25.4,1,2.4,16.40625,20.0,6.0,21.0,1.0,90,1.0,2,0.0
C2,1213,0.5445025876674723,33.8,25.4,1,3.2,16.40625,28.0,8.0,21.0,1.0,90,1.0,2,0.0
C2,1214,0.5542990289614085,32.9,26.8,1,5.2,16.40625,21.0,13.0,21.0,1.0,90,3.0,0,0.0
C2,1215,0.43248093538644483,47.300000000000004,35.3,1,9.2,16.40625,34.0,23.0,21.0,1.0,90,3.0,0,0.0
C2,1216,0.6687050510671897,17.8,17.5,1,6.4,16.40625,18.0,16.0,21.0,1.0,90,3.0,1,0.0
C2,1217,0.08956490933529186,69.3,41.0,1,4.4,16.40625,42.0,11.0,21.0,1.0,90,1.0,1,0.0
C2,1218,0.06609082377827609,79.5,44.699999999999996,1,7.6,16.40625,43.0,19.0,21.0,1.0,90,2.0,0,0.0
C2,1219,0.0693230543240331,80.0,46.800000000000004,1,11.2,17.1875,44.0,28.0,22.0,1.0,90,3.0,0,0.0
C2,1220,-0.05932826515154793,129.1,82.9,1,11.6,16.40625,74.0,29.0,21.0,1.0,90,2.0,1,0.0
C2,1221,-0.2577493177831268,204.5,112.60000000000001,1,11.6,16.40625,153.0,29.0,21.0,1.0,90,1.0,2,0.0
C2,1222,0.08118152547483928,72.2,44.5,1,3.6,16.40625,40.0,9.0,21.0,1.0,90,1.0,0,0.0
C2,1223,0.5595078228002552,32.4,25.1,1,6.0,16.40625,29.0,15.0,21.0,1.0,90,2.0,1,0.0
C2,1224,0.6670591094997571,18.0,17.6,1,4.8,16.40625,13.0,12.0,21.0,1.0,90,3.0,1,0.0
C2,1225,0.5729386389634075,44.5,35.1,1,9.2,16.40625,32.0,23.0,21.0,1.0,50,3.0,2,0.0
C2,1226,0.7773749030311967,17.9,17.6,1,6.8,16.40625,18.0,17.0,21.0,1.0,50,3.0,1,0.0
C2,1227,0.5361442213370233,45.400000000000006,33.8,1,2.4,16.40625,32.0,6.0,21.0,1.0,50,1.0,1,0.0
C2,1228,0.7573373474871592,18.1,17.8,1,2.0,16.40625,9.0,5.0,21.0,1.0,50,2.0,0,0.0
C2,1229,0.6685769173744529,32.599999999999994,26.700000000000003,1,7.2,16.40625,27.0,18.0,21.0,1.0,50,3.0,1,0.0
C2,1230,0.768857770442213,18.4,17.7,1,4.8,16.40625,19.0,12.0,21.0,1.0,50,2.0,2,0.0
C2,1231,0.552940194664699,45.0,34.6,1,5.6,16.40625,30.0,14.0,21.0,1.0,50,2.0,0,0.0
C2,1232,0.6692339457192382,43.0,34.7,1,8.4,16.40625,30.0,21.0,21.0,1.0,30,3.0,1,0.0
C2,1233,0.13931513242948562,133.89999999999998,83.2,1,12.8,16.40625,71.0,32.0,21.0,1.0,30,2.0,1,0.0
C2,1234,0.3152826851582463,54.5,38.699999999999996,1,4.0,16.40625,40.0,10.0,21.0,1.0,30,1.0,2,0.0
C2,1235,0.22059048848424362,104.89999999999999,59.9,1,14.4,16.40625,56.0,36.0,21.0,1.0,30,3.0,1,0.0
C2,1236,0.25841774561360614,82.19999999999999,48.599999999999994,1,8.0,16.40625,41.0,20.0,21.0,1.0,30,2.0,1,0.0
C2,1237,0.23789142982413244,90.0,49.7,1,8.0,16.40625,45.0,20.0,21.0,1.0,30,2.0,1,0.0
C2,1238,0.7587076299297646,32.800000000000004,26.700000000000003,1,8.4,16.40625,27.0,21.0,21.0,1.0,30,3.0,2,0.0
C2,1239,0.289230053579299,64.4,46.9,1,4.0,16.40625,40.0,10.0,21.0,1.0,30,1.0,2,0.0
C2,1240,0.8583972924502834,18.2,17.8,1,5.2,16.40625,16.0,13.0,21.0,1.0,30,3.0,0,0.0
C2,1241,-0.013204048394979628,108.5,67.0,1,4.8,16.40625,56.0,12.0,21.0,1.0,90,1.0,2,0.0
C2,1242,0.6670591094997571,18.3,17.8,1,4.8,16.40625,19.0,12.0,21.0,1.0,90,2.0,1,0.0
C2,1243,0.4167955605625586,48.4,34.3,1,3.6,16.40625,33.0,9.0,21.0,1.0,90,1.0,2,0.0
C2,1244,0.5599331212426283,32.4,26.700000000000003,1,6.4,16.40625,21.0,16.0,21.0,1.0,90,3.0,2,0.0
C2,1245,0.46281036010619553,43.9,33.4,1,9.6,16.40625,37.0,24.0,21.0,1.0,90,3.0,1,0.0
C2,1246,0.44000334256233586,46.5,35.9,1,9.6,16.40625,32.0,24.0,21.0,1.0,90,3.0,1,0.0
C2,1247,0.4566700092290026,44.6,35.5,1,9.6,16.40625,35.0,24.0,21.0,1.0,90,3.0,2,0.0
C2,1248,0.6645151185065423,20.0,17.8,1,2.0,16.40625,18.0,5.0,21.0,1.0,90,1.0,1,0.0
C2,1249,0.5441477556169769,33.8,26.8,1,2.8,16.40625,28.0,7.0,21.0,1.0,90,1.0,2,0.0
C2,1250,0.6648537330978317,18.1,17.8,1,2.4,16.40625,8.0,6.0,21.0,1.0,90,2.0,1,0.0
C2,1251,-0.062751210358578,133.3,83.0,1,16.4,16.40625,74.0,41.0,21.0,1.0,90,3.0,1,0.0
C2,1252,0.6652003871959242,18.1,17.7,1,2.8,16.40625,10.0,7.0,21.0,1.0,90,2.0,1,0.0
C2,1253,0.5582214290821165,32.800000000000004,26.5,1,8.0,16.40625,26.0,20.0,21.0,1.0,90,3.0,1,0.0
C2,1254,0.5534218359789522,33.0,27.7,1,5.2,16.40625,24.0,13.0,21.0,1.0,90,2.0,2,0.0
C2,1255,0.547309873448709,33.4,25.9,1,2.4,16.40625,22.0,6.0,21.0,1.0,90,1.0,1,0.0
C2,1256,0.6659183675801024,18.4,17.8,1,3.6,16.40625,16.0,9.0,21.0,1.0,90,2.0,0,0.0
C2,1257,0.5488885525797531,33.300000000000004,26.599999999999998,1,3.2,16.40625,29.0,8.0,21.0,1.0,90,1.0,2,0.0
C2,1258,0.6652003871959242,18.0,17.6,1,2.8,16.40625,19.0,7.0,21.0,1.0,90,1.0,0,0.0
C2,1259,0.5525446429964962,33.099999999999994,26.700000000000003,1,5.2,16.40625,26.0,13.0,21.0,1.0,90,2.0,2,0.0
C2,1260,0.6652003871959242,17.9,17.6,1,2.8,16.40625,11.0,7.0,21.0,1.0,90,2.0,2,0.0
C2,1261,-0.012543076301749362,108.39999999999999,57.7,1,5.2,16.40625,57.0,13.0,21.0,1.0,90,1.0,0,0.0
C2,1262,0.6641844064673916,19.599999999999998,18.0,1,1.6,16.40625,11.0,4.0,21.0,1.0,90,1.0,1,0.0
C2,1263,0.48485346486045483,40.599999999999994,32.599999999999994,1,3.2,16.40625,30.0,8.0,21.0,1.0,90,1.0,0,0.0
C2,1264,0.5555512643889068,32.5,25.9,1,2.8,16.40625,21.0,7.0,21.0,1.0,90,1.0,1,0.0
C2,1265,0.5535122777563445,32.9,25.5,1,4.4,16.40625,21.0,11.0,21.0,1.0,90,2.0,2,0.0
C2,1266,0.5547784077453712,32.800000000000004,26.700000000000003,1,4.8,16.40625,26.0,12.0,21.0,1.0,90,2.0,2,0.0
C2,1267,0.5559990508704307,32.800000000000004,26.8,1,6.0,16.40625,29.0,15.0,21.0,1.0,90,2.0,2,0.0
C2,1268,0.6641844064673916,18.0,17.5,1,1.6,16.40625,7.0,4.0,21.0,1.0,90,2.0,2,0.0
C2,1269,0.4351125280082436,47.300000000000004,35.2,1,11.2,16.40625,35.0,28.0,21.0,1.0,90,3.0,0,0.0
C2,1270,0.6666701724931865,18.1,17.9,1,4.4,16.40625,12.0,11.0,21.0,1.0,90,3.0,0,0.0
C2,1271,0.5516958383609898,32.9,27.7,1,2.4,16.40625,28.0,6.0,21.0,1.0,90,1.0,2,0.0
C2,1272,-0.2316493869488347,198.6,113.10000000000001,1,18.0,17.1875,133.0,45.0,22.0,1.0,90,2.0,0,0.0
C2,1273,-0.11445871525619972,203.1,115.0,1,55.2,17.1875,719.0,138.0,22.0,1.0,90,1.0,2,0.0
C2,1274,-0.16541963129511755,202.5,115.4,1,43.2,16.40625,557.0,108.0,21.0,1.0,90,1.0,2,0.0
C2,1275,-0.180593138913187,205.2,115.7,1,41.2,16.40625,502.0,103.0,21.0,1.0,90,1.0,0,0.0
C2,1276,-0.17058103890039894,202.0,114.1,1,41.6,17.1875,532.0,104.0,22.0,1.0,90,1.0,0,0.0
C2,1277,-0.16384068392669643,201.9,115.7,1,43.2,16.40625,539.0,108.0,21.0,1.0,90,1.0,0,0.0
C2,1278,0.01498204434854733,101.3,48.5,1,12.4,16.40625,48.0,31.0,21.0,1.0,90,3.0,2,0.0
C2,1279,0.5569306079087769,32.599999999999994,26.5,1,5.2,16.40625,26.0,13.0,21.0,1.0,90,2.0,2,0.0
C2,1280,0.40070356569969146,50.0,17.6,1,1.2,16.40625,9.0,3.0,21.0,1.0,90,1.0,2,0.0
C2,1281,-0.21097419435841142,198.0,112.69999999999999,1,26.4,16.40625,351.0,66.0,21.0,1.0,90,1.0,2,0.0
C2,1282,-0.008157894736842142,201.1,114.5,1,89.6,16.40625,584.0,224.0,21.0,1.0,90,2.0,1,0.0
C2,1283,-0.16184729310241225,205.6,116.5,1,46.0,16.40625,195.0,115.0,21.0,1.0,90,3.0,2,0.0
C2,1284,0.6641844064673916,17.9,17.6,1,1.6,16.40625,11.0,4.0,21.0,1.0,90,1.0,1,0.0
C2,1285,0.5520742839014698,33.2,27.099999999999998,1,5.6,16.40625,20.0,14.0,21.0,1.0,90,3.0,2,0.0
C2,1286,0.5462569736323847,33.6,26.9,1,3.2,16.40625,25.0,8.0,21.0,1.0,90,1.0,1,0.0
C2,1287,0.5551762219438645,32.800000000000004,27.099999999999998,1,5.2,16.40625,26.0,13.0,21.0,1.0,90,2.0,2,0.0
C2,1288,0.843222663187408,18.0,17.7,1,1.6,16.40625,5.0,4.0,21.0,1.0,30,3.0,2,0.0
C2,1289,0.7282477886205696,33.5,27.099999999999998,1,2.4,16.40625,24.0,6.0,21.0,1.0,30,1.0,0,0.0
C2,1290,0.8483776397808107,18.3,17.7,1,2.8,16.40625,12.0,7.0,21.0,1.0,30,2.0,1,0.0
C2,1291,0.6566992988415901,44.6,35.5,1,8.8,16.40625,32.0,22.0,21.0,1.0,30,3.0,0,0.0
C2,1292,0.8483776397808107,18.0,17.7,1,2.8,16.40625,7.0,7.0,21.0,1.0,30,3.0,0,0.0
C2,1293,0.7396057099562492,32.4,26.0,1,2.8,16.40625,29.0,7.0,21.0,1.0,30,1.0,1,0.0
C2,1294,0.5765839711106497,50.0,17.4,1,0.8,16.40625,6.0,2.0,21.0,1.0,30,1.0,1,0.0
C2,1295,0.7519866278815475,32.5,25.3,1,6.0,16.40625,21.0,15.0,21.0,1.0,30,3.0,1,0.0
C2,1296,0.7437018132282818,32.7,26.5,1,4.4,16.40625,21.0,11.0,21.0,1.0,30,2.0,0,0.0
C2,1297,0.7435998405419961,32.9,26.1,1,4.8,16.40625,21.0,12.0,21.0,1.0,30,2.0,0,0.0
C2,1298,0.843222663187408,18.1,17.7,1,1.6,16.40625,6.0,4.0,21.0,1.0,30,2.0,0,0.0
C2,1299,0.7576120219648785,32.4,26.3,1,7.2,16.40625,27.0,18.0,21.0,1.0,30,3.0,2,0.0
C2,1300,0.841486331264437,17.6,17.4,1,1.2,16.40625,5.0,3.0,21.0,1.0,30,2.0,2,0.0
C2,1301,0.762839649718783,32.5,26.5,1,8.8,16.40625,28.0,22.0,21.0,1.0,30,3.0,0,0.0
C2,1302,0.8483776397808107,17.9,17.6,1,2.8,16.40625,10.0,7.0,21.0,1.0,30,2.0,2,0.0
C2,1303,0.7454561991931941,32.5,25.0,1,4.4,16.40625,22.0,11.0,21.0,1.0,30,2.0,0,0.0
C2,1304,0.5765839711106497,50.0,18.2,1,0.8,16.40625,2.0,2.0,21.0,1.0,30,2.0,1,0.0
C2,1305,0.11665465637088751,133.70000000000002,79.8,1,6.4,16.40625,77.0,16.0,21.0,1.0,30,1.0,0,0.0
C2,1306,-0.018684210526315803,205.1,117.4,1,29.2,16.40625,131.0,73.0,21.0,1.0,30,3.0,1,0.0
C2,1307,0.6369183186861991,44.3,33.300000000000004,1,3.2,16.40625,33.0,8.0,21.0,1.0,30,1.0,0,0.0
C2,1308,0.1600757090024665,117.2,75.1,1,6.4,16.40625,67.0,16.0,21.0,1.0,30,1.0,1,0.0
C2,1309,0.15957965588743292,129.39999999999998,81.10000000000001,1,15.6,16.40625,71.0,39.0,21.0,1.0,30,3.0,1,0.0
C2,1310,-0.031223897922731836,203.9,111.10000000000001,1,17.6,16.40625,110.0,44.0,21.0,1.0,30,2.0,1,0.0
C2,1311,-0.016578947368421082,201.1,105.0,2,34.8,16.40625,153.0,87.0,21.0,1.0,30,3.0,1,0.0
C2,1312,0.3390038183445123,50.7,35.5,2,7.4,16.015625,50.0,37.0,41.0,1.0,30,3.0,0,0.0
C2,1313,0.8475244854270301,17.9,17.6,2,2.6,16.015625,19.0,13.0,41.0,1.0,30,2.0,0,0.0
C2,1314,0.19681045971749045,105.89999999999999,56.4,2,8.2,16.015625,90.0,41.0,41.0,1.0,30,2.0,0,0.0
C2,1315,0.6935998405419961,38.6,27.2,2,4.8,16.015625,33.0,24.0,41.0,1.0,30,3.0,0,0.0
C2,1316,0.1523918938449635,118.9,61.9,2,5.6,16.015625,123.0,28.0,41.0,1.0,30,1.0,2,0.0
C2,1317,-0.004999999999999949,196.70000000000002,105.39999999999999,1,31.2,16.40625,132.0,78.0,21.0,1.0,30,3.0,2,0.0
C2,1318,0.06210526315789472,174.4,102.3,1,22.8,16.40625,97.0,57.0,21.0,1.0,30,3.0,2,0.0
C2,1319,-0.0598280786377946,205.4,115.9,1,9.6,16.40625,133.0,24.0,21.0,1.0,30,1.0,0,0.0
C2,1320,0.21346172843948144,98.7,59.5,1,7.6,16.40625,55.0,19.0,21.0,1.0,30,2.0,1,0.0
C2,1321,0.18860172338232825,119.2,70.6,1,16.4,16.40625,62.0,41.0,21.0,1.0,30,3.0,0,0.0
C2,1322,0.8449503405842114,18.1,17.8,1,2.0,16.40625,8.0,5.0,21.0,1.0,30,2.0,0,0.0
C2,1323,0.023157894736842155,189.20000000000002,105.6,1,22.4,16.40625,96.0,56.0,21.0,1.0,30,3.0,0,0.0
C2,1324,0.7523488640701417,33.0,27.7,1,7.2,16.40625,22.0,18.0,21.0,1.0,30,3.0,0,0.0
C2,1325,0.23447037719255348,91.30000000000001,48.0,1,8.0,16.40625,46.0,20.0,21.0,1.0,30,2.0,0,0.0
C2,1326,-0.02421052631578946,207.2,117.6,1,30.4,16.40625,123.0,76.0,21.0,1.0,30,3.0,2,0.0
C2,1327,0.22175086873062638,98.4,63.3,1,9.6,16.40625,50.0,24.0,21.0,1.0,30,2.0,1,0.0
C2,1328,0.7445790062107378,32.599999999999994,25.7,1,4.4,16.40625,22.0,11.0,21.0,1.0,30,2.0,1,0.0
C2,1329,0.1969908781888868,116.8,70.2,1,17.2,16.40625,64.0,43.0,21.0,1.0,30,3.0,1,0.0
C2,1330,-0.08838037682367642,213.4,120.3,1,7.6,16.40625,114.0,19.0,21.0,1.0,30,1.0,1,0.0
C2,1331,-0.07022031089208128,211.5,121.5,1,11.2,16.40625,127.0,28.0,21.0,1.0,30,1.0,1,0.0
C2,1332,-0.0034210526315788803,199.3,112.5,1,32.0,16.40625,135.0,80.0,21.0,1.0,30,3.0,2,0.0
C2,1333,-0.023413820284780035,201.3,114.3,1,18.0,16.40625,219.0,45.0,21.0,1.0,30,1.0,2,0.0
C2,1334,0.05210526315789481,175.0,89.7,2,26.2,16.015625,196.0,131.0,41.0,1.0,30,3.0,2,0.0
C2,1335,0.17622852949498477,121.30000000000001,64.0,2,14.0,16.015625,172.0,70.0,41.0,1.0,30,2.0,1,0.0
C2,1336,0.16372488633421828,117.6,61.6,2,7.6,16.015625,181.0,38.0,41.0,1.0,30,1.0,1,0.0
C2,1337,0.21145025859050728,109.89999999999999,63.9,2,15.8,16.015625,185.0,79.0,41.0,1.0,30,2.0,0,0.0
C2,1338,0.1902542669969657,113.8,63.70000000000001,2,12.2,16.015625,103.0,61.0,41.0,1.0,30,3.0,2,0.0
C2,1339,0.7421495715256994,32.4,22.8,2,3.4,16.015625,22.0,17.0,41.0,1.0,30,3.0,0,0.0
C2,1340,0.1458462770043544,118.8,74.80000000000001,1,6.0,16.40625,79.0,15.0,21.0,1.0,30,1.0,0,0.0
C2,1341,0.19044824525259313,101.3,46.9,1,3.6,16.40625,46.0,9.0,21.0,1.0,30,1.0,2,0.0
C2,1342,0.843222663187408,18.1,17.8,1,1.6,16.40625,5.0,4.0,21.0,1.0,30,2.0,0,0.0
C2,1343,-0.023684210526315697,207.0,118.6,1,22.4,16.40625,141.0,56.0,21.0,1.0,30,2.0,0,0.0
C2,1344,-0.24333026482533943,198.6,113.3,1,10.8,16.40625,155.0,27.0,21.0,1.0,90,1.0,0,0.0
C2,1345,-0.10863499592505999,148.5,90.30000000000001,1,12.8,16.40625,81.0,32.0,21.0,1.0,90,2.0,2,0.0
C2,1346,-0.0030134820253126526,106.30000000000001,62.199999999999996,1,8.8,16.40625,56.0,22.0,21.0,1.0,90,2.0,0,0.0
C2,1347,0.055245202243284164,86.0,46.0,1,12.4,16.40625,48.0,31.0,21.0,1.0,90,3.0,0,0.0
C2,1348,0.5499414523960775,33.099999999999994,25.0,1,2.4,16.40625,29.0,6.0,21.0,1.0,90,1.0,1,0.0
C2,1349,0.007028717594353626,102.3,59.3,1,8.4,16.40625,55.0,21.0,21.0,1.0,90,2.0,0,0.0
C2,1350,0.03758721002813398,93.39999999999999,48.0,1,13.6,16.40625,49.0,34.0,21.0,1.0,90,3.0,0,0.0
C2,1351,0.019618096922055767,97.69999999999999,59.1,1,8.8,16.40625,52.0,22.0,21.0,1.0,90,2.0,1,0.0
C2,1352,0.4542446649055184,44.4,35.0,1,6.0,16.40625,31.0,15.0,21.0,1.0,90,2.0,1,0.0
C2,1353,0.05676555969961676,83.4,46.6,1,8.4,16.40625,47.0,21.0,21.0,1.0,90,2.0,1,0.0
C2,1354,0.4595078228002552,43.8,34.1,1,6.0,16.40625,34.0,15.0,21.0,1.0,90,2.0,0,0.0
C2,1355,0.06960257810641823,76.6,46.699999999999996,1,3.6,16.40625,44.0,9.0,21.0,1.0,90,1.0,1,0.0
C2,1356,0.06667017249318659,78.0,44.699999999999996,1,4.4,16.40625,43.0,11.0,21.0,1.0,90,1.0,0,0.0
C2,1357,0.06646120853266253,81.3,46.699999999999996,1,11.6,16.40625,43.0,29.0,21.0,1.0,90,3.0,1,0.0
C2,1358,0.6655552192464198,17.8,17.5,1,3.2,16.40625,15.0,8.0,21.0,1.0,90,2.0,2,0.0
C2,1359,0.030718742787517003,92.60000000000001,53.6,1,6.8,16.40625,43.0,17.0,21.0,1.0,90,2.0,0,0.0
C2,1360,0.591796222515286,32.300000000000004,26.1,1,4.4,16.40625,26.0,11.0,21.0,1.0,70,2.0,0,0.0
C2,1361,0.047875725968979446,103.5,57.8,1,10.0,16.40625,59.0,25.0,21.0,1.0,70,2.0,2,0.0
C2,1362,0.5995340966619839,32.5,26.0,1,8.0,16.40625,27.0,20.0,21.0,1.0,70,3.0,0,0.0
C2,1363,0.19281666630522468,100.4,62.7,1,3.6,16.40625,50.0,9.0,21.0,1.0,30,1.0,2,0.0
C2,1364,0.11399021542370819,141.5,90.39999999999999,1,11.2,16.40625,84.0,28.0,21.0,1.0,30,2.0,2,0.0
C2,1365,0.11333668264725927,132.5,85.3,1,4.8,16.40625,70.0,12.0,21.0,1.0,30,1.0,0,0.0
C2,1366,0.02447368421052637,188.70000000000002,106.80000000000001,1,22.4,16.40625,95.0,56.0,21.0,1.0,30,3.0,0,0.0
C2,1367,0.1413157894736842,144.3,91.80000000000001,1,20.8,17.1875,83.0,52.0,22.0,1.0,30,3.0,1,0.0
C2,1368,-0.03368421052631576,210.79999999999998,111.3,1,25.2,17.1875,100.0,63.0,22.0,1.0,30,3.0,1,0.0
C2,1369,0.009912740021300548,184.5,99.4,1,14.0,16.40625,93.0,35.0,21.0,1.0,30,2.0,0,0.0
C2,1370,0.014473684210526305,192.5,109.8,1,21.2,16.40625,90.0,53.0,21.0,1.0,30,3.0,2,0.0
C2,1371,-0.06837820562892341,210.79999999999998,113.19999999999999,1,11.2,16.40625,103.0,28.0,21.0,1.0,30,1.0,0,0.0
C2,1372,0.19010597167690657,117.8,71.3,1,15.6,16.40625,66.0,39.0,21.0,1.0,30,3.0,0,0.0
C2,1373,0.2261167237697855,101.4,60.900000000000006,1,13.2,16.40625,57.0,33.0,21.0,1.0,30,3.0,1,0.0
C2,1374,0.6560445812530331,43.8,34.1,1,6.8,16.40625,36.0,17.0,21.0,1.0,30,2.0,0,0.0
C2,1375,0.24550010727156665,91.0,46.199999999999996,1,10.8,16.40625,42.0,27.0,21.0,1.0,30,3.0,2,0.0
C2,1376,0.8483776397808107,17.9,17.5,1,2.8,16.40625,17.0,7.0,21.0,1.0,30,1.0,0,0.0
C2,1377,0.7598212543855358,32.5,25.5,1,8.0,16.40625,29.0,20.0,21.0,1.0,30,3.0,2,0.0
C2,1378,0.7462314194893644,32.599999999999994,26.5,1,4.8,16.40625,25.0,12.0,21.0,1.0,30,2.0,0,0.0
C2,1379,0.2519895020204684,88.0,48.300000000000004,1,10.4,16.40625,43.0,26.0,21.0,1.0,30,3.0,0,0.0
C2,1380,0.6625676780142793,44.1,34.9,1,9.2,16.40625,33.0,23.0,21.0,1.0,30,3.0,0,0.0
C2,1381,0.12176994600767624,142.9,90.2,1,14.8,16.40625,86.0,37.0,21.0,1.0,30,2.0,2,0.0
C2,1382,-0.058775447058847186,205.0,111.5,1,9.6,16.40625,112.0,24.0,21.0,1.0,30,1.0,0,0.0
C2,1383,0.14438931422620663,120.7,73.2,1,4.8,16.40625,63.0,12.0,21.0,1.0,30,1.0,1,0.0
C2,1384,0.843222663187408,17.9,17.6,1,1.6,16.40625,6.0,4.0,21.0,1.0,30,2.0,1,0.0
C2,1385,0.26149457738410137,76.2,47.7,1,4.8,16.40625,43.0,12.0,21.0,1.0,30,1.0,0,0.0
C2,1386,-0.007368421052631524,200.8,114.6,1,23.6,16.40625,143.0,59.0,21.0,1.0,30,2.0,2,0.0
C2,1387,0.04473684210526312,177.8,89.6,2,21.6,16.40625,164.0,108.0,42.0,1.0,30,3.0,1,0.0
C2,1388,0.19212908152305114,109.10000000000001,61.5,2,9.2,16.015625,103.0,46.0,41.0,1.0,30,2.0,1,0.0
C2,1389,0.18471222109405955,115.4,64.19999999999999,2,11.8,16.015625,151.0,59.0,41.0,1.0,30,2.0,1,0.0
C2,1390,0.6171068255361976,47.6,30.8,2,5.4,16.015625,47.0,27.0,41.0,1.0,30,2.0,2,0.0
C2,1391,0.21578947368421053,116.0,65.0,2,24.0,16.40625,188.0,120.0,42.0,1.0,30,3.0,2,0.0
C2,1392,0.1757648526730069,118.8,66.3,2,11.8,16.015625,122.0,59.0,41.0,1.0,30,2.0,2,0.0
C2,1393,0.16109047078058197,122.0,67.8,2,10.0,16.40625,102.0,50.0,42.0,1.0,30,2.0,2,0.0
C2,1394,0.16060219688719268,117.9,66.4,2,7.0,16.015625,140.0,35.0,41.0,1.0,30,1.0,1,0.0
C2,1395,0.2155263157894737,116.1,64.4,2,27.4,16.015625,208.0,137.0,41.0,1.0,30,3.0,1,0.0
C2,1396,0.18496863608732664,112.10000000000001,64.3,2,9.4,16.015625,209.0,47.0,41.0,1.0,30,1.0,1,0.0
C2,1397,0.1491261563314698,118.9,65.9,2,4.8,16.015625,127.0,24.0,41.0,1.0,30,1.0,2,0.0
C2,1398,0.16273690094758,113.10000000000001,63.0,2,4.4,16.40625,93.0,22.0,42.0,1.0,30,1.0,1,0.0
C2,1399,0.8517640347262772,18.1,17.8,2,3.6,16.015625,19.0,18.0,41.0,1.0,30,3.0,2,0.0
C2,1400,0.841486331264437,18.1,17.8,2,1.2,16.015625,7.0,6.0,41.0,1.0,30,2.0,2,0.0
C2,1401,-0.05414643412495129,204.7,113.19999999999999,1,13.2,16.40625,137.0,33.0,21.0,1.0,30,1.0,0,0.0
C2,1402,0.5765839711106497,50.0,17.7,1,0.8,16.40625,5.0,2.0,21.0,1.0,30,1.0,1,0.0
C2,1403,0.21372204972795036,102.0,61.0,1,10.0,16.40625,56.0,25.0,21.0,1.0,30,2.0,0,0.0
C2,1404,0.8551053220002116,17.8,17.5,1,4.4,16.40625,13.0,11.0,21.0,1.0,30,3.0,0,0.0
C2,1405,0.7429142641056148,32.599999999999994,26.0,1,4.0,16.40625,21.0,10.0,21.0,1.0,30,2.0,2,0.0
C2,1406,0.8583972924502834,18.0,17.8,1,5.2,16.40625,15.0,13.0,21.0,1.0,30,3.0,2,0.0
C2,1407,0.6043177728775446,48.4,33.6,1,4.0,16.40625,37.0,10.0,21.0,1.0,30,1.0,0,0.0
C2,1408,0.7556547108956218,32.800000000000004,25.8,1,7.6,16.40625,24.0,19.0,21.0,1.0,30,3.0,1,0.0
C2,1409,0.32940938431572947,55.800000000000004,43.0,1,8.4,16.40625,40.0,21.0,21.0,1.0,30,2.0,1,0.0
C2,1410,0.8534405798950884,18.1,17.7,1,4.0,16.40625,11.0,10.0,21.0,1.0,30,3.0,2,0.0
C2,1411,0.24927461850662763,92.60000000000001,49.0,1,13.2,16.40625,49.0,33.0,21.0,1.0,30,3.0,0,0.0
C2,1412,0.5765839711106497,50.0,17.9,1,0.8,16.40625,1.0,2.0,21.0,1.0,30,3.0,1,0.0
C2,1413,0.7530231319482534,33.099999999999994,26.200000000000003,1,7.6,16.40625,26.0,19.0,21.0,1.0,30,3.0,1,0.0
C2,1414,0.7503915530008849,33.4,27.0,1,7.6,16.40625,24.0,19.0,21.0,1.0,30,3.0,0,0.0
C2,1415,0.6446410724811034,45.1,34.4,1,6.8,17.1875,37.0,17.0,22.0,1.0,30,2.0,2,0.0
C2,1416,0.24033132021049258,87.9,49.3,1,7.2,16.40625,43.0,18.0,21.0,1.0,30,2.0,2,0.0
C2,1417,0.28117490649290755,79.5,48.0,1,12.4,16.40625,47.0,31.0,21.0,1.0,30,3.0,0,0.0
C2,1418,0.7403605259543473,32.7,27.0,1,3.6,16.40625,28.0,9.0,21.0,1.0,30,1.0,1,0.0
C2,1419,0.26425120212369196,79.39999999999999,45.0,1,7.6,16.40625,45.0,19.0,21.0,1.0,30,2.0,2,0.0
C2,1420,0.7476006629692666,33.0,27.5,1,6.0,16.40625,28.0,15.0,21.0,1.0,30,2.0,2,0.0
C2,1421,0.14380648544027594,131.70000000000002,81.0,1,12.4,16.40625,71.0,31.0,21.0,1.0,30,2.0,1,0.0
C2,1422,0.6607614318450297,44.8,35.6,1,10.4,16.40625,33.0,26.0,21.0,1.0,30,3.0,2,0.0
C2,1423,0.23975636936877265,83.2,49.099999999999994,1,4.0,16.40625,46.0,10.0,21.0,1.0,30,1.0,2,0.0
C2,1424,0.7369741310088809,32.7,25.5,1,2.8,16.40625,25.0,7.0,21.0,1.0,30,1.0,1,0.0
C2,1425,0.6260330745964575,47.4,35.9,1,7.2,16.40625,37.0,18.0,21.0,1.0,30,2.0,0,0.0
C2,1426,0.26503783920163454,82.5,48.599999999999994,1,10.0,16.40625,43.0,25.0,21.0,1.0,30,3.0,1,0.0
C2,1427,0.20997623981870453,96.4,45.5,1,5.2,16.40625,48.0,13.0,21.0,1.0,30,1.0,0,0.0
C2,1428,0.6097253362300588,47.4,35.3,1,3.2,16.40625,33.0,8.0,21.0,1.0,30,1.0,1,0.0
C2,1429,0.2698591170192233,83.8,47.5,1,12.4,16.40625,47.0,31.0,21.0,1.0,30,3.0,2,0.0
C2,1430,0.6484778559517228,44.3,35.6,1,6.0,16.40625,31.0,15.0,21.0,1.0,30,2.0,0,0.0
C2,1431,0.1863124824557114,109.60000000000001,59.9,1,8.0,16.40625,57.0,20.0,21.0,1.0,30,2.0,0,0.0
C2,1432,0.7449690840218983,33.300000000000004,26.0,1,6.0,16.40625,28.0,15.0,21.0,1.0,30,2.0,0,0.0
C2,1433,0.24530383370263933,86.6,49.4,1,7.6,16.40625,43.0,19.0,21.0,1.0,30,2.0,2,0.0
C2,1434,0.6344975025756827,47.300000000000004,35.3,1,9.2,16.40625,33.0,23.0,21.0,1.0,30,3.0,1,0.0
C2,1435,0.2601053220002116,76.1,46.6,1,4.4,16.40625,47.0,11.0,21.0,1.0,30,1.0,2,0.0
C2,1436,0.6462085131929487,45.1,34.9,1,7.2,16.40625,39.0,18.0,21.0,1.0,30,2.0,1,0.0
C2,1437,0.18947037719255352,108.39999999999999,60.699999999999996,1,8.0,16.40625,51.0,20.0,21.0,1.0,30,2.0,1,0.0
C2,1438,0.7581817131019986,33.2,27.099999999999998,1,9.2,16.40625,29.0,23.0,21.0,1.0,30,3.0,2,0.0
C2,1439,0.23833668264725924,85.0,49.099999999999994,1,4.8,16.40625,47.0,12.0,21.0,1.0,30,1.0,2,0.0
C2,1440,0.8449503405842114,17.9,17.5,1,2.0,16.40625,19.0,5.0,21.0,1.0,30,1.0,1,0.0
C2,1441,0.6283571516984896,48.0,35.6,1,9.2,16.40625,32.0,23.0,21.0,1.0,30,3.0,0,0.0
C2,1442,0.5765839711106497,50.0,17.7,1,0.8,16.40625,6.0,2.0,21.0,1.0,30,1.0,2,0.0
C2,1443,0.7469937836783536,32.7,26.700000000000003,1,5.2,16.40625,25.0,13.0,21.0,1.0,30,2.0,2,0.0
C2,1444,0.5765839711106497,50.0,17.7,1,0.8,16.40625,6.0,2.0,21.0,1.0,30,1.0,0,0.0
C2,1445,0.7505025556081781,32.300000000000004,27.099999999999998,1,5.2,16.40625,23.0,13.0,21.0,1.0,30,2.0,2,0.0
C2,1446,0.8449503405842114,18.0,17.6,1,2.0,16.40625,16.0,5.0,21.0,1.0,30,1.0,1,0.0
C2,1447,0.7479858054542767,32.4,25.4,1,4.8,16.40625,22.0,12.0,21.0,1.0,30,2.0,2,0.0
C2,1448,0.8466688412521486,17.8,17.5,1,2.4,16.40625,10.0,6.0,21.0,1.0,30,2.0,2,0.0
C2,1449,0.7478709766608098,32.599999999999994,25.6,1,5.2,16.40625,25.0,13.0,21.0,1.0,30,2.0,0,0.0
C2,1450,0.8500762134230411,18.4,17.8,1,3.2,16.40625,8.0,8.0,21.0,1.0,30,3.0,0,0.0
C2,1451,0.2761572376926435,81.9,51.3,1,12.8,16.40625,48.0,32.0,21.0,1.0,30,3.0,0,0.0
C2,1452,0.6202511475989576,47.7,35.9,1,6.4,16.40625,38.0,16.0,21.0,1.0,30,2.0,1,0.0
C2,1453,0.22210555044358737,103.4,60.400000000000006,1,13.6,16.40625,55.0,34.0,21.0,1.0,30,3.0,1,0.0
C2,1454,0.7343881394977625,32.800000000000004,25.9,1,2.4,16.40625,27.0,6.0,21.0,1.0,30,1.0,0,0.0
C2,1455,0.6094912869124922,48.0,33.5,1,4.4,16.40625,37.0,11.0,21.0,1.0,30,1.0,0,0.0
C2,1456,0.21399021542370816,103.5,65.60000000000001,1,11.2,16.40625,60.0,28.0,21.0,1.0,30,2.0,2,0.0
C2,1457,-0.03491980514650003,119.0,73.80000000000001,1,10.0,16.40625,60.0,25.0,21.0,1.0,90,2.0,2,0.0
C2,1458,0.5590986220645726,32.7,26.3,1,8.0,17.1875,29.0,20.0,22.0,1.0,90,3.0,1,0.0
C2,1459,0.5441436475584178,34.2,27.900000000000002,1,6.4,16.40625,27.0,16.0,21.0,1.0,90,2.0,1,0.0
C2,1460,0.4003882500542819,50.0,17.9,1,0.8,16.40625,2.0,2.0,21.0,1.0,90,1.0,2,0.0
C2,1461,-0.05980728168567684,133.3,85.2,1,18.0,16.40625,76.0,45.0,21.0,1.0,90,3.0,2,0.0
C2,1462,0.07258721002813397,80.10000000000001,47.4,1,13.6,16.40625,47.0,34.0,21.0,1.0,90,3.0,1,0.0
C2,1463,0.04887082285751149,86.4,48.099999999999994,1,8.4,16.40625,43.0,21.0,21.0,1.0,90,2.0,1,0.0
C2,1464,0.4505296583518096,45.3,35.4,1,9.6,16.40625,31.0,24.0,21.0,1.0,90,3.0,0,0.0
C2,1465,0.04734260363258039,85.2,49.099999999999994,1,4.0,16.40625,43.0,10.0,21.0,1.0,90,1.0,0,0.0
C2,1466,0.4665253666599044,43.0,34.5,1,6.0,16.40625,33.0,15.0,21.0,1.0,90,2.0,2,0.0
C2,1467,0.5568802974624867,32.9,26.3,1,7.6,16.40625,25.0,19.0,21.0,1.0,90,3.0,0,0.0
C2,1468,0.4003882500542819,50.0,17.7,1,0.8,16.40625,2.0,2.0,21.0,1.0,90,3.0,0,0.0
C2,1469,0.6652003871959242,18.2,17.6,1,2.8,16.40625,18.0,7.0,21.0,1.0,90,1.0,0,0.0
C2,1470,0.6645151185065423,18.2,17.8,1,2.0,16.40625,5.0,5.0,21.0,1.0,90,3.0,1,0.0
C2,1471,0.5595725772434763,32.7,25.5,1,8.4,16.40625,29.0,21.0,21.0,1.0,90,3.0,2,0.0
C2,1472,0.4003882500542819,50.0,17.7,1,0.8,16.40625,4.0,2.0,21.0,1.0,90,1.0,1,0.0
C2,1473,0.5500035058265199,33.300000000000004,27.3,1,4.4,16.40625,20.0,11.0,21.0,1.0,90,2.0,2,0.0
C2,1474,0.6645151185065423,18.2,17.6,1,2.0,16.40625,7.0,5.0,21.0,1.0,90,2.0,0,0.0
C2,1475,0.0586600255733446,82.5,47.7,1,8.0,17.1875,43.0,20.0,22.0,1.0,90,2.0,1,0.0
C2,1476,0.41854994652747085,48.2,34.8,1,3.6,16.40625,39.0,9.0,21.0,1.0,90,1.0,2,0.0
C2,1477,0.01616952257151605,96.5,46.699999999999996,1,2.4,16.40625,44.0,6.0,21.0,1.0,90,1.0,1,0.0
C2,1478,0.5608530080294849,32.5,27.0,1,8.0,16.40625,25.0,20.0,21.0,1.0,90,3.0,1,0.0
C2,1479,0.08755503338382728,71.7,45.0,1,8.4,16.40625,45.0,21.0,21.0,1.0,90,2.0,0,0.0
C2,1480,0.6687050510671897,18.2,17.9,1,6.4,16.40625,19.0,16.0,21.0,1.0,90,3.0,0,0.0
C2,1481,0.03953198815759562,92.89999999999999,48.300000000000004,1,14.0,16.40625,48.0,35.0,21.0,1.0,90,3.0,0,0.0
C2,1482,0.40070356569969146,50.0,18.0,1,1.2,16.40625,3.0,3.0,21.0,1.0,90,3.0,2,0.0
C2,1483,0.6687050510671897,18.1,17.8,1,6.4,16.40625,18.0,16.0,21.0,1.0,90,3.0,1,0.0
C2,1484,0.4003882500542819,50.0,17.7,1,0.8,16.40625,1.0,2.0,21.0,1.0,90,2.0,0,0.0
C2,1485,0.7476006629692666,33.0,26.3,1,6.0,16.40625,20.0,15.0,21.0,1.0,30,3.0,2,0.0
C2,1486,0.8466688412521486,17.9,17.6,1,2.4,16.40625,10.0,6.0,21.0,1.0,30,2.0,2,0.0
C2,1487,0.7437914570880708,32.5,26.9,1,4.0,16.40625,20.0,10.0,21.0,1.0,30,2.0,2,0.0
C2,1488,0.5765839711106497,50.0,17.7,1,0.8,16.40625,5.0,2.0,21.0,1.0,30,1.0,2,0.0
C2,1489,0.7317565605503942,33.099999999999994,25.7,1,2.4,16.40625,20.0,6.0,21.0,1.0,30,1.0,1,0.0
C2,1490,0.736851754024523,33.099999999999994,26.1,1,3.6,16.40625,20.0,9.0,21.0,1.0,30,2.0,1,0.0
C2,1491,0.2484588918332135,88.8,51.8,1,10.0,16.40625,41.0,25.0,21.0,1.0,30,3.0,0,0.0
C2,1492,0.8517640347262772,18.2,17.8,1,3.6,16.40625,10.0,9.0,21.0,1.0,30,3.0,2,0.0
C2,1493,0.7384386553335449,33.300000000000004,27.5,1,4.4,16.40625,21.0,11.0,21.0,1.0,30,2.0,1,0.0
C2,1494,0.5765839711106497,50.0,18.0,1,0.8,16.40625,7.0,2.0,21.0,1.0,30,1.0,1,0.0
C2,1495,0.7273705956381136,33.6,26.200000000000003,1,2.4,16.40625,23.0,6.0,21.0,1.0,30,1.0,2,0.0
C2,1496,0.8534405798950884,17.9,17.6,1,4.0,16.40625,15.0,10.0,21.0,1.0,30,2.0,2,0.0
C2,1497,0.7369741310088809,32.7,27.0,1,2.8,16.40625,28.0,7.0,21.0,1.0,30,1.0,2,0.0
C2,1498,0.7405831191096175,33.8,26.5,1,6.0,16.40625,28.0,15.0,21.0,1.0,30,2.0,1,0.0
C2,1499,0.24218097216036125,86.0,46.699999999999996,1,6.4,16.40625,43.0,16.0,21.0,1.0,30,2.0,1,0.0
C2,1500,0.6204076805131262,47.5,36.5,1,6.0,16.40625,30.0,15.0,21.0,1.0,30,2.0,0,0.0
C2,1501,-0.05528936641264387,205.3,118.0,1,10.8,17.1875,139.0,27.0,22.0,1.0,30,1.0,0,0.0
C2,1502,-0.06548847658783916,208.1,114.1,1,10.0,16.40625,111.0,25.0,21.0,1.0,30,1.0,1,0.0
C2,1503,-0.014210526315789396,203.4,118.9,1,20.4,16.40625,122.0,51.0,21.0,1.0,30,2.0,1,0.0
C2,1504,0.012672254755270979,175.0,99.0,1,7.6,16.40625,91.0,19.0,21.0,1.0,30,1.0,0,0.0
C2,1505,-0.07180142945525544,207.1,119.2,1,7.6,16.40625,112.0,19.0,21.0,1.0,30,1.0,2,0.0
C2,1506,-0.0006800877883227918,193.70000000000002,105.7,1,19.2,17.1875,98.0,48.0,22.0,1.0,30,2.0,1,0.0
C2,1507,0.8517640347262772,18.2,17.7,1,3.6,17.1875,15.0,9.0,22.0,1.0,30,2.0,0,0.0
C2,1508,0.8583972924502834,17.9,17.5,1,5.2,16.40625,14.0,13.0,21.0,1.0,30,3.0,2,0.0
C2,1509,0.8567577352788383,17.9,17.6,1,4.8,16.40625,13.0,12.0,21.0,1.0,30,3.0,1,0.0
C2,1510,0.8663839517894398,18.2,17.6,1,7.2,16.40625,19.0,18.0,21.0,1.0,30,3.0,0,0.0
C2,1511,0.7488629984367328,32.300000000000004,25.8,1,4.8,16.40625,24.0,12.0,21.0,1.0,30,2.0,2,0.0
C2,1512,-0.003287875510739502,144.7,92.0,1,5.6,16.40625,85.0,14.0,21.0,1.0,50,1.0,2,0.0
C2,1513,0.1056024949013248,101.4,65.19999999999999,1,4.4,16.40625,50.0,11.0,21.0,1.0,50,1.0,2,0.0
C2,1514,0.5478831966557107,45.0,35.2,1,4.4,16.40625,38.0,11.0,21.0,1.0,50,1.0,0,0.0
C2,1515,0.06892455835629219,129.3,85.2,1,12.8,16.40625,79.0,32.0,21.0,1.0,50,2.0,0,0.0
C2,1516,-0.08641726474426967,189.70000000000002,106.39999999999999,1,13.6,16.40625,92.0,34.0,21.0,1.0,50,2.0,2,0.0
C2,1517,0.5519432353376821,47.5,35.3,1,10.4,16.40625,36.0,26.0,21.0,1.0,50,3.0,1,0.0
C2,1518,0.01832071502494853,145.8,93.7,1,11.2,16.40625,81.0,28.0,21.0,1.0,50,2.0,2,0.0
C2,1519,0.7671814422697458,17.9,17.5,1,4.4,17.1875,12.0,11.0,22.0,1.0,50,3.0,2,0.0
C2,1520,0.25691026757891366,81.60000000000001,46.5,1,7.2,16.40625,40.0,18.0,21.0,1.0,30,2.0,1,0.0
C2,1521,0.16661678657005563,119.9,72.1,1,10.0,16.40625,65.0,25.0,21.0,1.0,30,2.0,0,0.0
C2,1522,0.0650640921908382,162.6,94.5,1,13.2,16.40625,90.0,33.0,21.0,1.0,30,2.0,2,0.0
C2,1523,0.2155559458834186,107.7,71.2,1,15.2,16.40625,60.0,38.0,21.0,1.0,30,3.0,2,0.0
C2,1524,0.1835328582683451,83.7,47.300000000000004,1,11.6,16.40625,44.0,29.0,21.0,1.0,50,3.0,2,0.0
C2,1525,-0.13044984910478247,212.60000000000002,116.9,1,17.2,16.40625,120.0,43.0,21.0,1.0,50,2.0,2,0.0
C2,1526,-0.0569272826128866,189.4,107.5,1,20.0,17.1875,97.0,50.0,22.0,1.0,50,3.0,0,0.0
C2,1527,-0.13382641845916493,213.2,120.7,1,16.8,16.40625,106.0,42.0,21.0,1.0,50,2.0,1,0.0
C2,1528,0.6580766574171617,33.6,27.5,1,6.8,16.40625,21.0,17.0,21.0,1.0,50,3.0,0,0.0
C2,1529,-0.16762509696880334,209.1,113.5,1,6.8,16.40625,116.0,17.0,21.0,1.0,50,1.0,0,0.0
C2,1530,0.12698757449236905,101.8,57.8,1,9.6,16.40625,59.0,24.0,21.0,1.0,50,2.0,2,0.0
C2,1531,0.10079595566277566,107.1,63.5,1,6.8,16.40625,55.0,17.0,21.0,1.0,50,2.0,2,0.0
C2,1532,-0.06166332127728541,199.0,114.6,1,24.8,16.40625,105.0,62.0,21.0,1.0,50,3.0,0,0.0
C2,1533,0.21054572602613414,74.80000000000001,45.6,1,12.4,16.40625,47.0,31.0,21.0,1.0,50,3.0,1,0.0
C2,1534,0.08708309561459832,131.3,81.69999999999999,1,18.0,16.40625,76.0,45.0,21.0,1.0,50,3.0,1,0.0
C2,1535,-0.03557597520526212,184.6,103.3,1,22.0,16.40625,94.0,55.0,21.0,1.0,50,3.0,1,0.0
C2,1536,0.15320935013641754,100.7,63.2,1,14.8,16.40625,57.0,37.0,21.0,1.0,50,3.0,2,0.0
C2,1537,0.6582628326080349,32.800000000000004,26.599999999999998,1,5.2,16.40625,25.0,13.0,21.0,1.0,50,2.0,0,0.0
C2,1538,0.1076673781731157,107.80000000000001,58.5,1,8.8,16.40625,55.0,22.0,21.0,1.0,50,2.0,0,0.0
C2,1539,0.18411018870915907,82.8,45.3,1,11.2,16.40625,42.0,28.0,21.0,1.0,50,3.0,2,0.0
C2,1540,0.1143734056847241,118.2,69.8,1,16.4,16.40625,64.0,41.0,21.0,1.0,50,3.0,0,0.0
C2,1541,0.07368923088171014,141.1,88.5,1,20.8,16.40625,85.0,52.0,21.0,1.0,50,3.0,0,0.0
C2,1542,-0.09474202994451744,180.10000000000002,106.30000000000001,1,6.0,16.40625,93.0,15.0,21.0,1.0,50,1.0,2,0.0
C2,1543,-0.09730696213428613,203.4,111.9,1,19.2,17.1875,129.0,48.0,22.0,1.0,50,2.0,0,0.0
C2,1544,0.17047689421930162,82.60000000000001,50.6,1,8.0,16.40625,48.0,20.0,21.0,1.0,50,2.0,1,0.0
C2,1545,0.0042483655174241075,181.60000000000002,108.8,1,30.0,16.40625,129.0,75.0,21.0,1.0,50,3.0,2,0.0
C2,1546,0.6469628269354493,32.4,25.1,1,1.6,16.40625,23.0,4.0,21.0,1.0,50,1.0,0,0.0
C2,1547,0.6317582564247426,34.5,27.400000000000002,1,2.4,16.40625,22.0,6.0,21.0,1.0,50,1.0,2,0.0
C2,1548,0.7573373474871592,18.2,17.7,1,2.0,16.40625,17.0,5.0,21.0,1.0,50,1.0,0,0.0
C2,1549,0.7773749030311967,18.0,17.7,1,6.8,16.40625,19.0,17.0,21.0,1.0,50,3.0,2,0.0
C2,1550,0.649559524828178,33.6,27.099999999999998,1,4.8,16.40625,24.0,12.0,21.0,1.0,50,2.0,0,0.0
C2,1551,0.1812154518670538,83.9,48.800000000000004,1,11.2,16.40625,41.0,28.0,21.0,1.0,50,3.0,1,0.0
C2,1552,0.7573373474871592,17.8,17.5,1,2.0,16.40625,16.0,5.0,21.0,1.0,50,1.0,1,0.0
C2,1553,0.6685769173744529,32.599999999999994,26.599999999999998,1,7.2,16.40625,21.0,18.0,21.0,1.0,50,3.0,1,0.0
C2,1554,0.6674569236982506,18.0,17.7,1,5.2,16.40625,14.0,13.0,21.0,1.0,90,3.0,2,0.0
C2,1555,0.5534218359789522,33.0,26.9,1,5.2,16.40625,24.0,13.0,21.0,1.0,90,2.0,0,0.0
C2,1556,0.44681112600673295,45.199999999999996,35.8,1,5.6,16.40625,30.0,14.0,21.0,1.0,90,2.0,2,0.0
C2,1557,0.6682797526248165,17.9,17.6,1,6.0,16.40625,17.0,15.0,21.0,1.0,90,3.0,2,0.0
C2,1558,0.5569306079087769,32.599999999999994,27.3,1,5.2,16.40625,24.0,13.0,21.0,1.0,90,2.0,2,0.0
C2,1559,0.5512696358155467,33.2,26.4,1,4.8,16.40625,20.0,12.0,21.0,1.0,90,2.0,1,0.0
C2,1560,0.6655552192464198,18.1,17.6,1,3.2,16.40625,13.0,8.0,21.0,1.0,90,2.0,1,0.0
C2,1561,0.4542990289614085,44.3,34.1,1,5.2,16.40625,33.0,13.0,21.0,1.0,90,2.0,1,0.0
C2,1562,0.6655552192464198,17.7,17.5,1,3.2,16.40625,14.0,8.0,21.0,1.0,90,2.0,2,0.0
C2,1563,0.6670591094997571,18.1,17.7,1,4.8,16.40625,14.0,12.0,21.0,1.0,90,3.0,2,0.0
C2,1564,0.666289972053633,18.0,17.6,1,4.0,16.40625,16.0,10.0,21.0,1.0,90,2.0,1,0.0
C2,1565,0.6641844064673916,18.1,17.6,1,1.6,16.40625,13.0,4.0,21.0,1.0,90,1.0,0,0.0
C2,1566,0.5551762219438645,32.800000000000004,26.4,1,5.2,16.40625,26.0,13.0,21.0,1.0,90,2.0,1,0.0
C2,1567,0.5488885525797531,33.300000000000004,26.4,1,3.2,16.40625,27.0,8.0,21.0,1.0,90,1.0,1,0.0
C2,1568,0.6601291535942615,20.5,17.8,1,2.0,16.40625,16.0,5.0,21.0,1.0,90,1.0,0,0.0
C2,1569,0.6659183675801024,18.0,17.6,1,3.6,16.40625,16.0,9.0,21.0,1.0,90,2.0,0,0.0
C2,1570,0.6655552192464198,18.3,18.0,1,3.2,16.40625,12.0,8.0,21.0,1.0,90,2.0,1,0.0
C2,1571,0.4596739315170156,44.5,35.3,1,11.2,16.40625,39.0,28.0,21.0,1.0,90,3.0,1,0.0
C2,1572,0.6648537330978317,19.0,17.7,1,2.4,16.40625,17.0,6.0,21.0,1.0,90,1.0,2,0.0
C2,1573,0.5413773889235319,34.0,25.2,1,1.6,16.40625,23.0,4.0,21.0,1.0,90,1.0,2,0.0
C2,1574,0.6648537330978317,18.2,17.7,1,2.4,16.40625,18.0,6.0,21.0,1.0,90,1.0,2,0.0
C2,1575,0.6641844064673916,18.2,17.7,1,1.6,16.40625,14.0,4.0,21.0,1.0,90,1.0,2,0.0
C2,1576,0.6531116097346124,21.3,17.9,1,2.0,16.40625,18.0,5.0,21.0,1.0,90,1.0,0,0.0
C2,1577,0.6648537330978317,18.4,17.7,1,2.4,16.40625,19.0,6.0,21.0,1.0,90,1.0,1,0.0
C2,1578,0.6655552192464198,18.1,17.8,1,3.2,16.40625,15.0,8.0,21.0,1.0,90,2.0,0,0.0
C2,1579,0.6652003871959242,18.1,17.7,1,2.8,16.40625,12.0,7.0,21.0,1.0,90,2.0,0,0.0
C2,1580,0.5481586780842156,33.6,27.400000000000002,1,5.2,16.40625,26.0,13.0,21.0,1.0,90,2.0,1,0.0
C2,1581,-0.02366336998544194,113.10000000000001,60.3,1,6.4,16.40625,50.0,16.0,21.0,1.0,90,1.0,1,0.0
C2,1582,-1.795565145268352e-05,107.0,65.4,1,12.4,17.1875,50.0,31.0,22.0,1.0,90,3.0,0,0.0
C2,1583,0.5535122777563445,32.9,28.0,1,4.4,16.40625,23.0,11.0,21.0,1.0,90,2.0,2,0.0
C2,1584,0.6674569236982506,18.2,17.8,1,5.2,17.1875,14.0,13.0,22.0,1.0,90,3.0,0,0.0
C2,1585,0.666289972053633,18.1,17.7,1,4.0,16.40625,17.0,10.0,21.0,1.0,90,2.0,1,0.0
C2,1586,0.5546740714064506,32.599999999999994,26.8,1,2.8,16.40625,23.0,7.0,21.0,1.0,90,1.0,1,0.0
C2,1587,0.555589850134748,33.099999999999994,26.8,1,8.0,16.40625,27.0,20.0,21.0,1.0,90,3.0,0,0.0
C2,1588,0.6648537330978317,18.4,17.8,1,2.4,16.40625,10.0,6.0,21.0,1.0,90,2.0,0,0.0
C2,1589,0.6648537330978317,19.0,17.8,1,2.4,16.40625,15.0,6.0,21.0,1.0,90,1.0,1,0.0
C2,1590,0.5527808976954618,32.7,25.1,1,1.6,16.40625,20.0,4.0,21.0,1.0,90,1.0,1,0.0
C2,1591,0.42257276310606884,47.7,35.9,1,3.2,16.40625,32.0,8.0,21.0,1.0,90,1.0,1,0.0
C2,1592,0.5459021415818892,33.6,26.8,1,2.8,16.40625,29.0,7.0,21.0,1.0,90,1.0,2,0.0
C2,1593,0.5330990788955425,35.1,28.0,1,3.2,16.40625,28.0,8.0,21.0,1.0,90,1.0,1,0.0
C2,1594,0.5516958383609898,32.9,26.599999999999998,1,2.4,16.40625,23.0,6.0,21.0,1.0,90,1.0,0,0.0
C2,1595,0.5552879529303045,33.300000000000004,26.700000000000003,1,9.2,16.40625,29.0,23.0,21.0,1.0,90,3.0,2,0.0
C2,1596,0.06151617666960851,79.39999999999999,47.0,1,2.8,16.40625,41.0,7.0,21.0,1.0,90,1.0,2,0.0
C2,1597,0.555549040119823,33.0,27.3,1,7.2,16.40625,22.0,18.0,21.0,1.0,90,3.0,1,0.0
C2,1598,0.5565327937102835,32.599999999999994,26.1,1,4.8,16.40625,26.0,12.0,21.0,1.0,90,2.0,2,0.0
C2,1599,0.6666701724931865,18.1,17.6,1,4.4,16.40625,17.0,11.0,21.0,1.0,90,2.0,2,0.0
C2,1600,0.5542990289614085,32.9,26.599999999999998,1,5.2,16.40625,26.0,13.0,21.0,1.0,90,2.0,2,0.0
C2,1601,0.05021700423659932,84.4,50.2,1,4.8,16.40625,42.0,12.0,21.0,1.0,90,1.0,0,0.0
C2,1602,0.452038384400523,44.699999999999996,34.7,1,6.4,16.40625,31.0,16.0,21.0,1.0,90,2.0,2,0.0
C2,1603,0.5559990508704307,32.800000000000004,25.9,1,6.0,16.40625,21.0,15.0,21.0,1.0,90,3.0,1,0.0
C2,1604,0.666289972053633,17.9,17.6,1,4.0,16.40625,18.0,10.0,21.0,1.0,90,2.0,2,0.0
C2,1605,0.5559819006822538,32.9,26.4,1,6.8,16.40625,29.0,17.0,21.0,1.0,90,2.0,2,0.0
C2,1606,0.5557636562641594,32.599999999999994,27.0,1,4.0,16.40625,24.0,10.0,21.0,1.0,90,2.0,0,0.0
C2,1607,0.4197987439834576,48.099999999999994,35.7,1,4.0,16.40625,34.0,10.0,21.0,1.0,90,1.0,0,0.0
C2,1608,0.6641844064673916,18.0,17.7,1,1.6,16.40625,12.0,4.0,21.0,1.0,90,1.0,2,0.0
C2,1609,0.666289972053633,18.0,17.7,1,4.0,16.40625,16.0,10.0,21.0,1.0,90,2.0,0,0.0
C2,1610,0.6691397954190959,17.8,17.6,1,6.8,16.40625,19.0,17.0,21.0,1.0,90,3.0,1,0.0
C2,1611,0.4309876366110511,47.199999999999996,35.5,1,7.2,16.40625,35.0,18.0,21.0,1.0,90,2.0,2,0.0
C2,1612,-0.03296829742637042,119.3,74.89999999999999,1,12.0,16.40625,68.0,30.0,21.0,1.0,90,2.0,1,0.0
C2,1613,-0.198981055034203,184.79999999999998,109.3,1,16.0,16.40625,120.0,40.0,21.0,1.0,90,2.0,1,0.0
C2,1614,-0.001203275139870924,105.80000000000001,60.0,1,9.2,16.40625,59.0,23.0,21.0,1.0,90,2.0,2,0.0
C2,1615,0.014027424475690081,100.6,59.2,1,10.4,16.40625,57.0,26.0,21.0,1.0,90,2.0,2,0.0
C2,1616,-0.07782766876691957,144.0,92.60000000000001,1,22.8,17.1875,88.0,57.0,22.0,1.0,90,3.0,2,0.0
C2,1617,0.46475383050681524,43.3,35.5,1,6.8,16.40625,35.0,17.0,21.0,1.0,90,2.0,2,0.0
C2,1618,-0.029097998307545836,117.4,70.4,1,11.2,16.40625,65.0,28.0,21.0,1.0,90,2.0,1,0.0
C2,1619,-0.19885204840702803,193.8,113.5,1,26.8,16.40625,118.0,67.0,21.0,1.0,90,3.0,0,0.0
C2,1620,0.5507902570315839,33.300000000000004,27.099999999999998,1,5.2,16.40625,26.0,13.0,21.0,1.0,90,2.0,1,0.0
C2,1621,-0.2356131772376175,198.2,114.1,1,15.2,16.40625,106.0,38.0,21.0,1.0,90,2.0,1,0.0
C2,1622,-0.04096412893332835,119.2,74.5,1,5.2,16.40625,68.0,13.0,21.0,1.0,90,1.0,1,0.0
C2,1623,-0.09872857944555022,145.2,93.89999999999999,1,13.6,16.40625,83.0,34.0,21.0,1.0,90,2.0,0,0.0
C2,1624,0.6648537330978317,18.1,17.6,1,2.4,16.40625,19.0,6.0,21.0,1.0,90,1.0,0,0.0
C2,1625,-0.022014475351655266,114.5,68.3,1,10.8,16.40625,65.0,27.0,21.0,1.0,90,2.0,2,0.0
C2,1626,0.4152003871959243,48.5,37.199999999999996,1,2.8,16.40625,31.0,7.0,21.0,1.0,90,1.0,2,0.0
C2,1627,0.45313207731679095,44.3,34.5,1,4.0,16.40625,35.0,10.0,21.0,1.0,90,1.0,0,0.0
C2,1628,0.6645151185065423,17.9,17.6,1,2.0,16.40625,15.0,5.0,21.0,1.0,90,1.0,2,0.0
C2,1629,0.4003882500542819,50.0,17.6,1,0.8,16.40625,2.0,2.0,21.0,1.0,90,2.0,0,0.0
C2,1630,0.6648537330978317,18.599999999999998,17.9,1,2.4,17.1875,14.0,6.0,22.0,1.0,90,1.0,1,0.0
C2,1631,0.02655312994836985,93.10000000000001,47.7,1,4.0,16.40625,46.0,10.0,21.0,1.0,90,1.0,1,0.0
C2,1632,0.6659183675801024,18.1,17.7,1,3.6,16.40625,14.0,9.0,21.0,1.0,90,2.0,2,0.0
C2,1633,0.6674569236982506,18.3,17.9,1,5.2,16.40625,15.0,13.0,21.0,1.0,90,3.0,1,0.0
C2,1634,0.5438011015188844,33.8,24.400000000000002,1,2.4,16.40625,25.0,6.0,21.0,1.0,90,1.0,0,0.0
C2,1635,0.5513776913518786,33.099999999999994,27.599999999999998,1,4.0,16.40625,21.0,10.0,21.0,1.0,90,2.0,1,0.0
C2,1636,0.5537946541549108,33.2,26.5,1,7.2,16.40625,22.0,18.0,21.0,1.0,90,3.0,0,0.0
C2,1637,0.6666701724931865,18.0,17.7,1,4.4,16.40625,19.0,11.0,21.0,1.0,90,2.0,0,0.0
C2,1638,0.6670591094997571,18.2,17.8,1,4.8,17.1875,17.0,12.0,22.0,1.0,90,2.0,0,0.0
C2,1639,0.6666701724931865,18.2,17.8,1,4.4,16.40625,12.0,11.0,21.0,1.0,90,3.0,0,0.0
C2,1640,0.6678637575856803,17.9,17.6,1,5.6,16.40625,16.0,14.0,21.0,1.0,90,3.0,0,0.0
C2,1641,0.5508186453785335,33.0,25.8,1,2.4,16.40625,25.0,6.0,21.0,1.0,90,1.0,2,0.0
C2,1642,0.40102651173054954,50.0,17.7,1,1.6,16.40625,9.0,4.0,21.0,1.0,90,1.0,0,0.0
C2,1643,0.6678637575856803,18.1,17.7,1,5.6,16.40625,16.0,14.0,21.0,1.0,90,3.0,2,0.0
C2,1644,0.6655552192464198,18.1,17.7,1,3.2,16.40625,9.0,8.0,21.0,1.0,90,3.0,2,0.0
C2,1645,0.666289972053633,18.2,17.6,1,4.0,16.40625,12.0,10.0,21.0,1.0,90,3.0,0,0.0
C2,1646,0.5467793345643452,33.5,27.400000000000002,1,2.8,16.40625,28.0,7.0,21.0,1.0,90,1.0,2,0.0
C2,1647,0.6670591094997571,18.1,17.8,1,4.8,16.40625,14.0,12.0,21.0,1.0,90,3.0,0,0.0
C2,1648,0.6659183675801024,18.3,17.8,1,3.6,16.40625,9.0,9.0,21.0,1.0,90,3.0,2,0.0
C2,1649,0.6666701724931865,18.1,17.8,1,4.4,16.40625,18.0,11.0,21.0,1.0,90,2.0,1,0.0
C2,1650,0.5765839711106497,50.0,18.4,1,0.8,16.40625,8.0,2.0,21.0,1.0,30,1.0,1,0.0
C2,1651,0.7238618237082888,34.0,26.700000000000003,1,2.4,16.40625,27.0,6.0,21.0,1.0,30,1.0,0,0.0
C2,1652,0.8583972924502834,18.1,17.7,1,5.2,16.40625,14.0,13.0,21.0,1.0,30,3.0,0,0.0
C2,1653,0.843222663187408,17.9,17.6,1,1.6,16.40625,15.0,4.0,21.0,1.0,30,1.0,1,0.0
C2,1654,0.8361784107596502,21.0,17.9,1,2.0,16.40625,8.0,5.0,21.0,1.0,30,2.0,1,0.0
C2,1655,0.7326337535328502,33.0,27.7,1,2.4,16.40625,21.0,6.0,21.0,1.0,30,1.0,1,0.0
C2,1656,0.7527072879498349,32.599999999999994,26.5,1,6.4,16.40625,20.0,16.0,21.0,1.0,30,3.0,1,0.0
C2,1657,0.5765839711106497,50.0,17.7,1,0.8,16.40625,7.0,2.0,21.0,1.0,30,1.0,0,0.0
C2,1658,0.8583972924502834,18.0,17.7,1,5.2,16.40625,14.0,13.0,21.0,1.0,30,3.0,0,0.0
C2,1659,0.8534405798950884,17.9,17.7,1,4.0,16.40625,11.0,10.0,21.0,1.0,30,3.0,2,0.0
C2,1660,0.8534405798950884,17.9,17.7,1,4.0,16.40625,10.0,10.0,21.0,1.0,30,3.0,0,0.0
C2,1661,0.6465669370726419,44.699999999999996,34.2,1,6.4,16.40625,36.0,16.0,21.0,1.0,30,2.0,2,0.0
C2,1662,0.8465008768315403,20.6,17.9,1,3.6,16.40625,14.0,9.0,21.0,1.0,30,2.0,1,0.0
C2,1663,0.742479613143209,33.4,26.700000000000003,1,5.6,16.40625,24.0,14.0,21.0,1.0,30,2.0,0,0.0
C2,1664,0.8483776397808107,17.8,17.7,1,2.8,16.40625,15.0,7.0,21.0,1.0,30,1.0,2,0.0
C2,1665,0.843222663187408,17.8,17.5,1,1.6,16.40625,11.0,4.0,21.0,1.0,30,1.0,2,0.0
C2,1666,0.8551053220002116,17.8,17.5,1,4.4,16.40625,18.0,11.0,21.0,1.0,30,2.0,2,0.0
C2,1667,0.8466688412521486,18.0,17.7,1,2.4,16.40625,18.0,6.0,21.0,1.0,30,1.0,2,0.0
C2,1668,0.8517640347262772,18.0,17.7,1,3.6,16.40625,10.0,9.0,21.0,1.0,30,3.0,0,0.0
C2,1669,0.8466688412521486,18.0,17.7,1,2.4,16.40625,6.0,6.0,21.0,1.0,30,3.0,0,0.0
C2,1670,0.580064768450566,50.0,17.6,1,1.6,16.40625,9.0,4.0,21.0,1.0,30,1.0,1,0.0
C2,1671,0.8517640347262772,18.1,17.7,1,3.6,16.40625,15.0,9.0,21.0,1.0,30,2.0,1,0.0
C2,1672,0.8483776397808107,19.5,17.6,1,2.8,16.40625,6.0,7.0,21.0,1.0,30,3.0,1,0.0
C2,1673,0.7452393977134413,32.9,27.2,1,5.2,16.40625,24.0,13.0,21.0,1.0,30,2.0,1,0.0
C2,1674,0.8534405798950884,17.9,17.6,1,4.0,16.40625,10.0,10.0,21.0,1.0,30,3.0,0,0.0
C2,1675,0.5783284365275948,50.0,17.8,1,1.2,16.40625,8.0,3.0,21.0,1.0,30,1.0,0,0.0
C2,1676,0.8466688412521486,18.2,17.7,1,2.4,16.40625,18.0,6.0,21.0,1.0,30,1.0,2,0.0
C2,1677,0.8500762134230411,18.1,17.8,1,3.2,16.40625,9.0,8.0,21.0,1.0,30,3.0,2,0.0
C2,1678,0.8466688412521486,18.2,17.8,1,2.4,16.40625,10.0,6.0,21.0,1.0,30,2.0,2,0.0
C2,1679,0.8551053220002116,18.3,17.9,1,4.4,16.40625,12.0,11.0,21.0,1.0,30,3.0,2,0.0
C2,1680,0.5817924458473693,50.0,17.6,1,2.0,16.40625,8.0,5.0,21.0,1.0,30,1.0,2,0.0
C2,1681,0.6402369493768298,47.300000000000004,34.4,1,10.8,16.40625,39.0,27.0,21.0,1.0,30,3.0,0,0.0
C2,1682,0.580064768450566,50.0,17.7,1,1.6,16.40625,7.0,4.0,21.0,1.0,30,1.0,2,0.0
C2,1683,0.8500762134230411,18.1,17.9,1,3.2,16.40625,9.0,8.0,21.0,1.0,30,3.0,1,0.0
C2,1684,0.8567577352788383,18.4,17.8,1,4.8,16.40625,13.0,12.0,21.0,1.0,30,3.0,2,0.0
C2,1685,0.5783284365275948,50.0,17.8,1,1.2,16.40625,9.0,3.0,21.0,1.0,30,1.0,2,0.0
C2,1686,0.5541517104744899,32.7,25.9,1,3.2,16.40625,29.0,8.0,21.0,1.0,90,1.0,2,0.0
C2,1687,0.6659183675801024,18.1,18.0,1,3.6,16.40625,15.0,9.0,21.0,1.0,90,2.0,1,0.0
C2,1688,0.40102651173054954,50.0,17.5,1,1.6,16.40625,7.0,4.0,21.0,1.0,90,1.0,1,0.0
C2,1689,0.6652003871959242,18.1,17.8,1,2.8,16.40625,8.0,7.0,21.0,1.0,90,3.0,1,0.0
C2,1690,0.6659183675801024,18.5,17.8,1,3.6,16.40625,8.0,9.0,21.0,1.0,90,3.0,2,0.0
C2,1691,0.40890082372045333,49.3,35.8,1,3.6,16.40625,30.0,9.0,21.0,1.0,90,1.0,0,0.0
C2,1692,0.6641844064673916,18.1,17.7,1,1.6,16.40625,10.0,4.0,21.0,1.0,90,1.0,2,0.0
C2,1693,0.6645151185065423,19.2,18.0,1,2.0,16.40625,7.0,5.0,21.0,1.0,90,2.0,2,0.0
C2,1694,0.5463327778752363,34.0,27.5,1,6.8,16.40625,21.0,17.0,21.0,1.0,90,3.0,1,0.0
C2,1695,0.6641844064673916,18.0,17.6,1,1.6,16.40625,4.0,4.0,21.0,1.0,90,3.0,0,0.0
C2,1696,0.6674569236982506,18.0,17.7,1,5.2,16.40625,14.0,13.0,21.0,1.0,90,3.0,1,0.0
C2,1697,0.6648537330978317,18.0,17.6,1,2.4,17.1875,9.0,6.0,22.0,1.0,90,2.0,2,0.0
C2,1698,0.40070356569969146,50.0,17.6,1,1.2,16.40625,6.0,3.0,21.0,1.0,90,1.0,0,0.0
C2,1699,0.6641844064673916,18.1,17.6,1,1.6,16.40625,7.0,4.0,21.0,1.0,90,2.0,0,0.0
C2,1700,0.40102651173054954,50.0,17.4,1,1.6,16.40625,7.0,4.0,21.0,1.0,90,1.0,1,0.0
C2,1701,0.6678637575856803,18.1,17.7,1,5.6,16.40625,16.0,14.0,21.0,1.0,90,3.0,1,0.0
C2,1702,0.4003882500542819,50.0,17.8,1,0.8,16.40625,6.0,2.0,21.0,1.0,90,1.0,2,0.0
C2,1703,0.666289972053633,17.9,17.6,1,4.0,16.40625,11.0,10.0,21.0,1.0,90,3.0,1,0.0
C2,1704,0.6655552192464198,18.2,17.8,1,3.2,16.40625,18.0,8.0,21.0,1.0,90,1.0,2,0.0
C2,1705,0.6949342494879829,18.3,17.8,1,2.4,16.40625,10.0,6.0,21.0,1.0,70,2.0,1,0.0
C2,1706,0.5840195294724098,33.300000000000004,27.0,1,4.8,16.40625,25.0,12.0,21.0,1.0,70,2.0,1,0.0
C2,1707,0.6949342494879829,18.1,17.7,1,2.4,16.40625,10.0,6.0,21.0,1.0,70,2.0,0,0.0
C2,1708,0.4282301737168955,50.0,17.9,1,0.8,16.40625,6.0,2.0,21.0,1.0,70,1.0,1,0.0
C2,1709,0.6977445678438781,17.9,17.7,1,3.6,17.1875,10.0,9.0,22.0,1.0,70,3.0,0,0.0
C2,1710,0.6931327226609154,18.1,17.7,1,1.6,16.40625,5.0,4.0,21.0,1.0,70,2.0,0,0.0
C2,1711,0.6949342494879829,18.700000000000003,17.9,1,2.4,16.40625,19.0,6.0,21.0,1.0,70,1.0,2,0.0
C2,1712,0.6967932929551672,18.1,17.7,1,3.2,16.40625,9.0,8.0,21.0,1.0,70,3.0,0,0.0
C2,1713,0.6940263352002114,18.1,17.6,1,2.0,16.40625,8.0,5.0,21.0,1.0,70,2.0,0,0.0
C2,1714,0.692253329144211,17.9,17.6,1,1.2,16.40625,5.0,3.0,21.0,1.0,70,2.0,1,0.0
C2,1715,0.6987104359868719,17.9,17.6,1,4.0,16.40625,11.0,10.0,21.0,1.0,70,3.0,0,0.0
C2,1716,0.584453034649559,32.7,27.2,1,2.8,16.40625,24.0,7.0,21.0,1.0,70,1.0,2,0.0
C2,1717,0.6949342494879829,17.8,17.5,1,2.4,16.40625,19.0,6.0,21.0,1.0,70,1.0,0,0.0
C2,1718,0.7048152805918526,17.8,17.6,1,6.4,16.40625,19.0,16.0,21.0,1.0,70,3.0,0,0.0
C2,1719,0.6949342494879829,18.5,17.8,1,2.4,16.40625,6.0,6.0,21.0,1.0,70,3.0,2,0.0
C2,1720,0.7027210189426429,18.2,17.9,1,5.6,16.40625,16.0,14.0,21.0,1.0,70,3.0,0,0.0
C2,1721,0.6949342494879829,18.2,17.6,1,2.4,17.1875,19.0,6.0,22.0,1.0,70,1.0,0,0.0
C2,1722,0.4299748279240733,50.0,17.6,1,1.6,16.40625,4.0,4.0,21.0,1.0,70,2.0,2,0.0
C2,1723,0.6645151185065423,17.9,17.6,1,2.0,16.40625,7.0,5.0,21.0,1.0,90,2.0,2,0.0
C2,1724,0.6645151185065423,17.9,17.5,1,2.0,16.40625,8.0,5.0,21.0,1.0,90,2.0,1,0.0
C2,1725,0.555028903456946,32.599999999999994,26.8,1,3.2,16.40625,29.0,8.0,21.0,1.0,90,1.0,0,0.0
C2,1726,0.007217791166138382,103.6,60.400000000000006,1,11.2,16.40625,51.0,28.0,21.0,1.0,90,3.0,2,0.0
C2,1727,0.4603432139493743,44.3,33.7,1,10.4,16.40625,36.0,26.0,21.0,1.0,90,3.0,0,0.0
C2,1728,0.046724366427399355,88.8,50.2,1,11.6,16.40625,44.0,29.0,21.0,1.0,90,3.0,0,0.0
C2,1729,0.0765053867841559,77.7,45.6,1,12.0,16.40625,47.0,30.0,21.0,1.0,90,3.0,2,0.0
C2,1730,0.04161713956774976,88.8,47.6,1,7.6,16.40625,45.0,19.0,21.0,1.0,90,2.0,1,0.0
C2,1731,0.04124222888941907,91.1,48.5,1,12.0,16.40625,49.0,30.0,21.0,1.0,90,3.0,1,0.0
C2,1732,0.5560534149263208,32.7,25.9,1,5.2,16.40625,24.0,13.0,21.0,1.0,90,2.0,1,0.0
C2,1733,0.4287642665809532,47.9,35.4,1,10.4,16.40625,35.0,26.0,21.0,1.0,90,3.0,0,0.0
C2,1734,0.5546740714064506,32.599999999999994,27.3,1,2.8,16.40625,21.0,7.0,21.0,1.0,90,1.0,1,0.0
C2,1735,0.7265292879526324,33.5,26.700000000000003,1,2.0,16.40625,27.0,5.0,21.0,1.0,30,1.0,2,0.0
C2,1736,0.655495399811372,43.5,33.6,1,6.0,16.40625,36.0,15.0,21.0,1.0,30,2.0,1,0.0
C2,1737,0.6083972924502834,48.5,36.1,1,5.2,16.40625,39.0,13.0,21.0,1.0,30,1.0,2,0.0
C2,1738,0.2513353167371937,78.8,45.400000000000006,1,4.0,16.40625,40.0,10.0,21.0,1.0,30,1.0,1,0.0
C2,1739,0.6420370711231587,44.1,34.1,1,4.0,16.40625,38.0,10.0,21.0,1.0,30,1.0,0,0.0
C2,1740,0.2704105546520473,81.0,45.8,1,10.4,16.40625,42.0,26.0,21.0,1.0,30,3.0,1,0.0
C2,1741,0.1778166663052247,106.1,61.0,1,3.6,16.40625,52.0,9.0,21.0,1.0,30,1.0,1,0.0
C2,1742,0.21861205127083413,106.1,62.5,1,14.8,16.40625,54.0,37.0,21.0,1.0,30,3.0,0,0.0
C2,1743,0.1864211114738958,104.1,60.8,1,4.4,16.40625,58.0,11.0,21.0,1.0,30,1.0,1,0.0
C2,1744,0.2157897609699032,105.80000000000001,63.0,1,13.6,16.40625,59.0,34.0,21.0,1.0,30,3.0,1,0.0
C2,1745,0.19334298209469838,100.2,51.6,1,3.6,16.40625,47.0,9.0,21.0,1.0,30,1.0,1,0.0
C2,1746,0.1623446608713361,114.5,61.5,1,5.2,17.1875,52.0,13.0,22.0,1.0,30,1.0,1,0.0
C2,1747,0.1463392622660161,121.2,70.8,1,5.6,16.40625,62.0,14.0,21.0,1.0,30,1.0,0,0.0
C2,1748,0.24999669298202715,85.4,47.0,1,8.0,16.40625,41.0,20.0,21.0,1.0,30,2.0,1,0.0
C2,1749,0.24822605705259787,84.9,48.4,1,7.2,16.40625,45.0,18.0,21.0,1.0,30,2.0,2,0.0
C2,1750,0.22143614094685324,97.4,49.099999999999994,1,8.8,16.40625,49.0,22.0,21.0,1.0,30,2.0,1,0.0
C2,1751,0.11743658336838736,134.6,80.9,1,7.2,16.40625,79.0,18.0,21.0,1.0,30,1.0,1,0.0
C2,1752,0.6299565871492316,44.900000000000006,33.6,1,2.8,16.40625,30.0,7.0,21.0,1.0,30,1.0,2,0.0
C2,1753,0.19159847463193053,101.5,49.5,1,4.0,16.40625,45.0,10.0,21.0,1.0,30,1.0,2,0.0
C2,1754,0.6307779678090062,45.0,33.6,1,3.2,16.40625,38.0,8.0,21.0,1.0,30,1.0,0,0.0
C2,1755,0.6277874605613698,47.199999999999996,35.6,1,7.2,16.40625,35.0,18.0,21.0,1.0,30,2.0,2,0.0
C2,1756,0.02798579870268679,94.89999999999999,51.1,1,9.6,16.40625,49.0,24.0,21.0,1.0,90,2.0,2,0.0
C2,1757,0.42923136685666335,47.300000000000004,35.4,1,6.4,16.40625,30.0,16.0,21.0,1.0,90,2.0,2,0.0
C2,1758,0.4542990289614085,44.3,34.8,1,5.2,16.40625,34.0,13.0,21.0,1.0,90,2.0,2,0.0
C2,1759,0.04669146170223433,87.6,47.5,1,9.2,16.40625,47.0,23.0,21.0,1.0,90,2.0,0,0.0
C2,1760,0.04813370978387094,86.5,57.8,1,8.0,16.40625,50.0,20.0,21.0,1.0,90,2.0,1,0.0
C2,1761,-0.004491639861979008,108.7,62.199999999999996,1,12.4,16.40625,51.0,31.0,21.0,1.0,90,3.0,2,0.0
C2,1762,-0.06576863314333661,129.1,83.4,1,6.4,16.40625,72.0,16.0,21.0,1.0,90,1.0,0,0.0
C2,1763,-0.02634676873010916,113.8,74.80000000000001,1,5.6,16.40625,68.0,14.0,21.0,1.0,90,1.0,1,0.0
C2,1764,0.44827040907065535,45.5,35.0,1,9.2,16.40625,33.0,23.0,21.0,1.0,90,3.0,1,0.0
C2,1765,-0.0026777326055059114,104.5,63.0,1,4.8,16.40625,51.0,12.0,21.0,1.0,90,1.0,1,0.0
C2,1766,0.0828491871064575,120.6,74.39999999999999,1,10.8,16.40625,64.0,27.0,21.0,1.0,50,2.0,2,0.0
C2,1767,0.19512152554147932,73.89999999999999,47.5,1,8.4,16.40625,45.0,21.0,21.0,1.0,50,2.0,1,0.0
C2,1768,0.12484864774202928,106.0,61.0,1,11.6,16.40625,51.0,29.0,21.0,1.0,50,3.0,0,0.0
C2,1769,0.1071548894341951,106.0,61.699999999999996,1,7.6,16.40625,54.0,19.0,21.0,1.0,50,2.0,0,0.0
C2,1770,0.5466228494897233,47.5,34.2,1,9.2,16.40625,34.0,23.0,21.0,1.0,50,3.0,2,0.0
C2,1771,0.12402383510574391,115.9,71.0,1,17.2,16.40625,66.0,43.0,21.0,1.0,50,3.0,2,0.0
C2,1772,0.18760876888260797,84.2,49.3,1,12.8,17.1875,45.0,32.0,22.0,1.0,50,3.0,1,0.0
C2,1773,0.5641909524621722,44.5,34.2,1,7.2,16.40625,34.0,18.0,21.0,1.0,50,2.0,0,0.0
C2,1774,0.19811234500119435,76.8,46.4,1,10.8,16.40625,40.0,27.0,21.0,1.0,50,3.0,2,0.0
C2,1775,0.1717529877382034,75.0,44.1,1,3.6,16.40625,47.0,9.0,21.0,1.0,50,1.0,2,0.0
C2,1776,0.1758252729099578,81.9,44.900000000000006,1,8.8,16.40625,45.0,22.0,21.0,1.0,50,2.0,2,0.0
C2,1777,0.1479012188206704,89.2,48.2,1,6.8,16.40625,42.0,17.0,21.0,1.0,50,2.0,1,0.0
C2,1778,0.15068799841362504,99.6,59.3,1,13.6,16.40625,55.0,34.0,21.0,1.0,50,3.0,0,0.0
C2,1779,0.513207766303461,48.2,35.3,1,2.8,16.40625,31.0,7.0,21.0,1.0,50,1.0,2,0.0
C2,1780,0.5470937891260719,44.900000000000006,34.9,1,4.0,16.40625,34.0,10.0,21.0,1.0,50,1.0,2,0.0
C2,1781,-0.010526315789473717,202.0,117.4,1,53.6,16.40625,339.0,134.0,21.0,1.0,50,2.0,0,0.0
C2,1782,-0.006842105263157872,200.6,114.7,1,55.6,16.40625,685.0,139.0,21.0,1.0,50,1.0,1,0.0
C2,1783,0.5101373455745459,49.9,36.3,2,7.6,16.015625,54.0,38.0,41.0,1.0,50,3.0,2,0.0
C2,1784,0.5566148985609627,44.1,31.3,2,4.6,16.015625,46.0,23.0,41.0,1.0,50,2.0,1,0.0
C2,1785,0.6383218593015103,34.5,25.3,2,4.0,16.015625,39.0,20.0,41.0,1.0,50,2.0,2,0.0
C2,1786,0.24462954895340017,53.1,37.1,2,7.2,16.015625,50.0,36.0,41.0,1.0,50,3.0,2,0.0
C2,1787,0.25215488943419506,50.9,37.5,2,7.6,16.015625,56.0,38.0,41.0,1.0,50,3.0,1,0.0
C2,1788,0.1810298215141869,83.5,43.7,1,12.8,16.40625,45.0,32.0,21.0,1.0,50,3.0,2,0.0
C2,1789,0.5535586434964435,43.6,33.0,1,2.8,16.40625,34.0,7.0,21.0,1.0,50,1.0,0,0.0
C2,1790,0.17942813447487854,83.9,46.199999999999996,1,10.8,16.40625,42.0,27.0,21.0,1.0,50,3.0,1,0.0
C2,1791,0.17260876888260795,89.89999999999999,48.099999999999994,1,12.8,16.40625,47.0,32.0,21.0,1.0,50,3.0,1,0.0
C2,1792,0.15278744369024233,88.0,48.800000000000004,1,7.2,16.40625,43.0,18.0,21.0,1.0,50,2.0,2,0.0
C2,1793,0.15975625234192364,94.10000000000001,49.099999999999994,1,12.4,16.40625,46.0,31.0,21.0,1.0,50,3.0,1,0.0
C2,1794,0.5642170082943546,44.3,34.1,1,6.8,16.40625,34.0,17.0,21.0,1.0,50,2.0,1,0.0
C2,1795,0.1378317751870596,103.8,59.8,1,13.2,16.40625,52.0,33.0,21.0,1.0,50,3.0,1,0.0
C2,1796,0.1889667786577131,83.0,50.2,1,12.4,16.40625,44.0,31.0,21.0,1.0,50,3.0,2,0.0
C2,1797,0.6547540606782105,33.2,26.3,1,5.2,16.40625,26.0,13.0,21.0,1.0,50,2.0,2,0.0
C2,1798,0.6746829290502512,32.5,26.3,1,8.4,16.40625,28.0,21.0,21.0,1.0,50,3.0,2,0.0
C2,1799,0.17774338458413452,85.9,46.199999999999996,1,11.6,16.40625,46.0,29.0,21.0,1.0,50,3.0,0,0.0
C2,1800,-0.028494613215844095,117.6,69.9,1,12.0,16.40625,66.0,30.0,21.0,1.0,90,2.0,1,0.0
C2,1801,0.034397138646985195,91.89999999999999,51.2,1,8.4,16.40625,47.0,21.0,21.0,1.0,90,2.0,2,0.0
C2,1802,-0.05543781314385468,124.7,76.7,1,5.2,16.40625,63.0,13.0,21.0,1.0,90,1.0,1,0.0
C2,1803,0.416289972053633,48.5,34.4,1,4.0,16.40625,37.0,10.0,21.0,1.0,90,1.0,1,0.0
C2,1804,0.49311135003624285,39.699999999999996,31.5,1,3.6,16.40625,39.0,9.0,21.0,1.0,90,1.0,1,0.0
C2,1805,0.019133980752248356,97.69999999999999,50.2,1,8.4,16.40625,48.0,21.0,21.0,1.0,90,2.0,2,0.0
C2,1806,0.4321086057202307,47.4,34.7,1,9.6,16.40625,34.0,24.0,21.0,1.0,90,3.0,2,0.0
C2,1807,0.008921551001001449,99.8,48.5,1,4.0,16.40625,45.0,10.0,21.0,1.0,90,1.0,0,0.0
C2,1808,0.4551047076997977,44.4,34.5,1,6.8,16.40625,35.0,17.0,21.0,1.0,90,2.0,1,0.0
C2,1809,0.5529514768839259,33.099999999999994,27.599999999999998,1,5.6,16.40625,28.0,14.0,21.0,1.0,90,2.0,0,0.0
C2,1810,0.07275966245519601,79.8,48.5,1,13.2,16.40625,49.0,33.0,21.0,1.0,90,3.0,2,0.0
C2,1811,0.002196325018476275,104.7,64.5,1,9.6,16.40625,59.0,24.0,21.0,1.0,90,2.0,0,0.0
C2,1812,0.04129160452071304,89.1,47.199999999999996,1,8.0,16.40625,47.0,20.0,21.0,1.0,90,2.0,2,0.0
C2,1813,0.09670784126431298,66.3,42.1,1,3.6,16.40625,41.0,9.0,21.0,1.0,90,1.0,1,0.0
C2,1814,-0.006983405269920195,106.6,62.300000000000004,1,6.0,16.40625,56.0,15.0,21.0,1.0,90,1.0,0,0.0
C2,1815,0.45842439519391487,44.4,35.1,1,9.6,17.1875,32.0,24.0,22.0,1.0,90,3.0,2,0.0
C2,1816,0.057711773800868366,83.8,47.0,1,10.0,16.40625,42.0,25.0,21.0,1.0,90,3.0,1,0.0
C2,1817,-0.014550229774067447,110.5,62.5,1,8.4,16.40625,51.0,21.0,21.0,1.0,90,2.0,0,0.0
C2,1818,-0.020461317858186834,116.7,71.5,1,15.6,16.40625,60.0,39.0,21.0,1.0,90,3.0,0,0.0
C2,1819,0.0640598827548659,81.0,51.5,1,9.2,17.1875,50.0,23.0,22.0,1.0,90,2.0,2,0.0
C2,1820,-0.001550043911474952,103.5,60.5,1,3.2,16.40625,50.0,8.0,21.0,1.0,90,1.0,0,0.0
C2,1821,-0.04454487988032607,128.70000000000002,80.4,1,19.6,17.1875,73.0,49.0,22.0,1.0,90,3.0,1,0.0
C2,1822,0.4464042921193032,45.199999999999996,35.7,1,5.2,16.40625,31.0,13.0,21.0,1.0,90,2.0,2,0.0
C2,1823,0.4596739315170156,44.5,35.3,1,11.2,16.40625,36.0,28.0,21.0,1.0,90,3.0,0,0.0
C2,1824,0.013285978244669663,102.4,60.6,1,13.2,16.40625,53.0,33.0,21.0,1.0,90,3.0,0,0.0
C2,1825,0.4036376658257165,49.9,34.3,1,3.6,16.40625,37.0,9.0,21.0,1.0,90,1.0,1,0.0
C2,1826,0.043007251175918554,89.0,48.9,1,9.2,16.40625,47.0,23.0,21.0,1.0,90,2.0,2,0.0
C2,1827,0.4305645079888024,47.300000000000004,34.4,1,7.6,16.40625,35.0,19.0,21.0,1.0,90,2.0,0,0.0
C2,1828,0.6670591094997571,18.599999999999998,17.8,1,4.8,16.40625,18.0,12.0,21.0,1.0,90,2.0,2,0.0
C2,1829,0.45451485880817266,44.1,33.099999999999994,1,3.6,16.40625,36.0,9.0,21.0,1.0,90,1.0,1,0.0
C2,1830,0.4638766375243591,43.4,33.5,1,6.8,16.40625,37.0,17.0,21.0,1.0,90,2.0,2,0.0
C2,1831,-0.05296517642251897,130.70000000000002,82.9,1,18.0,16.40625,71.0,45.0,21.0,1.0,90,3.0,1,0.0
C2,1832,0.46214345535722345,43.7,34.3,1,7.6,16.40625,39.0,19.0,21.0,1.0,90,2.0,2,0.0
C2,1833,0.46038906939231117,43.9,32.599999999999994,1,7.6,16.40625,39.0,19.0,21.0,1.0,90,2.0,1,0.0
C2,1834,0.5595078228002552,32.4,26.599999999999998,1,6.0,16.40625,23.0,15.0,21.0,1.0,90,3.0,0,0.0
C2,1835,0.07619805063792569,77.60000000000001,46.4,1,11.6,16.40625,47.0,29.0,21.0,1.0,90,3.0,0,0.0
C2,1836,0.07433860982361702,79.2,45.199999999999996,1,13.2,16.40625,47.0,33.0,21.0,1.0,90,3.0,1,0.0
C2,1837,0.025715913099945392,97.0,52.3,1,12.0,17.1875,47.0,30.0,22.0,1.0,90,3.0,1,0.0
C2,1838,0.05136500407494002,87.7,47.300000000000004,1,12.8,16.40625,48.0,32.0,21.0,1.0,90,3.0,0,0.0
C2,1839,0.08003819219932871,74.2,45.3,1,7.6,16.40625,42.0,19.0,21.0,1.0,90,2.0,0,0.0
C2,1840,0.42700988061604095,48.099999999999994,34.6,1,10.4,16.40625,39.0,26.0,21.0,1.0,90,3.0,0,0.0
C2,1841,-0.047016760512275685,121.5,71.9,1,5.2,16.40625,66.0,13.0,21.0,1.0,90,1.0,0,0.0
C2,1842,-0.0005505007424448649,105.0,60.3,1,8.0,16.40625,53.0,20.0,21.0,1.0,90,2.0,1,0.0
C2,1843,-0.010572469447611199,107.5,65.10000000000001,1,4.8,16.40625,58.0,12.0,21.0,1.0,90,1.0,1,0.0
C2,1844,-0.027412789971866025,118.1,72.0,1,13.6,17.1875,61.0,34.0,22.0,1.0,90,3.0,1,0.0
C2,1845,0.4260815350358934,47.300000000000004,33.2,1,3.2,16.40625,38.0,8.0,21.0,1.0,90,1.0,1,0.0
C2,1846,0.016428303807497505,99.1,60.0,1,9.2,16.40625,51.0,23.0,21.0,1.0,90,2.0,1,0.0
C2,1847,-0.08245979980294074,142.8,93.0,1,19.2,16.40625,85.0,48.0,21.0,1.0,90,3.0,0,0.0
C2,1848,-0.2725034954395407,211.0,123.30000000000001,1,13.2,16.40625,139.0,33.0,21.0,1.0,90,1.0,2,0.0
C2,1849,-0.08594218795035238,137.1,81.0,1,7.2,16.40625,78.0,18.0,21.0,1.0,90,1.0,0,0.0
C2,1850,-0.06165250795268623,130.20000000000002,80.5,1,12.0,16.40625,76.0,30.0,21.0,1.0,90,2.0,0,0.0
C2,1851,0.016395984327184143,99.5,57.0,1,10.0,16.40625,58.0,25.0,21.0,1.0,90,2.0,1,0.0
C2,1852,0.014564746071107831,100.0,58.3,1,9.6,16.40625,53.0,24.0,21.0,1.0,90,2.0,0,0.0
C2,1853,0.5599350050321037,32.5,25.4,1,7.2,17.1875,23.0,18.0,22.0,1.0,90,3.0,1,0.0
C2,1854,-0.2006450609726811,181.4,99.9,1,8.8,16.40625,92.0,22.0,21.0,1.0,90,1.0,1,0.0
C2,1855,-0.18576324822365436,186.1,105.2,1,24.0,16.40625,97.0,60.0,21.0,1.0,90,3.0,2,0.0
C2,1856,-0.22972630748968975,199.7,112.10000000000001,1,20.4,16.40625,128.0,51.0,21.0,1.0,90,2.0,0,0.0
C2,1857,0.015049214601255786,101.5,66.3,1,12.8,16.40625,60.0,32.0,21.0,1.0,90,3.0,1,0.0
C2,1858,-0.2037546501067295,188.0,109.89999999999999,1,18.0,16.40625,109.0,45.0,21.0,1.0,90,2.0,2,0.0
C2,1859,-0.07461498421728863,132.3,82.4,1,6.0,16.40625,74.0,15.0,21.0,1.0,90,1.0,2,0.0
C2,1860,-0.005602861353014799,107.1,66.0,1,8.4,16.40625,50.0,21.0,21.0,1.0,90,2.0,0,0.0
C2,1861,-0.2035427598392765,197.7,114.4,1,28.8,16.40625,114.0,72.0,21.0,1.0,90,3.0,2,0.0
C2,1862,-0.07849224830137866,141.6,86.0,1,19.6,16.40625,80.0,49.0,21.0,1.0,90,3.0,2,0.0
C2,1863,0.03853149626017388,89.80000000000001,50.3,1,7.2,16.40625,44.0,18.0,21.0,1.0,90,2.0,2,0.0
C2,1864,0.017558018363103292,100.1,62.5,1,12.0,16.40625,50.0,30.0,21.0,1.0,90,3.0,2,0.0
C2,1865,-0.039550229774067414,120.0,75.5,1,8.4,16.40625,60.0,21.0,21.0,1.0,90,2.0,1,0.0
C2,1866,-0.27409801198197614,209.5,120.89999999999999,1,9.2,16.40625,115.0,23.0,21.0,1.0,90,1.0,0,0.0
C2,1867,-0.037543076301749384,117.9,73.4,1,5.2,16.40625,63.0,13.0,21.0,1.0,90,1.0,1,0.0
C2,1868,-0.07827298508544639,142.8,91.7,1,21.2,16.40625,87.0,53.0,21.0,1.0,90,3.0,2,0.0
C2,1869,-0.2711291771424884,208.0,117.6,1,8.4,16.40625,107.0,21.0,21.0,1.0,90,1.0,1,0.0
C2,1870,-0.02070927883071061,113.60000000000001,68.4,1,10.0,16.40625,67.0,25.0,21.0,1.0,90,2.0,2,0.0
C2,1871,0.043813104422207705,86.4,46.9,1,3.6,16.40625,42.0,9.0,21.0,1.0,90,1.0,0,0.0
C2,1872,0.695856543421489,18.1,17.8,1,2.8,16.40625,9.0,7.0,21.0,1.0,70,3.0,1,0.0
C2,1873,0.6967932929551672,18.2,17.7,1,3.2,16.40625,13.0,8.0,21.0,1.0,70,2.0,2,0.0
C2,1874,0.08461513764424722,88.2,49.6,1,8.8,16.40625,46.0,22.0,21.0,1.0,70,2.0,2,0.0
C2,1875,0.6940263352002114,17.8,17.5,1,2.0,16.40625,15.0,5.0,21.0,1.0,70,1.0,2,0.0
C2,1876,0.5911698830382714,32.599999999999994,27.400000000000002,1,5.2,16.40625,24.0,13.0,21.0,1.0,70,2.0,2,0.0
C2,1877,-0.18320311057207145,197.7,109.60000000000001,1,15.2,16.40625,106.0,38.0,21.0,1.0,70,2.0,0,0.0
C2,1878,0.05600674883107552,94.60000000000001,51.3,1,4.4,16.40625,44.0,11.0,21.0,1.0,70,1.0,1,0.0
C2,1879,-0.17179923120329477,191.3,104.6,1,13.6,16.40625,92.0,34.0,21.0,1.0,70,2.0,2,0.0
C2,1880,0.06371043598687194,91.30000000000001,48.5,1,4.0,16.40625,49.0,10.0,21.0,1.0,70,1.0,2,0.0
C2,1881,-0.16134751548119936,196.1,112.5,1,20.0,16.40625,114.0,50.0,21.0,1.0,70,2.0,1,0.0
C2,1882,-0.14595103814343885,182.5,103.0,1,14.4,16.40625,100.0,36.0,21.0,1.0,70,2.0,0,0.0
C2,1883,-0.05329388298684329,138.9,85.8,1,7.2,16.40625,83.0,18.0,21.0,1.0,70,1.0,1,0.0
C2,1884,0.6940263352002114,17.9,17.6,1,2.0,16.40625,6.0,5.0,21.0,1.0,70,3.0,2,0.0
C2,1885,0.695856543421489,18.1,17.7,1,2.8,16.40625,12.0,7.0,21.0,1.0,70,2.0,1,0.0
C2,1886,0.6996909593573912,17.9,17.6,1,4.4,16.40625,18.0,11.0,21.0,1.0,70,2.0,1,0.0
C2,1887,0.6949342494879829,18.4,17.8,1,2.4,16.40625,9.0,6.0,21.0,1.0,70,2.0,1,0.0
C2,1888,0.014244853433212357,123.2,82.0,1,15.6,16.40625,70.0,39.0,21.0,1.0,70,3.0,0,0.0
C2,1889,-0.18061546711787685,187.70000000000002,102.6,1,7.6,16.40625,94.0,19.0,21.0,1.0,70,1.0,1,0.0
C2,1890,-0.15519887028460438,183.5,100.5,1,12.4,16.40625,90.0,31.0,21.0,1.0,70,2.0,0,0.0
C2,1891,0.07741797843981252,90.5,52.5,1,8.4,16.40625,49.0,21.0,21.0,1.0,70,2.0,0,0.0
C2,1892,0.09365690367952774,83.9,45.900000000000006,1,8.0,16.40625,43.0,20.0,21.0,1.0,70,2.0,1,0.0
C2,1893,-0.1839428830842852,204.1,115.5,1,19.6,16.40625,114.0,49.0,21.0,1.0,70,2.0,0,0.0
C2,1894,-0.14700994057611866,174.1,98.8,1,6.8,16.40625,94.0,17.0,21.0,1.0,70,1.0,2,0.0
C2,1895,0.6650625472223191,23.2,17.9,1,1.6,16.40625,13.0,4.0,21.0,1.0,70,1.0,0,0.0
C2,1896,-0.16601830446152438,191.70000000000002,104.5,1,15.6,16.40625,90.0,39.0,21.0,1.0,70,2.0,1,0.0
C2,1897,-0.16908255898752433,193.39999999999998,102.2,1,16.0,16.40625,91.0,40.0,21.0,1.0,70,2.0,1,0.0
C2,1898,0.7058847962659864,18.1,17.7,1,6.8,16.40625,19.0,17.0,21.0,1.0,70,3.0,1,0.0
C2,1899,-0.039609672460527545,133.70000000000002,81.60000000000001,1,7.2,16.40625,79.0,18.0,21.0,1.0,70,1.0,1,0.0
C2,1900,-0.04688825892129539,121.30000000000001,75.7,1,4.8,16.40625,63.0,12.0,21.0,1.0,90,1.0,2,0.0
C2,1901,-0.2645637639983787,208.7,114.6,1,14.4,16.40625,105.0,36.0,21.0,1.0,90,2.0,1,0.0
C2,1902,0.6648537330978317,18.0,17.6,1,2.4,16.40625,16.0,6.0,21.0,1.0,90,1.0,2,0.0
C2,1903,-0.036098785237084874,117.2,72.2,1,4.8,16.40625,63.0,12.0,21.0,1.0,90,1.0,1,0.0
C2,1904,0.003860506972908795,107.2,64.4,1,15.2,16.40625,58.0,38.0,21.0,1.0,90,3.0,2,0.0
C2,1905,0.6641844064673916,18.2,17.8,1,1.6,16.40625,13.0,4.0,21.0,1.0,90,1.0,2,0.0
C2,1906,0.4226697711466971,48.2,35.5,1,7.6,16.40625,33.0,19.0,21.0,1.0,90,2.0,1,0.0
C2,1907,-0.11180777814573498,171.1,98.9,1,15.6,16.40625,95.0,39.0,21.0,1.0,70,2.0,2,0.0
C2,1908,0.4930361902758261,44.900000000000006,34.8,1,8.8,16.40625,32.0,22.0,21.0,1.0,70,3.0,0,0.0
C2,1909,0.6996909593573912,18.1,17.6,1,4.4,16.40625,17.0,11.0,21.0,1.0,70,2.0,2,0.0
C2,1910,-0.08713633672336712,170.9,100.6,1,22.0,17.1875,92.0,55.0,22.0,1.0,70,3.0,2,0.0
C2,1911,0.021350116591107138,120.5,72.2,1,15.6,16.40625,61.0,39.0,21.0,1.0,70,3.0,1,0.0
C2,1912,0.6931327226609154,18.1,17.6,1,1.6,16.40625,10.0,4.0,21.0,1.0,70,1.0,2,0.0
C2,1913,0.4290954344073689,50.0,17.5,1,1.2,16.40625,9.0,3.0,21.0,1.0,70,1.0,0,0.0
C2,1914,0.4282301737168955,50.0,18.1,1,0.8,16.40625,3.0,2.0,21.0,1.0,70,1.0,1,0.0
C2,1915,0.6940263352002114,18.2,17.6,1,2.0,16.40625,6.0,5.0,21.0,1.0,70,3.0,1,0.0
C2,1916,0.7006861961390762,18.0,17.9,1,4.8,16.40625,13.0,12.0,21.0,1.0,70,3.0,0,0.0
C2,1917,0.6940263352002114,18.2,17.6,1,2.0,16.40625,4.0,5.0,21.0,1.0,70,3.0,1,0.0
C2,1918,0.692253329144211,18.1,17.7,1,1.2,16.40625,6.0,3.0,21.0,1.0,70,2.0,1,0.0
C2,1919,0.695856543421489,18.0,17.6,1,2.8,16.40625,11.0,7.0,21.0,1.0,70,2.0,2,0.0
C2,1920,0.4282301737168955,50.0,17.6,1,0.8,16.40625,1.0,2.0,21.0,1.0,70,3.0,1,0.0
C2,1921,0.6996909593573912,18.2,17.7,1,4.4,16.40625,12.0,11.0,21.0,1.0,70,3.0,2,0.0
C2,1922,0.4282301737168955,50.0,18.700000000000003,1,0.8,16.40625,5.0,2.0,21.0,1.0,70,1.0,0,0.0
C2,1923,0.4282301737168955,50.0,17.6,1,0.8,16.40625,4.0,2.0,21.0,1.0,70,1.0,1,0.0
C2,1924,0.4290954344073689,50.0,17.8,1,1.2,16.40625,5.0,3.0,21.0,1.0,70,1.0,2,0.0
C2,1925,0.6949342494879829,18.1,17.7,1,2.4,16.40625,10.0,6.0,21.0,1.0,70,2.0,0,0.0
C2,1926,0.695856543421489,18.1,17.6,1,2.8,16.40625,11.0,7.0,21.0,1.0,70,2.0,1,0.0
C2,1927,0.4282301737168955,50.0,17.6,1,0.8,16.40625,7.0,2.0,21.0,1.0,70,1.0,1,0.0
C2,1928,0.4282301737168955,50.0,17.6,1,0.8,16.40625,4.0,2.0,21.0,1.0,70,1.0,0,0.0
C2,1929,0.6931327226609154,18.4,17.7,1,1.6,16.40625,8.0,4.0,21.0,1.0,70,2.0,0,0.0
C2,1930,0.4282301737168955,50.0,17.9,1,0.8,16.40625,2.0,2.0,21.0,1.0,70,2.0,1,0.0
C2,1931,0.7048152805918526,18.2,17.8,1,6.4,16.40625,18.0,16.0,21.0,1.0,70,3.0,1,0.0
C2,1932,0.6967932929551672,18.1,17.7,1,3.2,16.40625,9.0,8.0,21.0,1.0,70,3.0,2,0.0
C2,1933,0.6949342494879829,18.1,17.8,1,2.4,16.40625,10.0,6.0,21.0,1.0,70,2.0,2,0.0
C2,1934,0.692253329144211,18.1,17.8,1,1.2,16.40625,10.0,3.0,21.0,1.0,70,1.0,2,0.0
C2,1935,0.4290954344073689,50.0,17.7,1,1.2,16.40625,6.0,3.0,21.0,1.0,70,1.0,1,0.0
C2,1936,0.6931327226609154,18.1,17.9,1,1.6,16.40625,12.0,4.0,21.0,1.0,70,1.0,1,0.0
C2,1937,0.6931327226609154,19.2,17.9,1,1.6,16.40625,11.0,4.0,21.0,1.0,70,1.0,2,0.0
C2,1938,0.6949342494879829,18.5,17.9,1,2.4,16.40625,11.0,6.0,21.0,1.0,70,2.0,1,0.0
C2,1939,0.7605761873560926,18.1,17.8,1,2.8,16.40625,8.0,7.0,21.0,1.0,50,3.0,2,0.0
C2,1940,0.7605761873560926,18.0,17.7,1,2.8,16.40625,12.0,7.0,21.0,1.0,50,2.0,0,0.0
C2,1941,0.6607842858449562,32.9,26.700000000000003,1,6.0,16.40625,20.0,15.0,21.0,1.0,50,3.0,1,0.0
C2,1942,0.6391990522839666,34.4,28.2,1,4.0,16.40625,20.0,10.0,21.0,1.0,50,2.0,1,0.0
C2,1943,0.758951238880883,18.700000000000003,17.9,1,2.4,16.40625,14.0,6.0,21.0,1.0,50,1.0,2,0.0
C2,1944,0.758951238880883,18.4,17.9,1,2.4,16.40625,7.0,6.0,21.0,1.0,50,3.0,2,0.0
C2,1945,0.6406706808204925,33.300000000000004,27.0,1,2.0,16.40625,20.0,5.0,21.0,1.0,50,1.0,1,0.0
C2,1946,0.7722384402787341,18.700000000000003,18.0,1,5.6,16.40625,16.0,14.0,21.0,1.0,50,3.0,0,0.0
C2,1947,0.7605761873560926,18.3,17.8,1,2.8,16.40625,11.0,7.0,21.0,1.0,50,2.0,0,0.0
C2,1948,0.4894065094559651,50.0,17.6,1,0.8,16.40625,7.0,2.0,21.0,1.0,50,1.0,1,0.0
C2,1949,0.5503680957659298,45.1,35.8,1,5.2,16.40625,32.0,13.0,21.0,1.0,50,2.0,2,0.0
C2,1950,0.7655148417576507,18.8,18.1,1,4.0,17.1875,16.0,10.0,22.0,1.0,50,2.0,1,0.0
C2,1951,0.8616357506885648,18.3,17.8,1,6.0,16.40625,18.0,15.0,21.0,1.0,30,3.0,2,0.0
C2,1952,0.731710973114144,33.300000000000004,27.0,1,2.8,16.40625,28.0,7.0,21.0,1.0,30,1.0,0,0.0
C2,1953,0.6528037105258868,44.699999999999996,35.7,1,8.0,16.40625,39.0,20.0,21.0,1.0,30,2.0,2,0.0
C2,1954,-0.030084920210164873,202.7,114.9,1,16.8,16.40625,104.0,42.0,21.0,1.0,30,2.0,1,0.0
C2,1955,0.18384066177900282,120.6,76.2,1,16.0,16.40625,65.0,40.0,21.0,1.0,30,3.0,1,0.0
C2,1956,0.6117778587572442,48.300000000000004,35.9,1,5.6,16.40625,31.0,14.0,21.0,1.0,30,2.0,2,0.0
C2,1957,-0.004736842105263095,199.8,111.3,1,23.6,16.40625,105.0,59.0,21.0,1.0,30,3.0,1,0.0
C2,1958,0.64754055263115,45.3,34.8,1,8.0,16.40625,30.0,20.0,21.0,1.0,30,3.0,1,0.0
C2,1959,0.14438931422620663,120.7,72.0,1,4.8,16.40625,63.0,12.0,21.0,1.0,30,1.0,1,0.0
C2,1960,0.18844057989508844,102.7,61.6,1,4.0,16.40625,52.0,10.0,21.0,1.0,30,1.0,0,0.0
C2,1961,0.018947368421052643,187.6,96.5,2,32.0,16.015625,357.0,160.0,41.0,1.0,30,2.0,0,0.0
C2,1962,0.010132033702250104,105.5,52.2,6,56.6,16.015625,737.0,566.0,82.0,1.0,30,3.0,0,0.0
C2,1963,0.751406786225203,28.2,19.599999999999998,8,0.9,15.332031,40.0,18.0,157.0,1.0,30,1.0,1,0.0
C2,1964,0.7265292879526324,33.5,23.099999999999998,8,2.0,15.332031,65.0,40.0,157.0,1.0,30,2.0,1,0.0
C2,1965,0.6691141791397153,39.699999999999996,27.599999999999998,8,1.3,15.4296875,110.0,26.0,158.0,1.0,30,1.0,0,0.0
C2,1966,0.730468565349395,33.099999999999994,23.2,8,2.1,15.332031,71.0,42.0,157.0,1.0,30,2.0,0,0.0
C2,1967,0.83996035106559,18.0,17.7,8,0.85,15.332031,13.0,17.0,157.0,1.0,30,3.0,2,0.0
C2,1968,0.5502134984789482,18.2,17.7,1,2.0,15.364583,14.0,15.0,59.0,1.0,30,2.0,0,0.0
C2,1969,0.843222663187408,18.1,17.7,1,1.6,16.40625,4.0,4.0,21.0,1.0,30,3.0,1,0.0
C2,1970,0.6424796131432091,44.8,36.7,1,5.6,16.40625,30.0,14.0,21.0,1.0,30,2.0,0,0.0
C2,1971,0.6259975444556252,48.099999999999994,35.0,1,8.8,16.40625,31.0,22.0,21.0,1.0,30,3.0,0,0.0
C2,1972,0.8567577352788383,18.2,17.8,1,4.8,16.40625,14.0,12.0,21.0,1.0,30,3.0,1,0.0
C2,1973,0.6275845354570253,47.4,34.7,1,7.6,16.40625,37.0,19.0,21.0,1.0,30,2.0,1,0.0
C2,1974,0.7556547108956218,32.800000000000004,26.5,1,7.6,16.40625,25.0,19.0,21.0,1.0,30,3.0,0,0.0
C2,1975,0.15467254221046633,122.2,74.7,1,8.4,16.40625,69.0,21.0,21.0,1.0,30,1.0,0,0.0
C2,1976,-0.060590615684270405,204.0,116.9,1,8.4,16.40625,103.0,21.0,21.0,1.0,30,1.0,0,0.0
C2,1977,-0.05728875208030018,200.4,114.7,1,6.8,16.40625,106.0,17.0,21.0,1.0,30,1.0,2,0.0
C2,1978,0.7469937836783536,32.7,26.1,1,5.2,16.40625,27.0,13.0,21.0,1.0,30,2.0,0,0.0
C2,1979,-0.014999999999999958,203.7,117.2,1,25.6,17.1875,114.0,64.0,22.0,1.0,30,3.0,2,0.0
C2,1980,-0.04236842105263161,214.10000000000002,118.5,1,27.6,16.40625,113.0,69.0,21.0,1.0,30,3.0,2,0.0
C2,1981,0.15448091655732515,133.70000000000002,82.69999999999999,1,18.0,16.40625,75.0,45.0,21.0,1.0,30,3.0,0,0.0
C2,1982,-0.04376669767030325,207.5,113.5,1,16.4,16.40625,102.0,41.0,21.0,1.0,30,2.0,2,0.0
C2,1983,0.022368421052631593,189.5,104.89999999999999,1,21.2,16.40625,92.0,53.0,21.0,1.0,30,3.0,0,0.0
C2,1984,0.1707632651663035,119.4,75.0,1,10.8,16.40625,68.0,27.0,21.0,1.0,30,2.0,1,0.0
C2,1985,0.6691843177978825,44.0,35.7,1,10.8,16.40625,36.0,27.0,21.0,1.0,30,3.0,1,0.0
C2,1986,0.20845889183321353,104.0,61.9,1,10.0,16.40625,56.0,25.0,21.0,1.0,30,2.0,1,0.0
C2,1987,-0.04509123653253144,199.8,112.9,1,9.6,16.40625,110.0,24.0,21.0,1.0,30,1.0,0,0.0
C2,1988,0.013157894736842188,189.79999999999998,94.8,2,23.2,16.40625,133.0,116.0,42.0,1.0,30,3.0,2,0.0
C2,1989,0.15642111147389579,115.5,55.9,2,4.4,16.015625,94.0,22.0,41.0,1.0,30,1.0,0,0.0
C2,1990,0.2068628846741892,101.5,54.9,2,7.8,16.015625,81.0,39.0,41.0,1.0,30,2.0,1,0.0
C2,1991,0.7281756060887357,33.8,23.099999999999998,2,3.0,16.015625,29.0,15.0,41.0,1.0,30,2.0,1,0.0
C2,1992,0.7386727046511112,32.7,23.7,2,3.2,16.015625,25.0,16.0,41.0,1.0,30,2.0,2,0.0
C2,1993,0.8339344935343072,18.2,17.7,1,1.4,16.015625,19.0,7.0,41.0,1.0,30,1.0,0,0.0
C2,1994,0.8551053220002116,18.1,17.8,1,4.4,16.40625,12.0,11.0,21.0,1.0,30,3.0,2,0.0
C2,1995,0.8616357506885648,18.3,17.9,1,6.0,16.40625,16.0,15.0,21.0,1.0,30,3.0,1,0.0
C2,1996,0.7428246202458255,32.800000000000004,27.599999999999998,1,4.4,16.40625,22.0,11.0,21.0,1.0,30,2.0,1,0.0
C2,1997,0.8632336037393085,18.2,17.8,1,6.4,16.40625,16.0,16.0,21.0,1.0,30,3.0,2,0.0
C2,1998,0.5783284365275948,50.0,17.7,1,1.2,16.40625,3.0,3.0,21.0,1.0,30,2.0,0,0.0
C2,1999,0.5783284365275948,50.0,17.8,1,1.2,16.40625,3.0,3.0,21.0,1.0,30,3.0,0,0.0
C2,2000,0.5783284365275948,50.0,17.6,1,1.2,16.40625,4.0,3.0,21.0,1.0,30,2.0,0,0.0
C2,2001,0.6260330745964575,47.4,36.6,1,7.2,16.40625,32.0,18.0,21.0,1.0,30,2.0,0,0.0
C2,2002,0.7342201750771544,33.4,27.099999999999998,1,3.6,16.40625,20.0,9.0,21.0,1.0,30,2.0,2,0.0
C2,2003,0.8449503405842114,18.0,17.7,1,2.0,16.40625,5.0,5.0,21.0,1.0,30,2.0,1,0.0
C2,2004,0.5765839711106497,50.0,17.8,1,0.8,16.40625,8.0,2.0,21.0,1.0,30,1.0,2,0.0
C2,2005,0.7879327967245624,26.5,18.5,1,2.0,16.40625,6.0,5.0,21.0,1.0,30,2.0,2,0.0
C2,2006,0.843222663187408,18.1,17.8,1,1.6,16.40625,14.0,4.0,21.0,1.0,30,1.0,1,0.0
C2,2007,0.8483776397808107,18.1,17.7,1,2.8,16.40625,10.0,7.0,21.0,1.0,30,2.0,1,0.0
C2,2008,0.843222663187408,18.3,17.8,1,1.6,16.40625,6.0,4.0,21.0,1.0,30,2.0,1,0.0
C2,2009,0.843222663187408,18.2,17.6,1,1.6,16.40625,5.0,4.0,21.0,1.0,30,2.0,1,0.0
C2,2010,0.6385282991933341,44.5,32.7,1,4.0,16.40625,37.0,10.0,21.0,1.0,30,1.0,1,0.0
C2,2011,0.21447037719255346,98.9,51.1,1,8.0,16.40625,44.0,20.0,21.0,1.0,30,2.0,0,0.0
C2,2012,0.8534405798950884,18.9,18.0,1,4.0,16.40625,18.0,10.0,21.0,1.0,30,2.0,0,0.0
C2,2013,0.7273705956381136,33.6,26.4,1,2.4,16.40625,20.0,6.0,21.0,1.0,30,1.0,1,0.0
C2,2014,0.843222663187408,18.1,17.8,1,1.6,16.40625,12.0,4.0,21.0,1.0,30,1.0,0,0.0
C2,2015,0.843222663187408,18.1,17.8,1,1.6,16.40625,12.0,4.0,21.0,1.0,30,1.0,1,0.0
C2,2016,0.6416024201607529,44.900000000000006,35.5,1,5.6,16.40625,31.0,14.0,21.0,1.0,30,2.0,1,0.0
C2,2017,0.2969474272633695,62.1,42.6,1,4.4,16.40625,48.0,11.0,21.0,1.0,30,1.0,0,0.0
C2,2018,0.2632007417394976,84.8,48.2,1,11.2,16.40625,46.0,28.0,21.0,1.0,30,3.0,1,0.0
C2,2019,-0.03394736842105256,210.9,117.2,1,26.4,16.40625,108.0,66.0,21.0,1.0,30,3.0,2,0.0
C2,2020,0.04397699851499756,172.9,102.2,1,15.2,16.40625,97.0,38.0,21.0,1.0,30,2.0,0,0.0
C2,2021,0.15515759628228817,133.8,82.4,1,18.4,16.40625,71.0,46.0,21.0,1.0,30,3.0,1,0.0
C2,2022,0.12899021542370814,135.8,79.9,1,11.2,16.40625,76.0,28.0,21.0,1.0,30,2.0,2,0.0
C2,2023,-0.03542170967577751,200.3,115.7,1,12.8,17.1875,110.0,32.0,22.0,1.0,30,1.0,1,0.0
C2,2024,-0.021052631578947323,202.8,104.89999999999999,2,32.8,17.1875,136.0,82.0,22.0,1.0,30,3.0,2,0.0
C2,2025,0.13930145778184103,132.39999999999998,71.6,2,11.6,16.015625,139.0,58.0,41.0,1.0,30,2.0,0,0.0
C2,2026,0.14870802889147225,125.6,70.9,2,9.2,16.015625,110.0,46.0,41.0,1.0,30,2.0,2,0.0
C2,2027,0.2533298160990474,86.4,49.3,2,9.6,16.015625,70.0,48.0,41.0,1.0,30,3.0,1,0.0
C2,2028,0.1705501341546301,117.3,60.8,2,9.2,16.796875,95.0,46.0,43.0,1.0,30,2.0,1,0.0
C2,2029,0.5978709766608097,49.7,35.1,2,5.2,16.015625,53.0,26.0,41.0,1.0,30,2.0,0,0.0
C2,2030,0.8365292879526325,18.1,17.6,1,2.0,16.40625,8.0,5.0,21.0,1.0,30,2.0,0,0.0
C2,2031,0.2380935948420453,90.5,51.4,1,8.4,16.40625,49.0,21.0,21.0,1.0,30,2.0,2,0.0
C2,2032,0.7364674678888798,33.9,27.599999999999998,1,5.2,16.40625,26.0,13.0,21.0,1.0,30,2.0,2,0.0
C2,2033,0.14676994600767626,133.39999999999998,85.2,1,14.8,16.40625,79.0,37.0,21.0,1.0,30,2.0,0,0.0
C2,2034,0.21183879824518506,99.9,58.8,1,8.0,16.40625,52.0,20.0,21.0,1.0,30,2.0,0,0.0
C2,2035,0.16291820963443718,114.9,77.39999999999999,1,5.6,16.40625,65.0,14.0,21.0,1.0,30,1.0,2,0.0
C2,2036,-0.02789473684210525,208.6,117.8,1,28.0,16.40625,163.0,70.0,21.0,1.0,30,2.0,0,0.0
C2,2037,-0.002631578947368318,195.8,103.4,2,34.0,16.40625,152.0,85.0,21.0,1.0,30,3.0,2,0.0
C2,2038,0.14289629922040803,122.2,67.0,2,5.4,16.015625,109.0,27.0,41.0,1.0,30,1.0,2,0.0
C2,2039,0.1273446608713361,127.8,71.3,2,5.2,16.015625,116.0,26.0,41.0,1.0,30,1.0,1,0.0
C2,2040,0.742210693808034,32.2,21.1,2,3.0,16.015625,27.0,15.0,41.0,1.0,30,2.0,0,0.0
C2,2041,0.20157923465411373,111.19999999999999,61.400000000000006,2,13.6,16.015625,110.0,68.0,41.0,1.0,30,3.0,2,0.0
C2,2042,0.24512035147316902,88.4,45.199999999999996,2,8.8,16.015625,66.0,44.0,41.0,1.0,30,3.0,2,0.0
C2,2043,0.17155273885051403,115.9,73.5,1,10.8,16.40625,65.0,27.0,21.0,1.0,30,2.0,1,0.0
C2,2044,0.6446410724811034,45.1,35.1,1,6.8,16.40625,30.0,17.0,21.0,1.0,30,2.0,1,0.0
C2,2045,0.2213799621684541,104.6,61.400000000000006,1,14.4,16.40625,57.0,36.0,21.0,1.0,30,3.0,1,0.0
C2,2046,-0.009999999999999953,201.8,114.6,1,26.0,17.1875,108.0,65.0,22.0,1.0,30,3.0,2,0.0
C2,2047,0.8483776397808107,18.5,17.8,1,2.8,16.40625,7.0,7.0,21.0,1.0,30,3.0,1,0.0
C2,2048,0.08754198096852894,108.89999999999999,64.5,1,4.8,17.1875,51.0,12.0,22.0,1.0,50,1.0,1,0.0
C2,2049,-0.05743138270767725,178.0,101.1,1,13.2,16.40625,92.0,33.0,21.0,1.0,50,2.0,1,0.0
C2,2050,0.7450566457327732,21.4,17.8,1,2.0,16.40625,17.0,5.0,21.0,1.0,50,1.0,1,0.0
C2,2051,0.768857770442213,17.8,17.5,1,4.8,16.40625,12.0,12.0,21.0,1.0,50,3.0,2,0.0
C2,2052,0.16226808344600116,91.1,50.1,1,11.2,17.1875,41.0,28.0,22.0,1.0,50,3.0,1,0.0
C2,2053,0.06223844027873417,119.8,76.39999999999999,1,5.6,16.40625,68.0,14.0,21.0,1.0,50,1.0,1,0.0
C2,2054,0.0318369174239036,132.0,81.0,1,6.0,16.40625,72.0,15.0,21.0,1.0,50,1.0,1,0.0
C2,2055,-0.01035302034720087,197.7,112.0,1,39.6,17.1875,172.0,99.0,22.0,1.0,50,3.0,1,0.0
C2,2056,0.08374835169558814,122.30000000000001,76.30000000000001,1,12.0,16.40625,68.0,30.0,21.0,1.0,50,2.0,1,0.0
C2,2057,-0.15404884369163813,215.4,121.1,1,13.6,16.40625,149.0,34.0,21.0,1.0,50,1.0,1,0.0
C2,2058,0.5624626223294423,44.5,34.5,1,6.8,16.40625,34.0,17.0,21.0,1.0,50,2.0,0,0.0
C2,2059,0.16000648197856515,84.6,45.0,1,6.8,16.40625,43.0,17.0,21.0,1.0,50,2.0,2,0.0
C2,2060,0.0898996623933696,118.6,69.9,1,11.2,16.40625,68.0,28.0,21.0,1.0,50,2.0,0,0.0
C2,2061,-0.011982982000287967,187.70000000000002,102.6,2,67.6,16.40625,435.0,169.0,21.0,1.0,50,2.0,1,0.0
C2,2062,0.2055263157894737,119.9,65.8,2,40.0,16.015625,509.0,200.0,41.0,1.0,50,2.0,1,0.0
C2,2063,0.1060837493579643,100.9,46.300000000000004,2,4.2,16.015625,77.0,21.0,41.0,1.0,50,1.0,2,0.0
C2,2064,0.6014346265509467,38.800000000000004,25.9,2,4.2,16.015625,30.0,21.0,41.0,1.0,50,3.0,1,0.0
C2,2065,0.1192211561790226,116.7,64.8,2,16.6,16.015625,135.0,83.0,41.0,1.0,50,3.0,0,0.0
C2,2066,0.1884711825771723,78.10000000000001,42.5,2,9.4,16.015625,64.0,47.0,41.0,1.0,50,3.0,0,0.0
C2,2067,0.2009989297870049,72.0,40.599999999999994,2,8.6,16.015625,62.0,43.0,41.0,1.0,50,3.0,2,0.0
C2,2068,-0.14925994788596142,200.9,105.1,1,8.0,16.40625,100.0,20.0,21.0,1.0,50,1.0,2,0.0
C2,2069,-0.013421052631578945,203.1,115.3,1,49.6,16.40625,214.0,124.0,21.0,1.0,50,3.0,1,0.0
C2,2070,-0.06966062565439216,199.5,111.9,1,23.2,16.40625,156.0,58.0,21.0,1.0,50,2.0,0,0.0
C2,2071,0.026448966594523657,133.39999999999998,80.4,1,5.6,16.40625,73.0,14.0,21.0,1.0,50,1.0,1,0.0
C2,2072,-0.030084920210164873,202.7,114.2,1,36.8,17.1875,156.0,92.0,22.0,1.0,50,3.0,0,0.0
C2,2073,0.5148435236651474,48.2,35.7,1,3.2,16.40625,31.0,8.0,21.0,1.0,50,1.0,2,0.0
C2,2074,0.06237344140802592,145.4,92.39999999999999,1,20.8,16.40625,82.0,52.0,21.0,1.0,50,3.0,1,0.0
C2,2075,-0.11622802798138684,202.4,117.9,1,14.4,16.40625,101.0,36.0,21.0,1.0,50,2.0,2,0.0
C2,2076,0.0613772483920296,143.1,91.0,1,19.2,16.40625,89.0,48.0,21.0,1.0,50,3.0,0,0.0
C2,2077,0.01991040202116051,134.6,83.8,1,4.8,16.40625,77.0,12.0,21.0,1.0,50,1.0,0,0.0
C2,2078,0.1747502528815417,85.0,47.4,1,10.4,16.40625,42.0,26.0,21.0,1.0,50,3.0,1,0.0
C2,2079,0.07159616594136838,115.6,69.2,1,5.2,16.40625,62.0,13.0,21.0,1.0,50,1.0,0,0.0
C2,2080,-0.1371546847280668,199.5,112.3,1,8.0,16.40625,102.0,20.0,21.0,1.0,50,1.0,0,0.0
C2,2081,0.20211174513645988,68.6,44.4,1,6.8,16.40625,40.0,17.0,21.0,1.0,50,2.0,1,0.0
C2,2082,-0.056850930847968106,188.70000000000002,102.6,1,19.6,16.40625,90.0,49.0,21.0,1.0,50,3.0,0,0.0
C2,2083,0.1771694043271671,86.8,48.5,1,12.0,16.40625,43.0,30.0,21.0,1.0,50,3.0,1,0.0
C2,2084,-0.033152874381447706,181.7,104.0,1,20.8,16.40625,95.0,52.0,21.0,1.0,50,3.0,1,0.0
C2,2085,0.6608349315068043,32.7,26.4,1,5.6,16.40625,27.0,14.0,21.0,1.0,50,2.0,1,0.0
C2,2086,0.03565949291031313,129.89999999999998,79.9,1,5.6,16.40625,71.0,14.0,21.0,1.0,50,1.0,0,0.0
C2,2087,0.14912092833694995,85.5,50.9,1,4.8,16.40625,43.0,12.0,21.0,1.0,50,1.0,2,0.0
C2,2088,0.7557347567600108,17.8,17.5,1,1.6,16.40625,4.0,4.0,21.0,1.0,50,3.0,1,0.0
C2,2089,0.4894065094559651,50.0,17.4,1,0.8,16.40625,3.0,2.0,21.0,1.0,50,2.0,1,0.0
C2,2090,0.6525628219107615,32.5,24.9,1,3.2,16.40625,20.0,8.0,21.0,1.0,50,2.0,0,0.0
C2,2091,-0.10829487449239428,206.9,122.2,1,18.8,17.1875,207.0,47.0,22.0,1.0,50,1.0,1,0.0
C2,2092,0.6575323194627283,32.5,26.3,1,4.4,16.40625,21.0,11.0,21.0,1.0,50,2.0,0,0.0
C2,2093,0.12712467339455522,106.5,61.6,1,12.4,16.40625,58.0,31.0,21.0,1.0,50,3.0,2,0.0
C2,2094,0.07734561098787116,126.1,78.60000000000001,1,12.8,17.1875,74.0,32.0,22.0,1.0,50,2.0,2,0.0
C2,2095,0.4894065094559651,50.0,17.5,1,0.8,16.40625,5.0,2.0,21.0,1.0,50,1.0,1,0.0
C2,2096,0.6616614788274122,32.800000000000004,26.5,1,6.0,16.40625,24.0,15.0,21.0,1.0,50,3.0,2,0.0
C2,2097,0.5265737595291666,48.2,33.7,1,6.0,16.40625,30.0,15.0,21.0,1.0,50,2.0,1,0.0
C2,2098,0.11117415712042672,105.80000000000001,62.9,1,8.4,16.40625,59.0,21.0,21.0,1.0,50,2.0,1,0.0
C2,2099,0.7605761873560926,18.3,17.7,1,2.8,16.40625,12.0,7.0,21.0,1.0,50,2.0,2,0.0
C2,2100,0.7531031778126425,20.299999999999997,17.9,1,1.6,17.1875,11.0,4.0,22.0,1.0,50,1.0,1,0.0
C2,2101,0.7722384402787341,17.9,17.7,1,5.6,16.40625,17.0,14.0,21.0,1.0,50,3.0,2,0.0
C2,2102,0.1416304027679965,105.1,58.7,1,14.8,16.40625,57.0,37.0,21.0,1.0,50,3.0,2,0.0
C2,2103,0.7655148417576507,17.9,17.7,1,4.0,16.40625,11.0,10.0,21.0,1.0,50,3.0,1,0.0
C2,2104,0.07769303786571383,136.9,87.8,1,19.2,16.40625,81.0,48.0,21.0,1.0,50,3.0,2,0.0
C2,2105,0.12201566517905524,95.8,58.9,1,4.8,16.40625,51.0,12.0,21.0,1.0,50,1.0,1,0.0
C2,2106,0.00201265016614105,169.0,99.6,1,21.2,16.40625,92.0,53.0,21.0,1.0,50,3.0,0,0.0
C2,2107,0.7541437003574938,18.1,17.7,1,1.2,16.40625,12.0,3.0,21.0,1.0,50,1.0,0,0.0
C2,2108,0.0028947368421053943,196.9,116.1,1,54.0,17.1875,360.0,135.0,22.0,1.0,50,2.0,1,0.0
C2,2109,0.12558276386342287,128.6,70.2,2,27.4,16.015625,320.0,137.0,41.0,1.0,50,2.0,0,0.0
C2,2110,0.6126179349244738,38.1,26.1,2,5.4,16.015625,37.0,27.0,41.0,1.0,50,3.0,0,0.0
C2,2111,0.07596351405399292,111.4,60.199999999999996,2,3.6,16.015625,80.0,18.0,41.0,1.0,50,1.0,1,0.0
C2,2112,0.10783276205912826,117.6,62.1,2,14.6,16.015625,111.0,73.0,41.0,1.0,50,3.0,2,0.0
C2,2113,0.5353456893537281,47.199999999999996,33.0,2,6.0,16.015625,41.0,30.0,41.0,1.0,50,3.0,1,0.0
C2,2114,0.10409283765026378,107.30000000000001,53.900000000000006,1,9.6,16.015625,71.0,48.0,41.0,1.0,50,3.0,1,0.0
C2,2115,0.6642930577747808,32.5,25.4,1,6.0,16.40625,29.0,15.0,21.0,1.0,50,2.0,0,0.0
C2,2116,0.028398242566818527,144.7,93.39999999999999,1,12.8,16.40625,86.0,32.0,21.0,1.0,50,2.0,0,0.0
C2,2117,0.763858250896098,18.0,17.5,1,3.6,16.40625,12.0,9.0,21.0,1.0,50,2.0,0,0.0
C2,2118,0.09888694247394822,123.39999999999999,74.6,1,16.0,16.40625,64.0,40.0,21.0,1.0,50,3.0,0,0.0
C2,2119,0.4909858056206518,50.0,17.5,1,1.2,16.40625,6.0,3.0,21.0,1.0,50,1.0,1,0.0
C2,2120,0.13960686133136574,90.39999999999999,52.3,1,5.6,16.40625,45.0,14.0,21.0,1.0,50,1.0,2,0.0
C2,2121,0.13192986675545518,108.10000000000001,61.800000000000004,1,14.4,16.40625,55.0,36.0,21.0,1.0,50,3.0,2,0.0
C2,2122,0.1138869424739482,117.7,72.5,1,16.0,16.40625,64.0,40.0,21.0,1.0,50,3.0,2,0.0
C2,2123,0.14290970149209228,105.30000000000001,62.0,1,15.2,16.40625,59.0,38.0,21.0,1.0,50,3.0,2,0.0
C2,2124,0.04797169053764436,132.5,81.19999999999999,1,10.0,16.40625,75.0,25.0,21.0,1.0,50,2.0,0,0.0
C2,2125,0.19147860976179062,80.0,48.4,1,11.2,16.40625,41.0,28.0,21.0,1.0,50,3.0,0,0.0
C2,2126,0.5577179000189052,43.5,33.7,1,3.6,16.40625,37.0,9.0,21.0,1.0,50,1.0,2,0.0
C2,2127,0.09956873261288907,130.6,83.2,1,20.4,17.1875,77.0,51.0,22.0,1.0,50,3.0,1,0.0
C2,2128,0.5472996640160247,44.5,34.1,1,3.2,16.40625,31.0,8.0,21.0,1.0,50,1.0,0,0.0
C2,2129,0.6790789898406004,32.4,25.5,1,9.2,16.40625,29.0,23.0,21.0,1.0,50,3.0,2,0.0
C2,2130,0.758951238880883,18.1,17.5,1,2.4,16.40625,6.0,6.0,21.0,1.0,50,3.0,2,0.0
C2,2131,0.12323484843238117,103.9,59.3,1,10.0,16.40625,57.0,25.0,21.0,1.0,50,2.0,2,0.0
C2,2132,0.038094933081796484,141.7,91.5,1,13.2,16.40625,83.0,33.0,21.0,1.0,50,2.0,2,0.0
C2,2133,0.16768303434694382,95.2,65.0,1,14.8,16.40625,60.0,37.0,21.0,1.0,50,3.0,0,0.0
C2,2134,0.13591382690507106,105.89999999999999,60.3,1,14.0,16.40625,55.0,35.0,21.0,1.0,50,3.0,2,0.0
C2,2135,0.16640672093973571,122.1,73.6,1,11.6,16.40625,64.0,29.0,21.0,1.0,30,2.0,2,0.0
C2,2136,0.8517640347262772,18.0,17.6,1,3.6,16.40625,16.0,9.0,21.0,1.0,30,2.0,1,0.0
C2,2137,0.8422828763398678,20.5,17.7,1,2.4,16.40625,9.0,6.0,21.0,1.0,30,2.0,1,0.0
C2,2138,0.22538543280869702,100.7,64.69999999999999,1,12.4,16.40625,50.0,31.0,21.0,1.0,30,3.0,0,0.0
C2,2139,-0.013684210526315715,196.8,84.9,3,37.8,16.015625,429.0,189.0,41.0,1.0,30,2.0,0,0.0
C2,2140,0.27921052631578946,91.89999999999999,46.199999999999996,3,32.4,15.885417,555.0,243.0,61.0,1.0,30,2.0,0,0.0
C2,2141,0.651711883154622,43.5,28.0,3,5.0666666,15.885417,48.0,38.0,61.0,1.0,30,3.0,1,0.0
C2,2142,0.6443426734010811,43.0,28.7,3,2.2666667,15.885417,59.0,17.0,61.0,1.0,30,1.0,2,0.0
C2,2143,0.7255148099142692,34.2,26.5,3,3.2,15.885417,41.0,24.0,61.0,1.0,30,2.0,0,0.0
C2,2144,0.24113730919109938,91.39999999999999,46.6,3,9.866667,15.885417,109.0,74.0,61.0,1.0,30,3.0,0,0.0
C2,2145,0.6505025556081783,43.7,28.9,3,5.2,15.885417,54.0,39.0,61.0,1.0,30,3.0,2,0.0
C2,2146,0.14315789473684215,137.2,81.9,1,20.8,17.1875,84.0,52.0,22.0,1.0,30,3.0,0,0.0
C2,2147,0.5783284365275948,50.0,17.6,1,1.2,16.40625,9.0,3.0,21.0,1.0,30,1.0,1,0.0
C2,2148,0.12164312006319097,142.5,98.6,1,14.4,16.40625,80.0,36.0,21.0,1.0,30,2.0,0,0.0
C2,2149,0.3006309219031698,72.6,44.8,1,12.8,16.40625,48.0,32.0,21.0,1.0,30,3.0,1,0.0
C2,2150,0.580064768450566,50.0,17.7,1,1.6,16.40625,8.0,4.0,21.0,1.0,30,1.0,1,0.0
C2,2151,0.8466688412521486,18.0,17.5,1,2.4,16.40625,19.0,6.0,21.0,1.0,30,1.0,2,0.0
C2,2152,0.843222663187408,18.0,17.6,1,1.6,16.40625,4.0,4.0,21.0,1.0,30,3.0,2,0.0
C2,2153,0.5783284365275948,50.0,17.6,1,1.2,16.40625,7.0,3.0,21.0,1.0,30,1.0,0,0.0
C2,2154,0.8483776397808107,17.8,17.6,1,2.8,16.40625,7.0,7.0,21.0,1.0,30,3.0,0,0.0
C2,2155,0.5783284365275948,50.0,17.7,1,1.2,16.40625,6.0,3.0,21.0,1.0,30,1.0,1,0.0
C2,2156,0.8567577352788383,18.1,17.8,1,4.8,16.40625,14.0,12.0,21.0,1.0,30,3.0,1,0.0
C2,2157,0.24859695054761638,93.8,49.8,1,14.0,17.1875,49.0,35.0,22.0,1.0,30,3.0,1,0.0
C2,2158,-0.06339723426642252,206.2,119.0,1,9.2,16.40625,101.0,23.0,21.0,1.0,30,1.0,0,0.0
C2,2159,0.023157894736842155,189.20000000000002,107.30000000000001,1,20.0,16.40625,92.0,50.0,21.0,1.0,30,3.0,1,0.0
C2,2160,0.17274914193419247,120.2,73.5,1,12.0,16.40625,65.0,30.0,21.0,1.0,30,2.0,2,0.0
C2,2161,-0.03822219463163898,195.5,111.19999999999999,1,8.4,16.40625,119.0,21.0,21.0,1.0,30,1.0,0,0.0
C2,2162,0.1513157894736842,140.5,91.39999999999999,1,21.6,16.40625,85.0,54.0,21.0,1.0,30,3.0,1,0.0
C2,2163,-0.016461384381597027,192.1,111.3,1,12.0,17.1875,120.0,30.0,22.0,1.0,30,1.0,1,0.0
C2,2164,0.021116804273717316,180.7,99.9,1,14.4,16.40625,96.0,36.0,21.0,1.0,30,2.0,0,0.0
C2,2165,0.08696438017711805,153.29999999999998,85.2,1,12.4,16.40625,80.0,31.0,21.0,1.0,30,2.0,1,0.0
C2,2166,0.0028947368421053943,196.9,113.5,1,26.0,16.40625,106.0,65.0,21.0,1.0,30,3.0,0,0.0
C2,2167,0.1954105546520473,109.5,63.8,1,10.4,16.40625,55.0,26.0,21.0,1.0,30,2.0,0,0.0
C2,2168,0.7484778559517229,32.9,26.8,1,6.0,16.40625,20.0,15.0,21.0,1.0,30,3.0,2,0.0
C2,2169,0.24346172843948144,87.3,47.7,1,7.6,16.40625,41.0,19.0,21.0,1.0,30,2.0,1,0.0
C2,2170,0.5765839711106497,50.0,17.5,1,0.8,16.40625,5.0,2.0,21.0,1.0,30,1.0,1,0.0
C2,2171,0.18883160728362625,112.0,67.2,1,10.4,16.40625,51.0,26.0,21.0,1.0,30,2.0,2,0.0
C2,2172,-0.032826574526349434,191.70000000000002,108.89999999999999,1,7.2,17.1875,93.0,18.0,22.0,1.0,30,1.0,1,0.0
C2,2173,0.07295154016224917,149.7,98.5,1,6.0,16.40625,80.0,15.0,21.0,1.0,30,1.0,1,0.0
C2,2174,0.6041261563314697,48.800000000000004,37.199999999999996,1,4.8,16.40625,36.0,12.0,21.0,1.0,30,1.0,1,0.0
C2,2175,0.7463333921756501,32.4,27.0,1,4.4,16.40625,24.0,11.0,21.0,1.0,30,2.0,0,0.0
C2,2176,0.7325323537739183,33.4,25.7,1,3.2,16.40625,29.0,8.0,21.0,1.0,30,1.0,1,0.0
C2,2177,0.7451111920905775,33.099999999999994,26.0,1,5.6,16.40625,29.0,14.0,21.0,1.0,30,2.0,2,0.0
C2,2178,0.02947368421052643,186.79999999999998,102.3,1,22.4,17.1875,92.0,56.0,22.0,1.0,30,3.0,2,0.0
C2,2179,-0.04281506786977382,194.89999999999998,105.1,1,6.8,16.40625,94.0,17.0,21.0,1.0,30,1.0,0,0.0
C2,2180,0.841486331264437,18.4,17.8,1,1.2,16.40625,5.0,3.0,21.0,1.0,30,2.0,1,0.0
C2,2181,0.032631578947368386,182.4,87.0,2,28.0,16.40625,188.0,140.0,42.0,1.0,30,3.0,1,0.0
C2,2182,0.16493570010520317,118.3,68.3,2,8.4,16.40625,101.0,42.0,42.0,1.0,30,2.0,0,0.0
C2,2183,0.1823370571399582,113.10000000000001,66.8,2,9.4,16.40625,231.0,47.0,42.0,1.0,30,1.0,2,0.0
C2,2184,-0.0014051624903738957,122.0,66.60000000000001,2,9.8,16.015625,113.0,49.0,41.0,1.0,70,2.0,1,0.0
C2,2185,0.695856543421489,18.0,17.7,2,2.8,16.015625,16.0,14.0,41.0,1.0,70,3.0,2,0.0
C2,2186,0.017683648879697644,116.6,59.9,2,11.4,16.015625,91.0,57.0,41.0,1.0,70,3.0,1,0.0
C2,2187,0.686513196856404,18.3,17.6,1,2.4,16.40625,6.0,6.0,21.0,1.0,70,3.0,2,0.0
C2,2188,-0.0030625721550660567,119.4,71.0,1,6.8,16.40625,68.0,17.0,21.0,1.0,70,1.0,2,0.0
C2,2189,0.005377925630709407,129.3,82.5,1,17.6,16.40625,77.0,44.0,21.0,1.0,70,3.0,1,0.0
C2,2190,0.6205669915973762,48.2,35.9,1,7.6,16.40625,39.0,19.0,21.0,1.0,30,2.0,2,0.0
C2,2191,0.19844487099673536,106.7,63.3,1,9.2,16.40625,51.0,23.0,21.0,1.0,30,2.0,0,0.0
C2,2192,0.010526315789473759,190.8,97.5,2,39.2,16.40625,168.0,98.0,21.0,1.0,30,3.0,1,0.0
C2,2193,0.2073684210526316,119.2,64.69999999999999,2,20.2,16.015625,238.0,101.0,41.0,1.0,30,2.0,1,0.0
C2,2194,-0.08964051923420063,103.0,49.2,7,71.066666,15.885417,732.0,533.0,61.0,1.0,30,3.0,1,0.0
C2,2195,0.602624256270812,47.4,31.9,7,1.5428572,15.625,106.0,27.0,140.0,1.0,30,1.0,0,0.0
C2,2196,0.7306689914746645,33.0,22.3,7,1.9428571,15.625,56.0,34.0,140.0,1.0,30,2.0,2,0.0
C2,2197,0.5748318922081663,50.0,17.4,7,0.4,15.625,6.0,7.0,140.0,1.0,30,1.0,2,0.0
C2,2198,0.7156674893155142,34.4,25.1,7,1.3142858,15.736608,74.0,23.0,141.0,1.0,30,1.0,0,0.0
C2,2199,0.6414863312644368,28.400000000000002,20.1,4,1.2,15.736608,40.0,21.0,141.0,1.0,30,2.0,2,0.0
C2,2200,0.04541193082046571,126.4,61.400000000000006,1,17.2,16.40625,70.0,43.0,21.0,1.0,30,3.0,2,0.0
C2,2201,0.05105263157894739,175.4,89.6,2,28.0,16.015625,209.0,140.0,41.0,1.0,30,3.0,2,0.0
C2,2202,0.19272212092869617,119.7,63.9,2,18.6,16.015625,219.0,93.0,41.0,1.0,30,2.0,1,0.0
C2,2203,0.1671431023595293,119.7,65.10000000000001,2,10.0,16.015625,113.0,50.0,41.0,1.0,30,2.0,0,0.0
C2,2204,0.20973684210526317,118.3,65.8,2,28.4,16.015625,222.0,142.0,41.0,1.0,30,3.0,2,0.0
C2,2205,0.1810264230610403,115.5,66.5,2,10.8,16.015625,132.0,54.0,41.0,1.0,30,2.0,0,0.0
C2,2206,0.7504401588695309,32.4,21.6,2,5.4,16.015625,29.0,27.0,41.0,1.0,30,3.0,0,0.0
C2,2207,0.7439358625458481,32.099999999999994,21.2,2,3.2,16.015625,20.0,16.0,41.0,1.0,30,3.0,0,0.0
C2,2208,0.29902358184409383,59.4,35.6,2,3.2,16.015625,57.0,16.0,41.0,1.0,30,1.0,0,0.0
C2,2209,0.19814258462025963,111.3,62.7,2,12.6,16.015625,103.0,63.0,41.0,1.0,30,3.0,0,0.0
C2,2210,0.0044736842105262825,193.1,105.80000000000001,1,20.0,16.40625,90.0,50.0,21.0,1.0,30,3.0,2,0.0
C2,2211,-0.015263157894736812,200.6,105.30000000000001,2,34.0,17.1875,152.0,85.0,22.0,1.0,30,3.0,1,0.0
C2,2212,0.16777406900572792,120.80000000000001,67.7,2,11.0,16.015625,122.0,55.0,41.0,1.0,30,2.0,1,0.0
C2,2213,0.16005644992345974,118.7,64.5,2,7.4,16.40625,132.0,37.0,42.0,1.0,30,1.0,2,0.0
C2,2214,0.25726709103428413,83.5,44.8,2,8.6,16.015625,68.0,43.0,41.0,1.0,30,3.0,0,0.0
C2,2215,0.842355546165886,17.9,17.5,2,1.4,16.015625,7.0,7.0,41.0,1.0,30,3.0,0,0.0
C2,2216,0.7303530517784642,32.300000000000004,21.0,1,2.4,16.015625,20.0,12.0,41.0,1.0,30,2.0,0,0.0
C2,2217,-0.03803754326367312,196.0,110.2,1,8.8,17.1875,110.0,22.0,22.0,1.0,30,1.0,1,0.0
C2,2218,0.15123141948936453,118.1,69.9,1,4.8,16.40625,67.0,12.0,21.0,1.0,30,1.0,2,0.0
C2,2219,-0.005552524307380735,186.4,106.0,1,10.8,17.1875,106.0,27.0,22.0,1.0,30,1.0,1,0.0
C2,2220,-0.0033972342664225774,183.4,104.6,1,9.2,16.40625,127.0,23.0,21.0,1.0,30,1.0,2,0.0
C2,2221,0.00026315789473696505,197.9,112.19999999999999,1,21.6,16.40625,143.0,54.0,21.0,1.0,30,2.0,0,0.0
C2,2222,0.2151758979160374,106.5,60.900000000000006,1,14.0,16.40625,56.0,35.0,21.0,1.0,30,3.0,1,0.0
C2,2223,-0.16192896671130164,170.2,98.8,1,15.2,17.1875,96.0,38.0,22.0,1.0,90,2.0,2,0.0
C2,2224,-0.22312096650432034,193.20000000000002,102.9,1,14.8,16.40625,99.0,37.0,21.0,1.0,90,2.0,0,0.0
C2,2225,-0.08557068470870807,140.2,89.80000000000001,1,13.6,16.40625,81.0,34.0,21.0,1.0,90,2.0,1,0.0
C2,2226,-0.23114178158774024,206.9,115.6,1,27.6,17.1875,114.0,69.0,22.0,1.0,90,3.0,2,0.0
C2,2227,0.40070356569969146,50.0,17.6,1,1.2,16.40625,6.0,3.0,21.0,1.0,90,1.0,0,0.0
C2,2228,0.4003882500542819,50.0,17.7,1,0.8,16.40625,5.0,2.0,21.0,1.0,90,1.0,1,0.0
C2,2229,-0.011488159562181577,110.5,74.80000000000001,1,10.8,16.40625,70.0,27.0,21.0,1.0,90,2.0,2,0.0
C2,2230,-0.2466698433540222,204.6,115.5,1,18.4,16.40625,132.0,46.0,21.0,1.0,90,2.0,1,0.0
C2,2231,-0.24725590671881825,199.3,109.39999999999999,1,9.2,16.40625,91.0,23.0,21.0,1.0,90,1.0,2,0.0
C2,2232,-0.049281721985589194,130.5,80.4,1,19.6,16.40625,78.0,49.0,21.0,1.0,90,3.0,0,0.0
C2,2233,-0.16846542155081334,171.7,97.60000000000001,1,13.6,16.40625,90.0,34.0,21.0,1.0,90,2.0,0,0.0
C2,2234,-0.15776665333427764,167.4,98.9,1,13.2,16.40625,92.0,33.0,21.0,1.0,90,2.0,2,0.0
C2,2235,-0.2764345346568916,210.2,112.69999999999999,1,8.8,16.40625,119.0,22.0,21.0,1.0,90,1.0,2,0.0
C2,2236,-0.2274396167224313,198.2,112.69999999999999,1,19.6,17.1875,119.0,49.0,22.0,1.0,90,2.0,1,0.0
C2,2237,-0.2508599132646241,205.9,113.9,1,18.0,17.1875,101.0,45.0,22.0,1.0,90,2.0,0,0.0
C2,2238,0.5586306298177991,32.5,25.9,1,6.0,16.40625,24.0,15.0,21.0,1.0,90,3.0,2,0.0
C2,2239,0.5603678655945346,32.4,25.5,1,6.8,16.40625,24.0,17.0,21.0,1.0,90,3.0,2,0.0
C2,2240,0.6648537330978317,18.1,17.7,1,2.4,16.40625,7.0,6.0,21.0,1.0,90,3.0,2,0.0
C2,2241,0.46318268977240973,43.8,33.4,1,9.2,16.40625,35.0,23.0,21.0,1.0,90,3.0,1,0.0
C2,2242,0.558178735277716,32.599999999999994,25.9,1,6.4,16.40625,23.0,16.0,21.0,1.0,90,3.0,2,0.0
C2,2243,0.45415171047448993,44.1,33.4,1,3.2,16.40625,31.0,8.0,21.0,1.0,90,1.0,1,0.0
C2,2244,0.666289972053633,18.0,17.6,1,4.0,17.1875,12.0,10.0,22.0,1.0,90,3.0,1,0.0
C2,2245,0.6645151185065423,17.9,17.6,1,2.0,16.40625,8.0,5.0,21.0,1.0,90,2.0,2,0.0
C2,2246,0.6645151185065423,17.9,17.5,1,2.0,16.40625,15.0,5.0,21.0,1.0,90,1.0,0,0.0
C2,2247,0.5525730313434458,32.800000000000004,28.299999999999997,1,2.4,16.40625,21.0,6.0,21.0,1.0,90,1.0,0,0.0
C2,2248,0.666289972053633,17.8,17.5,1,4.0,16.40625,12.0,10.0,21.0,1.0,90,3.0,0,0.0
C2,2249,0.6645151185065423,18.0,17.6,1,2.0,16.40625,15.0,5.0,21.0,1.0,90,1.0,2,0.0
C2,2250,0.4583023074483716,44.3,33.7,1,8.8,16.40625,31.0,22.0,21.0,1.0,90,3.0,2,0.0
C2,2251,0.56093388639574,32.599999999999994,27.400000000000002,1,8.8,17.1875,29.0,22.0,22.0,1.0,90,3.0,0,0.0
C2,2252,0.6645151185065423,17.9,17.5,1,2.0,16.40625,15.0,5.0,21.0,1.0,90,1.0,1,0.0
C2,2253,0.666289972053633,18.1,17.7,1,4.0,16.40625,17.0,10.0,21.0,1.0,90,2.0,1,0.0
C2,2254,0.543462486927595,33.8,25.7,1,2.0,16.40625,21.0,5.0,21.0,1.0,90,1.0,0,0.0
C2,2255,0.6678637575856803,17.9,17.6,1,5.6,16.40625,17.0,14.0,21.0,1.0,90,3.0,2,0.0
C2,2256,0.42791172524365734,47.5,35.8,1,6.8,16.40625,37.0,17.0,21.0,1.0,90,2.0,2,0.0
C2,2257,-0.007519064613555143,108.2,65.5,1,9.2,16.40625,53.0,23.0,21.0,1.0,90,2.0,1,0.0
C2,2258,0.555743188681981,32.4,26.9,1,2.0,16.40625,23.0,5.0,21.0,1.0,90,1.0,2,0.0
C2,2259,-0.2633085382977656,205.4,117.2,1,9.2,16.40625,116.0,23.0,21.0,1.0,90,1.0,0,0.0
C2,2260,-0.2579926498230022,209.2,117.2,1,18.8,16.40625,113.0,47.0,21.0,1.0,90,2.0,1,0.0
C2,2261,-0.25172959092934466,201.0,113.60000000000001,1,9.2,16.40625,109.0,23.0,21.0,1.0,90,1.0,2,0.0
C2,2262,-0.04418968577491558,120.89999999999999,69.9,1,6.4,16.40625,68.0,16.0,21.0,1.0,90,1.0,1,0.0
C2,2263,-0.017582021560187455,126.6,74.5,1,8.4,16.40625,61.0,21.0,21.0,1.0,70,2.0,2,0.0
C2,2264,-0.1469424386038311,208.6,115.6,1,31.2,16.40625,134.0,78.0,21.0,1.0,70,3.0,0,0.0
C2,2265,-0.16539313664282224,206.3,116.4,1,25.6,16.40625,113.0,64.0,21.0,1.0,70,3.0,2,0.0
C2,2266,0.695856543421489,19.5,17.8,1,2.8,16.40625,12.0,7.0,21.0,1.0,70,2.0,2,0.0
C2,2267,-0.019781324738601863,130.6,82.8,1,11.2,17.1875,73.0,28.0,22.0,1.0,70,2.0,1,0.0
C2,2268,-0.2062790245610433,201.0,110.39999999999999,1,10.8,16.40625,123.0,27.0,21.0,1.0,70,1.0,0,0.0
C2,2269,-0.22272072895616135,203.7,116.6,1,27.6,16.40625,116.0,69.0,21.0,1.0,90,3.0,0,0.0
C2,2270,0.544740347931783,33.9,26.8,1,4.4,16.40625,27.0,11.0,21.0,1.0,90,1.0,2,0.0
C2,2271,-0.011713211367265969,107.5,62.9,1,3.6,16.40625,53.0,9.0,21.0,1.0,90,1.0,2,0.0
C2,2272,-0.22043525392889213,189.29999999999998,107.5,1,9.6,16.40625,109.0,24.0,21.0,1.0,90,1.0,0,0.0
C2,2273,0.01675202547530552,101.8,62.0,1,14.4,17.1875,55.0,36.0,22.0,1.0,90,3.0,2,0.0
C2,2274,-0.21972649575913433,193.5,110.8,1,17.2,17.1875,109.0,43.0,22.0,1.0,90,2.0,2,0.0
C2,2275,-0.07485458094102165,135.0,85.8,1,11.6,16.40625,77.0,29.0,21.0,1.0,90,2.0,1,0.0
C2,2276,-0.0828455222408494,138.7,82.9,1,12.8,16.40625,79.0,32.0,21.0,1.0,90,2.0,1,0.0
C2,2277,-0.007014038033129194,106.0,62.6,1,4.4,16.40625,53.0,11.0,21.0,1.0,90,1.0,2,0.0
C2,2278,0.02760576152731721,92.7,50.6,1,4.0,16.40625,44.0,10.0,21.0,1.0,90,1.0,2,0.0
C2,2279,0.40890082372045333,49.3,35.7,1,3.6,16.40625,36.0,9.0,21.0,1.0,90,1.0,2,0.0
C2,2280,-0.21075254545168876,188.5,103.9,1,14.8,16.40625,95.0,37.0,21.0,1.0,90,2.0,2,0.0
C2,2281,0.6652003871959242,18.1,17.8,1,2.8,16.40625,11.0,7.0,21.0,1.0,90,2.0,2,0.0
C2,2282,0.006771374366464383,101.7,63.8,1,6.8,16.40625,50.0,17.0,21.0,1.0,90,1.0,0,0.0
C2,2283,0.6641844064673916,18.4,17.7,1,1.6,16.40625,5.0,4.0,21.0,1.0,90,3.0,0,0.0
C2,2284,-0.02162510102655857,111.69999999999999,64.4,1,4.8,16.40625,56.0,12.0,21.0,1.0,90,1.0,1,0.0
C2,2285,0.01050049836942249,99.2,59.4,1,4.0,16.40625,57.0,10.0,21.0,1.0,90,1.0,1,0.0
C2,2286,0.6666701724931865,18.2,17.7,1,4.4,16.40625,13.0,11.0,21.0,1.0,90,2.0,2,0.0
C2,2287,0.5560534149263208,32.7,25.6,1,5.2,16.40625,28.0,13.0,21.0,1.0,90,2.0,1,0.0
C2,2288,-0.031205345845089244,116.3,67.6,1,7.2,16.40625,65.0,18.0,21.0,1.0,90,1.0,1,0.0
C2,2289,0.4510451071342017,45.3,35.4,1,10.0,16.40625,33.0,25.0,21.0,1.0,90,3.0,0,0.0
C2,2290,-0.20493500206871307,186.79999999999998,106.2,1,15.6,16.40625,95.0,39.0,21.0,1.0,90,2.0,0,0.0
C2,2291,-0.011225001667444695,110.39999999999999,65.60000000000001,1,10.8,16.40625,56.0,27.0,21.0,1.0,90,2.0,1,0.0
C2,2292,0.6641844064673916,18.1,17.7,1,1.6,16.40625,10.0,4.0,21.0,1.0,90,1.0,1,0.0
C2,2293,0.4524902789406061,44.6,33.9,1,6.0,16.40625,33.0,15.0,21.0,1.0,90,2.0,2,0.0
C2,2294,-0.01636194313182171,109.7,67.6,1,4.8,16.40625,54.0,12.0,21.0,1.0,90,1.0,0,0.0
C2,2295,-0.2764664330346078,210.4,116.5,1,9.2,16.40625,116.0,23.0,21.0,1.0,90,1.0,0,0.0
C2,2296,-0.1877822225082919,176.7,106.1,1,9.2,16.40625,90.0,23.0,21.0,1.0,90,1.0,0,0.0
C2,2297,0.5450249485994331,33.7,25.5,1,2.8,16.40625,21.0,7.0,21.0,1.0,90,1.0,0,0.0
C2,2298,0.6674569236982506,18.1,17.7,1,5.2,16.40625,14.0,13.0,21.0,1.0,90,3.0,0,0.0
C2,2299,-0.030090895985601135,122.30000000000001,74.0,1,18.4,16.40625,66.0,46.0,21.0,1.0,90,3.0,0,0.0
C2,2300,-0.0621232188093474,130.6,79.0,1,12.4,16.40625,77.0,31.0,21.0,1.0,90,2.0,0,0.0
C2,2301,-0.09009007978785238,142.4,91.0,1,14.4,16.40625,87.0,36.0,21.0,1.0,90,2.0,2,0.0
C2,2302,0.4349046174581462,47.199999999999996,35.2,1,10.4,16.40625,36.0,26.0,21.0,1.0,90,3.0,1,0.0
C2,2303,-0.014098011981976216,110.7,61.1,1,9.2,16.40625,54.0,23.0,21.0,1.0,90,2.0,1,0.0
C2,2304,-0.22457159719142322,196.5,110.60000000000001,1,18.8,16.40625,103.0,47.0,21.0,1.0,90,2.0,2,0.0
C2,2305,0.003067814948989722,107.0,61.699999999999996,1,14.4,16.40625,52.0,36.0,21.0,1.0,90,3.0,0,0.0
C2,2306,-0.007224894569104301,112.19999999999999,69.8,1,16.4,16.40625,65.0,41.0,21.0,1.0,90,3.0,2,0.0
C2,2307,0.553024021780459,33.0,26.5,1,4.8,16.40625,26.0,12.0,21.0,1.0,90,2.0,0,0.0
C2,2308,-0.21311970253751333,185.6,101.5,1,7.6,16.40625,95.0,19.0,21.0,1.0,90,1.0,0,0.0
C2,2309,-0.0030298112290145507,108.60000000000001,63.0,1,13.2,16.40625,57.0,33.0,21.0,1.0,90,3.0,0,0.0
C2,2310,-0.1504881235901449,161.8,99.3,1,7.6,16.40625,97.0,19.0,21.0,1.0,90,1.0,1,0.0
C2,2311,-0.26428707187933054,205.4,116.4,1,8.4,16.40625,105.0,21.0,21.0,1.0,90,1.0,1,0.0
C2,2312,-0.2794978691634974,211.0,116.5,1,8.0,16.40625,101.0,20.0,21.0,1.0,90,1.0,2,0.0
C2,2313,0.4003882500542819,50.0,17.9,1,0.8,16.40625,5.0,2.0,21.0,1.0,90,1.0,0,0.0
C2,2314,0.5551218578879745,32.9,27.099999999999998,1,6.0,16.40625,20.0,15.0,21.0,1.0,90,3.0,0,0.0
C2,2315,0.657305650353819,20.9,18.0,1,2.8,17.1875,17.0,7.0,22.0,1.0,90,1.0,1,0.0
C2,2316,-0.061529732767165224,130.6,81.5,1,12.8,16.40625,77.0,32.0,21.0,1.0,90,2.0,1,0.0
C2,2317,-0.06930060610364186,134.5,85.1,1,14.4,17.1875,74.0,36.0,22.0,1.0,90,2.0,0,0.0
C2,2318,-0.204415380263457,185.6,105.0,1,14.0,16.40625,91.0,35.0,21.0,1.0,90,2.0,1,0.0
C2,2319,0.013194822969363848,103.4,60.199999999999996,1,14.8,16.40625,56.0,37.0,21.0,1.0,90,3.0,0,0.0
C2,2320,-0.07739217734065493,205.6,116.5,1,25.2,17.1875,105.0,63.0,22.0,1.0,50,3.0,2,0.0
C2,2321,-0.15609644875589074,208.7,114.6,1,9.2,16.40625,125.0,23.0,21.0,1.0,50,1.0,2,0.0
C2,2322,-0.027804845001311473,182.29999999999998,102.6,1,22.4,16.40625,93.0,56.0,21.0,1.0,50,3.0,1,0.0
C2,2323,0.4894065094559651,50.0,17.9,1,0.8,16.40625,6.0,2.0,21.0,1.0,50,1.0,0,0.0
C2,2324,0.11739734364074478,119.1,70.6,1,17.6,16.40625,66.0,44.0,21.0,1.0,50,3.0,2,0.0
C2,2325,0.5694437148432463,45.1,34.9,1,9.6,16.40625,32.0,24.0,21.0,1.0,50,3.0,0,0.0
C2,2326,0.034217008294354645,132.39999999999998,80.19999999999999,1,6.8,16.40625,77.0,17.0,21.0,1.0,50,1.0,1,0.0
C2,2327,0.0752176081590891,123.5,78.7,1,10.8,16.40625,70.0,27.0,21.0,1.0,50,2.0,0,0.0
C2,2328,-0.11607681653191854,148.9,92.3,1,8.0,16.40625,89.0,20.0,21.0,1.0,90,1.0,0,0.0
C2,2329,0.43035421975531835,47.6,34.0,1,9.6,16.40625,30.0,24.0,21.0,1.0,90,3.0,1,0.0
C2,2330,0.5274810889503102,35.7,28.299999999999997,1,2.8,16.40625,25.0,7.0,21.0,1.0,90,1.0,1,0.0
C2,2331,-0.11133997442665539,147.10000000000002,95.9,1,8.0,16.40625,80.0,20.0,21.0,1.0,90,1.0,0,0.0
C2,2332,-0.23176366804262177,205.9,116.7,1,26.4,17.1875,113.0,66.0,22.0,1.0,90,3.0,2,0.0
C2,2333,-0.1541315595366306,172.3,101.8,1,22.0,16.40625,95.0,55.0,21.0,1.0,90,3.0,1,0.0
C2,2334,-0.21186941210994603,200.0,114.2,1,28.0,16.40625,122.0,70.0,21.0,1.0,90,3.0,1,0.0
C2,2335,-0.025613177237617496,118.4,71.4,1,15.2,16.40625,65.0,38.0,21.0,1.0,90,3.0,1,0.0
C2,2336,-0.16625079154239736,172.1,102.8,1,15.6,16.40625,91.0,39.0,21.0,1.0,90,2.0,1,0.0
C2,2337,-0.09969864990593438,142.5,92.60000000000001,1,7.6,16.40625,88.0,19.0,21.0,1.0,90,1.0,1,0.0
C2,2338,0.6655552192464198,18.2,17.6,1,3.2,16.40625,9.0,8.0,21.0,1.0,90,3.0,0,0.0
C2,2339,-0.0059641289333283165,105.89999999999999,62.9,1,5.2,16.40625,54.0,13.0,21.0,1.0,90,1.0,2,0.0
C2,2340,-0.03832982750681338,117.9,70.2,1,4.4,16.40625,69.0,11.0,21.0,1.0,90,1.0,1,0.0
C2,2341,-0.0862435121561396,145.5,92.3,1,20.8,16.40625,87.0,52.0,21.0,1.0,90,3.0,0,0.0
C2,2342,-0.2469400182440547,205.0,115.6,1,18.8,16.40625,120.0,47.0,21.0,1.0,90,2.0,2,0.0
C2,2343,-0.23130544312755524,197.9,109.10000000000001,1,17.2,17.1875,110.0,43.0,22.0,1.0,90,2.0,0,0.0
C2,2344,-0.22410008268719445,189.6,108.39999999999999,1,7.2,16.40625,118.0,18.0,21.0,1.0,90,1.0,2,0.0
C2,2345,-0.04936324058193137,123.2,71.8,1,7.2,16.40625,66.0,18.0,21.0,1.0,90,1.0,1,0.0
C2,2346,0.054663281520998044,86.0,55.9,1,12.0,16.40625,50.0,30.0,21.0,1.0,90,3.0,2,0.0
C2,2347,-0.07778174680290212,144.7,93.39999999999999,1,23.6,16.40625,89.0,59.0,21.0,1.0,90,3.0,2,0.0
C2,2348,-0.02209491681176587,118.4,68.6,1,17.2,16.40625,62.0,43.0,21.0,1.0,90,3.0,1,0.0
C2,2349,0.6666701724931865,18.2,17.7,1,4.4,16.40625,18.0,11.0,21.0,1.0,90,2.0,2,0.0
C2,2350,0.027405349285153355,98.0,59.5,1,14.8,16.40625,59.0,37.0,21.0,1.0,90,3.0,2,0.0
C2,2351,-0.2230814055827663,202.2,116.0,1,26.0,16.40625,114.0,65.0,21.0,1.0,90,3.0,2,0.0
C2,2352,-0.2214616934834167,200.8,108.3,1,25.2,16.40625,97.0,63.0,21.0,1.0,90,3.0,1,0.0
C2,2353,0.5539012147629151,32.9,27.0,1,4.8,16.40625,22.0,12.0,21.0,1.0,90,2.0,1,0.0
C2,2354,0.552038384400523,33.300000000000004,26.3,1,6.4,16.40625,21.0,16.0,21.0,1.0,90,3.0,1,0.0
C2,2355,0.666289972053633,18.2,17.8,1,4.0,16.40625,12.0,10.0,21.0,1.0,90,3.0,0,0.0
C2,2356,0.6659183675801024,18.700000000000003,17.9,1,3.6,17.1875,13.0,9.0,22.0,1.0,90,2.0,0,0.0
C2,2357,0.6666701724931865,18.3,17.8,1,4.4,16.40625,11.0,11.0,21.0,1.0,90,3.0,0,0.0
C2,2358,0.6659183675801024,18.0,17.7,1,3.6,17.1875,10.0,9.0,22.0,1.0,90,3.0,1,0.0
C2,2359,0.6674569236982506,17.9,17.5,1,5.2,16.40625,14.0,13.0,21.0,1.0,90,3.0,2,0.0
C2,2360,0.6645151185065423,17.9,17.6,1,2.0,16.40625,17.0,5.0,21.0,1.0,90,1.0,1,0.0
C2,2361,-0.05843900828303167,129.20000000000002,81.5,1,12.4,17.1875,79.0,31.0,22.0,1.0,90,2.0,0,0.0
C2,2362,0.06923942977273556,76.6,45.1,1,3.2,16.40625,40.0,8.0,21.0,1.0,90,1.0,1,0.0
C2,2363,0.5577574904449427,32.800000000000004,26.200000000000003,1,7.6,16.40625,27.0,19.0,21.0,1.0,90,3.0,0,0.0
C2,2364,0.6638614604365336,20.0,17.6,1,1.2,16.40625,11.0,3.0,21.0,1.0,90,1.0,1,0.0
C2,2365,0.6659183675801024,18.0,17.5,1,3.6,16.40625,14.0,9.0,21.0,1.0,90,2.0,2,0.0
C2,2366,0.5532745174920337,32.800000000000004,26.700000000000003,1,3.2,16.40625,26.0,8.0,21.0,1.0,90,1.0,0,0.0
C2,2367,0.6652003871959242,18.3,17.6,1,2.8,16.40625,19.0,7.0,21.0,1.0,90,1.0,2,0.0
C2,2368,0.5516958383609898,32.9,26.599999999999998,1,2.4,16.40625,23.0,6.0,21.0,1.0,90,1.0,0,0.0
C2,2369,0.6638614604365336,17.9,17.6,1,1.2,16.40625,12.0,3.0,21.0,1.0,90,1.0,0,0.0
C2,2370,0.6648537330978317,18.2,17.7,1,2.4,16.40625,18.0,6.0,21.0,1.0,90,1.0,0,0.0
C2,2371,0.5560031044800304,33.0,27.099999999999998,1,7.6,16.40625,24.0,19.0,21.0,1.0,90,3.0,1,0.0
C2,2372,-0.045036654408874804,127.40000000000002,80.8,1,17.6,16.40625,71.0,44.0,21.0,1.0,90,3.0,0,0.0
C2,2373,0.4209656956280752,48.099999999999994,34.8,1,5.2,16.40625,38.0,13.0,21.0,1.0,90,1.0,1,0.0
C2,2374,0.666289972053633,17.8,17.5,1,4.0,16.40625,11.0,10.0,21.0,1.0,90,3.0,1,0.0
C2,2375,0.5577574904449427,32.800000000000004,25.9,1,7.6,16.40625,24.0,19.0,21.0,1.0,90,3.0,1,0.0
C2,2376,-0.045309311552874376,120.7,73.80000000000001,1,4.8,16.40625,61.0,12.0,21.0,1.0,90,1.0,2,0.0
C2,2377,0.553450224325902,32.7,26.8,1,2.4,16.40625,24.0,6.0,21.0,1.0,90,1.0,1,0.0
C2,2378,0.5529155773829791,33.2,27.3,1,6.4,16.40625,22.0,16.0,21.0,1.0,90,3.0,1,0.0
C2,2379,0.45614385670371294,44.0,33.5,1,4.4,16.40625,36.0,11.0,21.0,1.0,90,1.0,0,0.0
C2,2380,0.5564670431172042,33.0,26.5,1,8.0,16.40625,26.0,20.0,21.0,1.0,90,3.0,0,0.0
C2,2381,0.461689390997016,43.7,34.4,1,7.2,16.40625,35.0,18.0,21.0,1.0,90,2.0,1,0.0
C2,2382,0.6682797526248165,18.0,17.7,1,6.0,17.1875,16.0,15.0,22.0,1.0,90,3.0,0,0.0
C2,2383,0.6652003871959242,18.3,17.7,1,2.8,16.40625,12.0,7.0,21.0,1.0,90,2.0,0,0.0
C2,2384,0.6641844064673916,18.1,17.7,1,1.6,16.40625,11.0,4.0,21.0,1.0,90,1.0,0,0.0
C2,2385,0.6678637575856803,17.9,17.7,1,5.6,16.40625,17.0,14.0,21.0,1.0,90,3.0,1,0.0
C2,2386,0.5551218578879745,32.9,26.0,1,6.0,16.40625,20.0,15.0,21.0,1.0,90,3.0,2,0.0
C2,2387,0.6638614604365336,18.2,17.7,1,1.2,16.40625,12.0,3.0,21.0,1.0,90,1.0,2,0.0
C2,2388,0.6648537330978317,17.9,17.6,1,2.4,16.40625,9.0,6.0,21.0,1.0,90,2.0,0,0.0
C2,2389,0.6645151185065423,18.2,17.7,1,2.0,16.40625,16.0,5.0,21.0,1.0,90,1.0,0,0.0
C2,2390,0.6678637575856803,17.9,17.6,1,5.6,16.40625,17.0,14.0,21.0,1.0,90,3.0,1,0.0
C2,2391,-0.04677166163239832,127.5,77.7,1,16.8,16.40625,73.0,42.0,21.0,1.0,90,3.0,0,0.0
C2,2392,0.08808433415257695,73.3,46.5,1,12.0,16.40625,44.0,30.0,21.0,1.0,90,3.0,2,0.0
C2,2393,0.4232145881501259,48.300000000000004,35.2,1,8.8,16.40625,36.0,22.0,21.0,1.0,90,3.0,1,0.0
C2,2394,0.0028767811906525997,105.89999999999999,60.6,1,12.4,16.40625,58.0,31.0,21.0,1.0,90,3.0,0,0.0
C2,2395,-0.07612336247564092,133.20000000000002,80.4,1,6.8,16.40625,76.0,17.0,21.0,1.0,90,1.0,0,0.0
C2,2396,0.07097907099468224,79.8,46.699999999999996,1,12.0,16.40625,44.0,30.0,21.0,1.0,90,3.0,0,0.0
C2,2397,-0.1420790376973386,169.5,100.1,1,24.0,16.40625,95.0,60.0,21.0,1.0,90,3.0,0,0.0
C2,2398,0.5478689194220541,33.5,28.0,1,4.0,16.40625,20.0,10.0,21.0,1.0,90,2.0,1,0.0
C2,2399,0.6659183675801024,17.9,17.6,1,3.6,16.40625,15.0,9.0,21.0,1.0,90,2.0,1,0.0
C2,2400,-0.1877875610978949,192.6,112.4,1,29.6,17.1875,120.0,74.0,22.0,1.0,90,3.0,2,0.0
C2,2401,-0.22992351084592405,204.8,113.8,1,26.0,16.40625,114.0,65.0,21.0,1.0,90,3.0,2,0.0
C2,2402,0.05642623310227915,83.0,55.5,1,7.2,16.40625,50.0,18.0,21.0,1.0,90,2.0,0,0.0
C2,2403,0.012060894238660302,103.1,60.199999999999996,1,13.6,16.40625,59.0,34.0,21.0,1.0,90,3.0,1,0.0
C2,2404,-0.16030904182024214,176.8,103.4,1,24.4,17.1875,96.0,61.0,22.0,1.0,90,3.0,1,0.0
C2,2405,-0.03098763364766055,120.7,72.3,1,15.6,17.1875,61.0,39.0,22.0,1.0,90,3.0,2,0.0
C2,2406,0.5485337205292576,33.300000000000004,26.5,1,2.8,16.40625,27.0,7.0,21.0,1.0,90,1.0,1,0.0
C2,2407,0.6659183675801024,18.0,17.6,1,3.6,16.40625,15.0,9.0,21.0,1.0,90,2.0,0,0.0
C2,2408,-0.032782208833861626,118.8,71.0,1,11.2,16.40625,63.0,28.0,21.0,1.0,90,2.0,2,0.0
C2,2409,-0.2168879891886631,198.3,111.3,1,24.4,16.40625,111.0,61.0,21.0,1.0,90,3.0,2,0.0
C2,2410,-0.095860204580904,140.7,90.1,1,6.8,16.40625,89.0,17.0,21.0,1.0,90,1.0,2,0.0
C2,2411,-0.04906510725681118,125.2,77.10000000000001,1,11.6,16.40625,74.0,29.0,21.0,1.0,90,2.0,0,0.0
C2,2412,0.5567832894218583,32.4,26.200000000000003,1,3.2,16.40625,27.0,8.0,21.0,1.0,90,1.0,0,0.0
C2,2413,0.46523217863831184,43.1,33.4,1,5.6,16.40625,31.0,14.0,21.0,1.0,90,2.0,1,0.0
C2,2414,0.45161308595815,44.699999999999996,34.1,1,6.0,16.40625,35.0,15.0,21.0,1.0,90,2.0,2,0.0
C2,2415,0.55166745001404,33.2,27.7,1,5.2,16.40625,25.0,13.0,21.0,1.0,90,2.0,1,0.0
C2,2416,0.6645151185065423,17.8,17.6,1,2.0,16.40625,14.0,5.0,21.0,1.0,90,1.0,2,0.0
C2,2417,0.6641844064673916,17.7,17.4,1,1.6,16.40625,10.0,4.0,21.0,1.0,90,1.0,2,0.0
C2,2418,0.6666701724931865,18.0,17.6,1,4.4,16.40625,16.0,11.0,21.0,1.0,90,2.0,0,0.0
C2,2419,0.6666701724931865,17.9,17.5,1,4.4,16.40625,19.0,11.0,21.0,1.0,90,2.0,2,0.0
C2,2420,0.6645151185065423,18.0,17.7,1,2.0,16.40625,6.0,5.0,21.0,1.0,90,2.0,2,0.0
C2,2421,0.5520424924590822,32.9,26.599999999999998,1,2.8,16.40625,28.0,7.0,21.0,1.0,90,1.0,1,0.0
C2,2422,0.4448657360011551,45.199999999999996,36.3,1,3.6,16.40625,31.0,9.0,21.0,1.0,90,1.0,0,0.0
C2,2423,0.6666701724931865,18.1,17.7,1,4.4,16.40625,12.0,11.0,21.0,1.0,90,3.0,0,0.0
C2,2424,0.7037606996803916,18.0,17.7,1,6.0,16.40625,17.0,15.0,21.0,1.0,70,3.0,0,0.0
C2,2425,0.695856543421489,18.2,17.9,1,2.8,16.40625,9.0,7.0,21.0,1.0,70,3.0,0,0.0
C2,2426,0.5773903898388602,33.4,26.1,1,2.4,16.40625,23.0,6.0,21.0,1.0,70,1.0,0,0.0
C2,2427,0.6996909593573912,18.1,17.8,1,4.4,16.40625,18.0,11.0,21.0,1.0,70,2.0,1,0.0
C2,2428,0.6940263352002114,19.8,18.0,1,2.0,16.40625,12.0,5.0,21.0,1.0,70,1.0,0,0.0
C2,2429,0.6870087913405623,20.8,17.8,1,2.0,16.40625,9.0,5.0,21.0,1.0,70,2.0,1,0.0
C2,2430,0.6949342494879829,18.0,17.6,1,2.4,16.40625,18.0,6.0,21.0,1.0,70,1.0,0,0.0
C2,2431,0.5890258069076422,33.2,26.5,1,6.4,16.40625,21.0,16.0,21.0,1.0,70,3.0,2,0.0
C2,2432,0.6996909593573912,17.7,17.5,1,4.4,17.1875,17.0,11.0,22.0,1.0,70,2.0,0,0.0
C2,2433,0.7037606996803916,17.9,17.6,1,6.0,17.1875,17.0,15.0,22.0,1.0,70,3.0,2,0.0
C2,2434,0.6659183675801024,18.1,17.7,1,3.6,16.40625,13.0,9.0,21.0,1.0,90,2.0,1,0.0
C2,2435,0.6655552192464198,18.1,17.7,1,3.2,16.40625,13.0,8.0,21.0,1.0,90,2.0,1,0.0
C2,2436,0.4511652994766261,44.4,36.900000000000006,1,2.8,16.40625,30.0,7.0,21.0,1.0,90,1.0,2,0.0
C2,2437,0.6648537330978317,18.2,17.7,1,2.4,16.40625,19.0,6.0,21.0,1.0,90,1.0,0,0.0
C2,2438,0.8600234727923319,18.3,17.8,1,5.6,17.1875,15.0,14.0,22.0,1.0,30,3.0,0,0.0
C2,2439,0.7453542265069084,32.7,26.200000000000003,1,4.8,16.40625,20.0,12.0,21.0,1.0,30,2.0,1,0.0
C2,2440,0.8449503405842114,18.0,17.6,1,2.0,17.1875,18.0,5.0,22.0,1.0,30,1.0,2,0.0
C2,2441,0.2106316377896853,94.89999999999999,55.7,1,4.4,16.40625,56.0,11.0,21.0,1.0,30,1.0,0,0.0
C2,2442,0.7519265175434307,33.4,27.2,1,8.0,17.1875,25.0,20.0,22.0,1.0,30,3.0,0,0.0
C2,2443,0.843222663187408,18.0,17.7,1,1.6,16.40625,12.0,4.0,21.0,1.0,30,1.0,2,0.0
C2,2444,0.8500762134230411,18.1,17.8,1,3.2,16.40625,9.0,8.0,21.0,1.0,30,3.0,2,0.0
C2,2445,0.7360411257037429,33.0,25.7,1,3.2,16.40625,28.0,8.0,21.0,1.0,30,1.0,0,0.0
C2,2446,0.7417306257836167,33.300000000000004,25.7,1,5.2,16.40625,27.0,13.0,21.0,1.0,30,2.0,2,0.0
C2,2447,0.7516586163407524,32.9,26.200000000000003,1,6.8,16.40625,22.0,17.0,21.0,1.0,30,3.0,0,0.0
C2,2448,0.8648165110775945,18.0,17.7,1,6.8,16.40625,18.0,17.0,21.0,1.0,30,3.0,2,0.0
C2,2449,0.8449503405842114,18.0,17.6,1,2.0,16.40625,11.0,5.0,21.0,1.0,30,1.0,0,0.0
C2,2450,0.8500762134230411,18.1,17.7,1,3.2,16.40625,8.0,8.0,21.0,1.0,30,3.0,2,0.0
C2,2451,0.18959595912448649,114.3,74.5,1,12.4,16.40625,65.0,31.0,21.0,1.0,30,2.0,0,0.0
C2,2452,0.8449503405842114,18.3,17.7,1,2.0,16.40625,16.0,5.0,21.0,1.0,30,1.0,1,0.0
C2,2453,0.7377955116686552,32.800000000000004,26.200000000000003,1,3.2,16.40625,29.0,8.0,21.0,1.0,30,1.0,1,0.0
C2,2454,0.7325881660966,33.2,26.9,1,2.8,16.40625,25.0,7.0,21.0,1.0,30,1.0,0,0.0
C2,2455,0.7459883850730336,33.0,27.799999999999997,1,5.6,16.40625,20.0,14.0,21.0,1.0,30,3.0,1,0.0
C2,2456,0.7428246202458255,32.800000000000004,27.0,1,4.4,16.40625,20.0,11.0,21.0,1.0,30,2.0,1,0.0
C2,2457,0.7432146980569858,33.5,27.599999999999998,1,6.0,17.1875,28.0,15.0,22.0,1.0,30,2.0,1,0.0
C2,2458,0.8632336037393085,17.8,17.5,1,6.4,17.1875,18.0,16.0,22.0,1.0,30,3.0,2,0.0
C2,2459,0.6940263352002114,18.0,17.7,1,2.0,16.40625,15.0,5.0,21.0,1.0,70,1.0,0,0.0
C2,2460,0.6940263352002114,19.7,17.7,1,2.0,16.40625,19.0,5.0,21.0,1.0,70,1.0,0,0.0
C2,2461,0.5852851266809654,32.5,26.3,1,2.4,16.40625,24.0,6.0,21.0,1.0,70,1.0,1,0.0
C2,2462,0.5908156991447666,32.300000000000004,26.3,1,4.0,16.40625,20.0,10.0,21.0,1.0,70,2.0,2,0.0
C2,2463,0.7027210189426429,17.8,17.6,1,5.6,16.40625,17.0,14.0,21.0,1.0,70,3.0,0,0.0
C2,2464,0.695856543421489,18.0,17.6,1,2.8,16.40625,11.0,7.0,21.0,1.0,70,2.0,0,0.0
C2,2465,0.6949342494879829,18.2,17.8,1,2.4,16.40625,10.0,6.0,21.0,1.0,70,2.0,2,0.0
C2,2466,0.6041422634635085,32.5,26.8,1,9.6,16.40625,29.0,24.0,21.0,1.0,70,3.0,2,0.0
C2,2467,0.6931327226609154,17.7,17.4,1,1.6,16.40625,15.0,4.0,21.0,1.0,70,1.0,0,0.0
C2,2468,0.6996909593573912,18.1,17.7,1,4.4,17.1875,19.0,11.0,22.0,1.0,70,2.0,0,0.0
C2,2469,0.5892826873671465,32.7,25.8,1,4.8,16.40625,26.0,12.0,21.0,1.0,70,2.0,2,0.0
C2,2470,0.7006861961390762,18.3,17.7,1,4.8,16.40625,18.0,12.0,21.0,1.0,70,2.0,1,0.0
C2,2471,0.49654496220565075,44.5,35.3,1,8.8,16.40625,30.0,22.0,21.0,1.0,70,3.0,2,0.0
C2,2472,0.5913175101707131,32.7,26.700000000000003,1,5.6,16.40625,20.0,14.0,21.0,1.0,70,3.0,1,0.0
C2,2473,0.7016961988277453,18.3,17.7,1,5.2,16.40625,16.0,13.0,21.0,1.0,70,3.0,0,0.0
C2,2474,0.7431617651966724,21.8,17.8,1,2.4,17.1875,19.0,6.0,22.0,1.0,50,1.0,0,0.0
C2,2475,0.768857770442213,18.1,17.5,1,4.8,16.40625,13.0,12.0,21.0,1.0,50,3.0,1,0.0
C2,2476,0.6591400255904911,32.7,26.700000000000003,1,5.2,16.40625,26.0,13.0,21.0,1.0,50,2.0,2,0.0
C2,2477,0.6634158647923247,32.599999999999994,25.9,1,6.0,16.40625,21.0,15.0,21.0,1.0,50,3.0,2,0.0
C2,2478,0.6685769173744529,32.599999999999994,26.700000000000003,1,7.2,16.40625,23.0,18.0,21.0,1.0,50,3.0,0,0.0
C2,2479,0.6624626223294423,33.099999999999994,27.0,1,6.8,16.40625,26.0,17.0,21.0,1.0,50,3.0,0,0.0
C2,2480,0.7573373474871592,18.599999999999998,17.9,1,2.0,16.40625,16.0,5.0,21.0,1.0,50,1.0,0,0.0
C2,2481,0.13679268369298586,95.4,50.2,1,8.0,16.40625,45.0,20.0,21.0,1.0,50,2.0,1,0.0
C2,2482,0.6362847159082117,33.8,27.2,1,2.0,16.40625,27.0,5.0,21.0,1.0,50,1.0,1,0.0
C2,2483,0.6729285430853389,32.7,26.8,1,8.4,16.40625,29.0,21.0,21.0,1.0,50,3.0,1,0.0
C2,2484,0.7655148417576507,18.2,17.7,1,4.0,16.40625,11.0,10.0,21.0,1.0,50,3.0,1,0.0
C2,2485,0.7655148417576507,18.1,17.7,1,4.0,16.40625,16.0,10.0,21.0,1.0,50,2.0,0,0.0
C2,2486,0.7573373474871592,17.9,17.5,1,2.0,16.40625,15.0,5.0,21.0,1.0,50,1.0,2,0.0
C2,2487,0.6791266774773743,29.1,26.5,1,2.4,16.40625,23.0,6.0,21.0,1.0,50,1.0,1,0.0
C2,2488,0.7773749030311967,18.1,17.7,1,6.8,16.40625,19.0,17.0,21.0,1.0,50,3.0,1,0.0
C2,2489,0.6583314546527395,32.599999999999994,26.700000000000003,1,4.8,16.40625,21.0,12.0,21.0,1.0,50,2.0,0,0.0
C2,2490,0.6539454897404586,33.099999999999994,27.0,1,4.8,16.40625,22.0,12.0,21.0,1.0,50,2.0,2,0.0
C2,2491,0.5465410996367943,44.4,34.8,1,2.8,16.40625,32.0,7.0,21.0,1.0,50,1.0,0,0.0
C2,2492,0.6703573591715475,32.2,25.2,1,6.8,17.1875,23.0,17.0,22.0,1.0,50,3.0,1,0.0
C2,2493,0.758951238880883,18.1,17.5,1,2.4,16.40625,18.0,6.0,21.0,1.0,50,1.0,0,0.0
C2,2494,0.7722384402787341,17.8,17.4,1,5.6,16.40625,16.0,14.0,21.0,1.0,50,3.0,2,0.0
C2,2495,0.6406706808204925,33.300000000000004,28.7,1,2.0,16.40625,20.0,5.0,21.0,1.0,50,1.0,1,0.0
C2,2496,0.044343703436628926,126.6,75.7,1,5.6,17.1875,71.0,14.0,22.0,1.0,50,1.0,0,0.0
C2,2497,0.6414073792317603,33.4,26.0,1,2.4,16.40625,21.0,6.0,21.0,1.0,50,1.0,2,0.0
C2,2498,0.0631773049735026,130.8,77.10000000000001,1,12.4,17.1875,75.0,31.0,22.0,1.0,50,2.0,2,0.0
C2,2499,0.14478829750483854,103.9,61.0,1,14.8,17.1875,57.0,37.0,22.0,1.0,50,3.0,0,0.0
C2,2500,-0.057655335235391764,198.1,111.5,1,30.0,40.0,100.0,1500.0,2000.0,1.0,50,1.0,0,0.0
C2,2501,0.6625893174717166,32.5,26.200000000000003,1,5.6,17.1875,26.0,14.0,22.0,1.0,50,2.0,2,0.0
C2,2502,0.7573373474871592,17.9,17.5,1,2.0,16.40625,5.0,5.0,21.0,1.0,50,3.0,0,0.0
C2,2503,0.42737895648590174,50.0,17.7,1,0.4,16.40625,3.0,1.0,21.0,1.0,70,1.0,2,0.0
C2,2504,0.692253329144211,17.8,17.4,1,1.2,16.40625,11.0,3.0,21.0,1.0,70,1.0,2,0.0
C2,2505,0.6949342494879829,17.9,17.6,1,2.4,16.40625,5.0,6.0,21.0,1.0,70,3.0,2,0.0
C2,2506,0.6843772123931939,21.1,17.9,1,2.0,16.40625,15.0,5.0,21.0,1.0,70,1.0,2,0.0
C2,2507,0.6940263352002114,18.4,17.8,1,2.0,16.40625,14.0,5.0,21.0,1.0,70,1.0,1,0.0
C2,2508,0.4282301737168955,50.0,17.5,1,0.8,16.40625,2.0,2.0,21.0,1.0,70,3.0,0,0.0
C2,2509,0.4299748279240733,50.0,17.7,1,1.6,16.40625,3.0,4.0,21.0,1.0,70,3.0,1,0.0
C2,2510,0.7006861961390762,18.1,17.7,1,4.8,17.1875,12.0,12.0,22.0,1.0,70,3.0,0,0.0
C2,2511,0.7006861961390762,18.0,17.6,1,4.8,16.40625,13.0,12.0,21.0,1.0,70,3.0,2,0.0
C2,2512,0.6940263352002114,18.3,17.7,1,2.0,17.1875,5.0,5.0,22.0,1.0,70,3.0,0,0.0
C2,2513,0.6801266262885006,21.9,18.0,1,3.2,16.40625,14.0,8.0,21.0,1.0,70,2.0,1,0.0
C2,2514,0.4290954344073689,50.0,17.6,1,1.2,16.40625,3.0,3.0,21.0,1.0,70,3.0,1,0.0
C2,2515,0.4299748279240733,50.0,17.6,1,1.6,16.40625,8.0,4.0,21.0,1.0,70,1.0,2,0.0
C2,2516,0.5764638554600006,33.2,26.1,1,1.2,16.40625,21.0,3.0,21.0,1.0,70,1.0,2,0.0
C2,2517,0.692253329144211,17.9,17.5,1,1.2,16.40625,5.0,3.0,21.0,1.0,70,2.0,1,0.0
C2,2518,0.6949342494879829,18.9,17.7,1,2.4,17.1875,14.0,6.0,22.0,1.0,70,1.0,1,0.0
C2,2519,0.584453034649559,32.7,26.4,1,2.8,16.40625,26.0,7.0,21.0,1.0,70,1.0,0,0.0
C2,2520,0.695856543421489,18.1,17.7,1,2.8,17.1875,11.0,7.0,22.0,1.0,70,2.0,0,0.0
C2,2521,0.5913175101707131,32.7,27.099999999999998,1,5.6,16.40625,24.0,14.0,21.0,1.0,70,2.0,2,0.0
C2,2522,0.7037606996803916,18.0,17.6,1,6.0,16.40625,16.0,15.0,21.0,1.0,70,3.0,2,0.0
C2,2523,0.6949342494879829,19.5,17.6,1,2.4,16.40625,7.0,6.0,21.0,1.0,70,3.0,1,0.0
C2,2524,0.695856543421489,18.1,17.7,1,2.8,16.40625,8.0,7.0,21.0,1.0,70,3.0,2,0.0
C2,2525,0.60041128964444,32.4,26.3,1,8.0,16.40625,23.0,20.0,21.0,1.0,70,3.0,2,0.0
C2,2526,0.6967932929551672,18.1,17.5,1,3.2,16.40625,14.0,8.0,21.0,1.0,70,2.0,1,0.0
C2,2527,0.6949342494879829,17.8,17.5,1,2.4,16.40625,11.0,6.0,21.0,1.0,70,2.0,0,0.0
C2,2528,0.7491985160200103,33.0,26.1,1,6.4,16.40625,20.0,16.0,21.0,1.0,30,3.0,1,0.0
C2,2529,0.22923399910812137,89.7,50.0,1,5.6,16.40625,49.0,14.0,21.0,1.0,30,1.0,2,0.0
C2,2530,0.8449503405842114,18.9,17.9,1,2.0,17.1875,13.0,5.0,22.0,1.0,30,1.0,2,0.0
C2,2531,0.179301457781841,117.2,74.6,1,11.6,16.40625,64.0,29.0,21.0,1.0,30,2.0,0,0.0
C2,2532,0.6097253362300588,47.4,33.7,1,3.2,16.40625,36.0,8.0,21.0,1.0,30,1.0,0,0.0
C2,2533,0.16412615633146982,113.19999999999999,59.7,1,4.8,16.40625,50.0,12.0,21.0,1.0,30,1.0,0,0.0
C2,2534,0.2749357001052032,76.5,48.9,1,8.4,16.40625,48.0,21.0,21.0,1.0,30,2.0,1,0.0
C2,2535,0.1710954785816029,119.8,70.7,1,11.2,16.40625,65.0,28.0,21.0,1.0,30,2.0,2,0.0
C2,2536,-0.01447368421052625,203.5,117.5,1,34.4,16.40625,131.0,86.0,21.0,1.0,30,3.0,2,0.0
C2,2537,0.17604374068117623,116.0,64.60000000000001,2,12.2,16.015625,133.0,61.0,41.0,1.0,30,2.0,1,0.0
C2,2538,0.2800762134230412,66.60000000000001,40.2,2,3.2,16.015625,68.0,16.0,41.0,1.0,30,1.0,2,0.0
C2,2539,0.11268113633454935,77.10000000000001,41.4,2,8.4,16.015625,55.0,42.0,41.0,1.0,70,3.0,0,0.0
C2,2540,0.5839900851147648,32.7,23.0,2,2.6,16.015625,27.0,13.0,41.0,1.0,70,2.0,2,0.0
C2,2541,0.4633319013031757,47.9,35.2,2,7.6,16.015625,53.0,38.0,41.0,1.0,70,3.0,1,0.0
C2,2542,0.6922651435074973,18.0,17.6,1,4.8,16.40625,13.0,12.0,21.0,1.0,70,3.0,2,0.0
C2,2543,0.584299966311064,33.5,26.9,1,5.6,16.40625,26.0,14.0,21.0,1.0,70,2.0,0,0.0
C2,2544,0.6940263352002114,18.3,17.8,1,2.0,16.40625,16.0,5.0,21.0,1.0,70,1.0,2,0.0
C2,2545,0.5846398419953615,33.7,27.5,1,6.4,16.40625,21.0,16.0,21.0,1.0,70,3.0,0,0.0
C2,2546,0.4932845210253427,43.2,33.5,1,3.2,16.40625,32.0,8.0,21.0,1.0,70,1.0,1,0.0
C2,2547,0.5832751461961663,33.5,27.3,1,5.2,16.40625,24.0,13.0,21.0,1.0,70,2.0,0,0.0
C2,2548,0.6977445678438781,18.2,17.8,1,3.6,17.1875,15.0,9.0,22.0,1.0,70,2.0,0,0.0
C2,2549,0.5974371294777514,33.4,27.3,1,10.0,16.40625,29.0,25.0,21.0,1.0,70,3.0,2,0.0
C2,2550,0.586429734232486,32.800000000000004,26.4,1,4.0,16.40625,22.0,10.0,21.0,1.0,70,2.0,2,0.0
C2,2551,0.08170611701315669,87.6,50.3,1,7.2,16.40625,42.0,18.0,21.0,1.0,70,2.0,1,0.0
C2,2552,0.05425298077105002,104.4,60.199999999999996,1,12.8,16.40625,54.0,32.0,21.0,1.0,70,3.0,0,0.0
C2,2553,-0.18696380972417376,191.39999999999998,103.1,1,8.8,16.40625,99.0,22.0,21.0,1.0,70,1.0,1,0.0
C2,2554,-0.22738743192575744,208.1,117.6,1,10.0,16.40625,101.0,25.0,21.0,1.0,70,1.0,0,0.0
C2,2555,0.023928357547926785,112.60000000000001,65.0,1,10.0,16.40625,58.0,25.0,21.0,1.0,70,2.0,2,0.0
C2,2556,-0.14741784262280355,203.4,117.5,1,28.0,17.1875,124.0,70.0,22.0,1.0,70,3.0,2,0.0
C2,2557,0.0277488304066926,106.1,61.699999999999996,1,5.2,16.40625,58.0,13.0,21.0,1.0,70,1.0,2,0.0
C2,2558,0.5909725155642322,33.099999999999994,26.0,1,6.8,16.40625,23.0,17.0,21.0,1.0,70,3.0,0,0.0
C2,2559,0.6977445678438781,19.5,18.1,1,3.6,16.40625,14.0,9.0,21.0,1.0,70,2.0,2,0.0
C2,2560,0.7016961988277453,18.2,17.7,1,5.2,17.1875,15.0,13.0,22.0,1.0,70,3.0,0,0.0
