Cluster,Step,Reward,Latency_P90,Latency_Avg,Replicas,CPU_Pct,RAM_Pct,Requests,Total_CPU,Total_RAM,Success,HPA_Target,Throughput,Enhancement,Forecast
C2,1,0.5120384371995992,33.2,20.6,4,1.2,15.234375,26.0,12.0,78.0,1.0,50,1.0,0,0.0
C2,2,0.48822988674158085,50.0,17.9,4,0.5,15.234375,5.0,5.0,78.0,1.0,50,1.0,1,0.0
C2,3,0.48901354867190067,50.0,17.8,4,0.7,15.234375,3.0,7.0,78.0,1.0,50,3.0,2,0.0
C2,4,0.7537477650544058,18.3,17.9,4,1.1,15.234375,11.0,11.0,78.0,1.0,50,3.0,2,0.0
C2,5,0.7521714434087428,18.2,17.9,4,0.7,15.234375,5.0,7.0,78.0,1.0,50,2.0,0,0.0
C2,6,0.6294189672863264,18.599999999999998,17.9,1,1.6,16.40625,15.0,4.0,21.0,1.0,50,1.0,0,0.0
C2,7,0.7622119447177791,18.3,18.0,1,3.2,16.40625,14.0,8.0,21.0,1.0,50,2.0,1,0.0
C2,8,0.4894065094559651,50.0,17.6,1,0.8,16.40625,2.0,2.0,21.0,1.0,50,1.0,2,0.0
C2,9,0.49257686202316864,50.0,17.7,1,1.6,17.1875,3.0,4.0,22.0,1.0,50,3.0,1,0.0
C2,10,0.6652003871959242,18.2,17.8,1,2.8,16.40625,12.0,7.0,21.0,1.0,90,2.0,0,0.0
C2,11,0.6641844064673916,18.0,17.7,1,1.6,16.40625,13.0,4.0,21.0,1.0,90,1.0,2,0.0
C2,12,0.6648537330978317,18.3,17.9,1,2.4,16.40625,5.0,6.0,21.0,1.0,90,3.0,0,0.0
C2,13,0.6659183675801024,18.2,17.8,1,3.6,16.40625,14.0,9.0,21.0,1.0,90,2.0,1,0.0
C2,14,0.4003882500542819,50.0,17.8,1,0.8,16.40625,3.0,2.0,21.0,1.0,90,3.0,2,0.0
C2,15,0.6652003871959242,18.2,17.7,1,2.8,16.40625,8.0,7.0,21.0,1.0,90,3.0,1,0.0
C2,16,0.5501493187480934,33.0,26.4,1,1.6,16.40625,21.0,4.0,21.0,1.0,90,1.0,1,0.0
C2,17,0.6641844064673916,18.3,17.9,1,1.6,16.40625,5.0,4.0,21.0,1.0,90,2.0,1,0.0
C2,18,0.6674569236982506,18.1,17.7,1,5.2,16.40625,14.0,13.0,21.0,1.0,90,3.0,0,0.0
C2,19,0.5507902570315839,33.300000000000004,26.0,1,5.2,16.40625,26.0,13.0,21.0,1.0,90,2.0,1,0.0
C2,20,0.6638614604365336,17.9,17.6,1,1.2,16.40625,11.0,3.0,21.0,1.0,90,1.0,0,0.0
C2,21,0.5539012147629151,32.9,26.3,1,4.8,16.40625,24.0,12.0,21.0,1.0,90,2.0,0,0.0
C2,22,0.6645151185065423,18.0,17.7,1,2.0,16.40625,16.0,5.0,21.0,1.0,90,1.0,0,0.0
C2,23,0.6641844064673916,18.4,17.7,1,1.6,16.40625,7.0,4.0,21.0,1.0,90,2.0,1,0.0
C2,24,0.6652003871959242,18.0,17.8,1,2.8,16.40625,8.0,7.0,21.0,1.0,90,3.0,2,0.0
C2,25,0.5482491198616075,33.5,27.2,1,4.4,16.40625,23.0,11.0,21.0,1.0,90,2.0,0,0.0
C2,26,0.6670591094997571,18.1,17.8,1,4.8,16.40625,14.0,12.0,21.0,1.0,90,3.0,0,0.0
C2,27,0.6641844064673916,19.599999999999998,18.0,1,1.6,16.40625,11.0,4.0,21.0,1.0,90,1.0,1,0.0
C2,28,0.5533674719230622,33.099999999999994,26.3,1,6.0,16.40625,20.0,15.0,21.0,1.0,90,3.0,0,0.0
C2,29,0.05100647792080987,84.1,48.7,1,4.8,16.40625,49.0,12.0,21.0,1.0,90,1.0,2,0.0
C2,30,0.6666701724931865,18.3,17.8,1,4.4,16.40625,13.0,11.0,21.0,1.0,90,3.0,1,0.0
C2,31,-0.0314058692615366,120.1,73.80000000000001,1,14.4,16.40625,64.0,36.0,21.0,1.0,90,3.0,0,0.0
C2,32,0.4492517009134358,44.699999999999996,36.0,1,3.6,16.40625,36.0,9.0,21.0,1.0,90,1.0,0,0.0
C2,33,0.024926439415734872,97.3,66.69999999999999,1,12.0,16.40625,50.0,30.0,21.0,1.0,90,3.0,1,0.0
C2,34,0.004038593545818203,101.8,50.3,1,4.4,16.40625,48.0,11.0,21.0,1.0,90,1.0,2,0.0
C2,35,-0.04399352207919016,120.2,72.1,1,4.8,16.40625,65.0,12.0,21.0,1.0,90,1.0,1,0.0
C2,36,-0.2211828258454946,206.2,116.6,1,30.4,16.40625,131.0,76.0,21.0,1.0,90,3.0,0,0.0
C2,37,-0.1930052851315962,200.9,116.5,1,34.8,17.1875,133.0,87.0,22.0,1.0,90,3.0,0,0.0
C2,38,-0.02819454914571687,121.0,75.0,1,17.6,16.40625,68.0,44.0,21.0,1.0,90,3.0,0,0.0
C2,39,0.025906725143534703,106.80000000000001,62.199999999999996,1,5.2,16.40625,55.0,13.0,21.0,1.0,70,1.0,2,0.0
C2,40,0.5738816179090356,33.8,26.9,1,2.4,16.40625,27.0,6.0,21.0,1.0,70,1.0,2,0.0
C2,41,0.05032814343613297,107.39999999999999,58.7,1,14.0,16.40625,53.0,35.0,21.0,1.0,70,3.0,2,0.0
C2,42,0.6996909593573912,18.1,17.7,1,4.4,16.40625,13.0,11.0,21.0,1.0,70,3.0,2,0.0
C2,43,0.578312683772366,33.4,27.099999999999998,1,2.8,16.40625,26.0,7.0,21.0,1.0,70,1.0,2,0.0
C2,44,0.6940263352002114,18.3,17.7,1,2.0,16.40625,16.0,5.0,21.0,1.0,70,1.0,1,0.0
C2,45,0.7439353581252734,33.6,27.5,1,6.4,16.40625,21.0,16.0,21.0,1.0,30,3.0,0,0.0
C2,46,0.6220055335638699,47.5,34.7,1,6.4,16.40625,32.0,16.0,21.0,1.0,30,2.0,2,0.0
C2,47,0.7282477886205696,33.5,25.3,1,2.4,16.40625,24.0,6.0,21.0,1.0,30,1.0,2,0.0
C2,48,0.8517640347262772,18.1,17.9,1,3.6,16.40625,15.0,9.0,21.0,1.0,30,2.0,2,0.0
C2,49,0.7334653590790563,33.099999999999994,27.099999999999998,1,2.8,16.40625,29.0,7.0,21.0,1.0,30,1.0,0,0.0
C2,50,0.7352653324802187,32.7,27.5,1,2.4,16.40625,22.0,6.0,21.0,1.0,30,1.0,0,0.0
C2,51,0.2767640347262773,68.5,42.1,1,3.6,16.40625,42.0,9.0,21.0,1.0,30,1.0,0,0.0
C2,52,0.2048571935784322,103.7,61.800000000000004,1,8.8,16.40625,54.0,22.0,21.0,1.0,30,2.0,0,0.0
C2,53,0.00035504944568925945,191.89999999999998,104.7,1,17.6,16.40625,99.0,44.0,21.0,1.0,30,2.0,0,0.0
C2,54,-0.007631578947368323,200.9,112.8,1,23.6,16.40625,101.0,59.0,21.0,1.0,30,3.0,0,0.0
C2,55,0.18660242016075299,105.89999999999999,61.1,1,5.6,16.40625,58.0,14.0,21.0,1.0,30,1.0,1,0.0
C2,56,-0.032368421052631546,210.29999999999998,121.5,1,30.4,16.40625,124.0,76.0,21.0,1.0,30,3.0,2,0.0
C2,57,0.21427469901055937,107.30000000000001,63.1,1,14.4,16.40625,58.0,36.0,21.0,1.0,30,3.0,0,0.0
C2,58,0.7357051036998907,33.8,27.0,1,4.8,16.40625,23.0,12.0,21.0,1.0,30,2.0,1,0.0
C2,59,0.8567577352788383,18.1,17.8,1,4.8,16.40625,14.0,12.0,21.0,1.0,30,3.0,1,0.0
C2,60,0.8534405798950884,18.1,17.7,1,4.0,16.40625,15.0,10.0,21.0,1.0,30,2.0,2,0.0
C2,61,0.26643335246050825,84.6,47.300000000000004,1,12.0,16.40625,45.0,30.0,21.0,1.0,30,3.0,2,0.0
C2,62,0.756076050982396,33.099999999999994,26.5,1,8.4,16.40625,27.0,21.0,21.0,1.0,30,3.0,1,0.0
C2,63,0.6551988579999399,44.6,34.5,1,8.4,16.40625,30.0,21.0,21.0,1.0,30,3.0,1,0.0
C2,64,0.7352197450439686,32.9,26.9,1,2.8,16.40625,25.0,7.0,21.0,1.0,30,1.0,2,0.0
C2,65,0.843222663187408,18.0,17.6,1,1.6,16.40625,13.0,4.0,21.0,1.0,30,1.0,2,0.0
C2,66,0.7390990468362484,33.6,27.900000000000002,1,5.2,16.40625,23.0,13.0,21.0,1.0,30,2.0,2,0.0
C2,67,0.0460526315789474,180.5,103.9,1,22.0,16.40625,95.0,55.0,21.0,1.0,30,3.0,1,0.0
C2,68,-0.03203710084213893,191.39999999999998,102.8,1,7.2,16.40625,95.0,18.0,21.0,1.0,30,1.0,2,0.0
C2,69,0.14444992402923085,121.30000000000001,71.5,1,5.2,16.40625,63.0,13.0,21.0,1.0,30,1.0,2,0.0
C2,70,-0.04022248208683435,195.1,112.3,1,7.6,16.40625,111.0,19.0,21.0,1.0,30,1.0,1,0.0
C2,71,-0.04379997166374214,200.4,118.5,1,10.4,16.40625,124.0,26.0,21.0,1.0,30,1.0,1,0.0
C2,72,0.004401524955044672,187.5,103.7,1,14.8,16.40625,95.0,37.0,21.0,1.0,30,2.0,1,0.0
C2,73,0.6342867397388308,44.6,36.0,1,3.2,16.40625,32.0,8.0,21.0,1.0,30,1.0,1,0.0
C2,74,0.13973684210526316,144.9,91.30000000000001,1,20.0,16.40625,83.0,50.0,21.0,1.0,30,3.0,2,0.0
C2,75,-0.03850353977556639,205.5,116.1,1,16.4,16.40625,108.0,41.0,21.0,1.0,30,2.0,0,0.0
C2,76,0.2660493245609745,79.3,46.5,1,8.0,16.40625,46.0,20.0,21.0,1.0,30,2.0,2,0.0
C2,77,0.10848522532634886,147.5,95.2,1,14.4,16.40625,82.0,36.0,21.0,1.0,30,2.0,0,0.0
C2,78,0.16405675431694033,131.1,79.9,1,19.2,16.40625,70.0,48.0,21.0,1.0,30,3.0,0,0.0
C2,79,0.09297440581443661,143.3,89.0,1,6.8,16.40625,84.0,17.0,21.0,1.0,30,1.0,2,0.0
C2,80,0.11414622642099267,137.6,90.0,1,8.4,16.40625,71.0,21.0,21.0,1.0,30,1.0,1,0.0
C2,81,0.28659847463193056,65.4,51.0,1,4.0,16.40625,50.0,10.0,21.0,1.0,30,1.0,1,0.0
C2,82,0.7456897440901857,33.4,26.8,1,6.4,16.40625,20.0,16.0,21.0,1.0,30,3.0,2,0.0
C2,83,0.843222663187408,19.900000000000002,18.2,1,1.6,16.40625,5.0,4.0,21.0,1.0,30,2.0,0,0.0
C2,84,0.8483776397808107,18.3,17.7,1,2.8,16.40625,12.0,7.0,21.0,1.0,30,2.0,1,0.0
C2,85,0.8616357506885648,18.0,17.7,1,6.0,16.40625,16.0,15.0,21.0,1.0,30,3.0,0,0.0
C2,86,0.8632336037393085,18.0,17.7,1,6.4,16.40625,18.0,16.0,21.0,1.0,30,3.0,1,0.0
C2,87,0.843222663187408,18.0,17.6,1,1.6,16.40625,10.0,4.0,21.0,1.0,30,1.0,2,0.0
C2,88,0.8600234727923319,18.3,17.8,1,5.6,16.40625,15.0,14.0,21.0,1.0,30,3.0,2,0.0
C2,89,0.8567577352788383,18.2,17.8,1,4.8,16.40625,14.0,12.0,21.0,1.0,30,3.0,1,0.0
C2,90,0.6641844064673916,18.1,17.7,1,1.6,16.40625,12.0,4.0,21.0,1.0,90,1.0,0,0.0
C2,91,0.5541517104744899,32.7,27.3,1,3.2,16.40625,27.0,8.0,21.0,1.0,90,1.0,0,0.0
C2,92,0.6641844064673916,18.3,17.8,1,1.6,16.40625,11.0,4.0,21.0,1.0,90,1.0,2,0.0
C2,93,0.6652003871959242,18.2,17.8,1,2.8,16.40625,11.0,7.0,21.0,1.0,90,2.0,1,0.0
C2,94,0.6648537330978317,17.9,17.6,1,2.4,16.40625,18.0,6.0,21.0,1.0,90,1.0,1,0.0
C2,95,0.6659183675801024,17.9,17.7,1,3.6,16.40625,16.0,9.0,21.0,1.0,90,2.0,0,0.0
C2,96,0.547688318989189,33.7,27.3,1,5.6,16.40625,20.0,14.0,21.0,1.0,90,3.0,1,0.0
C2,97,0.6645151185065423,17.9,17.7,1,2.0,16.40625,14.0,5.0,21.0,1.0,90,1.0,0,0.0
C2,98,0.6645151185065423,18.3,17.8,1,2.0,16.40625,14.0,5.0,21.0,1.0,90,1.0,1,0.0
C2,99,0.6638614604365336,18.2,18.0,1,1.2,16.40625,4.0,3.0,21.0,1.0,90,3.0,1,0.0
C2,100,0.4003882500542819,50.0,17.6,1,0.8,16.40625,4.0,2.0,21.0,1.0,90,1.0,0,0.0
C2,101,0.6682797526248165,18.0,17.6,1,6.0,16.40625,16.0,15.0,21.0,1.0,90,3.0,1,0.0
C2,102,0.40070356569969146,50.0,17.6,1,1.2,16.40625,5.0,3.0,21.0,1.0,90,1.0,1,0.0
C2,103,0.40070356569969146,50.0,17.8,1,1.2,16.40625,4.0,3.0,21.0,1.0,90,2.0,0,0.0
C2,104,0.40070356569969146,50.0,17.5,1,1.2,16.40625,2.0,3.0,21.0,1.0,90,3.0,2,0.0
C2,105,0.6641844064673916,18.5,17.6,1,1.6,16.40625,4.0,4.0,21.0,1.0,90,3.0,0,0.0
C2,106,0.6666701724931865,18.0,17.7,1,4.4,16.40625,18.0,11.0,21.0,1.0,90,2.0,1,0.0
C2,107,0.666289972053633,18.1,17.8,1,4.0,16.40625,12.0,10.0,21.0,1.0,90,3.0,0,0.0
C2,108,0.4003882500542819,50.0,17.8,1,0.8,16.40625,2.0,2.0,21.0,1.0,90,3.0,0,0.0
C2,109,0.40070356569969146,50.0,17.9,1,1.2,16.40625,7.0,3.0,21.0,1.0,90,1.0,0,0.0
C2,110,0.4003882500542819,50.0,17.7,1,0.8,16.40625,1.0,2.0,21.0,1.0,90,3.0,1,0.0
C2,111,0.6490642594136211,21.8,17.9,1,2.4,16.40625,14.0,6.0,21.0,1.0,90,1.0,0,0.0
C2,112,0.4003882500542819,50.0,17.6,1,0.8,16.40625,6.0,2.0,21.0,1.0,90,1.0,1,0.0
C2,113,0.40135722376970023,50.0,17.7,1,2.0,16.40625,3.0,5.0,21.0,1.0,90,3.0,0,0.0
C2,114,0.4000804301987622,50.0,17.8,1,0.4,16.40625,2.0,1.0,21.0,1.0,90,2.0,0,0.0
C2,115,0.40102651173054954,50.0,18.1,1,1.6,16.40625,6.0,4.0,21.0,1.0,90,1.0,0,0.0
C2,116,0.6641844064673916,18.2,17.8,1,1.6,16.40625,12.0,4.0,21.0,1.0,90,1.0,1,0.0
C2,117,0.6641844064673916,19.2,18.0,1,1.6,16.40625,4.0,4.0,21.0,1.0,90,3.0,1,0.0
C2,118,0.40102651173054954,50.0,17.6,1,1.6,16.40625,4.0,4.0,21.0,1.0,90,2.0,2,0.0
C2,119,0.4003882500542819,50.0,17.5,1,0.8,16.40625,2.0,2.0,21.0,1.0,90,2.0,2,0.0
C2,120,0.4003882500542819,50.0,17.6,1,0.8,16.40625,3.0,2.0,21.0,1.0,90,1.0,0,0.0
C2,121,0.5542275147173416,33.099999999999994,26.8,1,6.8,16.40625,21.0,17.0,21.0,1.0,90,3.0,0,0.0
C2,122,0.6652003871959242,18.0,17.8,1,2.8,16.40625,8.0,7.0,21.0,1.0,90,3.0,1,0.0
C2,123,0.40070356569969146,50.0,17.8,1,1.2,16.40625,8.0,3.0,21.0,1.0,90,1.0,0,0.0
C2,124,0.4003882500542819,50.0,17.8,1,0.8,16.40625,5.0,2.0,21.0,1.0,90,1.0,0,0.0
C2,125,0.6641844064673916,18.2,17.8,1,1.6,16.40625,10.0,4.0,21.0,1.0,90,1.0,0,0.0
C2,126,0.6655552192464198,18.1,17.8,1,3.2,16.40625,13.0,8.0,21.0,1.0,90,2.0,0,0.0
C2,127,0.6648537330978317,18.0,17.7,1,2.4,16.40625,11.0,6.0,21.0,1.0,90,2.0,1,0.0
C2,128,0.40070356569969146,50.0,18.0,1,1.2,16.40625,9.0,3.0,21.0,1.0,90,1.0,0,0.0
C2,129,0.6655552192464198,19.400000000000002,18.2,1,3.2,16.40625,12.0,8.0,21.0,1.0,90,2.0,0,0.0
C2,130,0.8534405798950884,18.1,17.9,1,4.0,16.40625,10.0,10.0,21.0,1.0,30,3.0,0,0.0
C2,131,0.8466688412521486,19.5,17.9,1,2.4,16.40625,18.0,6.0,21.0,1.0,30,1.0,1,0.0
C2,132,0.8534405798950884,18.2,17.7,1,4.0,16.40625,11.0,10.0,21.0,1.0,30,3.0,1,0.0
C2,133,0.8551053220002116,18.0,17.8,1,4.4,16.40625,13.0,11.0,21.0,1.0,30,3.0,0,0.0
C2,134,0.5765839711106497,50.0,18.1,1,0.8,16.40625,4.0,2.0,21.0,1.0,30,2.0,2,0.0
C2,135,0.843222663187408,18.1,17.7,1,1.6,16.40625,7.0,4.0,21.0,1.0,30,2.0,1,0.0
C2,136,0.733175497438808,33.9,26.200000000000003,1,4.4,16.40625,24.0,11.0,21.0,1.0,30,2.0,2,0.0
C2,137,0.843222663187408,18.4,17.8,1,1.6,16.40625,11.0,4.0,21.0,1.0,30,1.0,1,0.0
C2,138,0.5783284365275948,50.0,17.8,1,1.2,16.40625,8.0,3.0,21.0,1.0,30,1.0,1,0.0
C2,139,0.8326963473979343,21.2,18.1,1,1.6,16.40625,13.0,4.0,21.0,1.0,30,1.0,1,0.0
C2,140,0.843222663187408,18.599999999999998,18.0,1,1.6,16.40625,7.0,4.0,21.0,1.0,30,2.0,2,0.0
C2,141,0.8405643756719308,20.5,18.0,1,2.0,16.40625,16.0,5.0,21.0,1.0,30,1.0,0,0.0
C2,142,0.8422828763398678,20.5,17.9,1,2.4,16.40625,6.0,6.0,21.0,1.0,30,3.0,2,0.0
C2,143,0.8449503405842114,19.2,17.9,1,2.0,16.40625,15.0,5.0,21.0,1.0,30,1.0,0,0.0
C2,144,0.5765839711106497,50.0,17.7,1,0.8,16.40625,3.0,2.0,21.0,1.0,30,1.0,2,0.0
C2,145,0.8551053220002116,17.9,17.7,1,4.4,16.40625,12.0,11.0,21.0,1.0,30,3.0,1,0.0
C2,146,0.8483776397808107,18.2,17.8,1,2.8,16.40625,12.0,7.0,21.0,1.0,30,2.0,0,0.0
C2,147,0.8466688412521486,18.1,17.7,1,2.4,16.40625,7.0,6.0,21.0,1.0,30,3.0,0,0.0
C2,148,0.5765839711106497,50.0,18.1,1,0.8,16.40625,7.0,2.0,21.0,1.0,30,1.0,1,0.0
C2,149,0.843222663187408,18.5,17.8,1,1.6,16.40625,14.0,4.0,21.0,1.0,30,1.0,1,0.0
C2,150,0.841486331264437,18.0,17.6,1,1.2,16.40625,6.0,3.0,21.0,1.0,30,2.0,2,0.0
C2,151,0.7418454545770838,33.099999999999994,26.1,1,4.8,16.40625,22.0,12.0,21.0,1.0,30,2.0,0,0.0
C2,152,0.5783284365275948,50.0,17.8,1,1.2,16.40625,8.0,3.0,21.0,1.0,30,1.0,2,0.0
C2,153,0.8500762134230411,18.1,17.8,1,3.2,16.40625,13.0,8.0,21.0,1.0,30,2.0,2,0.0
C2,154,0.8449503405842114,18.1,17.7,1,2.0,16.40625,7.0,5.0,21.0,1.0,30,2.0,1,0.0
C2,155,0.8466688412521486,18.1,17.7,1,2.4,16.40625,10.0,6.0,21.0,1.0,30,2.0,2,0.0
C2,156,0.8483776397808107,17.9,17.7,1,2.8,16.40625,12.0,7.0,21.0,1.0,30,2.0,0,0.0
C2,157,0.843222663187408,18.3,17.8,1,1.6,16.40625,12.0,4.0,21.0,1.0,30,1.0,1,0.0
C2,158,0.6940263352002114,18.3,17.8,1,2.0,16.40625,11.0,5.0,21.0,1.0,70,1.0,0,0.0
C2,159,0.6940263352002114,18.3,17.7,1,2.0,16.40625,8.0,5.0,21.0,1.0,70,2.0,1,0.0
C2,160,0.7006861961390762,17.9,17.6,1,4.8,16.40625,14.0,12.0,21.0,1.0,70,3.0,1,0.0
C2,161,0.7048152805918526,18.0,17.6,1,6.4,16.40625,19.0,16.0,21.0,1.0,70,3.0,1,0.0
C2,162,0.6940263352002114,18.1,17.7,1,2.0,16.40625,14.0,5.0,21.0,1.0,70,1.0,1,0.0
C2,163,0.7058847962659864,18.2,17.8,1,6.8,16.40625,19.0,17.0,21.0,1.0,70,3.0,0,0.0
C2,164,0.4290954344073689,50.0,17.8,1,1.2,16.40625,4.0,3.0,21.0,1.0,70,2.0,2,0.0
C2,165,0.4290954344073689,50.0,18.1,1,1.2,16.40625,4.0,3.0,21.0,1.0,70,2.0,1,0.0
C2,166,0.584453034649559,32.7,25.8,1,2.8,16.40625,27.0,7.0,21.0,1.0,70,1.0,2,0.0
C2,167,0.4290954344073689,50.0,17.8,1,1.2,16.40625,9.0,3.0,21.0,1.0,70,1.0,2,0.0
C2,168,0.6977445678438781,18.5,17.8,1,3.6,16.40625,10.0,9.0,21.0,1.0,70,3.0,0,0.0
C2,169,0.6949342494879829,18.8,17.8,1,2.4,16.40625,17.0,6.0,21.0,1.0,70,1.0,1,0.0
C2,170,0.4282301737168955,50.0,17.6,1,0.8,16.40625,4.0,2.0,21.0,1.0,70,1.0,0,0.0
C2,171,0.6987104359868719,17.9,17.6,1,4.0,16.40625,17.0,10.0,21.0,1.0,70,2.0,0,0.0
C2,172,0.7027210189426429,18.2,17.8,1,5.6,16.40625,17.0,14.0,21.0,1.0,70,3.0,2,0.0
C2,173,0.6977445678438781,17.8,17.6,1,3.6,16.40625,10.0,9.0,21.0,1.0,70,3.0,0,0.0
C2,174,0.6940263352002114,18.0,17.6,1,2.0,16.40625,6.0,5.0,21.0,1.0,70,2.0,2,0.0
C2,175,0.6931327226609154,18.3,17.7,1,1.6,16.40625,13.0,4.0,21.0,1.0,70,1.0,1,0.0
C2,176,0.6987104359868719,18.2,17.8,1,4.0,16.40625,18.0,10.0,21.0,1.0,70,2.0,0,0.0
C2,177,0.4299748279240733,50.0,17.7,1,1.6,16.40625,8.0,4.0,21.0,1.0,70,1.0,0,0.0
C2,178,0.7048152805918526,18.2,17.8,1,6.4,16.40625,18.0,16.0,21.0,1.0,70,3.0,2,0.0
C2,179,0.6996909593573912,18.0,17.8,1,4.4,16.40625,12.0,11.0,21.0,1.0,70,3.0,2,0.0
C2,180,0.6949342494879829,18.4,17.9,1,2.4,16.40625,6.0,6.0,21.0,1.0,70,3.0,2,0.0
C2,181,0.4863942279602737,44.900000000000006,35.7,1,6.4,16.40625,31.0,16.0,21.0,1.0,70,2.0,1,0.0
C2,182,0.6940263352002114,18.700000000000003,17.9,1,2.0,16.40625,8.0,5.0,21.0,1.0,70,2.0,2,0.0
C2,183,-0.07488274854067581,145.1,91.80000000000001,1,5.2,16.40625,82.0,13.0,21.0,1.0,70,1.0,2,0.0
C2,184,-0.2069904954219221,210.0,116.5,1,17.6,16.40625,109.0,44.0,21.0,1.0,70,2.0,0,0.0
C2,185,-0.1865139618270249,197.4,112.3,1,14.0,16.40625,108.0,35.0,21.0,1.0,70,2.0,0,0.0
C2,186,0.5765582978074538,33.6,25.4,1,2.8,16.40625,25.0,7.0,21.0,1.0,70,1.0,2,0.0
C2,187,0.4890258069076422,44.6,35.4,1,6.4,16.40625,33.0,16.0,21.0,1.0,70,2.0,1,0.0
C2,188,0.10385821709264942,79.60000000000001,48.2,1,7.6,16.40625,48.0,19.0,21.0,1.0,70,2.0,0,0.0
C2,189,0.03977360701790411,107.5,62.300000000000004,1,10.8,16.40625,59.0,27.0,21.0,1.0,70,2.0,0,0.0
C2,190,0.039851685389712385,117.9,71.2,1,18.8,16.40625,68.0,47.0,21.0,1.0,70,3.0,0,0.0
C2,191,0.07435197974951038,92.1,49.0,1,8.8,16.40625,42.0,22.0,21.0,1.0,70,2.0,0,0.0
C2,192,-0.023943499891770248,147.5,95.5,1,22.4,16.40625,84.0,56.0,21.0,1.0,70,3.0,1,0.0
C2,193,0.5906028049435494,32.9,27.099999999999998,1,6.0,16.40625,26.0,15.0,21.0,1.0,70,2.0,2,0.0
C2,194,0.5897256119610934,33.0,26.700000000000003,1,6.0,16.40625,28.0,15.0,21.0,1.0,70,2.0,0,0.0
C2,195,-0.042859399933772635,141.8,90.89999999999999,1,13.2,16.40625,83.0,33.0,21.0,1.0,70,2.0,2,0.0
C2,196,-0.021311304136916787,142.3,91.80000000000001,1,19.6,16.40625,84.0,49.0,21.0,1.0,70,3.0,1,0.0
C2,197,0.13356250606529987,69.6,46.5,1,8.8,16.40625,48.0,22.0,21.0,1.0,70,2.0,1,0.0
C2,198,0.012142028070535715,118.0,70.0,1,10.8,16.40625,69.0,27.0,21.0,1.0,70,2.0,0,0.0
C2,199,0.695856543421489,18.2,17.6,1,2.8,16.40625,11.0,7.0,21.0,1.0,70,2.0,2,0.0
C2,200,0.050902462580720134,95.8,49.3,1,3.6,16.40625,44.0,9.0,21.0,1.0,70,1.0,2,0.0
C2,201,0.08622663814528099,86.3,49.6,1,7.6,16.40625,41.0,19.0,21.0,1.0,70,2.0,2,0.0
C2,202,0.5894154970733592,32.800000000000004,28.299999999999997,1,5.2,16.40625,23.0,13.0,21.0,1.0,70,2.0,1,0.0
C2,203,0.667665385190602,33.300000000000004,27.0,1,8.4,16.40625,28.0,21.0,21.0,1.0,50,3.0,1,0.0
C2,204,0.6457933441440409,32.9,26.1,1,2.4,16.40625,28.0,6.0,21.0,1.0,50,1.0,2,0.0
C2,205,0.5944622101787034,39.5,32.2,1,4.0,16.40625,34.0,10.0,21.0,1.0,50,1.0,1,0.0
C2,206,0.5738488835201004,44.8,34.5,1,10.0,16.40625,39.0,25.0,21.0,1.0,50,3.0,0,0.0
C2,207,0.5685470696578981,44.4,34.0,1,8.0,16.40625,30.0,20.0,21.0,1.0,50,3.0,0,0.0
C2,208,0.5555504021279942,47.7,34.9,1,11.6,16.40625,38.0,29.0,21.0,1.0,50,3.0,2,0.0
C2,209,0.5510418659762408,47.4,36.900000000000006,1,10.0,16.40625,30.0,25.0,21.0,1.0,50,3.0,1,0.0
C2,210,0.6608349315068043,32.7,26.200000000000003,1,5.6,16.40625,28.0,14.0,21.0,1.0,50,2.0,1,0.0
C2,211,0.10851610103394166,127.2,79.39999999999999,1,20.4,16.40625,75.0,51.0,21.0,1.0,50,3.0,1,0.0
C2,212,0.6659109992256897,33.5,26.700000000000003,1,8.4,16.40625,28.0,21.0,21.0,1.0,50,3.0,0,0.0
C2,213,0.5511970909190136,33.300000000000004,26.5,1,5.6,16.40625,29.0,14.0,21.0,1.0,90,2.0,0,0.0
C2,214,0.42878891822611354,47.4,35.9,1,6.8,16.40625,35.0,17.0,21.0,1.0,90,2.0,2,0.0
C2,215,0.4542487185151182,44.6,35.4,1,7.6,16.40625,30.0,19.0,21.0,1.0,90,3.0,0,0.0
C2,216,0.45016791415174556,45.400000000000006,35.9,1,10.0,16.40625,38.0,25.0,21.0,1.0,90,3.0,0,0.0
C2,217,-0.01770812451090953,111.69999999999999,66.19999999999999,1,8.4,16.40625,61.0,21.0,21.0,1.0,90,2.0,2,0.0
C2,218,0.5604497702259326,32.599999999999994,27.099999999999998,1,8.4,16.40625,28.0,21.0,21.0,1.0,90,3.0,2,0.0
C2,219,0.5555830558312943,32.800000000000004,26.3,1,5.6,16.40625,29.0,14.0,21.0,1.0,90,2.0,1,0.0
C2,220,0.4608144222836436,43.3,34.7,1,2.8,16.40625,30.0,7.0,21.0,1.0,90,1.0,1,0.0
C2,221,-0.07824927348715122,141.2,92.1,1,19.2,16.40625,83.0,48.0,21.0,1.0,90,3.0,2,0.0
C2,222,0.15643335246050824,126.4,78.3,1,12.0,16.40625,74.0,30.0,21.0,1.0,30,2.0,0,0.0
C2,223,0.16491751285601244,128.20000000000002,80.10000000000001,1,16.4,16.40625,72.0,41.0,21.0,1.0,30,3.0,0,0.0
C2,224,-0.08344726114948592,216.0,116.1,1,10.8,16.40625,113.0,27.0,21.0,1.0,30,1.0,2,0.0
C2,225,0.016578947368421068,188.5,93.60000000000001,2,33.6,16.40625,155.0,84.0,21.0,1.0,30,3.0,0,0.0
C2,226,0.16453013413398604,117.0,63.1,2,7.4,16.015625,141.0,37.0,41.0,1.0,30,1.0,2,0.0
C2,227,0.14981643084990193,121.39999999999999,63.8,2,6.6,16.015625,133.0,33.0,41.0,1.0,30,1.0,2,0.0
C2,228,0.1648164308499019,115.7,61.800000000000004,2,6.6,16.015625,137.0,33.0,41.0,1.0,30,1.0,1,0.0
C2,229,0.1907091282809784,118.6,64.4,2,16.6,16.015625,123.0,83.0,41.0,1.0,30,3.0,1,0.0
C2,230,0.19104413732215395,115.9,63.8,2,14.2,16.015625,115.0,71.0,41.0,1.0,30,3.0,0,0.0
C2,231,0.171959668249982,120.5,68.3,2,12.0,16.015625,144.0,60.0,41.0,1.0,30,2.0,2,0.0
C2,232,0.21695149115904555,111.0,61.800000000000004,2,19.2,16.015625,152.0,96.0,41.0,1.0,30,3.0,1,0.0
C2,233,0.18532580297394904,123.5,66.10000000000001,2,19.8,16.015625,159.0,99.0,41.0,1.0,30,3.0,1,0.0
C2,234,-0.009784037157287373,110.60000000000001,59.9,2,12.2,16.015625,131.0,61.0,41.0,1.0,90,2.0,1,0.0
C2,235,-0.016487722243655495,109.60000000000001,60.199999999999996,2,4.4,16.015625,135.0,22.0,41.0,1.0,90,1.0,0,0.0
C2,236,-0.021199307916068555,120.3,65.5,2,20.2,16.40625,155.0,101.0,42.0,1.0,90,3.0,0,0.0
C2,237,-0.038797140604130365,119.1,64.19999999999999,2,7.0,16.015625,157.0,35.0,41.0,1.0,90,1.0,1,0.0
C2,238,-0.06851386678608207,132.70000000000002,71.7,1,17.0,16.015625,136.0,85.0,41.0,1.0,90,3.0,1,0.0
C2,239,-0.23713043444123838,203.5,112.10000000000001,1,21.6,16.40625,137.0,54.0,21.0,1.0,90,2.0,2,0.0
C2,240,-0.29541378778122995,218.6,118.7,1,11.2,16.40625,133.0,28.0,21.0,1.0,90,1.0,1,0.0
C2,241,-0.25541380145566034,202.4,111.9,1,9.2,16.40625,127.0,23.0,21.0,1.0,90,1.0,1,0.0
C2,242,-0.2361505445598442,200.9,111.3,1,18.8,16.40625,122.0,47.0,21.0,1.0,90,2.0,2,0.0
C2,243,-0.22772295769767764,198.0,109.7,1,19.2,16.40625,117.0,48.0,21.0,1.0,90,2.0,2,0.0
C2,244,-0.2227675645939094,203.3,116.5,1,27.2,16.40625,118.0,68.0,21.0,1.0,90,3.0,2,0.0
C2,245,-0.20285939679615855,202.6,112.8,1,33.2,16.40625,134.0,83.0,21.0,1.0,90,3.0,1,0.0
C2,246,-0.27596184377270777,211.0,112.9,1,10.8,16.40625,132.0,27.0,21.0,1.0,90,1.0,1,0.0
C2,247,-0.18308140558276625,187.0,103.5,1,26.0,17.1875,99.0,65.0,22.0,1.0,90,3.0,2,0.0
C2,248,0.6674569236982506,17.9,17.7,1,5.2,16.40625,14.0,13.0,21.0,1.0,90,3.0,2,0.0
C2,249,0.6648537330978317,18.4,17.8,1,2.4,16.40625,19.0,6.0,21.0,1.0,90,1.0,0,0.0
C2,250,0.022469323927112886,115.5,71.7,1,12.0,16.40625,66.0,30.0,21.0,1.0,70,2.0,1,0.0
C2,251,-0.1610801986196833,190.89999999999998,110.9,1,16.4,16.40625,114.0,41.0,21.0,1.0,70,2.0,1,0.0
C2,252,-0.20864744561367476,201.9,111.3,1,10.8,16.40625,143.0,27.0,21.0,1.0,70,1.0,2,0.0
C2,253,-0.1715750788391387,203.6,114.8,1,22.4,16.40625,115.0,56.0,21.0,1.0,70,2.0,1,0.0
C2,254,-0.14773886796945018,202.2,112.4,1,27.2,16.40625,130.0,68.0,21.0,1.0,70,3.0,0,0.0
C2,255,0.031129120733023236,105.6,71.8,1,6.0,16.40625,70.0,15.0,21.0,1.0,70,1.0,1,0.0
C2,256,-0.21984738711893081,211.10000000000002,112.10000000000001,1,14.8,16.40625,100.0,37.0,21.0,1.0,70,2.0,0,0.0
C2,257,-0.011514659758288526,128.89999999999998,81.19999999999999,1,12.4,16.40625,73.0,31.0,21.0,1.0,70,2.0,0,0.0
C2,258,-0.1536345821763464,205.1,116.3,1,27.6,16.40625,113.0,69.0,21.0,1.0,70,3.0,1,0.0
C2,259,-0.04621419603817567,144.6,92.0,1,14.4,16.40625,81.0,36.0,21.0,1.0,70,2.0,1,0.0
C2,260,0.01222010644234399,128.39999999999998,78.5,1,18.8,16.40625,79.0,47.0,21.0,1.0,70,3.0,1,0.0
C2,261,-0.20937836162875018,197.8,109.2,1,6.8,16.40625,124.0,17.0,21.0,1.0,70,1.0,1,0.0
C2,262,-0.11863434187507094,184.10000000000002,101.2,1,22.8,17.1875,92.0,57.0,22.0,1.0,70,3.0,0,0.0
C2,263,0.4653415963813264,47.300000000000004,34.6,1,6.4,16.40625,31.0,16.0,21.0,1.0,70,2.0,2,0.0
C2,264,-0.20755508979329257,196.3,99.8,1,6.0,16.40625,94.0,15.0,21.0,1.0,70,1.0,1,0.0
C2,265,0.5907801928725545,33.0,27.099999999999998,1,6.4,16.40625,20.0,16.0,21.0,1.0,70,3.0,0,0.0
C2,266,0.5964429591184198,32.599999999999994,26.599999999999998,1,7.2,16.40625,24.0,18.0,21.0,1.0,70,3.0,2,0.0
C2,267,0.6949342494879829,18.1,17.7,1,2.4,16.40625,6.0,6.0,21.0,1.0,70,3.0,0,0.0
C2,268,0.05004245445526055,106.0,63.1,1,12.8,16.40625,51.0,32.0,21.0,1.0,70,3.0,0,0.0
C2,269,0.02995478416477068,116.7,73.2,1,15.2,16.40625,65.0,38.0,21.0,1.0,70,3.0,1,0.0
C2,270,-0.1921242740310205,194.70000000000002,110.7,1,10.0,16.40625,90.0,25.0,21.0,1.0,70,1.0,0,0.0
C2,271,-0.02388308081092011,133.6,82.0,1,12.4,16.40625,77.0,31.0,21.0,1.0,70,2.0,0,0.0
C2,272,-0.11219437871411542,182.9,104.7,1,23.6,16.40625,98.0,59.0,21.0,1.0,70,3.0,2,0.0
C2,273,-0.008051210242485923,142.7,92.8,1,23.2,16.40625,88.0,58.0,21.0,1.0,70,3.0,1,0.0
C2,274,-0.12318070909550113,202.3,114.2,1,32.8,17.1875,139.0,82.0,22.0,1.0,70,3.0,0,0.0
C2,275,0.49428896480237905,44.0,35.5,1,6.4,16.40625,31.0,16.0,21.0,1.0,70,2.0,2,0.0
C2,276,0.16687994446479248,119.8,76.1,1,10.0,16.40625,63.0,25.0,21.0,1.0,30,2.0,1,0.0
C2,277,0.11010532200021164,133.1,76.89999999999999,1,4.4,16.40625,70.0,11.0,21.0,1.0,30,1.0,1,0.0
C2,278,-0.009210526315789502,201.5,115.3,1,28.4,16.40625,396.0,71.0,21.0,1.0,30,1.0,2,0.0
C2,279,-0.04666142944081411,208.6,116.7,1,56.4,16.40625,718.0,141.0,21.0,1.0,70,1.0,2,0.0
C2,280,0.1060526315789474,154.5,83.4,2,78.6,16.015625,1578.0,393.0,41.0,1.0,70,1.0,1,0.0
C2,281,0.0016607080212040493,101.2,51.2,5,110.53333,15.885417,1800.0,829.0,61.0,1.0,70,2.0,0,0.0
C2,282,0.005830790874770342,51.0,31.2,11,110.9,15.722656,1200.0,1800.0,161.0,1.0,70,3.0,0,0.0
C2,283,0.739738998336599,34.0,24.0,13,50.70769,15.685096,1800.0,1648.0,261.0,1.0,70,2.0,2,0.0
C2,284,0.7701706865024371,34.3,24.2,13,55.876923,15.685096,1200.0,1800.0,261.0,1.0,70,3.0,2,0.0
C2,285,0.6051467831284902,35.7,24.2,15,2.5866666,15.625,184.0,97.0,300.0,1.0,50,2.0,2,0.0
C2,286,0.6379866516294554,34.0,23.900000000000002,15,2.8533332,15.572917,171.0,107.0,299.0,1.0,50,2.0,2,0.0
C2,287,0.6446676263826019,33.5,23.099999999999998,15,3.4133334,15.572917,164.0,128.0,299.0,1.0,50,3.0,0,0.0
C2,288,0.6466448959695055,33.4,23.599999999999998,15,3.68,15.677083,167.0,138.0,301.0,1.0,50,3.0,0,0.0
C2,289,0.6069808478457579,33.300000000000004,23.2,12,3.1733334,15.625,151.0,119.0,300.0,1.0,30,3.0,1,0.0
C2,290,-0.15660515588632817,83.8,44.8,2,10.8,16.015625,82.0,54.0,41.0,1.0,30,3.0,2,0.0
C2,291,0.20815789473684213,118.9,67.7,2,25.4,16.015625,204.0,127.0,41.0,1.0,30,3.0,2,0.0
C2,292,0.18596537160024793,117.6,65.3,2,14.0,16.40625,168.0,70.0,42.0,1.0,30,2.0,2,0.0
C2,293,0.1886595895151122,113.9,65.3,2,11.8,16.015625,140.0,59.0,41.0,1.0,30,2.0,2,0.0
C2,294,0.16530506740034262,114.3,63.2,2,5.8,16.015625,130.0,29.0,41.0,1.0,30,1.0,1,0.0
C2,295,0.16162085687402683,115.7,64.10000000000001,2,5.8,16.015625,131.0,29.0,41.0,1.0,30,1.0,0,0.0
C2,296,0.14505680332014387,122.30000000000001,67.2,2,6.0,16.015625,152.0,30.0,41.0,1.0,30,1.0,1,0.0
C2,297,-0.007631578947368378,197.7,102.2,1,26.0,16.40625,171.0,65.0,21.0,1.0,30,2.0,2,0.0
C2,298,-0.034882437013175976,199.1,114.5,1,12.0,16.40625,162.0,30.0,21.0,1.0,30,1.0,0,0.0
C2,299,-0.027631578947368396,205.3,114.1,2,33.6,16.40625,217.0,84.0,21.0,1.0,30,2.0,2,0.0
C2,300,0.1570738992452214,122.7,64.19999999999999,2,9.4,16.015625,222.0,47.0,41.0,1.0,30,1.0,1,0.0
C2,301,0.19476066047041957,108.10000000000001,61.6,2,9.2,16.015625,114.0,46.0,41.0,1.0,30,2.0,2,0.0
C2,302,0.23972795120749202,95.0,60.5,2,12.2,16.015625,100.0,61.0,41.0,1.0,30,3.0,2,0.0
C2,303,0.21157894736842106,117.6,64.8,2,25.2,16.015625,185.0,126.0,41.0,1.0,30,3.0,2,0.0
C2,304,0.16399021542370817,122.5,66.4,2,11.2,16.015625,133.0,56.0,41.0,1.0,30,2.0,2,0.0
C2,305,0.2821229745097883,65.5,38.3,2,3.0,16.015625,60.0,15.0,41.0,1.0,30,1.0,0,0.0
C2,306,0.1955263157894737,123.7,67.5,2,32.0,16.015625,226.0,160.0,41.0,1.0,30,3.0,2,0.0
C2,307,0.1822256146310638,112.3,68.1,2,8.8,16.015625,250.0,44.0,41.0,1.0,30,1.0,2,0.0
C2,308,0.1640038183445124,117.2,62.0,2,7.4,16.015625,159.0,37.0,41.0,1.0,30,1.0,2,0.0
C2,309,0.18919241717663904,117.5,64.5,2,15.0,16.015625,176.0,75.0,41.0,1.0,30,2.0,1,0.0
C2,310,0.15007966897233135,121.6,67.0,2,6.8,16.015625,181.0,34.0,41.0,1.0,30,1.0,1,0.0
C2,311,0.19431649799269604,116.2,62.6,2,15.6,16.015625,184.0,78.0,41.0,1.0,30,2.0,2,0.0
C2,312,0.17040678581505897,110.5,64.4,2,4.6,16.015625,143.0,23.0,41.0,1.0,30,1.0,2,0.0
C2,313,0.04891980138031658,111.10000000000001,62.0,2,16.4,16.015625,192.0,82.0,41.0,1.0,70,2.0,1,0.0
C2,314,-0.04304852079519364,131.6,72.3,1,7.0,16.015625,161.0,35.0,41.0,1.0,70,1.0,0,0.0
C2,315,-0.09596273156641849,208.2,118.2,1,42.4,16.40625,177.0,106.0,21.0,1.0,70,3.0,1,0.0
C2,316,-0.20700436028341335,202.7,115.8,1,12.0,16.40625,142.0,30.0,21.0,1.0,70,1.0,2,0.0
C2,317,-0.12893395764477406,200.4,115.6,1,30.4,16.40625,131.0,76.0,21.0,1.0,70,3.0,0,0.0
C2,318,-0.17237360889188585,209.60000000000002,118.1,1,26.0,16.40625,106.0,65.0,21.0,1.0,70,3.0,0,0.0
C2,319,-0.15867079975003723,211.7,119.0,1,30.4,16.40625,173.0,76.0,21.0,1.0,70,2.0,2,0.0
C2,320,-0.15510728902208165,205.0,117.2,1,27.2,16.40625,114.0,68.0,21.0,1.0,70,3.0,2,0.0
C2,321,-0.12362006935704348,201.1,115.8,1,32.0,16.40625,203.0,80.0,21.0,1.0,70,2.0,1,0.0
C2,322,0.04342105263157901,178.29999999999998,88.8,2,23.0,16.015625,170.0,115.0,41.0,1.0,30,3.0,1,0.0
C2,323,0.22342105263157894,113.10000000000001,64.69999999999999,2,20.0,16.40625,233.0,100.0,42.0,1.0,30,2.0,1,0.0
C2,324,0.1776612090413133,122.1,67.4,2,15.2,16.015625,165.0,76.0,41.0,1.0,30,2.0,0,0.0
C2,325,0.18745950864728692,116.8,67.7,2,13.8,16.40625,164.0,69.0,42.0,1.0,30,2.0,2,0.0
C2,326,0.19780344975415168,115.5,63.5,2,16.2,16.015625,183.0,81.0,41.0,1.0,30,2.0,1,0.0
C2,327,0.14322598564480338,123.30000000000001,67.0,2,6.2,16.015625,158.0,31.0,41.0,1.0,30,1.0,2,0.0
C2,328,0.15765235835839975,120.2,67.3,2,7.8,16.015625,106.0,39.0,41.0,1.0,30,2.0,0,0.0
C2,329,0.07573790938481036,111.8,58.7,2,3.8,16.015625,99.0,19.0,41.0,1.0,50,1.0,1,0.0
C2,330,0.16442813447487853,89.6,47.9,2,10.8,16.015625,73.0,54.0,41.0,1.0,50,3.0,0,0.0
C2,331,0.09444116441108683,123.60000000000001,75.6,1,17.0,16.015625,185.0,85.0,41.0,1.0,50,2.0,2,0.0
C2,332,-0.08380189919184153,181.9,104.0,1,9.6,16.40625,150.0,24.0,21.0,1.0,50,1.0,0,0.0
C2,333,-0.0896469502644694,205.8,117.2,1,22.4,17.1875,149.0,56.0,22.0,1.0,50,2.0,0,0.0
C2,334,-0.1471490803348381,205.3,120.39999999999999,1,9.2,16.40625,121.0,23.0,21.0,1.0,50,1.0,0,0.0
C2,335,-0.06364637132468118,207.4,117.4,1,30.0,17.1875,122.0,75.0,22.0,1.0,50,3.0,1,0.0
C2,336,-0.031387951511532286,201.1,113.3,1,34.8,16.40625,154.0,87.0,21.0,1.0,50,3.0,1,0.0
C2,337,-0.13808094104130303,203.2,116.9,1,10.0,16.40625,143.0,25.0,21.0,1.0,50,1.0,2,0.0
C2,338,0.06686151549981842,129.39999999999998,83.4,1,12.4,16.40625,77.0,31.0,21.0,1.0,50,2.0,1,0.0
C2,339,0.15184933760995684,134.7,82.60000000000001,1,18.0,16.40625,74.0,45.0,21.0,1.0,30,3.0,1,0.0
C2,340,0.10765505173970036,135.9,78.10000000000001,1,5.6,16.40625,75.0,14.0,21.0,1.0,30,1.0,2,0.0
C2,341,0.00449750257568271,180.4,104.7,1,9.2,16.40625,95.0,23.0,21.0,1.0,30,1.0,1,0.0
C2,342,0.08973353508729032,146.3,90.1,1,8.0,16.40625,89.0,20.0,21.0,1.0,30,1.0,2,0.0
C2,343,0.21874830271715395,104.2,62.199999999999996,1,13.2,16.40625,56.0,33.0,21.0,1.0,30,3.0,1,0.0
C2,344,0.13194742726336953,124.8,73.7,1,4.4,16.40625,69.0,11.0,21.0,1.0,30,1.0,0,0.0
C2,345,0.20609330738684983,101.5,61.400000000000006,1,7.6,16.40625,51.0,19.0,21.0,1.0,30,2.0,0,0.0
C2,346,-0.018684210526315803,205.1,119.3,1,31.2,16.40625,139.0,78.0,21.0,1.0,30,3.0,0,0.0
C2,347,0.14751719397836052,132.39999999999998,73.80000000000001,2,17.2,16.015625,135.0,86.0,41.0,1.0,30,3.0,2,0.0
C2,348,0.17882783844663794,107.30000000000001,60.8,2,4.6,16.015625,112.0,23.0,41.0,1.0,30,1.0,2,0.0
C2,349,0.17971063358735612,116.0,64.19999999999999,2,10.8,16.015625,136.0,54.0,41.0,1.0,30,2.0,2,0.0
C2,350,0.1823063813477947,115.8,56.5,2,11.4,16.015625,90.0,57.0,41.0,1.0,30,3.0,0,0.0
C2,351,0.6480877781405625,43.6,29.7,2,4.4,16.015625,46.0,22.0,41.0,1.0,30,2.0,0,0.0
C2,352,0.1793016139104448,119.9,59.3,2,13.8,16.015625,99.0,69.0,41.0,1.0,30,3.0,2,0.0
C2,353,-0.038380376823676426,191.20000000000002,101.5,1,7.6,16.40625,105.0,19.0,21.0,1.0,30,1.0,1,0.0
C2,354,0.035263157894736885,184.6,103.2,1,28.8,16.40625,125.0,72.0,21.0,1.0,30,3.0,0,0.0
C2,355,-0.06646138438159707,211.10000000000002,118.0,1,12.0,16.40625,136.0,30.0,21.0,1.0,30,1.0,0,0.0
C2,356,-0.019999999999999907,202.4,110.2,2,37.6,16.40625,153.0,94.0,21.0,1.0,30,3.0,0,0.0
C2,357,0.17447397149621902,121.5,66.0,2,13.6,16.015625,172.0,68.0,41.0,1.0,30,2.0,2,0.0
C2,358,0.6212493672831803,45.6,33.0,2,2.2,16.015625,49.0,11.0,41.0,1.0,30,1.0,2,0.0
C2,359,0.179473971496219,119.6,66.19999999999999,2,13.6,16.015625,105.0,68.0,41.0,1.0,30,3.0,1,0.0
C2,360,0.7309600154749631,32.599999999999994,22.3,2,1.2,16.015625,24.0,6.0,41.0,1.0,30,1.0,2,0.0
C2,361,0.19822605705259783,103.9,54.9,2,7.2,16.015625,81.0,36.0,41.0,1.0,30,2.0,1,0.0
C2,362,-0.003421052631578936,196.1,103.4,1,27.6,16.40625,120.0,69.0,21.0,1.0,30,3.0,2,0.0
C2,363,-0.08514559490791282,218.20000000000002,121.1,1,12.0,16.40625,124.0,30.0,21.0,1.0,30,1.0,2,0.0
C2,364,0.13973684210526316,144.9,94.8,1,22.8,16.40625,88.0,57.0,21.0,1.0,30,3.0,0,0.0
C2,365,0.24819573393847666,88.9,60.199999999999996,1,10.0,16.40625,60.0,25.0,21.0,1.0,30,2.0,1,0.0
C2,366,-0.07861604821056009,209.1,115.7,1,7.2,16.40625,113.0,18.0,21.0,1.0,30,1.0,0,0.0
C2,367,0.8466688412521486,19.3,18.1,1,2.4,16.40625,15.0,6.0,21.0,1.0,30,1.0,2,0.0
C2,368,-0.03710526315789481,212.10000000000002,119.4,1,25.6,16.40625,152.0,64.0,21.0,1.0,30,2.0,2,0.0
C2,369,-0.020263157894736816,205.7,117.0,1,22.8,16.40625,154.0,57.0,21.0,1.0,30,2.0,0,0.0
C2,370,-0.08389056510090873,209.3,118.8,1,6.0,16.40625,103.0,15.0,21.0,1.0,30,1.0,1,0.0
C2,371,-0.05851228916411039,204.9,120.2,1,9.6,16.40625,146.0,24.0,21.0,1.0,30,1.0,0,0.0
C2,372,0.10822605705259788,138.1,87.7,1,7.2,16.40625,88.0,18.0,21.0,1.0,30,1.0,2,0.0
C2,373,-0.027105263157894688,208.3,118.5,1,29.2,16.40625,123.0,73.0,21.0,1.0,30,3.0,2,0.0
C2,374,0.1302369493768298,134.8,83.9,1,10.8,16.40625,80.0,27.0,21.0,1.0,30,2.0,1,0.0
C2,375,-0.013684210526315799,203.2,115.0,1,26.8,16.40625,119.0,67.0,21.0,1.0,30,3.0,2,0.0
C2,376,-0.040072159255481604,204.4,117.9,1,14.8,16.40625,101.0,37.0,21.0,1.0,30,2.0,0,0.0
C2,377,0.1613230218204831,131.1,83.0,1,18.0,16.40625,74.0,45.0,21.0,1.0,30,3.0,2,0.0
C2,378,-0.04040875280264963,201.2,114.7,1,12.0,16.40625,141.0,30.0,21.0,1.0,30,1.0,0,0.0
C2,379,-5.551115123125783e-17,198.0,112.10000000000001,1,24.8,16.40625,109.0,62.0,21.0,1.0,30,3.0,1,0.0
C2,380,-0.02763157894736834,208.5,114.0,1,27.2,16.40625,116.0,68.0,21.0,1.0,30,3.0,0,0.0
C2,381,0.016842105263157936,191.6,109.5,1,22.4,16.40625,156.0,56.0,21.0,1.0,30,2.0,1,0.0
C2,382,-0.010789473684210404,198.9,105.5,2,28.8,16.40625,133.0,72.0,21.0,1.0,30,3.0,0,0.0
C2,383,0.18984413135627307,110.8,62.300000000000004,2,9.8,16.015625,109.0,49.0,41.0,1.0,30,2.0,0,0.0
C2,384,0.20781666630522466,94.7,54.699999999999996,2,3.6,16.015625,94.0,18.0,41.0,1.0,30,1.0,2,0.0
C2,385,0.14253024892902105,127.1,70.2,2,8.6,16.015625,111.0,43.0,41.0,1.0,30,2.0,1,0.0
C2,386,0.1700568033201439,112.8,62.5,2,6.0,16.015625,146.0,30.0,41.0,1.0,30,1.0,0,0.0
C2,387,0.19868421052631582,122.5,65.4,2,21.2,16.015625,145.0,106.0,41.0,1.0,30,3.0,2,0.0
C2,388,0.2565346012195549,89.6,56.099999999999994,2,13.0,16.015625,100.0,65.0,41.0,1.0,30,3.0,1,0.0
C2,389,0.189281532913806,117.9,62.1,2,15.4,16.015625,171.0,77.0,41.0,1.0,30,2.0,0,0.0
C2,390,0.21117019456577144,105.6,58.5,2,12.0,16.015625,145.0,60.0,41.0,1.0,30,2.0,1,0.0
C2,391,0.21026315789473685,118.1,63.6,2,30.8,16.015625,257.0,154.0,41.0,1.0,30,3.0,2,0.0
C2,392,0.19056246865833248,101.4,51.4,3,5.733333,15.885417,165.0,43.0,61.0,1.0,30,1.0,0,0.0
C2,393,0.24822262783183652,83.3,45.1,3,6.133333,15.885417,203.0,46.0,61.0,1.0,30,1.0,2,0.0
C2,394,0.24074697087392039,84.5,46.5,3,5.0666666,15.885417,176.0,38.0,61.0,1.0,30,1.0,1,0.0
C2,395,0.29618657656063996,81.0,45.199999999999996,3,19.333334,15.885417,326.0,145.0,61.0,1.0,30,2.0,0,0.0
C2,396,0.24153689971677034,89.0,46.0,3,8.266666,15.885417,129.0,62.0,61.0,1.0,30,2.0,0,0.0
C2,397,0.17033886689720334,110.10000000000001,56.9,2,6.4,16.40625,145.0,32.0,42.0,1.0,30,1.0,0,0.0
C2,398,0.15691026757891366,119.6,65.10000000000001,2,7.2,16.015625,167.0,36.0,41.0,1.0,30,1.0,0,0.0
C2,399,0.12629202929238872,128.20000000000002,64.0,2,5.2,16.015625,129.0,26.0,41.0,1.0,30,1.0,2,0.0
C2,400,0.1899150797898351,119.1,65.3,2,16.8,16.015625,190.0,84.0,41.0,1.0,30,2.0,2,0.0
C2,401,0.18940152495504467,117.2,65.0,2,14.8,16.015625,177.0,74.0,41.0,1.0,30,2.0,0,0.0
C2,402,0.1630150883152743,119.6,69.6,2,8.8,16.40625,141.0,44.0,42.0,1.0,30,1.0,1,0.0
C2,403,0.16712479042140427,110.8,53.5,2,4.0,16.015625,77.0,20.0,41.0,1.0,30,1.0,0,0.0
C2,404,0.1442339991081214,122.0,63.8,2,5.6,16.015625,118.0,28.0,41.0,1.0,30,1.0,2,0.0
C2,405,0.2068421052631579,119.4,65.3,2,22.2,16.015625,167.0,111.0,41.0,1.0,30,3.0,0,0.0
C2,406,0.17085763599996628,114.3,63.70000000000001,2,7.2,16.015625,187.0,36.0,41.0,1.0,30,1.0,2,0.0
C2,407,0.17406771989422168,115.4,64.10000000000001,2,8.8,16.015625,217.0,44.0,41.0,1.0,30,1.0,2,0.0
C2,408,0.16588040515026203,122.30000000000001,67.8,2,11.6,16.40625,254.0,58.0,42.0,1.0,30,1.0,2,0.0
C2,409,0.19486753207156549,114.9,63.0,2,14.6,16.015625,111.0,73.0,41.0,1.0,30,3.0,1,0.0
C2,410,0.07102287867289261,119.4,64.8,2,7.4,16.015625,172.0,37.0,41.0,1.0,50,1.0,1,0.0
C2,411,-0.1021825644385346,200.7,111.9,1,18.4,16.40625,110.0,46.0,21.0,1.0,50,2.0,2,0.0
C2,412,-0.14443788498477905,203.6,112.4,1,8.8,16.40625,130.0,22.0,21.0,1.0,50,1.0,0,0.0
C2,413,0.026109434899091205,167.5,111.10000000000001,1,26.0,16.40625,150.0,65.0,21.0,1.0,50,2.0,1,0.0
C2,414,-0.10835959371323356,207.6,114.4,1,19.2,16.40625,132.0,48.0,21.0,1.0,50,2.0,0,0.0
C2,415,-0.022482806021639518,200.2,114.0,1,17.2,16.40625,217.0,43.0,21.0,1.0,30,1.0,0,0.0
C2,416,-0.005263157894736914,200.0,113.5,1,27.2,16.40625,132.0,68.0,21.0,1.0,30,3.0,0,0.0
C2,417,0.2956309219031698,74.5,45.0,1,12.8,16.40625,44.0,32.0,21.0,1.0,30,3.0,0,0.0
C2,418,0.11949715700285826,131.39999999999998,84.4,1,5.6,16.40625,76.0,14.0,21.0,1.0,30,1.0,1,0.0
C2,419,-0.014999999999999958,203.7,111.5,1,22.4,17.1875,144.0,56.0,22.0,1.0,30,2.0,2,0.0
C2,420,-0.03569758213325824,205.6,116.0,1,17.6,16.40625,215.0,44.0,21.0,1.0,30,1.0,1,0.0
C2,421,0.0010526315789473606,197.6,112.5,1,28.8,16.40625,117.0,72.0,21.0,1.0,30,3.0,1,0.0
C2,422,0.02789473684210525,187.4,107.89999999999999,1,22.4,16.40625,100.0,56.0,21.0,1.0,30,3.0,1,0.0
C2,423,0.15637259279382812,118.0,72.2,1,6.0,16.40625,65.0,15.0,21.0,1.0,30,1.0,0,0.0
C2,424,-0.04903462839975198,206.9,119.1,1,14.0,16.40625,102.0,35.0,21.0,1.0,30,2.0,0,0.0
C2,425,-0.011315789473684168,202.3,114.4,1,24.4,16.40625,157.0,61.0,21.0,1.0,30,2.0,2,0.0
C2,426,0.0005263157894737636,197.8,113.60000000000001,1,23.6,16.40625,107.0,59.0,21.0,1.0,30,3.0,2,0.0
C2,427,0.1405263157894737,144.6,92.39999999999999,1,20.8,16.40625,81.0,52.0,21.0,1.0,30,3.0,1,0.0
C2,428,-0.04892355005589616,200.7,117.0,1,9.2,16.40625,113.0,23.0,21.0,1.0,30,1.0,2,0.0
C2,429,-0.004210526315789442,199.6,111.8,1,21.6,16.40625,271.0,54.0,21.0,1.0,30,1.0,1,0.0
C2,430,-0.010789473684210404,198.9,101.2,2,25.8,16.015625,148.0,129.0,41.0,1.0,30,3.0,2,0.0
C2,431,0.2086842105263158,118.7,65.9,2,30.0,16.015625,233.0,150.0,41.0,1.0,30,3.0,0,0.0
C2,432,0.19354483205344064,118.3,64.4,2,17.4,16.015625,212.0,87.0,41.0,1.0,30,2.0,0,0.0
C2,433,0.1340909963413748,124.3,66.3,2,4.6,16.015625,109.0,23.0,41.0,1.0,30,1.0,1,0.0
C2,434,0.6917231165901263,40.0,29.5,2,7.4,16.015625,47.0,37.0,41.0,1.0,30,3.0,2,0.0
C2,435,0.23947037719255349,89.39999999999999,45.1,2,8.0,16.015625,62.0,40.0,41.0,1.0,30,3.0,0,0.0
C2,436,0.18532733058950673,118.3,65.69999999999999,2,14.4,16.40625,115.0,72.0,42.0,1.0,30,3.0,2,0.0
C2,437,0.15471308192396768,117.4,64.4,2,5.2,16.015625,121.0,26.0,41.0,1.0,30,1.0,0,0.0
C2,438,-0.04192459240714544,203.6,116.5,1,16.4,17.1875,108.0,41.0,22.0,1.0,30,2.0,0,0.0
C2,439,-0.03981932924925061,206.0,119.4,1,16.4,16.40625,204.0,41.0,21.0,1.0,30,1.0,1,0.0
C2,440,0.04315789473684216,175.2,87.9,3,36.4,16.015625,217.0,182.0,41.0,1.0,30,3.0,0,0.0
C2,441,0.2102206550844467,96.10000000000001,47.6,3,5.0666666,15.625,159.0,38.0,60.0,1.0,30,1.0,2,0.0
C2,442,0.21602642306104033,102.2,49.9,3,10.8,15.885417,175.0,81.0,61.0,1.0,30,2.0,0,0.0
C2,443,0.2189852076226872,100.0,51.4,3,10.0,15.885417,123.0,75.0,61.0,1.0,30,3.0,1,0.0
C2,444,0.2166471096841768,96.9,51.1,3,7.2,15.885417,120.0,54.0,61.0,1.0,30,2.0,0,0.0
C2,445,0.7358360354503863,32.7,22.8,3,2.5333333,15.885417,33.0,19.0,61.0,1.0,30,2.0,0,0.0
C2,446,0.5926337535328503,48.0,29.7,2,2.4,16.015625,43.0,12.0,41.0,1.0,30,1.0,1,0.0
C2,447,0.6558247674749311,43.0,27.7,2,5.0,16.015625,34.0,25.0,41.0,1.0,30,3.0,1,0.0
C2,448,0.16236870833832429,122.89999999999999,62.300000000000004,1,13.6,16.015625,94.0,68.0,41.0,1.0,30,3.0,0,0.0
C2,449,0.15396368851378375,134.6,84.1,1,18.8,16.40625,78.0,47.0,21.0,1.0,30,3.0,2,0.0
C2,450,-0.04428268557127105,206.0,117.0,1,14.8,16.40625,101.0,37.0,21.0,1.0,30,2.0,2,0.0
C2,451,-0.010526028503780954,191.8,105.39999999999999,1,13.6,16.40625,91.0,34.0,21.0,1.0,30,2.0,1,0.0
C2,452,-0.034959324192097546,193.1,108.8,1,7.6,16.40625,112.0,19.0,21.0,1.0,30,1.0,1,0.0
C2,453,-0.04575984359026555,207.0,116.5,1,15.2,16.40625,193.0,38.0,21.0,1.0,30,1.0,0,0.0
C2,454,-0.02499999999999991,207.5,117.9,1,22.0,16.40625,102.0,55.0,21.0,1.0,30,3.0,0,0.0
C2,455,-0.022368421052631482,206.5,118.6,1,30.8,16.40625,193.0,77.0,21.0,1.0,30,2.0,0,0.0
C2,456,-0.051272942471028676,204.3,118.6,1,11.2,16.40625,146.0,28.0,21.0,1.0,30,1.0,2,0.0
C2,457,-0.0060526315789473095,200.3,117.1,1,22.0,16.40625,150.0,55.0,21.0,1.0,30,2.0,1,0.0
C2,458,-0.06550249742431719,207.0,118.6,1,9.2,16.40625,114.0,23.0,21.0,1.0,30,1.0,1,0.0
C2,459,-0.022368421052631482,206.5,117.3,1,28.0,16.40625,172.0,70.0,21.0,1.0,30,2.0,0,0.0
C2,460,0.009736842105263141,191.1,92.1,2,28.4,16.015625,176.0,142.0,41.0,1.0,30,3.0,2,0.0
C2,461,0.19157045311162763,115.7,65.0,2,14.2,16.40625,149.0,71.0,42.0,1.0,30,2.0,0,0.0
C2,462,0.2510954785816029,89.39999999999999,49.2,2,11.2,16.015625,87.0,56.0,41.0,1.0,30,3.0,0,0.0
C2,463,0.19938382575733038,118.0,66.8,2,19.6,16.015625,158.0,98.0,41.0,1.0,30,3.0,0,0.0
C2,464,0.058103179240348246,115.1,65.60000000000001,2,21.6,16.015625,172.0,108.0,41.0,1.0,70,3.0,0,0.0
C2,465,0.026409704560940564,120.2,67.9,2,16.8,16.015625,130.0,84.0,41.0,1.0,70,3.0,0,0.0
C2,466,-0.012945571429945513,129.20000000000002,70.1,2,12.2,16.015625,142.0,61.0,41.0,1.0,70,2.0,1,0.0
C2,467,0.055985808455234126,115.3,64.8,2,21.2,16.015625,165.0,106.0,41.0,1.0,70,3.0,1,0.0
C2,468,0.02476234776221528,126.1,70.2,1,22.6,16.015625,183.0,113.0,41.0,1.0,70,3.0,2,0.0
C2,469,-0.199755852978389,197.6,113.3,1,10.0,16.40625,140.0,25.0,21.0,1.0,70,1.0,1,0.0
C2,470,-0.1373905986471814,212.5,120.7,1,35.6,16.40625,205.0,89.0,21.0,1.0,70,2.0,2,0.0
C2,471,-0.11942381555928144,184.4,100.4,1,22.8,16.40625,92.0,57.0,21.0,1.0,70,3.0,1,0.0
C2,472,0.49072702398422885,43.6,33.8,1,3.6,16.40625,38.0,9.0,21.0,1.0,70,1.0,1,0.0
C2,473,-0.16706280870263418,188.5,104.6,1,12.8,16.40625,94.0,32.0,21.0,1.0,70,2.0,0,0.0
C2,474,0.00556308070211467,120.5,72.4,1,10.8,16.40625,64.0,27.0,21.0,1.0,70,2.0,1,0.0
C2,475,-0.21657446203165354,216.5,122.39999999999999,1,19.6,16.40625,122.0,49.0,21.0,1.0,70,2.0,1,0.0
C2,476,-0.10711409717735412,207.8,119.3,1,39.6,16.40625,163.0,99.0,21.0,1.0,70,3.0,1,0.0
C2,477,-0.22501477973434192,206.3,112.4,1,9.2,16.40625,109.0,23.0,21.0,1.0,70,1.0,0,0.0
C2,478,-0.14974202994451752,201.0,116.1,1,26.0,16.40625,118.0,65.0,21.0,1.0,70,3.0,2,0.0
C2,479,-0.2125036116191033,209.9,116.4,1,16.0,16.40625,101.0,40.0,21.0,1.0,70,2.0,0,0.0
C2,480,-0.2206885708097291,207.9,119.3,1,12.0,16.40625,152.0,30.0,21.0,1.0,70,1.0,0,0.0
C2,481,-0.0015789473684210131,198.6,110.60000000000001,1,65.2,17.1875,293.0,163.0,22.0,1.0,70,3.0,1,0.0
C2,482,-0.05526646491270959,201.4,112.60000000000001,1,48.0,16.40625,640.0,120.0,21.0,1.0,70,1.0,2,0.0
C2,483,-0.12488819436323378,200.9,112.0,1,31.6,16.40625,137.0,79.0,21.0,1.0,70,3.0,0,0.0
C2,484,-0.1310332127654124,204.6,117.3,1,32.4,16.40625,146.0,81.0,21.0,1.0,70,3.0,1,0.0
C2,485,-0.19046202817934105,196.9,107.80000000000001,1,12.4,16.40625,183.0,31.0,21.0,1.0,70,1.0,0,0.0
C2,486,-0.19230343551123547,199.6,117.3,1,14.0,16.40625,170.0,35.0,21.0,1.0,70,1.0,0,0.0
C2,487,-0.20357703478210548,198.6,114.9,1,9.6,16.40625,143.0,24.0,21.0,1.0,70,1.0,2,0.0
C2,488,-0.14934556016910233,201.5,113.10000000000001,1,26.4,16.40625,121.0,66.0,21.0,1.0,70,3.0,2,0.0
C2,489,0.04169193626493066,99.3,50.1,1,3.6,16.40625,45.0,9.0,21.0,1.0,70,1.0,0,0.0
C2,490,0.0570593804100229,94.2,52.699999999999996,1,4.4,16.40625,40.0,11.0,21.0,1.0,70,1.0,1,0.0
C2,491,-0.06377336185471899,143.3,91.0,1,7.6,17.1875,84.0,19.0,22.0,1.0,70,1.0,0,0.0
C2,492,0.6949342494879829,18.3,17.7,1,2.4,16.40625,7.0,6.0,21.0,1.0,70,2.0,0,0.0
C2,493,-0.15880591498733165,180.7,100.1,1,8.8,16.40625,99.0,22.0,21.0,1.0,70,1.0,1,0.0
C2,494,-0.19844006350470478,197.1,112.10000000000001,1,10.0,16.40625,127.0,25.0,21.0,1.0,70,1.0,1,0.0
C2,495,-0.18963524866975462,199.1,115.7,1,14.4,16.40625,188.0,36.0,21.0,1.0,70,1.0,2,0.0
C2,496,-0.02335676502144643,133.39999999999998,82.10000000000001,1,12.4,16.40625,79.0,31.0,21.0,1.0,70,2.0,2,0.0
C2,497,-0.05768100051754049,169.3,103.7,1,28.0,16.40625,125.0,70.0,21.0,1.0,70,3.0,0,0.0
C2,498,-0.13187317882863042,187.9,105.7,1,22.0,17.1875,92.0,55.0,22.0,1.0,70,3.0,1,0.0
C2,499,-0.15352834165366064,204.4,116.5,1,27.2,17.1875,171.0,68.0,22.0,1.0,70,2.0,0,0.0
C2,500,-0.21758870488750537,208.7,119.8,1,13.6,16.40625,170.0,34.0,21.0,1.0,70,1.0,1,0.0
C2,501,0.49951892854047025,44.699999999999996,35.0,1,10.4,17.1875,36.0,26.0,22.0,1.0,70,3.0,2,0.0
C2,502,0.6977445678438781,18.2,17.9,1,3.6,16.40625,8.0,9.0,21.0,1.0,70,3.0,1,0.0
C2,503,0.6940263352002114,18.2,17.5,1,2.0,16.40625,6.0,5.0,21.0,1.0,70,3.0,2,0.0
C2,504,0.695856543421489,18.4,17.8,1,2.8,16.40625,5.0,7.0,21.0,1.0,70,3.0,2,0.0
C2,505,0.6987104359868719,18.1,17.8,1,4.0,16.40625,11.0,10.0,21.0,1.0,70,3.0,1,0.0
C2,506,0.6940263352002114,18.5,17.9,1,2.0,16.40625,11.0,5.0,21.0,1.0,70,1.0,0,0.0
C2,507,0.8466688412521486,17.9,17.6,1,2.4,16.40625,6.0,6.0,21.0,1.0,30,3.0,1,0.0
C2,508,0.8517640347262772,18.0,17.7,1,3.6,16.40625,8.0,9.0,21.0,1.0,30,3.0,0,0.0
C2,509,0.8449503405842114,18.700000000000003,17.8,1,2.0,16.40625,6.0,5.0,21.0,1.0,30,3.0,0,0.0
C2,510,0.5817924458473693,50.0,17.8,1,2.0,16.40625,9.0,5.0,21.0,1.0,30,1.0,2,0.0
C2,511,0.6035849853528659,48.099999999999994,36.900000000000006,1,3.2,16.40625,36.0,8.0,21.0,1.0,30,1.0,1,0.0
C2,512,0.8449503405842114,18.0,17.7,1,2.0,16.40625,6.0,5.0,21.0,1.0,30,2.0,0,0.0
C2,513,0.8517640347262772,18.1,17.8,1,3.6,16.40625,10.0,9.0,21.0,1.0,30,3.0,0,0.0
C2,514,-0.2254133257502705,200.8,113.3,1,23.6,16.40625,104.0,59.0,21.0,1.0,90,3.0,0,0.0
C2,515,0.056880297462486615,83.0,45.8,1,7.6,16.40625,42.0,19.0,21.0,1.0,90,2.0,1,0.0
C2,516,0.02032815582602368,101.2,58.7,1,15.6,16.40625,55.0,39.0,21.0,1.0,90,3.0,0,0.0
C2,517,-0.2044884611623507,198.5,112.5,1,29.2,17.1875,128.0,73.0,22.0,1.0,90,3.0,1,0.0
C2,518,0.014692473186028732,102.1,57.5,1,13.6,16.40625,52.0,34.0,21.0,1.0,90,3.0,2,0.0
C2,519,-0.0347678213616881,117.0,77.10000000000001,1,5.6,16.40625,60.0,14.0,21.0,1.0,90,1.0,0,0.0
C2,520,-0.1901960898195511,186.70000000000002,105.7,1,22.8,16.40625,97.0,57.0,21.0,1.0,90,3.0,2,0.0
C2,521,-0.12081165127876037,206.2,116.0,1,55.6,17.1875,345.0,139.0,22.0,1.0,90,2.0,1,0.0
C2,522,-0.12322085209356815,203.0,116.0,1,53.2,17.1875,670.0,133.0,22.0,1.0,90,1.0,0,0.0
C2,523,0.6659183675801024,18.1,17.8,1,3.6,16.40625,10.0,9.0,21.0,1.0,90,3.0,0,0.0
C2,524,0.6659183675801024,18.0,17.8,1,3.6,16.40625,14.0,9.0,21.0,1.0,90,2.0,0,0.0
C2,525,0.6652003871959242,18.1,17.7,1,2.8,16.40625,11.0,7.0,21.0,1.0,90,2.0,1,0.0
C2,526,0.6655552192464198,18.2,17.7,1,3.2,16.40625,12.0,8.0,21.0,1.0,90,2.0,2,0.0
C2,527,0.5537968784239944,32.7,26.1,1,2.8,16.40625,23.0,7.0,21.0,1.0,90,1.0,2,0.0
C2,528,0.5438011015188844,33.8,25.7,1,2.4,16.40625,25.0,6.0,21.0,1.0,90,1.0,2,0.0
C2,529,0.6648537330978317,18.2,17.7,1,2.4,16.40625,6.0,6.0,21.0,1.0,90,3.0,0,0.0
C2,530,0.6645151185065423,18.1,17.8,1,2.0,16.40625,7.0,5.0,21.0,1.0,90,2.0,0,0.0
C2,531,0.4159183675801024,48.5,38.3,1,3.6,16.40625,35.0,9.0,21.0,1.0,90,1.0,1,0.0
C2,532,0.6648537330978317,18.2,17.8,1,2.4,16.40625,10.0,6.0,21.0,1.0,90,2.0,1,0.0
C2,533,0.5511630752075423,33.5,27.400000000000002,1,7.2,16.40625,23.0,18.0,21.0,1.0,90,3.0,1,0.0
C2,534,0.654535283660374,21.1,18.2,1,1.6,16.40625,7.0,4.0,21.0,1.0,90,2.0,0,0.0
C2,535,0.6645151185065423,18.1,17.7,1,2.0,16.40625,8.0,5.0,21.0,1.0,90,2.0,1,0.0
C2,536,0.5267958202609282,35.7,25.4,1,2.0,16.40625,26.0,5.0,21.0,1.0,90,1.0,1,0.0
C2,537,0.6670591094997571,18.2,17.7,1,4.8,16.40625,13.0,12.0,21.0,1.0,90,3.0,1,0.0
C2,538,0.6655552192464198,18.0,17.6,1,3.2,16.40625,9.0,8.0,21.0,1.0,90,3.0,0,0.0
C2,539,0.6648537330978317,18.1,17.8,1,2.4,16.40625,8.0,6.0,21.0,1.0,90,2.0,2,0.0
C2,540,0.4003882500542819,50.0,17.7,1,0.8,16.40625,7.0,2.0,21.0,1.0,90,1.0,1,0.0
C2,541,0.05064817367744824,84.7,49.0,1,6.0,16.40625,40.0,15.0,21.0,1.0,90,2.0,2,0.0
C2,542,0.6655552192464198,18.5,17.9,1,3.2,16.40625,13.0,8.0,21.0,1.0,90,2.0,1,0.0
C2,543,0.695856543421489,18.2,17.8,1,2.8,16.40625,7.0,7.0,21.0,1.0,70,3.0,1,0.0
C2,544,0.4290954344073689,50.0,17.8,1,1.2,16.40625,7.0,3.0,21.0,1.0,70,1.0,0,0.0
C2,545,0.695856543421489,18.3,17.9,1,2.8,16.40625,12.0,7.0,21.0,1.0,70,2.0,2,0.0
C2,546,0.6967932929551672,18.2,17.8,1,3.2,16.40625,13.0,8.0,21.0,1.0,70,2.0,1,0.0
C2,547,0.6949342494879829,18.4,17.9,1,2.4,16.40625,9.0,6.0,21.0,1.0,70,2.0,1,0.0
C2,548,0.692253329144211,18.3,17.9,1,1.2,16.40625,10.0,3.0,21.0,1.0,70,1.0,1,0.0
C2,549,0.6949342494879829,18.3,17.7,1,2.4,16.40625,6.0,6.0,21.0,1.0,70,3.0,1,0.0
C2,550,0.6967932929551672,19.7,18.1,1,3.2,16.40625,8.0,8.0,21.0,1.0,70,3.0,2,0.0
C2,551,0.590095322581776,33.2,26.700000000000003,1,6.8,16.40625,24.0,17.0,21.0,1.0,70,3.0,1,0.0
C2,552,0.4290954344073689,50.0,17.8,1,1.2,16.40625,9.0,3.0,21.0,1.0,70,1.0,0,0.0
C2,553,0.6949342494879829,18.1,17.8,1,2.4,16.40625,6.0,6.0,21.0,1.0,70,3.0,0,0.0
C2,554,0.6949342494879829,18.2,17.7,1,2.4,16.40625,11.0,6.0,21.0,1.0,70,2.0,0,0.0
C2,555,0.695856543421489,17.8,17.6,1,2.8,16.40625,7.0,7.0,21.0,1.0,70,3.0,0,0.0
C2,556,0.6987104359868719,17.9,17.7,1,4.0,16.40625,16.0,10.0,21.0,1.0,70,2.0,0,0.0
C2,557,0.7016961988277453,18.0,17.7,1,5.2,16.40625,14.0,13.0,21.0,1.0,70,3.0,2,0.0
C2,558,0.5916573858550106,32.9,27.400000000000002,1,6.4,16.40625,20.0,16.0,21.0,1.0,70,3.0,1,0.0
C2,559,0.7412377189368036,32.599999999999994,26.5,1,3.6,16.40625,28.0,9.0,21.0,1.0,30,1.0,2,0.0
C2,560,0.7273705956381136,33.6,28.6,1,2.4,16.40625,21.0,6.0,21.0,1.0,30,1.0,0,0.0
C2,561,0.25289142982413243,84.3,47.7,1,8.0,16.40625,48.0,20.0,21.0,1.0,30,2.0,0,0.0
C2,562,0.7273705956381136,33.6,27.099999999999998,1,2.4,16.40625,25.0,6.0,21.0,1.0,30,1.0,1,0.0
C2,563,0.7247749019877203,33.7,26.200000000000003,1,2.0,16.40625,25.0,5.0,21.0,1.0,30,1.0,0,0.0
C2,564,0.7291249816030256,33.4,25.8,1,2.4,16.40625,24.0,6.0,21.0,1.0,30,1.0,0,0.0
C2,565,-0.033150662390043134,205.0,116.6,1,18.0,16.40625,114.0,45.0,21.0,1.0,30,2.0,1,0.0
C2,566,-0.016315789473684228,204.2,118.0,1,22.8,16.40625,105.0,57.0,21.0,1.0,30,3.0,2,0.0
C2,567,-0.01815789473684204,201.7,112.0,2,34.4,16.40625,141.0,86.0,21.0,1.0,30,3.0,1,0.0
C2,568,0.20672772029414993,113.10000000000001,63.6,2,17.2,16.015625,138.0,86.0,41.0,1.0,30,3.0,2,0.0
C2,569,0.3316024201607529,50.8,36.1,2,5.6,16.015625,52.0,28.0,41.0,1.0,30,2.0,1,0.0
C2,570,0.7386727046511112,32.7,22.3,2,3.2,16.015625,22.0,16.0,41.0,1.0,30,3.0,1,0.0
C2,571,0.17007958874463877,113.69999999999999,63.9,2,6.6,16.015625,149.0,33.0,41.0,1.0,30,1.0,1,0.0
C2,572,0.18017878791041717,107.1,56.7,2,4.8,16.015625,97.0,24.0,41.0,1.0,30,1.0,0,0.0
C2,573,0.3274480097972703,50.7,34.5,1,6.6,16.015625,44.0,33.0,41.0,1.0,30,3.0,0,0.0
C2,574,0.7459883850730336,33.0,27.599999999999998,1,5.6,16.40625,26.0,14.0,21.0,1.0,30,2.0,0,0.0
C2,575,0.13059447810522948,129.6,83.5,1,7.2,16.40625,73.0,18.0,21.0,1.0,30,1.0,2,0.0
C2,576,-0.0021052631578946657,198.8,113.3,1,23.2,16.40625,151.0,58.0,21.0,1.0,30,2.0,2,0.0
C2,577,-0.0243690780968302,196.1,102.7,1,12.8,16.40625,80.0,32.0,21.0,1.0,30,2.0,2,0.0
C2,578,-0.05219018336805972,211.10000000000002,121.89999999999999,1,16.8,16.40625,102.0,42.0,21.0,1.0,30,2.0,1,0.0
C2,579,-0.03860454155398438,193.3,102.1,1,6.8,16.40625,80.0,17.0,21.0,1.0,30,1.0,0,0.0
C2,580,0.02921052631578941,186.9,102.4,1,21.2,16.40625,93.0,53.0,21.0,1.0,30,3.0,0,0.0
C2,581,0.023947368421052703,185.70000000000002,91.6,2,21.4,15.625,169.0,107.0,40.0,1.0,30,3.0,1,0.0
C2,582,0.14689890858330176,121.6,64.5,2,6.0,16.015625,132.0,30.0,41.0,1.0,30,1.0,2,0.0
C2,583,0.17957965588743288,121.80000000000001,67.8,2,15.6,16.015625,112.0,78.0,41.0,1.0,30,3.0,2,0.0
C2,584,0.22074606083344228,88.5,45.199999999999996,2,2.8,16.015625,67.0,14.0,41.0,1.0,30,1.0,2,0.0
C2,585,0.6606821259956805,43.0,30.5,2,6.2,16.015625,44.0,31.0,41.0,1.0,30,3.0,2,0.0
C2,586,0.16655111824521285,110.7,55.9,2,3.8,16.015625,88.0,19.0,41.0,1.0,30,1.0,2,0.0
C2,587,0.18139149847615074,105.89999999999999,63.1,1,6.4,16.40625,59.0,16.0,21.0,1.0,30,1.0,0,0.0
C2,588,0.26681589674525086,82.9,47.800000000000004,1,10.8,16.40625,45.0,27.0,21.0,1.0,30,3.0,0,0.0
C2,589,0.09112079389470312,144.6,94.39999999999999,1,7.2,16.40625,85.0,18.0,21.0,1.0,30,1.0,0,0.0
C2,590,0.1413798816645224,133.6,86.3,1,13.2,16.40625,70.0,33.0,21.0,1.0,30,2.0,1,0.0
C2,591,-0.006842105263157872,200.6,113.8,1,27.2,17.1875,167.0,68.0,22.0,1.0,30,2.0,2,0.0
C2,592,0.11780747686340587,143.5,92.39999999999999,1,14.0,16.40625,88.0,35.0,21.0,1.0,30,2.0,1,0.0
C2,593,-0.028141574644110934,203.8,117.0,1,18.8,16.40625,114.0,47.0,21.0,1.0,30,2.0,2,0.0
C2,594,-0.016052631578947374,204.1,111.9,1,25.6,16.40625,157.0,64.0,21.0,1.0,30,2.0,2,0.0
C2,595,-0.008684210526315739,201.3,117.2,1,26.4,16.40625,113.0,66.0,21.0,1.0,30,3.0,0,0.0
C2,596,-0.02421052631578946,207.2,113.10000000000001,1,25.6,16.40625,113.0,64.0,21.0,1.0,30,3.0,0,0.0
C2,597,0.1713914984761507,112.9,68.4,1,6.4,16.40625,68.0,16.0,21.0,1.0,30,1.0,1,0.0
C2,598,-0.08277438536893614,213.0,119.9,1,8.8,16.40625,132.0,22.0,21.0,1.0,30,1.0,2,0.0
C2,599,0.13319573393847672,132.6,84.4,1,10.0,16.40625,70.0,25.0,21.0,1.0,30,2.0,1,0.0
C2,600,-0.050187448892270364,197.1,102.5,1,6.4,16.40625,95.0,16.0,21.0,1.0,30,1.0,2,0.0
C2,601,-0.013421052631578945,203.1,116.0,1,23.6,16.40625,102.0,59.0,21.0,1.0,30,3.0,0,0.0
C2,602,0.17561724725552522,118.6,69.6,1,11.6,16.40625,64.0,29.0,21.0,1.0,30,2.0,1,0.0
C2,603,0.1627072879498349,116.2,69.4,1,6.4,16.40625,65.0,16.0,21.0,1.0,30,1.0,2,0.0
C2,604,-0.06757477562722455,203.1,116.0,1,26.0,17.1875,165.0,65.0,22.0,1.0,50,2.0,0,0.0
C2,605,0.11458548984729247,109.89999999999999,69.9,1,11.6,16.40625,68.0,29.0,21.0,1.0,50,2.0,2,0.0
C2,606,0.135699875705371,90.6,48.800000000000004,1,4.8,16.40625,40.0,12.0,21.0,1.0,50,1.0,0,0.0
C2,607,0.6703127841710372,32.599999999999994,26.4,1,7.6,16.40625,24.0,19.0,21.0,1.0,50,3.0,0,0.0
C2,608,0.5464224710335686,44.6,35.0,1,3.2,16.40625,33.0,8.0,21.0,1.0,50,1.0,1,0.0
C2,609,0.6471915842294316,33.300000000000004,27.799999999999997,1,3.6,16.40625,27.0,9.0,21.0,1.0,50,1.0,1,0.0
C2,610,0.5624042202783788,45.5,35.9,1,8.8,16.40625,33.0,22.0,21.0,1.0,50,3.0,2,0.0
C2,611,0.008050601584979195,143.0,90.39999999999999,1,7.2,16.40625,83.0,18.0,21.0,1.0,50,1.0,2,0.0
C2,612,0.07009504840236269,141.8,89.1,1,20.4,16.40625,83.0,51.0,21.0,1.0,50,3.0,2,0.0
C2,613,0.041047443739693074,128.5,86.3,1,6.0,16.40625,70.0,15.0,21.0,1.0,50,1.0,0,0.0
C2,614,0.07086594036890181,136.1,81.8,1,17.2,17.1875,76.0,43.0,22.0,1.0,50,3.0,0,0.0
C2,615,0.08693715366552063,135.4,81.5,1,20.4,17.1875,77.0,51.0,22.0,1.0,50,3.0,1,0.0
C2,616,-0.09300202999396825,181.4,96.8,1,7.2,16.40625,93.0,18.0,21.0,1.0,50,1.0,0,0.0
C2,617,0.12596351405399292,92.39999999999999,51.0,1,3.6,16.40625,40.0,9.0,21.0,1.0,50,1.0,2,0.0
C2,618,0.5721474327204925,45.400000000000006,35.7,1,10.8,16.40625,36.0,27.0,21.0,1.0,50,3.0,2,0.0
C2,619,0.5510418659762408,47.4,37.5,1,10.0,16.40625,33.0,25.0,21.0,1.0,50,3.0,0,0.0
C2,620,0.6590298998800439,33.099999999999994,26.599999999999998,1,6.0,16.40625,21.0,15.0,21.0,1.0,50,3.0,1,0.0
C2,621,0.5616907530051871,47.0,35.9,1,11.6,16.40625,39.0,29.0,21.0,1.0,50,3.0,2,0.0
C2,622,-0.16795769849715086,220.0,123.89999999999999,1,13.2,16.40625,127.0,33.0,21.0,1.0,50,1.0,2,0.0
C2,623,-0.07014280997760766,208.2,116.7,1,28.8,16.40625,128.0,72.0,21.0,1.0,50,3.0,2,0.0
C2,624,-0.10937863580816348,210.0,121.89999999999999,1,20.4,16.40625,134.0,51.0,21.0,1.0,50,2.0,1,0.0
C2,625,-0.07087384759307486,202.5,114.5,1,24.8,16.40625,112.0,62.0,21.0,1.0,50,3.0,2,0.0
C2,626,-0.06336424931143511,201.5,115.4,1,26.0,16.40625,107.0,65.0,21.0,1.0,50,3.0,0,0.0
C2,627,-0.050347531803601075,194.70000000000002,113.60000000000001,1,24.8,16.40625,144.0,62.0,21.0,1.0,50,2.0,0,0.0
C2,628,-0.059852603242689456,206.5,116.9,1,30.4,16.40625,137.0,76.0,21.0,1.0,50,3.0,0,0.0
C2,629,0.13347250803115437,108.2,60.8,1,14.8,16.40625,55.0,37.0,21.0,1.0,50,3.0,0,0.0
C2,630,-0.01463593923078177,129.6,81.19999999999999,1,12.0,16.40625,79.0,30.0,21.0,1.0,70,2.0,2,0.0
C2,631,-0.16761435634422717,206.5,116.1,1,25.2,16.40625,112.0,63.0,21.0,1.0,70,3.0,2,0.0
C2,632,-0.02834456347750311,128.20000000000002,78.60000000000001,1,6.0,16.40625,75.0,15.0,21.0,1.0,70,1.0,1,0.0
C2,633,0.04326507048105241,104.80000000000001,63.0,1,9.6,16.40625,58.0,24.0,21.0,1.0,70,2.0,0,0.0
C2,634,0.09348534024171144,89.0,50.9,1,12.4,16.40625,46.0,31.0,21.0,1.0,70,3.0,2,0.0
C2,635,0.024801827646659266,117.1,69.8,1,14.0,16.40625,61.0,35.0,21.0,1.0,70,3.0,0,0.0
C2,636,0.12502622546055614,68.0,44.2,1,4.0,16.40625,48.0,10.0,21.0,1.0,70,1.0,0,0.0
C2,637,0.04100741574371802,112.5,72.6,1,15.2,16.40625,60.0,38.0,21.0,1.0,70,3.0,1,0.0
C2,638,-0.18188732109838718,197.2,115.7,1,15.2,16.40625,100.0,38.0,21.0,1.0,70,2.0,0,0.0
C2,639,-0.05719441448629797,140.8,91.0,1,7.6,16.40625,82.0,19.0,21.0,1.0,70,1.0,1,0.0
C2,640,0.03581569914476668,101.9,57.7,1,4.0,16.40625,59.0,10.0,21.0,1.0,70,1.0,0,0.0
C2,641,-0.15103321276541243,212.2,124.8,1,32.4,16.40625,400.0,81.0,21.0,1.0,70,1.0,0,0.0
C2,642,-0.030613575768173085,196.70000000000002,102.1,2,86.0,16.40625,603.0,215.0,21.0,1.0,70,2.0,1,0.0
C2,643,0.6918189376318811,18.3,17.8,2,1.0,16.015625,12.0,5.0,41.0,1.0,70,1.0,2,0.0
C2,644,0.009191515442663653,118.2,63.9,2,10.0,16.015625,113.0,50.0,41.0,1.0,70,2.0,1,0.0
C2,645,0.48800411078375366,44.900000000000006,30.3,2,7.0,16.015625,46.0,35.0,41.0,1.0,70,3.0,2,0.0
C2,646,0.6878695647661786,20.6,17.9,2,1.6,16.015625,19.0,8.0,41.0,1.0,70,1.0,1,0.0
C2,647,0.5680428028284216,33.2,20.7,1,1.2,16.015625,27.0,6.0,41.0,1.0,70,1.0,0,0.0
C2,648,0.5974221551881068,33.0,27.099999999999998,1,8.8,16.40625,26.0,22.0,21.0,1.0,70,3.0,2,0.0
C2,649,0.5845125912007814,32.800000000000004,27.400000000000002,1,3.2,16.40625,24.0,8.0,21.0,1.0,70,1.0,0,0.0
C2,650,0.49403365568914065,44.4,34.3,1,7.6,16.40625,36.0,19.0,21.0,1.0,70,2.0,1,0.0
C2,651,0.4522192079166965,48.099999999999994,34.2,1,4.0,16.40625,34.0,10.0,21.0,1.0,70,1.0,2,0.0
C2,652,0.6987104359868719,18.1,17.7,1,4.0,16.40625,11.0,10.0,21.0,1.0,70,3.0,0,0.0
C2,653,0.6931327226609154,18.2,17.7,1,1.6,16.40625,12.0,4.0,21.0,1.0,70,1.0,1,0.0
C2,654,0.6977445678438781,18.4,17.9,1,3.6,16.40625,13.0,9.0,21.0,1.0,70,2.0,0,0.0
C2,655,0.7006861961390762,18.599999999999998,17.9,1,4.8,16.40625,13.0,12.0,21.0,1.0,70,3.0,2,0.0
C2,656,-0.13544787730288416,169.3,100.3,1,6.4,16.40625,99.0,16.0,21.0,1.0,70,1.0,0,0.0
C2,657,0.03750987448635251,106.1,60.199999999999996,1,8.8,16.40625,51.0,22.0,21.0,1.0,70,2.0,1,0.0
C2,658,0.09638007708381668,87.9,47.1,1,12.4,16.40625,47.0,31.0,21.0,1.0,70,3.0,0,0.0
C2,659,0.5894154970733592,32.800000000000004,27.2,1,5.2,16.40625,21.0,13.0,21.0,1.0,70,2.0,1,0.0
C2,660,0.5756360038739479,33.6,25.7,1,2.4,16.40625,23.0,6.0,21.0,1.0,70,1.0,0,0.0
C2,661,-0.18427734943950275,206.6,112.8,1,21.2,16.40625,129.0,53.0,21.0,1.0,70,2.0,0,0.0
C2,662,-0.007091419143567812,134.6,81.8,1,18.0,16.40625,71.0,45.0,21.0,1.0,70,3.0,2,0.0
C2,663,0.07122663814528102,92.0,52.3,1,7.6,16.40625,41.0,19.0,21.0,1.0,70,2.0,0,0.0
C2,664,-0.009356432751202154,120.2,73.7,1,5.2,16.40625,64.0,13.0,21.0,1.0,70,1.0,0,0.0
C2,665,0.5853396470488126,33.5,26.8,1,6.0,16.40625,22.0,15.0,21.0,1.0,70,3.0,1,0.0
C2,666,0.5809442627197345,33.099999999999994,27.400000000000002,1,2.8,16.40625,26.0,7.0,21.0,1.0,70,1.0,2,0.0
C2,667,0.4758147432824745,45.3,35.1,1,3.6,16.40625,39.0,9.0,21.0,1.0,70,1.0,1,0.0
C2,668,-0.1866100209338935,208.7,116.7,1,22.0,16.40625,132.0,55.0,21.0,1.0,70,2.0,1,0.0
C2,669,-0.14978626367543518,204.3,112.8,1,28.0,16.40625,117.0,70.0,21.0,1.0,70,3.0,0,0.0
C2,670,-0.04202682467130514,133.8,73.6,1,6.4,16.40625,70.0,16.0,21.0,1.0,70,1.0,2,0.0
C2,671,0.049012353962448754,107.89999999999999,62.1,1,14.0,16.40625,55.0,35.0,21.0,1.0,70,3.0,1,0.0
C2,672,0.6931327226609154,18.4,17.9,1,1.6,16.40625,7.0,4.0,21.0,1.0,70,2.0,0,0.0
C2,673,0.7016961988277453,18.1,17.7,1,5.2,16.40625,15.0,13.0,21.0,1.0,70,3.0,2,0.0
C2,674,-0.17310461270327648,199.4,116.3,1,19.2,16.40625,124.0,48.0,21.0,1.0,70,2.0,1,0.0
C2,675,0.5990745380657881,32.300000000000004,25.3,1,7.2,16.40625,22.0,18.0,21.0,1.0,70,3.0,1,0.0
C2,676,0.7006861961390762,17.9,17.7,1,4.8,17.1875,13.0,12.0,22.0,1.0,70,3.0,0,0.0
C2,677,-0.0397015051969305,140.6,96.8,1,13.2,16.40625,80.0,33.0,21.0,1.0,70,2.0,1,0.0
C2,678,0.7037606996803916,17.9,17.7,1,6.0,16.40625,17.0,15.0,21.0,1.0,70,3.0,2,0.0
C2,679,-0.14723524190598009,199.4,111.8,1,25.6,16.40625,107.0,64.0,21.0,1.0,70,3.0,0,0.0
C2,680,-0.004935014458603837,128.39999999999998,83.0,1,14.0,16.40625,78.0,35.0,21.0,1.0,70,2.0,2,0.0
C2,681,-0.1681693687686649,204.8,119.1,1,24.0,17.1875,124.0,60.0,22.0,1.0,70,2.0,2,0.0
C2,682,0.06399024248091569,101.7,58.9,1,13.6,16.40625,52.0,34.0,21.0,1.0,70,3.0,2,0.0
C2,683,-0.2046584036186736,195.6,111.3,1,6.4,16.40625,116.0,16.0,21.0,1.0,70,1.0,1,0.0
C2,684,-0.19612642737640434,207.0,114.6,1,18.4,16.40625,116.0,46.0,21.0,1.0,70,2.0,0,0.0
C2,685,-0.18923809335652553,201.6,112.19999999999999,1,16.4,16.40625,112.0,41.0,21.0,1.0,70,2.0,2,0.0
C2,686,-0.10961531656378379,189.70000000000002,111.4,1,28.4,16.40625,129.0,71.0,21.0,1.0,70,3.0,1,0.0
C2,687,-0.08211045099714906,175.3,102.1,1,26.0,16.40625,99.0,65.0,21.0,1.0,70,3.0,2,0.0
C2,688,0.1424693239271129,69.9,44.4,1,12.0,16.40625,47.0,30.0,21.0,1.0,70,3.0,2,0.0
C2,689,-0.17555388283020967,196.39999999999998,104.4,1,16.4,16.40625,97.0,41.0,21.0,1.0,70,2.0,0,0.0
C2,690,-0.13790621087392813,193.3,113.3,1,24.0,17.1875,105.0,60.0,22.0,1.0,70,3.0,0,0.0
C2,691,-0.18126592082243925,207.9,113.9,1,22.8,16.40625,130.0,57.0,21.0,1.0,70,2.0,2,0.0
C2,692,0.6949342494879829,18.700000000000003,17.8,1,2.4,16.40625,19.0,6.0,21.0,1.0,70,1.0,1,0.0
C2,693,-0.039660352951187305,132.5,75.6,1,6.0,17.1875,76.0,15.0,22.0,1.0,70,1.0,1,0.0
C2,694,-0.10964151952348708,159.89999999999998,96.9,1,6.8,16.40625,89.0,17.0,21.0,1.0,70,1.0,2,0.0
C2,695,0.5980320135275318,32.800000000000004,27.2,1,8.4,16.40625,27.0,21.0,21.0,1.0,70,3.0,2,0.0
C2,696,0.6967932929551672,18.0,17.5,1,3.2,16.40625,13.0,8.0,21.0,1.0,70,2.0,2,0.0
C2,697,0.44328452102534277,48.9,36.1,1,3.2,16.40625,32.0,8.0,21.0,1.0,70,1.0,0,0.0
C2,698,0.6949342494879829,18.1,17.7,1,2.4,16.40625,6.0,6.0,21.0,1.0,70,3.0,2,0.0
C2,699,0.8449503405842114,17.9,17.6,1,2.0,16.40625,7.0,5.0,21.0,1.0,30,2.0,2,0.0
C2,700,0.841486331264437,18.1,17.6,1,1.2,16.40625,6.0,3.0,21.0,1.0,30,2.0,1,0.0
C2,701,0.05105263157894739,175.4,90.39999999999999,2,38.6,16.40625,238.0,193.0,42.0,1.0,30,3.0,2,0.0
C2,702,0.2555263157894737,94.5,48.0,4,33.1,15.8203125,695.0,331.0,81.0,1.0,30,2.0,0,0.0
C2,703,0.8384284920676683,18.0,17.7,4,0.5,15.8203125,7.0,5.0,81.0,1.0,30,2.0,0,0.0
C2,704,0.8397418658474918,17.9,17.7,4,0.8,15.8203125,7.0,8.0,81.0,1.0,30,2.0,1,0.0
C2,705,0.8401787160497642,18.2,18.1,4,0.9,15.8203125,7.0,9.0,81.0,1.0,30,3.0,0,0.0
C2,706,0.8401787160497642,17.9,17.6,4,0.9,15.8203125,8.0,9.0,81.0,1.0,30,3.0,1,0.0
C2,707,0.8388667457594197,18.1,17.7,4,0.6,15.8203125,11.0,6.0,81.0,1.0,30,1.0,2,0.0
C2,708,0.4520126470539106,50.0,17.6,1,1.2,16.40625,8.0,3.0,21.0,1.0,30,1.0,2,0.0
C2,709,0.7377955116686552,32.800000000000004,26.8,1,3.2,16.40625,21.0,8.0,21.0,1.0,30,1.0,1,0.0
C2,710,0.7308793675679379,33.2,28.6,1,2.4,16.40625,22.0,6.0,21.0,1.0,30,1.0,0,0.0
C2,711,0.8534405798950884,18.0,17.7,1,4.0,16.40625,11.0,10.0,21.0,1.0,30,3.0,0,0.0
C2,712,0.8449503405842114,18.4,17.7,1,2.0,16.40625,8.0,5.0,21.0,1.0,30,2.0,1,0.0
C2,713,0.5783284365275948,50.0,17.5,1,1.2,16.40625,6.0,3.0,21.0,1.0,30,1.0,2,0.0
C2,714,0.5765839711106497,50.0,17.6,1,0.8,16.40625,5.0,2.0,21.0,1.0,30,1.0,2,0.0
C2,715,0.843222663187408,18.2,17.7,1,1.6,16.40625,10.0,4.0,21.0,1.0,30,1.0,2,0.0
C2,716,0.8551053220002116,17.9,17.6,1,4.4,16.40625,18.0,11.0,21.0,1.0,30,2.0,2,0.0
C2,717,0.8534405798950884,18.0,17.7,1,4.0,16.40625,13.0,10.0,21.0,1.0,30,2.0,1,0.0
C2,718,0.8534405798950884,18.2,17.8,1,4.0,16.40625,16.0,10.0,21.0,1.0,30,2.0,2,0.0
C2,719,0.5783284365275948,50.0,17.9,1,1.2,16.40625,8.0,3.0,21.0,1.0,30,1.0,0,0.0
C2,720,0.8567577352788383,18.0,17.6,1,4.8,16.40625,14.0,12.0,21.0,1.0,30,3.0,0,0.0
C2,721,0.7452393977134413,32.9,26.9,1,5.2,16.40625,22.0,13.0,21.0,1.0,30,2.0,2,0.0
C2,722,0.8500762134230411,18.2,17.7,1,3.2,16.40625,13.0,8.0,21.0,1.0,30,2.0,2,0.0
C2,723,0.8483776397808107,18.0,17.6,1,2.8,16.40625,10.0,7.0,21.0,1.0,30,2.0,2,0.0
C2,724,0.5783284365275948,50.0,17.9,1,1.2,16.40625,9.0,3.0,21.0,1.0,30,1.0,2,0.0
C2,725,0.8551053220002116,18.0,17.6,1,4.4,16.40625,13.0,11.0,21.0,1.0,30,3.0,2,0.0
C2,726,0.843222663187408,18.4,17.9,1,1.6,16.40625,12.0,4.0,21.0,1.0,30,1.0,1,0.0
C2,727,0.1437751419923673,130.70000000000002,81.9,1,11.6,16.40625,74.0,29.0,21.0,1.0,30,2.0,0,0.0
C2,728,0.23783043694730843,90.6,51.2,1,8.4,16.40625,48.0,21.0,21.0,1.0,30,2.0,1,0.0
C2,729,-0.008157894736842142,201.1,112.8,1,27.6,16.40625,107.0,69.0,21.0,1.0,30,3.0,0,0.0
C2,730,0.022924366936050128,180.9,97.0,1,15.2,16.40625,94.0,38.0,21.0,1.0,30,2.0,2,0.0
C2,731,0.15844057989508847,114.1,68.2,1,4.0,16.40625,62.0,10.0,21.0,1.0,30,1.0,2,0.0
C2,732,-0.0026315789473684847,199.0,112.69999999999999,1,26.0,16.40625,116.0,65.0,21.0,1.0,30,3.0,0,0.0
C2,733,0.16105263157894736,136.8,93.2,1,20.0,16.40625,80.0,50.0,21.0,1.0,30,3.0,1,0.0
C2,734,0.07323756370917353,150.79999999999998,92.7,1,6.8,16.40625,80.0,17.0,21.0,1.0,30,1.0,1,0.0
C2,735,0.1098414482189593,145.1,90.5,1,12.8,16.40625,81.0,32.0,21.0,1.0,30,2.0,1,0.0
C2,736,0.13218493213022614,128.39999999999998,83.8,1,6.8,16.40625,76.0,17.0,21.0,1.0,30,1.0,2,0.0
C2,737,0.20326321673705372,97.69999999999999,51.5,1,4.4,16.40625,46.0,11.0,21.0,1.0,30,1.0,2,0.0
C2,738,-0.008089732421086265,182.29999999999998,103.2,1,7.2,16.40625,94.0,18.0,21.0,1.0,30,1.0,2,0.0
C2,739,0.6350842020639598,47.4,35.0,1,9.6,16.40625,35.0,24.0,21.0,1.0,30,3.0,1,0.0
C2,740,0.841486331264437,18.1,17.6,1,1.2,16.40625,6.0,3.0,21.0,1.0,30,2.0,1,0.0
C2,741,0.14696438017711808,130.5,82.60000000000001,1,12.4,16.40625,78.0,31.0,21.0,1.0,30,2.0,2,0.0
C2,742,0.6481774220003516,43.4,32.9,1,4.0,16.40625,39.0,10.0,21.0,1.0,30,1.0,1,0.0
C2,743,0.8600234727923319,17.9,17.6,1,5.6,16.40625,17.0,14.0,21.0,1.0,30,3.0,1,0.0
C2,744,-0.022105263157894683,206.4,114.6,1,31.2,16.40625,132.0,78.0,21.0,1.0,30,3.0,1,0.0
C2,745,-0.036549317274476106,203.5,115.6,1,15.2,16.40625,102.0,38.0,21.0,1.0,30,2.0,2,0.0
C2,746,-0.024473684210526314,207.3,116.9,1,21.2,16.40625,138.0,53.0,21.0,1.0,30,2.0,1,0.0
C2,747,0.012894736842105237,193.1,105.2,1,22.0,16.40625,92.0,55.0,21.0,1.0,30,3.0,0,0.0
C2,748,0.15958307010641398,132.8,79.10000000000001,1,19.2,16.40625,78.0,48.0,21.0,1.0,30,3.0,1,0.0
C2,749,0.18212873595022663,107.6,62.1,1,5.6,16.40625,57.0,14.0,21.0,1.0,30,1.0,0,0.0
C2,750,0.1380857354813605,136.7,81.5,1,14.8,16.40625,72.0,37.0,21.0,1.0,30,2.0,2,0.0
C2,751,0.18664312006319095,117.8,73.6,1,14.4,16.40625,64.0,36.0,21.0,1.0,30,3.0,0,0.0
C2,752,-0.09835628263240218,207.8,119.4,1,21.6,16.40625,126.0,54.0,21.0,1.0,50,2.0,1,0.0
C2,753,0.04306528174508839,153.4,92.60000000000001,1,21.2,16.40625,86.0,53.0,21.0,1.0,50,3.0,1,0.0
C2,754,0.5485542297524184,45.5,34.8,1,5.6,16.40625,33.0,14.0,21.0,1.0,50,2.0,2,0.0
C2,755,0.14181929519839745,101.6,58.4,1,12.8,16.40625,56.0,32.0,21.0,1.0,50,3.0,1,0.0
C2,756,-0.17002756704073602,194.3,104.6,1,16.4,16.40625,92.0,41.0,21.0,1.0,70,2.0,0,0.0
C2,757,0.005774693949868612,118.6,71.3,1,9.2,16.40625,63.0,23.0,21.0,1.0,70,2.0,0,0.0
C2,758,0.5820437693202052,33.300000000000004,26.5,1,4.0,16.40625,22.0,10.0,21.0,1.0,70,2.0,2,0.0
C2,759,-0.0013305692080261555,121.30000000000001,71.5,1,9.2,16.40625,66.0,23.0,21.0,1.0,70,2.0,1,0.0
C2,760,-0.13382301520019207,208.4,119.3,1,34.0,17.1875,144.0,85.0,22.0,1.0,70,3.0,0,0.0
C2,761,-0.0274751276946813,200.9,114.5,1,56.0,16.40625,351.0,140.0,21.0,1.0,70,2.0,0,0.0
C2,762,-0.04897358026531298,202.9,113.69999999999999,1,50.8,17.1875,698.0,127.0,22.0,1.0,70,1.0,2,0.0
C2,763,0.49147999792600566,44.2,34.5,1,6.0,16.40625,34.0,15.0,21.0,1.0,70,2.0,2,0.0
C2,764,0.11418321946900142,76.1,45.3,1,8.0,16.40625,47.0,20.0,21.0,1.0,70,2.0,2,0.0
C2,765,-0.03260535348681226,127.90000000000002,77.8,1,4.0,16.40625,71.0,10.0,21.0,1.0,70,1.0,0,0.0
C2,766,-0.14022736286395288,202.0,113.9,1,28.8,16.40625,131.0,72.0,21.0,1.0,70,3.0,1,0.0
C2,767,-0.05898462607340918,134.5,91.89999999999999,1,20.0,16.40625,80.0,50.0,21.0,1.0,90,3.0,0,0.0
C2,768,-0.23399617904103814,203.7,113.9,1,23.2,16.40625,137.0,58.0,21.0,1.0,90,2.0,1,0.0
C2,769,0.6645151185065423,18.4,17.8,1,2.0,16.40625,8.0,5.0,21.0,1.0,90,2.0,0,0.0
C2,770,0.6652003871959242,17.8,17.6,1,2.8,17.1875,5.0,7.0,22.0,1.0,90,3.0,0,0.0
C2,771,0.4429859619668708,45.5,34.4,1,4.4,16.40625,39.0,11.0,21.0,1.0,90,1.0,0,0.0
C2,772,0.6574975746468932,20.8,17.8,1,2.0,16.40625,4.0,5.0,21.0,1.0,90,3.0,1,0.0
C2,773,0.6638614604365336,18.0,17.6,1,1.2,16.40625,11.0,3.0,21.0,1.0,90,1.0,0,0.0
C2,774,0.6670591094997571,18.1,17.7,1,4.8,16.40625,19.0,12.0,21.0,1.0,90,2.0,2,0.0
C2,775,0.6655552192464198,17.8,17.6,1,3.2,16.40625,9.0,8.0,21.0,1.0,90,3.0,0,0.0
C2,776,0.6638614604365336,18.1,17.5,1,1.2,16.40625,10.0,3.0,21.0,1.0,90,1.0,1,0.0
C2,777,0.6648537330978317,19.099999999999998,17.6,1,2.4,16.40625,9.0,6.0,21.0,1.0,90,2.0,2,0.0
C2,778,0.6648537330978317,18.0,17.6,1,2.4,16.40625,6.0,6.0,21.0,1.0,90,3.0,2,0.0
C2,779,0.6645151185065423,18.0,17.8,1,2.0,16.40625,6.0,5.0,21.0,1.0,90,2.0,2,0.0
C2,780,0.6641844064673916,19.099999999999998,17.8,1,1.6,16.40625,5.0,4.0,21.0,1.0,90,2.0,1,0.0
C2,781,0.6674569236982506,18.0,17.7,1,5.2,16.40625,15.0,13.0,21.0,1.0,90,3.0,2,0.0
C2,782,0.6641844064673916,18.5,17.6,1,1.6,16.40625,6.0,4.0,21.0,1.0,90,2.0,1,0.0
C2,783,0.4290954344073689,50.0,17.7,1,1.2,17.1875,4.0,3.0,22.0,1.0,70,1.0,0,0.0
C2,784,0.4290954344073689,50.0,17.7,1,1.2,16.40625,6.0,3.0,21.0,1.0,70,1.0,1,0.0
C2,785,0.695856543421489,17.9,17.6,1,2.8,16.40625,8.0,7.0,21.0,1.0,70,3.0,1,0.0
C2,786,0.09048043304160185,81.5,47.800000000000004,1,4.4,16.40625,48.0,11.0,21.0,1.0,70,1.0,0,0.0
C2,787,-0.044701505196930474,142.5,91.89999999999999,1,13.2,16.40625,84.0,33.0,21.0,1.0,70,2.0,0,0.0
C2,788,-0.015425412914992331,129.89999999999998,72.7,1,12.0,16.40625,70.0,30.0,21.0,1.0,70,2.0,2,0.0
C2,789,-0.15173029962639184,211.10000000000002,118.2,1,31.6,16.40625,128.0,79.0,21.0,1.0,70,3.0,1,0.0
C2,790,0.6949342494879829,18.0,17.6,1,2.4,16.40625,13.0,6.0,21.0,1.0,70,1.0,1,0.0
C2,791,-0.03914623870565698,139.4,92.89999999999999,1,12.4,16.40625,81.0,31.0,21.0,1.0,70,2.0,2,0.0
C2,792,0.5913175101707131,32.7,26.599999999999998,1,5.6,16.40625,24.0,14.0,21.0,1.0,70,2.0,2,0.0
C2,793,-0.14295028314987035,189.70000000000002,106.0,1,20.4,16.40625,92.0,51.0,21.0,1.0,70,3.0,2,0.0
C2,794,-0.035974193092357776,131.5,80.10000000000001,1,6.4,16.40625,77.0,16.0,21.0,1.0,70,1.0,1,0.0
C2,795,0.49364604861525113,44.699999999999996,35.5,1,8.4,16.40625,30.0,21.0,21.0,1.0,70,3.0,2,0.0
C2,796,-0.16501477973434192,183.5,103.4,1,9.2,16.40625,91.0,23.0,21.0,1.0,70,1.0,2,0.0
C2,797,-0.057333084144298885,147.29999999999998,88.7,1,13.2,16.40625,82.0,33.0,21.0,1.0,70,2.0,0,0.0
C2,798,-0.0949656728825771,164.70000000000002,99.4,1,15.6,16.40625,93.0,39.0,21.0,1.0,70,2.0,2,0.0
C2,799,0.008317775086444781,113.10000000000001,73.5,1,4.8,16.40625,66.0,12.0,21.0,1.0,70,1.0,0,0.0
C2,800,-0.23055362263626178,207.1,115.3,1,8.0,16.40625,126.0,20.0,21.0,1.0,70,1.0,0,0.0
C2,801,0.5869315452584325,33.2,26.9,1,5.6,16.40625,27.0,14.0,21.0,1.0,70,2.0,2,0.0
C2,802,0.07108796848728002,98.5,51.5,1,13.2,16.40625,49.0,33.0,21.0,1.0,70,3.0,2,0.0
C2,803,0.005498748748737695,127.6,79.69999999999999,1,16.4,16.40625,71.0,41.0,21.0,1.0,70,3.0,2,0.0
C2,804,-0.015184719408147251,123.60000000000001,76.6,1,6.4,16.40625,69.0,16.0,21.0,1.0,70,1.0,2,0.0
C2,805,-0.2120684982452538,203.2,114.4,1,10.8,16.40625,131.0,27.0,21.0,1.0,70,1.0,2,0.0
C2,806,-0.21542541291499223,205.9,117.9,1,12.0,16.40625,135.0,30.0,21.0,1.0,70,1.0,2,0.0
C2,807,0.057784191828437706,105.6,61.699999999999996,1,14.8,16.40625,55.0,37.0,21.0,1.0,70,3.0,0,0.0
C2,808,-0.08240014706014664,166.1,94.10000000000001,1,20.0,16.40625,90.0,50.0,21.0,1.0,70,3.0,2,0.0
C2,809,-0.04820311057207147,146.4,93.10000000000001,1,15.2,16.40625,85.0,38.0,21.0,1.0,70,2.0,2,0.0
C2,810,0.6949342494879829,18.0,17.6,1,2.4,16.40625,7.0,6.0,21.0,1.0,70,3.0,2,0.0
C2,811,0.594111576873374,32.5,25.8,1,6.0,16.40625,22.0,15.0,21.0,1.0,70,3.0,2,0.0
C2,812,0.6931327226609154,17.8,17.6,1,1.6,16.40625,6.0,4.0,21.0,1.0,70,2.0,1,0.0
C2,813,0.6940263352002114,18.0,17.6,1,2.0,16.40625,5.0,5.0,21.0,1.0,70,3.0,0,0.0
C2,814,0.692253329144211,19.0,17.8,1,1.2,16.40625,6.0,3.0,21.0,1.0,70,2.0,0,0.0
C2,815,0.4290954344073689,50.0,18.0,1,1.2,16.40625,9.0,3.0,21.0,1.0,70,1.0,1,0.0
C2,816,0.6967932929551672,18.4,17.9,1,3.2,16.40625,8.0,8.0,21.0,1.0,70,3.0,0,0.0
C2,817,0.695856543421489,18.1,17.8,1,2.8,16.40625,7.0,7.0,21.0,1.0,70,3.0,2,0.0
C2,818,0.4282301737168955,50.0,17.8,1,0.8,16.40625,6.0,2.0,21.0,1.0,70,1.0,1,0.0
C2,819,0.4290954344073689,50.0,17.7,1,1.2,16.40625,4.0,3.0,21.0,1.0,70,2.0,2,0.0
C2,820,0.6949342494879829,18.700000000000003,17.7,1,2.4,16.40625,6.0,6.0,21.0,1.0,70,3.0,1,0.0
C2,821,0.007875725968979438,118.7,71.2,1,10.0,16.40625,64.0,25.0,21.0,1.0,70,2.0,1,0.0
C2,822,0.7058847962659864,18.1,17.7,1,6.8,16.40625,19.0,17.0,21.0,1.0,70,3.0,2,0.0
C2,823,0.4290954344073689,50.0,17.6,1,1.2,16.40625,8.0,3.0,21.0,1.0,70,1.0,2,0.0
C2,824,0.695856543421489,18.2,17.7,1,2.8,16.40625,8.0,7.0,21.0,1.0,70,3.0,0,0.0
C2,825,0.4290954344073689,50.0,17.7,1,1.2,16.40625,5.0,3.0,21.0,1.0,70,1.0,1,0.0
C2,826,0.6987104359868719,17.8,17.6,1,4.0,16.40625,12.0,10.0,21.0,1.0,70,3.0,2,0.0
C2,827,0.6887631773054745,20.6,17.9,1,2.0,16.40625,15.0,5.0,21.0,1.0,70,1.0,1,0.0
C2,828,0.4979900594238813,43.7,34.3,1,6.8,16.40625,35.0,17.0,21.0,1.0,70,2.0,0,0.0
C2,829,0.7622119447177791,18.2,17.8,1,3.2,16.40625,12.0,8.0,21.0,1.0,50,2.0,0,0.0
C2,830,0.7557347567600108,18.3,17.9,1,1.6,16.40625,4.0,4.0,21.0,1.0,50,3.0,2,0.0
C2,831,0.5747502528815416,44.900000000000006,35.8,1,10.4,16.40625,36.0,26.0,21.0,1.0,50,3.0,1,0.0
C2,832,0.4894065094559651,50.0,17.7,1,0.8,16.40625,6.0,2.0,21.0,1.0,50,1.0,2,0.0
C2,833,0.758951238880883,18.1,17.8,1,2.4,16.40625,6.0,6.0,21.0,1.0,50,3.0,1,0.0
C2,834,0.4894065094559651,50.0,17.8,1,0.8,16.40625,3.0,2.0,21.0,1.0,50,1.0,2,0.0
C2,835,0.7605761873560926,18.0,17.7,1,2.8,16.40625,7.0,7.0,21.0,1.0,50,3.0,2,0.0
C2,836,0.7671814422697458,18.1,17.6,1,4.4,16.40625,12.0,11.0,21.0,1.0,50,3.0,1,0.0
C2,837,0.4909858056206518,50.0,17.8,1,1.2,16.40625,4.0,3.0,21.0,1.0,50,2.0,2,0.0
C2,838,0.7573373474871592,18.0,17.8,1,2.0,16.40625,4.0,5.0,21.0,1.0,50,3.0,2,0.0
C2,839,0.7573373474871592,19.5,17.8,1,2.0,16.40625,8.0,5.0,21.0,1.0,50,2.0,2,0.0
C2,840,0.4894065094559651,50.0,17.7,1,0.8,16.40625,4.0,2.0,21.0,1.0,50,2.0,1,0.0
C2,841,0.5226301807206595,47.5,36.1,1,3.6,16.40625,38.0,9.0,21.0,1.0,50,1.0,2,0.0
C2,842,0.758951238880883,18.1,17.8,1,2.4,16.40625,9.0,6.0,21.0,1.0,50,2.0,0,0.0
C2,843,0.7541437003574938,18.2,17.8,1,1.2,16.40625,5.0,3.0,21.0,1.0,50,2.0,0,0.0
C2,844,0.7605761873560926,18.0,17.6,1,2.8,16.40625,7.0,7.0,21.0,1.0,50,3.0,1,0.0
C2,845,0.7573373474871592,18.5,17.8,1,2.0,16.40625,5.0,5.0,21.0,1.0,50,3.0,1,0.0
C2,846,0.7557347567600108,18.1,17.8,1,1.6,16.40625,11.0,4.0,21.0,1.0,50,1.0,1,0.0
C2,847,0.7605761873560926,18.0,17.7,1,2.8,16.40625,7.0,7.0,21.0,1.0,50,3.0,1,0.0
C2,848,0.7557347567600108,18.0,17.6,1,1.6,16.40625,4.0,4.0,21.0,1.0,50,3.0,1,0.0
C2,849,0.7622119447177791,18.3,17.9,1,3.2,16.40625,8.0,8.0,21.0,1.0,50,3.0,2,0.0
C2,850,0.7655148417576507,18.1,17.7,1,4.0,16.40625,17.0,10.0,21.0,1.0,50,2.0,0,0.0
C2,851,-0.06440551817654386,203.7,114.6,1,27.2,16.40625,118.0,68.0,21.0,1.0,50,3.0,0,0.0
C2,852,0.07336062668447454,133.1,85.2,1,16.0,16.40625,79.0,40.0,21.0,1.0,50,2.0,1,0.0
C2,853,0.758951238880883,18.1,17.7,1,2.4,16.40625,19.0,6.0,21.0,1.0,50,1.0,1,0.0
C2,854,-0.12117032024447308,196.1,108.89999999999999,1,9.6,16.40625,107.0,24.0,21.0,1.0,50,1.0,0,0.0
C2,855,0.07816291509223647,139.4,91.2,1,20.8,17.1875,86.0,52.0,22.0,1.0,50,3.0,1,0.0
C2,856,0.0065961659413683454,140.3,90.6,1,5.2,16.40625,83.0,13.0,21.0,1.0,50,1.0,0,0.0
C2,857,-0.12325817326264427,208.5,118.4,1,16.4,16.40625,113.0,41.0,21.0,1.0,50,2.0,1,0.0
C2,858,0.666289972053633,18.1,17.8,1,4.0,16.40625,11.0,10.0,21.0,1.0,90,3.0,1,0.0
C2,859,0.40102651173054954,50.0,17.7,1,1.6,16.40625,8.0,4.0,21.0,1.0,90,1.0,2,0.0
C2,860,0.6641844064673916,18.0,17.8,1,1.6,16.40625,11.0,4.0,21.0,1.0,90,1.0,2,0.0
C2,861,-0.010172096034155281,109.39999999999999,62.9,1,9.6,16.40625,55.0,24.0,21.0,1.0,90,2.0,0,0.0
C2,862,-0.261933001248759,210.4,118.6,1,18.4,16.40625,125.0,46.0,21.0,1.0,90,2.0,0,0.0
C2,863,-0.10417233411646068,144.2,91.80000000000001,1,7.6,16.40625,87.0,19.0,21.0,1.0,90,1.0,1,0.0
C2,864,0.4003882500542819,50.0,17.8,1,0.8,16.40625,4.0,2.0,21.0,1.0,90,1.0,2,0.0
C2,865,0.6645151185065423,19.5,18.2,1,2.0,16.40625,5.0,5.0,21.0,1.0,90,2.0,0,0.0
C2,866,0.6638614604365336,18.8,17.9,1,1.2,16.40625,10.0,3.0,21.0,1.0,90,1.0,0,0.0
C2,867,0.40070356569969146,50.0,17.7,1,1.2,16.40625,8.0,3.0,21.0,1.0,90,1.0,2,0.0
C2,868,0.40070356569969146,50.0,17.7,1,1.2,16.40625,4.0,3.0,21.0,1.0,90,2.0,1,0.0
C2,869,0.6645151185065423,18.4,17.7,1,2.0,16.40625,7.0,5.0,21.0,1.0,90,2.0,2,0.0
C2,870,0.40070356569969146,50.0,17.6,1,1.2,16.40625,3.0,3.0,21.0,1.0,90,3.0,1,0.0
C2,871,0.6215326623661915,24.9,18.2,1,2.0,16.40625,15.0,5.0,21.0,1.0,90,1.0,0,0.0
C2,872,0.6652003871959242,17.9,17.6,1,2.8,16.40625,7.0,7.0,21.0,1.0,90,3.0,1,0.0
C2,873,0.40102651173054954,50.0,18.4,1,1.6,16.40625,4.0,4.0,21.0,1.0,90,2.0,2,0.0
C2,874,0.6645151185065423,18.2,17.9,1,2.0,16.40625,5.0,5.0,21.0,1.0,90,3.0,0,0.0
C2,875,0.6655552192464198,18.0,17.8,1,3.2,16.40625,7.0,8.0,21.0,1.0,90,3.0,0,0.0
C2,876,0.4003882500542819,50.0,17.7,1,0.8,16.40625,9.0,2.0,21.0,1.0,90,1.0,0,0.0
C2,877,0.40102651173054954,50.0,17.8,1,1.6,16.40625,8.0,4.0,21.0,1.0,90,1.0,1,0.0
C2,878,0.6645151185065423,18.1,17.7,1,2.0,16.40625,8.0,5.0,21.0,1.0,90,2.0,1,0.0
C2,879,0.6645151185065423,18.1,17.8,1,2.0,16.40625,5.0,5.0,21.0,1.0,90,3.0,2,0.0
C2,880,0.40070356569969146,50.0,17.8,1,1.2,16.40625,5.0,3.0,21.0,1.0,90,1.0,1,0.0
C2,881,-0.05851229609952216,204.9,115.9,1,69.6,17.1875,293.0,174.0,22.0,1.0,90,3.0,0,0.0
C2,882,0.016842105263157867,188.4,94.39999999999999,2,88.6,16.40625,634.0,443.0,42.0,1.0,90,3.0,0,0.0
C2,883,0.6641844064673916,18.4,17.8,2,1.6,16.015625,8.0,8.0,41.0,1.0,90,2.0,2,0.0
C2,884,0.6638614604365336,18.1,17.8,2,1.2,16.015625,8.0,6.0,41.0,1.0,90,2.0,1,0.0
C2,885,0.6641844064673916,18.2,17.8,2,1.6,16.015625,6.0,8.0,41.0,1.0,90,3.0,2,0.0
C2,886,0.6637028572245742,18.3,17.7,2,1.0,16.015625,12.0,5.0,41.0,1.0,90,1.0,1,0.0
C2,887,0.6638614604365336,18.0,17.6,2,1.2,16.015625,9.0,6.0,41.0,1.0,90,2.0,0,0.0
C2,888,0.6560940658749632,18.1,17.7,1,2.0,16.40625,7.0,5.0,21.0,1.0,90,2.0,2,0.0
C2,889,0.6648537330978317,17.7,17.5,1,2.4,16.40625,12.0,6.0,21.0,1.0,90,1.0,2,0.0
C2,890,0.6638614604365336,19.400000000000002,17.9,1,1.2,16.40625,5.0,3.0,21.0,1.0,90,2.0,1,0.0
C2,891,0.6670591094997571,18.2,17.9,1,4.8,16.40625,17.0,12.0,21.0,1.0,90,2.0,1,0.0
C2,892,0.6645151185065423,18.8,17.9,1,2.0,16.40625,5.0,5.0,21.0,1.0,90,3.0,1,0.0
C2,893,0.6641844064673916,18.3,17.8,1,1.6,16.40625,5.0,4.0,21.0,1.0,90,2.0,0,0.0
C2,894,0.6641844064673916,18.599999999999998,17.9,1,1.6,16.40625,5.0,4.0,21.0,1.0,90,2.0,0,0.0
C2,895,0.8449503405842114,18.599999999999998,17.7,1,2.0,16.40625,5.0,5.0,21.0,1.0,30,3.0,1,0.0
C2,896,0.843222663187408,19.3,17.9,1,1.6,16.40625,12.0,4.0,21.0,1.0,30,1.0,2,0.0
C2,897,0.5783284365275948,50.0,17.8,1,1.2,16.40625,8.0,3.0,21.0,1.0,30,1.0,0,0.0
C2,898,0.5765839711106497,50.0,17.8,1,0.8,16.40625,4.0,2.0,21.0,1.0,30,1.0,2,0.0
C2,899,0.841486331264437,18.1,17.7,1,1.2,16.40625,6.0,3.0,21.0,1.0,30,2.0,2,0.0
C2,900,0.580064768450566,50.0,18.0,1,1.6,16.40625,4.0,4.0,21.0,1.0,30,2.0,1,0.0
C2,901,0.8567577352788383,18.0,17.7,1,4.8,16.40625,14.0,12.0,21.0,1.0,30,3.0,2,0.0
C2,902,0.6641844064673916,18.2,17.7,1,1.6,16.40625,7.0,4.0,21.0,1.0,90,2.0,1,0.0
C2,903,0.6648537330978317,18.5,17.8,1,2.4,16.40625,6.0,6.0,21.0,1.0,90,3.0,0,0.0
C2,904,0.6645151185065423,18.2,17.8,1,2.0,16.40625,6.0,5.0,21.0,1.0,90,2.0,1,0.0
C2,905,0.6652003871959242,19.5,18.1,1,2.8,16.40625,8.0,7.0,21.0,1.0,90,3.0,0,0.0
C2,906,0.6655552192464198,18.0,17.7,1,3.2,16.40625,8.0,8.0,21.0,1.0,90,3.0,0,0.0
C2,907,0.6648537330978317,19.0,17.9,1,2.4,16.40625,8.0,6.0,21.0,1.0,90,2.0,1,0.0
C2,908,0.40070356569969146,50.0,17.7,1,1.2,16.40625,7.0,3.0,21.0,1.0,90,1.0,0,0.0
C2,909,0.6645151185065423,19.599999999999998,17.9,1,2.0,16.40625,8.0,5.0,21.0,1.0,90,2.0,0,0.0
C2,910,0.6641844064673916,18.2,17.8,1,1.6,16.40625,5.0,4.0,21.0,1.0,90,2.0,2,0.0
C2,911,0.6648537330978317,18.1,17.8,1,2.4,16.40625,16.0,6.0,21.0,1.0,90,1.0,1,0.0
C2,912,0.4003882500542819,50.0,17.4,1,0.8,16.40625,5.0,2.0,21.0,1.0,90,1.0,2,0.0
C2,913,0.40070356569969146,50.0,17.9,1,1.2,16.40625,7.0,3.0,21.0,1.0,90,1.0,1,0.0
C2,914,0.6648537330978317,18.599999999999998,17.8,1,2.4,16.40625,6.0,6.0,21.0,1.0,90,3.0,1,0.0
C2,915,0.40070356569969146,50.0,17.9,1,1.2,16.40625,6.0,3.0,21.0,1.0,90,1.0,2,0.0
C2,916,0.6655552192464198,18.0,17.7,1,3.2,16.40625,13.0,8.0,21.0,1.0,90,2.0,1,0.0
C2,917,0.4003882500542819,50.0,17.8,1,0.8,16.40625,7.0,2.0,21.0,1.0,90,1.0,1,0.0
C2,918,0.4003882500542819,50.0,17.6,1,0.8,16.40625,5.0,2.0,21.0,1.0,90,1.0,2,0.0
C2,919,0.6645151185065423,18.8,17.7,1,2.0,16.40625,5.0,5.0,21.0,1.0,90,3.0,1,0.0
C2,920,0.6641844064673916,18.5,17.7,1,1.6,16.40625,6.0,4.0,21.0,1.0,90,2.0,2,0.0
C2,921,0.6687050510671897,18.1,17.8,1,6.4,16.40625,18.0,16.0,21.0,1.0,90,3.0,1,0.0
C2,922,0.5499414523960775,33.099999999999994,27.599999999999998,1,2.4,16.40625,24.0,6.0,21.0,1.0,90,1.0,1,0.0
C2,923,0.6652003871959242,18.1,17.8,1,2.8,16.40625,7.0,7.0,21.0,1.0,90,3.0,2,0.0
C2,924,0.6655552192464198,18.3,17.9,1,3.2,16.40625,9.0,8.0,21.0,1.0,90,3.0,1,0.0
C2,925,0.6652003871959242,18.2,17.8,1,2.8,16.40625,10.0,7.0,21.0,1.0,90,2.0,1,0.0
C2,926,0.6645151185065423,18.3,17.7,1,2.0,16.40625,16.0,5.0,21.0,1.0,90,1.0,1,0.0
C2,927,0.40102651173054954,50.0,17.4,1,1.6,16.40625,9.0,4.0,21.0,1.0,90,1.0,2,0.0
C2,928,0.6550895306119722,21.0,18.3,1,1.2,16.40625,10.0,3.0,21.0,1.0,90,1.0,2,0.0
C2,929,0.666289972053633,17.9,17.6,1,4.0,16.40625,10.0,10.0,21.0,1.0,90,3.0,0,0.0
C2,930,0.4003882500542819,50.0,17.8,1,0.8,16.40625,6.0,2.0,21.0,1.0,90,1.0,0,0.0
C2,931,0.4122842075809059,49.0,36.1,1,4.4,16.40625,38.0,11.0,21.0,1.0,90,1.0,1,0.0
C2,932,0.6638614604365336,18.3,17.8,1,1.2,16.40625,11.0,3.0,21.0,1.0,90,1.0,0,0.0
C2,933,0.6659183675801024,19.900000000000002,18.1,1,3.6,16.40625,9.0,9.0,21.0,1.0,90,3.0,0,0.0
C2,934,0.6638614604365336,17.9,17.8,1,1.2,16.40625,11.0,3.0,21.0,1.0,90,1.0,2,0.0
C2,935,0.6655552192464198,18.2,17.8,1,3.2,16.40625,9.0,8.0,21.0,1.0,90,3.0,0,0.0
C2,936,0.6645151185065423,18.2,17.7,1,2.0,16.40625,15.0,5.0,21.0,1.0,90,1.0,1,0.0
C2,937,0.6638614604365336,18.4,17.6,1,1.2,16.40625,11.0,3.0,21.0,1.0,90,1.0,0,0.0
C2,938,0.6996909593573912,17.9,17.5,1,4.4,16.40625,11.0,11.0,21.0,1.0,70,3.0,1,0.0
C2,939,0.6940263352002114,18.1,17.8,1,2.0,16.40625,7.0,5.0,21.0,1.0,70,2.0,1,0.0
C2,940,0.6940263352002114,18.3,17.7,1,2.0,16.40625,9.0,5.0,21.0,1.0,70,2.0,1,0.0
C2,941,0.058486038172975055,104.3,60.699999999999996,1,14.0,16.40625,52.0,35.0,21.0,1.0,70,3.0,2,0.0
C2,942,0.6967932929551672,18.4,17.8,1,3.2,16.40625,9.0,8.0,21.0,1.0,70,3.0,0,0.0
C2,943,0.6987104359868719,18.0,17.6,1,4.0,16.40625,11.0,10.0,21.0,1.0,70,3.0,0,0.0
C2,944,0.6967932929551672,17.9,17.6,1,3.2,16.40625,13.0,8.0,21.0,1.0,70,2.0,2,0.0
C2,945,0.6931327226609154,18.0,17.7,1,1.6,16.40625,13.0,4.0,21.0,1.0,70,1.0,1,0.0
C2,946,0.5822651435074974,33.5,25.9,1,4.8,16.40625,24.0,12.0,21.0,1.0,70,2.0,2,0.0
C2,947,-0.054619590645938965,137.4,86.7,1,5.2,16.40625,87.0,13.0,21.0,1.0,70,1.0,2,0.0
C2,948,0.1566051728289772,56.0,43.1,1,4.0,16.40625,48.0,10.0,21.0,1.0,70,1.0,2,0.0
C2,949,0.5907801928725545,33.0,26.4,1,6.4,16.40625,28.0,16.0,21.0,1.0,70,2.0,2,0.0
C2,950,-0.12611558893567337,204.1,116.7,1,33.2,17.1875,130.0,83.0,22.0,1.0,70,3.0,1,0.0
C2,951,0.03141738290919277,115.1,72.6,1,14.4,16.40625,62.0,36.0,21.0,1.0,70,3.0,1,0.0
C2,952,0.021365346860865164,111.8,65.60000000000001,1,8.4,16.40625,53.0,21.0,21.0,1.0,70,2.0,0,0.0
C2,953,-0.1402493138804099,185.20000000000002,106.0,1,18.0,16.40625,90.0,45.0,21.0,1.0,70,2.0,1,0.0
C2,954,-0.18929967764419275,191.0,106.5,1,7.6,16.40625,92.0,19.0,21.0,1.0,70,1.0,0,0.0
C2,955,0.6967932929551672,18.9,18.0,1,3.2,16.40625,12.0,8.0,21.0,1.0,70,1.0,1,0.0
C2,956,0.0022200308938672975,130.5,80.5,1,17.6,16.40625,73.0,44.0,21.0,1.0,70,3.0,1,0.0
C2,957,-0.19057153162470303,200.5,111.10000000000001,1,15.2,16.40625,104.0,38.0,21.0,1.0,70,2.0,1,0.0
C2,958,-0.19487203267173497,203.2,115.2,1,16.0,16.40625,103.0,40.0,21.0,1.0,70,2.0,0,0.0
C2,959,0.7037606996803916,18.2,17.6,1,6.0,16.40625,16.0,15.0,21.0,1.0,70,3.0,2,0.0
C2,960,0.11746932392711291,79.39999999999999,48.4,1,12.0,16.40625,45.0,30.0,21.0,1.0,70,3.0,1,0.0
C2,961,0.02199471814422717,119.2,71.0,1,14.8,16.40625,61.0,37.0,21.0,1.0,70,3.0,2,0.0
C2,962,-0.21963593923078173,207.5,116.6,1,12.0,16.40625,105.0,30.0,21.0,1.0,70,2.0,0,0.0
C2,963,-0.06482599343366635,143.7,90.7,1,7.6,16.40625,89.0,19.0,21.0,1.0,70,1.0,2,0.0
C2,964,-0.18781855972285116,212.9,118.4,1,24.4,16.40625,111.0,61.0,21.0,1.0,70,3.0,1,0.0
C2,965,0.05056918984933674,106.80000000000001,62.5,1,13.6,16.40625,55.0,34.0,21.0,1.0,70,3.0,2,0.0
C2,966,-0.17172733752718533,196.6,116.7,1,17.6,16.40625,105.0,44.0,21.0,1.0,70,2.0,0,0.0
C2,967,-0.1674580230395153,205.8,117.2,1,24.8,16.40625,106.0,62.0,21.0,1.0,70,3.0,2,0.0
C2,968,0.17650087683154048,106.6,56.0,1,3.6,16.40625,55.0,9.0,21.0,1.0,30,1.0,1,0.0
C2,969,0.8551053220002116,17.9,17.7,1,4.4,16.40625,12.0,11.0,21.0,1.0,30,3.0,0,0.0
C2,970,0.24666987883447256,91.6,47.6,1,11.6,16.40625,45.0,29.0,21.0,1.0,30,3.0,2,0.0
C2,971,0.042368421052631555,181.9,106.2,1,21.2,16.40625,94.0,53.0,21.0,1.0,30,3.0,1,0.0
C2,972,0.26556415499110825,82.3,46.1,1,10.0,16.40625,47.0,25.0,21.0,1.0,30,2.0,1,0.0
C2,973,-0.2143465119623305,200.1,115.4,1,27.2,16.40625,117.0,68.0,21.0,1.0,90,3.0,1,0.0
C2,974,-0.22650051014788497,203.9,116.4,1,26.4,16.40625,102.0,66.0,21.0,1.0,90,3.0,1,0.0
C2,975,0.6655552192464198,18.2,17.8,1,3.2,16.40625,14.0,8.0,21.0,1.0,90,2.0,2,0.0
C2,976,0.6682797526248165,18.2,17.8,1,6.0,16.40625,16.0,15.0,21.0,1.0,90,3.0,0,0.0
C2,977,0.5538354641698358,33.300000000000004,26.8,1,8.0,16.40625,26.0,20.0,21.0,1.0,90,3.0,0,0.0
C2,978,-0.2160778028622911,195.5,107.30000000000001,1,21.6,16.40625,92.0,54.0,21.0,1.0,90,3.0,1,0.0
C2,979,0.45335032173488543,44.6,34.2,1,6.8,16.40625,37.0,17.0,21.0,1.0,90,2.0,1,0.0
C2,980,0.6659183675801024,18.2,17.9,1,3.6,16.40625,10.0,9.0,21.0,1.0,90,3.0,2,0.0
C2,981,-0.22197809090969894,203.0,117.0,1,27.2,16.40625,115.0,68.0,21.0,1.0,90,3.0,0,0.0
C2,982,-0.21309360099184438,205.5,118.7,1,32.4,16.40625,143.0,81.0,21.0,1.0,90,3.0,1,0.0
C2,983,-0.2441434582406038,207.2,120.1,1,22.8,16.40625,143.0,57.0,21.0,1.0,90,2.0,2,0.0
C2,984,-0.2308552252871014,201.8,114.3,1,22.4,16.40625,137.0,56.0,21.0,1.0,90,2.0,1,0.0
C2,985,-0.21733165906555635,205.2,114.2,1,30.8,16.40625,132.0,77.0,21.0,1.0,90,3.0,1,0.0
C2,986,-0.2701177388357585,209.2,112.9,1,11.6,16.40625,146.0,29.0,21.0,1.0,90,1.0,0,0.0
C2,987,-0.1181429257825154,204.5,115.7,1,35.2,17.1875,149.0,88.0,22.0,1.0,70,3.0,1,0.0
C2,988,-0.16347659893934408,197.5,114.4,1,20.4,16.40625,146.0,51.0,21.0,1.0,70,2.0,1,0.0
C2,989,-0.16252489445301216,201.4,114.4,1,23.2,16.40625,147.0,58.0,21.0,1.0,70,2.0,1,0.0
C2,990,-0.12494854890574864,206.4,116.6,1,34.8,16.40625,142.0,87.0,21.0,1.0,70,3.0,1,0.0
C2,991,-0.17364744561367484,188.6,110.60000000000001,1,10.8,16.40625,167.0,27.0,21.0,1.0,70,1.0,0,0.0
C2,992,-0.1781896207443573,202.5,118.1,1,20.0,16.40625,150.0,50.0,21.0,1.0,70,2.0,2,0.0
C2,993,-0.175213289243492,205.6,117.5,1,22.8,16.40625,140.0,57.0,21.0,1.0,70,2.0,0,0.0
C2,994,-0.19582119969172568,209.2,119.4,1,20.0,16.40625,129.0,50.0,21.0,1.0,70,2.0,2,0.0
C2,995,-0.16920665778650706,202.7,117.6,1,22.4,16.40625,148.0,56.0,21.0,1.0,70,2.0,0,0.0
C2,996,-0.18094594708459116,208.4,117.7,1,23.2,16.40625,145.0,58.0,21.0,1.0,70,2.0,0,0.0
C2,997,-0.1784527786390941,202.6,116.7,1,20.0,16.40625,136.0,50.0,21.0,1.0,70,2.0,2,0.0
C2,998,-0.17784486819086043,206.6,117.7,1,22.8,17.1875,141.0,57.0,22.0,1.0,70,2.0,1,0.0
C2,999,-0.12461248888440263,204.9,116.8,1,34.0,16.40625,142.0,85.0,21.0,1.0,70,3.0,1,0.0
C2,1000,-0.23522028383487376,215.4,120.2,1,13.6,16.40625,126.0,34.0,21.0,1.0,70,1.0,0,0.0
C2,1001,-0.1681630825760963,208.0,119.4,1,26.0,16.40625,154.0,65.0,21.0,1.0,70,2.0,0,0.0
C2,1002,-0.1958170407249466,204.1,116.5,1,16.4,16.40625,108.0,41.0,21.0,1.0,70,2.0,1,0.0
C2,1003,-0.1974355988549944,211.0,122.30000000000001,1,20.8,16.40625,126.0,52.0,21.0,1.0,70,2.0,1,0.0
C2,1004,-0.16050909318633244,203.8,113.10000000000001,1,25.2,17.1875,106.0,63.0,22.0,1.0,70,3.0,0,0.0
C2,1005,-0.020198870284604376,132.20000000000002,82.60000000000001,1,12.4,16.40625,74.0,31.0,21.0,1.0,70,2.0,1,0.0
C2,1006,0.44805461719170797,48.800000000000004,36.7,1,4.8,16.40625,38.0,12.0,21.0,1.0,70,1.0,2,0.0
C2,1007,-0.024266072623554596,144.6,92.1,1,20.4,16.40625,86.0,51.0,21.0,1.0,70,3.0,0,0.0
C2,1008,-0.14786040972468223,184.79999999999998,104.4,1,15.6,17.1875,97.0,39.0,22.0,1.0,70,2.0,1,0.0
C2,1009,-0.1655580417969888,197.7,112.9,1,20.0,16.40625,136.0,50.0,21.0,1.0,70,2.0,2,0.0
C2,1010,-0.19964292701800684,206.1,112.4,1,16.8,16.40625,199.0,42.0,21.0,1.0,70,1.0,1,0.0
C2,1011,-0.1452566800275849,200.6,113.19999999999999,1,26.8,17.1875,177.0,67.0,22.0,1.0,70,2.0,0,0.0
C2,1012,-0.08411546954153504,200.4,113.0,1,40.4,17.1875,171.0,101.0,22.0,1.0,70,3.0,1,0.0
C2,1013,-0.20633480034681007,200.1,115.8,1,10.0,16.40625,143.0,25.0,21.0,1.0,70,1.0,2,0.0
C2,1014,-0.07757477562722445,206.9,115.1,1,46.0,16.40625,204.0,115.0,21.0,1.0,70,3.0,1,0.0
C2,1015,-0.1978522823868447,200.2,113.69999999999999,1,12.8,16.40625,171.0,32.0,21.0,1.0,70,1.0,0,0.0
C2,1016,-0.12746869098918262,210.10000000000002,119.2,1,36.4,16.40625,230.0,91.0,21.0,1.0,70,2.0,2,0.0
C2,1017,-0.16974831613708602,205.4,116.5,1,24.0,16.40625,145.0,60.0,21.0,1.0,70,2.0,1,0.0
C2,1018,-0.21829308530331398,212.10000000000002,117.9,1,16.0,17.1875,201.0,40.0,22.0,1.0,70,1.0,1,0.0
C2,1019,-0.17132726350550703,206.0,115.2,1,24.0,16.40625,136.0,60.0,21.0,1.0,70,2.0,2,0.0
C2,1020,-0.1890145462234155,207.8,113.60000000000001,1,20.8,16.40625,130.0,52.0,21.0,1.0,70,2.0,0,0.0
C2,1021,-0.118821190281868,210.9,117.0,1,38.8,16.40625,169.0,97.0,21.0,1.0,70,3.0,0,0.0
C2,1022,-0.09192018181630845,208.6,121.6,1,43.6,16.40625,174.0,109.0,21.0,1.0,70,3.0,2,0.0
C2,1023,-0.08155942010491155,205.3,116.7,1,44.0,16.40625,279.0,110.0,21.0,1.0,70,2.0,2,0.0
C2,1024,-0.10281827015741404,202.1,114.1,1,37.2,16.40625,164.0,93.0,21.0,1.0,70,3.0,0,0.0
C2,1025,-0.003718237889414111,132.20000000000002,81.5,1,17.2,16.40625,71.0,43.0,21.0,1.0,70,3.0,2,0.0
C2,1026,0.0852186752613981,90.7,48.7,1,11.2,16.40625,41.0,28.0,21.0,1.0,70,3.0,1,0.0
C2,1027,0.01719470315316929,110.5,64.69999999999999,1,5.6,16.40625,59.0,14.0,21.0,1.0,70,1.0,0,0.0
C2,1028,0.4693519797495104,47.6,35.6,1,8.8,16.40625,32.0,22.0,21.0,1.0,70,3.0,1,0.0
C2,1029,-0.20572518607407803,202.7,113.8,1,12.4,16.40625,141.0,31.0,21.0,1.0,70,1.0,1,0.0
C2,1030,-0.19969438765000253,200.9,120.0,1,12.8,16.40625,144.0,32.0,21.0,1.0,70,1.0,2,0.0
C2,1031,-0.21121488659920284,204.3,114.9,1,12.0,16.40625,165.0,30.0,21.0,1.0,70,1.0,2,0.0
C2,1032,-0.19252440320315806,194.39999999999998,108.89999999999999,1,9.6,16.40625,136.0,24.0,21.0,1.0,70,1.0,1,0.0
C2,1033,-0.11573802258995913,202.9,115.4,1,34.8,16.40625,139.0,87.0,21.0,1.0,70,3.0,0,0.0
C2,1034,0.0495808599547366,102.4,59.0,1,9.6,16.40625,59.0,24.0,21.0,1.0,70,2.0,1,0.0
C2,1035,0.0576659060647913,106.7,63.70000000000001,1,15.6,16.40625,57.0,39.0,21.0,1.0,70,3.0,1,0.0
C2,1036,-0.19858261709080732,202.5,116.9,1,14.4,16.40625,180.0,36.0,21.0,1.0,70,1.0,0,0.0
C2,1037,-0.13755462525182938,203.0,118.7,1,30.0,16.40625,186.0,75.0,21.0,1.0,70,2.0,2,0.0
C2,1038,-0.18612642737640445,203.2,113.3,1,18.4,16.40625,219.0,46.0,21.0,1.0,70,1.0,1,0.0
C2,1039,-0.046456666210814235,204.0,114.5,1,52.4,16.40625,226.0,131.0,21.0,1.0,70,3.0,2,0.0
C2,1040,-0.1584757681280728,197.4,109.60000000000001,1,21.6,16.40625,152.0,54.0,21.0,1.0,70,2.0,2,0.0
C2,1041,-0.20782975130070908,205.5,112.69999999999999,1,14.0,16.40625,178.0,35.0,21.0,1.0,70,1.0,1,0.0
C2,1042,-0.2123188636654506,200.6,116.8,1,8.4,16.40625,117.0,21.0,21.0,1.0,70,1.0,1,0.0
C2,1043,-0.16709878529074274,208.9,118.9,1,26.8,16.40625,107.0,67.0,21.0,1.0,70,3.0,0,0.0
C2,1044,-0.24922530605013132,215.5,119.7,1,9.2,16.40625,113.0,23.0,21.0,1.0,70,1.0,1,0.0
C2,1045,-0.17830628489560646,199.1,113.4,1,17.6,16.40625,219.0,44.0,21.0,1.0,70,1.0,2,0.0
C2,1046,-0.24778756109789496,215.4,119.2,1,9.6,16.40625,101.0,24.0,21.0,1.0,70,1.0,2,0.0
C2,1047,-0.12186428285770778,206.6,117.9,1,35.6,16.40625,149.0,89.0,21.0,1.0,70,3.0,0,0.0
C2,1048,-0.18653607330855787,196.9,110.5,1,13.6,16.40625,188.0,34.0,21.0,1.0,70,1.0,0,0.0
C2,1049,-0.2170036697223861,209.5,118.6,1,14.4,16.40625,175.0,36.0,21.0,1.0,70,1.0,0,0.0
C2,1050,-0.10174704848890354,207.1,114.3,1,40.4,16.40625,191.0,101.0,21.0,1.0,70,3.0,0,0.0
C2,1051,-0.005148390158764282,133.3,84.4,1,17.6,16.40625,71.0,44.0,21.0,1.0,70,3.0,2,0.0
C2,1052,-0.18727309847085555,189.4,102.4,1,6.8,16.40625,93.0,17.0,21.0,1.0,70,1.0,2,0.0
C2,1053,-0.19995712594013698,202.0,113.5,1,13.6,16.40625,192.0,34.0,21.0,1.0,70,1.0,0,0.0
C2,1054,-0.13341457476442703,196.1,110.7,1,26.8,16.40625,126.0,67.0,21.0,1.0,70,3.0,0,0.0
C2,1055,0.027867169801369232,119.1,71.0,1,16.4,16.40625,64.0,41.0,21.0,1.0,70,3.0,1,0.0
C2,1056,-0.08439746775965531,205.1,116.0,1,43.2,16.40625,186.0,108.0,21.0,1.0,70,3.0,2,0.0
C2,1057,-0.21449269508365215,203.2,117.7,1,10.0,16.40625,128.0,25.0,21.0,1.0,70,1.0,2,0.0
C2,1058,0.08144875310187379,91.2,48.7,1,10.4,16.40625,41.0,26.0,21.0,1.0,70,3.0,1,0.0
C2,1059,0.03303619027582619,107.80000000000001,60.1,1,8.8,16.40625,59.0,22.0,21.0,1.0,70,2.0,1,0.0
C2,1060,-0.038820198776316955,133.39999999999998,79.5,1,7.2,17.1875,73.0,18.0,22.0,1.0,70,1.0,1,0.0
C2,1061,0.5756360038739479,33.6,27.3,1,2.4,16.40625,24.0,6.0,21.0,1.0,70,1.0,0,0.0
C2,1062,0.04172040080214198,104.5,58.3,1,8.8,16.40625,59.0,22.0,21.0,1.0,70,2.0,1,0.0
C2,1063,0.03681453822242185,115.7,72.2,1,16.4,16.40625,66.0,41.0,21.0,1.0,70,3.0,2,0.0
C2,1064,-0.18029488390225196,203.3,113.8,1,20.0,16.40625,132.0,50.0,21.0,1.0,70,2.0,1,0.0
C2,1065,-0.1884878757552922,208.2,115.8,1,21.2,16.40625,122.0,53.0,21.0,1.0,70,2.0,2,0.0
C2,1066,-0.09306283796258763,203.8,114.7,1,40.4,16.40625,176.0,101.0,21.0,1.0,70,3.0,2,0.0
C2,1067,-0.1416283689385931,201.2,113.10000000000001,1,28.0,16.40625,112.0,70.0,21.0,1.0,70,3.0,2,0.0
C2,1068,-0.12092827835808681,203.5,114.3,1,34.0,16.40625,139.0,85.0,21.0,1.0,70,3.0,2,0.0
C2,1069,0.0008033176985374757,131.6,79.2,1,18.0,16.40625,72.0,45.0,21.0,1.0,70,3.0,1,0.0
C2,1070,-0.1876177349330415,203.2,114.7,1,18.0,17.1875,116.0,45.0,22.0,1.0,70,2.0,0,0.0
C2,1071,-0.1645231057806983,209.9,117.2,1,28.0,16.40625,128.0,70.0,21.0,1.0,70,3.0,2,0.0
C2,1072,-0.21644598374023144,204.4,118.4,1,10.4,16.40625,118.0,26.0,21.0,1.0,70,1.0,1,0.0
C2,1073,-0.01473684210526316,203.6,114.9,1,34.8,16.40625,210.0,87.0,21.0,1.0,30,2.0,0,0.0
C2,1074,0.1437637992709546,120.5,64.69999999999999,2,6.6,16.015625,160.0,33.0,41.0,1.0,30,1.0,1,0.0
C2,1075,0.22236842105263158,113.5,62.6,2,26.6,16.015625,210.0,133.0,41.0,1.0,30,3.0,2,0.0
C2,1076,0.19507100659801652,115.7,62.199999999999996,2,15.4,16.015625,187.0,77.0,41.0,1.0,30,2.0,0,0.0
C2,1077,0.21212297450978831,92.1,43.3,2,3.0,16.015625,62.0,15.0,41.0,1.0,30,1.0,0,0.0
C2,1078,0.19696245673632692,106.7,56.9,2,8.8,16.015625,97.0,44.0,41.0,1.0,30,2.0,2,0.0
C2,1079,0.19791105693483638,117.9,62.7,2,18.8,16.015625,207.0,94.0,41.0,1.0,30,2.0,1,0.0
C2,1080,0.22894736842105262,111.0,61.5,2,22.0,16.015625,171.0,110.0,41.0,1.0,30,3.0,0,0.0
C2,1081,0.21210526315789474,117.4,63.3,2,20.2,16.015625,220.0,101.0,41.0,1.0,30,2.0,2,0.0
C2,1082,0.2426883822675123,85.2,42.7,2,6.0,16.015625,64.0,30.0,41.0,1.0,30,2.0,2,0.0
C2,1083,0.20414848661095258,107.5,56.2,2,11.4,16.015625,87.0,57.0,41.0,1.0,30,3.0,1,0.0
C2,1084,0.21088136523516285,111.9,62.9,2,17.6,16.015625,197.0,88.0,41.0,1.0,30,2.0,0,0.0
C2,1085,0.2070203429477298,112.60000000000001,62.8,2,16.8,16.015625,142.0,84.0,41.0,1.0,30,3.0,0,0.0
C2,1086,0.14944585508731814,117.2,63.2,2,3.8,16.015625,113.0,19.0,41.0,1.0,30,1.0,2,0.0
C2,1087,0.13295154016224914,126.9,66.0,2,6.0,16.015625,144.0,30.0,41.0,1.0,30,1.0,2,0.0
C2,1088,0.17423130572682083,113.9,61.9,2,7.8,16.015625,171.0,39.0,41.0,1.0,30,1.0,0,0.0
C2,1089,0.17689855518661765,112.3,60.900000000000006,2,7.4,16.015625,178.0,37.0,41.0,1.0,30,1.0,0,0.0
C2,1090,0.20172772029414993,115.0,62.9,2,17.2,16.015625,136.0,86.0,41.0,1.0,30,3.0,1,0.0
C2,1091,0.22447368421052635,112.69999999999999,63.5,2,22.4,16.015625,265.0,112.0,41.0,1.0,30,2.0,1,0.0
C2,1092,0.19842105263157894,122.6,67.10000000000001,2,28.4,16.015625,217.0,142.0,41.0,1.0,30,3.0,1,0.0
C2,1093,0.1810209860332799,111.9,64.8,2,8.2,16.015625,208.0,41.0,41.0,1.0,30,1.0,0,0.0
C2,1094,0.1899037506624865,119.3,67.8,2,17.0,16.015625,211.0,85.0,41.0,1.0,30,2.0,1,0.0
C2,1095,0.1834121617338078,116.4,62.300000000000004,2,12.2,16.015625,134.0,61.0,41.0,1.0,30,2.0,0,0.0
C2,1096,0.2134029434924285,108.3,59.8,2,15.0,16.015625,165.0,75.0,41.0,1.0,30,2.0,0,0.0
C2,1097,0.0004804318639684557,115.7,65.19999999999999,2,24.4,16.40625,206.0,122.0,42.0,1.0,90,3.0,2,0.0
C2,1098,-0.028663369985441944,115.0,61.6,2,6.4,16.015625,162.0,32.0,41.0,1.0,90,1.0,0,0.0
C2,1099,-0.023867312366415233,115.0,63.8,2,10.4,16.015625,127.0,52.0,41.0,1.0,90,2.0,0,0.0
C2,1100,-0.23193125527195074,204.0,113.69999999999999,1,27.6,17.1875,170.0,69.0,22.0,1.0,90,2.0,1,0.0
C2,1101,-0.18883252513660337,204.8,116.7,1,18.8,16.40625,126.0,47.0,21.0,1.0,70,2.0,0,0.0
C2,1102,-0.23180534035051692,210.7,122.30000000000001,1,10.8,16.40625,139.0,27.0,21.0,1.0,70,1.0,2,0.0
C2,1103,-0.22620861372947393,207.2,120.80000000000001,1,9.6,16.40625,146.0,24.0,21.0,1.0,70,1.0,2,0.0
C2,1104,-0.21267606158070712,203.9,114.6,1,11.2,16.40625,157.0,28.0,21.0,1.0,70,1.0,2,0.0
C2,1105,-0.12453411015763072,208.3,118.4,1,36.0,16.40625,144.0,90.0,21.0,1.0,70,3.0,2,0.0
C2,1106,-0.1583440989360398,210.9,118.4,1,30.0,17.1875,182.0,75.0,22.0,1.0,70,2.0,2,0.0
C2,1107,-0.20423809335652554,207.3,117.5,1,16.4,16.40625,193.0,41.0,21.0,1.0,70,1.0,1,0.0
C2,1108,-0.15913434919653546,202.0,116.2,1,24.4,16.40625,147.0,61.0,21.0,1.0,70,2.0,0,0.0
C2,1109,-0.15130931160653222,202.9,114.2,1,26.8,16.40625,187.0,67.0,21.0,1.0,70,2.0,2,0.0
C2,1110,-0.0958116412275069,200.8,115.2,1,38.0,17.1875,164.0,95.0,22.0,1.0,70,3.0,2,0.0
C2,1111,-0.22537370290840447,213.2,120.39999999999999,1,14.8,16.40625,177.0,37.0,21.0,1.0,70,1.0,2,0.0
C2,1112,-0.15669663603394673,209.60000000000002,118.9,1,29.6,17.1875,170.0,74.0,22.0,1.0,70,2.0,2,0.0
C2,1113,-0.11702879647320338,207.5,117.7,1,37.2,16.40625,147.0,93.0,21.0,1.0,70,3.0,0,0.0
C2,1114,-0.14470104707447912,203.7,111.3,1,28.8,17.1875,121.0,72.0,22.0,1.0,70,3.0,1,0.0
C2,1115,-0.18573619165064498,204.2,118.9,1,19.2,16.40625,115.0,48.0,21.0,1.0,70,2.0,2,0.0
C2,1116,-0.0028182476880293794,118.5,70.0,1,6.0,16.40625,66.0,15.0,21.0,1.0,70,1.0,0,0.0
C2,1117,-0.19543240070221723,204.5,115.2,1,16.8,16.40625,119.0,42.0,21.0,1.0,70,2.0,2,0.0
C2,1118,-0.06573267036406658,202.4,115.5,1,46.0,16.40625,302.0,115.0,21.0,1.0,70,2.0,1,0.0
C2,1119,-0.18547303375590812,204.1,113.5,1,19.2,16.40625,117.0,48.0,21.0,1.0,70,2.0,1,0.0
C2,1120,-0.1469780935131591,174.5,103.2,1,7.2,16.40625,92.0,18.0,21.0,1.0,70,1.0,1,0.0
C2,1121,-0.21989909712551864,207.6,115.8,1,12.0,16.40625,131.0,30.0,21.0,1.0,70,1.0,2,0.0
C2,1122,-0.01887087926697678,124.60000000000001,73.1,1,6.0,16.40625,79.0,15.0,21.0,1.0,70,1.0,2,0.0
C2,1123,0.4673001582003507,48.099999999999994,35.6,1,9.6,16.40625,32.0,24.0,21.0,1.0,70,3.0,1,0.0
C2,1124,0.06173156024949032,104.1,61.5,1,14.8,16.40625,59.0,37.0,21.0,1.0,70,3.0,2,0.0
C2,1125,-0.19511054501366754,201.7,109.0,1,14.8,16.40625,91.0,37.0,21.0,1.0,70,2.0,0,0.0
C2,1126,-0.12416096892860845,167.1,99.6,1,8.4,16.40625,92.0,21.0,21.0,1.0,70,1.0,2,0.0
C2,1127,0.09773248182184974,86.9,47.199999999999996,1,12.0,16.40625,43.0,30.0,21.0,1.0,70,3.0,2,0.0
C2,1128,0.005639304685983268,113.0,62.300000000000004,1,3.6,16.40625,53.0,9.0,21.0,1.0,70,1.0,0,0.0
C2,1129,-0.15986682085334858,204.2,116.7,1,25.6,16.40625,102.0,64.0,21.0,1.0,70,3.0,0,0.0
C2,1130,-0.013979094428567762,140.1,89.80000000000001,1,20.0,16.40625,84.0,50.0,21.0,1.0,70,3.0,1,0.0
C2,1131,-0.1825891244921078,194.39999999999998,115.4,1,12.8,16.40625,166.0,32.0,21.0,1.0,70,1.0,2,0.0
C2,1132,-0.17533033569709977,202.6,115.1,1,20.8,16.40625,123.0,52.0,21.0,1.0,70,2.0,2,0.0
C2,1133,-0.14726124530842127,177.2,108.3,1,9.6,16.40625,125.0,24.0,21.0,1.0,70,1.0,2,0.0
C2,1134,-0.18488515671555078,203.3,114.5,1,18.8,16.40625,125.0,47.0,21.0,1.0,70,2.0,1,0.0
C2,1135,-0.15719486514477843,201.9,114.6,1,24.8,17.1875,141.0,62.0,22.0,1.0,70,2.0,1,0.0
C2,1136,-0.1722535777681824,198.5,113.10000000000001,1,18.8,16.40625,115.0,47.0,21.0,1.0,70,2.0,0,0.0
C2,1137,-0.13043854568677316,207.8,117.8,1,34.4,17.1875,146.0,86.0,22.0,1.0,70,3.0,2,0.0
C2,1138,-0.21916765225592638,209.3,120.39999999999999,1,13.6,16.40625,158.0,34.0,21.0,1.0,70,1.0,1,0.0
C2,1139,-0.05427481901376957,201.6,113.9,1,48.4,16.40625,209.0,121.0,21.0,1.0,70,3.0,2,0.0
C2,1140,-0.19609784741417674,202.6,116.0,1,15.2,16.40625,179.0,38.0,21.0,1.0,70,1.0,1,0.0
C2,1141,-0.21527793762907876,202.6,115.5,1,9.2,16.40625,138.0,23.0,21.0,1.0,70,1.0,2,0.0
C2,1142,-0.09434750607134174,201.6,114.0,1,38.8,16.40625,166.0,97.0,21.0,1.0,70,3.0,0,0.0
C2,1143,-0.1147590096485595,208.0,117.4,1,38.0,17.1875,233.0,95.0,22.0,1.0,70,2.0,0,0.0
C2,1144,-0.15100300322897797,204.1,113.8,1,27.6,17.96875,184.0,69.0,23.0,1.0,70,2.0,1,0.0
C2,1145,-0.2125887048875053,206.8,114.0,1,13.6,16.40625,159.0,34.0,21.0,1.0,70,1.0,0,0.0
C2,1146,-0.16837118398033413,203.0,114.4,1,22.8,16.40625,156.0,57.0,21.0,1.0,70,2.0,1,0.0
C2,1147,-0.2066234300017598,201.6,117.2,1,11.2,16.40625,161.0,28.0,21.0,1.0,70,1.0,2,0.0
C2,1148,-0.22688658789649657,209.3,119.9,1,11.2,16.40625,158.0,28.0,21.0,1.0,70,1.0,2,0.0
C2,1149,-0.16407734716913797,205.8,111.8,1,25.6,16.40625,173.0,64.0,21.0,1.0,70,2.0,2,0.0
C2,1150,-0.1342660726235546,186.4,101.1,1,20.4,16.40625,92.0,51.0,21.0,1.0,70,3.0,2,0.0
C2,1151,-0.13125164830441177,204.0,114.0,1,32.0,16.40625,135.0,80.0,21.0,1.0,70,3.0,0,0.0
C2,1152,-0.14130931160653232,199.1,109.5,1,26.8,16.40625,121.0,67.0,21.0,1.0,70,3.0,2,0.0
C2,1153,-0.1931154402815815,198.4,111.9,1,12.8,16.40625,167.0,32.0,21.0,1.0,70,1.0,0,0.0
C2,1154,-0.22226124530842123,205.7,116.6,1,9.6,16.40625,116.0,24.0,21.0,1.0,70,1.0,2,0.0
C2,1155,-0.18387119130179852,211.4,117.5,1,24.4,17.1875,145.0,61.0,22.0,1.0,70,2.0,0,0.0
C2,1156,-0.2149350144586039,208.2,117.1,1,14.0,17.1875,146.0,35.0,22.0,1.0,70,1.0,2,0.0
C2,1157,-0.2501359882500012,213.7,115.9,1,7.2,16.40625,117.0,18.0,21.0,1.0,70,1.0,0,0.0
C2,1158,-0.02421052631578946,207.2,117.4,1,42.0,16.40625,184.0,105.0,21.0,1.0,50,3.0,2,0.0
C2,1159,-0.032653747937446215,172.7,104.7,1,15.6,17.1875,93.0,39.0,22.0,1.0,50,2.0,2,0.0
C2,1160,0.0625464015976398,144.0,92.1,1,20.0,16.40625,88.0,50.0,21.0,1.0,50,3.0,2,0.0
C2,1161,-0.1426753961243118,203.6,113.5,1,9.2,16.40625,123.0,23.0,21.0,1.0,50,1.0,0,0.0
C2,1162,-0.08542099576654472,207.4,119.8,1,24.4,16.40625,102.0,61.0,21.0,1.0,50,3.0,2,0.0
C2,1163,-0.043316449585790284,203.3,114.9,1,32.8,16.40625,201.0,82.0,21.0,1.0,50,2.0,1,0.0
C2,1164,-0.08189176467894638,202.2,113.69999999999999,1,22.0,16.40625,152.0,55.0,21.0,1.0,50,2.0,0,0.0
C2,1165,-0.13979980376030882,209.3,115.5,1,13.2,17.1875,135.0,33.0,22.0,1.0,50,1.0,0,0.0
C2,1166,0.08839888508828253,130.8,82.10000000000001,1,18.0,16.40625,72.0,45.0,21.0,1.0,50,3.0,0,0.0
C2,1167,0.5566551264802722,44.0,36.3,1,4.4,16.40625,34.0,11.0,21.0,1.0,50,1.0,0,0.0
C2,1168,-0.12071251998867144,196.6,114.8,1,10.0,16.40625,104.0,25.0,21.0,1.0,50,1.0,2,0.0
C2,1169,-0.08066794814273112,178.7,101.9,1,8.4,16.40625,96.0,21.0,21.0,1.0,50,1.0,2,0.0
C2,1170,-0.11261816817108986,194.20000000000002,113.9,1,10.4,16.40625,146.0,26.0,21.0,1.0,50,1.0,1,0.0
C2,1171,-0.2610157033464256,207.6,116.8,1,14.8,17.1875,163.0,37.0,22.0,1.0,90,1.0,0,0.0
C2,1172,-0.2386736759107424,203.1,113.8,1,20.4,16.40625,152.0,51.0,21.0,1.0,90,2.0,1,0.0
C2,1173,-0.2642762779186803,214.5,116.6,1,22.4,16.40625,120.0,56.0,21.0,1.0,90,2.0,0,0.0
C2,1174,0.45119709091901367,44.699999999999996,34.9,1,5.6,16.40625,31.0,14.0,21.0,1.0,90,2.0,0,0.0
C2,1175,0.5561651459127606,33.2,27.099999999999998,1,9.2,16.40625,29.0,23.0,21.0,1.0,90,3.0,0,0.0
C2,1176,-0.22387509110350795,197.8,115.3,1,20.8,16.40625,138.0,52.0,21.0,1.0,90,2.0,1,0.0
C2,1177,-0.20864134281137375,205.3,118.0,1,33.6,17.1875,149.0,84.0,22.0,1.0,90,3.0,2,0.0
C2,1178,-0.2232880890033893,207.0,117.9,1,30.4,16.40625,124.0,76.0,21.0,1.0,90,3.0,0,0.0
C2,1179,-0.21265058982049428,202.5,114.8,1,10.0,16.40625,117.0,25.0,21.0,1.0,70,1.0,0,0.0
C2,1180,-0.1917141379348929,202.0,118.6,1,16.0,16.40625,163.0,40.0,21.0,1.0,70,1.0,2,0.0
C2,1181,-0.2524129036859702,219.0,124.39999999999999,1,11.2,16.40625,136.0,28.0,21.0,1.0,70,1.0,2,0.0
C2,1182,-0.0437947555399833,144.2,93.3,1,14.8,17.1875,84.0,37.0,22.0,1.0,70,2.0,2,0.0
C2,1183,0.012520771805155345,118.8,74.30000000000001,1,11.6,16.40625,67.0,29.0,21.0,1.0,70,2.0,2,0.0
C2,1184,-0.0015744620316535674,134.8,83.7,1,19.6,16.40625,79.0,49.0,21.0,1.0,70,3.0,2,0.0
C2,1185,-0.12018666874066095,163.1,97.3,1,6.0,16.40625,88.0,15.0,21.0,1.0,70,1.0,2,0.0
C2,1186,0.034972693153211956,106.2,60.6,1,8.0,16.40625,54.0,20.0,21.0,1.0,70,2.0,0,0.0
C2,1187,-0.20564802025048962,198.5,113.9,1,8.8,16.40625,110.0,22.0,21.0,1.0,70,1.0,0,0.0
C2,1188,0.12451613866578685,77.7,45.8,1,12.8,16.40625,47.0,32.0,21.0,1.0,70,3.0,1,0.0
C2,1189,-0.18323169053429922,202.1,115.2,1,18.4,16.40625,104.0,46.0,21.0,1.0,70,2.0,1,0.0
C2,1190,0.038027700470294856,107.7,63.2,1,10.4,16.40625,57.0,26.0,21.0,1.0,70,2.0,1,0.0
C2,1191,-0.22844861967231495,216.5,119.9,1,16.4,16.40625,127.0,41.0,21.0,1.0,70,2.0,2,0.0
C2,1192,0.08199445601568167,92.39999999999999,51.4,1,11.6,17.1875,43.0,29.0,22.0,1.0,70,3.0,2,0.0
C2,1193,0.1289028857877139,74.1,44.699999999999996,1,11.2,16.40625,42.0,28.0,21.0,1.0,70,3.0,0,0.0
C2,1194,0.5850295321610786,33.300000000000004,26.200000000000003,1,5.2,16.40625,23.0,13.0,21.0,1.0,70,2.0,2,0.0
C2,1195,0.03642296521789454,107.39999999999999,62.4,1,9.6,16.40625,54.0,24.0,21.0,1.0,70,2.0,0,0.0
C2,1196,-0.032208540703028865,128.5,72.3,1,4.8,16.40625,69.0,12.0,21.0,1.0,70,1.0,0,0.0
C2,1197,-0.16694939428523953,209.5,119.4,1,27.2,16.40625,110.0,68.0,21.0,1.0,70,3.0,2,0.0
C2,1198,-0.031689754510634105,135.6,84.1,1,11.6,16.40625,72.0,29.0,21.0,1.0,70,2.0,0,0.0
C2,1199,-0.2062086137294739,199.6,112.10000000000001,1,9.6,16.40625,115.0,24.0,21.0,1.0,70,1.0,1,0.0
C2,1200,0.04327514619616629,100.2,59.2,1,5.2,17.1875,54.0,13.0,22.0,1.0,70,1.0,1,0.0
C2,1201,-0.21302493110865256,203.1,118.5,1,10.4,16.40625,117.0,26.0,21.0,1.0,70,1.0,0,0.0
C2,1202,-0.18535230922314005,189.5,102.0,1,7.6,16.40625,94.0,19.0,21.0,1.0,70,1.0,1,0.0
C2,1203,-0.17089676270629212,211.0,121.7,1,27.2,17.96875,104.0,68.0,23.0,1.0,70,3.0,0,0.0
C2,1204,-0.18020987586117132,202.1,114.8,1,19.2,16.40625,122.0,48.0,21.0,1.0,70,2.0,2,0.0
C2,1205,0.002820941044648251,131.39999999999998,82.69999999999999,1,18.4,16.40625,78.0,46.0,21.0,1.0,70,3.0,1,0.0
C2,1206,-0.015725186074078024,130.5,78.8,1,12.4,16.40625,73.0,31.0,21.0,1.0,70,2.0,2,0.0
C2,1207,-0.24616343872116037,217.1,119.2,1,11.6,16.40625,145.0,29.0,21.0,1.0,70,1.0,1,0.0
C2,1208,-0.15629856687054305,202.2,112.9,1,25.2,16.40625,156.0,63.0,21.0,1.0,70,2.0,0,0.0
C2,1209,-0.10158778138788047,205.7,116.9,1,39.6,16.40625,161.0,99.0,21.0,1.0,70,3.0,2,0.0
C2,1210,-0.14759578391658434,204.8,115.5,1,28.8,16.40625,122.0,72.0,21.0,1.0,70,3.0,2,0.0
C2,1211,-0.161450980040156,190.5,110.8,1,16.0,16.40625,101.0,40.0,21.0,1.0,70,2.0,0,0.0
C2,1212,-0.18640490502990492,211.10000000000002,119.6,1,23.6,16.40625,104.0,59.0,21.0,1.0,70,3.0,2,0.0
C2,1213,-0.14871177756705184,186.20000000000002,103.9,1,16.4,16.40625,95.0,41.0,21.0,1.0,70,2.0,1,0.0
C2,1214,-0.18258171029612352,208.4,118.2,1,22.8,17.1875,135.0,57.0,22.0,1.0,70,2.0,2,0.0
C2,1215,-0.03412108632051489,130.0,77.89999999999999,1,5.6,16.40625,78.0,14.0,21.0,1.0,70,1.0,1,0.0
C2,1216,-0.04097419309235775,133.39999999999998,79.10000000000001,1,6.4,16.40625,79.0,16.0,21.0,1.0,70,1.0,1,0.0
C2,1217,-0.0036309284927502072,135.0,83.0,1,19.2,16.40625,74.0,48.0,21.0,1.0,70,3.0,0,0.0
C2,1218,-0.11603540897580628,186.9,105.2,1,25.2,16.40625,98.0,63.0,21.0,1.0,70,3.0,1,0.0
C2,1219,-0.19928432211324654,208.2,118.4,1,18.4,16.40625,116.0,46.0,21.0,1.0,70,2.0,1,0.0
C2,1220,-0.1077167562970971,208.7,115.7,1,40.0,17.1875,166.0,100.0,22.0,1.0,70,3.0,0,0.0
C2,1221,-0.18715047899312404,199.2,116.2,1,15.2,16.40625,192.0,38.0,21.0,1.0,70,1.0,2,0.0
C2,1222,-0.20476856811277833,212.60000000000002,120.5,1,20.0,16.40625,122.0,50.0,21.0,1.0,70,2.0,0,0.0
C2,1223,-0.2357399162970295,209.5,117.6,1,8.4,16.40625,105.0,21.0,21.0,1.0,70,1.0,1,0.0
C2,1224,-0.10742884699973598,201.8,114.5,1,36.0,16.40625,157.0,90.0,21.0,1.0,70,3.0,2,0.0
C2,1225,-0.20443081015066322,203.7,111.10000000000001,1,13.6,16.40625,165.0,34.0,21.0,1.0,70,1.0,1,0.0
C2,1226,-0.09914906739744411,204.1,114.9,1,39.2,16.40625,171.0,98.0,21.0,1.0,70,3.0,0,0.0
C2,1227,-0.18025867255796935,202.7,112.4,1,19.6,16.40625,124.0,49.0,21.0,1.0,70,2.0,0,0.0
C2,1228,-0.17394288308428513,200.3,110.8,1,19.6,16.40625,126.0,49.0,21.0,1.0,70,2.0,1,0.0
C2,1229,-0.17132726350550703,206.0,117.3,1,24.0,16.40625,154.0,60.0,21.0,1.0,70,2.0,0,0.0
C2,1230,-0.15092450753752334,202.1,113.19999999999999,1,26.4,16.40625,121.0,66.0,21.0,1.0,70,3.0,0,0.0
C2,1231,-0.14170892611650643,197.3,114.6,1,25.6,17.1875,160.0,64.0,22.0,1.0,70,2.0,0,0.0
C2,1232,0.018947368421052643,187.6,92.5,2,24.8,16.015625,174.0,124.0,41.0,1.0,30,3.0,2,0.0
C2,1233,0.19674585592564442,116.7,60.0,2,17.0,16.015625,129.0,85.0,41.0,1.0,30,3.0,0,0.0
C2,1234,0.20832480329406547,112.3,62.1,2,17.0,16.015625,127.0,85.0,41.0,1.0,30,3.0,1,0.0
C2,1235,0.19511756298682406,111.69999999999999,60.199999999999996,2,12.0,16.015625,149.0,60.0,41.0,1.0,30,2.0,2,0.0
C2,1236,0.20578947368421055,119.8,64.8,2,20.6,16.015625,156.0,103.0,41.0,1.0,30,3.0,1,0.0
C2,1237,0.1472840510683119,119.6,62.7,2,4.8,16.015625,128.0,24.0,41.0,1.0,30,1.0,0,0.0
C2,1238,0.15260374982416022,116.0,65.60000000000001,2,3.8,16.015625,100.0,19.0,41.0,1.0,30,1.0,1,0.0
C2,1239,0.19670272679028275,117.1,62.300000000000004,2,17.4,16.015625,131.0,87.0,41.0,1.0,30,3.0,0,0.0
C2,1240,0.21947368421052635,114.6,63.70000000000001,2,22.2,16.015625,166.0,111.0,41.0,1.0,30,3.0,1,0.0
C2,1241,0.17326518398785198,117.1,62.9,2,9.8,16.015625,208.0,49.0,41.0,1.0,30,1.0,0,0.0
C2,1242,0.18985911701922334,114.2,62.0,2,12.4,16.015625,142.0,62.0,41.0,1.0,30,2.0,0,0.0
C2,1243,0.1718423925488506,122.5,68.0,2,13.6,16.015625,102.0,68.0,41.0,1.0,30,3.0,1,0.0
C2,1244,0.18921052631578952,126.1,64.3,2,20.4,16.015625,160.0,102.0,41.0,1.0,30,3.0,1,0.0
C2,1245,0.1811152766581596,125.1,66.9,2,19.8,16.015625,232.0,99.0,41.0,1.0,30,2.0,1,0.0
C2,1246,0.19380648544027598,112.69999999999999,62.199999999999996,2,12.4,16.015625,145.0,62.0,41.0,1.0,30,2.0,0,0.0
C2,1247,0.16473353508729033,117.8,64.9,2,8.0,16.015625,162.0,40.0,41.0,1.0,30,1.0,2,0.0
C2,1248,0.14741033055823735,121.1,65.3,2,5.8,16.40625,147.0,29.0,42.0,1.0,30,1.0,0,0.0
C2,1249,0.14842261500988171,120.1,62.1,2,5.4,16.015625,105.0,27.0,41.0,1.0,30,1.0,2,0.0
C2,1250,0.1613068985759131,124.8,63.4,2,12.2,16.015625,135.0,61.0,41.0,1.0,30,2.0,1,0.0
C2,1251,-0.04455860442069112,205.0,105.5,1,16.8,16.40625,206.0,42.0,21.0,1.0,30,1.0,0,0.0
C2,1252,-0.012352100959900414,197.8,113.4,1,18.8,17.1875,111.0,47.0,22.0,1.0,30,2.0,1,0.0
C2,1253,-0.03865458043237088,204.3,116.7,1,15.2,17.1875,171.0,38.0,22.0,1.0,30,1.0,0,0.0
C2,1254,-0.02421052631578935,204.0,112.0,2,33.6,16.40625,144.0,84.0,21.0,1.0,30,3.0,2,0.0
C2,1255,0.14962108096783677,126.9,68.1,2,10.4,16.015625,123.0,52.0,41.0,1.0,30,2.0,0,0.0
C2,1256,0.17885613188852115,114.7,63.2,2,9.6,16.015625,219.0,48.0,41.0,1.0,30,1.0,0,0.0
C2,1257,0.15958097346153619,122.30000000000001,66.5,2,9.8,16.015625,223.0,49.0,41.0,1.0,30,1.0,0,0.0
C2,1258,0.10636724487325966,118.5,67.6,2,14.8,16.015625,187.0,74.0,41.0,1.0,50,2.0,2,0.0
C2,1259,0.08815270689758781,110.60000000000001,62.7,2,6.0,16.015625,119.0,30.0,41.0,1.0,50,1.0,2,0.0
C2,1260,-0.02312826192071596,195.20000000000002,103.9,1,35.2,16.40625,149.0,88.0,21.0,1.0,50,3.0,0,0.0
C2,1261,-0.068344836180708,199.0,112.69999999999999,1,23.2,16.40625,153.0,58.0,21.0,1.0,50,2.0,2,0.0
C2,1262,-0.14443788498477905,203.6,119.0,1,8.8,16.40625,123.0,22.0,21.0,1.0,50,1.0,0,0.0
C2,1263,-0.02921052631578952,209.1,117.3,1,27.2,17.1875,112.0,68.0,22.0,1.0,30,3.0,1,0.0
C2,1264,0.08954184652628208,145.2,93.10000000000001,1,7.2,16.40625,83.0,18.0,21.0,1.0,30,1.0,0,0.0
C2,1265,0.007974405814436675,175.6,101.0,1,6.8,16.40625,82.0,17.0,21.0,1.0,30,1.0,0,0.0
C2,1266,-0.019210526315789456,205.3,115.3,1,22.0,17.1875,142.0,55.0,22.0,1.0,30,2.0,1,0.0
C2,1267,-0.020263157894736872,202.5,106.7,2,25.6,16.015625,155.0,128.0,41.0,1.0,30,3.0,2,0.0
C2,1268,0.19133210956641533,120.39999999999999,65.5,2,18.8,16.015625,146.0,94.0,41.0,1.0,30,3.0,2,0.0
C2,1269,0.19036912957164343,117.7,66.0,2,15.6,16.015625,182.0,78.0,41.0,1.0,30,2.0,2,0.0
C2,1270,0.1980616453993286,116.2,63.4,2,17.0,16.40625,138.0,85.0,42.0,1.0,30,3.0,1,0.0
C2,1271,0.20894736842105266,118.6,66.69999999999999,2,23.0,16.015625,163.0,115.0,41.0,1.0,30,3.0,1,0.0
C2,1272,0.1960526315789474,123.5,66.9,2,21.2,16.015625,154.0,106.0,41.0,1.0,30,3.0,0,0.0
C2,1273,0.19355552174840202,116.7,65.9,2,15.8,16.015625,128.0,79.0,41.0,1.0,30,3.0,2,0.0
C2,1274,0.12585763599996633,131.39999999999998,70.2,2,7.2,16.015625,148.0,36.0,41.0,1.0,30,1.0,2,0.0
C2,1275,0.15900381834451238,119.1,63.8,2,7.4,16.015625,172.0,37.0,41.0,1.0,30,1.0,2,0.0
C2,1276,0.17848921494733472,111.4,62.9,2,7.2,16.015625,164.0,36.0,41.0,1.0,30,1.0,1,0.0
C2,1277,0.2073684210526316,119.2,67.8,2,20.6,16.015625,160.0,103.0,41.0,1.0,30,3.0,1,0.0
C2,1278,0.17680561480291682,116.3,65.0,2,10.2,16.015625,118.0,51.0,41.0,1.0,30,2.0,2,0.0
C2,1279,0.15691019617111918,118.1,67.8,2,6.2,16.015625,148.0,31.0,41.0,1.0,30,1.0,2,0.0
C2,1280,0.1980616453993286,116.2,65.60000000000001,2,17.0,16.015625,134.0,85.0,41.0,1.0,30,3.0,1,0.0
C2,1281,0.17374830271715394,121.30000000000001,64.9,2,13.2,16.015625,159.0,66.0,41.0,1.0,30,2.0,1,0.0
C2,1282,-0.03557246944761122,117.0,64.10000000000001,2,4.8,16.015625,130.0,24.0,41.0,1.0,90,1.0,1,0.0
C2,1283,0.024186341362818276,95.60000000000001,51.7,2,8.0,16.015625,89.0,40.0,41.0,1.0,90,2.0,0,0.0
C2,1284,-0.033611117697260995,117.3,67.5,2,7.4,16.015625,102.0,37.0,41.0,1.0,90,2.0,2,0.0
C2,1285,0.00480993493431793,102.7,58.3,2,7.4,16.015625,93.0,37.0,41.0,1.0,90,2.0,0,0.0
C2,1286,-0.23705604855663892,194.1,98.6,1,12.8,16.40625,201.0,32.0,21.0,1.0,90,1.0,2,0.0
C2,1287,-0.22492351084592405,202.9,115.1,1,26.0,17.1875,162.0,65.0,22.0,1.0,90,2.0,1,0.0
C2,1288,-0.24330852462333524,198.8,113.4,1,11.2,16.40625,141.0,28.0,21.0,1.0,90,1.0,0,0.0
C2,1289,-0.2264049394824772,205.1,111.8,1,27.6,16.40625,180.0,69.0,21.0,1.0,90,2.0,2,0.0
C2,1290,-0.2169312552719509,201.5,115.9,1,27.6,16.40625,185.0,69.0,21.0,1.0,90,2.0,0,0.0
C2,1291,-0.23267605861952612,211.5,120.5,1,31.2,16.40625,196.0,78.0,21.0,1.0,90,2.0,1,0.0
C2,1292,-0.1673645448011571,202.0,116.2,1,42.4,16.40625,175.0,106.0,21.0,1.0,90,3.0,0,0.0
C2,1293,-0.2193407205823366,205.5,116.8,1,30.4,16.40625,181.0,76.0,21.0,1.0,90,2.0,2,0.0
C2,1294,-0.12383692479245761,151.5,92.3,1,7.2,16.40625,87.0,18.0,21.0,1.0,90,1.0,0,0.0
C2,1295,-0.24827563357260052,200.9,115.1,1,11.6,16.40625,106.0,29.0,21.0,1.0,90,1.0,2,0.0
C2,1296,-0.2901829630412368,216.0,119.9,1,10.0,16.40625,110.0,25.0,21.0,1.0,90,1.0,0,0.0
C2,1297,-0.05245979980294069,131.39999999999998,83.6,1,19.2,16.40625,79.0,48.0,21.0,1.0,90,3.0,1,0.0
C2,1298,-0.26875465010672944,212.7,121.6,1,18.0,17.1875,119.0,45.0,22.0,1.0,90,2.0,2,0.0
C2,1299,-0.22995044261281905,207.3,119.1,1,28.4,16.40625,106.0,71.0,21.0,1.0,90,3.0,0,0.0
C2,1300,-0.26594011724513406,206.4,116.3,1,9.2,16.40625,114.0,23.0,21.0,1.0,90,1.0,0,0.0
C2,1301,-0.25577912733808167,207.2,113.4,1,17.2,16.40625,115.0,43.0,21.0,1.0,90,2.0,1,0.0
C2,1302,-0.24544734901031473,207.0,118.0,1,22.0,16.40625,135.0,55.0,21.0,1.0,90,2.0,1,0.0
C2,1303,-0.19445984019619933,205.8,115.4,1,38.0,16.40625,154.0,95.0,21.0,1.0,90,3.0,1,0.0
C2,1304,-0.22879501766852878,210.5,117.6,1,31.6,17.1875,127.0,79.0,22.0,1.0,90,3.0,0,0.0
C2,1305,-0.011842105263157932,202.5,115.4,1,30.0,17.1875,133.0,75.0,22.0,1.0,30,3.0,1,0.0
C2,1306,0.1376478990400995,140.8,89.39999999999999,1,18.8,16.40625,86.0,47.0,21.0,1.0,30,3.0,0,0.0
C2,1307,0.21440152495504466,107.7,61.800000000000004,1,14.8,16.40625,57.0,37.0,21.0,1.0,30,3.0,2,0.0
C2,1308,0.16966468284978148,124.7,81.3,1,14.8,16.40625,70.0,37.0,21.0,1.0,30,3.0,2,0.0
C2,1309,-0.06119543800051511,204.8,112.5,1,8.8,16.40625,113.0,22.0,21.0,1.0,30,1.0,0,0.0
C2,1310,0.03578947368421054,184.4,105.5,1,24.0,16.40625,96.0,60.0,21.0,1.0,30,3.0,1,0.0
C2,1311,-0.03166880582161696,205.8,117.2,1,19.6,16.40625,118.0,49.0,21.0,1.0,30,2.0,2,0.0
C2,1312,0.11270728794983498,135.2,79.5,1,6.4,17.1875,75.0,16.0,22.0,1.0,30,1.0,1,0.0
C2,1313,-0.06385643695500112,209.60000000000002,120.89999999999999,1,11.6,16.40625,136.0,29.0,21.0,1.0,30,1.0,1,0.0
C2,1314,-0.058799971663742207,206.1,114.0,1,10.4,16.40625,124.0,26.0,21.0,1.0,30,1.0,2,0.0
C2,1315,-0.058660392161159314,204.4,121.5,1,9.2,17.1875,124.0,23.0,22.0,1.0,30,1.0,2,0.0
C2,1316,0.24789142982413243,86.2,48.099999999999994,1,8.0,16.40625,49.0,20.0,21.0,1.0,30,2.0,2,0.0
C2,1317,0.19544194580515403,101.3,60.0,1,4.8,16.40625,59.0,12.0,21.0,1.0,30,1.0,1,0.0
C2,1318,0.14459803743138683,102.6,60.8,1,14.0,16.40625,54.0,35.0,21.0,1.0,50,3.0,2,0.0
C2,1319,0.14591382690507104,102.1,60.3,1,14.0,16.40625,54.0,35.0,21.0,1.0,50,3.0,0,0.0
C2,1320,0.11928699300048076,117.7,72.4,1,17.2,16.40625,68.0,43.0,21.0,1.0,50,3.0,2,0.0
C2,1321,0.02576730469413277,150.5,93.3,1,15.6,16.40625,80.0,39.0,21.0,1.0,50,2.0,2,0.0
C2,1322,0.03275970503491858,132.3,82.19999999999999,1,6.4,16.40625,71.0,16.0,21.0,1.0,50,1.0,1,0.0
C2,1323,0.07912092833694995,112.10000000000001,64.5,1,4.8,16.40625,57.0,12.0,21.0,1.0,50,1.0,2,0.0
C2,1324,0.10595235305314515,121.39999999999999,74.0,1,16.4,16.40625,61.0,41.0,21.0,1.0,50,3.0,0,0.0
C2,1325,0.11214106238364202,106.1,61.3,1,8.8,16.40625,56.0,22.0,21.0,1.0,50,2.0,1,0.0
C2,1326,0.057233389245444924,123.0,83.3,1,6.4,16.40625,75.0,16.0,21.0,1.0,50,1.0,2,0.0
C2,1327,0.11533962457942812,119.2,71.7,1,17.2,16.40625,69.0,43.0,21.0,1.0,50,3.0,1,0.0
C2,1328,0.11714106238364203,104.2,60.3,1,8.8,16.40625,54.0,22.0,21.0,1.0,50,2.0,0,0.0
C2,1329,0.062229616378755265,133.89999999999998,83.7,1,14.0,16.40625,77.0,35.0,21.0,1.0,50,2.0,1,0.0
C2,1330,0.13354540585243946,106.80000000000001,63.1,1,14.0,16.40625,56.0,35.0,21.0,1.0,50,3.0,0,0.0
C2,1331,0.14065066901033418,104.1,63.5,1,14.0,16.40625,56.0,35.0,21.0,1.0,50,3.0,0,0.0
C2,1332,0.11507695369553911,107.0,60.6,1,10.0,16.40625,56.0,25.0,21.0,1.0,50,2.0,0,0.0
C2,1333,0.04779326157151981,138.7,87.9,1,13.6,17.1875,87.0,34.0,22.0,1.0,50,2.0,2,0.0
C2,1334,-0.09466037542057196,199.0,114.2,1,17.2,16.40625,115.0,43.0,21.0,1.0,50,2.0,0,0.0
C2,1335,0.1238979468508806,100.3,59.2,1,8.0,16.40625,53.0,20.0,21.0,1.0,50,2.0,0,0.0
C2,1336,-0.1526810005175404,205.4,112.69999999999999,1,8.0,16.40625,99.0,20.0,21.0,1.0,50,1.0,0,0.0
C2,1337,-0.0780701332445449,187.9,106.80000000000001,1,14.4,16.40625,92.0,36.0,21.0,1.0,50,2.0,2,0.0
C2,1338,0.06219515499868844,148.10000000000002,93.89999999999999,1,22.4,16.40625,86.0,56.0,21.0,1.0,50,3.0,2,0.0
C2,1339,0.17495445026435225,85.6,49.5,1,10.8,16.40625,42.0,27.0,21.0,1.0,50,3.0,0,0.0
C2,1340,0.24818136752917397,82.5,47.5,1,5.6,16.40625,46.0,14.0,21.0,1.0,30,1.0,1,0.0
C2,1341,-0.03327227970585003,204.3,115.6,1,17.2,16.40625,114.0,43.0,21.0,1.0,30,2.0,1,0.0
C2,1342,0.22176994600767627,104.89999999999999,59.7,1,14.8,16.40625,58.0,37.0,21.0,1.0,30,3.0,0,0.0
C2,1343,0.16431991221167716,131.0,81.0,1,19.2,16.40625,73.0,48.0,21.0,1.0,30,3.0,1,0.0
C2,1344,0.15313413455554667,118.0,73.0,1,5.2,16.40625,62.0,13.0,21.0,1.0,30,1.0,2,0.0
C2,1345,0.7395498976335675,32.599999999999994,25.8,1,3.2,16.40625,29.0,8.0,21.0,1.0,30,1.0,0,0.0
C2,1346,0.7317565605503942,33.099999999999994,26.0,1,2.4,16.40625,28.0,6.0,21.0,1.0,30,1.0,2,0.0
C2,1347,0.6255143054936945,47.1,36.1,1,6.4,16.40625,33.0,16.0,21.0,1.0,30,2.0,0,0.0
C2,1348,0.21892360823975715,93.0,51.8,1,5.2,16.40625,49.0,13.0,21.0,1.0,30,1.0,0,0.0
C2,1349,-0.027262449375724973,200.4,111.5,1,15.6,16.40625,104.0,39.0,21.0,1.0,30,2.0,1,0.0
C2,1350,0.20405269042126423,97.4,61.800000000000004,1,4.4,16.40625,59.0,11.0,21.0,1.0,30,1.0,1,0.0
C2,1351,0.1771481101605503,117.5,72.2,1,11.2,16.40625,69.0,28.0,21.0,1.0,30,2.0,1,0.0
C2,1352,-0.025960740027994977,201.9,113.9,1,17.6,16.40625,110.0,44.0,21.0,1.0,30,2.0,1,0.0
C2,1353,0.1618616325266674,112.8,67.6,1,4.0,16.40625,56.0,10.0,21.0,1.0,30,1.0,2,0.0
C2,1354,0.1373847411453627,140.9,88.4,1,18.8,16.40625,82.0,47.0,21.0,1.0,30,3.0,1,0.0
C2,1355,0.12660242016075293,128.70000000000002,77.7,1,5.6,16.40625,73.0,14.0,21.0,1.0,30,1.0,0,0.0
C2,1356,0.09800070851901188,152.79999999999998,93.89999999999999,1,15.6,16.40625,81.0,39.0,21.0,1.0,30,2.0,1,0.0
C2,1357,0.6434508963201575,47.4,36.0,1,12.0,16.40625,38.0,30.0,21.0,1.0,30,3.0,2,0.0
C2,1358,0.152197154708847,134.20000000000002,84.6,1,17.6,16.40625,73.0,44.0,21.0,1.0,30,3.0,2,0.0
C2,1359,0.6674299318329702,44.2,34.8,1,10.8,16.40625,35.0,27.0,21.0,1.0,30,3.0,1,0.0
C2,1360,-0.02394736842105266,207.1,114.9,1,25.2,17.1875,105.0,63.0,22.0,1.0,30,3.0,0,0.0
C2,1361,0.242962899157861,86.9,48.9,1,7.2,16.40625,41.0,18.0,21.0,1.0,30,2.0,1,0.0
C2,1362,0.13558311910961754,125.9,77.0,1,6.0,16.40625,65.0,15.0,21.0,1.0,30,1.0,0,0.0
C2,1363,0.15291105693483636,135.0,84.6,1,18.8,16.40625,74.0,47.0,21.0,1.0,30,3.0,2,0.0
C2,1364,0.21511756298682405,104.1,61.9,1,12.0,16.40625,57.0,30.0,21.0,1.0,30,3.0,1,0.0
C2,1365,0.15909614134678152,131.20000000000002,81.19999999999999,1,17.2,16.40625,71.0,43.0,21.0,1.0,30,3.0,2,0.0
C2,1366,0.16541055465204732,120.89999999999999,72.1,1,10.4,16.40625,62.0,26.0,21.0,1.0,30,2.0,0,0.0
C2,1367,0.28272251041341995,77.89999999999999,46.300000000000004,1,11.6,16.40625,42.0,29.0,21.0,1.0,30,3.0,2,0.0
C2,1368,0.7300021745854819,33.300000000000004,27.099999999999998,1,2.4,16.40625,24.0,6.0,21.0,1.0,30,1.0,1,0.0
C2,1369,0.6303835093679058,47.6,35.5,1,8.8,16.40625,30.0,22.0,21.0,1.0,30,3.0,0,0.0
C2,1370,0.2013353167371937,97.8,53.900000000000006,1,4.0,16.40625,41.0,10.0,21.0,1.0,30,1.0,0,0.0
C2,1371,0.1013725927938281,138.9,79.2,1,6.0,16.40625,73.0,15.0,21.0,1.0,30,1.0,0,0.0
C2,1372,0.7369183186861992,32.9,27.3,1,3.2,16.40625,27.0,8.0,21.0,1.0,30,1.0,0,0.0
C2,1373,0.8449503405842114,18.2,17.8,1,2.0,16.40625,16.0,5.0,21.0,1.0,30,1.0,2,0.0
C2,1374,0.6404829029387054,43.7,34.7,1,2.8,16.40625,32.0,7.0,21.0,1.0,30,1.0,0,0.0
C2,1375,0.6387285169737931,43.9,34.6,1,2.8,16.40625,31.0,7.0,21.0,1.0,30,1.0,1,0.0
C2,1376,0.625830149492113,47.6,35.8,1,7.6,16.40625,39.0,19.0,21.0,1.0,30,2.0,2,0.0
C2,1377,0.12229626179714995,142.7,90.80000000000001,1,14.8,16.40625,89.0,37.0,21.0,1.0,30,2.0,2,0.0
C2,1378,0.20484216410547473,97.10000000000001,55.9,1,4.4,16.40625,52.0,11.0,21.0,1.0,30,1.0,2,0.0
C2,1379,0.6106025292125148,47.300000000000004,34.6,1,3.2,16.40625,39.0,8.0,21.0,1.0,30,1.0,2,0.0
C2,1380,0.841486331264437,17.9,17.5,1,1.2,16.40625,10.0,3.0,21.0,1.0,30,1.0,2,0.0
C2,1381,0.6423375050745299,45.0,35.0,1,6.0,16.40625,32.0,15.0,21.0,1.0,30,2.0,1,0.0
C2,1382,0.5748318922081663,50.0,17.9,1,0.4,16.40625,5.0,1.0,21.0,1.0,30,1.0,2,0.0
C2,1383,0.843222663187408,18.2,17.6,1,1.6,16.40625,12.0,4.0,21.0,1.0,30,1.0,0,0.0
C2,1384,0.8517640347262772,18.2,17.7,1,3.6,16.40625,9.0,9.0,21.0,1.0,30,3.0,1,0.0
C2,1385,0.5783284365275948,50.0,17.7,1,1.2,16.40625,7.0,3.0,21.0,1.0,30,1.0,0,0.0
C2,1386,0.7396057099562492,32.4,25.7,1,2.8,16.40625,24.0,7.0,21.0,1.0,30,1.0,1,0.0
C2,1387,0.8500762134230411,18.3,17.7,1,3.2,16.40625,12.0,8.0,21.0,1.0,30,2.0,2,0.0
C2,1388,0.8449503405842114,18.2,17.7,1,2.0,16.40625,16.0,5.0,21.0,1.0,30,1.0,0,0.0
C2,1389,0.8517640347262772,17.9,17.7,1,3.6,16.40625,15.0,9.0,21.0,1.0,30,2.0,1,0.0
C2,1390,0.8500762134230411,17.9,17.7,1,3.2,16.40625,12.0,8.0,21.0,1.0,30,2.0,0,0.0
C2,1391,0.6619979868771593,43.3,34.4,1,7.2,16.40625,36.0,18.0,21.0,1.0,30,2.0,2,0.0
C2,1392,0.8517640347262772,17.9,17.6,1,3.6,16.40625,15.0,9.0,21.0,1.0,30,2.0,2,0.0
C2,1393,0.5783284365275948,50.0,17.5,1,1.2,16.40625,8.0,3.0,21.0,1.0,30,1.0,0,0.0
C2,1394,0.8600234727923319,18.0,17.6,1,5.6,16.40625,16.0,14.0,21.0,1.0,30,3.0,2,0.0
C2,1395,0.8483776397808107,17.8,17.7,1,2.8,16.40625,13.0,7.0,21.0,1.0,30,2.0,2,0.0
C2,1396,0.2171055504435874,105.30000000000001,60.6,1,13.6,16.40625,53.0,34.0,21.0,1.0,30,3.0,2,0.0
C2,1397,0.26740909686053405,78.2,45.6,1,7.6,16.40625,42.0,19.0,21.0,1.0,30,2.0,1,0.0
C2,1398,0.7453542265069084,32.7,26.9,1,4.8,16.40625,22.0,12.0,21.0,1.0,30,2.0,2,0.0
C2,1399,0.214186766134494,94.8,56.2,1,5.2,16.40625,58.0,13.0,21.0,1.0,30,1.0,0,0.0
C2,1400,0.7589440614030798,32.599999999999994,25.8,1,8.0,16.40625,27.0,20.0,21.0,1.0,30,3.0,0,0.0
C2,1401,0.13710526315789473,145.9,90.6,1,20.0,17.1875,81.0,50.0,22.0,1.0,30,3.0,1,0.0
C2,1402,0.08594592493689757,157.79999999999998,100.8,1,16.0,16.40625,90.0,40.0,21.0,1.0,30,2.0,0,0.0
C2,1403,0.23518508735785626,84.3,47.1,1,3.6,16.40625,47.0,9.0,21.0,1.0,30,1.0,2,0.0
C2,1404,0.6087037377898252,47.9,34.9,1,4.0,16.40625,38.0,10.0,21.0,1.0,30,1.0,1,0.0
C2,1405,0.8551053220002116,18.1,17.7,1,4.4,16.40625,12.0,11.0,21.0,1.0,30,3.0,2,0.0
C2,1406,0.19300005884231689,101.6,59.5,1,4.4,16.40625,54.0,11.0,21.0,1.0,30,1.0,1,0.0
C2,1407,0.2148571935784322,99.9,56.5,1,8.8,16.40625,57.0,22.0,21.0,1.0,30,2.0,0,0.0
C2,1408,0.17523694937682982,117.7,72.4,1,10.8,16.40625,65.0,27.0,21.0,1.0,30,2.0,2,0.0
C2,1409,0.13113230055127875,128.8,81.9,1,6.8,16.40625,77.0,17.0,21.0,1.0,30,1.0,2,0.0
C2,1410,0.14655273885051406,128.6,79.0,1,10.8,16.40625,71.0,27.0,21.0,1.0,30,2.0,2,0.0
C2,1411,-0.07781506786977391,208.2,118.2,1,6.8,16.40625,117.0,17.0,21.0,1.0,30,1.0,2,0.0
C2,1412,0.15721058515810635,115.2,64.5,1,4.4,16.40625,50.0,11.0,21.0,1.0,30,1.0,0,0.0
C2,1413,0.22966468284978148,101.9,59.1,1,14.8,17.1875,58.0,37.0,22.0,1.0,30,3.0,2,0.0
C2,1414,0.18218147658093595,103.8,55.599999999999994,1,3.2,16.40625,53.0,8.0,21.0,1.0,30,1.0,1,0.0
C2,1415,0.19201402662536324,109.7,71.6,1,9.6,16.40625,61.0,24.0,21.0,1.0,30,2.0,2,0.0
C2,1416,0.01578947368421052,192.0,106.80000000000001,1,24.4,16.40625,94.0,61.0,21.0,1.0,30,3.0,2,0.0
C2,1417,0.21506409219083816,105.6,58.1,1,13.2,16.40625,57.0,33.0,21.0,1.0,30,3.0,2,0.0
C2,1418,0.1368387982451851,128.39999999999998,82.4,1,8.0,16.40625,79.0,20.0,21.0,1.0,30,1.0,2,0.0
C2,1419,0.11818136752917405,131.89999999999998,79.9,1,5.6,16.40625,77.0,14.0,21.0,1.0,30,1.0,1,0.0
C2,1420,0.8551053220002116,18.2,17.8,1,4.4,16.40625,17.0,11.0,21.0,1.0,30,2.0,0,0.0
C2,1421,0.25813168621893506,86.2,47.9,1,10.8,16.40625,44.0,27.0,21.0,1.0,30,3.0,1,0.0
C2,1422,0.12045415653399202,143.4,92.2,1,14.8,16.40625,81.0,37.0,21.0,1.0,30,2.0,2,0.0
C2,1423,0.7435998405419961,32.9,25.8,1,4.8,16.40625,25.0,12.0,21.0,1.0,30,2.0,2,0.0
C2,1424,0.7290793941667757,33.6,26.3,1,2.8,16.40625,26.0,7.0,21.0,1.0,30,1.0,0,0.0
C2,1425,0.8449503405842114,18.2,17.7,1,2.0,16.40625,15.0,5.0,21.0,1.0,30,1.0,2,0.0
C2,1426,0.14642039558738032,131.20000000000002,81.5,1,12.8,16.40625,78.0,32.0,21.0,1.0,30,2.0,2,0.0
C2,1427,0.15984216410547478,114.2,64.8,1,4.4,16.40625,56.0,11.0,21.0,1.0,30,1.0,2,0.0
C2,1428,0.7308337801316878,33.4,27.0,1,2.8,16.40625,29.0,7.0,21.0,1.0,30,1.0,2,0.0
C2,1429,0.18914622642099263,109.10000000000001,63.3,1,8.4,16.40625,56.0,21.0,21.0,1.0,30,2.0,2,0.0
C2,1430,0.6376053704294613,47.6,34.7,1,10.8,16.40625,38.0,27.0,21.0,1.0,30,3.0,0,0.0
C2,1431,0.2058273128858451,105.0,61.699999999999996,1,10.0,16.40625,58.0,25.0,21.0,1.0,30,2.0,1,0.0
C2,1432,0.12239189384496349,130.3,83.1,1,5.6,16.40625,71.0,14.0,21.0,1.0,30,1.0,0,0.0
C2,1433,0.19105986392574625,119.8,74.2,1,18.0,16.40625,69.0,45.0,21.0,1.0,30,3.0,1,0.0
C2,1434,0.24736511403465872,86.4,49.2,1,8.0,16.40625,43.0,20.0,21.0,1.0,30,2.0,0,0.0
C2,1435,0.8534405798950884,18.3,17.7,1,4.0,16.40625,12.0,10.0,21.0,1.0,30,3.0,0,0.0
C2,1436,0.8466688412521486,18.1,17.7,1,2.4,16.40625,19.0,6.0,21.0,1.0,30,1.0,2,0.0
C2,1437,0.8500762134230411,18.2,17.8,1,3.2,16.40625,11.0,8.0,21.0,1.0,30,2.0,0,0.0
C2,1438,0.5765839711106497,50.0,17.8,1,0.8,16.40625,7.0,2.0,21.0,1.0,30,1.0,0,0.0
C2,1439,0.5765839711106497,50.0,17.4,1,0.8,16.40625,7.0,2.0,21.0,1.0,30,1.0,2,0.0
C2,1440,0.8500762134230411,17.8,17.6,1,3.2,16.40625,9.0,8.0,21.0,1.0,30,3.0,0,0.0
C2,1441,0.8449503405842114,17.8,17.6,1,2.0,16.40625,16.0,5.0,21.0,1.0,30,1.0,1,0.0
C2,1442,0.5765839711106497,50.0,17.5,1,0.8,16.40625,6.0,2.0,21.0,1.0,30,1.0,1,0.0
C2,1443,0.8534405798950884,17.9,17.6,1,4.0,16.40625,17.0,10.0,21.0,1.0,30,2.0,2,0.0
C2,1444,0.6645151185065423,18.5,17.7,1,2.0,16.40625,8.0,5.0,21.0,1.0,90,2.0,2,0.0
C2,1445,0.6659183675801024,18.0,17.6,1,3.6,16.40625,10.0,9.0,21.0,1.0,90,3.0,2,0.0
C2,1446,0.6678637575856803,18.0,17.8,1,5.6,16.40625,16.0,14.0,21.0,1.0,90,3.0,0,0.0
C2,1447,0.6659183675801024,18.2,17.8,1,3.6,16.40625,9.0,9.0,21.0,1.0,90,3.0,1,0.0
C2,1448,0.6559667235944284,20.9,17.9,1,1.2,16.40625,10.0,3.0,21.0,1.0,90,1.0,0,0.0
C2,1449,0.5471341666148407,33.5,26.8,1,3.2,16.40625,26.0,8.0,21.0,1.0,90,1.0,1,0.0
C2,1450,0.5542446649055184,33.0,26.4,1,6.0,16.40625,21.0,15.0,21.0,1.0,90,3.0,0,0.0
C2,1451,0.5546699633478913,33.0,27.099999999999998,1,6.4,16.40625,24.0,16.0,21.0,1.0,90,3.0,1,0.0
C2,1452,0.6648537330978317,18.4,17.8,1,2.4,16.40625,7.0,6.0,21.0,1.0,90,3.0,0,0.0
C2,1453,0.40070356569969146,50.0,17.8,1,1.2,16.40625,8.0,3.0,21.0,1.0,90,1.0,0,0.0
C2,1454,0.6641844064673916,18.2,17.8,1,1.6,16.40625,11.0,4.0,21.0,1.0,90,1.0,0,0.0
C2,1455,0.6652003871959242,17.9,17.7,1,2.8,16.40625,12.0,7.0,21.0,1.0,90,2.0,2,0.0
C2,1456,0.6670591094997571,18.0,17.7,1,4.8,16.40625,14.0,12.0,21.0,1.0,90,3.0,1,0.0
C2,1457,0.6641844064673916,18.2,17.9,1,1.6,16.40625,11.0,4.0,21.0,1.0,90,1.0,2,0.0
C2,1458,0.6652003871959242,18.1,17.7,1,2.8,16.40625,11.0,7.0,21.0,1.0,90,2.0,1,0.0
C2,1459,0.6641844064673916,18.0,17.7,1,1.6,16.40625,11.0,4.0,21.0,1.0,90,1.0,2,0.0
C2,1460,0.40102651173054954,50.0,18.1,1,1.6,17.1875,8.0,4.0,22.0,1.0,90,1.0,2,0.0
C2,1461,0.13802363073799717,50.6,37.0,1,3.6,16.40625,30.0,9.0,21.0,1.0,90,1.0,0,0.0
C2,1462,0.5511652994766261,33.0,27.0,1,2.8,16.40625,27.0,7.0,21.0,1.0,90,1.0,1,0.0
C2,1463,0.5539888027170687,32.599999999999994,26.200000000000003,1,2.0,16.40625,22.0,5.0,21.0,1.0,90,1.0,1,0.0
C2,1464,0.6645151185065423,18.1,17.8,1,2.0,16.40625,17.0,5.0,21.0,1.0,90,1.0,0,0.0
C2,1465,0.6670591094997571,18.0,17.8,1,4.8,16.40625,14.0,12.0,21.0,1.0,90,3.0,1,0.0
C2,1466,0.5674853120452003,31.099999999999998,25.9,1,2.4,16.40625,20.0,6.0,21.0,1.0,90,1.0,0,0.0
C2,1467,0.6645151185065423,18.8,17.8,1,2.0,16.40625,18.0,5.0,21.0,1.0,90,1.0,0,0.0
C2,1468,0.6652003871959242,18.2,17.8,1,2.8,16.40625,11.0,7.0,21.0,1.0,90,2.0,2,0.0
C2,1469,0.8551053220002116,18.1,17.8,1,4.4,16.40625,12.0,11.0,21.0,1.0,30,3.0,0,0.0
C2,1470,0.8449503405842114,18.4,17.7,1,2.0,16.40625,13.0,5.0,21.0,1.0,30,1.0,0,0.0
C2,1471,0.750232241916635,32.7,26.4,1,6.0,16.40625,20.0,15.0,21.0,1.0,30,3.0,1,0.0
C2,1472,0.843222663187408,18.1,17.8,1,1.6,16.40625,12.0,4.0,21.0,1.0,30,1.0,1,0.0
C2,1473,0.843222663187408,18.5,17.8,1,1.6,16.40625,12.0,4.0,21.0,1.0,30,1.0,2,0.0
C2,1474,0.8551053220002116,18.1,17.7,1,4.4,16.40625,12.0,11.0,21.0,1.0,30,3.0,1,0.0
C2,1475,0.8466688412521486,18.2,17.7,1,2.4,16.40625,10.0,6.0,21.0,1.0,30,2.0,2,0.0
C2,1476,0.27161962317632354,76.6,48.4,1,7.6,16.40625,40.0,19.0,21.0,1.0,30,2.0,1,0.0
C2,1477,0.25712479042140424,76.6,42.2,1,4.0,16.40625,44.0,10.0,21.0,1.0,30,1.0,1,0.0
C2,1478,-0.04779013072840904,205.0,112.9,1,12.8,16.40625,105.0,32.0,21.0,1.0,30,2.0,1,0.0
C2,1479,0.296946711376854,74.0,46.5,1,12.8,16.40625,48.0,32.0,21.0,1.0,30,3.0,2,0.0
C2,1480,0.7467234699868106,33.099999999999994,25.7,1,6.0,16.40625,26.0,15.0,21.0,1.0,30,2.0,2,0.0
C2,1481,-0.020000000000000018,205.6,115.7,1,25.6,16.40625,121.0,64.0,21.0,1.0,30,3.0,1,0.0
C2,1482,0.13973684210526316,144.9,89.89999999999999,1,21.6,16.40625,88.0,54.0,21.0,1.0,30,3.0,2,0.0
C2,1483,0.19352637463179054,101.4,65.3,1,4.4,16.40625,50.0,11.0,21.0,1.0,30,1.0,2,0.0
C2,1484,0.14716206647803864,121.5,73.3,1,6.0,16.40625,66.0,15.0,21.0,1.0,30,1.0,2,0.0
C2,1485,0.04571731442872887,171.8,102.9,1,14.8,16.40625,99.0,37.0,21.0,1.0,30,2.0,2,0.0
C2,1486,0.25438244767799484,86.0,51.7,1,9.6,16.40625,48.0,24.0,21.0,1.0,30,2.0,2,0.0
C2,1487,0.6228827265463261,47.4,35.6,1,6.4,16.40625,34.0,16.0,21.0,1.0,30,2.0,2,0.0
C2,1488,0.8344240247947377,21.2,17.9,1,2.0,16.40625,8.0,5.0,21.0,1.0,30,2.0,2,0.0
C2,1489,0.6641844064673916,18.1,17.6,1,1.6,16.40625,12.0,4.0,21.0,1.0,90,1.0,0,0.0
C2,1490,0.6648537330978317,17.9,17.6,1,2.4,16.40625,10.0,6.0,21.0,1.0,90,2.0,2,0.0
C2,1491,0.5413773889235319,34.0,26.9,1,1.6,16.40625,20.0,4.0,21.0,1.0,90,1.0,0,0.0
C2,1492,0.6652003871959242,18.4,17.8,1,2.8,16.40625,11.0,7.0,21.0,1.0,90,2.0,0,0.0
C2,1493,0.6648537330978317,18.2,17.7,1,2.4,16.40625,10.0,6.0,21.0,1.0,90,2.0,1,0.0
C2,1494,0.6654127790711768,20.1,18.0,1,4.0,16.40625,11.0,10.0,21.0,1.0,90,3.0,2,0.0
C2,1495,0.6655552192464198,18.1,17.7,1,3.2,16.40625,11.0,8.0,21.0,1.0,90,2.0,1,0.0
C2,1496,0.6940263352002114,17.9,17.6,1,2.0,16.40625,15.0,5.0,21.0,1.0,70,1.0,1,0.0
C2,1497,0.6940263352002114,18.2,17.6,1,2.0,16.40625,12.0,5.0,21.0,1.0,70,1.0,2,0.0
C2,1498,0.4290954344073689,50.0,17.7,1,1.2,16.40625,8.0,3.0,21.0,1.0,70,1.0,0,0.0
C2,1499,0.4290954344073689,50.0,17.7,1,1.2,16.40625,9.0,3.0,21.0,1.0,70,1.0,1,0.0
C2,1500,0.6949342494879829,18.1,17.7,1,2.4,16.40625,16.0,6.0,21.0,1.0,70,1.0,2,0.0
C2,1501,-0.14471961950212192,197.8,110.60000000000001,1,25.2,17.1875,333.0,63.0,22.0,1.0,70,1.0,2,0.0
C2,1502,-0.13472343132898462,202.6,115.3,1,30.4,16.40625,202.0,76.0,21.0,1.0,70,2.0,1,0.0
C2,1503,-0.0662104615416248,200.1,113.9,1,44.4,16.40625,286.0,111.0,21.0,1.0,70,2.0,1,0.0
C2,1504,-0.026052631578947272,207.9,116.7,1,62.0,16.40625,257.0,155.0,21.0,1.0,70,3.0,1,0.0
C2,1505,-0.18709141914356786,203.0,114.1,1,18.0,17.1875,214.0,45.0,22.0,1.0,70,1.0,0,0.0
C2,1506,-0.11325816467339303,204.7,113.9,1,36.4,16.40625,249.0,91.0,21.0,1.0,70,2.0,1,0.0
C2,1507,-0.004061763017583264,190.0,100.4,2,82.8,17.1875,355.0,207.0,22.0,1.0,70,3.0,1,0.0
C2,1508,0.08485836764674251,115.8,63.9,2,28.4,16.015625,362.0,142.0,41.0,1.0,70,2.0,0,0.0
C2,1509,0.031153534453428736,112.19999999999999,60.199999999999996,2,12.0,16.015625,284.0,60.0,41.0,1.0,70,1.0,2,0.0
C2,1510,0.07651046301264977,107.2,67.0,2,21.0,16.015625,250.0,105.0,41.0,1.0,70,2.0,2,0.0
C2,1511,0.08161417089065062,116.7,64.60000000000001,2,28.2,16.015625,345.0,141.0,41.0,1.0,70,2.0,2,0.0
C2,1512,0.14747374898469104,118.9,64.69999999999999,2,44.4,16.015625,369.0,222.0,41.0,1.0,70,3.0,1,0.0
C2,1513,0.16131735766773764,115.2,63.4,2,45.4,16.015625,374.0,227.0,41.0,1.0,70,3.0,2,0.0
C2,1514,0.09599892978700492,111.9,63.0,2,28.6,16.015625,353.0,143.0,41.0,1.0,70,2.0,0,0.0
C2,1515,0.15054584305298319,117.1,64.4,2,44.0,16.40625,359.0,220.0,42.0,1.0,70,3.0,2,0.0
C2,1516,0.10802283034843582,118.9,66.10000000000001,2,35.4,16.40625,287.0,177.0,42.0,1.0,70,3.0,1,0.0
C2,1517,-0.0012790245610432849,123.1,64.3,2,10.8,16.015625,280.0,54.0,41.0,1.0,70,1.0,1,0.0
C2,1518,0.07533933501399089,112.9,62.4,2,24.4,16.015625,287.0,122.0,41.0,1.0,70,2.0,1,0.0
C2,1519,0.013989822876313188,119.7,67.2,2,12.8,16.015625,264.0,64.0,41.0,1.0,70,1.0,0,0.0
C2,1520,0.07117630406808742,114.8,63.1,2,24.6,16.40625,295.0,123.0,42.0,1.0,70,2.0,0,0.0
C2,1521,-0.052680163314663936,139.2,79.5,1,10.6,16.015625,238.0,53.0,41.0,1.0,70,1.0,0,0.0
C2,1522,-0.026562627275689976,203.2,113.3,1,58.8,17.1875,256.0,147.0,22.0,1.0,70,3.0,0,0.0
C2,1523,-0.07850542654044318,205.4,117.0,1,44.8,16.40625,185.0,112.0,21.0,1.0,70,3.0,0,0.0
C2,1524,-0.15420604097902196,192.8,110.5,1,19.6,16.40625,281.0,49.0,21.0,1.0,70,1.0,2,0.0
C2,1525,-0.15351016818779956,198.6,110.10000000000001,1,23.6,16.40625,282.0,59.0,21.0,1.0,70,1.0,2,0.0
C2,1526,-0.011571715021622103,196.8,112.69999999999999,1,58.0,16.40625,252.0,145.0,21.0,1.0,70,3.0,2,0.0
C2,1527,-0.13725661541586548,205.6,112.60000000000001,1,31.6,16.40625,203.0,79.0,21.0,1.0,70,2.0,2,0.0
C2,1528,-0.1260332127654124,202.7,114.0,1,32.4,16.40625,219.0,81.0,21.0,1.0,70,2.0,0,0.0
C2,1529,-0.011578947368420967,202.4,113.4,1,70.4,17.1875,316.0,176.0,22.0,1.0,70,3.0,2,0.0
C2,1530,-0.0312861566575581,201.5,112.9,1,55.2,16.40625,242.0,138.0,21.0,1.0,70,3.0,0,0.0
C2,1531,-0.011750218394377177,196.5,112.0,1,57.6,16.40625,251.0,144.0,21.0,1.0,70,3.0,1,0.0
C2,1532,-0.010263157894736752,201.9,114.2,1,61.6,16.40625,264.0,154.0,21.0,1.0,70,3.0,1,0.0
C2,1533,0.007229047327940594,185.9,94.39999999999999,2,57.4,16.40625,443.0,287.0,42.0,1.0,70,3.0,1,0.0
C2,1534,0.020590603399606194,116.7,65.60000000000001,2,12.4,16.015625,335.0,62.0,41.0,1.0,70,1.0,1,0.0
C2,1535,0.11200694583800427,116.7,63.70000000000001,2,35.0,16.015625,274.0,175.0,41.0,1.0,70,3.0,1,0.0
C2,1536,0.11654184976103285,121.80000000000001,65.9,2,39.0,16.015625,305.0,195.0,41.0,1.0,70,3.0,0,0.0
C2,1537,0.06100830588544434,114.3,65.69999999999999,2,21.8,16.015625,177.0,109.0,41.0,1.0,70,3.0,1,0.0
C2,1538,0.054762347762215266,117.9,67.0,2,22.6,16.40625,182.0,113.0,42.0,1.0,70,3.0,0,0.0
C2,1539,0.20127016586726074,116.1,63.5,2,38.2,16.40625,321.0,191.0,42.0,1.0,50,3.0,1,0.0
C2,1540,0.20748598403945565,107.0,65.0,2,32.0,16.015625,250.0,160.0,41.0,1.0,50,3.0,0,0.0
C2,1541,0.10475625234192362,115.0,63.1,2,12.4,16.015625,301.0,62.0,41.0,1.0,50,1.0,0,0.0
C2,1542,0.21105263157894738,117.8,65.19999999999999,2,42.0,16.015625,336.0,210.0,41.0,1.0,50,3.0,2,0.0
C2,1543,0.1582375599534587,118.5,65.9,2,26.8,16.015625,321.0,134.0,41.0,1.0,50,2.0,0,0.0
C2,1544,0.1030065424788714,114.3,62.5,2,11.6,16.40625,265.0,58.0,42.0,1.0,50,1.0,1,0.0
C2,1545,0.09065591061635744,120.7,66.60000000000001,2,12.6,16.015625,315.0,63.0,41.0,1.0,50,1.0,2,0.0
C2,1546,0.10048249861253034,111.19999999999999,62.4,2,9.2,16.015625,222.0,46.0,41.0,1.0,50,1.0,1,0.0
C2,1547,0.14328992039082583,118.9,65.0,2,23.4,16.015625,184.0,117.0,41.0,1.0,50,3.0,2,0.0
C2,1548,0.09892455835629219,117.9,66.3,2,12.8,16.015625,154.0,64.0,41.0,1.0,50,2.0,2,0.0
C2,1549,-0.11660111491171737,205.5,109.10000000000001,1,18.0,16.40625,121.0,45.0,21.0,1.0,50,2.0,2,0.0
C2,1550,-0.03279013379631657,199.3,112.3,1,32.8,17.1875,209.0,82.0,22.0,1.0,50,2.0,0,0.0
C2,1551,-0.021663867578585932,196.3,106.7,2,63.2,17.1875,263.0,158.0,22.0,1.0,50,3.0,1,0.0
C2,1552,0.16876387574293233,114.5,65.19999999999999,2,26.8,16.015625,320.0,134.0,41.0,1.0,50,2.0,2,0.0
C2,1553,0.12338853283213946,115.8,66.3,2,17.0,16.015625,212.0,85.0,41.0,1.0,50,2.0,1,0.0
C2,1554,0.13596001858719367,118.1,63.70000000000001,2,21.2,16.015625,242.0,106.0,41.0,1.0,50,2.0,1,0.0
C2,1555,0.14456873261288902,113.5,63.0,2,20.4,16.40625,251.0,102.0,42.0,1.0,50,2.0,1,0.0
C2,1556,0.10892519943097484,118.9,67.10000000000001,2,15.6,16.015625,381.0,78.0,41.0,1.0,50,1.0,2,0.0
C2,1557,0.11955606969704477,119.3,65.4,2,18.2,16.015625,230.0,91.0,41.0,1.0,50,2.0,0,0.0
C2,1558,-0.0036545885989156257,191.0,100.0,2,64.8,17.1875,287.0,162.0,22.0,1.0,50,3.0,2,0.0
C2,1559,0.17681748105132342,118.4,65.3,2,31.8,16.015625,256.0,159.0,41.0,1.0,50,3.0,1,0.0
C2,1560,0.20815789473684213,118.9,65.4,2,43.6,16.015625,351.0,218.0,41.0,1.0,50,3.0,0,0.0
C2,1561,0.19965649169421323,115.2,64.9,2,36.6,16.015625,288.0,183.0,41.0,1.0,50,3.0,1,0.0
C2,1562,0.11305641946625664,113.9,66.10000000000001,2,13.6,16.015625,294.0,68.0,41.0,1.0,50,1.0,1,0.0
C2,1563,0.19739805386875775,114.6,64.3,2,35.2,16.40625,278.0,176.0,42.0,1.0,50,3.0,0,0.0
C2,1564,-0.03250349543954084,119.8,65.69999999999999,2,13.2,16.015625,335.0,66.0,41.0,1.0,90,1.0,0,0.0
C2,1565,-0.004932931924814338,116.3,65.3,2,22.8,16.015625,283.0,114.0,41.0,1.0,90,2.0,0,0.0
C2,1566,0.05775524344309724,119.9,65.0,2,44.6,16.015625,372.0,223.0,41.0,1.0,90,3.0,0,0.0
C2,1567,-0.014311837828541757,120.39999999999999,66.19999999999999,2,23.4,16.015625,279.0,117.0,41.0,1.0,90,2.0,0,0.0
C2,1568,0.06835576592813564,119.1,65.9,2,46.6,16.015625,375.0,233.0,41.0,1.0,90,3.0,1,0.0
C2,1569,-0.034403240579766764,122.80000000000001,68.6,2,16.8,16.015625,381.0,84.0,41.0,1.0,90,1.0,0,0.0
C2,1570,0.021116925323944977,116.5,65.3,2,32.4,16.015625,258.0,162.0,41.0,1.0,90,3.0,2,0.0
C2,1571,-0.008085617419297503,115.8,66.5,2,20.8,16.015625,250.0,104.0,41.0,1.0,90,2.0,2,0.0
C2,1572,0.06823810506880157,119.8,65.60000000000001,2,47.0,16.015625,358.0,235.0,41.0,1.0,90,3.0,1,0.0
C2,1573,0.07391762172299116,118.3,65.5,2,47.4,16.40625,390.0,237.0,42.0,1.0,90,3.0,2,0.0
C2,1574,-0.05154201913589926,128.0,68.5,2,14.8,16.015625,337.0,74.0,41.0,1.0,90,1.0,0,0.0
C2,1575,0.033975605031735745,117.6,64.60000000000001,2,37.0,16.015625,305.0,185.0,41.0,1.0,90,3.0,1,0.0
C2,1576,0.010841543616539745,119.2,64.69999999999999,2,31.4,16.015625,371.0,157.0,41.0,1.0,90,2.0,1,0.0
C2,1577,0.05820776338808696,116.9,63.5,2,42.8,16.40625,363.0,214.0,42.0,1.0,90,3.0,2,0.0
C2,1578,0.06962955308318144,119.6,65.60000000000001,2,47.2,16.40625,385.0,236.0,42.0,1.0,90,3.0,1,0.0
C2,1579,0.0080977867358622,116.2,64.5,2,27.8,16.015625,329.0,139.0,41.0,1.0,90,2.0,2,0.0
C2,1580,-0.011099826630971588,111.10000000000001,62.0,2,12.2,16.015625,313.0,61.0,41.0,1.0,90,1.0,2,0.0
C2,1581,0.12745378474094904,119.0,65.8,2,59.8,16.015625,469.0,299.0,41.0,1.0,90,3.0,1,0.0
C2,1582,-0.0038579271952482452,118.5,65.69999999999999,2,25.6,16.015625,206.0,128.0,41.0,1.0,90,3.0,0,0.0
C2,1583,-0.020187533217770642,119.6,66.8,2,19.8,16.015625,232.0,99.0,41.0,1.0,90,2.0,0,0.0
C2,1584,-0.014150852359715332,118.6,67.6,2,21.4,16.015625,242.0,107.0,41.0,1.0,90,2.0,1,0.0
C2,1585,-0.04675780909598598,123.39999999999999,70.0,2,9.8,16.40625,283.0,49.0,42.0,1.0,90,1.0,1,0.0
C2,1586,-0.026362984525708455,116.9,65.9,2,12.2,16.015625,301.0,61.0,41.0,1.0,90,1.0,2,0.0
C2,1587,-0.1679494599530304,197.8,99.0,1,41.6,17.1875,252.0,104.0,22.0,1.0,90,2.0,0,0.0
C2,1588,-0.09403254577078124,203.5,114.5,1,60.0,16.40625,244.0,150.0,21.0,1.0,90,3.0,0,0.0
C2,1589,-0.22225116716762733,201.1,116.8,1,25.2,17.1875,293.0,63.0,22.0,1.0,90,1.0,0,0.0
C2,1590,-0.22238743192575738,206.2,117.9,1,30.0,16.40625,364.0,75.0,21.0,1.0,90,1.0,2,0.0
C2,1591,-0.06518744320431905,202.8,115.1,1,66.4,16.40625,434.0,166.0,21.0,1.0,90,2.0,1,0.0
C2,1592,-0.13169664447861523,200.1,116.2,1,49.6,16.40625,324.0,124.0,21.0,1.0,90,2.0,1,0.0
C2,1593,-0.261933001248759,210.4,118.9,1,18.4,16.40625,286.0,46.0,21.0,1.0,90,1.0,0,0.0
C2,1594,-0.12502281435865908,203.0,114.3,1,52.8,16.40625,223.0,132.0,21.0,1.0,90,3.0,2,0.0
C2,1595,0.1992105263157895,115.9,62.0,3,37.6,16.015625,312.0,188.0,41.0,1.0,30,3.0,1,0.0
C2,1596,0.2588491909152799,86.8,45.5,3,11.466666,15.885417,378.0,86.0,61.0,1.0,30,1.0,2,0.0
C2,1597,0.2678947368421053,96.19999999999999,47.6,3,26.666666,15.885417,303.0,200.0,61.0,1.0,30,3.0,0,0.0
C2,1598,0.2385992903161509,100.6,49.099999999999994,3,16.8,15.885417,281.0,126.0,61.0,1.0,30,2.0,2,0.0
C2,1599,0.23306868315664733,100.9,49.7,3,15.066667,15.885417,265.0,113.0,61.0,1.0,30,2.0,0,0.0
C2,1600,0.26517823768457194,90.5,46.800000000000004,3,16.8,15.885417,287.0,126.0,61.0,1.0,30,2.0,1,0.0
C2,1601,0.2514916873897216,92.7,47.5,3,14.0,15.885417,251.0,105.0,61.0,1.0,30,2.0,1,0.0
C2,1602,0.27657894736842104,92.89999999999999,47.800000000000004,3,20.666666,15.885417,238.0,155.0,61.0,1.0,30,3.0,2,0.0
C2,1603,0.2773419298968071,79.60000000000001,45.0,3,11.333333,15.885417,200.0,85.0,61.0,1.0,30,2.0,0,0.0
C2,1604,0.18216206647803862,108.2,51.7,3,6.0,15.885417,211.0,45.0,61.0,1.0,30,1.0,1,0.0
C2,1605,0.27453744991515905,84.7,45.900000000000006,3,14.666667,15.885417,242.0,110.0,61.0,1.0,30,2.0,2,0.0
C2,1606,0.2502705595611431,95.9,48.300000000000004,3,16.533333,15.885417,189.0,124.0,61.0,1.0,30,3.0,1,0.0
C2,1607,0.2095259762992142,106.5,55.599999999999994,2,14.933333,15.885417,256.0,112.0,61.0,1.0,30,2.0,2,0.0
C2,1608,0.21342105263157896,116.9,65.10000000000001,2,30.2,16.015625,233.0,151.0,41.0,1.0,30,3.0,2,0.0
C2,1609,0.14796910611164046,125.6,66.3,2,9.0,16.015625,216.0,45.0,41.0,1.0,30,1.0,1,0.0
C2,1610,0.2236842105263158,113.0,61.800000000000004,2,21.6,16.015625,243.0,108.0,41.0,1.0,30,2.0,0,0.0
C2,1611,0.15743658336838734,119.4,61.800000000000004,2,7.2,16.015625,190.0,36.0,41.0,1.0,30,1.0,1,0.0
C2,1612,0.21447368421052632,116.5,64.5,2,23.6,16.015625,184.0,118.0,41.0,1.0,30,3.0,2,0.0
C2,1613,0.21894736842105264,114.8,66.60000000000001,2,22.4,16.015625,176.0,112.0,41.0,1.0,30,3.0,0,0.0
C2,1614,0.17025426699696572,121.39999999999999,65.19999999999999,2,12.2,16.015625,150.0,61.0,41.0,1.0,30,2.0,0,0.0
C2,1615,0.156157953579159,115.6,59.3,2,4.4,16.015625,98.0,22.0,41.0,1.0,30,1.0,0,0.0
C2,1616,0.2239030222721865,102.0,61.3,2,13.0,16.015625,158.0,65.0,41.0,1.0,30,2.0,1,0.0
C2,1617,0.169442320297853,118.0,63.6,2,9.4,16.015625,232.0,47.0,41.0,1.0,30,1.0,1,0.0
C2,1618,0.2136842105263158,116.8,63.70000000000001,2,30.6,16.40625,256.0,153.0,42.0,1.0,30,3.0,0,0.0
C2,1619,0.16064666726264276,120.5,66.4,2,8.8,16.015625,187.0,44.0,41.0,1.0,30,1.0,0,0.0
C2,1620,0.2173684210526316,115.4,63.8,2,29.2,16.40625,229.0,146.0,42.0,1.0,30,3.0,0,0.0
C2,1621,0.21578947368421053,116.0,64.10000000000001,2,30.0,16.015625,245.0,150.0,41.0,1.0,30,3.0,2,0.0
C2,1622,0.17567371254678413,117.0,64.69999999999999,2,10.4,16.015625,236.0,52.0,41.0,1.0,30,1.0,0,0.0
C2,1623,0.1723063813477947,119.6,65.19999999999999,2,11.4,16.015625,303.0,57.0,41.0,1.0,30,1.0,2,0.0
C2,1624,0.17920163541801837,118.0,65.10000000000001,2,12.2,16.015625,270.0,61.0,41.0,1.0,30,1.0,2,0.0
C2,1625,0.18013446911682304,121.80000000000001,67.2,2,15.8,16.015625,194.0,79.0,41.0,1.0,30,2.0,1,0.0
C2,1626,0.16970547819258983,117.9,63.2,2,9.4,16.015625,244.0,47.0,41.0,1.0,30,1.0,2,0.0
C2,1627,0.21973684210526315,114.5,64.10000000000001,2,29.0,16.015625,219.0,145.0,41.0,1.0,30,3.0,1,0.0
C2,1628,0.1350419095056058,125.8,67.7,2,5.8,16.40625,204.0,29.0,42.0,1.0,30,1.0,1,0.0
C2,1629,0.21173654365070924,112.3,63.6,2,18.4,16.015625,224.0,92.0,41.0,1.0,30,2.0,1,0.0
C2,1630,0.20157894736842108,121.39999999999999,69.4,2,31.2,16.015625,250.0,156.0,41.0,1.0,30,3.0,1,0.0
C2,1631,0.16609330738684988,116.7,67.2,2,7.6,16.015625,183.0,38.0,41.0,1.0,30,1.0,0,0.0
C2,1632,0.16528697625989325,119.3,65.4,2,9.2,16.015625,223.0,46.0,41.0,1.0,30,1.0,0,0.0
C2,1633,0.19069322434669705,119.0,65.5,2,17.0,16.40625,192.0,85.0,42.0,1.0,30,2.0,0,0.0
C2,1634,0.1770790546399877,117.0,65.10000000000001,2,10.8,16.40625,268.0,54.0,42.0,1.0,30,1.0,1,0.0
C2,1635,0.16628414392801677,117.5,63.8,2,8.2,16.015625,194.0,41.0,41.0,1.0,30,1.0,2,0.0
C2,1636,0.18628958095577716,113.5,62.9,2,10.8,16.015625,256.0,54.0,41.0,1.0,30,1.0,2,0.0
C2,1637,0.20631578947368423,116.4,62.6,3,32.6,16.015625,271.0,163.0,41.0,1.0,30,3.0,0,0.0
C2,1638,0.23109047078058192,95.4,48.0,3,10.0,15.885417,167.0,75.0,61.0,1.0,30,2.0,2,0.0
C2,1639,0.056567605150241645,81.60000000000001,45.1,3,3.7333333,15.885417,125.0,28.0,61.0,1.0,90,1.0,1,0.0
C2,1640,0.06928683377722508,78.0,44.3,3,6.9333334,15.885417,109.0,52.0,61.0,1.0,90,2.0,1,0.0
C2,1641,0.005112528008243633,104.4,52.1,3,11.2,15.885417,128.0,84.0,61.0,1.0,90,3.0,2,0.0
C2,1642,0.020816979132173632,93.8,49.8,2,8.266666,15.885417,154.0,62.0,61.0,1.0,90,2.0,1,0.0
C2,1643,-0.16148950614261665,175.2,86.4,1,25.6,16.40625,200.0,64.0,21.0,1.0,90,2.0,1,0.0
C2,1644,-0.21859476930051147,200.1,112.60000000000001,1,25.6,16.40625,170.0,64.0,21.0,1.0,90,2.0,1,0.0
C2,1645,-0.1614049129048401,201.6,113.5,1,43.6,17.1875,188.0,109.0,22.0,1.0,90,3.0,2,0.0
C2,1646,-0.24480728168567684,203.6,114.0,1,18.0,16.40625,120.0,45.0,21.0,1.0,90,2.0,1,0.0
C2,1647,-0.055721307650228064,200.4,113.60000000000001,1,27.2,16.40625,170.0,68.0,21.0,1.0,50,2.0,1,0.0
C2,1648,-0.034630875750380985,203.2,114.3,1,35.6,16.40625,162.0,89.0,21.0,1.0,50,3.0,0,0.0
C2,1649,-0.06133954576170755,199.5,110.39999999999999,1,25.2,16.40625,162.0,63.0,21.0,1.0,50,2.0,2,0.0
C2,1650,-0.039976178122374195,197.3,111.60000000000001,1,29.2,16.40625,204.0,73.0,21.0,1.0,50,2.0,2,0.0
C2,1651,-0.09527198347954707,203.3,114.0,1,19.6,16.40625,243.0,49.0,21.0,1.0,50,1.0,0,0.0
C2,1652,-0.048825087263445865,204.9,113.19999999999999,1,32.4,16.40625,216.0,81.0,21.0,1.0,50,2.0,0,0.0
C2,1653,-0.0026315789473684847,199.0,112.10000000000001,1,44.4,17.1875,190.0,111.0,22.0,1.0,50,3.0,2,0.0
C2,1654,-0.04850831261027838,206.7,117.5,1,34.0,16.40625,133.0,85.0,21.0,1.0,50,3.0,1,0.0
C2,1655,-0.06307822952022554,202.6,114.7,1,26.8,16.40625,167.0,67.0,21.0,1.0,50,2.0,0,0.0
C2,1656,-0.10888590950270721,207.8,117.8,1,19.2,17.1875,121.0,48.0,22.0,1.0,50,2.0,0,0.0
C2,1657,-0.07625898615354029,206.4,118.2,1,26.0,16.40625,116.0,65.0,21.0,1.0,50,3.0,0,0.0
C2,1658,-0.0934298782163892,202.6,112.19999999999999,1,19.6,16.40625,121.0,49.0,21.0,1.0,50,2.0,2,0.0
C2,1659,-0.10724224291344692,206.5,114.4,1,18.8,16.40625,119.0,47.0,21.0,1.0,50,2.0,1,0.0
C2,1660,-0.06816120175481494,206.3,114.7,1,28.0,17.1875,115.0,70.0,22.0,1.0,50,3.0,0,0.0
C2,1661,-0.010421712743684974,190.8,110.7,1,32.8,16.40625,150.0,82.0,21.0,1.0,50,3.0,2,0.0
C2,1662,-0.104397217525835,202.7,115.2,1,17.2,16.40625,117.0,43.0,21.0,1.0,50,2.0,2,0.0
C2,1663,-0.04913086109917289,197.3,112.5,1,26.8,16.40625,159.0,67.0,21.0,1.0,50,2.0,2,0.0
C2,1664,-0.02499999999999991,207.5,118.3,1,44.8,17.1875,188.0,112.0,22.0,1.0,50,3.0,1,0.0
C2,1665,-0.019210526315789456,205.3,116.9,1,46.0,16.40625,190.0,115.0,21.0,1.0,50,3.0,1,0.0
C2,1666,-0.037631578947368405,212.29999999999998,120.1,1,44.0,17.1875,182.0,110.0,22.0,1.0,50,3.0,2,0.0
C2,1667,-0.05523933601711106,203.1,112.4,1,29.2,16.40625,126.0,73.0,21.0,1.0,50,3.0,1,0.0
C2,1668,-0.0667522134223642,197.1,112.4,1,22.4,16.40625,151.0,56.0,21.0,1.0,50,2.0,0,0.0
C2,1669,-0.04248418219005787,199.9,112.69999999999999,1,30.4,16.40625,197.0,76.0,21.0,1.0,50,2.0,0,0.0
C2,1670,-0.275632506221541,196.6,106.6,3,192.0,17.1875,868.0,480.0,22.0,1.0,70,3.0,1,0.0
C2,1671,0.2533070977048318,91.7,46.6,3,53.733334,15.885417,903.0,403.0,61.0,1.0,70,2.0,0,0.0
C2,1672,0.2773684210526316,92.60000000000001,47.0,3,71.2,15.885417,812.0,534.0,61.0,1.0,70,3.0,1,0.0
C2,1673,0.24712159180509946,96.0,46.9,4,81.2,15.885417,923.0,609.0,61.0,1.0,70,3.0,0,0.0
C2,1674,0.22920884499384614,82.5,41.0,4,41.1,16.015625,895.0,411.0,82.0,1.0,70,2.0,2,0.0
C2,1675,0.15709048342355278,61.1,38.9,4,9.2,15.8203125,209.0,92.0,81.0,1.0,70,2.0,2,0.0
C2,1676,0.12104096670748993,69.7,38.9,4,4.2,15.8203125,159.0,42.0,81.0,1.0,70,1.0,1,0.0
C2,1677,0.17227810891659012,50.7,38.5,4,4.7,15.8203125,185.0,47.0,81.0,1.0,70,1.0,0,0.0
C2,1678,0.12793905539122558,72.4,40.800000000000004,4,9.4,15.8203125,208.0,94.0,81.0,1.0,70,2.0,1,0.0
C2,1679,0.10241816793582958,88.3,45.199999999999996,3,16.933332,15.885417,190.0,127.0,61.0,1.0,70,3.0,1,0.0
C2,1680,-0.07254380884466796,179.4,88.7,1,34.4,16.40625,220.0,86.0,21.0,1.0,70,2.0,2,0.0
C2,1681,0.044388764000361375,174.4,105.1,1,56.8,17.1875,250.0,142.0,22.0,1.0,70,3.0,0,0.0
C2,1682,-0.11186428285770772,202.8,115.3,1,35.6,16.40625,138.0,89.0,21.0,1.0,70,3.0,2,0.0
C2,1683,-0.14469438765000264,180.0,108.7,1,12.8,16.40625,168.0,32.0,21.0,1.0,70,1.0,1,0.0
C2,1684,-0.1242734836725154,203.4,116.7,1,33.2,16.40625,214.0,83.0,21.0,1.0,70,2.0,1,0.0
C2,1685,-0.11912275621308893,203.5,117.1,1,34.4,17.1875,145.0,86.0,22.0,1.0,70,3.0,0,0.0
C2,1686,-0.2190579134347202,210.79999999999998,118.2,1,14.8,16.40625,170.0,37.0,21.0,1.0,70,1.0,1,0.0
C2,1687,-0.19292876420520355,204.1,114.7,1,17.2,16.40625,234.0,43.0,21.0,1.0,70,1.0,1,0.0
C2,1688,-0.03431608351437379,205.8,115.9,1,58.4,17.1875,247.0,146.0,22.0,1.0,70,3.0,1,0.0
C2,1689,-0.1939428830842851,207.9,114.8,1,19.6,17.1875,218.0,49.0,22.0,1.0,70,1.0,0,0.0
C2,1690,-0.21792876420520357,213.60000000000002,121.2,1,17.2,16.40625,207.0,43.0,21.0,1.0,70,1.0,2,0.0
C2,1691,-0.14745802303951533,198.2,111.60000000000001,1,24.8,16.40625,171.0,62.0,21.0,1.0,70,2.0,1,0.0
C2,1692,-0.16041147250502452,194.0,112.60000000000001,1,18.8,16.40625,130.0,47.0,21.0,1.0,70,2.0,2,0.0
C2,1693,-0.1914641796324485,204.1,115.4,1,17.6,17.1875,211.0,44.0,22.0,1.0,70,1.0,2,0.0
C2,1694,-0.07831572469951947,204.7,114.8,1,44.4,17.1875,196.0,111.0,22.0,1.0,70,3.0,1,0.0
C2,1695,-0.1928414548085396,206.9,117.2,1,19.2,16.40625,247.0,48.0,21.0,1.0,70,1.0,2,0.0
C2,1696,-0.1420694681271107,202.7,112.9,1,28.8,17.1875,203.0,72.0,22.0,1.0,70,2.0,0,0.0
C2,1697,-0.07193170725004167,169.5,104.5,1,24.8,16.40625,150.0,62.0,21.0,1.0,70,2.0,1,0.0
C2,1698,-0.1397010470744791,201.8,114.2,1,28.8,16.40625,185.0,72.0,21.0,1.0,70,2.0,0,0.0
C2,1699,-0.11660112496297093,204.6,115.3,1,35.6,16.40625,159.0,89.0,21.0,1.0,70,3.0,0,0.0
C2,1700,-0.05173750221736917,206.5,116.6,1,52.8,16.40625,215.0,132.0,21.0,1.0,70,3.0,1,0.0
C2,1701,-0.0094736842105263,201.6,114.5,1,68.4,17.1875,297.0,171.0,22.0,1.0,70,3.0,0,0.0
C2,1702,-0.17252998551185988,192.6,110.2,1,14.4,16.40625,185.0,36.0,21.0,1.0,70,1.0,1,0.0
C2,1703,-0.04783064163836062,205.5,115.9,1,53.2,16.40625,231.0,133.0,21.0,1.0,70,3.0,0,0.0
C2,1704,-0.20332014975709756,201.3,113.10000000000001,1,12.0,16.40625,155.0,30.0,21.0,1.0,70,1.0,1,0.0
C2,1705,-0.06930176978373262,209.0,117.6,1,49.6,16.40625,216.0,124.0,21.0,1.0,70,3.0,2,0.0
C2,1706,-0.15547644713822883,198.1,113.5,1,22.8,16.40625,143.0,57.0,21.0,1.0,70,2.0,1,0.0
C2,1707,-0.13717208628160799,188.70000000000002,113.5,1,21.2,16.40625,125.0,53.0,21.0,1.0,70,2.0,0,0.0
C2,1708,-0.11366924157198915,202.8,112.69999999999999,1,35.2,16.40625,212.0,88.0,21.0,1.0,70,2.0,1,0.0
C2,1709,-0.1931919220999404,204.2,114.8,1,17.2,16.40625,203.0,43.0,21.0,1.0,70,1.0,0,0.0
C2,1710,-0.19460387847707356,196.1,108.8,1,10.4,16.40625,118.0,26.0,21.0,1.0,70,1.0,2,0.0
C2,1711,-0.10352132256812993,201.0,113.60000000000001,1,36.4,17.1875,216.0,91.0,22.0,1.0,70,2.0,0,0.0
C2,1712,-0.16561591777635748,205.1,116.2,1,24.8,16.40625,168.0,62.0,21.0,1.0,70,2.0,0,0.0
C2,1713,-0.1970519811243291,208.5,114.3,1,19.2,16.40625,123.0,48.0,21.0,1.0,70,2.0,1,0.0
C2,1714,-0.1301176886655257,199.5,111.3,1,29.6,16.40625,123.0,74.0,21.0,1.0,70,3.0,1,0.0
C2,1715,-0.19999551466323257,210.2,119.5,1,19.6,16.40625,127.0,49.0,21.0,1.0,70,2.0,0,0.0
C2,1716,-0.22239572789941953,204.0,114.6,1,8.0,16.40625,130.0,20.0,21.0,1.0,70,1.0,0,0.0
C2,1717,-0.22475585297838901,207.1,115.6,1,10.0,16.40625,135.0,25.0,21.0,1.0,70,1.0,1,0.0
C2,1718,-0.12239059864718138,206.8,116.6,1,35.6,17.1875,232.0,89.0,22.0,1.0,70,2.0,1,0.0
C2,1719,-0.21331945919607048,208.1,115.4,1,14.4,16.40625,204.0,36.0,21.0,1.0,70,1.0,1,0.0
C2,1720,-0.1760027629277024,205.9,117.0,1,22.8,16.40625,137.0,57.0,21.0,1.0,70,2.0,1,0.0
C2,1721,-0.21853185977379203,206.6,117.5,1,11.6,16.40625,148.0,29.0,21.0,1.0,70,1.0,2,0.0
C2,1722,-0.1349642007742528,200.0,113.5,1,8.8,16.40625,133.0,22.0,21.0,1.0,50,1.0,2,0.0
C2,1723,-0.05932628745321586,206.3,116.1,1,30.4,16.40625,186.0,76.0,21.0,1.0,50,2.0,2,0.0
C2,1724,-0.060961700112895784,208.5,116.5,1,31.6,16.40625,191.0,79.0,21.0,1.0,50,2.0,1,0.0
C2,1725,-0.02999999999999997,209.4,118.0,1,48.8,17.1875,194.0,122.0,22.0,1.0,50,3.0,0,0.0
C2,1726,-0.11597616489425613,207.1,116.4,1,17.2,16.40625,192.0,43.0,21.0,1.0,50,1.0,0,0.0
C2,1727,-0.02831508627669671,200.8,114.2,1,35.6,16.40625,162.0,89.0,21.0,1.0,50,3.0,0,0.0
C2,1728,-0.0816715603601747,200.8,114.5,1,21.2,16.40625,144.0,53.0,21.0,1.0,50,2.0,2,0.0
C2,1729,-0.043748510421112635,197.6,114.6,1,28.4,16.40625,183.0,71.0,21.0,1.0,50,2.0,1,0.0
C2,1730,-0.008947368421052593,198.2,106.89999999999999,2,45.2,16.40625,238.0,113.0,21.0,1.0,50,3.0,0,0.0
C2,1731,0.13529208048285005,112.3,65.60000000000001,2,17.6,16.015625,207.0,88.0,41.0,1.0,50,2.0,0,0.0
C2,1732,0.12308059345620218,118.3,65.4,2,18.4,16.015625,142.0,92.0,41.0,1.0,50,3.0,2,0.0
C2,1733,0.05989270684813702,123.30000000000001,64.4,2,7.2,16.015625,174.0,36.0,41.0,1.0,50,1.0,2,0.0
C2,1734,0.11953514312887173,121.0,66.4,2,19.2,16.015625,165.0,96.0,41.0,1.0,50,3.0,1,0.0
C2,1735,0.11486302024444774,118.9,67.0,1,18.8,16.015625,147.0,94.0,41.0,1.0,50,3.0,1,0.0
C2,1736,-0.12812897214872887,212.4,119.3,1,17.6,17.1875,191.0,44.0,22.0,1.0,50,1.0,2,0.0
C2,1737,-0.06629626221017473,199.5,112.10000000000001,1,24.0,16.40625,169.0,60.0,21.0,1.0,50,2.0,1,0.0
C2,1738,-0.04362740720617195,194.0,112.10000000000001,1,26.0,16.40625,163.0,65.0,21.0,1.0,50,2.0,1,0.0
C2,1739,-0.031036311486216217,204.9,113.9,1,38.8,16.40625,166.0,97.0,21.0,1.0,50,3.0,1,0.0
C2,1740,-0.0403775428637447,207.0,116.5,1,37.2,16.40625,151.0,93.0,21.0,1.0,50,3.0,2,0.0
C2,1741,-0.04476305394952354,201.3,117.1,1,30.8,16.40625,199.0,77.0,21.0,1.0,50,2.0,2,0.0
C2,1742,-0.0540116683158495,201.5,113.9,1,28.4,17.1875,165.0,71.0,22.0,1.0,50,2.0,1,0.0
C2,1743,-0.053397230753953084,202.4,114.9,1,29.2,16.40625,131.0,73.0,21.0,1.0,50,3.0,0,0.0
C2,1744,-0.1194958532006041,205.7,116.8,1,15.6,16.40625,208.0,39.0,21.0,1.0,50,1.0,0,0.0
C2,1745,-0.12690253121026235,209.2,118.6,1,16.0,16.40625,170.0,40.0,21.0,1.0,50,1.0,2,0.0
C2,1746,-0.013157894736842146,203.0,116.5,1,45.2,16.40625,202.0,113.0,21.0,1.0,50,3.0,1,0.0
C2,1747,-0.04250929778976176,202.5,119.5,1,32.4,16.40625,200.0,81.0,21.0,1.0,50,2.0,0,0.0
C2,1748,-0.11633795846376191,204.5,114.6,1,15.6,17.1875,198.0,39.0,22.0,1.0,50,1.0,0,0.0
C2,1749,-0.0060526315789473095,200.3,115.4,1,41.6,16.40625,188.0,104.0,21.0,1.0,50,3.0,1,0.0
C2,1750,-0.08297911075096959,207.1,115.9,1,24.8,16.40625,152.0,62.0,21.0,1.0,50,2.0,0,0.0
C2,1751,-0.08681863054045097,209.79999999999998,116.0,1,25.6,16.40625,157.0,64.0,21.0,1.0,50,2.0,0,0.0
C2,1752,-0.05201337628911401,211.79999999999998,118.5,1,37.6,16.40625,154.0,94.0,21.0,1.0,50,3.0,0,0.0
C2,1753,-0.15243138270767725,214.10000000000002,118.8,1,13.2,16.40625,136.0,33.0,21.0,1.0,50,1.0,0,0.0
C2,1754,-0.0775519137307519,208.1,116.0,1,26.8,16.40625,184.0,67.0,21.0,1.0,50,2.0,0,0.0
C2,1755,-0.03297721891449826,203.4,117.3,1,36.4,17.1875,235.0,91.0,22.0,1.0,50,2.0,0,0.0
C2,1756,-0.04631550810166299,205.4,116.2,1,33.6,16.40625,213.0,84.0,21.0,1.0,50,2.0,1,0.0
C2,1757,-0.016052631578947374,204.1,117.6,1,48.8,17.1875,209.0,122.0,22.0,1.0,50,3.0,0,0.0
C2,1758,-0.056818283385532076,203.7,116.7,1,29.2,16.40625,189.0,73.0,21.0,1.0,50,2.0,0,0.0
C2,1759,0.06684210526315792,172.6,104.89999999999999,1,47.6,16.40625,200.0,119.0,21.0,1.0,50,3.0,1,0.0
C2,1760,-0.01982670455772717,201.3,118.1,1,39.6,16.40625,160.0,99.0,21.0,1.0,50,3.0,1,0.0
C2,1761,-0.016315789473684228,204.2,115.5,1,44.8,17.1875,183.0,112.0,22.0,1.0,50,3.0,2,0.0
C2,1762,-0.01736842105263159,204.6,115.3,1,43.6,16.40625,193.0,109.0,21.0,1.0,50,3.0,0,0.0
C2,1763,-0.08599117266060202,199.1,115.1,1,19.2,17.1875,248.0,48.0,22.0,1.0,50,1.0,1,0.0
C2,1764,-0.04910592327000074,205.5,114.9,1,32.8,16.40625,230.0,82.0,21.0,1.0,50,2.0,2,0.0
C2,1765,0.005254666508701919,183.29999999999998,91.30000000000001,2,34.2,16.015625,254.0,171.0,41.0,1.0,50,3.0,2,0.0
C2,1766,0.16242486912658072,117.8,63.9,2,27.4,16.015625,233.0,137.0,41.0,1.0,50,3.0,0,0.0
C2,1767,0.06276238425153235,123.2,67.4,2,7.8,16.015625,182.0,39.0,41.0,1.0,50,1.0,2,0.0
C2,1768,0.20973684210526317,118.3,65.8,2,87.4,16.40625,1018.0,437.0,42.0,1.0,90,2.0,2,0.0
C2,1769,0.18148250238738242,118.6,65.0,2,73.4,16.015625,894.0,367.0,41.0,1.0,90,2.0,0,0.0
C2,1770,0.21289473684210528,117.1,65.19999999999999,2,81.2,16.40625,998.0,406.0,42.0,1.0,90,2.0,2,0.0
C2,1771,0.23447368421052633,105.7,54.9,3,80.933334,16.145834,913.0,607.0,62.0,1.0,90,3.0,0,0.0
C2,1772,0.05585654175939617,93.2,47.5,3,22.8,15.885417,788.0,171.0,61.0,1.0,90,1.0,2,0.0
C2,1773,0.048645469136477326,85.9,46.0,3,7.0666666,15.885417,222.0,53.0,61.0,1.0,90,1.0,1,0.0
C2,1774,0.2626236021112631,90.80000000000001,47.199999999999996,3,16.133333,15.885417,184.0,121.0,61.0,1.0,30,3.0,2,0.0
C2,1775,0.233222067431612,100.1,50.1,3,14.4,15.885417,169.0,108.0,61.0,1.0,30,3.0,2,0.0
C2,1776,0.24371538536104248,87.5,43.0,5,47.466667,15.885417,862.0,356.0,61.0,1.0,30,2.0,2,0.0
C2,1777,0.321932232871946,44.0,29.1,13,52.044445,15.711805,1800.0,1171.0,181.0,1.0,30,2.0,0,0.0
C2,1778,0.631578947368421,33.2,22.700000000000003,17,25.482353,15.487132,1800.0,1083.0,337.0,1.0,30,2.0,0,0.0
C2,1779,0.8008771929824561,33.099999999999994,22.5,17,23.811764,15.625,1800.0,1012.0,340.0,1.0,30,2.0,1,0.0
C2,1780,0.5508771929824561,32.800000000000004,22.1,23,38.188236,15.670956,1200.0,1623.0,341.0,1.0,30,3.0,2,0.0
C2,1781,0.8070175438596492,32.4,21.7,23,22.67826,15.557065,1800.0,1304.0,458.0,1.0,30,2.0,0,0.0
C2,1782,0.7928734902953911,32.300000000000004,21.7,23,17.878262,15.625,1200.0,1028.0,460.0,1.0,30,3.0,0,0.0
C2,1783,0.7432771865850509,32.599999999999994,22.1,23,4.0869565,15.658967,322.0,235.0,461.0,1.0,30,3.0,0,0.0
C2,1784,0.7428347562767657,32.7,21.5,23,4.191304,15.658967,263.0,241.0,461.0,1.0,30,3.0,1,0.0
C2,1785,0.7357529763702331,32.2,21.2,23,1.4956522,15.625,261.0,86.0,460.0,1.0,30,1.0,0,0.0
C2,1786,0.48466275888679605,32.9,22.5,17,3.288889,15.668403,242.0,148.0,361.0,1.0,30,2.0,2,0.0
C2,1787,0.6082219875376864,34.0,23.8,14,4.9428573,15.680803,687.0,173.0,281.0,1.0,30,1.0,2,0.0
C2,1788,-0.04447368421052639,54.9,35.5,4,25.2,15.8203125,1114.0,252.0,81.0,1.0,30,1.0,0,0.0
C2,1789,0.1678992859818475,50.2,33.7,9,40.1,15.527344,1013.0,802.0,159.0,1.0,30,3.0,2,0.0
C2,1790,0.7270175438596491,39.6,26.9,11,35.155556,15.711805,1055.0,791.0,181.0,1.0,30,3.0,0,0.0
C2,1791,0.7605263157894737,37.699999999999996,25.4,11,29.963636,15.696023,1113.0,824.0,221.0,1.0,30,3.0,0,0.0
C2,1792,0.7414127211515462,38.6,25.4,11,19.563637,15.696023,706.0,538.0,221.0,1.0,30,3.0,2,0.0
C2,1793,0.6928903295232791,38.800000000000004,25.5,11,5.0545454,15.696023,270.0,139.0,221.0,1.0,30,2.0,0,0.0
C2,1794,0.7049544835463413,37.1,25.6,11,4.3636365,15.696023,250.0,120.0,221.0,1.0,30,2.0,2,0.0
C2,1795,0.7105965324317869,36.900000000000006,25.7,11,5.309091,15.696023,197.0,146.0,221.0,1.0,30,3.0,1,0.0
C2,1796,0.7206969414650868,35.9,26.1,11,5.6363635,15.696023,217.0,155.0,221.0,1.0,30,3.0,0,0.0
C2,1797,0.5055130162418645,40.300000000000004,28.2,7,3.6571429,15.736608,278.0,64.0,141.0,1.0,30,1.0,0,0.0
C2,1798,0.09845720550043774,75.6,41.2,3,5.733333,15.885417,203.0,43.0,61.0,1.0,30,1.0,2,0.0
C2,1799,0.2598184301679352,94.60000000000001,48.7,3,19.066668,15.885417,218.0,143.0,61.0,1.0,30,3.0,0,0.0
C2,1800,0.24634809613726646,94.5,47.7,3,13.866667,15.885417,477.0,104.0,61.0,1.0,30,1.0,2,0.0
C2,1801,0.18274096484325608,76.0,39.300000000000004,6,40.8,15.78125,1018.0,510.0,101.0,1.0,30,2.0,0,0.0
C2,1802,0.6907017543859648,44.699999999999996,29.7,7,26.171429,15.736608,950.0,458.0,141.0,1.0,30,2.0,1,0.0
C2,1803,0.6818569428729577,43.0,28.9,7,11.942857,15.736608,860.0,209.0,141.0,1.0,30,1.0,1,0.0
C2,1804,0.6898245614035088,44.8,29.7,8,34.285713,15.848214,815.0,600.0,142.0,1.0,30,3.0,2,0.0
C2,1805,0.7173309581033249,40.5,28.400000000000002,8,16.45,15.722656,682.0,329.0,161.0,1.0,30,2.0,1,0.0
C2,1806,0.6730939938037528,42.9,28.400000000000002,8,9.2,15.722656,371.0,184.0,161.0,1.0,30,2.0,2,0.0
C2,1807,0.6957581097715371,40.4,28.2,8,9.4,15.722656,248.0,188.0,161.0,1.0,30,3.0,2,0.0
C2,1808,0.7024090925082842,39.6,27.599999999999998,8,9.3,15.722656,279.0,186.0,161.0,1.0,30,3.0,1,0.0
C2,1809,0.6832651412985973,39.4,27.099999999999998,8,4.0,15.722656,156.0,80.0,161.0,1.0,30,2.0,0,0.0
C2,1810,0.47790367623456714,49.6,34.3,5,6.56,15.78125,104.0,82.0,101.0,1.0,30,3.0,2,0.0
C2,1811,0.20928427444440398,93.10000000000001,46.0,3,7.0666666,15.885417,224.0,53.0,61.0,1.0,30,1.0,2,0.0
C2,1812,0.25800535954237597,94.60000000000001,47.800000000000004,3,18.266666,15.885417,206.0,137.0,61.0,1.0,30,3.0,0,0.0
C2,1813,0.27210526315789474,94.60000000000001,48.4,3,23.066668,15.885417,262.0,173.0,61.0,1.0,30,3.0,0,0.0
C2,1814,0.25084311846023544,93.10000000000001,45.699999999999996,3,14.133333,15.885417,255.0,106.0,61.0,1.0,30,2.0,0,0.0
C2,1815,0.22639582991558224,92.39999999999999,49.5,3,6.6666665,15.885417,243.0,50.0,61.0,1.0,30,1.0,1,0.0
C2,1816,0.2629552339404352,92.60000000000001,47.6,3,18.133333,15.885417,201.0,136.0,61.0,1.0,30,3.0,1,0.0
C2,1817,0.22981059023387768,91.7,48.0,3,7.0666666,15.885417,233.0,53.0,61.0,1.0,30,1.0,1,0.0
C2,1818,0.27989209552666106,87.3,45.5,3,19.466667,15.885417,228.0,146.0,61.0,1.0,30,3.0,1,0.0
C2,1819,0.2581499179007368,92.5,48.800000000000004,3,16.133333,15.885417,248.0,121.0,61.0,1.0,30,2.0,2,0.0
C2,1820,0.20883270968761733,102.0,50.4,3,8.666667,15.885417,141.0,65.0,61.0,1.0,30,2.0,1,0.0
C2,1821,0.2753691295716434,85.4,45.6,3,15.6,15.885417,256.0,117.0,61.0,1.0,30,2.0,0,0.0
C2,1822,0.2659890314444914,92.89999999999999,47.4,3,19.866667,15.885417,211.0,149.0,61.0,1.0,30,3.0,2,0.0
C2,1823,0.16041885816630982,111.19999999999999,56.300000000000004,2,4.6666665,15.885417,159.0,35.0,61.0,1.0,30,1.0,2,0.0
C2,1824,0.16925120212369194,115.5,63.2,2,7.6,16.015625,154.0,38.0,41.0,1.0,30,1.0,0,0.0
C2,1825,0.2073684210526316,119.2,64.3,2,33.0,16.015625,246.0,165.0,41.0,1.0,30,3.0,2,0.0
C2,1826,0.21406109337200369,88.7,45.199999999999996,3,3.3333333,15.885417,120.0,25.0,61.0,1.0,30,1.0,0,0.0
C2,1827,0.2148868655303135,91.80000000000001,46.9,3,3.4666667,15.885417,116.0,26.0,61.0,1.0,30,1.0,1,0.0
C2,1828,0.2330259426450762,86.6,44.3,3,4.5333333,15.885417,157.0,34.0,61.0,1.0,30,1.0,2,0.0
C2,1829,0.28078947368421053,91.30000000000001,46.9,3,20.666666,15.885417,234.0,155.0,61.0,1.0,30,3.0,1,0.0
C2,1830,0.2454438286454861,97.60000000000001,48.2,3,16.4,15.885417,195.0,123.0,61.0,1.0,30,3.0,0,0.0
C2,1831,0.1632259856448034,112.5,64.0,2,6.2,16.015625,121.0,31.0,41.0,1.0,30,1.0,2,0.0
C2,1832,0.19214593896579724,106.80000000000001,56.4,2,7.6,16.015625,93.0,38.0,41.0,1.0,30,2.0,2,0.0
C2,1833,0.14683879824518506,124.60000000000001,68.3,2,8.0,16.015625,196.0,40.0,41.0,1.0,30,1.0,0,0.0
C2,1834,-0.16485891577081724,107.7,52.400000000000006,8,75.9,15.8203125,933.0,759.0,81.0,1.0,30,3.0,1,0.0
C2,1835,0.7105263157894737,43.4,28.9,8,25.7,15.722656,978.0,514.0,161.0,1.0,30,2.0,1,0.0
C2,1836,0.7333333333333332,40.800000000000004,28.0,8,32.2,15.722656,872.0,644.0,161.0,1.0,30,3.0,0,0.0
C2,1837,0.7278947368421054,39.5,27.0,10,32.36,15.546875,994.0,809.0,199.0,1.0,30,3.0,2,0.0
C2,1838,0.7570175438596491,38.1,25.9,10,31.08,15.703125,1059.0,777.0,201.0,1.0,30,3.0,2,0.0
C2,1839,0.7596491228070175,37.8,25.4,10,21.04,15.703125,1053.0,526.0,201.0,1.0,30,2.0,2,0.0
C2,1840,0.6294673685984455,38.5,25.9,10,10.08,15.703125,987.0,252.0,201.0,1.0,50,1.0,2,0.0
C2,1841,0.62015252906197,39.4,26.700000000000003,10,9.76,15.703125,1029.0,244.0,201.0,1.0,50,1.0,2,0.0
C2,1842,0.6378737233951113,37.400000000000006,25.8,10,9.8,15.703125,994.0,245.0,201.0,1.0,50,1.0,1,0.0
C2,1843,0.6672583891719797,38.9,26.1,10,19.28,15.703125,989.0,482.0,201.0,1.0,50,2.0,2,0.0
C2,1844,0.4873118799558742,43.6,28.6,5,39.7,15.8203125,1037.0,794.0,162.0,1.0,50,3.0,2,0.0
C2,1845,0.30336115342738823,50.2,33.8,5,18.64,15.78125,1019.0,233.0,101.0,1.0,50,1.0,0,0.0
C2,1846,0.6521052631578947,49.099999999999994,33.4,6,53.04,15.78125,968.0,663.0,101.0,1.0,50,3.0,2,0.0
C2,1847,0.6410054441196236,47.5,31.7,6,31.533333,15.755208,993.0,473.0,121.0,1.0,50,2.0,0,0.0
C2,1848,0.6715518084244212,44.900000000000006,31.099999999999998,6,33.933334,15.755208,1052.0,509.0,121.0,1.0,50,2.0,1,0.0
C2,1849,0.6399477299607264,47.9,32.2,6,32.266666,15.755208,1040.0,484.0,121.0,1.0,50,2.0,2,0.0
C2,1850,0.5811175699433992,46.6,32.099999999999994,6,15.133333,15.755208,956.0,227.0,121.0,1.0,50,1.0,2,0.0
C2,1851,0.5738246220919578,47.5,31.6,6,15.266666,15.755208,930.0,229.0,121.0,1.0,50,1.0,2,0.0
C2,1852,0.36473684210526314,53.0,35.8,4,44.88,15.78125,948.0,561.0,101.0,1.0,50,3.0,2,0.0
C2,1853,0.6477192982456139,49.6,34.7,5,48.64,15.78125,881.0,608.0,101.0,1.0,50,3.0,1,0.0
C2,1854,0.2957698040288739,50.5,34.7,5,17.12,15.78125,976.0,214.0,101.0,1.0,50,1.0,2,0.0
C2,1855,0.3031393036144133,51.5,35.1,5,19.36,15.78125,1028.0,242.0,101.0,1.0,50,1.0,2,0.0
C2,1856,0.38789473684210524,50.6,34.8,5,40.08,15.78125,1058.0,501.0,101.0,1.0,50,2.0,2,0.0
C2,1857,0.5845148574089356,46.0,32.800000000000004,5,14.72,15.78125,792.0,184.0,101.0,1.0,50,1.0,2,0.0
C2,1858,0.5421601267614238,48.9,33.7,5,10.96,15.78125,188.0,137.0,101.0,1.0,50,3.0,2,0.0
C2,1859,0.23177914360811222,64.9,38.9,4,13.2,15.8203125,195.0,132.0,81.0,1.0,50,3.0,0,0.0
C2,1860,0.18619169075508785,69.2,39.0,4,3.4,15.8203125,142.0,34.0,81.0,1.0,50,1.0,1,0.0
C2,1861,0.24143673943557198,70.6,40.4,4,16.8,16.015625,258.0,168.0,82.0,1.0,50,3.0,2,0.0
C2,1862,0.04598735102840004,121.2,60.3,2,6.6,16.015625,170.0,33.0,41.0,1.0,50,1.0,1,0.0
C2,1863,0.08944393130447156,112.4,64.4,2,7.4,16.015625,179.0,37.0,41.0,1.0,50,1.0,2,0.0
C2,1864,0.11739734364074478,119.1,65.9,2,17.6,16.015625,216.0,88.0,41.0,1.0,50,2.0,1,0.0
C2,1865,0.20826728063272978,114.3,64.8,2,39.2,16.015625,285.0,196.0,41.0,1.0,50,3.0,0,0.0
C2,1866,0.18081329556183634,113.4,63.9,2,29.2,16.015625,245.0,146.0,41.0,1.0,50,3.0,2,0.0
C2,1867,0.1925466587372035,118.1,64.3,2,36.8,16.015625,296.0,184.0,41.0,1.0,50,3.0,2,0.0
C2,1868,0.13492193146854273,122.39999999999999,64.5,2,23.6,16.015625,281.0,118.0,41.0,1.0,50,2.0,0,0.0
C2,1869,0.03453866975192245,113.4,63.1,2,14.0,16.015625,160.0,70.0,41.0,1.0,70,2.0,1,0.0
C2,1870,0.11644388298001476,115.7,61.800000000000004,2,35.4,16.015625,295.0,177.0,41.0,1.0,70,3.0,0,0.0
C2,1871,0.06949090681366747,116.4,63.3,2,25.2,16.015625,296.0,126.0,41.0,1.0,70,2.0,2,0.0
C2,1872,0.04692456009436878,115.5,64.0,2,19.0,16.015625,223.0,95.0,41.0,1.0,70,2.0,1,0.0
C2,1873,0.06564998827861374,116.9,64.3,2,24.6,16.015625,198.0,123.0,41.0,1.0,70,3.0,1,0.0
C2,1874,0.016969274907893572,112.19999999999999,60.699999999999996,2,7.2,16.40625,177.0,36.0,42.0,1.0,70,1.0,0,0.0
C2,1875,-0.044069072882068516,137.1,70.8,2,8.8,16.015625,180.0,44.0,41.0,1.0,70,1.0,1,0.0
C2,1876,-0.10020169897639142,201.3,105.6,1,19.2,16.40625,195.0,48.0,21.0,1.0,50,1.0,1,0.0
C2,1877,-0.023421052631578898,203.7,111.8,2,58.0,16.40625,245.0,145.0,21.0,1.0,50,3.0,0,0.0
C2,1878,0.11170330058928157,115.1,64.5,2,14.0,16.015625,172.0,70.0,41.0,1.0,50,2.0,2,0.0
C2,1879,0.14183327967834766,113.19999999999999,64.60000000000001,2,19.6,16.015625,233.0,98.0,41.0,1.0,50,2.0,2,0.0
C2,1880,0.019676736761399277,111.8,63.5,2,7.8,16.015625,181.0,39.0,41.0,1.0,70,1.0,0,0.0
C2,1881,0.15979329757725452,118.8,63.9,2,47.4,16.015625,379.0,237.0,41.0,1.0,70,3.0,2,0.0
C2,1882,0.12502503372556326,117.9,64.8,2,38.6,16.015625,919.0,193.0,41.0,1.0,70,1.0,1,0.0
C2,1883,0.03477929656052374,111.8,61.3,2,12.8,16.015625,281.0,64.0,41.0,1.0,70,1.0,2,0.0
C2,1884,0.08041902676739193,115.5,62.0,2,27.2,16.015625,223.0,136.0,41.0,1.0,70,3.0,2,0.0
C2,1885,0.08065711693783098,116.4,63.3,2,27.8,16.40625,333.0,139.0,42.0,1.0,70,2.0,2,0.0
C2,1886,0.0420989937426437,111.3,61.3,2,14.6,16.015625,355.0,73.0,41.0,1.0,70,1.0,0,0.0
C2,1887,0.13680958546371838,110.7,61.199999999999996,2,37.0,16.40625,312.0,185.0,42.0,1.0,70,3.0,0,0.0
C2,1888,0.036703310675271744,114.4,62.1,2,15.4,16.015625,189.0,77.0,41.0,1.0,70,2.0,2,0.0
C2,1889,0.02543179672544134,115.6,63.4,2,13.0,16.015625,150.0,65.0,41.0,1.0,70,2.0,0,0.0
C2,1890,0.05450097924319906,113.19999999999999,62.8,2,19.4,16.015625,159.0,97.0,41.0,1.0,70,3.0,2,0.0
C2,1891,-0.0031027925648881016,123.1,65.69999999999999,2,10.2,16.015625,237.0,51.0,41.0,1.0,70,1.0,0,0.0
C2,1892,0.050459492665760414,117.4,62.300000000000004,2,21.2,16.015625,168.0,106.0,41.0,1.0,70,3.0,0,0.0
C2,1893,-0.14292581040757774,188.9,105.7,1,22.0,16.40625,295.0,55.0,21.0,1.0,70,1.0,2,0.0
C2,1894,-0.02327227970585008,200.5,115.8,1,57.2,16.40625,240.0,143.0,21.0,1.0,70,3.0,2,0.0
C2,1895,-0.17610734707544123,204.1,119.8,1,21.6,16.40625,139.0,54.0,21.0,1.0,70,2.0,2,0.0
C2,1896,-0.20109784741417663,204.5,115.5,1,15.2,16.40625,183.0,38.0,21.0,1.0,70,1.0,2,0.0
C2,1897,-0.07139386602683473,200.8,112.69999999999999,1,43.6,16.40625,196.0,109.0,21.0,1.0,70,3.0,2,0.0
C2,1898,-0.102570120029023,205.4,115.2,1,39.2,16.40625,168.0,98.0,21.0,1.0,70,3.0,2,0.0
C2,1899,0.019210526315789497,187.5,96.69999999999999,2,62.4,16.015625,348.0,312.0,41.0,1.0,70,3.0,0,0.0
C2,1900,0.07305060571476038,118.3,64.3,2,27.2,16.015625,224.0,136.0,41.0,1.0,70,3.0,2,0.0
C2,1901,0.03179127067531769,112.19999999999999,65.69999999999999,2,12.2,16.015625,316.0,61.0,41.0,1.0,70,1.0,1,0.0
C2,1902,0.05895123695033501,116.0,65.0,2,22.4,16.015625,284.0,112.0,41.0,1.0,70,2.0,0,0.0
C2,1903,0.07021159063310169,113.9,64.10000000000001,2,23.8,16.015625,192.0,119.0,41.0,1.0,70,3.0,0,0.0
C2,1904,0.04327273802129132,116.6,64.4,2,18.8,16.015625,145.0,94.0,41.0,1.0,70,3.0,0,0.0
C2,1905,-0.14656510335409412,184.4,98.19999999999999,1,18.0,17.1875,112.0,45.0,22.0,1.0,70,2.0,0,0.0
C2,1906,-0.19375103365002905,210.2,117.2,1,21.2,16.40625,126.0,53.0,21.0,1.0,70,2.0,0,0.0
C2,1907,-0.18363092849275015,203.4,117.4,1,19.2,16.40625,134.0,48.0,21.0,1.0,70,2.0,0,0.0
C2,1908,-0.1432995270900997,202.5,114.9,1,28.4,16.40625,188.0,71.0,21.0,1.0,70,2.0,2,0.0
C2,1909,-0.2035102039599821,196.39999999999998,109.39999999999999,1,7.6,16.40625,108.0,19.0,21.0,1.0,70,1.0,1,0.0
C2,1910,-0.18964292701800678,202.3,113.8,1,16.8,16.40625,110.0,42.0,21.0,1.0,70,2.0,0,0.0
C2,1911,-0.1726177349330415,197.5,113.3,1,18.0,16.40625,129.0,45.0,21.0,1.0,70,2.0,0,0.0
C2,1912,-0.12327558340236769,196.9,114.4,1,29.6,16.40625,125.0,74.0,21.0,1.0,70,3.0,1,0.0
C2,1913,-0.14493585883072763,209.2,119.1,1,32.0,16.40625,193.0,80.0,21.0,1.0,70,2.0,1,0.0
C2,1914,-0.04576565180658476,199.5,110.7,1,49.2,16.40625,212.0,123.0,21.0,1.0,70,3.0,0,0.0
C2,1915,-0.06492033478338341,203.3,114.4,1,46.8,16.40625,198.0,117.0,21.0,1.0,70,3.0,0,0.0
C2,1916,-0.032187745230287806,203.1,113.8,1,56.4,16.40625,238.0,141.0,21.0,1.0,70,3.0,2,0.0
C2,1917,-0.19174120238867642,196.9,111.60000000000001,1,12.0,16.40625,187.0,30.0,21.0,1.0,70,1.0,1,0.0
C2,1918,-0.2120043602834134,204.6,115.6,1,12.0,16.40625,133.0,30.0,21.0,1.0,70,1.0,2,0.0
C2,1919,-0.15615992060102907,205.4,115.7,1,27.2,16.40625,101.0,68.0,21.0,1.0,70,3.0,2,0.0
C2,1920,-0.09150248068372971,197.8,111.3,1,37.2,16.40625,167.0,93.0,21.0,1.0,70,3.0,0,0.0
C2,1921,-0.12479979946198916,203.6,113.9,1,33.2,16.40625,226.0,83.0,21.0,1.0,70,2.0,0,0.0
C2,1922,-0.05791849313012856,198.2,115.2,1,45.2,16.40625,188.0,113.0,21.0,1.0,70,3.0,1,0.0
C2,1923,-0.1459000186978781,183.0,114.5,1,14.8,16.40625,200.0,37.0,21.0,1.0,70,1.0,2,0.0
C2,1924,-0.07218963706675907,203.0,114.8,1,44.8,16.40625,192.0,112.0,21.0,1.0,70,3.0,0,0.0
C2,1925,-0.05105593859692015,199.8,115.2,1,48.0,17.1875,207.0,120.0,22.0,1.0,70,3.0,0,0.0
C2,1926,-0.11813847592330715,199.7,113.0,1,32.4,17.1875,206.0,81.0,22.0,1.0,70,2.0,2,0.0
C2,1927,-0.0866715603601747,202.7,112.3,1,41.2,16.40625,176.0,103.0,21.0,1.0,70,3.0,0,0.0
C2,1928,-0.15205563480792522,204.5,112.9,1,27.6,16.40625,185.0,69.0,21.0,1.0,70,2.0,1,0.0
C2,1929,-0.22278756109789483,205.9,120.7,1,9.6,16.40625,100.0,24.0,21.0,1.0,70,1.0,2,0.0
C2,1930,-0.07805256680478267,204.6,113.0,1,44.4,16.40625,204.0,111.0,21.0,1.0,70,3.0,0,0.0
C2,1931,-0.13530871188686688,203.5,116.1,1,30.8,16.40625,199.0,77.0,21.0,1.0,70,2.0,1,0.0
C2,1932,-0.11216568910499919,203.6,115.3,1,36.0,17.1875,153.0,90.0,22.0,1.0,70,3.0,0,0.0
C2,1933,-0.13669663603394683,202.0,113.3,1,29.6,16.40625,209.0,74.0,21.0,1.0,70,2.0,1,0.0
C2,1934,-0.21793995267733451,210.9,119.7,1,15.2,16.40625,180.0,38.0,21.0,1.0,70,1.0,2,0.0
C2,1935,-0.20978205794049248,207.8,116.7,1,15.2,16.40625,181.0,38.0,21.0,1.0,70,1.0,0,0.0
C2,1936,-0.14119426393220486,201.7,114.1,1,28.4,17.1875,120.0,71.0,22.0,1.0,70,3.0,1,0.0
C2,1937,-0.1033448755123248,180.79999999999998,102.9,1,24.4,16.40625,94.0,61.0,21.0,1.0,70,3.0,0,0.0
C2,1938,-0.1834521261970513,207.5,119.0,1,22.0,16.40625,143.0,55.0,21.0,1.0,70,2.0,2,0.0
C2,1939,-0.1324139750447616,202.4,114.7,1,30.8,16.40625,141.0,77.0,21.0,1.0,70,3.0,2,0.0
C2,1940,-0.2130055439843182,204.5,115.9,1,11.6,16.40625,136.0,29.0,21.0,1.0,70,1.0,0,0.0
C2,1941,-0.18853159764524652,199.2,112.0,1,14.8,16.40625,199.0,37.0,21.0,1.0,70,1.0,2,0.0
C2,1942,-0.2256822979400001,207.0,114.6,1,9.6,16.40625,127.0,24.0,21.0,1.0,70,1.0,2,0.0
C2,1943,-0.13431085965646267,203.8,112.8,1,31.2,17.1875,195.0,78.0,22.0,1.0,70,2.0,1,0.0
C2,1944,-0.07451710010787932,200.7,109.8,1,22.8,16.40625,143.0,57.0,21.0,1.0,50,2.0,1,0.0
C2,1945,-0.028676978179516893,203.3,115.6,1,38.0,16.40625,161.0,95.0,21.0,1.0,50,3.0,1,0.0
C2,1946,-0.12743138270767723,204.6,112.60000000000001,1,13.2,16.40625,178.0,33.0,21.0,1.0,50,1.0,0,0.0
C2,1947,-0.10355803238713124,205.1,115.7,1,18.8,16.40625,223.0,47.0,21.0,1.0,50,1.0,2,0.0
C2,1948,-0.03026315789473677,209.5,118.9,1,24.0,16.40625,131.0,60.0,21.0,1.0,30,2.0,1,0.0
C2,1949,-0.022105263157894683,206.4,115.1,1,23.6,16.40625,101.0,59.0,21.0,1.0,30,3.0,2,0.0
C2,1950,0.13453777640136452,136.2,84.4,1,13.2,16.40625,76.0,33.0,21.0,1.0,30,2.0,1,0.0
C2,1951,0.019473684210526296,187.4,97.3,2,27.6,15.625,168.0,138.0,40.0,1.0,30,3.0,0,0.0
C2,1952,0.22744430215035055,92.5,49.099999999999994,2,7.0,16.015625,84.0,35.0,41.0,1.0,30,2.0,1,0.0
C2,1953,0.24507588109771897,85.8,37.900000000000006,2,7.0,16.015625,50.0,35.0,41.0,1.0,30,3.0,1,0.0
C2,1954,0.2213124824557114,96.3,54.4,2,8.0,16.015625,97.0,40.0,41.0,1.0,30,2.0,0,0.0
C2,1955,0.1719183186861991,107.7,50.9,2,3.2,16.015625,75.0,16.0,41.0,1.0,30,1.0,2,0.0
C2,1956,0.1600419095056058,116.3,62.1,2,5.8,16.015625,132.0,29.0,41.0,1.0,30,1.0,2,0.0
C2,1957,0.11111672376978553,141.9,79.5,1,13.2,16.40625,80.0,33.0,21.0,1.0,30,2.0,1,0.0
C2,1958,-0.013947368421052597,203.3,115.7,1,24.0,16.40625,152.0,60.0,21.0,1.0,30,2.0,1,0.0
C2,1959,-0.02627511366578164,189.79999999999998,106.1,1,7.6,16.40625,95.0,19.0,21.0,1.0,30,1.0,1,0.0
C2,1960,-0.035233527800792,203.0,114.3,1,15.2,16.40625,184.0,38.0,21.0,1.0,30,1.0,0,0.0
C2,1961,-0.022105263157894683,206.4,116.5,1,26.0,16.40625,156.0,65.0,21.0,1.0,30,2.0,2,0.0
C2,1962,-0.025789473684210473,207.8,122.6,1,24.0,16.40625,158.0,60.0,21.0,1.0,30,2.0,2,0.0
C2,1963,-0.0057894736842105665,197.0,100.2,2,33.4,16.015625,185.0,167.0,41.0,1.0,30,3.0,1,0.0
C2,1964,0.1673063813477947,121.5,64.4,2,11.4,16.015625,155.0,57.0,41.0,1.0,30,2.0,2,0.0
C2,1965,0.1387599195287823,125.3,67.6,2,6.4,16.015625,166.0,32.0,41.0,1.0,30,1.0,0,0.0
C2,1966,0.21105263157894738,117.8,65.10000000000001,2,20.8,16.015625,182.0,104.0,41.0,1.0,30,3.0,2,0.0
C2,1967,0.1818387982451851,111.3,59.2,2,8.0,16.015625,97.0,40.0,41.0,1.0,30,2.0,0,0.0
C2,1968,0.21270594821690356,101.0,48.7,2,9.0,16.015625,70.0,45.0,41.0,1.0,30,3.0,2,0.0
C2,1969,0.6344384932763916,43.9,27.5,2,1.8,16.015625,31.0,9.0,41.0,1.0,30,1.0,1,0.0
C2,1970,0.5978085799221624,49.8,36.8,2,5.4,16.015625,59.0,27.0,41.0,1.0,30,2.0,0,0.0
C2,1971,0.47430306105331255,45.1,30.700000000000003,2,2.2,16.015625,48.0,11.0,41.0,1.0,70,1.0,0,0.0
C2,1972,-0.08855803238713122,196.20000000000002,101.7,1,38.8,16.40625,171.0,97.0,21.0,1.0,70,3.0,1,0.0
C2,1973,-0.21384577498554408,208.3,118.3,1,14.4,16.40625,177.0,36.0,21.0,1.0,70,1.0,2,0.0
C2,1974,-0.15134981683678245,188.29999999999998,107.80000000000001,1,17.2,16.40625,125.0,43.0,21.0,1.0,70,2.0,2,0.0
C2,1975,-0.14101683654816333,202.3,117.5,1,28.8,16.40625,181.0,72.0,21.0,1.0,70,2.0,1,0.0
C2,1976,-0.20101017712368674,201.4,112.8,1,12.8,16.40625,187.0,32.0,21.0,1.0,70,1.0,0,0.0
C2,1977,-0.10244571382275497,204.0,114.8,1,38.4,16.40625,231.0,96.0,21.0,1.0,70,2.0,2,0.0
C2,1978,-0.26123559462018414,205.0,115.7,1,10.0,16.40625,140.0,25.0,21.0,1.0,90,1.0,0,0.0
C2,1979,-0.22290951379392948,205.5,117.9,1,29.2,16.40625,108.0,73.0,21.0,1.0,90,3.0,1,0.0
C2,1980,-0.020645947200683273,117.3,71.0,1,16.4,16.40625,67.0,41.0,21.0,1.0,90,3.0,0,0.0
C2,1981,-0.22824475618498585,195.39999999999998,114.8,1,15.2,16.40625,192.0,38.0,21.0,1.0,90,1.0,0,0.0
C2,1982,-0.24422848196724212,199.8,114.0,1,12.4,16.40625,162.0,31.0,21.0,1.0,90,1.0,0,0.0
C2,1983,-0.22977349651413798,197.6,113.3,1,17.6,16.40625,129.0,44.0,21.0,1.0,90,2.0,1,0.0
C2,1984,-0.2313616733991894,203.8,114.7,1,24.4,16.40625,162.0,61.0,21.0,1.0,90,2.0,2,0.0
C2,1985,-0.2634452375845501,204.9,116.4,1,8.0,16.40625,106.0,20.0,21.0,1.0,90,1.0,2,0.0
C2,1986,-0.20489840008132698,204.9,114.5,1,34.4,16.40625,195.0,86.0,21.0,1.0,90,2.0,1,0.0
C2,1987,-0.10686629021612909,145.4,93.39999999999999,1,8.0,16.40625,87.0,20.0,21.0,1.0,90,1.0,1,0.0
C2,1988,0.05725068221687306,84.8,48.300000000000004,1,11.6,16.40625,47.0,29.0,21.0,1.0,90,3.0,2,0.0
C2,1989,-0.19683157064758444,187.20000000000002,102.6,1,20.4,17.1875,97.0,51.0,22.0,1.0,90,3.0,0,0.0
C2,1990,-0.17699227311869165,182.4,101.1,1,23.6,16.40625,96.0,59.0,21.0,1.0,90,3.0,2,0.0
C2,1991,-0.1614049129048401,201.6,114.4,1,43.6,17.1875,182.0,109.0,22.0,1.0,90,3.0,0,0.0
C2,1992,-0.07366336998544187,132.1,87.8,1,6.4,16.40625,71.0,16.0,21.0,1.0,90,1.0,2,0.0
C2,1993,-0.27547710118821783,211.9,117.1,1,12.8,16.40625,149.0,32.0,21.0,1.0,90,1.0,0,0.0
C2,1994,-0.16755539385772594,205.2,116.2,1,44.4,16.40625,193.0,111.0,21.0,1.0,90,3.0,1,0.0
C2,1995,-0.25090910509542,204.8,111.5,1,16.4,16.40625,199.0,41.0,21.0,1.0,90,1.0,2,0.0
C2,1996,-0.20910962344130807,203.5,115.3,1,32.0,16.40625,199.0,80.0,21.0,1.0,90,2.0,0,0.0
C2,1997,-0.2325531417268324,206.2,118.4,1,26.4,16.40625,117.0,66.0,21.0,1.0,90,3.0,2,0.0
C2,1998,-0.23559751145927338,201.3,112.4,1,19.6,16.40625,134.0,49.0,21.0,1.0,90,2.0,0,0.0
C2,1999,-0.24093537769394308,208.2,117.6,1,25.2,16.40625,164.0,63.0,21.0,1.0,90,2.0,1,0.0
C2,2000,-0.17545013069983117,208.2,117.2,1,44.4,16.40625,186.0,111.0,21.0,1.0,90,3.0,2,0.0
C2,2001,-0.19592466425068233,203.6,113.8,1,36.0,16.40625,233.0,90.0,21.0,1.0,90,2.0,0,0.0
C2,2002,-0.19199041987344545,206.0,119.3,1,38.8,16.40625,151.0,97.0,21.0,1.0,90,3.0,0,0.0
C2,2003,-0.1980563013013335,202.3,113.0,1,14.4,16.40625,170.0,36.0,21.0,1.0,70,1.0,2,0.0
C2,2004,-0.2389918510543913,213.9,119.9,1,11.2,16.40625,170.0,28.0,21.0,1.0,70,1.0,1,0.0
C2,2005,-0.17269875674973134,201.6,114.1,1,20.8,17.1875,259.0,52.0,22.0,1.0,70,1.0,0,0.0
C2,2006,-0.09753652217311393,205.5,117.3,1,40.4,17.1875,248.0,101.0,22.0,1.0,70,2.0,1,0.0
C2,2007,-0.20476440914599914,207.5,119.4,1,16.4,16.40625,210.0,41.0,21.0,1.0,70,1.0,2,0.0
C2,2008,-0.06813407285921624,208.0,118.2,1,49.2,16.40625,203.0,123.0,21.0,1.0,70,3.0,1,0.0
C2,2009,-0.024736842105263113,207.4,118.8,1,64.0,16.40625,261.0,160.0,21.0,1.0,70,3.0,0,0.0
C2,2010,-0.21426607262355457,216.79999999999998,128.1,1,20.4,16.40625,240.0,51.0,21.0,1.0,70,1.0,1,0.0
C2,2011,-0.008947368421052593,198.2,105.1,2,77.6,17.1875,331.0,194.0,22.0,1.0,70,3.0,0,0.0
C2,2012,0.09240421608341556,113.60000000000001,63.6,2,28.8,16.015625,227.0,144.0,41.0,1.0,70,3.0,1,0.0
C2,2013,0.09890181442892251,114.5,63.4,2,30.8,16.015625,241.0,154.0,41.0,1.0,70,3.0,2,0.0
C2,2014,0.08847118257717232,116.1,64.4,2,29.4,16.015625,338.0,147.0,41.0,1.0,70,2.0,0,0.0
C2,2015,0.05316238007360956,114.0,63.9,2,19.6,16.015625,237.0,98.0,41.0,1.0,70,2.0,1,0.0
C2,2016,0.05203844003418148,116.8,64.3,2,21.2,16.015625,242.0,106.0,41.0,1.0,70,2.0,1,0.0
C2,2017,-0.06245966452057486,203.2,107.89999999999999,1,49.6,17.1875,320.0,124.0,22.0,1.0,70,2.0,2,0.0
C2,2018,-0.17137133578144936,200.5,115.1,1,20.4,16.40625,248.0,51.0,21.0,1.0,70,1.0,2,0.0
C2,2019,-0.08022248760609779,210.29999999999998,119.4,1,47.6,16.40625,196.0,119.0,21.0,1.0,70,3.0,2,0.0
C2,2020,-0.06338321342994438,207.3,120.0,1,50.0,16.40625,214.0,125.0,21.0,1.0,70,3.0,1,0.0
C2,2021,-0.020263157894736816,205.7,118.3,1,66.8,17.1875,275.0,167.0,22.0,1.0,70,3.0,0,0.0
C2,2022,-0.16004942157017205,208.2,115.6,1,28.0,17.1875,183.0,70.0,22.0,1.0,70,2.0,1,0.0
C2,2023,-0.1468876592552879,207.9,115.5,1,30.8,17.1875,184.0,77.0,22.0,1.0,70,2.0,1,0.0
C2,2024,-0.1920699262495621,198.5,115.4,1,13.2,16.40625,179.0,33.0,21.0,1.0,70,1.0,1,0.0
C2,2025,-0.1198371120418141,207.2,116.8,1,36.4,16.40625,164.0,91.0,21.0,1.0,70,3.0,1,0.0
C2,2026,-0.17998615598567302,200.3,112.9,1,18.0,16.40625,210.0,45.0,21.0,1.0,70,1.0,0,0.0
C2,2027,-0.051804266061523246,202.9,116.2,1,50.0,17.1875,213.0,125.0,22.0,1.0,70,3.0,2,0.0
C2,2028,-0.2043210713294571,205.2,116.9,1,14.8,17.1875,208.0,37.0,22.0,1.0,70,1.0,0,0.0
C2,2029,-0.049119601302422045,204.0,116.9,1,51.6,16.40625,219.0,129.0,21.0,1.0,70,3.0,1,0.0
C2,2030,-0.19318546177757817,203.1,117.1,1,16.4,16.40625,224.0,41.0,21.0,1.0,70,1.0,2,0.0
C2,2031,-0.180784988347443,202.9,116.2,1,19.6,17.1875,227.0,49.0,22.0,1.0,70,1.0,1,0.0
C2,2032,-0.15877332608253641,200.6,116.4,1,23.6,17.1875,146.0,59.0,22.0,1.0,70,2.0,1,0.0
C2,2033,-0.1371656891049992,213.10000000000002,121.89999999999999,1,36.0,16.40625,149.0,90.0,21.0,1.0,70,3.0,1,0.0
C2,2034,-0.20950771157362458,210.4,116.1,1,17.2,16.40625,122.0,43.0,21.0,1.0,70,2.0,0,0.0
C2,2035,-0.13525668002758484,196.8,113.3,1,26.8,16.40625,172.0,67.0,21.0,1.0,70,2.0,1,0.0
C2,2036,-0.156628368938593,206.9,116.8,1,28.0,17.1875,176.0,70.0,22.0,1.0,70,2.0,2,0.0
C2,2037,-0.02684210526315789,208.2,117.0,1,27.6,16.40625,176.0,69.0,21.0,1.0,30,2.0,0,0.0
C2,2038,-0.010789473684210571,202.1,115.7,1,32.8,16.40625,199.0,82.0,21.0,1.0,30,2.0,0,0.0
C2,2039,0.08605263157894744,162.1,84.2,2,30.4,16.015625,204.0,152.0,41.0,1.0,30,3.0,1,0.0
C2,2040,0.19298527882343303,119.6,67.4,2,18.6,16.015625,168.0,93.0,41.0,1.0,30,3.0,1,0.0
C2,2041,0.21086048028222704,109.7,61.3,2,15.4,16.015625,179.0,77.0,41.0,1.0,30,2.0,1,0.0
C2,2042,0.2078947368421053,119.0,66.19999999999999,2,20.0,16.015625,169.0,100.0,41.0,1.0,30,3.0,0,0.0
C2,2043,0.1857022137055111,117.7,65.8,2,14.0,16.015625,109.0,70.0,41.0,1.0,30,3.0,2,0.0
C2,2044,0.1711167237697855,122.30000000000001,70.4,2,13.2,16.015625,285.0,66.0,41.0,1.0,30,1.0,0,0.0
C2,2045,0.2068421052631579,119.4,65.60000000000001,2,30.0,16.015625,227.0,150.0,41.0,1.0,30,3.0,1,0.0
C2,2046,0.18676994600767624,118.2,64.8,2,14.8,16.015625,174.0,74.0,41.0,1.0,30,2.0,0,0.0
C2,2047,0.16510532200021164,112.19999999999999,67.4,2,4.4,16.015625,129.0,22.0,41.0,1.0,30,1.0,1,0.0
C2,2048,0.1819179863608769,109.8,62.0,2,7.0,16.015625,95.0,35.0,41.0,1.0,30,2.0,0,0.0
C2,2049,0.1921734254736505,106.2,54.699999999999996,2,7.2,16.015625,83.0,36.0,41.0,1.0,30,2.0,1,0.0
C2,2050,0.15244800979727036,120.39999999999999,65.0,2,6.6,16.015625,142.0,33.0,41.0,1.0,30,1.0,2,0.0
C2,2051,-0.043447261149485994,197.6,114.1,1,10.8,16.40625,110.0,27.0,21.0,1.0,30,1.0,1,0.0
C2,2052,-0.05114386811147892,202.1,110.60000000000001,1,9.6,16.40625,136.0,24.0,21.0,1.0,30,1.0,2,0.0
C2,2053,0.010263157894736863,194.1,109.2,1,24.0,16.40625,94.0,60.0,21.0,1.0,30,3.0,1,0.0
C2,2054,0.15247302716632774,128.89999999999998,80.9,1,12.8,16.40625,77.0,32.0,21.0,1.0,30,2.0,2,0.0
C2,2055,-0.02657894736842109,208.1,115.6,1,21.2,16.40625,133.0,53.0,21.0,1.0,30,2.0,0,0.0
C2,2056,-0.06281902783963869,201.9,113.0,1,6.4,16.40625,114.0,16.0,21.0,1.0,30,1.0,1,0.0
C2,2057,0.023684210526315905,185.79999999999998,88.6,2,20.2,16.015625,155.0,101.0,41.0,1.0,30,3.0,0,0.0
C2,2058,0.19111680427371727,116.1,63.3,2,14.4,16.015625,119.0,72.0,41.0,1.0,30,3.0,2,0.0
C2,2059,0.11039275272162064,113.19999999999999,64.0,2,12.6,16.40625,128.0,63.0,42.0,1.0,50,2.0,2,0.0
C2,2060,0.09703998260734743,108.2,53.1,2,6.6,16.015625,70.0,33.0,41.0,1.0,50,2.0,1,0.0
C2,2061,0.14289975719749962,114.8,63.3,2,20.8,16.015625,164.0,104.0,41.0,1.0,50,3.0,2,0.0
C2,2062,0.1246295489534002,98.7,47.800000000000004,2,7.2,16.015625,72.0,36.0,41.0,1.0,50,2.0,0,0.0
C2,2063,0.022943918654369524,144.6,76.30000000000001,1,13.4,16.40625,99.0,67.0,42.0,1.0,50,3.0,2,0.0
C2,2064,-0.029644955236482418,203.3,116.3,1,37.6,17.1875,162.0,94.0,22.0,1.0,50,3.0,2,0.0
C2,2065,-0.0652869141827602,201.0,114.6,1,25.2,17.1875,160.0,63.0,22.0,1.0,50,2.0,0,0.0
C2,2066,-0.064616494188134,206.1,116.2,1,28.8,16.40625,117.0,72.0,21.0,1.0,50,3.0,1,0.0
C2,2067,-0.03394736842105256,210.9,117.0,1,41.2,16.40625,169.0,103.0,21.0,1.0,50,3.0,1,0.0
C2,2068,-0.08494319667985614,209.7,120.2,1,26.0,16.40625,149.0,65.0,21.0,1.0,50,2.0,2,0.0
C2,2069,0.09212022780788176,124.60000000000001,62.7,1,15.2,16.40625,60.0,38.0,21.0,1.0,50,3.0,0,0.0
C2,2070,-0.1064160679994865,202.1,115.0,1,16.4,16.40625,103.0,41.0,21.0,1.0,50,2.0,0,0.0
C2,2071,-0.07313836747333266,202.1,112.9,1,24.0,16.40625,162.0,60.0,21.0,1.0,50,2.0,0,0.0
C2,2072,0.06139196858553535,118.2,73.89999999999999,1,4.4,16.40625,64.0,11.0,21.0,1.0,50,1.0,0,0.0
C2,2073,-0.029809004143111217,200.5,115.3,1,34.8,17.1875,145.0,87.0,22.0,1.0,50,3.0,2,0.0
C2,2074,-0.12359644903401854,205.2,120.39999999999999,1,14.4,16.40625,169.0,36.0,21.0,1.0,50,1.0,2,0.0
C2,2075,-0.01625101947450744,176.6,100.6,1,21.6,16.40625,95.0,54.0,21.0,1.0,50,3.0,1,0.0
C2,2076,-0.03414634793792215,201.7,112.60000000000001,1,34.4,16.40625,149.0,86.0,21.0,1.0,50,3.0,2,0.0
C2,2077,-0.058245154715541536,210.4,120.6,1,34.0,16.40625,138.0,85.0,21.0,1.0,50,3.0,1,0.0
C2,2078,-0.017105263157894623,204.5,114.7,1,42.0,17.1875,175.0,105.0,22.0,1.0,50,3.0,1,0.0
C2,2079,-0.15281778314656613,208.8,116.7,1,10.0,16.40625,133.0,25.0,21.0,1.0,50,1.0,0,0.0
C2,2080,-0.16176515156761884,212.2,115.0,1,10.0,16.40625,116.0,25.0,21.0,1.0,50,1.0,1,0.0
C2,2081,-0.0751874507882542,206.6,116.5,1,26.4,16.40625,162.0,66.0,21.0,1.0,50,2.0,1,0.0
C2,2082,-0.15172057972167857,205.7,113.60000000000001,1,8.4,16.40625,143.0,21.0,21.0,1.0,50,1.0,2,0.0
C2,2083,-0.016052631578947374,204.1,117.1,1,47.2,17.1875,193.0,118.0,22.0,1.0,50,3.0,2,0.0
C2,2084,-0.10117032024447306,188.5,103.4,1,9.6,16.40625,96.0,24.0,21.0,1.0,50,1.0,1,0.0
C2,2085,-0.1660964487558907,212.5,121.5,1,9.2,16.40625,114.0,23.0,21.0,1.0,50,1.0,0,0.0
C2,2086,-0.06138008936848102,204.3,117.9,1,28.4,16.40625,127.0,71.0,21.0,1.0,50,3.0,2,0.0
C2,2087,-0.021052631578947267,206.0,117.9,1,42.8,16.40625,181.0,107.0,21.0,1.0,50,3.0,0,0.0
C2,2088,-0.17146714173165484,218.6,122.80000000000001,1,11.6,17.1875,114.0,29.0,22.0,1.0,50,1.0,0,0.0
C2,2089,0.03505145539957544,145.6,92.89999999999999,1,14.8,17.1875,87.0,37.0,22.0,1.0,50,2.0,1,0.0
C2,2090,-0.14788825486354013,201.6,108.2,1,6.8,16.40625,93.0,17.0,21.0,1.0,50,1.0,2,0.0
C2,2091,-0.031947662461742216,204.9,118.3,1,38.4,16.40625,239.0,96.0,21.0,1.0,50,2.0,1,0.0
C2,2092,-0.14978626367543518,204.3,116.3,1,8.0,16.40625,103.0,20.0,21.0,1.0,50,1.0,2,0.0
C2,2093,-0.13346486980852235,200.1,112.4,1,9.2,16.40625,107.0,23.0,21.0,1.0,50,1.0,1,0.0
C2,2094,-0.15840764185530037,211.60000000000002,118.0,1,10.4,16.40625,116.0,26.0,21.0,1.0,50,1.0,1,0.0
C2,2095,-0.11571300699951917,207.0,114.8,1,17.2,16.40625,113.0,43.0,21.0,1.0,50,2.0,1,0.0
C2,2096,-0.09287520957859577,209.60000000000002,119.1,1,24.0,16.40625,154.0,60.0,21.0,1.0,50,2.0,2,0.0
C2,2097,-0.10411547791342668,208.0,118.4,1,20.4,16.40625,135.0,51.0,21.0,1.0,50,2.0,0,0.0
C2,2098,-0.017631578947368387,204.7,117.5,1,42.8,16.40625,182.0,107.0,21.0,1.0,50,3.0,2,0.0
C2,2099,-0.05583889525438257,168.6,104.1,1,8.0,16.40625,90.0,20.0,21.0,1.0,50,1.0,0,0.0
C2,2100,-0.001661434512408605,191.5,103.5,1,16.4,17.1875,97.0,41.0,22.0,1.0,30,2.0,0,0.0
C2,2101,-0.017631578947368387,204.7,114.7,1,29.2,16.40625,181.0,73.0,21.0,1.0,30,2.0,0,0.0
C2,2102,0.03736842105263165,180.60000000000002,88.0,2,21.4,16.015625,173.0,107.0,41.0,1.0,30,3.0,2,0.0
C2,2103,0.1863072952168908,117.7,64.8,2,14.2,16.015625,174.0,71.0,41.0,1.0,30,2.0,2,0.0
C2,2104,0.20500000000000002,120.1,66.19999999999999,2,25.2,16.015625,199.0,126.0,41.0,1.0,30,3.0,0,0.0
C2,2105,0.22000000000000003,111.19999999999999,60.1,3,35.4,16.015625,293.0,177.0,41.0,1.0,30,3.0,1,0.0
C2,2106,0.22265539731252482,97.5,49.9,3,9.2,15.885417,149.0,69.0,61.0,1.0,30,2.0,1,0.0
C2,2107,0.20346832340747004,99.9,47.800000000000004,3,5.866667,15.885417,95.0,44.0,61.0,1.0,30,2.0,1,0.0
C2,2108,0.23784246680283175,95.8,49.3,3,12.266666,15.885417,138.0,92.0,61.0,1.0,30,3.0,1,0.0
C2,2109,0.21032789098973126,97.69999999999999,48.099999999999994,3,6.133333,15.885417,169.0,46.0,61.0,1.0,30,1.0,0,0.0
C2,2110,0.26732637340098087,79.2,41.4,3,8.266666,15.885417,93.0,62.0,61.0,1.0,30,3.0,1,0.0
C2,2111,0.1900918915509523,116.6,65.0,2,17.6,16.015625,153.0,88.0,41.0,1.0,30,3.0,1,0.0
C2,2112,0.1713124824557114,115.3,64.4,2,8.0,16.015625,204.0,40.0,41.0,1.0,30,1.0,0,0.0
C2,2113,0.21668491904532763,107.7,62.8,2,15.6,16.015625,198.0,78.0,41.0,1.0,30,2.0,2,0.0
C2,2114,0.15797440581443664,118.6,65.3,2,6.8,16.015625,164.0,34.0,41.0,1.0,30,1.0,2,0.0
C2,2115,0.12652652186089602,127.8,70.6,2,5.0,16.015625,113.0,25.0,41.0,1.0,30,1.0,2,0.0
C2,2116,0.14863178501879076,119.4,66.69999999999999,2,5.0,16.015625,121.0,25.0,41.0,1.0,30,1.0,2,0.0
C2,2117,0.19743106613184377,118.9,66.0,2,19.8,16.015625,158.0,99.0,41.0,1.0,30,3.0,0,0.0
C2,2118,0.19539762701155988,116.0,65.9,2,15.8,16.015625,121.0,79.0,41.0,1.0,30,3.0,2,0.0
C2,2119,0.2028947368421053,120.89999999999999,64.5,2,23.2,16.015625,177.0,116.0,41.0,1.0,30,3.0,2,0.0
C2,2120,0.1888648812770651,119.1,65.8,2,16.4,16.015625,193.0,82.0,41.0,1.0,30,2.0,0,0.0
C2,2121,0.1812714433248181,118.2,65.4,2,13.0,16.015625,168.0,65.0,41.0,1.0,30,2.0,2,0.0
C2,2122,0.14705283765036972,120.0,68.0,2,5.0,16.015625,159.0,25.0,41.0,1.0,30,1.0,2,0.0
C2,2123,0.21213489325183962,109.0,62.8,2,15.2,16.015625,183.0,76.0,41.0,1.0,30,2.0,2,0.0
C2,2124,0.2028225775866236,112.10000000000001,62.5,2,14.8,16.015625,121.0,74.0,41.0,1.0,30,3.0,0,0.0
C2,2125,0.13692169400779663,123.1,72.0,1,6.6,16.015625,142.0,33.0,41.0,1.0,30,1.0,1,0.0
C2,2126,-0.06409296332896544,210.2,115.8,1,12.0,16.40625,154.0,30.0,21.0,1.0,30,1.0,0,0.0
C2,2127,-0.023684210526315697,207.0,115.4,1,22.0,17.1875,126.0,55.0,22.0,1.0,30,2.0,0,0.0
C2,2128,-0.038856436955001156,200.1,111.5,1,11.6,16.40625,132.0,29.0,21.0,1.0,30,1.0,2,0.0
C2,2129,-0.015631877401922345,198.7,115.5,1,18.4,16.40625,118.0,46.0,21.0,1.0,30,2.0,0,0.0
C2,2130,-0.057722815479899936,204.6,120.7,1,9.6,16.40625,114.0,24.0,21.0,1.0,30,1.0,0,0.0
C2,2131,-0.022631578947368447,206.6,115.0,1,20.0,16.40625,130.0,50.0,21.0,1.0,30,2.0,0,0.0
C2,2132,-0.007631578947368323,200.9,113.0,1,24.0,16.40625,114.0,60.0,21.0,1.0,30,3.0,2,0.0
C2,2133,-0.008684210526315739,201.3,114.1,1,24.4,16.40625,107.0,61.0,21.0,1.0,30,3.0,0,0.0
C2,2134,-0.035345645038724366,204.3,118.9,1,16.4,16.40625,109.0,41.0,21.0,1.0,30,2.0,1,0.0
C2,2135,-0.046834872916359044,210.2,120.39999999999999,1,18.0,16.40625,110.0,45.0,21.0,1.0,30,2.0,2,0.0
C2,2136,-0.03026315789473677,209.5,124.8,1,20.4,16.40625,125.0,51.0,21.0,1.0,30,2.0,1,0.0
C2,2137,-0.01210526315789473,202.6,116.2,1,28.0,17.1875,167.0,70.0,22.0,1.0,30,2.0,0,0.0
C2,2138,0.026578947368421132,184.70000000000002,92.0,2,27.8,16.015625,194.0,139.0,41.0,1.0,30,3.0,1,0.0
C2,2139,0.2123684210526316,117.3,67.5,2,24.4,16.015625,200.0,122.0,41.0,1.0,30,3.0,2,0.0
C2,2140,0.20157894736842108,121.39999999999999,66.8,2,22.2,16.015625,170.0,111.0,41.0,1.0,30,3.0,1,0.0
C2,2141,0.09725988791257686,108.39999999999999,52.8,5,40.9,15.8203125,849.0,409.0,81.0,1.0,30,2.0,2,0.0
C2,2142,0.4105263157894737,44.0,29.3,12,38.4,15.625,1200.0,960.0,200.0,1.0,30,3.0,2,0.0
C2,2143,0.7309808709791079,37.1,24.9,12,11.166667,15.6901045,1373.0,335.0,241.0,1.0,30,1.0,2,0.0
C2,2144,0.7535539214503921,34.1,24.6,12,10.1,15.6901045,1205.0,303.0,241.0,1.0,30,1.0,0,0.0
C2,2145,0.7745614035087718,36.1,24.7,12,23.233334,15.6901045,1379.0,697.0,241.0,1.0,30,2.0,1,0.0
C2,2146,0.7656140350877192,35.2,24.6,14,33.133335,15.6901045,1200.0,994.0,241.0,1.0,30,3.0,0,0.0
C2,2147,0.7947368421052632,33.8,23.7,14,28.457144,15.625,1200.0,996.0,280.0,1.0,30,3.0,2,0.0
C2,2148,0.7830738950545917,33.9,23.8,14,19.77143,15.680803,1378.0,692.0,281.0,1.0,30,2.0,0,0.0
C2,2149,0.7591549657476733,33.8,23.5,14,10.942857,15.680803,1438.0,383.0,281.0,1.0,30,1.0,0,0.0
C2,2150,0.7802955919146477,34.0,23.7,14,18.885714,15.680803,1290.0,661.0,281.0,1.0,30,2.0,0,0.0
C2,2151,0.7894736842105263,34.4,24.1,14,29.8,15.680803,1200.0,1043.0,281.0,1.0,30,3.0,2,0.0
C2,2152,0.7810790185270653,33.8,23.900000000000002,14,18.457144,15.680803,1295.0,646.0,281.0,1.0,30,2.0,0,0.0
C2,2153,0.7577865277879559,33.6,23.5,14,10.057143,15.680803,678.0,352.0,281.0,1.0,30,2.0,0,0.0
C2,2154,0.7318945094537264,34.1,23.900000000000002,14,4.5142856,15.680803,608.0,158.0,281.0,1.0,30,1.0,2,0.0
C2,2155,0.7739534023906682,34.2,24.299999999999997,14,16.971428,15.680803,786.0,594.0,281.0,1.0,30,3.0,1,0.0
C2,2156,0.7573013978749679,34.0,24.0,14,10.914286,15.680803,775.0,382.0,281.0,1.0,30,2.0,2,0.0
C2,2157,0.5130479474688212,35.0,25.8,8,16.48889,15.711805,780.0,371.0,181.0,1.0,30,2.0,0,0.0
C2,2158,0.7096491228070174,43.5,28.299999999999997,8,26.2,15.722656,738.0,524.0,161.0,1.0,30,3.0,0,0.0
C2,2159,0.7114035087719297,43.3,28.2,8,27.2,15.722656,743.0,544.0,161.0,1.0,30,3.0,0,0.0
C2,2160,0.737719298245614,40.300000000000004,28.299999999999997,8,20.25,15.722656,819.0,405.0,161.0,1.0,30,2.0,0,0.0
C2,2161,0.6742686048660185,41.7,28.400000000000002,8,26.75,15.722656,753.0,535.0,161.0,1.0,50,3.0,0,0.0
C2,2162,0.6941435827688844,39.9,27.7,8,27.8,15.722656,755.0,556.0,161.0,1.0,50,3.0,2,0.0
C2,2163,0.5795109483279306,43.6,28.5,8,8.9,15.722656,740.0,178.0,161.0,1.0,50,1.0,1,0.0
C2,2164,0.6343918802283741,40.5,28.6,7,16.95,15.722656,678.0,339.0,161.0,1.0,50,2.0,2,0.0
C2,2165,0.5374639767425109,47.4,31.4,5,10.733334,15.755208,676.0,161.0,121.0,1.0,50,1.0,2,0.0
C2,2166,0.34489197295196883,50.6,35.3,5,28.88,15.78125,765.0,361.0,101.0,1.0,50,2.0,1,0.0
C2,2167,0.6201719213622054,49.099999999999994,34.0,5,29.6,15.78125,777.0,370.0,101.0,1.0,50,2.0,1,0.0
C2,2168,0.2768421052631579,86.4,44.900000000000006,3,49.6,15.885417,864.0,372.0,61.0,1.0,50,2.0,2,0.0
C2,2169,0.2723684210526316,94.5,48.4,3,46.266666,15.885417,769.0,347.0,61.0,1.0,50,2.0,2,0.0
C2,2170,0.27263157894736845,94.39999999999999,47.9,3,46.8,15.885417,795.0,351.0,61.0,1.0,50,2.0,2,0.0
C2,2171,0.22098991510943328,91.80000000000001,48.099999999999994,3,24.933332,16.145834,812.0,187.0,62.0,1.0,50,1.0,0,0.0
C2,2172,0.2403549323296419,86.2,43.1,5,69.46667,16.145834,801.0,521.0,62.0,1.0,50,3.0,0,0.0
C2,2173,0.6220519287968045,49.9,34.1,5,32.16,15.78125,863.0,402.0,101.0,1.0,50,2.0,0,0.0
C2,2174,0.594912543703733,50.0,34.1,5,25.12,15.78125,683.0,314.0,101.0,1.0,50,2.0,1,0.0
C2,2175,0.3778997060801535,50.1,34.6,5,39.52,15.9375,702.0,494.0,102.0,1.0,50,3.0,1,0.0
C2,2176,0.6717543859649122,45.900000000000006,31.0,7,20.342857,15.736608,740.0,356.0,141.0,1.0,30,2.0,2,0.0
C2,2177,0.7035087719298245,44.2,29.1,7,20.971428,15.736608,760.0,367.0,141.0,1.0,30,2.0,1,0.0
C2,2178,0.7,44.6,30.599999999999998,7,21.257143,15.736608,776.0,372.0,141.0,1.0,30,2.0,2,0.0
C2,2179,0.6968421052631579,44.0,29.6,8,35.657143,15.736608,857.0,624.0,141.0,1.0,30,3.0,2,0.0
C2,2180,0.7292982456140351,40.300000000000004,27.599999999999998,9,35.15,15.722656,1453.0,703.0,161.0,1.0,30,2.0,2,0.0
C2,2181,0.7482456140350877,39.1,26.3,9,32.0,15.711805,1451.0,720.0,181.0,1.0,30,2.0,2,0.0
C2,2182,0.5771929824561404,34.6,24.7,14,33.885715,15.513392,1200.0,1186.0,278.0,1.0,30,3.0,2,0.0
C2,2183,0.7863454442563638,33.5,23.5,14,19.657143,15.680803,1427.0,688.0,281.0,1.0,30,2.0,2,0.0
C2,2184,0.7921052631578946,34.1,23.7,14,20.22857,15.680803,1403.0,708.0,281.0,1.0,30,2.0,2,0.0
C2,2185,0.5909332965272918,33.6,23.7,14,28.37143,15.680803,1200.0,993.0,281.0,1.0,90,3.0,0,0.0
C2,2186,0.5635703550132689,34.0,24.0,14,18.342857,15.680803,1257.0,642.0,281.0,1.0,90,2.0,1,0.0
C2,2187,0.5421147799551675,34.4,24.299999999999997,14,6.142857,15.680803,831.0,215.0,281.0,1.0,90,1.0,1,0.0
C2,2188,0.37828738017929125,38.0,25.1,10,26.32,15.703125,864.0,658.0,201.0,1.0,90,3.0,1,0.0
C2,2189,0.3096430135301962,40.2,27.400000000000002,5,23.44,15.703125,795.0,586.0,201.0,1.0,90,3.0,2,0.0
C2,2190,0.1834020417584531,52.0,35.4,5,30.0,15.78125,785.0,375.0,101.0,1.0,90,2.0,0,0.0
C2,2191,0.14100881861110218,89.39999999999999,44.900000000000006,3,49.2,15.885417,847.0,369.0,61.0,1.0,90,2.0,0,0.0
C2,2192,0.141529525798249,93.60000000000001,47.300000000000004,3,48.0,15.885417,801.0,360.0,61.0,1.0,90,2.0,0,0.0
C2,2193,0.22843427905323177,93.39999999999999,47.9,3,67.86667,15.885417,761.0,509.0,61.0,1.0,90,3.0,2,0.0
C2,2194,0.12399323355294657,94.2,47.6,3,44.266666,15.885417,762.0,332.0,61.0,1.0,90,2.0,0,0.0
C2,2195,0.1721542272659481,91.89999999999999,47.199999999999996,3,53.866665,15.885417,607.0,404.0,61.0,1.0,90,3.0,2,0.0
C2,2196,0.12633244201299465,93.10000000000001,48.4,3,44.133335,15.885417,795.0,331.0,61.0,1.0,90,2.0,0,0.0
C2,2197,0.13088300380124912,93.5,47.9,3,45.466667,15.885417,768.0,341.0,61.0,1.0,90,2.0,2,0.0
C2,2198,0.06079743105247186,90.39999999999999,47.4,3,21.733334,15.885417,766.0,163.0,61.0,1.0,90,1.0,2,0.0
C2,2199,0.0036333789882728035,119.7,62.4,2,32.2,16.015625,754.0,161.0,41.0,1.0,90,1.0,1,0.0
C2,2200,0.001226413620756095,121.0,64.4,2,29.8,16.015625,718.0,149.0,41.0,1.0,90,1.0,0,0.0
C2,2201,0.16402695150469745,116.0,64.0,2,66.6,16.40625,799.0,333.0,42.0,1.0,90,2.0,0,0.0
C2,2202,0.03404896833972561,114.1,64.69999999999999,2,34.4,16.015625,798.0,172.0,41.0,1.0,90,1.0,1,0.0
C2,2203,0.21842105263157893,115.0,63.0,2,85.8,16.796875,670.0,429.0,43.0,1.0,90,3.0,2,0.0
C2,2204,0.19926358994373716,113.3,63.3,3,102.2,16.40625,812.0,511.0,42.0,1.0,90,3.0,2,0.0
C2,2205,0.10173155697366686,88.9,46.300000000000004,3,34.8,15.885417,614.0,261.0,61.0,1.0,90,2.0,2,0.0
C2,2206,0.1891009407294016,96.8,49.0,3,60.533333,16.145834,726.0,454.0,62.0,1.0,90,3.0,0,0.0
C2,2207,0.14031858014528092,92.3,47.7,3,46.933334,15.885417,758.0,352.0,61.0,1.0,90,2.0,0,0.0
C2,2208,0.23177975683170055,95.5,48.5,3,70.26667,15.885417,820.0,527.0,61.0,1.0,90,3.0,1,0.0
C2,2209,0.1263985491112295,96.5,48.7,3,46.266666,16.145834,766.0,347.0,62.0,1.0,90,2.0,2,0.0
C2,2210,0.06116718152389185,91.30000000000001,47.199999999999996,3,22.933332,16.145834,783.0,172.0,62.0,1.0,90,1.0,1,0.0
C2,2211,0.026824008624912757,94.89999999999999,47.4,3,8.666667,15.885417,139.0,65.0,61.0,1.0,90,2.0,0,0.0
C2,2212,0.054959947231559586,82.8,40.599999999999994,3,5.3333335,15.885417,89.0,40.0,61.0,1.0,90,2.0,2,0.0
C2,2213,0.03467407140645061,89.6,43.1,3,2.8,15.885417,88.0,21.0,61.0,1.0,90,1.0,0,0.0
C2,2214,-0.00578371299781516,103.7,59.4,2,7.8,16.015625,100.0,39.0,41.0,1.0,90,2.0,1,0.0
C2,2215,-0.23598218794818782,196.20000000000002,97.19999999999999,1,16.8,16.40625,109.0,42.0,21.0,1.0,90,3.0,2,0.0
C2,2216,-0.254463149594953,209.1,120.3,1,20.4,16.40625,114.0,51.0,21.0,1.0,90,2.0,2,0.0
C2,2217,-0.21834261541104288,200.8,115.6,1,26.4,16.40625,108.0,66.0,21.0,1.0,90,3.0,1,0.0
C2,2218,-0.20996180780067125,184.4,108.2,1,7.6,16.40625,109.0,19.0,21.0,1.0,90,1.0,2,0.0
C2,2219,-0.23972649575913435,201.1,113.69999999999999,1,17.2,16.40625,115.0,43.0,21.0,1.0,90,2.0,0,0.0
C2,2220,-0.2699089381394185,208.1,116.6,1,9.6,16.40625,107.0,24.0,21.0,1.0,90,1.0,2,0.0
C2,2221,-0.24503665440887473,203.4,113.9,1,17.6,16.40625,112.0,44.0,21.0,1.0,90,2.0,1,0.0
C2,2222,-0.23902391398459366,195.8,107.7,1,8.4,16.40625,98.0,21.0,21.0,1.0,90,1.0,0,0.0
C2,2223,-0.1822403375448039,176.7,101.1,1,13.2,16.40625,94.0,33.0,21.0,1.0,90,2.0,1,0.0
C2,2224,-0.2254368745636693,202.7,116.4,1,25.6,16.40625,108.0,64.0,21.0,1.0,90,3.0,0,0.0
C2,2225,-0.23880384193752535,200.2,114.0,1,16.4,16.40625,103.0,41.0,21.0,1.0,90,2.0,0,0.0
C2,2226,-0.2419078568660487,206.0,117.2,1,22.4,16.40625,110.0,56.0,21.0,1.0,90,3.0,0,0.0
C2,2227,-0.17925641024129474,184.0,106.80000000000001,1,24.4,16.40625,100.0,61.0,21.0,1.0,90,3.0,2,0.0
C2,2228,-0.214889556371405,186.1,105.2,1,7.2,17.1875,91.0,18.0,22.0,1.0,90,1.0,2,0.0
C2,2229,-0.18021394329348095,175.7,103.2,1,12.8,16.40625,96.0,32.0,21.0,1.0,90,2.0,0,0.0
C2,2230,-0.23160625421520903,207.5,115.1,1,28.0,16.40625,119.0,70.0,21.0,1.0,90,3.0,1,0.0
C2,2231,-0.20372869019847356,200.5,112.5,1,31.2,16.40625,136.0,78.0,21.0,1.0,90,3.0,0,0.0
C2,2232,-0.24743886063304527,204.6,116.6,1,18.0,16.40625,115.0,45.0,21.0,1.0,90,2.0,0,0.0
C2,2233,-0.2298476492474762,210.9,116.5,1,31.6,17.1875,127.0,79.0,22.0,1.0,90,3.0,0,0.0
C2,2234,-0.1953848651024344,194.6,112.69999999999999,1,28.8,16.40625,134.0,72.0,21.0,1.0,90,3.0,2,0.0
C2,2235,-0.20463524218659013,204.8,115.4,1,34.4,16.40625,145.0,86.0,21.0,1.0,90,3.0,1,0.0
C2,2236,-0.23676366804262183,207.8,116.7,1,26.4,17.1875,161.0,66.0,22.0,1.0,90,2.0,2,0.0
C2,2237,-0.24865798506575948,210.0,119.8,1,24.0,16.40625,142.0,60.0,21.0,1.0,90,2.0,1,0.0
C2,2238,-0.25120326146544053,201.8,116.9,1,11.2,16.40625,136.0,28.0,21.0,1.0,90,1.0,1,0.0
C2,2239,-0.21609711125110515,205.2,117.3,1,31.2,16.40625,137.0,78.0,21.0,1.0,90,3.0,0,0.0
C2,2240,-0.24327298508544626,205.5,118.8,1,21.2,16.40625,127.0,53.0,21.0,1.0,90,2.0,1,0.0
C2,2241,-0.26059987637373877,205.8,117.8,1,12.0,16.40625,134.0,30.0,21.0,1.0,90,1.0,1,0.0
C2,2242,-0.2219980874136845,205.6,116.5,1,29.6,17.1875,123.0,74.0,22.0,1.0,90,3.0,1,0.0
C2,2243,-0.21980757300195658,187.79999999999998,107.80000000000001,1,6.8,16.40625,116.0,17.0,21.0,1.0,90,1.0,2,0.0
C2,2244,-0.2280936009918445,211.2,121.1,1,32.4,16.40625,138.0,81.0,21.0,1.0,90,3.0,1,0.0
C2,2245,-0.2257466059692685,211.79999999999998,118.9,1,33.6,16.40625,224.0,84.0,21.0,1.0,90,2.0,1,0.0
C2,2246,-0.18748351140123576,184.29999999999998,105.6,1,21.2,17.1875,250.0,53.0,22.0,1.0,90,1.0,1,0.0
C2,2247,-0.17276177321391556,187.79999999999998,109.8,1,30.4,16.40625,200.0,76.0,21.0,1.0,90,2.0,0,0.0
C2,2248,-0.2224129007247893,207.6,115.5,1,31.2,16.40625,191.0,78.0,21.0,1.0,90,2.0,1,0.0
C2,2249,-0.13276660461617673,195.20000000000002,111.8,1,46.4,16.40625,202.0,116.0,21.0,1.0,90,3.0,0,0.0
C2,2250,-0.14372802349416086,204.0,116.5,1,49.2,16.40625,213.0,123.0,21.0,1.0,90,3.0,2,0.0
C2,2251,-0.10449585175382275,204.1,115.3,1,58.0,16.40625,246.0,145.0,21.0,1.0,90,3.0,2,0.0
C2,2252,-0.21986703637181043,205.7,115.6,1,30.4,16.40625,203.0,76.0,21.0,1.0,90,2.0,2,0.0
C2,2253,-0.21387087926697673,198.7,115.8,1,26.0,16.40625,154.0,65.0,21.0,1.0,90,2.0,1,0.0
C2,2254,-0.23966639847450355,200.8,113.60000000000001,1,16.8,16.40625,186.0,42.0,21.0,1.0,90,1.0,0,0.0
C2,2255,-0.25590721251996895,203.8,113.69999999999999,1,11.6,16.40625,183.0,29.0,21.0,1.0,90,1.0,1,0.0
C2,2256,-0.20496323801292476,200.5,115.9,1,30.8,16.40625,199.0,77.0,21.0,1.0,90,2.0,1,0.0
C2,2257,-0.12813847592330713,203.5,115.1,1,52.4,16.40625,221.0,131.0,21.0,1.0,90,3.0,0,0.0
C2,2258,-0.19525867988446022,208.4,120.80000000000001,1,39.6,16.40625,169.0,99.0,21.0,1.0,90,3.0,1,0.0
C2,2259,-0.12438592271822896,205.5,119.3,1,14.4,16.40625,176.0,36.0,21.0,1.0,50,1.0,1,0.0
C2,2260,-0.006578947368421073,200.5,114.5,1,46.0,16.40625,198.0,115.0,21.0,1.0,50,3.0,1,0.0
C2,2261,-0.03906312955847899,198.6,113.8,1,30.4,16.40625,196.0,76.0,21.0,1.0,50,2.0,2,0.0
C2,2262,-0.10298734983385888,208.9,117.5,1,21.2,17.1875,236.0,53.0,22.0,1.0,50,1.0,1,0.0
C2,2263,-0.1270902985079076,207.9,115.3,1,15.2,16.40625,212.0,38.0,21.0,1.0,50,1.0,2,0.0
C2,2264,-0.06929490022465368,201.9,117.9,1,24.8,17.1875,150.0,62.0,22.0,1.0,50,2.0,2,0.0
C2,2265,-0.05337820235200594,205.1,116.9,1,31.2,17.1875,192.0,78.0,22.0,1.0,50,2.0,0,0.0
C2,2266,-0.01578947368421041,204.0,114.8,1,51.2,17.1875,228.0,128.0,22.0,1.0,50,3.0,0,0.0
C2,2267,-0.10396953741113038,199.8,112.69999999999999,1,15.6,16.40625,204.0,39.0,21.0,1.0,50,1.0,1,0.0
C2,2268,-0.06667018390095247,208.0,117.6,1,29.6,16.40625,195.0,74.0,21.0,1.0,50,2.0,2,0.0
C2,2269,-0.004935821622132713,184.2,90.39999999999999,3,65.6,16.40625,484.0,328.0,42.0,1.0,50,3.0,1,0.0
C2,2270,0.28157894736842104,91.0,46.800000000000004,3,50.933334,15.885417,880.0,382.0,61.0,1.0,50,2.0,1,0.0
C2,2271,0.23138683026160828,89.89999999999999,47.0,3,26.266666,15.885417,889.0,197.0,61.0,1.0,50,1.0,1,0.0
C2,2272,0.24622729095302534,87.6,46.300000000000004,3,28.533333,15.885417,919.0,214.0,61.0,1.0,50,1.0,1,0.0
C2,2273,0.2571052631578947,100.3,49.3,3,52.0,15.885417,890.0,390.0,61.0,1.0,50,2.0,2,0.0
C2,2274,0.5222809890400787,47.4,32.5,6,13.6,15.755208,882.0,204.0,121.0,1.0,30,1.0,2,0.0
C2,2275,0.674197412463593,45.3,31.3,6,16.066668,15.755208,951.0,241.0,121.0,1.0,30,1.0,2,0.0
C2,2276,0.6645926197292851,45.6,31.8,6,13.666667,15.755208,904.0,205.0,121.0,1.0,30,1.0,2,0.0
C2,2277,0.5594963008254064,44.8,30.5,9,41.0,15.755208,887.0,615.0,121.0,1.0,30,3.0,1,0.0
C2,2278,0.7055823810138888,39.4,27.400000000000002,9,9.688889,15.711805,875.0,218.0,181.0,1.0,30,1.0,2,0.0
C2,2279,0.7329950889385559,39.6,27.2,9,19.733334,15.711805,850.0,444.0,181.0,1.0,30,2.0,2,0.0
C2,2280,0.7429824561403509,39.699999999999996,27.7,9,28.222221,15.711805,839.0,635.0,181.0,1.0,30,3.0,2,0.0
C2,2281,0.7018171056963747,39.699999999999996,27.099999999999998,9,9.377778,15.711805,444.0,211.0,181.0,1.0,30,2.0,0,0.0
C2,2282,0.6779581793239735,39.6,27.599999999999998,9,3.1555555,15.711805,130.0,71.0,181.0,1.0,30,2.0,0,0.0
C2,2283,0.6698944445398807,40.0,27.7,9,2.088889,15.711805,185.0,47.0,181.0,1.0,30,1.0,0,0.0
C2,2284,0.6863481196085905,38.9,26.8,9,3.6888888,15.711805,186.0,83.0,181.0,1.0,30,2.0,0,0.0
C2,2285,0.6771537572737751,38.800000000000004,25.7,9,1.3333334,15.711805,100.0,30.0,181.0,1.0,30,1.0,1,0.0
C2,2286,0.04868090350834292,65.9,36.7,3,8.0,15.885417,95.0,60.0,61.0,1.0,30,3.0,2,0.0
C2,2287,0.1476511062108779,115.0,57.7,2,4.0,16.015625,92.0,20.0,41.0,1.0,30,1.0,2,0.0
C2,2288,0.17429019528812084,112.4,58.7,2,6.8,16.015625,95.0,34.0,41.0,1.0,30,2.0,0,0.0
C2,2289,0.09056822529507946,139.5,78.39999999999999,1,5.8,16.015625,154.0,29.0,41.0,1.0,30,1.0,1,0.0
C2,2290,0.1342105263157895,147.0,95.4,1,21.6,16.40625,83.0,54.0,21.0,1.0,30,3.0,2,0.0
C2,2291,0.04868421052631583,179.5,103.2,1,22.8,16.40625,98.0,57.0,21.0,1.0,30,3.0,0,0.0
C2,2292,-0.270616395577326,211.0,121.80000000000001,1,14.4,16.40625,100.0,36.0,21.0,1.0,90,2.0,0,0.0
C2,2293,-0.2370947285423214,202.5,115.9,1,20.4,16.40625,127.0,51.0,21.0,1.0,90,2.0,1,0.0
C2,2294,-0.22277748295710093,201.3,111.8,1,25.2,16.40625,111.0,63.0,21.0,1.0,90,3.0,0,0.0
C2,2295,-0.25990893813941846,204.3,121.89999999999999,1,9.6,16.40625,154.0,24.0,21.0,1.0,90,1.0,0,0.0
C2,2296,-0.25781454198860526,203.7,111.69999999999999,1,10.0,16.40625,126.0,25.0,21.0,1.0,90,1.0,1,0.0
C2,2297,-0.2072675181781502,202.8,115.6,1,32.0,16.40625,139.0,80.0,21.0,1.0,90,3.0,1,0.0
C2,2298,-0.12032611954978242,201.9,115.1,1,13.2,16.40625,161.0,33.0,21.0,1.0,50,1.0,1,0.0
C2,2299,-0.04830348964475492,204.2,114.3,1,32.0,16.40625,206.0,80.0,21.0,1.0,50,2.0,2,0.0
C2,2300,-0.08464695026446939,203.9,113.9,1,22.4,16.40625,153.0,56.0,21.0,1.0,50,2.0,0,0.0
C2,2301,-0.024316083514373893,202.0,113.69999999999999,1,38.4,16.40625,156.0,96.0,21.0,1.0,50,3.0,2,0.0
C2,2302,-0.09848147857868333,198.4,112.9,1,16.0,16.40625,191.0,40.0,21.0,1.0,50,1.0,0,0.0
C2,2303,-0.020661347596660384,152.60000000000002,93.5,1,6.4,16.40625,93.0,16.0,21.0,1.0,50,1.0,2,0.0
C2,2304,-0.07718256443853458,194.39999999999998,106.89999999999999,1,18.4,16.40625,98.0,46.0,21.0,1.0,50,2.0,2,0.0
C2,2305,-0.120142207932849,208.0,118.1,1,16.8,16.40625,107.0,42.0,21.0,1.0,50,2.0,0,0.0
C2,2306,-0.03221964812690262,203.9,114.4,1,37.2,17.1875,162.0,93.0,22.0,1.0,50,3.0,2,0.0
C2,2307,-0.12905466157291562,195.1,106.1,1,7.2,16.40625,92.0,18.0,21.0,1.0,50,1.0,1,0.0
C2,2308,-0.18813166927628594,187.0,113.60000000000001,1,24.0,17.1875,100.0,60.0,22.0,1.0,90,3.0,0,0.0
C2,2309,-0.18367973251603908,204.0,116.2,1,39.6,16.40625,171.0,99.0,21.0,1.0,90,3.0,1,0.0
C2,2310,-0.25586066935401014,209.0,118.4,1,19.6,16.40625,118.0,49.0,21.0,1.0,90,2.0,1,0.0
C2,2311,-0.21256728520237078,205.3,118.0,1,32.4,16.40625,135.0,81.0,21.0,1.0,90,3.0,2,0.0
C2,2312,-0.23597419435841127,207.5,118.0,1,26.4,16.40625,117.0,66.0,21.0,1.0,90,3.0,2,0.0
C2,2313,-0.26913033146228943,208.0,118.1,1,10.0,16.40625,125.0,25.0,21.0,1.0,90,1.0,1,0.0
C2,2314,-0.03447368421052638,211.10000000000002,119.8,1,24.8,16.40625,111.0,62.0,21.0,1.0,30,3.0,1,0.0
C2,2315,-0.000263157894736854,198.1,114.3,1,27.6,16.40625,120.0,69.0,21.0,1.0,30,3.0,2,0.0
C2,2316,-0.0726577874652754,211.9,118.4,1,10.8,16.40625,123.0,27.0,21.0,1.0,30,1.0,0,0.0
C2,2317,-0.030789473684210533,209.7,118.6,1,26.0,16.40625,107.0,65.0,21.0,1.0,30,3.0,2,0.0
C2,2318,0.15421775866258836,133.8,83.2,1,18.0,16.40625,75.0,45.0,21.0,1.0,30,3.0,0,0.0
C2,2319,0.18412560610562456,121.30000000000001,75.6,1,16.8,16.40625,67.0,42.0,21.0,1.0,30,3.0,0,0.0
C2,2320,-0.018684210526315803,205.1,114.2,1,24.4,17.1875,101.0,61.0,22.0,1.0,30,3.0,0,0.0
C2,2321,0.029999999999999957,183.4,92.8,2,23.6,16.015625,159.0,118.0,41.0,1.0,30,3.0,2,0.0
C2,2322,0.18664995396643758,118.9,64.3,2,15.4,16.015625,126.0,77.0,41.0,1.0,30,3.0,1,0.0
C2,2323,0.2729691061116404,78.10000000000001,42.1,2,9.0,16.015625,67.0,45.0,41.0,1.0,30,3.0,2,0.0
C2,2324,0.2296297485849249,84.8,44.0,2,2.6,16.015625,61.0,13.0,41.0,1.0,30,1.0,2,0.0
C2,2325,0.22864772006607467,96.60000000000001,55.800000000000004,2,10.2,16.015625,80.0,51.0,41.0,1.0,30,3.0,2,0.0
C2,2326,0.227669418149003,96.69999999999999,53.400000000000006,2,10.0,16.015625,88.0,50.0,41.0,1.0,30,3.0,2,0.0
C2,2327,0.1655458430529832,111.4,56.7,2,4.0,16.015625,84.0,20.0,41.0,1.0,30,1.0,0,0.0
C2,2328,-0.2391303314622894,193.39999999999998,106.39999999999999,1,10.0,16.40625,133.0,25.0,21.0,1.0,90,1.0,2,0.0
C2,2329,-0.05454487988032605,132.5,85.3,1,19.6,16.40625,78.0,49.0,21.0,1.0,90,3.0,0,0.0
C2,2330,-0.22114178158774034,203.1,117.5,1,27.6,17.1875,180.0,69.0,22.0,1.0,90,2.0,0,0.0
C2,2331,-0.2500735605842651,201.8,110.9,1,12.0,16.40625,159.0,30.0,21.0,1.0,90,1.0,0,0.0
C2,2332,-0.22924421292893993,196.3,111.8,1,16.0,16.40625,107.0,40.0,21.0,1.0,90,2.0,2,0.0
C2,2333,-0.27671402175533033,212.60000000000002,122.7,1,13.2,16.40625,152.0,33.0,21.0,1.0,90,1.0,0,0.0
C2,2334,-0.22097614242487146,201.4,114.9,1,26.0,16.40625,173.0,65.0,21.0,1.0,90,2.0,0,0.0
C2,2335,-0.19399258094645294,201.8,112.69999999999999,1,35.2,17.1875,148.0,88.0,22.0,1.0,90,3.0,2,0.0
C2,2336,-0.23497377453944374,204.8,115.7,1,24.0,16.40625,147.0,60.0,21.0,1.0,90,2.0,0,0.0
C2,2337,-0.2730776998833421,209.5,117.6,1,10.0,16.40625,117.0,25.0,21.0,1.0,90,1.0,0,0.0
C2,2338,-0.24354275983927648,212.9,118.6,1,28.8,16.40625,129.0,72.0,21.0,1.0,90,3.0,2,0.0
C2,2339,-0.25192896671130166,204.4,114.8,1,15.2,16.40625,102.0,38.0,21.0,1.0,90,2.0,2,0.0
C2,2340,-0.16046133024807757,187.5,107.6,1,34.0,16.40625,160.0,85.0,21.0,1.0,90,3.0,1,0.0
C2,2341,-0.19646410408397186,207.7,116.4,1,38.8,17.1875,161.0,97.0,22.0,1.0,90,3.0,1,0.0
C2,2342,-0.23066230143601468,206.3,117.5,1,27.2,16.40625,114.0,68.0,21.0,1.0,90,3.0,1,0.0
C2,2343,-0.2277294919282653,197.7,111.0,1,18.8,16.40625,123.0,47.0,21.0,1.0,90,2.0,0,0.0
C2,2344,-0.04588738666510739,128.6,79.60000000000001,1,18.8,16.40625,78.0,47.0,21.0,1.0,90,3.0,1,0.0
C2,2345,-0.20364728229379392,185.79999999999998,106.1,1,14.8,16.40625,92.0,37.0,21.0,1.0,90,2.0,1,0.0
C2,2346,-0.19029718525783512,203.1,115.7,1,37.2,17.1875,158.0,93.0,22.0,1.0,90,3.0,2,0.0
C2,2347,-0.24377107197445957,201.3,114.6,1,15.2,16.40625,193.0,38.0,21.0,1.0,90,1.0,0,0.0
C2,2348,-0.2411417815877403,210.7,118.1,1,27.6,16.40625,110.0,69.0,21.0,1.0,90,3.0,1,0.0
C2,2349,-0.19888237048976581,184.5,105.30000000000001,1,15.6,16.40625,98.0,39.0,21.0,1.0,90,2.0,2,0.0
C2,2350,-0.2546567860506257,202.7,116.4,1,10.4,16.40625,134.0,26.0,21.0,1.0,90,1.0,2,0.0
C2,2351,-0.20779383396762396,203.0,114.3,1,32.0,17.1875,201.0,80.0,22.0,1.0,90,2.0,0,0.0
C2,2352,-0.22043099577544917,202.0,117.0,1,26.8,16.40625,180.0,67.0,21.0,1.0,90,2.0,0,0.0
C2,2353,-0.23956054565867013,199.7,110.2,1,15.2,16.40625,179.0,38.0,21.0,1.0,90,1.0,1,0.0
C2,2354,-0.250226229662215,203.5,114.4,1,14.8,17.1875,166.0,37.0,22.0,1.0,90,1.0,1,0.0
C2,2355,-0.22676561610908202,203.6,117.5,1,26.0,16.40625,110.0,65.0,21.0,1.0,90,3.0,1,0.0
C2,2356,-0.234710616644707,204.7,115.7,1,24.0,16.40625,165.0,60.0,21.0,1.0,90,2.0,1,0.0
C2,2357,-0.28784552224084936,216.6,119.6,1,12.8,16.40625,127.0,32.0,21.0,1.0,90,1.0,1,0.0
C2,2358,-0.20384019267684234,198.7,113.60000000000001,1,29.6,17.1875,129.0,74.0,22.0,1.0,90,3.0,2,0.0
C2,2359,-0.20355624319805066,206.5,118.0,1,36.0,17.1875,152.0,90.0,22.0,1.0,90,3.0,2,0.0
C2,2360,-0.23728945427347264,203.9,114.6,1,22.0,16.40625,152.0,55.0,21.0,1.0,90,2.0,1,0.0
C2,2361,-0.233647282293794,197.2,115.0,1,14.8,16.40625,199.0,37.0,21.0,1.0,90,1.0,2,0.0
C2,2362,-0.22733149282010973,194.8,113.5,1,14.8,16.40625,119.0,37.0,21.0,1.0,90,2.0,2,0.0
C2,2363,-0.26067694567596683,205.4,120.3,1,11.2,16.40625,143.0,28.0,21.0,1.0,90,1.0,0,0.0
C2,2364,-0.2458261280930853,203.7,116.5,1,17.6,17.1875,196.0,44.0,22.0,1.0,90,1.0,1,0.0
C2,2365,-0.14972342283689893,208.3,118.1,1,50.4,16.40625,217.0,126.0,21.0,1.0,90,3.0,1,0.0
C2,2366,-0.24274931778312686,198.8,111.60000000000001,1,11.6,16.40625,170.0,29.0,21.0,1.0,90,1.0,2,0.0
C2,2367,-0.22267746287287365,200.5,114.1,1,24.4,16.40625,159.0,61.0,21.0,1.0,90,2.0,0,0.0
C2,2368,-0.25310868013558624,203.4,114.2,1,12.8,17.1875,161.0,32.0,22.0,1.0,90,1.0,2,0.0
C2,2369,-0.27070941762957307,208.8,117.4,1,10.4,16.40625,106.0,26.0,21.0,1.0,90,1.0,2,0.0
C2,2370,-0.21176366804262187,198.3,113.10000000000001,1,26.4,16.40625,127.0,66.0,21.0,1.0,90,3.0,1,0.0
C2,2371,-0.2579651764225189,208.6,117.8,1,18.0,16.40625,199.0,45.0,21.0,1.0,90,1.0,0,0.0
C2,2372,-0.2192415055722144,187.1,105.0,1,5.6,16.40625,90.0,14.0,21.0,1.0,90,1.0,1,0.0
C2,2373,-0.28691865082669893,214.0,114.5,1,8.4,16.40625,118.0,21.0,21.0,1.0,90,1.0,1,0.0
C2,2374,-0.18949885549387002,185.4,104.4,1,21.6,17.1875,91.0,54.0,22.0,1.0,90,3.0,0,0.0
C2,2375,-0.24331387688736866,213.7,120.2,1,29.6,16.40625,170.0,74.0,21.0,1.0,90,2.0,1,0.0
C2,2376,-0.02657894736842109,208.1,118.7,1,31.2,16.40625,126.0,78.0,21.0,1.0,30,3.0,2,0.0
C2,2377,0.09059040798031187,152.9,94.8,1,13.2,16.40625,85.0,33.0,21.0,1.0,30,2.0,0,0.0
C2,2378,-0.05701433169184314,207.0,113.4,1,11.6,16.40625,159.0,29.0,21.0,1.0,30,1.0,1,0.0
C2,2379,0.03973684210526322,179.7,93.89999999999999,2,29.4,16.40625,151.0,147.0,42.0,1.0,30,3.0,2,0.0
C2,2380,0.15973353508729032,119.7,64.8,2,8.0,16.015625,170.0,40.0,41.0,1.0,30,1.0,2,0.0
C2,2381,0.1988560813330991,115.1,63.70000000000001,2,16.2,16.015625,118.0,81.0,41.0,1.0,30,3.0,0,0.0
C2,2382,0.1773063813477947,117.7,64.9,2,11.4,16.015625,146.0,57.0,41.0,1.0,30,2.0,2,0.0
C2,2383,0.18499110910222888,115.8,64.8,2,12.2,16.015625,147.0,61.0,41.0,1.0,30,2.0,2,0.0
C2,2384,0.18571731442872888,118.6,66.8,2,14.8,16.015625,117.0,74.0,41.0,1.0,30,3.0,0,0.0
C2,2385,0.22460571187657663,88.0,40.599999999999994,2,3.4,16.015625,65.0,17.0,41.0,1.0,30,1.0,1,0.0
C2,2386,0.19610568597544115,117.7,65.19999999999999,2,17.8,16.40625,146.0,89.0,42.0,1.0,30,3.0,2,0.0
C2,2387,0.3221471726635005,54.699999999999996,35.1,2,5.8,16.015625,52.0,29.0,41.0,1.0,30,2.0,0,0.0
C2,2388,0.24482673598899066,78.7,40.099999999999994,2,2.4,16.015625,52.0,12.0,41.0,1.0,30,1.0,1,0.0
C2,2389,0.23741033055823735,86.9,42.6,2,5.8,16.015625,63.0,29.0,41.0,1.0,30,2.0,1,0.0
C2,2390,0.1740113003106297,108.5,59.9,2,4.2,16.015625,108.0,21.0,41.0,1.0,30,1.0,2,0.0
C2,2391,0.2044809165573252,114.7,65.19999999999999,2,18.0,16.015625,148.0,90.0,41.0,1.0,30,3.0,2,0.0
C2,2392,0.15967254221046634,120.3,57.3,2,8.4,16.015625,87.0,42.0,41.0,1.0,30,2.0,0,0.0
C2,2393,0.20756953924253152,106.2,54.800000000000004,2,11.4,16.015625,84.0,57.0,41.0,1.0,30,3.0,1,0.0
C2,2394,0.16085340557378758,113.5,55.199999999999996,2,4.2,16.015625,83.0,21.0,41.0,1.0,30,1.0,1,0.0
C2,2395,0.22501771135189358,87.2,39.6,2,3.0,16.015625,67.0,15.0,41.0,1.0,30,1.0,2,0.0
C2,2396,0.17754720896304874,108.10000000000001,61.0,2,4.8,16.015625,123.0,24.0,41.0,1.0,30,1.0,0,0.0
C2,2397,0.008157894736842183,191.70000000000002,109.7,1,23.2,16.40625,142.0,58.0,21.0,1.0,30,2.0,1,0.0
C2,2398,0.10957829032422245,145.2,90.5,1,12.8,16.40625,82.0,32.0,21.0,1.0,30,2.0,1,0.0
C2,2399,-0.03528936641264385,197.7,114.1,1,10.8,16.40625,133.0,27.0,21.0,1.0,30,1.0,0,0.0
C2,2400,-0.06000330701797285,203.2,112.4,1,8.0,16.40625,101.0,20.0,21.0,1.0,30,1.0,0,0.0
C2,2401,-0.012894736842105181,202.9,115.1,1,26.8,16.40625,113.0,67.0,21.0,1.0,30,3.0,1,0.0
C2,2402,-0.028035619822881996,197.0,105.2,1,12.4,16.40625,98.0,31.0,21.0,1.0,30,2.0,0,0.0
C2,2403,-0.0286842105263157,208.9,116.9,1,30.8,17.1875,194.0,77.0,22.0,1.0,30,2.0,1,0.0
C2,2404,-0.05089618032626031,209.79999999999998,117.5,1,16.0,16.40625,221.0,40.0,21.0,1.0,30,1.0,1,0.0
C2,2405,-0.017105263157894623,204.5,115.2,1,31.2,17.1875,136.0,78.0,22.0,1.0,30,3.0,0,0.0
C2,2406,0.2587914997773257,81.4,50.0,2,9.8,16.015625,80.0,49.0,41.0,1.0,30,3.0,0,0.0
C2,2407,0.19050010727156666,111.9,55.7,2,10.8,16.015625,81.0,54.0,41.0,1.0,30,3.0,2,0.0
C2,2408,0.1745790062107379,108.60000000000001,52.8,2,4.4,16.015625,79.0,22.0,41.0,1.0,30,1.0,0,0.0
C2,2409,0.33133926226601607,50.9,36.1,2,5.6,16.015625,52.0,28.0,41.0,1.0,30,2.0,0,0.0
C2,2410,0.3055827657129334,60.199999999999996,37.0,1,7.4,16.015625,50.0,37.0,41.0,1.0,30,3.0,0,0.0
C2,2411,0.1341261563314698,124.60000000000001,78.89999999999999,1,4.8,16.40625,62.0,12.0,21.0,1.0,30,1.0,0,0.0
C2,2412,0.21216943585266462,108.10000000000001,66.60000000000001,1,14.4,16.40625,58.0,36.0,21.0,1.0,30,3.0,2,0.0
C2,2413,0.1476883822675123,121.30000000000001,70.9,1,6.0,16.40625,64.0,15.0,21.0,1.0,30,1.0,2,0.0
C2,2414,0.24951436001842878,85.0,47.300000000000004,1,7.6,16.40625,43.0,19.0,21.0,1.0,30,2.0,2,0.0
C2,2415,0.13850881412387625,105.6,62.9,1,14.4,16.40625,57.0,36.0,21.0,1.0,50,3.0,0,0.0
C2,2416,-0.1052481932447498,199.6,108.10000000000001,1,15.2,17.1875,92.0,38.0,22.0,1.0,50,2.0,2,0.0
C2,2417,0.0010526315789474716,194.39999999999998,100.4,2,40.2,16.015625,237.0,201.0,41.0,1.0,50,3.0,2,0.0
C2,2418,0.14145603404667353,117.0,64.4,2,21.8,16.40625,241.0,109.0,42.0,1.0,50,2.0,0,0.0
C2,2419,0.09497898655300621,114.3,63.9,2,9.8,16.015625,244.0,49.0,41.0,1.0,50,1.0,0,0.0
C2,2420,0.1006891360775801,114.5,65.9,2,11.2,16.015625,239.0,56.0,41.0,1.0,50,1.0,0,0.0
C2,2421,0.18927462151953403,115.4,64.10000000000001,2,33.2,16.015625,254.0,166.0,41.0,1.0,50,3.0,0,0.0
C2,2422,0.13956873261288905,115.4,63.6,2,20.4,16.015625,240.0,102.0,41.0,1.0,50,2.0,1,0.0
C2,2423,0.1411174015781241,116.8,65.10000000000001,2,21.6,16.40625,255.0,108.0,42.0,1.0,50,2.0,2,0.0
C2,2424,0.12908279488719646,115.0,61.699999999999996,2,17.8,16.015625,398.0,89.0,41.0,1.0,50,1.0,2,0.0
C2,2425,0.22394736842105262,109.7,57.9,3,51.866665,16.145834,442.0,389.0,62.0,1.0,50,3.0,2,0.0
C2,2426,0.20323411118771315,95.8,48.2,3,23.2,15.885417,397.0,174.0,61.0,1.0,50,2.0,0,0.0
C2,2427,0.13428748001132856,99.7,49.3,3,10.0,15.885417,366.0,75.0,61.0,1.0,50,1.0,2,0.0
C2,2428,0.21512617813918455,84.0,45.199999999999996,3,18.8,15.885417,316.0,141.0,61.0,1.0,50,2.0,1,0.0
C2,2429,0.1794103420519818,89.6,47.0,3,14.133333,15.885417,231.0,106.0,61.0,1.0,50,2.0,2,0.0
C2,2430,0.19868810339718096,87.3,46.6,3,17.066668,15.885417,208.0,128.0,61.0,1.0,50,3.0,2,0.0
C2,2431,0.11035091938703412,113.10000000000001,62.5,2,14.4,16.015625,163.0,72.0,41.0,1.0,50,2.0,1,0.0
C2,2432,0.12978829750483858,109.60000000000001,61.6,2,14.8,16.015625,175.0,74.0,41.0,1.0,50,2.0,0,0.0
C2,2433,0.17861991063151894,113.10000000000001,62.8,2,28.4,16.015625,228.0,142.0,41.0,1.0,50,3.0,1,0.0
C2,2434,0.12749654714018177,96.3,59.8,2,6.4,16.015625,150.0,32.0,41.0,1.0,50,1.0,2,0.0
C2,2435,0.0966907530051872,116.7,62.7,2,11.6,16.015625,128.0,58.0,41.0,1.0,50,2.0,2,0.0
C2,2436,0.1939711867862091,108.39999999999999,59.7,2,9.2,16.015625,116.0,46.0,41.0,1.0,30,2.0,2,0.0
C2,2437,0.18216839045079009,114.8,60.3,2,10.6,16.015625,124.0,53.0,41.0,1.0,30,2.0,1,0.0
C2,2438,0.17691311186117442,119.4,66.69999999999999,1,15.4,16.015625,117.0,77.0,41.0,1.0,30,3.0,0,0.0
C2,2439,-0.051536100365765475,204.4,115.5,1,11.2,16.40625,112.0,28.0,21.0,1.0,30,1.0,2,0.0
C2,2440,-0.026052631578947272,207.9,118.7,1,24.8,16.40625,161.0,62.0,21.0,1.0,30,2.0,2,0.0
C2,2441,0.12657894736842112,146.7,80.3,2,21.8,16.015625,170.0,109.0,41.0,1.0,30,3.0,2,0.0
C2,2442,0.2282007417394976,98.10000000000001,57.8,2,11.2,16.015625,125.0,56.0,41.0,1.0,30,2.0,0,0.0
C2,2443,0.22131578947368424,113.9,62.5,2,24.8,16.015625,205.0,124.0,41.0,1.0,30,3.0,1,0.0
C2,2444,0.13957900621073793,121.89999999999999,65.3,2,4.4,16.015625,128.0,22.0,41.0,1.0,30,1.0,2,0.0
C2,2445,0.1658653547819295,115.9,62.8,2,7.0,16.015625,148.0,35.0,41.0,1.0,30,1.0,2,0.0
C2,2446,0.1087356709568496,120.0,62.199999999999996,2,16.2,16.015625,131.0,81.0,41.0,1.0,50,3.0,1,0.0
C2,2447,0.06468527780586296,116.0,59.6,2,3.8,16.015625,95.0,19.0,41.0,1.0,50,1.0,2,0.0
C2,2448,0.06718144226974587,112.8,60.400000000000006,1,4.4,16.015625,99.0,22.0,41.0,1.0,50,1.0,2,0.0
C2,2449,-0.0843979771040437,210.10000000000002,116.8,1,26.4,16.40625,107.0,66.0,21.0,1.0,50,3.0,1,0.0
C2,2450,-0.05500330701797279,201.3,113.69999999999999,1,28.0,16.40625,115.0,70.0,21.0,1.0,50,3.0,0,0.0
C2,2451,-0.1335213902382093,203.5,114.2,1,11.2,16.40625,177.0,28.0,21.0,1.0,50,1.0,2,0.0
C2,2452,-0.10729195436794023,203.8,115.4,1,17.2,16.40625,112.0,43.0,21.0,1.0,50,2.0,2,0.0
C2,2453,-0.07729220460176048,202.4,117.6,1,23.2,16.40625,150.0,58.0,21.0,1.0,50,2.0,0,0.0
C2,2454,-0.12050690555281318,200.6,113.8,1,12.4,17.1875,173.0,31.0,22.0,1.0,50,1.0,0,0.0
C2,2455,-0.10945871956053929,201.2,117.2,1,15.2,16.40625,155.0,38.0,21.0,1.0,50,1.0,1,0.0
C2,2456,-0.08278941681917629,206.4,115.9,1,24.4,16.40625,112.0,61.0,21.0,1.0,50,3.0,2,0.0
C2,2457,-0.15704027761649864,186.20000000000002,103.4,1,14.0,16.40625,91.0,35.0,21.0,1.0,70,2.0,0,0.0
C2,2458,-0.02610817788671249,145.3,93.89999999999999,1,20.4,16.40625,84.0,51.0,21.0,1.0,70,3.0,2,0.0
C2,2459,0.007119107172221625,129.20000000000002,82.3,1,18.0,16.40625,72.0,45.0,21.0,1.0,70,3.0,0,0.0
C2,2460,-0.12603766262462068,207.5,115.8,1,35.2,16.40625,147.0,88.0,21.0,1.0,70,3.0,2,0.0
C2,2461,-0.21154218245578016,203.0,120.80000000000001,1,10.8,16.40625,118.0,27.0,21.0,1.0,70,1.0,1,0.0
C2,2462,-0.03307945625025249,130.39999999999998,80.8,1,6.4,16.40625,73.0,16.0,21.0,1.0,70,1.0,1,0.0
C2,2463,-0.1308167805309985,169.2,102.5,1,8.0,16.40625,92.0,20.0,21.0,1.0,70,1.0,2,0.0
C2,2464,-0.09619483951179633,198.9,114.1,1,36.8,16.40625,155.0,92.0,21.0,1.0,70,3.0,0,0.0
C2,2465,-0.1287471678830418,205.1,114.2,1,33.2,16.40625,146.0,83.0,21.0,1.0,70,3.0,1,0.0
C2,2466,-0.013552176824065676,175.3,85.8,2,43.4,16.015625,348.0,217.0,41.0,1.0,70,3.0,1,0.0
C2,2467,0.1749635129381029,117.0,61.6,2,30.2,16.015625,720.0,151.0,41.0,1.0,50,1.0,0,0.0
C2,2468,0.1790217376905878,113.8,62.300000000000004,2,29.0,16.015625,674.0,145.0,41.0,1.0,50,1.0,2,0.0
C2,2469,0.1780020226482356,115.3,65.0,2,29.8,16.015625,667.0,149.0,41.0,1.0,50,1.0,1,0.0
C2,2470,0.2210526315789474,110.8,59.2,3,59.0,16.015625,775.0,295.0,41.0,1.0,50,2.0,1,0.0
C2,2471,0.2768421052631579,92.8,48.800000000000004,3,44.933334,15.885417,761.0,337.0,61.0,1.0,50,2.0,1,0.0
C2,2472,0.20195852286034155,90.80000000000001,48.0,3,19.866667,15.885417,675.0,149.0,61.0,1.0,50,1.0,2,0.0
C2,2473,0.2707894736842105,95.10000000000001,47.4,3,50.0,16.145834,558.0,375.0,62.0,1.0,50,3.0,2,0.0
C2,2474,0.27473684210526317,93.60000000000001,47.199999999999996,3,44.133335,15.885417,747.0,331.0,61.0,1.0,50,2.0,0,0.0
C2,2475,0.257254454374242,87.0,44.5,4,66.26667,15.885417,780.0,497.0,61.0,1.0,50,3.0,0,0.0
C2,2476,0.38026315789473686,50.3,34.8,5,45.12,15.78125,812.0,564.0,101.0,1.0,50,3.0,0,0.0
C2,2477,0.28189912712638543,50.7,35.1,5,14.16,15.78125,776.0,177.0,101.0,1.0,50,1.0,2,0.0
C2,2478,0.5508203611942057,49.8,33.8,5,14.64,15.78125,800.0,183.0,101.0,1.0,50,1.0,0,0.0
C2,2479,0.6140270506488819,49.6,33.7,5,29.12,15.78125,798.0,364.0,101.0,1.0,50,2.0,1,0.0
C2,2480,0.3889473684210526,50.2,34.7,5,44.4,15.78125,792.0,555.0,101.0,1.0,50,3.0,1,0.0
C2,2481,0.6154946846633054,49.6,34.4,5,29.52,15.78125,775.0,369.0,101.0,1.0,50,2.0,0,0.0
C2,2482,0.6535087719298245,49.9,34.7,5,42.8,15.78125,764.0,535.0,101.0,1.0,50,3.0,2,0.0
C2,2483,0.31930041815658317,50.4,34.9,5,22.4,15.78125,599.0,280.0,101.0,1.0,50,2.0,0,0.0
C2,2484,0.38921052631578945,50.1,35.1,5,40.0,15.78125,717.0,500.0,101.0,1.0,50,3.0,0,0.0
C2,2485,0.6227806261596789,49.0,34.0,5,30.08,15.78125,789.0,376.0,101.0,1.0,50,2.0,2,0.0
C2,2486,0.6543859649122807,49.8,34.2,5,43.52,15.9375,797.0,544.0,102.0,1.0,50,3.0,0,0.0
C2,2487,0.28104887285082414,50.2,34.5,5,13.68,15.78125,746.0,171.0,101.0,1.0,50,1.0,1,0.0
C2,2488,0.5495307060737538,49.7,34.3,5,14.16,15.78125,751.0,177.0,101.0,1.0,50,1.0,2,0.0
C2,2489,0.6125710769417667,49.9,35.2,5,29.44,15.78125,763.0,368.0,101.0,1.0,50,2.0,0,0.0
C2,2490,0.5711217597547642,49.9,35.0,5,19.36,15.78125,520.0,242.0,101.0,1.0,50,2.0,0,0.0
C2,2491,0.25732460387568823,51.6,34.6,5,9.2,15.78125,154.0,115.0,101.0,1.0,50,3.0,1,0.0
C2,2492,0.13047051014590522,90.30000000000001,49.7,3,7.3333335,15.885417,133.0,55.0,61.0,1.0,50,2.0,0,0.0
C2,2493,0.13333193510662447,89.6,46.800000000000004,3,3.6,15.885417,126.0,27.0,61.0,1.0,50,1.0,2,0.0
C2,2494,0.040615969414789066,100.7,49.099999999999994,3,4.6666665,15.885417,140.0,35.0,61.0,1.0,70,1.0,0,0.0
C2,2495,0.011131070065536972,110.39999999999999,61.400000000000006,2,6.4,16.015625,144.0,32.0,41.0,1.0,70,1.0,0,0.0
C2,2496,-0.18249861531917877,188.29999999999998,103.3,1,10.4,16.40625,144.0,26.0,21.0,1.0,70,1.0,1,0.0
C2,2497,-0.19186966548338164,202.6,114.9,1,36.4,17.1875,152.0,91.0,22.0,1.0,90,3.0,1,0.0
C2,2498,-0.25846986325156446,213.0,120.6,1,23.2,16.40625,143.0,58.0,21.0,1.0,90,2.0,0,0.0
C2,2499,-0.2206878737655375,210.9,120.3,1,34.4,16.40625,144.0,86.0,21.0,1.0,90,3.0,1,0.0
C2,2500,-0.23807892795768326,204.2,112.19999999999999,1,30.0,40.0,100.0,1500.0,2000.0,1.0,50,1.0,0,0.0
C2,2501,0.649054049980937,32.9,26.700000000000003,1,3.2,16.40625,26.0,8.0,21.0,1.0,50,1.0,1,0.0
C2,2502,0.7541437003574938,18.1,17.7,1,1.2,16.40625,5.0,3.0,21.0,1.0,50,2.0,1,0.0
C2,2503,0.4878391920465357,50.0,17.7,1,0.4,16.40625,3.0,1.0,21.0,1.0,50,1.0,1,0.0
C2,2504,0.7655148417576507,18.1,17.7,1,4.0,16.40625,11.0,10.0,21.0,1.0,50,3.0,1,0.0
C2,2505,0.7541437003574938,18.1,17.6,1,1.2,16.40625,5.0,3.0,21.0,1.0,50,2.0,2,0.0
C2,2506,0.7622119447177791,18.1,17.8,1,3.2,16.40625,15.0,8.0,21.0,1.0,50,2.0,2,0.0
C2,2507,0.843222663187408,18.3,17.8,1,1.6,16.40625,14.0,4.0,21.0,1.0,30,1.0,0,0.0
C2,2508,0.5783284365275948,50.0,17.9,1,1.2,16.40625,2.0,3.0,21.0,1.0,30,2.0,0,0.0
C2,2509,0.5748318922081663,50.0,17.7,1,0.4,16.40625,3.0,1.0,21.0,1.0,30,1.0,2,0.0
C2,2510,0.8326963473979343,21.2,18.0,1,1.6,16.40625,12.0,4.0,21.0,1.0,30,1.0,0,0.0
C2,2511,0.8551053220002116,17.8,17.5,1,4.4,16.40625,13.0,11.0,21.0,1.0,30,3.0,1,0.0
C2,2512,0.5765839711106497,50.0,17.7,1,0.8,16.40625,5.0,2.0,21.0,1.0,30,1.0,0,0.0
C2,2513,0.8517640347262772,18.2,17.7,1,3.6,16.40625,14.0,9.0,21.0,1.0,30,2.0,0,0.0
C2,2514,0.5748318922081663,50.0,17.7,1,0.4,16.40625,3.0,1.0,21.0,1.0,30,1.0,1,0.0
C2,2515,0.5783284365275948,50.0,17.7,1,1.2,16.40625,8.0,3.0,21.0,1.0,30,1.0,1,0.0
C2,2516,0.7429142641056148,32.599999999999994,26.3,1,4.0,16.40625,21.0,10.0,21.0,1.0,30,2.0,0,0.0
C2,2517,0.5765839711106497,50.0,17.5,1,0.8,16.40625,5.0,2.0,21.0,1.0,30,1.0,2,0.0
C2,2518,0.8449503405842114,18.599999999999998,17.8,1,2.0,16.40625,14.0,5.0,21.0,1.0,30,1.0,2,0.0
C2,2519,0.755167388270577,32.5,25.7,1,6.8,16.40625,26.0,17.0,21.0,1.0,30,3.0,2,0.0
C2,2520,0.843222663187408,17.9,17.6,1,1.6,16.40625,11.0,4.0,21.0,1.0,30,1.0,1,0.0
C2,2521,0.7308337801316878,33.4,28.0,1,2.8,16.40625,24.0,7.0,21.0,1.0,30,1.0,2,0.0
C2,2522,0.8466688412521486,18.2,17.7,1,2.4,16.40625,16.0,6.0,21.0,1.0,30,1.0,0,0.0
C2,2523,0.5765839711106497,50.0,17.6,1,0.8,16.40625,7.0,2.0,21.0,1.0,30,1.0,1,0.0
C2,2524,0.8483776397808107,17.8,17.6,1,2.8,16.40625,8.0,7.0,21.0,1.0,30,3.0,1,0.0
C2,2525,0.7486199640204021,32.7,26.1,1,5.6,16.40625,23.0,14.0,21.0,1.0,30,2.0,0,0.0
C2,2526,0.8500762134230411,18.1,17.6,1,3.2,16.40625,14.0,8.0,21.0,1.0,30,2.0,1,0.0
C2,2527,0.8466688412521486,18.2,17.8,1,2.4,16.40625,11.0,6.0,21.0,1.0,30,2.0,0,0.0
C2,2528,0.7483213230375543,33.099999999999994,27.099999999999998,1,6.4,16.40625,20.0,16.0,21.0,1.0,30,3.0,0,0.0
C2,2529,0.23721058515810634,84.8,52.400000000000006,1,4.4,16.40625,49.0,11.0,21.0,1.0,30,1.0,1,0.0
C2,2530,0.8551053220002116,18.4,17.9,1,4.4,16.40625,13.0,11.0,21.0,1.0,30,3.0,1,0.0
C2,2531,0.07211867393417332,124.0,76.5,1,10.4,16.40625,64.0,26.0,21.0,1.0,50,2.0,0,0.0
C2,2532,0.5773818318289101,44.6,34.1,1,10.4,16.40625,36.0,26.0,21.0,1.0,50,3.0,1,0.0
C2,2533,0.08333145465273942,110.5,66.19999999999999,1,4.8,16.40625,50.0,12.0,21.0,1.0,50,1.0,0,0.0
C2,2534,0.1473569470208087,84.9,51.4,1,4.0,16.40625,48.0,10.0,21.0,1.0,50,1.0,1,0.0
C2,2535,0.1177525289092562,117.6,72.3,1,16.8,16.40625,65.0,42.0,21.0,1.0,50,3.0,1,0.0
C2,2536,-0.09456629720227999,205.7,114.8,1,21.2,16.40625,131.0,53.0,21.0,1.0,50,2.0,1,0.0
C2,2537,-0.08842987821638915,200.7,114.8,1,19.6,16.40625,133.0,49.0,21.0,1.0,50,2.0,2,0.0
C2,2538,0.10111677274821973,115.7,70.6,1,12.0,16.40625,68.0,30.0,21.0,1.0,50,2.0,0,0.0
C2,2539,0.14095115630836189,103.3,62.300000000000004,1,13.6,16.40625,55.0,34.0,21.0,1.0,50,3.0,2,0.0
C2,2540,0.6421551347245136,33.5,26.8,1,2.8,16.40625,27.0,7.0,21.0,1.0,50,1.0,1,0.0
C2,2541,0.10797169053764435,109.7,67.9,1,10.0,16.40625,53.0,25.0,21.0,1.0,50,2.0,1,0.0
C2,2542,0.768857770442213,18.0,17.7,1,4.8,16.40625,13.0,12.0,21.0,1.0,50,3.0,2,0.0
C2,2543,0.6548226827229149,33.0,26.599999999999998,1,4.8,16.40625,26.0,12.0,21.0,1.0,50,2.0,1,0.0
C2,2544,0.7722384402787341,18.1,17.7,1,5.6,16.40625,16.0,14.0,21.0,1.0,50,3.0,0,0.0
C2,2545,0.6617121244892605,32.599999999999994,26.5,1,5.6,16.40625,21.0,14.0,21.0,1.0,50,3.0,1,0.0
C2,2546,0.517269227722563,48.300000000000004,34.5,1,4.0,16.40625,32.0,10.0,21.0,1.0,50,1.0,0,0.0
C2,2547,0.6538173876471551,33.5,27.2,1,5.6,16.40625,24.0,14.0,21.0,1.0,50,2.0,0,0.0
C2,2548,0.7573373474871592,18.0,17.6,1,2.0,16.40625,15.0,5.0,21.0,1.0,50,1.0,2,0.0
C2,2549,0.6694197711555143,33.099999999999994,26.8,1,8.4,16.40625,29.0,21.0,21.0,1.0,50,3.0,2,0.0
C2,2550,0.6650942012768106,32.800000000000004,26.4,1,6.8,16.40625,22.0,17.0,21.0,1.0,50,3.0,2,0.0
C2,2551,0.144121408790835,85.5,49.3,1,3.6,16.40625,42.0,9.0,21.0,1.0,50,1.0,1,0.0
C2,2552,0.1327932615715198,106.39999999999999,63.0,1,13.6,16.40625,54.0,34.0,21.0,1.0,50,3.0,2,0.0
C2,2553,-0.002278529211837854,172.6,102.0,1,22.4,16.40625,99.0,56.0,21.0,1.0,50,3.0,0,0.0
C2,2554,-0.07810109141669827,207.1,117.0,1,26.0,16.40625,101.0,65.0,21.0,1.0,50,3.0,2,0.0
C2,2555,0.11706144598095142,104.89999999999999,63.9,1,9.2,16.40625,58.0,23.0,21.0,1.0,50,2.0,0,0.0
C2,2556,-0.09631076911828984,205.7,115.5,1,20.8,16.40625,124.0,52.0,21.0,1.0,50,2.0,0,0.0
C2,2557,0.08185932383610521,111.69999999999999,60.6,1,5.2,16.40625,58.0,13.0,21.0,1.0,50,1.0,0,0.0
C2,2558,0.6519336950212338,32.2,25.6,1,2.4,16.40625,23.0,6.0,21.0,1.0,50,1.0,0,0.0
C2,2559,0.768857770442213,18.0,17.7,1,4.8,16.40625,14.0,12.0,21.0,1.0,50,3.0,2,0.0
C2,2560,0.770543534362421,18.0,17.6,1,5.2,16.40625,15.0,13.0,21.0,1.0,50,3.0,2,0.0
