Cluster,Step,Reward,Latency_P90,Latency_Avg,Replicas,CPU_Pct,Requests,Success,HPA_Target,Throughput,Forecast
C2,1,-0.384392983857433,177.2,87.5,5,187.89999389648438,1462.0,1.0,90,2.0,415.5
C2,2,0.32143842489859054,40.2,26.8,15,61.733333587646484,914.0,1.0,50,2.0,436.25
C2,3,0.5136818002865737,32.800000000000004,22.3,19,7.410526275634766,141.0,1.0,50,1.0,438.95001220703125
C2,4,0.7263086803237305,33.0,22.5,19,20.25263214111328,375.0,1.0,50,3.0,359.7699890136719
C2,5,0.5760541818428077,33.0,22.5,19,14.27368450164795,268.0,1.0,90,2.0,269.1953430175781
C2,6,0.6253321167433334,33.099999999999994,22.4,19,15.263157844543457,280.0,1.0,70,2.0,214.71719360351562
C2,7,0.5798227197667409,32.9,22.5,19,16.06315803527832,294.0,1.0,90,2.0,184.96365356445312
C2,8,0.1341992774282184,38.800000000000004,25.6,8,15.600000381469727,137.0,1.0,70,1.0,167.5115203857422
C2,9,0.47684538774204055,43.8,29.2,5,33.099998474121094,290.0,1.0,70,2.0,157.7069091796875
C2,10,0.36752500000000005,50.9,34.9,5,53.279998779296875,288.0,1.0,50,2.0,151.4241485595703
C2,11,0.31740091328110537,51.3,35.5,5,26.639999389648438,147.0,1.0,50,1.0,148.98782348632812
C2,12,0.348275,57.9,36.3,5,26.079999923706055,143.0,1.0,30,1.0,147.2593536376953
C2,13,0.645,50.0,35.8,5,24.8799991607666,134.0,1.0,30,1.0,144.88894653320312
C2,14,0.3994619643097484,44.5,29.9,12,42.84000015258789,402.0,1.0,30,3.0,141.73336791992188
C2,15,0.5545673014755544,35.0,24.7,12,12.100000381469727,141.0,1.0,90,1.0,139.57334899902344
C2,16,0.7316536877339492,34.5,24.7,12,24.96666717529297,302.0,1.0,50,2.0,140.54400634765625
C2,17,0.6361075489143854,34.3,24.5,12,21.399999618530273,264.0,1.0,70,2.0,140.8597412109375
C2,18,0.7533304437315445,34.1,24.299999999999997,12,29.866666793823242,369.0,1.0,50,3.0,138.64918518066406
C2,19,0.3605591037377226,38.699999999999996,25.9,8,12.033333778381348,142.0,1.0,90,1.0,136.12283325195312
C2,20,0.5041399601049699,40.9,28.9,8,14.600000381469727,124.0,1.0,90,1.0,133.54037475585938
C2,21,0.5489683402835199,42.8,28.400000000000002,8,38.900001525878906,316.0,1.0,90,2.0,136.65756225585938
C2,22,0.6359166666666667,37.900000000000006,25.7,11,26.03636360168457,284.0,1.0,30,2.0,138.52786254882812
C2,23,0.5611060305804034,36.6,25.7,11,23.781818389892578,266.0,1.0,90,2.0,140.8500518798828
C2,24,0.7154958167566645,36.3,25.3,11,25.054546356201172,278.0,1.0,50,2.0,139.7100372314453
C2,25,0.7513365979100673,35.5,25.2,11,33.23636245727539,366.0,1.0,50,3.0,136.35935974121094
C2,26,0.6616504469253661,37.1,25.3,11,13.890909194946289,150.0,1.0,50,1.0,136.61561584472656
C2,27,0.511666832888211,39.1,26.1,8,11.163636207580566,122.0,1.0,50,1.0,134.50270080566406
C2,28,0.5855043552985111,43.3,28.6,8,29.350000381469727,248.0,1.0,70,2.0,133.50161743164062
C2,29,0.681884734709784,43.4,28.6,8,14.25,122.0,1.0,30,1.0,129.16763305664062
C2,30,0.7302500000000001,40.7,27.900000000000002,8,47.099998474121094,393.0,1.0,50,3.0,127.76725006103516
C2,31,0.5834166666666667,34.9,24.6,13,24.86153793334961,316.0,1.0,30,2.0,131.46034240722656
C2,32,0.6617769202622248,34.7,24.2,13,8.7384614944458,118.0,1.0,50,1.0,133.14288330078125
C2,33,0.5617577687963964,33.9,24.1,13,9.876922607421875,126.0,1.0,90,1.0,133.48573303222656
C2,34,0.6806672735861727,34.1,24.2,13,31.907691955566406,405.0,1.0,70,3.0,130.62477111816406
C2,35,0.6215190407662796,34.0,24.1,13,16.58461570739746,218.0,1.0,70,2.0,127.70819091796875
C2,36,0.2874211545523058,37.699999999999996,25.7,7,10.276923179626465,133.0,1.0,90,1.0,126.89158630371094
C2,37,0.6755574765222554,44.3,29.8,8,61.86666488647461,411.0,1.0,50,3.0,126.66828155517578
C2,38,0.559810370978018,42.5,28.2,8,41.099998474121094,342.0,1.0,90,3.0,127.20097351074219
C2,39,0.6888728950532523,41.2,27.900000000000002,8,30.049999237060547,244.0,1.0,50,2.0,126.05391693115234
C2,40,0.5077246814631609,40.7,28.2,8,15.699999809265137,134.0,1.0,90,1.0,124.96568298339844
C2,41,0.7320833333333333,40.5,27.7,8,49.849998474121094,411.0,1.0,50,3.0,127.37940979003906
C2,42,0.5424406076362491,40.300000000000004,27.900000000000002,8,29.75,246.0,1.0,90,2.0,128.9609832763672
C2,43,0.7019966520387871,39.6,27.3,8,49.599998474121094,420.0,1.0,70,3.0,130.7099151611328
C2,44,0.526706995451695,43.0,28.1,8,32.79999923706055,282.0,1.0,90,2.0,132.29261779785156
C2,45,0.57487798854258,39.300000000000004,27.400000000000002,8,17.149999618530273,147.0,1.0,70,1.0,136.44224548339844
C2,46,0.6605837696869021,43.9,28.9,6,34.0,284.0,1.0,50,2.0,139.19866943359375
C2,47,0.6137772633839912,45.1,30.700000000000003,6,19.866666793823242,130.0,1.0,50,1.0,139.38587951660156
C2,48,0.6890000000000001,45.199999999999996,30.900000000000002,6,21.133333206176758,135.0,1.0,30,1.0,137.898193359375
C2,49,0.45280733083549257,47.800000000000004,31.4,6,21.200000762939453,135.0,1.0,90,1.0,136.07225036621094
C2,50,0.5987861568883344,47.7,32.2,6,22.0,136.0,1.0,50,1.0,135.7766876220703
C2,51,0.6100760366300333,47.6,31.7,5,26.66666603088379,172.0,1.0,50,1.0,140.5326690673828
C2,52,0.2454090052792448,50.5,35.3,5,28.799999237060547,155.0,1.0,70,1.0,146.0529327392578
C2,53,0.23656544926440534,50.2,35.8,4,28.399999618530273,150.0,1.0,70,1.0,151.2317657470703
C2,54,0.42279210366687736,49.8,34.1,8,77.19999694824219,453.0,1.0,50,3.0,151.5390625
C2,55,0.6283567721925761,40.9,28.0,8,34.25,278.0,1.0,70,2.0,149.59010314941406
C2,56,0.7107960151382599,40.300000000000004,27.5,9,17.511110305786133,152.0,1.0,30,1.0,148.68739318847656
C2,57,0.5657719216311738,39.4,28.2,9,14.711111068725586,134.0,1.0,70,1.0,145.8791046142578
C2,58,0.5412482065582739,38.9,26.700000000000003,9,24.311111450195312,222.0,1.0,90,2.0,140.46080017089844
C2,59,0.6336788570530121,38.199999999999996,25.5,9,29.688888549804688,294.0,1.0,70,3.0,130.0098114013672
C2,60,0.5361653087369942,39.5,27.400000000000002,9,24.488889694213867,218.0,1.0,90,2.0,120.4058837890625
C2,61,0.7262987285673296,32.5,21.7,7,3.028571367263794,49.0,1.0,30,1.0,106.37686157226562
C2,62,0.74125,39.5,27.2,7,28.685714721679688,267.0,1.0,30,3.0,96.75945281982422
C2,63,0.7778206987631047,28.9,20.400000000000002,7,3.6571428775787354,78.0,1.0,30,2.0,81.65567016601562
C2,64,0.6442841183369876,40.7,27.799999999999997,7,17.542856216430664,162.0,1.0,50,2.0,76.86006927490234
C2,65,0.5341067719130299,40.800000000000004,28.2,11,49.485713958740234,363.0,1.0,30,3.0,78.24937438964844
C2,66,0.7288993186284577,37.900000000000006,25.3,11,13.090909004211426,147.0,1.0,30,1.0,93.48295593261719
C2,67,0.5212883459991029,38.800000000000004,25.9,11,13.199999809265137,146.0,1.0,90,1.0,111.2897720336914
C2,68,0.6865879848548233,36.6,25.1,11,38.654544830322266,444.0,1.0,70,3.0,125.57386779785156
C2,69,0.7327017402197804,34.5,25.0,11,25.236364364624023,290.0,1.0,50,2.0,133.87765502929688
C2,70,0.620012282554445,38.3,25.4,11,26.618181228637695,292.0,1.0,70,2.0,138.85992431640625
C2,71,0.6328633098758096,39.4,27.2,10,13.960000038146973,145.0,1.0,50,1.0,141.4492950439453
C2,72,0.7399166666666667,37.900000000000006,25.3,12,39.119998931884766,402.0,1.0,30,3.0,141.53623962402344
C2,73,0.5839116550670983,34.1,24.299999999999997,12,23.733333587646484,290.0,1.0,90,2.0,141.455078125
C2,74,0.6688340225613979,34.6,24.400000000000002,12,10.199999809265137,122.0,1.0,50,1.0,138.33970642089844
C2,75,0.7788333333333334,35.4,24.8,12,31.700000762939453,387.0,1.0,30,3.0,135.8038330078125
C2,76,0.6808731150855396,34.4,24.5,12,12.600000381469727,155.0,1.0,50,1.0,135.61563110351562
C2,77,0.6366013502696383,35.0,24.8,12,23.200000762939453,280.0,1.0,70,2.0,137.9027099609375
C2,78,0.5711264344795511,34.9,24.7,12,21.233333587646484,252.0,1.0,90,2.0,138.8749542236328
C2,79,0.6055547818500787,34.5,24.5,12,33.099998474121094,408.0,1.0,90,3.0,136.9249725341797
C2,80,0.43217599011073077,34.9,24.6,8,29.83333396911621,354.0,1.0,90,3.0,132.8216552734375
C2,81,0.48388759140094434,49.3,32.7,5,27.040000915527344,142.0,1.0,50,1.0,132.4929962158203
C2,82,0.20455269042367702,44.3,29.4,17,41.41538619995117,444.0,1.0,30,3.0,133.8957977294922
C2,83,0.6273141397612216,33.099999999999994,22.8,17,15.858823776245117,274.0,1.0,70,2.0,137.27081298828125
C2,84,0.604777229822033,32.800000000000004,22.4,17,7.388235092163086,128.0,1.0,70,1.0,137.4291534423828
C2,85,0.5946783048073286,33.099999999999994,22.700000000000003,17,24.42352867126465,411.0,1.0,90,3.0,136.0574951171875
C2,86,0.7834776503635381,33.0,22.599999999999998,17,16.58823585510254,266.0,1.0,30,2.0,134.70115661621094
C2,87,0.5743402676512906,33.300000000000004,22.8,17,14.941176414489746,246.0,1.0,90,2.0,133.220703125
C2,88,0.5842428281554968,33.8,24.0,14,16.77142906188965,226.0,1.0,50,2.0,129.13241577148438
C2,89,0.5783230117255957,32.0,21.0,14,9.171428680419922,204.0,1.0,90,3.0,118.01278686523438
C2,90,0.8211714392217839,22.9,18.4,14,0.800000011920929,40.0,1.0,30,2.0,97.60767364501953
C2,91,0.3093713384324807,33.5,22.9,5,7.920000076293945,126.0,1.0,50,2.0,78.69793701171875
C2,92,0.2003176740050566,50.6,35.6,5,37.20000076293945,204.0,1.0,90,2.0,71.88542938232422
C2,93,0.6035785713873119,32.9,23.099999999999998,5,7.28000020980835,82.0,1.0,70,2.0,70.5979232788086
C2,94,0.5753702949740755,34.9,23.3,5,3.200000047683716,41.0,1.0,70,1.0,66.89208984375
C2,95,0.24349485969984808,72.7,40.599999999999994,4,75.19999694824219,279.0,1.0,50,3.0,63.46858596801758
C2,96,0.5989330243109666,39.1,25.9,5,5.199999809265137,50.0,1.0,50,1.0,62.61448669433594
C2,97,0.5156531074750785,43.5,28.8,5,30.639999389648438,219.0,1.0,90,3.0,66.36869049072266
C2,98,0.6897873834414993,41.2,28.5,5,30.31999969482422,225.0,1.0,50,3.0,66.2212142944336
C2,99,0.6337259013318791,29.0,20.9,5,5.039999961853027,68.0,1.0,70,2.0,63.99939727783203
C2,100,0.6637210786482441,32.800000000000004,21.9,5,4.960000038146973,70.0,1.0,50,2.0,57.59963607788086
C2,101,0.6602370381782501,32.5,21.5,4,5.400000095367432,64.0,1.0,50,2.0,48.02644729614258
C2,102,0.6532500000000001,49.099999999999994,33.300000000000004,4,28.399999618530273,162.0,1.0,30,2.0,48.54920196533203
C2,103,0.6448202651596104,38.800000000000004,26.3,4,13.600000381469727,110.0,1.0,50,2.0,51.52952194213867
C2,104,0.6899527166331768,28.8,20.1,4,2.299999952316284,42.0,1.0,50,2.0,51.85104751586914
C2,105,0.6411465255425018,27.7,19.599999999999998,4,3.0999999046325684,50.0,1.0,70,2.0,44.577293395996094
C2,106,0.5691620381393396,32.7,22.8,4,6.699999809265137,74.0,1.0,90,2.0,37.81304168701172
C2,107,0.75465373648257,32.599999999999994,22.5,3,8.600000381469727,114.0,1.0,30,3.0,36.02116012573242
C2,108,0.7448668624345179,32.2,21.3,2,5.0,44.0,1.0,30,2.0,34.54602813720703
C2,109,0.7649873174727251,32.5,21.9,2,9.0,87.0,1.0,30,3.0,32.59428405761719
C2,110,0.6764814048390635,32.4,22.599999999999998,2,7.199999809265137,69.0,1.0,50,3.0,29.423236846923828
C2,111,-0.11140689207797412,102.3,49.7,7,74.69999694824219,273.0,1.0,30,3.0,36.72060775756836
C2,112,0.5551973291857062,44.1,29.5,7,23.714284896850586,166.0,1.0,70,1.0,59.365699768066406
C2,113,0.49693217075476126,43.0,27.900000000000002,12,41.20000076293945,396.0,1.0,30,3.0,87.486083984375
C2,114,0.7843333333333333,34.8,24.8,12,24.433332443237305,286.0,1.0,30,2.0,111.2916488647461
C2,115,0.5432936118844255,36.2,25.1,12,11.899999618530273,145.0,1.0,90,1.0,122.77499389648438
C2,116,0.7247187044345605,35.0,25.0,12,24.366666793823242,292.0,1.0,50,2.0,131.5316619873047
C2,117,0.5684870873962187,35.7,25.1,12,23.399999618530273,282.0,1.0,90,2.0,136.5189971923828
C2,118,0.5904928714517638,34.1,24.7,12,26.46666717529297,320.0,1.0,90,2.0,141.5113983154297
C2,119,0.3416520912834304,39.300000000000004,26.5,6,19.066667556762695,232.0,1.0,70,2.0,140.5068359375
C2,120,0.5189801039234323,44.699999999999996,30.0,10,42.266666412353516,320.0,1.0,30,2.0,142.43743896484375
C2,121,0.561284688699266,35.9,25.2,15,41.53845977783203,459.0,1.0,30,3.0,142.66246032714844
C2,122,0.7980833333333334,33.300000000000004,23.0,15,27.920000076293945,408.0,1.0,30,3.0,145.46414184570312
C2,123,0.8469788877149015,20.0,17.8,15,0.6133333444595337,38.0,1.0,30,2.0,128.34515380859375
C2,124,0.6802705763435528,18.0,17.7,15,0.6666666865348816,34.0,1.0,90,2.0,99.94042205810547
C2,125,0.7654295579274217,32.800000000000004,22.2,15,9.920000076293945,172.0,1.0,30,2.0,76.23091888427734
C2,126,0.7862930682963847,33.5,23.3,15,19.920000076293945,290.0,1.0,30,2.0,78.80522155761719
C2,127,0.5804428813331903,33.6,23.5,15,19.946666717529297,288.0,1.0,90,2.0,97.28313446044922
C2,128,0.28299457087671753,38.9,26.3,9,14.933333396911621,141.0,1.0,90,1.0,115.70320892333984
C2,129,0.6948206232784928,39.1,26.700000000000003,9,46.35555648803711,444.0,1.0,70,3.0,127.15525817871094
C2,130,0.5525207841686576,39.1,26.9,9,29.422222137451172,278.0,1.0,90,2.0,133.3598175048828
C2,131,0.7504166666666667,38.5,26.3,9,50.66666793823242,465.0,1.0,50,3.0,138.94923400878906
C2,132,0.5461376476887316,33.5,23.5,15,19.84000015258789,292.0,1.0,30,2.0,142.0362091064453
C2,133,0.7115155855647924,33.8,23.7,15,18.479999542236328,280.0,1.0,50,2.0,144.021728515625
C2,134,0.7823523082488629,33.300000000000004,23.3,15,17.253334045410156,250.0,1.0,30,2.0,141.21302795410156
C2,135,0.7624893904654205,33.2,23.2,15,10.133333206176758,151.0,1.0,30,1.0,140.19448852539062
C2,136,0.631988252562935,33.6,23.400000000000002,15,18.53333282470703,280.0,1.0,70,2.0,139.58335876464844
C2,137,0.4960103344322341,38.0,25.3,9,15.946666717529297,242.0,1.0,30,2.0,138.683349609375
C2,138,0.5248980241440341,38.699999999999996,26.4,9,14.977777481079102,138.0,1.0,90,1.0,136.41000366210938
C2,139,0.6684045659063268,39.1,26.700000000000003,9,39.77777862548828,378.0,1.0,70,3.0,133.17933654785156
C2,140,0.5490043491328863,39.800000000000004,27.3,9,30.44444465637207,270.0,1.0,90,2.0,133.10760498046875
C2,141,0.5194578711585771,38.9,26.200000000000003,14,47.0,453.0,1.0,30,3.0,134.7978973388672
C2,142,0.7406321445966834,33.8,23.599999999999998,14,25.628570556640625,354.0,1.0,50,3.0,134.7454071044922
C2,143,0.7840547681439546,33.6,23.599999999999998,14,19.257143020629883,264.0,1.0,30,2.0,134.31390380859375
C2,144,0.6624745263344133,33.8,23.599999999999998,14,26.91428565979004,381.0,1.0,70,3.0,130.85501098632812
C2,145,0.7550045326797622,33.6,23.7,14,9.028571128845215,135.0,1.0,30,1.0,131.0463409423828
C2,146,0.7530334908574948,34.0,24.1,14,9.514286041259766,138.0,1.0,30,1.0,131.9611358642578
C2,147,0.7506312869438624,33.8,23.7,14,28.314285278320312,396.0,1.0,50,3.0,133.1766815185547
C2,148,0.7853928117870081,33.2,23.0,14,18.171428680419922,279.0,1.0,30,3.0,128.30601501464844
C2,149,0.7067023279165514,18.0,17.6,14,0.7428571581840515,48.0,1.0,70,3.0,109.11693572998047
C2,150,0.6729609142452597,33.300000000000004,23.400000000000002,14,8.342857360839844,108.0,1.0,50,1.0,94.40349578857422
C2,151,0.7683818992954147,19.0,18.1,14,1.7142857313156128,87.0,1.0,50,3.0,77.04209899902344
C2,152,0.8521176220710622,18.2,18.1,14,1.8571428060531616,84.0,1.0,30,3.0,68.22525787353516
C2,153,0.5788333333333334,35.4,25.1,9,28.44444465637207,318.0,1.0,30,3.0,62.668487548828125
C2,154,0.7449166666666667,39.1,26.5,9,48.0444450378418,444.0,1.0,50,3.0,75.20109558105469
C2,155,0.5592015933336756,38.800000000000004,26.8,9,10.800000190734863,100.0,1.0,70,1.0,92.3206558227539
C2,156,0.7440000000000001,39.199999999999996,26.700000000000003,9,43.599998474121094,417.0,1.0,50,3.0,106.99239349365234
C2,157,0.6078496948063175,39.0,26.599999999999998,9,45.20000076293945,435.0,1.0,90,3.0,115.39543914794922
C2,158,0.6410258181361403,39.9,26.8,9,15.066666603088379,140.0,1.0,50,1.0,125.77059173583984
C2,159,0.6927915509759742,39.1,26.8,9,25.822221755981445,248.0,1.0,50,2.0,129.99569702148438
C2,160,0.5408868237587082,39.1,27.099999999999998,9,24.933332443237305,236.0,1.0,90,2.0,128.9307403564453
C2,161,0.527155146158558,38.5,26.3,9,15.244444847106934,138.0,1.0,90,1.0,128.02511596679688
C2,162,0.7458333333333333,39.0,26.700000000000003,9,46.13333511352539,438.0,1.0,50,3.0,130.41506958007812
C2,163,0.5824084294893778,39.199999999999996,26.700000000000003,9,39.022220611572266,375.0,1.0,90,3.0,132.78237915039062
C2,164,0.5952538555705643,38.5,25.6,12,10.533333778381348,122.0,1.0,30,1.0,132.06942749023438
C2,165,0.7470872628953933,35.1,24.5,12,30.733333587646484,393.0,1.0,50,3.0,129.6416473388672
C2,166,0.7674166666666666,34.9,24.299999999999997,14,32.74285888671875,408.0,1.0,30,3.0,129.6516571044922
C2,167,0.6700170670731822,34.3,24.5,14,9.828571319580078,137.0,1.0,50,1.0,131.6576690673828
C2,168,0.6634886101994685,33.6,23.599999999999998,14,26.714284896850586,384.0,1.0,70,3.0,132.4612579345703
C2,169,0.642102847754422,33.4,23.3,14,20.799999237060547,288.0,1.0,70,2.0,134.0100860595703
C2,170,0.7925833333333334,33.9,23.900000000000002,14,31.485713958740234,441.0,1.0,30,3.0,136.27272033691406
C2,171,0.6017340778430699,33.9,23.7,14,9.971428871154785,138.0,1.0,70,1.0,138.96363830566406
C2,172,0.5784628145942862,33.7,23.900000000000002,14,19.399999618530273,284.0,1.0,90,2.0,140.31150817871094
C2,173,0.5994445372574725,33.2,23.2,14,26.742856979370117,381.0,1.0,90,3.0,138.4535675048828
C2,174,0.5786168046819038,33.6,23.599999999999998,14,19.0,262.0,1.0,90,2.0,136.4054718017578
C2,175,0.5054389150999431,34.4,24.1,8,28.399999618530273,390.0,1.0,50,3.0,133.5766143798828
C2,176,0.5288050586280582,43.5,28.8,8,14.899999618530273,128.0,1.0,70,1.0,132.01263427734375
C2,177,0.5359534695566079,43.1,28.2,8,15.949999809265137,125.0,1.0,70,1.0,130.2742462158203
C2,178,0.5969256722639463,39.800000000000004,27.3,8,44.29999923706055,360.0,1.0,90,3.0,127.89788055419922
C2,179,0.5567426890591738,40.099999999999994,27.2,8,13.899999618530273,119.0,1.0,70,1.0,125.27206420898438
C2,180,0.40063279976904603,43.2,28.400000000000002,5,31.399999618530273,248.0,1.0,90,2.0,123.56324005126953
C2,181,-0.2385576268649373,71.2,35.0,16,108.13333129882812,1174.0,1.0,70,2.0,184.8046112060547
C2,182,0.06436863926054623,31.9,21.0,34,13.247058868408203,431.0,1.0,30,1.0,263.1494445800781
C2,183,0.681151998364384,22.8,18.700000000000003,34,0.800000011920929,41.0,1.0,70,1.0,299.08966064453125
C2,184,0.8463845322791665,18.0,17.6,34,0.47058823704719543,28.0,1.0,30,2.0,244.25379943847656
C2,185,0.8471681113877806,17.9,17.6,34,0.658823549747467,60.0,1.0,30,3.0,156.55227661132812
C2,186,0.7302843445488437,28.9,20.400000000000002,34,12.364706039428711,396.0,1.0,50,3.0,116.064697265625
C2,187,-0.3727489481454176,33.099999999999994,22.5,9,15.84000015258789,252.0,1.0,70,2.0,106.70549011230469
C2,188,0.43101000866160666,50.0,17.9,9,0.4000000059604645,3.0,1.0,70,1.0,98.82329559326172
C2,189,0.7094201817316932,18.1,18.2,9,2.0444445610046387,63.0,1.0,70,3.0,79.29397583007812
C2,190,0.7623430186588838,33.0,22.700000000000003,9,9.55555534362793,156.0,1.0,30,3.0,57.709716796875
C2,191,0.6264258329899635,32.300000000000004,20.7,6,3.5999999046325684,96.0,1.0,30,3.0,48.625831604003906
C2,192,0.6460603768016857,19.5,18.0,3,1.100000023841858,24.0,1.0,50,3.0,41.44216537475586
C2,193,0.249825,93.7,47.7,3,92.26667022705078,315.0,1.0,90,3.0,44.198631286621094
C2,194,0.5314166666666666,49.3,33.8,6,48.86666488647461,312.0,1.0,50,3.0,55.4525146484375
C2,195,0.6867569239884147,18.599999999999998,17.8,10,0.5600000023841858,22.0,1.0,30,2.0,62.60483932495117
C2,196,0.7654807110077543,32.4,21.6,10,8.880000114440918,174.0,1.0,30,3.0,60.62957000732422
C2,197,0.5867389196711038,38.5,25.8,10,38.439998626708984,393.0,1.0,90,3.0,63.044410705566406
C2,198,0.629276753897447,34.5,24.2,13,9.753846168518066,124.0,1.0,30,1.0,79.55998229980469
C2,199,0.7085409083865278,18.4,18.1,13,1.6307692527770996,84.0,1.0,70,3.0,85.46932220458984
C2,200,0.7060717413302073,18.0,17.6,13,0.4307692348957062,11.0,1.0,70,1.0,73.01492309570312
C2,201,0.7729498727309119,34.7,24.400000000000002,13,18.769229888916016,242.0,1.0,30,2.0,65.14228820800781
C2,202,0.582340501966204,33.6,23.8,13,20.89230728149414,266.0,1.0,90,2.0,74.41870880126953
C2,203,0.547217274286418,22.700000000000003,18.700000000000003,8,2.6500000953674316,75.0,1.0,50,3.0,81.85122680664062
C2,204,0.6857965760020072,28.9,19.5,8,1.4500000476837158,50.0,1.0,50,2.0,73.51073455810547
C2,205,0.5651992477993281,39.800000000000004,27.900000000000002,8,15.649999618530273,127.0,1.0,70,1.0,67.7064437866211
C2,206,0.6939536966470949,41.300000000000004,28.5,6,37.650001525878906,309.0,1.0,50,3.0,74.62386322021484
C2,207,0.7550113385096838,28.8,20.1,8,1.75,35.0,1.0,30,1.0,80.10765075683594
C2,208,0.5615723682632913,43.7,28.299999999999997,8,24.399999618530273,200.0,1.0,70,2.0,79.79792785644531
C2,209,0.8477547725551173,18.0,17.6,8,0.800000011920929,32.0,1.0,30,2.0,68.0120849609375
C2,210,0.7208379093849181,35.8,25.5,8,25.25,255.0,1.0,50,3.0,67.60725402832031
C2,211,0.699443893023322,38.9,25.7,8,27.100000381469727,255.0,1.0,50,3.0,65.36434936523438
C2,212,0.5426500019696006,43.8,29.1,7,41.82857131958008,309.0,1.0,90,3.0,75.61861419677734
C2,213,0.7000000000000001,44.0,29.3,7,52.0,381.0,1.0,50,3.0,87.37117004394531
C2,214,0.5770750368303526,29.0,20.299999999999997,12,3.700000047683716,88.0,1.0,30,2.0,88.9560317993164
C2,215,0.7103980715057301,28.7,20.2,12,7.199999809265137,156.0,1.0,50,3.0,83.1069564819336
C2,216,0.6218543279901879,35.8,25.1,12,21.266666412353516,254.0,1.0,70,2.0,79.59750366210938
C2,217,0.6926673558947312,32.0,21.2,12,10.199999809265137,204.0,1.0,50,3.0,80.69183349609375
C2,218,0.669381183222402,32.2,22.0,12,5.0,79.0,1.0,50,1.0,84.94843292236328
C2,219,0.4867379287561146,18.0,17.6,5,1.2799999713897705,39.0,1.0,50,3.0,72.3023910522461
C2,220,0.5964452993303428,42.7,28.6,5,30.639999389648438,225.0,1.0,70,3.0,65.64810180664062
C2,221,0.6516666666666667,48.4,32.599999999999994,6,55.119998931884766,321.0,1.0,50,3.0,65.38886260986328
C2,222,0.7433206546700903,23.5,19.0,6,3.5333333015441895,87.0,1.0,50,3.0,67.36665344238281
C2,223,0.7644385924123176,19.5,17.8,6,0.6666666865348816,14.0,1.0,50,1.0,60.41999053955078
C2,224,0.8485843284339895,18.0,17.6,6,1.0,27.0,1.0,30,3.0,43.185325622558594
C2,225,0.847200726943179,18.700000000000003,17.8,6,0.6666666865348816,18.0,1.0,30,2.0,30.17786407470703
C2,226,0.6462460064551533,23.900000000000002,19.3,6,2.866666555404663,66.0,1.0,90,3.0,23.440052032470703
C2,227,0.5694704801128012,18.2,17.8,1,2.0,21.0,1.0,50,3.0,19.13069725036621
C2,228,0.5760615300280377,50.0,18.0,1,1.600000023841858,7.0,1.0,30,1.0,16.278417587280273
C2,229,0.6822774582840988,18.2,17.7,1,3.200000047683716,26.0,1.0,90,2.0,13.367051124572754
C2,230,0.43181866503105076,50.0,17.7,1,0.800000011920929,6.0,1.0,70,2.0,11.086896896362305
C2,231,0.7101875370135838,18.3,17.8,1,2.4000000953674316,18.0,1.0,70,1.0,11.185471534729004
C2,232,0.8591758329899635,18.1,17.6,1,3.5999999046325684,28.0,1.0,30,2.0,11.377949714660645
C2,233,0.7084760865278696,17.9,17.6,1,1.600000023841858,12.0,1.0,70,2.0,11.893436431884766
C2,234,0.49143651533961924,50.0,17.7,1,1.2000000476837158,8.0,1.0,50,1.0,10.86939525604248
C2,235,0.7076406626870005,18.2,17.9,1,1.2000000476837158,10.0,1.0,70,1.0,9.721636772155762
C2,236,0.8654774278277694,18.2,17.8,1,5.199999809265137,45.0,1.0,30,3.0,10.232982635498047
C2,237,0.40566838741470695,50.0,17.7,1,1.2000000476837158,8.0,1.0,90,1.0,10.539789199829102
C2,238,0.8494120147012151,17.7,17.5,1,1.2000000476837158,10.0,1.0,30,1.0,10.72387409210205
C2,239,0.48993618398316685,50.0,17.8,1,0.800000011920929,4.0,1.0,50,1.0,9.367657661437988
C2,240,0.40566838741470695,50.0,17.6,1,1.2000000476837158,6.0,1.0,90,1.0,8.287261009216309
C2,241,-0.4687434503164644,231.9,93.7,6,74.93333435058594,293.0,1.0,30,1.0,45.37235641479492
C2,242,-0.12021658676389808,78.60000000000001,37.900000000000006,12,143.8333282470703,3600.0,1.0,90,3.0,249.89007568359375
C2,243,0.08375434776818065,18.700000000000003,17.9,29,0.48275861144065857,18.0,1.0,50,3.0,372.6007080078125
C2,244,0.706176226542655,18.5,17.9,29,0.48275861144065857,36.0,1.0,70,3.0,408.76043701171875
C2,245,0.40507640868882416,50.0,17.5,29,0.4000000059604645,4.0,1.0,90,1.0,248.18959045410156
C2,246,0.8480410336055406,18.1,17.7,29,0.8689655065536499,75.0,1.0,30,3.0,154.3804168701172
C2,247,0.6350327398256828,29.2,20.7,29,6.317241191864014,186.0,1.0,70,2.0,108.8949203491211
C2,248,-0.18109924024270888,38.0,25.0,6,17.100000381469727,243.0,1.0,30,3.0,91.87028503417969
C2,249,0.706278083851657,18.0,17.7,6,0.5333333611488342,11.0,1.0,70,1.0,79.7888412475586
C2,250,0.6883575502657828,28.6,20.0,6,1.399999976158142,27.0,1.0,50,1.0,63.739967346191406
C2,251,0.75488729648747,32.4,21.0,6,6.0,99.0,1.0,30,3.0,47.71064758300781
C2,252,0.8477547725551173,18.0,17.6,6,0.800000011920929,24.0,1.0,30,2.0,38.22638702392578
C2,253,0.6326723129589747,32.599999999999994,22.4,3,5.900000095367432,70.0,1.0,30,2.0,33.602500915527344
C2,254,0.8422377688575918,18.1,17.7,2,1.399999976158142,24.0,1.0,30,3.0,27.49483299255371
C2,255,0.5043440644564131,43.0,28.1,2,4.599999904632568,30.0,1.0,70,1.0,26.230234146118164
C2,256,0.349325,51.7,35.3,4,32.099998474121094,204.0,1.0,30,3.0,29.87147331237793
C2,257,0.6759608844644314,24.1,19.7,4,3.9000000953674316,72.0,1.0,70,3.0,34.189552307128906
C2,258,0.7645628712383057,18.2,17.7,4,0.699999988079071,10.0,1.0,50,2.0,33.44706344604492
C2,259,0.644642360531217,39.1,26.200000000000003,4,14.199999809265137,106.0,1.0,50,2.0,31.001571655273438
C2,260,0.6567680141485568,32.800000000000004,22.9,4,3.200000047683716,38.0,1.0,50,1.0,31.400943756103516
C2,261,0.2626265635817101,51.9,34.8,2,17.5,89.0,1.0,50,1.0,42.8405647277832
C2,262,0.7582722484332765,33.0,24.299999999999997,2,8.399999618530273,78.0,1.0,30,3.0,46.104339599609375
C2,263,0.07891979925978457,86.5,42.2,6,48.099998474121094,246.0,1.0,30,3.0,53.92927169799805
C2,264,0.66175,47.300000000000004,31.7,7,57.599998474121094,354.0,1.0,50,3.0,62.49089431762695
C2,265,0.6854029546721447,43.6,29.6,7,56.228572845458984,435.0,1.0,70,3.0,83.49453735351562
C2,266,0.5028156829563168,44.0,29.4,7,27.657142639160156,208.0,1.0,90,2.0,99.0300521850586
C2,267,0.7617071917826599,32.4,21.7,7,7.828571319580078,129.0,1.0,30,3.0,98.35136413574219
C2,268,0.6990833333333334,44.1,29.6,7,42.28571319580078,309.0,1.0,50,3.0,92.34415435791016
C2,269,0.8056662707755965,24.400000000000002,19.5,9,4.311110973358154,111.0,1.0,30,3.0,79.8064956665039
C2,270,0.7044381136163461,26.8,19.2,9,1.288888931274414,30.0,1.0,50,1.0,70.5505599975586
C2,271,0.6163251030329755,35.5,25.4,9,19.0222225189209,186.0,1.0,70,2.0,63.66366958618164
C2,272,0.7640747656023851,20.7,18.5,9,2.2666666507720947,81.0,1.0,50,3.0,58.198204040527344
C2,273,0.5165063146640643,39.4,27.2,9,13.688888549804688,121.0,1.0,90,1.0,67.05225372314453
C2,274,0.031163325294095108,72.0,38.1,3,29.600000381469727,107.0,1.0,50,1.0,74.23135375976562
C2,275,0.5998351709440496,32.599999999999994,20.8,3,4.666666507720947,63.0,1.0,70,3.0,77.73881530761719
C2,276,0.47904266343409757,42.8,29.4,3,8.933333396911621,56.0,1.0,90,1.0,71.17662048339844
C2,277,0.013255200318684872,85.6,42.7,7,65.46666717529297,226.0,1.0,30,2.0,68.039306640625
C2,278,0.4720274856996979,44.699999999999996,30.099999999999998,7,16.285715103149414,115.0,1.0,90,1.0,78.69024658203125
C2,279,0.8477547725551173,18.1,17.7,7,0.800000011920929,32.0,1.0,30,2.0,79.74748229980469
C2,280,0.7009166666666666,43.9,29.5,7,32.79999923706055,238.0,1.0,30,2.0,81.18182373046875
C2,281,0.6873071491146305,33.099999999999994,22.599999999999998,7,11.314285278320312,153.0,1.0,50,3.0,73.50909423828125
C2,282,0.5665153347221732,33.099999999999994,22.599999999999998,7,7.657142639160156,102.0,1.0,90,2.0,73.5721206665039
C2,283,0.7072867388782689,18.0,17.7,7,1.0285714864730835,36.0,1.0,70,3.0,59.3432731628418
C2,284,0.7061247174940327,17.8,17.6,7,0.4571428596973419,12.0,1.0,70,3.0,44.53929901123047
C2,285,0.8305665713007887,17.8,17.6,5,0.5142857432365417,10.0,1.0,30,2.0,29.523578643798828
C2,286,0.6910615300280377,18.3,17.7,1,1.600000023841858,28.0,1.0,30,2.0,20.780813217163086
C2,287,0.711953628307409,18.1,17.8,1,3.200000047683716,24.0,1.0,70,3.0,16.06848907470703
C2,288,0.8510615300280377,20.0,18.0,1,1.600000023841858,14.0,1.0,30,2.0,13.507760047912598
C2,289,0.8591758329899635,18.2,17.9,1,3.5999999046325684,26.0,1.0,30,2.0,11.83798885345459
C2,290,0.5727547725551173,50.0,17.8,1,0.800000011920929,4.0,1.0,30,2.0,10.036127090454102
C2,291,0.718572664696372,18.2,17.9,1,6.0,51.0,1.0,70,3.0,10.288342475891113
C2,292,0.6806683874147069,18.0,17.7,1,1.2000000476837158,10.0,1.0,90,1.0,10.039671897888184
C2,293,0.6812893625812153,18.599999999999998,17.9,1,2.0,11.0,1.0,90,1.0,11.090470314025879
C2,294,0.12651036555544154,120.5,57.9,3,49.0,158.0,1.0,30,2.0,19.98761558532715
C2,295,0.22103173445067603,92.5,48.4,3,31.46666717529297,106.0,1.0,50,1.0,38.12590408325195
C2,296,0.18989801304462103,60.199999999999996,39.4,3,41.599998474121094,170.0,1.0,90,2.0,58.87554168701172
C2,297,0.7480270790383177,32.4,21.6,4,6.300000190734863,76.0,1.0,30,2.0,65.85865783691406
C2,298,0.5404235848881769,39.300000000000004,25.4,4,5.5,44.0,1.0,70,1.0,61.7818603515625
C2,299,0.20759155663806864,54.6,36.3,7,47.79999923706055,216.0,1.0,30,2.0,62.40245056152344
C2,300,0.6627018990871509,44.1,29.4,7,50.17142868041992,381.0,1.0,70,3.0,74.64147186279297
C2,301,0.5634272749569063,33.8,23.900000000000002,12,12.100000381469727,166.0,1.0,30,2.0,87.18488311767578
C2,302,0.7439547369242998,32.7,21.4,12,3.9000000953674316,68.0,1.0,30,1.0,89.37759399414062
C2,303,0.5959690164584323,34.6,24.8,12,30.200000762939453,363.0,1.0,90,3.0,89.89322662353516
C2,304,0.6819490269396311,33.2,22.4,12,10.266666412353516,195.0,1.0,50,3.0,87.80260467529297
C2,305,0.7559781378872549,32.800000000000004,21.9,12,7.266666889190674,134.0,1.0,30,2.0,86.4148941040039
C2,306,0.6043764222209251,33.9,23.900000000000002,8,12.699999809265137,142.0,1.0,30,2.0,78.91560363769531
C2,307,0.6381650694108206,43.0,28.5,8,41.099998474121094,345.0,1.0,70,3.0,81.08269500732422
C2,308,0.5939981292267332,32.5,20.400000000000002,8,1.649999976158142,31.0,1.0,70,1.0,77.58294677734375
C2,309,0.7024171409722626,23.8,19.099999999999998,5,3.119999885559082,69.0,1.0,30,3.0,69.0831069946289
C2,310,0.6583124505393168,38.6,26.599999999999998,5,16.31999969482422,136.0,1.0,50,2.0,57.716529846191406
C2,311,0.45701813584887857,47.9,31.6,9,52.880001068115234,302.0,1.0,30,2.0,66.8965835571289
C2,312,0.7568296771715304,34.1,24.6,11,16.363636016845703,194.0,1.0,30,2.0,82.27128601074219
C2,313,0.6801819305849983,18.0,17.7,11,0.5454545617103577,14.0,1.0,90,2.0,83.3627700805664
C2,314,0.6511164880601849,23.2,18.599999999999998,11,0.9090909361839294,28.0,1.0,90,1.0,67.61766052246094
C2,315,0.6615833333333334,35.1,24.9,14,32.68571472167969,426.0,1.0,30,2.0,73.63726043701172
C2,316,-0.5564166666666668,32.7,22.599999999999998,48,39.63333511352539,1626.0,1.0,30,2.0,184.7156982421875
C2,317,0.6462161596718601,18.700000000000003,17.9,53,0.43018868565559387,12.0,1.0,30,2.0,248.42941284179688
C2,318,0.6580503973554643,26.200000000000003,19.900000000000002,53,4.475471496582031,216.0,1.0,70,2.0,272.65765380859375
C2,319,0.84465827219778,20.8,18.700000000000003,53,1.8264150619506836,124.0,1.0,30,2.0,187.06124877929688
C2,320,0.8467506402217472,17.9,17.6,53,0.5584905743598938,46.0,1.0,30,2.0,137.9700927734375
C2,321,0.6312497603125437,25.5,19.900000000000002,53,2.4679245948791504,114.0,1.0,90,1.0,109.31538391113281
C2,322,-1.1215368938887893,35.2,24.7,8,13.75,116.0,1.0,50,1.0,99.32256317138672
C2,323,0.5619302128955876,33.300000000000004,22.700000000000003,8,4.949999809265137,67.0,1.0,90,1.0,99.19354248046875
C2,324,0.3691791910640906,38.1,25.1,3,12.0,96.0,1.0,70,2.0,90.31612396240234
C2,325,0.05550183415709377,96.4,48.599999999999994,3,31.33333396911621,108.0,1.0,90,1.0,83.92300415039062
C2,326,0.16820000000000002,65.19999999999999,36.8,7,38.05714416503906,262.0,1.0,30,2.0,88.62046813964844
C2,327,0.5904895729161476,44.3,29.6,7,32.68571472167969,238.0,1.0,70,2.0,100.9056167602539
C2,328,0.6935833333333333,44.699999999999996,30.200000000000003,7,30.628570556640625,232.0,1.0,30,2.0,109.34336853027344
C2,329,0.5294156501159191,44.3,30.3,7,17.257143020629883,118.0,1.0,70,1.0,112.67269134521484
C2,330,0.5998482203665711,44.0,29.5,7,34.228572845458984,248.0,1.0,70,2.0,115.33694458007812
C2,331,0.5830833333333333,39.300000000000004,26.9,11,31.527273178100586,318.0,1.0,30,2.0,122.66883087158203
C2,332,0.6524292222225714,37.8,25.3,11,33.23636245727539,369.0,1.0,70,3.0,127.73463439941406
C2,333,0.6548925552543354,36.6,25.3,11,11.236363410949707,122.0,1.0,50,1.0,130.5074462890625
C2,334,0.7641666666666668,37.0,25.1,11,21.527273178100586,232.0,1.0,30,2.0,126.43780517578125
C2,335,0.6081723802647446,37.400000000000006,25.0,11,21.527273178100586,238.0,1.0,70,2.0,123.46268463134766
C2,336,0.7570833333333333,36.900000000000006,25.0,10,24.10909080505371,280.0,1.0,30,2.0,124.07760620117188
C2,337,0.7458333333333333,39.0,26.200000000000003,10,25.639999389648438,260.0,1.0,30,2.0,126.313232421875
C2,338,0.6962857208017897,37.699999999999996,25.9,10,23.440000534057617,238.0,1.0,50,2.0,127.65460205078125
C2,339,0.7485833333333334,38.699999999999996,26.1,10,23.520000457763672,242.0,1.0,30,2.0,125.92609405517578
C2,340,0.74675,38.9,26.5,10,27.84000015258789,266.0,1.0,30,2.0,125.28899383544922
C2,341,0.5567136148808742,38.800000000000004,26.3,9,12.640000343322754,127.0,1.0,70,1.0,125.97339630126953
C2,342,0.7458333333333333,39.0,27.0,9,28.577777862548828,258.0,1.0,30,2.0,127.4507064819336
C2,343,0.5529777457244144,40.0,27.7,9,32.400001525878906,288.0,1.0,90,2.0,129.8037567138672
C2,344,0.5558614298738921,40.2,27.7,9,13.911110877990723,125.0,1.0,70,1.0,130.94891357421875
C2,345,0.5511666510394315,39.1,27.0,9,28.933332443237305,258.0,1.0,90,2.0,131.63601684570312
C2,346,0.6470703835686907,38.699999999999996,26.5,9,13.911110877990723,126.0,1.0,50,1.0,129.64828491210938
C2,347,0.73325,39.5,27.5,8,23.377777099609375,222.0,1.0,30,2.0,126.5889663696289
C2,348,0.6240000000000001,39.199999999999996,26.5,11,36.79999923706055,366.0,1.0,30,3.0,123.8200454711914
C2,349,0.5793378984162951,37.900000000000006,25.4,11,34.654544830322266,399.0,1.0,90,3.0,123.09202575683594
C2,350,0.7701666666666668,34.6,24.8,13,20.738462448120117,262.0,1.0,30,2.0,125.32188415527344
C2,351,0.5819211153837054,34.0,24.2,13,22.430768966674805,280.0,1.0,90,2.0,129.05979919433594
C2,352,0.7803477596034251,34.1,24.1,13,19.69230842590332,254.0,1.0,30,2.0,130.50254821777344
C2,353,0.7538224599428709,34.3,24.400000000000002,13,10.55384635925293,130.0,1.0,30,1.0,131.23486328125
C2,354,0.6796187822247926,33.9,24.0,13,31.230770111083984,399.0,1.0,70,3.0,130.7409210205078
C2,355,0.44595161905877434,37.8,25.3,10,9.960000038146973,105.0,1.0,70,1.0,127.51121520996094
C2,356,0.7430833333333333,39.300000000000004,26.4,10,25.479999542236328,264.0,1.0,30,2.0,125.8400650024414
C2,357,0.7670938287769886,28.9,20.5,9,2.9777777194976807,70.0,1.0,30,2.0,111.77070617675781
C2,358,0.7620357168110341,33.7,23.7,9,11.377778053283691,140.0,1.0,30,2.0,98.66242218017578
C2,359,0.6777578442484458,23.2,18.700000000000003,9,0.9333333373069763,22.0,1.0,70,1.0,76.13079071044922
C2,360,0.7394166666666667,39.699999999999996,27.3,9,21.46666717529297,202.0,1.0,30,2.0,71.41180419921875
C2,361,-0.10916879223737293,46.9,27.099999999999998,25,95.95555877685547,1534.0,1.0,50,2.0,161.5137481689453
C2,362,0.7712978959528861,32.099999999999994,21.3,25,49.7599983215332,1239.0,1.0,70,3.0,267.708251953125
C2,363,0.6937834959590591,32.0,21.4,25,10.46399974822998,252.0,1.0,50,2.0,334.7582702636719
C2,364,0.5775862484159275,32.300000000000004,21.3,25,10.800000190734863,262.0,1.0,90,2.0,290.18829345703125
C2,365,0.6966327554653738,32.0,21.3,25,11.13599967956543,270.0,1.0,50,2.0,226.37965393066406
C2,366,0.7655349622186837,18.0,17.7,25,0.9599999785423279,87.0,1.0,50,3.0,175.16111755371094
C2,367,0.6843488895884862,31.7,21.0,25,7.552000045776367,198.0,1.0,50,2.0,140.16334533691406
C2,368,-0.02713799874183548,23.8,19.2,6,1.5333333015441895,48.0,1.0,50,2.0,104.36466979980469
C2,369,0.6023192925857085,33.6,24.0,6,9.199999809265137,106.0,1.0,70,2.0,86.0854721069336
C2,370,0.670427592725177,33.4,23.400000000000002,5,9.866666793823242,118.0,1.0,50,2.0,69.78461456298828
C2,371,0.6300271760435242,48.2,32.599999999999994,4,14.300000190734863,80.0,1.0,30,1.0,67.47077178955078
C2,372,0.6802217409698424,18.0,17.8,4,0.6000000238418579,14.0,1.0,90,1.0,60.88246154785156
C2,373,0.6504037048449167,32.7,22.4,2,5.400000095367432,42.0,1.0,50,2.0,51.86280822753906
C2,374,0.12473540501190244,112.4,60.3,3,97.5999984741211,242.0,1.0,70,2.0,51.917686462402344
C2,375,0.5862354246167638,38.800000000000004,26.5,3,19.066667556762695,132.0,1.0,70,3.0,55.95061111450195
C2,376,0.003949135629100875,64.19999999999999,37.199999999999996,9,62.70000076293945,282.0,1.0,30,3.0,68.10369873046875
C2,377,0.5267220107763619,38.3,26.200000000000003,9,13.777777671813965,126.0,1.0,90,1.0,76.06221771240234
C2,378,0.5599390142358888,39.300000000000004,26.8,9,12.577777862548828,119.0,1.0,70,1.0,90.83733367919922
C2,379,0.6301226050071566,34.1,23.900000000000002,9,19.288888931274414,234.0,1.0,70,3.0,97.5690689086914
C2,380,0.5662479559798833,34.5,24.400000000000002,9,16.711111068725586,178.0,1.0,90,2.0,96.67477416992188
C2,381,0.4045223475692221,38.800000000000004,26.700000000000003,5,12.577777862548828,111.0,1.0,70,1.0,95.071533203125
C2,382,0.30595509156525713,62.6,38.5,3,58.266666412353516,252.0,1.0,70,3.0,94.90958404541016
C2,383,0.7536435411070918,20.400000000000002,17.8,4,0.8999999761581421,18.0,1.0,50,2.0,84.145751953125
C2,384,0.2872108904435573,70.4,40.0,4,53.20000076293945,238.0,1.0,70,2.0,78.75411987304688
C2,385,0.5084286567852344,43.4,27.7,4,7.699999809265137,57.0,1.0,70,1.0,71.91913604736328
C2,386,0.2567797398559519,50.2,34.3,4,31.299999237060547,170.0,1.0,70,2.0,77.95148468017578
C2,387,0.7592181153238579,33.099999999999994,22.8,5,11.279999732971191,138.0,1.0,30,3.0,71.83755493164062
C2,388,0.6715833333333333,47.1,31.7,5,30.719999313354492,182.0,1.0,30,2.0,72.70252990722656
C2,389,0.369725,50.1,35.3,5,20.559999465942383,112.0,1.0,30,1.0,76.82151794433594
C2,390,0.28431157730754736,45.8,31.2,12,70.23999786376953,381.0,1.0,30,3.0,90.09291076660156
C2,391,0.7784166666666666,33.7,23.8,14,28.428571701049805,399.0,1.0,30,3.0,103.65574645996094
C2,392,0.7944166666666667,33.7,23.900000000000002,14,24.257143020629883,336.0,1.0,30,3.0,111.79344940185547
C2,393,0.48855320442921313,50.0,17.4,14,0.4285714328289032,8.0,1.0,50,1.0,100.80940246582031
C2,394,0.7779564806969921,29.8,21.0,14,5.800000190734863,124.0,1.0,30,2.0,84.75231170654297
C2,395,0.6088535255682566,28.1,19.8,14,4.142857074737549,126.0,1.0,90,3.0,65.78472137451172
C2,396,0.6630700476927722,22.0,18.700000000000003,14,2.142857074737549,78.0,1.0,90,2.0,58.537498474121094
C2,397,0.5698251368493962,17.9,17.7,7,1.2999999523162842,58.0,1.0,30,2.0,49.78916549682617
C2,398,0.6187969891543269,29.0,20.1,3,4.133333206176758,56.0,1.0,30,2.0,42.673500061035156
C2,399,0.6825686650310507,20.9,17.9,1,0.800000011920929,14.0,1.0,70,1.0,35.07076644897461
C2,400,0.07396363677420706,135.3,73.1,3,92.4000015258789,264.0,1.0,70,3.0,38.37579345703125
C2,401,0.259975,87.1,44.8,4,73.0999984741211,296.0,1.0,70,2.0,56.35881042480469
C2,402,0.18967310601076215,72.6,39.800000000000004,4,30.0,137.0,1.0,70,1.0,83.54862213134766
C2,403,0.24917500000000004,50.3,34.9,7,39.88571548461914,242.0,1.0,30,2.0,104.26250457763672
C2,404,0.6564861578950063,44.5,30.0,7,49.42856979370117,369.0,1.0,70,3.0,113.35750579833984
C2,405,0.5204445101821817,37.699999999999996,25.8,12,9.899999618530273,123.0,1.0,30,1.0,116.94783782958984
C2,406,0.7128663346667461,34.7,24.8,12,20.766666412353516,256.0,1.0,50,2.0,120.03536987304688
C2,407,0.7686736982497527,34.6,24.5,12,16.53333282470703,208.0,1.0,30,2.0,119.35455322265625
C2,408,0.7925833333333334,33.9,24.5,12,21.100000381469727,260.0,1.0,30,2.0,119.87940216064453
C2,409,0.7889166666666667,34.3,24.5,12,21.733333587646484,266.0,1.0,30,2.0,120.86096954345703
C2,410,0.5320348022264842,38.199999999999996,26.1,9,14.0,131.0,1.0,50,1.0,125.04991912841797
C2,411,0.7449166666666667,39.1,27.400000000000002,9,26.488889694213867,238.0,1.0,30,2.0,126.09661865234375
C2,412,0.7366666666666667,40.0,27.2,9,24.488889694213867,228.0,1.0,30,2.0,124.1913070678711
C2,413,0.7430833333333333,39.300000000000004,26.8,9,29.77777862548828,270.0,1.0,30,2.0,123.58145141601562
C2,414,0.7008598139661145,39.0,26.700000000000003,9,47.733333587646484,435.0,1.0,70,3.0,126.68220520019531
C2,415,0.6683288635598923,38.699999999999996,26.599999999999998,9,38.88888931274414,369.0,1.0,70,3.0,129.74266052246094
C2,416,0.6417609236512772,39.300000000000004,26.599999999999998,9,13.95555591583252,124.0,1.0,50,1.0,130.1122589111328
C2,417,0.6434949878548957,27.599999999999998,19.599999999999998,9,3.7333333492279053,108.0,1.0,70,3.0,115.80068969726562
C2,418,0.7584641064197831,32.5,21.8,8,9.422222137451172,162.0,1.0,30,3.0,98.01374816894531
C2,419,0.6786488588710868,23.3,19.099999999999998,8,1.7999999523162842,75.0,1.0,70,3.0,74.1415786743164
C2,420,0.6149726557402111,32.7,22.4,8,10.75,171.0,1.0,70,3.0,62.618282318115234
C2,421,0.143875,59.5,36.1,3,61.599998474121094,285.0,1.0,70,3.0,61.17097091674805
C2,422,0.5242506211079212,40.099999999999994,27.400000000000002,8,19.149999618530273,176.0,1.0,30,2.0,68.70258331298828
C2,423,0.6390480885702308,42.7,27.900000000000002,8,40.650001525878906,336.0,1.0,70,3.0,80.55488586425781
C2,424,0.5012382636821268,41.099999999999994,28.299999999999997,8,13.899999618530273,118.0,1.0,90,1.0,90.7329330444336
C2,425,0.6229150576540575,36.900000000000006,25.2,8,24.149999618530273,246.0,1.0,70,3.0,96.03975677490234
C2,426,0.6282895175659399,39.0,26.8,8,30.149999618530273,273.0,1.0,70,3.0,96.4238510131836
C2,427,0.44690619358716427,32.5,21.5,5,2.25,42.0,1.0,90,1.0,86.52098083496094
C2,428,0.5916108016704127,45.6,31.4,4,37.599998474121094,255.0,1.0,70,3.0,80.97925567626953
C2,429,0.341375,57.5,38.1,5,56.599998474121094,252.0,1.0,50,2.0,82.32088470458984
C2,430,0.5624198665482558,43.2,28.299999999999997,8,13.800000190734863,116.0,1.0,30,1.0,92.9925308227539
C2,431,0.7289166666666667,39.1,27.099999999999998,10,36.29999923706055,303.0,1.0,30,3.0,101.52885437011719
C2,432,0.7522500000000001,38.3,25.8,10,32.2400016784668,327.0,1.0,30,3.0,104.38397979736328
C2,433,0.6907879475096209,29.5,20.2,10,4.159999847412109,90.0,1.0,50,2.0,96.63038635253906
C2,434,0.5162621160367846,38.800000000000004,26.599999999999998,10,9.399999618530273,103.0,1.0,90,1.0,92.2448959350586
C2,435,0.6034386816535493,32.2,20.5,10,4.639999866485596,94.0,1.0,70,2.0,81.34693908691406
C2,436,0.6819058692752892,22.700000000000003,18.8,10,0.7200000286102295,22.0,1.0,70,1.0,71.74149322509766
C2,437,0.5119402723596995,33.2,23.400000000000002,7,17.479999542236328,228.0,1.0,70,3.0,62.378231048583984
C2,438,0.5477774764587076,33.8,24.1,3,17.600000381469727,129.0,1.0,50,3.0,56.2269401550293
C2,439,0.10255082727450696,81.5,41.7,6,76.4000015258789,303.0,1.0,50,3.0,63.069496154785156
C2,440,0.6862996650175811,40.099999999999994,27.400000000000002,8,11.050000190734863,92.0,1.0,30,1.0,69.30836486816406
C2,441,0.752866862434518,32.2,20.7,8,5.0,86.0,1.0,30,2.0,73.05168914794922
C2,442,0.7656849398620174,18.2,17.9,8,1.0,48.0,1.0,50,3.0,63.9643440246582
C2,443,0.8475470985856146,17.9,17.6,8,0.75,26.0,1.0,30,2.0,47.978607177734375
C2,444,0.6804058892463528,18.1,17.6,8,0.8500000238418579,28.0,1.0,90,2.0,34.5204963684082
C2,445,0.5860220763302455,27.7,19.599999999999998,3,2.9600000381469727,63.0,1.0,30,3.0,27.1122989654541
C2,446,0.8383353991895411,18.2,17.8,1,2.4000000953674316,38.0,1.0,30,2.0,23.467378616333008
C2,447,0.40597518614402206,50.0,17.4,1,1.600000023841858,9.0,1.0,90,1.0,20.613759994506836
C2,448,0.2023671030202355,99.2,54.6,2,46.0,112.0,1.0,30,2.0,23.568256378173828
C2,449,0.7507514842593876,32.599999999999994,22.2,2,5.400000095367432,44.0,1.0,30,2.0,25.74095344543457
C2,450,0.2200328711585772,91.7,46.9,3,47.0,146.0,1.0,30,2.0,35.57790756225586
C2,451,0.3529,50.4,34.3,5,38.720001220703125,225.0,1.0,30,3.0,44.01340866088867
C2,452,0.7018301916662592,39.0,26.200000000000003,5,8.0,63.0,1.0,30,1.0,54.541378021240234
C2,453,0.6205398789823354,49.0,33.6,7,63.52000045776367,345.0,1.0,50,3.0,66.45816040039062
C2,454,0.5925762452965903,32.099999999999994,21.0,11,4.690908908843994,102.0,1.0,30,2.0,70.40823364257812
C2,455,0.8468477422026727,18.3,17.8,11,0.581818163394928,22.0,1.0,30,2.0,65.84494018554688
C2,456,0.5160312499484065,38.9,25.8,11,9.96363639831543,109.0,1.0,90,1.0,62.30696105957031
C2,457,0.7863753392832122,33.2,23.099999999999998,11,18.618181228637695,261.0,1.0,30,3.0,64.98417663574219
C2,458,0.6802883833640655,17.9,17.6,11,0.6909090876579285,42.0,1.0,90,3.0,66.99050903320312
C2,459,0.6877547725551173,18.1,17.6,7,0.800000011920929,28.0,1.0,30,2.0,55.52763748168945
C2,460,0.8489392838220732,18.1,17.7,7,1.085714340209961,57.0,1.0,30,3.0,39.583248138427734
C2,461,0.8515313316879152,18.2,18.3,7,1.7142857313156128,48.0,1.0,30,2.0,31.34994888305664
C2,462,0.6042966566927312,19.3,17.8,3,0.6285714507102966,16.0,1.0,50,1.0,26.6766357421875
C2,463,0.5860280555530246,32.5,23.8,1,5.199999809265137,46.0,1.0,70,2.0,24.405981063842773
C2,464,0.7804148819201024,17.8,17.5,1,4.800000190734863,39.0,1.0,50,3.0,21.576921463012695
C2,465,0.8591758329899635,18.2,17.7,1,3.5999999046325684,28.0,1.0,30,2.0,19.61281967163086
C2,466,0.6135184836236665,32.5,26.200000000000003,1,9.600000381469727,50.0,1.0,70,2.0,18.701025009155273
C2,467,0.7684526139082195,32.5,26.5,1,10.0,52.0,1.0,30,2.0,19.88728141784668
C2,468,0.5919018863321226,33.5,27.3,1,4.800000190734863,26.0,1.0,70,1.0,22.19903564453125
C2,469,0.5711695817492609,33.0,26.5,1,10.800000190734863,54.0,1.0,90,2.0,23.852754592895508
C2,470,0.7093122727927593,32.7,26.9,1,15.600000381469727,78.0,1.0,50,3.0,24.844985961914062
C2,471,0.7615566935861117,33.4,26.4,1,10.399999618530273,52.0,1.0,30,2.0,25.440324783325195
C2,472,0.5560784048860418,45.0,35.3,1,26.0,93.0,1.0,70,3.0,26.330862045288086
C2,473,0.7559135249995925,33.099999999999994,27.0,1,8.0,42.0,1.0,30,2.0,26.198516845703125
C2,474,0.7065622727927594,33.0,26.5,1,15.600000381469727,81.0,1.0,50,3.0,26.252443313598633
C2,475,0.7707233602527783,32.4,26.3,1,10.399999618530273,54.0,1.0,30,2.0,25.751466751098633
C2,476,0.6990833333333334,44.1,34.3,1,26.399999618530273,96.0,1.0,30,3.0,26.91754722595215
C2,477,0.5998319729046837,33.4,26.700000000000003,1,7.599999904632568,42.0,1.0,70,2.0,26.81719398498535
C2,478,0.7684526139082195,32.5,26.3,1,10.0,46.0,1.0,30,2.0,26.223649978637695
C2,479,0.6822006759311265,32.5,26.3,1,8.800000190734863,48.0,1.0,50,2.0,24.800857543945312
C2,480,0.8654774278277694,18.1,17.6,1,5.199999809265137,42.0,1.0,30,3.0,23.01384735107422
C2,481,0.08958193967053042,82.60000000000001,47.300000000000004,1,30.0,84.0,1.0,90,2.0,24.4749755859375
C2,482,0.771141768574655,32.5,25.7,1,10.800000190734863,60.0,1.0,30,3.0,24.81831932067871
C2,483,0.6781304782958186,32.4,26.0,1,7.599999904632568,40.0,1.0,50,2.0,25.824323654174805
C2,484,0.7830049705465452,33.0,26.700000000000003,1,16.399999618530273,84.0,1.0,30,3.0,24.561262130737305
C2,485,0.8654774278277694,18.0,17.7,1,5.199999809265137,45.0,1.0,30,3.0,23.136756896972656
C2,486,0.8700719235523432,18.0,17.8,1,6.400000095367432,54.0,1.0,30,3.0,22.0153865814209
C2,487,0.7765993758080113,32.599999999999994,26.5,1,12.800000190734863,69.0,1.0,30,3.0,20.675899505615234
C2,488,0.716611388886358,18.0,17.7,1,5.199999809265137,45.0,1.0,70,3.0,19.87220573425293
C2,489,0.852702823555001,18.1,17.6,1,2.0,15.0,1.0,30,1.0,18.989990234375
C2,490,-0.6064033422501491,254.6,149.5,7,88.5,351.0,1.0,30,3.0,30.993993759155273
C2,491,0.5524388612060532,43.7,29.4,7,42.05714416503906,308.0,1.0,90,2.0,56.72972869873047
C2,492,0.6262119250219461,39.0,26.5,7,29.657142639160156,267.0,1.0,70,3.0,82.03783416748047
C2,493,0.7562390868980418,32.300000000000004,21.6,7,6.114285945892334,98.0,1.0,30,2.0,88.15603637695312
C2,494,0.7649361839831669,18.1,17.9,7,0.800000011920929,27.0,1.0,50,3.0,72.49362182617188
C2,495,0.671562641846581,32.2,21.1,7,5.5428571701049805,114.0,1.0,50,3.0,56.296173095703125
C2,496,0.70275,43.7,29.1,7,48.628570556640625,357.0,1.0,50,3.0,55.91103744506836
C2,497,0.7638902342200862,20.8,18.599999999999998,7,2.4571428298950195,72.0,1.0,50,3.0,57.679954528808594
C2,498,0.5713285038881722,50.0,17.5,7,0.4571428596973419,6.0,1.0,30,1.0,54.474639892578125
C2,499,0.8472799248274688,18.0,17.5,7,0.6857143044471741,26.0,1.0,30,2.0,38.41811752319336
C2,500,0.8406256164751996,20.7,17.8,7,0.6285714507102966,18.0,1.0,30,2.0,26.784204483032227
C2,501,0.8496481443377203,17.9,17.6,7,1.2571429014205933,57.0,1.0,30,3.0,21.537189483642578
C2,502,0.6143353991895412,18.0,17.7,1,2.4000000953674316,38.0,1.0,30,2.0,19.188980102539062
C2,503,0.8623500559002011,17.9,17.6,1,4.400000095367432,38.0,1.0,30,2.0,19.113388061523438
C2,504,0.8607685509003341,18.0,17.7,1,4.0,32.0,1.0,30,2.0,18.668033599853516
C2,505,0.6837061540247694,18.0,17.7,1,4.800000190734863,42.0,1.0,90,3.0,17.734153747558594
C2,506,0.27485000000000004,84.6,50.1,1,30.399999618530273,88.0,1.0,30,2.0,20.507158279418945
C2,507,0.8607685509003341,18.1,17.7,1,4.0,30.0,1.0,30,2.0,22.037628173828125
C2,508,0.7638692805748862,33.0,26.1,1,10.0,52.0,1.0,30,2.0,24.555910110473633
C2,509,0.6820652953567193,43.9,34.3,1,16.0,60.0,1.0,30,2.0,24.200212478637695
C2,510,0.7741013474818902,18.3,17.9,1,3.200000047683716,27.0,1.0,50,3.0,23.18679428100586
C2,511,0.7530539631541366,32.599999999999994,26.700000000000003,1,6.0,28.0,1.0,30,1.0,22.845409393310547
C2,512,0.7624476672328439,32.7,26.9,1,8.800000190734863,42.0,1.0,30,2.0,21.44057846069336
C2,513,0.6822774582840988,18.1,17.6,1,3.200000047683716,28.0,1.0,90,2.0,21.264347076416016
C2,514,0.8479187325228745,20.7,17.7,1,2.4000000953674316,18.0,1.0,30,2.0,18.625274658203125
C2,515,0.8575724027518892,18.1,17.7,1,3.200000047683716,26.0,1.0,30,2.0,15.975165367126465
C2,516,0.8543353991895412,18.1,17.5,1,2.4000000953674316,18.0,1.0,30,2.0,13.718432426452637
C2,517,0.8575724027518892,18.1,17.6,1,3.200000047683716,28.0,1.0,30,2.0,13.031059265136719
C2,518,0.7647726274468986,32.599999999999994,26.599999999999998,1,9.199999809265137,44.0,1.0,30,2.0,13.818635940551758
C2,519,0.6779530495083366,32.599999999999994,25.7,1,8.0,44.0,1.0,50,2.0,16.02451515197754
C2,520,0.772547377988288,17.9,17.7,1,2.799999952316284,24.0,1.0,50,2.0,17.081375122070312
C2,521,0.054895219602014794,137.5,78.0,2,77.80000305175781,160.0,1.0,50,2.0,25.44882583618164
C2,522,0.6289538207689057,38.4,26.4,2,9.0,64.0,1.0,50,2.0,31.802627563476562
C2,523,0.6836585631293622,44.0,29.9,2,17.0,90.0,1.0,30,2.0,40.01491165161133
C2,524,0.6899166666666666,45.1,31.5,2,22.200000762939453,132.0,1.0,30,3.0,40.14228057861328
C2,525,0.6715784048860417,32.4,21.7,2,6.0,52.0,1.0,50,2.0,39.418701171875
C2,526,0.762237317472725,32.800000000000004,23.2,2,9.0,78.0,1.0,30,3.0,36.45122146606445
C2,527,0.7612199367316159,32.599999999999994,23.0,2,8.199999809265137,78.0,1.0,30,3.0,32.27073287963867
C2,528,0.6814487825977387,32.4,22.2,2,8.399999618530273,78.0,1.0,50,3.0,29.762439727783203
C2,529,0.6567978498890686,32.7,22.2,1,5.0,40.0,1.0,50,2.0,27.45746421813965
C2,530,0.6633333333333332,48.0,35.4,1,30.0,105.0,1.0,30,3.0,27.274478912353516
C2,531,0.6224553104319408,47.5,35.1,1,27.600000381469727,102.0,1.0,50,3.0,28.231353759765625
C2,532,0.7032500400843491,32.800000000000004,27.0,1,14.399999618530273,75.0,1.0,50,3.0,29.472145080566406
C2,533,0.1471473758351604,79.69999999999999,46.1,1,44.400001525878906,132.0,1.0,90,3.0,31.4166202545166
C2,534,0.7474885902190098,32.5,22.5,2,6.400000095367432,63.0,1.0,30,3.0,30.849971771240234
C2,535,0.7666059607802319,32.4,22.700000000000003,2,9.199999809265137,87.0,1.0,30,3.0,31.043315887451172
C2,536,0.7310031998815892,37.900000000000006,26.200000000000003,2,13.800000190734863,90.0,1.0,30,3.0,29.29265594482422
C2,537,0.7566480875333013,32.7,23.0,2,7.199999809265137,66.0,1.0,30,3.0,28.375593185424805
C2,538,0.8583754262827478,18.2,17.8,2,3.4000000953674316,51.0,1.0,30,3.0,26.225357055664062
C2,539,0.5898143901288688,32.599999999999994,23.400000000000002,1,3.799999952316284,25.0,1.0,70,1.0,24.26854705810547
C2,540,0.8591758329899635,18.3,17.8,1,3.5999999046325684,28.0,1.0,30,2.0,22.027795791625977
C2,541,0.7852450715527084,18.0,17.7,1,6.0,51.0,1.0,50,3.0,20.6833438873291
C2,542,0.7577468583329259,32.9,27.0,1,8.0,40.0,1.0,30,2.0,19.210006713867188
C2,543,0.8623500559002011,18.1,17.8,1,4.400000095367432,34.0,1.0,30,2.0,18.726003646850586
C2,544,0.6603315485867691,33.099999999999994,27.2,1,4.800000190734863,20.0,1.0,50,1.0,18.835601806640625
C2,545,0.8591758329899635,18.0,17.7,1,3.5999999046325684,32.0,1.0,30,2.0,18.36802864074707
C2,546,0.8591758329899635,18.1,17.7,1,3.5999999046325684,26.0,1.0,30,2.0,17.554149627685547
C2,547,0.6832539636400714,44.2,34.9,1,17.600000381469727,64.0,1.0,30,2.0,18.665822982788086
C2,548,0.716611388886358,18.2,17.8,1,5.199999809265137,42.0,1.0,70,3.0,19.066160202026367
C2,549,0.7031322159629301,33.0,26.9,1,14.800000190734863,72.0,1.0,50,3.0,20.773029327392578
C2,550,0.8591758329899635,18.3,17.8,1,3.5999999046325684,30.0,1.0,30,3.0,18.86381721496582
C2,551,0.7678740379858562,33.0,26.8,1,11.199999809265137,58.0,1.0,30,2.0,19.718290328979492
C2,552,0.5744120147012152,50.0,17.8,1,1.2000000476837158,9.0,1.0,30,1.0,18.230974197387695
C2,553,0.8591758329899635,18.2,17.8,1,3.5999999046325684,26.0,1.0,30,2.0,17.738584518432617
C2,554,0.8559587577917702,18.4,17.7,1,2.799999952316284,24.0,1.0,30,2.0,15.176484107971191
C2,555,0.4703863501593508,44.900000000000006,35.4,1,16.399999618530273,60.0,1.0,90,2.0,16.439224243164062
C2,556,0.8591758329899635,18.2,17.8,1,3.5999999046325684,28.0,1.0,30,2.0,17.3302001953125
C2,557,0.6826224492010974,18.2,17.8,1,3.5999999046325684,30.0,1.0,90,3.0,17.598119735717773
C2,558,0.7710036769368389,18.700000000000003,17.9,1,2.4000000953674316,18.0,1.0,50,2.0,14.95887279510498
C2,559,0.7128573394516842,18.1,17.8,1,3.5999999046325684,30.0,1.0,70,3.0,12.84199047088623
C2,560,0.7804148819201024,18.1,17.7,1,4.800000190734863,42.0,1.0,50,3.0,12.105194091796875
C2,561,0.7852450715527084,18.0,17.6,1,6.0,48.0,1.0,50,3.0,12.596449851989746
C2,562,0.7756653383512933,18.1,17.7,1,3.5999999046325684,30.0,1.0,50,3.0,12.891202926635742
C2,563,0.7772390996697683,19.0,17.8,1,4.0,36.0,1.0,50,3.0,12.80138874053955
C2,564,0.49143651533961924,50.0,17.8,1,1.2000000476837158,8.0,1.0,50,1.0,11.680832862854004
C2,565,0.7741013474818902,18.3,17.8,1,3.200000047683716,27.0,1.0,50,3.0,10.875166893005371
C2,566,0.7820163576443,18.0,17.7,1,5.199999809265137,45.0,1.0,50,3.0,10.791766166687012
C2,567,0.7836265182647975,18.2,17.8,1,5.599999904632568,48.0,1.0,50,3.0,11.808393478393555
C2,568,0.8510615300280377,18.0,17.6,1,1.600000023841858,10.0,1.0,30,1.0,12.551702499389648
C2,569,0.8575724027518892,18.700000000000003,17.9,1,3.200000047683716,27.0,1.0,30,3.0,12.197688102722168
C2,570,0.8607685509003341,18.4,17.9,1,4.0,33.0,1.0,30,3.0,11.318613052368164
C2,571,0.7820163576443,18.1,17.8,1,5.199999809265137,48.0,1.0,50,3.0,11.591167449951172
C2,572,0.7694704801128012,18.0,17.6,1,2.0,13.0,1.0,50,1.0,12.288034439086914
C2,573,0.5744120147012152,50.0,17.6,1,1.2000000476837158,7.0,1.0,30,1.0,12.172820091247559
C2,574,0.8510615300280377,18.1,17.7,1,1.600000023841858,12.0,1.0,30,1.0,11.570359230041504
C2,575,0.8575724027518892,19.8,17.9,1,3.200000047683716,27.0,1.0,30,3.0,10.675548553466797
C2,576,0.8639198485148963,17.9,17.8,1,4.800000190734863,42.0,1.0,30,3.0,11.071995735168457
C2,577,0.8623500559002011,17.9,17.6,1,4.400000095367432,36.0,1.0,30,3.0,11.309864044189453
C2,578,0.8543353991895412,18.0,17.8,1,2.4000000953674316,21.0,1.0,30,3.0,11.185918807983398
C2,579,0.8543353991895412,17.9,17.5,1,2.4000000953674316,18.0,1.0,30,3.0,10.04488468170166
C2,580,0.6809751861440221,18.1,17.7,1,1.600000023841858,12.0,1.0,90,2.0,8.560263633728027
C2,581,-0.8107110455595651,215.2,86.8,13,133.0,657.0,1.0,30,3.0,35.9361572265625
C2,582,0.8467313049357402,18.9,18.0,13,0.5538461804389954,22.0,1.0,30,2.0,53.02836227416992
C2,583,0.6801432668922315,17.9,17.6,13,0.4923076927661896,10.0,1.0,90,1.0,63.8170166015625
C2,584,0.6802104991289675,18.2,17.9,13,0.5846154093742371,27.0,1.0,90,3.0,42.29021072387695
C2,585,0.4885613585654894,50.0,17.8,13,0.4307692348957062,8.0,1.0,50,1.0,28.9741268157959
C2,586,0.8468593842574794,18.2,17.7,13,0.5846154093742371,32.0,1.0,30,2.0,21.784475326538086
C2,587,0.19162244920109733,21.2,18.1,1,3.5999999046325684,27.0,1.0,90,3.0,17.470685958862305
C2,588,0.6809751861440221,18.1,17.8,1,1.600000023841858,14.0,1.0,90,2.0,14.749077796936035
C2,589,0.8510615300280377,18.8,17.9,1,1.600000023841858,12.0,1.0,30,2.0,11.782779693603516
C2,590,0.8543353991895412,19.3,17.8,1,2.4000000953674316,18.0,1.0,30,2.0,10.00300121307373
C2,591,0.621228402930993,33.099999999999994,27.0,1,14.0,75.0,1.0,70,3.0,11.335134506225586
C2,592,0.8559587577917702,18.4,17.8,1,2.799999952316284,24.0,1.0,30,3.0,12.401080131530762
C2,593,0.711953628307409,18.0,17.7,1,3.200000047683716,26.0,1.0,70,2.0,13.573981285095215
C2,594,0.5727547725551173,50.0,17.8,1,0.800000011920929,6.0,1.0,30,2.0,11.344388961791992
C2,595,0.8510615300280377,17.9,17.6,1,1.600000023841858,14.0,1.0,30,2.0,9.873299598693848
C2,596,0.7679733602527782,32.7,26.599999999999998,1,10.399999618530273,50.0,1.0,30,2.0,10.590646743774414
C2,597,0.49143651533961924,50.0,17.9,1,1.2000000476837158,8.0,1.0,50,1.0,11.687721252441406
C2,598,0.5727547725551173,50.0,18.1,1,0.800000011920929,7.0,1.0,30,1.0,12.345966339111328
C2,599,0.6826224492010974,18.0,17.7,1,3.5999999046325684,30.0,1.0,90,3.0,10.740913391113281
C2,600,0.772547377988288,18.2,17.8,1,2.799999952316284,21.0,1.0,50,3.0,9.644547462463379
C2,601,0.7852450715527084,18.2,17.8,1,6.0,48.0,1.0,50,3.0,10.186728477478027
C2,602,0.7820163576443,17.9,17.6,1,5.199999809265137,45.0,1.0,50,3.0,11.178704261779785
C2,603,0.8510615300280377,18.1,17.7,1,1.600000023841858,14.0,1.0,30,2.0,11.77388858795166
C2,604,0.8510615300280377,18.1,17.8,1,1.600000023841858,12.0,1.0,30,2.0,10.797666549682617
C2,605,0.8559587577917702,18.5,17.9,1,2.799999952316284,22.0,1.0,30,2.0,9.678600311279297
C2,606,0.852702823555001,18.0,17.7,1,2.0,17.0,1.0,30,1.0,10.340493202209473
C2,607,0.852702823555001,17.9,17.6,1,2.0,12.0,1.0,30,2.0,10.737628936767578
C2,608,0.8479187325228745,20.7,17.8,1,2.4000000953674316,18.0,1.0,30,2.0,10.709244728088379
C2,609,0.5727547725551173,50.0,18.0,1,0.800000011920929,8.0,1.0,30,2.0,8.958879470825195
C2,610,0.8510615300280377,18.1,17.9,1,1.600000023841858,10.0,1.0,30,2.0,7.775328159332275
C2,611,0.5783169214492215,33.2,26.700000000000003,1,16.799999237060547,84.0,1.0,90,3.0,9.598529815673828
C2,612,0.43181866503105076,50.0,17.7,1,0.800000011920929,8.0,1.0,70,1.0,11.225784301757812
C2,613,0.7694704801128012,18.4,17.9,1,2.0,15.0,1.0,50,3.0,12.20213794708252
C2,614,0.6812893625812153,18.4,17.8,1,2.0,16.0,1.0,90,2.0,10.121282577514648
C2,615,0.7076406626870005,18.1,17.7,1,1.2000000476837158,12.0,1.0,70,2.0,8.60610294342041
C2,616,0.8670222991527153,18.0,17.7,1,5.599999904632568,51.0,1.0,30,3.0,9.296995162963867
C2,617,0.8623500559002011,18.3,17.7,1,4.400000095367432,36.0,1.0,30,3.0,10.244863510131836
C2,618,0.8426194902216676,21.1,17.8,1,2.0,18.0,1.0,30,3.0,10.81358528137207
C2,619,0.43181866503105076,50.0,17.9,1,0.800000011920929,9.0,1.0,70,1.0,10.088150978088379
C2,620,0.6812893625812153,18.9,17.9,1,2.0,14.0,1.0,90,2.0,8.986224174499512
C2,621,0.7147064113895217,17.9,17.6,1,4.400000095367432,38.0,1.0,70,2.0,10.058401107788086
C2,622,0.8543353991895412,18.1,17.8,1,2.4000000953674316,15.0,1.0,30,3.0,10.168374061584473
C2,623,-0.5458802724788467,228.1,105.1,7,88.4000015258789,312.0,1.0,30,3.0,23.16769027709961
C2,624,0.6699092273102555,33.4,23.099999999999998,7,7.828571319580078,106.0,1.0,50,2.0,35.500614166259766
C2,625,0.846804498154994,18.0,17.7,7,0.5714285969734192,24.0,1.0,30,2.0,43.833702087402344
C2,626,0.7039505111151091,42.3,28.299999999999997,7,39.08571243286133,292.0,1.0,50,2.0,54.433555603027344
C2,627,0.6372121169950571,33.099999999999994,22.4,10,8.359999656677246,120.0,1.0,30,2.0,61.72679901123047
C2,628,0.771533131162052,32.7,22.2,10,11.479999542236328,183.0,1.0,30,3.0,72.63607788085938
C2,629,0.8472561670987856,18.0,17.7,10,0.6800000071525574,20.0,1.0,30,2.0,61.04831314086914
C2,630,0.5711934140347419,32.7,21.9,10,8.5600004196167,126.0,1.0,90,2.0,54.49565505981445
C2,631,0.5395237834872739,36.0,24.5,10,7.28000020980835,80.0,1.0,90,1.0,53.09739303588867
C2,632,0.5380043179839584,34.4,25.2,4,19.899999618530273,156.0,1.0,30,3.0,57.858436584472656
C2,633,0.3567520716785692,48.099999999999994,32.099999999999994,10,57.599998474121094,336.0,1.0,30,3.0,67.24839782714844
C2,634,0.7336507947157141,38.1,25.7,10,35.400001525878906,360.0,1.0,50,3.0,78.21570587158203
C2,635,0.7591666666666668,35.8,24.7,12,29.03333282470703,354.0,1.0,30,3.0,93.5960922241211
C2,636,0.6636925160918535,33.9,24.1,12,7.433333396911621,99.0,1.0,50,1.0,101.09098815917969
C2,637,0.7861666666666668,34.6,24.6,12,28.766666412353516,342.0,1.0,30,3.0,104.78792572021484
C2,638,0.5627499794572679,33.5,23.900000000000002,12,7.566666603088379,97.0,1.0,90,1.0,104.20608520507812
C2,639,0.6429566596493475,28.0,19.900000000000002,12,5.066666603088379,141.0,1.0,70,3.0,96.92365264892578
C2,640,0.7645628712383057,17.8,17.5,12,0.699999988079071,51.0,1.0,50,3.0,79.62085723876953
C2,641,0.77975,35.3,24.5,12,42.46666717529297,522.0,1.0,50,2.0,91.10585021972656
C2,642,0.6810731060107622,32.300000000000004,21.5,11,10.0,192.0,1.0,50,3.0,100.26351165771484
C2,643,0.6806657181934248,33.0,22.5,11,9.527273178100586,144.0,1.0,50,2.0,113.09143829345703
C2,644,0.7109288042574394,27.0,19.3,11,3.454545497894287,114.0,1.0,50,3.0,91.05486297607422
C2,645,0.551964514405776,36.4,25.1,11,18.472726821899414,206.0,1.0,90,2.0,83.03292083740234
C2,646,0.7484098186299084,34.7,24.8,11,30.03636360168457,336.0,1.0,50,3.0,83.55308532714844
C2,647,0.6118845208102978,18.599999999999998,18.2,7,2.6285715103149414,69.0,1.0,50,3.0,81.86518096923828
C2,648,0.7366666666666667,40.0,27.799999999999997,7,31.428571701049805,273.0,1.0,30,3.0,79.25244140625
C2,649,0.6946851063914941,32.800000000000004,22.5,7,12.399999618530273,174.0,1.0,50,3.0,70.48480224609375
C2,650,0.7369510525720311,23.5,18.700000000000003,7,1.8857142925262451,60.0,1.0,50,3.0,64.82421112060547
C2,651,0.7653636977482211,17.8,17.5,7,0.9142857193946838,51.0,1.0,50,3.0,51.561195373535156
C2,652,0.4311247174940327,50.0,17.6,7,0.4571428596973419,6.0,1.0,70,1.0,36.67005157470703
C2,653,0.7485095992208213,18.1,17.7,5,0.6857143044471741,24.0,1.0,50,3.0,26.13536262512207
C2,654,0.5605177143633456,18.1,17.7,2,1.0,12.0,1.0,90,3.0,18.081218719482422
C2,655,0.7676653383512932,18.1,17.8,1,3.5999999046325684,30.0,1.0,50,3.0,13.782064437866211
C2,656,0.7137749141875284,18.1,17.7,1,4.0,30.0,1.0,70,2.0,12.135905265808105
C2,657,0.772547377988288,18.3,17.8,1,2.799999952316284,24.0,1.0,50,3.0,11.681543350219727
C2,658,0.6812893625812153,18.1,17.7,1,2.0,15.0,1.0,90,3.0,10.74225902557373
C2,659,0.6812893625812153,18.5,17.6,1,2.0,18.0,1.0,90,2.0,9.37868881225586
C2,660,0.8510615300280377,18.4,17.6,1,1.600000023841858,12.0,1.0,30,3.0,8.027213096618652
C2,661,0.6713372969734047,45.5,35.3,1,17.600000381469727,66.0,1.0,30,2.0,10.949661254882812
C2,662,0.7084760865278696,18.2,17.6,1,1.600000023841858,14.0,1.0,70,2.0,12.436463356018066
C2,663,0.8559587577917702,18.0,17.7,1,2.799999952316284,24.0,1.0,30,3.0,13.861878395080566
C2,664,0.40566838741470695,50.0,17.6,1,1.2000000476837158,8.0,1.0,90,2.0,10.850460052490234
C2,665,0.40566838741470695,50.0,17.8,1,1.2000000476837158,6.0,1.0,90,1.0,8.910276412963867
C2,666,0.8591758329899635,18.5,18.0,1,3.5999999046325684,28.0,1.0,30,2.0,8.546165466308594
C2,667,0.4326406626870005,50.0,17.6,1,1.2000000476837158,8.0,1.0,70,1.0,8.861032485961914
C2,668,0.8510615300280377,18.4,17.8,1,1.600000023841858,14.0,1.0,30,2.0,9.183286666870117
C2,669,0.709325018440201,18.3,17.9,1,2.0,14.0,1.0,70,2.0,8.443305015563965
C2,670,0.40566838741470695,50.0,17.9,1,1.2000000476837158,8.0,1.0,90,2.0,7.465982913970947
C2,671,0.275675,84.3,49.5,1,29.600000381469727,84.0,1.0,30,2.0,11.546256065368652
C2,672,0.8543353991895412,18.0,17.6,1,2.4000000953674316,20.0,1.0,30,2.0,14.394420623779297
C2,673,0.8575724027518892,18.2,17.7,1,3.200000047683716,24.0,1.0,30,2.0,17.169984817504883
C2,674,0.7137749141875284,18.0,17.7,1,4.0,34.0,1.0,70,2.0,15.501991271972656
C2,675,0.8623500559002011,17.9,17.6,1,4.400000095367432,38.0,1.0,30,2.0,15.701194763183594
C2,676,0.6914046792737011,32.599999999999994,26.200000000000003,1,11.199999809265137,63.0,1.0,50,3.0,17.02071762084961
C2,677,0.7694704801128012,18.2,17.7,1,2.0,17.0,1.0,50,1.0,17.812429428100586
C2,678,0.8591758329899635,18.1,17.7,1,3.5999999046325684,32.0,1.0,30,2.0,17.88745880126953
C2,679,0.6948109341108087,32.599999999999994,25.9,1,12.0,63.0,1.0,50,3.0,17.93247413635254
C2,680,0.6393365114532457,44.5,34.6,1,24.799999237060547,93.0,1.0,50,3.0,19.82615089416504
C2,681,0.15769740562832749,104.5,60.0,1,23.200000762939453,58.0,1.0,50,1.0,26.56235694885254
C2,682,0.7820163576443,18.4,17.9,1,5.199999809265137,42.0,1.0,50,3.0,29.670747756958008
C2,683,0.6647660395601659,44.8,35.2,1,32.79999923706055,114.0,1.0,50,3.0,32.4691162109375
C2,684,0.7093122727927593,32.7,27.099999999999998,1,15.600000381469727,72.0,1.0,50,3.0,29.614803314208984
C2,685,0.7868717197831727,18.0,17.6,1,6.400000095367432,54.0,1.0,50,3.0,28.435548782348633
C2,686,0.6886821707547612,43.9,34.4,1,18.799999237060547,74.0,1.0,30,2.0,27.594661712646484
C2,687,0.5964852196654559,33.0,26.200000000000003,1,4.800000190734863,26.0,1.0,70,1.0,27.35679817199707
C2,688,0.64763729648747,44.1,34.6,1,26.0,96.0,1.0,50,3.0,29.080745697021484
C2,689,0.6575226307837445,44.3,34.9,1,29.200000762939453,108.0,1.0,50,3.0,29.981781005859375
C2,690,0.17390068195578576,103.7,59.9,1,46.79999923706055,114.0,1.0,70,2.0,34.65573501586914
C2,691,0.28447500000000003,81.10000000000001,46.5,1,51.20000076293945,147.0,1.0,50,3.0,39.726776123046875
C2,692,0.20809133427944246,100.2,54.4,2,62.79999923706055,159.0,1.0,50,3.0,45.03606414794922
C2,693,0.7664365153396193,18.4,17.7,2,1.2000000476837158,18.0,1.0,50,3.0,41.42163848876953
C2,694,0.40536883755156783,50.0,17.6,2,0.800000011920929,6.0,1.0,90,1.0,33.519649505615234
C2,695,0.7175310005661772,37.6,26.700000000000003,2,8.800000190734863,66.0,1.0,30,2.0,26.11178970336914
C2,696,0.5106990983269091,39.0,26.5,2,6.0,37.0,1.0,90,1.0,25.80040740966797
C2,697,0.8471482611556787,18.0,17.6,1,2.5999999046325684,38.0,1.0,30,2.0,27.34691047668457
C2,698,0.5891073394516841,33.5,27.2,1,3.5999999046325684,20.0,1.0,70,1.0,26.541479110717773
C2,699,0.663081548586769,32.800000000000004,27.5,1,4.800000190734863,24.0,1.0,50,1.0,24.324888229370117
C2,700,0.8623500559002011,18.2,17.9,1,4.400000095367432,38.0,1.0,30,2.0,22.994932174682617
C2,701,-0.1968900355114989,138.9,77.10000000000001,4,94.4000015258789,160.0,1.0,30,2.0,30.19696044921875
C2,702,0.8489984091575853,18.2,17.7,4,1.100000023841858,26.0,1.0,30,2.0,33.051509857177734
C2,703,0.5554966836702425,35.1,24.2,4,13.399999618530273,135.0,1.0,90,3.0,38.23090362548828
C2,704,0.8489984091575853,18.2,17.8,4,1.100000023841858,32.0,1.0,30,2.0,32.80521011352539
C2,705,0.7887483307370714,27.900000000000002,20.0,4,4.099999904632568,69.0,1.0,30,3.0,30.88312530517578
C2,706,0.8489984091575853,18.1,17.6,4,1.100000023841858,32.0,1.0,30,2.0,25.863208770751953
C2,707,0.8375202322523546,17.9,17.6,2,2.200000047683716,32.0,1.0,30,2.0,22.851259231567383
C2,708,0.7469774019617649,32.5,22.8,2,4.199999809265137,42.0,1.0,30,2.0,20.777421951293945
C2,709,0.5630235552837892,32.800000000000004,25.3,1,9.199999809265137,44.0,1.0,90,2.0,20.333120346069336
C2,710,0.7076406626870005,18.8,17.8,1,1.2000000476837158,12.0,1.0,70,1.0,19.533205032348633
C2,711,0.6792917070152372,33.0,26.9,1,9.199999809265137,46.0,1.0,50,2.0,19.319923400878906
C2,712,0.6899166666666666,45.1,34.8,1,25.200000762939453,90.0,1.0,30,3.0,20.258621215820312
C2,713,0.8575724027518892,17.9,17.7,1,3.200000047683716,24.0,1.0,30,2.0,20.82183837890625
C2,714,0.788506157879637,18.0,17.7,1,6.800000190734863,54.0,1.0,50,3.0,20.49310302734375
C2,715,0.8607685509003341,18.3,17.8,1,4.0,30.0,1.0,30,2.0,18.295862197875977
C2,716,0.6715363828416699,33.300000000000004,26.1,1,8.0,42.0,1.0,50,2.0,18.17751693725586
C2,717,0.7666192805748862,32.7,26.700000000000003,1,10.0,48.0,1.0,30,2.0,18.906509399414062
C2,718,0.7674751019079884,32.9,26.9,1,10.800000190734863,54.0,1.0,30,2.0,20.943906784057617
C2,719,0.614728066548231,33.0,27.0,1,11.600000381469727,63.0,1.0,70,3.0,22.166343688964844
C2,720,0.759955308684174,32.5,25.6,1,7.599999904632568,40.0,1.0,30,2.0,22.366472244262695
C2,721,0.29597500000000004,71.1,44.5,3,36.79999923706055,100.0,1.0,30,2.0,25.5532169342041
C2,722,0.7454052568856765,33.6,24.0,3,6.400000095367432,62.0,1.0,30,2.0,28.79859733581543
C2,723,0.819452297648616,24.1,20.2,3,3.066666603088379,42.0,1.0,30,2.0,30.87915802001953
C2,724,0.7445924996566301,32.5,20.400000000000002,3,3.5999999046325684,46.0,1.0,30,2.0,28.527494430541992
C2,725,0.6365399929826807,28.7,20.2,3,5.066666603088379,66.0,1.0,70,3.0,25.91649627685547
C2,726,0.7478746209817765,32.2,20.6,3,3.7333333492279053,52.0,1.0,30,2.0,25.016565322875977
C2,727,0.6947276307266981,40.300000000000004,31.5,1,14.399999618530273,64.0,1.0,30,2.0,25.676605224609375
C2,728,0.5028152730038639,44.699999999999996,35.6,1,30.0,105.0,1.0,90,3.0,27.80596351623535
C2,729,0.6820813011361304,44.8,34.5,1,19.600000381469727,70.0,1.0,30,2.0,30.283578872680664
C2,730,0.6692479678027973,46.199999999999996,35.7,1,19.600000381469727,68.0,1.0,30,2.0,32.03681182861328
C2,731,-0.02483861802682987,113.8,59.2,3,94.80000305175781,192.0,1.0,30,3.0,36.955421447753906
C2,732,0.7333865785498077,32.9,22.1,5,5.760000228881836,93.0,1.0,30,3.0,39.373252868652344
C2,733,0.6011632402783261,28.7,19.3,5,1.5199999809265137,21.0,1.0,90,1.0,39.09061813354492
C2,734,0.7606400269194449,33.5,23.5,5,10.399999618530273,126.0,1.0,30,3.0,35.98770523071289
C2,735,0.7607865778256989,32.599999999999994,21.1,5,8.079999923706055,108.0,1.0,30,3.0,34.79262161254883
C2,736,0.629869698426575,28.8,19.400000000000002,5,2.559999942779541,54.0,1.0,70,2.0,34.875572204589844
C2,737,0.6461994945015955,33.6,23.7,2,12.399999618530273,114.0,1.0,30,3.0,34.39200973510742
C2,738,0.8591758329899635,18.1,17.8,2,3.5999999046325684,51.0,1.0,30,3.0,31.568540573120117
C2,739,0.7645535376162936,32.7,22.5,2,9.399999618530273,81.0,1.0,30,3.0,29.87445640563965
C2,740,0.6676648819201025,32.300000000000004,21.8,2,4.800000190734863,46.0,1.0,50,2.0,26.858007431030273
C2,741,0.5003728206914361,40.0,26.599999999999998,2,4.800000190734863,33.0,1.0,90,1.0,27.18147087097168
C2,742,0.7157233602527783,38.4,26.1,2,10.399999618530273,66.0,1.0,30,2.0,28.175548553466797
C2,743,0.675233049801507,44.4,33.6,1,18.399999618530273,62.0,1.0,30,2.0,29.83866310119629
C2,744,0.8607685509003341,18.1,17.8,1,4.0,30.0,1.0,30,2.0,28.43653106689453
C2,745,0.6584526139082195,44.5,34.8,1,30.0,108.0,1.0,50,3.0,27.99525260925293
C2,746,0.5005692952291003,44.699999999999996,35.0,1,29.200000762939453,105.0,1.0,90,3.0,28.263818740844727
C2,747,0.6337176740050567,32.9,26.700000000000003,1,17.200000762939453,84.0,1.0,70,3.0,30.15829086303711
C2,748,0.6323715689618518,32.599999999999994,27.0,1,16.0,78.0,1.0,70,3.0,29.961641311645508
C2,749,0.6532468583329258,44.3,34.8,1,28.0,102.0,1.0,50,3.0,29.710317611694336
C2,750,0.5774720554163825,32.800000000000004,26.8,1,14.0,72.0,1.0,90,3.0,29.02619171142578
C2,751,0.6164750526390947,44.5,34.4,1,19.200000762939453,70.0,1.0,50,2.0,29.81571388244629
C2,752,0.12079714693247091,94.0,51.0,1,27.600000381469727,80.0,1.0,70,2.0,31.089427947998047
C2,753,0.7852450715527084,18.1,17.8,1,6.0,54.0,1.0,50,3.0,31.05365753173828
C2,754,0.7820163576443,18.2,17.8,1,5.199999809265137,42.0,1.0,50,3.0,28.232194900512695
C2,755,0.7771669395880747,32.800000000000004,26.0,1,13.600000381469727,72.0,1.0,30,3.0,24.405982971191406
C2,756,0.69627351976104,33.0,26.9,1,13.199999809265137,63.0,1.0,50,3.0,22.510255813598633
C2,757,0.6433256819557858,44.900000000000006,34.7,1,26.799999237060547,96.0,1.0,50,3.0,23.7728214263916
C2,758,0.7792319620233861,33.300000000000004,27.099999999999998,1,16.0,81.0,1.0,30,3.0,24.93035888671875
C2,759,0.7560310005661773,33.4,26.8,1,8.800000190734863,42.0,1.0,30,2.0,25.624881744384766
C2,760,0.8591758329899635,18.1,17.7,1,3.5999999046325684,30.0,1.0,30,2.0,23.77492904663086
C2,761,0.273475,85.1,48.099999999999994,1,44.79999923706055,129.0,1.0,50,3.0,24.798290252685547
C2,762,0.7061320007294376,38.5,26.8,2,10.199999809265137,72.0,1.0,30,2.0,27.412307739257812
C2,763,0.6821079337294986,18.1,17.7,2,3.0,57.0,1.0,90,3.0,29.51405143737793
C2,764,0.7267828278349289,37.900000000000006,26.8,2,12.399999618530273,78.0,1.0,30,2.0,30.241764068603516
C2,765,0.7511698485148963,32.300000000000004,20.9,2,4.800000190734863,40.0,1.0,30,2.0,28.545059204101562
C2,766,0.7511698485148963,32.300000000000004,22.4,2,4.800000190734863,42.0,1.0,30,2.0,27.793701171875
C2,767,0.844702823555001,18.0,17.8,1,2.0,34.0,1.0,30,2.0,24.40955352783203
C2,768,0.852702823555001,18.1,17.8,1,2.0,14.0,1.0,30,2.0,20.645732879638672
C2,769,0.8559587577917702,18.0,17.7,1,2.799999952316284,20.0,1.0,30,2.0,16.920772552490234
C2,770,0.7592726274468986,33.2,26.4,1,9.199999809265137,44.0,1.0,30,2.0,15.352463722229004
C2,771,0.7670566935861116,32.800000000000004,26.4,1,10.399999618530273,54.0,1.0,30,2.0,17.078144073486328
C2,772,0.8510615300280377,17.9,17.5,1,1.600000023841858,14.0,1.0,30,2.0,17.71355438232422
C2,773,0.8543353991895412,18.0,17.8,1,2.4000000953674316,22.0,1.0,30,2.0,16.628131866455078
C2,774,0.5727547725551173,50.0,17.6,1,0.800000011920929,2.0,1.0,30,2.0,12.510212898254395
C2,775,0.5727547725551173,50.0,17.7,1,0.800000011920929,6.0,1.0,30,2.0,9.50612735748291
C2,776,0.8623500559002011,18.0,17.7,1,4.400000095367432,34.0,1.0,30,2.0,8.503676414489746
C2,777,0.7084760865278696,18.3,17.8,1,1.600000023841858,12.0,1.0,70,2.0,8.568872451782227
C2,778,0.5727547725551173,50.0,17.9,1,0.800000011920929,2.0,1.0,30,2.0,8.341323852539062
C2,779,0.8575724027518892,18.3,17.9,1,3.200000047683716,24.0,1.0,30,2.0,7.538127422332764
C2,780,0.5744120147012152,50.0,18.0,1,1.2000000476837158,6.0,1.0,30,2.0,6.656209945678711
C2,781,0.8591758329899635,18.1,17.8,1,3.5999999046325684,30.0,1.0,30,2.0,7.993725776672363
C2,782,0.8575724027518892,18.3,17.7,1,3.200000047683716,24.0,1.0,30,2.0,8.796235084533691
C2,783,0.5727547725551173,50.0,17.6,1,0.800000011920929,6.0,1.0,30,2.0,9.277741432189941
C2,784,0.5727547725551173,50.0,17.6,1,0.800000011920929,4.0,1.0,30,2.0,7.833311557769775
C2,785,0.7679480189220103,18.0,17.7,1,1.600000023841858,10.0,1.0,50,1.0,6.699986934661865
C2,786,0.8543353991895412,18.4,17.8,1,2.4000000953674316,18.0,1.0,30,2.0,6.8199920654296875
C2,787,0.8510615300280377,18.3,17.9,1,1.600000023841858,10.0,1.0,30,2.0,7.291995048522949
C2,788,0.8543353991895412,18.3,17.8,1,2.4000000953674316,16.0,1.0,30,2.0,7.308530330657959
C2,789,0.5727547725551173,50.0,17.6,1,0.800000011920929,6.0,1.0,30,2.0,6.518451690673828
C2,790,0.5727547725551173,50.0,17.8,1,0.800000011920929,6.0,1.0,30,2.0,5.777737617492676
C2,791,0.766140026919445,32.9,27.2,1,10.399999618530273,52.0,1.0,30,2.0,7.733309268951416
C2,792,0.852702823555001,18.2,17.7,1,2.0,12.0,1.0,30,2.0,9.306652069091797
C2,793,0.5727547725551173,50.0,17.9,1,0.800000011920929,5.0,1.0,30,1.0,10.517324447631836
C2,794,0.8559587577917702,18.2,18.0,1,2.799999952316284,20.0,1.0,30,2.0,9.110394477844238
C2,795,0.5727547725551173,50.0,17.8,1,0.800000011920929,4.0,1.0,30,2.0,7.732903480529785
C2,796,0.8575724027518892,18.2,17.9,1,3.200000047683716,22.0,1.0,30,2.0,7.706408977508545
C2,797,0.40566838741470695,50.0,17.9,1,1.2000000476837158,7.0,1.0,90,1.0,7.2905120849609375
C2,798,0.40566838741470695,50.0,17.7,1,1.2000000476837158,6.0,1.0,90,2.0,7.174307346343994
C2,799,0.5727547725551173,50.0,17.8,1,0.800000011920929,4.0,1.0,30,2.0,5.9045844078063965
C2,800,0.5744120147012152,50.0,17.8,1,1.2000000476837158,6.0,1.0,30,2.0,4.60941743850708
C2,801,0.8591758329899635,18.1,17.6,1,3.5999999046325684,28.0,1.0,30,2.0,5.298983573913574
C2,802,0.5760615300280377,50.0,18.1,1,1.600000023841858,8.0,1.0,30,2.0,5.9793901443481445
C2,803,0.5727547725551173,50.0,17.7,1,0.800000011920929,8.0,1.0,30,2.0,6.520967483520508
C2,804,0.5760615300280377,50.0,17.8,1,1.600000023841858,2.0,1.0,30,2.0,5.112580299377441
C2,805,0.5727547725551173,50.0,17.7,1,0.800000011920929,6.0,1.0,30,2.0,4.134214878082275
C2,806,0.8591758329899635,18.1,17.8,1,3.5999999046325684,26.0,1.0,30,2.0,4.747195720672607
C2,807,0.40566838741470695,50.0,17.9,1,1.2000000476837158,8.0,1.0,90,1.0,6.0483174324035645
C2,808,0.5760615300280377,50.0,17.6,1,1.600000023841858,8.0,1.0,30,2.0,6.9623236656188965
C2,809,0.4326406626870005,50.0,18.599999999999998,1,1.2000000476837158,7.0,1.0,70,1.0,6.710727691650391
C2,810,0.5744120147012152,50.0,19.099999999999998,1,1.2000000476837158,4.0,1.0,30,2.0,5.759769916534424
C2,811,0.8591758329899635,18.3,17.8,1,3.5999999046325684,28.0,1.0,30,2.0,6.522528648376465
C2,812,0.49294801892201023,50.0,17.5,1,1.600000023841858,6.0,1.0,50,1.0,6.846850395202637
C2,813,0.8510615300280377,20.0,17.8,1,1.600000023841858,12.0,1.0,30,2.0,7.574777126312256
C2,814,0.43101000866160666,50.0,17.7,1,0.4000000059604645,2.0,1.0,70,1.0,6.411532878875732
C2,815,0.5744120147012152,50.0,17.8,1,1.2000000476837158,8.0,1.0,30,2.0,5.446919918060303
C2,816,0.8422087577917702,21.5,18.2,1,2.799999952316284,24.0,1.0,30,2.0,5.66815185546875
C2,817,0.6791418528106887,20.2,17.8,1,1.600000023841858,14.0,1.0,90,2.0,6.467557907104492
C2,818,0.8494120147012151,18.0,17.7,1,1.2000000476837158,12.0,1.0,30,2.0,7.213868141174316
C2,819,0.48993618398316685,50.0,17.7,1,0.800000011920929,2.0,1.0,50,1.0,6.3283209800720215
C2,820,0.8543353991895412,18.2,17.7,1,2.4000000953674316,12.0,1.0,30,2.0,5.66365909576416
C2,821,0.21226550408809453,100.0,54.699999999999996,2,41.20000076293945,106.0,1.0,30,2.0,11.53152847290039
C2,822,0.8502377688575918,18.0,17.7,2,1.399999976158142,30.0,1.0,30,2.0,16.78558349609375
C2,823,0.852702823555001,18.3,17.7,2,2.0,28.0,1.0,30,2.0,21.004684448242188
C2,824,0.5735843284339894,50.0,17.7,2,1.0,8.0,1.0,30,2.0,17.002809524536133
C2,825,0.5727547725551173,50.0,17.7,2,0.800000011920929,8.0,1.0,30,2.0,13.135019302368164
C2,826,0.7671908835991162,18.5,17.8,2,1.399999976158142,16.0,1.0,50,1.0,11.081011772155762
C2,827,0.5647547725551173,50.0,17.7,1,0.800000011920929,6.0,1.0,30,2.0,9.7152738571167
C2,828,0.5710902975977581,50.0,17.9,1,0.4000000059604645,2.0,1.0,30,2.0,8.495830535888672
C2,829,0.8607685509003341,18.1,17.7,1,4.0,32.0,1.0,30,2.0,7.76416540145874
C2,830,0.8575724027518892,18.1,17.7,1,3.200000047683716,26.0,1.0,30,2.0,8.658498764038086
C2,831,0.30152500000000004,74.89999999999999,49.0,1,32.400001525878906,90.0,1.0,30,2.0,15.061765670776367
C2,832,0.8559587577917702,18.3,17.8,1,2.799999952316284,24.0,1.0,30,2.0,18.370393753051758
C2,833,0.7615310005661772,32.800000000000004,26.8,1,8.800000190734863,44.0,1.0,30,2.0,21.55556869506836
C2,834,0.8510615300280377,18.0,17.7,1,1.600000023841858,16.0,1.0,30,2.0,18.533342361450195
C2,835,0.5727547725551173,50.0,17.6,1,0.800000011920929,5.0,1.0,30,1.0,15.78667163848877
C2,836,0.7601892941135653,33.099999999999994,26.4,1,9.199999809265137,46.0,1.0,30,2.0,14.272003173828125
C2,837,0.8543353991895412,17.9,17.6,1,2.4000000953674316,16.0,1.0,30,2.0,13.363202095031738
C2,838,0.8543353991895412,18.3,17.8,1,2.4000000953674316,14.0,1.0,30,2.0,13.084588050842285
C2,839,0.852702823555001,18.1,17.7,1,2.0,14.0,1.0,30,2.0,10.784086227416992
C2,840,0.8575724027518892,18.2,17.7,1,3.200000047683716,20.0,1.0,30,2.0,9.670451164245605
C2,841,0.8623500559002011,18.1,17.7,1,4.400000095367432,36.0,1.0,30,2.0,10.468937873840332
C2,842,0.852702823555001,18.4,17.7,1,2.0,18.0,1.0,30,2.0,11.214695930480957
C2,843,0.5744120147012152,50.0,17.6,1,1.2000000476837158,8.0,1.0,30,2.0,10.862151145935059
C2,844,0.7772390996697683,18.0,17.6,1,4.0,32.0,1.0,50,2.0,10.383956909179688
C2,845,0.6833366638685273,18.2,17.8,1,4.400000095367432,36.0,1.0,90,2.0,11.297040939331055
C2,846,0.7578643338995106,33.2,27.0,1,8.800000190734863,44.0,1.0,30,2.0,14.244891166687012
C2,847,0.8575724027518892,18.1,17.7,1,3.200000047683716,26.0,1.0,30,2.0,15.613601684570312
C2,848,0.8639198485148963,18.2,17.8,1,4.800000190734863,34.0,1.0,30,2.0,16.301494598388672
C2,849,0.8591758329899635,18.2,17.9,1,3.5999999046325684,28.0,1.0,30,2.0,15.647562980651855
C2,850,0.8623500559002011,18.2,17.7,1,4.400000095367432,34.0,1.0,30,2.0,15.788537979125977
C2,851,0.6688333333333334,47.4,35.2,1,21.200000762939453,74.0,1.0,30,2.0,18.5397891998291
C2,852,0.8591758329899635,18.1,17.7,1,3.5999999046325684,26.0,1.0,30,2.0,20.057207107543945
C2,853,0.8607685509003341,18.1,17.7,1,4.0,32.0,1.0,30,2.0,20.83432388305664
C2,854,0.718572664696372,18.0,17.6,1,6.0,48.0,1.0,70,3.0,18.500595092773438
C2,855,0.841702823555001,21.2,17.8,1,2.0,14.0,1.0,30,2.0,16.300355911254883
C2,856,0.7674751019079884,32.9,27.0,1,10.800000190734863,52.0,1.0,30,2.0,16.313547134399414
C2,857,0.8607685509003341,18.2,17.8,1,4.0,30.0,1.0,30,2.0,16.188127517700195
C2,858,0.6826224492010974,18.3,17.9,1,3.5999999046325684,27.0,1.0,90,3.0,16.37954330444336
C2,859,0.8575724027518892,18.1,17.7,1,3.200000047683716,24.0,1.0,30,3.0,14.094392776489258
C2,860,0.8654774278277694,18.2,17.8,1,5.199999809265137,42.0,1.0,30,3.0,12.58996868133545
C2,861,0.20695875489751459,86.0,47.9,1,42.79999923706055,123.0,1.0,70,3.0,15.953981399536133
C2,862,0.7820163576443,18.2,17.8,1,5.199999809265137,39.0,1.0,50,3.0,18.639055252075195
C2,863,0.7737530515594156,32.5,26.200000000000003,1,11.600000381469727,60.0,1.0,30,3.0,21.050100326538086
C2,864,0.8670222991527153,18.1,17.7,1,5.599999904632568,42.0,1.0,30,3.0,18.896726608276367
C2,865,0.764586384892749,33.5,26.5,1,11.600000381469727,63.0,1.0,30,3.0,18.671369552612305
C2,866,0.7801671030202355,32.599999999999994,26.200000000000003,1,14.0,72.0,1.0,30,3.0,19.069488525390625
C2,867,0.8575724027518892,18.0,17.7,1,3.200000047683716,30.0,1.0,30,3.0,18.775026321411133
C2,868,0.7755863848927489,32.300000000000004,25.1,1,11.600000381469727,60.0,1.0,30,3.0,18.465015411376953
C2,869,0.6945,44.6,34.6,1,25.600000381469727,96.0,1.0,30,3.0,19.34567642211914
C2,870,0.8700719235523432,18.0,17.8,1,6.400000095367432,54.0,1.0,30,3.0,20.940738677978516
C2,871,0.22337499999999996,97.5,48.7,3,35.46666717529297,162.0,1.0,30,3.0,26.431110382080078
C2,872,0.6054918618196299,32.300000000000004,21.0,3,5.866666793823242,69.0,1.0,70,3.0,28.525333404541016
C2,873,0.8505125806332836,18.0,17.6,3,1.4666666984558105,33.0,1.0,30,3.0,28.848533630371094
C2,874,0.8537922063976937,18.0,17.7,3,2.2666666507720947,51.0,1.0,30,3.0,24.109119415283203
C2,875,0.8564977438070102,18.0,17.6,3,2.933333396911621,54.0,1.0,30,3.0,20.598804473876953
C2,876,0.7410222991527153,32.0,21.4,1,5.599999904632568,66.0,1.0,30,3.0,19.95928382873535
C2,877,0.8623500559002011,18.1,17.7,1,4.400000095367432,38.0,1.0,30,2.0,19.84223747253418
C2,878,0.8623500559002011,18.0,17.6,1,4.400000095367432,36.0,1.0,30,2.0,19.772008895874023
C2,879,0.8575724027518892,18.1,17.8,1,3.200000047683716,26.0,1.0,30,2.0,18.529870986938477
C2,880,0.754814754199968,32.9,26.5,1,7.199999809265137,40.0,1.0,30,2.0,17.917922973632812
C2,881,0.6556055817666097,44.2,34.4,1,8.399999618530273,31.0,1.0,30,1.0,19.284088134765625
C2,882,0.7624476672328439,32.7,26.4,1,8.800000190734863,46.0,1.0,30,2.0,21.437118530273438
C2,883,0.8543353991895412,18.599999999999998,18.0,1,2.4000000953674316,20.0,1.0,30,2.0,21.395605087280273
C2,884,0.6858539166010933,44.3,35.0,1,19.200000762939453,66.0,1.0,30,2.0,21.63736343383789
C2,885,0.772547377988288,18.2,17.8,1,2.799999952316284,22.0,1.0,50,2.0,20.182416915893555
C2,886,0.8623500559002011,18.0,17.7,1,4.400000095367432,38.0,1.0,30,2.0,20.509450912475586
C2,887,0.8607685509003341,17.8,17.6,1,4.0,34.0,1.0,30,2.0,18.572336196899414
C2,888,0.8575724027518892,18.0,17.7,1,3.200000047683716,22.0,1.0,30,2.0,17.41006851196289
C2,889,0.7679480189220103,18.0,17.6,1,1.600000023841858,12.0,1.0,50,1.0,15.779375076293945
C2,890,0.873064754199968,18.0,17.7,1,7.199999809265137,54.0,1.0,30,3.0,14.93429183959961
C2,891,0.7728363848927489,32.599999999999994,26.4,1,11.600000381469727,60.0,1.0,30,3.0,15.627241134643555
C2,892,0.8575724027518892,18.2,17.9,1,3.200000047683716,24.0,1.0,30,3.0,15.50967788696289
C2,893,0.8607685509003341,18.1,17.9,1,4.0,33.0,1.0,30,3.0,14.505806922912598
C2,894,0.8575724027518892,18.1,17.6,1,3.200000047683716,24.0,1.0,30,3.0,12.303483963012695
C2,895,0.8559587577917702,18.2,17.6,1,2.799999952316284,24.0,1.0,30,3.0,10.982090950012207
C2,896,0.8685539631541367,17.9,17.6,1,6.0,48.0,1.0,30,3.0,10.855920791625977
C2,897,0.8623500559002011,18.0,17.7,1,4.400000095367432,36.0,1.0,30,3.0,11.313552856445312
C2,898,0.5744120147012152,50.0,17.7,1,1.2000000476837158,9.0,1.0,30,3.0,10.921464920043945
C2,899,0.8591758329899635,18.2,17.8,1,3.5999999046325684,30.0,1.0,30,3.0,9.886212348937988
C2,900,0.8543353991895412,18.4,17.8,1,2.4000000953674316,18.0,1.0,30,3.0,8.465060234069824
C2,901,0.7532813522553435,21.6,18.0,1,1.600000023841858,13.0,1.0,50,1.0,8.945703506469727
C2,902,0.8510615300280377,17.9,17.6,1,1.600000023841858,12.0,1.0,30,3.0,8.434088706970215
C2,903,0.5744120147012152,50.0,17.7,1,1.2000000476837158,6.0,1.0,30,3.0,7.593786239624023
C2,904,0.5760615300280377,50.0,17.6,1,1.600000023841858,9.0,1.0,30,3.0,5.756271839141846
C2,905,0.852702823555001,18.3,17.7,1,2.0,12.0,1.0,30,3.0,4.653763294219971
C2,906,0.8575724027518892,18.2,17.8,1,3.200000047683716,27.0,1.0,30,3.0,4.925590991973877
C2,907,0.8510615300280377,17.9,17.7,1,1.600000023841858,12.0,1.0,30,3.0,5.222021579742432
C2,908,0.852702823555001,17.7,17.5,1,2.0,12.0,1.0,30,3.0,5.399879455566406
C2,909,0.8510615300280377,18.2,17.8,1,1.600000023841858,10.0,1.0,30,2.0,4.973260879516602
C2,910,0.5727547725551173,50.0,17.7,1,0.800000011920929,4.0,1.0,30,2.0,4.450623512268066
C2,911,0.8607685509003341,18.3,17.9,1,4.0,32.0,1.0,30,2.0,5.7370405197143555
C2,912,0.8543353991895412,18.5,17.9,1,2.4000000953674316,18.0,1.0,30,3.0,6.642224311828613
C2,913,0.5760615300280377,50.0,18.4,1,1.600000023841858,6.0,1.0,30,2.0,7.318667888641357
C2,914,0.5744120147012152,50.0,17.9,1,1.2000000476837158,8.0,1.0,30,2.0,6.1245341300964355
C2,915,0.5727547725551173,50.0,17.5,1,0.800000011920929,6.0,1.0,30,2.0,5.008053779602051
C2,916,0.8559587577917702,18.1,17.9,1,2.799999952316284,22.0,1.0,30,2.0,5.404832363128662
C2,917,0.8510615300280377,18.1,17.7,1,1.600000023841858,12.0,1.0,30,2.0,5.9095659255981445
C2,918,0.5727547725551173,50.0,17.9,1,0.800000011920929,2.0,1.0,30,2.0,5.94573974609375
C2,919,0.5727547725551173,50.0,17.7,1,0.800000011920929,6.0,1.0,30,2.0,4.900777339935303
C2,920,0.5760615300280377,50.0,17.7,1,1.600000023841858,8.0,1.0,30,2.0,4.0071330070495605
C2,921,0.8575724027518892,18.3,17.9,1,3.200000047683716,26.0,1.0,30,2.0,5.070946216583252
C2,922,0.5744120147012152,50.0,17.8,1,1.2000000476837158,8.0,1.0,30,2.0,5.8425679206848145
C2,923,0.5727547725551173,50.0,17.8,1,0.800000011920929,4.0,1.0,30,1.0,6.305540561676025
C2,924,0.5727547725551173,50.0,17.6,1,0.800000011920929,8.0,1.0,30,2.0,5.38332462310791
C2,925,0.5744120147012152,50.0,18.0,1,1.2000000476837158,8.0,1.0,30,2.0,4.8299946784973145
C2,926,0.8559587577917702,18.3,17.9,1,2.799999952316284,24.0,1.0,30,2.0,5.564663410186768
C2,927,0.5744120147012152,50.0,17.9,1,1.2000000476837158,8.0,1.0,30,2.0,6.005464553833008
C2,928,0.5727547725551173,50.0,17.8,1,0.800000011920929,4.0,1.0,30,2.0,6.003278732299805
C2,929,0.852702823555001,18.0,17.6,1,2.0,14.0,1.0,30,2.0,5.335300445556641
C2,930,0.5727547725551173,50.0,17.7,1,0.800000011920929,4.0,1.0,30,2.0,4.667847156524658
C2,931,0.7706240379858561,32.7,26.8,1,11.199999809265137,56.0,1.0,30,2.0,7.734041690826416
C2,932,0.8494120147012151,18.0,17.7,1,1.2000000476837158,10.0,1.0,30,2.0,9.30709171295166
C2,933,0.5727547725551173,50.0,17.6,1,0.800000011920929,4.0,1.0,30,2.0,10.250921249389648
C2,934,0.5710902975977581,50.0,17.6,1,0.4000000059604645,2.0,1.0,30,2.0,7.217219829559326
C2,935,0.852702823555001,17.9,17.6,1,2.0,14.0,1.0,30,2.0,5.663665294647217
C2,936,0.8543353991895412,18.3,17.9,1,2.4000000953674316,20.0,1.0,30,2.0,5.79819917678833
C2,937,0.8510615300280377,18.2,17.7,1,1.600000023841858,12.0,1.0,30,2.0,6.545586109161377
C2,938,0.852702823555001,18.599999999999998,17.5,1,2.0,15.0,1.0,30,3.0,6.727351665496826
C2,939,0.5727547725551173,50.0,17.6,1,0.800000011920929,6.0,1.0,30,3.0,5.769744396209717
C2,940,0.5727547725551173,50.0,17.7,1,0.800000011920929,6.0,1.0,30,3.0,4.66184663772583
C2,941,-0.8412922798279595,210.5,82.4,14,171.54286193847656,1467.0,1.0,30,3.0,68.53044128417969
C2,942,-0.5509166666666667,32.099999999999994,21.8,48,37.48292541503906,1476.0,1.0,30,3.0,172.1849365234375
C2,943,0.8240530818580396,27.3,19.900000000000002,48,12.433333396911621,576.0,1.0,30,3.0,259.7109680175781
C2,944,0.5711250445863881,50.0,18.4,48,0.40833333134651184,6.0,1.0,30,2.0,247.42657470703125
C2,945,0.5710902975977581,50.0,17.8,48,0.4000000059604645,6.0,1.0,30,2.0,174.85594177246094
C2,946,0.8461945298928698,17.9,17.7,48,0.42500001192092896,20.0,1.0,30,2.0,107.0468978881836
C2,947,0.8462292680775939,18.1,17.6,48,0.4333333373069763,22.0,1.0,30,2.0,67.42813873291016
C2,948,-0.45379866989963447,22.9,19.099999999999998,16,2.0199999809265137,94.0,1.0,30,2.0,49.52355194091797
C2,949,0.2877547725551172,18.0,17.7,2,0.800000011920929,14.0,1.0,30,2.0,38.38079833984375
C2,950,0.8477547725551173,18.0,17.7,2,0.800000011920929,10.0,1.0,30,2.0,30.895145416259766
C2,951,0.5701068886171227,32.9,22.5,2,9.199999809265137,87.0,1.0,90,3.0,24.003753662109375
C2,952,0.8485843284339895,18.0,17.7,2,1.0,10.0,1.0,30,2.0,19.602252960205078
C2,953,0.8543353991895412,18.0,17.7,2,2.4000000953674316,34.0,1.0,30,2.0,18.561351776123047
C2,954,0.6846666666666666,44.8,33.300000000000004,1,20.399999618530273,70.0,1.0,30,2.0,18.7368106842041
C2,955,0.852702823555001,18.3,17.8,1,2.0,14.0,1.0,30,2.0,19.108753204345703
C2,956,0.8559587577917702,18.5,17.7,1,2.799999952316284,26.0,1.0,30,2.0,18.798585891723633
C2,957,0.8494120147012151,18.0,17.6,1,1.2000000476837158,10.0,1.0,30,2.0,14.6124849319458
C2,958,0.5727547725551173,50.0,17.7,1,0.800000011920929,4.0,1.0,30,2.0,11.434157371520996
C2,959,0.8543353991895412,19.0,17.8,1,2.4000000953674316,14.0,1.0,30,2.0,8.727161407470703
C2,960,0.7615310005661772,32.800000000000004,26.9,1,8.800000190734863,46.0,1.0,30,2.0,9.502963066101074
C2,961,0.8591758329899635,19.400000000000002,18.0,1,3.5999999046325684,30.0,1.0,30,2.0,11.701778411865234
C2,962,0.8510615300280377,18.0,17.8,1,1.600000023841858,10.0,1.0,30,2.0,12.754400253295898
C2,963,0.5727547725551173,50.0,17.7,1,0.800000011920929,4.0,1.0,30,2.0,10.585973739624023
C2,964,0.8494120147012151,17.8,17.5,1,1.2000000476837158,10.0,1.0,30,2.0,7.9515838623046875
C2,965,0.7669573713191894,33.099999999999994,26.8,1,11.199999809265137,54.0,1.0,30,2.0,9.30428409576416
C2,966,0.852702823555001,18.3,17.8,1,2.0,18.0,1.0,30,2.0,11.049237251281738
C2,967,0.8510615300280377,17.9,17.6,1,1.600000023841858,12.0,1.0,30,2.0,12.229541778564453
C2,968,0.8607685509003341,18.2,17.8,1,4.0,28.0,1.0,30,2.0,11.204392433166504
C2,969,0.8510615300280377,18.2,17.7,1,1.600000023841858,12.0,1.0,30,2.0,10.189301490783691
C2,970,0.7741013474818902,18.2,17.8,1,3.200000047683716,24.0,1.0,50,3.0,9.846914291381836
C2,971,0.1648,118.8,56.9,3,35.86666488647461,144.0,1.0,30,2.0,17.374814987182617
C2,972,0.488942272804311,50.0,17.7,3,0.5333333611488342,6.0,1.0,50,2.0,21.49155616760254
C2,973,0.847200726943179,18.1,17.9,3,0.6666666865348816,12.0,1.0,30,2.0,23.69493293762207
C2,974,0.572200726943179,50.0,17.7,3,0.6666666865348816,8.0,1.0,30,2.0,15.95029354095459
C2,975,0.5716458959267463,50.0,18.2,3,0.5333333611488342,6.0,1.0,30,2.0,11.303509712219238
C2,976,0.707750272921408,39.5,27.400000000000002,2,13.600000381469727,98.0,1.0,30,2.0,14.248772621154785
C2,977,0.8510615300280377,18.0,17.6,2,1.600000023841858,16.0,1.0,30,2.0,16.54926300048828
C2,978,0.5719234084714488,50.0,17.7,2,0.6000000238418579,4.0,1.0,30,2.0,17.79622459411621
C2,979,0.5727547725551173,50.0,17.7,2,0.800000011920929,6.0,1.0,30,2.0,12.411067962646484
C2,980,0.8485843284339895,17.9,17.6,2,1.0,12.0,1.0,30,2.0,8.913307189941406
C2,981,0.8438832352792386,18.1,17.7,1,1.7999999523162842,22.0,1.0,30,2.0,8.01465129852295
C2,982,0.7638692805748862,33.0,26.700000000000003,1,10.0,50.0,1.0,30,2.0,10.408790588378906
C2,983,0.852702823555001,17.9,17.6,1,2.0,14.0,1.0,30,2.0,11.978608131408691
C2,984,0.5744120147012152,50.0,18.2,1,1.2000000476837158,9.0,1.0,30,3.0,11.85383129119873
C2,985,0.7719197182260823,32.7,26.4,1,11.600000381469727,60.0,1.0,30,3.0,11.112298965454102
C2,986,0.7822276307266981,32.5,25.7,1,14.399999618530273,75.0,1.0,30,3.0,13.067378997802734
C2,987,0.6963333333333332,44.4,34.9,1,32.79999923706055,117.0,1.0,30,3.0,19.040428161621094
C2,988,0.7788223701562585,19.3,17.8,1,4.400000095367432,36.0,1.0,50,3.0,21.55759048461914
C2,989,0.852702823555001,18.700000000000003,17.8,1,2.0,15.0,1.0,30,3.0,20.401220321655273
C2,990,0.5744120147012152,50.0,17.7,1,1.2000000476837158,6.0,1.0,30,3.0,14.774065971374512
C2,991,0.8575724027518892,18.0,17.7,1,3.200000047683716,26.0,1.0,30,2.0,11.531105995178223
C2,992,0.7628555817666097,32.5,26.200000000000003,1,8.399999618530273,44.0,1.0,30,2.0,11.851997375488281
C2,993,-0.7413431021538959,210.79999999999998,87.8,12,108.80000305175781,426.0,1.0,30,2.0,40.17786407470703
C2,994,0.7883259919271861,27.7,19.599999999999998,12,3.5333333015441895,96.0,1.0,30,2.0,61.84005355834961
C2,995,0.846368191461169,19.7,17.8,12,0.46666666865348816,18.0,1.0,30,2.0,73.10403442382812
C2,996,0.846784676191858,18.2,17.7,12,0.5666666626930237,16.0,1.0,30,2.0,52.52908706665039
C2,997,0.5715070674642849,50.0,17.5,12,0.5,8.0,1.0,30,2.0,34.31745147705078
C2,998,0.5712292680775939,50.0,17.7,12,0.4333333373069763,6.0,1.0,30,2.0,22.590471267700195
C2,999,0.1719234084714488,50.0,17.5,2,0.6000000238418579,6.0,1.0,30,2.0,14.887616157531738
C2,1000,0.8414120147012151,17.9,17.6,1,1.2000000476837158,10.0,1.0,30,2.0,10.399235725402832
C2,1001,-0.8278749825981767,207.7,82.5,14,127.0,488.0,1.0,30,2.0,39.839542388916016
C2,1002,0.7839166666666667,33.099999999999994,22.9,16,27.924999237060547,444.0,1.0,30,2.0,86.70372772216797
C2,1003,0.666892348195173,33.2,22.9,16,26.649999618530273,430.0,1.0,70,2.0,142.82223510742188
C2,1004,0.7820833333333334,33.300000000000004,22.9,18,33.07500076293945,522.0,1.0,30,2.0,178.760009765625
C2,1005,0.8017500000000001,32.9,22.4,18,24.044445037841797,432.0,1.0,30,2.0,199.52267456054688
C2,1006,0.8026666666666666,32.800000000000004,22.3,18,24.66666603088379,440.0,1.0,30,2.0,212.64694213867188
C2,1007,0.8035833333333333,32.7,22.2,18,23.11111068725586,410.0,1.0,30,2.0,213.05482482910156
C2,1008,0.799,33.2,22.8,18,23.0,412.0,1.0,30,2.0,211.9662322998047
C2,1009,0.8008333333333334,33.0,22.5,18,21.755556106567383,382.0,1.0,30,2.0,207.4464111328125
C2,1010,0.679,33.2,22.9,15,28.213333129882812,432.0,1.0,30,2.0,206.201171875
C2,1011,0.7820833333333334,33.300000000000004,23.0,17,33.68000030517578,502.0,1.0,30,2.0,211.45404052734375
C2,1012,0.7909400715955263,33.0,22.700000000000003,17,19.95294189453125,352.0,1.0,30,2.0,212.6057586669922
C2,1013,0.8008333333333334,33.0,22.8,17,21.082353591918945,376.0,1.0,30,2.0,209.56346130371094
C2,1014,0.7999166666666667,33.099999999999994,22.8,17,22.541175842285156,386.0,1.0,30,2.0,200.00474548339844
C2,1015,0.7980833333333334,33.300000000000004,23.099999999999998,17,21.48235321044922,372.0,1.0,30,2.0,195.60284423828125
C2,1016,0.799,33.2,22.8,17,22.235294342041016,380.0,1.0,30,2.0,193.22837829589844
C2,1017,0.6771666666666668,33.4,23.2,14,24.571428298950195,356.0,1.0,30,2.0,189.80369567871094
C2,1018,0.7925833333333334,33.9,23.900000000000002,14,26.05714225769043,346.0,1.0,30,2.0,186.0155487060547
C2,1019,0.639,33.2,23.0,18,37.17142868041992,531.0,1.0,30,3.0,182.0093231201172
C2,1020,0.8026666666666666,32.800000000000004,22.4,18,28.46666717529297,519.0,1.0,30,3.0,178.93893432617188
C2,1021,0.5654166666666667,32.5,21.7,24,36.32381057739258,735.0,1.0,30,3.0,186.69668579101562
C2,1022,0.81,32.0,21.3,24,21.66666603088379,522.0,1.0,30,3.0,190.95135498046875
C2,1023,0.8081666666666668,32.2,21.4,24,26.433332443237305,618.0,1.0,30,3.0,197.90414428710938
C2,1024,0.6817580040091437,32.2,21.5,24,28.03333282470703,684.0,1.0,70,3.0,199.8091583251953
C2,1025,0.5882030793374147,32.300000000000004,21.4,24,17.733333587646484,424.0,1.0,90,2.0,206.01882934570312
C2,1026,0.6663282029570953,32.2,21.3,24,24.233333587646484,579.0,1.0,70,3.0,208.01129150390625
C2,1027,0.5685452583552795,32.2,21.6,21,29.657142639160156,639.0,1.0,70,3.0,207.20677185058594
C2,1028,0.23326050940200144,33.0,22.4,10,27.75238037109375,579.0,1.0,70,3.0,204.19073486328125
C2,1029,0.6083747132098513,38.0,25.4,9,25.040000915527344,282.0,1.0,70,3.0,189.1811065673828
C2,1030,0.6785275811902349,39.1,26.8,9,42.22222137451172,399.0,1.0,70,3.0,169.5086669921875
C2,1031,0.4927731340248344,37.900000000000006,25.5,14,76.97777557373047,741.0,1.0,50,3.0,164.9051971435547
C2,1032,0.6053196058273801,33.099999999999994,22.8,17,20.235294342041016,342.0,1.0,50,3.0,164.80978393554688
C2,1033,0.7169122438833619,33.0,22.599999999999998,17,18.023529052734375,303.0,1.0,50,3.0,160.48587036132812
C2,1034,0.6096180934900717,33.099999999999994,22.599999999999998,17,30.164705276489258,513.0,1.0,90,3.0,147.75819396972656
C2,1035,0.7707000011376757,32.800000000000004,22.5,17,31.505882263183594,531.0,1.0,50,3.0,148.52157592773438
C2,1036,0.7798614845086532,33.0,22.599999999999998,17,35.20000076293945,609.0,1.0,50,3.0,162.57962036132812
C2,1037,0.5953333333333333,33.6,23.7,12,47.83333206176758,591.0,1.0,50,3.0,174.48110961914062
C2,1038,0.5208333333333334,33.0,22.700000000000003,19,21.74736785888672,410.0,1.0,30,2.0,185.35533142089844
C2,1039,0.8045,32.599999999999994,22.1,19,22.947368621826172,434.0,1.0,30,2.0,193.7465362548828
C2,1040,0.8054166666666667,32.5,22.1,19,22.926315307617188,434.0,1.0,30,2.0,201.4479217529297
C2,1041,0.8045,32.599999999999994,22.1,19,28.3157901763916,528.0,1.0,30,2.0,213.9354248046875
C2,1042,0.8035833333333333,32.7,22.0,19,30.75789451599121,574.0,1.0,30,2.0,230.76124572753906
C2,1043,0.8035833333333333,32.7,21.9,19,26.021053314208984,490.0,1.0,30,2.0,244.590087890625
C2,1044,0.8035833333333333,32.7,22.2,19,29.621051788330078,554.0,1.0,30,2.0,254.62071228027344
C2,1045,0.8054166666666667,32.5,22.0,19,25.32631492614746,476.0,1.0,30,2.0,254.1057586669922
C2,1046,0.8026666666666666,32.800000000000004,22.2,19,26.18947410583496,506.0,1.0,30,2.0,254.86346435546875
C2,1047,0.8054166666666667,32.5,22.0,19,31.24210548400879,584.0,1.0,30,2.0,257.3180847167969
C2,1048,0.8035833333333333,32.7,22.2,19,29.87368392944336,558.0,1.0,30,2.0,264.25750732421875
C2,1049,0.8026666666666666,32.800000000000004,22.1,19,26.484210968017578,488.0,1.0,30,2.0,267.2211608886719
C2,1050,0.8035833333333333,32.7,22.2,19,23.74736785888672,448.0,1.0,30,2.0,259.9327087402344
C2,1051,0.8054166666666667,32.5,22.2,19,26.82105255126953,498.0,1.0,30,2.0,251.5596160888672
C2,1052,0.7894166666666667,32.5,22.0,21,33.326316833496094,642.0,1.0,30,3.0,242.5357666015625
C2,1053,0.25275000000000003,31.7,20.9,35,37.78285598754883,1161.0,1.0,30,3.0,258.85479736328125
C2,1054,0.8411666666666666,28.6,20.400000000000002,35,26.98285675048828,933.0,1.0,30,3.0,276.9128723144531
C2,1055,0.8241530310288883,28.8,20.299999999999997,35,17.485713958740234,594.0,1.0,30,3.0,285.6143798828125
C2,1056,0.8258943216891806,28.5,20.299999999999997,35,17.062856674194336,597.0,1.0,30,3.0,265.7686462402344
C2,1057,0.8295184282948017,28.2,20.2,35,17.428571701049805,585.0,1.0,30,3.0,238.39451599121094
C2,1058,0.8288436638620184,28.299999999999997,20.299999999999997,35,17.531429290771484,579.0,1.0,30,3.0,221.30337524414062
C2,1059,0.6699752815806341,28.299999999999997,20.2,31,18.022857666015625,621.0,1.0,30,3.0,212.1153564453125
C2,1060,0.4063333333333334,32.4,21.5,21,27.580951690673828,582.0,1.0,30,3.0,206.46920776367188
C2,1061,0.6100000000000001,32.0,21.3,26,32.96923065185547,813.0,1.0,30,3.0,213.4815216064453
C2,1062,0.7045714869657016,30.200000000000003,21.1,26,9.10769271850586,232.0,1.0,50,1.0,221.02224731445312
C2,1063,0.630214971460702,30.4,21.5,26,8.676922798156738,215.0,1.0,70,1.0,228.3466796875
C2,1064,0.81,32.0,21.1,26,28.461538314819336,717.0,1.0,30,3.0,228.47467041015625
C2,1065,0.8090833333333334,32.099999999999994,21.1,26,22.78461456298828,579.0,1.0,30,3.0,223.35147094726562
C2,1066,0.8090833333333334,32.099999999999994,21.3,26,22.846153259277344,573.0,1.0,30,3.0,217.07754516601562
C2,1067,0.81,32.0,21.2,26,24.13846206665039,606.0,1.0,30,3.0,208.37986755371094
C2,1068,0.7916065967624479,31.8,21.1,26,15.476922988891602,396.0,1.0,30,2.0,203.82791137695312
C2,1069,0.7872275435438791,32.099999999999994,21.2,26,14.876922607421875,376.0,1.0,30,2.0,200.69674682617188
C2,1070,0.5970827082114463,32.2,21.5,21,19.352380752563477,406.0,1.0,30,2.0,198.95138549804688
C2,1071,0.8054166666666667,32.5,21.7,21,23.657142639160156,490.0,1.0,30,2.0,204.17083740234375
C2,1072,0.79925,32.300000000000004,21.7,20,22.30476188659668,458.0,1.0,30,2.0,212.7691650390625
C2,1073,0.6826666666666666,32.800000000000004,22.3,17,28.611764907836914,482.0,1.0,30,2.0,222.9948272705078
C2,1074,0.7999166666666667,33.099999999999994,22.599999999999998,17,25.247058868408203,426.0,1.0,30,2.0,224.8635711669922
C2,1075,0.8026666666666666,32.800000000000004,22.5,17,20.3764705657959,358.0,1.0,30,2.0,219.31814575195312
C2,1076,0.8017500000000001,32.9,22.5,17,25.035293579101562,414.0,1.0,30,2.0,211.45755004882812
C2,1077,0.6035833333333334,32.7,22.2,22,34.900001525878906,657.0,1.0,30,3.0,207.54119873046875
C2,1078,0.8063333333333333,32.4,21.6,22,27.654544830322266,606.0,1.0,30,3.0,208.258056640625
C2,1079,0.80725,32.300000000000004,21.6,22,24.07272720336914,531.0,1.0,30,3.0,204.68817138671875
C2,1080,0.8063333333333333,32.4,21.6,22,22.836362838745117,507.0,1.0,30,3.0,195.8795623779297
C2,1081,0.8063333333333333,32.4,21.8,22,25.454545974731445,555.0,1.0,30,3.0,188.32774353027344
C2,1082,0.8090833333333334,32.099999999999994,21.4,22,30.436363220214844,672.0,1.0,30,3.0,190.0633087158203
C2,1083,0.6890833333333334,32.099999999999994,21.3,25,31.104000091552734,756.0,1.0,30,3.0,202.17132568359375
C2,1084,0.8155,31.4,20.9,25,30.09600067138672,753.0,1.0,30,3.0,218.2361297607422
C2,1085,0.7936527040208744,31.4,21.1,25,14.880000114440918,360.0,1.0,30,3.0,214.0083465576172
C2,1086,0.81,32.0,21.1,25,22.368000030517578,549.0,1.0,30,3.0,202.27166748046875
C2,1087,0.7985047628070923,32.0,21.2,25,19.152000427246094,474.0,1.0,30,3.0,182.8296661376953
C2,1088,0.8090833333333334,32.099999999999994,21.1,25,27.68000030517578,681.0,1.0,30,3.0,185.43113708496094
C2,1089,0.8109166666666667,31.9,21.1,25,25.856000900268555,639.0,1.0,30,3.0,190.9920196533203
C2,1090,0.7889714550281085,32.099999999999994,21.2,25,15.520000457763672,381.0,1.0,30,3.0,190.19520568847656
C2,1091,0.6182670335893731,32.2,21.5,25,10.303999900817871,256.0,1.0,70,2.0,176.51712036132812
C2,1092,0.8191666666666666,31.0,21.0,25,21.711999893188477,543.0,1.0,30,3.0,164.04360961914062
C2,1093,0.81,32.0,21.1,25,32.736000061035156,813.0,1.0,30,3.0,175.75949096679688
C2,1094,0.81,32.0,21.3,25,20.43199920654297,504.0,1.0,30,3.0,188.1223602294922
C2,1095,0.8109166666666667,31.9,21.1,25,24.384000778198242,612.0,1.0,30,3.0,198.60675048828125
C2,1096,0.798147702824791,32.2,21.3,25,19.88800048828125,465.0,1.0,30,3.0,189.43072509765625
C2,1097,0.7983386231142107,32.0,21.1,25,19.07200050354004,471.0,1.0,30,3.0,182.45843505859375
C2,1098,0.7742823951771102,32.0,21.4,25,10.368000030517578,258.0,1.0,30,2.0,168.27505493164062
C2,1099,0.6216693824039953,32.4,21.8,21,13.885714530944824,278.0,1.0,30,2.0,157.63169860839844
C2,1100,0.7822811157434101,32.5,21.8,20,17.504762649536133,362.0,1.0,30,2.0,154.44569396972656
C2,1101,0.6408333333333334,33.0,22.599999999999998,16,25.325000762939453,412.0,1.0,30,2.0,162.80075073242188
C2,1102,0.799,33.2,22.9,16,23.225000381469727,368.0,1.0,30,2.0,173.81378173828125
C2,1103,0.7811666666666668,33.4,23.3,14,27.91428565979004,402.0,1.0,30,2.0,183.08827209472656
C2,1104,0.7625953070429842,33.0,22.599999999999998,14,9.628571510314941,162.0,1.0,30,2.0,171.98629760742188
C2,1105,0.7879208649455931,33.0,22.700000000000003,14,18.485713958740234,285.0,1.0,30,3.0,153.4584503173828
C2,1106,0.584418766771935,33.2,23.0,19,42.25714111328125,573.0,1.0,30,3.0,141.00839233398438
C2,1107,0.7848383038798785,32.800000000000004,22.3,19,16.399999618530273,318.0,1.0,30,3.0,136.8717041015625
C2,1108,0.7370304599602238,32.599999999999994,22.1,19,21.957895278930664,402.0,1.0,50,2.0,148.5230255126953
C2,1109,0.7892903074292041,32.9,22.4,19,18.69473648071289,348.0,1.0,30,3.0,145.51380920410156
C2,1110,0.8045,32.599999999999994,22.1,19,29.136842727661133,558.0,1.0,30,3.0,154.3749542236328
C2,1111,0.6854166666666667,32.5,22.0,22,34.673683166503906,657.0,1.0,30,3.0,162.09164428710938
C2,1112,0.6509166666666667,31.9,21.2,26,35.400001525878906,762.0,1.0,30,3.0,185.12164306640625
C2,1113,0.81,32.0,21.1,26,26.369230270385742,675.0,1.0,30,3.0,204.13966369628906
C2,1114,0.8109166666666667,31.9,21.1,26,30.153846740722656,777.0,1.0,30,3.0,220.8837890625
C2,1115,0.8118333333333333,31.8,21.1,26,32.13846206665039,822.0,1.0,30,3.0,233.59693908691406
C2,1116,0.81,32.0,21.1,26,26.538461685180664,687.0,1.0,30,3.0,241.75816345214844
C2,1117,0.7985404025254301,32.0,21.1,26,19.169231414794922,486.0,1.0,30,3.0,233.72157287597656
C2,1118,0.8127500000000001,31.7,20.9,26,32.369232177734375,843.0,1.0,30,3.0,229.83294677734375
C2,1119,0.81,32.0,21.0,26,29.815383911132812,762.0,1.0,30,3.0,230.83309936523438
C2,1120,0.6109166666666667,31.9,21.0,31,35.53845977783203,924.0,1.0,30,3.0,250.8998565673828
C2,1121,0.8007918069157531,30.8,20.7,31,15.483870506286621,450.0,1.0,30,3.0,245.47325134277344
C2,1122,0.8127496760384556,30.5,20.8,31,19.3935489654541,594.0,1.0,30,3.0,234.7506103515625
C2,1123,0.8162851454071719,30.099999999999998,20.7,31,19.32903289794922,579.0,1.0,30,3.0,212.98370361328125
C2,1124,0.7993209659201893,30.900000000000002,20.8,31,15.277419090270996,459.0,1.0,30,3.0,200.32354736328125
C2,1125,0.8027767625912683,29.8,20.6,31,12.967741966247559,396.0,1.0,30,3.0,183.92745971679688
C2,1126,0.4063333333333334,32.4,21.6,21,22.590476989746094,492.0,1.0,30,3.0,170.22314453125
C2,1127,0.4761660454264428,32.300000000000004,21.4,29,40.64761734008789,876.0,1.0,30,3.0,180.5338897705078
C2,1128,0.8192213203701069,29.8,20.8,29,19.420690536499023,540.0,1.0,30,3.0,193.12033081054688
C2,1129,0.8283333333333334,30.0,20.7,29,27.034482955932617,771.0,1.0,30,3.0,213.07220458984375
C2,1130,0.8200833333333334,30.900000000000002,20.8,29,24.234481811523438,684.0,1.0,30,3.0,216.50997924804688
C2,1131,0.8237500000000001,30.5,20.6,29,30.372413635253906,879.0,1.0,30,3.0,233.6393280029297
C2,1132,0.8246666666666667,30.4,20.7,29,26.11034393310547,744.0,1.0,30,3.0,242.71693420410156
C2,1133,0.8200833333333334,30.900000000000002,20.9,29,23.682758331298828,669.0,1.0,30,3.0,247.496826171875
C2,1134,0.7995412239672226,31.099999999999998,20.9,29,16.055171966552734,462.0,1.0,30,3.0,231.8314208984375
C2,1135,0.8155,31.4,20.9,29,21.43448257446289,606.0,1.0,30,3.0,216.29885864257812
C2,1136,0.8006918297913698,31.8,21.0,29,19.324138641357422,540.0,1.0,30,3.0,201.24598693847656
C2,1137,0.6955,31.4,20.9,26,23.24615478515625,597.0,1.0,30,3.0,198.21424865722656
C2,1138,0.794,32.0,21.1,28,34.68333435058594,810.0,1.0,30,3.0,205.46188354492188
C2,1139,0.8081666666666668,32.2,21.1,28,21.200000762939453,579.0,1.0,30,3.0,211.54379272460938
C2,1140,0.8127500000000001,31.7,21.0,28,22.08571434020996,609.0,1.0,30,3.0,215.7262725830078
C2,1141,0.7074166666666667,30.099999999999998,20.7,31,32.541934967041016,945.0,1.0,30,3.0,224.2357635498047
C2,1142,-1.356740679232255,29.5,21.4,85,47.76774215698242,2715.0,1.0,30,3.0,324.2747802734375
C2,1143,0.8458608475622146,24.400000000000002,19.7,85,10.941935539245605,657.0,1.0,30,3.0,386.4315490722656
C2,1144,0.8468672538508291,23.900000000000002,19.5,85,9.877419471740723,585.0,1.0,30,3.0,407.7255859375
C2,1145,0.6548789486780213,23.8,19.400000000000002,85,10.309677124023438,615.0,1.0,90,3.0,327.168701171875
C2,1146,0.8492743330845964,23.8,19.400000000000002,85,10.316128730773926,600.0,1.0,30,3.0,276.30120849609375
C2,1147,0.8318625385250435,24.5,19.599999999999998,85,7.212903022766113,432.0,1.0,30,3.0,238.98072814941406
C2,1148,-1.7566448499985343,28.2,20.1,21,8.703448295593262,270.0,1.0,30,3.0,201.25509643554688
C2,1149,0.8054166666666667,32.5,21.8,21,23.180952072143555,477.0,1.0,30,3.0,173.15306091308594
C2,1150,0.80725,32.300000000000004,21.7,21,27.200000762939453,561.0,1.0,30,3.0,162.02517700195312
C2,1151,0.8054166666666667,32.5,21.8,21,31.02857208251953,663.0,1.0,30,3.0,172.8151092529297
C2,1152,0.8054166666666667,32.5,21.8,21,24.952381134033203,519.0,1.0,30,3.0,181.15573120117188
C2,1153,0.80725,32.300000000000004,21.8,21,20.076190948486328,420.0,1.0,30,3.0,179.8934326171875
C2,1154,0.8054166666666667,32.5,21.9,21,20.895238876342773,447.0,1.0,30,3.0,169.5360565185547
C2,1155,0.8063333333333333,32.4,21.7,21,27.923809051513672,570.0,1.0,30,3.0,165.5883026123047
C2,1156,0.80725,32.300000000000004,21.6,21,26.285715103149414,552.0,1.0,30,3.0,169.08631896972656
C2,1157,0.7950965376699666,32.300000000000004,21.6,21,18.83809471130371,387.0,1.0,30,3.0,168.51846313476562
C2,1158,0.7971098122246075,28.5,20.299999999999997,21,7.733333110809326,219.0,1.0,30,3.0,152.57774353027344
C2,1159,0.792991927973271,28.1,20.1,21,5.657142639160156,180.0,1.0,30,3.0,126.47998046875
C2,1160,0.7897657330687347,28.0,19.8,21,4.590476036071777,159.0,1.0,30,3.0,100.68798828125
C2,1161,0.7614873504160269,32.099999999999994,21.1,19,11.621052742004395,255.0,1.0,30,3.0,86.81278991699219
C2,1162,0.3808594946483831,31.5,20.8,13,8.942856788635254,189.0,1.0,70,3.0,78.8876724243164
C2,1163,0.52693123207126,32.099999999999994,20.7,7,8.514286041259766,144.0,1.0,30,3.0,73.46593475341797
C2,1164,0.7748266070862319,33.0,22.3,7,13.428571701049805,165.0,1.0,30,3.0,66.21289825439453
C2,1165,0.7711864935706368,32.800000000000004,22.5,7,11.657142639160156,162.0,1.0,30,3.0,60.66107177734375
C2,1166,0.5799047354004879,34.1,24.7,4,16.399999618530273,204.0,1.0,50,3.0,59.99664306640625
C2,1167,0.6486666666666667,49.6,34.0,4,44.099998474121094,246.0,1.0,50,3.0,63.1979866027832
C2,1168,0.7468917428195903,34.4,25.0,6,13.733333587646484,136.0,1.0,30,2.0,66.98545837402344
C2,1169,0.7541773329281849,35.2,25.6,6,13.266666412353516,134.0,1.0,30,2.0,69.1246109008789
C2,1170,0.7291950181708161,37.5,25.5,6,12.0,126.0,1.0,30,2.0,67.87476348876953
C2,1171,0.7339741389100801,38.800000000000004,26.700000000000003,6,18.133333206176758,154.0,1.0,30,2.0,68.32485961914062
C2,1172,0.7623035972971594,34.4,24.7,6,13.533333778381348,138.0,1.0,30,2.0,68.86157989501953
C2,1173,0.6849166666666666,43.9,29.1,4,23.799999237060547,148.0,1.0,30,2.0,70.65028381347656
C2,1174,0.6862500000000001,45.5,32.0,4,24.0,140.0,1.0,30,2.0,70.79016876220703
C2,1175,0.6308333333333334,49.8,34.8,6,38.79999923706055,192.0,1.0,30,2.0,74.4740982055664
C2,1176,0.7550722222884645,34.7,25.0,6,12.066666603088379,124.0,1.0,30,2.0,75.08445739746094
C2,1177,0.4679573744322611,43.9,29.2,11,48.79999923706055,351.0,1.0,30,3.0,81.71734619140625
C2,1178,0.7765833333333334,33.9,24.1,13,30.369230270385742,393.0,1.0,30,3.0,90.36373901367188
C2,1179,0.7851729307758814,33.6,23.5,13,19.815383911132812,282.0,1.0,30,3.0,99.81824493408203
C2,1180,0.7769495383035331,32.5,21.8,13,12.615385055541992,231.0,1.0,30,3.0,100.1576156616211
C2,1181,0.7898333333333334,34.2,24.2,13,31.78461456298828,411.0,1.0,30,3.0,101.1612319946289
C2,1182,0.7704954867877876,32.300000000000004,21.1,13,10.061538696289062,198.0,1.0,30,3.0,98.03007507324219
C2,1183,0.7935332211314905,28.8,20.5,13,7.507692337036133,171.0,1.0,30,3.0,93.48471069335938
C2,1184,0.7804538530334675,32.2,21.6,13,12.861538887023926,222.0,1.0,30,3.0,82.35749053955078
C2,1185,0.7463646634115344,32.599999999999994,22.1,13,4.276923179626465,71.0,1.0,30,1.0,76.34783172607422
C2,1186,0.7967533100054734,28.299999999999997,20.299999999999997,13,7.138461589813232,174.0,1.0,30,3.0,72.8753662109375
C2,1187,0.34079931985747186,33.5,23.8,6,15.0,189.0,1.0,70,3.0,69.3252182006836
C2,1188,0.7717078711585772,33.2,23.099999999999998,6,13.0,150.0,1.0,30,3.0,64.39513397216797
C2,1189,0.777052063412363,33.5,23.5,6,15.866666793823242,165.0,1.0,30,3.0,61.037078857421875
C2,1190,0.7170000000000001,40.4,28.1,4,29.100000381469727,198.0,1.0,30,3.0,59.42224884033203
C2,1191,0.2159509509231913,50.0,33.6,12,67.8499984741211,429.0,1.0,30,3.0,70.85334777832031
C2,1192,0.7889166666666667,34.3,24.6,12,27.133333206176758,333.0,1.0,30,3.0,85.17867279052734
C2,1193,0.7828582245136476,33.300000000000004,23.3,12,17.46666717529297,246.0,1.0,30,3.0,95.9072036743164
C2,1194,0.7898333333333334,34.2,24.5,12,20.16666603088379,240.0,1.0,30,2.0,99.27765655517578
C2,1195,0.765198885192147,33.099999999999994,23.0,12,10.666666984558105,160.0,1.0,30,2.0,97.16659545898438
C2,1196,0.7935,33.8,24.400000000000002,12,24.866666793823242,302.0,1.0,30,2.0,105.0999526977539
C2,1197,0.7907500000000001,34.1,24.5,12,27.233333587646484,332.0,1.0,30,2.0,115.9933090209961
C2,1198,0.7777489656045662,34.0,24.2,12,18.03333282470703,206.0,1.0,30,2.0,125.59598541259766
C2,1199,0.7629562306165121,33.0,22.4,12,9.733333587646484,154.0,1.0,30,2.0,121.49092102050781
C2,1200,0.7569381524508028,36.5,24.8,12,19.0,228.0,1.0,30,2.0,112.09455108642578
C2,1201,0.7545833333333334,36.3,24.5,14,78.0999984741211,978.0,1.0,70,3.0,136.1900634765625
C2,1202,-0.42593470464328054,29.5,20.7,45,44.0,1448.0,1.0,30,2.0,236.91403198242188
C2,1203,0.8226923042611839,26.5,19.900000000000002,45,9.777777671813965,428.0,1.0,30,2.0,310.6817626953125
C2,1204,0.817216694605098,26.5,19.900000000000002,45,8.222222328186035,360.0,1.0,30,2.0,335.4757080078125
C2,1205,0.8021848060550771,27.7,19.900000000000002,45,7.119999885559082,300.0,1.0,30,2.0,273.8187561035156
C2,1206,0.8045114010211091,27.900000000000002,20.1,45,8.25777816772461,354.0,1.0,30,3.0,224.02459716796875
C2,1207,0.8172691577810729,27.5,19.900000000000002,45,10.88888931274414,465.0,1.0,30,3.0,190.81475830078125
C2,1208,-0.32999327593360667,32.300000000000004,21.6,17,16.633333206176758,438.0,1.0,30,3.0,170.3555145263672
C2,1209,0.8017500000000001,32.9,22.5,17,29.458824157714844,483.0,1.0,30,3.0,163.8133087158203
C2,1210,0.77235959630575,32.099999999999994,20.8,17,10.070588111877441,234.0,1.0,30,3.0,149.62132263183594
C2,1211,0.7874510511642245,33.300000000000004,22.8,17,19.57647132873535,321.0,1.0,30,3.0,135.9061279296875
C2,1212,0.7739937230188234,32.0,21.0,17,10.282353401184082,237.0,1.0,30,3.0,116.7436752319336
C2,1213,0.799,33.2,22.599999999999998,17,23.011764526367188,390.0,1.0,30,3.0,112.17953491210938
C2,1214,0.7857631902576768,33.099999999999994,22.700000000000003,17,17.929410934448242,309.0,1.0,30,3.0,108.90772247314453
C2,1215,0.6638773254886446,33.4,23.0,14,18.314285278320312,282.0,1.0,30,3.0,108.94463348388672
C2,1216,0.7953333333333333,33.6,23.599999999999998,14,31.485713958740234,447.0,1.0,30,3.0,111.50011444091797
C2,1217,0.6753333333333333,33.6,23.599999999999998,17,34.11428451538086,489.0,1.0,30,3.0,121.03340148925781
C2,1218,0.5983375090923547,33.2,22.9,17,26.30588150024414,438.0,1.0,90,2.0,143.4200439453125
C2,1219,0.8035833333333333,32.7,22.3,17,32.37647247314453,552.0,1.0,30,3.0,161.51869201660156
C2,1220,0.4863333333333334,32.4,21.7,25,38.68571472167969,738.0,1.0,30,3.0,183.44454956054688
C2,1221,0.81,32.0,21.2,25,31.84000015258789,798.0,1.0,30,3.0,202.86672973632812
C2,1222,0.8109166666666667,31.9,21.1,25,20.86400032043457,504.0,1.0,30,3.0,212.38670349121094
C2,1223,0.81,32.0,21.2,25,21.90399932861328,537.0,1.0,30,3.0,209.1653594970703
C2,1224,0.7897436709523618,32.300000000000004,21.5,25,16.527999877929688,410.0,1.0,30,2.0,199.09921264648438
C2,1225,0.6105706619635695,32.4,21.6,25,8.192000389099121,198.0,1.0,70,1.0,197.0595245361328
C2,1226,0.771933495831318,32.5,21.7,25,11.039999961853027,264.0,1.0,30,2.0,189.5690460205078
C2,1227,0.5381366911488817,30.8,21.1,19,8.315789222717285,176.0,1.0,30,2.0,169.47476196289062
C2,1228,0.777465233739504,33.0,22.4,19,14.33684253692627,270.0,1.0,30,2.0,149.0181884765625
C2,1229,0.4353333333333334,33.6,23.3,10,21.946666717529297,326.0,1.0,30,2.0,140.87757873535156
C2,1230,0.7430833333333333,39.300000000000004,26.700000000000003,10,25.31999969482422,254.0,1.0,30,2.0,141.19322204589844
C2,1231,0.7353333333333333,38.4,25.9,12,31.233333587646484,342.0,1.0,30,2.0,146.18260192871094
C2,1232,0.7760833333333333,35.7,24.8,12,26.53333282470703,324.0,1.0,30,2.0,149.0428924560547
C2,1233,0.7843333333333333,34.8,24.6,12,42.36666488647461,519.0,1.0,50,3.0,156.89239501953125
C2,1234,0.7701694436382109,34.9,24.6,12,38.33333206176758,453.0,1.0,50,3.0,158.93544006347656
C2,1235,0.7870833333333334,34.5,24.5,12,52.16666793823242,633.0,1.0,50,3.0,166.69459533691406
C2,1236,0.7834166666666667,34.9,24.5,12,41.33333206176758,507.0,1.0,50,3.0,170.81675720214844
C2,1237,0.7296814396103336,34.8,24.7,12,25.16666603088379,312.0,1.0,50,3.0,167.0233917236328
C2,1238,0.7634495004330597,33.9,24.299999999999997,12,32.400001525878906,387.0,1.0,50,3.0,153.81402587890625
C2,1239,0.7676950181708162,33.300000000000004,23.099999999999998,12,12.0,168.0,1.0,30,2.0,134.55508422851562
C2,1240,0.6625,35.0,24.6,15,34.63333511352539,430.0,1.0,30,2.0,137.79971313476562
C2,1241,0.7962499999999999,33.5,23.2,15,28.373332977294922,418.0,1.0,30,2.0,150.4131622314453
C2,1242,0.799,33.2,23.0,15,28.426666259765625,422.0,1.0,30,2.0,174.91456604003906
C2,1243,0.7971666666666668,33.4,23.2,15,27.280000686645508,412.0,1.0,30,2.0,188.4154052734375
C2,1244,0.7944166666666667,33.7,23.599999999999998,15,27.46666717529297,402.0,1.0,30,2.0,195.44924926757812
C2,1245,0.559,33.2,22.9,21,38.79999923706055,678.0,1.0,30,3.0,201.66954040527344
C2,1246,0.45091666666666674,31.9,21.1,30,34.68000030517578,924.0,1.0,30,3.0,219.00172424316406
C2,1247,0.8329166666666667,29.5,20.5,30,25.573333740234375,741.0,1.0,30,3.0,235.53436279296875
C2,1248,0.8237500000000001,30.5,20.8,30,25.81333351135254,741.0,1.0,30,3.0,248.2539520263672
C2,1249,0.804193866498321,29.8,20.7,30,13.4399995803833,402.0,1.0,30,3.0,232.68569946289062
C2,1250,0.7974923614378892,29.0,20.6,30,9.119999885559082,254.0,1.0,30,2.0,207.34475708007812
C2,1251,0.8177039580350596,29.8,20.6,30,18.69333267211914,549.0,1.0,30,3.0,183.6068572998047
C2,1252,0.5917855905337982,31.9,21.0,25,15.89230728149414,417.0,1.0,30,3.0,170.03077697753906
C2,1253,0.8090833333333334,32.099999999999994,21.3,25,21.263999938964844,516.0,1.0,30,3.0,167.8851318359375
C2,1254,0.5245,32.599999999999994,22.1,18,28.488889694213867,525.0,1.0,30,3.0,165.5310821533203
C2,1255,0.6044999999999999,32.599999999999994,21.9,23,34.69565200805664,693.0,1.0,30,3.0,176.38531494140625
C2,1256,0.8054166666666667,32.5,21.6,23,21.286956787109375,480.0,1.0,30,3.0,181.2978515625
C2,1257,0.80725,32.300000000000004,21.5,23,31.008695602416992,699.0,1.0,30,3.0,191.9787139892578
C2,1258,0.8090833333333334,32.099999999999994,21.3,23,25.060869216918945,591.0,1.0,30,3.0,193.85389709472656
C2,1259,0.8081666666666668,32.2,21.3,23,21.200000762939453,477.0,1.0,30,3.0,194.84567260742188
C2,1260,0.7971624599533309,29.0,20.5,23,9.026086807250977,252.0,1.0,30,3.0,175.57406616210938
C2,1261,0.17946558846690605,32.0,21.2,38,48.0461540222168,1131.0,1.0,30,3.0,188.0111083984375
C2,1262,-0.5033897360477171,28.2,20.8,71,47.30526351928711,2133.0,1.0,30,3.0,269.0733337402344
C2,1263,0.8460581057194041,21.1,18.8,71,2.845161199569702,222.0,1.0,30,3.0,316.3773193359375
C2,1264,0.8335244104360937,23.2,19.3,71,4.529032230377197,288.0,1.0,30,3.0,307.2930603027344
C2,1265,0.8318173296287065,23.900000000000002,19.599999999999998,71,5.7419352531433105,336.0,1.0,30,3.0,221.97584533691406
C2,1266,0.8353245527658409,23.7,19.5,71,6.180644989013672,354.0,1.0,30,3.0,176.6521759033203
C2,1267,0.8422799201433203,23.400000000000002,19.5,71,7.303225994110107,420.0,1.0,30,3.0,155.3246307373047
C2,1268,-1.4484906482684707,32.4,21.7,15,17.63809585571289,396.0,1.0,30,3.0,145.1947784423828
C2,1269,0.7822568707294588,33.5,23.3,15,18.0,266.0,1.0,30,2.0,141.1168670654297
C2,1270,0.7971666666666668,33.4,23.2,15,24.959999084472656,382.0,1.0,30,2.0,145.47012329101562
C2,1271,0.7980833333333334,33.300000000000004,23.2,15,32.45333480834961,502.0,1.0,30,2.0,163.94874572753906
C2,1272,0.7848333333333334,33.0,22.8,17,26.799999237060547,444.0,1.0,30,2.0,186.90257263183594
C2,1273,0.5635833333333333,32.7,22.3,23,37.31999969482422,681.0,1.0,30,3.0,205.47488403320312
C2,1274,0.80725,32.300000000000004,21.4,23,23.373912811279297,522.0,1.0,30,3.0,206.35159301757812
C2,1275,0.8081666666666668,32.2,21.4,23,24.765216827392578,552.0,1.0,30,3.0,201.8109588623047
C2,1276,0.8081666666666668,32.2,21.3,23,26.330434799194336,609.0,1.0,30,3.0,195.88658142089844
C2,1277,0.8081666666666668,32.2,21.4,23,23.634782791137695,540.0,1.0,30,3.0,193.13194274902344
C2,1278,0.81,32.0,21.2,23,27.408695220947266,630.0,1.0,30,3.0,194.94583129882812
C2,1279,0.8090833333333334,32.099999999999994,21.3,23,29.339130401611328,660.0,1.0,30,3.0,198.3008270263672
C2,1280,0.786588622885503,30.099999999999998,20.7,23,8.886956214904785,246.0,1.0,30,3.0,187.24716186523438
C2,1281,0.7851814487072923,32.300000000000004,21.5,23,14.800000190734863,324.0,1.0,30,3.0,167.0149688720703
C2,1282,0.7795320382506423,31.9,20.9,23,11.686956405639648,294.0,1.0,30,3.0,138.60897827148438
C2,1283,0.7870293719639078,32.4,21.5,23,15.82608699798584,360.0,1.0,30,3.0,126.6320571899414
C2,1284,0.8081666666666668,32.2,21.5,23,24.782608032226562,573.0,1.0,30,3.0,130.5125732421875
C2,1285,0.6257030983056838,32.599999999999994,22.1,19,16.021053314208984,303.0,1.0,30,3.0,133.24087524414062
C2,1286,0.8054166666666667,32.5,22.0,19,24.50526237487793,486.0,1.0,30,3.0,140.4778594970703
C2,1287,0.7883378407326782,32.800000000000004,22.599999999999998,19,17.852632522583008,345.0,1.0,30,3.0,134.6867218017578
C2,1288,0.8035833333333333,32.7,22.1,19,29.010526657104492,552.0,1.0,30,3.0,142.27870178222656
C2,1289,0.8035833333333333,32.7,22.1,19,21.6842098236084,408.0,1.0,30,3.0,143.36721801757812
C2,1290,0.7892062536774161,32.7,22.0,19,17.831579208374023,345.0,1.0,30,3.0,144.02032470703125
C2,1291,0.5663333333333334,32.4,21.7,25,38.01599884033203,756.0,1.0,30,3.0,153.47886657714844
C2,1292,0.8081666666666668,32.2,21.4,25,29.743999481201172,738.0,1.0,30,3.0,173.82064819335938
C2,1293,0.6900000000000001,32.0,21.1,28,33.104000091552734,807.0,1.0,30,3.0,206.55905151367188
C2,1294,0.8164166666666667,31.3,20.9,28,23.200000762939453,630.0,1.0,30,3.0,220.6020965576172
C2,1295,0.8118333333333333,31.8,21.0,28,20.58571434020996,561.0,1.0,30,3.0,221.1612548828125
C2,1296,0.8228333333333334,30.599999999999998,20.8,28,29.214284896850586,819.0,1.0,30,3.0,222.03009033203125
C2,1297,0.8347500000000001,29.3,20.7,28,20.0,570.0,1.0,30,3.0,219.8847198486328
C2,1298,0.8301666666666667,29.8,20.7,28,29.58571434020996,810.0,1.0,30,3.0,229.66416931152344
C2,1299,0.8255833333333333,30.3,20.7,28,28.385713577270508,783.0,1.0,30,3.0,233.9318389892578
C2,1300,0.8228333333333334,30.599999999999998,20.7,28,26.200000762939453,708.0,1.0,30,3.0,242.62576293945312
C2,1301,0.5901666666666667,29.8,20.5,34,36.0941162109375,1032.0,1.0,30,3.0,257.70880126953125
C2,1302,0.7987796520802234,28.8,20.5,34,8.964705467224121,292.0,1.0,30,2.0,251.42527770996094
C2,1303,0.8281405264144143,28.7,20.400000000000002,34,18.858823776245117,616.0,1.0,30,2.0,257.2551574707031
C2,1304,0.6362010610625468,28.8,20.400000000000002,34,25.30588150024414,852.0,1.0,90,3.0,252.7530975341797
C2,1305,0.8307127420454027,28.299999999999997,20.299999999999997,34,18.352941513061523,620.0,1.0,30,2.0,271.91851806640625
C2,1306,0.8099579754086338,29.0,20.5,34,12.917647361755371,448.0,1.0,30,2.0,272.2177734375
C2,1307,0.6283333333333333,30.0,20.7,29,24.027585983276367,688.0,1.0,30,2.0,280.3973388671875
C2,1308,0.8040254239302508,31.5,20.9,29,19.613792419433594,562.0,1.0,30,2.0,281.43841552734375
C2,1309,0.8218293935475974,29.2,20.7,29,18.068965911865234,512.0,1.0,30,2.0,286.3297119140625
C2,1310,0.5959321707547613,32.2,21.5,24,18.799999237060547,450.0,1.0,30,2.0,273.3978271484375
C2,1311,0.7899288678977169,32.099999999999994,21.2,24,15.883333206176758,362.0,1.0,30,2.0,252.30535888671875
C2,1312,0.7861863329079033,32.300000000000004,21.5,23,18.41666603088379,434.0,1.0,30,2.0,234.44989013671875
C2,1313,0.6092020412933009,32.9,22.3,19,11.326315879821777,212.0,1.0,30,2.0,207.86993408203125
C2,1314,0.7629859684730368,32.7,22.4,18,11.311111450195312,200.0,1.0,30,1.0,194.45529174804688
C2,1315,0.7839166666666667,33.099999999999994,22.8,16,25.100000381469727,400.0,1.0,30,2.0,184.1398468017578
C2,1316,0.7891666666666668,33.4,23.2,15,26.18666648864746,400.0,1.0,30,2.0,190.48390197753906
C2,1317,0.7717806949964144,33.300000000000004,23.2,14,36.21333312988281,546.0,1.0,50,3.0,191.89035034179688
C2,1318,0.7953333333333333,33.6,23.599999999999998,14,40.342857360839844,567.0,1.0,50,3.0,191.2675323486328
C2,1319,0.7790659391939716,33.5,23.400000000000002,14,36.657142639160156,519.0,1.0,50,3.0,187.29385375976562
C2,1320,0.7580345679329776,33.8,23.900000000000002,13,32.94285583496094,465.0,1.0,50,3.0,181.3096466064453
C2,1321,0.7861666666666668,34.6,24.2,13,50.18461608886719,660.0,1.0,50,3.0,181.85244750976562
C2,1322,0.7962499999999999,33.5,23.8,13,42.153846740722656,555.0,1.0,50,3.0,183.77813720703125
C2,1323,0.5489109292290598,33.0,22.700000000000003,19,18.947368621826172,364.0,1.0,30,2.0,188.53355407714844
C2,1324,0.7894271975632204,32.800000000000004,22.2,19,18.336841583251953,354.0,1.0,30,2.0,185.65345764160156
C2,1325,0.7999166666666667,33.099999999999994,22.4,19,20.12631607055664,376.0,1.0,30,2.0,184.32540893554688
C2,1326,0.8008333333333334,33.0,22.3,19,23.93684196472168,456.0,1.0,30,2.0,189.6619110107422
C2,1327,0.7999166666666667,33.099999999999994,22.4,19,24.75789451599121,464.0,1.0,30,2.0,200.1971435546875
C2,1328,0.6532050237559467,33.2,22.8,16,13.5,216.0,1.0,30,2.0,195.85162353515625
C2,1329,0.7971666666666668,33.4,23.0,16,30.674999237060547,496.0,1.0,30,2.0,195.91098022460938
C2,1330,0.7881360763369831,33.300000000000004,22.9,16,19.924999237060547,322.0,1.0,30,2.0,186.47991943359375
C2,1331,0.7980833333333334,33.300000000000004,23.099999999999998,16,22.450000762939453,376.0,1.0,30,2.0,191.48794555664062
C2,1332,0.7856154799321101,33.4,23.3,16,19.125,306.0,1.0,30,3.0,175.02610778808594
C2,1333,0.7971666666666668,33.4,23.099999999999998,16,28.049999237060547,447.0,1.0,30,3.0,163.5489959716797
C2,1334,0.48175000000000007,32.9,22.2,24,33.91666793823242,756.0,1.0,30,3.0,165.19606018066406
C2,1335,0.8081666666666668,32.2,21.3,24,30.816667556762695,729.0,1.0,30,3.0,184.9842987060547
C2,1336,0.8081666666666668,32.2,21.2,24,23.16666603088379,540.0,1.0,30,3.0,200.99058532714844
C2,1337,0.8090833333333334,32.099999999999994,21.3,24,29.46666717529297,696.0,1.0,30,3.0,207.9276885986328
C2,1338,0.5700000000000001,32.0,21.0,30,31.266666412353516,918.0,1.0,30,3.0,220.4899444580078
C2,1339,0.8176888182327551,29.3,20.7,30,16.706666946411133,492.0,1.0,30,3.0,225.8939666748047
C2,1340,0.8200833333333334,30.900000000000002,20.7,30,27.440000534057617,807.0,1.0,30,3.0,234.06971740722656
C2,1341,0.8237500000000001,30.5,20.7,30,26.226667404174805,783.0,1.0,30,3.0,232.97515869140625
C2,1342,0.8228333333333334,30.599999999999998,20.7,30,30.933332443237305,918.0,1.0,30,3.0,251.25177001953125
C2,1343,0.6930090392336296,30.4,20.6,30,26.760000228881836,777.0,1.0,70,3.0,260.8843994140625
C2,1344,0.8228333333333334,30.599999999999998,20.7,30,23.426666259765625,690.0,1.0,30,3.0,262.5306396484375
C2,1345,0.8329166666666667,29.5,20.6,30,26.719999313354492,789.0,1.0,30,3.0,257.7850341796875
C2,1346,0.8356666666666667,29.2,20.5,30,28.200000762939453,855.0,1.0,30,3.0,258.40435791015625
C2,1347,0.8110505480581945,29.0,20.6,30,13.279999732971191,384.0,1.0,30,2.0,253.70928955078125
C2,1348,0.802604255479088,31.3,20.8,30,18.079999923706055,530.0,1.0,30,2.0,251.15890502929688
C2,1349,0.8320000000000001,29.6,20.6,30,20.53333282470703,602.0,1.0,30,2.0,251.7620086669922
C2,1350,0.8182499999999999,31.099999999999998,20.9,30,21.933332443237305,662.0,1.0,30,2.0,270.6571960449219
C2,1351,0.8237500000000001,30.5,20.6,30,25.906665802001953,762.0,1.0,30,3.0,280.52764892578125
C2,1352,0.6637500000000001,30.5,20.7,34,35.66896438598633,1041.0,1.0,30,3.0,292.583251953125
C2,1353,0.8402499999999999,28.7,20.299999999999997,34,26.68235206604004,894.0,1.0,30,3.0,295.4166259765625
C2,1354,0.8402499999999999,28.7,20.400000000000002,34,24.47058868408203,816.0,1.0,30,3.0,299.5166320800781
C2,1355,0.8402499999999999,28.7,20.299999999999997,34,25.282352447509766,825.0,1.0,30,3.0,292.37664794921875
C2,1356,0.8135031998815893,28.9,20.400000000000002,34,13.800000190734863,456.0,1.0,30,3.0,268.6259765625
C2,1357,0.8108057632568504,29.1,20.6,34,13.505882263183594,435.0,1.0,30,3.0,237.4422607421875
C2,1358,0.6534565456490021,29.7,20.6,30,16.479999542236328,486.0,1.0,30,3.0,203.6653594970703
C2,1359,0.780666283996325,30.3,20.8,29,10.013792991638184,274.0,1.0,30,2.0,181.3992156982422
C2,1360,0.7778119381329149,29.8,20.7,27,10.17931079864502,290.0,1.0,30,2.0,168.03953552246094
C2,1361,0.36266666666666664,32.800000000000004,22.4,16,24.399999618530273,392.0,1.0,30,2.0,164.5570526123047
C2,1362,0.7848333333333334,33.0,22.700000000000003,18,32.849998474121094,540.0,1.0,30,2.0,180.20089721679688
C2,1363,0.8026666666666666,32.800000000000004,22.3,18,21.688888549804688,386.0,1.0,30,2.0,195.98719787597656
C2,1364,0.7711369607606201,31.2,21.1,18,7.400000095367432,160.0,1.0,30,2.0,189.99232482910156
C2,1365,0.7827318538905036,32.7,22.3,18,15.244444847106934,274.0,1.0,30,2.0,168.6620635986328
C2,1366,0.7624091896505172,31.9,20.8,18,6.777777671813965,152.0,1.0,30,2.0,140.26390075683594
C2,1367,0.7999166666666667,33.099999999999994,22.8,18,20.33333396911621,362.0,1.0,30,2.0,136.69168090820312
C2,1368,0.5516666666666666,34.0,23.900000000000002,12,21.230770111083984,278.0,1.0,30,2.0,134.81500244140625
C2,1369,0.7659125404720444,34.6,24.8,12,15.466666221618652,187.0,1.0,30,1.0,148.48899841308594
C2,1370,0.7701614453591482,32.4,21.2,12,10.233333587646484,207.0,1.0,30,3.0,141.76007080078125
C2,1371,0.7705881484349475,33.2,22.9,12,12.633333206176758,178.0,1.0,30,2.0,131.05604553222656
C2,1372,0.7889166666666667,34.3,24.6,12,22.266666412353516,266.0,1.0,30,2.0,117.43362426757812
C2,1373,0.6331666666666668,38.199999999999996,25.9,9,20.1200008392334,206.0,1.0,30,2.0,113.79351043701172
C2,1374,0.7421666666666668,39.4,27.400000000000002,9,24.488889694213867,230.0,1.0,30,2.0,115.07610321044922
C2,1375,0.7403333333333333,39.6,27.2,9,22.08888816833496,202.0,1.0,30,2.0,111.57899475097656
C2,1376,0.7280000000000001,39.199999999999996,26.599999999999998,11,35.599998474121094,330.0,1.0,30,2.0,117.74739837646484
C2,1377,0.7696666666666666,36.4,25.2,11,26.290908813476562,302.0,1.0,30,2.0,126.2484359741211
C2,1378,0.7760833333333333,35.7,25.1,11,26.690908432006836,292.0,1.0,30,2.0,137.34906005859375
C2,1379,0.7513333333333333,38.4,25.7,11,23.636363983154297,268.0,1.0,30,2.0,139.8760986328125
C2,1380,0.7715,36.2,25.0,11,32.54545593261719,356.0,1.0,30,2.0,144.99232482910156
C2,1381,0.7559166666666667,37.900000000000006,25.5,11,28.327272415161133,304.0,1.0,30,2.0,148.862060546875
C2,1382,0.7605,37.400000000000006,25.3,11,23.090909957885742,256.0,1.0,30,2.0,150.3839111328125
C2,1383,0.5970268173577231,33.5,23.7,11,6.872727394104004,85.0,1.0,70,1.0,138.89700317382812
C2,1384,0.5777474570475911,32.800000000000004,22.2,11,14.181818008422852,216.0,1.0,90,3.0,121.33820343017578
C2,1385,0.7823386568648708,33.4,23.400000000000002,11,17.636363983154297,240.0,1.0,30,3.0,104.40292358398438
C2,1386,0.7653333333333333,36.0,24.8,10,22.618181228637695,273.0,1.0,30,3.0,95.04175567626953
C2,1387,0.6169799387802419,38.6,25.9,13,41.33333206176758,399.0,1.0,30,3.0,97.55838775634766
C2,1388,0.7916666666666666,34.0,24.2,13,26.061538696289062,336.0,1.0,30,3.0,103.33502960205078
C2,1389,0.7916666666666666,34.0,24.0,13,29.10769271850586,378.0,1.0,30,3.0,111.46768188476562
C2,1390,0.6066881573622113,32.4,21.2,13,6.7076921463012695,132.0,1.0,70,2.0,107.41394805908203
C2,1391,0.7742942724236644,32.800000000000004,22.0,13,12.646153450012207,228.0,1.0,30,3.0,100.18170166015625
C2,1392,0.766594210514164,32.2,21.2,13,8.676922798156738,186.0,1.0,30,3.0,87.30902099609375
C2,1393,0.7671726354732513,31.2,20.5,13,6.338461399078369,156.0,1.0,30,3.0,77.71874237060547
C2,1394,0.472254555925561,32.7,21.7,6,6.030769348144531,130.0,1.0,30,2.0,70.49791717529297
C2,1395,0.7311666666666667,40.599999999999994,27.7,6,21.399999618530273,164.0,1.0,30,2.0,68.83208465576172
C2,1396,0.5783947403348041,47.199999999999996,31.8,6,16.066667556762695,106.0,1.0,50,1.0,75.03258514404297
C2,1397,0.7268333333333333,40.2,27.799999999999997,5,20.959999084472656,158.0,1.0,30,2.0,80.61955261230469
C2,1398,0.6972500000000001,44.3,30.4,5,27.440000534057617,176.0,1.0,30,2.0,84.771728515625
C2,1399,0.6272930646043159,49.099999999999994,33.2,7,40.08000183105469,226.0,1.0,30,2.0,88.19637298583984
C2,1400,0.7320833333333333,40.5,27.599999999999998,7,23.885713577270508,180.0,1.0,30,2.0,91.71781921386719
C2,1401,0.7310911920368839,39.300000000000004,26.9,7,18.91428565979004,168.0,1.0,30,2.0,93.29736328125
C2,1402,0.7346702003018621,39.1,27.0,7,19.77142906188965,174.0,1.0,30,2.0,90.7784194946289
C2,1403,0.68675,43.7,29.0,9,38.628570556640625,274.0,1.0,30,2.0,95.5337142944336
C2,1404,0.7577408140383752,35.4,24.7,9,15.155555725097656,178.0,1.0,30,2.0,99.0535659790039
C2,1405,0.7665612163036704,33.5,24.0,9,12.222222328186035,152.0,1.0,30,2.0,99.69880676269531
C2,1406,0.74177058326776,38.199999999999996,25.6,9,19.200000762939453,190.0,1.0,30,2.0,94.48594665527344
C2,1407,0.7500518444355344,37.1,25.3,9,18.35555648803711,192.0,1.0,30,2.0,92.29157257080078
C2,1408,0.7444218297603927,36.8,25.3,9,14.977777481079102,166.0,1.0,30,2.0,91.90827178955078
C2,1409,0.6087368757132168,39.1,26.3,6,17.066667556762695,148.0,1.0,30,2.0,88.8782958984375
C2,1410,0.7054999999999999,43.4,28.6,6,21.866666793823242,172.0,1.0,30,2.0,85.72698211669922
C2,1411,0.667,47.6,31.7,6,32.33333206176758,208.0,1.0,30,2.0,86.63618469238281
C2,1412,0.7350833333333333,39.300000000000004,27.5,7,33.86666488647461,261.0,1.0,30,3.0,88.91504669189453
C2,1413,0.525881521760936,39.300000000000004,27.0,12,43.349998474121094,360.0,1.0,30,3.0,94.8156967163086
C2,1414,0.7944166666666667,33.7,23.599999999999998,12,21.899999618530273,288.0,1.0,30,3.0,97.28941345214844
C2,1415,0.7756666666666666,34.0,24.299999999999997,14,30.399999618530273,414.0,1.0,30,3.0,105.57364654541016
C2,1416,0.67550525893098,33.4,23.400000000000002,14,9.171428680419922,122.0,1.0,50,1.0,110.81085968017578
C2,1417,0.7806642793702192,33.5,23.5,14,17.314285278320312,240.0,1.0,30,2.0,117.15318298339844
C2,1418,0.782111505376879,33.9,23.900000000000002,14,19.657142639160156,274.0,1.0,30,2.0,120.82524108886719
C2,1419,0.7953333333333333,33.6,23.5,14,21.02857208251953,274.0,1.0,30,2.0,125.02848052978516
C2,1420,0.5416635991817959,34.3,24.2,9,27.114286422729492,390.0,1.0,50,3.0,128.88375854492188
C2,1421,0.7449166666666667,39.1,26.5,9,47.55555725097656,450.0,1.0,50,3.0,132.9302520751953
C2,1422,0.7440000000000001,39.199999999999996,26.8,9,54.13333511352539,507.0,1.0,50,3.0,139.62481689453125
C2,1423,0.7485833333333334,38.699999999999996,26.3,9,43.82222366333008,396.0,1.0,50,3.0,143.90821838378906
C2,1424,0.7476666666666667,38.800000000000004,26.8,9,41.82222366333008,387.0,1.0,50,3.0,143.6782684326172
C2,1425,0.7321415343302823,39.199999999999996,26.700000000000003,9,38.977779388427734,360.0,1.0,50,3.0,137.0069580078125
C2,1426,0.7284741431889221,39.4,27.0,9,38.13333511352539,345.0,1.0,50,3.0,130.7375030517578
C2,1427,0.7111765637833921,33.8,23.7,9,18.399999618530273,234.0,1.0,50,3.0,120.17584228515625
C2,1428,0.6917330539946782,42.6,27.799999999999997,8,38.400001525878906,309.0,1.0,50,3.0,111.5721664428711
C2,1429,0.6956437391189857,38.4,26.0,8,24.899999618530273,255.0,1.0,50,3.0,102.40996551513672
C2,1430,0.7430833333333333,39.300000000000004,27.5,8,53.5,444.0,1.0,50,3.0,106.24597930908203
C2,1431,0.3580833333333333,33.300000000000004,23.0,19,30.336841583251953,522.0,1.0,30,3.0,118.01425170898438
C2,1432,0.8045,32.599999999999994,22.1,19,22.75789451599121,423.0,1.0,30,3.0,132.54188537597656
C2,1433,0.7852196793141891,32.7,22.1,19,16.18947410583496,300.0,1.0,30,3.0,134.85845947265625
C2,1434,0.8045,32.599999999999994,22.1,19,23.978946685791016,468.0,1.0,30,3.0,133.84841918945312
C2,1435,0.8045,32.599999999999994,22.0,19,29.221052169799805,552.0,1.0,30,3.0,138.9757080078125
C2,1436,0.8045,32.599999999999994,22.0,19,26.25263214111328,489.0,1.0,30,3.0,150.4521026611328
C2,1437,0.7785161375459421,32.7,22.1,19,13.747368812561035,297.0,1.0,30,3.0,149.73793029785156
C2,1438,0.8054166666666667,32.5,22.0,19,21.6842098236084,396.0,1.0,30,3.0,142.37608337402344
C2,1439,0.8017500000000001,32.9,22.2,19,20.105262756347656,375.0,1.0,30,3.0,132.89231872558594
C2,1440,0.8054166666666667,32.5,22.0,19,21.768421173095703,417.0,1.0,30,3.0,132.53538513183594
C2,1441,-0.020656857097462504,32.2,21.6,39,47.5,1269.0,1.0,30,3.0,171.12123107910156
C2,1442,0.05216666666666664,27.400000000000002,20.299999999999997,59,34.70508575439453,1878.0,1.0,30,3.0,261.07275390625
C2,1443,0.8399761980359339,23.900000000000002,19.599999999999998,59,7.925423622131348,438.0,1.0,30,3.0,315.97698974609375
C2,1444,0.843042264098207,23.900000000000002,19.400000000000002,59,8.779661178588867,486.0,1.0,30,3.0,314.1195068359375
C2,1445,0.8376874482707414,24.400000000000002,19.5,59,8.562711715698242,495.0,1.0,30,3.0,251.5383758544922
C2,1446,0.8426541762650128,23.8,19.5,59,8.413558959960938,468.0,1.0,30,3.0,215.32302856445312
C2,1447,0.8185953400461397,25.3,19.7,59,5.6406779289245605,309.0,1.0,30,3.0,185.72714233398438
C2,1448,-0.8514642652049031,32.099999999999994,21.2,18,15.357142448425293,426.0,1.0,30,3.0,164.9029541015625
C2,1449,0.7857500000000001,32.9,22.4,20,34.79999923706055,621.0,1.0,30,3.0,159.20843505859375
C2,1450,0.8063333333333333,32.4,21.9,20,23.799999237060547,468.0,1.0,30,2.0,173.25839233398438
C2,1451,0.8063333333333333,32.4,21.7,20,29.100000381469727,573.0,1.0,30,3.0,188.22171020507812
C2,1452,0.8045,32.599999999999994,21.9,20,20.68000030517578,411.0,1.0,30,3.0,187.86636352539062
C2,1453,0.777372653273453,32.7,22.4,20,13.359999656677246,258.0,1.0,30,2.0,173.6531524658203
C2,1454,0.7884835378767532,32.7,22.0,20,17.520000457763672,346.0,1.0,30,2.0,162.7252197265625
C2,1455,0.8035833333333333,32.7,22.0,20,23.139999389648438,456.0,1.0,30,2.0,168.3018035888672
C2,1456,0.8081666666666668,32.2,21.6,20,24.020000457763672,476.0,1.0,30,2.0,186.1810760498047
C2,1457,0.6273433286324579,32.800000000000004,22.3,16,17.424999237060547,276.0,1.0,30,2.0,192.24197387695312
C2,1458,0.7644579842717539,32.5,22.0,16,8.850000381469727,168.0,1.0,30,2.0,176.67852783203125
C2,1459,0.7779173590107588,33.099999999999994,22.8,16,14.824999809265137,246.0,1.0,30,2.0,152.00711059570312
C2,1460,0.8008333333333334,33.0,22.9,16,22.625,358.0,1.0,30,2.0,142.67092895507812
C2,1461,0.7999166666666667,33.099999999999994,22.8,16,29.899999618530273,466.0,1.0,30,2.0,156.93589782714844
C2,1462,0.7999166666666667,33.099999999999994,22.8,16,24.25,390.0,1.0,30,2.0,175.09486389160156
C2,1463,0.7783994629844738,33.099999999999994,22.9,16,15.0,242.0,1.0,30,2.0,178.25692749023438
C2,1464,0.7962499999999999,33.5,23.2,16,23.600000381469727,376.0,1.0,30,2.0,174.15415954589844
C2,1465,0.7896935884687853,33.0,22.700000000000003,16,19.325000762939453,304.0,1.0,30,2.0,165.9591522216797
C2,1466,0.7852020471397345,33.300000000000004,23.099999999999998,16,18.5,290.0,1.0,30,2.0,164.24215698242188
C2,1467,0.67625,33.5,23.400000000000002,13,42.88571548461914,621.0,1.0,50,3.0,165.74530029296875
C2,1468,0.5070789773816818,33.099999999999994,22.4,20,18.520000457763672,357.0,1.0,30,3.0,162.24717712402344
C2,1469,0.7811274430560268,32.4,21.6,20,13.699999809265137,297.0,1.0,30,3.0,154.0149688720703
C2,1470,0.7888326213610876,32.599999999999994,22.1,20,17.280000686645508,339.0,1.0,30,3.0,136.5423126220703
C2,1471,0.7904615229675637,32.599999999999994,22.0,20,17.979999542236328,366.0,1.0,30,3.0,126.45872497558594
C2,1472,0.780874537825244,32.2,21.4,20,13.0,276.0,1.0,30,3.0,119.47523498535156
C2,1473,0.47624999999999995,33.5,23.400000000000002,12,25.78461456298828,399.0,1.0,30,3.0,117.9518051147461
C2,1474,0.5898333333333334,34.2,24.0,17,35.7599983215332,504.0,1.0,30,3.0,123.17108154296875
C2,1475,0.799,33.2,22.700000000000003,17,27.647058486938477,465.0,1.0,30,3.0,134.70265197753906
C2,1476,0.8017500000000001,32.9,22.5,17,29.247058868408203,504.0,1.0,30,3.0,146.2882537841797
C2,1477,0.6808333333333334,33.0,22.599999999999998,20,32.91764831542969,570.0,1.0,30,3.0,156.17295837402344
C2,1478,0.8045,32.599999999999994,22.2,20,25.280000686645508,496.0,1.0,30,2.0,174.50376892089844
C2,1479,0.7742656419182067,32.5,21.9,20,11.760000228881836,228.0,1.0,30,2.0,178.30226135253906
C2,1480,0.780627426834731,32.599999999999994,22.0,20,14.15999984741211,278.0,1.0,30,2.0,173.78135681152344
C2,1481,0.7844308115680105,32.4,21.8,20,14.859999656677246,294.0,1.0,30,2.0,157.60214233398438
C2,1482,0.8054166666666667,32.5,21.8,20,23.420000076293945,456.0,1.0,30,2.0,163.09461975097656
C2,1483,0.6408333333333334,33.0,22.4,16,25.247058868408203,434.0,1.0,30,2.0,176.79010009765625
C2,1484,0.7533552541671145,33.2,23.2,16,7.550000190734863,118.0,1.0,30,1.0,181.14073181152344
C2,1485,0.7980833333333334,33.300000000000004,23.099999999999998,16,23.424999237060547,376.0,1.0,30,2.0,178.4177703857422
C2,1486,0.7702767097652117,32.800000000000004,22.2,16,11.375,192.0,1.0,30,2.0,160.65066528320312
C2,1487,0.7928333333333334,33.0,22.700000000000003,15,23.200000762939453,370.0,1.0,30,2.0,158.92373657226562
C2,1488,0.7628287678685,33.5,23.400000000000002,14,13.626667022705078,208.0,1.0,30,2.0,146.6875762939453
C2,1489,0.7736858966821708,34.0,24.0,13,19.907691955566406,262.0,1.0,30,2.0,144.01254272460938
C2,1490,0.7717574994029941,33.4,23.2,13,13.630768775939941,190.0,1.0,30,2.0,130.40753173828125
C2,1491,0.7916666666666666,34.0,24.2,13,21.72307777404785,280.0,1.0,30,2.0,127.04451751708984
C2,1492,0.7765833333333334,33.9,24.0,11,20.89230728149414,272.0,1.0,30,2.0,125.69337463378906
C2,1493,0.7702899138137577,33.300000000000004,23.5,10,15.640000343322754,228.0,1.0,30,3.0,122.34935760498047
C2,1494,0.7814775134743334,33.099999999999994,23.0,10,16.15999984741211,225.0,1.0,30,3.0,111.67628479003906
C2,1495,0.7435833333333334,37.5,25.5,12,36.63999938964844,384.0,1.0,30,3.0,104.20577239990234
C2,1496,0.7793333333333333,33.6,23.7,14,29.799999237060547,393.0,1.0,30,3.0,107.05679321289062
C2,1497,0.7935,33.8,23.8,14,23.02857208251953,315.0,1.0,30,3.0,112.76741027832031
C2,1498,0.7847489386182618,33.4,23.099999999999998,14,18.714284896850586,279.0,1.0,30,3.0,111.52711486816406
C2,1499,0.7692684710611551,32.0,20.6,14,8.914285659790039,195.0,1.0,30,3.0,101.9829330444336
C2,1500,0.7881939160791511,28.2,20.1,14,4.657142639160156,144.0,1.0,30,3.0,88.65642547607422
C2,1501,0.7898333333333334,34.2,23.7,14,30.714284896850586,441.0,1.0,30,3.0,87.86051940917969
C2,1502,0.7821039166010934,33.8,23.8,14,19.200000762939453,266.0,1.0,30,2.0,96.44964599609375
C2,1503,0.7953333333333333,33.6,23.400000000000002,14,22.14285659790039,308.0,1.0,30,2.0,115.73645782470703
C2,1504,0.776756870729459,34.1,23.900000000000002,14,18.0,254.0,1.0,30,2.0,124.64187622070312
C2,1505,0.7935,33.8,23.8,14,20.799999237060547,286.0,1.0,30,2.0,131.31845092773438
C2,1506,0.7840547681439546,33.6,24.0,14,19.257143020629883,270.0,1.0,30,2.0,132.79107666015625
C2,1507,0.6386666666666666,37.6,25.3,11,24.363636016845703,274.0,1.0,30,2.0,135.0079803466797
C2,1508,0.7644166666666666,36.1,25.3,10,26.618181228637695,290.0,1.0,30,2.0,136.6047821044922
C2,1509,0.7559166666666667,37.900000000000006,25.8,10,27.15999984741211,270.0,1.0,30,2.0,137.5628662109375
C2,1510,0.7636997382024642,34.1,24.6,10,13.079999923706055,160.0,1.0,30,2.0,130.5377197265625
C2,1511,0.5484981806668818,38.0,25.8,10,23.8799991607666,244.0,1.0,90,2.0,123.25596618652344
C2,1512,0.7889166666666667,34.3,24.400000000000002,10,22.1200008392334,258.0,1.0,30,3.0,112.35357666015625
C2,1513,0.7463333333333333,37.199999999999996,25.4,12,33.36666488647461,372.0,1.0,30,3.0,111.67881774902344
C2,1514,0.6355764981842804,28.1,19.599999999999998,12,2.2333333492279053,76.0,1.0,70,2.0,100.07395935058594
C2,1515,0.7815137003640398,32.800000000000004,22.0,12,15.133333206176758,237.0,1.0,30,3.0,92.17770385742188
C2,1516,0.7898333333333334,34.2,24.2,12,25.100000381469727,306.0,1.0,30,3.0,84.50662231445312
C2,1517,0.6933733944178013,32.2,21.1,12,10.800000190734863,204.0,1.0,50,3.0,83.90397644042969
C2,1518,0.6613515471592148,32.5,21.2,10,7.633333206176758,162.0,1.0,50,3.0,80.20905303955078
C2,1519,0.7106800773917776,36.7,25.0,10,24.760000228881836,282.0,1.0,50,3.0,76.92543029785156
C2,1520,0.6709870381782501,32.2,21.1,10,5.400000095367432,123.0,1.0,50,3.0,71.35525512695312
C2,1521,0.5433559641170779,39.300000000000004,26.8,6,29.200000762939453,300.0,1.0,50,3.0,74.14649200439453
C2,1522,0.7147419331832667,39.800000000000004,27.799999999999997,6,34.20000076293945,249.0,1.0,50,3.0,74.35456085205078
C2,1523,0.6896786678249615,44.0,29.7,6,39.733333587646484,276.0,1.0,50,3.0,81.27940368652344
C2,1524,0.6862506892280644,32.7,22.3,6,10.199999809265137,144.0,1.0,50,3.0,78.5009765625
C2,1525,0.6972500000000001,44.3,29.9,6,40.733333587646484,288.0,1.0,50,3.0,78.56725311279297
C2,1526,0.6599166666666667,47.5,31.6,7,54.0,348.0,1.0,50,3.0,81.80701446533203
C2,1527,0.7060726433504567,33.8,24.0,7,17.200000762939453,192.0,1.0,50,3.0,85.88420867919922
C2,1528,0.6419258267315892,43.5,28.5,7,23.14285659790039,184.0,1.0,50,2.0,87.79719543457031
C2,1529,0.6713466809074522,32.4,21.3,7,5.942857265472412,98.0,1.0,50,2.0,80.01165008544922
C2,1530,0.6483772820913294,39.0,26.0,7,14.857142448425293,146.0,1.0,50,2.0,76.54032135009766
C2,1531,0.6446693171202112,44.4,30.200000000000003,7,25.94285774230957,202.0,1.0,50,2.0,75.65752410888672
C2,1532,0.759669866548256,33.9,24.0,6,13.800000190734863,159.0,1.0,30,3.0,75.66118621826172
C2,1533,-0.42568314504827887,49.6,30.099999999999998,28,91.28571319580078,1014.0,1.0,30,3.0,110.99671173095703
C2,1534,-0.13920523288751419,29.1,20.7,52,42.77073287963867,1575.0,1.0,30,3.0,188.73135375976562
C2,1535,0.8640833333333334,26.1,19.7,52,27.63846206665039,1410.0,1.0,30,3.0,290.9721374511719
C2,1536,0.8714166666666666,25.3,19.7,52,20.623077392578125,1080.0,1.0,30,3.0,355.2499694824219
C2,1537,0.8553551057392303,25.0,19.5,52,16.015384674072266,798.0,1.0,30,3.0,359.2832946777344
C2,1538,0.8576708192699556,25.2,19.5,52,17.707693099975586,873.0,1.0,30,3.0,337.8366394042969
C2,1539,0.8430912761167535,25.4,19.5,52,12.961538314819336,656.0,1.0,30,2.0,320.7019958496094
C2,1540,0.8466626535037927,24.6,19.599999999999998,52,11.753846168518066,578.0,1.0,30,2.0,313.48785400390625
C2,1541,0.14836130671525008,27.7,20.0,35,15.169230461120605,602.0,1.0,30,2.0,310.4927062988281
C2,1542,0.6301666666666668,29.8,20.6,30,22.093334197998047,644.0,1.0,30,2.0,307.8956298828125
C2,1543,0.7922423137863809,29.2,20.400000000000002,30,28.15999984741211,837.0,1.0,50,3.0,305.0040588378906
C2,1544,0.8255833333333333,30.3,20.6,30,30.413333892822266,906.0,1.0,30,3.0,303.4024353027344
C2,1545,0.8320000000000001,29.6,20.400000000000002,30,33.33333206176758,978.0,1.0,30,3.0,302.97479248046875
C2,1546,0.7230000000000001,28.400000000000002,20.299999999999997,33,28.339393615722656,915.0,1.0,30,3.0,306.18487548828125
C2,1547,0.8393333333333334,28.8,20.299999999999997,33,25.26060676574707,804.0,1.0,30,3.0,303.57757568359375
C2,1548,0.8365833333333333,29.1,20.400000000000002,33,23.11515235900879,744.0,1.0,30,3.0,291.61322021484375
C2,1549,0.8402499999999999,28.7,20.400000000000002,33,20.048484802246094,627.0,1.0,30,3.0,271.6346130371094
C2,1550,0.8144310731502916,29.3,20.6,33,15.442423820495605,504.0,1.0,30,3.0,246.3140869140625
C2,1551,0.7990795504929848,29.0,20.5,33,9.57575798034668,309.0,1.0,30,3.0,211.7884521484375
C2,1552,0.6304285931093797,22.5,18.700000000000003,28,2.1571428775787354,106.0,1.0,30,2.0,170.2730712890625
C2,1553,0.8316908848833662,17.9,17.5,26,0.7846153974533081,46.0,1.0,30,2.0,126.03050994873047
C2,1554,0.6879057370613963,18.0,18.0,22,0.8363636136054993,58.0,1.0,30,2.0,89.6183090209961
C2,1555,0.6495956847858821,19.7,18.5,17,1.244444489479065,72.0,1.0,30,3.0,63.90431594848633
C2,1556,0.5060858990161605,27.5,19.3,10,2.5230770111083984,99.0,1.0,30,3.0,49.80925750732422
C2,1557,0.4491594880514431,33.5,23.599999999999998,2,13.066666603088379,105.0,1.0,30,3.0,42.1522216796875
C2,1558,0.7022289394594261,32.599999999999994,24.8,1,15.600000381469727,81.0,1.0,50,3.0,37.95800018310547
C2,1559,0.7083956061260928,32.800000000000004,26.4,1,15.600000381469727,81.0,1.0,50,3.0,34.6414680480957
C2,1560,0.283925,81.3,46.800000000000004,1,46.0,129.0,1.0,50,3.0,33.71821212768555
C2,1561,-0.20506349632941068,116.0,57.2,7,78.80000305175781,256.0,1.0,30,2.0,46.63092803955078
C2,1562,0.6910833333333334,44.1,29.3,8,34.79999923706055,248.0,1.0,30,2.0,67.3118896484375
C2,1563,0.7341175904507685,38.6,25.8,8,17.399999618530273,172.0,1.0,30,2.0,85.45380401611328
C2,1564,0.8226448633613711,23.099999999999998,18.700000000000003,8,1.600000023841858,58.0,1.0,30,2.0,83.13894653320312
C2,1565,0.8229599646473406,23.2,18.8,8,1.899999976158142,52.0,1.0,30,2.0,68.68336486816406
C2,1566,0.7614206693702998,32.4,21.5,8,7.75,118.0,1.0,30,2.0,56.4100227355957
C2,1567,0.852702823555001,18.5,18.3,8,2.0,56.0,1.0,30,2.0,48.91267776489258
C2,1568,0.7028286813678817,22.9,18.4,5,1.2000000476837158,42.0,1.0,30,2.0,43.74760818481445
C2,1569,0.7652591663232968,28.5,20.6,3,3.5999999046325684,50.0,1.0,30,2.0,36.115230560302734
C2,1570,0.7862258555871312,27.900000000000002,19.8,3,3.4666666984558105,40.0,1.0,30,2.0,30.469139099121094
C2,1571,0.6782549449991374,33.099999999999994,23.5,2,11.066666603088379,102.0,1.0,50,3.0,28.814817428588867
C2,1572,0.7010714020671546,33.099999999999994,26.3,1,16.399999618530273,81.0,1.0,50,3.0,28.088890075683594
C2,1573,0.7005000400843492,33.099999999999994,27.099999999999998,1,14.399999618530273,72.0,1.0,50,3.0,28.18666648864746
C2,1574,0.6929776007774754,32.800000000000004,26.599999999999998,1,12.0,63.0,1.0,50,3.0,26.512001037597656
C2,1575,0.7664197182260822,33.300000000000004,26.9,1,11.600000381469727,56.0,1.0,30,2.0,25.640533447265625
C2,1576,0.12534210302023552,124.3,61.400000000000006,3,46.0,142.0,1.0,30,2.0,31.384319305419922
C2,1577,0.6605833333333333,48.300000000000004,34.1,3,27.33333396911621,138.0,1.0,30,2.0,41.2305908203125
C2,1578,0.12477087025573078,74.2,40.0,7,43.93333435058594,244.0,1.0,30,2.0,59.671688079833984
C2,1579,0.7484052568856765,32.4,21.8,8,6.400000095367432,102.0,1.0,30,2.0,68.0696792602539
C2,1580,0.7832317067897085,28.0,19.900000000000002,8,2.950000047683716,66.0,1.0,30,2.0,68.3084716796875
C2,1581,0.7293333333333333,40.800000000000004,28.0,8,29.100000381469727,230.0,1.0,30,2.0,67.51841735839844
C2,1582,0.7486852474413022,37.1,25.6,8,17.75,174.0,1.0,30,2.0,71.8443832397461
C2,1583,0.759809806327923,33.7,23.900000000000002,8,10.699999809265137,128.0,1.0,30,2.0,78.57329559326172
C2,1584,0.7721332352792385,28.7,19.5,8,1.7999999523162842,54.0,1.0,30,2.0,70.87731170654297
C2,1585,0.7973982611556786,26.3,19.400000000000002,8,2.5999999046325684,60.0,1.0,30,2.0,58.65972137451172
C2,1586,0.779565040123042,28.400000000000002,19.599999999999998,8,2.950000047683716,66.0,1.0,30,2.0,47.195831298828125
C2,1587,0.6203972624884013,32.4,20.8,5,2.3333332538604736,33.0,1.0,30,1.0,41.11750030517578
C2,1588,0.8007332358308819,23.7,19.2,3,1.5,24.0,1.0,30,1.0,36.67049789428711
C2,1589,0.7236482611556786,32.599999999999994,24.8,1,2.5999999046325684,26.0,1.0,30,1.0,33.068965911865234
C2,1590,0.6456059607802319,45.6,35.5,1,9.199999809265137,35.0,1.0,30,1.0,31.174713134765625
C2,1591,0.33505,59.8,39.300000000000004,2,27.200000762939453,123.0,1.0,30,3.0,32.30482864379883
C2,1592,0.64402351976104,38.699999999999996,26.700000000000003,2,13.199999809265137,90.0,1.0,50,3.0,33.516231536865234
C2,1593,0.6950726433504567,35.0,26.1,2,17.200000762939453,117.0,1.0,50,3.0,34.776405334472656
C2,1594,0.34375274316242077,52.5,37.199999999999996,2,35.79999923706055,156.0,1.0,50,3.0,36.999176025390625
C2,1595,0.7247330498015071,39.0,26.700000000000003,3,18.399999618530273,126.0,1.0,30,3.0,39.932838439941406
C2,1596,0.6935833333333333,44.699999999999996,30.700000000000003,3,28.66666603088379,177.0,1.0,30,3.0,44.359703063964844
C2,1597,0.7045833333333333,43.5,29.6,3,24.933332443237305,156.0,1.0,30,3.0,47.01582336425781
C2,1598,0.6807461987297978,44.3,30.0,3,16.933332443237305,106.0,1.0,30,2.0,50.0761604309082
C2,1599,0.6893699660285686,43.6,29.4,3,17.866666793823242,118.0,1.0,30,2.0,51.91236114501953
C2,1600,0.7153670101293568,39.1,26.700000000000003,3,12.266666412353516,82.0,1.0,30,2.0,51.54741668701172
C2,1601,0.6615,48.2,32.7,3,23.866666793823242,130.0,1.0,30,2.0,52.92845153808594
C2,1602,0.721930437827469,38.199999999999996,26.0,3,11.733333587646484,86.0,1.0,30,2.0,51.62373733520508
C2,1603,0.7633325964772394,32.5,23.099999999999998,3,8.533333778381348,78.0,1.0,30,2.0,50.574241638183594
C2,1604,-0.0023867257172909724,85.9,43.3,7,68.93333435058594,244.0,1.0,30,2.0,57.5445442199707
C2,1605,0.7394166666666667,39.699999999999996,26.8,7,30.285715103149414,261.0,1.0,30,3.0,67.59339141845703
C2,1606,0.4099571638346762,40.2,27.3,14,52.2400016784668,441.0,1.0,30,3.0,88.022705078125
C2,1607,0.7925833333333334,33.9,23.7,14,29.514286041259766,411.0,1.0,30,3.0,102.28028869628906
C2,1608,0.7673035376162937,32.4,21.3,14,9.399999618530273,189.0,1.0,30,3.0,107.63484191894531
C2,1609,0.7953333333333333,33.6,23.599999999999998,14,29.171428680419922,402.0,1.0,30,3.0,109.1142349243164
C2,1610,0.7935,33.8,23.900000000000002,14,30.77142906188965,435.0,1.0,30,3.0,111.06854248046875
C2,1611,0.7962499999999999,33.5,23.7,14,24.91428565979004,348.0,1.0,30,3.0,119.30779266357422
C2,1612,0.8289208121780541,23.0,18.8,14,2.914285659790039,111.0,1.0,30,3.0,111.31800842285156
C2,1613,0.8081847153958643,25.6,19.599999999999998,14,3.6857142448425293,123.0,1.0,30,3.0,92.657470703125
C2,1614,0.7767783398522728,30.0,20.7,14,5.971428394317627,150.0,1.0,30,3.0,72.66114807128906
C2,1615,0.7898333333333334,34.2,24.0,14,27.85714340209961,405.0,1.0,30,3.0,73.73002624511719
C2,1616,0.775963120521987,33.9,24.299999999999997,14,16.885713577270508,228.0,1.0,30,2.0,84.10468292236328
C2,1617,0.7971666666666668,33.4,23.400000000000002,14,20.799999237060547,288.0,1.0,30,2.0,102.86280822753906
C2,1618,0.7835449578197033,33.7,23.8,14,19.457143783569336,272.0,1.0,30,2.0,114.25101470947266
C2,1619,0.7852347649294659,33.4,23.5,14,18.94285774230957,266.0,1.0,30,2.0,123.61727905273438
C2,1620,0.7935,33.8,24.0,14,23.514286041259766,336.0,1.0,30,2.0,132.43702697753906
C2,1621,0.7756666666666666,34.0,24.0,16,39.4571418762207,506.0,1.0,30,2.0,153.32888793945312
C2,1622,0.6008333333333334,33.0,22.700000000000003,21,37.844444274902344,664.0,1.0,30,2.0,192.3973388671875
C2,1623,0.6072499999999998,32.300000000000004,21.6,26,35.64615249633789,800.0,1.0,30,2.0,246.771728515625
C2,1624,0.5446666666666666,30.4,20.7,33,36.54545593261719,1018.0,1.0,30,2.0,313.5296936035156
C2,1625,0.8420833333333334,28.5,20.2,33,28.909090042114258,944.0,1.0,30,2.0,372.25115966796875
C2,1626,0.8393333333333334,28.8,20.400000000000002,33,24.727272033691406,784.0,1.0,30,2.0,406.4173583984375
C2,1627,0.8108471044941357,28.5,20.5,33,11.733333587646484,376.0,1.0,30,2.0,384.1170959472656
C2,1628,0.7995429195639261,28.7,20.400000000000002,33,8.921212196350098,282.0,1.0,30,2.0,326.60357666015625
C2,1629,0.806009512362904,28.9,20.400000000000002,33,11.369696617126465,357.0,1.0,30,3.0,255.6954803466797
C2,1630,0.8420833333333334,28.5,20.2,33,28.836362838745117,932.0,1.0,30,2.0,250.21728515625
C2,1631,0.8439166666666668,28.299999999999997,20.2,33,28.24242401123047,902.0,1.0,30,2.0,288.2637023925781
C2,1632,0.84575,28.1,20.1,33,24.606060028076172,798.0,1.0,30,2.0,348.4248962402344
C2,1633,0.8420833333333334,28.5,20.299999999999997,33,24.545454025268555,780.0,1.0,30,3.0,357.054931640625
C2,1634,0.815966176650544,29.0,20.5,33,14.993939399719238,492.0,1.0,30,3.0,323.96630859375
C2,1635,0.8129214989977923,29.0,20.5,33,13.915151596069336,444.0,1.0,30,3.0,270.6464538574219
C2,1636,0.8195830143792413,28.2,20.299999999999997,33,13.68484878540039,435.0,1.0,30,3.0,223.32119750976562
C2,1637,0.5694223010306088,30.200000000000003,20.8,27,16.700000762939453,456.0,1.0,30,3.0,193.3260498046875
C2,1638,0.7950181239373103,32.0,21.2,27,17.570369720458984,492.0,1.0,30,3.0,177.46229553222656
C2,1639,0.40449999999999997,32.599999999999994,21.9,17,23.577777862548828,423.0,1.0,30,3.0,167.41070556640625
C2,1640,0.7474810875538381,33.099999999999994,22.8,17,25.74117660522461,441.0,1.0,50,3.0,160.7130889892578
C2,1641,0.7811876813750381,32.7,22.5,17,34.68235397338867,597.0,1.0,50,3.0,161.36119079589844
C2,1642,0.6804349172073968,32.800000000000004,22.4,17,9.035294532775879,152.0,1.0,50,1.0,163.2167205810547
C2,1643,0.7456698447865789,32.9,22.5,17,24.799999237060547,411.0,1.0,50,3.0,162.99668884277344
C2,1644,0.5843165280482293,33.4,23.400000000000002,12,38.514286041259766,552.0,1.0,50,3.0,160.86468505859375
C2,1645,0.767666450834667,34.8,24.7,12,36.86666488647461,444.0,1.0,50,3.0,159.05213928222656
C2,1646,0.7740831175013337,34.1,24.299999999999997,12,36.86666488647461,441.0,1.0,50,3.0,159.29795837402344
C2,1647,0.7726666666666666,35.2,24.8,11,42.61818313598633,480.0,1.0,50,3.0,156.2454376220703
C2,1648,0.7315474413297645,37.8,25.5,11,33.672725677490234,378.0,1.0,50,3.0,151.4805908203125
C2,1649,0.7044085141466147,33.8,23.5,10,18.690908432006836,261.0,1.0,50,3.0,140.62168884277344
C2,1650,0.7562586302302134,36.5,25.3,10,38.68000030517578,402.0,1.0,50,3.0,130.63967895507812
C2,1651,0.7262771970012325,38.3,25.5,10,33.439998626708984,351.0,1.0,50,3.0,123.45047760009766
C2,1652,0.6872963332329801,32.2,21.4,10,9.359999656677246,177.0,1.0,50,3.0,115.40361785888672
C2,1653,0.667225624866932,32.800000000000004,22.599999999999998,8,9.699999809265137,156.0,1.0,50,3.0,99.64217376708984
C2,1654,0.770427484305905,19.900000000000002,18.3,8,2.25,78.0,1.0,50,3.0,78.05197143554688
C2,1655,0.6203333333333333,39.6,27.3,11,38.54545593261719,348.0,1.0,30,3.0,72.69784545898438
C2,1656,0.8246101338091468,23.5,19.099999999999998,11,2.981818199157715,99.0,1.0,30,3.0,66.95204162597656
C2,1657,0.7766282044452477,33.2,22.599999999999998,11,14.690909385681152,213.0,1.0,30,3.0,69.50456237792969
C2,1658,0.76925,34.7,24.7,13,34.400001525878906,384.0,1.0,30,3.0,72.63607025146484
C2,1659,0.7916666666666666,34.0,23.900000000000002,13,25.353845596313477,336.0,1.0,30,3.0,85.04830932617188
C2,1660,0.7779511227543505,34.0,24.1,13,18.123077392578125,238.0,1.0,30,2.0,98.8956527709961
C2,1661,0.7840006001542414,33.6,23.900000000000002,13,19.230770111083984,254.0,1.0,30,2.0,107.07072448730469
C2,1662,0.7661706747652802,33.9,23.8,13,13.29230785369873,194.0,1.0,30,2.0,109.97576904296875
C2,1663,0.7953333333333333,33.6,23.8,13,26.092308044433594,354.0,1.0,30,3.0,111.58546447753906
C2,1664,0.7944166666666667,33.7,24.0,13,26.86153793334961,357.0,1.0,30,3.0,111.48461151123047
C2,1665,0.7925833333333334,33.9,23.7,13,25.169231414794922,336.0,1.0,30,3.0,113.42410278320312
C2,1666,0.788,34.4,24.1,13,26.430768966674805,360.0,1.0,30,3.0,114.85446166992188
C2,1667,0.7925833333333334,33.9,24.1,13,28.0,357.0,1.0,30,3.0,115.71267700195312
C2,1668,0.7935,33.8,24.0,13,26.492307662963867,357.0,1.0,30,3.0,117.16094207763672
C2,1669,0.7935,33.8,23.8,13,32.03076934814453,411.0,1.0,30,3.0,120.29656219482422
C2,1670,0.7971666666666668,33.4,23.599999999999998,13,27.815383911132812,354.0,1.0,30,3.0,122.04460144042969
C2,1671,0.7820833333333334,33.300000000000004,23.400000000000002,15,32.720001220703125,435.0,1.0,30,3.0,126.56009674072266
C2,1672,0.799,33.2,22.9,15,26.453332901000977,384.0,1.0,30,3.0,128.06939697265625
C2,1673,0.7999166666666667,33.099999999999994,23.0,15,23.866666793823242,354.0,1.0,30,3.0,128.97496032714844
C2,1674,0.7980833333333334,33.300000000000004,23.2,15,24.479999542236328,384.0,1.0,30,3.0,127.25164794921875
C2,1675,0.799,33.2,23.2,15,22.373332977294922,336.0,1.0,30,3.0,124.08432006835938
C2,1676,0.7980833333333334,33.300000000000004,23.2,15,25.013334274291992,378.0,1.0,30,3.0,123.25059509277344
C2,1677,0.77475,34.1,23.900000000000002,13,26.738462448120117,354.0,1.0,30,3.0,121.41702270507812
C2,1678,0.7935,33.8,23.900000000000002,13,27.96923065185547,372.0,1.0,30,3.0,121.91687774658203
C2,1679,0.7907500000000001,34.1,24.299999999999997,13,25.66153907775879,327.0,1.0,30,3.0,119.95012664794922
C2,1680,0.6346792130508717,33.8,24.0,13,19.78461456298828,254.0,1.0,70,2.0,119.97007751464844
C2,1681,0.7834166666666667,34.9,24.1,13,22.061538696289062,290.0,1.0,30,2.0,122.78204345703125
C2,1682,0.7746940836073389,33.6,24.1,13,15.323077201843262,212.0,1.0,30,2.0,124.06922912597656
C2,1683,0.7726872140654417,34.3,23.900000000000002,13,17.046154022216797,228.0,1.0,30,2.0,123.10820007324219
C2,1684,0.6274261924977341,37.5,25.1,10,18.836362838745117,214.0,1.0,30,2.0,117.46492004394531
C2,1685,0.5140984903200925,39.300000000000004,26.5,10,11.319999694824219,117.0,1.0,90,1.0,115.54561614990234
C2,1686,0.5698956848479486,37.8,25.4,10,11.319999694824219,109.0,1.0,70,1.0,113.72737121582031
C2,1687,0.5232277398962926,41.5,28.0,8,12.399999618530273,106.0,1.0,70,1.0,112.50308990478516
C2,1688,0.7183333333333333,42.0,28.0,8,30.149999618530273,242.0,1.0,30,2.0,112.3018569946289
C2,1689,0.7339166666666667,40.300000000000004,28.0,8,23.700000762939453,202.0,1.0,30,2.0,111.11444854736328
C2,1690,0.7572947932032116,34.4,24.5,8,11.899999618530273,142.0,1.0,30,2.0,105.73533630371094
C2,1691,0.7343313011361305,39.1,26.599999999999998,8,19.600000381469727,182.0,1.0,30,2.0,98.50786590576172
C2,1692,0.7697107800428045,33.5,24.299999999999997,8,13.25,142.0,1.0,30,2.0,90.17138671875
C2,1693,0.7339166666666667,40.300000000000004,27.900000000000002,8,24.950000762939453,206.0,1.0,30,2.0,89.43616485595703
C2,1694,0.7524886178878428,33.6,23.5,7,10.628571510314941,120.0,1.0,30,2.0,84.86170196533203
C2,1695,0.7602087990197096,32.9,22.4,7,8.685714721679688,118.0,1.0,30,2.0,80.51702117919922
C2,1696,0.8482290298506394,18.2,17.9,7,0.9142857193946838,28.0,1.0,30,2.0,66.04354858398438
C2,1697,0.7508617994196627,32.599999999999994,21.6,7,5.4285712242126465,88.0,1.0,30,2.0,55.22612762451172
C2,1698,0.7863313041925857,33.300000000000004,23.5,7,19.02857208251953,207.0,1.0,30,3.0,50.069007873535156
C2,1699,0.6938333333333334,43.8,28.9,6,36.959999084472656,258.0,1.0,30,3.0,56.574737548828125
C2,1700,0.8246834924509656,23.5,19.2,6,3.0,81.0,1.0,30,3.0,58.211509704589844
C2,1701,0.7548191373305556,32.099999999999994,20.400000000000002,6,5.266666889190674,99.0,1.0,30,3.0,54.39357376098633
C2,1702,0.7867591663232968,27.900000000000002,19.5,6,3.5999999046325684,84.0,1.0,30,3.0,44.369476318359375
C2,1703,0.7841255397310269,27.599999999999998,19.400000000000002,6,2.2666666507720947,63.0,1.0,30,3.0,37.55501937866211
C2,1704,0.5131443027923072,44.4,29.2,10,45.599998474121094,321.0,1.0,30,3.0,43.333011627197266
C2,1705,0.7841689292175751,28.2,19.7,10,3.640000104904175,102.0,1.0,30,3.0,47.59980773925781
C2,1706,0.7935,33.8,23.900000000000002,10,20.959999084472656,258.0,1.0,30,3.0,58.8265495300293
C2,1707,0.7907500000000001,34.1,24.2,10,20.920000076293945,252.0,1.0,30,3.0,62.49592971801758
C2,1708,0.682616149946741,32.4,21.5,10,8.680000305175781,162.0,1.0,50,3.0,67.36422729492188
C2,1709,0.7644882944094679,18.0,17.7,10,0.6800000071525574,30.0,1.0,50,3.0,60.1518669128418
C2,1710,0.6442966566927313,18.1,17.7,7,0.6285714507102966,24.0,1.0,50,3.0,45.69112014770508
C2,1711,0.667893121481413,32.300000000000004,20.8,7,4.857142925262451,102.0,1.0,50,3.0,34.34800720214844
C2,1712,0.6442966566927313,18.0,17.9,4,0.6285714507102966,21.0,1.0,50,3.0,27.14213752746582
C2,1713,0.8342377688575918,18.9,17.9,2,1.399999976158142,14.0,1.0,30,2.0,22.68528175354004
C2,1714,0.8430615300280377,17.8,17.6,1,1.600000023841858,10.0,1.0,30,2.0,16.144502639770508
C2,1715,0.5744120147012152,50.0,17.6,1,1.2000000476837158,6.0,1.0,30,2.0,11.686701774597168
C2,1716,0.8591758329899635,18.1,17.7,1,3.5999999046325684,28.0,1.0,30,2.0,9.945354461669922
C2,1717,0.8543353991895412,19.900000000000002,17.9,1,2.4000000953674316,18.0,1.0,30,2.0,9.433878898620605
C2,1718,0.5744120147012152,50.0,17.8,1,1.2000000476837158,8.0,1.0,30,2.0,9.260327339172363
C2,1719,0.8455615300280377,20.6,18.2,1,1.600000023841858,12.0,1.0,30,2.0,8.089529991149902
C2,1720,0.8494120147012151,17.7,17.5,1,1.2000000476837158,10.0,1.0,30,2.0,6.853717803955078
C2,1721,0.6963333333333332,44.4,34.7,1,25.600000381469727,96.0,1.0,30,3.0,9.845563888549805
C2,1722,0.8455615300280377,20.6,17.9,1,1.600000023841858,12.0,1.0,30,3.0,11.374005317687988
C2,1723,0.8510615300280377,18.2,17.6,1,1.600000023841858,12.0,1.0,30,2.0,12.424403190612793
C2,1724,0.225875,99.5,54.800000000000004,2,33.599998474121094,110.0,1.0,30,2.0,16.121309280395508
C2,1725,0.254175,86.3,43.1,4,39.06666564941406,160.0,1.0,30,2.0,28.47278594970703
C2,1726,0.6406666666666667,49.6,33.099999999999994,5,28.399999618530273,174.0,1.0,30,2.0,46.68367004394531
C2,1727,0.6899166666666666,45.1,31.3,5,26.399999618530273,174.0,1.0,30,2.0,61.876869201660156
C2,1728,0.8474224405069449,18.9,17.8,5,0.7200000286102295,18.0,1.0,30,2.0,61.526123046875
C2,1729,0.7850024312089033,28.299999999999997,21.0,5,4.079999923706055,62.0,1.0,30,2.0,53.84900665283203
C2,1730,0.7238881216947751,39.199999999999996,26.9,5,15.520000457763672,128.0,1.0,30,2.0,46.17607116699219
C2,1731,0.7036666666666667,43.6,28.7,5,29.1200008392334,225.0,1.0,30,3.0,50.372310638427734
C2,1732,0.7678740379858562,33.0,23.2,5,11.199999809265137,135.0,1.0,30,3.0,54.756717681884766
C2,1733,0.801784222075937,26.4,19.0,5,3.9200000762939453,81.0,1.0,30,3.0,52.45403289794922
C2,1734,0.6855833333333333,44.699999999999996,30.4,6,34.560001373291016,240.0,1.0,30,3.0,51.73908615112305
C2,1735,0.77869632709997,28.400000000000002,20.1,7,4.742856979370117,90.0,1.0,30,3.0,49.31011962890625
C2,1736,0.7188333333333333,40.2,27.900000000000002,9,35.377777099609375,300.0,1.0,30,3.0,57.5860710144043
C2,1737,0.7837866326952353,33.300000000000004,23.400000000000002,9,17.866666793823242,231.0,1.0,30,3.0,62.151641845703125
C2,1738,0.7721896276566687,33.300000000000004,22.599999999999998,9,13.466666221618652,192.0,1.0,30,3.0,69.42431640625
C2,1739,0.8230054942642792,23.2,18.8,9,1.9111111164093018,66.0,1.0,30,3.0,63.38792419433594
C2,1740,0.7494999999999999,38.6,25.9,9,27.64444351196289,279.0,1.0,30,3.0,61.89942169189453
C2,1741,0.8479392767395442,18.4,17.9,9,0.8444444537162781,42.0,1.0,30,3.0,54.33965301513672
C2,1742,0.823889522474637,24.1,19.400000000000002,9,4.1777777671813965,108.0,1.0,30,3.0,51.67045974731445
C2,1743,0.7684527401790614,34.4,24.8,9,15.733333587646484,178.0,1.0,30,2.0,49.53561019897461
C2,1744,0.7531666666666668,38.199999999999996,26.0,9,20.711111068725586,196.0,1.0,30,2.0,59.45469665527344
C2,1745,0.831385496981244,18.9,17.9,7,0.7111111283302307,24.0,1.0,30,2.0,62.206153869628906
C2,1746,0.7165831221773009,39.5,26.8,6,16.866666793823242,150.0,1.0,30,2.0,61.9903564453125
C2,1747,0.7267842571174353,39.4,27.099999999999998,6,17.399999618530273,144.0,1.0,30,2.0,58.39421463012695
C2,1748,0.7416129887428209,36.7,25.0,6,13.666666984558105,128.0,1.0,30,2.0,63.16986083984375
C2,1749,0.6596564277759194,32.4,21.5,6,3.0,40.0,1.0,50,1.0,61.36858367919922
C2,1750,0.8334120147012151,18.3,17.8,4,1.2000000476837158,20.0,1.0,30,2.0,52.021148681640625
C2,1751,0.8477547725551173,18.2,17.8,4,0.800000011920929,28.0,1.0,30,2.0,39.74602508544922
C2,1752,0.8481697802472762,18.2,17.8,4,0.8999999761581421,22.0,1.0,30,2.0,28.514280319213867
C2,1753,0.8334120147012151,18.3,17.8,2,1.2000000476837158,18.0,1.0,30,2.0,21.64190101623535
C2,1754,0.8511758329899635,18.1,17.8,1,3.5999999046325684,24.0,1.0,30,3.0,16.718475341796875
C2,1755,0.8559587577917702,18.2,17.9,1,2.799999952316284,24.0,1.0,30,3.0,13.364418029785156
C2,1756,-0.429104646571347,153.5,69.7,9,91.33333587646484,279.0,1.0,30,3.0,22.551984786987305
C2,1757,0.7316666666666667,38.800000000000004,26.0,11,31.0181827545166,321.0,1.0,30,3.0,41.264522552490234
C2,1758,0.7828654154681925,33.6,23.599999999999998,11,18.690908432006836,243.0,1.0,30,3.0,62.225379943847656
C2,1759,0.7925833333333334,33.9,24.299999999999997,11,23.709091186523438,291.0,1.0,30,3.0,75.3352279663086
C2,1760,0.824045848838313,22.8,18.700000000000003,11,1.2727272510528564,52.0,1.0,30,2.0,72.40113830566406
C2,1761,0.7815934702471258,28.0,19.5,11,2.545454502105713,70.0,1.0,30,2.0,64.5073471069336
C2,1762,0.8476037480262871,19.2,17.9,11,0.7636363506317139,32.0,1.0,30,2.0,48.97107696533203
C2,1763,0.7270833333333333,39.300000000000004,26.599999999999998,9,26.488889694213867,232.0,1.0,30,2.0,51.64931106567383
C2,1764,0.7440000000000001,39.199999999999996,26.9,9,22.08888816833496,200.0,1.0,30,2.0,61.92292022705078
C2,1765,0.757497485509297,18.1,17.8,8,0.949999988079071,42.0,1.0,50,3.0,67.82041931152344
C2,1766,0.7653102077737585,18.2,17.8,8,0.8999999761581421,36.0,1.0,50,3.0,57.492252349853516
C2,1767,0.765497485509297,18.0,17.7,8,0.949999988079071,54.0,1.0,50,3.0,40.36201858520508
C2,1768,0.7649361839831669,18.0,17.7,8,0.800000011920929,24.0,1.0,50,3.0,29.283876419067383
C2,1769,0.6053636977482211,18.1,17.7,4,0.9142857193946838,36.0,1.0,50,3.0,22.636993408203125
C2,1770,0.7391758329899635,18.0,17.7,1,3.5999999046325684,30.0,1.0,30,3.0,17.582195281982422
C2,1771,0.8700719235523432,18.1,17.7,1,6.400000095367432,57.0,1.0,30,3.0,16.01598358154297
C2,1772,0.8607685509003341,18.0,17.7,1,4.0,33.0,1.0,30,3.0,14.942923545837402
C2,1773,0.8623500559002011,18.0,17.7,1,4.400000095367432,33.0,1.0,30,3.0,14.43242073059082
C2,1774,0.8575724027518892,18.1,17.7,1,3.200000047683716,24.0,1.0,30,3.0,12.659452438354492
C2,1775,0.8607685509003341,18.2,17.8,1,4.0,33.0,1.0,30,3.0,11.595671653747559
C2,1776,0.7729327091413447,33.0,26.9,1,12.800000190734863,63.0,1.0,30,3.0,12.290736198425293
C2,1777,0.8700719235523432,17.9,17.6,1,6.400000095367432,54.0,1.0,30,3.0,14.041108131408691
C2,1778,0.8639198485148963,18.0,17.6,1,4.800000190734863,39.0,1.0,30,3.0,15.357998847961426
C2,1779,0.8670222991527153,18.0,17.7,1,5.599999904632568,45.0,1.0,30,3.0,15.348132133483887
C2,1780,0.7765004363535689,33.0,34.3,1,14.0,66.0,1.0,30,3.0,15.8755464553833
C2,1781,0.6908333333333334,45.0,35.6,1,28.399999618530273,102.0,1.0,30,3.0,18.991994857788086
C2,1782,0.8670222991527153,18.1,17.8,1,5.599999904632568,42.0,1.0,30,3.0,20.72852897644043
C2,1783,0.8685539631541367,18.3,17.8,1,6.0,51.0,1.0,30,3.0,21.103784561157227
C2,1784,0.8685539631541367,18.2,17.9,1,6.0,45.0,1.0,30,3.0,18.795604705810547
C2,1785,0.8715756855237148,17.9,17.6,1,6.800000190734863,57.0,1.0,30,3.0,18.077362060546875
C2,1786,0.7760147820406258,33.300000000000004,26.599999999999998,1,14.800000190734863,75.0,1.0,30,3.0,18.713083267211914
C2,1787,0.7691697182260824,33.0,26.5,1,11.600000381469727,63.0,1.0,30,3.0,19.89451789855957
C2,1788,0.8715756855237148,18.1,17.8,1,6.800000190734863,51.0,1.0,30,3.0,20.33670997619629
C2,1789,0.7722783515041495,32.800000000000004,26.3,1,12.0,60.0,1.0,30,3.0,19.935359954833984
C2,1790,0.7735002729214081,33.2,26.599999999999998,1,13.600000381469727,66.0,1.0,30,3.0,19.827882766723633
C2,1791,0.14580396315413668,107.0,51.9,3,54.0,195.0,1.0,30,3.0,26.16339683532715
C2,1792,0.8516095659005859,17.9,17.6,3,1.7333333492279053,32.0,1.0,30,2.0,29.431371688842773
C2,1793,0.7499908315778685,32.2,21.1,3,4.266666889190674,56.0,1.0,30,2.0,32.19215774536133
C2,1794,0.8499627360767531,19.8,18.0,3,1.3333333730697632,32.0,1.0,30,2.0,27.31529426574707
C2,1795,0.7805724027518892,28.400000000000002,20.2,3,3.200000047683716,46.0,1.0,30,2.0,25.322509765625
C2,1796,0.7486833892335344,32.4,21.4,3,4.400000095367432,54.0,1.0,30,2.0,23.993505477905273
C2,1797,0.18157500000000004,112.69999999999999,59.3,1,22.0,61.0,1.0,30,1.0,29.196104049682617
C2,1798,0.69175,44.900000000000006,34.7,1,20.799999237060547,72.0,1.0,30,2.0,34.050994873046875
C2,1799,-0.3090234875087668,174.6,74.1,6,74.4000015258789,270.0,1.0,30,2.0,51.363929748535156
C2,1800,0.5958480995092628,32.9,22.2,10,7.480000019073486,124.0,1.0,30,2.0,61.88502502441406
C2,1801,0.751513597194608,32.5,21.6,10,5.360000133514404,102.0,1.0,30,2.0,70.19768524169922
C2,1802,0.7498348175927209,32.7,22.1,10,5.400000095367432,106.0,1.0,30,2.0,64.25194549560547
C2,1803,0.7658878015621178,33.4,23.099999999999998,10,11.720000267028809,152.0,1.0,30,2.0,62.55116653442383
C2,1804,0.7678021894846279,32.300000000000004,21.2,10,9.279999732971191,177.0,1.0,30,3.0,62.59736633300781
C2,1805,0.6803663781737433,40.599999999999994,27.7,11,51.66666793823242,372.0,1.0,30,3.0,72.09175109863281
C2,1806,0.7898333333333334,34.2,24.299999999999997,11,23.0181827545166,285.0,1.0,30,3.0,80.32171630859375
C2,1807,0.852256041676356,19.099999999999998,18.2,11,1.8909090757369995,87.0,1.0,30,3.0,81.25969696044922
C2,1808,0.8483582687211308,17.9,17.6,11,0.9454545378684998,48.0,1.0,30,3.0,67.4224853515625
C2,1809,0.8438777522600387,20.8,18.599999999999998,11,1.6363636255264282,66.0,1.0,30,3.0,49.38682556152344
C2,1810,0.8233919547454126,23.099999999999998,19.0,11,1.781818151473999,75.0,1.0,30,3.0,38.0320930480957
C2,1811,0.8157029959369361,22.9,18.9,9,3.3777778148651123,93.0,1.0,30,3.0,33.21925735473633
C2,1812,0.5383754262827477,18.1,17.7,1,3.4000000953674316,57.0,1.0,30,3.0,29.931554794311523
C2,1813,0.8685539631541367,17.9,17.7,1,6.0,51.0,1.0,30,3.0,26.89226531982422
C2,1814,0.6094677140953682,32.7,26.1,1,8.800000190734863,42.0,1.0,70,2.0,23.73535919189453
C2,1815,0.7827673397597279,32.800000000000004,27.2,1,15.600000381469727,75.0,1.0,30,3.0,22.641216278076172
C2,1816,0.6954166666666667,44.5,35.4,1,26.399999618530273,93.0,1.0,30,3.0,23.851396560668945
C2,1817,0.7780836062547414,32.7,26.599999999999998,1,13.600000381469727,69.0,1.0,30,3.0,24.84417152404785
C2,1818,0.8700719235523432,18.0,17.7,1,6.400000095367432,51.0,1.0,30,3.0,24.3731689453125
C2,1819,0.7719197182260823,32.7,26.0,1,11.600000381469727,63.0,1.0,30,3.0,22.757234573364258
C2,1820,0.8543353991895412,18.0,17.6,1,2.4000000953674316,21.0,1.0,30,3.0,19.654340744018555
C2,1821,0.6694830498015071,45.900000000000006,34.4,1,18.399999618530273,66.0,1.0,30,2.0,19.92593765258789
C2,1822,0.27897500000000003,83.1,46.6,1,28.399999618530273,86.0,1.0,30,2.0,23.02223014831543
C2,1823,0.8623500559002011,18.0,17.8,1,4.400000095367432,38.0,1.0,30,2.0,26.480003356933594
C2,1824,0.8591758329899635,17.9,17.5,1,3.5999999046325684,32.0,1.0,30,2.0,26.288002014160156
C2,1825,0.8623500559002011,17.9,17.6,1,4.400000095367432,38.0,1.0,30,2.0,22.972801208496094
C2,1826,0.691540061084468,32.4,26.200000000000003,1,10.800000190734863,56.0,1.0,50,2.0,22.18368148803711
C2,1827,0.19177500000000003,111.9,53.699999999999996,2,33.599998474121094,120.0,1.0,30,2.0,27.576875686645508
C2,1828,0.8414120147012151,18.1,17.7,3,1.2000000476837158,36.0,1.0,30,2.0,30.679458618164062
C2,1829,0.7498948297735781,33.0,23.5,3,6.133333206176758,60.0,1.0,30,2.0,32.807674407958984
C2,1830,0.09397990077782022,90.80000000000001,46.300000000000004,3,38.400001525878906,130.0,1.0,90,1.0,43.417938232421875
C2,1831,0.7647771760435242,33.5,24.2,4,14.300000190734863,135.0,1.0,30,3.0,53.384098052978516
C2,1832,0.7091666666666667,43.0,28.5,4,29.100000381469727,201.0,1.0,30,3.0,64.29712677001953
C2,1833,0.7594046839066234,32.599999999999994,22.5,4,7.699999809265137,90.0,1.0,30,3.0,57.5116081237793
C2,1834,0.8502377688575918,17.9,17.6,4,1.399999976158142,36.0,1.0,30,2.0,49.84029769897461
C2,1835,0.8477547725551173,17.9,17.6,4,0.800000011920929,26.0,1.0,30,2.0,38.037513732910156
C2,1836,0.7721371429731648,29.1,20.1,4,2.700000047683716,48.0,1.0,30,2.0,30.155839920043945
C2,1837,0.8494120147012151,18.2,17.8,4,1.2000000476837158,30.0,1.0,30,2.0,25.026838302612305
C2,1838,0.7391758329899635,18.0,17.8,1,3.5999999046325684,32.0,1.0,30,2.0,22.349435806274414
C2,1839,0.8591758329899635,18.0,18.0,1,3.5999999046325684,30.0,1.0,30,2.0,19.54299545288086
C2,1840,0.8559587577917702,18.1,18.0,1,2.799999952316284,20.0,1.0,30,2.0,17.192462921142578
C2,1841,0.6786413342794424,44.6,35.7,1,17.200000762939453,60.0,1.0,30,2.0,17.64881134033203
C2,1842,0.8623500559002011,17.9,17.6,1,4.400000095367432,36.0,1.0,30,2.0,18.322620391845703
C2,1843,0.8607685509003341,18.3,17.9,1,4.0,32.0,1.0,30,2.0,19.526905059814453
C2,1844,0.7551143338995105,33.5,26.8,1,8.800000190734863,42.0,1.0,30,2.0,19.049476623535156
C2,1845,0.7590386420175074,32.599999999999994,26.0,1,7.599999904632568,40.0,1.0,30,2.0,19.029685974121094
C2,1846,0.7638559607802319,32.7,26.9,1,9.199999809265137,48.0,1.0,30,2.0,20.0844783782959
C2,1847,0.8591758329899635,17.9,17.6,1,3.5999999046325684,30.0,1.0,30,2.0,19.9173526763916
C2,1848,0.7145714020671545,32.5,26.4,1,16.399999618530273,87.0,1.0,50,3.0,21.017078399658203
C2,1849,0.7652466586274284,32.7,26.599999999999998,1,9.600000381469727,50.0,1.0,30,2.0,21.81024742126465
C2,1850,0.8623500559002011,18.1,18.0,1,4.400000095367432,36.0,1.0,30,2.0,22.686147689819336
C2,1851,0.7000000000000001,44.0,34.9,1,20.399999618530273,72.0,1.0,30,2.0,24.145021438598633
C2,1852,0.7628555817666097,32.5,26.8,1,8.399999618530273,42.0,1.0,30,2.0,24.48701286315918
C2,1853,0.8607685509003341,17.9,17.6,1,4.0,36.0,1.0,30,2.0,24.69220733642578
C2,1854,0.7629392941135652,32.800000000000004,26.5,1,9.199999809265137,44.0,1.0,30,2.0,22.948657989501953
C2,1855,0.7624966586274284,33.0,27.5,1,9.600000381469727,46.0,1.0,30,2.0,22.1691951751709
C2,1856,0.7643066935861117,33.099999999999994,26.4,1,10.399999618530273,48.0,1.0,30,2.0,22.501516342163086
C2,1857,0.6557539636400713,47.199999999999996,35.2,1,17.600000381469727,64.0,1.0,30,2.0,24.034242630004883
C2,1858,0.7804148819201024,18.2,17.7,1,4.800000190734863,42.0,1.0,50,3.0,23.75387954711914
C2,1859,0.774766042474678,32.800000000000004,27.0,1,12.800000190734863,60.0,1.0,30,3.0,23.05232810974121
C2,1860,0.7750283515041495,32.5,26.3,1,12.0,63.0,1.0,30,3.0,21.164730072021484
C2,1861,0.6715833333333333,47.1,35.1,1,28.799999237060547,99.0,1.0,30,3.0,22.56550407409668
C2,1862,0.8670222991527153,18.1,17.7,1,5.599999904632568,48.0,1.0,30,3.0,22.872636795043945
C2,1863,0.8700719235523432,18.0,17.7,1,6.400000095367432,57.0,1.0,30,3.0,22.79024887084961
C2,1864,0.7858913342794426,32.9,26.3,1,17.200000762939453,84.0,1.0,30,3.0,22.074148178100586
C2,1865,0.765124037985856,33.300000000000004,26.9,1,11.199999809265137,60.0,1.0,30,3.0,22.17782211303711
C2,1866,0.7723108875812963,33.2,26.700000000000003,1,13.199999809265137,63.0,1.0,30,3.0,22.50669288635254
C2,1867,0.7768942209146296,32.7,26.5,1,13.199999809265137,69.0,1.0,30,3.0,22.037349700927734
C2,1868,0.873064754199968,17.9,17.6,1,7.199999809265137,57.0,1.0,30,3.0,21.62240982055664
C2,1869,0.7783152953567194,33.4,27.3,1,16.0,78.0,1.0,30,3.0,22.040111541748047
C2,1870,0.7671161611682622,33.5,26.1,1,12.399999618530273,63.0,1.0,30,3.0,22.024066925048828
C2,1871,0.7858913342794426,32.9,27.2,1,17.200000762939453,87.0,1.0,30,3.0,23.347774505615234
C2,1872,0.8700719235523432,18.1,17.8,1,6.400000095367432,54.0,1.0,30,3.0,23.07533073425293
C2,1873,0.8715756855237148,18.0,17.7,1,6.800000190734863,57.0,1.0,30,3.0,22.645198822021484
C2,1874,0.774766042474678,32.800000000000004,26.700000000000003,1,12.800000190734863,63.0,1.0,30,3.0,21.320451736450195
C2,1875,0.7713616848374829,32.9,26.8,1,12.0,60.0,1.0,30,3.0,20.79227066040039
C2,1876,0.7822276307266981,32.5,26.4,1,14.399999618530273,75.0,1.0,30,3.0,21.275362014770508
C2,1877,0.8654774278277694,18.0,17.7,1,5.199999809265137,42.0,1.0,30,3.0,20.63188362121582
C2,1878,0.8685539631541367,18.1,17.8,1,6.0,48.0,1.0,30,3.0,19.71246337890625
C2,1879,0.8607685509003341,19.2,17.9,1,4.0,36.0,1.0,30,3.0,17.427478790283203
C2,1880,0.8670222991527153,18.3,18.0,1,5.599999904632568,48.0,1.0,30,3.0,16.32315444946289
C2,1881,0.6926666666666667,44.8,35.0,1,28.0,105.0,1.0,30,3.0,18.193891525268555
C2,1882,0.7637722484332763,32.4,26.1,1,8.399999618530273,42.0,1.0,30,2.0,20.516334533691406
C2,1883,0.6802083736819039,32.9,26.5,1,9.199999809265137,46.0,1.0,50,2.0,22.8431339263916
C2,1884,0.7601892941135653,33.099999999999994,27.099999999999998,1,9.199999809265137,46.0,1.0,30,2.0,22.63921356201172
C2,1885,0.7566480875333013,32.7,26.9,1,7.199999809265137,40.0,1.0,30,2.0,22.383527755737305
C2,1886,0.767336384892749,33.2,27.099999999999998,1,11.600000381469727,56.0,1.0,30,2.0,22.89678382873535
C2,1887,0.768391768574655,32.800000000000004,26.5,1,10.800000190734863,52.0,1.0,30,2.0,23.604736328125
C2,1888,0.8575724027518892,18.1,17.8,1,3.200000047683716,28.0,1.0,30,2.0,23.229509353637695
C2,1889,0.8639198485148963,18.9,18.0,1,4.800000190734863,38.0,1.0,30,2.0,21.804372787475586
C2,1890,0.8607685509003341,18.3,17.7,1,4.0,34.0,1.0,30,2.0,19.749290466308594
C2,1891,0.7619751019079883,33.5,26.9,1,10.800000190734863,52.0,1.0,30,2.0,20.116241455078125
C2,1892,0.8591758329899635,17.8,18.0,1,3.5999999046325684,30.0,1.0,30,3.0,19.136411666870117
C2,1893,0.8591758329899635,18.1,17.9,1,3.5999999046325684,30.0,1.0,30,3.0,17.61517906188965
C2,1894,0.8559587577917702,18.2,17.7,1,2.799999952316284,24.0,1.0,30,3.0,14.302441596984863
C2,1895,0.8623500559002011,18.3,17.9,1,4.400000095367432,36.0,1.0,30,3.0,12.581464767456055
C2,1896,0.6954166666666667,44.5,34.6,1,25.600000381469727,90.0,1.0,30,3.0,14.215545654296875
C2,1897,0.8639198485148963,18.0,17.7,1,4.800000190734863,45.0,1.0,30,3.0,16.12932777404785
C2,1898,0.8591758329899635,18.1,17.8,1,3.5999999046325684,33.0,1.0,30,3.0,17.144262313842773
C2,1899,0.8670222991527153,18.1,17.8,1,5.599999904632568,45.0,1.0,30,3.0,15.75322437286377
C2,1900,0.8559587577917702,18.0,17.6,1,2.799999952316284,24.0,1.0,30,2.0,14.518601417541504
C2,1901,0.7702251019079883,32.599999999999994,26.0,1,10.800000190734863,56.0,1.0,30,2.0,16.04449462890625
C2,1902,0.7606143338995106,32.9,26.8,1,8.800000190734863,44.0,1.0,30,2.0,17.89336395263672
C2,1903,0.8510615300280377,18.8,17.8,1,1.600000023841858,12.0,1.0,30,2.0,18.20268440246582
C2,1904,0.5744120147012152,50.0,17.8,1,1.2000000476837158,8.0,1.0,30,2.0,15.188277244567871
C2,1905,0.8575724027518892,18.0,17.7,1,3.200000047683716,26.0,1.0,30,2.0,12.179633140563965
C2,1906,0.7756653383512933,18.1,17.7,1,3.5999999046325684,28.0,1.0,50,2.0,11.441113471984863
C2,1907,0.8543353991895412,18.0,17.6,1,2.4000000953674316,18.0,1.0,30,2.0,11.664668083190918
C2,1908,0.8575724027518892,18.0,17.7,1,3.200000047683716,26.0,1.0,30,2.0,11.798800468444824
C2,1909,0.8510615300280377,18.2,17.7,1,1.600000023841858,12.0,1.0,30,2.0,10.812613487243652
C2,1910,0.8510615300280377,18.1,17.6,1,1.600000023841858,12.0,1.0,30,2.0,9.820901870727539
C2,1911,0.6740663831348405,45.400000000000006,35.6,1,18.399999618530273,60.0,1.0,30,2.0,11.492541313171387
C2,1912,0.8559587577917702,17.9,17.6,1,2.799999952316284,21.0,1.0,30,3.0,12.628857612609863
C2,1913,0.8543353991895412,18.2,17.5,1,2.4000000953674316,18.0,1.0,30,3.0,13.310647964477539
C2,1914,0.8623500559002011,18.2,17.8,1,4.400000095367432,36.0,1.0,30,3.0,11.319722175598145
C2,1915,0.8543353991895412,18.3,17.6,1,2.4000000953674316,18.0,1.0,30,3.0,9.991833686828613
C2,1916,0.8685539631541367,18.0,17.7,1,6.0,51.0,1.0,30,3.0,10.66176700592041
C2,1917,0.7865652953567194,32.5,26.1,1,16.0,87.0,1.0,30,3.0,13.33039379119873
C2,1918,0.28995,76.2,42.7,2,37.20000076293945,135.0,1.0,30,3.0,20.131568908691406
C2,1919,0.8575724027518892,18.0,17.8,2,3.200000047683716,51.0,1.0,30,3.0,24.2122745513916
C2,1920,0.0957236286900527,84.7,42.0,6,44.0,267.0,1.0,30,3.0,34.66069793701172
C2,1921,0.7638684085687384,32.800000000000004,22.700000000000003,6,9.466666221618652,132.0,1.0,30,3.0,40.796417236328125
C2,1922,0.7449166666666667,39.1,27.0,6,24.53333282470703,213.0,1.0,30,3.0,51.677852630615234
C2,1923,0.7703676785587492,30.599999999999998,20.8,6,5.733333110809326,105.0,1.0,30,3.0,51.006710052490234
C2,1924,0.8474778490641532,18.3,17.8,6,0.7333333492279053,18.0,1.0,30,3.0,45.53736114501953
C2,1925,0.5142939378261353,45.199999999999996,30.3,10,42.31111145019531,324.0,1.0,30,3.0,47.189083099365234
C2,1926,0.7866402289996188,28.0,19.2,10,3.799999952316284,114.0,1.0,30,3.0,48.580116271972656
C2,1927,0.7605245649115502,32.0,20.8,10,6.519999980926514,141.0,1.0,30,3.0,54.881404876708984
C2,1928,0.7709812611237876,32.9,22.2,10,11.880000114440918,183.0,1.0,30,3.0,52.3955078125
C2,1929,0.5684338119398832,36.7,24.8,10,7.159999847412109,87.0,1.0,70,1.0,57.43730545043945
C2,1930,0.7580059416368681,33.2,22.4,10,8.84000015258789,130.0,1.0,30,2.0,62.86238479614258
C2,1931,0.4398333333333334,46.199999999999996,31.099999999999998,4,32.900001525878906,176.0,1.0,30,2.0,69.7174301147461
C2,1932,0.353175,50.3,34.6,6,34.66666793823242,228.0,1.0,30,2.0,77.43045806884766
C2,1933,0.6858671817515141,43.4,27.5,7,19.08571434020996,160.0,1.0,30,2.0,84.05827331542969
C2,1934,0.571804498154994,50.0,17.5,7,0.5714285969734192,8.0,1.0,30,2.0,76.83496856689453
C2,1935,0.8472799248274688,17.9,17.7,7,0.6857143044471741,22.0,1.0,30,2.0,58.76764678955078
C2,1936,0.7280988374214279,39.6,27.3,7,18.799999237060547,170.0,1.0,30,2.0,48.59392166137695
C2,1937,0.7715680837719376,28.8,20.1,7,1.8857142925262451,52.0,1.0,30,2.0,45.42301940917969
C2,1938,0.8091826438840085,22.9,18.599999999999998,5,1.7714285850524902,40.0,1.0,30,2.0,44.72047805786133
C2,1939,0.7460135971946079,33.099999999999994,21.9,5,5.360000133514404,76.0,1.0,30,2.0,38.03228759765625
C2,1940,0.8467569239884147,17.9,17.6,5,0.5600000023841858,10.0,1.0,30,2.0,31.219371795654297
C2,1941,0.6981666666666667,44.2,28.8,5,20.799999237060547,152.0,1.0,30,2.0,34.598289489746094
C2,1942,0.33235509156525717,53.0,35.8,7,41.733333587646484,222.0,1.0,30,2.0,46.35897445678711
C2,1943,0.730050589430595,38.4,25.4,7,15.085714340209961,148.0,1.0,30,2.0,62.61538314819336
C2,1944,0.7644340064263946,34.8,24.9,7,15.600000381469727,152.0,1.0,30,2.0,72.36923217773438
C2,1945,0.7324877323620912,38.1,25.6,7,14.971428871154785,142.0,1.0,30,2.0,72.8882064819336
C2,1946,0.7634858572813419,33.6,23.900000000000002,7,11.54285717010498,126.0,1.0,30,2.0,71.73292541503906
C2,1947,0.7546693153000678,32.4,21.8,7,5.942857265472412,94.0,1.0,30,2.0,67.17308807373047
C2,1948,0.5460833333333335,47.7,31.5,4,48.400001525878906,264.0,1.0,50,3.0,66.70384979248047
C2,1949,0.675061531499218,39.199999999999996,26.5,4,21.600000381469727,171.0,1.0,50,3.0,65.622314453125
C2,1950,0.6852111662606256,32.4,22.0,4,9.300000190734863,114.0,1.0,50,3.0,63.77338790893555
C2,1951,0.4269661153993719,49.8,33.8,8,56.15999984741211,282.0,1.0,30,3.0,63.46403121948242
C2,1952,0.7674456119754892,33.099999999999994,22.3,8,11.350000381469727,162.0,1.0,30,3.0,62.87841796875
C2,1953,0.7833714035909666,28.400000000000002,20.0,8,3.9000000953674316,96.0,1.0,30,3.0,61.72705078125
C2,1954,0.786518550900334,28.1,19.8,8,4.0,96.0,1.0,30,3.0,52.76956558227539
C2,1955,0.7649361839831669,18.0,17.7,8,0.800000011920929,57.0,1.0,50,3.0,42.7284049987793
C2,1956,0.7075427384124233,41.9,28.2,8,39.04999923706055,327.0,1.0,50,3.0,46.970375061035156
C2,1957,0.6847987314515132,37.900000000000006,25.3,7,23.02857208251953,216.0,1.0,50,3.0,54.84889221191406
C2,1958,0.6874328513841905,43.1,28.7,7,35.25714111328125,282.0,1.0,50,3.0,69.57600402832031
C2,1959,0.7344166666666667,38.5,25.5,9,22.44444465637207,261.0,1.0,30,3.0,75.47893524169922
C2,1960,0.7733333333333333,36.0,24.9,9,23.244443893432617,258.0,1.0,30,3.0,80.88735961914062
C2,1961,0.7725771231608896,33.2,22.700000000000003,9,13.288888931274414,195.0,1.0,30,3.0,80.2657470703125
C2,1962,0.783003987777581,33.6,23.900000000000002,9,18.755556106567383,231.0,1.0,30,3.0,78.5594482421875
C2,1963,0.8468309257411047,18.0,17.8,9,0.5777778029441833,24.0,1.0,30,3.0,67.13567352294922
C2,1964,0.47277711676362355,50.0,17.7,7,0.4888888895511627,9.0,1.0,50,3.0,52.01473617553711
C2,1965,0.7518389060655504,32.300000000000004,20.6,7,4.971428394317627,102.0,1.0,30,3.0,37.208839416503906
C2,1966,0.6855833333333333,44.699999999999996,30.4,8,38.33333206176758,250.0,1.0,30,2.0,43.9253044128418
C2,1967,0.7323333333333333,39.6,27.3,9,34.488887786865234,288.0,1.0,30,2.0,66.75518035888672
C2,1968,0.7344166666666667,38.5,25.9,11,36.07272720336914,346.0,1.0,30,2.0,98.98644256591797
C2,1969,0.7683333333333333,34.8,24.5,13,35.661537170410156,422.0,1.0,30,2.0,129.7918701171875
C2,1970,0.7916666666666666,34.0,24.2,13,30.738462448120117,394.0,1.0,30,2.0,155.34178161621094
C2,1971,0.7784166666666666,33.7,23.900000000000002,15,35.040000915527344,478.0,1.0,30,2.0,179.47174072265625
C2,1972,0.6408333333333334,33.0,22.599999999999998,19,38.37894821166992,624.0,1.0,30,2.0,207.4163818359375
C2,1973,0.8035833333333333,32.7,22.1,19,31.768421173095703,590.0,1.0,30,2.0,237.2498321533203
C2,1974,0.8054166666666667,32.5,22.0,19,24.905263900756836,470.0,1.0,30,2.0,254.61656188964844
C2,1975,0.8017500000000001,32.9,22.2,19,26.715789794921875,490.0,1.0,30,2.0,256.103271484375
C2,1976,0.8017500000000001,32.9,22.3,19,25.663158416748047,492.0,1.0,30,2.0,250.4619598388672
C2,1977,0.78791864791298,27.7,19.599999999999998,19,3.4315788745880127,118.0,1.0,30,2.0,223.61050415039062
C2,1978,0.8443447405515199,20.2,17.9,19,0.42105263471603394,14.0,1.0,30,2.0,175.7663116455078
C2,1979,0.5552658314273891,50.0,17.6,17,0.4421052634716034,6.0,1.0,30,2.0,114.65978240966797
C2,1980,0.846286477543666,19.7,17.8,17,0.4470588266849518,12.0,1.0,30,2.0,70.92920684814453
C2,1981,0.8466785544602641,18.1,17.6,17,0.5411764979362488,34.0,1.0,30,2.0,46.02418899536133
C2,1982,-0.028354104073253693,50.0,17.9,2,0.5333333611488342,9.0,1.0,30,3.0,31.081180572509766
C2,1983,0.844702823555001,18.4,17.7,1,2.0,15.0,1.0,30,3.0,21.982040405273438
C2,1984,0.40536883755156783,50.0,17.8,1,0.800000011920929,9.0,1.0,90,3.0,14.655891418457031
C2,1985,0.852702823555001,18.0,17.7,1,2.0,12.0,1.0,30,3.0,10.393534660339355
C2,1986,0.280875,79.5,42.5,2,31.200000762939453,129.0,1.0,30,3.0,12.902787208557129
C2,1987,0.8494120147012151,17.7,17.5,2,1.2000000476837158,18.0,1.0,30,3.0,14.80833911895752
C2,1988,0.5727547725551173,50.0,18.0,2,0.800000011920929,6.0,1.0,30,3.0,15.685003280639648
C2,1989,0.8502377688575918,18.4,17.8,2,1.399999976158142,18.0,1.0,30,3.0,11.277668952941895
C2,1990,0.5719234084714488,50.0,18.0,2,0.6000000238418579,9.0,1.0,30,3.0,8.233267784118652
C2,1991,0.856766825784299,18.0,17.8,2,3.0,54.0,1.0,30,3.0,8.539960861206055
C2,1992,0.8430615300280377,18.0,17.7,1,1.600000023841858,30.0,1.0,30,3.0,9.257309913635254
C2,1993,0.852702823555001,18.1,17.8,1,2.0,12.0,1.0,30,3.0,9.821052551269531
C2,1994,0.5727547725551173,50.0,17.9,1,0.800000011920929,3.0,1.0,30,3.0,7.892631530761719
C2,1995,0.8460853991895412,20.9,17.9,1,2.4000000953674316,16.0,1.0,30,2.0,6.468912124633789
C2,1996,0.8559587577917702,18.1,17.7,1,2.799999952316284,24.0,1.0,30,2.0,6.681347370147705
C2,1997,0.852702823555001,18.2,17.7,1,2.0,16.0,1.0,30,2.0,7.7421417236328125
C2,1998,0.8494120147012151,18.2,17.7,1,1.2000000476837158,10.0,1.0,30,2.0,7.978618144989014
C2,1999,0.5727547725551173,50.0,17.8,1,0.800000011920929,4.0,1.0,30,2.0,6.787170886993408
C2,2000,0.5727547725551173,50.0,17.6,1,0.800000011920929,4.0,1.0,30,2.0,5.272302627563477
C2,2001,-0.5041666074875712,233.7,126.1,4,147.39999389648438,296.0,1.0,30,2.0,23.4300479888916
C2,2002,0.6084166666666667,40.9,27.400000000000002,7,29.885713577270508,249.0,1.0,30,3.0,45.12469482421875
C2,2003,0.5681281935418759,44.0,29.1,10,41.02857208251953,312.0,1.0,30,3.0,71.74148559570312
C2,2004,0.7870833333333334,34.5,24.6,10,20.600000381469727,252.0,1.0,30,3.0,79.17822265625
C2,2005,0.7713253644287186,33.0,22.5,10,12.279999732971191,201.0,1.0,30,3.0,81.5069351196289
C2,2006,0.7788333333333334,35.4,24.8,10,25.280000686645508,282.0,1.0,30,3.0,81.5708236694336
C2,2007,0.7824636425731412,33.2,22.8,10,16.920000076293945,237.0,1.0,30,3.0,80.94249725341797
C2,2008,0.7836723045943003,33.099999999999994,22.599999999999998,10,17.040000915527344,231.0,1.0,30,3.0,81.89883422851562
C2,2009,0.7451666666666668,38.199999999999996,25.2,9,27.688888549804688,282.0,1.0,30,3.0,82.4726333618164
C2,2010,0.8470158696381417,18.0,17.8,9,0.6222222447395325,24.0,1.0,30,3.0,73.3502426147461
C2,2011,0.7645954523293136,32.5,21.3,9,8.88888931274414,159.0,1.0,30,3.0,64.67681121826172
C2,2012,0.847200726943179,17.9,17.6,9,0.6666666865348816,45.0,1.0,30,3.0,48.939422607421875
C2,2013,0.6304166666666667,38.5,25.6,12,35.36666488647461,402.0,1.0,30,3.0,56.2969856262207
C2,2014,0.7804552391311355,32.599999999999994,22.2,12,14.100000381469727,234.0,1.0,30,3.0,64.04486083984375
C2,2015,0.8209953480345485,23.099999999999998,18.8,12,1.2000000476837158,60.0,1.0,30,3.0,69.36024475097656
C2,2016,0.7283088752733682,33.6,23.599999999999998,12,22.066667556762695,285.0,1.0,50,3.0,67.34947967529297
C2,2017,0.7562291854332054,34.4,24.400000000000002,12,31.566667556762695,396.0,1.0,50,3.0,73.34302520751953
C2,2018,0.6996547579784098,32.599999999999994,22.0,12,13.133333206176758,216.0,1.0,50,3.0,83.87248229980469
C2,2019,0.560829031801374,27.900000000000002,19.900000000000002,8,7.949999809265137,132.0,1.0,50,3.0,83.39015197753906
C2,2020,0.7002834143432379,38.0,25.7,8,25.149999618530273,249.0,1.0,50,3.0,76.56742858886719
C2,2021,0.6452640520449826,23.900000000000002,19.5,8,1.649999976158142,37.0,1.0,90,1.0,67.80712127685547
C2,2022,0.5155374753166682,37.699999999999996,25.0,7,6.900000095367432,77.0,1.0,90,1.0,66.95094299316406
C2,2023,0.24972500000000003,50.1,33.8,4,47.0,243.0,1.0,50,3.0,66.17056274414062
C2,2024,0.4864861048542687,41.8,27.900000000000002,4,7.400000095367432,59.0,1.0,90,1.0,68.63567352294922
C2,2025,0.11109677792964545,64.8,38.3,4,18.200000762939453,91.0,1.0,90,1.0,71.98139953613281
C2,2026,0.13872926114885,55.5,37.3,4,19.299999237060547,91.0,1.0,90,1.0,75.32217407226562
C2,2027,0.6804430524100542,18.1,17.8,4,0.8999999761581421,18.0,1.0,90,1.0,71.85997009277344
C2,2028,0.0928643884881222,69.8,40.5,2,23.799999237060547,104.0,1.0,90,1.0,71.51598358154297
C2,2029,0.030958385104804212,102.9,54.199999999999996,2,29.0,81.0,1.0,90,1.0,69.97625732421875
C2,2030,0.22942500000000002,95.3,47.6,4,30.600000381469727,137.0,1.0,30,1.0,84.9190902709961
C2,2031,0.32405,63.8,38.1,5,30.719999313354492,154.0,1.0,30,1.0,100.55145263671875
C2,2032,0.6021559980297053,32.7,22.1,5,6.0,90.0,1.0,70,3.0,103.13087463378906
C2,2033,0.6030135990378042,48.7,32.300000000000004,5,45.36000061035156,270.0,1.0,70,3.0,98.41185760498047
C2,2034,0.7124765960013384,39.800000000000004,27.5,7,19.885713577270508,178.0,1.0,30,2.0,86.91378021240234
C2,2035,0.7054999999999999,43.4,28.400000000000002,7,23.485713958740234,182.0,1.0,30,2.0,88.14826965332031
C2,2036,0.5974166666666667,42.1,28.1,10,32.79999923706055,324.0,1.0,30,2.0,98.48896026611328
C2,2037,0.7595887999896964,33.6,23.599999999999998,10,10.359999656677246,150.0,1.0,30,2.0,102.82671356201172
C2,2038,0.7680045098450116,33.0,22.4,10,11.239999771118164,186.0,1.0,30,3.0,101.56269073486328
C2,2039,0.780825229796029,33.4,23.599999999999998,10,17.0,237.0,1.0,30,3.0,89.73761749267578
C2,2040,0.7889166666666667,34.3,24.299999999999997,10,22.0,264.0,1.0,30,3.0,84.37590026855469
C2,2041,0.7595833333333334,37.5,25.4,10,25.520000457763672,291.0,1.0,30,3.0,85.8255386352539
C2,2042,0.7465332607557628,31.8,20.6,9,4.488888740539551,88.0,1.0,30,2.0,82.02865600585938
C2,2043,0.5645607804573469,39.9,27.099999999999998,9,35.733333587646484,333.0,1.0,90,3.0,82.81719207763672
C2,2044,0.7380833333333333,38.1,25.6,11,24.618181228637695,268.0,1.0,30,2.0,88.22364807128906
C2,2045,0.7553236382451162,33.7,23.0,11,9.381817817687988,150.0,1.0,30,2.0,95.60086059570312
C2,2046,0.77975,35.3,25.2,11,22.10909080505371,250.0,1.0,30,2.0,101.89384460449219
C2,2047,0.7724166666666666,36.1,25.1,11,22.945453643798828,248.0,1.0,30,2.0,104.33631134033203
C2,2048,0.8506124566449006,19.2,18.599999999999998,11,1.4909090995788574,58.0,1.0,30,2.0,99.66844940185547
C2,2049,0.7325833333333334,38.699999999999996,26.1,9,22.399999618530273,208.0,1.0,30,2.0,94.06774139404297
C2,2050,0.6949839222207085,28.2,20.400000000000002,9,2.1777777671813965,45.0,1.0,50,1.0,80.1739730834961
C2,2051,0.6353442528960173,40.0,27.3,9,33.9555549621582,321.0,1.0,70,3.0,82.23771667480469
C2,2052,0.7612055820974902,33.6,23.400000000000002,9,10.844444274902344,142.0,1.0,30,2.0,79.07596588134766
C2,2053,0.7458333333333333,39.0,26.5,9,32.44444274902344,296.0,1.0,30,2.0,90.91224670410156
C2,2054,0.7564376952437749,34.2,24.299999999999997,9,11.066666603088379,140.0,1.0,30,2.0,93.08068084716797
C2,2055,0.7430833333333333,39.300000000000004,26.8,9,22.933332443237305,218.0,1.0,30,2.0,99.44841003417969
C2,2056,0.74675,38.9,26.599999999999998,9,29.955554962158203,268.0,1.0,30,2.0,101.40238189697266
C2,2057,0.7499053759631696,32.4,20.9,9,4.711111068725586,90.0,1.0,30,2.0,99.24142456054688
C2,2058,0.69705234311079,28.5,19.8,9,3.422222137451172,93.0,1.0,50,3.0,87.54485321044922
C2,2059,0.7158719134347588,39.6,27.2,9,33.9555549621582,309.0,1.0,50,3.0,76.3935775756836
C2,2060,0.7378333333333333,39.0,26.5,10,31.15999984741211,312.0,1.0,30,3.0,77.5694808959961
C2,2061,-0.8091281616267847,41.9,25.7,44,82.9000015258789,1833.0,1.0,30,3.0,155.6083526611328
C2,2062,0.5141114029502462,27.099999999999998,20.0,52,15.2615385055542,774.0,1.0,30,3.0,223.0983428955078
C2,2063,0.8501743195193846,19.900000000000002,18.5,52,1.384615421295166,129.0,1.0,30,3.0,255.45901489257812
C2,2064,0.8273368898599073,24.7,19.7,52,6.492307662963867,318.0,1.0,30,3.0,207.5420684814453
C2,2065,0.8507076555906123,20.6,18.599999999999998,52,2.8615384101867676,207.0,1.0,30,3.0,153.59190368652344
C2,2066,0.8302636546521172,23.900000000000002,19.5,52,5.338461399078369,279.0,1.0,30,3.0,127.88848114013672
C2,2067,-0.20981272208581933,23.0,19.0,26,3.2285714149475098,168.0,1.0,30,3.0,105.79975128173828
C2,2068,0.1829152430881747,33.300000000000004,22.8,11,17.490909576416016,249.0,1.0,30,3.0,94.4131851196289
C2,2069,0.6661666666666668,34.6,24.7,14,35.818180084228516,411.0,1.0,30,3.0,93.44791412353516
C2,2070,0.7944166666666667,33.7,23.599999999999998,14,29.742856979370117,420.0,1.0,30,3.0,104.0687484741211
C2,2071,0.7879480661511862,28.9,20.299999999999997,14,6.257143020629883,150.0,1.0,30,3.0,106.04124450683594
C2,2072,0.821818205497651,23.8,19.3,14,2.971428632736206,117.0,1.0,30,3.0,94.1580810546875
C2,2073,0.77365373648257,31.4,21.0,14,8.600000381469727,180.0,1.0,30,3.0,76.36151885986328
C2,2074,0.7623424482736642,32.5,21.5,14,8.257143020629883,183.0,1.0,30,3.0,67.1502456665039
C2,2075,0.7907500000000001,34.1,24.0,14,26.314285278320312,360.0,1.0,30,3.0,72.42347717285156
C2,2076,0.7845833333333334,33.9,23.900000000000002,13,26.5230770111084,339.0,1.0,30,3.0,82.65409088134766
C2,2077,0.7935,33.8,24.0,13,25.846153259277344,330.0,1.0,30,3.0,95.3257827758789
C2,2078,0.7576702231932406,32.300000000000004,20.7,13,6.492307662963867,153.0,1.0,30,3.0,93.72880554199219
C2,2079,0.7907500000000001,34.1,24.1,13,20.86153793334961,268.0,1.0,30,2.0,95.57061767578125
C2,2080,0.7735833333333334,35.1,24.5,12,20.615385055541992,264.0,1.0,30,2.0,99.60903930664062
C2,2081,0.788,34.4,24.400000000000002,12,20.600000381469727,248.0,1.0,30,2.0,111.76541900634766
C2,2082,0.835295848838313,20.7,18.2,11,1.2727272510528564,54.0,1.0,30,2.0,104.79258728027344
C2,2083,0.7508415686279601,30.4,20.9,9,4.355555534362793,86.0,1.0,30,2.0,88.74221801757812
C2,2084,0.8043115300280377,25.1,19.099999999999998,9,1.600000023841858,56.0,1.0,30,2.0,66.31199645996094
C2,2085,0.7813709839020686,28.7,20.6,9,4.088889122009277,88.0,1.0,30,2.0,55.12053298950195
C2,2086,0.7726275670112005,28.1,19.900000000000002,8,2.5333333015441895,72.0,1.0,30,2.0,47.472320556640625
C2,2087,0.47179441232764857,40.599999999999994,27.799999999999997,2,15.800000190734863,88.0,1.0,30,2.0,45.0167236328125
C2,2088,0.752438965819382,32.5,22.1,2,5.599999904632568,52.0,1.0,30,2.0,41.143367767333984
C2,2089,0.6752466105997775,44.699999999999996,31.6,2,16.200000762939453,84.0,1.0,30,2.0,39.619354248046875
C2,2090,0.7519813530292299,32.800000000000004,22.1,2,6.199999809265137,58.0,1.0,30,2.0,36.7049446105957
C2,2091,0.1642048809982473,50.7,36.3,2,25.0,112.0,1.0,90,2.0,38.956302642822266
C2,2092,0.7545719235523431,32.599999999999994,22.0,2,6.400000095367432,52.0,1.0,30,2.0,38.17378234863281
C2,2093,0.5108389464604598,43.4,31.2,2,8.600000381469727,41.0,1.0,70,1.0,39.30426788330078
C2,2094,0.7519813530292299,32.800000000000004,22.5,2,6.199999809265137,58.0,1.0,30,2.0,36.38256072998047
C2,2095,0.6722246676127758,45.3,31.6,2,17.200000762939453,84.0,1.0,30,2.0,36.76287078857422
C2,2096,0.5855892193328937,38.0,25.8,2,16.799999237060547,99.0,1.0,70,3.0,35.92438888549805
C2,2097,0.6809670683433358,44.5,31.7,2,17.799999237060547,88.0,1.0,30,2.0,37.42129898071289
C2,2098,0.7565646863625632,32.300000000000004,22.1,2,6.199999809265137,52.0,1.0,30,2.0,36.18611145019531
C2,2099,0.6945,44.6,31.4,2,26.799999237060547,135.0,1.0,30,3.0,37.04500198364258
C2,2100,0.7218365332149226,38.9,26.1,2,13.800000190734863,93.0,1.0,30,3.0,35.82699966430664
C2,2101,0.6498333333333334,48.599999999999994,33.4,3,34.79999923706055,156.0,1.0,30,3.0,38.5628662109375
C2,2102,0.75823859021901,32.2,21.2,3,6.400000095367432,84.0,1.0,30,3.0,37.937721252441406
C2,2103,0.5547123566021455,39.9,27.2,3,12.666666984558105,88.0,1.0,70,2.0,39.29596710205078
C2,2104,0.765641768574655,33.099999999999994,23.2,3,10.800000190734863,93.0,1.0,30,3.0,37.3109130859375
C2,2105,0.7333699660285686,38.800000000000004,26.700000000000003,3,17.866666793823242,129.0,1.0,30,3.0,38.11988067626953
C2,2106,0.7290026591336767,39.0,26.599999999999998,3,16.799999237060547,123.0,1.0,30,3.0,38.20526123046875
C2,2107,0.6718333333333334,46.199999999999996,32.0,2,21.600000381469727,138.0,1.0,30,3.0,40.25648880004883
C2,2108,0.7515222991527153,32.599999999999994,21.2,2,5.599999904632568,54.0,1.0,30,2.0,39.3538932800293
C2,2109,0.35569999999999996,55.199999999999996,37.8,2,23.399999618530273,102.0,1.0,30,2.0,40.145668029785156
C2,2110,0.7513731473636588,32.7,22.1,2,5.800000190734863,54.0,1.0,30,2.0,38.08740234375
C2,2111,0.336975,59.1,37.900000000000006,3,27.33333396911621,136.0,1.0,30,2.0,42.31910705566406
C2,2112,0.759955308684174,32.5,23.2,3,7.599999904632568,72.0,1.0,30,2.0,42.858131408691406
C2,2113,0.7037073713191895,40.0,27.5,3,11.199999809265137,88.0,1.0,30,2.0,45.448211669921875
C2,2114,0.7359090188570481,34.8,23.599999999999998,3,6.800000190734863,62.0,1.0,30,2.0,42.06892776489258
C2,2115,0.7390205832677599,38.5,25.6,3,19.200000762939453,144.0,1.0,30,3.0,41.641357421875
C2,2116,0.7707233602527783,32.4,22.8,3,10.399999618530273,108.0,1.0,30,3.0,40.318145751953125
C2,2117,0.6938333333333334,43.8,29.9,2,25.200000762939453,135.0,1.0,30,3.0,41.39088821411133
C2,2118,0.7376736718669296,38.0,25.9,2,16.600000381469727,108.0,1.0,30,3.0,40.434532165527344
C2,2119,0.70275,43.7,29.9,2,28.200000762939453,135.0,1.0,30,3.0,41.06071853637695
C2,2120,0.7625197404404798,32.300000000000004,21.9,2,7.800000190734863,75.0,1.0,30,3.0,38.7697639465332
C2,2121,-0.4935928134629799,127.7,56.5,12,171.60000610351562,1977.0,1.0,30,3.0,120.46186065673828
C2,2122,-0.026326990093408026,32.0,21.2,32,10.1875,306.0,1.0,30,3.0,177.07711791992188
C2,2123,0.8395150299857324,21.5,18.599999999999998,32,2.137500047683716,129.0,1.0,30,3.0,213.44627380371094
C2,2124,0.8419362172596828,20.9,18.599999999999998,32,1.3875000476837158,96.0,1.0,30,3.0,151.66775512695312
C2,2125,0.8405302668270412,21.3,18.700000000000003,32,1.9375,126.0,1.0,30,3.0,106.60065460205078
C2,2126,0.8464035673979268,20.299999999999997,18.3,32,1.1375000476837158,96.0,1.0,30,3.0,78.0937271118164
C2,2127,-0.06455306650629203,28.400000000000002,20.2,11,1.9375,100.0,1.0,30,2.0,63.38956832885742
C2,2128,0.5127483307370715,23.099999999999998,18.599999999999998,3,4.099999904632568,78.0,1.0,30,3.0,52.43374252319336
C2,2129,0.6938333333333334,43.8,30.099999999999998,2,24.200000762939453,126.0,1.0,30,3.0,47.19357681274414
C2,2130,0.7634085631293622,35.3,26.200000000000003,2,17.0,114.0,1.0,30,3.0,42.44948196411133
C2,2131,0.6415833333333333,49.5,35.1,3,33.0,156.0,1.0,30,3.0,43.06968688964844
C2,2132,0.60624327431956,33.5,23.2,3,10.266666412353516,96.0,1.0,70,3.0,42.10847854614258
C2,2133,0.7018333333333334,43.8,28.9,3,28.133333206176758,165.0,1.0,30,3.0,43.79841995239258
C2,2134,0.7528356911424439,33.8,23.599999999999998,3,8.933333396911621,93.0,1.0,30,3.0,42.012386322021484
C2,2135,0.7449741389100801,37.6,25.9,3,18.133333206176758,138.0,1.0,30,3.0,42.807430267333984
C2,2136,0.7711821707547611,34.9,26.3,3,18.799999237060547,144.0,1.0,30,3.0,42.35112380981445
C2,2137,0.7403333333333333,39.6,27.400000000000002,3,21.066667556762695,144.0,1.0,30,3.0,44.34400939941406
C2,2138,0.7454052568856765,33.6,23.099999999999998,3,6.400000095367432,60.0,1.0,30,2.0,43.40640640258789
C2,2139,0.6829035423798835,44.1,29.7,3,17.066667556762695,106.0,1.0,30,2.0,43.5105094909668
C2,2140,0.745394094494436,33.099999999999994,23.2,3,5.199999809265137,62.0,1.0,30,2.0,41.306304931640625
C2,2141,0.6578580015045419,47.199999999999996,30.8,3,18.53333282470703,108.0,1.0,30,2.0,43.18378448486328
C2,2142,0.7405801916662591,33.9,24.400000000000002,2,8.0,78.0,1.0,30,2.0,42.443603515625
C2,2143,0.66975,47.300000000000004,32.300000000000004,2,25.799999237060547,132.0,1.0,30,3.0,43.73283004760742
C2,2144,0.7095535376162937,38.699999999999996,27.3,2,9.399999618530273,62.0,1.0,30,2.0,41.439697265625
C2,2145,0.36119999999999997,53.199999999999996,38.199999999999996,2,23.200000762939453,106.0,1.0,30,2.0,41.930484771728516
C2,2146,0.7008206508060584,39.5,27.2,2,9.0,64.0,1.0,30,2.0,40.62495803833008
C2,2147,0.6389819620233861,48.599999999999994,32.599999999999994,2,16.0,86.0,1.0,30,2.0,41.44164276123047
C2,2148,0.7457685914551261,34.9,26.1,2,9.800000190734863,68.0,1.0,30,2.0,39.398319244384766
C2,2149,0.6823402040627922,44.4,31.3,2,18.0,90.0,1.0,30,2.0,39.90565872192383
C2,2150,0.7597423521903816,32.2,21.2,2,6.800000190734863,58.0,1.0,30,2.0,38.3433952331543
C2,2151,0.27454999999999996,81.8,44.0,3,33.79999923706055,122.0,1.0,30,2.0,41.00603485107422
C2,2152,0.6755823482353164,32.2,20.7,3,6.5333333015441895,84.0,1.0,50,3.0,40.33695602416992
C2,2153,0.6668917193057614,39.0,26.700000000000003,3,19.200000762939453,138.0,1.0,50,3.0,42.202171325683594
C2,2154,0.6806219936343005,33.9,23.599999999999998,3,11.466666221618652,102.0,1.0,50,3.0,39.7213020324707
C2,2155,0.7053762164848781,34.0,26.200000000000003,3,17.46666717529297,135.0,1.0,50,3.0,40.49945068359375
C2,2156,0.6892214780992753,32.9,23.3,3,11.333333015441895,111.0,1.0,50,3.0,39.766334533691406
C2,2157,0.6266413342794425,49.4,35.1,2,37.20000076293945,162.0,1.0,50,3.0,41.993133544921875
C2,2158,0.6815334583826105,32.300000000000004,22.700000000000003,2,8.199999809265137,84.0,1.0,50,3.0,41.06254577636719
C2,2159,0.4928702965776804,43.9,30.900000000000002,2,23.200000762939453,126.0,1.0,90,3.0,41.170860290527344
C2,2160,0.6541322207423405,39.0,27.400000000000002,2,16.200000762939453,105.0,1.0,50,3.0,38.702518463134766
C2,2161,0.6544922777667215,43.6,30.599999999999998,2,26.600000381469727,141.0,1.0,50,3.0,39.754844665527344
C2,2162,0.7693692805748862,32.4,21.7,2,10.0,72.0,1.0,30,3.0,37.98624038696289
C2,2163,0.3609,50.4,35.0,3,36.400001525878906,162.0,1.0,30,3.0,39.458412170410156
C2,2164,0.7634048378709041,32.800000000000004,23.3,3,9.333333015441895,90.0,1.0,30,3.0,38.07504653930664
C2,2165,0.7282939143992746,39.699999999999996,27.5,3,19.33333396911621,135.0,1.0,30,3.0,40.04502868652344
C2,2166,0.7274236982497526,39.1,26.4,3,16.53333282470703,120.0,1.0,30,3.0,39.3603515625
C2,2167,0.6932655040880945,43.4,28.0,3,18.799999237060547,129.0,1.0,30,3.0,40.68287658691406
C2,2168,0.7592523578091105,33.099999999999994,23.400000000000002,3,8.933333396911621,90.0,1.0,30,3.0,39.47639083862305
C2,2169,0.648,48.800000000000004,33.8,2,30.799999237060547,150.0,1.0,30,3.0,40.08583450317383
C2,2170,0.7799841572219884,28.9,20.400000000000002,3,6.266666889190674,81.0,1.0,30,3.0,38.31816864013672
C2,2171,0.6981666666666667,44.2,30.4,3,23.866666793823242,153.0,1.0,30,3.0,40.05756759643555
C2,2172,0.750768550900334,32.0,20.8,3,4.0,54.0,1.0,30,2.0,38.034542083740234
C2,2173,0.7184406949741222,38.9,26.200000000000003,3,12.666666984558105,96.0,1.0,30,2.0,39.620723724365234
C2,2174,0.7619744075365698,32.7,22.700000000000003,3,8.666666984558105,90.0,1.0,30,3.0,37.77243423461914
C2,2175,0.6945,44.6,30.4,3,22.399999618530273,153.0,1.0,30,3.0,39.863460540771484
C2,2176,0.7552821792410698,34.7,26.0,3,12.133333206176758,86.0,1.0,30,2.0,40.45140838623047
C2,2177,0.7238640246637364,38.699999999999996,26.599999999999998,3,13.866666793823242,98.0,1.0,30,2.0,43.3375129699707
C2,2178,0.7585490638491185,32.599999999999994,23.099999999999998,3,7.4666666984558105,70.0,1.0,30,2.0,42.93584060668945
C2,2179,0.7120240283074555,39.6,27.0,3,12.666666984558105,96.0,1.0,30,2.0,43.36150360107422
C2,2180,0.7532414456026432,32.800000000000004,23.400000000000002,3,6.5333333015441895,62.0,1.0,30,2.0,41.21690368652344
C2,2181,-0.38167151992079945,101.9,50.5,12,146.93333435058594,516.0,1.0,30,2.0,69.6634750366211
C2,2182,0.6380833333333333,33.300000000000004,23.3,16,20.924999237060547,336.0,1.0,30,2.0,102.73141479492188
C2,2183,0.8088754262827478,25.4,19.5,16,3.4000000953674316,100.0,1.0,30,2.0,125.10551452636719
C2,2184,0.8277420074667958,22.599999999999998,18.700000000000003,16,1.725000023841858,66.0,1.0,30,2.0,108.52997589111328
C2,2185,0.7770285984032975,28.5,20.2,16,2.549999952316284,92.0,1.0,30,2.0,82.31798553466797
C2,2186,0.8211266313140072,23.400000000000002,18.9,16,1.899999976158142,76.0,1.0,30,2.0,64.99079132080078
C2,2187,0.6066246455128224,30.5,20.8,12,4.5333333015441895,102.0,1.0,30,2.0,56.994476318359375
C2,2188,0.3394938229594725,33.8,23.0,2,5.333333492279053,66.0,1.0,30,2.0,50.46335220336914
C2,2189,0.6708837350100024,45.6,31.9,2,17.799999237060547,90.0,1.0,30,2.0,47.47801208496094
C2,2190,0.7242530515594156,37.900000000000006,26.0,2,11.600000381469727,68.0,1.0,30,2.0,43.42013931274414
C2,2191,0.6489166666666667,48.7,34.9,3,39.79999923706055,165.0,1.0,30,3.0,43.91875076293945
C2,2192,0.7643051282161478,32.599999999999994,22.9,3,9.066666603088379,93.0,1.0,30,3.0,42.35124969482422
C2,2193,0.7366913348378751,38.6,26.0,3,18.53333282470703,144.0,1.0,30,3.0,43.27741622924805
C2,2194,0.7477414456026433,33.4,22.700000000000003,3,6.5333333015441895,64.0,1.0,30,2.0,40.766448974609375
C2,2195,0.7336497164681738,38.9,26.8,3,18.399999618530273,141.0,1.0,30,3.0,41.39320373535156
C2,2196,0.7485833333333334,38.699999999999996,25.8,3,20.266666412353516,147.0,1.0,30,3.0,41.902587890625
C2,2197,0.6514166666666666,49.3,35.0,3,36.400001525878906,165.0,1.0,30,3.0,45.27488708496094
C2,2198,0.7587822185254803,33.8,24.400000000000002,3,10.666666984558105,99.0,1.0,30,3.0,45.43159866333008
C2,2199,0.6981666666666667,44.2,30.3,3,24.799999237060547,159.0,1.0,30,3.0,46.0589599609375
C2,2200,0.7634137770648778,33.0,23.400000000000002,3,9.866666793823242,102.0,1.0,30,3.0,43.6353759765625
C2,2201,0.6507499999999999,48.5,33.300000000000004,4,34.66666793823242,183.0,1.0,30,3.0,45.91455841064453
C2,2202,0.7668519247884593,32.599999999999994,21.6,4,9.800000190734863,114.0,1.0,30,3.0,45.28207015991211
C2,2203,0.7658395595936087,34.5,25.0,4,15.100000381469727,147.0,1.0,30,3.0,46.90257263183594
C2,2204,0.7677373174727251,32.2,21.4,4,9.0,105.0,1.0,30,3.0,44.40821075439453
C2,2205,0.7449166666666667,39.1,26.599999999999998,4,22.100000381469727,162.0,1.0,30,3.0,45.044925689697266
C2,2206,0.7767341229347824,33.4,24.1,4,15.399999618530273,141.0,1.0,30,3.0,45.1602897644043
C2,2207,0.73325,39.5,28.7,3,26.0,156.0,1.0,30,3.0,47.49617385864258
C2,2208,0.766140026919445,32.9,23.2,3,10.399999618530273,105.0,1.0,30,3.0,46.36437225341797
C2,2209,0.6981666666666667,44.2,30.200000000000003,3,23.733333587646484,150.0,1.0,30,3.0,46.085289001464844
C2,2210,0.7620240894396475,33.300000000000004,23.400000000000002,3,10.266666412353516,99.0,1.0,30,3.0,43.38450622558594
C2,2211,0.681,45.199999999999996,31.0,4,32.599998474121094,198.0,1.0,30,3.0,45.897369384765625
C2,2212,0.7641635249995925,32.2,21.5,4,8.0,105.0,1.0,30,3.0,45.40509033203125
C2,2213,0.7698733242405643,34.9,25.5,4,18.200000762939453,150.0,1.0,30,3.0,47.37638854980469
C2,2214,0.5682737011694614,32.4,22.599999999999998,4,2.799999952316284,35.0,1.0,90,1.0,44.42583084106445
C2,2215,0.74675,38.9,26.5,4,21.200000762939453,162.0,1.0,30,3.0,45.1888313293457
C2,2216,0.7716669395880748,33.4,23.900000000000002,4,13.600000381469727,138.0,1.0,30,3.0,45.11330032348633
C2,2217,0.6965833333333333,43.5,28.9,3,26.399999618530273,171.0,1.0,30,3.0,48.001312255859375
C2,2218,0.7695283515041496,33.099999999999994,23.7,3,12.0,117.0,1.0,30,3.0,47.7341194152832
C2,2219,0.6642500000000001,47.9,30.700000000000003,3,26.0,150.0,1.0,30,3.0,48.107139587402344
C2,2220,0.7282424220057,38.9,26.5,3,16.133333206176758,120.0,1.0,30,3.0,46.06428527832031
C2,2221,0.667,47.6,33.0,3,23.733333587646484,124.0,1.0,30,2.0,47.905235290527344
C2,2222,0.7633900269194449,33.2,23.099999999999998,3,10.399999618530273,105.0,1.0,30,3.0,47.00980758666992
C2,2223,0.6972500000000001,44.3,30.0,3,27.733333587646484,168.0,1.0,30,3.0,48.60588455200195
C2,2224,0.7588066935861115,33.7,24.2,3,10.399999618530273,90.0,1.0,30,3.0,45.2968635559082
C2,2225,0.7146666666666667,42.4,28.8,3,26.399999618530273,162.0,1.0,30,3.0,45.844783782958984
C2,2226,0.7045833333333333,43.5,29.6,3,25.866666793823242,165.0,1.0,30,3.0,46.04020309448242
C2,2227,0.7009166666666666,43.9,28.9,3,24.799999237060547,156.0,1.0,30,3.0,49.090789794921875
C2,2228,0.7708655125744033,33.0,23.400000000000002,3,12.133333206176758,117.0,1.0,30,3.0,48.921138763427734
C2,2229,0.6505,49.4,33.2,3,24.266666412353516,124.0,1.0,30,2.0,49.752685546875
C2,2230,0.7150761547181098,39.4,26.200000000000003,3,13.066666603088379,94.0,1.0,30,2.0,49.58494567871094
C2,2231,0.6514166666666666,49.3,33.7,3,26.0,138.0,1.0,30,2.0,53.48429870605469
C2,2232,0.7302928993209338,39.0,26.8,3,17.33333396911621,129.0,1.0,30,3.0,53.29058074951172
C2,2233,0.6645,47.0,32.300000000000004,4,36.93333435058594,186.0,1.0,30,3.0,55.174346923828125
C2,2234,0.7365610196905946,38.699999999999996,25.6,4,18.899999618530273,156.0,1.0,30,3.0,54.037940979003906
C2,2235,0.6954166666666667,44.5,29.6,4,26.299999237060547,186.0,1.0,30,3.0,55.88943099975586
C2,2236,0.7770014960582963,33.4,23.8,4,15.5,147.0,1.0,30,3.0,55.266990661621094
C2,2237,0.7201794206912718,40.599999999999994,27.7,4,19.399999618530273,159.0,1.0,30,3.0,55.02686309814453
C2,2238,0.7420545200006857,36.2,25.4,4,12.300000190734863,123.0,1.0,30,3.0,52.08278274536133
C2,2239,0.7279146344694638,39.800000000000004,27.400000000000002,4,19.600000381469727,171.0,1.0,30,3.0,51.38300323486328
C2,2240,0.7614553045495367,33.0,23.3,4,9.300000190734863,117.0,1.0,30,3.0,49.09646987915039
C2,2241,-0.3707148782099119,112.10000000000001,52.699999999999996,12,174.3333282470703,2082.0,1.0,30,3.0,134.7912139892578
C2,2242,-0.2844800094218641,31.2,20.8,39,14.89230728149414,562.0,1.0,30,2.0,216.07472229003906
C2,2243,0.8236676488762225,23.3,19.099999999999998,39,2.297435998916626,122.0,1.0,30,2.0,267.7781677246094
C2,2244,0.8400333025273335,21.0,18.700000000000003,39,1.148717999458313,86.0,1.0,30,2.0,212.00022888183594
C2,2245,0.840988430550078,21.2,18.700000000000003,39,1.8256410360336304,116.0,1.0,30,2.0,148.80014038085938
C2,2246,0.8267753128853514,22.700000000000003,18.9,39,1.7128205299377441,104.0,1.0,30,2.0,109.68008422851562
C2,2247,0.010792507023458214,24.7,19.5,19,2.287179470062256,124.0,1.0,30,2.0,88.74138641357422
C2,2248,0.10883901663192865,32.7,22.700000000000003,3,5.142857074737549,90.0,1.0,30,2.0,74.44483184814453
C2,2249,0.33065,61.400000000000006,36.900000000000006,2,25.200000762939453,116.0,1.0,30,2.0,66.66690063476562
C2,2250,0.688481962023386,43.2,30.8,2,16.0,82.0,1.0,30,2.0,59.200138092041016
C2,2251,0.29572499999999996,74.1,41.7,3,35.0,130.0,1.0,30,2.0,57.386749267578125
C2,2252,0.7476098122246074,33.9,23.5,3,7.733333110809326,72.0,1.0,30,2.0,53.36538314819336
C2,2253,0.6807746681712085,44.699999999999996,30.3,3,18.53333282470703,110.0,1.0,30,2.0,52.81922912597656
C2,2254,0.7076155125744032,39.9,28.299999999999997,3,12.133333206176758,80.0,1.0,30,2.0,49.158203125
C2,2255,0.6807461987297978,44.3,30.5,3,16.933332443237305,110.0,1.0,30,2.0,49.49492263793945
C2,2256,0.6705981153739591,44.8,27.799999999999997,3,14.800000190734863,92.0,1.0,30,2.0,48.496952056884766
C2,2257,0.6434166666666666,49.3,34.5,2,24.600000381469727,108.0,1.0,30,2.0,49.76483917236328
C2,2258,0.7198084352413217,38.1,26.5,2,10.800000190734863,70.0,1.0,30,2.0,47.85890197753906
C2,2259,0.30097500000000005,75.1,41.4,2,32.0,122.0,1.0,30,2.0,48.7153434753418
C2,2260,0.6846098122246075,39.9,25.9,3,7.733333110809326,70.0,1.0,30,2.0,46.69587326049805
C2,2261,0.359,54.0,36.6,3,32.53333282470703,140.0,1.0,30,2.0,50.150856018066406
C2,2262,0.7566480875333013,32.7,22.8,3,7.199999809265137,72.0,1.0,30,2.0,48.8905143737793
C2,2263,0.6835428993209338,44.1,30.3,3,17.33333396911621,108.0,1.0,30,2.0,50.667640686035156
C2,2264,0.7094488459077365,39.699999999999996,26.4,3,12.133333206176758,86.0,1.0,30,2.0,48.13391876220703
C2,2265,0.6859830498015071,44.1,29.8,3,18.399999618530273,112.0,1.0,30,2.0,49.28034973144531
C2,2266,0.6990833333333334,44.1,30.8,3,23.46666717529297,153.0,1.0,30,3.0,49.56821060180664
C2,2267,0.6855833333333333,44.699999999999996,31.2,4,31.799999237060547,195.0,1.0,30,3.0,52.674259185791016
C2,2268,0.7659635162757095,32.2,22.0,4,8.5,108.0,1.0,30,3.0,51.87122344970703
C2,2269,0.71375,42.5,28.299999999999997,4,27.299999237060547,192.0,1.0,30,3.0,53.12273406982422
C2,2270,0.7542722991527153,32.300000000000004,22.2,4,5.599999904632568,68.0,1.0,30,2.0,49.74030685424805
C2,2271,0.6908333333333334,45.0,30.8,4,27.100000381469727,158.0,1.0,30,2.0,53.444183349609375
C2,2272,0.7206274430560268,39.0,26.8,4,13.699999809265137,112.0,1.0,30,2.0,54.5998420715332
C2,2273,0.6899166666666666,45.1,30.8,4,26.100000381469727,150.0,1.0,30,2.0,60.75990676879883
C2,2274,0.6468333333333334,49.8,34.5,4,32.5,174.0,1.0,30,2.0,65.52261352539062
C2,2275,0.6319478520281666,47.4,31.6,5,12.479999542236328,87.0,1.0,30,1.0,72.51356506347656
C2,2276,0.66816316368616,43.5,28.299999999999997,5,10.15999984741211,74.0,1.0,30,1.0,76.5748062133789
C2,2277,0.5417707054788383,44.8,30.599999999999998,8,48.15999984741211,282.0,1.0,30,3.0,79.94488525390625
C2,2278,0.7682504363535689,33.9,23.400000000000002,8,14.0,180.0,1.0,30,3.0,78.36692810058594
C2,2279,0.7476666666666667,38.800000000000004,25.8,8,24.149999618530273,255.0,1.0,30,3.0,78.88682556152344
C2,2280,0.7780305467856009,34.3,24.7,8,19.450000762939453,213.0,1.0,30,3.0,76.13209533691406
C2,2281,0.7243333333333333,39.6,27.599999999999998,10,37.25,315.0,1.0,30,3.0,80.47925567626953
C2,2282,0.7515395639498453,32.5,21.7,12,9.733333587646484,195.0,1.0,30,3.0,80.42089080810547
C2,2283,0.780506782022572,33.300000000000004,23.2,12,16.5,243.0,1.0,30,3.0,81.71920013427734
C2,2284,0.7590292958228878,32.099999999999994,20.7,12,6.366666793823242,150.0,1.0,30,3.0,75.16485595703125
C2,2285,0.7779108553130435,32.599999999999994,22.0,12,13.233333587646484,219.0,1.0,30,3.0,72.29891204833984
C2,2286,0.763064754199968,32.0,20.7,12,7.199999809265137,177.0,1.0,30,3.0,67.64601135253906
C2,2287,0.5747549705465452,33.9,23.8,7,16.399999618530273,222.0,1.0,30,3.0,68.05427551269531
C2,2288,0.7807362831358804,33.2,23.7,7,16.22857093811035,189.0,1.0,30,3.0,66.96589660644531
C2,2289,0.6929413348378751,42.5,28.6,8,41.46666717529297,294.0,1.0,30,3.0,71.51287078857422
C2,2290,0.7756494629844738,33.4,23.3,8,15.0,207.0,1.0,30,3.0,73.57438659667969
C2,2291,0.72525,39.5,27.0,10,37.0,309.0,1.0,30,3.0,80.1446304321289
C2,2292,0.7640586782465124,32.4,21.3,10,8.479999542236328,153.0,1.0,30,3.0,77.82011413574219
C2,2293,0.7531922477062785,32.300000000000004,21.1,10,5.320000171661377,100.0,1.0,30,2.0,73.8920669555664
C2,2294,0.8331097756361399,23.0,18.8,10,3.9600000381469727,102.0,1.0,30,3.0,62.33523941040039
C2,2295,0.7615584657785667,32.5,21.3,10,8.039999961853027,153.0,1.0,30,3.0,55.401145935058594
C2,2296,0.786816540512831,28.8,20.5,10,5.71999979019165,123.0,1.0,30,3.0,50.040687561035156
C2,2297,0.48742647623587093,33.5,23.3,3,12.5,147.0,1.0,30,3.0,48.82441329956055
C2,2298,0.7733233980361826,32.5,23.0,3,11.466666221618652,114.0,1.0,30,3.0,46.36131286621094
C2,2299,0.7192556454928231,38.9,25.8,3,12.933333396911621,96.0,1.0,30,2.0,45.81678771972656
C2,2300,0.7448039631541368,33.5,23.8,3,6.0,66.0,1.0,30,2.0,43.35673904418945
C2,2301,0.2663425949615436,82.10000000000001,42.6,3,42.599998474121094,142.0,1.0,30,2.0,46.28071212768555
C2,2302,0.7579090188570481,32.4,23.0,3,6.800000190734863,66.0,1.0,30,2.0,46.035091400146484
C2,2303,0.7117003434626901,39.5,27.3,3,12.266666412353516,92.0,1.0,30,2.0,47.621055603027344
C2,2304,0.7435125581598386,34.4,25.0,3,7.866666793823242,76.0,1.0,30,2.0,44.17263412475586
C2,2305,0.7185328278349289,38.800000000000004,26.599999999999998,3,12.399999618530273,98.0,1.0,30,2.0,44.23691177368164
C2,2306,0.6881080015045418,43.9,29.9,3,18.53333282470703,104.0,1.0,30,2.0,45.07548141479492
C2,2307,0.6516666666666667,48.4,33.5,2,24.799999237060547,106.0,1.0,30,2.0,47.57862091064453
C2,2308,0.7248252637893796,38.699999999999996,27.3,2,14.199999809265137,93.0,1.0,30,3.0,46.68050765991211
C2,2309,0.6963333333333332,44.4,30.900000000000002,2,28.0,144.0,1.0,30,3.0,45.60830307006836
C2,2310,0.70275,43.7,30.200000000000003,2,23.399999618530273,120.0,1.0,30,3.0,43.23164749145508
C2,2311,0.2706281511753198,75.6,39.4,3,44.79999923706055,183.0,1.0,30,3.0,45.80565643310547
C2,2312,0.7684407561063141,32.599999999999994,22.8,3,10.266666412353516,99.0,1.0,30,3.0,45.350059509277344
C2,2313,0.7110000000000001,42.8,28.8,3,24.933332443237305,162.0,1.0,30,3.0,46.9433708190918
C2,2314,0.7647538555705643,33.099999999999994,23.400000000000002,3,10.533333778381348,99.0,1.0,30,3.0,44.16602325439453
C2,2315,0.7402980313101113,38.3,25.5,3,18.933332443237305,144.0,1.0,30,3.0,44.49961471557617
C2,2316,0.7383772477326079,38.6,26.0,3,19.33333396911621,144.0,1.0,30,3.0,43.8997688293457
C2,2317,0.6990833333333334,44.1,30.4,3,24.799999237060547,150.0,1.0,30,3.0,45.80652618408203
C2,2318,0.7634133252940951,32.9,23.2,3,9.600000381469727,93.0,1.0,30,3.0,44.68391799926758
C2,2319,0.7018333333333334,43.8,29.3,3,27.066667556762695,162.0,1.0,30,3.0,44.81034851074219
C2,2320,0.7670727237987538,32.7,23.400000000000002,3,10.133333206176758,99.0,1.0,30,3.0,42.619544982910156
C2,2321,0.6187310965413756,50.0,34.6,5,40.2400016784668,225.0,1.0,30,3.0,47.17172622680664
C2,2322,0.7574766967252899,32.7,22.599999999999998,6,9.666666984558105,123.0,1.0,30,3.0,48.169700622558594
C2,2323,0.7689060571320872,32.5,22.3,6,10.133333206176758,141.0,1.0,30,3.0,50.635154724121094
C2,2324,0.7531262889968912,32.2,20.5,6,5.066666603088379,93.0,1.0,30,3.0,46.24776077270508
C2,2325,0.7780325610003646,33.099999999999994,23.0,6,14.866666793823242,168.0,1.0,30,3.0,45.61532211303711
C2,2326,0.6079999869934614,32.9,22.2,6,8.933333396911621,123.0,1.0,70,3.0,44.43585968017578
C2,2327,0.4821951488091222,33.9,23.8,3,10.133333206176758,138.0,1.0,70,3.0,45.72818374633789
C2,2328,0.6131791910640907,33.300000000000004,23.8,3,12.0,108.0,1.0,70,3.0,43.836910247802734
C2,2329,0.5818776852534004,39.699999999999996,27.5,3,20.133333206176758,141.0,1.0,70,3.0,43.50214767456055
C2,2330,0.7326410957963441,34.5,24.9,2,7.333333492279053,64.0,1.0,30,2.0,41.43461990356445
C2,2331,0.2938,74.80000000000001,41.4,3,37.20000076293945,136.0,1.0,30,2.0,44.46077346801758
C2,2332,0.7543782405704299,32.4,22.700000000000003,3,5.866666793823242,64.0,1.0,30,2.0,44.27646255493164
C2,2333,0.6700902959822447,39.199999999999996,26.599999999999998,3,20.399999618530273,144.0,1.0,50,3.0,46.29920959472656
C2,2334,0.7567157305157851,32.800000000000004,22.8,3,7.4666666984558105,74.0,1.0,30,2.0,43.3795280456543
C2,2335,0.6815608875812963,43.1,27.900000000000002,3,13.199999809265137,94.0,1.0,30,2.0,43.627716064453125
C2,2336,0.7567764788912742,32.9,23.5,3,7.733333110809326,78.0,1.0,30,2.0,42.576629638671875
C2,2337,0.361725,50.1,34.7,2,25.200000762939453,108.0,1.0,30,2.0,44.212642669677734
C2,2338,0.719636870949627,37.6,26.0,2,9.399999618530273,66.0,1.0,30,2.0,43.32758712768555
C2,2339,0.7064166666666667,43.3,30.099999999999998,2,26.799999237060547,141.0,1.0,30,3.0,43.86322021484375
C2,2340,0.7313252297960289,38.800000000000004,26.200000000000003,2,17.0,114.0,1.0,30,3.0,42.051265716552734
C2,2341,0.27495365514283665,53.699999999999996,36.7,2,37.79999923706055,165.0,1.0,70,3.0,43.89742660522461
C2,2342,0.5510087846548062,38.9,27.5,2,8.199999809265137,62.0,1.0,70,2.0,42.871788024902344
C2,2343,0.6388333333333334,49.8,36.5,3,36.20000076293945,162.0,1.0,30,3.0,44.389739990234375
C2,2344,0.7634137770648778,33.0,23.599999999999998,3,9.866666793823242,90.0,1.0,30,3.0,41.96717834472656
C2,2345,0.736348837421428,38.699999999999996,26.4,3,18.799999237060547,141.0,1.0,30,3.0,42.64697265625
C2,2346,0.7394413348378752,38.3,26.1,3,18.53333282470703,141.0,1.0,30,3.0,42.121517181396484
C2,2347,0.7550000000000001,38.0,26.200000000000003,3,20.799999237060547,147.0,1.0,30,3.0,44.339576721191406
C2,2348,0.7602017419020718,33.2,23.8,3,9.466666221618652,96.0,1.0,30,3.0,43.670413970947266
C2,2349,0.6516666666666667,48.4,34.1,2,37.20000076293945,165.0,1.0,30,3.0,44.3355827331543
C2,2350,0.749890026919445,33.8,24.0,3,10.399999618530273,102.0,1.0,30,3.0,42.73468017578125
C2,2351,0.6990833333333334,44.1,30.099999999999998,3,27.200000762939453,162.0,1.0,30,3.0,44.70747756958008
C2,2352,0.745541312179489,32.800000000000004,23.2,3,4.5333333015441895,39.0,1.0,30,1.0,43.75782012939453
C2,2353,0.6969093717531365,39.0,28.2,3,6.666666507720947,47.0,1.0,30,1.0,44.921356201171875
C2,2354,0.7359579543151096,33.5,23.2,3,3.7333333492279053,32.0,1.0,30,1.0,42.68614959716797
C2,2355,0.6809133252940951,41.9,28.5,3,9.600000381469727,57.0,1.0,30,1.0,43.74502182006836
C2,2356,0.7152796190417646,39.199999999999996,26.599999999999998,3,12.533333778381348,94.0,1.0,30,2.0,44.380348205566406
C2,2357,0.6788997164681738,44.0,29.7,2,18.399999618530273,94.0,1.0,30,2.0,46.761539459228516
C2,2358,0.7292275542479629,37.900000000000006,26.1,2,13.199999809265137,76.0,1.0,30,2.0,45.656925201416016
C2,2359,0.29355,77.8,41.4,2,32.20000076293945,124.0,1.0,30,2.0,46.99415588378906
C2,2360,0.7525704031492366,33.7,25.6,2,8.600000381469727,60.0,1.0,30,2.0,45.52982711791992
C2,2361,-0.0011838842240889658,105.5,52.8,5,65.4000015258789,218.0,1.0,30,2.0,54.117897033691406
C2,2362,0.7514333892335344,32.099999999999994,21.4,5,4.400000095367432,66.0,1.0,30,2.0,55.40407180786133
C2,2363,0.7510815542527614,33.5,23.0,5,7.679999828338623,94.0,1.0,30,2.0,58.44244384765625
C2,2364,0.7514117695822583,33.4,24.400000000000002,5,7.519999980926514,84.0,1.0,30,2.0,51.332130432128906
C2,2365,0.7558086782465124,33.300000000000004,23.0,5,8.479999542236328,96.0,1.0,30,2.0,49.06594467163086
C2,2366,0.7557874362920571,32.0,20.6,5,5.28000020980835,78.0,1.0,30,2.0,46.63956832885742
C2,2367,0.5540872969734048,45.199999999999996,30.900000000000002,2,17.600000381469727,118.0,1.0,30,2.0,47.450408935546875
C2,2368,0.7056633252940951,39.199999999999996,27.3,2,9.600000381469727,64.0,1.0,30,2.0,45.8035774230957
C2,2369,0.6493080009461092,47.800000000000004,31.7,2,17.200000762939453,94.0,1.0,30,2.0,45.882144927978516
C2,2370,0.7120566935861116,38.800000000000004,27.099999999999998,2,10.399999618530273,70.0,1.0,30,2.0,42.729286193847656
C2,2371,0.24389937289349922,82.8,45.0,3,47.20000076293945,154.0,1.0,30,2.0,46.83757400512695
C2,2372,0.7490180033183115,32.7,22.8,4,7.300000190734863,62.0,1.0,30,2.0,47.16920852661133
C2,2373,0.7558519247884594,33.8,24.9,4,9.800000190734863,98.0,1.0,30,2.0,49.234859466552734
C2,2374,0.707801362805596,38.699999999999996,25.5,4,8.899999618530273,84.0,1.0,30,2.0,45.80758285522461
C2,2375,0.737750272921408,37.1,25.0,4,13.600000381469727,141.0,1.0,30,3.0,45.88454818725586
C2,2376,0.6874166666666667,44.5,30.700000000000003,5,38.099998474121094,231.0,1.0,30,3.0,49.6640625
C2,2377,0.24504131149355984,45.6,30.0,14,61.119998931884766,447.0,1.0,30,3.0,66.19844055175781
C2,2378,0.7865813011361306,33.4,23.099999999999998,14,19.600000381469727,297.0,1.0,30,3.0,83.05239868164062
C2,2379,0.7826156163390332,32.800000000000004,22.2,14,15.54285717010498,255.0,1.0,30,3.0,94.23143768310547
C2,2380,0.7881939160791511,28.2,19.7,14,4.657142639160156,135.0,1.0,30,3.0,87.07219696044922
C2,2381,0.7823870948647141,32.800000000000004,22.3,14,15.45714282989502,255.0,1.0,30,3.0,80.90998077392578
C2,2382,0.7846036952200848,33.300000000000004,23.2,14,18.22857093811035,270.0,1.0,30,3.0,77.87932586669922
C2,2383,0.7855,33.8,24.2,15,39.41538619995117,462.0,1.0,30,3.0,90.5942611694336
C2,2384,0.7716155518588136,32.4,21.5,15,10.666666984558105,222.0,1.0,30,3.0,96.75655364990234
C2,2385,0.7933033526976584,29.0,20.299999999999997,15,7.946666717529297,189.0,1.0,30,3.0,96.85393524169922
C2,2386,0.6820003687318322,32.9,22.5,15,9.626667022705078,176.0,1.0,50,2.0,88.11235809326172
C2,2387,0.6959489864662918,32.599999999999994,22.3,15,12.266666412353516,196.0,1.0,50,2.0,86.06741333007812
C2,2388,0.7016518231504454,28.2,19.900000000000002,15,3.8933334350585938,108.0,1.0,50,2.0,83.64044952392578
C2,2389,0.29140667036255724,41.9,27.3,6,21.866666793823242,164.0,1.0,50,2.0,81.38426971435547
C2,2390,0.6567976234483137,33.8,24.299999999999997,4,9.399999618530273,98.0,1.0,50,2.0,73.49723052978516
C2,2391,0.3539446788762676,50.5,35.6,4,37.70000076293945,180.0,1.0,50,2.0,73.56500244140625
C2,2392,0.33067500000000005,64.3,39.1,4,47.79999923706055,214.0,1.0,50,2.0,76.93900299072266
C2,2393,0.333125,60.5,37.1,5,56.0,258.0,1.0,50,2.0,89.63006591796875
C2,2394,0.36697499999999994,51.1,35.4,5,51.439998626708984,274.0,1.0,50,2.0,103.5113754272461
C2,2395,0.6477499999999999,49.7,34.3,5,45.20000076293945,256.0,1.0,50,2.0,114.6401596069336
C2,2396,0.6289149651408786,45.5,31.099999999999998,5,24.479999542236328,160.0,1.0,50,2.0,114.78409576416016
C2,2397,0.6324596272125896,47.6,31.8,5,30.719999313354492,180.0,1.0,50,2.0,108.60379028320312
C2,2398,0.6482500000000001,47.9,31.9,7,33.88571548461914,222.0,1.0,30,2.0,102.62894439697266
C2,2399,0.7039166666666666,42.7,28.5,8,32.29999923706055,258.0,1.0,30,2.0,105.57736206054688
C2,2400,0.7314166666666667,39.699999999999996,27.599999999999998,9,32.088890075683594,276.0,1.0,30,2.0,113.74642181396484
C2,2401,0.59775,37.699999999999996,25.3,13,32.9538459777832,400.0,1.0,30,2.0,130.51451110839844
C2,2402,0.7820507502556742,33.7,23.900000000000002,13,18.738462448120117,242.0,1.0,30,2.0,139.5087127685547
C2,2403,0.7944166666666667,33.7,23.8,13,24.430768966674805,333.0,1.0,30,3.0,141.3052215576172
C2,2404,0.7804684741461385,32.300000000000004,21.5,13,13.169230461120605,228.0,1.0,30,3.0,125.84980010986328
C2,2405,0.7807781485892477,32.9,22.3,13,15.199999809265137,240.0,1.0,30,3.0,111.10987854003906
C2,2406,0.7806239114141459,33.2,22.9,13,16.184616088867188,246.0,1.0,30,3.0,98.39926147460938
C2,2407,0.761188965819382,29.8,20.5,11,5.599999904632568,106.0,1.0,30,2.0,87.70622253417969
C2,2408,0.7516571002677315,33.5,23.0,10,10.109090805053711,156.0,1.0,30,2.0,81.02373504638672
C2,2409,0.5745,44.6,29.3,7,29.714284896850586,214.0,1.0,30,2.0,80.34757232666016
C2,2410,0.5821666666666667,39.4,27.2,11,31.92727279663086,339.0,1.0,30,3.0,87.94187927246094
C2,2411,0.7759450181708162,32.4,21.5,11,12.0,204.0,1.0,30,3.0,91.16512298583984
C2,2412,0.7785609640600315,32.9,22.700000000000003,11,14.399999618530273,213.0,1.0,30,3.0,88.299072265625
C2,2413,0.7530981153739592,35.8,25.2,11,14.800000190734863,165.0,1.0,30,1.0,93.51277923583984
C2,2414,0.7908338788887584,29.0,20.6,11,7.2727274894714355,156.0,1.0,30,3.0,94.5076675415039
C2,2415,0.6014482407665875,28.299999999999997,20.1,10,6.654545307159424,144.0,1.0,90,3.0,92.03793334960938
C2,2416,0.6559885902190099,25.9,19.599999999999998,6,6.400000095367432,114.0,1.0,30,3.0,73.62275695800781
C2,2417,0.7550000000000001,38.0,25.2,6,20.200000762939453,192.0,1.0,30,3.0,64.17365264892578
C2,2418,0.7465285067751073,32.300000000000004,20.9,5,5.666666507720947,96.0,1.0,30,3.0,56.3708610534668
C2,2419,0.7645281485892477,33.8,24.0,4,15.199999809265137,141.0,1.0,30,3.0,52.889183044433594
C2,2420,0.7581219753508407,32.7,22.4,4,7.599999904632568,96.0,1.0,30,3.0,46.53350830078125
C2,2421,0.6794166666666667,44.5,30.099999999999998,6,34.33333206176758,249.0,1.0,30,3.0,49.52010726928711
C2,2422,0.7894090494034635,28.1,19.8,6,4.733333110809326,93.0,1.0,30,3.0,49.17873001098633
C2,2423,0.7427591663232967,32.7,22.0,6,3.5999999046325684,48.0,1.0,30,1.0,51.10723876953125
C2,2424,0.751564581924661,32.2,20.400000000000002,6,4.666666507720947,68.0,1.0,30,2.0,45.73101043701172
C2,2425,0.7590748971681638,32.300000000000004,21.7,6,6.866666793823242,94.0,1.0,30,2.0,44.638607025146484
C2,2426,0.7548779407491812,33.5,23.400000000000002,6,8.733333587646484,106.0,1.0,30,2.0,44.64982986450195
C2,2427,0.49508333333333343,48.9,32.599999999999994,2,23.0,100.0,1.0,30,2.0,46.78989791870117
C2,2428,0.7471320007294376,34.9,26.0,2,10.199999809265137,64.0,1.0,30,2.0,46.07394027709961
C2,2429,0.368075,50.7,36.0,2,23.200000762939453,100.0,1.0,30,2.0,45.244361877441406
C2,2430,0.7045185914551261,39.4,27.400000000000002,2,9.800000190734863,66.0,1.0,30,2.0,42.479949951171875
C2,2431,0.276475,81.10000000000001,41.6,3,33.86666488647461,154.0,1.0,30,2.0,46.82130432128906
C2,2432,0.7540674905553217,32.599999999999994,23.099999999999998,3,6.266666889190674,60.0,1.0,30,2.0,46.75944900512695
C2,2433,0.7176988459077366,38.800000000000004,26.700000000000003,3,12.133333206176758,92.0,1.0,30,2.0,48.45566940307617
C2,2434,0.7839074982445352,28.5,20.400000000000002,3,4.266666889190674,56.0,1.0,30,2.0,42.940067291259766
C2,2435,0.7176161611682622,38.9,26.1,3,12.399999618530273,88.0,1.0,30,2.0,41.49737548828125
C2,2436,0.7605825964772394,32.800000000000004,23.5,3,8.533333778381348,74.0,1.0,30,2.0,39.431758880615234
C2,2437,0.6344774057324153,43.9,29.5,2,24.200000762939453,129.0,1.0,50,3.0,40.192386627197266
C2,2438,0.7559564806969922,32.2,21.9,2,5.800000190734863,52.0,1.0,30,2.0,38.2487678527832
C2,2439,0.6990833333333334,44.1,31.099999999999998,2,26.0,138.0,1.0,30,3.0,38.2825927734375
C2,2440,0.7257419304560462,38.6,26.3,2,14.199999809265137,93.0,1.0,30,3.0,36.70288848876953
C2,2441,0.6516666666666667,48.4,32.9,3,27.200000762939453,162.0,1.0,30,3.0,39.488399505615234
C2,2442,0.756345891493172,33.0,23.599999999999998,3,7.866666793823242,90.0,1.0,30,3.0,39.02637481689453
C2,2443,0.7330634372567657,38.800000000000004,26.3,3,17.733333587646484,132.0,1.0,30,3.0,40.48249053955078
C2,2444,0.7628910742032364,32.599999999999994,23.900000000000002,3,8.666666984558105,90.0,1.0,30,3.0,38.15616226196289
C2,2445,0.7388550915652572,38.3,25.6,3,18.266666412353516,138.0,1.0,30,3.0,38.89369583129883
C2,2446,0.7674376952437749,33.0,23.7,3,11.066666603088379,108.0,1.0,30,3.0,38.26955032348633
C2,2447,0.68375,44.900000000000006,31.0,2,26.200000762939453,129.0,1.0,30,3.0,39.62839889526367
C2,2448,0.7310981153739592,38.199999999999996,26.200000000000003,2,14.800000190734863,96.0,1.0,30,3.0,38.5770378112793
C2,2449,0.6926666666666667,44.8,31.6,2,28.799999237060547,141.0,1.0,30,3.0,39.41289138793945
C2,2450,0.752732796317807,35.9,26.4,2,15.0,99.0,1.0,30,3.0,38.5810661315918
C2,2451,0.10430982939162953,81.10000000000001,41.0,6,44.5,243.0,1.0,30,3.0,44.61530685424805
C2,2452,0.8353041580485558,22.4,18.3,6,3.133333444595337,84.0,1.0,30,3.0,45.702518463134766
C2,2453,0.7668519247884593,32.599999999999994,22.2,6,9.800000190734863,144.0,1.0,30,3.0,48.35484313964844
C2,2454,0.7499774278277693,32.599999999999994,22.0,6,5.199999809265137,96.0,1.0,30,3.0,43.412906646728516
C2,2455,0.7643215045375708,32.7,21.9,6,9.333333015441895,129.0,1.0,30,3.0,42.4477424621582
C2,2456,0.7891532364450952,28.8,20.299999999999997,6,6.333333492279053,111.0,1.0,30,3.0,40.401981353759766
C2,2457,0.5436666666666666,43.6,29.3,2,27.399999618530273,144.0,1.0,30,3.0,41.30785369873047
C2,2458,0.6816197161750033,32.2,21.7,2,8.0,84.0,1.0,50,3.0,39.85137939453125
C2,2459,0.6385531150623357,44.5,30.599999999999998,2,24.600000381469727,135.0,1.0,50,3.0,40.04416275024414
C2,2460,0.5682625243974241,38.199999999999996,26.700000000000003,2,12.0,90.0,1.0,70,3.0,37.759830474853516
C2,2461,0.29107500000000003,78.7,41.9,2,50.0,186.0,1.0,50,3.0,40.92256546020508
C2,2462,0.6467133893883177,38.5,26.200000000000003,2,13.399999618530273,93.0,1.0,50,3.0,40.95353698730469
C2,2463,0.6623206508060584,43.7,30.900000000000002,2,29.0,147.0,1.0,50,3.0,43.505455017089844
C2,2464,0.6527155492962633,38.5,26.200000000000003,2,14.800000190734863,99.0,1.0,50,3.0,41.16994094848633
C2,2465,0.6425848157510665,44.4,31.7,2,25.399999618530273,135.0,1.0,50,3.0,41.63529586791992
C2,2466,0.7070524395238658,33.6,25.3,2,17.0,114.0,1.0,50,3.0,40.447845458984375
C2,2467,0.6717842571174353,45.400000000000006,31.7,2,17.399999618530273,88.0,1.0,30,2.0,41.20204162597656
C2,2468,0.7580756093074068,32.300000000000004,21.8,2,6.599999904632568,58.0,1.0,30,2.0,39.52122497558594
C2,2469,0.6830883038798785,43.9,30.700000000000003,2,16.399999618530273,90.0,1.0,30,2.0,39.446067810058594
C2,2470,0.7374873174727251,35.5,25.9,2,9.0,62.0,1.0,30,2.0,37.667640686035156
C2,2471,0.335625,62.5,37.900000000000006,2,23.200000762939453,106.0,1.0,30,2.0,39.80058288574219
C2,2472,0.7084133252940951,38.9,26.700000000000003,2,9.600000381469727,60.0,1.0,30,2.0,39.08034896850586
C2,2473,0.6452170683433358,48.4,32.5,2,17.799999237060547,92.0,1.0,30,2.0,40.64820861816406
C2,2474,0.7068035376162937,39.0,26.5,2,9.399999618530273,64.0,1.0,30,2.0,38.78892517089844
C2,2475,0.645,50.0,36.1,2,24.399999618530273,100.0,1.0,30,2.0,40.340023040771484
C2,2476,0.7157266100393566,38.9,27.7,2,11.800000190734863,78.0,1.0,30,2.0,40.337345123291016
C2,2477,0.6818360148822613,44.6,31.3,2,18.600000381469727,94.0,1.0,30,2.0,42.33574295043945
C2,2478,0.7188917685746551,38.199999999999996,26.0,2,10.800000190734863,66.0,1.0,30,2.0,41.26811218261719
C2,2479,0.6758488374214279,45.3,32.7,2,18.799999237060547,94.0,1.0,30,2.0,41.69419860839844
C2,2480,0.7530608875812963,35.3,26.1,2,13.199999809265137,90.0,1.0,30,3.0,39.68318557739258
C2,2481,-0.6478709471612828,125.6,54.300000000000004,16,180.5,1938.0,1.0,30,3.0,120.20991516113281
C2,2482,-0.007999999999999924,29.6,20.5,37,26.518918991088867,936.0,1.0,30,3.0,203.85928344726562
C2,2483,0.8172353360511834,23.3,18.9,37,0.7351351380348206,45.0,1.0,30,1.0,256.04888916015625
C2,2484,0.8472777216541029,20.5,18.599999999999998,37,1.794594645500183,135.0,1.0,30,3.0,207.22933959960938
C2,2485,0.8512838177542897,19.0,18.2,37,1.654054045677185,126.0,1.0,30,3.0,141.93760681152344
C2,2486,0.8482930726213518,19.3,18.3,37,0.929729700088501,74.0,1.0,30,2.0,101.69589233398438
C2,2487,0.6616110549874362,23.3,19.3,33,1.794594645500183,102.0,1.0,30,2.0,78.35086822509766
C2,2488,-0.4440085543973567,32.5,21.8,3,6.5333333015441895,60.0,1.0,30,2.0,62.74385452270508
C2,2489,0.6986876952437749,40.5,28.299999999999997,3,11.066666603088379,84.0,1.0,30,2.0,54.04631423950195
C2,2490,0.7010599709282507,39.199999999999996,26.9,2,10.600000381469727,68.0,1.0,30,2.0,46.56112289428711
C2,2491,0.6651666666666667,47.800000000000004,35.8,2,23.0,100.0,1.0,30,2.0,44.736671447753906
C2,2492,0.7573219235523432,32.300000000000004,21.7,2,6.400000095367432,58.0,1.0,30,2.0,41.908668518066406
C2,2493,0.6963333333333332,44.4,30.900000000000002,2,20.399999618530273,98.0,1.0,30,2.0,42.21186828613281
C2,2494,0.705886870949627,39.1,27.0,2,9.399999618530273,60.0,1.0,30,2.0,39.72711944580078
C2,2495,0.4342361048542687,47.5,33.5,2,7.400000095367432,41.0,1.0,90,1.0,39.836273193359375
C2,2496,0.6797110789943153,44.1,31.099999999999998,2,15.800000190734863,80.0,1.0,30,2.0,38.70176315307617
C2,2497,0.6791337350100025,44.699999999999996,31.2,2,17.799999237060547,90.0,1.0,30,2.0,40.02105712890625
C2,2498,0.7558039631541367,32.300000000000004,22.5,2,6.0,56.0,1.0,30,2.0,39.07929992675781
C2,2499,0.6872714857841361,44.1,31.2,2,19.0,98.0,1.0,30,2.0,39.71424865722656
C2,2500,0.7579090188570481,32.4,23.099999999999998,1,30.0,100.0,1.0,50,1.0,100.0
