Cluster,Step,Reward,Latency_P90,Latency_Avg,Replicas,CPU_Pct,Requests,Success,HPA_Target,Throughput,Forecast
C1,1,-0.4645188678632209,227.70000000000002,99.8,7,67.0999984741211,296.0,1.0,30,2.0,124.0
C1,2,0.7114105474622893,38.0,25.3,7,28.114286422729492,249.0,1.0,50,3.0,103.5
C1,3,0.6388410557359971,43.1,28.299999999999997,7,41.485713958740234,312.0,1.0,70,3.0,106.76667022705078
C1,4,0.6006444943207723,33.8,24.8,7,9.257143020629883,84.0,1.0,70,1.0,100.1933364868164
C1,5,0.7475064119376267,33.300000000000004,23.7,7,6.22857141494751,67.0,1.0,30,1.0,94.11599731445312
C1,6,0.6238047040056318,39.5,27.5,6,12.057143211364746,94.0,1.0,50,1.0,89.13626861572266
C1,7,0.6292769063270841,39.1,27.0,5,32.47999954223633,237.0,1.0,70,3.0,85.48175811767578
C1,8,0.7124750987479527,38.9,27.599999999999998,5,30.799999237060547,231.0,1.0,50,3.0,84.62239074707031
C1,9,0.4224122193229617,50.0,34.3,4,20.100000381469727,94.0,1.0,90,1.0,84.10676574707031
C1,10,0.8481697802472762,18.0,17.3,4,0.8999999761581421,24.0,1.0,30,3.0,74.33072662353516
C1,11,0.67415068693699,38.3,25.5,4,19.399999618530273,159.0,1.0,50,3.0,65.26510620117188
C1,12,0.7679480189220103,17.7,17.2,4,1.600000023841858,45.0,1.0,50,3.0,49.292396545410156
C1,13,0.23256277524839242,71.7,39.9,3,61.400001525878906,268.0,1.0,90,2.0,56.50876998901367
C1,14,0.6147907077655943,49.7,34.9,3,51.20000076293945,234.0,1.0,70,3.0,64.17192840576172
C1,15,0.6984155648194521,28.2,20.0,3,3.066666603088379,40.0,1.0,50,2.0,69.43649291992188
C1,16,0.2828750987479526,63.4,37.199999999999996,5,49.20000076293945,190.0,1.0,30,2.0,67.39522552490234
C1,17,0.6308947284215188,48.0,32.099999999999994,5,71.36000061035156,396.0,1.0,90,3.0,73.37046813964844
C1,18,0.5820464302264201,39.5,27.799999999999997,5,19.68000030517578,144.0,1.0,70,2.0,83.88894653320312
C1,19,0.5664875529908748,32.7,21.7,5,3.9200000762939453,44.0,1.0,90,1.0,83.40003204345703
C1,20,0.4673199031219092,44.6,30.099999999999998,5,12.640000343322754,83.0,1.0,90,1.0,76.57335662841797
C1,21,0.6433370961978024,28.7,20.299999999999997,5,7.760000228881836,111.0,1.0,70,3.0,67.81067657470703
C1,22,0.7119166666666666,42.7,27.599999999999998,5,21.360000610351562,154.0,1.0,30,2.0,66.95307159423828
C1,23,0.4881326531908051,47.1,31.8,4,15.0,81.0,1.0,70,1.0,66.17184448242188
C1,24,0.5305916081297788,38.1,25.5,4,15.100000381469727,118.0,1.0,90,2.0,68.63643646240234
C1,25,0.5515833333333333,47.1,30.8,7,37.25714111328125,273.0,1.0,30,3.0,71.98186492919922
C1,26,0.7526074449814737,34.9,25.0,9,17.64444351196289,182.0,1.0,30,2.0,75.32244873046875
C1,27,0.6802379976169969,17.7,17.3,9,0.6222222447395325,36.0,1.0,90,2.0,71.86013793945312
C1,28,0.6540134329583063,38.4,25.7,9,34.88888931274414,312.0,1.0,70,3.0,71.51608276367188
C1,29,0.5711602309613035,33.6,23.599999999999998,9,14.666666984558105,162.0,1.0,90,2.0,69.976318359375
C1,30,0.661156157106804,37.6,25.5,9,14.844444274902344,137.0,1.0,50,1.0,84.91912078857422
C1,31,0.31197749455910334,46.6,30.4,5,24.866666793823242,154.0,1.0,90,1.0,100.55147552490234
C1,32,0.7840857645422368,28.400000000000002,20.299999999999997,5,4.079999923706055,60.0,1.0,30,2.0,103.1308822631836
C1,33,0.6862500000000001,45.5,31.099999999999998,5,31.520000457763672,180.0,1.0,30,2.0,98.411865234375
C1,34,0.7000000000000001,44.0,29.3,5,28.079999923706055,178.0,1.0,30,2.0,86.91378784179688
C1,35,0.5763793422108453,45.0,30.8,5,30.8799991607666,182.0,1.0,70,2.0,88.14826965332031
C1,36,0.6466477632080423,48.7,32.599999999999994,5,59.7599983215332,324.0,1.0,70,2.0,98.48896026611328
C1,37,0.6606581689252687,38.5,25.8,6,18.53333282470703,150.0,1.0,50,2.0,102.82671356201172
C1,38,0.5840762035795267,34.8,24.5,6,6.4666666984558105,62.0,1.0,70,1.0,101.56269073486328
C1,39,0.6276242650389557,38.0,25.4,6,7.800000190734863,79.0,1.0,50,1.0,89.73761749267578
C1,40,0.5965074538150983,43.2,27.2,6,11.733333587646484,88.0,1.0,50,1.0,84.37590026855469
C1,41,0.7128333333333334,42.6,28.2,6,42.86666488647461,291.0,1.0,50,3.0,85.8255386352539
C1,42,0.5664272616968461,32.599999999999994,22.0,5,10.479999542236328,132.0,1.0,90,3.0,82.02865600585938
C1,43,0.6525833333333333,48.300000000000004,32.300000000000004,6,53.733333587646484,333.0,1.0,50,3.0,82.81719207763672
C1,44,0.6954166666666667,44.5,30.4,6,43.0,268.0,1.0,50,2.0,88.22364807128906
C1,45,0.6242336767735827,38.4,25.6,6,7.866666793823242,75.0,1.0,50,1.0,95.60086059570312
C1,46,0.6912897676310378,43.6,29.1,6,58.733333587646484,375.0,1.0,70,3.0,101.89384460449219
C1,47,0.6037212670364149,43.8,29.1,7,16.571428298950195,124.0,1.0,50,1.0,104.33631134033203
C1,48,0.7392088026355621,22.9,18.3,7,1.0285714864730835,29.0,1.0,50,1.0,99.66844940185547
C1,49,0.6386701801028097,43.4,28.6,7,42.11428451538086,312.0,1.0,70,3.0,94.06774139404297
C1,50,0.6829792553637618,32.0,20.8,7,7.885714054107666,135.0,1.0,50,3.0,80.1739730834961
C1,51,0.63225,38.3,26.0,10,33.040000915527344,321.0,1.0,30,3.0,82.23771667480469
C1,52,0.6639269875123156,32.9,22.3,10,5.239999771118164,71.0,1.0,50,1.0,79.07596588134766
C1,53,0.5631694224770228,34.4,24.6,10,14.239999771118164,148.0,1.0,90,1.0,90.91224670410156
C1,54,0.6038185529987893,32.2,21.9,10,4.800000190734863,70.0,1.0,70,1.0,93.08068084716797
C1,55,0.5709035794022769,37.6,25.3,10,11.039999961853027,109.0,1.0,70,1.0,99.44841003417969
C1,56,0.5612559683615421,34.9,25.0,7,13.760000228881836,134.0,1.0,50,1.0,101.40238189697266
C1,57,0.41696517831156893,33.5,24.1,3,17.600000381469727,135.0,1.0,90,3.0,99.24142456054688
C1,58,0.5620808900708896,33.099999999999994,23.0,3,3.066666603088379,31.0,1.0,90,1.0,87.54485321044922
C1,59,0.285575,80.69999999999999,43.5,3,88.66666412353516,309.0,1.0,90,3.0,76.3935775756836
C1,60,0.43769823579712674,49.8,33.300000000000004,6,16.799999237060547,104.0,1.0,50,1.0,77.5694808959961
C1,61,-0.18950790783925595,61.199999999999996,31.6,17,103.0999984741211,1222.0,1.0,70,2.0,155.6083526611328
C1,62,0.5517309687164934,31.7,20.8,23,35.18260955810547,774.0,1.0,50,3.0,223.0983428955078
C1,63,0.7316937968590622,18.4,17.9,26,1.7538461685180664,86.0,1.0,30,2.0,255.45901489257812
C1,64,0.7150078462197305,28.9,20.2,26,8.753846168518066,212.0,1.0,50,2.0,207.5420684814453
C1,65,0.7920789614945216,27.400000000000002,19.3,26,3.7846152782440186,138.0,1.0,30,2.0,153.59190368652344
C1,66,0.6465339847636262,28.2,19.900000000000002,26,7.230769157409668,186.0,1.0,70,2.0,127.88848114013672
C1,67,0.6695566910051945,24.2,18.8,26,1.399999976158142,56.0,1.0,70,1.0,105.79975128173828
C1,68,-0.06420111737040332,33.8,23.5,7,14.800000190734863,166.0,1.0,50,2.0,94.4131851196289
C1,69,0.7100833333333334,42.9,28.5,7,53.20000076293945,411.0,1.0,50,3.0,93.44791412353516
C1,70,0.7028614845086533,41.4,28.400000000000002,7,35.20000076293945,280.0,1.0,50,2.0,104.0687484741211
C1,71,0.6214864706651448,32.300000000000004,21.8,7,11.714285850524902,150.0,1.0,70,3.0,106.04124450683594
C1,72,0.6869729029879531,29.7,20.7,7,3.6571428775787354,78.0,1.0,50,2.0,94.1580810546875
C1,73,0.6219974550767047,33.4,23.5,7,15.085714340209961,180.0,1.0,70,3.0,76.36151885986328
C1,74,0.6264876494040756,33.2,23.8,7,15.885714530944824,183.0,1.0,70,3.0,67.1502456665039
C1,75,0.6766666666666666,44.8,30.8,5,43.279998779296875,240.0,1.0,50,2.0,72.42347717285156
C1,76,0.58422801759743,40.9,28.2,8,14.050000190734863,113.0,1.0,30,1.0,82.65409088134766
C1,77,0.74125,39.5,27.099999999999998,8,40.54999923706055,330.0,1.0,50,3.0,95.3257827758789
C1,78,0.6892119317965263,32.4,21.7,8,10.25,153.0,1.0,50,3.0,93.72880554199219
C1,79,0.7034302008987223,39.5,27.3,8,49.75,402.0,1.0,70,3.0,95.57061767578125
C1,80,0.7045204159918012,39.0,26.599999999999998,8,48.75,396.0,1.0,70,3.0,99.60903930664062
C1,81,0.5828697161750032,42.1,27.799999999999997,7,48.0,372.0,1.0,90,3.0,111.76541900634766
C1,82,0.6522517207480403,23.099999999999998,18.8,7,1.2000000476837158,27.0,1.0,90,1.0,104.79258728027344
C1,83,0.559246404055175,32.5,21.8,6,2.6666667461395264,43.0,1.0,90,1.0,88.74221801757812
C1,84,0.6445808900708895,24.1,18.700000000000003,6,3.066666603088379,84.0,1.0,90,3.0,66.31199645996094
C1,85,0.6051650956341447,32.599999999999994,21.8,5,9.800000190734863,132.0,1.0,70,3.0,55.12053298950195
C1,86,0.6716430162681248,32.099999999999994,21.2,4,7.300000190734863,108.0,1.0,50,3.0,47.472320556640625
C1,87,0.0696617362643263,50.6,35.6,1,14.0,44.0,1.0,70,1.0,45.0167236328125
C1,88,0.6160692925857086,32.099999999999994,25.0,1,9.199999809265137,52.0,1.0,70,2.0,41.143367767333984
C1,89,0.11444675387119299,60.400000000000006,43.8,1,12.800000190734863,42.0,1.0,90,1.0,39.619354248046875
C1,90,0.6151182600003422,32.7,25.7,1,10.800000190734863,58.0,1.0,70,2.0,36.7049446105957
C1,91,0.046276087280823455,90.80000000000001,54.800000000000004,1,21.600000381469727,56.0,1.0,90,1.0,38.956302642822266
C1,92,0.5751698421008858,32.4,25.3,1,9.600000381469727,52.0,1.0,90,2.0,38.17378234863281
C1,93,0.2680403039355417,60.199999999999996,42.9,1,40.400001525878906,123.0,1.0,70,3.0,39.30426788330078
C1,94,0.6924567277511346,32.300000000000004,26.1,1,10.800000190734863,58.0,1.0,50,2.0,36.38256072998047
C1,95,0.16776573035686987,58.1,41.7,1,13.600000381469727,42.0,1.0,70,1.0,36.76287078857422
C1,96,0.6868913342794425,43.7,32.9,1,17.200000762939453,66.0,1.0,30,2.0,35.92438888549805
C1,97,0.13401748162426333,54.6,41.2,1,15.199999809265137,44.0,1.0,90,1.0,37.42129898071289
C1,98,0.6157929821134467,32.5,26.200000000000003,1,10.399999618530273,52.0,1.0,70,2.0,36.18611145019531
C1,99,0.17546573035686988,55.300000000000004,42.4,1,13.600000381469727,45.0,1.0,70,1.0,37.04500198364258
C1,100,0.6633301916662591,43.2,33.6,1,8.0,31.0,1.0,30,1.0,35.82699966430664
C1,101,0.2358,98.8,54.199999999999996,1,64.80000305175781,156.0,1.0,70,3.0,38.5628662109375
C1,102,0.6185429821134468,32.2,25.4,1,10.399999618530273,56.0,1.0,70,2.0,37.937721252441406
C1,103,0.2357840052792448,54.0,41.5,1,28.799999237060547,88.0,1.0,70,2.0,39.29596710205078
C1,104,0.6482274315263777,43.7,33.5,1,25.200000762939453,93.0,1.0,50,3.0,37.3109130859375
C1,105,0.355425,55.300000000000004,42.6,1,30.399999618530273,86.0,1.0,30,2.0,38.11988067626953
C1,106,0.1822367362643263,53.3,41.099999999999994,1,14.0,41.0,1.0,70,1.0,38.20526123046875
C1,107,0.354325,55.7,42.8,1,31.200000762939453,92.0,1.0,30,2.0,40.25648880004883
C1,108,0.5688531318471635,32.7,27.0,1,6.400000095367432,27.0,1.0,90,1.0,39.3538932800293
C1,109,0.037514605230261275,92.8,52.0,1,20.0,51.0,1.0,90,1.0,40.145668029785156
C1,110,0.7533556324860486,32.4,25.1,1,5.599999904632568,27.0,1.0,30,1.0,38.08740234375
C1,111,0.201975,111.10000000000001,64.10000000000001,1,97.5999984741211,204.0,1.0,90,3.0,42.31910705566406
C1,112,0.5075470795178219,43.7,33.8,1,28.399999618530273,108.0,1.0,90,3.0,42.858131408691406
C1,113,0.28656855090033406,58.8,42.8,1,44.0,132.0,1.0,70,3.0,45.448211669921875
C1,114,0.7127726274468985,37.400000000000006,25.8,2,9.199999809265137,62.0,1.0,30,2.0,42.06892776489258
C1,115,0.46880385874261965,43.9,30.4,2,8.800000190734863,48.0,1.0,90,1.0,41.641357421875
C1,116,0.5229927199185722,38.199999999999996,25.8,2,10.399999618530273,72.0,1.0,90,2.0,40.318145751953125
C1,117,0.5086902219504559,39.6,28.7,2,9.199999809265137,45.0,1.0,90,1.0,41.39088821411133
C1,118,0.6623822207423405,38.1,26.599999999999998,2,16.200000762939453,108.0,1.0,50,3.0,40.434532165527344
C1,119,0.293143550900334,53.5,38.699999999999996,1,44.0,135.0,1.0,70,3.0,41.06071853637695
C1,120,0.6255326107615518,33.2,27.099999999999998,1,15.600000381469727,75.0,1.0,70,3.0,38.7697639465332
C1,121,-0.42832577380510706,243.79999999999998,145.9,3,192.39999389648438,659.0,1.0,70,1.0,120.46186065673828
C1,122,0.14705910112022674,66.19999999999999,38.4,5,18.799999237060547,102.0,1.0,70,1.0,177.07711791992188
C1,123,0.6864715291010839,32.4,22.3,5,9.600000381469727,129.0,1.0,50,3.0,213.44627380371094
C1,124,0.7553854969585275,31.6,21.3,5,4.239999771118164,64.0,1.0,30,2.0,151.66775512695312
C1,125,0.6725568612622973,32.9,22.8,5,7.360000133514404,84.0,1.0,50,2.0,106.60065460205078
C1,126,0.7730167801103728,28.8,19.900000000000002,5,2.240000009536743,32.0,1.0,30,1.0,78.0937271118164
C1,127,0.3495601273465832,43.9,28.299999999999997,2,9.4399995803833,100.0,1.0,90,2.0,63.38956832885742
C1,128,0.5783439483813027,31.9,21.5,2,8.399999618530273,78.0,1.0,90,3.0,52.43374252319336
C1,129,0.5178899601049699,39.4,28.6,2,14.600000381469727,84.0,1.0,90,2.0,47.19357681274414
C1,130,0.6587450715527084,33.8,25.3,2,6.0,38.0,1.0,50,1.0,42.44948196411133
C1,131,0.10555135026963833,90.2,48.4,1,43.20000076293945,104.0,1.0,90,2.0,43.06968688964844
C1,132,0.5255571446446341,44.4,33.0,1,16.399999618530273,64.0,1.0,70,2.0,42.10847854614258
C1,133,0.01849366345166737,100.3,53.699999999999996,1,20.799999237060547,55.0,1.0,90,1.0,43.79841995239258
C1,134,0.5077177140953681,43.8,33.6,1,8.800000190734863,31.0,1.0,70,1.0,42.012386322021484
C1,135,0.2926524315263778,58.3,42.5,1,45.20000076293945,138.0,1.0,70,3.0,42.807430267333984
C1,136,0.24535468332636043,54.199999999999996,41.6,1,31.200000762939453,96.0,1.0,70,2.0,42.35112380981445
C1,137,0.31928594724155285,55.0,43.2,1,50.0,144.0,1.0,70,3.0,44.34400939941406
C1,138,0.5084637461844885,43.6,32.9,1,8.399999618530273,30.0,1.0,70,1.0,43.40640640258789
C1,139,0.25359432580034336,83.3,45.1,2,36.79999923706055,159.0,1.0,50,3.0,43.5105094909668
C1,140,0.5656440531528708,32.9,24.7,2,5.0,31.0,1.0,90,1.0,41.306304931640625
C1,141,0.4229161525102214,49.5,34.6,2,13.0,54.0,1.0,90,1.0,43.18378448486328
C1,142,0.641055231581302,38.0,26.599999999999998,2,11.0,78.0,1.0,50,2.0,42.443603515625
C1,143,0.7384999999999999,39.800000000000004,29.6,2,25.399999618530273,132.0,1.0,30,3.0,43.73283004760742
C1,144,0.7493942209146296,35.7,25.8,2,13.199999809265137,93.0,1.0,30,3.0,41.439697265625
C1,145,0.31226984478657893,50.6,34.9,2,24.799999237060547,106.0,1.0,50,2.0,41.930484771728516
C1,146,0.6524462285567327,33.7,24.8,2,4.199999809265137,32.0,1.0,50,1.0,40.62495803833008
C1,147,0.7196486286900526,39.800000000000004,28.8,2,16.0,86.0,1.0,30,2.0,41.44164276123047
C1,148,0.5313950813680558,38.1,25.9,2,15.600000381469727,102.0,1.0,90,3.0,39.398319244384766
C1,149,0.6334352175670007,44.8,30.5,2,24.0,135.0,1.0,50,3.0,39.90565872192383
C1,150,0.6195817623008114,31.9,21.4,2,9.800000190734863,87.0,1.0,70,3.0,38.3433952331543
C1,151,0.351,54.0,36.3,3,39.46666717529297,183.0,1.0,30,3.0,41.00603485107422
C1,152,0.5700585194773554,32.099999999999994,20.299999999999997,3,1.600000023841858,28.0,1.0,90,1.0,40.33695602416992
C1,153,0.7068114964402447,37.699999999999996,24.9,3,6.133333206176758,46.0,1.0,30,1.0,42.202171325683594
C1,154,0.6682314048390635,33.300000000000004,24.1,3,7.199999809265137,68.0,1.0,50,2.0,39.7213020324707
C1,155,0.6800579329904443,36.7,25.0,3,17.33333396911621,135.0,1.0,50,3.0,40.49945068359375
C1,156,0.6697650364867195,32.5,23.2,2,7.733333110809326,74.0,1.0,50,2.0,39.766334533691406
C1,157,0.6475039591920083,48.099999999999994,33.099999999999994,2,37.599998474121094,162.0,1.0,50,3.0,41.993133544921875
C1,158,0.6131559980297053,31.5,21.2,2,6.0,56.0,1.0,70,2.0,41.06254577636719
C1,159,0.5345337555491452,43.2,29.8,2,15.800000190734863,84.0,1.0,70,2.0,41.170860290527344
C1,160,0.5493464168515962,38.3,25.8,2,5.400000095367432,35.0,1.0,70,1.0,38.702518463134766
C1,161,0.7095535376162937,38.699999999999996,28.400000000000002,2,9.399999618530273,47.0,1.0,30,1.0,39.754844665527344
C1,162,0.7467001957678513,32.0,20.7,1,5.0,48.0,1.0,30,2.0,37.98624038696289
C1,163,0.18200006153545648,97.4,53.3,1,64.4000015258789,162.0,1.0,90,3.0,39.458412170410156
C1,164,0.7058942209146296,38.699999999999996,26.1,3,13.199999809265137,90.0,1.0,30,3.0,38.07504653930664
C1,165,0.5623007971230901,33.4,25.5,3,6.266666889190674,45.0,1.0,90,1.0,40.04502868652344
C1,166,0.5209252974378717,38.5,25.1,3,10.933333396911621,80.0,1.0,90,2.0,39.3603515625
C1,167,0.533683082398607,38.3,25.2,3,18.0,129.0,1.0,90,3.0,40.68287658691406
C1,168,0.6808939483375689,32.4,22.8,3,8.266666412353516,90.0,1.0,50,3.0,39.47639083862305
C1,169,0.6892500000000001,44.3,31.3,2,25.799999237060547,150.0,1.0,30,3.0,40.08583450317383
C1,170,0.6734117382193752,32.2,22.5,2,6.0,54.0,1.0,50,2.0,38.31816864013672
C1,171,0.6259495004330597,48.9,35.5,2,32.400001525878906,153.0,1.0,50,3.0,40.05756759643555
C1,172,0.6358970495837478,28.2,20.5,2,2.799999952316284,27.0,1.0,70,1.0,38.034542083740234
C1,173,0.5982909277576061,41.2,29.5,2,27.799999237060547,144.0,1.0,70,3.0,39.620723724365234
C1,174,0.6204107107221782,33.4,25.2,2,14.600000381469727,90.0,1.0,70,3.0,37.77243423461914
C1,175,0.4204402349411647,49.5,34.3,2,11.199999809265137,51.0,1.0,90,1.0,39.863460540771484
C1,176,0.44659394838130256,45.400000000000006,31.0,1,8.399999618530273,43.0,1.0,90,1.0,40.45140838623047
C1,177,0.35625000000000007,55.0,42.2,1,31.600000381469727,98.0,1.0,30,2.0,43.3375129699707
C1,178,0.4856569826681479,43.7,34.1,1,18.799999237060547,70.0,1.0,90,2.0,42.93584060668945
C1,179,0.12333635015935088,59.2,42.6,1,16.399999618530273,48.0,1.0,90,1.0,43.36150360107422
C1,180,0.4740530168260176,44.5,33.8,1,16.399999618530273,62.0,1.0,90,2.0,41.21690368652344
C1,181,-0.1689759343969197,171.1,81.19999999999999,5,92.53333282470703,258.0,1.0,70,1.0,69.6634750366211
C1,182,0.34173187152956125,48.300000000000004,32.5,10,90.16000366210938,504.0,1.0,50,3.0,102.73141479492188
C1,183,0.7040324658024206,29.9,20.6,10,8.319999694824219,150.0,1.0,50,3.0,125.10551452636719
C1,184,0.855634847468767,18.700000000000003,18.3,10,2.7200000286102295,66.0,1.0,30,2.0,108.52997589111328
C1,185,0.6065594187791827,28.6,20.299999999999997,10,6.519999980926514,138.0,1.0,90,3.0,82.31798553466797
C1,186,0.6327307004756827,28.299999999999997,19.099999999999998,10,1.7599999904632568,38.0,1.0,70,1.0,64.99079132080078
C1,187,0.7679246901332561,31.9,21.0,10,8.279999732971191,153.0,1.0,30,3.0,56.994476318359375
C1,188,0.34037631544678004,32.0,21.0,3,10.399999618530273,99.0,1.0,70,3.0,50.46335220336914
C1,189,0.5323353798774495,38.5,25.9,3,18.266666412353516,135.0,1.0,90,3.0,47.47801208496094
C1,190,0.5974169640684216,33.4,23.8,3,6.666666507720947,68.0,1.0,70,2.0,43.42013931274414
C1,191,0.6525579329904443,39.699999999999996,28.5,3,17.33333396911621,110.0,1.0,50,2.0,43.91875076293945
C1,192,0.6662938308063757,32.4,23.0,2,6.666666507720947,62.0,1.0,50,2.0,42.35124969482422
C1,193,0.7054999999999999,43.4,29.8,2,27.600000381469727,144.0,1.0,30,3.0,43.27741622924805
C1,194,0.6574756938645504,37.699999999999996,26.1,2,14.199999809265137,96.0,1.0,50,3.0,40.766448974609375
C1,195,0.5041578486928425,43.5,30.3,2,26.399999618530273,141.0,1.0,90,3.0,41.39320373535156
C1,196,0.6567199401697984,44.0,30.0,2,28.200000762939453,147.0,1.0,50,3.0,41.902587890625
C1,197,0.509881183222402,49.6,34.9,2,25.0,110.0,1.0,70,2.0,45.27488708496094
C1,198,0.6467008202995812,34.5,24.2,2,4.599999904632568,33.0,1.0,50,1.0,45.43159866333008
C1,199,0.4233467841116148,49.3,35.0,2,12.0,53.0,1.0,90,1.0,46.0589599609375
C1,200,0.5672173220529285,34.3,25.3,2,16.200000762939453,102.0,1.0,90,3.0,43.6353759765625
C1,201,0.2976608904435573,66.60000000000001,40.5,2,33.20000076293945,122.0,1.0,50,2.0,45.91455841064453
C1,202,0.7392408315778685,32.5,23.2,3,4.266666889190674,38.0,1.0,30,1.0,45.28207015991211
C1,203,0.5914698602928605,38.6,26.200000000000003,3,20.0,147.0,1.0,70,3.0,46.90257263183594
C1,204,0.6173409545980755,32.5,22.9,3,10.933333396911621,105.0,1.0,70,3.0,44.40821075439453
C1,205,0.71375,42.5,28.299999999999997,3,25.46666717529297,162.0,1.0,30,3.0,45.044925689697266
C1,206,0.7455663831348404,37.6,25.8,3,18.399999618530273,141.0,1.0,30,3.0,45.1602897644043
C1,207,0.5372201570920416,39.5,28.5,3,24.933332443237305,156.0,1.0,90,3.0,47.49617385864258
C1,208,0.6149968127940719,31.9,21.8,3,8.133333206176758,70.0,1.0,70,2.0,46.36437225341797
C1,209,0.7045833333333333,43.5,29.6,3,22.799999237060547,150.0,1.0,30,3.0,46.085289001464844
C1,210,0.7702895639498454,32.2,22.5,3,9.733333587646484,99.0,1.0,30,3.0,43.38450622558594
C1,211,0.4994549022951851,47.1,31.4,3,36.0,198.0,1.0,90,3.0,45.897369384765625
C1,212,0.5624593793764047,33.6,22.8,3,8.133333206176758,70.0,1.0,90,2.0,45.40509033203125
C1,213,0.5288737116231987,43.6,29.4,3,15.199999809265137,100.0,1.0,70,2.0,47.37638854980469
C1,214,0.6498224330031016,33.9,23.400000000000002,3,4.0,35.0,1.0,50,1.0,44.42583084106445
C1,215,0.6819166666666666,45.1,32.0,2,36.79999923706055,162.0,1.0,30,3.0,45.1888313293457
C1,216,0.7165336767960235,38.1,25.5,3,12.266666412353516,92.0,1.0,30,2.0,45.11330032348633
C1,217,0.7091666666666667,43.0,28.400000000000002,3,26.0,171.0,1.0,30,3.0,48.001312255859375
C1,218,0.7762828278349289,32.5,22.9,3,12.399999618530273,117.0,1.0,30,3.0,47.7341194152832
C1,219,0.4727284147013892,44.5,28.9,3,15.600000381469727,100.0,1.0,90,2.0,48.107139587402344
C1,220,0.6602030691270161,33.7,24.2,3,6.133333206176758,40.0,1.0,50,1.0,46.06428527832031
C1,221,0.4638765466936377,44.8,31.0,3,11.466666221618652,62.0,1.0,90,1.0,47.905235290527344
C1,222,0.773374037985856,32.4,23.0,3,11.199999809265137,105.0,1.0,30,3.0,47.00980758666992
C1,223,0.4542630823576684,47.800000000000004,33.5,2,25.399999618530273,112.0,1.0,90,2.0,48.60588455200195
C1,224,0.6963031131909727,38.199999999999996,25.0,2,4.599999904632568,30.0,1.0,30,1.0,45.2968635559082
C1,225,0.648,48.800000000000004,33.5,3,35.20000076293945,162.0,1.0,30,3.0,45.844783782958984
C1,226,0.7000000000000001,44.0,29.3,3,25.866666793823242,165.0,1.0,30,3.0,46.04020309448242
C1,227,0.7384999999999999,39.800000000000004,28.400000000000002,3,24.799999237060547,156.0,1.0,30,3.0,49.090789794921875
C1,228,0.6714815535052807,32.0,21.3,3,5.066666603088379,39.0,1.0,50,1.0,48.921138763427734
C1,229,0.6718333333333334,46.199999999999996,31.7,4,36.0,186.0,1.0,30,3.0,49.752685546875
C1,230,0.6963455770678396,33.6,23.7,4,14.5,141.0,1.0,50,3.0,49.58494567871094
C1,231,0.6783665081450456,42.8,28.0,4,31.299999237060547,207.0,1.0,50,3.0,53.48429870605469
C1,232,0.7350604076461531,34.1,23.900000000000002,4,4.900000095367432,43.0,1.0,30,1.0,53.29058074951172
C1,233,0.5256170484443481,39.300000000000004,28.1,4,18.600000381469727,124.0,1.0,90,2.0,55.174346923828125
C1,234,0.7366158806584021,34.6,24.6,4,6.5,52.0,1.0,30,1.0,54.037940979003906
C1,235,0.6589133252940952,44.3,29.5,4,9.600000381469727,62.0,1.0,30,1.0,55.88943099975586
C1,236,0.74486485804213,33.2,22.8,4,5.300000190734863,49.0,1.0,30,1.0,55.266990661621094
C1,237,0.6956635249995925,38.800000000000004,27.0,3,8.0,53.0,1.0,30,1.0,55.02686309814453
C1,238,0.7425614964402447,33.8,23.8,3,6.133333206176758,41.0,1.0,30,1.0,52.08278274536133
C1,239,0.4379051541929276,49.8,34.2,2,26.200000762939453,114.0,1.0,90,2.0,51.38300323486328
C1,240,0.6190213168103134,38.4,25.3,2,6.599999904632568,39.0,1.0,50,1.0,49.09646987915039
C1,241,-0.27723061920990133,189.5,99.8,4,197.8000030517578,2082.0,1.0,90,3.0,134.7912139892578
C1,242,0.6409166666666667,48.7,32.5,6,97.13333129882812,562.0,1.0,90,2.0,216.07472229003906
C1,243,0.51555079712309,38.5,24.6,6,6.266666889190674,61.0,1.0,90,1.0,267.7781677246094
C1,244,0.6094065570000456,32.0,21.4,6,6.333333492279053,86.0,1.0,70,2.0,212.00022888183594
C1,245,0.7844448152559144,32.5,22.599999999999998,6,15.199999809265137,174.0,1.0,30,3.0,148.80014038085938
C1,246,0.6836748360710577,32.4,22.4,6,8.933333396911621,104.0,1.0,50,2.0,109.68008422851562
C1,247,0.7678389788261564,33.6,24.2,6,12.933333396911621,124.0,1.0,30,2.0,88.74138641357422
C1,248,0.4364754734509514,33.8,24.5,3,4.0,45.0,1.0,90,1.0,74.44483184814453
C1,249,0.5495257677868934,42.7,28.8,3,18.799999237060547,116.0,1.0,70,2.0,66.66690063476562
C1,250,0.6110784048860418,39.0,26.0,3,6.0,41.0,1.0,50,1.0,59.200138092041016
C1,251,0.6892500000000001,44.3,30.8,4,35.20000076293945,195.0,1.0,30,3.0,57.386749267578125
C1,252,0.7656892941135652,32.5,22.3,4,9.199999809265137,108.0,1.0,30,3.0,53.36538314819336
C1,253,0.5206828056481412,38.0,26.1,4,6.800000190734863,55.0,1.0,90,1.0,52.81922912597656
C1,254,0.6082942522858343,33.8,23.900000000000002,4,11.899999618530273,120.0,1.0,70,3.0,49.158203125
C1,255,0.5249550126657696,38.4,26.0,4,13.199999809265137,110.0,1.0,90,2.0,49.49492263793945
C1,256,0.6712347524050443,34.2,23.8,4,9.899999618530273,92.0,1.0,50,2.0,48.496952056884766
C1,257,0.44890558725963847,47.199999999999996,32.800000000000004,2,24.200000762939453,108.0,1.0,90,2.0,49.76483917236328
C1,258,0.5508337379256605,34.6,24.6,2,5.800000190734863,35.0,1.0,90,1.0,47.85890197753906
C1,259,0.35235,50.6,36.6,4,39.33333206176758,183.0,1.0,30,3.0,48.7153434753418
C1,260,0.5704174108466714,32.4,21.9,4,5.199999809265137,70.0,1.0,90,2.0,46.69587326049805
C1,261,0.6865,44.6,30.5,5,33.70000076293945,210.0,1.0,30,3.0,50.150856018066406
C1,262,0.6670267845794218,32.300000000000004,21.1,5,4.639999866485596,72.0,1.0,50,2.0,48.8905143737793
C1,263,0.7690779330879154,34.2,24.1,5,15.279999732971191,162.0,1.0,30,3.0,50.667640686035156
C1,264,0.5922513627798335,33.0,23.099999999999998,5,2.9600000381469727,43.0,1.0,70,1.0,48.13391876220703
C1,265,0.6094671619406207,33.6,23.8,5,11.680000305175781,112.0,1.0,70,2.0,49.28034973144531
C1,266,0.7636585767360264,33.2,23.3,5,10.479999542236328,102.0,1.0,30,2.0,49.56821060180664
C1,267,0.6858333333333334,43.8,29.3,3,23.200000762939453,130.0,1.0,30,2.0,52.674259185791016
C1,268,0.7562886420175075,32.9,23.2,3,7.599999904632568,72.0,1.0,30,2.0,51.87122344970703
C1,269,0.6901666666666667,44.2,31.099999999999998,4,33.0,192.0,1.0,30,3.0,53.12273406982422
C1,270,0.5740054726520756,32.300000000000004,21.9,4,7.800000190734863,102.0,1.0,90,3.0,49.74030685424805
C1,271,0.549661738219375,45.699999999999996,31.6,4,26.0,158.0,1.0,70,2.0,53.444183349609375
C1,272,0.5492874778291655,38.800000000000004,25.3,4,7.199999809265137,56.0,1.0,70,1.0,54.5998420715332
C1,273,0.47262286041592405,44.0,30.4,4,12.5,75.0,1.0,90,1.0,60.75990676879883
C1,274,0.6725,47.0,32.4,4,31.299999237060547,174.0,1.0,30,2.0,65.52261352539062
C1,275,0.47904967852421476,47.199999999999996,33.2,4,29.700000762939453,174.0,1.0,90,2.0,72.51356506347656
C1,276,0.7000000000000001,44.0,30.200000000000003,4,23.799999237060547,148.0,1.0,30,2.0,76.5748062133789
C1,277,0.5639254556554175,49.4,34.5,4,37.400001525878906,188.0,1.0,70,2.0,79.94488525390625
C1,278,0.5362442638715135,43.8,29.5,4,17.899999618530273,120.0,1.0,70,2.0,78.36692810058594
C1,279,0.5282104970572146,48.800000000000004,33.099999999999994,4,47.70000076293945,255.0,1.0,90,3.0,78.88682556152344
C1,280,0.6100606724256191,38.5,26.4,7,15.428571701049805,142.0,1.0,30,2.0,76.13209533691406
C1,281,0.5834015103672943,43.2,28.299999999999997,7,28.628570556640625,210.0,1.0,70,2.0,80.47925567626953
C1,282,0.602284926667009,34.1,24.0,7,10.800000190734863,130.0,1.0,70,2.0,80.42089080810547
C1,283,0.7085374896904777,38.800000000000004,25.6,7,9.371428489685059,81.0,1.0,30,1.0,81.71920013427734
C1,284,0.7757698269039703,32.300000000000004,21.9,7,11.657142639160156,150.0,1.0,30,3.0,75.16485595703125
C1,285,0.5363333333333332,44.4,30.200000000000003,3,45.599998474121094,219.0,1.0,50,3.0,72.29891204833984
C1,286,0.6302952654177294,42.5,29.3,3,18.133333206176758,118.0,1.0,50,2.0,67.64601135253906
C1,287,0.5146217256146322,49.7,35.0,3,46.400001525878906,222.0,1.0,90,3.0,68.05427551269531
C1,288,0.5252475001207926,43.9,30.8,3,34.93333435058594,189.0,1.0,90,3.0,66.96589660644531
C1,289,0.45874999999999994,48.5,31.7,8,37.349998474121094,294.0,1.0,30,3.0,71.51287078857422
C1,290,0.5559429110551597,34.0,23.2,8,5.400000095367432,69.0,1.0,90,1.0,73.57438659667969
C1,291,0.74675,38.9,26.5,8,25.049999237060547,206.0,1.0,30,2.0,80.1446304321289
C1,292,0.6553859667491646,33.099999999999994,22.2,8,3.549999952316284,51.0,1.0,50,1.0,77.82011413574219
C1,293,0.7582634697798221,32.300000000000004,21.4,8,6.650000095367432,100.0,1.0,30,2.0,73.8920669555664
C1,294,0.6311261820362896,27.599999999999998,19.2,7,1.75,34.0,1.0,70,1.0,62.33523941040039
C1,295,0.5743652112265426,32.7,22.4,7,11.142857551574707,153.0,1.0,90,3.0,55.401145935058594
C1,296,0.5393236653482306,32.4,21.9,4,2.914285659790039,41.0,1.0,50,1.0,50.040687561035156
C1,297,0.5188218208595943,40.099999999999994,29.1,2,26.200000762939453,147.0,1.0,90,3.0,48.82441329956055
C1,298,0.6488556324860486,43.8,27.0,2,5.599999904632568,38.0,1.0,30,1.0,46.36131286621094
C1,299,0.5067246115158891,43.5,29.7,2,7.400000095367432,48.0,1.0,70,1.0,45.81678771972656
C1,300,0.6003317623008113,34.0,25.0,2,9.800000190734863,66.0,1.0,70,2.0,43.35673904418945
C1,301,0.200962017657834,85.8,44.8,2,61.20000076293945,213.0,1.0,90,3.0,46.28071212768555
C1,302,0.7179451370819254,33.0,22.8,4,2.0999999046325684,33.0,1.0,30,1.0,46.035091400146484
C1,303,0.7451437409794865,33.0,23.5,4,4.900000095367432,46.0,1.0,30,1.0,47.621055603027344
C1,304,0.747169929066165,32.0,20.9,4,3.0999999046325684,38.0,1.0,30,1.0,44.17263412475586
C1,305,0.6001606068540255,34.3,24.2,4,10.699999809265137,98.0,1.0,70,2.0,44.23691177368164
C1,306,0.7034880172399568,38.699999999999996,25.8,4,7.699999809265137,52.0,1.0,30,1.0,45.07548141479492
C1,307,0.4489273989168375,47.300000000000004,31.4,2,24.600000381469727,106.0,1.0,90,2.0,47.57862091064453
C1,308,0.5622078495267273,34.4,25.5,2,13.600000381469727,93.0,1.0,90,3.0,46.68050765991211
C1,309,0.6632685914551261,43.9,29.4,2,9.800000190734863,48.0,1.0,30,1.0,45.60830307006836
C1,310,0.47111961592269563,43.5,29.5,2,7.599999904632568,40.0,1.0,90,1.0,43.23164749145508
C1,311,0.1027877402374646,101.9,55.0,1,30.399999618530273,61.0,1.0,70,1.0,45.80565643310547
C1,312,0.6969392941135653,40.0,33.099999999999994,1,9.199999809265137,33.0,1.0,30,1.0,45.350059509277344
C1,313,0.15695476933762467,101.2,52.900000000000006,1,20.799999237060547,54.0,1.0,50,1.0,46.9433708190918
C1,314,0.6625310005661772,43.6,33.0,1,8.800000190734863,33.0,1.0,30,1.0,44.16602325439453
C1,315,0.361725,50.1,35.1,2,31.600000381469727,144.0,1.0,30,3.0,44.49961471557617
C1,316,0.6650706508060583,43.4,28.9,2,9.0,48.0,1.0,30,1.0,43.8997688293457
C1,317,0.6697907046525227,43.7,31.6,2,11.199999809265137,50.0,1.0,30,1.0,45.80652618408203
C1,318,0.7027898140303255,38.0,25.4,2,5.800000190734863,31.0,1.0,30,1.0,44.68391799926758
C1,319,0.6631950181708163,44.699999999999996,33.8,2,12.0,54.0,1.0,30,1.0,44.81034851074219
C1,320,0.7066056324860487,37.5,24.9,2,5.599999904632568,33.0,1.0,30,1.0,42.619544982910156
C1,321,0.20301229252534167,105.30000000000001,60.6,2,42.400001525878906,75.0,1.0,30,1.0,47.17172622680664
C1,322,0.4937740072039096,43.9,30.599999999999998,2,23.600000381469727,123.0,1.0,90,3.0,48.169700622558594
C1,323,0.6494198447865789,43.4,29.4,2,24.799999237060547,141.0,1.0,50,3.0,50.635154724121094
C1,324,0.7392531818482296,33.6,24.6,2,4.800000190734863,31.0,1.0,30,1.0,46.24776077270508
C1,325,0.4853949791249835,48.2,33.9,2,34.79999923706055,168.0,1.0,90,3.0,45.61532211303711
C1,326,0.6410091682284489,43.8,29.7,2,23.600000381469727,123.0,1.0,50,3.0,44.43585968017578
C1,327,0.47634316236215574,44.4,31.099999999999998,2,17.200000762939453,92.0,1.0,90,2.0,45.72818374633789
C1,328,0.5182333349440401,38.199999999999996,26.5,2,6.199999809265137,36.0,1.0,90,1.0,43.836910247802734
C1,329,0.6981666666666667,44.2,30.200000000000003,2,27.0,141.0,1.0,30,3.0,43.50214767456055
C1,330,0.7006192805748862,39.9,26.9,2,10.0,64.0,1.0,30,2.0,41.43461990356445
C1,331,0.3088277431624208,65.19999999999999,39.800000000000004,2,35.79999923706055,136.0,1.0,50,2.0,44.46077346801758
C1,332,0.6520348022264842,38.199999999999996,26.200000000000003,2,14.0,96.0,1.0,50,3.0,44.27646255493164
C1,333,0.5132177140953681,43.2,29.7,2,8.800000190734863,48.0,1.0,70,1.0,46.29920959472656
C1,334,0.5358084362247938,37.8,25.8,2,16.600000381469727,111.0,1.0,90,3.0,43.3795280456543
C1,335,0.70275,43.7,30.4,2,28.799999237060547,141.0,1.0,30,3.0,43.627716064453125
C1,336,0.7488004016766692,37.1,25.6,2,17.799999237060547,117.0,1.0,30,3.0,42.576629638671875
C1,337,0.6690833333333334,46.5,31.6,3,27.066667556762695,162.0,1.0,30,3.0,44.212642669677734
C1,338,0.6770303179719434,32.4,22.2,3,7.333333492279053,66.0,1.0,50,2.0,43.32758712768555
C1,339,0.7321080015045418,39.1,26.200000000000003,3,18.53333282470703,141.0,1.0,30,3.0,43.86322021484375
C1,340,0.7750283515041495,32.5,23.0,3,12.0,114.0,1.0,30,3.0,42.051265716552734
C1,341,0.4611821473297355,44.6,29.4,3,7.733333110809326,55.0,1.0,90,1.0,43.89742660522461
C1,342,0.7452491553590481,34.5,23.7,2,10.933333396911621,93.0,1.0,30,3.0,42.871788024902344
C1,343,0.6709166666666667,46.300000000000004,31.6,3,28.66666603088379,162.0,1.0,30,3.0,44.389739990234375
C1,344,0.7529070317666152,33.0,22.599999999999998,3,6.933333396911621,60.0,1.0,30,2.0,41.96717834472656
C1,345,0.7336413342794424,38.6,26.0,3,17.200000762939453,141.0,1.0,30,3.0,42.64697265625
C1,346,0.5525002974017548,38.3,24.8,3,6.666666507720947,47.0,1.0,70,1.0,42.121517181396484
C1,347,0.6339020912834304,33.6,25.3,3,19.066667556762695,147.0,1.0,70,3.0,44.339576721191406
C1,348,0.747326038419803,33.5,23.099999999999998,3,6.666666507720947,64.0,1.0,30,2.0,43.670413970947266
C1,349,0.6935833333333333,44.699999999999996,31.099999999999998,3,37.0,165.0,1.0,30,3.0,44.3355827331543
C1,350,0.7692248334019668,32.9,23.3,3,11.333333015441895,102.0,1.0,30,3.0,42.73468017578125
C1,351,0.7366666666666667,40.0,28.5,3,25.866666793823242,162.0,1.0,30,3.0,44.70747756958008
C1,352,0.565642140117618,32.800000000000004,22.8,3,4.0,39.0,1.0,90,1.0,43.75782012939453
C1,353,0.6190999557142294,38.6,26.4,3,7.066666603088379,47.0,1.0,50,1.0,44.921356201171875
C1,354,0.5698724492010974,32.300000000000004,23.0,3,3.5999999046325684,32.0,1.0,90,1.0,42.68614959716797
C1,355,0.6569914438071334,43.3,28.7,3,26.53333282470703,171.0,1.0,50,3.0,43.74502182006836
C1,356,0.5563113998815642,38.5,25.7,2,11.600000381469727,94.0,1.0,70,2.0,44.380348205566406
C1,357,0.4800374751492258,42.7,29.0,2,9.0,47.0,1.0,90,1.0,46.761539459228516
C1,358,0.6078496909776333,39.0,27.0,2,5.199999809265137,38.0,1.0,50,1.0,45.656925201416016
C1,359,0.3098663342794425,66.10000000000001,39.6,2,17.200000762939453,62.0,1.0,30,1.0,46.99415588378906
C1,360,0.7314870698159033,36.0,25.5,2,8.600000381469727,60.0,1.0,30,2.0,45.52982711791992
C1,361,0.18752774316242077,106.39999999999999,56.4,3,44.20000076293945,109.0,1.0,30,1.0,54.117897033691406
C1,362,0.6091063249687373,32.9,23.0,3,9.333333015441895,99.0,1.0,70,3.0,55.40407180786133
C1,363,0.7267828278349289,37.900000000000006,25.3,3,12.399999618530273,94.0,1.0,30,2.0,58.44244384765625
C1,364,0.6328024775708231,38.5,26.200000000000003,3,10.133333206176758,84.0,1.0,50,2.0,51.332130432128906
C1,365,0.7190336767960235,38.699999999999996,26.4,3,12.266666412353516,96.0,1.0,30,2.0,49.06594467163086
C1,366,0.7483960298385331,33.099999999999994,23.0,2,8.133333206176758,78.0,1.0,30,2.0,46.63956832885742
C1,367,0.6532500000000001,49.099999999999994,34.6,2,28.600000381469727,118.0,1.0,30,2.0,47.450408935546875
C1,368,0.5343169214492216,38.0,25.6,2,16.799999237060547,96.0,1.0,90,3.0,45.8035774230957
C1,369,0.6837066575738977,44.3,30.8,2,18.200000762939453,94.0,1.0,30,2.0,45.882144927978516
C1,370,0.7173099709282507,38.3,26.1,2,10.600000381469727,70.0,1.0,30,2.0,42.729286193847656
C1,371,0.13784737521868262,80.8,43.9,2,22.799999237060547,77.0,1.0,70,1.0,46.83757400512695
C1,372,0.7157466586274285,38.1,26.1,2,9.600000381469727,62.0,1.0,30,2.0,47.16920852661133
C1,373,0.6536219770986075,44.1,30.0,2,27.600000381469727,147.0,1.0,50,3.0,49.234859466552734
C1,374,0.5928804782958187,41.7,30.0,2,7.599999904632568,42.0,1.0,50,1.0,45.80758285522461
C1,375,0.686006870729459,44.0,29.6,2,18.0,94.0,1.0,30,2.0,45.88454818725586
C1,376,0.14692307542902233,83.9,45.8,2,47.20000076293945,154.0,1.0,90,2.0,49.6640625
C1,377,0.16559906560308027,101.8,50.8,4,92.53333282470703,298.0,1.0,70,2.0,66.19844055175781
C1,378,0.5805718710754479,44.5,29.9,6,14.533333778381348,99.0,1.0,50,1.0,83.05239868164062
C1,379,0.7513333333333333,38.4,26.3,6,21.933332443237305,170.0,1.0,30,2.0,94.23143768310547
C1,380,0.768456230616512,32.4,21.4,6,9.733333587646484,135.0,1.0,30,3.0,87.07219696044922
C1,381,0.7082500000000002,43.1,27.7,6,21.399999618530273,170.0,1.0,30,2.0,80.90998077392578
C1,382,0.7164999999999999,42.2,28.2,6,25.933332443237305,180.0,1.0,30,2.0,77.87932586669922
C1,383,0.5358617023669688,42.6,28.0,10,43.25714111328125,308.0,1.0,30,2.0,90.5942611694336
C1,384,0.5719566340534707,32.300000000000004,22.1,10,5.840000152587891,74.0,1.0,90,1.0,96.75655364990234
C1,385,0.5741381191001014,32.300000000000004,21.7,10,7.920000076293945,126.0,1.0,90,2.0,96.85393524169922
C1,386,0.671127789572949,33.2,23.2,10,7.679999828338623,88.0,1.0,50,1.0,88.11235809326172
C1,387,0.7935,33.8,24.1,10,26.68000030517578,294.0,1.0,30,3.0,86.06741333007812
C1,388,0.5670666682773734,32.0,20.7,9,6.199999809265137,108.0,1.0,90,2.0,83.64044952392578
C1,389,0.5973160191060892,33.7,24.0,9,7.688889026641846,82.0,1.0,70,1.0,81.38426971435547
C1,390,0.7939018121258254,28.6,20.1,9,7.111111164093018,147.0,1.0,30,3.0,73.49723052978516
C1,391,0.5564078486928425,37.8,24.8,9,26.399999618530273,270.0,1.0,90,3.0,73.56500244140625
C1,392,0.3584480238699608,39.300000000000004,27.0,4,12.088889122009277,107.0,1.0,70,1.0,76.93900299072266
C1,393,0.29040474981286396,46.699999999999996,30.700000000000003,11,66.86666870117188,387.0,1.0,30,3.0,89.63006591796875
C1,394,0.6494894652599797,37.900000000000006,24.7,11,12.763636589050293,137.0,1.0,50,1.0,103.5113754272461
C1,395,0.57051119776678,37.8,24.6,11,11.527273178100586,128.0,1.0,70,1.0,114.6401596069336
C1,396,0.6168458577307574,32.9,22.8,11,12.0,160.0,1.0,70,2.0,114.78409576416016
C1,397,0.7293725698967101,33.6,23.599999999999998,11,22.327272415161133,270.0,1.0,50,3.0,108.60379028320312
C1,398,0.5386697315666825,35.6,24.6,8,29.96363639831543,333.0,1.0,70,3.0,102.62894439697266
C1,399,0.5614166666666667,37.3,24.8,13,38.327274322509766,387.0,1.0,30,3.0,105.57736206054688
C1,400,0.642454964481544,33.5,23.3,13,21.13846206665039,276.0,1.0,70,2.0,113.74642181396484
C1,401,0.6835510329493323,33.300000000000004,23.3,13,30.86153793334961,400.0,1.0,70,2.0,130.51451110839844
C1,402,0.6737312577802154,33.2,23.099999999999998,13,28.30769157409668,363.0,1.0,70,3.0,139.5087127685547
C1,403,0.7860625949571853,32.800000000000004,22.599999999999998,13,16.89230728149414,222.0,1.0,30,2.0,141.3052215576172
C1,404,0.7669219544807724,32.2,21.3,13,8.769230842590332,152.0,1.0,30,2.0,125.84980010986328
C1,405,0.7702859472415529,32.300000000000004,21.8,13,10.0,160.0,1.0,30,2.0,111.10987854003906
C1,406,0.7721420578966957,32.2,21.7,13,10.276923179626465,164.0,1.0,30,2.0,98.39926147460938
C1,407,0.7723954773629116,29.8,20.2,13,4.3692307472229,106.0,1.0,30,2.0,87.70622253417969
C1,408,0.4678090168113916,33.099999999999994,23.5,8,6.650000095367432,78.0,1.0,50,1.0,81.02373504638672
C1,409,0.5161040388121717,47.6,31.5,5,51.84000015258789,321.0,1.0,70,3.0,80.34757232666016
C1,410,0.5159166666666667,37.900000000000006,25.6,11,33.52000045776367,339.0,1.0,30,3.0,87.94187927246094
C1,411,0.6114623643491631,32.099999999999994,21.2,11,7.490909099578857,136.0,1.0,70,2.0,91.16512298583984
C1,412,0.7328984124377319,34.2,23.2,11,4.581818103790283,71.0,1.0,30,1.0,88.299072265625
C1,413,0.6038395541167347,34.0,24.0,11,31.0181827545166,330.0,1.0,90,2.0,93.51277923583984
C1,414,0.6019799090212946,28.7,20.400000000000002,11,2.545454502105713,52.0,1.0,90,1.0,94.5076675415039
C1,415,0.4695417851650737,29.3,19.900000000000002,7,4.436363697052002,96.0,1.0,70,2.0,92.03793334960938
C1,416,0.4812615930337069,32.099999999999994,20.8,4,3.299999952316284,38.0,1.0,70,1.0,73.62275695800781
C1,417,0.467124645804889,44.2,28.400000000000002,4,9.699999809265137,64.0,1.0,90,1.0,64.17365264892578
C1,418,0.7785538096398316,28.400000000000002,21.3,4,2.700000047683716,32.0,1.0,30,1.0,56.3708610534668
C1,419,0.7289166666666667,39.1,27.900000000000002,2,26.600000381469727,141.0,1.0,30,3.0,52.889183044433594
C1,420,0.7212912044919105,38.699999999999996,25.9,2,13.0,96.0,1.0,30,3.0,46.53350830078125
C1,421,0.23004520443217835,92.1,45.400000000000006,3,62.93333435058594,249.0,1.0,50,3.0,49.52010726928711
C1,422,0.5710663913753448,32.4,22.2,3,5.866666793823242,62.0,1.0,90,2.0,49.17873001098633
C1,423,0.7393039631541367,34.1,24.9,3,6.0,48.0,1.0,30,1.0,51.10723876953125
C1,424,0.7306018842336673,34.2,24.1,3,4.0,34.0,1.0,30,1.0,45.73101043701172
C1,425,0.733313268006765,39.0,26.0,3,18.66666603088379,141.0,1.0,30,3.0,44.638607025146484
C1,426,0.6504596260388679,43.4,28.7,3,25.066667556762695,159.0,1.0,50,3.0,44.64982986450195
C1,427,0.5329395486882611,49.2,34.4,2,11.600000381469727,50.0,1.0,50,1.0,46.78989791870117
C1,428,0.5568595777218265,33.9,25.3,2,5.400000095367432,32.0,1.0,90,1.0,46.07394027709961
C1,429,0.47936690637698265,48.300000000000004,34.5,2,33.20000076293945,150.0,1.0,90,3.0,45.244361877441406
C1,430,0.7590804437315444,32.599999999999994,23.0,3,9.866666793823242,99.0,1.0,30,3.0,42.479949951171875
C1,431,0.2465742847653633,51.5,35.9,3,49.733333587646484,231.0,1.0,90,3.0,46.82130432128906
C1,432,0.5670197985138302,32.9,22.4,3,6.400000095367432,60.0,1.0,90,2.0,46.75944900512695
C1,433,0.5389181355288944,38.0,25.7,3,19.33333396911621,138.0,1.0,90,3.0,48.45566940307617
C1,434,0.6075849679955109,32.0,21.5,3,5.599999904632568,84.0,1.0,70,3.0,42.940067291259766
C1,435,0.6956666666666667,43.6,28.7,2,25.799999237060547,132.0,1.0,30,3.0,41.49737548828125
C1,436,0.7375799439331108,37.900000000000006,25.9,2,16.200000762939453,111.0,1.0,30,3.0,39.431758880615234
C1,437,0.7018333333333334,43.8,29.7,2,24.200000762939453,129.0,1.0,30,3.0,40.192386627197266
C1,438,0.601953628307409,32.0,21.6,2,3.200000047683716,26.0,1.0,70,1.0,38.2487678527832
C1,439,0.47201061504796926,43.5,30.3,2,8.399999618530273,46.0,1.0,90,1.0,38.2825927734375
C1,440,0.7393864465243061,33.5,24.2,2,4.599999904632568,31.0,1.0,30,1.0,36.70288848876953
C1,441,0.5429046792737011,48.800000000000004,33.8,2,11.199999809265137,54.0,1.0,50,1.0,39.488399505615234
C1,442,0.5081300872045263,39.300000000000004,27.2,1,12.800000190734863,90.0,1.0,90,3.0,39.02637481689453
C1,443,0.12183508182089568,58.8,42.5,1,14.800000190734863,44.0,1.0,90,1.0,40.48249053955078
C1,444,0.6545386420175074,44.0,34.7,1,7.599999904632568,30.0,1.0,30,1.0,38.15616226196289
C1,445,0.3415756730930612,53.1,41.0,1,15.600000381469727,46.0,1.0,30,1.0,38.89369583129883
C1,446,0.6931872499344266,43.5,33.099999999999994,1,19.200000762939453,72.0,1.0,30,2.0,38.26955032348633
C1,447,0.2349590052792448,54.300000000000004,41.0,1,28.799999237060547,86.0,1.0,70,2.0,39.62839889526367
C1,448,0.68408599246701,43.9,33.8,1,16.799999237060547,64.0,1.0,30,2.0,38.5770378112793
C1,449,0.2917650269194449,65.5,43.9,1,30.399999618530273,94.0,1.0,50,2.0,39.41289138793945
C1,450,0.6602726274468986,44.0,34.2,1,9.199999809265137,33.0,1.0,30,1.0,38.5810661315918
C1,451,0.13897500000000004,131.1,67.7,2,30.799999237060547,81.0,1.0,30,1.0,44.61530685424805
C1,452,0.669381183222402,32.2,23.400000000000002,2,5.0,56.0,1.0,50,2.0,45.702518463134766
C1,453,0.6699133252940952,43.1,30.700000000000003,2,9.600000381469727,48.0,1.0,30,1.0,48.35484313964844
C1,454,0.6952531818482296,38.4,26.0,2,4.800000190734863,32.0,1.0,30,1.0,43.412906646728516
C1,455,0.6090315691304601,44.2,30.8,2,16.799999237060547,86.0,1.0,50,2.0,42.4477424621582
C1,456,0.6870031818482296,39.300000000000004,27.3,2,4.800000190734863,37.0,1.0,30,1.0,40.401981353759766
C1,457,0.6870706508060583,41.0,29.6,2,9.0,48.0,1.0,30,1.0,41.30785369873047
C1,458,0.6054489579980121,28.400000000000002,20.8,2,3.4000000953674316,28.0,1.0,90,1.0,39.85137939453125
C1,459,0.4948843807620349,45.199999999999996,30.900000000000002,2,8.800000190734863,45.0,1.0,70,1.0,40.04416275024414
C1,460,0.7036364465243059,37.400000000000006,26.0,2,4.599999904632568,30.0,1.0,30,1.0,37.759830474853516
C1,461,0.10127213905252871,101.1,52.5,2,92.4000015258789,186.0,1.0,50,3.0,40.92256546020508
C1,462,0.6649966791714891,32.9,23.0,3,7.4666666984558105,62.0,1.0,50,2.0,40.95353698730469
C1,463,0.74315811226931,33.9,25.7,3,6.5333333015441895,49.0,1.0,30,1.0,43.505455017089844
C1,464,0.5670065662820829,32.599999999999994,22.8,3,3.4666666984558105,33.0,1.0,90,1.0,41.16994094848633
C1,465,0.7370248911803143,38.3,25.6,3,17.46666717529297,135.0,1.0,30,3.0,41.63529586791992
C1,466,0.5744149279794949,32.800000000000004,22.599999999999998,3,11.866666793823242,114.0,1.0,90,3.0,40.447845458984375
C1,467,0.6027256938645504,42.8,28.7,2,14.199999809265137,88.0,1.0,50,2.0,41.20204162597656
C1,468,0.7998206508060584,28.7,20.9,2,9.0,87.0,1.0,30,3.0,39.52122497558594
C1,469,0.7018333333333334,43.8,30.099999999999998,2,25.0,135.0,1.0,30,3.0,39.446067810058594
C1,470,0.7352504363535689,37.5,25.4,2,14.0,93.0,1.0,30,3.0,37.667640686035156
C1,471,0.6571666666666667,47.800000000000004,33.4,3,36.599998474121094,159.0,1.0,30,3.0,39.80058288574219
C1,472,0.7698304437315444,32.300000000000004,22.599999999999998,3,9.866666793823242,90.0,1.0,30,3.0,39.08034896850586
C1,473,0.7379384248985905,38.4,25.9,3,18.266666412353516,138.0,1.0,30,3.0,40.64820861816406
C1,474,0.7597471103982111,33.4,23.3,3,9.866666793823242,96.0,1.0,30,3.0,38.78892517089844
C1,475,0.560397568877459,43.2,28.5,3,22.933332443237305,150.0,1.0,70,3.0,40.340023040771484
C1,476,0.5725426634340974,32.599999999999994,23.3,3,8.933333396911621,78.0,1.0,90,2.0,40.337345123291016
C1,477,0.5348032916496698,43.2,28.5,2,18.200000762939453,94.0,1.0,70,2.0,42.33574295043945
C1,478,0.7356814487072925,37.699999999999996,25.4,2,14.800000190734863,99.0,1.0,30,3.0,41.26811218261719
C1,479,0.5695213187587305,43.8,30.200000000000003,2,26.600000381469727,141.0,1.0,70,3.0,41.69419860839844
C1,480,0.7699574888013205,33.9,25.3,2,14.600000381469727,90.0,1.0,30,3.0,39.68318557739258
C1,481,-0.35369226099210155,179.4,94.60000000000001,5,199.0,1292.0,1.0,90,2.0,120.20991516113281
C1,482,0.05571231153408651,60.0,33.9,10,122.6500015258789,936.0,1.0,90,3.0,203.85928344726562
C1,483,0.5250240061183507,27.400000000000002,19.5,13,3.5999999046325684,90.0,1.0,70,2.0,256.04888916015625
C1,484,0.6376346841941506,28.1,19.599999999999998,13,3.1692306995391846,90.0,1.0,70,2.0,207.22933959960938
C1,485,0.8145380874627929,24.6,19.099999999999998,13,2.9846153259277344,84.0,1.0,30,2.0,141.93760681152344
C1,486,0.8304151298164886,22.5,18.3,13,2.153846263885498,74.0,1.0,30,2.0,101.69589233398438
C1,487,0.7892590029569919,28.0,19.7,13,4.461538314819336,102.0,1.0,30,2.0,78.35086822509766
C1,488,0.30982560930740677,33.2,22.2,2,6.599999904632568,60.0,1.0,30,2.0,62.74385452270508
C1,489,0.6722341229347824,44.8,30.5,2,15.399999618530273,84.0,1.0,30,2.0,54.04631423950195
C1,490,0.7597466586274284,33.300000000000004,24.7,2,9.600000381469727,68.0,1.0,30,2.0,46.56112289428711
C1,491,0.435485330118334,49.6,34.9,2,20.799999237060547,100.0,1.0,90,2.0,44.736671447753906
C1,492,0.7099740683928027,28.299999999999997,21.2,2,6.199999809265137,58.0,1.0,50,2.0,41.908668518066406
C1,493,0.6425,49.4,36.7,1,26.0,98.0,1.0,30,2.0,42.21186828613281
C1,494,0.68408599246701,43.9,33.9,1,16.799999237060547,60.0,1.0,30,2.0,39.72711944580078
C1,495,0.21744313555981748,68.7,44.5,1,14.0,41.0,1.0,50,1.0,39.836273193359375
C1,496,0.33067500000000005,64.3,42.7,1,27.200000762939453,80.0,1.0,30,2.0,38.70176315307617
C1,497,0.3287358875812962,55.300000000000004,41.5,1,13.199999809265137,45.0,1.0,30,1.0,40.02105712890625
C1,498,0.7865652953567194,32.5,25.0,1,16.0,84.0,1.0,30,3.0,39.07929992675781
C1,499,0.13529192144922156,55.1,42.1,1,16.799999237060547,49.0,1.0,90,1.0,39.71424865722656
C1,500,0.7120622727927595,32.4,25.7,1,15.600000381469727,81.0,1.0,50,3.0,37.69521713256836
C1,501,0.019899999999999994,174.4,88.6,2,97.19999694824219,207.0,1.0,90,1.0,60.3504638671875
C1,502,-0.044175000000000006,69.7,36.2,11,38.727272033691406,366.0,1.0,30,2.0,91.8102798461914
C1,503,0.6195153368090778,32.9,22.5,11,12.872727394104004,170.0,1.0,70,2.0,118.41950225830078
C1,504,0.7916666666666666,34.0,24.6,11,23.490909576416016,250.0,1.0,30,2.0,123.45169830322266
C1,505,0.7635026740597204,32.2,21.6,11,7.818181991577148,130.0,1.0,30,2.0,110.73768615722656
C1,506,0.6168737116231987,34.0,24.1,11,15.199999809265137,151.0,1.0,70,1.0,111.9092788696289
C1,507,0.7559329208053366,33.8,23.7,9,14.981818199157715,180.0,1.0,30,2.0,107.94556427001953
C1,508,0.7424166666666667,38.5,25.8,10,35.511112213134766,330.0,1.0,30,3.0,111.56733703613281
C1,509,0.7980833333333334,33.300000000000004,23.8,10,25.760000228881836,291.0,1.0,30,3.0,106.5404052734375
C1,510,0.7964361185631759,28.0,19.400000000000002,10,6.320000171661377,144.0,1.0,30,3.0,97.92424011230469
C1,511,0.7960346762883169,27.2,18.9,10,4.320000171661377,111.0,1.0,30,3.0,83.02120971679688
C1,512,0.7961973956750515,28.8,20.299999999999997,10,8.239999771118164,162.0,1.0,30,3.0,68.34606170654297
C1,513,0.6777281089300076,31.8,21.1,10,6.159999847412109,118.0,1.0,50,2.0,61.00763702392578
C1,514,0.6731222478696052,32.2,21.4,9,7.880000114440918,128.0,1.0,50,2.0,60.20458221435547
C1,515,0.3190892857879886,39.300000000000004,25.6,3,12.300000190734863,110.0,1.0,70,2.0,59.856082916259766
C1,516,0.6390833333333334,48.9,32.7,5,39.79999923706055,216.0,1.0,30,3.0,61.38031768798828
C1,517,0.6894999999999999,43.4,28.5,7,37.84000015258789,246.0,1.0,30,3.0,64.69485473632812
C1,518,0.5692428517774917,33.099999999999994,23.400000000000002,7,10.0,124.0,1.0,90,2.0,67.61691284179688
C1,519,0.6327220629912947,38.5,25.7,7,30.114286422729492,264.0,1.0,70,3.0,71.50347900390625
C1,520,0.6222138135991376,38.5,25.6,7,27.600000381469727,240.0,1.0,70,3.0,73.56875610351562
C1,521,-0.36137497164735904,41.8,26.200000000000003,31,70.80000305175781,972.0,1.0,30,3.0,109.74125671386719
C1,522,0.8165808333517469,28.8,20.1,31,54.554840087890625,1629.0,1.0,70,3.0,192.11141967773438
C1,523,-0.15984104047184514,23.5,18.8,56,6.97857141494751,353.0,1.0,30,1.0,277.93353271484375
C1,524,0.8485561428215779,22.9,18.599999999999998,56,7.764285564422607,402.0,1.0,30,1.0,339.8267822265625
C1,525,0.6627679237161034,22.1,18.3,56,2.892857074737549,172.0,1.0,90,2.0,316.0293884277344
C1,526,0.6524355314599711,23.2,18.8,56,2.5928571224212646,123.0,1.0,90,1.0,271.0843200683594
C1,527,0.6835459325838867,22.700000000000003,18.599999999999998,56,1.514285683631897,82.0,1.0,70,1.0,201.45057678222656
C1,528,-1.0529708549857475,29.0,19.900000000000002,14,2.095238208770752,62.0,1.0,70,1.0,156.47035217285156
C1,529,0.24656670734927025,32.599999999999994,22.5,5,7.371428489685059,142.0,1.0,70,2.0,122.54887390136719
C1,530,0.1617151741774956,81.9,42.5,3,86.80000305175781,258.0,1.0,50,3.0,102.72932434082031
C1,531,0.3598,50.8,35.5,4,40.29999923706055,198.0,1.0,50,2.0,95.77092742919922
C1,532,0.33101056943311324,50.2,34.6,6,65.33333587646484,336.0,1.0,50,3.0,97.06256103515625
C1,533,0.49014704800475967,44.1,29.6,6,22.799999237060547,144.0,1.0,90,1.0,105.57086944580078
C1,534,0.7096583772680133,40.099999999999994,27.7,6,33.400001525878906,252.0,1.0,50,3.0,108.67585754394531
C1,535,0.5888937115311143,45.400000000000006,30.4,6,14.666666984558105,101.0,1.0,50,1.0,109.07218170166016
C1,536,0.6635872925253417,44.6,29.9,8,62.400001525878906,393.0,1.0,50,3.0,107.5766372680664
C1,537,0.7323333333333333,39.6,27.099999999999998,9,54.25,456.0,1.0,50,3.0,115.74598693847656
C1,538,0.7345337454068956,38.3,25.6,9,36.44444274902344,330.0,1.0,50,3.0,121.84758758544922
C1,539,0.5674531938874516,38.6,25.8,9,12.933333396911621,114.0,1.0,70,1.0,123.24188995361328
C1,540,0.7029681103695568,32.0,21.5,9,12.622221946716309,186.0,1.0,50,3.0,112.0784683227539
C1,541,0.5771667294496053,38.0,25.4,9,34.266666412353516,317.0,1.0,90,1.0,132.98040771484375
C1,542,0.563262144852568,38.6,25.7,9,31.55555534362793,288.0,1.0,90,2.0,149.52157592773438
C1,543,0.4109022574079136,33.7,24.0,5,15.085714340209961,154.0,1.0,90,2.0,161.4462890625
C1,544,0.2237704882770929,46.9,30.700000000000003,13,72.75,474.0,1.0,30,3.0,147.40110778808594
C1,545,0.7925414707864522,29.5,20.5,13,9.015384674072266,189.0,1.0,30,3.0,128.1739959716797
C1,546,0.752479758758684,31.8,20.9,13,3.9692306518554688,74.0,1.0,30,1.0,116.23773193359375
C1,547,0.788526875019101,32.099999999999994,21.6,13,15.353846549987793,243.0,1.0,30,3.0,98.8093032836914
C1,548,0.7456371467794678,22.599999999999998,18.3,13,2.0,76.0,1.0,50,2.0,85.01891326904297
C1,549,0.7922854485282782,28.7,19.900000000000002,13,6.92307710647583,165.0,1.0,30,3.0,74.21134948730469
C1,550,0.3601806996888808,32.9,22.599999999999998,7,5.942857265472412,68.0,1.0,70,1.0,65.99347686767578
C1,551,0.48391054056921934,41.0,27.599999999999998,12,51.88571548461914,372.0,1.0,30,3.0,72.5294189453125
C1,552,0.7793333333333333,33.6,23.5,14,35.20000076293945,423.0,1.0,30,3.0,87.91764831542969
C1,553,0.8017500000000001,32.9,22.8,14,28.600000381469727,390.0,1.0,30,2.0,114.08392333984375
C1,554,0.5104535155247713,32.599999999999994,22.3,21,42.023529052734375,630.0,1.0,30,3.0,141.25035095214844
C1,555,0.7915735328650595,32.300000000000004,21.4,21,17.27618980407715,346.0,1.0,30,2.0,161.81687927246094
C1,556,0.6308552955645442,31.8,20.9,21,33.27619171142578,690.0,1.0,90,3.0,178.82345581054688
C1,557,0.6592540230685757,31.8,20.8,24,11.316666603088379,258.0,1.0,30,2.0,178.2274169921875
C1,558,0.7953995261159248,28.6,20.1,24,7.516666889190674,184.0,1.0,30,2.0,167.0697784423828
C1,559,0.6123131432550469,28.299999999999997,20.0,24,9.233333587646484,252.0,1.0,90,3.0,140.90853881835938
C1,560,0.7769156544420864,31.7,20.7,24,10.333333015441895,230.0,1.0,30,2.0,123.34512329101562
C1,561,0.791252703484737,29.8,20.5,24,9.433333396911621,206.0,1.0,30,2.0,114.27374267578125
C1,562,0.17172792868550688,34.4,24.0,9,17.02857208251953,258.0,1.0,30,2.0,114.8309097290039
C1,563,0.7595367346094901,33.300000000000004,23.5,8,11.949999809265137,140.0,1.0,30,2.0,109.16521453857422
C1,564,0.7394166666666667,39.699999999999996,27.2,8,27.700000762939453,236.0,1.0,30,2.0,107.76579284667969
C1,565,0.72525,39.5,26.9,10,37.25,314.0,1.0,30,2.0,110.65947723388672
C1,566,0.7828726532734531,32.099999999999994,21.1,10,13.359999656677246,207.0,1.0,30,3.0,112.2623519897461
C1,567,0.6803392763090921,17.8,17.3,10,0.7599999904632568,48.0,1.0,90,3.0,99.62407684326172
C1,568,0.8480868152918877,17.7,17.4,10,0.8799999952316284,54.0,1.0,30,3.0,73.50778198242188
C1,569,0.775993366866949,32.099999999999994,21.5,10,11.15999984741211,183.0,1.0,30,3.0,56.77133560180664
C1,570,0.6441069411464475,33.099999999999994,23.5,10,20.600000381469727,249.0,1.0,70,3.0,55.66279983520508
C1,571,0.730664637525919,38.5,26.200000000000003,9,40.97142791748047,345.0,1.0,30,3.0,67.93101501464844
C1,572,0.7633813479740428,32.0,21.1,11,11.92727279663086,204.0,1.0,30,3.0,76.22527313232422
C1,573,0.7873360073930536,29.6,20.400000000000002,11,7.818181991577148,156.0,1.0,30,3.0,77.06849670410156
C1,574,0.585437543421648,32.800000000000004,22.599999999999998,11,18.727272033691406,246.0,1.0,90,3.0,73.17443084716797
C1,575,0.7174535924992667,34.0,24.5,11,20.327272415161133,234.0,1.0,50,2.0,77.37132263183594
C1,576,0.8247560416763561,23.0,18.5,11,1.8909090757369995,69.0,1.0,30,3.0,76.02279663085938
C1,577,0.6651647499484474,32.9,23.0,8,16.899999618530273,234.0,1.0,30,3.0,74.68034362792969
C1,578,0.8469234084714489,18.0,17.5,8,0.6000000238418579,15.0,1.0,30,1.0,60.274871826171875
C1,579,0.7485833333333334,38.699999999999996,26.599999999999998,8,26.899999618530273,218.0,1.0,30,2.0,63.09825897216797
C1,580,0.7730596002651783,32.2,21.7,8,10.550000190734863,159.0,1.0,30,3.0,61.458953857421875
C1,581,0.7653549103189816,32.800000000000004,21.7,7,12.342857360839844,168.0,1.0,30,3.0,65.9420394897461
C1,582,0.7527796604333034,32.099999999999994,20.5,7,4.742856979370117,99.0,1.0,30,3.0,58.498558044433594
C1,583,0.5529567506586613,35.4,24.8,7,13.54285717010498,140.0,1.0,90,2.0,56.29913330078125
C1,584,0.7825868516406842,27.7,19.400000000000002,7,2.114285707473755,75.0,1.0,30,3.0,50.84614562988281
C1,585,0.41072513835885005,42.8,27.799999999999997,4,13.5,78.0,1.0,70,1.0,53.57435607910156
C1,586,0.25360890108483086,44.3,30.099999999999998,14,51.900001525878906,495.0,1.0,30,3.0,67.87794494628906
C1,587,0.76575506676719,32.9,22.700000000000003,14,10.285714149475098,143.0,1.0,30,1.0,92.19343566894531
C1,588,0.7999166666666667,33.099999999999994,22.8,14,20.85714340209961,292.0,1.0,30,2.0,115.84939575195312
C1,589,0.6808867821852053,18.3,18.1,14,1.485714316368103,78.0,1.0,90,3.0,111.50963592529297
C1,590,0.7819236728260988,28.7,20.0,14,4.22857141494751,100.0,1.0,30,2.0,96.50578308105469
C1,591,0.6253734993386153,31.7,20.8,14,11.171428680419922,210.0,1.0,70,3.0,77.37013244628906
C1,592,0.5462512098821152,18.0,17.3,10,0.5199999809265137,15.0,1.0,70,1.0,64.42208099365234
C1,593,0.573977630726698,33.4,23.5,5,14.399999618530273,174.0,1.0,30,2.0,61.58658218383789
C1,594,0.7068186650310507,18.1,17.5,5,0.800000011920929,17.0,1.0,70,1.0,52.8186149597168
C1,595,0.49850076906768814,47.0,31.3,5,15.4399995803833,96.0,1.0,70,1.0,58.35783767700195
C1,596,0.5486431011120956,45.6,31.5,8,43.14285659790039,256.0,1.0,30,2.0,67.14803314208984
C1,597,0.7526311569721659,32.5,22.4,8,5.650000095367432,67.0,1.0,30,1.0,79.08882141113281
C1,598,0.6982968982161668,33.2,23.099999999999998,8,14.100000381469727,189.0,1.0,50,3.0,81.8532943725586
C1,599,0.8473393125660467,17.9,17.3,8,0.699999988079071,26.0,1.0,30,2.0,68.17864227294922
C1,600,0.6802950677056079,17.6,17.2,8,0.699999988079071,36.0,1.0,90,3.0,52.64051818847656
C1,601,0.6400827718369947,33.6,23.900000000000002,8,20.75,237.0,1.0,70,3.0,45.45097732543945
C1,602,0.8077400032071635,23.099999999999998,18.8,6,1.8666666746139526,54.0,1.0,30,2.0,43.00392150878906
C1,603,0.6972500000000001,44.3,29.7,6,26.733333587646484,198.0,1.0,30,2.0,53.135684967041016
C1,604,0.8513356630577857,18.700000000000003,18.2,6,1.6666666269302368,42.0,1.0,30,2.0,51.48141098022461
C1,605,0.7731957334368229,32.300000000000004,21.4,6,10.866666793823242,138.0,1.0,30,3.0,53.022178649902344
C1,606,0.8278535655856879,22.8,18.4,6,2.200000047683716,63.0,1.0,30,3.0,43.5466423034668
C1,607,0.7705185914551261,32.2,21.5,6,9.800000190734863,147.0,1.0,30,3.0,41.59465026855469
C1,608,0.7649276530012397,32.300000000000004,21.6,6,8.466666221618652,120.0,1.0,30,3.0,39.62345886230469
C1,609,-0.08479616067361688,103.0,48.5,3,109.4000015258789,276.0,1.0,50,1.0,72.44074249267578
C1,610,-0.0019668251882877068,47.199999999999996,30.0,19,48.70000076293945,558.0,1.0,30,3.0,110.39778137207031
C1,611,0.7741266248885668,32.4,21.7,19,11.431578636169434,206.0,1.0,30,1.0,155.30532836914062
C1,612,0.81,32.0,21.4,19,21.157894134521484,375.0,1.0,30,3.0,162.1165313720703
C1,613,0.808590130404304,27.900000000000002,19.7,19,9.410526275634766,237.0,1.0,30,3.0,151.93658447265625
C1,614,0.7857878669157063,31.9,21.2,19,13.72631549835205,276.0,1.0,30,3.0,130.6286163330078
C1,615,0.5755394873581027,31.8,20.8,19,4.800000190734863,90.0,1.0,90,1.0,113.17716979980469
C1,616,0.584002940794511,32.099999999999994,21.3,14,13.742856979370117,240.0,1.0,30,3.0,102.83963775634766
C1,617,0.7875534668258484,32.800000000000004,22.5,14,17.514286041259766,270.0,1.0,30,3.0,96.37044525146484
C1,618,0.6477547725551174,17.7,17.4,9,0.800000011920929,42.0,1.0,30,3.0,82.35560607910156
C1,619,0.5917073569649182,32.5,21.7,8,4.222222328186035,63.0,1.0,70,1.0,71.6800308227539
C1,620,0.8475470985856146,17.7,17.2,8,0.75,36.0,1.0,30,3.0,54.87468338012695
C1,621,0.8373254553980695,21.9,18.3,8,2.5,75.0,1.0,30,3.0,46.25814437866211
C1,622,0.7099706292349348,17.6,17.8,8,2.299999952316284,75.0,1.0,70,3.0,36.02155303955078
C1,623,0.5931666666666667,38.199999999999996,25.4,12,38.83333206176758,408.0,1.0,30,3.0,46.412933349609375
C1,624,0.8473393125660467,17.8,17.3,12,0.699999988079071,51.0,1.0,30,3.0,51.581092834472656
C1,625,0.8466458959267463,17.7,17.2,12,0.5333333611488342,27.0,1.0,30,3.0,52.54865646362305
C1,626,0.7953333333333333,33.6,23.599999999999998,12,27.233333587646484,333.0,1.0,30,3.0,49.795860290527344
C1,627,0.7880591889204646,27.7,19.400000000000002,12,3.4666666984558105,98.0,1.0,30,2.0,52.410850524902344
C1,628,0.8466458959267463,17.8,17.4,12,0.5333333611488342,14.0,1.0,30,2.0,53.71317672729492
C1,629,0.7065476348647703,17.8,17.2,12,0.6666666865348816,24.0,1.0,70,2.0,41.29457092285156
C1,630,0.846784676191858,17.7,17.2,12,0.5666666626930237,24.0,1.0,30,2.0,28.910076141357422
C1,631,0.7764040707193965,33.0,22.9,12,13.966666221618652,186.0,1.0,30,2.0,32.946044921875
C1,632,0.5355296554094875,33.0,22.8,6,13.666666984558105,165.0,1.0,30,3.0,41.10095977783203
C1,633,0.7763489212789323,33.099999999999994,23.3,6,14.266666412353516,162.0,1.0,30,3.0,51.593910217285156
C1,634,0.7899104896261392,28.299999999999997,20.0,6,5.333333492279053,99.0,1.0,30,3.0,49.889678955078125
C1,635,0.7951176785587492,27.900000000000002,19.900000000000002,6,5.733333110809326,105.0,1.0,30,3.0,46.20047378540039
C1,636,0.7847479678027972,33.6,24.2,6,19.600000381469727,195.0,1.0,30,3.0,45.453617095947266
C1,637,0.6906013366516448,38.199999999999996,26.0,4,7.300000190734863,59.0,1.0,30,1.0,48.472171783447266
C1,638,0.7667944123276487,34.6,24.1,4,15.800000190734863,144.0,1.0,30,3.0,52.01663589477539
C1,639,0.6160535376162938,48.9,32.4,4,29.399999618530273,170.0,1.0,50,2.0,56.80998229980469
C1,640,0.5644778963390434,43.9,29.0,7,43.040000915527344,261.0,1.0,30,3.0,63.4193229675293
C1,641,0.7796977547799013,32.300000000000004,21.9,7,12.914285659790039,165.0,1.0,30,3.0,68.3182601928711
C1,642,0.764083948181493,17.5,17.1,7,0.5714285969734192,17.0,1.0,50,1.0,62.190956115722656
C1,643,0.6060059060588324,31.6,20.0,7,3.3714284896850586,68.0,1.0,70,2.0,51.447906494140625
C1,644,0.6733931214814131,31.7,19.8,7,4.857142925262451,93.0,1.0,50,3.0,41.80207824707031
C1,645,0.847517421777062,17.5,17.1,7,0.7428571581840515,24.0,1.0,30,3.0,34.814579010009766
C1,646,0.6516095659005858,17.6,17.3,2,1.7333333492279053,48.0,1.0,30,3.0,28.222082138061523
C1,647,0.701325018440201,17.7,17.3,1,2.0,17.0,1.0,70,1.0,22.39991569519043
C1,648,-0.5716708072376363,199.7,86.0,8,195.8000030517578,927.0,1.0,30,3.0,59.039947509765625
C1,649,0.4082517207480402,27.900000000000002,19.0,13,1.2000000476837158,39.0,1.0,90,1.0,84.09063720703125
C1,650,0.5805225147300879,33.099999999999994,23.0,13,17.538461685180664,226.0,1.0,90,2.0,111.92105102539062
C1,651,0.828301206891719,22.4,18.2,13,1.4153846502304077,69.0,1.0,30,3.0,90.4859619140625
C1,652,0.8469874223501775,17.8,17.2,13,0.6153846383094788,33.0,1.0,30,3.0,73.8915786743164
C1,653,0.6473712870149946,17.7,17.4,8,0.7076923251152039,30.0,1.0,30,3.0,50.20161437988281
C1,654,0.8335538096398316,22.4,18.1,8,2.700000047683716,87.0,1.0,30,3.0,36.787635803222656
C1,655,0.7799578675191388,32.9,23.0,8,14.899999618530273,189.0,1.0,30,3.0,35.67258071899414
C1,656,0.4091547635924962,33.5,23.7,4,12.699999809265137,102.0,1.0,90,2.0,40.47021484375
C1,657,0.835366862434518,23.2,18.700000000000003,4,5.0,84.0,1.0,30,3.0,43.21546173095703
C1,658,0.8489984091575853,18.0,17.3,4,1.100000023841858,33.0,1.0,30,3.0,37.92927932739258
C1,659,0.8498251368493962,17.6,17.2,4,1.2999999523162842,39.0,1.0,30,3.0,29.690898895263672
C1,660,0.6645177143633456,17.9,17.4,2,1.0,30.0,1.0,90,3.0,22.34787368774414
C1,661,-0.04773365384175223,79.0,40.0,7,74.80000305175781,309.0,1.0,30,3.0,30.208723068237305
C1,662,0.8482290298506394,17.8,17.3,7,0.9142857193946838,45.0,1.0,30,3.0,35.19190216064453
C1,663,0.8479919757253314,18.2,17.5,7,0.8571428656578064,26.0,1.0,30,2.0,38.58180618286133
C1,664,0.8482290298506394,17.8,17.4,7,0.9142857193946838,30.0,1.0,30,3.0,28.21575164794922
C1,665,0.7071693110329063,17.8,17.3,7,0.9714285731315613,33.0,1.0,70,3.0,21.462783813476562
C1,666,0.6527371371817624,23.099999999999998,18.599999999999998,7,1.8285714387893677,63.0,1.0,90,3.0,18.477670669555664
C1,667,0.6300719235523432,17.8,17.5,1,6.400000095367432,51.0,1.0,30,3.0,17.619935989379883
C1,668,0.7710036769368389,17.7,17.4,1,2.4000000953674316,20.0,1.0,50,2.0,16.971961975097656
C1,669,0.8543353991895412,18.0,17.5,1,2.4000000953674316,18.0,1.0,30,2.0,14.983177185058594
C1,670,0.8575724027518892,17.8,17.4,1,3.200000047683716,26.0,1.0,30,2.0,13.256572723388672
C1,671,0.766163325294095,32.599999999999994,26.3,1,9.600000381469727,48.0,1.0,30,2.0,14.08727741241455
C1,672,0.852702823555001,17.4,17.2,1,2.0,18.0,1.0,30,2.0,14.585699081420898
C1,673,0.716611388886358,17.6,17.3,1,5.199999809265137,42.0,1.0,70,3.0,15.018086433410645
C1,674,0.8543353991895412,18.2,17.5,1,2.4000000953674316,18.0,1.0,30,2.0,13.277518272399902
C1,675,0.8591758329899635,17.5,17.2,1,3.5999999046325684,24.0,1.0,30,2.0,12.633177757263184
C1,676,0.7506056324860486,32.7,26.0,1,5.599999904632568,28.0,1.0,30,1.0,14.113240242004395
C1,677,0.8543353991895412,17.6,17.3,1,2.4000000953674316,22.0,1.0,30,2.0,15.2679443359375
C1,678,0.8575724027518892,17.7,17.3,1,3.200000047683716,24.0,1.0,30,2.0,15.960766792297363
C1,679,0.8543353991895412,17.9,17.3,1,2.4000000953674316,18.0,1.0,30,2.0,13.84312629699707
C1,680,0.8510615300280377,17.6,17.3,1,1.600000023841858,12.0,1.0,30,2.0,11.905876159667969
C1,681,0.7679480189220103,17.7,17.2,1,1.600000023841858,18.0,1.0,50,1.0,11.543525695800781
C1,682,0.852702823555001,18.0,17.2,1,2.0,18.0,1.0,30,3.0,10.926115036010742
C1,683,0.8639198485148963,17.4,17.1,1,4.800000190734863,39.0,1.0,30,3.0,11.489002227783203
C1,684,0.43181866503105076,50.0,17.3,1,0.800000011920929,8.0,1.0,70,1.0,10.493401527404785
C1,685,0.8639198485148963,17.6,17.2,1,4.800000190734863,39.0,1.0,30,3.0,10.829374313354492
C1,686,0.8670222991527153,17.9,17.5,1,5.599999904632568,48.0,1.0,30,3.0,11.430957794189453
C1,687,0.8607685509003341,17.7,17.5,1,4.0,30.0,1.0,30,3.0,12.058574676513672
C1,688,0.8607685509003341,17.9,17.5,1,4.0,33.0,1.0,30,3.0,12.168478012084961
C1,689,0.8670222991527153,18.0,17.5,1,5.599999904632568,36.0,1.0,30,3.0,11.70108699798584
C1,690,0.8559587577917702,18.1,17.5,1,2.799999952316284,21.0,1.0,30,3.0,11.020651817321777
C1,691,0.7787275542479629,32.5,25.8,1,13.199999809265137,66.0,1.0,30,3.0,12.079057693481445
C1,692,0.8575724027518892,18.0,17.3,1,3.200000047683716,27.0,1.0,30,3.0,12.314101219177246
C1,693,0.8559587577917702,17.8,17.3,1,2.799999952316284,24.0,1.0,30,3.0,12.588460922241211
C1,694,0.8607685509003341,17.4,17.2,1,4.0,33.0,1.0,30,3.0,11.286409378051758
C1,695,0.852702823555001,17.6,17.3,1,2.0,12.0,1.0,30,2.0,10.105178833007812
C1,696,0.8639198485148963,17.9,17.5,1,4.800000190734863,39.0,1.0,30,3.0,10.06310749053955
C1,697,0.8591758329899635,18.3,17.6,1,3.5999999046325684,26.0,1.0,30,2.0,10.30453109741211
C1,698,0.8510615300280377,18.2,17.5,1,1.600000023841858,12.0,1.0,30,2.0,10.449385643005371
C1,699,0.8559587577917702,17.8,17.4,1,2.799999952316284,16.0,1.0,30,2.0,9.869630813598633
C1,700,0.7084760865278696,17.7,17.2,1,1.600000023841858,13.0,1.0,70,1.0,9.52177906036377
C1,701,0.7707233602527783,32.4,26.200000000000003,1,10.399999618530273,50.0,1.0,30,2.0,11.846400260925293
C1,702,0.852702823555001,17.6,17.2,1,2.0,14.0,1.0,30,2.0,13.107840538024902
C1,703,0.8575724027518892,17.7,17.3,1,3.200000047683716,22.0,1.0,30,2.0,13.598037719726562
C1,704,0.8543353991895412,17.3,17.0,1,2.4000000953674316,20.0,1.0,30,2.0,11.892155647277832
C1,705,0.6822774582840988,17.5,17.2,1,3.200000047683716,26.0,1.0,90,2.0,11.66862678527832
C1,706,0.6790471449624853,32.300000000000004,26.4,1,7.599999904632568,40.0,1.0,50,2.0,12.734509468078613
C1,707,0.852702823555001,17.6,17.5,1,2.0,20.0,1.0,30,2.0,13.374038696289062
C1,708,0.8559587577917702,17.6,17.3,1,2.799999952316284,21.0,1.0,30,3.0,12.957756996154785
C1,709,0.6822774582840988,17.5,17.2,1,3.200000047683716,24.0,1.0,90,2.0,11.641321182250977
C1,710,0.8543353991895412,17.9,17.2,1,2.4000000953674316,15.0,1.0,30,3.0,10.184792518615723
C1,711,0.8700719235523432,17.5,17.2,1,6.400000095367432,54.0,1.0,30,3.0,10.777542114257812
C1,712,0.8623500559002011,17.6,17.2,1,4.400000095367432,39.0,1.0,30,3.0,11.266525268554688
C1,713,0.8543353991895412,17.7,17.3,1,2.4000000953674316,21.0,1.0,30,3.0,11.826581954956055
C1,714,0.6809751861440221,17.5,17.2,1,1.600000023841858,12.0,1.0,90,2.0,10.562615394592285
C1,715,0.709325018440201,17.8,17.2,1,2.0,13.0,1.0,70,1.0,9.80423641204834
C1,716,0.8654774278277694,17.4,17.2,1,5.199999809265137,45.0,1.0,30,3.0,10.415875434875488
C1,717,0.852702823555001,17.5,17.2,1,2.0,16.0,1.0,30,2.0,11.049525260925293
C1,718,0.7679480189220103,18.2,17.7,1,1.600000023841858,10.0,1.0,50,1.0,11.029714584350586
C1,719,0.6812893625812153,17.8,17.3,1,2.0,12.0,1.0,90,2.0,9.817829132080078
C1,720,0.852702823555001,17.5,17.2,1,2.0,14.0,1.0,30,2.0,8.957364082336426
C1,721,0.2959256730930612,69.7,43.5,1,15.600000381469727,47.0,1.0,30,1.0,13.374418258666992
C1,722,0.852702823555001,17.5,17.2,1,2.0,20.0,1.0,30,2.0,16.557985305786133
C1,723,0.7670799919607617,32.5,26.0,1,9.600000381469727,48.0,1.0,30,2.0,20.734790802001953
C1,724,0.4326406626870005,50.0,17.2,1,1.2000000476837158,6.0,1.0,70,1.0,17.774208068847656
C1,725,0.8607685509003341,17.7,17.2,1,4.0,28.0,1.0,30,2.0,16.531190872192383
C1,726,0.8559587577917702,17.4,17.1,1,2.799999952316284,24.0,1.0,30,2.0,14.185381889343262
C1,727,0.8591758329899635,17.7,17.2,1,3.5999999046325684,28.0,1.0,30,2.0,13.844562530517578
C1,728,0.5727547725551173,50.0,17.5,1,0.800000011920929,5.0,1.0,30,1.0,12.440071105957031
C1,729,0.8543353991895412,17.4,17.1,1,2.4000000953674316,14.0,1.0,30,2.0,10.930708885192871
C1,730,0.852702823555001,17.5,17.2,1,2.0,18.0,1.0,30,2.0,9.35842514038086
C1,731,0.8575724027518892,17.6,17.3,1,3.200000047683716,26.0,1.0,30,2.0,9.481721878051758
C1,732,0.8510615300280377,17.5,17.2,1,1.600000023841858,14.0,1.0,30,2.0,9.555699348449707
C1,733,0.6822774582840988,17.4,17.2,1,3.200000047683716,20.0,1.0,90,2.0,9.733419418334961
C1,734,0.8510615300280377,17.7,17.2,1,1.600000023841858,14.0,1.0,30,2.0,9.040051460266113
C1,735,0.8543353991895412,17.7,17.2,1,2.4000000953674316,15.0,1.0,30,3.0,8.357364654541016
C1,736,0.8685539631541367,17.5,17.2,1,6.0,54.0,1.0,30,3.0,9.014418601989746
C1,737,0.8670222991527153,17.5,17.2,1,5.599999904632568,42.0,1.0,30,3.0,10.341984748840332
C1,738,-0.18126884330242998,120.89999999999999,62.4,4,115.19999694824219,219.0,1.0,30,3.0,20.205190658569336
C1,739,0.6803688375515679,17.8,17.3,4,0.800000011920929,22.0,1.0,90,2.0,25.189781188964844
C1,740,0.7476666666666667,38.800000000000004,26.8,4,20.899999618530273,171.0,1.0,30,3.0,33.91386795043945
C1,741,0.7692327963178072,34.1,24.0,4,15.0,147.0,1.0,30,3.0,35.94832229614258
C1,742,0.8498251368493962,17.8,17.2,4,1.2999999523162842,36.0,1.0,30,3.0,37.30232620239258
C1,743,0.48156287123830566,50.0,17.2,3,0.699999988079071,6.0,1.0,50,1.0,31.314729690551758
C1,744,0.740125539731027,32.4,20.5,3,2.2666666507720947,29.0,1.0,30,1.0,25.055503845214844
C1,745,0.7184158220257149,38.3,25.9,3,10.933333396911621,84.0,1.0,30,2.0,25.299968719482422
C1,746,0.18925020454341984,66.60000000000001,37.900000000000006,6,42.47999954223633,220.0,1.0,30,2.0,39.313316345214844
C1,747,0.8390422831418664,17.5,17.2,7,0.6285714507102966,12.0,1.0,30,2.0,44.65465545654297
C1,748,0.8470422831418664,17.9,17.1,7,0.6285714507102966,16.0,1.0,30,2.0,43.32612609863281
C1,749,0.847517421777062,18.5,17.2,7,0.7428571581840515,18.0,1.0,30,1.0,30.26234245300293
C1,750,0.8472799248274688,18.0,17.2,7,0.6857143044471741,18.0,1.0,30,2.0,22.824071884155273
C1,751,0.8482290298506394,17.6,17.2,7,0.9142857193946838,34.0,1.0,30,2.0,19.56110954284668
C1,752,-0.08044354336296425,118.5,56.300000000000004,1,74.80000305175781,213.0,1.0,90,3.0,24.670000076293945
C1,753,0.7269234084714489,18.0,17.4,4,0.6000000238418579,20.0,1.0,30,2.0,27.86866569519043
C1,754,0.7764187325228745,28.5,19.5,4,2.4000000953674316,44.0,1.0,30,2.0,30.454532623291016
C1,755,0.8494120147012152,17.7,17.3,4,1.2000000476837158,36.0,1.0,30,2.0,24.93938636779785
C1,756,0.8485843284339895,17.6,17.3,4,1.0,32.0,1.0,30,2.0,22.4302978515625
C1,757,0.6514166666666666,49.3,35.0,4,40.5,198.0,1.0,50,2.0,31.191513061523438
C1,758,0.6803333333333332,44.4,30.0,6,28.53333282470703,196.0,1.0,30,2.0,47.114906311035156
C1,759,0.6809235441242999,17.8,17.3,6,1.5333333015441895,54.0,1.0,90,3.0,56.935611724853516
C1,760,0.8480314951353773,17.6,17.2,6,0.8666666746139526,22.0,1.0,30,2.0,51.09469985961914
C1,761,0.8265856630577857,22.700000000000003,18.2,6,1.6666666269302368,40.0,1.0,30,2.0,37.190155029296875
C1,762,0.8474778490641534,17.9,17.1,6,0.7333333492279053,14.0,1.0,30,2.0,27.38075828552246
C1,763,0.6874778490641533,17.6,17.3,2,0.7333333492279053,24.0,1.0,30,2.0,21.628456115722656
C1,764,0.6736110464429402,18.4,17.4,1,2.4000000953674316,16.0,1.0,90,2.0,16.57707405090332
C1,765,0.6826224492010974,18.4,17.3,1,3.5999999046325684,27.0,1.0,90,3.0,13.812910079956055
C1,766,-0.41901995072310555,266.5,132.8,4,90.19999694824219,380.0,1.0,50,2.0,35.88774490356445
C1,767,0.4663890741652394,26.8,18.8,12,1.0333333015441895,46.0,1.0,30,2.0,51.13264846801758
C1,768,0.846368191461169,17.8,17.4,12,0.46666666865348816,12.0,1.0,30,2.0,59.87958908081055
C1,769,0.7777052391311355,32.9,22.9,12,14.100000381469727,182.0,1.0,30,2.0,51.92775344848633
C1,770,0.5712292680775939,50.0,17.4,12,0.4333333373069763,3.0,1.0,30,3.0,44.22332000732422
C1,771,0.8473393125660467,18.0,17.4,12,0.699999988079071,34.0,1.0,30,2.0,41.067325592041016
C1,772,0.5238183924045019,18.0,17.5,6,0.5,20.0,1.0,50,2.0,28.373727798461914
C1,773,0.8466458959267463,17.9,17.6,6,0.5333333611488342,10.0,1.0,30,2.0,21.290903091430664
C1,774,0.846368191461169,18.3,17.7,6,0.46666666865348816,10.0,1.0,30,2.0,15.441208839416504
C1,775,0.48161104644294017,18.0,17.5,1,2.4000000953674316,15.0,1.0,90,3.0,11.264725685119629
C1,776,0.8575724027518892,17.9,17.5,1,3.200000047683716,30.0,1.0,30,2.0,10.092168807983398
C1,777,0.852702823555001,17.5,17.3,1,2.0,14.0,1.0,30,2.0,9.655301094055176
C1,778,0.8559587577917702,17.7,17.3,1,2.799999952316284,22.0,1.0,30,2.0,10.193181037902832
C1,779,0.5727547725551173,50.0,17.5,1,0.800000011920929,6.0,1.0,30,2.0,8.915908813476562
C1,780,0.709325018440201,17.7,17.3,1,2.0,18.0,1.0,70,3.0,8.01621150970459
C1,781,0.25585,88.6,46.4,2,28.399999618530273,114.0,1.0,30,2.0,13.609726905822754
C1,782,0.4906849398620173,50.0,17.3,2,1.0,9.0,1.0,50,1.0,17.765836715698242
C1,783,0.8518832352792386,17.9,17.2,2,1.7999999523162842,26.0,1.0,30,2.0,21.192834854125977
C1,784,0.8502377688575918,17.9,17.2,2,1.399999976158142,16.0,1.0,30,2.0,16.715700149536133
C1,785,0.8502377688575918,17.7,17.1,2,1.399999976158142,20.0,1.0,30,2.0,14.16275405883789
C1,786,0.8430615300280377,18.0,17.3,1,1.600000023841858,34.0,1.0,30,2.0,13.164319038391113
C1,787,0.40566838741470695,50.0,17.7,1,1.2000000476837158,6.0,1.0,90,1.0,12.298591613769531
C1,788,0.8494120147012152,17.9,17.7,1,1.2000000476837158,10.0,1.0,30,2.0,11.11248779296875
C1,789,0.8543353991895412,17.9,17.4,1,2.4000000953674316,16.0,1.0,30,2.0,9.200826644897461
C1,790,0.8575724027518892,18.0,17.4,1,3.200000047683716,28.0,1.0,30,2.0,9.120495796203613
C1,791,0.7560756855237147,32.599999999999994,26.1,1,6.800000190734863,40.0,1.0,30,2.0,11.072297096252441
C1,792,0.852702823555001,18.2,17.5,1,2.0,14.0,1.0,30,2.0,12.110045433044434
C1,793,0.8575724027518892,18.1,17.5,1,3.200000047683716,28.0,1.0,30,2.0,12.732693672180176
C1,794,0.8510615300280377,19.3,17.7,1,1.600000023841858,14.0,1.0,30,2.0,11.372949600219727
C1,795,0.852702823555001,18.0,17.6,1,2.0,16.0,1.0,30,2.0,10.690436363220215
C1,796,0.6804746676127758,44.4,33.9,1,17.200000762939453,64.0,1.0,30,2.0,12.680928230285645
C1,797,0.7101875370135838,18.0,17.4,1,2.4000000953674316,18.0,1.0,70,3.0,13.741890907287598
C1,798,0.8510615300280377,18.0,17.4,1,1.600000023841858,10.0,1.0,30,2.0,13.97846794128418
C1,799,0.8575724027518892,18.1,17.5,1,3.200000047683716,30.0,1.0,30,2.0,11.853747367858887
C1,800,0.5727547725551173,50.0,17.5,1,0.800000011920929,8.0,1.0,30,2.0,10.312248229980469
C1,801,0.8623500559002011,18.0,17.5,1,4.400000095367432,38.0,1.0,30,2.0,11.254015922546387
C1,802,0.8559587577917702,17.9,17.6,1,2.799999952316284,24.0,1.0,30,2.0,11.419075965881348
C1,803,0.8510615300280377,18.1,17.7,1,1.600000023841858,14.0,1.0,30,2.0,11.918112754821777
C1,804,0.43181866503105076,50.0,17.5,1,0.800000011920929,5.0,1.0,70,1.0,10.35086727142334
C1,805,0.8591758329899635,18.3,17.6,1,3.5999999046325684,28.0,1.0,30,2.0,9.677186965942383
C1,806,0.8623500559002011,17.8,17.5,1,4.400000095367432,38.0,1.0,30,2.0,10.872979164123535
C1,807,0.852702823555001,18.1,17.7,1,2.0,14.0,1.0,30,2.0,11.857120513916016
C1,808,0.8575724027518892,18.700000000000003,17.7,1,3.200000047683716,28.0,1.0,30,2.0,12.447606086730957
C1,809,0.8510615300280377,17.8,17.6,1,1.600000023841858,12.0,1.0,30,2.0,11.068563461303711
C1,810,0.8494120147012152,18.1,17.6,1,1.2000000476837158,12.0,1.0,30,2.0,10.107804298400879
C1,811,0.6838986286900527,43.7,33.5,1,16.0,60.0,1.0,30,2.0,11.664682388305664
C1,812,0.8559587577917702,18.0,17.6,1,2.799999952316284,20.0,1.0,30,2.0,13.132143020629883
C1,813,0.8510615300280377,17.8,17.4,1,1.600000023841858,16.0,1.0,30,2.0,14.279285430908203
C1,814,0.8591758329899635,17.9,17.5,1,3.5999999046325684,30.0,1.0,30,2.0,12.967571258544922
C1,815,0.8559587577917702,18.0,17.3,1,2.799999952316284,18.0,1.0,30,2.0,12.047209739685059
C1,816,0.8623500559002011,17.6,17.2,1,4.400000095367432,36.0,1.0,30,2.0,12.828325271606445
C1,817,0.7756653383512933,17.6,17.2,1,3.5999999046325684,28.0,1.0,50,2.0,13.16366195678711
C1,818,0.8477547725551174,17.5,17.2,1,0.800000011920929,10.0,1.0,30,2.0,12.831530570983887
C1,819,0.852702823555001,17.7,17.3,1,2.0,14.0,1.0,30,2.0,11.165584564208984
C1,820,0.7147064113895218,17.6,17.3,1,4.400000095367432,36.0,1.0,70,3.0,9.899351119995117
C1,821,0.6254573970235365,32.5,25.7,1,13.600000381469727,69.0,1.0,70,3.0,11.539610862731934
C1,822,0.8510615300280377,17.9,17.3,1,1.600000023841858,10.0,1.0,30,2.0,12.257100105285645
C1,823,0.8607685509003341,17.7,17.3,1,4.0,32.0,1.0,30,2.0,13.220926284790039
C1,824,0.8510615300280377,17.6,17.3,1,1.600000023841858,14.0,1.0,30,2.0,11.665888786315918
C1,825,0.8543353991895412,17.8,17.2,1,2.4000000953674316,18.0,1.0,30,2.0,11.266200065612793
C1,826,0.7725799919607618,31.9,25.0,1,9.600000381469727,52.0,1.0,30,2.0,12.359720230102539
C1,827,0.8510615300280377,17.2,17.1,1,1.600000023841858,10.0,1.0,30,2.0,12.749165534973145
C1,828,0.852702823555001,17.8,17.2,1,2.0,16.0,1.0,30,2.0,12.849499702453613
C1,829,0.8591758329899635,17.6,17.4,1,3.5999999046325684,28.0,1.0,30,2.0,11.309700012207031
C1,830,0.8510615300280377,18.3,17.4,1,1.600000023841858,12.0,1.0,30,2.0,10.519152641296387
C1,831,0.8591758329899635,17.8,17.4,1,3.5999999046325684,32.0,1.0,30,2.0,11.111492156982422
C1,832,0.7694704801128012,17.4,17.3,1,2.0,14.0,1.0,50,1.0,11.46689510345459
C1,833,0.8559587577917702,17.5,17.2,1,2.799999952316284,21.0,1.0,30,3.0,11.813470840454102
C1,834,0.8494120147012152,18.0,17.5,1,1.2000000476837158,10.0,1.0,30,2.0,10.55474853515625
C1,835,0.8559587577917702,18.5,17.3,1,2.799999952316284,24.0,1.0,30,2.0,9.532849311828613
C1,836,0.8591758329899635,17.6,17.3,1,3.5999999046325684,28.0,1.0,30,2.0,9.853042602539062
C1,837,0.8543353991895412,17.5,17.2,1,2.4000000953674316,16.0,1.0,30,2.0,10.445158958435059
C1,838,0.8510615300280377,17.7,17.2,1,1.600000023841858,15.0,1.0,30,1.0,11.20042896270752
C1,839,0.852702823555001,17.9,17.4,1,2.0,16.0,1.0,30,2.0,10.853590965270996
C1,840,0.5727547725551173,50.0,17.2,1,0.800000011920929,8.0,1.0,30,2.0,10.112154006958008
C1,841,-0.6181429182588555,216.6,117.8,8,191.8000030517578,562.0,1.0,30,2.0,45.13396072387695
C1,842,0.501569049475706,33.9,23.599999999999998,15,19.386667251586914,290.0,1.0,30,2.0,84.41371154785156
C1,843,0.8464237475143213,17.7,17.2,15,0.47999998927116394,16.0,1.0,30,2.0,108.514892578125
C1,844,0.8464237475143213,17.7,17.3,15,0.47999998927116394,22.0,1.0,30,2.0,86.97560119628906
C1,845,0.846312627827158,17.6,17.1,15,0.4533333480358124,12.0,1.0,30,2.0,55.51869583129883
C1,846,0.8469788877149015,17.7,17.2,15,0.6133333444595337,34.0,1.0,30,2.0,37.84455108642578
C1,847,0.6473393125660467,17.9,17.3,10,0.699999988079071,22.0,1.0,30,2.0,27.240062713623047
C1,848,0.12844723244420894,50.0,17.0,1,0.4000000059604645,3.0,1.0,50,1.0,20.477371215820312
C1,849,0.8494120147012152,17.6,16.9,1,1.2000000476837158,10.0,1.0,30,2.0,14.819756507873535
C1,850,0.7741013474818902,17.4,16.9,1,3.200000047683716,28.0,1.0,50,2.0,11.825186729431152
C1,851,0.8607685509003341,17.1,16.8,1,4.0,34.0,1.0,30,2.0,11.895112037658691
C1,852,0.8510615300280377,17.0,16.8,1,1.600000023841858,10.0,1.0,30,2.0,11.937067031860352
C1,853,0.8575724027518892,17.1,16.8,1,3.200000047683716,22.0,1.0,30,2.0,11.562240600585938
C1,854,0.8494120147012152,17.2,16.9,1,1.2000000476837158,10.0,1.0,30,2.0,9.737343788146973
C1,855,0.8510615300280377,17.1,16.9,1,1.600000023841858,15.0,1.0,30,3.0,8.642406463623047
C1,856,0.6852697985138302,17.3,16.9,1,6.400000095367432,57.0,1.0,90,3.0,9.05211067199707
C1,857,0.8559587577917702,17.0,16.8,1,2.799999952316284,24.0,1.0,30,3.0,9.697933197021484
C1,858,0.8559587577917702,17.0,16.8,1,2.799999952316284,24.0,1.0,30,3.0,10.485426902770996
C1,859,0.8591758329899635,17.0,17.0,1,3.5999999046325684,30.0,1.0,30,3.0,9.757922172546387
C1,860,0.8510615300280377,17.0,16.8,1,1.600000023841858,12.0,1.0,30,3.0,8.788086891174316
C1,861,0.8700719235523432,17.0,16.8,1,6.400000095367432,51.0,1.0,30,3.0,9.406185150146484
C1,862,0.852702823555001,17.1,16.9,1,2.0,18.0,1.0,30,3.0,9.243711471557617
C1,863,0.8510615300280377,17.2,17.0,1,1.600000023841858,14.0,1.0,30,2.0,9.546226501464844
C1,864,0.852702823555001,17.0,16.9,1,2.0,12.0,1.0,30,3.0,7.994402885437012
C1,865,0.852702823555001,17.2,16.9,1,2.0,14.0,1.0,30,2.0,7.196641445159912
C1,866,0.8623500559002011,17.1,16.8,1,4.400000095367432,36.0,1.0,30,2.0,8.184651374816895
C1,867,0.852702823555001,17.1,16.8,1,2.0,14.0,1.0,30,2.0,9.177457809448242
C1,868,0.8543353991895412,17.4,16.8,1,2.4000000953674316,18.0,1.0,30,2.0,10.03980827331543
C1,869,0.8510615300280377,17.5,16.9,1,1.600000023841858,12.0,1.0,30,2.0,8.957218170166016
C1,870,0.5727547725551173,50.0,16.9,1,0.800000011920929,6.0,1.0,30,2.0,7.7743306159973145
C1,871,0.7711892941135653,31.9,26.3,1,9.199999809265137,48.0,1.0,30,2.0,9.064598083496094
C1,872,0.709325018440201,17.3,16.9,1,2.0,18.0,1.0,70,3.0,9.838759422302246
C1,873,0.6816110464429402,17.1,16.8,1,2.4000000953674316,18.0,1.0,90,3.0,10.703255653381348
C1,874,0.40566838741470695,50.0,16.8,1,1.2000000476837158,8.0,1.0,90,1.0,9.08862018585205
C1,875,0.8510615300280377,17.6,16.9,1,1.600000023841858,12.0,1.0,30,2.0,8.11983871459961
C1,876,0.8559587577917702,17.4,17.0,1,2.799999952316284,26.0,1.0,30,2.0,8.471902847290039
C1,877,0.8543353991895412,17.4,17.0,1,2.4000000953674316,20.0,1.0,30,2.0,8.949808120727539
C1,878,0.8543353991895412,17.6,17.0,1,2.4000000953674316,18.0,1.0,30,2.0,9.636551856994629
C1,879,0.43181866503105076,50.0,17.2,1,0.800000011920929,5.0,1.0,70,1.0,8.98193073272705
C1,880,0.8510615300280377,17.6,17.2,1,1.600000023841858,12.0,1.0,30,2.0,8.055825233459473
C1,881,0.8543353991895412,17.2,17.0,1,2.4000000953674316,17.0,1.0,30,1.0,8.566828727722168
C1,882,0.852702823555001,17.2,16.9,1,2.0,18.0,1.0,30,3.0,9.006763458251953
C1,883,0.8623500559002011,17.3,17.0,1,4.400000095367432,36.0,1.0,30,3.0,10.070724487304688
C1,884,0.8607685509003341,17.4,17.0,1,4.0,33.0,1.0,30,3.0,9.909101486206055
C1,885,0.6963333333333332,44.4,34.8,1,29.600000381469727,99.0,1.0,30,3.0,13.412127494812012
C1,886,0.7018333333333334,43.8,34.0,1,31.600000381469727,111.0,1.0,30,3.0,18.84727668762207
C1,887,0.29764999999999997,73.4,42.2,2,28.200000762939453,126.0,1.0,30,3.0,26.24169921875
C1,888,0.44406035762801066,46.5,30.900000000000002,2,8.0,40.0,1.0,90,1.0,31.61168670654297
C1,889,0.7665536274272868,31.7,22.599999999999998,2,7.400000095367432,66.0,1.0,30,3.0,32.83367919921875
C1,890,0.8485843284339895,17.3,17.1,2,1.0,12.0,1.0,30,3.0,28.500207901000977
C1,891,0.8535202322523546,17.6,17.2,2,2.200000047683716,36.0,1.0,30,3.0,22.166790008544922
C1,892,0.8405843284339894,17.5,17.1,1,1.0,15.0,1.0,30,3.0,16.100074768066406
C1,893,0.8543353991895412,17.1,16.8,1,2.4000000953674316,18.0,1.0,30,3.0,12.72671127319336
C1,894,0.5727547725551173,50.0,16.9,1,0.800000011920929,6.0,1.0,30,2.0,9.502693176269531
C1,895,0.8510615300280377,17.2,16.8,1,1.600000023841858,12.0,1.0,30,2.0,7.701616287231445
C1,896,0.8543353991895412,17.2,16.9,1,2.4000000953674316,20.0,1.0,30,2.0,7.154303073883057
C1,897,0.8575724027518892,17.3,16.9,1,3.200000047683716,24.0,1.0,30,2.0,8.025915145874023
C1,898,0.8543353991895412,17.4,16.9,1,2.4000000953674316,18.0,1.0,30,2.0,8.948882102966309
C1,899,0.8510615300280377,16.9,16.8,1,1.600000023841858,12.0,1.0,30,2.0,8.969329833984375
C1,900,0.5727547725551173,50.0,16.9,1,0.800000011920929,8.0,1.0,30,2.0,7.914930820465088
C1,901,0.19308144606404434,103.4,60.0,2,45.20000076293945,108.0,1.0,30,2.0,13.282292366027832
C1,902,0.7827274019617649,28.6,21.1,2,4.199999809265137,40.0,1.0,30,2.0,18.369375228881836
C1,903,0.8494120147012152,18.0,17.1,2,1.2000000476837158,20.0,1.0,30,2.0,22.22162437438965
C1,904,0.5719234084714488,50.0,17.3,2,0.6000000238418579,5.0,1.0,30,1.0,17.99964141845703
C1,905,0.8477547725551174,17.8,17.1,2,0.800000011920929,10.0,1.0,30,2.0,13.466451644897461
C1,906,0.852702823555001,17.9,17.5,2,2.0,30.0,1.0,30,2.0,11.413204193115234
C1,907,0.8430615300280377,16.9,16.8,1,1.600000023841858,14.0,1.0,30,2.0,10.447922706604004
C1,908,0.8510615300280377,17.2,16.8,1,1.600000023841858,12.0,1.0,30,2.0,10.002086639404297
C1,909,0.8654774278277694,17.0,16.8,1,5.199999809265137,48.0,1.0,30,3.0,9.867918968200684
C1,910,0.8510615300280377,17.1,16.8,1,1.600000023841858,15.0,1.0,30,3.0,9.520750999450684
C1,911,0.7792530515594156,31.9,25.9,1,11.600000381469727,63.0,1.0,30,3.0,11.312450408935547
C1,912,0.852702823555001,17.7,17.0,1,2.0,15.0,1.0,30,3.0,10.920804023742676
C1,913,0.8559587577917702,16.9,16.7,1,2.799999952316284,24.0,1.0,30,3.0,11.0858154296875
C1,914,0.7147064113895218,17.1,16.8,1,4.400000095367432,36.0,1.0,70,3.0,9.984822273254395
C1,915,0.8575724027518892,17.0,16.8,1,3.200000047683716,24.0,1.0,30,3.0,9.724226951599121
C1,916,0.8623500559002011,17.4,16.8,1,4.400000095367432,39.0,1.0,30,3.0,10.234536170959473
C1,917,0.7664365153396192,17.1,16.8,1,1.2000000476837158,10.0,1.0,50,1.0,10.274055480957031
C1,918,0.8575724027518892,17.0,16.8,1,3.200000047683716,27.0,1.0,30,3.0,10.431099891662598
C1,919,0.8543353991895412,17.1,16.8,1,2.4000000953674316,21.0,1.0,30,3.0,9.725326538085938
C1,920,0.8494120147012152,17.3,16.9,1,1.2000000476837158,12.0,1.0,30,3.0,8.501862525939941
C1,921,0.8639198485148963,17.3,16.8,1,4.800000190734863,39.0,1.0,30,3.0,8.301117897033691
C1,922,0.8543353991895412,17.4,16.9,1,2.4000000953674316,18.0,1.0,30,3.0,8.047337532043457
C1,923,0.8510615300280377,17.4,16.9,1,1.600000023841858,12.0,1.0,30,3.0,7.895069122314453
C1,924,0.8510615300280377,17.0,16.8,1,1.600000023841858,10.0,1.0,30,2.0,6.737041473388672
C1,925,0.852702823555001,17.1,16.9,1,2.0,16.0,1.0,30,2.0,6.308891296386719
C1,926,0.8591758329899635,17.6,17.1,1,3.5999999046325684,26.0,1.0,30,2.0,7.252001762390137
C1,927,0.40536883755156783,50.0,17.1,1,0.800000011920929,7.0,1.0,90,1.0,8.084534645080566
C1,928,0.7710036769368389,17.3,17.0,1,2.4000000953674316,18.0,1.0,50,2.0,8.717387199401855
C1,929,0.5744120147012152,50.0,16.9,1,1.2000000476837158,9.0,1.0,30,1.0,8.563765525817871
C1,930,0.5760615300280377,50.0,17.2,1,1.600000023841858,8.0,1.0,30,2.0,8.071592330932617
C1,931,0.764688915099943,32.300000000000004,25.7,1,8.399999618530273,42.0,1.0,30,2.0,9.376289367675781
C1,932,0.8591758329899635,17.5,17.1,1,3.5999999046325684,28.0,1.0,30,2.0,10.825773239135742
C1,933,0.7652466586274284,32.7,27.0,1,9.600000381469727,46.0,1.0,30,2.0,14.22879695892334
C1,934,0.7742907046525227,32.300000000000004,25.8,1,11.199999809265137,54.0,1.0,30,2.0,17.07061195373535
C1,935,0.7810837696869022,32.5,25.8,1,14.0,69.0,1.0,30,3.0,19.97570037841797
C1,936,0.47063719207595295,43.7,33.6,1,8.800000190734863,30.0,1.0,90,1.0,22.65208625793457
C1,937,0.8543353991895412,17.3,16.9,1,2.4000000953674316,21.0,1.0,30,3.0,21.591251373291016
C1,938,0.8510615300280377,17.4,16.8,1,1.600000023841858,12.0,1.0,30,3.0,18.421417236328125
C1,939,0.8670222991527153,17.4,17.1,1,5.599999904632568,48.0,1.0,30,3.0,14.652851104736328
C1,940,0.8623500559002011,17.2,16.8,1,4.400000095367432,39.0,1.0,30,3.0,13.191710472106934
C1,941,0.7851814487072923,32.300000000000004,26.200000000000003,1,14.800000190734863,78.0,1.0,30,3.0,15.248359680175781
C1,942,0.8575724027518892,17.2,16.8,1,3.200000047683716,27.0,1.0,30,3.0,15.549015998840332
C1,943,0.8591758329899635,17.3,16.9,1,3.5999999046325684,33.0,1.0,30,3.0,15.462742805480957
C1,944,0.8510615300280377,17.5,16.9,1,1.600000023841858,15.0,1.0,30,3.0,12.610979080200195
C1,945,0.8591758329899635,17.5,16.9,1,3.5999999046325684,30.0,1.0,30,3.0,11.03325366973877
C1,946,0.7913913342794425,32.300000000000004,26.0,1,17.200000762939453,84.0,1.0,30,3.0,12.353285789489746
C1,947,0.7101875370135838,17.4,16.9,1,2.4000000953674316,21.0,1.0,70,3.0,13.411971092224121
C1,948,0.8607685509003341,17.2,16.9,1,4.0,33.0,1.0,30,3.0,14.180516242980957
C1,949,0.8591758329899635,17.4,16.9,1,3.5999999046325684,30.0,1.0,30,3.0,12.241642951965332
C1,950,0.8543353991895412,17.1,16.9,1,2.4000000953674316,18.0,1.0,30,3.0,10.944985389709473
C1,951,0.7054999999999999,43.4,33.6,1,29.600000381469727,105.0,1.0,30,3.0,13.36699104309082
C1,952,0.8639198485148963,17.2,16.9,1,4.800000190734863,36.0,1.0,30,3.0,15.086861610412598
C1,953,0.8591758329899635,17.1,16.9,1,3.5999999046325684,33.0,1.0,30,3.0,16.785449981689453
C1,954,0.8623500559002011,17.0,16.8,1,4.400000095367432,36.0,1.0,30,3.0,14.737936973571777
C1,955,0.6816110464429402,17.1,16.8,1,2.4000000953674316,18.0,1.0,90,2.0,13.109428405761719
C1,956,0.8715756855237148,17.0,16.8,1,6.800000190734863,57.0,1.0,30,3.0,13.198990821838379
C1,957,0.8575724027518892,17.0,16.8,1,3.200000047683716,27.0,1.0,30,3.0,12.852727890014648
C1,958,0.8607685509003341,17.0,16.8,1,4.0,36.0,1.0,30,3.0,13.04496955871582
C1,959,0.8639198485148963,17.1,16.8,1,4.800000190734863,42.0,1.0,30,3.0,12.493648529052734
C1,960,0.8575724027518892,17.0,16.7,1,3.200000047683716,27.0,1.0,30,3.0,12.162856101989746
C1,961,0.7009166666666666,43.9,34.1,1,26.399999618530273,99.0,1.0,30,3.0,14.76438045501709
C1,962,0.7817828278349289,31.9,26.0,1,12.399999618530273,66.0,1.0,30,3.0,17.3919620513916
C1,963,0.7941413342794426,32.0,26.599999999999998,1,17.200000762939453,84.0,1.0,30,3.0,21.50184440612793
C1,964,0.8607685509003341,17.0,16.8,1,4.0,33.0,1.0,30,3.0,21.034439086914062
C1,965,0.852702823555001,17.1,16.8,1,2.0,15.0,1.0,30,3.0,18.487329483032227
C1,966,0.7826994945015955,31.8,25.3,1,12.399999618530273,66.0,1.0,30,3.0,16.15906524658203
C1,967,0.8623500559002011,17.0,16.7,1,4.400000095367432,39.0,1.0,30,3.0,15.028772354125977
C1,968,0.7863336062547414,31.8,25.6,1,13.600000381469727,69.0,1.0,30,3.0,16.75059700012207
C1,969,0.17958863677420708,99.8,53.6,2,52.400001525878906,153.0,1.0,30,3.0,21.650358200073242
C1,970,0.28525,75.0,38.3,4,38.70000076293945,213.0,1.0,30,3.0,32.32354736328125
C1,971,0.6418333333333334,48.599999999999994,33.2,6,33.7599983215332,198.0,1.0,30,2.0,48.86079406738281
C1,972,0.847200726943179,17.7,17.2,6,0.6666666865348816,24.0,1.0,30,2.0,53.58314514160156
C1,973,0.7494999999999999,38.6,26.9,6,31.33333396911621,249.0,1.0,30,3.0,58.01655197143555
C1,974,0.8480314951353773,17.8,17.2,6,0.8666666746139526,33.0,1.0,30,3.0,48.94326400756836
C1,975,0.8483080145228291,17.8,17.2,6,0.9333333373069763,39.0,1.0,30,3.0,43.632625579833984
C1,976,0.7833088713738956,27.599999999999998,18.599999999999998,6,2.066666603088379,60.0,1.0,30,3.0,32.046241760253906
C1,977,0.8297235623329523,23.3,18.599999999999998,6,3.799999952316284,87.0,1.0,30,3.0,27.49441146850586
C1,978,0.8485843284339895,17.5,17.1,6,1.0,42.0,1.0,30,3.0,24.89664649963379
C1,979,0.5690704031492367,31.9,21.9,1,8.600000381469727,72.0,1.0,30,3.0,23.871320724487305
C1,980,0.8591758329899635,17.1,16.9,1,3.5999999046325684,32.0,1.0,30,2.0,21.52279281616211
C1,981,0.23855,97.8,47.800000000000004,1,27.600000381469727,80.0,1.0,30,2.0,23.58034324645996
C1,982,0.852702823555001,17.0,16.8,1,2.0,20.0,1.0,30,2.0,22.948205947875977
C1,983,0.8575724027518892,17.1,16.8,1,3.200000047683716,27.0,1.0,30,3.0,21.635589599609375
C1,984,0.8670222991527153,17.0,16.8,1,5.599999904632568,48.0,1.0,30,3.0,17.648019790649414
C1,985,0.7000000000000001,44.0,34.5,1,28.799999237060547,99.0,1.0,30,3.0,18.322145462036133
C1,986,0.776641768574655,31.9,25.1,1,10.800000190734863,60.0,1.0,30,3.0,20.193286895751953
C1,987,0.8639198485148963,17.1,16.8,1,4.800000190734863,42.0,1.0,30,3.0,21.049304962158203
C1,988,0.8559587577917702,17.0,16.7,1,2.799999952316284,22.0,1.0,30,2.0,18.62958335876465
C1,989,0.852702823555001,17.2,16.8,1,2.0,20.0,1.0,30,2.0,15.844416618347168
C1,990,0.8543353991895412,16.9,16.8,1,2.4000000953674316,20.0,1.0,30,2.0,13.639983177185059
C1,991,0.6823654492644053,32.300000000000004,25.8,1,8.399999618530273,42.0,1.0,50,2.0,13.650656700134277
C1,992,0.8543353991895412,17.7,17.0,1,2.4000000953674316,18.0,1.0,30,2.0,13.523727416992188
C1,993,0.8591758329899635,17.5,16.9,1,3.5999999046325684,27.0,1.0,30,3.0,13.314236640930176
C1,994,0.8575724027518892,17.3,17.0,1,3.200000047683716,27.0,1.0,30,3.0,11.588541984558105
C1,995,0.8543353991895412,17.3,16.9,1,2.4000000953674316,20.0,1.0,30,2.0,10.686458587646484
C1,996,0.8623500559002011,17.5,16.9,1,4.400000095367432,39.0,1.0,30,3.0,10.678542137145996
C1,997,0.8685539631541367,16.9,16.8,1,6.0,51.0,1.0,30,3.0,11.740458488464355
C1,998,0.8559587577917702,17.5,16.8,1,2.799999952316284,24.0,1.0,30,3.0,12.110941886901855
C1,999,0.8575724027518892,17.2,16.9,1,3.200000047683716,27.0,1.0,30,3.0,11.799898147583008
C1,1000,0.8591758329899635,17.3,16.9,1,3.5999999046325684,30.0,1.0,30,3.0,10.679939270019531
C1,1001,0.23327499999999995,93.89999999999999,46.800000000000004,3,34.0,153.0,1.0,30,3.0,15.741296768188477
C1,1002,0.6464166666666666,48.099999999999994,31.8,5,30.799999237060547,216.0,1.0,30,3.0,27.178112030029297
C1,1003,0.6175833333333334,39.9,27.900000000000002,8,32.75,291.0,1.0,30,3.0,45.640201568603516
C1,1004,0.6295,38.6,25.6,11,33.45454406738281,366.0,1.0,30,3.0,66.18412017822266
C1,1005,0.7889166666666667,34.3,24.2,11,20.254545211791992,218.0,1.0,30,2.0,83.44380187988281
C1,1006,0.7835466301121208,33.5,23.599999999999998,11,18.581817626953125,200.0,1.0,30,2.0,94.19961547851562
C1,1007,0.8037411281243015,25.6,19.0,11,2.581818103790283,74.0,1.0,30,2.0,89.31977081298828
C1,1008,0.8296373013121471,22.5,18.3,11,1.9636363983154297,66.0,1.0,30,2.0,76.25852966308594
C1,1009,0.7818094827262531,33.2,23.2,11,16.654544830322266,190.0,1.0,30,2.0,67.75511932373047
C1,1010,0.6140901153559052,34.0,24.400000000000002,7,16.5,166.0,1.0,30,2.0,68.7863998413086
C1,1011,0.7124166666666667,40.9,27.799999999999997,9,36.88888931274414,280.0,1.0,30,2.0,83.67184448242188
C1,1012,0.8217294492587056,23.099999999999998,18.5,9,1.3777778148651123,46.0,1.0,30,2.0,83.00310516357422
C1,1013,0.7485833333333334,38.699999999999996,26.1,9,24.53333282470703,230.0,1.0,30,2.0,86.8685302734375
C1,1014,0.7759090886723665,33.7,23.7,9,16.133333206176758,178.0,1.0,30,2.0,82.38778686523438
C1,1015,0.7645662323408315,32.4,21.8,9,8.622221946716309,126.0,1.0,30,2.0,85.03266906738281
C1,1016,0.7609885902190099,31.9,21.0,9,6.400000095367432,104.0,1.0,30,2.0,78.2196044921875
C1,1017,0.7745285984032975,27.900000000000002,19.900000000000002,8,2.549999952316284,60.0,1.0,30,2.0,66.26509857177734
C1,1018,0.7733933711290953,32.2,22.4,8,10.649999618530273,128.0,1.0,30,2.0,59.22572326660156
C1,1019,0.5699166666666666,45.1,30.3,5,30.239999771118164,184.0,1.0,30,2.0,60.33543395996094
C1,1020,0.7608014486571911,33.8,24.400000000000002,5,11.279999732971191,112.0,1.0,30,2.0,64.46792602539062
C1,1021,0.7009166666666666,43.9,29.2,5,27.520000457763672,176.0,1.0,30,2.0,70.14742279052734
C1,1022,0.5064166666666667,43.3,28.5,10,39.63999938964844,322.0,1.0,30,2.0,82.75511932373047
C1,1023,0.78525,34.7,25.0,10,22.600000381469727,222.0,1.0,30,2.0,97.65306854248047
C1,1024,0.8490811684291172,18.1,17.9,10,1.1200000047683716,56.0,1.0,30,2.0,98.59184265136719
C1,1025,0.7839727478363204,27.799999999999997,19.3,10,2.680000066757202,74.0,1.0,30,2.0,82.62177276611328
C1,1026,0.7649777740767087,32.0,21.8,10,7.71999979019165,120.0,1.0,30,2.0,66.23973083496094
C1,1027,0.6764964325925851,23.599999999999998,19.099999999999998,10,2.0799999237060547,40.0,1.0,70,1.0,58.01050567626953
C1,1028,0.6316589426407402,33.0,22.9,7,6.599999904632568,71.0,1.0,30,1.0,57.60630416870117
C1,1029,0.5748286813678818,32.5,21.6,3,1.2000000476837158,21.0,1.0,30,1.0,52.163780212402344
C1,1030,0.28488831870545384,64.10000000000001,38.9,4,70.4000015258789,279.0,1.0,50,3.0,55.964935302734375
C1,1031,0.5488333333333334,47.4,31.4,7,57.93333435058594,357.0,1.0,50,3.0,64.6456298828125
C1,1032,0.5570711885511436,36.1,25.4,7,19.714284896850586,176.0,1.0,90,2.0,78.7873764038086
C1,1033,0.7085895432362066,29.0,20.2,7,7.4285712242126465,123.0,1.0,50,3.0,80.33909606933594
C1,1034,0.725476434445429,39.4,27.0,7,36.85714340209961,294.0,1.0,50,3.0,78.47012329101562
C1,1035,0.7110694342710195,33.6,23.5,7,17.94285774230957,201.0,1.0,50,3.0,74.54873657226562
C1,1036,0.714670625858675,39.9,27.3,6,37.599998474121094,294.0,1.0,50,3.0,79.79591369628906
C1,1037,0.68675,43.7,29.0,8,57.400001525878906,393.0,1.0,50,3.0,87.3442153930664
C1,1038,0.5431735373961257,33.4,23.3,14,18.0,242.0,1.0,30,2.0,99.07319641113281
C1,1039,0.788841192036884,33.0,23.0,14,18.91428565979004,254.0,1.0,30,2.0,109.97724914550781
C1,1040,0.7899187623689179,32.599999999999994,22.5,14,17.742856979370117,238.0,1.0,30,2.0,114.91968536376953
C1,1041,0.8008333333333334,33.0,22.8,14,21.285715103149414,288.0,1.0,30,2.0,120.95181274414062
C1,1042,0.7884787242103086,32.800000000000004,22.700000000000003,14,17.91428565979004,244.0,1.0,30,2.0,123.9044189453125
C1,1043,0.6289166666666667,34.3,24.2,10,27.760000228881836,284.0,1.0,30,2.0,128.74264526367188
C1,1044,0.7559166666666667,37.900000000000006,25.3,10,22.799999237060547,230.0,1.0,30,2.0,127.77892303466797
C1,1045,0.7712743956137382,32.7,22.5,10,11.399999618530273,152.0,1.0,30,2.0,121.06735229492188
C1,1046,0.7704897946576643,32.599999999999994,22.5,10,10.880000114440918,146.0,1.0,30,2.0,107.84041595458984
C1,1047,0.8279727478363204,23.0,18.700000000000003,10,2.680000066757202,72.0,1.0,30,2.0,89.37091064453125
C1,1048,0.7438144336205077,38.1,25.2,10,19.760000228881836,204.0,1.0,30,2.0,81.7558822631836
C1,1049,0.7344166666666667,38.5,26.1,8,28.950000762939453,248.0,1.0,30,2.0,83.98686218261719
C1,1050,0.7458333333333333,39.0,26.700000000000003,8,25.75,218.0,1.0,30,2.0,95.05878448486328
C1,1051,0.7384999999999999,39.800000000000004,27.2,8,30.899999618530273,256.0,1.0,30,2.0,105.1686019897461
C1,1052,0.74125,39.5,27.099999999999998,8,32.599998474121094,264.0,1.0,30,2.0,112.30116271972656
C1,1053,0.61975,35.3,25.2,12,34.720001220703125,342.0,1.0,30,3.0,117.24736785888672
C1,1054,0.7953333333333333,33.6,23.5,12,29.33333396911621,339.0,1.0,30,3.0,118.215087890625
C1,1055,0.7775,33.8,23.5,14,33.13333511352539,402.0,1.0,30,3.0,119.06238555908203
C1,1056,0.7844407677271837,33.4,23.2,14,18.571428298950195,250.0,1.0,30,2.0,121.03742980957031
C1,1057,0.7884030310288882,32.7,22.5,14,17.485713958740234,246.0,1.0,30,2.0,123.55579376220703
C1,1058,0.7843309460368859,33.099999999999994,23.099999999999998,14,17.314285278320312,234.0,1.0,30,2.0,122.80014038085938
C1,1059,0.846804498154994,17.7,17.3,14,0.5714285969734192,24.0,1.0,30,2.0,107.28008270263672
C1,1060,0.8021678085910651,26.700000000000003,19.3,14,4.714285850524902,116.0,1.0,30,2.0,89.30138397216797
C1,1061,0.5623333333333332,37.199999999999996,25.2,9,27.955554962158203,264.0,1.0,30,2.0,80.51416015625
C1,1062,0.7531666666666668,38.199999999999996,25.6,9,26.044445037841797,234.0,1.0,30,2.0,89.24182891845703
C1,1063,0.7553518842336673,31.5,20.400000000000002,9,4.0,82.0,1.0,30,2.0,92.2117691040039
C1,1064,0.5661859085712603,38.5,25.8,9,12.222222328186035,112.0,1.0,70,1.0,91.32705688476562
C1,1065,0.7485833333333334,38.699999999999996,25.9,9,20.9777774810791,200.0,1.0,30,2.0,88.52957153320312
C1,1066,0.7731414493929254,33.6,23.599999999999998,9,14.755555152893066,160.0,1.0,30,2.0,92.05107116699219
C1,1067,0.7604815350052706,33.300000000000004,23.3,8,12.25,140.0,1.0,30,2.0,88.56398010253906
C1,1068,0.7808224027518891,27.5,19.3,7,3.200000047683716,64.0,1.0,30,2.0,77.4050521850586
C1,1069,0.8274847504386044,22.700000000000003,18.3,7,1.8857142925262451,54.0,1.0,30,2.0,63.64303207397461
C1,1070,0.8402290298506394,17.4,17.1,6,0.9142857193946838,34.0,1.0,30,2.0,48.31915283203125
C1,1071,0.6554505684093562,46.5,31.3,7,41.84000015258789,224.0,1.0,30,2.0,49.7914924621582
C1,1072,0.6167841264608872,43.7,28.8,7,37.5428581237793,274.0,1.0,70,2.0,65.34156036376953
C1,1073,0.7492217948828145,32.5,22.3,9,9.066666603088379,130.0,1.0,30,2.0,81.07160186767578
C1,1074,0.7621414493929254,34.8,24.6,9,14.755555152893066,178.0,1.0,30,2.0,87.44296264648438
C1,1075,0.77165977693353,33.5,23.900000000000002,9,13.911110877990723,164.0,1.0,30,2.0,83.93244171142578
C1,1076,0.7513878184299277,36.0,24.299999999999997,9,14.844444274902344,160.0,1.0,30,2.0,83.82613372802734
C1,1077,0.7504166666666667,38.5,26.1,9,22.711111068725586,202.0,1.0,30,2.0,85.36234283447266
C1,1078,0.7494005832254435,32.2,21.6,7,8.342857360839844,112.0,1.0,30,2.0,82.8174057006836
C1,1079,0.7155833333333333,42.3,28.0,7,32.28571319580078,230.0,1.0,30,2.0,85.95711517333984
C1,1080,0.7494999999999999,38.6,26.1,7,24.05714225769043,194.0,1.0,30,2.0,87.30760192871094
C1,1081,0.5113333333333333,38.4,25.7,13,35.69230651855469,396.0,1.0,30,3.0,98.25122833251953
C1,1082,0.8169479967448678,24.9,19.099999999999998,13,4.276923179626465,126.0,1.0,30,3.0,95.08406829833984
C1,1083,0.799,33.2,23.400000000000002,13,24.092308044433594,312.0,1.0,30,3.0,94.11711120605469
C1,1084,0.8476269865402696,17.7,17.2,13,0.7692307829856873,48.0,1.0,30,3.0,78.07026672363281
C1,1085,0.7949199766721401,28.5,20.2,13,7.138461589813232,168.0,1.0,30,3.0,70.30882263183594
C1,1086,0.808585511806461,25.1,18.8,13,2.6461539268493652,90.0,1.0,30,3.0,55.78529357910156
C1,1087,0.7797209086176137,27.900000000000002,19.7,11,5.890909194946289,147.0,1.0,30,3.0,51.47117614746094
C1,1088,0.7968684031905983,27.5,19.2,11,5.236363410949707,126.0,1.0,30,3.0,47.01604080200195
C1,1089,0.516611857631974,27.3,19.2,4,4.699999809265137,78.0,1.0,30,3.0,43.80962371826172
C1,1090,0.8514726437023218,17.7,17.2,4,1.7000000476837158,48.0,1.0,30,3.0,37.485774993896484
C1,1091,0.7672073713191895,32.2,21.8,3,11.199999809265137,99.0,1.0,30,3.0,32.49146270751953
C1,1092,0.84886043483079,17.9,17.4,3,1.0666667222976685,33.0,1.0,30,3.0,27.4948787689209
C1,1093,0.8438832352792386,17.8,17.4,2,1.7999999523162842,26.0,1.0,30,2.0,24.096927642822266
C1,1094,0.8485843284339895,17.9,17.3,2,1.0,16.0,1.0,30,2.0,18.724822998046875
C1,1095,0.8494120147012152,19.5,17.5,2,1.2000000476837158,16.0,1.0,30,2.0,15.101560592651367
C1,1096,0.7514706298208034,31.9,21.9,1,6.0,56.0,1.0,30,2.0,14.927602767944336
C1,1097,0.8591758329899635,17.7,17.4,1,3.5999999046325684,30.0,1.0,30,2.0,15.756562232971191
C1,1098,0.852702823555001,17.7,17.5,1,2.0,16.0,1.0,30,2.0,16.253936767578125
C1,1099,0.8623500559002011,17.6,17.3,1,4.400000095367432,38.0,1.0,30,2.0,15.352362632751465
C1,1100,0.8591758329899635,17.7,17.3,1,3.5999999046325684,28.0,1.0,30,2.0,14.678084373474121
C1,1101,0.771141768574655,32.5,25.4,1,10.800000190734863,56.0,1.0,30,2.0,16.940183639526367
C1,1102,0.8607685509003341,17.7,17.5,1,4.0,34.0,1.0,30,2.0,18.030776977539062
C1,1103,0.7641635249995925,32.2,25.2,1,8.0,48.0,1.0,30,2.0,20.01846694946289
C1,1104,0.6905580009461092,43.3,32.5,1,17.200000762939453,66.0,1.0,30,2.0,21.87774658203125
C1,1105,0.6838986286900527,43.7,33.5,1,16.0,62.0,1.0,30,2.0,24.859981536865234
C1,1106,0.35955,53.8,41.7,1,26.399999618530273,82.0,1.0,30,2.0,28.91598892211914
C1,1107,0.771141768574655,32.5,25.8,1,10.800000190734863,58.0,1.0,30,2.0,30.816259384155273
C1,1108,0.7693084352413216,32.7,26.4,1,10.800000190734863,58.0,1.0,30,2.0,31.689756393432617
C1,1109,0.7606143338995106,32.9,26.700000000000003,1,8.800000190734863,42.0,1.0,30,2.0,29.54718780517578
C1,1110,0.7702859472415529,32.300000000000004,25.2,1,10.0,54.0,1.0,30,2.0,27.994977951049805
C1,1111,0.33425000000000005,63.0,43.5,1,28.399999618530273,86.0,1.0,30,2.0,28.930320739746094
C1,1112,0.8639198485148963,17.6,17.3,1,4.800000190734863,42.0,1.0,30,3.0,28.55819320678711
C1,1113,0.8654774278277694,17.6,17.3,1,5.199999809265137,45.0,1.0,30,3.0,26.734914779663086
C1,1114,0.7759775542479629,32.800000000000004,26.200000000000003,1,13.199999809265137,69.0,1.0,30,3.0,22.97428321838379
C1,1115,0.7835281485892476,32.599999999999994,25.8,1,15.199999809265137,78.0,1.0,30,3.0,22.317903518676758
C1,1116,0.7856486286900527,32.599999999999994,26.0,1,16.0,84.0,1.0,30,3.0,23.657407760620117
C1,1117,0.7787275542479629,32.5,25.4,1,13.199999809265137,69.0,1.0,30,3.0,24.461111068725586
C1,1118,0.8591758329899635,17.8,17.5,1,3.5999999046325684,30.0,1.0,30,3.0,22.809999465942383
C1,1119,0.852702823555001,17.9,17.6,1,2.0,21.0,1.0,30,3.0,19.019332885742188
C1,1120,0.8639198485148963,17.8,17.6,1,4.800000190734863,42.0,1.0,30,3.0,15.544933319091797
C1,1121,0.8715756855237148,17.9,17.5,1,6.800000190734863,57.0,1.0,30,3.0,14.660293579101562
C1,1122,0.8607685509003341,18.1,17.7,1,4.0,33.0,1.0,30,3.0,14.662842750549316
C1,1123,0.8700719235523432,17.9,17.5,1,6.400000095367432,54.0,1.0,30,3.0,15.197705268859863
C1,1124,0.8559587577917702,18.0,17.7,1,2.799999952316284,24.0,1.0,30,3.0,14.051957130432129
C1,1125,0.8623500559002011,18.2,17.8,1,4.400000095367432,33.0,1.0,30,3.0,13.364507675170898
C1,1126,0.773227554247963,33.099999999999994,26.1,1,13.199999809265137,72.0,1.0,30,3.0,13.75203800201416
C1,1127,0.8607685509003341,17.8,17.6,1,4.0,30.0,1.0,30,3.0,14.251222610473633
C1,1128,0.8591758329899635,17.9,17.6,1,3.5999999046325684,30.0,1.0,30,3.0,14.417400360107422
C1,1129,0.873064754199968,18.0,17.5,1,7.199999809265137,57.0,1.0,30,3.0,13.85044002532959
C1,1130,0.8543353991895412,17.7,17.5,1,2.4000000953674316,18.0,1.0,30,3.0,12.976930618286133
C1,1131,0.873064754199968,17.7,17.4,1,7.199999809265137,57.0,1.0,30,3.0,13.652825355529785
C1,1132,0.8685539631541367,17.5,17.2,1,6.0,51.0,1.0,30,3.0,13.791694641113281
C1,1133,0.8575724027518892,17.9,17.3,1,3.200000047683716,27.0,1.0,30,3.0,14.275016784667969
C1,1134,0.8575724027518892,17.5,17.3,1,3.200000047683716,24.0,1.0,30,3.0,13.098343849182129
C1,1135,0.8715756855237148,17.8,17.4,1,6.800000190734863,57.0,1.0,30,3.0,12.659006118774414
C1,1136,0.8685539631541367,18.1,17.7,1,6.0,48.0,1.0,30,3.0,13.328737258911133
C1,1137,0.8591758329899635,17.7,17.3,1,3.5999999046325684,30.0,1.0,30,3.0,13.997241973876953
C1,1138,0.8639198485148963,17.8,17.4,1,4.800000190734863,42.0,1.0,30,3.0,13.73167896270752
C1,1139,0.7689133252940952,32.300000000000004,25.9,1,9.600000381469727,50.0,1.0,30,2.0,14.772340774536133
C1,1140,0.8559587577917702,17.6,17.4,1,2.799999952316284,20.0,1.0,30,2.0,15.396738052368164
C1,1141,0.7614135249995925,32.5,25.8,1,8.0,40.0,1.0,30,2.0,16.57137680053711
C1,1142,0.711953628307409,17.5,17.2,1,3.200000047683716,27.0,1.0,70,3.0,15.14282512664795
C1,1143,0.6966442674441421,32.4,26.3,1,12.0,60.0,1.0,50,3.0,15.61902904510498
C1,1144,0.852702823555001,18.2,17.6,1,2.0,16.0,1.0,30,2.0,14.304750442504883
C1,1145,0.852702823555001,17.6,17.4,1,2.0,16.0,1.0,30,2.0,13.382850646972656
C1,1146,0.8559587577917702,17.5,17.2,1,2.799999952316284,24.0,1.0,30,2.0,11.763043403625488
C1,1147,0.7084760865278696,17.7,17.3,1,1.600000023841858,12.0,1.0,70,1.0,11.324492454528809
C1,1148,0.49143651533961924,50.0,17.3,1,1.2000000476837158,7.0,1.0,50,1.0,10.92802906036377
C1,1149,0.8494120147012152,17.6,17.4,1,1.2000000476837158,12.0,1.0,30,2.0,9.890151023864746
C1,1150,0.8510615300280377,17.8,17.5,1,1.600000023841858,12.0,1.0,30,2.0,8.467423439025879
C1,1151,0.8607685509003341,17.6,17.3,1,4.0,34.0,1.0,30,2.0,8.947120666503906
C1,1152,0.852702823555001,17.6,17.4,1,2.0,16.0,1.0,30,2.0,9.501605987548828
C1,1153,0.8607685509003341,17.6,17.4,1,4.0,36.0,1.0,30,3.0,10.634296417236328
C1,1154,0.8543353991895412,17.6,17.4,1,2.4000000953674316,24.0,1.0,30,3.0,10.113911628723145
C1,1155,0.8543353991895412,17.6,17.3,1,2.4000000953674316,18.0,1.0,30,3.0,9.535013198852539
C1,1156,0.8654774278277694,17.7,17.4,1,5.199999809265137,48.0,1.0,30,3.0,9.72100830078125
C1,1157,0.8559587577917702,17.8,17.3,1,2.799999952316284,24.0,1.0,30,3.0,9.83260440826416
C1,1158,0.8559587577917702,17.8,17.4,1,2.799999952316284,24.0,1.0,30,3.0,10.166229248046875
C1,1159,0.8575724027518892,17.5,17.2,1,3.200000047683716,30.0,1.0,30,3.0,9.566404342651367
C1,1160,0.8559587577917702,18.3,17.4,1,2.799999952316284,24.0,1.0,30,3.0,9.206509590148926
C1,1161,0.773891768574655,32.2,25.5,1,10.800000190734863,60.0,1.0,30,3.0,10.590572357177734
C1,1162,0.6819403678361281,17.9,17.4,1,2.799999952316284,24.0,1.0,90,3.0,11.154343605041504
C1,1163,0.8575724027518892,17.6,17.3,1,3.200000047683716,30.0,1.0,30,3.0,11.759272575378418
C1,1164,0.6809751861440221,17.7,17.3,1,1.600000023841858,12.0,1.0,90,2.0,10.255563735961914
C1,1165,0.8607685509003341,17.7,17.4,1,4.0,30.0,1.0,30,3.0,9.620004653930664
C1,1166,0.8639198485148963,17.6,17.4,1,4.800000190734863,36.0,1.0,30,3.0,9.505335807800293
C1,1167,0.8559587577917702,17.7,17.4,1,2.799999952316284,24.0,1.0,30,3.0,9.703201293945312
C1,1168,0.8559587577917702,17.6,17.4,1,2.799999952316284,21.0,1.0,30,3.0,9.421920776367188
C1,1169,0.852702823555001,17.7,17.3,1,2.0,15.0,1.0,30,3.0,8.319819450378418
C1,1170,0.8575724027518892,17.7,17.3,1,3.200000047683716,27.0,1.0,30,3.0,7.791891574859619
C1,1171,0.8623500559002011,17.7,17.4,1,4.400000095367432,38.0,1.0,30,2.0,9.075135231018066
C1,1172,0.852702823555001,17.7,17.3,1,2.0,16.0,1.0,30,2.0,10.245080947875977
C1,1173,0.852702823555001,18.4,17.4,1,2.0,14.0,1.0,30,2.0,10.680381774902344
C1,1174,0.8543353991895412,17.7,17.3,1,2.4000000953674316,16.0,1.0,30,2.0,9.474895477294922
C1,1175,0.8494120147012152,17.8,17.3,1,1.2000000476837158,10.0,1.0,30,2.0,8.351604461669922
C1,1176,0.8575724027518892,17.5,17.3,1,3.200000047683716,28.0,1.0,30,2.0,8.610962867736816
C1,1177,0.8543353991895412,17.6,17.4,1,2.4000000953674316,20.0,1.0,30,2.0,9.033244132995605
C1,1178,0.5744120147012152,50.0,17.4,1,1.2000000476837158,8.0,1.0,30,2.0,9.153280258178711
C1,1179,0.852702823555001,18.0,17.4,1,2.0,16.0,1.0,30,2.0,8.425301551818848
C1,1180,0.852702823555001,17.7,17.4,1,2.0,18.0,1.0,30,2.0,7.855180740356445
C1,1181,0.8575724027518892,17.6,17.3,1,3.200000047683716,24.0,1.0,30,2.0,8.579774856567383
C1,1182,0.8543353991895412,17.5,17.2,1,2.4000000953674316,16.0,1.0,30,2.0,9.014532089233398
C1,1183,0.8543353991895412,17.6,17.4,1,2.4000000953674316,22.0,1.0,30,2.0,9.542052268981934
C1,1184,0.8510615300280377,17.4,17.2,1,1.600000023841858,12.0,1.0,30,2.0,9.058565139770508
C1,1185,0.8510615300280377,18.3,17.3,1,1.600000023841858,14.0,1.0,30,2.0,8.635138511657715
C1,1186,0.8591758329899635,17.8,17.5,1,3.5999999046325684,28.0,1.0,30,2.0,8.781083106994629
C1,1187,0.8607685509003341,18.2,17.7,1,4.0,33.0,1.0,30,3.0,9.535316467285156
C1,1188,0.852702823555001,17.8,17.4,1,2.0,15.0,1.0,30,3.0,9.721190452575684
C1,1189,0.8575724027518892,17.5,17.3,1,3.200000047683716,24.0,1.0,30,3.0,9.032713890075684
C1,1190,0.8494120147012152,17.6,17.3,1,1.2000000476837158,12.0,1.0,30,3.0,7.686295032501221
C1,1191,0.7904193258003434,32.300000000000004,25.6,1,16.799999237060547,87.0,1.0,30,3.0,10.07844352722168
C1,1192,0.8559587577917702,17.7,17.4,1,2.799999952316284,21.0,1.0,30,3.0,11.380399703979492
C1,1193,0.852702823555001,18.2,17.4,1,2.0,18.0,1.0,30,3.0,12.428239822387695
C1,1194,0.5760615300280377,50.0,17.4,1,1.600000023841858,9.0,1.0,30,3.0,9.590276718139648
C1,1195,0.8591758329899635,17.6,17.3,1,3.5999999046325684,30.0,1.0,30,3.0,8.28749942779541
C1,1196,0.8591758329899635,18.0,17.4,1,3.5999999046325684,30.0,1.0,30,3.0,8.039166450500488
C1,1197,0.8591758329899635,17.6,17.3,1,3.5999999046325684,30.0,1.0,30,3.0,8.82349967956543
C1,1198,0.8559587577917702,17.6,17.3,1,2.799999952316284,21.0,1.0,30,3.0,8.894100189208984
C1,1199,0.8559587577917702,17.9,17.5,1,2.799999952316284,21.0,1.0,30,3.0,8.536459922790527
C1,1200,0.852702823555001,17.9,17.4,1,2.0,18.0,1.0,30,3.0,7.788542747497559
C1,1201,0.787481962023386,32.4,25.4,1,16.0,84.0,1.0,30,3.0,10.139792442321777
C1,1202,0.6922549705465452,42.9,32.800000000000004,1,16.399999618530273,64.0,1.0,30,2.0,14.883874893188477
C1,1203,0.21707500000000002,102.7,53.199999999999996,2,36.0,124.0,1.0,30,2.0,25.196990966796875
C1,1204,0.35952500000000004,50.9,35.5,3,27.066667556762695,136.0,1.0,30,2.0,36.718196868896484
C1,1205,0.338075,58.7,37.1,4,38.20000076293945,170.0,1.0,30,2.0,50.69758224487305
C1,1206,0.7455538096398315,32.0,21.1,4,2.700000047683716,48.0,1.0,30,2.0,54.018550872802734
C1,1207,0.6945,44.6,31.0,4,25.600000381469727,154.0,1.0,30,2.0,57.21113204956055
C1,1208,0.7598388537263671,33.099999999999994,23.7,4,9.100000381469727,94.0,1.0,30,2.0,54.06001281738281
C1,1209,0.5433333333333332,48.0,32.5,7,36.342857360839844,242.0,1.0,30,2.0,65.10267639160156
C1,1210,0.7882499999999999,33.5,23.900000000000002,8,20.899999618530273,237.0,1.0,30,3.0,71.99493408203125
C1,1211,0.7907500000000001,34.1,24.6,8,24.950000762939453,243.0,1.0,30,3.0,80.66362762451172
C1,1212,0.7971666666666668,33.4,23.2,8,20.899999618530273,237.0,1.0,30,3.0,80.26484680175781
C1,1213,0.8471314154582048,17.8,17.3,8,0.6499999761581421,27.0,1.0,30,3.0,70.6922378540039
C1,1214,0.8467152920707133,17.9,17.6,8,0.550000011920929,15.0,1.0,30,3.0,54.815345764160156
C1,1215,0.8391314154582048,17.8,17.3,7,0.6499999761581421,21.0,1.0,30,3.0,35.689205169677734
C1,1216,0.8489392838220732,17.8,17.3,7,1.085714340209961,42.0,1.0,30,3.0,24.880189895629883
C1,1217,0.839200726943179,17.7,17.3,6,0.6666666865348816,24.0,1.0,30,3.0,18.794780731201172
C1,1218,0.6543353991895411,18.1,17.3,1,2.4000000953674316,18.0,1.0,30,3.0,15.010201454162598
C1,1219,0.8575724027518892,17.6,17.4,1,3.200000047683716,24.0,1.0,30,3.0,11.939454078674316
C1,1220,0.8559587577917702,17.5,17.3,1,2.799999952316284,21.0,1.0,30,3.0,9.963672637939453
C1,1221,0.8685539631541367,17.5,17.3,1,6.0,51.0,1.0,30,3.0,10.24487018585205
C1,1222,0.7694704801128012,18.1,17.5,1,2.0,16.0,1.0,50,2.0,10.413588523864746
C1,1223,0.8559587577917702,17.8,17.5,1,2.799999952316284,21.0,1.0,30,3.0,10.514820098876953
C1,1224,0.8575724027518892,18.0,17.5,1,3.200000047683716,18.0,1.0,30,3.0,9.108892440795898
C1,1225,0.852702823555001,18.0,17.4,1,2.0,18.0,1.0,30,3.0,7.998668670654297
C1,1226,0.8623500559002011,18.0,17.5,1,4.400000095367432,36.0,1.0,30,3.0,7.99920129776001
C1,1227,0.8575724027518892,17.7,17.3,1,3.200000047683716,27.0,1.0,30,3.0,8.399520874023438
C1,1228,0.8575724027518892,17.9,17.5,1,3.200000047683716,27.0,1.0,30,3.0,9.039711952209473
C1,1229,0.8559587577917702,18.0,17.4,1,2.799999952316284,24.0,1.0,30,3.0,8.890494346618652
C1,1230,0.8559587577917702,17.7,17.3,1,2.799999952316284,18.0,1.0,30,3.0,8.400962829589844
C1,1231,0.8685539631541367,17.6,17.3,1,6.0,51.0,1.0,30,3.0,9.173911094665527
C1,1232,0.8543353991895412,17.8,17.4,1,2.4000000953674316,21.0,1.0,30,3.0,9.50434684753418
C1,1233,0.8543353991895412,17.6,17.3,1,2.4000000953674316,21.0,1.0,30,3.0,9.835941314697266
C1,1234,0.8591758329899635,18.8,17.5,1,3.5999999046325684,27.0,1.0,30,3.0,8.968231201171875
C1,1235,0.5727547725551173,50.0,17.4,1,0.800000011920929,9.0,1.0,30,3.0,7.914272308349609
C1,1236,0.8591758329899635,17.5,17.3,1,3.5999999046325684,30.0,1.0,30,3.0,7.681896686553955
C1,1237,0.8591758329899635,17.7,17.3,1,3.5999999046325684,30.0,1.0,30,3.0,7.675804615020752
C1,1238,0.8559587577917702,17.5,17.3,1,2.799999952316284,24.0,1.0,30,3.0,8.338815689086914
C1,1239,0.8559587577917702,17.5,17.2,1,2.799999952316284,21.0,1.0,30,3.0,8.336623191833496
C1,1240,0.852702823555001,17.5,17.2,1,2.0,18.0,1.0,30,3.0,7.801973819732666
C1,1241,0.8670222991527153,17.7,17.4,1,5.599999904632568,48.0,1.0,30,3.0,8.547850608825684
C1,1242,0.8575724027518892,17.6,17.3,1,3.200000047683716,21.0,1.0,30,3.0,8.995377540588379
C1,1243,0.8591758329899635,18.0,17.4,1,3.5999999046325684,30.0,1.0,30,3.0,9.797225952148438
C1,1244,0.7894216372132119,32.300000000000004,26.200000000000003,1,16.399999618530273,81.0,1.0,30,3.0,11.745002746582031
C1,1245,0.7110000000000001,42.8,32.800000000000004,1,31.200000762939453,117.0,1.0,30,3.0,17.180334091186523
C1,1246,-0.6241095517019212,252.4,120.3,7,95.0999984741211,336.0,1.0,30,3.0,34.041534423828125
C1,1247,0.6157988128630824,32.2,21.6,11,11.381817817687988,192.0,1.0,30,3.0,49.09158706665039
C1,1248,0.850911906514988,17.8,17.7,11,1.5636364221572876,66.0,1.0,30,3.0,55.85495376586914
C1,1249,0.7784166666666666,33.7,23.8,13,34.181819915771484,354.0,1.0,30,3.0,60.71297073364258
C1,1250,0.8026475595895156,27.099999999999998,18.9,13,5.784615516662598,147.0,1.0,30,3.0,61.627784729003906
C1,1251,0.8472433739529057,17.7,17.3,13,0.6769230961799622,42.0,1.0,30,3.0,61.11000442504883
C1,1252,0.8257024298791698,24.299999999999997,19.2,13,5.107692241668701,135.0,1.0,30,3.0,51.066001892089844
C1,1253,0.7971666666666668,33.4,23.400000000000002,13,25.076923370361328,336.0,1.0,30,3.0,53.43960189819336
C1,1254,0.7926134819935827,27.7,19.400000000000002,13,4.615384578704834,132.0,1.0,30,3.0,58.86376190185547
C1,1255,0.8246883157200141,22.700000000000003,18.3,12,3.1666667461395264,111.0,1.0,30,3.0,61.05158996582031
C1,1256,0.8477547725551174,17.8,17.3,12,0.800000011920929,33.0,1.0,30,3.0,48.897621154785156
C1,1257,0.7971666666666668,33.4,23.400000000000002,12,29.133333206176758,348.0,1.0,30,3.0,51.205238342285156
C1,1258,0.6963396418341188,31.4,20.6,12,9.766666412353516,189.0,1.0,50,3.0,56.05647659301758
C1,1259,0.6966889563736148,31.9,20.8,12,10.933333396911621,198.0,1.0,50,3.0,66.30055236816406
C1,1260,0.7446381306167337,23.2,18.599999999999998,12,3.1666667461395264,105.0,1.0,50,3.0,61.64699935913086
C1,1261,0.777265587945599,33.0,23.3,12,14.266666412353516,184.0,1.0,30,2.0,62.72153091430664
C1,1262,0.576146770590099,34.1,24.0,7,17.733333587646484,214.0,1.0,30,2.0,68.83291625976562
C1,1263,0.7064166666666667,43.3,28.400000000000002,7,26.571428298950195,200.0,1.0,30,2.0,81.16641998291016
C1,1264,0.7865307495312034,27.900000000000002,19.400000000000002,7,3.5428571701049805,66.0,1.0,30,2.0,80.6998519897461
C1,1265,0.822470156429096,23.400000000000002,18.700000000000003,7,2.2285714149475098,54.0,1.0,30,2.0,69.75324249267578
C1,1266,0.7119166666666666,42.7,28.299999999999997,7,31.14285659790039,240.0,1.0,30,2.0,65.85194396972656
C1,1267,0.7394166666666667,39.699999999999996,27.099999999999998,7,23.14285659790039,190.0,1.0,30,2.0,71.77783203125
C1,1268,0.7360000000000001,39.199999999999996,27.0,8,33.657142639160156,270.0,1.0,30,3.0,83.73336791992188
C1,1269,0.7942191668056652,28.5,20.2,8,6.949999809265137,132.0,1.0,30,3.0,80.77335357666016
C1,1270,0.8473393125660467,17.9,17.3,8,0.699999988079071,24.0,1.0,30,3.0,67.39734649658203
C1,1271,0.7768238029092956,32.2,21.7,8,11.699999809265137,171.0,1.0,30,3.0,54.97174072265625
C1,1272,0.7533200643584901,31.7,20.1,8,3.950000047683716,96.0,1.0,30,3.0,45.916378021240234
C1,1273,0.773891768574655,32.2,21.3,8,10.800000190734863,174.0,1.0,30,3.0,47.14982604980469
C1,1274,0.5586507947157141,44.1,29.7,5,44.599998474121094,258.0,1.0,30,3.0,51.756561279296875
C1,1275,0.7542112740825144,32.7,22.1,6,8.733333587646484,126.0,1.0,30,3.0,55.853939056396484
C1,1276,0.7707466586274285,32.099999999999994,21.6,6,9.600000381469727,135.0,1.0,30,3.0,56.57902908325195
C1,1277,0.6673122741672017,38.4,25.5,6,18.0,156.0,1.0,50,2.0,55.947418212890625
C1,1278,0.7513333333333333,38.4,25.6,6,24.866666793823242,216.0,1.0,30,3.0,59.568450927734375
C1,1279,0.7648382648735174,32.099999999999994,21.3,6,7.933333396911621,123.0,1.0,30,3.0,61.20773696899414
C1,1280,0.7405833333333334,38.699999999999996,26.8,5,28.15999984741211,210.0,1.0,30,3.0,61.12464141845703
C1,1281,0.7011666666666667,43.0,28.5,6,35.53333282470703,243.0,1.0,30,3.0,62.274784088134766
C1,1282,0.8469234084714489,17.5,17.1,6,0.6000000238418579,21.0,1.0,30,3.0,58.43153762817383
C1,1283,0.8494120147012152,17.5,17.1,6,1.2000000476837158,57.0,1.0,30,3.0,49.32558822631836
C1,1284,0.8483080145228291,17.6,17.1,6,0.9333333373069763,39.0,1.0,30,3.0,34.795352935791016
C1,1285,0.8477547725551174,17.9,17.3,6,0.800000011920929,33.0,1.0,30,3.0,26.610546112060547
C1,1286,0.8507871681276075,17.9,17.4,6,1.5333333015441895,48.0,1.0,30,3.0,21.299659729003906
C1,1287,0.6543353991895411,17.8,17.4,1,2.4000000953674316,34.0,1.0,30,2.0,18.64646339416504
C1,1288,0.8543353991895412,19.400000000000002,17.7,1,2.4000000953674316,18.0,1.0,30,2.0,16.787878036499023
C1,1289,0.8543353991895412,17.8,17.4,1,2.4000000953674316,18.0,1.0,30,2.0,14.73939323425293
C1,1290,0.852702823555001,17.8,17.3,1,2.0,12.0,1.0,30,2.0,12.043636322021484
C1,1291,0.36119999999999997,53.199999999999996,41.2,1,28.799999237060547,90.0,1.0,30,2.0,15.226181983947754
C1,1292,0.8559587577917702,17.4,17.2,1,2.799999952316284,20.0,1.0,30,2.0,17.26904296875
C1,1293,0.852702823555001,17.7,17.3,1,2.0,16.0,1.0,30,2.0,18.761425018310547
C1,1294,0.6812893625812153,17.9,17.4,1,2.0,10.0,1.0,90,1.0,14.990188598632812
C1,1295,0.8510615300280377,17.5,17.2,1,1.600000023841858,14.0,1.0,30,2.0,12.327446937561035
C1,1296,0.8559587577917702,17.7,17.4,1,2.799999952316284,20.0,1.0,30,2.0,10.996467590332031
C1,1297,0.7679480189220103,17.8,17.4,1,1.600000023841858,10.0,1.0,50,1.0,10.197880744934082
C1,1298,0.8494120147012152,17.9,17.6,1,1.2000000476837158,12.0,1.0,30,2.0,9.585394859313965
C1,1299,0.8559587577917702,17.9,17.7,1,2.799999952316284,21.0,1.0,30,3.0,8.817903518676758
C1,1300,0.8623500559002011,17.8,17.4,1,4.400000095367432,36.0,1.0,30,3.0,8.624075889587402
C1,1301,0.8670222991527153,18.0,17.6,1,5.599999904632568,45.0,1.0,30,3.0,9.707778930664062
C1,1302,0.8639198485148963,18.1,17.7,1,4.800000190734863,39.0,1.0,30,3.0,11.158000946044922
C1,1303,0.8543353991895412,17.8,17.5,1,2.4000000953674316,21.0,1.0,30,3.0,11.361467361450195
C1,1304,0.852702823555001,18.2,17.5,1,2.0,15.0,1.0,30,3.0,10.150213241577148
C1,1305,0.8559587577917702,18.1,17.7,1,2.799999952316284,24.0,1.0,30,3.0,8.756794929504395
C1,1306,0.8715756855237148,18.0,17.6,1,6.800000190734863,54.0,1.0,30,3.0,9.387410163879395
C1,1307,0.8575724027518892,18.4,17.7,1,3.200000047683716,27.0,1.0,30,3.0,10.299112319946289
C1,1308,0.8543353991895412,18.3,17.7,1,2.4000000953674316,15.0,1.0,30,3.0,10.446134567260742
C1,1309,0.8559587577917702,18.700000000000003,17.8,1,2.799999952316284,21.0,1.0,30,3.0,9.067680358886719
C1,1310,0.8543353991895412,17.9,17.5,1,2.4000000953674316,18.0,1.0,30,3.0,7.840608596801758
C1,1311,0.8607685509003341,17.8,17.4,1,4.0,36.0,1.0,30,3.0,8.037698745727539
C1,1312,0.8591758329899635,18.0,17.5,1,3.5999999046325684,27.0,1.0,30,3.0,8.422618865966797
C1,1313,0.8543353991895412,19.5,17.4,1,2.4000000953674316,18.0,1.0,30,3.0,8.653571128845215
C1,1314,0.4326406626870005,50.0,17.7,1,1.2000000476837158,6.0,1.0,70,1.0,7.992142677307129
C1,1315,0.8559587577917702,18.0,17.5,1,2.799999952316284,21.0,1.0,30,3.0,7.328619003295898
C1,1316,0.6812893625812153,17.7,17.4,1,2.0,11.0,1.0,90,1.0,7.597171306610107
C1,1317,0.8575724027518892,17.8,17.6,1,3.200000047683716,27.0,1.0,30,3.0,8.158303260803223
C1,1318,0.8591758329899635,17.9,17.4,1,3.5999999046325684,24.0,1.0,30,3.0,8.628314971923828
C1,1319,0.8510615300280377,17.7,17.4,1,1.600000023841858,12.0,1.0,30,2.0,8.243656158447266
C1,1320,0.8510615300280377,18.700000000000003,17.5,1,1.600000023841858,10.0,1.0,30,2.0,7.479526519775391
C1,1321,0.8623500559002011,17.4,17.2,1,4.400000095367432,34.0,1.0,30,2.0,8.221049308776855
C1,1322,0.7712026139082195,32.2,25.3,1,10.0,52.0,1.0,30,2.0,11.332629203796387
C1,1323,0.852702823555001,17.8,17.3,1,2.0,16.0,1.0,30,2.0,13.599577903747559
C1,1324,0.23195687072945892,92.2,51.4,2,42.0,104.0,1.0,30,2.0,19.626413345336914
C1,1325,0.7554774278277693,32.0,22.0,2,5.199999809265137,44.0,1.0,30,2.0,22.70918083190918
C1,1326,0.856766825784299,17.4,17.0,2,3.0,45.0,1.0,30,3.0,25.492176055908203
C1,1327,0.6425,49.4,34.6,3,35.79999923706055,165.0,1.0,30,3.0,27.56197166442871
C1,1328,0.04201611577591101,60.699999999999996,36.900000000000006,8,65.4000015258789,291.0,1.0,30,3.0,38.80384826660156
C1,1329,0.7891030737738132,29.4,20.7,8,7.800000190734863,147.0,1.0,30,3.0,50.08230972290039
C1,1330,0.793600055900201,27.5,19.599999999999998,8,4.400000095367432,93.0,1.0,30,3.0,53.64938735961914
C1,1331,0.8481697802472762,17.8,17.3,8,0.8999999761581421,42.0,1.0,30,3.0,44.722965240478516
C1,1332,0.7070229102343323,17.8,17.3,8,0.8999999761581421,27.0,1.0,70,3.0,34.03377914428711
C1,1333,0.773374037985856,32.4,21.8,8,11.199999809265137,177.0,1.0,30,3.0,31.353601455688477
C1,1334,0.04899656896185177,60.5,35.6,5,84.0,300.0,1.0,30,3.0,41.212162017822266
C1,1335,0.5922499999999999,38.3,25.6,9,27.244443893432617,276.0,1.0,30,3.0,58.19396209716797
C1,1336,0.7442500000000001,38.3,25.2,10,34.66666793823242,312.0,1.0,30,3.0,74.38304138183594
C1,1337,0.7999166666666667,33.099999999999994,23.0,10,21.399999618530273,264.0,1.0,30,3.0,82.49649047851562
C1,1338,0.7815833333333334,35.1,24.400000000000002,10,26.440000534057617,297.0,1.0,30,3.0,88.29789733886719
C1,1339,0.8479208302101465,17.5,17.2,10,0.8399999737739563,57.0,1.0,30,3.0,80.44540405273438
C1,1340,0.7888876476887317,33.2,23.7,10,19.84000015258789,246.0,1.0,30,3.0,74.93390655517578
C1,1341,0.7804920310953852,32.0,21.3,10,12.279999732971191,192.0,1.0,30,3.0,66.96034240722656
C1,1342,0.7380833333333333,38.1,25.2,12,35.880001068115234,357.0,1.0,30,3.0,75.5095443725586
C1,1343,0.7834266268856503,32.4,21.7,12,14.5,231.0,1.0,30,3.0,79.9723892211914
C1,1344,0.7889166666666667,34.3,24.0,12,26.299999237060547,306.0,1.0,30,3.0,87.71676635742188
C1,1345,0.7899923521903814,28.9,20.400000000000002,12,6.800000190734863,153.0,1.0,30,3.0,83.2967300415039
C1,1346,0.8008333333333334,33.0,22.9,12,21.16666603088379,288.0,1.0,30,3.0,83.17803955078125
C1,1347,0.826216568612572,22.8,18.3,12,1.7999999523162842,81.0,1.0,30,3.0,73.10681915283203
C1,1348,0.8391503197378882,17.9,17.5,11,0.6545454263687134,21.0,1.0,30,3.0,61.197425842285156
C1,1349,0.8471503197378882,17.8,17.4,11,0.6545454263687134,27.0,1.0,30,3.0,42.45178985595703
C1,1350,0.8324922467686466,17.7,17.5,9,0.9777777791023254,51.0,1.0,30,3.0,29.87107276916504
C1,1351,0.5277977050149112,38.199999999999996,25.1,14,46.35555648803711,423.0,1.0,30,3.0,40.18931198120117
C1,1352,0.8470422831418664,17.9,17.3,14,0.6285714507102966,27.0,1.0,30,3.0,46.380252838134766
C1,1353,0.8463285038881723,18.3,17.3,14,0.4571428596973419,12.0,1.0,30,3.0,48.36148452758789
C1,1354,0.7974392636833026,27.900000000000002,19.7,14,6.342857360839844,165.0,1.0,30,3.0,38.08355712890625
C1,1355,0.781309059431087,32.0,21.1,14,12.54285717010498,234.0,1.0,30,3.0,41.11680221557617
C1,1356,0.8299781966947044,22.3,18.2,14,1.600000023841858,72.0,1.0,30,3.0,45.60341262817383
C1,1357,0.45322755424796296,33.099999999999994,22.8,6,13.199999809265137,162.0,1.0,30,3.0,48.16204833984375
C1,1358,0.847200726943179,17.9,17.3,6,0.6666666865348816,15.0,1.0,30,3.0,39.96389389038086
C1,1359,0.847200726943179,17.8,17.2,6,0.6666666865348816,18.0,1.0,30,3.0,32.64500427246094
C1,1360,0.8483080145228291,17.8,17.2,6,0.9333333373069763,24.0,1.0,30,3.0,22.120336532592773
C1,1361,0.6576129523750979,32.4,22.5,3,12.533333778381348,117.0,1.0,30,3.0,20.338869094848633
C1,1362,0.84886043483079,17.9,17.4,3,1.0666667222976685,15.0,1.0,30,3.0,19.136653900146484
C1,1363,0.5647547725551173,50.0,17.4,2,0.800000011920929,9.0,1.0,30,1.0,18.54865837097168
C1,1364,0.5735843284339894,50.0,17.2,2,1.0,8.0,1.0,30,1.0,14.062528610229492
C1,1365,0.5710902975977581,50.0,17.3,2,0.4000000059604645,6.0,1.0,30,1.0,11.504183769226074
C1,1366,0.8494120147012152,17.4,17.2,2,1.2000000476837158,14.0,1.0,30,1.0,10.635843276977539
C1,1367,0.5680615300280377,50.0,17.2,1,1.600000023841858,6.0,1.0,30,1.0,9.848173141479492
C1,1368,0.852702823555001,17.6,17.3,1,2.0,15.0,1.0,30,3.0,9.242237091064453
C1,1369,0.8591758329899635,17.5,17.3,1,3.5999999046325684,30.0,1.0,30,3.0,8.345342636108398
C1,1370,0.8559587577917702,17.7,17.3,1,2.799999952316284,18.0,1.0,30,3.0,7.8072052001953125
C1,1371,0.8700719235523432,17.7,17.3,1,6.400000095367432,57.0,1.0,30,3.0,9.350990295410156
C1,1372,0.8559587577917702,17.6,17.3,1,2.799999952316284,18.0,1.0,30,3.0,9.743927001953125
C1,1373,0.8510615300280377,18.0,17.3,1,1.600000023841858,15.0,1.0,30,3.0,9.846356391906738
C1,1374,0.5727547725551173,50.0,17.5,1,0.800000011920929,6.0,1.0,30,3.0,7.641147136688232
C1,1375,0.852702823555001,17.8,17.5,1,2.0,21.0,1.0,30,3.0,6.45135498046875
C1,1376,0.8591758329899635,17.4,17.2,1,3.5999999046325684,30.0,1.0,30,3.0,6.404146194458008
C1,1377,0.5744120147012152,50.0,17.3,1,1.2000000476837158,9.0,1.0,30,3.0,6.509154319763184
C1,1378,0.5727547725551173,50.0,17.3,1,0.800000011920929,6.0,1.0,30,2.0,6.038825988769531
C1,1379,0.852702823555001,18.2,17.3,1,2.0,14.0,1.0,30,2.0,5.356628894805908
C1,1380,0.852702823555001,17.9,17.5,1,2.0,15.0,1.0,30,3.0,5.213977336883545
C1,1381,0.8685539631541367,17.9,17.4,1,6.0,48.0,1.0,30,3.0,6.861719608306885
C1,1382,0.8575724027518892,17.7,17.3,1,3.200000047683716,24.0,1.0,30,3.0,7.98369836807251
C1,1383,0.8559587577917702,17.7,17.3,1,2.799999952316284,24.0,1.0,30,3.0,9.056885719299316
C1,1384,0.8575724027518892,17.8,17.4,1,3.200000047683716,24.0,1.0,30,3.0,8.63413143157959
C1,1385,0.8575724027518892,17.8,17.3,1,3.200000047683716,24.0,1.0,30,3.0,8.380478858947754
C1,1386,0.8685539631541367,17.7,17.4,1,6.0,48.0,1.0,30,3.0,9.294954299926758
C1,1387,0.8591758329899635,17.8,17.5,1,3.5999999046325684,30.0,1.0,30,3.0,10.110305786132812
C1,1388,0.5744120147012152,50.0,17.5,1,1.2000000476837158,9.0,1.0,30,3.0,9.932849884033203
C1,1389,0.852702823555001,17.8,17.3,1,2.0,18.0,1.0,30,3.0,8.493042945861816
C1,1390,0.8559587577917702,18.0,17.4,1,2.799999952316284,24.0,1.0,30,3.0,7.362492561340332
C1,1391,0.6813913342794425,44.3,33.4,1,17.200000762939453,68.0,1.0,30,2.0,10.817495346069336
C1,1392,0.5727547725551173,50.0,17.3,1,0.800000011920929,6.0,1.0,30,2.0,12.490497589111328
C1,1393,0.8494120147012152,17.9,17.5,1,1.2000000476837158,10.0,1.0,30,2.0,13.094298362731934
C1,1394,0.5744120147012152,50.0,17.2,1,1.2000000476837158,6.0,1.0,30,2.0,9.323246002197266
C1,1395,0.852702823555001,17.9,17.4,1,2.0,14.0,1.0,30,2.0,7.593947410583496
C1,1396,0.7741013474818902,17.6,17.4,1,3.200000047683716,28.0,1.0,50,2.0,7.756368637084961
C1,1397,0.852702823555001,17.8,17.4,1,2.0,16.0,1.0,30,2.0,8.520487785339355
C1,1398,0.8510615300280377,17.6,17.3,1,1.600000023841858,12.0,1.0,30,2.0,8.845625877380371
C1,1399,0.5727547725551173,50.0,17.4,1,0.800000011920929,5.0,1.0,30,1.0,7.8407087326049805
C1,1400,0.8494120147012152,17.8,17.3,1,1.2000000476837158,10.0,1.0,30,2.0,6.837758541107178
C1,1401,0.7082500000000002,43.1,33.2,1,21.600000381469727,78.0,1.0,30,2.0,10.635988235473633
C1,1402,0.852702823555001,17.6,17.3,1,2.0,14.0,1.0,30,2.0,13.18159294128418
C1,1403,0.5744120147012152,50.0,17.3,1,1.2000000476837158,8.0,1.0,30,2.0,14.57562255859375
C1,1404,0.5710902975977581,50.0,18.700000000000003,1,0.4000000059604645,2.0,1.0,30,1.0,10.478707313537598
C1,1405,0.8494120147012152,17.6,17.4,1,1.2000000476837158,10.0,1.0,30,1.0,8.420557022094727
C1,1406,0.8510615300280377,17.6,17.3,1,1.600000023841858,12.0,1.0,30,1.0,8.252334594726562
C1,1407,0.5744120147012152,50.0,17.4,1,1.2000000476837158,8.0,1.0,30,1.0,8.951400756835938
C1,1408,0.5744120147012152,50.0,17.3,1,1.2000000476837158,8.0,1.0,30,1.0,9.10417366027832
C1,1409,0.5744120147012152,50.0,17.2,1,1.2000000476837158,7.0,1.0,30,1.0,8.529170989990234
C1,1410,0.7110637162504144,17.8,17.4,1,2.799999952316284,24.0,1.0,70,3.0,8.184168815612793
C1,1411,0.6258614819225811,49.8,41.2,1,15.199999809265137,44.0,1.0,30,1.0,12.777168273925781
C1,1412,0.5744120147012152,50.0,17.3,1,1.2000000476837158,7.0,1.0,30,1.0,15.532967567443848
C1,1413,0.5744120147012152,50.0,17.3,1,1.2000000476837158,8.0,1.0,30,1.0,17.186447143554688
C1,1414,0.8559587577917702,17.6,17.3,1,2.799999952316284,24.0,1.0,30,3.0,13.378535270690918
C1,1415,0.852702823555001,17.7,17.3,1,2.0,18.0,1.0,30,3.0,10.960453987121582
C1,1416,0.7064166666666667,43.3,33.0,1,24.799999237060547,96.0,1.0,30,3.0,12.709606170654297
C1,1417,0.7210833333333334,41.7,32.599999999999994,1,23.200000762939453,96.0,1.0,30,3.0,16.959096908569336
C1,1418,-0.21642689681307148,134.4,59.0,8,59.70000076293945,297.0,1.0,30,3.0,31.908790588378906
C1,1419,0.777258862981741,32.099999999999994,21.3,8,11.550000190734863,171.0,1.0,30,3.0,44.21194076538086
C1,1420,0.7784868741713428,33.0,22.4,8,14.699999809265137,186.0,1.0,30,3.0,55.59383010864258
C1,1421,0.7785648683386039,32.2,21.5,8,12.25,174.0,1.0,30,3.0,56.956298828125
C1,1422,0.8473393125660467,17.8,17.2,8,0.699999988079071,33.0,1.0,30,3.0,51.640445709228516
C1,1423,0.6212500000000001,39.5,26.8,11,36.0,309.0,1.0,30,3.0,53.9176025390625
C1,1424,0.8463934451534713,18.0,17.2,11,0.4727272689342499,12.0,1.0,30,3.0,48.083892822265625
C1,1425,0.7904517365239316,28.2,19.8,11,5.236363410949707,123.0,1.0,30,3.0,48.58367156982422
C1,1426,0.8479057370613964,17.7,17.2,11,0.8363636136054993,48.0,1.0,30,3.0,37.28353500366211
C1,1427,0.8466963670404812,17.7,17.3,11,0.5454545617103577,15.0,1.0,30,3.0,30.63678741455078
C1,1428,0.6532552542815059,32.4,21.4,8,11.163636207580566,201.0,1.0,30,3.0,30.115406036376953
C1,1429,0.6679962791681336,44.0,28.7,9,45.88571548461914,330.0,1.0,30,3.0,42.33591079711914
C1,1430,0.6771666666666668,33.4,23.400000000000002,12,20.433332443237305,273.0,1.0,30,3.0,61.13488006591797
C1,1431,0.846784676191858,17.9,17.3,12,0.5666666626930237,28.0,1.0,30,2.0,65.34759521484375
C1,1432,0.8342702322523546,22.1,18.1,12,2.200000047683716,70.0,1.0,30,2.0,57.87522506713867
C1,1433,0.7676391990662617,32.300000000000004,21.5,12,9.233333587646484,146.0,1.0,30,2.0,50.99180221557617
C1,1434,0.5712292680775939,50.0,17.2,12,0.4333333373069763,4.0,1.0,30,2.0,45.26174545288086
C1,1435,0.44219501817081613,33.9,23.8,4,12.0,140.0,1.0,30,2.0,46.49038314819336
C1,1436,0.46106756676311045,48.800000000000004,32.9,4,28.5,162.0,1.0,90,2.0,48.294227600097656
C1,1437,0.8469234084714489,17.7,17.4,4,0.6000000238418579,12.0,1.0,30,2.0,49.90987014770508
C1,1438,0.8477547725551174,19.2,17.7,4,0.800000011920929,18.0,1.0,30,2.0,42.74592208862305
C1,1439,0.32683002375594666,50.5,35.1,6,46.5,210.0,1.0,30,2.0,41.647552490234375
C1,1440,0.7682428213847764,33.6,23.599999999999998,6,13.066666603088379,126.0,1.0,30,2.0,48.588531494140625
C1,1441,0.7576827851719092,33.5,23.7,6,9.533333778381348,110.0,1.0,30,2.0,58.886451721191406
C1,1442,0.7634060571320872,33.099999999999994,23.2,6,10.133333206176758,118.0,1.0,30,2.0,58.9318733215332
C1,1443,0.6892500000000001,44.3,29.2,7,35.33333206176758,226.0,1.0,30,2.0,65.62578582763672
C1,1444,0.8470422831418664,17.6,17.2,7,0.6285714507102966,22.0,1.0,30,2.0,63.775474548339844
C1,1445,0.8465665713007887,17.7,17.2,7,0.5142857432365417,24.0,1.0,30,3.0,55.86528396606445
C1,1446,0.8479919757253314,17.5,17.1,7,0.8571428656578064,36.0,1.0,30,3.0,37.652503967285156
C1,1447,0.8472799248274688,17.7,17.2,7,0.6857143044471741,30.0,1.0,30,3.0,26.591503143310547
C1,1448,0.8470422831418664,18.0,17.3,7,0.6285714507102966,18.0,1.0,30,3.0,19.688234329223633
C1,1449,0.3344120147012152,50.0,17.3,1,1.2000000476837158,9.0,1.0,30,3.0,14.346274375915527
C1,1450,0.8494120147012152,17.5,17.3,1,1.2000000476837158,10.0,1.0,30,2.0,10.474431037902832
C1,1451,0.8543353991895412,17.9,17.4,1,2.4000000953674316,22.0,1.0,30,2.0,8.817992210388184
C1,1452,0.5727547725551173,50.0,17.5,1,0.800000011920929,4.0,1.0,30,2.0,7.690795421600342
C1,1453,0.8575724027518892,17.6,17.3,1,3.200000047683716,24.0,1.0,30,3.0,7.414477348327637
C1,1454,0.852702823555001,17.8,17.5,1,2.0,15.0,1.0,30,3.0,6.448686122894287
C1,1455,0.5744120147012152,50.0,17.3,1,1.2000000476837158,9.0,1.0,30,3.0,6.00254487991333
C1,1456,0.7725566935861117,32.2,24.2,1,10.399999618530273,60.0,1.0,30,3.0,7.334860324859619
C1,1457,0.5744120147012152,50.0,17.4,1,1.2000000476837158,9.0,1.0,30,3.0,7.86758279800415
C1,1458,0.852702823555001,17.9,17.5,1,2.0,15.0,1.0,30,3.0,8.453883171081543
C1,1459,0.8543353991895412,17.8,17.5,1,2.4000000953674316,18.0,1.0,30,3.0,6.938996315002441
C1,1460,0.8559587577917702,18.3,17.4,1,2.799999952316284,18.0,1.0,30,3.0,6.430064678192139
C1,1461,0.8623500559002011,18.1,17.6,1,4.400000095367432,39.0,1.0,30,3.0,7.191371917724609
C1,1462,0.8543353991895412,17.5,17.3,1,2.4000000953674316,21.0,1.0,30,3.0,7.781489849090576
C1,1463,0.8559587577917702,17.8,17.3,1,2.799999952316284,21.0,1.0,30,3.0,8.26889419555664
C1,1464,0.5760615300280377,50.0,17.4,1,1.600000023841858,9.0,1.0,30,3.0,7.228003025054932
C1,1465,0.852702823555001,18.3,17.4,1,2.0,18.0,1.0,30,3.0,6.47013521194458
C1,1466,0.8559587577917702,17.6,17.3,1,2.799999952316284,24.0,1.0,30,3.0,6.14874792098999
C1,1467,0.8543353991895412,17.7,17.2,1,2.4000000953674316,18.0,1.0,30,3.0,6.355915546417236
C1,1468,0.8543353991895412,18.4,17.4,1,2.4000000953674316,15.0,1.0,30,3.0,6.346882343292236
C1,1469,0.5744120147012152,50.0,17.4,1,1.2000000476837158,8.0,1.0,30,2.0,5.80812931060791
C1,1470,0.8510615300280377,17.9,17.3,1,1.600000023841858,12.0,1.0,30,3.0,5.2182111740112305
C1,1471,0.8670222991527153,17.7,17.3,1,5.599999904632568,48.0,1.0,30,3.0,6.330926418304443
C1,1472,0.852702823555001,17.7,17.4,1,2.0,15.0,1.0,30,3.0,7.131889343261719
C1,1473,0.8510615300280377,18.0,17.3,1,1.600000023841858,12.0,1.0,30,3.0,7.612466812133789
C1,1474,0.5744120147012152,50.0,17.3,1,1.2000000476837158,9.0,1.0,30,3.0,6.167479991912842
C1,1475,0.852702823555001,17.8,17.2,1,2.0,15.0,1.0,30,3.0,5.300487995147705
C1,1476,0.8623500559002011,17.6,17.4,1,4.400000095367432,36.0,1.0,30,3.0,5.846959590911865
C1,1477,0.8607685509003341,17.8,17.4,1,4.0,33.0,1.0,30,3.0,7.241508960723877
C1,1478,0.8575724027518892,18.1,17.4,1,3.200000047683716,24.0,1.0,30,3.0,8.478239059448242
C1,1479,0.8607685509003341,17.6,17.3,1,4.0,33.0,1.0,30,3.0,9.086943626403809
C1,1480,0.776861684837483,32.300000000000004,24.9,1,12.0,63.0,1.0,30,3.0,10.785499572753906
C1,1481,0.7082500000000002,43.1,33.0,1,23.600000381469727,90.0,1.0,30,3.0,14.737966537475586
C1,1482,0.8623500559002011,17.5,17.2,1,4.400000095367432,42.0,1.0,30,3.0,17.50944709777832
C1,1483,0.7833481153739591,32.5,25.6,1,14.800000190734863,72.0,1.0,30,3.0,19.57233428955078
C1,1484,0.8685539631541367,17.6,17.3,1,6.0,57.0,1.0,30,3.0,19.343400955200195
C1,1485,0.7851814487072923,32.300000000000004,25.7,1,14.800000190734863,75.0,1.0,30,3.0,20.672706604003906
C1,1486,0.7826669395880748,32.2,25.4,1,13.600000381469727,75.0,1.0,30,3.0,21.60362434387207
C1,1487,0.8654774278277694,18.0,17.6,1,5.199999809265137,42.0,1.0,30,3.0,21.495508193969727
C1,1488,0.8685539631541367,18.2,17.7,1,6.0,51.0,1.0,30,3.0,20.363971710205078
C1,1489,0.6896735373961256,43.6,33.099999999999994,1,18.0,74.0,1.0,30,2.0,21.285049438476562
C1,1490,0.7009166666666666,43.9,34.3,1,25.600000381469727,96.0,1.0,30,3.0,24.237695693969727
C1,1491,0.7847504363535689,32.099999999999994,24.400000000000002,1,14.0,81.0,1.0,30,3.0,27.34261703491211
C1,1492,0.8700719235523432,17.8,17.4,1,6.400000095367432,57.0,1.0,30,3.0,26.805570602416992
C1,1493,0.7746697182260822,32.4,25.6,1,11.600000381469727,60.0,1.0,30,3.0,24.883342742919922
C1,1494,0.8670222991527153,17.7,17.4,1,5.599999904632568,51.0,1.0,30,3.0,22.396671295166016
C1,1495,0.7256666666666667,41.2,32.2,1,23.200000762939453,93.0,1.0,30,3.0,22.504669189453125
C1,1496,0.7100833333333334,42.9,33.0,1,22.799999237060547,93.0,1.0,30,3.0,24.036134719848633
C1,1497,0.8670222991527153,17.6,17.3,1,5.599999904632568,51.0,1.0,30,3.0,24.955015182495117
C1,1498,0.8654774278277694,17.7,17.3,1,5.199999809265137,45.0,1.0,30,3.0,23.373008728027344
C1,1499,0.8700719235523432,17.7,17.3,1,6.400000095367432,54.0,1.0,30,3.0,20.690471649169922
C1,1500,0.8654774278277694,17.7,17.4,1,5.199999809265137,48.0,1.0,30,3.0,18.947616577148438
C1,1501,-0.572808532635383,231.0,125.8,7,95.5,408.0,1.0,30,3.0,34.03523635864258
C1,1502,-0.01359932801120612,37.8,24.299999999999997,26,40.32307815551758,903.0,1.0,30,3.0,80.8211441040039
C1,1503,0.6975814722211199,28.400000000000002,19.900000000000002,29,13.627586364746094,369.0,1.0,30,3.0,123.15935516357422
C1,1504,0.8117822067665308,28.5,20.0,29,12.027585983276367,330.0,1.0,30,3.0,145.09561157226562
C1,1505,0.8079005551787208,27.799999999999997,19.5,29,8.9517240524292,270.0,1.0,30,3.0,130.12403869628906
C1,1506,0.7980599873976153,27.5,19.3,29,5.544827461242676,210.0,1.0,30,3.0,114.07441711425781
C1,1507,0.8202608930255195,28.2,19.900000000000002,29,13.917241096496582,399.0,1.0,30,3.0,107.51132202148438
C1,1508,0.20898545538924665,29.0,20.400000000000002,14,12.600000381469727,234.0,1.0,30,3.0,101.97345733642578
C1,1509,0.7971666666666668,33.4,23.3,14,24.885713577270508,360.0,1.0,30,3.0,105.3174057006836
C1,1510,0.8231852175670007,24.1,19.3,14,4.0,126.0,1.0,30,3.0,95.19044494628906
C1,1511,0.7857500000000001,32.9,22.9,16,33.0,477.0,1.0,30,3.0,99.91426849365234
C1,1512,0.8070572938275948,28.6,20.0,16,10.850000381469727,237.0,1.0,30,3.0,97.28189086914062
C1,1513,0.8480660711868196,17.6,17.3,16,0.875,57.0,1.0,30,3.0,92.63580322265625
C1,1514,0.8478585670966945,17.7,17.3,16,0.824999988079071,57.0,1.0,30,3.0,71.18148040771484
C1,1515,0.8504438987029458,17.8,17.7,16,1.4500000476837158,81.0,1.0,30,3.0,51.37555694580078
C1,1516,0.8493086579160041,17.9,18.0,16,1.1749999523162842,69.0,1.0,30,3.0,40.025333404541016
C1,1517,0.4498251368493961,18.2,17.4,6,1.2999999523162842,48.0,1.0,30,3.0,32.81520080566406
C1,1518,0.6518832352792385,17.8,17.4,1,1.7999999523162842,27.0,1.0,30,3.0,26.089120864868164
C1,1519,0.7084760865278696,18.3,17.5,1,1.600000023841858,14.0,1.0,70,1.0,20.853471755981445
C1,1520,0.852702823555001,17.8,17.4,1,2.0,15.0,1.0,30,3.0,16.24541664123535
C1,1521,0.7421666666666668,39.4,32.599999999999994,1,29.600000381469727,117.0,1.0,30,3.0,17.48058319091797
C1,1522,0.8591758329899635,17.9,17.4,1,3.5999999046325684,30.0,1.0,30,3.0,17.688350677490234
C1,1523,0.8639198485148963,17.6,17.3,1,4.800000190734863,42.0,1.0,30,3.0,19.013010025024414
C1,1524,0.8559587577917702,17.4,17.2,1,2.799999952316284,24.0,1.0,30,3.0,15.67447280883789
C1,1525,0.20165000000000002,105.39999999999999,50.4,3,38.53333282470703,130.0,1.0,30,2.0,21.004684448242188
C1,1526,0.6743333333333332,46.800000000000004,31.9,3,25.200000762939453,134.0,1.0,30,2.0,31.26947593688965
C1,1527,0.6523333333333334,49.2,34.5,3,34.13333511352539,158.0,1.0,30,2.0,46.89501953125
C1,1528,0.5221197161750032,49.6,35.0,3,48.0,219.0,1.0,90,3.0,57.337013244628906
C1,1529,0.4969166666666667,48.7,32.5,7,35.5428581237793,224.0,1.0,30,2.0,69.60220336914062
C1,1530,0.8323080145228291,18.0,17.4,9,0.9333333373069763,38.0,1.0,30,2.0,68.9613265991211
C1,1531,0.8209953480345485,23.099999999999998,18.4,9,1.2000000476837158,58.0,1.0,30,2.0,62.71012878417969
C1,1532,0.7932654999643781,26.8,19.099999999999998,9,2.711111068725586,64.0,1.0,30,2.0,48.29274368286133
C1,1533,0.7614166666666666,37.3,25.4,9,23.511110305786133,222.0,1.0,30,2.0,51.90897750854492
C1,1534,0.7312711927211629,38.800000000000004,26.0,9,36.977779388427734,342.0,1.0,50,3.0,65.41205596923828
C1,1535,0.7667871567042904,33.6,24.1,11,18.654544830322266,204.0,1.0,30,2.0,82.84722900390625
C1,1536,0.7793333333333333,33.6,23.599999999999998,13,34.109092712402344,372.0,1.0,30,3.0,95.04167175292969
C1,1537,0.8008333333333334,33.0,22.9,13,29.69230842590332,369.0,1.0,30,3.0,103.55833435058594
C1,1538,0.799,33.2,23.2,13,27.66153907775879,363.0,1.0,30,3.0,111.20166778564453
C1,1539,0.7980833333333334,33.300000000000004,23.0,13,25.78461456298828,333.0,1.0,30,3.0,114.05433654785156
C1,1540,0.7971666666666668,33.4,23.2,13,27.015384674072266,339.0,1.0,30,3.0,114.43260192871094
C1,1541,0.7579732752945992,33.2,23.099999999999998,13,28.830768585205078,375.0,1.0,50,3.0,115.1928939819336
C1,1542,0.7980833333333334,33.300000000000004,23.400000000000002,13,27.630769729614258,354.0,1.0,30,3.0,116.58240509033203
C1,1543,0.8008333333333334,33.0,23.0,13,26.153846740722656,333.0,1.0,30,3.0,117.14944458007812
C1,1544,0.7999166666666667,33.099999999999994,23.0,13,25.507692337036133,336.0,1.0,30,3.0,115.75633239746094
C1,1545,0.799,33.2,23.2,13,27.384614944458008,351.0,1.0,30,3.0,114.7871322631836
C1,1546,0.8008333333333334,33.0,22.9,13,28.646154403686523,372.0,1.0,30,3.0,115.93894958496094
C1,1547,0.7980833333333334,33.300000000000004,23.3,13,28.0,378.0,1.0,30,3.0,118.4967041015625
C1,1548,0.799,33.2,22.9,13,20.58461570739746,291.0,1.0,30,3.0,117.36468505859375
C1,1549,0.7565811265111962,33.099999999999994,23.0,13,8.184615135192871,104.0,1.0,30,1.0,114.01881408691406
C1,1550,0.7999166666666667,33.099999999999994,23.0,13,26.21538543701172,333.0,1.0,30,3.0,110.01128387451172
C1,1551,0.7971666666666668,33.4,23.2,13,30.21538543701172,399.0,1.0,30,3.0,112.40676879882812
C1,1552,0.6433956319398056,32.800000000000004,23.0,13,19.66153907775879,254.0,1.0,70,2.0,116.91072845458984
C1,1553,0.799,33.2,23.0,13,26.092308044433594,330.0,1.0,30,3.0,119.47977447509766
C1,1554,0.7962499999999999,33.5,23.3,13,25.41538429260254,318.0,1.0,30,3.0,117.42119598388672
C1,1555,0.7971666666666668,33.4,23.400000000000002,13,29.630769729614258,375.0,1.0,30,3.0,115.91938781738281
C1,1556,0.7857174169223408,33.300000000000004,23.3,13,18.738462448120117,238.0,1.0,30,2.0,116.21829986572266
C1,1557,0.7873488785631778,33.2,23.0,13,19.076923370361328,244.0,1.0,30,2.0,118.53097534179688
C1,1558,0.7777083040869915,32.800000000000004,22.599999999999998,13,13.784615516662598,196.0,1.0,30,2.0,116.31858825683594
C1,1559,0.7962499999999999,33.5,23.400000000000002,13,20.21538543701172,264.0,1.0,30,2.0,116.7244873046875
C1,1560,0.7924460532459633,32.800000000000004,22.599999999999998,13,19.78461456298828,285.0,1.0,30,3.0,113.36802673339844
C1,1561,0.5993559313601216,33.6,23.5,17,49.70909118652344,555.0,1.0,30,3.0,122.95414733886719
C1,1562,0.7949166666666667,31.9,21.3,19,23.55789566040039,432.0,1.0,30,3.0,130.30581665039062
C1,1563,0.8109166666666667,31.9,21.2,19,25.831579208374023,477.0,1.0,30,3.0,143.25015258789062
C1,1564,0.8496729904686657,17.7,17.7,19,1.263157844543457,87.0,1.0,30,3.0,130.21676635742188
C1,1565,0.8373231257129614,23.0,18.8,19,5.03157901763916,174.0,1.0,30,3.0,110.93006134033203
C1,1566,0.8486279379479308,17.9,17.7,19,1.0105262994766235,63.0,1.0,30,3.0,80.95803833007812
C1,1567,0.7266111931090936,17.6,17.1,16,0.5249999761581421,27.0,1.0,30,3.0,60.30815505981445
C1,1568,0.8492052715629252,18.2,17.9,16,1.149999976158142,72.0,1.0,30,3.0,43.384891510009766
C1,1569,0.3021535408380094,32.599999999999994,22.599999999999998,4,14.699999809265137,156.0,1.0,30,3.0,37.3642692565918
C1,1570,0.8249742371199794,23.599999999999998,19.2,4,3.299999952316284,72.0,1.0,30,3.0,35.751895904541016
C1,1571,0.7800771562928058,28.5,20.2,3,5.333333492279053,72.0,1.0,30,3.0,34.78446960449219
C1,1572,0.84886043483079,17.8,17.3,3,1.0666667222976685,18.0,1.0,30,3.0,28.070682525634766
C1,1573,0.8548775670112005,17.7,17.4,3,2.5333333015441895,54.0,1.0,30,3.0,23.242408752441406
C1,1574,0.8548775670112005,17.8,17.4,3,2.5333333015441895,57.0,1.0,30,3.0,19.67877960205078
C1,1575,0.8415724027518892,17.7,17.3,1,3.200000047683716,30.0,1.0,30,3.0,18.07393455505371
C1,1576,0.8654774278277694,17.9,17.6,1,5.199999809265137,42.0,1.0,30,3.0,16.577693939208984
C1,1577,0.8575724027518892,17.7,17.4,1,3.200000047683716,24.0,1.0,30,3.0,14.213282585144043
C1,1578,0.7073333333333333,43.2,33.7,1,24.0,93.0,1.0,30,3.0,15.594635963439941
C1,1579,0.29214999999999997,75.39999999999999,42.4,2,29.200000762939453,112.0,1.0,30,2.0,22.023448944091797
C1,1580,0.7209450181708162,38.4,26.0,2,12.0,64.0,1.0,30,2.0,29.08073616027832
C1,1581,0.7628219235523432,31.7,21.6,2,6.400000095367432,58.0,1.0,30,2.0,33.04844284057617
C1,1582,0.6887341229347824,43.0,29.2,2,15.399999618530273,82.0,1.0,30,2.0,33.4290657043457
C1,1583,0.7676366033982827,31.9,21.8,2,8.199999809265137,75.0,1.0,30,3.0,32.72410583496094
C1,1584,0.8494120147012152,17.7,17.2,2,1.2000000476837158,15.0,1.0,30,3.0,29.10112953186035
C1,1585,0.8518832352792386,17.5,17.1,2,1.7999999523162842,21.0,1.0,30,3.0,22.394010543823242
C1,1586,0.8551482611556788,17.5,17.1,2,2.5999999046325684,39.0,1.0,30,3.0,16.76974105834961
C1,1587,0.8414120147012152,18.700000000000003,17.3,1,1.2000000476837158,12.0,1.0,30,3.0,13.26184368133545
C1,1588,0.8559587577917702,17.9,17.6,1,2.799999952316284,24.0,1.0,30,3.0,11.29043960571289
C1,1589,0.5760615300280377,50.0,17.4,1,1.600000023841858,9.0,1.0,30,3.0,8.774264335632324
C1,1590,0.852702823555001,17.5,17.4,1,2.0,21.0,1.0,30,3.0,7.664558410644531
C1,1591,0.7729751019079882,32.300000000000004,25.2,1,10.800000190734863,60.0,1.0,30,3.0,8.598734855651855
C1,1592,0.8559587577917702,18.599999999999998,17.6,1,2.799999952316284,24.0,1.0,30,3.0,9.825907707214355
C1,1593,0.8607685509003341,17.8,17.5,1,4.0,30.0,1.0,30,3.0,10.962211608886719
C1,1594,0.852702823555001,18.2,17.5,1,2.0,15.0,1.0,30,3.0,9.643993377685547
C1,1595,0.8575724027518892,17.8,17.5,1,3.200000047683716,24.0,1.0,30,3.0,8.853062629699707
C1,1596,0.8575724027518892,17.7,17.4,1,3.200000047683716,30.0,1.0,30,3.0,8.378504753112793
C1,1597,0.8623500559002011,18.3,17.6,1,4.400000095367432,36.0,1.0,30,3.0,9.02710247039795
C1,1598,0.8575724027518892,18.0,17.5,1,3.200000047683716,27.0,1.0,30,3.0,9.54959487915039
C1,1599,0.852702823555001,17.6,17.3,1,2.0,15.0,1.0,30,3.0,9.196423530578613
C1,1600,0.8575724027518892,17.7,17.4,1,3.200000047683716,27.0,1.0,30,3.0,8.584521293640137
C1,1601,0.8607685509003341,18.1,17.6,1,4.0,27.0,1.0,30,3.0,8.217379570007324
C1,1602,0.8559587577917702,17.6,17.3,1,2.799999952316284,24.0,1.0,30,3.0,8.397093772888184
C1,1603,0.8654774278277694,17.7,17.4,1,5.199999809265137,42.0,1.0,30,3.0,9.171589851379395
C1,1604,0.852702823555001,17.6,17.3,1,2.0,18.0,1.0,30,3.0,9.236287117004395
C1,1605,0.5760615300280377,50.0,17.5,1,1.600000023841858,9.0,1.0,30,3.0,8.608439445495605
C1,1606,0.8639198485148963,17.8,17.4,1,4.800000190734863,42.0,1.0,30,3.0,8.231730461120605
C1,1607,0.8591758329899635,17.6,17.3,1,3.5999999046325684,30.0,1.0,30,3.0,8.539037704467773
C1,1608,0.25775,85.0,44.8,3,38.66666793823242,171.0,1.0,30,3.0,15.923422813415527
C1,1609,0.7375833333333334,39.9,28.1,3,27.066667556762695,162.0,1.0,30,3.0,25.687387466430664
C1,1610,0.004658805733749473,64.9,37.3,10,52.099998474121094,324.0,1.0,30,3.0,44.612430572509766
C1,1611,0.6661666666666668,34.6,24.6,13,33.5076904296875,375.0,1.0,30,3.0,65.03412628173828
C1,1612,0.7971666666666668,33.4,23.2,13,25.96923065185547,327.0,1.0,30,3.0,84.62047576904297
C1,1613,0.7999166666666667,33.099999999999994,22.599999999999998,13,21.076923370361328,294.0,1.0,30,3.0,95.03895568847656
C1,1614,0.799,33.2,23.3,13,24.615385055541992,315.0,1.0,30,3.0,98.62337493896484
C1,1615,0.7980833333333334,33.300000000000004,23.0,13,26.399999618530273,351.0,1.0,30,3.0,101.84069061279297
C1,1616,0.7887374682252652,32.4,22.1,13,16.492307662963867,258.0,1.0,30,3.0,102.17108154296875
C1,1617,0.7960998051432682,29.1,20.7,13,8.984615325927734,189.0,1.0,30,3.0,96.76931762695312
C1,1618,0.8276381728579196,22.5,17.8,13,1.4769231081008911,78.0,1.0,30,3.0,81.3949203491211
C1,1619,0.7971666666666668,33.4,23.3,13,24.061538696289062,303.0,1.0,30,3.0,74.1702880859375
C1,1620,0.776731962023386,32.7,22.4,12,16.0,243.0,1.0,30,3.0,72.23550415039062
C1,1621,-0.4267500427188741,33.300000000000004,23.2,39,76.52727508544922,1227.0,1.0,30,3.0,122.14130401611328
C1,1622,0.8549166666666668,27.099999999999998,19.099999999999998,39,29.507692337036133,1101.0,1.0,30,3.0,187.55145263671875
C1,1623,0.8298025580525246,24.0,18.9,39,5.4564104080200195,240.0,1.0,30,3.0,226.66419982910156
C1,1624,0.8474139153523309,17.8,17.6,39,0.7179487347602844,69.0,1.0,30,3.0,198.66519165039062
C1,1625,0.7859486320283524,27.799999999999997,19.5,39,3.1692306995391846,109.0,1.0,30,1.0,147.4657745361328
C1,1626,0.8393249668817045,23.0,18.700000000000003,39,5.548717975616455,249.0,1.0,30,3.0,117.14613342285156
C1,1627,0.8383582665888063,23.2,18.700000000000003,39,5.774358749389648,267.0,1.0,30,3.0,107.75434875488281
C1,1628,-0.4238787543038285,24.5,19.2,8,3.1500000953674316,126.0,1.0,30,3.0,93.18594360351562
C1,1629,0.7812054997801604,28.0,19.599999999999998,8,2.450000047683716,62.0,1.0,30,2.0,77.51156616210938
C1,1630,0.751630262898271,32.099999999999994,21.1,8,4.449999809265137,80.0,1.0,30,2.0,61.573604583740234
C1,1631,0.7814890694185559,28.299999999999997,20.0,8,3.200000047683716,78.0,1.0,30,2.0,51.6108283996582
C1,1632,0.8133165691642151,23.2,18.700000000000003,7,1.5,42.0,1.0,30,2.0,44.29983139038086
C1,1633,0.5824697798576393,28.8,20.5,2,4.599999904632568,50.0,1.0,30,2.0,37.913230895996094
C1,1634,-0.10795865384175223,100.9,49.7,7,74.80000305175781,232.0,1.0,30,2.0,44.347938537597656
C1,1635,0.7679039270100372,35.4,25.2,7,19.428571701049805,178.0,1.0,30,2.0,57.275428771972656
C1,1636,0.7819482565407284,28.299999999999997,20.2,7,3.3142857551574707,64.0,1.0,30,2.0,65.96525573730469
C1,1637,0.8311701849740175,22.4,18.1,7,2.114285707473755,54.0,1.0,30,2.0,59.3124885559082
C1,1638,0.7649373058563171,33.300000000000004,22.9,7,11.142857551574707,126.0,1.0,30,2.0,51.85416030883789
C1,1639,0.7550895839694377,35.6,24.400000000000002,7,14.857142448425293,152.0,1.0,30,2.0,53.24583053588867
C1,1640,0.5556458959267463,50.0,17.2,5,0.5333333611488342,8.0,1.0,30,2.0,51.014163970947266
C1,1641,0.8397547725551174,17.7,17.1,4,0.800000011920929,17.0,1.0,30,1.0,43.541831970214844
C1,1642,0.7667199391474321,32.800000000000004,23.0,4,10.300000190734863,88.0,1.0,30,2.0,34.79176712036133
C1,1643,0.756005871757178,31.9,20.7,4,5.099999904632568,66.0,1.0,30,2.0,33.40839385986328
C1,1644,0.7615799919607618,33.099999999999994,23.8,4,9.600000381469727,86.0,1.0,30,2.0,36.04503631591797
C1,1645,0.008307819176888175,99.1,47.5,4,107.0,270.0,1.0,30,2.0,49.760353088378906
C1,1646,0.551,42.8,27.900000000000002,8,29.649999618530273,240.0,1.0,30,2.0,69.58954620361328
C1,1647,0.7430833333333333,39.300000000000004,26.8,8,33.25,270.0,1.0,30,2.0,93.75373077392578
C1,1648,0.7460833333333333,38.1,25.5,9,24.711111068725586,232.0,1.0,30,2.0,105.71890258789062
C1,1649,0.7513333333333333,38.4,25.8,9,31.822221755981445,288.0,1.0,30,2.0,116.09800720214844
C1,1650,0.6615833333333334,35.1,24.6,12,37.233333587646484,378.0,1.0,30,3.0,121.12547302246094
C1,1651,0.5645,32.599999999999994,22.4,18,36.11428451538086,513.0,1.0,30,3.0,131.47528076171875
C1,1652,0.7971913348378752,32.0,21.5,18,18.53333282470703,321.0,1.0,30,3.0,132.7518310546875
C1,1653,0.8081666666666668,32.2,21.5,18,22.733333587646484,411.0,1.0,30,3.0,134.98443603515625
C1,1654,0.8109166666666667,31.9,21.3,18,20.733333587646484,363.0,1.0,30,3.0,129.65733337402344
C1,1655,0.8090833333333334,32.099999999999994,21.5,18,25.600000381469727,459.0,1.0,30,3.0,132.59439086914062
C1,1656,0.8081666666666668,32.2,21.3,18,23.53333282470703,411.0,1.0,30,3.0,134.3566436767578
C1,1657,0.79125,32.300000000000004,21.9,16,25.075000762939453,390.0,1.0,30,3.0,136.61398315429688
C1,1658,0.8063333333333333,32.4,22.0,16,23.549999237060547,360.0,1.0,30,3.0,133.56838989257812
C1,1659,0.8054166666666667,32.5,22.2,16,26.225000381469727,408.0,1.0,30,3.0,131.60769653320312
C1,1660,0.8045,32.599999999999994,22.3,16,23.274999618530273,372.0,1.0,30,3.0,129.63128662109375
C1,1661,0.7965,32.599999999999994,22.5,15,31.866666793823242,474.0,1.0,30,3.0,133.51210021972656
C1,1662,0.8045,32.599999999999994,22.4,15,25.30666732788086,369.0,1.0,30,3.0,134.10726928710938
C1,1663,0.8063333333333333,32.4,22.3,15,28.399999618530273,426.0,1.0,30,3.0,136.86436462402344
C1,1664,0.8017500000000001,32.9,22.700000000000003,15,24.586666107177734,363.0,1.0,30,3.0,133.5852813720703
C1,1665,0.8063333333333333,32.4,22.4,15,27.68000030517578,402.0,1.0,30,3.0,133.08450317382812
C1,1666,0.8026666666666666,32.800000000000004,22.4,15,26.66666603088379,390.0,1.0,30,3.0,131.1840362548828
C1,1667,0.8026666666666666,32.800000000000004,22.4,15,30.53333282470703,459.0,1.0,30,3.0,134.3104248046875
C1,1668,0.8054166666666667,32.5,22.2,15,26.746665954589844,393.0,1.0,30,3.0,135.7862548828125
C1,1669,0.8035833333333333,32.7,22.5,15,30.479999542236328,447.0,1.0,30,3.0,139.205078125
C1,1670,0.8045,32.599999999999994,22.2,15,25.760000228881836,378.0,1.0,30,3.0,137.65638732910156
C1,1671,0.8026666666666666,32.800000000000004,22.5,15,27.920000076293945,408.0,1.0,30,3.0,137.39382934570312
C1,1672,0.6433577117971728,32.599999999999994,22.1,15,19.14666748046875,276.0,1.0,70,2.0,135.76963806152344
C1,1673,0.8054166666666667,32.5,22.2,15,28.66666603088379,441.0,1.0,30,3.0,137.59510803222656
C1,1674,0.8063333333333333,32.4,22.3,15,25.49333381652832,375.0,1.0,30,3.0,137.22373962402344
C1,1675,0.8063333333333333,32.4,22.2,15,30.773332595825195,450.0,1.0,30,3.0,138.6009063720703
C1,1676,0.792037291368393,32.599999999999994,22.5,15,18.69333267211914,266.0,1.0,30,2.0,137.560546875
C1,1677,0.8054166666666667,32.5,22.2,15,29.600000381469727,444.0,1.0,30,3.0,140.00299072265625
C1,1678,0.8035833333333333,32.7,22.4,15,26.213333129882812,402.0,1.0,30,3.0,139.3351287841797
C1,1679,0.8026666666666666,32.800000000000004,22.3,15,26.053333282470703,378.0,1.0,30,3.0,138.00108337402344
C1,1680,0.8035833333333333,32.7,22.3,15,23.626667022705078,357.0,1.0,30,3.0,133.333984375
C1,1681,0.8063333333333333,32.4,22.2,15,32.53333282470703,477.0,1.0,30,3.0,133.86705017089844
C1,1682,0.8054166666666667,32.5,22.2,15,26.639999389648438,390.0,1.0,30,3.0,134.72023010253906
C1,1683,0.79125,32.300000000000004,22.0,17,32.188236236572266,492.0,1.0,30,3.0,141.23214721679688
C1,1684,0.80725,32.300000000000004,21.8,17,23.552940368652344,396.0,1.0,30,3.0,141.53929138183594
C1,1685,0.8090833333333334,32.099999999999994,21.8,17,24.04705810546875,417.0,1.0,30,3.0,142.92356872558594
C1,1686,0.8081666666666668,32.2,21.7,17,24.32941246032715,390.0,1.0,30,3.0,139.22080993652344
C1,1687,0.7905162191863572,32.2,21.4,17,16.47058868408203,297.0,1.0,30,3.0,132.59915161132812
C1,1688,0.8063333333333333,32.4,21.7,17,21.929410934448242,363.0,1.0,30,3.0,126.22615814208984
C1,1689,0.79125,32.300000000000004,22.0,15,27.65333366394043,417.0,1.0,30,3.0,123.60236358642578
C1,1690,0.5318333333333333,31.8,21.7,22,29.545454025268555,597.0,1.0,30,3.0,135.36141967773438
C1,1691,0.8056111313604185,27.7,19.400000000000002,22,8.054545402526855,237.0,1.0,30,3.0,136.8168487548828
C1,1692,0.7999605419487382,31.6,20.8,22,18.127273559570312,384.0,1.0,30,3.0,136.22344970703125
C1,1693,0.7957912747334621,31.9,21.1,22,17.509090423583984,372.0,1.0,30,3.0,125.86740112304688
C1,1694,0.8469990600570033,17.7,17.2,22,0.6181818246841431,54.0,1.0,30,3.0,111.52043914794922
C1,1695,0.6097125155049797,17.9,17.7,16,1.2727272510528564,62.0,1.0,30,2.0,89.97892761230469
C1,1696,0.7866666666666666,32.800000000000004,22.700000000000003,14,22.02857208251953,303.0,1.0,30,3.0,73.98735809326172
C1,1697,0.5663333333333334,32.4,21.9,20,32.439998626708984,603.0,1.0,30,3.0,88.79241180419922
C1,1698,0.7994146344694639,32.0,21.3,20,19.600000381469727,375.0,1.0,30,3.0,110.20878601074219
C1,1699,0.7979333847861322,32.099999999999994,21.5,20,19.31999969482422,366.0,1.0,30,3.0,125.85860443115234
C1,1700,0.8109166666666667,31.9,21.1,20,23.520000457763672,450.0,1.0,30,3.0,128.44850158691406
C1,1701,0.8118333333333333,31.8,20.9,20,30.84000015258789,621.0,1.0,30,3.0,140.93576049804688
C1,1702,0.8109166666666667,31.9,21.2,20,22.920000076293945,453.0,1.0,30,3.0,152.29478454589844
C1,1703,0.8090833333333334,32.099999999999994,21.3,20,24.040000915527344,465.0,1.0,30,3.0,159.77687072753906
C1,1704,0.8109166666666667,31.9,21.0,20,22.1200008392334,432.0,1.0,30,3.0,155.86611938476562
C1,1705,0.7981877993694245,29.6,20.299999999999997,20,10.9399995803833,264.0,1.0,30,3.0,145.1196746826172
C1,1706,0.8054551811782403,28.8,20.299999999999997,20,10.920000076293945,267.0,1.0,30,3.0,129.87181091308594
C1,1707,0.42937404861887823,32.2,21.7,16,17.875,286.0,1.0,90,2.0,120.58975219726562
C1,1708,0.7909625910006719,30.099999999999998,20.7,16,10.149999618530273,213.0,1.0,30,3.0,112.75385284423828
C1,1709,0.7875833333333333,32.7,22.4,14,42.2933349609375,633.0,1.0,50,3.0,124.31897735595703
C1,1710,0.7626276028226628,33.2,23.099999999999998,13,32.64615249633789,420.0,1.0,50,3.0,130.85804748535156
C1,1711,0.783,33.2,23.0,15,31.013334274291992,444.0,1.0,30,3.0,145.0481719970703
C1,1712,0.7921666666666668,32.2,21.9,17,32.30588150024414,528.0,1.0,30,3.0,148.89556884765625
C1,1713,0.8035833333333333,32.7,22.1,17,28.0,462.0,1.0,30,3.0,153.0706787109375
C1,1714,0.8081666666666668,32.2,21.7,17,27.67058753967285,462.0,1.0,30,3.0,156.375732421875
C1,1715,0.8063333333333333,32.4,22.0,17,22.117647171020508,363.0,1.0,30,3.0,151.0254364013672
C1,1716,0.8081666666666668,32.2,21.7,17,26.235294342041016,438.0,1.0,30,3.0,146.74859619140625
C1,1717,0.8090833333333334,32.099999999999994,21.7,17,21.129411697387695,357.0,1.0,30,3.0,139.5158233642578
C1,1718,0.8289657707384768,22.599999999999998,18.2,17,2.023529529571533,93.0,1.0,30,3.0,123.17616271972656
C1,1719,0.5728015113646535,32.4,21.9,15,18.564706802368164,306.0,1.0,90,2.0,114.30569458007812
C1,1720,0.8010420914452046,28.5,20.1,15,8.826666831970215,207.0,1.0,30,3.0,102.3167495727539
C1,1721,0.7758134195365338,32.0,21.1,15,10.826666831970215,222.0,1.0,30,3.0,100.85671997070312
C1,1722,0.6725833333333334,33.9,23.7,12,28.799999237060547,342.0,1.0,30,3.0,94.78070068359375
C1,1723,0.7935,33.8,23.8,12,25.366666793823242,312.0,1.0,30,3.0,95.80175018310547
C1,1724,0.7751019247884594,31.7,21.0,12,9.800000190734863,186.0,1.0,30,3.0,94.81438446044922
C1,1725,0.8307208247152224,22.9,18.5,12,3.133333444595337,108.0,1.0,30,3.0,83.82196044921875
C1,1726,0.7737202042829603,31.7,20.9,12,9.399999618530273,189.0,1.0,30,3.0,71.75984191894531
C1,1727,0.7953333333333333,33.6,23.599999999999998,12,30.933332443237305,369.0,1.0,30,3.0,72.6559066772461
C1,1728,0.7925833333333334,33.9,23.8,12,27.03333282470703,321.0,1.0,30,3.0,82.66020965576172
C1,1729,0.784402011889678,32.0,21.5,12,13.566666603088379,225.0,1.0,30,3.0,90.2627944946289
C1,1730,0.7823942209146296,32.099999999999994,21.2,12,13.199999809265137,222.0,1.0,30,3.0,88.29100799560547
C1,1731,0.8026666666666666,32.800000000000004,22.8,12,21.03333282470703,282.0,1.0,30,3.0,85.37460327148438
C1,1732,0.6817500000000001,32.9,22.8,15,36.266666412353516,448.0,1.0,30,2.0,103.4914321899414
C1,1733,0.7681364394174396,32.099999999999994,21.3,15,8.853333473205566,164.0,1.0,30,2.0,115.42819213867188
C1,1734,0.789742860505804,27.2,19.2,15,2.746666669845581,92.0,1.0,30,2.0,116.19024658203125
C1,1735,0.574775857757116,32.5,22.1,15,10.026666641235352,147.0,1.0,90,1.0,106.38081359863281
C1,1736,0.7811552568856766,29.7,20.299999999999997,15,6.400000095367432,134.0,1.0,30,2.0,98.49515533447266
C1,1737,0.78866909787557,27.900000000000002,19.599999999999998,15,4.079999923706055,110.0,1.0,30,2.0,94.96376037597656
C1,1738,0.24671642167674762,44.3,29.7,5,46.2400016784668,272.0,1.0,70,2.0,91.37825775146484
C1,1739,0.5950747789359765,32.599999999999994,21.8,9,6.5333333015441895,118.0,1.0,30,2.0,88.16028594970703
C1,1740,0.847385496981244,17.8,17.1,9,0.7111111283302307,26.0,1.0,30,2.0,80.62950897216797
C1,1741,-0.5554446134276871,38.0,24.400000000000002,38,77.97777557373047,1378.0,1.0,30,2.0,149.84437561035156
C1,1742,0.5225661296511405,26.1,19.0,46,15.0,651.0,1.0,30,3.0,212.43995666503906
C1,1743,0.8469957710613844,17.6,17.2,46,0.6173912882804871,72.0,1.0,30,3.0,251.46397399902344
C1,1744,0.8464527302764945,17.6,17.1,46,0.48695650696754456,51.0,1.0,30,3.0,185.27838134765625
C1,1745,0.8349638248397029,22.8,18.599999999999998,46,3.965217351913452,222.0,1.0,30,3.0,126.5003662109375
C1,1746,0.8367763517962608,22.700000000000003,18.5,46,4.1913042068481445,234.0,1.0,30,3.0,98.43354797363281
C1,1747,-0.11166795004451228,17.7,17.5,22,0.939130425453186,78.0,1.0,30,3.0,82.79346466064453
C1,1748,0.1898333333333334,34.2,23.8,7,20.05714225769043,216.0,1.0,30,3.0,73.14274597167969
C1,1749,0.74675,38.9,26.200000000000003,7,29.657142639160156,258.0,1.0,30,3.0,68.41898345947266
C1,1750,0.49622330153762473,38.6,25.6,13,41.68000030517578,420.0,1.0,30,3.0,80.78472137451172
C1,1751,0.783,33.2,22.599999999999998,15,26.559999465942383,393.0,1.0,30,3.0,96.07083129882812
C1,1752,0.7777654572092154,31.7,20.6,15,10.58666706085205,222.0,1.0,30,3.0,103.64250183105469
C1,1753,0.7760989752515401,32.300000000000004,22.0,15,11.760000228881836,182.0,1.0,30,2.0,101.65216827392578
C1,1754,0.6057940994466234,33.4,23.099999999999998,15,9.786666870117188,135.0,1.0,70,1.0,100.99130249023438
C1,1755,0.777665248998815,33.2,23.0,15,15.066666603088379,230.0,1.0,30,2.0,106.06144714355469
C1,1756,0.7685096853605522,29.8,20.8,13,7.546666622161865,148.0,1.0,30,2.0,106.83686828613281
C1,1757,0.628037912362838,23.2,19.099999999999998,8,3.1500000953674316,66.0,1.0,30,2.0,93.70211791992188
C1,1758,0.7568333333333334,37.8,25.5,8,20.450000762939453,190.0,1.0,30,2.0,83.15460205078125
C1,1759,0.7575045760515847,31.8,20.9,8,5.25,98.0,1.0,30,2.0,73.49275970458984
C1,1760,0.7490769544583622,32.4,21.2,8,4.5,82.0,1.0,30,2.0,68.76232147216797
C1,1761,0.6846666666666666,44.8,29.6,7,38.13333511352539,246.0,1.0,30,2.0,69.65739440917969
C1,1762,0.7538653731203695,33.2,22.599999999999998,8,9.949999809265137,124.0,1.0,30,2.0,71.92777252197266
C1,1763,0.8275432979806738,22.700000000000003,18.5,8,1.899999976158142,52.0,1.0,30,2.0,71.28999328613281
C1,1764,0.7604492139917354,32.0,21.5,8,6.5,100.0,1.0,30,2.0,61.17399597167969
C1,1765,0.49683360063675347,37.199999999999996,24.8,14,46.400001525878906,411.0,1.0,30,3.0,65.10440063476562
C1,1766,0.8349439160791511,23.099999999999998,18.700000000000003,14,4.657142639160156,141.0,1.0,30,3.0,70.26264190673828
C1,1767,0.7867277379212371,32.2,21.4,14,15.028571128845215,243.0,1.0,30,3.0,77.49091339111328
C1,1768,0.8026666666666666,32.800000000000004,22.599999999999998,14,27.171428680419922,381.0,1.0,30,3.0,80.49455261230469
C1,1769,0.7871976672328439,30.0,20.400000000000002,14,8.800000190734863,186.0,1.0,30,3.0,84.2967300415039
C1,1770,0.8008333333333334,33.0,22.9,14,31.342857360839844,423.0,1.0,30,3.0,94.57804107666016
C1,1771,0.8017500000000001,32.9,22.700000000000003,14,26.22857093811035,363.0,1.0,30,3.0,99.94682312011719
C1,1772,0.8035833333333333,32.7,22.599999999999998,14,29.799999237060547,420.0,1.0,30,3.0,113.5680923461914
C1,1773,0.8008333333333334,33.0,23.0,14,28.657142639160156,396.0,1.0,30,3.0,120.54085540771484
C1,1774,0.798271350936214,29.0,20.299999999999997,14,9.342857360839844,192.0,1.0,30,3.0,117.12451171875
C1,1775,0.7875833333333333,32.7,22.599999999999998,16,33.05714416503906,441.0,1.0,30,3.0,116.00804138183594
C1,1776,0.8054166666666667,32.5,22.2,16,28.024999618530273,435.0,1.0,30,3.0,117.07149505615234
C1,1777,0.7909648503520581,32.2,21.4,16,16.649999618530273,279.0,1.0,30,3.0,121.57622528076172
C1,1778,0.8054166666666667,32.5,21.9,16,22.75,348.0,1.0,30,3.0,120.14573669433594
C1,1779,0.8026666666666666,32.800000000000004,22.4,16,24.200000762939453,387.0,1.0,30,3.0,117.15410614013672
C1,1780,0.7968004671996407,28.6,20.2,16,7.900000095367432,192.0,1.0,30,3.0,111.49246215820312
C1,1781,0.796618561097578,28.6,20.0,16,7.849999904632568,183.0,1.0,30,3.0,100.76214599609375
C1,1782,0.6686733272515848,32.2,21.7,13,15.753846168518066,246.0,1.0,30,3.0,88.05728912353516
C1,1783,0.7934286139674621,28.5,20.0,13,6.738461494445801,153.0,1.0,30,3.0,78.70104217529297
C1,1784,0.793167672855086,27.599999999999998,19.3,13,4.523077011108398,129.0,1.0,30,3.0,70.68728637695312
C1,1785,0.3994530506894491,38.4,25.7,7,11.485713958740234,90.0,1.0,50,1.0,66.94570922851562
C1,1786,0.7827279286855069,33.2,23.599999999999998,7,17.02857208251953,198.0,1.0,30,3.0,66.70075988769531
C1,1787,0.7403333333333333,39.6,27.2,7,23.200000762939453,192.0,1.0,30,2.0,73.62045288085938
C1,1788,0.7479008238886551,32.4,21.7,6,6.266666889190674,98.0,1.0,30,2.0,72.30560302734375
C1,1789,0.5864166666666667,43.3,28.2,9,36.35555648803711,294.0,1.0,30,2.0,82.31669616699219
C1,1790,0.74675,38.9,26.1,9,27.822221755981445,258.0,1.0,30,2.0,92.72335052490234
C1,1791,0.7513333333333333,38.4,25.9,9,22.622222900390625,206.0,1.0,30,2.0,106.16734313964844
C1,1792,0.7583136666050772,32.099999999999994,21.2,9,6.1777777671813965,112.0,1.0,30,2.0,102.10040283203125
C1,1793,0.7862731253714327,27.7,19.3,9,3.0222222805023193,72.0,1.0,30,2.0,87.26024627685547
C1,1794,0.7866829028289184,27.400000000000002,19.0,9,2.444444417953491,66.0,1.0,30,2.0,69.02281188964844
C1,1795,0.774869406845728,33.7,23.900000000000002,9,15.733333587646484,170.0,1.0,30,2.0,61.947021484375
C1,1796,0.7475443522336527,34.1,24.0,7,13.028571128845215,140.0,1.0,30,2.0,62.23487854003906
C1,1797,0.47673143492244796,42.9,27.900000000000002,12,48.91999816894531,420.0,1.0,30,2.0,86.0075912475586
C1,1798,0.6863333333333334,32.4,22.3,15,22.8799991607666,332.0,1.0,30,2.0,111.07122039794922
C1,1799,0.6072499999999998,32.300000000000004,21.9,20,37.560001373291016,664.0,1.0,30,2.0,161.04273986816406
C1,1800,0.846507067464285,17.8,17.3,20,0.5,22.0,1.0,30,2.0,164.4923095703125
C1,1801,0.8004505007662108,31.9,21.0,20,19.65999984741211,382.0,1.0,30,2.0,169.8953857421875
C1,1802,0.8109166666666667,31.9,21.3,20,52.380001068115234,1038.0,1.0,50,2.0,198.070556640625
C1,1803,0.21158576454223668,25.4,19.099999999999998,35,4.079999923706055,164.0,1.0,30,2.0,224.4423370361328
C1,1804,0.8463285038881723,17.6,17.2,35,0.4571428596973419,22.0,1.0,30,2.0,216.26539611816406
C1,1805,0.8469471860645398,17.7,17.5,35,0.6057142615318298,48.0,1.0,30,2.0,145.35923767089844
C1,1806,0.8463761284870088,17.8,17.2,35,0.46857142448425293,34.0,1.0,30,2.0,94.14888000488281
C1,1807,0.83051567916041,22.4,18.3,35,1.954285740852356,108.0,1.0,30,2.0,69.15599060058594
C1,1808,-0.4206364246155086,27.599999999999998,18.8,5,1.1076923608779907,50.0,1.0,30,2.0,54.29359436035156
C1,1809,0.6368731473636589,32.099999999999994,20.8,2,5.800000190734863,52.0,1.0,30,2.0,46.57615661621094
C1,1810,0.26596229252534165,79.5,42.8,3,42.400001525878906,142.0,1.0,30,2.0,44.21236038208008
C1,1811,0.7049733602527783,38.699999999999996,26.599999999999998,4,10.399999618530273,108.0,1.0,30,2.0,46.66075134277344
C1,1812,0.8481697802472762,17.7,17.2,4,0.8999999761581421,18.0,1.0,30,2.0,45.86311721801758
C1,1813,0.4958099403320906,49.8,34.4,7,48.20000076293945,218.0,1.0,30,2.0,50.451202392578125
C1,1814,0.7846898853223436,27.799999999999997,19.3,7,2.857142925262451,60.0,1.0,30,2.0,50.00405502319336
C1,1815,0.7803374788447209,28.299999999999997,20.2,7,2.914285659790039,60.0,1.0,30,2.0,52.5357666015625
C1,1816,0.5763702859673874,33.7,23.3,7,18.285715103149414,207.0,1.0,90,3.0,48.721458435058594
C1,1817,0.7931331173143733,27.599999999999998,19.3,7,4.514285564422607,93.0,1.0,30,3.0,46.56620788574219
C1,1818,0.7991143338995105,28.7,20.400000000000002,7,8.800000190734863,138.0,1.0,30,3.0,47.40639114379883
C1,1819,0.77534249965663,27.400000000000002,19.0,5,3.5999999046325684,78.0,1.0,30,3.0,42.17716979980469
C1,1820,0.8470898228402338,17.8,17.2,5,0.6399999856948853,24.0,1.0,30,3.0,35.97296905517578
C1,1821,0.42876915778107294,43.7,28.9,11,49.11111068725586,372.0,1.0,30,3.0,42.650447845458984
C1,1822,0.7272799248274688,17.9,17.4,14,0.6857143044471741,36.0,1.0,30,3.0,44.79026794433594
C1,1823,0.8008333333333334,33.0,23.0,14,28.22857093811035,390.0,1.0,30,3.0,62.34082794189453
C1,1824,0.7645095992208213,17.7,17.3,14,0.6857143044471741,48.0,1.0,50,3.0,58.47116470336914
C1,1825,0.7029890996697682,28.1,19.599999999999998,14,4.0,100.0,1.0,50,2.0,61.21603012084961
C1,1826,0.7948344752577317,27.5,19.3,14,4.714285850524902,144.0,1.0,30,3.0,51.92961883544922
C1,1827,0.8263698677792657,23.0,18.700000000000003,14,2.2857143878936768,90.0,1.0,30,3.0,48.22443771362305
C1,1828,0.6069234084714489,18.0,17.4,8,0.6000000238418579,39.0,1.0,30,3.0,41.067996978759766
C1,1829,0.5522587855933146,28.1,19.8,2,5.4666666984558105,78.0,1.0,30,3.0,33.840797424316406
C1,1830,0.8543353991895412,17.5,17.2,2,2.4000000953674316,42.0,1.0,30,3.0,27.371145248413086
C1,1831,0.70275,43.7,29.8,2,24.200000762939453,126.0,1.0,30,3.0,27.356019973754883
C1,1832,0.8535202322523546,17.7,17.3,2,2.200000047683716,36.0,1.0,30,3.0,25.48027801513672
C1,1833,0.7686539841393918,32.099999999999994,21.5,2,9.0,78.0,1.0,30,3.0,25.954833984375
C1,1834,0.8543353991895412,17.6,17.2,2,2.4000000953674316,36.0,1.0,30,3.0,22.239566802978516
C1,1835,0.8034873174727252,28.299999999999997,21.0,2,9.0,87.0,1.0,30,3.0,22.27707290649414
C1,1836,0.856766825784299,17.8,17.4,2,3.0,51.0,1.0,30,3.0,21.099576950073242
C1,1837,0.7030000000000001,42.8,31.5,1,28.399999618530273,108.0,1.0,30,3.0,23.593080520629883
C1,1838,0.8639198485148963,17.6,17.3,1,4.800000190734863,42.0,1.0,30,3.0,23.089181900024414
C1,1839,0.7851814487072923,32.300000000000004,26.200000000000003,1,14.800000190734863,78.0,1.0,30,3.0,23.986841201782227
C1,1840,0.8591758329899635,17.4,17.2,1,3.5999999046325684,33.0,1.0,30,3.0,21.19210433959961
C1,1841,0.70275,43.7,33.7,1,29.200000762939453,111.0,1.0,30,3.0,22.58193016052246
C1,1842,0.8607685509003341,17.6,17.3,1,4.0,33.0,1.0,30,3.0,21.41582489013672
C1,1843,0.6923488374214279,43.5,33.6,1,18.799999237060547,68.0,1.0,30,2.0,23.782827377319336
C1,1844,0.8575724027518892,17.7,17.2,1,3.200000047683716,27.0,1.0,30,3.0,21.469696044921875
C1,1845,0.7893152953567194,32.2,25.7,1,16.0,87.0,1.0,30,3.0,22.4818172454834
C1,1846,0.7759450181708162,32.4,25.8,1,12.0,66.0,1.0,30,3.0,21.489089965820312
C1,1847,0.7045833333333333,43.5,33.2,1,24.0,90.0,1.0,30,3.0,23.69345474243164
C1,1848,0.8607685509003341,17.8,17.4,1,4.0,33.0,1.0,30,3.0,22.616073608398438
C1,1849,0.7860981153739591,32.2,25.9,1,14.800000190734863,81.0,1.0,30,3.0,22.636310577392578
C1,1850,0.8623500559002011,17.4,17.2,1,4.400000095367432,36.0,1.0,30,3.0,20.24845314025879
C1,1851,0.7036666666666667,43.6,33.7,1,30.0,111.0,1.0,30,3.0,22.282405853271484
C1,1852,0.8639198485148963,17.4,17.1,1,4.800000190734863,42.0,1.0,30,3.0,21.76944351196289
C1,1853,0.7808336062547414,32.4,26.1,1,13.600000381469727,72.0,1.0,30,3.0,23.06166648864746
C1,1854,0.8639198485148963,17.5,17.1,1,4.800000190734863,39.0,1.0,30,3.0,20.636999130249023
C1,1855,0.7883986286900526,32.300000000000004,25.4,1,16.0,87.0,1.0,30,3.0,21.182199478149414
C1,1856,0.7765030515594157,32.2,25.8,1,11.600000381469727,66.0,1.0,30,3.0,21.242652893066406
C1,1857,0.7864340064263946,32.4,26.200000000000003,1,15.600000381469727,84.0,1.0,30,3.0,23.2789249420166
C1,1858,0.8575724027518892,17.5,17.2,1,3.200000047683716,30.0,1.0,30,3.0,21.967355728149414
C1,1859,0.7851814487072923,32.300000000000004,25.9,1,14.800000190734863,78.0,1.0,30,3.0,21.713747024536133
C1,1860,0.8575724027518892,17.4,17.1,1,3.200000047683716,30.0,1.0,30,3.0,19.16158103942871
C1,1861,0.13525334267608874,90.89999999999999,47.199999999999996,3,67.19999694824219,171.0,1.0,30,3.0,23.896947860717773
C1,1862,0.8505125806332836,17.6,17.2,3,1.4666666984558105,30.0,1.0,30,3.0,24.604835510253906
C1,1863,0.7724573713191895,32.5,22.8,3,11.199999809265137,102.0,1.0,30,3.0,28.229568481445312
C1,1864,0.8510615300280377,17.5,17.2,3,1.600000023841858,28.0,1.0,30,2.0,24.67107391357422
C1,1865,0.7892685509003341,27.799999999999997,19.599999999999998,3,4.0,50.0,1.0,30,2.0,24.535978317260742
C1,1866,0.7854579543151097,28.1,19.7,3,3.7333333492279053,48.0,1.0,30,2.0,23.121585845947266
C1,1867,0.75238729648747,31.8,21.2,2,6.0,58.0,1.0,30,2.0,24.272951126098633
C1,1868,0.844702823555001,17.5,17.0,1,2.0,24.0,1.0,30,2.0,23.230438232421875
C1,1869,0.5748362484159274,32.599999999999994,25.2,1,10.800000190734863,58.0,1.0,90,2.0,23.271596908569336
C1,1870,0.8623500559002011,17.5,17.1,1,4.400000095367432,39.0,1.0,30,3.0,21.1629581451416
C1,1871,0.350725,54.1,35.6,2,26.600000381469727,129.0,1.0,30,3.0,24.031108856201172
C1,1872,0.6806683874147069,17.5,17.1,2,1.2000000476837158,27.0,1.0,90,3.0,23.085330963134766
C1,1873,0.7352504363535689,37.5,25.6,2,14.0,93.0,1.0,30,3.0,24.917865753173828
C1,1874,0.8535202322523546,17.3,16.9,2,2.200000047683716,42.0,1.0,30,3.0,22.150718688964844
C1,1875,0.7697810005661773,31.9,21.0,2,8.800000190734863,87.0,1.0,30,3.0,23.1570987701416
C1,1876,0.7018333333333334,43.8,30.4,2,24.200000762939453,126.0,1.0,30,3.0,25.22759246826172
C1,1877,0.6434166666666666,49.3,34.1,3,33.20000076293945,150.0,1.0,30,3.0,31.269887924194336
C1,1878,0.766140026919445,32.9,23.3,3,10.399999618530273,102.0,1.0,30,3.0,35.56193161010742
C1,1879,0.6544166666666666,48.099999999999994,31.7,4,35.29999923706055,207.0,1.0,30,3.0,41.737159729003906
C1,1880,0.6895680857383776,32.2,21.4,4,9.899999618530273,117.0,1.0,50,3.0,43.97562789916992
C1,1881,0.74675,38.9,27.3,4,28.799999237060547,195.0,1.0,30,3.0,49.45204544067383
C1,1882,0.7753764222209252,32.7,22.8,4,12.699999809265137,126.0,1.0,30,3.0,49.13789367675781
C1,1883,0.7741442209146296,33.0,23.3,4,13.199999809265137,123.0,1.0,30,3.0,49.216068267822266
C1,1884,0.8325924996566301,22.9,18.599999999999998,4,3.5999999046325684,72.0,1.0,30,3.0,43.79630661010742
C1,1885,0.7667531998815892,34.0,23.5,4,13.800000190734863,141.0,1.0,30,3.0,41.211116790771484
C1,1886,0.22007279880344582,49.9,33.6,12,67.0999984741211,396.0,1.0,30,3.0,51.793338775634766
C1,1887,0.027288901654558786,32.7,22.3,31,42.98064422607422,1040.0,1.0,30,2.0,124.2760009765625
C1,1888,0.6586134587884265,28.1,19.7,35,13.05142879486084,432.0,1.0,30,2.0,190.29893493652344
C1,1889,0.8517190617376481,19.3,18.1,35,1.7599999904632568,100.0,1.0,30,2.0,218.97935485839844
C1,1890,0.7066094540202085,17.8,17.5,35,0.6971428394317627,66.0,1.0,70,3.0,169.78761291503906
C1,1891,0.8318065212324506,22.3,18.4,35,2.0457143783569336,110.0,1.0,30,2.0,118.80590057373047
C1,1892,0.8468996292044965,17.6,17.3,35,0.5942857265472412,46.0,1.0,30,2.0,84.61687469482422
C1,1893,-0.01340952227783062,22.8,18.5,16,2.7249999046325684,90.0,1.0,50,2.0,67.17012786865234
C1,1894,0.22373090591172784,23.2,18.8,3,2.933333396911621,40.0,1.0,50,2.0,52.03540802001953
C1,1895,0.5624241121177603,33.300000000000004,23.2,3,5.4666666984558105,60.0,1.0,90,2.0,43.88791275024414
C1,1896,0.7832388658208872,28.400000000000002,19.8,3,3.866666555404663,48.0,1.0,30,2.0,36.19941329956055
C1,1897,0.6715813011361306,44.2,30.8,1,19.600000381469727,74.0,1.0,30,2.0,33.85298156738281
C1,1898,0.8623500559002011,17.9,17.5,1,4.400000095367432,36.0,1.0,30,2.0,30.845121383666992
C1,1899,0.6945,44.6,34.2,1,29.200000762939453,108.0,1.0,30,3.0,30.64040756225586
C1,1900,0.8654774278277694,18.0,17.6,1,5.199999809265137,45.0,1.0,30,3.0,27.584243774414062
C1,1901,0.25914999999999994,87.4,41.0,2,29.200000762939453,120.0,1.0,30,3.0,28.683879852294922
C1,1902,0.6802217409698424,17.7,17.2,2,0.6000000238418579,10.0,1.0,90,1.0,25.876995086669922
C1,1903,-0.3108986940904353,120.80000000000001,62.199999999999996,8,132.3000030517578,450.0,1.0,30,3.0,42.19286346435547
C1,1904,-0.5843495425149977,34.6,23.8,40,63.523075103759766,1305.0,1.0,30,3.0,104.6490478515625
C1,1905,0.8339337275690436,24.2,19.0,40,7.03000020980835,282.0,1.0,30,3.0,153.32276916503906
C1,1906,0.8487914274640148,17.8,17.6,40,1.0499999523162842,90.0,1.0,30,3.0,166.52699279785156
C1,1907,0.8473808786382448,17.6,17.2,40,0.7099999785423279,81.0,1.0,30,3.0,120.04953002929688
C1,1908,0.8472977420503296,17.5,17.3,40,0.6899999976158142,72.0,1.0,30,3.0,82.82971954345703
C1,1909,0.8496186366210187,18.3,17.8,40,1.25,90.0,1.0,30,2.0,62.49782943725586
C1,1910,-0.35301257764982247,18.0,17.3,10,0.6153846383094788,28.0,1.0,30,2.0,48.565364837646484
C1,1911,0.4099527401790613,38.6,25.7,2,15.733333587646484,123.0,1.0,30,3.0,42.47255325317383
C1,1912,0.8551482611556788,17.9,17.5,2,2.5999999046325684,51.0,1.0,30,3.0,35.08353042602539
C1,1913,-0.4360775662929697,165.0,73.6,8,164.89999389648438,711.0,1.0,30,3.0,60.383453369140625
C1,1914,0.4299469596436403,22.700000000000003,18.3,18,2.48888897895813,114.0,1.0,30,3.0,75.16340637207031
C1,1915,0.826216568612572,22.8,18.4,18,1.7999999523162842,90.0,1.0,30,3.0,85.76470947265625
C1,1916,0.8471083091568393,17.7,17.3,18,0.644444465637207,48.0,1.0,30,3.0,62.6588249206543
C1,1917,0.8529755380405624,19.400000000000002,18.3,18,2.066666603088379,96.0,1.0,30,3.0,47.995296478271484
C1,1918,0.8465533490113272,17.7,17.3,18,0.5111111402511597,30.0,1.0,30,3.0,36.53050994873047
C1,1919,0.17457939767067104,23.900000000000002,19.5,2,1.4222222566604614,81.0,1.0,30,3.0,31.11830711364746
C1,1920,0.7623301916662591,32.4,22.8,2,8.0,78.0,1.0,30,3.0,27.07098388671875
C1,1921,-0.4123010623758304,156.29999999999998,72.2,8,182.10000610351562,981.0,1.0,30,3.0,66.90925598144531
C1,1922,-0.2501335346580326,32.2,21.6,34,43.78571319580078,999.0,1.0,30,3.0,131.6122283935547
C1,1923,0.8503347865724239,17.9,17.9,34,1.4235293865203857,117.0,1.0,30,3.0,172.16732788085938
C1,1924,0.7060572089390562,18.0,17.2,34,0.42352941632270813,17.0,1.0,70,1.0,155.1670684814453
C1,1925,0.8490227522407154,17.7,17.5,34,1.1058824062347412,93.0,1.0,30,3.0,104.70024108886719
C1,1926,0.8090137831985482,27.400000000000002,19.400000000000002,34,8.235294342041016,258.0,1.0,30,2.0,86.4201431274414
C1,1927,0.8478524624070006,18.5,17.8,34,0.8235294222831726,60.0,1.0,30,2.0,77.18541717529297
C1,1928,-0.11301257764982246,17.8,17.3,10,0.6153846383094788,26.0,1.0,30,2.0,69.24458312988281
C1,1929,0.850896939950266,17.8,17.4,10,1.559999942779541,58.0,1.0,30,2.0,51.146751403808594
C1,1930,0.8467569239884147,17.8,17.4,10,0.5600000023841858,34.0,1.0,30,2.0,38.554718017578125
C1,1931,0.7807063838513579,29.6,20.6,10,6.039999961853027,112.0,1.0,30,2.0,36.73283004760742
C1,1932,0.42907192355234314,33.2,23.099999999999998,2,6.400000095367432,64.0,1.0,30,2.0,36.03969955444336
C1,1933,0.6922549705465452,42.9,29.3,2,16.399999618530273,90.0,1.0,30,2.0,39.35715103149414
C1,1934,0.7615756855237148,32.0,21.3,2,6.800000190734863,66.0,1.0,30,3.0,36.814292907714844
C1,1935,0.777200923784102,33.9,24.9,2,17.399999618530273,114.0,1.0,30,3.0,36.08857345581055
C1,1936,0.763540822134654,34.6,24.8,2,14.600000381469727,102.0,1.0,30,3.0,34.18647766113281
C1,1937,0.724231962023386,39.300000000000004,26.700000000000003,2,16.0,102.0,1.0,30,3.0,34.64522171020508
C1,1938,0.8591758329899635,17.7,17.4,2,3.5999999046325684,51.0,1.0,30,3.0,32.12046432495117
C1,1939,0.7615281485892476,35.0,25.4,2,15.199999809265137,96.0,1.0,30,3.0,30.338945388793945
C1,1940,0.852702823555001,17.7,17.4,2,2.0,42.0,1.0,30,3.0,26.60336685180664
C1,1941,0.7366666666666667,40.0,29.5,2,22.0,123.0,1.0,30,3.0,27.562021255493164
C1,1942,0.856766825784299,17.8,17.4,2,3.0,51.0,1.0,30,3.0,26.1372127532959
C1,1943,0.5639883726704986,33.0,23.8,2,4.199999809265137,33.0,1.0,90,1.0,27.81566047668457
C1,1944,0.8510615300280377,17.6,17.4,2,1.600000023841858,30.0,1.0,30,3.0,24.689395904541016
C1,1945,0.7312419304560462,38.0,25.7,2,14.199999809265137,96.0,1.0,30,3.0,24.81363868713379
C1,1946,0.7591552568856765,32.099999999999994,22.0,2,6.400000095367432,66.0,1.0,30,3.0,23.42151641845703
C1,1947,0.6984166666666667,43.3,31.7,1,24.0,90.0,1.0,30,3.0,25.25290870666504
C1,1948,0.8654774278277694,17.8,17.5,1,5.199999809265137,45.0,1.0,30,3.0,24.085079193115234
C1,1949,0.6990833333333334,44.1,33.7,1,24.0,96.0,1.0,30,3.0,24.717714309692383
C1,1950,0.8654774278277694,17.9,17.6,1,5.199999809265137,45.0,1.0,30,3.0,23.0972957611084
C1,1951,0.3062663342794425,64.5,41.4,2,42.79999923706055,123.0,1.0,30,3.0,25.591711044311523
C1,1952,0.8583754262827479,17.5,17.1,2,3.4000000953674316,54.0,1.0,30,3.0,25.22169303894043
C1,1953,0.7642419304560463,34.4,25.4,2,14.199999809265137,93.0,1.0,30,3.0,27.13301658630371
C1,1954,0.8551482611556788,17.8,17.2,2,2.5999999046325684,42.0,1.0,30,3.0,24.6798095703125
C1,1955,0.7222078711585771,38.6,25.8,2,13.0,90.0,1.0,30,3.0,24.807886123657227
C1,1956,0.7968036274272868,28.400000000000002,21.6,2,7.400000095367432,75.0,1.0,30,3.0,24.084732055664062
C1,1957,0.7703337696869021,32.800000000000004,24.8,1,14.0,84.0,1.0,30,3.0,25.517505645751953
C1,1958,0.8639198485148963,17.9,17.5,1,4.800000190734863,42.0,1.0,30,3.0,24.243837356567383
C1,1959,0.7842647820406258,32.4,25.7,1,14.800000190734863,78.0,1.0,30,3.0,23.61296844482422
C1,1960,0.7694704801128012,17.7,17.4,1,2.0,14.0,1.0,50,1.0,21.367780685424805
C1,1961,0.7064166666666667,43.3,33.099999999999994,1,31.600000381469727,117.0,1.0,30,3.0,23.354001998901367
C1,1962,0.8623500559002011,17.8,17.4,1,4.400000095367432,33.0,1.0,30,3.0,22.545734405517578
C1,1963,0.6981666666666667,44.2,33.9,1,30.0,111.0,1.0,30,3.0,25.12744140625
C1,1964,0.8591758329899635,17.7,17.4,1,3.5999999046325684,30.0,1.0,30,3.0,22.809797286987305
C1,1965,0.6945,44.6,34.3,1,25.200000762939453,96.0,1.0,30,3.0,24.21921157836914
C1,1966,0.7792504363535688,32.7,26.700000000000003,1,14.0,69.0,1.0,30,3.0,23.19819450378418
C1,1967,0.6963333333333332,44.4,33.5,1,24.799999237060547,90.0,1.0,30,3.0,25.252248764038086
C1,1968,0.8700719235523432,17.7,17.3,1,6.400000095367432,39.0,1.0,30,3.0,23.95134925842285
C1,1969,0.782611481922581,32.7,26.5,1,15.199999809265137,87.0,1.0,30,3.0,23.970809936523438
C1,1970,0.8654774278277694,18.1,17.6,1,5.199999809265137,45.0,1.0,30,3.0,21.982486724853516
C1,1971,0.6981666666666667,44.2,33.9,1,28.799999237060547,105.0,1.0,30,3.0,23.722824096679688
C1,1972,0.8654774278277694,17.9,17.7,1,5.199999809265137,42.0,1.0,30,3.0,22.76702880859375
C1,1973,0.7009166666666666,43.9,33.6,1,24.799999237060547,90.0,1.0,30,3.0,24.19355010986328
C1,1974,0.8670222991527153,18.0,17.5,1,5.599999904632568,48.0,1.0,30,3.0,22.516130447387695
C1,1975,0.6173986063371972,32.2,25.7,1,10.0,54.0,1.0,70,2.0,23.243011474609375
C1,1976,0.7811827091413448,32.099999999999994,25.1,1,12.800000190734863,63.0,1.0,30,3.0,22.47913932800293
C1,1977,0.7820004363535689,32.4,25.7,1,14.0,78.0,1.0,30,3.0,23.354150772094727
C1,1978,0.8623500559002011,17.8,17.3,1,4.400000095367432,39.0,1.0,30,3.0,22.01249122619629
C1,1979,0.7829171030202355,32.300000000000004,25.9,1,14.0,75.0,1.0,30,3.0,21.740827560424805
C1,1980,0.8559587577917702,17.8,17.5,1,2.799999952316284,24.0,1.0,30,3.0,19.17782974243164
C1,1981,0.22614044926440535,56.9,41.2,1,28.399999618530273,86.0,1.0,70,2.0,21.640031814575195
C1,1982,0.8575724027518892,17.5,17.3,1,3.200000047683716,27.0,1.0,30,3.0,20.984018325805664
C1,1983,0.7073333333333333,43.2,33.099999999999994,1,22.0,90.0,1.0,30,3.0,23.523744583129883
C1,1984,0.6010685529987891,32.5,25.9,1,4.800000190734863,20.0,1.0,70,1.0,21.980913162231445
C1,1985,0.7835281485892476,32.599999999999994,25.8,1,15.199999809265137,81.0,1.0,30,3.0,23.455215454101562
C1,1986,0.779477630726698,32.800000000000004,25.6,1,14.399999618530273,75.0,1.0,30,3.0,23.673128128051758
C1,1987,0.7883986286900526,32.300000000000004,25.7,1,16.0,81.0,1.0,30,3.0,24.737211227416992
C1,1988,0.8623500559002011,18.1,17.4,1,4.400000095367432,39.0,1.0,30,3.0,23.50899314880371
C1,1989,0.7771994945015955,32.4,26.1,1,12.399999618530273,72.0,1.0,30,3.0,22.638729095458984
C1,1990,0.8623500559002011,17.8,17.4,1,4.400000095367432,36.0,1.0,30,3.0,20.1165714263916
C1,1991,0.47478628258936234,43.1,32.9,1,7.599999904632568,33.0,1.0,90,1.0,21.269943237304688
C1,1992,0.29552163721321184,70.6,43.1,1,16.399999618530273,48.0,1.0,30,1.0,25.16196632385254
C1,1993,0.20032500000000003,111.69999999999999,64.9,1,30.0,65.0,1.0,30,1.0,34.563846588134766
C1,1994,0.8510615300280377,17.7,17.3,1,1.600000023841858,15.0,1.0,30,1.0,37.80497360229492
C1,1995,0.7502531818482296,32.4,25.2,1,4.800000190734863,24.0,1.0,30,1.0,36.549652099609375
C1,1996,0.7511698485148963,32.300000000000004,25.5,1,4.800000190734863,24.0,1.0,30,1.0,30.329790115356445
C1,1997,0.752438965819382,32.5,26.1,1,5.599999904632568,27.0,1.0,30,1.0,28.197874069213867
C1,1998,0.8494120147012152,17.6,17.3,1,1.2000000476837158,10.0,1.0,30,1.0,25.05205726623535
C1,1999,0.753644094494436,32.2,25.9,1,5.199999809265137,27.0,1.0,30,1.0,23.56456756591797
C1,2000,0.5760615300280377,50.0,17.5,1,1.600000023841858,9.0,1.0,30,1.0,20.27207374572754
C1,2001,0.3421693258003433,54.0,43.1,1,16.799999237060547,49.0,1.0,30,1.0,23.496578216552734
C1,2002,0.7009166666666666,43.9,33.8,1,31.200000762939453,117.0,1.0,30,3.0,27.031280517578125
C1,2003,0.30152185833292583,58.9,43.8,1,28.0,84.0,1.0,50,2.0,33.552101135253906
C1,2004,0.7064166666666667,43.3,33.8,1,30.799999237060547,114.0,1.0,30,3.0,35.997928619384766
C1,2005,0.282525,78.89999999999999,43.0,2,39.20000076293945,174.0,1.0,30,3.0,39.998756408691406
C1,2006,0.7246693258003433,38.6,26.700000000000003,3,16.799999237060547,132.0,1.0,30,3.0,42.66592025756836
C1,2007,0.7577096223302244,31.7,20.5,3,5.066666603088379,63.0,1.0,30,3.0,41.99955368041992
C1,2008,0.6482500000000001,47.9,32.800000000000004,5,33.29999923706055,210.0,1.0,30,3.0,43.199729919433594
C1,2009,0.35008333333333336,42.9,27.900000000000002,14,38.4571418762207,438.0,1.0,30,3.0,57.519840240478516
C1,2010,0.792789990907231,32.4,22.0,14,18.200000762939453,273.0,1.0,30,3.0,75.44523620605469
C1,2011,0.8066389817887951,28.0,19.8,14,9.114285469055176,201.0,1.0,30,3.0,85.80047607421875
C1,2012,0.7747361645203743,31.6,20.1,14,9.428571701049805,195.0,1.0,30,3.0,81.21361541748047
C1,2013,0.8010992062666347,27.7,19.400000000000002,14,6.828571319580078,177.0,1.0,30,3.0,74.19483947753906
C1,2014,0.8469234084714489,17.5,17.2,14,0.6000000238418579,30.0,1.0,30,3.0,62.383567810058594
C1,2015,0.5960815277442385,22.5,18.5,8,3.555555582046509,90.0,1.0,30,3.0,50.63014221191406
C1,2016,0.6798445308410634,43.1,28.0,10,41.279998779296875,342.0,1.0,30,3.0,50.91141891479492
C1,2017,0.7765433222311356,32.5,21.9,11,15.236363410949707,228.0,1.0,30,3.0,59.880184173583984
C1,2018,0.80161880206577,28.2,19.900000000000002,11,8.218181610107422,165.0,1.0,30,3.0,68.59477996826172
C1,2019,0.8480566416697268,18.0,17.7,11,0.8727272748947144,25.0,1.0,30,1.0,61.95686721801758
C1,2020,0.752378629367072,33.5,23.900000000000002,11,8.03636360168457,92.0,1.0,30,1.0,60.107452392578125
C1,2021,0.7418961485825264,37.0,24.8,11,14.727272987365723,155.0,1.0,30,1.0,72.33113861083984
C1,2022,0.6162246811894958,23.5,18.9,6,0.9333333373069763,23.0,1.0,30,1.0,79.398681640625
C1,2023,0.7623333333333333,37.199999999999996,25.3,6,24.933332443237305,222.0,1.0,30,3.0,81.23921203613281
C1,2024,0.6843095128252517,44.6,30.200000000000003,6,19.799999237060547,126.0,1.0,30,1.0,78.47686004638672
C1,2025,0.7320531131909727,34.3,24.0,6,4.599999904632568,50.0,1.0,30,1.0,80.41944885253906
C1,2026,0.725886446524306,34.1,23.900000000000002,5,4.599999904632568,51.0,1.0,30,1.0,78.5183334350586
C1,2027,0.7006648875860946,39.0,25.7,5,7.679999828338623,63.0,1.0,30,1.0,68.97766876220703
C1,2028,0.6505,49.4,33.7,5,20.479999542236328,119.0,1.0,30,1.0,72.4532699584961
C1,2029,0.6990928981510434,38.699999999999996,26.200000000000003,4,8.699999809265137,61.0,1.0,30,1.0,75.87196350097656
C1,2030,0.5719234084714488,50.0,17.6,4,0.6000000238418579,6.0,1.0,30,1.0,70.32317352294922
C1,2031,0.8510615300280377,17.9,17.5,4,1.600000023841858,51.0,1.0,30,3.0,53.39390563964844
C1,2032,0.8481697802472762,17.8,17.5,4,0.8999999761581421,18.0,1.0,30,3.0,35.903011322021484
C1,2033,0.7723481153739591,33.7,24.1,4,14.800000190734863,141.0,1.0,30,3.0,30.875139236450195
C1,2034,-0.4797500573813176,101.6,46.800000000000004,16,107.83999633789062,534.0,1.0,30,3.0,49.3250846862793
C1,2035,0.6090833333333333,32.099999999999994,21.6,21,35.0444450378418,627.0,1.0,30,3.0,87.46171569824219
C1,2036,0.8109166666666667,31.9,21.0,21,31.733333587646484,648.0,1.0,30,3.0,132.8770294189453
C1,2037,0.8080605399373261,28.5,20.2,21,10.876190185546875,267.0,1.0,30,3.0,148.25955200195312
C1,2038,0.7832180911805067,31.6,20.7,21,11.980952262878418,270.0,1.0,30,3.0,141.6223907470703
C1,2039,0.8024369714533972,31.099999999999998,20.6,21,17.21904754638672,350.0,1.0,30,2.0,132.17343139648438
C1,2040,0.7903944045879037,31.8,20.9,21,15.028571128845215,310.0,1.0,30,2.0,135.30406188964844
C1,2041,0.7906116354098768,31.9,21.0,21,15.447619438171387,312.0,1.0,30,3.0,139.04910278320312
C1,2042,0.4351480875333013,28.5,20.1,12,7.199999809265137,165.0,1.0,30,3.0,125.29612731933594
C1,2043,0.7939774278277694,27.799999999999997,19.7,12,5.199999809265137,144.0,1.0,30,3.0,102.77767944335938
C1,2044,0.7843378267407093,31.0,20.9,12,10.633333206176758,201.0,1.0,30,3.0,84.3332748413086
C1,2045,0.7890539631541367,27.799999999999997,19.400000000000002,11,6.0,144.0,1.0,30,3.0,72.33329772949219
C1,2046,0.77475,34.1,24.5,13,33.6363639831543,366.0,1.0,30,3.0,74.9999771118164
C1,2047,0.6772948419746865,33.5,23.599999999999998,13,29.815383911132812,372.0,1.0,70,3.0,84.19998931884766
C1,2048,0.731085891266646,33.5,23.5,13,42.523075103759766,552.0,1.0,70,3.0,107.85332489013672
C1,2049,0.7126227977316854,33.300000000000004,23.2,13,37.661537170410156,486.0,1.0,70,3.0,127.378662109375
C1,2050,0.6822525027262899,33.2,23.3,13,30.33846092224121,405.0,1.0,70,3.0,140.56053161621094
C1,2051,0.4350610770515622,32.800000000000004,22.2,8,17.323076248168945,264.0,1.0,70,3.0,135.66964721679688
C1,2052,0.6876468667808852,22.4,18.2,8,2.1500000953674316,75.0,1.0,70,3.0,114.46846008300781
C1,2053,0.7070229102343323,17.8,17.2,8,0.8999999761581421,57.0,1.0,70,3.0,86.28107452392578
C1,2054,0.6197992538038287,30.3,20.8,7,7.4285712242126465,126.0,1.0,70,3.0,63.23530960083008
C1,2055,0.666867390883445,38.800000000000004,26.599999999999998,6,20.66666603088379,160.0,1.0,50,2.0,56.741188049316406
C1,2056,0.482786673905623,43.9,29.6,3,34.70000076293945,225.0,1.0,70,3.0,60.311378479003906
C1,2057,0.7087575589951925,17.8,17.4,3,1.7333333492279053,45.0,1.0,70,3.0,58.853492736816406
C1,2058,0.8532480090236527,17.8,17.4,3,2.133333444595337,51.0,1.0,30,3.0,49.57876205444336
C1,2059,0.7890167225668677,28.0,20.0,3,4.400000095367432,63.0,1.0,30,3.0,36.81392288208008
C1,2060,0.7644573713191894,32.5,22.5,2,11.199999809265137,108.0,1.0,30,3.0,31.955020904541016
C1,2061,0.285757796317807,69.9,40.099999999999994,3,45.0,154.0,1.0,30,2.0,37.03968048095703
C1,2062,0.8401697802472762,17.9,17.3,4,0.8999999761581421,26.0,1.0,30,2.0,39.023807525634766
C1,2063,0.6157549753645599,49.5,34.3,6,43.599998474121094,204.0,1.0,30,2.0,49.014286041259766
C1,2064,0.6993333333333333,43.2,28.5,7,36.68571472167969,254.0,1.0,30,2.0,61.675235748291016
C1,2065,0.63225,38.3,25.8,10,36.53333282470703,338.0,1.0,30,2.0,90.07180786132812
C1,2066,0.7809166666666667,34.3,24.400000000000002,11,25.563636779785156,280.0,1.0,30,2.0,112.17642211914062
C1,2067,0.6779197315666825,33.5,24.1,11,9.96363639831543,103.0,1.0,50,1.0,122.23918151855469
C1,2068,0.7614166666666666,37.3,24.299999999999997,11,26.909090042114258,302.0,1.0,30,2.0,125.87684631347656
C1,2069,0.7756992889483756,33.4,23.2,11,15.018181800842285,190.0,1.0,30,2.0,122.05944061279297
C1,2070,0.7666495826834432,31.9,20.9,11,7.927272796630859,134.0,1.0,30,2.0,114.968994140625
C1,2071,0.7944166666666667,33.7,23.900000000000002,11,21.0181827545166,230.0,1.0,30,2.0,105.91473388671875
C1,2072,0.7679976560866761,31.0,20.299999999999997,11,6.072727203369141,116.0,1.0,30,2.0,95.54883575439453
C1,2073,0.7916666666666666,34.0,24.0,11,31.89090919494629,348.0,1.0,30,2.0,103.5959701538086
C1,2074,0.7869972021329443,32.2,21.7,11,15.127272605895996,225.0,1.0,30,3.0,103.09091186523438
C1,2075,0.7910125415735779,28.0,19.599999999999998,11,4.909090995788574,129.0,1.0,30,3.0,100.78787994384766
C1,2076,0.8299578321358095,22.4,18.1,11,1.8181818723678589,84.0,1.0,30,3.0,79.93939971923828
C1,2077,0.7909985545586591,28.400000000000002,19.900000000000002,11,5.854545593261719,144.0,1.0,30,3.0,63.83030319213867
C1,2078,0.7914200551232224,32.800000000000004,22.9,11,19.272727966308594,264.0,1.0,30,3.0,60.16484832763672
C1,2079,0.5656666666666667,41.2,27.599999999999998,7,29.257143020629883,218.0,1.0,30,2.0,68.76557922363281
C1,2080,0.47225,38.3,25.4,14,37.43333435058594,429.0,1.0,30,3.0,86.59268188476562
C1,2081,0.799,33.2,23.099999999999998,14,31.200000762939453,426.0,1.0,30,3.0,104.48893737792969
C1,2082,0.7821817954016976,31.5,20.9,14,11.371428489685059,210.0,1.0,30,3.0,110.02669525146484
C1,2083,0.7708999095401524,31.8,20.8,14,8.857142448425293,195.0,1.0,30,3.0,102.94934844970703
C1,2084,0.7761354611553133,32.300000000000004,21.2,14,11.771428108215332,228.0,1.0,30,3.0,89.90294647216797
C1,2085,0.7992874896904777,28.9,20.299999999999997,14,9.371428489685059,201.0,1.0,30,3.0,81.67510223388672
C1,2086,0.8254774329696853,23.3,18.9,14,2.7428572177886963,93.0,1.0,30,3.0,72.20506286621094
C1,2087,0.5080810771403436,23.099999999999998,18.5,6,2.933333396911621,69.0,1.0,30,3.0,59.45636749267578
C1,2088,0.7806666666666666,35.2,25.0,6,21.33333396911621,207.0,1.0,30,3.0,52.073822021484375
C1,2089,0.54275,43.7,28.6,10,37.0,333.0,1.0,30,3.0,58.31095886230469
C1,2090,0.6490226572484094,37.8,25.2,10,32.439998626708984,330.0,1.0,70,2.0,80.986572265625
C1,2091,0.7825,35.0,25.1,10,26.719999313354492,264.0,1.0,30,2.0,102.991943359375
C1,2092,0.7540833333333333,38.1,25.2,10,22.079999923706055,226.0,1.0,30,2.0,116.46183013916016
C1,2093,0.7602482209194279,32.5,21.8,10,7.679999828338623,120.0,1.0,30,2.0,110.54376983642578
C1,2094,0.7879697798576394,28.2,19.8,10,4.599999904632568,88.0,1.0,30,2.0,95.25959014892578
C1,2095,0.7691521232264626,33.7,23.5,10,13.680000305175781,164.0,1.0,30,2.0,81.95575714111328
C1,2096,0.7667272440860677,33.4,23.599999999999998,9,14.666666984558105,162.0,1.0,30,2.0,76.77345275878906
C1,2097,0.7323333333333333,39.6,26.3,8,21.0,182.0,1.0,30,2.0,79.93074035644531
C1,2098,0.7610902817052756,33.4,23.3,6,15.533333778381348,174.0,1.0,30,3.0,78.62510681152344
C1,2099,0.7775027811861986,34.1,24.1,6,18.33333396911621,201.0,1.0,30,3.0,75.97506713867188
C1,2100,0.7559166666666667,37.900000000000006,25.5,6,24.066667556762695,213.0,1.0,30,3.0,71.71837615966797
C1,2101,0.46477185885708217,42.2,27.400000000000002,12,40.959999084472656,402.0,1.0,30,3.0,79.29769134521484
C1,2102,0.8035833333333333,32.7,22.700000000000003,12,21.299999237060547,279.0,1.0,30,3.0,87.31195068359375
C1,2103,0.7980833333333334,33.300000000000004,23.3,12,23.16666603088379,262.0,1.0,30,2.0,100.12049865722656
C1,2104,0.7846814414608985,28.8,20.299999999999997,12,5.166666507720947,116.0,1.0,30,2.0,97.67230224609375
C1,2105,0.7858593527566057,32.0,21.7,12,14.066666603088379,231.0,1.0,30,3.0,94.0700454711914
C1,2106,0.7907500000000001,34.1,24.0,12,25.733333587646484,309.0,1.0,30,3.0,88.17536163330078
C1,2107,0.7873333333333333,33.6,23.599999999999998,13,33.345455169677734,381.0,1.0,30,3.0,93.83854675292969
C1,2108,0.8008333333333334,33.0,23.099999999999998,13,27.41538429260254,342.0,1.0,30,3.0,102.1697998046875
C1,2109,0.7624416994714747,32.4,21.3,13,8.030769348144531,146.0,1.0,30,2.0,103.16854858398438
C1,2110,0.799,33.2,23.3,13,26.123077392578125,333.0,1.0,30,3.0,101.63446044921875
C1,2111,0.7971666666666668,33.4,23.5,13,27.292306900024414,354.0,1.0,30,3.0,101.24734497070312
C1,2112,0.7938532612926491,32.599999999999994,22.3,13,19.569231033325195,279.0,1.0,30,3.0,103.6817398071289
C1,2113,0.7999166666666667,33.099999999999994,23.2,13,31.261537551879883,408.0,1.0,30,3.0,108.4757080078125
C1,2114,0.8026666666666666,32.800000000000004,22.700000000000003,13,21.261537551879883,291.0,1.0,30,3.0,108.55209350585938
C1,2115,0.8026666666666666,32.800000000000004,22.8,13,28.58461570739746,360.0,1.0,30,3.0,112.19792175292969
C1,2116,0.799,33.2,23.3,13,24.830768585205078,315.0,1.0,30,3.0,110.25209045410156
C1,2117,0.7810133302517069,31.9,21.0,13,12.15384578704834,219.0,1.0,30,3.0,105.88458251953125
C1,2118,0.7791236256253303,32.0,21.0,13,11.84615421295166,210.0,1.0,30,3.0,96.59741973876953
C1,2119,0.8029415064704972,27.599999999999998,19.8,13,7.07692289352417,168.0,1.0,30,3.0,84.49178314208984
C1,2120,0.7980833333333334,33.300000000000004,23.2,13,27.907691955566406,351.0,1.0,30,3.0,83.0950698852539
C1,2121,0.7820692155324791,31.7,20.9,13,11.907691955566406,219.0,1.0,30,3.0,82.65704345703125
C1,2122,0.8026666666666666,32.800000000000004,22.9,13,24.399999618530273,321.0,1.0,30,3.0,89.19422912597656
C1,2123,0.7962499999999999,33.5,23.3,13,31.815383911132812,411.0,1.0,30,3.0,95.783203125
C1,2124,0.7712391266095375,32.4,21.9,13,10.55384635925293,174.0,1.0,30,2.0,101.60325622558594
C1,2125,0.7789525754992637,32.800000000000004,22.9,13,14.215384483337402,194.0,1.0,30,2.0,103.76195526123047
C1,2126,0.773993666327369,32.2,21.5,13,10.830769538879395,170.0,1.0,30,2.0,98.12384033203125
C1,2127,0.799,33.2,23.099999999999998,13,20.0,254.0,1.0,30,2.0,100.07430267333984
C1,2128,0.7667299483489702,31.4,20.7,13,6.7076921463012695,138.0,1.0,30,2.0,97.51124572753906
C1,2129,0.628844466293334,32.9,23.0,9,18.488889694213867,228.0,1.0,30,3.0,94.7734146118164
C1,2130,0.7834166666666667,34.9,24.2,9,21.866666793823242,246.0,1.0,30,3.0,87.1307144165039
C1,2131,0.7724166666666666,36.1,24.9,9,28.488889694213867,282.0,1.0,30,3.0,85.87843322753906
C1,2132,0.3404702966013498,33.9,24.0,20,41.14285659790039,504.0,1.0,30,3.0,97.39372253417969
C1,2133,0.8529482775554535,19.8,18.1,20,2.059999942779541,111.0,1.0,30,3.0,98.30290222167969
C1,2134,0.8039267440067295,29.9,20.6,20,13.65999984741211,294.0,1.0,30,3.0,99.38174438476562
C1,2135,0.81,32.0,21.3,20,21.18000030517578,414.0,1.0,30,3.0,96.02904510498047
C1,2136,0.8000226337399633,29.5,20.2,20,11.220000267028809,258.0,1.0,30,3.0,100.5507583618164
C1,2137,0.7959161084224342,32.0,21.2,20,17.959999084472656,336.0,1.0,30,3.0,105.13045501708984
C1,2138,0.5499489496723666,32.0,21.0,14,15.54285717010498,252.0,1.0,30,3.0,100.67827606201172
C1,2139,0.8017500000000001,32.9,22.8,14,30.97142791748047,420.0,1.0,30,3.0,105.20696258544922
C1,2140,0.7924581659235589,27.599999999999998,19.3,14,4.342857360839844,138.0,1.0,30,3.0,99.12417602539062
C1,2141,0.8008333333333334,33.0,22.9,14,24.600000381469727,345.0,1.0,30,3.0,99.60784149169922
C1,2142,0.8035833333333333,32.7,22.4,14,22.885713577270508,321.0,1.0,30,3.0,95.49803924560547
C1,2143,0.7820748869804507,31.8,20.9,14,12.199999809265137,234.0,1.0,30,3.0,97.29882049560547
C1,2144,0.7836436999102907,31.3,20.8,14,11.257143020629883,219.0,1.0,30,3.0,92.779296875
C1,2145,0.7962499999999999,33.5,23.3,14,33.03333282470703,399.0,1.0,30,3.0,93.53424072265625
C1,2146,0.6044999999999999,32.599999999999994,22.5,19,34.474998474121094,516.0,1.0,30,3.0,106.52054595947266
C1,2147,0.7978550554073132,32.0,21.4,19,18.842105865478516,351.0,1.0,30,3.0,120.17899322509766
C1,2148,0.7878412150435925,29.7,20.299999999999997,19,8.210526466369629,228.0,1.0,30,3.0,120.77406311035156
C1,2149,0.8109166666666667,31.9,21.2,19,22.5473690032959,414.0,1.0,30,3.0,116.59777069091797
C1,2150,0.7719538158479529,32.0,20.9,19,9.684210777282715,196.0,1.0,30,2.0,111.55866241455078
C1,2151,0.79310373550941,30.3,20.400000000000002,19,11.347368240356445,255.0,1.0,30,3.0,109.73519897460938
C1,2152,0.6026666666666666,32.800000000000004,22.700000000000003,14,25.571428298950195,360.0,1.0,30,3.0,106.24111938476562
C1,2153,0.7899350756083631,32.099999999999994,21.6,14,15.885714530944824,261.0,1.0,30,3.0,102.6780014038086
C1,2154,0.8292597867384163,22.9,18.5,14,2.7714285850524902,111.0,1.0,30,3.0,94.14013671875
C1,2155,0.7696105093768577,32.099999999999994,21.3,12,14.300000190734863,231.0,1.0,30,3.0,83.2840805053711
C1,2156,0.783,33.2,23.2,14,35.400001525878906,441.0,1.0,30,3.0,84.77044677734375
C1,2157,0.8026666666666666,32.800000000000004,22.599999999999998,14,30.628570556640625,429.0,1.0,30,3.0,99.79560089111328
C1,2158,0.7844672547512668,31.2,20.5,14,11.228571891784668,222.0,1.0,30,3.0,108.41069793701172
C1,2159,0.7953424482736642,28.9,20.400000000000002,14,8.257143020629883,180.0,1.0,30,3.0,101.97975158691406
C1,2160,0.7952373174727251,29.2,20.299999999999997,14,9.0,195.0,1.0,30,3.0,87.72118377685547
C1,2161,-0.10963521227317424,32.300000000000004,21.6,34,69.6941146850586,1116.0,1.0,30,3.0,118.89937591552734
C1,2162,-0.02691666666666663,27.3,19.5,56,38.900001525878906,1506.0,1.0,30,2.0,230.00628662109375
C1,2163,0.8309998584348531,23.3,19.0,56,4.121428489685059,214.0,1.0,30,2.0,302.27044677734375
C1,2164,0.8517659772173419,19.7,18.1,56,1.7714285850524902,134.0,1.0,30,2.0,304.9622802734375
C1,2165,0.8353728453656205,22.5,18.5,56,3.3785715103149414,188.0,1.0,30,2.0,218.710693359375
C1,2166,0.8328196640176136,23.2,18.700000000000003,56,4.349999904632568,218.0,1.0,30,2.0,167.22640991210938
C1,2167,0.8375597855170175,22.9,18.700000000000003,56,4.857142925262451,242.0,1.0,30,2.0,143.5358428955078
C1,2168,-1.1630678818379345,35.8,24.0,8,16.239999771118164,260.0,1.0,30,2.0,134.1215057373047
C1,2169,0.72475,41.300000000000004,28.0,8,23.600000381469727,220.0,1.0,30,2.0,128.60623168945312
C1,2170,0.7146666666666667,42.4,28.6,8,27.299999237060547,258.0,1.0,30,2.0,126.3637466430664
C1,2171,0.7348333333333333,40.2,28.299999999999997,8,28.0,258.0,1.0,30,2.0,124.8849105834961
C1,2172,0.7384999999999999,39.800000000000004,27.900000000000002,8,29.0,280.0,1.0,30,2.0,127.99761199951172
C1,2173,0.7506635447480551,36.2,25.3,8,15.25,162.0,1.0,30,2.0,123.4652328491211
C1,2174,0.7588661611682622,34.4,24.9,8,12.399999618530273,154.0,1.0,30,2.0,113.8124771118164
C1,2175,0.7584880172399567,32.7,22.2,8,7.699999809265137,118.0,1.0,30,2.0,97.22081756591797
C1,2176,0.7194968780813884,39.6,27.5,8,35.25,336.0,1.0,50,3.0,91.39915466308594
C1,2177,0.74175,37.699999999999996,26.0,10,32.91999816894531,348.0,1.0,30,2.0,100.83949279785156
C1,2178,0.74725,37.1,25.5,12,34.20000076293945,368.0,1.0,30,2.0,123.17036437988281
C1,2179,0.7843333333333333,34.8,24.299999999999997,12,32.233333587646484,406.0,1.0,30,2.0,148.7022247314453
C1,2180,0.6744166666666667,33.7,23.599999999999998,15,33.6533317565918,474.0,1.0,30,2.0,172.42132568359375
C1,2181,0.8017500000000001,32.9,22.599999999999998,15,23.706666946411133,346.0,1.0,30,2.0,185.18612670898438
C1,2182,0.7866363492737504,29.6,20.7,15,7.62666654586792,152.0,1.0,30,2.0,175.91168212890625
C1,2183,0.7920366326952353,32.4,22.3,15,17.866666793823242,294.0,1.0,30,3.0,151.8136749267578
C1,2184,0.8035833333333333,32.7,22.4,15,32.2400016784668,471.0,1.0,30,3.0,135.22154235839844
C1,2185,0.799,33.2,22.9,15,23.200000762939453,354.0,1.0,30,3.0,130.8662567138672
C1,2186,0.6854166666666667,32.5,22.1,18,35.55555725097656,564.0,1.0,30,3.0,140.25308227539062
C1,2187,0.5709166666666667,31.9,21.0,24,32.0,681.0,1.0,30,3.0,155.21852111816406
C1,2188,0.8164166666666667,31.3,20.2,24,32.66666793823242,756.0,1.0,30,3.0,182.06443786621094
C1,2189,0.8173333333333334,31.2,20.299999999999997,24,27.433332443237305,633.0,1.0,30,3.0,201.23866271972656
C1,2190,0.7899031789545362,31.8,20.8,24,14.850000381469727,339.0,1.0,30,3.0,197.54319763183594
C1,2191,0.8064855268411854,31.3,20.6,24,19.933332443237305,450.0,1.0,30,3.0,181.72592163085938
C1,2192,0.8127500000000001,31.7,20.7,24,25.183332443237305,579.0,1.0,30,3.0,169.83555603027344
C1,2193,0.8228333333333334,30.599999999999998,20.299999999999997,24,25.816667556762695,600.0,1.0,30,3.0,174.30133056640625
C1,2194,0.8195747405607795,29.4,20.400000000000002,24,17.883333206176758,411.0,1.0,30,3.0,175.24746704101562
C1,2195,0.6918333333333333,31.8,21.0,21,23.866666793823242,498.0,1.0,30,3.0,172.21514892578125
C1,2196,0.8127500000000001,31.7,21.0,21,29.14285659790039,600.0,1.0,30,3.0,170.395751953125
C1,2197,0.8109166666666667,31.9,21.1,21,20.019046783447266,417.0,1.0,30,3.0,169.57078552246094
C1,2198,0.791144829773578,28.5,20.0,21,6.133333206176758,195.0,1.0,30,3.0,155.609130859375
C1,2199,0.8090833333333334,32.099999999999994,21.2,21,25.44761848449707,519.0,1.0,30,3.0,143.6321563720703
C1,2200,0.8118333333333333,31.8,20.9,21,29.657142639160156,609.0,1.0,30,3.0,144.9792938232422
C1,2201,0.8109166666666667,31.9,21.1,21,26.380952835083008,552.0,1.0,30,3.0,161.65423583984375
C1,2202,0.8127500000000001,31.7,20.7,21,31.27618980407715,648.0,1.0,30,3.0,177.39254760742188
C1,2203,0.8127500000000001,31.7,21.1,21,23.69523811340332,498.0,1.0,30,3.0,181.90219116210938
C1,2204,0.6918333333333333,31.8,20.8,24,33.79047775268555,702.0,1.0,30,3.0,191.27464294433594
C1,2205,0.8182499999999999,31.099999999999998,20.5,24,20.683332443237305,483.0,1.0,30,3.0,189.56478881835938
C1,2206,0.8145833333333333,31.5,20.5,24,21.5,516.0,1.0,30,3.0,189.3388671875
C1,2207,0.7918931396612564,30.200000000000003,20.5,24,10.699999809265137,240.0,1.0,30,2.0,174.00332641601562
C1,2208,0.8145353804730678,30.099999999999998,20.400000000000002,24,18.5,426.0,1.0,30,2.0,171.73532104492188
C1,2209,0.7897654307489493,31.6,20.6,24,14.149999618530273,328.0,1.0,30,2.0,169.307861328125
C1,2210,0.38797728875580084,31.9,21.3,18,12.644444465637207,230.0,1.0,70,1.0,182.51805114746094
C1,2211,0.8010833333333334,32.099999999999994,21.7,17,27.844444274902344,495.0,1.0,30,3.0,184.04415893554688
C1,2212,0.8063333333333333,32.4,22.0,17,25.69411849975586,441.0,1.0,30,3.0,182.6931610107422
C1,2213,0.8035833333333333,32.7,22.2,17,22.164705276489258,384.0,1.0,30,3.0,168.28256225585938
C1,2214,0.8045,32.599999999999994,22.0,17,27.36470603942871,459.0,1.0,30,3.0,158.0362091064453
C1,2215,0.8063333333333333,32.4,22.0,17,34.42353057861328,579.0,1.0,30,3.0,158.021728515625
C1,2216,0.6090833333333333,32.099999999999994,21.3,22,33.560001373291016,648.0,1.0,30,3.0,169.74636840820312
C1,2217,0.8127500000000001,31.7,20.7,22,29.690908432006836,630.0,1.0,30,3.0,184.3811492919922
C1,2218,0.8136666666666666,31.6,20.6,22,25.290908813476562,543.0,1.0,30,3.0,191.56202697753906
C1,2219,0.6936666666666667,31.6,20.7,25,34.05454635620117,726.0,1.0,30,3.0,199.33721923828125
C1,2220,0.8136666666666666,31.6,20.5,25,21.88800048828125,525.0,1.0,30,3.0,199.33566284179688
C1,2221,0.8113348432829859,28.8,20.299999999999997,25,12.767999649047852,308.0,1.0,30,1.0,216.26806640625
C1,2222,0.6329166666666667,29.5,20.299999999999997,30,35.84000015258789,861.0,1.0,30,1.0,308.9608459472656
C1,2223,0.8079474450727331,28.299999999999997,19.900000000000002,30,10.293333053588867,288.0,1.0,30,1.0,379.6431579589844
C1,2224,0.7883863067304882,28.5,20.0,30,5.413333415985107,153.0,1.0,30,1.0,401.3858947753906
C1,2225,0.7878898546340863,28.1,19.900000000000002,30,4.3466668128967285,118.0,1.0,30,1.0,315.3648681640625
C1,2226,0.7584187755114707,31.6,20.299999999999997,30,5.013333320617676,139.0,1.0,30,1.0,243.88558959960938
C1,2227,0.7900002461472344,28.2,19.8,30,5.119999885559082,140.0,1.0,30,1.0,199.2646942138672
C1,2228,-0.2270803426771886,33.099999999999994,22.599999999999998,10,12.769230842590332,188.0,1.0,90,2.0,169.29214477539062
C1,2229,0.5674999999999999,41.0,28.299999999999997,6,23.266666412353516,150.0,1.0,30,1.0,152.77528381347656
C1,2230,0.6890000000000001,45.199999999999996,29.8,6,20.46666717529297,130.0,1.0,30,1.0,141.53184509277344
C1,2231,0.6693161296511404,45.0,30.3,6,15.0,105.0,1.0,30,1.0,136.25244140625
C1,2232,0.6890000000000001,45.199999999999996,30.700000000000003,6,21.53333282470703,138.0,1.0,30,1.0,131.48480224609375
C1,2233,0.686006870729459,44.0,29.8,6,18.0,118.0,1.0,30,1.0,127.02420806884766
C1,2234,0.6329153705270445,44.8,30.3,5,45.91999816894531,273.0,1.0,70,3.0,122.48119354248047
C1,2235,0.5854999999999999,43.4,28.7,8,20.950000762939453,162.0,1.0,30,1.0,122.95538330078125
C1,2236,0.733314817093847,39.199999999999996,26.8,8,19.549999237060547,159.0,1.0,30,1.0,128.70655822753906
C1,2237,0.4469881587662219,38.0,25.4,15,47.23636245727539,465.0,1.0,30,3.0,140.6905975341797
C1,2238,0.8008333333333334,33.0,22.599999999999998,15,23.14666748046875,342.0,1.0,30,3.0,141.4810333251953
C1,2239,0.8017500000000001,32.9,22.599999999999998,15,20.8266658782959,318.0,1.0,30,3.0,134.88861083984375
C1,2240,0.8045,32.599999999999994,22.4,15,26.613332748413086,396.0,1.0,30,3.0,127.86650085449219
C1,2241,0.7894166666666667,32.5,22.3,17,34.47999954223633,513.0,1.0,30,3.0,131.25323486328125
C1,2242,0.7941477673146939,32.599999999999994,22.1,17,19.717647552490234,327.0,1.0,30,3.0,133.68527221679688
C1,2243,0.80725,32.300000000000004,21.6,17,25.247058868408203,420.0,1.0,30,3.0,136.21116638183594
C1,2244,0.8090833333333334,32.099999999999994,21.7,17,22.352941513061523,381.0,1.0,30,3.0,131.8600311279297
C1,2245,0.80725,32.300000000000004,22.0,17,21.15294075012207,348.0,1.0,30,3.0,130.1826934814453
C1,2246,0.8063333333333333,32.4,21.9,17,27.10588264465332,438.0,1.0,30,3.0,129.9762725830078
C1,2247,0.7877854539707281,32.4,21.7,17,16.117647171020508,288.0,1.0,30,3.0,125.71910095214844
C1,2248,0.8081666666666668,32.2,21.7,17,27.78823471069336,462.0,1.0,30,3.0,128.23146057128906
C1,2249,0.791925166676975,27.5,19.3,17,3.976470470428467,118.0,1.0,30,2.0,118.13887786865234
C1,2250,0.8051994490238856,28.5,20.2,17,10.023529052734375,234.0,1.0,30,3.0,109.6833267211914
C1,2251,0.8081666666666668,32.2,21.6,17,29.976470947265625,492.0,1.0,30,3.0,105.94332885742188
C1,2252,0.81,32.0,21.6,17,31.552940368652344,510.0,1.0,30,3.0,118.49932861328125
C1,2253,0.80725,32.300000000000004,21.9,17,23.36470603942871,378.0,1.0,30,2.0,140.8329315185547
C1,2254,0.7848483751797147,32.4,21.8,17,15.011764526367188,248.0,1.0,30,2.0,148.89976501464844
C1,2255,0.7905310359714673,32.4,21.9,17,17.223529815673828,290.0,1.0,30,2.0,150.40652465820312
C1,2256,0.8081666666666668,32.2,21.7,17,21.6235294342041,358.0,1.0,30,2.0,149.9772491455078
C1,2257,0.7914235373961256,32.5,22.2,17,18.0,290.0,1.0,30,2.0,152.51968383789062
C1,2258,0.6223891415839082,32.5,22.1,13,14.45714282989502,210.0,1.0,30,2.0,148.71180725097656
C1,2259,0.7882499999999999,33.5,23.7,12,25.96666717529297,314.0,1.0,30,2.0,143.49375915527344
C1,2260,0.7792794688603216,33.8,24.0,12,17.899999618530273,212.0,1.0,30,2.0,135.1629180908203
C1,2261,0.7925833333333334,33.9,23.8,12,23.5,288.0,1.0,30,2.0,135.36441040039062
C1,2262,0.7765833333333334,33.9,24.0,10,23.636363983154297,268.0,1.0,30,2.0,132.4186553955078
C1,2263,0.7586666666666666,37.6,25.0,10,30.200000762939453,300.0,1.0,30,2.0,136.51785278320312
C1,2264,0.75775,37.699999999999996,25.1,10,24.920000076293945,254.0,1.0,30,2.0,136.71070861816406
C1,2265,0.7559166666666667,37.900000000000006,25.2,10,27.15999984741211,276.0,1.0,30,2.0,137.35975646972656
C1,2266,0.7555,36.2,24.5,12,36.099998474121094,382.0,1.0,30,2.0,143.21585083007812
C1,2267,0.679,33.2,23.400000000000002,15,33.68000030517578,442.0,1.0,30,2.0,159.26284790039062
C1,2268,0.7811439107527344,32.7,22.599999999999998,15,14.666666984558105,212.0,1.0,30,2.0,164.62437438964844
C1,2269,0.7874696400638215,28.6,20.2,15,5.413333415985107,128.0,1.0,30,2.0,150.907958984375
C1,2270,0.7775687628400492,33.0,22.700000000000003,15,14.373332977294922,210.0,1.0,30,2.0,127.21144104003906
C1,2271,0.7859888658208871,28.1,19.599999999999998,15,3.866666555404663,110.0,1.0,30,2.0,106.19353485107422
C1,2272,0.8045,32.599999999999994,22.4,15,21.866666793823242,326.0,1.0,30,2.0,106.78278350830078
C1,2273,0.6335,33.8,23.7,11,32.654544830322266,366.0,1.0,30,2.0,117.53633880615234
C1,2274,0.7793333333333333,33.6,23.599999999999998,13,33.78461456298828,428.0,1.0,30,2.0,145.1884765625
C1,2275,0.6454166666666666,32.5,22.3,17,34.91764831542969,518.0,1.0,30,2.0,174.57974243164062
C1,2276,0.7825309530301323,30.5,20.8,17,8.776470184326172,174.0,1.0,30,2.0,179.41452026367188
C1,2277,0.7989411116523137,32.0,21.6,17,19.36470603942871,330.0,1.0,30,3.0,168.44871520996094
C1,2278,0.7921666666666668,32.2,21.8,19,32.63529586791992,546.0,1.0,30,3.0,151.60255432128906
C1,2279,0.81,32.0,21.3,19,22.3157901763916,399.0,1.0,30,3.0,147.62820434570312
C1,2280,0.81,32.0,21.3,19,32.547367095947266,597.0,1.0,30,3.0,157.11026000976562
C1,2281,-0.5590596517884141,30.8,20.8,53,44.46037673950195,1704.0,1.0,30,3.0,214.2661590576172
C1,2282,-0.39941666666666664,24.299999999999997,19.400000000000002,85,39.9058837890625,2661.0,1.0,30,3.0,349.093017578125
C1,2283,0.8711388872398,21.0,18.3,85,9.20941162109375,732.0,1.0,30,3.0,435.9891357421875
C1,2284,0.8767114544515423,20.0,18.0,85,8.197647094726562,633.0,1.0,30,3.0,440.5268249511719
C1,2285,0.8484575748648996,17.8,17.5,85,0.9694117903709412,114.0,1.0,30,2.0,332.582763671875
C1,2286,0.8469331993011164,17.6,17.2,85,0.6023529171943665,76.0,1.0,30,2.0,240.3496551513672
C1,2287,0.8545460107766205,19.099999999999998,18.0,85,2.4517648220062256,196.0,1.0,30,2.0,169.94313049316406
C1,2288,-1.5529560325054437,26.9,19.599999999999998,26,6.4588236808776855,222.0,1.0,30,2.0,134.8992156982422
C1,2289,0.6540359506159911,31.8,21.2,23,9.756522178649902,238.0,1.0,30,2.0,124.67285919189453
C1,2290,0.140539006021157,37.699999999999996,25.4,10,65.0857162475586,531.0,1.0,30,3.0,129.0703887939453
C1,2291,0.31035391660109335,32.9,22.599999999999998,22,40.79999923706055,666.0,1.0,30,3.0,146.50889587402344
C1,2292,0.8155,31.4,20.6,22,21.799999237060547,456.0,1.0,30,3.0,161.37200927734375
C1,2293,0.8118333333333333,31.8,21.0,22,20.03636360168457,429.0,1.0,30,3.0,165.75653076171875
C1,2294,0.7902887135150904,31.9,21.1,22,15.327272415161133,333.0,1.0,30,3.0,153.58724975585938
C1,2295,0.8090833333333334,32.099999999999994,21.1,22,26.618181228637695,558.0,1.0,30,3.0,150.8190155029297
C1,2296,0.45641666666666675,31.3,20.400000000000002,31,37.92258071899414,942.0,1.0,30,3.0,171.9580841064453
C1,2297,0.8466666666666667,28.0,19.8,31,27.13548469543457,780.0,1.0,30,3.0,204.5081787109375
C1,2298,0.8230699101881168,28.1,19.8,31,14.580645561218262,426.0,1.0,30,3.0,218.17156982421875
C1,2299,0.8303217889320875,28.1,19.7,31,17.380645751953125,516.0,1.0,30,3.0,207.436279296875
C1,2300,0.8251728025992506,28.2,19.7,31,15.690322875976562,462.0,1.0,30,3.0,186.8617706298828
C1,2301,0.8393333333333334,28.8,20.0,31,21.80645179748535,645.0,1.0,30,3.0,184.25039672851562
C1,2302,0.8331966800250806,28.2,19.900000000000002,31,19.083871841430664,573.0,1.0,30,3.0,185.21690368652344
C1,2303,0.45366666666666666,31.6,20.7,22,33.672725677490234,741.0,1.0,30,3.0,198.19680786132812
C1,2304,0.6847557900946001,31.2,20.6,25,18.639999389648438,441.0,1.0,30,3.0,196.9180908203125
C1,2305,0.8054714550281085,30.3,20.6,25,15.520000457763672,378.0,1.0,30,3.0,187.48419189453125
C1,2306,0.8155,31.4,20.5,25,21.84000015258789,525.0,1.0,30,3.0,172.22384643554688
C1,2307,0.8225829813417724,28.7,20.2,25,16.464000701904297,393.0,1.0,30,3.0,160.93431091308594
C1,2308,0.7794767607008881,31.7,20.7,25,11.104000091552734,266.0,1.0,30,2.0,155.0939178466797
C1,2309,0.53,32.0,21.2,18,21.35555648803711,374.0,1.0,30,2.0,153.18968200683594
C1,2310,0.80725,32.300000000000004,21.8,18,22.133333206176758,388.0,1.0,30,2.0,160.4471435546875
C1,2311,0.7733748579349605,32.2,21.6,18,30.64444351196289,555.0,1.0,50,3.0,171.73495483398438
C1,2312,0.81,32.0,21.5,18,22.55555534362793,396.0,1.0,30,2.0,179.97430419921875
C1,2313,0.7942472586385745,32.300000000000004,21.7,18,18.44444465637207,330.0,1.0,30,2.0,181.05125427246094
C1,2314,0.8090833333333334,32.099999999999994,21.7,18,22.0222225189209,382.0,1.0,30,2.0,182.49742126464844
C1,2315,0.7949685111022011,32.2,21.9,18,18.35555648803711,330.0,1.0,30,2.0,178.96511840820312
C1,2316,0.8081666666666668,32.2,21.7,18,22.755556106567383,410.0,1.0,30,2.0,182.1790771484375
C1,2317,0.6426666666666666,32.800000000000004,22.3,14,32.63999938964844,498.0,1.0,30,3.0,180.77410888671875
C1,2318,0.6826666666666666,32.800000000000004,22.3,17,33.57646942138672,540.0,1.0,30,3.0,181.93113708496094
C1,2319,0.7930833333333334,32.099999999999994,21.5,19,29.4526309967041,552.0,1.0,30,3.0,179.82534790039062
C1,2320,0.81,32.0,21.3,19,25.894737243652344,477.0,1.0,30,3.0,177.6285400390625
C1,2321,0.81,32.0,21.4,19,21.831579208374023,390.0,1.0,30,3.0,169.64378356933594
C1,2322,0.7991268740410524,31.9,21.3,19,19.010526657104492,354.0,1.0,30,3.0,156.05294799804688
C1,2323,0.8081666666666668,32.2,21.6,19,30.947368621826172,555.0,1.0,30,3.0,151.36509704589844
C1,2324,0.7667578817102592,32.0,21.3,19,8.210526466369629,156.0,1.0,30,1.0,152.01905822753906
C1,2325,0.7703576801016028,32.300000000000004,21.5,19,10.021052360534668,177.0,1.0,30,1.0,160.27810668945312
C1,2326,0.7751565517970135,32.099999999999994,21.4,19,10.90526294708252,198.0,1.0,30,1.0,166.96685791015625
C1,2327,0.765291149179113,32.300000000000004,21.5,19,8.568421363830566,153.0,1.0,30,1.0,170.5801239013672
C1,2328,0.6432119689319676,32.0,21.4,19,17.55789566040039,318.0,1.0,70,2.0,170.3480682373047
C1,2329,0.45673645308636124,32.2,21.8,11,11.672727584838867,166.0,1.0,30,2.0,154.87550354003906
C1,2330,0.5953333333333333,33.6,23.599999999999998,16,39.099998474121094,498.0,1.0,30,3.0,147.32530212402344
C1,2331,0.8045,32.599999999999994,22.1,16,20.424999237060547,324.0,1.0,30,3.0,135.99517822265625
C1,2332,0.8008731473636589,27.3,19.400000000000002,16,5.800000190734863,165.0,1.0,30,3.0,125.46377563476562
C1,2333,0.8509586711393723,18.0,18.0,16,1.5750000476837158,84.0,1.0,30,3.0,100.74493408203125
C1,2334,0.785470743249186,32.2,21.2,16,14.574999809265137,258.0,1.0,30,3.0,82.98029327392578
C1,2335,0.8054166666666667,32.5,22.2,16,24.024999618530273,384.0,1.0,30,3.0,82.05484008789062
C1,2336,0.5169058347691113,32.300000000000004,21.6,23,40.27825927734375,708.0,1.0,30,3.0,109.23290252685547
C1,2337,0.8118333333333333,31.8,20.6,23,21.217391967773438,474.0,1.0,30,3.0,135.13973999023438
C1,2338,0.6545833333333333,31.5,20.400000000000002,27,35.896297454833984,813.0,1.0,30,3.0,169.75051879882812
C1,2339,0.8320000000000001,29.6,20.299999999999997,27,21.540740966796875,558.0,1.0,30,3.0,183.85031127929688
C1,2340,0.8011620923009988,29.7,20.299999999999997,27,12.148148536682129,303.0,1.0,30,3.0,184.71018981933594
C1,2341,0.6020833333333334,28.5,20.0,33,35.15151596069336,948.0,1.0,30,3.0,191.22610473632812
C1,2342,-1.2124024007506091,26.9,20.2,84,47.6059684753418,2850.0,1.0,30,3.0,297.0023193359375
C1,2343,0.8731362223684037,21.0,18.3,84,9.785714149475098,750.0,1.0,30,3.0,380.3347473144531
C1,2344,0.8544322902283475,18.9,18.0,84,2.42380952835083,216.0,1.0,30,3.0,397.80084228515625
C1,2345,0.7639953887303109,17.8,17.3,84,0.5476190447807312,64.0,1.0,50,2.0,285.8804931640625
C1,2346,0.7681300546051113,20.5,18.3,84,2.8428571224212646,200.0,1.0,50,2.0,198.72830200195312
C1,2347,0.7601211356242997,22.1,18.2,84,4.538095474243164,348.0,1.0,50,2.0,160.0369873046875
C1,2348,-1.5906529787933419,25.2,19.400000000000002,26,3.942857027053833,152.0,1.0,50,2.0,142.68885803222656
C1,2349,-0.035661691302106766,39.4,26.8,7,36.400001525878906,288.0,1.0,50,2.0,138.1466522216797
C1,2350,0.7056513141852533,41.8,28.400000000000002,7,37.771427154541016,300.0,1.0,50,2.0,132.22132873535156
C1,2351,0.7155833333333333,42.3,28.6,7,52.28571319580078,408.0,1.0,50,2.0,145.7327880859375
C1,2352,0.7100833333333334,42.9,29.0,7,43.31428527832031,336.0,1.0,50,2.0,157.0396728515625
C1,2353,0.5903450645929328,37.400000000000006,25.1,11,19.81818199157715,224.0,1.0,30,1.0,173.6904754638672
C1,2354,0.7397886437652741,34.7,24.5,11,27.600000381469727,324.0,1.0,50,2.0,178.08094787597656
C1,2355,0.7293872100333474,34.8,24.9,11,25.090909957885742,278.0,1.0,50,2.0,176.84857177734375
C1,2356,0.6707500000000001,34.1,23.900000000000002,14,35.38181686401367,414.0,1.0,30,2.0,173.84246826171875
C1,2357,0.7866666666666666,32.800000000000004,22.599999999999998,16,32.74285888671875,474.0,1.0,30,2.0,182.038818359375
C1,2358,0.6110496758382898,32.800000000000004,22.4,16,9.699999809265137,147.0,1.0,70,1.0,188.02328491210938
C1,2359,0.8054166666666667,32.5,22.0,16,25.899999618530273,406.0,1.0,30,2.0,191.0806427001953
C1,2360,0.8045,32.599999999999994,22.1,16,32.32500076293945,506.0,1.0,30,2.0,195.0483856201172
C1,2361,0.8063333333333333,32.4,22.1,16,32.650001525878906,510.0,1.0,30,2.0,211.8290252685547
C1,2362,0.8035833333333333,32.7,22.2,16,23.700000762939453,368.0,1.0,30,2.0,219.3640899658203
C1,2363,0.8081666666666668,32.2,21.9,16,20.625,326.0,1.0,30,2.0,211.88511657714844
C1,2364,0.6854166666666667,32.5,22.1,19,33.82500076293945,534.0,1.0,30,2.0,208.99774169921875
C1,2365,0.81,32.0,21.5,19,21.915788650512695,406.0,1.0,30,2.0,209.79864501953125
C1,2366,0.8090833333333334,32.099999999999994,21.4,19,20.12631607055664,372.0,1.0,30,2.0,213.34585571289062
C1,2367,0.8090833333333334,32.099999999999994,21.3,19,27.705263137817383,512.0,1.0,30,2.0,214.00750732421875
C1,2368,0.7958333333333333,31.8,21.0,21,31.33333396911621,642.0,1.0,30,2.0,230.13783264160156
C1,2369,0.8109166666666667,31.9,21.2,21,30.933332443237305,624.0,1.0,30,2.0,256.61602783203125
C1,2370,0.7985650588815649,31.8,21.0,21,18.323808670043945,374.0,1.0,30,2.0,263.3029479980469
C1,2371,0.8136666666666666,31.6,20.9,21,29.904762268066406,608.0,1.0,30,2.0,265.0484313964844
C1,2372,0.7926042934773716,31.9,21.2,21,16.209524154663086,330.0,1.0,30,2.0,246.4957275390625
C1,2373,0.7856019450486972,31.7,20.9,21,13.047618865966797,268.0,1.0,30,2.0,228.2974395751953
C1,2374,0.81,32.0,21.1,21,20.36190414428711,418.0,1.0,30,2.0,204.7117919921875
C1,2375,0.8127500000000001,31.7,20.8,21,25.885713577270508,516.0,1.0,30,2.0,202.96041870117188
C1,2376,0.7846852783820305,31.8,21.0,21,13.047618865966797,265.0,1.0,30,1.0,219.37625122070312
C1,2377,0.6568616848374829,32.300000000000004,21.4,18,12.0,210.0,1.0,30,1.0,229.3590850830078
C1,2378,0.7854161750134513,32.2,21.6,18,14.55555534362793,257.0,1.0,30,1.0,235.2154541015625
C1,2379,0.7852440331878325,32.599999999999994,21.9,18,15.844444274902344,279.0,1.0,30,1.0,240.59593200683594
C1,2380,0.7756567281049898,32.300000000000004,21.8,16,17.311111450195312,308.0,1.0,30,1.0,256.8908996582031
C1,2381,0.5953333333333333,33.6,23.599999999999998,11,32.0363655090332,371.0,1.0,30,1.0,281.86785888671875
C1,2382,0.7355865114532455,34.0,24.299999999999997,11,24.799999237060547,270.0,1.0,50,1.0,295.654052734375
C1,2383,0.788,34.4,24.2,11,20.690908432006836,237.0,1.0,30,1.0,294.4591064453125
C1,2384,0.28175000000000006,32.9,22.700000000000003,24,39.27619171142578,672.0,1.0,30,3.0,274.1421203613281
C1,2385,0.8127500000000001,31.7,20.6,24,20.683332443237305,465.0,1.0,30,3.0,246.6186065673828
C1,2386,0.8145833333333333,31.5,20.400000000000002,24,25.33333396911621,597.0,1.0,30,3.0,225.03782653808594
C1,2387,0.5611666666666666,28.6,20.0,31,32.58064651489258,936.0,1.0,30,3.0,223.82269287109375
C1,2388,0.8448333333333333,28.2,19.8,31,30.722579956054688,906.0,1.0,30,1.0,323.2269592285156
C1,2389,0.6866666666666666,28.0,19.7,35,30.628570556640625,1000.0,1.0,30,1.0,489.66949462890625
C1,2390,0.8503333333333334,27.599999999999998,19.400000000000002,35,31.5771427154541,1032.0,1.0,30,1.0,685.5350341796875
C1,2391,0.8466666666666667,28.0,19.599999999999998,35,28.21714210510254,939.0,1.0,30,1.0,807.454345703125
C1,2392,0.8494166666666667,27.7,19.400000000000002,35,31.78285789489746,1046.0,1.0,30,1.0,886.7392578125
C1,2393,0.85125,27.5,19.3,35,30.33142852783203,1004.0,1.0,30,1.0,930.576904296875
C1,2394,0.8494166666666667,27.7,19.400000000000002,35,30.457143783569336,990.0,1.0,30,1.0,963.6795043945312
C1,2395,0.8503333333333334,27.599999999999998,19.400000000000002,35,30.65142822265625,1005.0,1.0,30,1.0,978.0743408203125
C1,2396,0.8485,27.799999999999997,19.400000000000002,35,31.954286575317383,1063.0,1.0,30,1.0,994.5779418945312
C1,2397,0.8475833333333334,27.900000000000002,19.599999999999998,35,32.65142822265625,1082.0,1.0,30,1.0,1016.7467651367188
C1,2398,0.85125,27.5,19.3,35,30.045713424682617,996.0,1.0,30,1.0,1028.8480224609375
C1,2399,0.85125,27.5,19.400000000000002,35,23.474285125732422,758.0,1.0,30,1.0,995.4421997070312
C1,2400,0.7995859871907964,27.900000000000002,19.8,35,6.914285659790039,215.0,1.0,30,1.0,859.7986450195312
C1,2401,0.810580316971679,27.900000000000002,19.599999999999998,35,9.988571166992188,325.0,1.0,30,1.0,688.9458618164062
C1,2402,0.6722348070024535,27.7,19.5,35,14.468571662902832,460.0,1.0,70,2.0,516.0341796875
C1,2403,0.8297549705465451,27.900000000000002,19.7,35,16.399999618530273,544.0,1.0,30,1.0,456.1538391113281
C1,2404,0.5019166666666667,30.700000000000003,21.0,27,67.73332977294922,1834.0,1.0,70,2.0,499.1589660644531
C1,2405,-0.45282531453169383,24.5,19.400000000000002,59,5.96610164642334,295.0,1.0,30,1.0,533.6287231445312
C1,2406,0.8333767308040605,22.9,18.700000000000003,59,3.796610116958618,193.0,1.0,30,1.0,507.51055908203125
C1,2407,0.770901524108332,23.0,18.8,59,9.186440467834473,488.0,1.0,50,2.0,402.1063232421875
C1,2408,0.8455746105834213,22.9,18.700000000000003,59,6.955932140350342,366.0,1.0,30,1.0,348.3304748535156
C1,2409,0.8396526205159129,23.0,18.8,59,5.6338982582092285,301.0,1.0,30,1.0,330.4649353027344
C1,2410,-0.9164684953288713,28.400000000000002,20.2,16,9.274073600769043,270.0,1.0,30,1.0,323.2123107910156
C1,2411,0.776443842710191,33.099999999999994,22.700000000000003,16,14.300000190734863,237.0,1.0,30,1.0,301.66070556640625
C1,2412,0.8017500000000001,32.9,22.5,16,23.625,376.0,1.0,30,1.0,298.7297668457031
C1,2413,0.6499025147321444,32.9,22.599999999999998,19,68.45714569091797,996.0,1.0,50,3.0,305.23785400390625
C1,2414,0.39658333333333334,29.1,20.2,30,29.613332748413086,855.0,1.0,30,3.0,315.542724609375
C1,2415,0.8448333333333333,28.2,19.900000000000002,30,31.013334274291992,906.0,1.0,30,3.0,311.85894775390625
C1,2416,0.8439166666666668,28.299999999999997,19.8,30,32.040000915527344,924.0,1.0,30,3.0,306.4486999511719
C1,2417,0.8393333333333334,28.8,20.0,30,29.02666664123535,828.0,1.0,30,3.0,302.0025634765625
C1,2418,0.6466666666666666,28.0,19.7,35,34.973331451416016,1026.0,1.0,30,3.0,304.668212890625
C1,2419,0.85125,27.5,19.3,35,27.108572006225586,915.0,1.0,30,3.0,305.8675842285156
C1,2420,0.85125,27.5,19.400000000000002,35,23.01714324951172,756.0,1.0,30,3.0,303.38720703125
C1,2421,0.8521666666666667,27.400000000000002,19.3,35,28.948572158813477,972.0,1.0,30,3.0,299.4989929199219
C1,2422,0.8475833333333334,27.900000000000002,19.5,35,23.931428909301758,804.0,1.0,30,3.0,292.23272705078125
C1,2423,0.8494166666666667,27.7,19.400000000000002,35,28.182857513427734,939.0,1.0,30,3.0,296.0063171386719
C1,2424,0.8503333333333334,27.599999999999998,19.400000000000002,35,24.6971435546875,804.0,1.0,30,3.0,290.80377197265625
C1,2425,0.7011063060572806,27.900000000000002,19.599999999999998,35,23.051427841186523,776.0,1.0,70,2.0,303.6822814941406
C1,2426,0.8503333333333334,27.599999999999998,19.400000000000002,35,28.171428680419922,936.0,1.0,30,3.0,311.2760314941406
C1,2427,0.8494166666666667,27.7,19.5,35,26.022857666015625,858.0,1.0,30,3.0,318.2322692871094
C1,2428,0.85125,27.5,19.3,35,30.2742862701416,996.0,1.0,30,3.0,314.9393615722656
C1,2429,0.8503333333333334,27.599999999999998,19.400000000000002,35,32.50285720825195,1080.0,1.0,30,3.0,319.3636169433594
C1,2430,0.8485,27.799999999999997,19.5,35,30.21714210510254,996.0,1.0,30,3.0,328.1515197753906
C1,2431,0.6921666666666666,27.400000000000002,19.3,39,33.52820587158203,1224.0,1.0,30,3.0,343.55755615234375
C1,2432,0.6645765484352388,26.9,19.2,43,11.44186019897461,447.0,1.0,30,1.0,364.4012145996094
C1,2433,0.8168520424389095,27.0,19.2,43,9.41395378112793,385.0,1.0,30,1.0,383.97406005859375
C1,2434,0.8295052060667261,25.2,19.0,43,8.325581550598145,333.0,1.0,30,1.0,385.7177734375
C1,2435,0.8269345572218104,25.4,19.0,43,8.120930671691895,318.0,1.0,30,1.0,369.5639953613281
C1,2436,0.8107110125329445,27.099999999999998,19.2,43,7.944186210632324,322.0,1.0,30,1.0,351.47174072265625
C1,2437,-0.3547777343783637,31.7,20.8,16,37.17647171020508,706.0,1.0,70,2.0,343.2830505371094
C1,2438,0.5059270531095981,31.9,21.0,23,13.773913383483887,305.0,1.0,30,1.0,336.636474609375
C1,2439,0.7893839831430393,31.6,20.7,23,14.017391204833984,306.0,1.0,30,1.0,330.5152282714844
C1,2440,0.7906332239641427,31.7,20.7,23,14.782608985900879,331.0,1.0,30,1.0,323.9091491699219
C1,2441,0.5938333333333334,29.4,20.299999999999997,29,36.173912048339844,819.0,1.0,30,3.0,315.6788024902344
C1,2442,0.8475833333333334,27.900000000000002,19.7,29,25.65517234802246,705.0,1.0,30,3.0,301.2739562988281
C1,2443,0.8448333333333333,28.2,19.8,29,32.09654998779297,900.0,1.0,30,3.0,288.4977111816406
C1,2444,0.6411666666666667,28.6,19.900000000000002,34,35.958621978759766,1011.0,1.0,30,3.0,289.36529541015625
C1,2445,0.8485,27.799999999999997,19.5,34,30.905881881713867,990.0,1.0,30,3.0,302.5525207519531
C1,2446,0.6903333333333334,27.599999999999998,19.400000000000002,38,33.141178131103516,1080.0,1.0,30,3.0,318.46484375
C1,2447,0.8530833333333334,27.3,19.3,38,26.010526657104492,927.0,1.0,30,3.0,324.2789001464844
C1,2448,0.85125,27.5,19.3,38,28.63157844543457,1020.0,1.0,30,3.0,329.1006774902344
C1,2449,0.8530833333333334,27.3,19.3,38,26.221052169799805,945.0,1.0,30,3.0,325.9937438964844
C1,2450,0.6213555510961741,27.2,19.3,38,8.33684253692627,295.0,1.0,90,1.0,322.2629089355469
C1,2451,0.8432199252614139,27.3,19.2,38,19.968421936035156,720.0,1.0,30,3.0,306.6910705566406
C1,2452,0.8521666666666667,27.400000000000002,19.2,38,27.957895278930664,1005.0,1.0,30,3.0,300.0146484375
C1,2453,0.85125,27.5,19.3,38,29.75789451599121,1056.0,1.0,30,3.0,303.6087951660156
C1,2454,0.8330967337696304,27.400000000000002,19.3,38,15.915789604187012,566.0,1.0,30,2.0,311.49859619140625
C1,2455,0.8271302464877865,27.400000000000002,19.400000000000002,38,13.757894515991211,486.0,1.0,30,2.0,303.9658203125
C1,2456,0.8354235373961256,27.7,19.400000000000002,38,18.0,646.0,1.0,30,2.0,295.5794982910156
C1,2457,0.8391273957880399,27.5,19.3,38,18.852632522583008,674.0,1.0,30,2.0,297.7477111816406
C1,2458,-1.420124542266744,27.900000000000002,20.5,94,47.1368408203125,3086.0,1.0,30,2.0,472.3819580078125
C1,2459,0.9035000000000001,21.8,18.8,94,31.680850982666016,3000.0,1.0,30,2.0,734.0958251953125
C1,2460,0.9025833333333334,21.9,18.8,94,31.817020416259766,3076.0,1.0,30,2.0,1051.2574462890625
C1,2461,0.8989166666666667,22.3,18.8,94,31.268085479736328,3132.0,1.0,30,2.0,1244.6212158203125
C1,2462,0.9126666666666667,20.8,18.5,94,21.770212173461914,1912.0,1.0,30,2.0,1288.1060791015625
C1,2463,0.8767744647986637,20.2,18.1,94,8.727659225463867,752.0,1.0,30,1.0,1209.39697265625
C1,2464,0.9108333333333334,21.0,18.8,94,29.399999618530273,2583.0,1.0,30,3.0,1068.1715087890625
C1,2465,0.858753417934602,20.5,18.2,94,4.651063919067383,392.0,1.0,30,1.0,908.2362670898438
C1,2466,0.8863433677975073,19.8,18.0,94,10.987234115600586,936.0,1.0,30,3.0,753.6083984375
C1,2467,0.8813246992115911,19.5,18.0,94,9.502127647399902,804.0,1.0,30,3.0,581.7650756835938
C1,2468,0.858511851524924,19.599999999999998,18.1,94,3.434042453765869,276.0,1.0,30,1.0,463.1923522949219
C1,2469,0.856663805217755,19.599999999999998,18.0,94,2.9744679927825928,242.0,1.0,30,1.0,382.7154235839844
C1,2470,-1.6269166666666668,27.3,19.5,32,29.012500762939453,987.0,1.0,30,3.0,342.5625915527344
C1,2471,0.8439166666666668,28.299999999999997,20.299999999999997,32,20.987499237060547,729.0,1.0,30,3.0,314.0708923339844
C1,2472,0.8384166666666667,28.9,20.299999999999997,32,30.649999618530273,1017.0,1.0,30,3.0,309.9092102050781
C1,2473,0.8393333333333334,28.8,20.299999999999997,32,21.950000762939453,720.0,1.0,30,3.0,295.5455322265625
C1,2474,0.8159657139685322,29.2,20.6,32,15.675000190734863,489.0,1.0,30,3.0,276.2606506347656
C1,2475,0.8375,29.0,20.400000000000002,32,20.962499618530273,660.0,1.0,30,3.0,248.82305908203125
C1,2476,0.8262615488707785,28.400000000000002,20.299999999999997,32,16.837499618530273,543.0,1.0,30,3.0,224.49383544921875
C1,2477,0.7944675509683223,28.7,20.5,32,7.512499809265137,244.0,1.0,30,1.0,220.69630432128906
C1,2478,0.4234445748188577,31.0,21.1,23,10.366666793823242,256.0,1.0,30,1.0,223.2177734375
C1,2479,0.7836763098199685,30.5,21.0,22,11.472726821899414,253.0,1.0,30,1.0,234.33067321777344
C1,2480,0.7845962513750304,31.8,21.2,22,13.018181800842285,300.0,1.0,30,1.0,248.46507263183594
C1,2481,0.802,32.0,21.6,23,38.92631530761719,771.0,1.0,30,3.0,257.07904052734375
C1,2482,0.6955,31.4,20.5,26,31.89230728149414,801.0,1.0,30,3.0,264.1141052246094
C1,2483,0.7129166666666668,29.5,20.2,29,32.068965911865234,858.0,1.0,30,3.0,266.46844482421875
C1,2484,-0.16509780280456676,28.2,20.2,54,40.06666564941406,1809.0,1.0,30,3.0,314.014404296875
C1,2485,-0.6766666666666667,24.0,19.400000000000002,93,38.774192810058594,2988.0,1.0,30,3.0,439.7419738769531
C1,2486,0.6053931396612564,19.599999999999998,18.0,100,10.699999809265137,964.0,1.0,30,1.0,605.5784912109375
C1,2487,0.883267461483195,19.3,17.9,100,10.067999839782715,909.0,1.0,30,1.0,745.8804321289062
C1,2488,0.8834033952717785,19.400000000000002,17.9,100,10.107999801635742,923.0,1.0,30,1.0,820.3282470703125
C1,2489,0.8832266446879045,19.3,17.9,100,10.055999755859375,915.0,1.0,30,1.0,858.463623046875
C1,2490,0.881455860062579,19.5,17.9,100,9.539999961853027,872.0,1.0,30,1.0,876.4114990234375
C1,2491,-1.7630833333333333,24.7,19.2,34,20.5025634765625,812.0,1.0,30,1.0,872.3802490234375
C1,2492,0.8003967374357936,28.400000000000002,20.299999999999997,34,8.388235092163086,275.0,1.0,30,1.0,784.628173828125
C1,2493,0.805352669632741,28.2,20.2,34,9.270587921142578,301.0,1.0,30,1.0,655.8435668945312
C1,2494,0.8044770704133108,28.299999999999997,20.1,34,9.282353401184082,313.0,1.0,30,1.0,512.0394897460938
C1,2495,0.645306159902783,28.400000000000002,20.2,30,9.786666870117188,291.0,1.0,30,1.0,427.8903503417969
C1,2496,0.6141240059503966,29.3,20.5,25,15.32800006866455,390.0,1.0,30,1.0,389.2675476074219
C1,2497,0.31808333333333333,33.300000000000004,23.0,13,27.75384521484375,384.0,1.0,30,1.0,375.5605163574219
C1,2498,0.7935,33.8,23.8,13,28.769229888916016,389.0,1.0,30,1.0,380.4029846191406
C1,2499,-0.21625975952043752,32.800000000000004,22.3,37,55.92307662963867,1200.0,1.0,30,3.0,384.64178466796875
C1,2500,0.8494166666666667,27.7,19.400000000000002,1,30.0,100.0,1.0,50,1.0,100.0
